index,arm,decision_date,return_date,hard_regime,asset_simple_return,pretrade_exposure,exposure,net_return_after_trading_costs,net_log_return_after_trading_costs,gross_return_before_trading_costs,turnover,cost_fraction,trading_cost_in_wealth_units,wealth_before,wealth_after,action,beta,core_desired_exposure,desired_exposure,shadow_pretrade_exposure,shadow_exposure,shadow_net_return,reference_net_return,shadow_log_advantage_vs_ramoe,valid,error,confidence,cited_memory_ids,cited_memory_count,retrieved_memory_ids,retrieved_memory_count,memory_total_before,retrieved_memory_cross_year_count,retrieved_memory_cross_regime_count,retrieved_memory_max_age_days,request_sha256,latency_seconds,input_token_count,output_token_count,action_headroom,projection_changes_selected_target,advisor,trust_mode,memory_mode,risk_mode,preview_btc_desired_exposure,preview_btc_exposure,preview_cash_desired_exposure,preview_cash_exposure,preview_abstain_desired_exposure,preview_abstain_exposure
0,numerical_frozen_W,2021-01-01,2021-01-02,bull,0.096505778289435407,0,0.35000000000000003,0.033415200443461801,0.032869045920366616,0.033777022401302398,0.35000000000000003,0.00035000000000000005,0.00035000000000000005,1,1.0334152004434618,ABSTAIN,0,0.49999999999999994,0.49999999999999994,0,0.35000000000000003,0.033415200443461801,0.033415200443461801,0,True,,0,[],0,[],0,0,0,0,,200ce6d21f42f092d8e8903c0cb4958f892b76051079134613ca36f9a1827247,0,0,0,False,True,abstain,fixed,none,standard,0.49999999999999994,0.35000000000000003,0.49999999999999994,0.35000000000000003,0.49999999999999994,0.35000000000000003
1,numerical_frozen_W,2021-01-02,2021-01-03,bull,0.0237813458079787,0.37123771769452607,0.5,0.011760379551502664,0.01169176372937146,0.01189067290398935,0.12876228230547393,0.00012876228230547393,0.00013306489977826894,1.0334152004434618,1.0455685554349692,ABSTAIN,0,0.5,0.5,0.37123771769452607,0.5,0.011760379551502664,0.0117603795515026,6.4184768611141862e-17,True,,0,[],0,[],0,1,0,0,,49d4681cf8c46477278762c2ae4215c8d8a09d8d346373ab75dd1dc063a53982,0,0,0,False,False,abstain,fixed,none,standard,0.5,0.5,0.5,0.5,0.5,0.5
2,numerical_frozen_W,2021-01-03,2021-01-04,bull,-0.028408108280312799,0.50587547312293368,0.5,-0.014209846157740902,-0.014311772747898485,-0.014204054140156399,0.0058754731229336832,5.8754731229336832e-06,6.143209945642759e-06,1.0455685554349692,1.0307111871148669,ABSTAIN,0,0.5,0.5,0.50587547312293368,0.5,-0.014209846157740902,-0.014209846157741001,1.0061396160665481e-16,True,,0,[],0,[],0,2,0,0,,be41d29c9040693b5faf301cbc0526891127d8db3c691a1f9e77d6f9dc67915b,0,0,0,False,False,abstain,fixed,none,standard,0.5,0.5,0.5,0.5,0.5,0.5
3,numerical_frozen_W,2021-01-04,2021-01-05,bull,0.061484701429615297,0.49279564183652264,0.5,0.030734924877738878,0.030272067106446941,0.030742350714807649,0.0072043581634773646,7.2043581634773649e-06,7.4256125550784365e-06,1.0307111871148669,1.0623900180214874,ABSTAIN,0,0.49999999999999994,0.49999999999999994,0.49279564183652264,0.5,0.030734924877738878,0.030734924877738799,7.6327832942979512e-17,True,,0,[],0,[],0,3,0,0,,4d4a1826558ec359312cb8fbb920a75c10bb50b4f922737f965d9d23b66243fb,0,0,0,False,False,abstain,fixed,none,standard,0.49999999999999994,0.5,0.49999999999999994,0.5,0.49999999999999994,0.5
4,numerical_frozen_W,2021-01-05,2021-01-06,bull,0.082423547063236402,0.51491272319095471,0.5,0.041196246228656364,0.040370288896138924,0.041211773531618201,0.014912723190954713,1.4912723190954713e-05,1.584312825958783e-05,1.0623900180214874,1.1061564987947672,ABSTAIN,0,0.49999999999999994,0.49999999999999994,0.51491272319095471,0.5,0.041196246228656364,0.041196246228656301,6.2450045135165055e-17,True,,0,[],0,[],0,4,0,0,,169e6aff9c5f9af8ca1579233ead57b282abb0560e32d66d13f1f26eb03f5dfc,0,0,0,False,False,abstain,fixed,none,standard,0.49999999999999994,0.5,0.49999999999999994,0.5,0.49999999999999994,0.5
5,numerical_frozen_W,2021-01-06,2021-01-07,bull,0.072486220279834396,0.5197902936651565,0.5,0.036222602584458974,0.035581988116122738,0.036243110139917198,0.0197902936651565,1.9790293665156501e-05,2.1891161950769775e-05,1.1061564987947672,1.1462243660468265,ABSTAIN,0,0.49999999999999994,0.49999999999999994,0.5197902936651565,0.5,0.036222602584458974,0.036222602584458898,7.6327832942979512e-17,True,,0,[],0,[],0,5,0,0,,bf98c308e1e731c8a2845d79f7685a25f6429e86a4d5e07a2c6bc0e017e047d6,0,0,0,False,False,abstain,fixed,none,standard,0.49999999999999994,0.5,0.49999999999999994,0.5,0.49999999999999994,0.5
6,numerical_frozen_W,2021-01-07,2021-01-08,bull,0.0288670609880337,0.51748774480875614,0.5,0.014415790339310064,0.014312870765900982,0.01443353049401685,0.017487744808756145,1.7487744808756144e-05,2.0044879207005194e-05,1.1462243660468265,1.1627480961895662,ABSTAIN,0,0.5,0.5,0.51748774480875614,0.5,0.014415790339310064,0.01441579033931,6.4184768611141862e-17,True,,0,[],0,[],0,6,0,0,,80546df896add25ed88115b66e34bed6e4eaa0c6218f0fb148769bf9aafa9167,0,0,0,False,False,abstain,fixed,none,standard,0.5,0.5,0.5,0.5,0.5,0.5
7,numerical_frozen_W,2021-01-08,2021-01-09,bull,-0.0110198944316773,0.50711408390009938,0.5,-0.0055170221015119481,-0.0055322970754312336,-0.0055099472158386502,0.0071140839000993772,7.1140839000993771e-06,8.2718875109733952e-06,1.1627480961895662,1.1563331892443973,ABSTAIN,0,0.5,0.5,0.50711408390009938,0.5,-0.0055170221015119481,-0.0055170221015119003,-4.8572257327350599e-17,True,,0,[],0,[],0,7,0,0,,b1dcac17ec9d8189dbaefd5ea98b585b3d80a367fb10f555b68ac5aae149e11c,0,0,0,False,False,abstain,fixed,none,standard,0.5,0.5,0.5,0.5,0.5,0.5
8,numerical_frozen_W,2021-01-09,2021-01-10,bull,-0.048807154829534898,0.4972297625298448,0.5,-0.024406280048533069,-0.02470904977520768,-0.024403577414767449,0.0027702374701552013,2.7702374701552014e-06,3.203317528828895e-06,1.1563331892443973,1.1281113975982853,ABSTAIN,0,0.5,0.5,0.4972297625298448,0.5,-0.024406280048533069,-0.0244062800485331,3.1225022567582528e-17,True,,0,[],0,[],0,8,0,0,,250b28e6f3647ca6ed15d54832f99c5d92c34caa70eb41d619f376c79ebefcc6,0,0,0,False,False,abstain,fixed,none,standard,0.5,0.5,0.5,0.5,0.5,0.5
9,numerical_frozen_W,2021-01-10,2021-01-11,bull,-0.069330910500049497,0.48749299564357745,0.5,-0.034677528693381254,-0.035293066307442264,-0.034665455250024749,0.012507004356422546,1.2507004356422547e-05,1.410929416429168e-05,1.1281113975982853,1.0889912822387402,ABSTAIN,0,0.5,0.5,0.48749299564357745,0.5,-0.034677528693381254,-0.034677528693381199,-6.2450045135165055e-17,True,,0,[],0,[],0,9,0,0,,1436a2445d810c3cc1d7619638bf9bf550b4c88cc5c1024f4518748ff642f3cd,0,0,0,False,False,abstain,fixed,none,standard,0.5,0.5,0.5,0.5,0.5,0.5
10,numerical_frozen_W,2021-01-11,2021-01-12,bull,-0.041306200994252397,0.48204484888759308,0.5,-0.02067068481869816,-0.020887313871095315,-0.020653100497126198,0.01795515111240692,1.795515111240692e-05,1.9553003032690355e-05,1.0889912822387402,1.0664810866732732,ABSTAIN,0,0.5,0.5,0.48204484888759308,0.5,-0.02067068481869816,-0.020670684818698101,-6.2450045135165055e-17,True,,0,[],0,[],0,10,0,0,,e0b63f497ee52e80cd01c3e55a8111f16f56d0b60e9a788b8485238720009ed8,0,0,0,False,False,abstain,fixed,none,standard,0.5,0.5,0.5,0.5,0.5,0.5
11,numerical_frozen_W,2021-01-12,2021-01-13,bull,0.097021079290176795,0.48945567678439073,0.5,0.048499483811063504,0.047360079047902862,0.048510539645088398,0.010544323215609275,1.0544323215609275e-05,1.1245321281217203e-05,1.0664810866732732,1.118204868871189,ABSTAIN,0,0.49999999999999994,0.49999999999999994,0.48945567678439073,0.5,0.048499483811063504,0.048499483811063497,6.9388939039072284e-18,True,,0,[],0,[],0,11,0,0,,5b6efc22d599b67537378b3bc519c5137b2cf4c7f9795779cc61346aa99bc68a,0,0,0,False,False,abstain,fixed,none,standard,0.49999999999999994,0.5,0.49999999999999994,0.5,0.49999999999999994,0.5
12,numerical_frozen_W,2021-01-13,2021-01-14,bull,0.047977379608476797,0.52313307201542714,0.5,0.023965001800134056,0.023682348103680712,0.023988689804238399,0.023133072015427136,2.3133072015427137e-05,2.5867513759598474e-05,1.118204868871189,1.1450026505666058,ABSTAIN,0,0.50000000000000011,0.50000000000000011,0.52313307201542714,0.5,0.023965001800134056,0.023965001800134,5.2041704279304213e-17,True,,0,[],0,[],0,12,0,0,,4d3c0cee12f226916f283368c6733a80d1b4df900a8a29f872c1db32d67e0c72,0,0,0,False,False,abstain,fixed,none,standard,0.50000000000000011,0.5,0.50000000000000011,0.5,0.50000000000000011,0.5
13,numerical_frozen_W,2021-01-14,2021-01-15,bull,-0.059473091737990501,0.51171335681882613,0.5,-0.029747910911041675,-0.030199355590416626,-0.02973654586899525,0.011713356818826126,1.1713356818826127e-05,1.341182460458834e-05,1.1450026505666058,1.1109412137246437,ABSTAIN,0,0.5,0.5,0.51171335681882613,0.5,-0.029747910911041675,-0.029747910911041699,2.7755575615628914e-17,True,,0,[],0,[],0,13,0,0,,8dee2227c86d20e23624f86bc18483116862e7b3e6780fc34dbcc84666d613e7,0,0,0,False,False,abstain,fixed,none,standard,0.5,0.5,0.5,0.5,0.5,0.5
14,numerical_frozen_W,2021-01-15,2021-01-16,bull,-0.022425893860358599,0.48467604559236532,0.5,-0.011228099057899343,-0.0112916100145087,-0.0112129469301793,0.015323954407634677,1.5323954407634675e-05,1.7024012508678773e-05,1.1109412137246437,1.0984674557294405,ABSTAIN,0,0.49999999999999989,0.49999999999999989,0.48467604559236532,0.5,-0.011228099057899343,-0.011228099057899401,5.7245874707234634e-17,True,,0,[],0,[],0,14,0,0,,6d4d1458a219c87c0488451dc2af411ea122f12165310c8f0a8af8b012341438,0,0,0,False,False,abstain,fixed,none,standard,0.49999999999999989,0.5,0.49999999999999989,0.5,0.49999999999999989,0.5
15,numerical_frozen_W,2021-01-16,2021-01-17,bull,-0.0049945168589236996,0.49432994854889772,0.5,-0.0025029143213292082,-0.0025060518477791759,-0.0024972584294618498,0.0056700514511022759,5.6700514511022762e-06,6.22836699134734e-06,1.0984674557294405,1.0957180858029811,ABSTAIN,0,0.5,0.5,0.49432994854889772,0.5,-0.0025029143213292082,-0.0025029143213292,-8.2399365108898337e-18,True,,0,[],0,[],0,15,0,0,,fa1a28531ff5c79a422b4a58b43f20f5e1fff318df5caf220c6bcac90235f6ae,0,0,0,False,False,abstain,fixed,none,standard,0.5,0.5,0.5,0.5,0.5,0.5
16,numerical_frozen_W,2021-01-17,2021-01-18,bull,0.021585062333284898,0.49874824482911695,0.5,0.010791265901864744,0.010733455716834662,0.010792531166642449,0.001251755170883051,1.2517551708830509e-06,1.3715707797339601e-06,1.0957180858029811,1.1075422710203633,ABSTAIN,0,0.5,0.5,0.49874824482911695,0.5,0.010791265901864744,0.0107912659018649,-1.5439038936193583e-16,True,,0,[],0,[],0,16,0,0,,451778a2ceee8c3b7721cab73aad88e5173212e7b708a8422a6134e45e7688d5,0,0,0,False,False,abstain,fixed,none,standard,0.5,0.5,0.5,0.5,0.5,0.5
17,numerical_frozen_W,2021-01-18,2021-01-19,bull,-0.0166688516709819,0.50533864805777007,0.5,-0.0083397199889824192,-0.0083746900162798791,-0.0083344258354909502,0.0053386480577700679,5.3386480577700683e-06,5.9127783940811124e-06,1.1075422710203633,1.0983056786040917,ABSTAIN,0,0.50000000000000011,0.50000000000000011,0.50533864805777007,0.5,-0.0083397199889824192,-0.0083397199889824001,-1.9081958235744878e-17,True,,0,[],0,[],0,17,0,0,,52c2772d7fe197f1b2bf004707999726336aeafbface5bc8f71145c57d3c53d8,0,0,0,False,False,abstain,fixed,none,standard,0.50000000000000011,0.5,0.50000000000000011,0.5,0.50000000000000011,0.5
18,numerical_frozen_W,2021-01-19,2021-01-20,bull,-0.0146265995239271,0.4957977638567756,0.5,-0.0073174712658942154,-0.007344375285363797,-0.0073132997619635501,0.0042022361432244026,4.2022361432244024e-06,4.6153398189387182e-06,1.0983056786040917,1.0902688583597377,ABSTAIN,0,0.5,0.5,0.4957977638567756,0.5,-0.0073174712658942154,-0.0073174712658941998,-1.5612511283791264e-17,True,,0,[],0,[],0,18,0,0,,816e150daccf6a5317b8acc058e2500386ffd54c109077a6ebaa56cbf828bee1,0,0,0,False,False,abstain,fixed,none,standard,0.5,0.5,0.5,0.5,0.5,0.5
19,numerical_frozen_W,2021-01-20,2021-01-21,bull,-0.13062805309460129,0.49631641092793433,0.5,-0.065317469546338325,-0.067548346971831152,-0.065314026547300646,0.0036835890720656739,3.6835890720656738e-06,4.0161024522674485e-06,1.0902688583597377,1.0190552554065044,ABSTAIN,0,0.49999999999999989,0.49999999999999989,0.49631641092793433,0.5,-0.065317469546338325,-0.065317469546338297,-2.7755575615628914e-17,True,,0,[],0,[],0,19,0,0,,395fa42dc5ce05368c9198f4b9d8c46cf641e14d7355132cbd08b8ece2339174,0,0,0,False,False,abstain,fixed,none,standard,0.49999999999999989,0.5,0.49999999999999989,0.5,0.49999999999999989,0.5
20,numerical_frozen_W,2021-01-21,2021-01-22,bull,0.0699822645020928,0.46506097855195538,0.45000000000000001,0.031476483746766704,0.030991255156604783,0.031492019025941759,0.015060978551955373,1.5060978551955373e-05,1.5347969344934765e-05,1.0190552554065044,1.0511315315903644,ABSTAIN,0,0.50000000000000011,0.50000000000000011,0.46506097855195538,0.45000000000000001,0.031476483746766704,0.031476483746766697,6.9388939039072284e-18,True,,0,[],0,[],0,20,0,0,,ea71bf3a728806c5077803e7f5f11cc8410ff05b0c0832848d0f701beb52ab06,0,0,0,False,True,abstain,fixed,none,standard,0.50000000000000011,0.45000000000000001,0.50000000000000011,0.45000000000000001,0.50000000000000011,0.45000000000000001
21,numerical_frozen_W,2021-01-22,2021-01-23,bull,-0.027623823881456299,0.46679180269433806,0.45000000000000001,-0.012447303815139477,-0.012525420405451154,-0.012430720746655334,0.016791802694338054,1.6791802694338053e-05,1.7650393284262767e-05,1.0511315315903644,1.0380477780669863,ABSTAIN,0,0.50000000000000011,0.50000000000000011,0.46679180269433806,0.45000000000000001,-0.012447303815139477,-0.012447303815139499,2.2551405187698492e-17,True,,0,[],0,[],0,21,0,0,,3bd769a974cf0d15416aaca073eec5cbc2160b68f18e068277b1321d007c8b96,0,0,0,False,True,abstain,fixed,none,standard,0.50000000000000011,0.45000000000000001,0.50000000000000011,0.45000000000000001,0.50000000000000011,0.45000000000000001
22,numerical_frozen_W,2021-01-23,2021-01-24,bull,0.0047493058347277996,0.44307704628496591,0.45000000000000001,0.0021302498762614253,0.0021279841111870434,0.0021371876256275099,0.006922953715034097,6.9229537150340968e-06,7.1863567215517331e-06,1.0380477780669863,1.0402590792177671,ABSTAIN,0,0.49999999999999994,0.49999999999999994,0.44307704628496591,0.45000000000000001,0.0021302498762614253,0.0021302498762614001,2.4719809532669501e-17,True,,0,[],0,[],0,22,0,0,,f29da50fc84aef0f45decc1779d5928d3685391cf4dd976c5f50265fc6ac612e,0,0,0,False,True,abstain,fixed,none,standard,0.49999999999999994,0.45000000000000001,0.49999999999999994,0.45000000000000001,0.49999999999999994,0.45000000000000001
23,numerical_frozen_W,2021-01-24,2021-01-25,bull,0.00034117730984779999,0.45117294638759009,0.45000000000000001,0.0001523566629617612,0.00015234505786411445,0.00015352978943151,0.0011729463875900792,1.1729463875900792e-06,1.220168129126262e-06,1.0402590792177671,1.0404175696196925,ABSTAIN,0,0.5,0.5,0.45117294638759009,0.45000000000000001,0.0001523566629617612,0.0001523566629617,6.1203212636806725e-17,True,,0,[],0,[],0,23,0,0,,05a01f2dda322b84c0b2dcd107b82acb69cb5b5068c9b6b02c4acb5e07747ca6,0,0,0,False,True,abstain,fixed,none,standard,0.5,0.45000000000000001,0.5,0.45000000000000001,0.5,0.45000000000000001
24,numerical_frozen_W,2021-01-25,2021-01-26,bull,0.0077451840643922003,0.45008442842190949,0.45000000000000001,0.0034852481062934704,0.0034791887040442481,0.0034853328289764902,8.442842190947708e-05,8.4428421909477088e-08,8.784081352988414e-08,1.0404175696196925,1.0440436829839639,ABSTAIN,0,0.49999999999999994,0.49999999999999994,0.45008442842190949,0.45000000000000001,0.0034852481062934704,0.0034852481062934001,7.0256300777060687e-17,True,,0,[],0,[],0,24,0,0,,e0a8e93b06549ffcab45fa6ec2c53167f07fa9badd09c0220682a4eec859646d,0,0,0,False,True,abstain,fixed,none,standard,0.49999999999999994,0.45000000000000001,0.49999999999999994,0.45000000000000001,0.49999999999999994,0.45000000000000001
25,numerical_frozen_W,2021-01-26,2021-01-27,bull,-0.064552751976026099,0.45191027511137899,0.45000000000000001,-0.029050593173241213,-0.029480916243175968,-0.029048738389211744,0.0019102751113789784,1.9102751113789784e-06,1.9944106627967106e-06,1.0440436829839639,1.0137135946945044,ABSTAIN,0,0.49999999999999983,0.49999999999999983,0.45191027511137899,0.45000000000000001,-0.029050593173241213,-0.029050593173241199,-1.3877787807814457e-17,True,,0,[],0,[],0,25,0,0,,e7611adab24898b4d02e88cca795559ddf86f34e8e78cd455b4cc840dbbfd76c,0,0,0,False,True,abstain,fixed,none,standard,0.49999999999999983,0.45000000000000001,0.49999999999999983,0.45000000000000001,0.49999999999999983,0.45000000000000001
26,numerical_frozen_W,2021-01-27,2021-01-28,bull,0.097710827522694499,0.433545202786429,0.45000000000000001,0.043952694072665333,0.043014176242885054,0.043969872385212529,0.016454797213571015,1.6454797213571015e-05,1.668045163333819e-05,1.0137135946945044,1.0582690381994138,ABSTAIN,0,0.49999999999999978,0.49999999999999978,0.433545202786429,0.45000000000000001,0.043952694072665333,0.043952694072665499,-1.5959455978986625e-16,True,,0,[],0,[],0,26,0,0,,e15ef10328b4b724dd2820672f219ac7aa43ae7cbf453ae769df8ade23796900,0,0,0,False,True,abstain,fixed,none,standard,0.49999999999999978,0.45000000000000001,0.49999999999999978,0.45000000000000001,0.49999999999999978,0.45000000000000001
27,numerical_frozen_W,2021-01-28,2021-01-29,bull,0.027775447343504501,0.47316487328950768,0.45000000000000001,0.012475496894664317,0.012398319107855557,0.012498951304577026,0.02316487328950767,2.3164873289507671e-05,2.4514668176098573e-05,1.0582690381994138,1.0714714702991899,ABSTAIN,0,0.5,0.5,0.47316487328950768,0.45000000000000001,0.012475496894664317,0.0124754968946643,1.7347234759768071e-17,True,,0,[],0,[],0,27,0,0,,fca251f02e8626389fc8dac4edbcd403b6291d3f1c217d46173e4e595d7a13e7,0,0,0,False,True,abstain,fixed,none,standard,0.5,0.45000000000000001,0.5,0.45000000000000001,0.5,0.45000000000000001
28,numerical_frozen_W,2021-01-29,2021-01-30,bull,-0.00054516089534670004,0.45678956082735683,0.45000000000000001,-0.00025211029810190411,-0.00025214208324546224,-0.00024532240290601505,0.006789560827356822,6.7895608273568224e-06,7.274820722373798e-06,1.0714714702991899,1.0712013413074051,ABSTAIN,0,0.49999999999999994,0.49999999999999994,0.45678956082735683,0.45000000000000001,-0.00025211029810190411,-0.00025211029810189999,-4.1199682554449168e-18,True,,0,[],0,[],0,28,0,0,,028aed9e4335fbd48023122ac1ac9fae3be3a3f19b3eabaab5fceab702e7d797,0,0,0,False,True,abstain,fixed,none,standard,0.49999999999999994,0.45000000000000001,0.49999999999999994,0.45000000000000001,0.49999999999999994,0.45000000000000001
29,numerical_frozen_W,2021-01-30,2021-01-31,bull,-0.034273446683642898,0.44986503956958457,0.45000000000000001,-0.015423183886568048,-0.015543358437969864,-0.015423051007639304,0.00013496043041544281,1.349604304154428e-07,1.4456979408444704e-07,1.0712013413074051,1.0546800060408825,ABSTAIN,0,0.49999999999999983,0.49999999999999983,0.44986503956958457,0.45000000000000001,-0.015423183886568048,-0.015423183886568,-4.8572257327350599e-17,True,,0,[],0,[],0,29,0,0,,e8076c78c69a925741b86195c5c8950effe397bc4ba34b8eecae333b2f16705c,0,0,0,False,True,abstain,fixed,none,standard,0.49999999999999983,0.45000000000000001,0.49999999999999983,0.45000000000000001,0.49999999999999983,0.45000000000000001
30,numerical_frozen_W,2021-01-31,2021-02-01,bull,0.0123111866884537,0.44138444378280134,0.45000000000000001,0.0055313707231126052,0.0055161288717961218,0.0055400340098041654,0.0086155562171986722,8.6155562171986725e-06,9.0866548832006592e-06,1.0546800060408825,1.0605138321485492,ABSTAIN,0,0.49999999999999994,0.49999999999999994,0.44138444378280134,0.45000000000000001,0.0055313707231126052,0.0055313707231126,5.2041704279304213e-18,True,,0,[],0,[],0,30,0,0,,1e259828af1ad23836964689455f66097e6ecf9bc2bd73ec640dd366bbed46a2,0,0,0,False,True,abstain,fixed,none,standard,0.49999999999999994,0.45000000000000001,0.49999999999999994,0.45000000000000001,0.49999999999999994,0.45000000000000001
31,numerical_frozen_W,2021-02-01,2021-02-02,bull,0.0587635048648842,0.45303023112191931,0.45000000000000001,0.026440466827925446,0.02609695952410665,0.026443577189197889,0.0030302311219193023,3.0302311219193026e-06,3.213602019402437e-06,1.0605138321485492,1.0885543129480291,ABSTAIN,0,0.49999999999999983,0.49999999999999983,0.45303023112191931,0.45000000000000001,0.026440466827925446,0.026440466827925401,4.5102810375396984e-17,True,,0,[],0,[],0,31,0,0,,6029d44185d8f7ad1ed73032d5652a9bdb4b834d44490832d248bcdd1104fa0e,0,0,0,False,True,abstain,fixed,none,standard,0.49999999999999983,0.45000000000000001,0.49999999999999983,0.45000000000000001,0.49999999999999983,0.45000000000000001
32,numerical_frozen_W,2021-02-02,2021-02-03,bull,0.060915536618083098,0.46416928097878102,0.45000000000000001,0.027397433788949321,0.027028841275815722,0.027411991478137394,0.014169280978781007,1.4169280978781008e-05,1.5424031920824535e-05,1.0885543129480291,1.1183779076626978,ABSTAIN,0,0.5,0.5,0.46416928097878102,0.45000000000000001,0.027397433788949321,0.027397433788949301,2.0816681711721685e-17,True,,0,[],0,[],0,32,0,0,,480aeb1a5012339faae65c52290a18b74d74c0419f0f3a0f66deb692a730a549,0,0,0,False,True,abstain,fixed,none,standard,0.5,0.45000000000000001,0.5,0.45000000000000001,0.5,0.45000000000000001
33,numerical_frozen_W,2021-02-03,2021-02-04,bull,-0.017656215136479098,0.46467434236511573,0.45000000000000001,-0.0079598545617751704,-0.0079917033243610061,-0.0079452968114155937,0.014674342365115722,1.4674342365115723e-05,1.6411460310624208e-05,1.1183779076626978,1.1094757821726005,ABSTAIN,0,0.49999999999999989,0.49999999999999989,0.46467434236511573,0.45000000000000001,-0.0079598545617751704,-0.0079598545617750992,-7.1123662515049091e-17,True,,0,[],0,[],0,33,0,0,,ca0c6b6f84d1eb3a6feff68e7daaaa080fbe710873faa9653cb1036a6c7e3e67,0,0,0,False,True,abstain,fixed,none,standard,0.49999999999999989,0.45000000000000001,0.49999999999999989,0.45000000000000001,0.49999999999999989,0.45000000000000001
34,numerical_frozen_W,2021-02-04,2021-02-05,bull,0.035571262854191502,0.44559508842382067,0.45000000000000001,0.016002592863089804,0.015875901183633925,0.016007068284386177,0.0044049115761793378,4.4049115761793376e-06,4.8871427163827138e-06,1.1094757821726005,1.1272302714061666,ABSTAIN,0,0.49999999999999994,0.49999999999999994,0.44559508842382067,0.45000000000000001,0.016002592863089804,0.016002592863089801,3.4694469519536142e-18,True,,0,[],0,[],0,34,0,0,,01af7f66e4104aac78001379452712229a036ae38d44a773f9b39817e00d3c8e,0,0,0,False,True,abstain,fixed,none,standard,0.49999999999999994,0.45000000000000001,0.49999999999999994,0.45000000000000001,0.49999999999999994,0.45000000000000001
35,numerical_frozen_W,2021-02-05,2021-02-06,bull,0.0250407336229947,0.45866518337444101,0.45000000000000001,0.011259567304826357,0.011196650215849068,0.011268330130347615,0.008665183374440999,8.6651833744409989e-06,9.7676570069553284e-06,1.1272302714061666,1.139922396515102,ABSTAIN,0,0.49999999999999994,0.49999999999999994,0.45866518337444101,0.45000000000000001,0.011259567304826357,0.011259567304826299,5.5511151231257827e-17,True,,0,[],0,[],0,35,0,0,,0ab186d92d8c18ddf90b2a35c5d2cb07388eef520348dad99ea098b5eb3feebc,0,0,0,False,True,abstain,fixed,none,standard,0.49999999999999994,0.45000000000000001,0.49999999999999994,0.45000000000000001,0.49999999999999994,0.45000000000000001
36,numerical_frozen_W,2021-02-06,2021-02-07,bull,-0.010283621098108301,0.45612852334740117,0.45000000000000001,-0.0046337296569607389,-0.0046444986622113816,-0.0046276294941487352,0.0061285233474011602,6.1285233474011607e-06,6.986041021268286e-06,1.139922396515102,1.1346403042997362,ABSTAIN,0,0.49999999999999989,0.49999999999999989,0.45612852334740117,0.45000000000000001,-0.0046337296569607389,-0.0046337296569606999,-3.9898639947466563e-17,True,,0,[],0,[],0,36,0,0,,ade7fe9b8d1a711872a4527aacbbcd57949ed7c1c36c5ba1e8369dfb650f2b95,0,0,0,False,True,abstain,fixed,none,standard,0.49999999999999989,0.45000000000000001,0.49999999999999989,0.45000000000000001,0.49999999999999989,0.45000000000000001
37,numerical_frozen_W,2021-02-07,2021-02-08,bull,0.19413737455891319,0.44744297079444917,0.45000000000000001,0.087359038135583988,0.083751855474080136,0.087361818551510942,0.0025570292055508426,2.5570292055508427e-06,2.9013083958895207e-06,1.1346403042997362,1.2337613899132274,ABSTAIN,0,0.49999999999999989,0.49999999999999989,0.44744297079444917,0.45000000000000001,0.087359038135583988,0.087359038135583905,6.9388939039072284e-17,True,,0,[],0,[],0,37,0,0,,a646989d294f3986dc782b4111ab3fa313007c1c1fe5e539bf506cf1a4f3ab94,0,0,0,False,True,abstain,fixed,none,standard,0.49999999999999989,0.45000000000000001,0.49999999999999989,0.45000000000000001,0.49999999999999989,0.45000000000000001
38,numerical_frozen_W,2021-02-08,2021-02-09,bull,0.0024334151656295001,0.49418860344695359,0.45000000000000001,0.0010507998329383206,0.0010502481292468092,0.0010950368245332752,0.044188603446953578,4.4188603446953578e-05,5.4518192807037882e-05,1.2337613899132274,1.235057826175634,ABSTAIN,0,0.49999999999999994,0.49999999999999994,0.49418860344695359,0.45000000000000001,0.0010507998329383206,0.0010507998329383,2.0599841277224584e-17,True,,0,[],0,[],0,38,0,0,,6d77c348c8d9c7e79f37eeb522164f93c4ac73c66ba5985551b1c4dc260e2548,0,0,0,False,True,abstain,fixed,none,standard,0.49999999999999994,0.45000000000000001,0.49999999999999994,0.45000000000000001,0.49999999999999994,0.45000000000000001
39,numerical_frozen_W,2021-02-09,2021-02-10,bull,-0.035963241207002498,0.45060161146678318,0.45000000000000001,-0.016184050418463714,-0.016316442532822169,-0.016183458543151126,0.00060161146678316957,6.016114667831696e-07,7.4302495036755608e-07,1.235057826175634,1.2150695880470894,ABSTAIN,0,0.5,0.5,0.45060161146678318,0.45000000000000001,-0.016184050418463714,-0.0161840504184637,-1.3877787807814457e-17,True,,0,[],0,[],0,39,0,0,,fe072f202eb90390f4e33e26c6c5e9266419360debd95b28872ae7334cd89989,0,0,0,False,True,abstain,fixed,none,standard,0.5,0.45000000000000001,0.5,0.45000000000000001,0.5,0.45000000000000001
40,numerical_frozen_W,2021-02-10,2021-02-11,bull,0.070360870728878505,0.44095268088748285,0.5,0.035119310734933018,0.034516696145955587,0.035180435364439253,0.059047319112517149,5.9047319112517151e-05,7.1746601709331233e-05,1.2150695880470894,1.2577419944742823,ABSTAIN,0,0.49999999999999994,0.49999999999999994,0.44095268088748285,0.5,0.035119310734933018,0.035119310734932997,2.0816681711721685e-17,True,,0,[],0,[],0,40,0,0,,93e8e407f3f8a65e53457007e9d8cb8ea49f364930a7600e31cc6fa46f1f0721,0,0,0,False,False,abstain,fixed,none,standard,0.49999999999999994,0.5,0.49999999999999994,0.5,0.49999999999999994,0.5
41,numerical_frozen_W,2021-02-11,2021-02-12,bull,-0.0128983323852329,0.51699241705242138,0.5,-0.0064660490227473888,-0.0064870444717343451,-0.0064491661926164498,0.016992417052421382,1.6992417052421382e-05,2.1372076514451277e-05,1.2577419944742823,1.2496093730800435,ABSTAIN,0,0.49999999999999994,0.49999999999999994,0.51699241705242138,0.5,-0.0064660490227473888,-0.0064660490227473003,-8.9338259012805565e-17,True,,0,[],0,[],0,41,0,0,,da6fb2e9d44eaf0852b866f627935306bd3fb18b0feece5fe3b0ea75d2544c36,0,0,0,False,False,abstain,fixed,none,standard,0.49999999999999994,0.5,0.49999999999999994,0.5,0.49999999999999994,0.5
42,numerical_frozen_W,2021-02-12,2021-02-13,bull,-0.0042852589204103002,0.49675448604481437,0.5,-0.0021458680202265379,-0.0021481736940449736,-0.0021426294602051501,0.0032455139551856305,3.2455139551856307e-06,4.0556246588620484e-06,1.2496093730800435,1.2469278762885756,ABSTAIN,0,0.49999999999999989,0.49999999999999989,0.49675448604481437,0.5,-0.0021458680202265379,-0.0021458680202265002,-3.7730235602495554e-17,True,,0,[],0,[],0,42,0,0,,a8b63965b3e2e7c8910c4b90a2730c308667aaba5b17ed56faf2bde868a7b7f1,0,0,0,False,False,abstain,fixed,none,standard,0.49999999999999989,0.5,0.49999999999999989,0.5,0.49999999999999989,0.5
43,numerical_frozen_W,2021-02-13,2021-02-14,bull,0.031264376588712603,0.49892638491057789,0.5,0.015631097896313673,0.015510190600465055,0.015632188294356301,0.0010736150894221086,1.0736150894221087e-06,1.3387205834044792e-06,1.2469278762885756,1.2664187279924848,ABSTAIN,0,0.49999999999999989,0.49999999999999989,0.49892638491057789,0.5,0.015631097896313673,0.0156310978963136,7.1123662515049091e-17,True,,0,[],0,[],0,43,0,0,,bf336836e3d00c874aad69dd0646d9c4c756861378081dac63e381e383136f73,0,0,0,False,False,abstain,fixed,none,standard,0.49999999999999989,0.5,0.49999999999999989,0.5,0.49999999999999989,0.5
44,numerical_frozen_W,2021-02-14,2021-02-15,bull,-0.0145364016495557,0.50769579207636628,0.5,-0.007275840682291923,-0.0073024387049554339,-0.00726820082477785,0.0076957920763662813,7.6957920763662813e-06,9.7460952122464287e-06,1.2664187279924848,1.2572044670905407,ABSTAIN,0,0.49999999999999994,0.49999999999999994,0.50769579207636628,0.5,-0.007275840682291923,-0.0072758406822918996,-2.3418766925686896e-17,True,,0,[],0,[],0,44,0,0,,3fbac14fd091db629f790f100619b2c2ab02ad8d1f7f8bbbf1f542c7beb953e6,0,0,0,False,False,abstain,fixed,none,standard,0.49999999999999994,0.5,0.49999999999999994,0.5,0.49999999999999994,0.5
45,numerical_frozen_W,2021-02-15,2021-02-16,bull,0.025729979159843298,0.49633929283275885,0.5,0.012861281777794664,0.012779277861835178,0.012864989579921649,0.0036607071672411506,3.6607071672411509e-06,4.602257403365934e-06,1.2572044670905407,1.2733737279940942,ABSTAIN,0,0.50000000000000011,0.50000000000000011,0.49633929283275885,0.5,0.012861281777794664,0.0128612817777946,6.2450045135165055e-17,True,,0,[],0,[],0,45,0,0,,d201de18c605a9713ea6f4008af4fba9759d8d1568522a920d6f53fd01919357,0,0,0,False,False,abstain,fixed,none,standard,0.50000000000000011,0.5,0.50000000000000011,0.5,0.50000000000000011,0.5
46,numerical_frozen_W,2021-02-16,2021-02-17,bull,0.059172620536631103,0.50635079191811017,0.5,0.029579771579897329,0.029150730234105932,0.029586310268315551,0.0063507919181101657,6.3507919181101659e-06,8.086931580478706e-06,1.2733737279940942,1.3110398320040018,ABSTAIN,0,0.49999999999999983,0.49999999999999983,0.50635079191811017,0.5,0.029579771579897329,0.029579771579897302,2.7755575615628914e-17,True,,0,[],0,[],0,46,0,0,,90d817394d7072780f14e554c1688d0ad16126fed71eefa2ad77cea634ee59e7,0,0,0,False,False,abstain,fixed,none,standard,0.49999999999999983,0.5,0.49999999999999983,0.5,0.49999999999999983,0.5
47,numerical_frozen_W,2021-02-17,2021-02-18,bull,-0.0095431573449669006,0.51436805733198088,0.5,-0.004785878171499558,-0.0047973671576848377,-0.0047715786724834503,0.014368057331980877,1.4368057331980877e-05,1.8837095470744076e-05,1.3110398320040018,1.3047653550900473,ABSTAIN,0,0.49999999999999983,0.49999999999999983,0.51436805733198088,0.5,-0.004785878171499558,-0.0047858781714994999,-5.8980598183211441e-17,True,,0,[],0,[],0,47,0,0,,94472638c3fd4586e1b9d3ff3a2b2707918f4152363e0780f69f931744b69ee3,0,0,0,False,False,abstain,fixed,none,standard,0.49999999999999983,0.5,0.49999999999999983,0.5,0.49999999999999983,0.5
48,numerical_frozen_W,2021-02-18,2021-02-19,bull,0.083835121417853403,0.49760277210224829,0.5,0.041915062995082852,0.041060426568354617,0.041917560708926702,0.0023972278977517081,2.3972278977517083e-06,3.127819909241775e-06,1.3047653550900473,1.3594546771424483,ABSTAIN,0,0.5,0.5,0.49760277210224829,0.5,0.041915062995082852,0.041915062995082797,5.5511151231257827e-17,True,,0,[],0,[],0,48,0,0,,3a29aa8b6c9f6680f3b6aadffa9fe8317b875a0f3fc52829d6b80a70dbca53ea,0,0,0,False,False,abstain,fixed,none,standard,0.5,0.5,0.5,0.5,0.5,0.5
49,numerical_frozen_W,2021-02-19,2021-02-20,bull,0.00030586728579450002,0.52011558413527736,0.5,0.00013281498241224376,0.00013280616328333351,0.00015293364289725001,0.020115584135277365,2.0115584135277366e-05,2.7346224936155248e-05,1.3594546771424483,1.3596352330914832,ABSTAIN,0,0.49999999999999994,0.49999999999999994,0.52011558413527736,0.5,0.00013281498241224376,0.00013281498241219999,4.3774662714102242e-17,True,,0,[],0,[],0,49,0,0,,04720facb770ce8f2a2588ee67665fab89037bc7117d14368397284ff3f46a13,0,0,0,False,False,abstain,fixed,none,standard,0.49999999999999994,0.5,0.49999999999999994,0.5,0.49999999999999994,0.5
50,numerical_frozen_W,2021-02-20,2021-02-21,bull,0.0270028628291763,0.50007645512888732,0.5,0.01350135392720575,0.013411022801680279,0.01350143141458815,7.6455128887320534e-05,7.6455128887320541e-08,1.0395108698575145e-07,1.3596352330914832,1.3779921495853502,ABSTAIN,0,0.5,0.5,0.50007645512888732,0.5,0.01350135392720575,0.0135013539272057,4.8572257327350599e-17,True,,0,[],0,[],0,50,0,0,,2f33b49cd315082be1ed07f1c418401a6ad716640cb1028b10363a893670e470,0,0,0,False,False,abstain,fixed,none,standard,0.5,0.5,0.5,0.5,0.5,0.5
51,numerical_frozen_W,2021-02-21,2021-02-22,bull,-0.057840505068443897,0.50666078556778327,0.5,-0.028926720688189023,-0.029353345658028496,-0.028920252534221948,0.0066607855677832672,6.6607855677832671e-06,9.1785102224767418e-06,1.3779921495853502,1.3381313555637775,ABSTAIN,0,0.5,0.5,0.50666078556778327,0.5,-0.028926720688189023,-0.028926720688189099,7.6327832942979512e-17,True,,0,[],0,[],0,51,0,0,,6aa4a8cc2847c4e107e2c540a1e6244e8ac2767ef02602373a14f44af7349b07,0,0,0,False,False,abstain,fixed,none,standard,0.5,0.5,0.5,0.5,0.5,0.5
52,numerical_frozen_W,2021-02-22,2021-02-23,bull,-0.096108427367043794,0.48510922887142122,0.5,-0.048068388890352809,-0.049262083840875937,-0.048054213683521897,0.014890771128578784,1.4890771128578784e-05,1.9925807755675088e-05,1.3381313555637775,1.2738095371781628,ABSTAIN,0,0.5,0.5,0.48510922887142122,0.5,-0.048068388890352809,-0.048068388890352802,-6.9388939039072284e-18,True,,0,[],0,[],0,52,0,0,,3b59076a2d0dff3a3df29cbc60d2e3aee6ac66692a2bd3e75892d6c5955ca9c0,0,0,0,False,False,abstain,fixed,none,standard,0.5,0.5,0.5,0.5,0.5,0.5
53,numerical_frozen_W,2021-02-23,2021-02-24,bull,0.016076072555978899,0.47476000504741656,0.5,0.0080125934030417234,0.0079806630265328443,0.0080380362779894493,0.025239994952583444,2.5239994952583447e-05,3.2150946288929488e-05,1.2738095371781628,1.2840160550724882,ABSTAIN,0,0.5,0.5,0.47476000504741656,0.5,0.0080125934030417234,0.0080125934030417009,2.2551405187698492e-17,True,,0,[],0,[],0,53,0,0,,f157da834b563ef7369ea97ef96cd23d4a0868ce8d2ea32ebb28980a19aae937,0,0,0,False,False,abstain,fixed,none,standard,0.5,0.5,0.5,0.5,0.5,0.5
54,numerical_frozen_W,2021-02-24,2021-02-25,bull,-0.055717088384727498,0.50398697072367848,0.5,-0.02786242009188733,-0.028257941422637326,-0.027858544192363749,0.0039869707236784846,3.9869707236784843e-06,5.1193344203071513e-06,1.2840160550724882,1.2482402603413305,ABSTAIN,0,0.49999999999999983,0.49999999999999983,0.50398697072367848,0.5,-0.02786242009188733,-0.027862420091887299,-3.1225022567582528e-17,True,,0,[],0,[],0,54,0,0,,81bfa922568ff9fd4565a64154449195218799344f8c48bebcfde9f485845fcb,0,0,0,False,False,abstain,fixed,none,standard,0.49999999999999983,0.5,0.49999999999999983,0.5,0.49999999999999983,0.5
55,numerical_frozen_W,2021-02-25,2021-02-26,bull,-0.0124210234718774,0.48567155837973219,0.5,-0.0062247511906041719,-0.0062442057294239761,-0.0062105117359386999,0.014328441620267807,1.4328441620267808e-05,1.7885337698368644e-05,1.2482402603413305,1.2404702752946108,ABSTAIN,0,0.49999999999999983,0.49999999999999983,0.48567155837973219,0.5,-0.0062247511906041719,-0.0062247511906041997,2.7755575615628914e-17,True,,0,[],0,[],0,55,0,0,,e66eac2f18581a20e343032a981d398f6bc9b9c31fa7d18a5706e2d1e5257253,0,0,0,False,False,abstain,fixed,none,standard,0.49999999999999983,0.5,0.49999999999999983,0.5,0.49999999999999983,0.5
56,numerical_frozen_W,2021-02-26,2021-02-27,bull,-0.0045074397569563997,0.49687533838439613,0.5,-0.0022568374979817785,-0.0022593879938202547,-0.0022537198784781999,0.0031246616156038742,3.1246616156038745e-06,3.8760498545106419e-06,1.2404702752946108,1.2376707354621941,ABSTAIN,0,0.5,0.5,0.49687533838439613,0.5,-0.0022568374979817785,-0.0022568374979817,-7.8929918156944723e-17,True,,0,[],0,[],0,56,0,0,,9beaa4162a9874e2f19095dc2aa29f1ef7ae6bfad1b72f0e2e4e402f74e06446,0,0,0,False,False,abstain,fixed,none,standard,0.5,0.5,0.5,0.5,0.5,0.5
57,numerical_frozen_W,2021-02-27,2021-02-28,bull,-0.021082999000795299,0.49887059469757994,0.5,-0.010542617000074528,-0.010598584093980004,-0.01054149950039765,0.0011294053024200612,1.1294053024200613e-06,1.3978318912811389e-06,1.2376707354621941,1.2246224469260156,ABSTAIN,0,0.49999999999999994,0.49999999999999994,0.49887059469757994,0.5,-0.010542617000074528,-0.0105426170000745,-2.7755575615628914e-17,True,,0,[],0,[],0,57,0,0,,5c84d283792e9eded5b24b09c5d05b9de2179faa534ee2665b60277d9d75abcb,0,0,0,False,False,abstain,fixed,none,standard,0.49999999999999994,0.5,0.49999999999999994,0.5,0.49999999999999994,0.5
58,numerical_frozen_W,2021-02-28,2021-03-01,bull,0.098120184217518294,0.49467309670133969,0.5,0.049054503867093979,0.047889285992986634,0.049060092108759147,0.0053269032986603126,5.3269032986603127e-06,6.5234453521436562e-06,1.2246224469260156,1.284695693484478,ABSTAIN,0,0.49999999999999983,0.49999999999999983,0.49467309670133969,0.5,0.049054503867093979,0.049054503867093903,7.6327832942979512e-17,True,,0,[],0,[],0,58,0,0,,f27657e1bd72ef9fb304dac4e733b0e4e8235a82f610277d25cee89b235d3ee7,0,0,0,False,False,abstain,fixed,none,standard,0.49999999999999983,0.5,0.49999999999999983,0.5,0.49999999999999983,0.5
59,numerical_frozen_W,2021-03-01,2021-03-02,bull,-0.0236170620318376,0.52338287981679932,0.5,-0.011831637778274118,-0.011902188644901045,-0.0118085310159188,0.023382879816799318,2.3382879816799318e-05,3.0039885001907202e-05,1.284695693484478,1.269495639383861,ABSTAIN,0,0.49999999999999989,0.49999999999999989,0.52338287981679932,0.5,-0.011831637778274118,-0.0118316377782741,-1.7347234759768071e-17,True,,0,[],0,[],0,59,0,0,,409548e1d61b8517db521897387e73407695fef8d2fe19e58a046ff185757b87,0,0,0,False,False,abstain,fixed,none,standard,0.49999999999999989,0.5,0.49999999999999989,0.5,0.49999999999999989,0.5
60,numerical_frozen_W,2021-03-02,2021-03-03,bull,0.040700724018156199,0.4940251806524607,0.5,0.020344265599993916,0.020140085644817469,0.0203503620090781,0.0059748193475392952,5.9748193475392956e-06,7.5850071078074611e-06,1.269495639383861,1.2953225958495205,ABSTAIN,0,0.5,0.5,0.4940251806524607,0.5,0.020344265599993916,0.020344265599993899,1.7347234759768071e-17,True,,0,[],0,[],0,60,0,0,,29c48b46f212784417d5c315c6b5cb20256d7e83aea958a423b1d35a61c2788f,0,0,0,False,False,abstain,fixed,none,standard,0.5,0.5,0.5,0.5,0.5,0.5
61,numerical_frozen_W,2021-03-03,2021-03-04,bull,-0.039033556833898503,0.50997224226441595,0.5,-0.019526556033170994,-0.019719717887094174,-0.019516778416949251,0.0099722422644159536,9.9722422644159533e-06,1.2917270736383573e-05,1.2953225958495205,1.2700294066006323,ABSTAIN,0,0.49999999999999994,0.49999999999999994,0.50997224226441595,0.5,-0.019526556033170994,-0.019526556033170901,-9.7144514654701197e-17,True,,0,[],0,[],0,61,0,0,,a678c8e0fa316515da388d5a2f3226a70c8e7fcdf7b15b6e907658b3598688fa,0,0,0,False,False,abstain,fixed,none,standard,0.49999999999999994,0.5,0.49999999999999994,0.5,0.49999999999999994,0.5
62,numerical_frozen_W,2021-03-04,2021-03-05,bull,0.007526637482448,0.49004736746772765,0.5,0.0037533286537632105,0.0037463024912816516,0.003763318741224,0.0099526325322723541,9.9526325322723542e-06,1.2640135989076005e-05,1.2700294066006323,1.2747962443635483,ABSTAIN,0,0.49999999999999989,0.49999999999999989,0.49004736746772765,0.5,0.0037533286537632105,0.0037533286537632,1.0408340855860843e-17,True,,0,[],0,[],0,62,0,0,,dfc5ab05ec3cba363d893e48f681665d04ab5c6ce92c0c35019722f21d51c8a1,0,0,0,False,False,abstain,fixed,none,standard,0.49999999999999989,0.5,0.49999999999999989,0.5,0.49999999999999989,0.5
63,numerical_frozen_W,2021-03-05,2021-03-06,bull,0.0012932315417328,0.50187460463585354,0.5,0.0006447399540816523,0.00064453219857151347,0.00064661577086640002,0.0018746046358535384,1.8746046358535384e-06,2.3897389494525882e-06,1.2747962443635483,1.2756181564356028,ABSTAIN,0,0.49999999999999972,0.49999999999999972,0.50187460463585354,0.5,0.0006447399540816523,0.00064473995408160004,5.2150124496552763e-17,True,,0,[],0,[],0,63,0,0,,85c647bf6f5d663dd1c89746277e613eba0cf140c1a30fda03181d4929fc9c9d,0,0,0,False,False,abstain,fixed,none,standard,0.49999999999999972,0.5,0.49999999999999972,0.5,0.49999999999999972,0.5
64,numerical_frozen_W,2021-03-06,2021-03-07,bull,0.0435303220101688,0.50032309896454719,0.5,0.021764830873818752,0.021531358525800872,0.0217651610050844,0.00032309896454718601,3.2309896454718601e-07,4.1215090550193361e-07,1.2756181564356028,1.3033817698699961,ABSTAIN,0,0.49999999999999989,0.49999999999999989,0.50032309896454719,0.5,0.021764830873818752,0.0217648308738187,4.8572257327350599e-17,True,,0,[],0,[],0,64,0,0,,468cc12fa2bb990ce9d5d6540be9ded992e5aebf616192f587a92d0ffcf5bdbc,0,0,0,False,False,abstain,fixed,none,standard,0.49999999999999989,0.5,0.49999999999999989,0.5,0.49999999999999989,0.5
65,numerical_frozen_W,2021-03-07,2021-03-08,bull,0.026061986218746499,0.51065076488988648,0.5,0.013020203554439558,0.012936169346476808,0.013030993109373249,0.010650764889886477,1.0650764889886476e-05,1.3882012792649451e-05,1.3033817698699961,1.3203520658228491,ABSTAIN,0,0.49999999999999994,0.49999999999999994,0.51065076488988648,0.5,0.013020203554439558,0.013020203554439501,5.7245874707234634e-17,True,,0,[],0,[],0,65,0,0,,8f05415a99f77ce253b85d5cc0fa082a06ee67b2f8191d5b89d95006c884aa08,0,0,0,False,False,abstain,fixed,none,standard,0.49999999999999994,0.5,0.49999999999999994,0.5,0.49999999999999994,0.5
66,numerical_frozen_W,2021-03-08,2021-03-09,bull,0.049091013362390301,0.50643168530775962,0.5,0.024538917126912585,0.02424267443402519,0.024545506681195151,0.0064316853077596159,6.4316853077596157e-06,8.492088982822876e-06,1.3203520658228491,1.3527520757444238,ABSTAIN,0,0.49999999999999972,0.49999999999999972,0.50643168530775962,0.5,0.024538917126912585,0.024538917126912502,8.3266726846886741e-17,True,,0,[],0,[],0,66,0,0,,b82b250b42373d70c87eae14100d843eb40af027185bc3551ac1de12da80edfd,0,0,0,False,False,abstain,fixed,none,standard,0.49999999999999972,0.5,0.49999999999999972,0.5,0.49999999999999972,0.5
67,numerical_frozen_W,2021-03-09,2021-03-10,bull,0.017728092713059598,0.51197872935908206,0.5,0.0088519614471582742,0.0088130125172886133,0.0088640463565297992,0.011978729359082063,1.1978729359082063e-05,1.6204251005278932e-05,1.3527520757444238,1.3647265849664767,ABSTAIN,0,0.49999999999999994,0.49999999999999994,0.51197872935908206,0.5,0.0088519614471582742,0.0088519614471581996,7.2858385991025898e-17,True,,0,[],0,[],0,67,0,0,,c91976b2635c896097b5ce1ea3845a92c7d0b52014cef5c48deade662c6a06fd,0,0,0,False,False,abstain,fixed,none,standard,0.49999999999999994,0.5,0.49999999999999994,0.5,0.49999999999999994,0.5
68,numerical_frozen_W,2021-03-10,2021-03-11,bull,0.034870792220139203,0.50439308268965577,0.5,0.017430926432242977,0.017280750460006215,0.017435396110069602,0.0043930826896557695,4.3930826896557692e-06,5.9953567365292626e-06,1.3647265849664767,1.3885150336691536,ABSTAIN,0,0.5,0.5,0.50439308268965577,0.5,0.017430926432242977,0.017430926432242901,7.2858385991025898e-17,True,,0,[],0,[],0,68,0,0,,69cbb68b27d2938246442eac4fb8b7f715726141dfdabb62bc5cb674fa849f38,0,0,0,False,False,abstain,fixed,none,standard,0.5,0.5,0.5,0.5,0.5,0.5
69,numerical_frozen_W,2021-03-11,2021-03-12,bull,-0.0092457547210615006,0.50856830624171812,0.5,-0.0046314060565435522,-0.0046421642474594495,-0.0046228773605307503,0.0085683062417181155,8.5683062417181161e-06,1.1897222029706849e-05,1.3885150336691536,1.3820842567326166,ABSTAIN,0,0.5,0.5,0.50856830624171812,0.5,-0.0046314060565435522,-0.0046314060565435002,-5.2041704279304213e-17,True,,0,[],0,[],0,69,0,0,,c4c5ec779312d9aad063fa697414a664ef5e38bb8ec259b04d3fe778a67c7b7d,0,0,0,False,False,abstain,fixed,none,standard,0.5,0.5,0.5,0.5,0.5,0.5
70,numerical_frozen_W,2021-03-12,2021-03-13,bull,0.068631679679246299,0.49767782619502443,0.5,0.034313437978473749,0.033737861658392723,0.03431583983962315,0.0023221738049755691,2.3221738049755692e-06,3.209439857253612e-06,1.3820842567326166,1.4295083191570361,ABSTAIN,0,0.49999999999999994,0.49999999999999994,0.49767782619502443,0.5,0.034313437978473749,0.0343134379784737,4.163336342344337e-17,True,,0,[],0,[],0,70,0,0,,5bc5117b2805798ca4d6221cfc2440317210eb3037bb3b1472040de00fa4cc28,0,0,0,False,False,abstain,fixed,none,standard,0.49999999999999994,0.5,0.49999999999999994,0.5,0.49999999999999994,0.5
71,numerical_frozen_W,2021-03-13,2021-03-14,bull,-0.034015684211042299,0.51658866591704922,0.5,-0.017024148634027569,-0.017170725397181327,-0.01700784210552115,0.016588665917049217,1.6588665917049216e-05,2.3713635932138642e-05,1.4295083191570361,1.4051721570581279,ABSTAIN,0,0.49999999999999989,0.49999999999999989,0.51658866591704922,0.5,-0.017024148634027569,-0.0170241486340275,-6.9388939039072284e-17,True,,0,[],0,[],0,71,0,0,,9efbf7fe789920c7e73cbf8dd7a0379a16635489731ea474b812c0e23e4d6a26,0,0,0,False,False,abstain,fixed,none,standard,0.49999999999999989,0.5,0.49999999999999989,0.5,0.49999999999999989,0.5
72,numerical_frozen_W,2021-03-14,2021-03-15,bull,-0.056203553490984201,0.49134894313808614,0.5,-0.028110184692285434,-0.028512839684204368,-0.028101776745492101,0.0086510568619138639,8.6510568619138649e-06,1.2156224231488022e-05,1.4051721570581279,1.3656725081987668,ABSTAIN,0,0.49999999999999983,0.49999999999999983,0.49134894313808614,0.5,-0.028110184692285434,-0.028110184692285399,-3.8163916471489756e-17,True,,0,[],0,[],0,72,0,0,,3a102b13a1709f484809c6c7700c67a8e0506f52561b85b97e284ed0702bed9d,0,0,0,False,False,abstain,fixed,none,standard,0.49999999999999983,0.5,0.49999999999999983,0.5,0.49999999999999983,0.5
73,numerical_frozen_W,2021-03-15,2021-03-16,bull,0.019687657394611601,0.48554283973717421,0.5,0.0098292292232338152,0.0097812365805411243,0.0098438286973058006,0.014457160262825786,1.4457160262825785e-05,1.9743746317564833e-05,1.3656725081987668,1.3790960163257211,ABSTAIN,0,0.49999999999999994,0.49999999999999994,0.48554283973717421,0.5,0.0098292292232338152,0.0098292292232340008,-1.8388068845354155e-16,True,,0,[],0,[],0,73,0,0,,ca1061f7701b2c55f9c23a67d4d0d9e959e8687f5cbe476922c39d2ee473656f,0,0,0,False,False,abstain,fixed,none,standard,0.49999999999999994,0.5,0.49999999999999994,0.5,0.49999999999999994,0.5
74,numerical_frozen_W,2021-03-16,2021-03-17,bull,0.035574102166121502,0.50487393615605114,0.5,0.017782090453953181,0.017625838686429179,0.017787051083060751,0.0048739361560511396,4.8739361560511399e-06,6.7216259366360254e-06,1.3790960163257211,1.4036192264327116,ABSTAIN,0,0.49999999999999994,0.49999999999999994,0.50487393615605114,0.5,0.017782090453953181,0.017782090453953101,7.6327832942979512e-17,True,,0,[],0,[],0,74,0,0,,70a56e4ee23e165b730e97b91a59ed44519432a6199a7ff0b3337918cab32533,0,0,0,False,False,abstain,fixed,none,standard,0.49999999999999994,0.5,0.49999999999999994,0.5,0.49999999999999994,0.5
75,numerical_frozen_W,2021-03-17,2021-03-18,bull,-0.021344853047264099,0.50873810050154067,0.5,-0.010681071367398043,-0.01073852347645142,-0.01067242652363205,0.0087381005015406688,8.7381005015406682e-06,1.2264965866463803e-05,1.4036192264327116,1.3886270693025318,ABSTAIN,0,0.49999999999999978,0.49999999999999978,0.50873810050154067,0.5,-0.010681071367398043,-0.010681071367397999,-4.3368086899420177e-17,True,,0,[],0,[],0,75,0,0,,114604831439510bd8715d8d9ba700f85c53289e076855fd88267c49f8a9efb9,0,0,0,False,False,abstain,fixed,none,standard,0.49999999999999978,0.5,0.49999999999999978,0.5,0.49999999999999978,0.5
76,numerical_frozen_W,2021-03-18,2021-03-19,bull,0.0074927154155681004,0.49460622203921273,0.5,0.0037409437228015374,0.0037339637950948193,0.0037463577077840502,0.0053937779607872716,5.3937779607872718e-06,7.4899460821566148e-06,1.3886270693025318,1.3938218450207513,ABSTAIN,0,0.50000000000000011,0.50000000000000011,0.49460622203921273,0.5,0.0037409437228015374,0.0037409437228015001,3.7296554733501353e-17,True,,0,[],0,[],0,76,0,0,,f58c17e09df38d9c8936a986c0995169bfaa497b469c416b501f1862eaeb1b39,0,0,0,False,False,abstain,fixed,none,standard,0.50000000000000011,0.5,0.50000000000000011,0.5,0.50000000000000011,0.5
77,numerical_frozen_W,2021-03-19,2021-03-20,bull,9.2962401873064606e-05,0.50186618744816147,0.5,4.4614926745900618e-05,4.4613931529657238e-05,4.6481200936532303e-05,0.0018661874481614715,1.8661874481614716e-06,2.60113283215099e-06,1.3938218450207513,1.3938840302802638,ABSTAIN,0,0.49999999999999994,0.49999999999999994,0.50186618744816147,0.5,4.4614926745900618e-05,4.4614926745900618e-05,0,True,,0,[],0,[],0,77,0,0,,c091c0b0a10c678d37634506232dbc9349286f8b68d9c7d1a3a7f66da1a35c02,0,0,0,False,False,abstain,fixed,none,standard,0.49999999999999994,0.5,0.49999999999999994,0.5,0.49999999999999994,0.5
78,numerical_frozen_W,2021-03-20,2021-03-21,bull,-0.012214812698172201,0.50002323952026739,0.5,-0.006107429446673196,-0.0061261560805597731,-0.0061074063490861004,2.3239520267392955e-05,2.3239520267392956e-08,3.2393196172093564e-08,1.3938840302802638,1.3853709819084825,ABSTAIN,0,0.49999999999999978,0.49999999999999978,0.50002323952026739,0.5,-0.006107429446673196,-0.0061074294466730997,-9.7144514654701197e-17,True,,0,[],0,[],0,78,0,0,,b53805cb7ed9ace99202a291bca217aaf41c58fcde3aa25f54e54b40f47edd27,0,0,0,False,False,abstain,fixed,none,standard,0.49999999999999978,0.5,0.49999999999999978,0.5,0.49999999999999978,0.5
79,numerical_frozen_W,2021-03-21,2021-03-22,bull,-0.056209243723838301,0.49692753201497791,0.5,-0.0281076079793533,-0.028510188447947116,-0.02810462186191915,0.0030724679850220871,3.0724679850220873e-06,4.2565079892924262e-06,1.3853709819084825,1.346431517443027,ABSTAIN,0,0.49999999999999994,0.49999999999999994,0.49692753201497791,0.5,-0.0281076079793533,-0.0281076079793533,0,True,,0,[],0,[],0,79,0,0,,cd60bd465bbda5195d0f2a9001aebeca8a2c467d748ea4c94694fe813a03526e,0,0,0,False,False,abstain,fixed,none,standard,0.49999999999999994,0.5,0.49999999999999994,0.5,0.49999999999999994,0.5
80,numerical_frozen_W,2021-03-22,2021-03-23,bull,0.0054322236850120999,0.48554133372063113,0.5,0.0027016139048721133,0.0026979711055099137,0.00271611184250605,0.01445866627936887,1.445866627936887e-05,1.9467603978732955e-05,1.346431517443027,1.3500690555525092,ABSTAIN,0,0.49999999999999989,0.49999999999999989,0.48554133372063113,0.5,0.0027016139048721133,0.0027016139048720998,1.3444106938820255e-17,True,,0,[],0,[],0,80,0,0,,7ea5307ae47c113e437b0d1523f3241a6adf972419bae2f4cc4dd200a015ceb1,0,0,0,False,False,abstain,fixed,none,standard,0.49999999999999989,0.5,0.49999999999999989,0.5,0.49999999999999989,0.5
81,numerical_frozen_W,2021-03-23,2021-03-24,bull,-0.039063403884119101,0.50135437728108068,0.5,-0.019533029866047324,-0.019726320670972561,-0.01953170194205955,0.0013543772810806765,1.3543772810806765e-06,1.828502856730364e-06,1.3500690555525092,1.3236981163691757,ABSTAIN,0,0.49999999999999994,0.49999999999999994,0.50135437728108068,0.5,-0.019533029866047324,-0.0195330298660473,-2.4286128663675299e-17,True,,0,[],0,[],0,81,0,0,,e80c2c3e683db1cc06029859d3822c7044b6a9eed20e7901d23c0452bc564472,0,0,0,False,False,abstain,fixed,none,standard,0.49999999999999994,0.5,0.49999999999999994,0.5,0.49999999999999994,0.5
82,numerical_frozen_W,2021-03-24,2021-03-25,bull,-0.019170422013018499,0.4900396055738126,0.5,-0.0095950759284531006,-0.0096414052633298428,-0.0095852110065092495,0.0099603944261874022,9.9603944261874029e-06,1.3184555340238301e-05,1.3236981163691757,1.310997132436263,ABSTAIN,0,0.49999999999999983,0.49999999999999983,0.4900396055738126,0.5,-0.0095950759284531006,-0.0095950759284531995,9.8879238130678004e-17,True,,0,[],0,[],0,82,0,0,,3aa98c562db3c67ad70d3316c220f93fcc0f9db4588f88cf4616748c616e225a,0,0,0,False,False,abstain,fixed,none,standard,0.49999999999999983,0.5,0.49999999999999983,0.5,0.49999999999999983,0.5
83,numerical_frozen_W,2021-03-25,2021-03-26,bull,0.072362306443787397,0.49516101177353666,0.5,0.036176139153492715,0.035537147873713523,0.036181153221893698,0.0048389882264633366,4.8389882264633364e-06,6.3438996887862728e-06,1.310997132436263,1.3584239471291073,ABSTAIN,0,0.49999999999999989,0.49999999999999989,0.49516101177353666,0.5,0.036176139153492715,0.036176139153492902,-1.8041124150158794e-16,True,,0,[],0,[],0,83,0,0,,644b9a4d7abf2b416f2fb7575cdbd2afa16abd64766e68b2daae28b625206fdb,0,0,0,False,False,abstain,fixed,none,standard,0.49999999999999989,0.5,0.49999999999999989,0.5,0.49999999999999989,0.5
84,numerical_frozen_W,2021-03-26,2021-03-27,bull,0.015022866809239799,0.51745889370280118,0.5,0.0074938433695996842,0.0074659040206252044,0.0075114334046198997,0.017458893702801181,1.7458893702801181e-05,2.3716579296266695e-05,1.3584239471291073,1.3686037634184063,ABSTAIN,0,0.5,0.5,0.51745889370280118,0.5,0.0074938433695996842,0.0074938433695996001,8.3266726846886741e-17,True,,0,[],0,[],0,84,0,0,,db73097d4cd1b13fccc769290786c9c97d8bd1899f7fd8f7fcc3babb543fb0e3,0,0,0,False,False,abstain,fixed,none,standard,0.5,0.5,0.5,0.5,0.5,0.5
85,numerical_frozen_W,2021-03-27,2021-03-28,bull,-0.0017489245993316,0.50372771621024548,0.5,-0.00087818675612882924,-0.00087857258802299444,-0.00087446229966579999,0.0037277162102454797,3.7277162102454799e-06,5.1017664342977626e-06,1.3686037634184063,1.3674018737189841,ABSTAIN,0,0.50000000000000011,0.50000000000000011,0.50372771621024548,0.5,-0.00087818675612882924,-0.00087818675612879996,-2.938187887435717e-17,True,,0,[],0,[],0,85,0,0,,bc8077f3db623911407ed584ec030d6c80afc85c309ec7acaecae5df63977100,0,0,0,False,False,abstain,fixed,none,standard,0.50000000000000011,0.5,0.50000000000000011,0.5,0.50000000000000011,0.5
86,numerical_frozen_W,2021-03-28,2021-03-29,bull,0.033192743861763102,0.4995623861733739,0.5,0.016595927054253057,0.016459719583777448,0.016596371930881551,0.00043761382662610426,4.3761382662610428e-07,5.9839396649386964e-07,1.3674018737189841,1.3900951754690734,ABSTAIN,0,0.5,0.5,0.4995623861733739,0.5,0.016595927054253057,0.016595927054253001,5.5511151231257827e-17,True,,0,[],0,[],0,86,0,0,,346dd1ccb7bd874a6182550d54f985e13c1c92408f03fb0b1355dede4947d026,0,0,0,False,False,abstain,fixed,none,standard,0.5,0.5,0.5,0.5,0.5,0.5
87,numerical_frozen_W,2021-03-29,2021-03-30,bull,0.0200481808935681,0.50816271451931272,0.5,0.010015845908476262,0.0099660197483900509,0.01002409044678405,0.0081627145193127193,8.1627145193127191e-06,1.1346950072027967e-05,1.3900951754690734,1.4040181545446879,ABSTAIN,0,0.49999999999999989,0.49999999999999989,0.50816271451931272,0.5,0.010015845908476262,0.010015845908476199,6.0715321659188248e-17,True,,0,[],0,[],0,87,0,0,,734f5bde59045e4a587580d91596870c929a77b74fd5516339e1d35cb61cf4db,0,0,0,False,False,abstain,fixed,none,standard,0.49999999999999989,0.5,0.49999999999999989,0.5,0.49999999999999989,0.5
88,numerical_frozen_W,2021-03-30,2021-03-31,bull,-0.00012931481862749999,0.50496230265277631,0.5,-6.9619391116826357e-05,-6.9621814659120439e-05,-6.4657409313749996e-05,0.004962302652776307,4.9623026527763072e-06,6.9671630128432002e-06,1.4040181545446879,1.4039204076556515,ABSTAIN,0,0.5,0.5,0.50496230265277631,0.5,-6.9619391116826357e-05,-6.9619391116826357e-05,0,True,,0,[],0,[],0,88,0,0,,669c7e597a6db0b2442a887ed7a3722ed7940e39198a2cf5a4cca5472d21e570,0,0,0,False,False,abstain,fixed,none,standard,0.5,0.5,0.5,0.5,0.5,0.5
89,numerical_frozen_W,2021-03-31,2021-04-01,bull,-0.00077258579701400005,0.49996766920491764,0.5,-0.00038632521681292165,-0.00038639985962438036,-0.00038629289850700002,3.2330795082358144e-05,3.2330795082358143e-08,4.538986301185558e-08,1.4039204076556515,1.4033780377997758,ABSTAIN,0,0.49999999999999994,0.49999999999999994,0.49996766920491764,0.5,-0.00038632521681292165,-0.000397613905921,1.1293115665792267e-05,True,,0,[],0,[],0,89,0,0,,972fee970199d33e439e2da0e0e9ad7e53e6ec64cabd9ce20ef9846abe0ae3a8,0,0,0,False,False,abstain,fixed,none,standard,0.49999999999999994,0.5,0.49999999999999994,0.5,0.49999999999999994,0.5
90,numerical_frozen_W,2021-04-01,2021-04-02,bull,0.0044108906422699002,0.49980677891081188,0.5,0.0022052516739070605,0.0022028236753444765,0.0022054453211349501,0.00019322108918812253,1.9322108918812254e-07,2.7116223300636286e-07,1.4033780377997758,1.4064728395667581,ABSTAIN,0,0.5,0.5,0.49980677891081188,0.5,0.0022052516739070605,0.0019847091278604001,0.00022008148054849467,True,,0,[],0,[],0,90,0,0,,7aa8cb01d812dc9e8dfaf517f01bf182239f112023bbc4680036ba1ebca8873d,0,0,0,False,False,abstain,fixed,none,standard,0.5,0.5,0.5,0.5,0.5,0.5
91,numerical_frozen_W,2021-04-02,2021-04-03,bull,-0.032510813482475497,0.5011002960178631,0.5,-0.016256489151496245,-0.016390075614334663,-0.016255406741237748,0.0011002960178631005,1.1002960178631005e-06,1.5475364646079115e-06,1.4064728395667581,1.383608529108467,ABSTAIN,0,0.49999999999999994,0.49999999999999994,0.5011002960178631,0.5,-0.016256489151496245,-0.0146309396602142,-0.0016510481770641693,True,,0,[],0,[],0,91,0,0,,2c3eed42b645268040b5b9dd43d1fecc86e927a78f1db1daf43aed3fc622d55f,0,0,0,False,False,abstain,fixed,none,standard,0.49999999999999994,0.5,0.49999999999999994,0.5,0.49999999999999994,0.5
92,numerical_frozen_W,2021-04-03,2021-04-04,bull,0.019979004519811602,0.49173799436732352,0.5,0.0099811577209492075,0.0099316749573154714,0.0099895022599058008,0.0082620056326764835,8.2620056326764828e-06,1.1431381460913378e-05,1.383608529108467,1.3974185440615492,ABSTAIN,0,0.5,0.5,0.49173799436732352,0.5,0.0099811577209492075,0.0089823127257892994,0.00098946324812020266,True,,0,[],0,[],0,92,0,0,,13b56fb391e35ee7231e1d0d42ab1aa49ffea166aecfd42405c3b2921c376a1b,0,0,0,False,False,abstain,fixed,none,standard,0.5,0.5,0.5,0.5,0.5,0.5
93,numerical_frozen_W,2021-04-04,2021-04-05,bull,0.013634044044749299,0.50494534954945269,0.5,0.006812042960268494,0.0067889458287281653,0.0068170220223746497,0.0049453495494526933,4.9453495494526933e-06,6.9107231672716211e-06,1.3974185440615492,1.4069378192171724,ABSTAIN,0,0.5,0.5,0.50494534954945269,0.5,0.006812042960268494,0.0061303890092784998,0.00067727120877376229,True,,0,[],0,[],0,93,0,0,,fc8009c4afea7ed30aa8d4e8a7f6b68dcda69a739096a79c1c9332ba4406e344,0,0,0,False,False,abstain,fixed,none,standard,0.5,0.5,0.5,0.5,0.5,0.5
94,numerical_frozen_W,2021-04-05,2021-04-06,bull,-0.016901890719978802,0.50338543244366363,0.5,-0.0084543021823284548,-0.0084902425052845575,-0.0084509453599894008,0.0033854324436636274,3.3854324436636273e-06,4.7630929393951672e-06,1.4069378192171724,1.3950431417417641,ABSTAIN,0,0.49999999999999994,0.49999999999999994,0.50338543244366363,0.5,-0.0084543021823284548,-0.0076091791640804998,-0.00085196583804060793,True,,0,[],0,[],0,94,0,0,,a4b07fd63b6b4694a4fb464ba83b5ac674cb055d5ba90dcd651bc9257cab7ac1,0,0,0,False,False,abstain,fixed,none,standard,0.49999999999999994,0.5,0.49999999999999994,0.5,0.49999999999999994,0.5
95,numerical_frozen_W,2021-04-06,2021-04-07,bull,-0.035305700536068699,0.49573851373240546,0.5,-0.017657036526922965,-0.017814781628663033,-0.017652850268034349,0.0042614862675945386,4.2614862675945384e-06,5.9449571912344698e-06,1.3950431417417641,1.3704108140313964,ABSTAIN,0,0.5,0.5,0.49573851373240546,0.5,-0.017657036526922965,-0.015891713549449401,-0.0017954408498739548,True,,0,[],0,[],0,95,0,0,,a296f934989b377e21da0b47eceb32c6b874d2d64b2a4a22542f9e2e56d58a0e,0,0,0,False,False,abstain,fixed,none,standard,0.5,0.5,0.5,0.5,0.5,0.5
96,numerical_frozen_W,2021-04-07,2021-04-08,bull,0.038047354094018201,0.4910149633595155,0.5,0.019014521081933244,0.01883600446479694,0.019023677047009101,0.0089850366404845006,8.9850366404845015e-06,1.2313191376588288e-05,1.3704108140313964,1.3964685193457056,ABSTAIN,0,0.49999999999999994,0.49999999999999994,0.4910149633595155,0.5,0.019014521081933244,0.017112278088028302,0.0018684922256475209,True,,0,[],0,[],0,96,0,0,,f277d29c625bdb4702eaf9d9d35338a53361d0b0ea5a9e1dfcf0702c457d3965,0,0,0,False,False,abstain,fixed,none,standard,0.49999999999999994,0.5,0.49999999999999994,0.5,0.49999999999999994,0.5
97,numerical_frozen_W,2021-04-08,2021-04-09,bull,0.0007111199881537,0.50933426645303137,0.5,0.00034622240873205534,0.00034616248758419834,0.00035555999407685,0.0093342664530313701,9.3342664530313706e-06,1.3035009252843009e-05,1.3964685193457056,1.396952008040192,ABSTAIN,0,0.5,0.5,0.50933426645303137,0.5,0.00034622240873205534,0.00031480371542900001,3.1408312448116121e-05,True,,0,[],0,[],0,97,0,0,,621b16f9ecf8a9095c08fda5dce41ec57bbc65f33e1ab56938c3ecbb8b75a4f0,0,0,0,False,False,abstain,fixed,none,standard,0.5,0.5,0.5,0.5,0.5,0.5
98,numerical_frozen_W,2021-04-09,2021-04-10,bull,0.028040888732886401,0.50017771680805123,0.5,0.014020264157966533,0.01392288934599926,0.0140204443664432,0.00017771680805123147,1.7771680805123146e-07,2.4826185186966119e-07,1.396952008040192,1.4165376442089173,ABSTAIN,0,0.5,0.5,0.50017771680805123,0.5,0.014020264157966533,0.0140202641579665,3.2959746043559335e-17,True,,0,[],0,[],0,98,0,0,,c07d31ddfc967b82fa4eb294589b3383865076711e8cb1ce8fb6f41d038f9b7e,0,0,0,False,False,abstain,fixed,none,standard,0.5,0.5,0.5,0.5,0.5,0.5
99,numerical_frozen_W,2021-04-10,2021-04-11,mix,0.0038544965220824999,0.50691329471922197,0.5,0.0019203216426868508,0.0019184801821686183,0.0019272482610412499,0.006913294719221974,6.9132947192219738e-06,9.7929422152886436e-06,1.4165376442089173,1.4192578521047723,ABSTAIN,0,0.5,0.5,0.50691329471922197,0.5,0.0019203216426868508,0.0019203216426868001,5.0523821237824507e-17,True,,0,[],0,[],0,99,0,0,,442c19b9a0004101ef12ad0472a892677ebe69a5b7ebe662be117be4a8df0fb6,0,0,0,False,False,abstain,fixed,none,standard,0.5,0.5,0.5,0.5,0.5,0.5
100,numerical_frozen_W,2021-04-11,2021-04-12,bull,-0.0019156800664235001,0.50096177055988156,0.5,-0.0009588008825492933,-0.00095926082613519506,-0.00095784003321175003,0.00096177055988155846,9.6177055988155852e-07,1.3650004190351051e-06,1.4192578521047723,1.4178970664236092,ABSTAIN,0,0.5,0.5,0.50096177055988156,0.5,-0.0009588008825492933,-0.00095880088254919995,-9.3458227268250482e-17,True,,0,[],0,[],0,100,0,0,,b3fb62a6cf7e4805d587b18d645ede533335468e43e21fac138b08fa21bc88f0,0,0,0,False,False,abstain,fixed,none,standard,0.5,0.5,0.5,0.5,0.5,0.5
101,numerical_frozen_W,2021-04-12,2021-04-13,bull,0.061424433463963,0.49952062081481946,0.5,0.030711722629998883,0.030249556460567237,0.0307122167319815,0.00047937918518053957,4.7937918518053957e-07,6.797103403720272e-07,1.4178970664236092,1.4614431278455002,ABSTAIN,0,0.49999999999999994,0.49999999999999994,0.49952062081481946,0.5,0.030711722629998883,0.027590105638733299,0.0030331988649180582,True,,0,[],0,[],0,101,0,0,,8cd87c1382aae41a9dbc173db5c7eda2578fd95f842704a5d89c6fac8c28535b,0,0,0,False,False,abstain,fixed,none,standard,0.49999999999999994,0.5,0.49999999999999994,0.5,0.49999999999999994,0.5
102,numerical_frozen_W,2021-04-13,2021-04-14,bull,-0.0088210900380698998,0.51489854114146383,0.5,-0.004425377849489931,-0.0044351988190900176,-0.0044105450190349499,0.014898541141463828,1.4898541141463828e-05,2.1773370566115766e-05,1.4614431278455002,1.4549756897992434,ABSTAIN,0,0.49999999999999989,0.49999999999999989,0.51489854114146383,0.5,-0.004425377849489931,-0.0044455961033332998,2.0308331182536388e-05,True,,0,[],0,[],0,102,0,0,,eba8e93d5253da48ed3ca5978e15b192aa9e2aa0ccea890e8d38b40269b942cf,0,0,0,False,False,abstain,fixed,none,standard,0.49999999999999989,0.5,0.49999999999999989,0.5,0.49999999999999989,0.5
103,numerical_frozen_W,2021-04-14,2021-04-15,bull,0.0037408463585494999,0.49778495794779221,0.5,0.0018682039941566586,0.0018664610714938723,0.00187042317927475,0.002215042052207794,2.2150420522077942e-06,3.222832337845367e-06,1.4549756897992434,1.4576938811943272,ABSTAIN,0,0.49999999999999989,0.49999999999999989,0.49778495794779221,0.5,0.0018682039941566586,0.0016355154631157,0.00023228160729365892,True,,0,[],0,[],0,103,0,0,,b57c7c187fc21c983f57bcba7d40560be3c5993744465f382889287efdec17f5,0,0,0,False,False,abstain,fixed,none,standard,0.49999999999999989,0.5,0.49999999999999989,0.5,0.49999999999999989,0.5
104,numerical_frozen_W,2021-04-15,2021-04-16,bull,-0.029048025816249101,0.50093346561391605,0.5,-0.014524932816071812,-0.014631452370562596,-0.014524012908124551,0.00093346561391605132,9.3346561391605134e-07,1.3607071137107344e-06,1.4576938811943272,1.4365209755035806,ABSTAIN,0,0.49999999999999989,0.49999999999999989,0.50093346561391605,0.5,-0.014524932816071812,-0.0130725238386942,-0.0014727310556287929,True,,0,[],0,[],0,104,0,0,,6f2d3e1334af6078c8a26a8670c70ff3f43e6eb76b26d08649ef5126192880ed,0,0,0,False,False,abstain,fixed,none,standard,0.49999999999999989,0.5,0.49999999999999989,0.5,0.49999999999999989,0.5
105,numerical_frozen_W,2021-04-16,2021-04-17,bull,-0.021795479612966399,0.49263096559512087,0.5,-0.010905028535068584,-0.010964924199390255,-0.0108977398064832,0.0073690344048791268,7.369034404879127e-06,1.0585772491816411e-05,1.4365209755035806,1.4208556732744895,ABSTAIN,0,0.49999999999999978,0.49999999999999978,0.49263096559512087,0.5,-0.010905028535068584,-0.0098151789866045003,-0.0011012588141914668,True,,0,[],0,[],0,105,0,0,,1970177e04d4191f27a7bc19b18beb095976765f97846eb3d9289f718d77ca39,0,0,0,False,False,abstain,fixed,none,standard,0.49999999999999978,0.5,0.49999999999999978,0.5,0.49999999999999978,0.5
106,numerical_frozen_W,2021-04-17,2021-04-18,bull,-0.063868731669051104,0.49449109548877634,0.5,-0.03193969881566483,-0.032460899033872295,-0.031934365834525552,0.0055089045112236557,5.5089045112236555e-06,7.8273582282995594e-06,1.4208556732744895,1.3754739710095736,ABSTAIN,0,0.49999999999999989,0.49999999999999989,0.49449109548877634,0.5,-0.03193969881566483,-0.028746220489029601,-0.0032934131144075202,True,,0,[],0,[],0,106,0,0,,736357beaacfbfd64e1c1bb597d5df274beca3a97751d62c3bd33b45032ac92a,0,0,0,False,False,abstain,fixed,none,standard,0.49999999999999989,0.5,0.49999999999999989,0.5,0.49999999999999989,0.5
107,numerical_frozen_W,2021-04-18,2021-04-19,bull,-0.0099809454677433993,0.48350609467608324,0.5,-0.0050068843268107344,-0.005019460768897953,-0.0049904727338716997,0.016493905323916758,1.6493905323916758e-05,2.2686937453343732e-05,1.3754739710095736,1.3685871319421896,ABSTAIN,0,0.49999999999999989,0.49999999999999989,0.48350609467608324,0.5,-0.0050068843268107344,-0.0050564172665981,4.9783432646131887e-05,True,,0,[],0,[],0,107,0,0,,da566a4aeffafb3f7c54986f4d691aaecb22ca067e22488bf2e9e19f1fed8cab,0,0,0,False,False,abstain,fixed,none,standard,0.49999999999999989,0.5,0.49999999999999989,0.5,0.49999999999999989,0.5
108,numerical_frozen_W,2021-04-19,2021-04-20,mix,0.015043282458249501,0.49749224876892206,0.5,0.007519114615488709,0.0074909869817944659,0.0075216412291247503,0.0025077512310779371,2.5077512310779369e-06,3.4320760649654491e-06,1.3685871319421896,1.378877695448546,ABSTAIN,0,0.49999999999999983,0.49999999999999983,0.49749224876892206,0.5,0.007519114615488709,0.0075191146154887003,7.8062556418956319e-18,True,,0,[],0,[],0,108,0,0,,9df9a7fd5788d31e2ed0d9d4dbf57e2cc027c4ae68da769ecdcfe2abe435f42b,0,0,0,False,False,abstain,fixed,none,standard,0.49999999999999983,0.5,0.49999999999999983,0.5,0.49999999999999983,0.5
109,numerical_frozen_W,2021-04-20,2021-04-21,mix,-0.047146762223103503,0.5037327442515025,0.5,-0.023577025862400403,-0.023859411307945291,-0.023573381111551751,0.0037327442515024956,3.7327442515024955e-06,5.1469977912105692e-06,1.378877695448546,1.3463678603618685,ABSTAIN,0,0.49999999999999994,0.49999999999999994,0.5037327442515025,0.5,-0.023577025862400403,-0.023577025862400399,-3.4694469519536142e-18,True,,0,[],0,[],0,109,0,0,,784cb4aa7b5c226012d00f8732fc27e2152cafff6d96597d8be361b8641d031e,0,0,0,False,False,abstain,fixed,none,standard,0.49999999999999994,0.5,0.49999999999999994,0.5,0.49999999999999994,0.5
110,numerical_frozen_W,2021-04-21,2021-04-22,mix,-0.0388460094908602,0.48792874924979646,0.5,-0.019434841536219771,-0.019626181230646498,-0.0194230047454301,0.012071250750203544,1.2071250750203545e-05,1.6252344044443145e-05,1.3463678603618685,1.3202014143462764,ABSTAIN,0,0.49999999999999989,0.49999999999999989,0.48792874924979646,0.5,-0.019434841536219771,-0.019434841536219698,-7.6327832942979512e-17,True,,0,[],0,[],0,110,0,0,,7ee6c613adcb1d457073b3fb90efe6ef6ee2e1cdb6e972146ee7b794aa389d42,0,0,0,False,False,abstain,fixed,none,standard,0.49999999999999989,0.5,0.49999999999999989,0.5,0.49999999999999989,0.5
111,numerical_frozen_W,2021-04-22,2021-04-23,mix,-0.011326225847920399,0.49009613480663611,0.5,-0.0056729607024466056,-0.0056891130607751436,-0.0056631129239601997,0.0099038651933638921,9.9038651933638926e-06,1.3075096835773869e-05,1.3202014143462764,1.3127119636033755,ABSTAIN,0,0.49999999999999978,0.49999999999999978,0.49009613480663611,0.5,-0.0056729607024466056,-0.0056729607024466003,-5.2041704279304213e-18,True,,0,[],0,[],0,111,0,0,,2a7ff557db8bae549afdd5355e1aac120b6de4540c433045aae9eace45be206a,0,0,0,False,False,abstain,fixed,none,standard,0.49999999999999978,0.5,0.49999999999999978,0.5,0.49999999999999978,0.5
112,numerical_frozen_W,2021-04-23,2021-04-24,mix,-0.0206223261561563,0.49715231678640964,0.5,-0.010313981398365701,-0.010367539084769563,-0.01031116307807815,0.0028476832135903574,2.8476832135903572e-06,3.7381878230325685e-06,1.3127119636033755,1.2991726768293581,ABSTAIN,0,0.49999999999999989,0.49999999999999989,0.49715231678640964,0.5,-0.010313981398365701,-0.0103139813983657,-1.7347234759768071e-18,True,,0,[],0,[],0,112,0,0,,22e4b3358cb18d2f1d9f3f0bc03ce5c073888bf8aa940f8ab5d0fc0ee00fec66,0,0,0,False,False,abstain,fixed,none,standard,0.49999999999999989,0.5,0.49999999999999989,0.5,0.49999999999999989,0.5
113,numerical_frozen_W,2021-04-24,2021-04-25,mix,-0.022466055353581298,0.49479070456622132,0.5,-0.011238178456064674,-0.0113018039222543,-0.011233027676790649,0.0052092954337786823,5.2092954337786826e-06,6.7677742930972026e-06,1.2991726768293581,1.2845723424419064,ABSTAIN,0,0.49999999999999989,0.49999999999999989,0.49479070456622132,0.5,-0.011238178456064674,-0.011238178456064601,-7.2858385991025898e-17,True,,0,[],0,[],0,113,0,0,,bcc1829fefe3635a6ef95f605b775b2b599b55b8dc2e6b544a6cb5f4fe392b6d,0,0,0,False,False,abstain,fixed,none,standard,0.49999999999999989,0.5,0.49999999999999989,0.5,0.49999999999999989,0.5
114,numerical_frozen_W,2021-04-25,2021-04-26,mix,0.1032787621825193,0.49431967895812834,0.5,0.051633407441954882,0.050344581571686212,0.051639381091259651,0.005680321041871661,5.6803210418716613e-06,7.2967833065791304e-06,1.2845723424419064,1.3508991895878757,ABSTAIN,0,0.49999999999999983,0.49999999999999983,0.49431967895812834,0.5,0.051633407441954882,0.051633407441954798,8.3266726846886741e-17,True,,0,[],0,[],0,114,0,0,,a14f32204daf109db39f16aa6bcbca5870b00a7b981d93caa14c47fc3cfc242b,0,0,0,False,False,abstain,fixed,none,standard,0.49999999999999983,0.5,0.49999999999999983,0.5,0.49999999999999983,0.5
115,numerical_frozen_W,2021-04-26,2021-04-27,mix,0.0188076748641718,0.5245518482950281,0.5,0.0093790547022010173,0.0093353444632442682,0.0094038374320859,0.0245518482950281,2.45518482950281e-05,3.3167071964637933e-05,1.3508991895878757,1.3635693469841794,ABSTAIN,0,0.49999999999999994,0.49999999999999994,0.5245518482950281,0.5,0.0093790547022010173,0.009379054702201,1.7347234759768071e-17,True,,0,[],0,[],0,115,0,0,,0cbaebf07ca68a242aa1cc74053a302d80a6dd4872e7ba6f0c71b0f319bb1a7a,0,0,0,False,False,abstain,fixed,none,standard,0.49999999999999994,0.5,0.49999999999999994,0.5,0.49999999999999994,0.5
116,numerical_frozen_W,2021-04-27,2021-04-28,mix,-0.0035449201893288,0.50465811456394361,0.5,-0.0017771099529061418,-0.0017786908860708485,-0.0017724600946644,0.004658114563943605,4.6581145639436048e-06,6.3516622341340774e-06,1.3635693469841794,1.3611461343261761,ABSTAIN,0,0.49999999999999983,0.49999999999999983,0.50465811456394361,0.5,-0.0017771099529061418,-0.0017771099529061999,5.8113236445223038e-17,True,,0,[],0,[],0,116,0,0,,a6f605adb60f66119b7a801ee24cf8eca05b3b9094775269eb056c96c72492db,0,0,0,False,False,abstain,fixed,none,standard,0.49999999999999983,0.5,0.49999999999999983,0.5,0.49999999999999983,0.5
117,numerical_frozen_W,2021-04-28,2021-04-29,mix,-0.023350972075840401,0.49911219635613713,0.5,-0.011676363476024965,-0.01174506754077603,-0.011675486037920201,0.00088780364386287225,8.8780364386287223e-07,1.2084304978846418e-06,1.3611461343261761,1.3452528973177975,ABSTAIN,0,0.49999999999999994,0.49999999999999994,0.49911219635613713,0.5,-0.011676363476024965,-0.0116763634760249,-6.4184768611141862e-17,True,,0,[],0,[],0,117,0,0,,268617b7459a78c03e6e73c0e5945c3b1fd49529a1bd26b248241f7380853eef,0,0,0,False,False,abstain,fixed,none,standard,0.49999999999999994,0.5,0.49999999999999994,0.5,0.49999999999999994,0.5
118,numerical_frozen_W,2021-04-29,2021-04-30,mix,0.077659407626473095,0.49409329330954543,0.5,0.03882356775087481,0.038088888025875324,0.038829703813236548,0.0059067066904545662,5.9067066904545662e-06,7.9460142889404242e-06,1.3452528973177975,1.3974804143188757,ABSTAIN,0,0.49999999999999983,0.49999999999999983,0.49409329330954543,0.5,0.03882356775087481,0.038823567750874803,6.9388939039072284e-18,True,,0,[],0,[],0,118,0,0,,d110de12a66599dba1ea1c0f68094f9fe47bd58ebe0c8d06613cc0ec3860f2a2,0,0,0,False,False,abstain,fixed,none,standard,0.49999999999999983,0.5,0.49999999999999983,0.5,0.49999999999999983,0.5
119,numerical_frozen_W,2021-04-30,2021-05-01,mix,0.0015038036877839001,0.51868915745800503,0.5,0.00073319863402199204,0.00073292997521568555,0.00075190184389195005,0.018689157458005035,1.8689157458005036e-05,2.611773150768358e-05,1.3974804143188757,1.3985050450497267,ABSTAIN,0,0.49999999999999983,0.49999999999999983,0.51868915745800503,0.5,0.00073319863402199204,0.00073319863402189999,9.2048764444019326e-17,True,,0,[],0,[],0,119,0,0,,d277efa8312558b6ccaa5102b3cde2f92773aea130d7b960963b5b37fdac42cd,0,0,0,False,False,abstain,fixed,none,standard,0.49999999999999983,0.5,0.49999999999999983,0.5,0.49999999999999983,0.5
120,numerical_frozen_W,2021-05-01,2021-05-02,mix,-0.0208157821444078,0.50037566845614112,0.5,-0.010408262830743586,-0.010462807606000907,-0.0104078910722039,0.00037566845614112054,3.7566845614112055e-07,5.2537423117939903e-07,1.3985050450497267,1.3839490369707284,ABSTAIN,0,0.49999999999999994,0.49999999999999994,0.50037566845614112,0.5,-0.010408262830743586,-0.0104082628307435,-8.6736173798840355e-17,True,,0,[],0,[],0,120,0,0,,d2514dd5075fa9969940ec080ac7f28fe6852342dfe51c1b5a19bd7930e5eeff,0,0,0,False,False,abstain,fixed,none,standard,0.49999999999999994,0.5,0.49999999999999994,0.5,0.49999999999999994,0.5
121,numerical_frozen_W,2021-05-02,2021-05-03,mix,0.0099993286669799002,0.49474132272362159,0.5,0.0049943793645923495,0.0049819488233526117,0.0049996643334899501,0.0052586772763784095,5.2586772763784097e-06,7.2777413523837524e-06,1.3839490369707284,1.3908610034826223,ABSTAIN,0,0.49999999999999994,0.49999999999999994,0.49474132272362159,0.5,0.0049943793645923495,0.0049943793645923001,4.9439619065339002e-17,True,,0,[],0,[],0,121,0,0,,ac760e48b8a1b2790092996b1997de6740cac28d0b8804c352e6bc9468b51c99,0,0,0,False,False,abstain,fixed,none,standard,0.49999999999999994,0.5,0.49999999999999994,0.5,0.49999999999999994,0.5
122,numerical_frozen_W,2021-05-03,2021-05-04,mix,-0.059966975571018197,0.50248739602157266,0.5,-0.029985900600722482,-0.030444672127174669,-0.029983487785509098,0.0024873960215726632,2.4873960215726633e-06,3.459622126623237e-06,1.3908610034826223,1.3491547836827713,ABSTAIN,0,0.49999999999999989,0.49999999999999989,0.50248739602157266,0.5,-0.029985900600722482,-0.029985900600722499,1.7347234759768071e-17,True,,0,[],0,[],0,122,0,0,,d32610ef222ba6e9fd17caab7e0a6f1db1347c3fc04688f1905c5ff386d00c2a,0,0,0,False,False,abstain,fixed,none,standard,0.49999999999999989,0.5,0.49999999999999989,0.5,0.49999999999999989,0.5
123,numerical_frozen_W,2021-05-04,2021-05-05,mix,0.068844375389596604,0.48454485701637257,0.5,0.034406200551982069,0.033827542804008369,0.034422187694798302,0.015455142983627435,1.5455142983627434e-05,2.0851380088862173e-05,1.3491547836827713,1.3955740737458266,ABSTAIN,0,0.49999999999999994,0.49999999999999994,0.48454485701637257,0.5,0.034406200551982069,0.034406200551982,6.9388939039072284e-17,True,,0,[],0,[],0,123,0,0,,dee9d00f6e261800ed1c4e7c572a6f3cc39e53d34f55c26ee47468e030d87ceb,0,0,0,False,False,abstain,fixed,none,standard,0.49999999999999994,0.5,0.49999999999999994,0.5,0.49999999999999994,0.5
124,numerical_frozen_W,2021-05-05,2021-05-06,mix,-0.018034062599558101,0.51663836492694915,0.5,-0.0090335196360487036,-0.0090745692767166229,-0.0090170312997790505,0.016638364926949145,1.6638364926949145e-05,2.32200707215721e-05,1.3955740737458266,1.3829671279470832,ABSTAIN,0,0.49999999999999989,0.49999999999999989,0.51663836492694915,0.5,-0.0090335196360487036,-0.0090335196360487001,-3.4694469519536142e-18,True,,0,[],0,[],0,124,0,0,,0f24d1b9d2b4e2beadecc8f37a941299a3c590b47dc66bdf96370aa8d4aad88e,0,0,0,False,False,abstain,fixed,none,standard,0.49999999999999989,0.5,0.49999999999999989,0.5,0.49999999999999989,0.5
125,numerical_frozen_W,2021-05-06,2021-05-07,mix,0.016519694922826501,0.49545046101468027,0.5,0.0082552603439298711,0.0082213720589254177,0.0082598474614132503,0.0045495389853197343,4.5495389853197343e-06,6.2918628640109198e-06,1.3829671279470832,1.3943838816353833,ABSTAIN,0,0.49999999999999983,0.49999999999999983,0.49545046101468027,0.5,0.0082552603439298711,0.0082552603439297999,7.1123662515049091e-17,True,,0,[],0,[],0,125,0,0,,b5e4cffae28f2277f719361ba9ec5a4e7562eeb039fcb725a81273ca227177cc,0,0,0,False,False,abstain,fixed,none,standard,0.49999999999999983,0.5,0.49999999999999983,0.5,0.49999999999999983,0.5
126,numerical_frozen_W,2021-05-07,2021-05-08,mix,0.026211604333661299,0.50409609064677618,0.5,0.013101652393630259,0.013016568103338805,0.01310580216683065,0.0040960906467761848,4.0960906467761852e-06,5.7115227755821645e-06,1.3943838816353833,1.4126526145558509,ABSTAIN,0,0.49999999999999983,0.49999999999999983,0.50409609064677618,0.5,0.013101652393630259,0.0131016523936302,5.8980598183211441e-17,True,,0,[],0,[],0,126,0,0,,c7946c2d8f3e3a2b9cf015be82fec58c5e08b6f2ac5f2afadc441ff4d5d76c68,0,0,0,False,False,abstain,fixed,none,standard,0.49999999999999983,0.5,0.49999999999999983,0.5,0.49999999999999983,0.5
127,numerical_frozen_W,2021-05-08,2021-05-09,mix,-0.010227718851599401,0.50646813103764676,0.5,-0.0051202944797245076,-0.0051334481070119025,-0.0051138594257997003,0.0064681310376467627,6.4681310376467628e-06,9.1372222216215489e-06,1.4126526145558509,1.4054194171717722,ABSTAIN,0,0.49999999999999989,0.49999999999999989,0.50646813103764676,0.5,-0.0051202944797245076,-0.0051202944797246004,9.280770596475918e-17,True,,0,[],0,[],0,127,0,0,,cc21397f2dc655fc45399c8a39456ec4bc789fa26e1665b89d6ea500e4a023bf,0,0,0,False,False,abstain,fixed,none,standard,0.49999999999999989,0.5,0.49999999999999989,0.5,0.49999999999999989,0.5
128,numerical_frozen_W,2021-05-09,2021-05-10,mix,-0.041027983303084103,0.49742992729658075,0.5,-0.020516509001795469,-0.020729896259024688,-0.020513991651542052,0.0025700727034192461,2.5700727034192461e-06,3.6120300809285575e-06,1.4054194171717722,1.3765851170480694,ABSTAIN,0,0.49999999999999989,0.49999999999999989,0.49742992729658075,0.5,-0.020516509001795469,-0.020516509001795399,-6.9388939039072284e-17,True,,0,[],0,[],0,128,0,0,,89abc7c8790f008aaada897c5db693bc0851033deb7ddb14a87bb0009bdd8f99,0,0,0,False,False,abstain,fixed,none,standard,0.49999999999999989,0.5,0.49999999999999989,0.5,0.49999999999999989,0.5
129,numerical_frozen_W,2021-05-10,2021-05-11,mix,0.015162339813317599,0.48952818545814075,0.5,0.0075706187035116113,0.0075421053882678956,0.0075811699066587997,0.010471814541859248,1.0471814541859248e-05,1.4415344046810989e-05,1.3765851170480694,1.3870067180821692,ABSTAIN,0,0.49999999999999978,0.49999999999999978,0.48952818545814075,0.5,0.0075706187035116113,0.0075706187035116,1.1275702593849246e-17,True,,0,[],0,[],0,129,0,0,,7efe428858af5795e553ca51ff82db85a65519d7fc8953b1baf796a64728b49a,0,0,0,False,False,abstain,fixed,none,standard,0.49999999999999978,0.5,0.49999999999999978,0.5,0.49999999999999978,0.5
130,numerical_frozen_W,2021-05-11,2021-05-12,mix,-0.12896039734935799,0.50376206410614099,0.5,-0.064483718160144199,-0.066656728994161196,-0.064480198674678996,0.0037620641061409943,3.7620641061409945e-06,5.2180081890733503e-06,1.3870067180821692,1.297567367787132,ABSTAIN,0,0.49999999999999989,0.49999999999999989,0.50376206410614099,0.5,-0.064483718160144199,-0.064483718160144102,-9.7144514654701197e-17,True,,0,[],0,[],0,130,0,0,,2bb7d4ab20a934f46fd92c5f59447adda1bd6afe5c2f1048ccc87ed142de4e6c,0,0,0,False,False,abstain,fixed,none,standard,0.49999999999999989,0.5,0.49999999999999989,0.5,0.49999999999999989,0.5
131,numerical_frozen_W,2021-05-12,2021-05-13,mix,0.0064879050384536001,0.46553776917210521,0.5,0.0032093784945583792,0.0032042394319267463,0.0032439525192268,0.034462230827894791,3.4462230827894792e-05,4.4717066143424002e-05,1.297567367787132,1.3017317525925487,ABSTAIN,0,0.49999999999999994,0.49999999999999994,0.46553776917210521,0.5,0.0032093784945583792,0.0032093784945585999,-2.198762005800603e-16,True,,0,[],0,[],0,131,0,0,,3e03b195e446aa6640b7afb5ce78e1b6f2edcdacd56e155d08d0a63e7126cdea,0,0,0,False,False,abstain,fixed,none,standard,0.49999999999999994,0.5,0.49999999999999994,0.5,0.49999999999999994,0.5
132,numerical_frozen_W,2021-05-13,2021-05-14,bear,0.0027200701745914999,0.50161673165887577,0.5,0.0013584161568251929,0.0013574943443065445,0.0013600350872957499,0.0016167316588757696,1.6167316588757696e-06,2.1045509357802145e-06,1.3017317525925487,1.3035000460371229,ABSTAIN,0,0.49999999999999989,0.49999999999999989,0.50161673165887577,0.5,0.0013584161568251929,0.0013584161568251001,9.280770596475918e-17,True,,0,[],0,[],0,132,0,0,,315f30bd3d356b84fc414ab7eb4c77cb3a86c2ef21101b5e50455f96c3fac48a,0,0,0,False,False,abstain,fixed,none,standard,0.49999999999999989,0.5,0.49999999999999989,0.5,0.49999999999999989,0.5
133,numerical_frozen_W,2021-05-14,2021-05-15,bear,-0.062821279379130707,0.50067909395204557,0.5,-0.03141129745274196,-0.031915212773722189,-0.031410639689565353,0.00067909395204557299,6.7909395204557298e-07,8.8519899775493609e-07,1.3035000460371229,1.2625554183613881,ABSTAIN,0,0.49999999999999994,0.49999999999999994,0.50067909395204557,0.5,-0.03141129745274196,-0.031411297452741897,-6.2450045135165055e-17,True,,0,[],0,[],0,133,0,0,,3e0b1f22bda4447836bfe8d57a1d6f0ecb6ca46181b38063bf9e743770a248f3,0,0,0,False,False,abstain,fixed,none,standard,0.49999999999999994,0.5,0.49999999999999994,0.5,0.49999999999999994,0.5
134,numerical_frozen_W,2021-05-15,2021-05-16,bear,-0.0060459699242969003,0.48378536819798529,0.5,-0.0030391505773623706,-0.0030437781738317394,-0.0030229849621484501,0.016214631802014712,1.6214631802014712e-05,2.0471871238368553e-05,1.2625554183613881,1.258718322332723,ABSTAIN,0,0.49999999999999994,0.49999999999999994,0.48378536819798529,0.5,-0.0030391505773623706,-0.0030391505773622999,-7.1123662515049091e-17,True,,0,[],0,[],0,134,0,0,,b15c6826794149494f98514e179dfd3ac57ec3c888bf816293bae411fe13f061,0,0,0,False,False,abstain,fixed,none,standard,0.49999999999999994,0.5,0.49999999999999994,0.5,0.49999999999999994,0.5
135,numerical_frozen_W,2021-05-16,2021-05-17,bear,-0.062143521789326597,0.49848392444532252,0.5,-0.03107322986308092,-0.031566242561243296,-0.031071760894663299,0.0015160755546774762,1.5160755546774762e-06,1.9083120787132856e-06,1.258718322332723,1.2196058785700066,ABSTAIN,0,0.5,0.5,0.49848392444532252,0.5,-0.03107322986308092,-0.031073229863080899,-2.0816681711721685e-17,True,,0,[],0,[],0,135,0,0,,7816bf0fee55654fceb9ecf8459f73b315ac1e71e9f54a58e963f82ebe3d4184,0,0,0,False,False,abstain,fixed,none,standard,0.5,0.5,0.5,0.5,0.5,0.5
136,numerical_frozen_W,2021-05-17,2021-05-18,bear,-0.0147905551740531,0.48396591221071572,0.5,-0.007411193098285751,-0.0074387924370939848,-0.0073952775870265502,0.016034087789284279,1.6034087789284281e-05,1.9555267725318669e-05,1.2196058785700066,1.2105671439001198,ABSTAIN,0,0.5,0.5,0.48396591221071572,0.5,-0.007411193098285751,-0.0074111930982856998,-5.1174342541315809e-17,True,,0,[],0,[],0,136,0,0,,6b347dd43c0c7b22b20e2f0a62d9ba98e49ac134032d3f588ac222a9eb6a3294,0,0,0,False,False,abstain,fixed,none,standard,0.5,0.5,0.5,0.5,0.5,0.5
137,numerical_frozen_W,2021-05-18,2021-05-19,bear,-0.14399041431512011,0.49627481241019633,0.5,-0.071998664149497626,-0.07472210670289671,-0.071995207157560054,0.003725187589803669,3.7251875898036692e-06,4.5095897010807983e-06,1.2105671439001198,1.1234079266760384,ABSTAIN,0,0.50000000000000011,0.50000000000000011,0.49627481241019633,0.5,-0.071998664149497626,-0.071998664149497599,-2.7755575615628914e-17,True,,0,[],0,[],0,137,0,0,,da26e9d2dad3393d18037c3586d74d236b26ccf2a5ef70ebf77500e883cd50ba,0,0,0,False,False,abstain,fixed,none,standard,0.50000000000000011,0.5,0.50000000000000011,0.5,0.50000000000000011,0.5
138,numerical_frozen_W,2021-05-19,2021-05-20,bear,0.10884111055132691,0.46120967924258144,0.30000000000000004,0.032485859613999413,0.031969350470164755,0.032652333165398076,0.16120967924258139,0.00016120967924258139,0.00018110423151801756,1.1234079266760384,1.1599027988712902,ABSTAIN,0,0.5,0.5,0.46120967924258144,0.30000000000000004,0.032485859613999413,0.032485859613999399,1.3877787807814457e-17,True,,0,[],0,[],0,138,0,0,,e846080b269e70e6723a0af7eb2aba0601428e2ec26876f7b645351b69cc0436,0,0,0,False,True,abstain,fixed,none,standard,0.5,0.30000000000000004,0.5,0.30000000000000004,0.5,0.30000000000000004
139,numerical_frozen_W,2021-05-20,2021-05-21,bear,-0.083989075869656898,0.32213390943079173,0.30000000000000004,-0.025218298968348374,-0.025541729430618981,-0.025196722760897072,0.022133909430791687,2.2133909430791687e-05,2.5673183498738925e-05,1.1599027988712902,1.13065202331513,ABSTAIN,0,0.5,0.5,0.32213390943079173,0.30000000000000004,-0.025218298968348374,-0.025218298968348301,-7.6327832942979512e-17,True,,0,[],0,[],0,139,0,0,,c8f1c52745fc89c4703489e8b5ce3e0fae195934b8def8c75b2b39534afc3a60,0,0,0,False,True,abstain,fixed,none,standard,0.5,0.30000000000000004,0.5,0.30000000000000004,0.5,0.30000000000000004
140,numerical_frozen_W,2021-05-21,2021-05-22,bear,0.0040458584244478001,0.28190639450599458,0.30000000000000004,0.0011956419605905211,0.0011949277499783233,0.0012137575273343402,0.01809360549400546,1.809360549400546e-05,2.0457571660863026e-05,1.13065202331513,1.1320038783170321,ABSTAIN,0,0.5,0.5,0.28190639450599458,0.30000000000000004,0.0011956419605905211,0.0011956419605905,2.1033522146218786e-17,True,,0,[],0,[],0,140,0,0,,9f8118899d1e7b4c8086d5284f0f12ae66b0dc905f3f151d8d4823dd988955fb,0,0,0,False,True,abstain,fixed,none,standard,0.5,0.30000000000000004,0.5,0.30000000000000004,0.5,0.30000000000000004
141,numerical_frozen_W,2021-05-22,2021-05-23,bear,-0.073931259896978102,0.3008486002741636,0.30000000000000004,-0.022180207747941383,-0.022429887426518299,-0.022179377969093434,0.00084860027416355788,8.4860027416355788e-07,9.6061880149404433e-07,1.1320038783170321,1.106895797124485,ABSTAIN,0,0.49999999999999983,0.49999999999999983,0.3008486002741636,0.30000000000000004,-0.022180207747941383,-0.0221802077479413,-8.3266726846886741e-17,True,,0,[],0,[],0,141,0,0,,7bfe39980b80fe42d1c71bf9e395e0da0e6963eb9f389412c4ff7a15b01fc0ae,0,0,0,False,True,abstain,fixed,none,standard,0.49999999999999983,0.30000000000000004,0.49999999999999983,0.30000000000000004,0.49999999999999983,0.30000000000000004
142,numerical_frozen_W,2021-05-23,2021-05-24,bear,0.1173856751932687,0.28412227741104584,0.30000000000000004,0.035199265690235793,0.034593935423285149,0.035215702557980615,0.015877722588954202,1.5877722588954201e-05,1.7574984401621902e-05,1.106895797124485,1.1458577163788752,ABSTAIN,0,0.5,0.5,0.28412227741104584,0.30000000000000004,0.035199265690235793,0.035199265690235702,8.3266726846886741e-17,True,,0,[],0,[],0,142,0,0,,f3ae15edbd5134a9d5253cb684445ce0fd4eb975fa5878bc9d84448abc6c7359,0,0,0,False,True,abstain,fixed,none,standard,0.5,0.30000000000000004,0.5,0.30000000000000004,0.5,0.30000000000000004
143,numerical_frozen_W,2021-05-24,2021-05-25,bear,-0.0096075931727507002,0.32381242066718535,0.30000000000000004,-0.0029060217384773157,-0.0029102524179351829,-0.0028822779518252106,0.023812420667185308,2.3812420667185309e-05,2.7285645967154089e-05,1.1458577163788752,1.1425278289458762,ABSTAIN,0,0.5,0.5,0.32381242066718535,0.30000000000000004,-0.0029060217384773157,-0.0029060217384773998,8.4134088584875144e-17,True,,0,[],0,[],0,143,0,0,,6038cf8fef366f9c0d2b7cc63af7f4ac9149673f32e4fd3e6fcf8ff744cb82c0,0,0,0,False,True,abstain,fixed,none,standard,0.5,0.30000000000000004,0.5,0.30000000000000004,0.5,0.30000000000000004
144,numerical_frozen_W,2021-05-25,2021-05-26,bear,0.022692511132593001,0.29797657335571842,0.30000000000000004,0.0068057161381440689,0.0067826617938403534,0.0068077533397779017,0.0020234266442816229,2.0234266442816228e-06,2.3118212509223226e-06,1.1425278289458762,1.1503035490296118,ABSTAIN,0,0.5,0.5,0.29797657335571842,0.30000000000000004,0.0068057161381440689,0.0068057161381440004,6.852157730108388e-17,True,,0,[],0,[],0,144,0,0,,e5f506909e139561d5f42a59c75c4603dfc213f31db0dd67b3dff865adede476,0,0,0,False,True,abstain,fixed,none,standard,0.5,0.30000000000000004,0.5,0.30000000000000004,0.5,0.30000000000000004
145,numerical_frozen_W,2021-05-26,2021-05-27,bear,-0.021195336465456401,0.30473320484674132,0.30000000000000004,-0.0063633040479228464,-0.0063836361659858022,-0.0063586009396369211,0.0047332048467412791,4.733204846741279e-06,5.4446223334906531e-06,1.1503035490296118,1.1429838177997318,ABSTAIN,0,0.49999999999999994,0.49999999999999994,0.30473320484674132,0.30000000000000004,-0.0063633040479228464,-0.0063633040479227996,-4.6837533851373792e-17,True,,0,[],0,[],0,145,0,0,,5ce3cf8d743f09f032f0baf0401571e9e98f25cfd59e984aff273b6cc3710388,0,0,0,False,True,abstain,fixed,none,standard,0.49999999999999994,0.30000000000000004,0.49999999999999994,0.30000000000000004,0.49999999999999994,0.30000000000000004
146,numerical_frozen_W,2021-05-27,2021-05-28,bear,-0.071707277710822998,0.29552049596367974,0.30000000000000004,-0.0215165664533713,-0.021751422747551052,-0.021512183313246901,0.0044795040363203031,4.4795040363203028e-06,5.1200006252826881e-06,1.1429838177997318,1.1183907305289158,ABSTAIN,0,0.49999999999999989,0.49999999999999989,0.29552049596367974,0.30000000000000004,-0.0215165664533713,-0.0215165664533713,0,True,,0,[],0,[],0,146,0,0,,1a785d1f89f74233e1d3613d7519bc49d3473b6a1e40ab4b9d7ab22fb8703f4d,0,0,0,False,True,abstain,fixed,none,standard,0.49999999999999989,0.30000000000000004,0.49999999999999989,0.30000000000000004,0.49999999999999989,0.30000000000000004
147,numerical_frozen_W,2021-05-28,2021-05-29,bear,-0.030225026288117799,0.28461040795555093,0.30000000000000004,-0.0090827579332325437,-0.0091242576581657426,-0.0090675078864353408,0.015389592044449119,1.5389592044449118e-05,1.7211577089133443e-05,1.1183907305289158,1.1082326582487505,ABSTAIN,0,0.5,0.5,0.28461040795555093,0.30000000000000004,-0.0090827579332325437,-0.0090827579332325992,5.7245874707234634e-17,True,,0,[],0,[],0,147,0,0,,bd352757dd5521a596a305de403c02799f44f105dfb16ca5061497b16264078c,0,0,0,False,True,abstain,fixed,none,standard,0.5,0.30000000000000004,0.5,0.30000000000000004,0.5,0.30000000000000004
148,numerical_frozen_W,2021-05-29,2021-05-30,bear,0.030886579575880799,0.29359466404520995,0.30000000000000004,0.0092595091851339628,0.0092169027378701165,0.0092659738727642414,0.0064053359547900923,6.4053359547900921e-06,7.0986024921533217e-06,1.1082326582487505,1.1184943487270702,ABSTAIN,0,0.49999999999999989,0.49999999999999989,0.29359466404520995,0.30000000000000004,0.0092595091851339628,0.0092595091851339004,6.0715321659188248e-17,True,,0,[],0,[],0,148,0,0,,5817f3650d063a50d08279085b362baaadb105cec9c38cb057bf7f2040785d64,0,0,0,False,True,abstain,fixed,none,standard,0.49999999999999989,0.30000000000000004,0.49999999999999989,0.30000000000000004,0.49999999999999989,0.30000000000000004
149,numerical_frozen_W,2021-05-30,2021-05-31,bear,0.046161872279316001,0.30642663270024467,0.30000000000000004,0.01384204605147521,0.013747119910320214,0.013848561683794803,0.0064266327002446277,6.4266327002446282e-06,7.1881523565682079e-06,1.1184943487270702,1.1339765990104651,ABSTAIN,0,0.5,0.5,0.30642663270024467,0.30000000000000004,0.01384204605147521,0.013842046051475199,1.0408340855860843e-17,True,,0,[],0,[],0,149,0,0,,d2436e30775fcd9e964cac10168113ddab77695c4fdfa2bacdde48504af32f3d,0,0,0,False,True,abstain,fixed,none,standard,0.5,0.30000000000000004,0.5,0.30000000000000004,0.5,0.30000000000000004
150,numerical_frozen_W,2021-05-31,2021-06-01,bear,-0.016381311899106101,0.30956157906123238,0.30000000000000004,-0.0049239081594303347,-0.0049360705359199264,-0.0049143935697318307,0.0095615790612323392,9.5615790612323397e-06,1.0842606905025925e-05,1.1339765990104651,1.1283930023819944,ABSTAIN,0,0.5,0.5,0.30956157906123238,0.30000000000000004,-0.0049239081594303347,-0.0049239081594303997,6.591949208711867e-17,True,,0,[],0,[],0,150,0,0,,54f2b48f5ecf0204b1132f231ecf021d857f60d24d9348f26b627ba68676be10,0,0,0,False,True,abstain,fixed,none,standard,0.5,0.30000000000000004,0.5,0.30000000000000004,0.5,0.30000000000000004
151,numerical_frozen_W,2021-06-01,2021-06-02,bear,0.023664671442122202,0.29654293512378993,0.30000000000000004,0.0070959198246691724,0.0070708622534373213,0.0070994014326366617,0.0034570648762101142,3.4570648762101141e-06,3.9009278150960688e-06,1.1283930023819944,1.1363999886576148,ABSTAIN,0,0.49999999999999994,0.49999999999999994,0.29654293512378993,0.30000000000000004,0.0070959198246691724,0.0070959198246691004,7.1123662515049091e-17,True,,0,[],0,[],0,151,0,0,,3c824781913e6089ba7d2f0669df4f39bd8e9857aca1048bb78896453b05f7c9,0,0,0,False,True,abstain,fixed,none,standard,0.49999999999999994,0.30000000000000004,0.49999999999999994,0.30000000000000004,0.49999999999999994,0.30000000000000004
152,numerical_frozen_W,2021-06-02,2021-06-03,bear,0.043442024933565401,0.30493454866101227,0.30000000000000004,0.013027608621372755,0.012943479210428417,0.013032607480069623,0.004934548661012228,4.9345486610122279e-06,5.6076210424047447e-06,1.1363999886576148,1.1512045629471788,ABSTAIN,0,0.5,0.5,0.30493454866101227,0.30000000000000004,0.013027608621372755,0.013027608621372901,-1.4398204850607499e-16,True,,0,[],0,[],0,152,0,0,,26bf86e8e17eaec3a2b2e63fe973eefb8e00ed3733df71dbdc096bb6f0816079,0,0,0,False,True,abstain,fixed,none,standard,0.5,0.30000000000000004,0.5,0.30000000000000004,0.5,0.30000000000000004
153,numerical_frozen_W,2021-06-03,2021-06-04,bear,-0.059611149530587597,0.30900546060283485,0.30000000000000004,-0.017892189272021519,-0.018054189761775825,-0.017883344859176281,0.0090054606028348028,9.0054606028348031e-06,1.0367127337424477e-05,1.1512045629471788,1.1306069930161131,ABSTAIN,0,0.5,0.5,0.30900546060283485,0.30000000000000004,-0.017892189272021519,-0.017892189272021498,-2.0816681711721685e-17,True,,0,[],0,[],0,153,0,0,,0593879348b48f4345ae0043bed7960aaf96d136b2702f6eae81a4640e494d4e,0,0,0,False,True,abstain,fixed,none,standard,0.5,0.30000000000000004,0.5,0.30000000000000004,0.5,0.30000000000000004
154,numerical_frozen_W,2021-06-04,2021-06-05,bear,-0.036126269629565298,0.28725371234069103,0.30000000000000004,-0.010850489033781496,-0.010909784906158026,-0.010837880888869592,0.012746287659309019,1.2746287659309019e-05,1.441104196260976e-05,1.1306069930161131,1.1183393542368751,ABSTAIN,0,0.5,0.5,0.28725371234069103,0.30000000000000004,-0.010850489033781496,-0.010850489033781399,-9.8879238130678004e-17,True,,0,[],0,[],0,154,0,0,,eae45a5819d5633ffffafcbaff81a62f9282780b697ca1939a769e62f4e2fb95,0,0,0,False,True,abstain,fixed,none,standard,0.5,0.30000000000000004,0.5,0.30000000000000004,0.5,0.30000000000000004
155,numerical_frozen_W,2021-06-05,2021-06-06,bear,0.0083164414414412993,0.29233036074104213,0.30000000000000004,0.002487243657941729,0.0024841555868982284,0.0024949324324323903,0.0076696392589579165,7.6696392589579165e-06,8.5772594160927816e-06,1.1183393542368751,1.1211209367031274,ABSTAIN,0,0.49999999999999989,0.49999999999999989,0.29233036074104213,0.30000000000000004,0.002487243657941729,0.0024872436579416999,2.8622937353617317e-17,True,,0,[],0,[],0,155,0,0,,60cfcb60b0f9346aeb29963cd313ee45784b891ba23504d2fae7211a58d6b241,0,0,0,False,True,abstain,fixed,none,standard,0.49999999999999989,0.30000000000000004,0.49999999999999989,0.30000000000000004,0.49999999999999989,0.30000000000000004
156,numerical_frozen_W,2021-06-06,2021-06-07,bear,-0.062470333990406302,0.30174210626528075,0.30000000000000004,-0.018742809654399117,-0.018920682171626874,-0.018741100197121892,0.0017421062652807073,1.7421062652807073e-06,1.9531118079678937e-06,1.1211209367031274,1.1001079803869391,ABSTAIN,0,0.5,0.5,0.30174210626528075,0.30000000000000004,-0.018742809654399117,-0.0187428096543991,-1.7347234759768071e-17,True,,0,[],0,[],0,156,0,0,,b7e4b35d489ff7f1b176c12fb37d56165cef69397b43352af4dfb09331c75702,0,0,0,False,True,abstain,fixed,none,standard,0.5,0.30000000000000004,0.5,0.30000000000000004,0.5,0.30000000000000004
157,numerical_frozen_W,2021-06-07,2021-06-08,bear,-0.0058103520162010001,0.28663067398357289,0.30000000000000004,-0.0017564516267296604,-0.0017579959965603952,-0.0017431056048603003,0.013369326016427152,1.3369326016427152e-05,1.4707702243066235e-05,1.1001079803869391,1.0981756939352103,ABSTAIN,0,0.49999999999999994,0.49999999999999994,0.28663067398357289,0.30000000000000004,-0.0017564516267296604,-0.0017564516267296001,-6.0498481224691147e-17,True,,0,[],0,[],0,157,0,0,,69c5c0f9f3212f543e46bfc770b56e4088e9606c2884ac9788d527a885756f13,0,0,0,False,True,abstain,fixed,none,standard,0.49999999999999994,0.30000000000000004,0.49999999999999994,0.30000000000000004,0.49999999999999994,0.30000000000000004
158,numerical_frozen_W,2021-06-08,2021-06-09,bear,0.11830308331511009,0.29877769547072203,0.30000000000000004,0.035489659309285271,0.034874415622360246,0.035490924994533032,0.0012223045292780177,1.2223045292780178e-06,1.3423051246400378e-06,1.0981756939352103,1.1371495751747089,ABSTAIN,0,0.5,0.5,0.29877769547072203,0.30000000000000004,0.035489659309285271,0.035489659309285201,6.9388939039072284e-17,True,,0,[],0,[],0,158,0,0,,d2e01a503b3aecacbc629e6f69e64d6d36486727b6632aa0f333ce47d0baf611,0,0,0,False,True,abstain,fixed,none,standard,0.5,0.30000000000000004,0.5,0.30000000000000004,0.5,0.30000000000000004
159,numerical_frozen_W,2021-06-09,2021-06-10,bear,-0.0182898409415999,0.32399214410913774,0.30000000000000004,-0.0055108127828391584,-0.0055260533292574915,-0.0054869522824799706,0.023992144109137692,2.3992144109137692e-05,2.7282656481236323e-05,1.1371495751747089,1.130882956759836,ABSTAIN,0,0.5,0.5,0.32399214410913774,0.30000000000000004,-0.0055108127828391584,-0.0055108127828391003,-5.8113236445223038e-17,True,,0,[],0,[],0,159,0,0,,7739da4ef6288cea49549d4c565f7f264d128dbae72d0697db47868afedfb612,0,0,0,False,True,abstain,fixed,none,standard,0.5,0.30000000000000004,0.5,0.30000000000000004,0.5,0.30000000000000004
160,numerical_frozen_W,2021-06-10,2021-06-11,bear,0.018150365353866601,0.29613794247692277,0.30000000000000004,0.0054412265193104492,0.0054264765274666706,0.0054451096061599808,0.003862057523077278,3.8620575230772782e-06,4.367535030874201e-06,1.130882956759836,1.1370363470943938,ABSTAIN,0,0.49999999999999994,0.49999999999999994,0.29613794247692277,0.30000000000000004,0.0054412265193104492,0.0054412265193103998,4.8572257327350599e-17,True,,0,[],0,[],0,160,0,0,,3ef457e00b1fa20c1223e2b1d3b0a98b4cd8c100f12eec543ba183a4a55510a8,0,0,0,False,True,abstain,fixed,none,standard,0.49999999999999994,0.30000000000000004,0.49999999999999994,0.30000000000000004,0.49999999999999994,0.30000000000000004
161,numerical_frozen_W,2021-06-11,2021-06-12,bear,-0.0495007316171149,0.30379093466952661,0.40000000000000002,-0.019894596744527537,-0.02009515875875419,-0.019800292646845963,0.096209065330473409,9.6209065330473412e-05,0.00010939320420072739,1.1370363470943938,1.1144154674850801,ABSTAIN,0,0.5,0.5,0.30379093466952661,0.40000000000000002,-0.019894596744527537,-0.0198945967445276,6.591949208711867e-17,True,,0,[],0,[],0,161,0,0,,d7562e85ae588b35d148df70ace20daea211b4054ba5a748fa02121374d1878e,0,0,0,False,True,abstain,fixed,none,standard,0.5,0.40000000000000002,0.5,0.40000000000000002,0.5,0.40000000000000002
162,numerical_frozen_W,2021-06-12,2021-06-13,bear,0.1002438852470573,0.38787984173124496,0.40000000000000002,0.040084947951852135,0.039302390540527428,0.040097554098822923,0.012120158268755066,1.2120158268755067e-05,1.3506891843067835e-05,1.1144154674850801,1.1590867534959586,ABSTAIN,0,0.49999999999999989,0.49999999999999989,0.38787984173124496,0.40000000000000002,0.040084947951852135,0.0400849479518521,2.7755575615628914e-17,True,,0,[],0,[],0,162,0,0,,4ac553ccec4cc49a1bf099237bcc48f7b1398d34f2c5205849d6432f4d4e62ca,0,0,0,False,True,abstain,fixed,none,standard,0.49999999999999989,0.40000000000000002,0.49999999999999989,0.40000000000000002,0.49999999999999989,0.40000000000000002
163,numerical_frozen_W,2021-06-13,2021-06-14,bear,0.038605536748934598,0.42313103455006101,0.40000000000000002,0.015418726470622035,0.015301065817884395,0.015442214699573839,0.023131034550060992,2.3131034550060993e-05,2.6810875741633049e-05,1.1590867534959586,1.176958395103834,ABSTAIN,0,0.5,0.5,0.42313103455006101,0.40000000000000002,0.015418726470622035,0.015418726470622,3.2959746043559335e-17,True,,0,[],0,[],0,163,0,0,,2c197c1e4ebe8bce569070988386f87d678ff61735d0e82a33a4f021951f8660,0,0,0,False,True,abstain,fixed,none,standard,0.5,0.40000000000000002,0.5,0.40000000000000002,0.5,0.40000000000000002
164,numerical_frozen_W,2021-06-14,2021-06-15,bear,-0.0092105977389253992,0.40912442745201955,0.40000000000000002,-0.0036933299064498826,-0.0037001670891880323,-0.00368423909557016,0.0091244274520195234,9.1244274520195244e-06,1.0739071490170265e-05,1.176958395103834,1.1726114994645498,ABSTAIN,0,0.50000000000000011,0.50000000000000011,0.40912442745201955,0.40000000000000002,-0.0036933299064498826,-0.0036933299064498002,-8.2833045977892539e-17,True,,0,[],0,[],0,164,0,0,,bf6ae86c7a9fd8cc3e229cca14ddc17271522b50b7e1e2f25a60ab17ea1f6e38,0,0,0,False,True,abstain,fixed,none,standard,0.50000000000000011,0.40000000000000002,0.50000000000000011,0.40000000000000002,0.50000000000000011,0.40000000000000002
165,numerical_frozen_W,2021-06-15,2021-06-16,bear,-0.045325616780514,0.39778128225600345,0.40000000000000002,-0.018132425204049563,-0.018298832271042439,-0.018130246712205599,0.0022187177439965677,2.2187177439965678e-06,2.6016939406764185e-06,1.1726114994645498,1.1513492091571005,ABSTAIN,0,0.5,0.5,0.39778128225600345,0.40000000000000002,-0.018132425204049563,-0.0181324252040495,-6.2450045135165055e-17,True,,0,[],0,[],0,165,0,0,,961625dfe618d4b2e527d8cec37abb8a916a5a4b028e1cc3b69e2544e0a04165,0,0,0,False,True,abstain,fixed,none,standard,0.5,0.40000000000000002,0.5,0.40000000000000002,0.5,0.40000000000000002
166,numerical_frozen_W,2021-06-16,2021-06-17,bear,-0.0074081803005007999,0.38892098672874093,0.40000000000000002,-0.0029743183033403842,-0.0029787503784750279,-0.0029632721202003201,0.011079013271259097,1.1079013271259097e-05,1.2755813168105184e-05,1.1513492091571005,1.147924730130768,ABSTAIN,0,0.49999999999999994,0.49999999999999994,0.38892098672874093,0.40000000000000002,-0.0029743183033403842,-0.0029743183033403,-8.4567769453869346e-17,True,,0,[],0,[],0,166,0,0,,6929a766fc952cdd8b2e319d053a044ce5255b843449ce6d420ddbdad8337a8a,0,0,0,False,True,abstain,fixed,none,standard,0.49999999999999994,0.40000000000000002,0.49999999999999994,0.40000000000000002,0.49999999999999994,0.40000000000000002
167,numerical_frozen_W,2021-06-17,2021-06-18,bear,-0.060511931041732303,0.39821675248022104,0.40000000000000002,-0.024206512501112276,-0.024504305634879257,-0.024204772416692923,0.0017832475197789854,1.7832475197789855e-06,2.0470339278986532e-06,1.147924730130768,1.1201374758005216,ABSTAIN,0,0.49999999999999983,0.49999999999999983,0.39821675248022104,0.40000000000000002,-0.024206512501112276,-0.0242065125011122,-7.6327832942979512e-17,True,,0,[],0,[],0,167,0,0,,73928e6be8280a21fa988b5b99fcee4f11a082e539af9cb1ce0427c0e9fc618c,0,0,0,False,True,abstain,fixed,none,standard,0.49999999999999983,0.40000000000000002,0.49999999999999983,0.40000000000000002,0.49999999999999983,0.40000000000000002
168,numerical_frozen_W,2021-06-18,2021-06-19,bear,-0.0066015093959618997,0.38511689436524132,0.45000000000000001,-0.0030353695869234087,-0.0030399856645557375,-0.0029706792281828549,0.064883105634758687,6.4883105634758694e-05,7.2677998167817195e-05,1.1201374758005216,1.1167374445733036,ABSTAIN,0,0.49999999999999989,0.49999999999999989,0.38511689436524132,0.45000000000000001,-0.0030353695869234087,-0.0030353695869234001,-8.6736173798840355e-18,True,,0,[],0,[],0,168,0,0,,43ddaedc3fe436e380bce9c5b97af89bcbf45d18c166ccc3a8e3d8e7e1ff008b,0,0,0,False,True,abstain,fixed,none,standard,0.49999999999999989,0.45000000000000001,0.49999999999999989,0.45000000000000001,0.49999999999999989,0.45000000000000001
169,numerical_frozen_W,2021-06-19,2021-06-20,bear,0.0023202509475296999,0.4483612582484176,0.45000000000000001,0.0010424724736051161,0.001041929476516251,0.0010441129263883649,0.0016387417515824065,1.6387417515824065e-06,1.830044275977716e-06,1.1167374445733036,1.1179016126195154,ABSTAIN,0,0.5,0.5,0.4483612582484176,0.45000000000000001,0.0010424724736051161,0.0010424724736051,1.6046192152785466e-17,True,,0,[],0,[],0,169,0,0,,729153083c798b18f3b1a80298b71e160efe2a06422302a7425c6b257bc58842,0,0,0,False,True,abstain,fixed,none,standard,0.5,0.45000000000000001,0.5,0.45000000000000001,0.5,0.45000000000000001
170,numerical_frozen_W,2021-06-20,2021-06-21,bear,-0.1096702419948422,0.45057366314041336,0.45000000000000001,-0.049352154249620472,-0.050611583909812706,-0.049351608897678992,0.00057366314041334965,5.7366314041334967e-07,6.41298949768459e-07,1.1179016126195154,1.0627307597976177,ABSTAIN,0,0.5,0.5,0.45057366314041336,0.45000000000000001,-0.049352154249620472,-0.049352154249620403,-6.9388939039072284e-17,True,,0,[],0,[],0,170,0,0,,d64aa402d5423e24efa13a1f69c28eb6cbfaf0ff1ebb3e8c3803c7aabdc58e11,0,0,0,False,True,abstain,fixed,none,standard,0.5,0.45000000000000001,0.5,0.45000000000000001,0.5,0.45000000000000001
171,numerical_frozen_W,2021-06-21,2021-06-22,bear,0.0253817998232992,0.42144750346418891,0.40000000000000002,0.010131054675359685,0.010080079539759708,0.010152719929319681,0.021447503464188888,2.1447503464188887e-05,2.2792921652259494e-05,1.0627307597976177,1.0734973432303139,ABSTAIN,0,0.5,0.5,0.42144750346418891,0.40000000000000002,0.010131054675359685,0.0101310546753596,8.5001450322863548e-17,True,,0,[],0,[],0,171,0,0,,82459465a3fd039ed4c3b12228fe04782c187c150f30a87da13643b31954d2af,0,0,0,False,True,abstain,fixed,none,standard,0.5,0.40000000000000002,0.5,0.40000000000000002,0.5,0.40000000000000002
172,numerical_frozen_W,2021-06-22,2021-06-23,bear,0.036247091985573701,0.40603040692502229,0.40000000000000002,0.014492718953418748,0.014388703277611789,0.014498836794229482,0.0060304069250222692,6.0304069250222697e-06,6.4736258126090923e-06,1.0734973432303139,1.0890552385229926,ABSTAIN,0,0.5,0.5,0.40603040692502229,0.40000000000000002,0.014492718953418748,0.0144927189534187,4.6837533851373792e-17,True,,0,[],0,[],0,172,0,0,,27edcc7d7a43b5d91e2ea37ef5051cd5427fea9930185306070245c34a956f80,0,0,0,False,True,abstain,fixed,none,standard,0.5,0.40000000000000002,0.5,0.40000000000000002,0.5,0.40000000000000002
173,numerical_frozen_W,2021-06-23,2021-06-24,bear,0.0294438191736725,0.40857497491473432,0.40000000000000002,0.011768851702549821,0.011700137367781372,0.011777527669469001,0.0085749749147343013,8.5749749147343008e-06,9.3386213510946431e-06,1.0890552385229926,1.1018721681210546,ABSTAIN,0,0.49999999999999994,0.49999999999999994,0.40857497491473432,0.40000000000000002,0.011768851702549821,0.0117688517025498,2.0816681711721685e-17,True,,0,[],0,[],0,173,0,0,,15fb92b86aebe8897197af1461f8350adbf6ae4ebac27bb61cb8a7861ed4d9db,0,0,0,False,True,abstain,fixed,none,standard,0.49999999999999994,0.40000000000000002,0.49999999999999994,0.40000000000000002,0.49999999999999994,0.40000000000000002
174,numerical_frozen_W,2021-06-24,2021-06-25,bear,-0.088611830680382406,0.40698425929458876,0.40000000000000002,-0.035451468976246736,-0.036095130614767504,-0.035444732272152966,0.006984259294588735,6.9842592945887355e-06,7.6957609316481173e-06,1.1018721681210546,1.0628091811371212,ABSTAIN,0,0.49999999999999994,0.49999999999999994,0.40698425929458876,0.40000000000000002,-0.035451468976246736,-0.035451468976246701,-3.4694469519536142e-17,True,,0,[],0,[],0,174,0,0,,94b3c9ab222fc5820a95974e4e57307879bc5335b4069af18db6a01ea382420b,0,0,0,False,True,abstain,fixed,none,standard,0.49999999999999994,0.40000000000000002,0.49999999999999994,0.40000000000000002,0.49999999999999994,0.40000000000000002
175,numerical_frozen_W,2021-06-25,2021-06-26,bear,0.020554535671330101,0.37795166324332152,0.40000000000000002,0.0081995846544455908,0.0081661506988870043,0.0082218142685320413,0.022048336756678499,2.2048336756678498e-05,2.3433174733800966e-05,1.0628091811371212,1.0715237749893771,ABSTAIN,0,0.50000000000000011,0.50000000000000011,0.37795166324332152,0.40000000000000002,0.0081995846544455908,0.0081995846544455006,8.8470897274817162e-17,True,,0,[],0,[],0,175,0,0,,6bec98f7b21c9f787d144b719218f3dcd22b7a6ff1b3b0d7b533390ec25bd74d,0,0,0,False,True,abstain,fixed,none,standard,0.50000000000000011,0.40000000000000002,0.50000000000000011,0.40000000000000002,0.50000000000000011,0.40000000000000002
176,numerical_frozen_W,2021-06-26,2021-06-27,bear,0.075522432497813402,0.4048928603718997,0.40000000000000002,0.030203932330466587,0.029756775197456557,0.030208972999125363,0.0048928603718996766,4.8928603718996766e-06,5.2428162161938693e-06,1.0715237749893771,1.1038880065796424,ABSTAIN,0,0.5,0.5,0.4048928603718997,0.40000000000000002,0.030203932330466587,0.030203932330466501,8.6736173798840355e-17,True,,0,[],0,[],0,176,0,0,,0c1c7f8b14e11e70387555236608c46e2c5cecc5a4490feed1770b80b3457666,0,0,0,False,True,abstain,fixed,none,standard,0.5,0.40000000000000002,0.5,0.40000000000000002,0.5,0.40000000000000002
177,numerical_frozen_W,2021-06-27,2021-06-28,bear,-0.0058422365442564999,0.41759389043827588,0.40000000000000002,-0.0023544473930730003,-0.0023572234625988289,-0.0023368946177026,0.017593890438275861,1.759389043827586e-05,1.9421684643888971e-05,1.1038880065796424,1.1012889603403064,ABSTAIN,0,0.49999999999999994,0.49999999999999994,0.41759389043827588,0.40000000000000002,-0.0023544473930730003,-0.0023544473930729999,-4.3368086899420177e-19,True,,0,[],0,[],0,177,0,0,,93a687df12b9a549af5774c2136c97826ac066f5d2c8dc524e3ac984c9ec60d9,0,0,0,False,True,abstain,fixed,none,standard,0.49999999999999994,0.40000000000000002,0.49999999999999994,0.40000000000000002,0.49999999999999994,0.40000000000000002
178,numerical_frozen_W,2021-06-28,2021-06-29,bear,0.0394130392535074,0.39859457890839389,0.40000000000000002,0.01576378812354462,0.015640830121449224,0.015765215701402959,0.0014054210916061294,1.4054210916061295e-06,1.5477747328152528e-06,1.1012889603403064,1.1186494461739098,ABSTAIN,0,0.49999999999999994,0.49999999999999994,0.39859457890839389,0.40000000000000002,0.01576378812354462,0.015763788123544599,2.0816681711721685e-17,True,,0,[],0,[],0,178,0,0,,54a20cf2f7e7485ff50a4d5a39f1a957cfa0c59aa381ef1c042e209094d397fc,0,0,0,False,True,abstain,fixed,none,standard,0.49999999999999994,0.40000000000000002,0.49999999999999994,0.40000000000000002,0.49999999999999994,0.40000000000000002
179,numerical_frozen_W,2021-06-29,2021-06-30,bear,-0.0225423960574525,0.40931231870773416,0.40000000000000002,-0.009026186772898126,-0.0090671695955311469,-0.0090169584229810012,0.0093123187077341352,9.3123187077341353e-06,1.0417220165001731e-05,1.1186494461739098,1.1085523073393451,ABSTAIN,0,0.5,0.5,0.40931231870773416,0.40000000000000002,-0.009026186772898126,-0.0090261867728981,-2.6020852139652106e-17,True,,0,[],0,[],0,179,0,0,,8a3ac2f0f336f48d25d9315f05d3c48783f7279785b4ff301ed8bd7704695467,0,0,0,False,True,abstain,fixed,none,standard,0.5,0.40000000000000002,0.5,0.40000000000000002,0.5,0.40000000000000002
180,numerical_frozen_W,2021-06-30,2021-07-01,bear,-0.042347452957584103,0.39454059774304612,0.40000000000000002,-0.016944348108578478,-0.01708954610238295,-0.016938981183033643,0.0054594022569539047,5.4594022569539051e-06,6.0520329686398783e-06,1.1085523073393451,1.0897686111472193,ABSTAIN,0,0.49999999999999994,0.49999999999999994,0.39454059774304612,0.40000000000000002,-0.016944348108578478,-0.016944348108578401,-7.9797279894933126e-17,True,,0,[],0,[],0,180,0,0,,4b8224d7c99c94da401c0b9458cfe72f16ffc7164539f0b2d3763cf76db3b741,0,0,0,False,True,abstain,fixed,none,standard,0.49999999999999994,0.40000000000000002,0.49999999999999994,0.40000000000000002,0.49999999999999994,0.40000000000000002
181,numerical_frozen_W,2021-07-01,2021-07-02,bear,0.0080432630963880002,0.38966148742012879,0.40000000000000002,0.0032069334638245017,0.0032018022201484066,0.0032173052385552001,0.010338512579871229,1.0338512579871229e-05,1.1266586495494323e-05,1.0897686111472193,1.093263426574133,ABSTAIN,0,0.5,0.5,0.38966148742012879,0.40000000000000002,0.0032069334638245017,0.0032069334638245,1.7347234759768071e-18,True,,0,[],0,[],0,181,0,0,,c2b59df9731e8387e136eef92b6873a774bc1a9e1f5db39c810fbe7bea3f674f,0,0,0,False,True,abstain,fixed,none,standard,0.5,0.40000000000000002,0.5,0.40000000000000002,0.5,0.40000000000000002
182,numerical_frozen_W,2021-07-02,2021-07-03,bear,0.027486144546245001,0.40192419242875221,0.40000000000000002,0.010992512470616722,0.010932533948215698,0.010994457818498001,0.0019241924287521917,1.9241924287521917e-06,2.103649208045624e-06,1.093263426574133,1.1052811384244183,ABSTAIN,0,0.50000000000000011,0.50000000000000011,0.40192419242875221,0.40000000000000002,0.010992512470616722,0.0109925124706167,2.2551405187698492e-17,True,,0,[],0,[],0,182,0,0,,0cd4e182f40ab784b22bad30fafecfdb6e474080a710b0f4e43c45f72848f495,0,0,0,False,True,abstain,fixed,none,standard,0.50000000000000011,0.40000000000000002,0.50000000000000011,0.40000000000000002,0.50000000000000011,0.40000000000000002
183,numerical_frozen_W,2021-07-03,2021-07-04,bear,0.015986046029680699,0.40652493655141597,0.40000000000000002,0.0063878517521465117,0.0063675358976888786,0.00639441841187228,0.0065249365514159496,6.5249365514159501e-06,7.2118892996961185e-06,1.1052811384244183,1.1123415104811172,ABSTAIN,0,0.5,0.5,0.40652493655141597,0.40000000000000002,0.0063878517521465117,0.0063878517521465004,1.1275702593849246e-17,True,,0,[],0,[],0,183,0,0,,f8474fa6f44d87e41277765ddff75c9a0ac71fffb11884b208a29f5f1228a0da,0,0,0,False,True,abstain,fixed,none,standard,0.5,0.40000000000000002,0.5,0.40000000000000002,0.5,0.40000000000000002
184,numerical_frozen_W,2021-07-04,2021-07-05,bear,-0.045622722971709398,0.40381227377351497,0.40000000000000002,-0.018252831891933163,-0.018421470062869608,-0.018249089188683759,0.0038122737735149514,3.8122737735149515e-06,4.2405503675991697e-06,1.1123415104811172,1.0920381278838864,ABSTAIN,0,0.5,0.5,0.40381227377351497,0.40000000000000002,-0.018252831891933163,-0.018252831891933101,-6.2450045135165055e-17,True,,0,[],0,[],0,184,0,0,,050468313e2208591d11105b03df6e76915439d0c0aabc83ed0f004689968379,0,0,0,False,True,abstain,fixed,none,standard,0.5,0.40000000000000002,0.5,0.40000000000000002,0.5,0.40000000000000002
185,numerical_frozen_W,2021-07-05,2021-07-06,bear,0.0159642363110679,0.38884701466264832,0.40000000000000002,0.0063744703195323105,0.0063542393127243649,0.0063856945244271605,0.011152985337351706,1.1152985337351707e-05,1.2179485228117994e-05,1.0920381278838864,1.09899929251788,ABSTAIN,0,0.5,0.5,0.38884701466264832,0.40000000000000002,0.0063744703195323105,0.0063744703195323001,9.540979117872439e-18,True,,0,[],0,[],0,185,0,0,,9206d9d4132297272fef2436657f12fad55d29e58233f62cfbcc3b0c07bc6811,0,0,0,False,True,abstain,fixed,none,standard,0.5,0.40000000000000002,0.5,0.40000000000000002,0.5,0.40000000000000002
186,numerical_frozen_W,2021-07-06,2021-07-07,bear,-0.010454162965733,0.40380710570062989,0.40000000000000002,-0.0041854563719523341,-0.0041942399117891032,-0.0041816651862931998,0.0038071057006298648,3.807105700629865e-06,4.1840064715330094e-06,1.09899929251788,1.0943994789262399,ABSTAIN,0,0.49999999999999994,0.49999999999999994,0.40380710570062989,0.40000000000000002,-0.0041854563719523341,-0.0041854563719524,6.591949208711867e-17,True,,0,[],0,[],0,186,0,0,,254952faf12c2075042547bd939d617418dc20241b144a3d0f6c60494ca69b14,0,0,0,False,True,abstain,fixed,none,standard,0.49999999999999994,0.40000000000000002,0.49999999999999994,0.40000000000000002,0.49999999999999994,0.40000000000000002
187,numerical_frozen_W,2021-07-07,2021-07-08,bear,-0.029570860817649799,0.39748046503658191,0.40000000000000002,-0.011830834060096329,-0.011901375303893919,-0.01182834432705992,0.002519534963418113,2.5195349634181129e-06,2.7573777511012254e-06,1.0943994789262399,1.0814518202956076,ABSTAIN,0,0.50000000000000011,0.50000000000000011,0.39748046503658191,0.40000000000000002,-0.011830834060096329,-0.0118308340600963,-3.1225022567582528e-17,True,,0,[],0,[],0,187,0,0,,ac77937e78850d9fee9d92ef49c12644c781b844aaf20650d30a04df9af8b3bf,0,0,0,False,True,abstain,fixed,none,standard,0.50000000000000011,0.40000000000000002,0.50000000000000011,0.40000000000000002,0.50000000000000011,0.40000000000000002
188,numerical_frozen_W,2021-07-08,2021-07-09,bear,0.028329930658455599,0.39281804274035476,0.40000000000000002,0.011324708920382065,0.011261064456920702,0.011331972263382241,0.0071819572596452663,7.1819572596452664e-06,7.7669407517286282e-06,1.0814518202956076,1.0936989473718728,ABSTAIN,0,0.5,0.5,0.39281804274035476,0.40000000000000002,0.011324708920382065,0.011324708920382001,6.4184768611141862e-17,True,,0,[],0,[],0,188,0,0,,de028c7e0efc61120b097b7bfb6036c64e2748b87d8a71f01027dacc1799eb4f,0,0,0,False,True,abstain,fixed,none,standard,0.5,0.40000000000000002,0.5,0.40000000000000002,0.5,0.40000000000000002
189,numerical_frozen_W,2021-07-09,2021-07-10,bear,-0.0084858598590423998,0.40672299852521493,0.40000000000000002,-0.0034010441219728405,-0.00340684081948046,-0.0033943439436169599,0.0067229985252149072,6.722998525214907e-06,7.3529364102101964e-06,1.0936989473718728,1.0899792289957058,ABSTAIN,0,0.50000000000000011,0.50000000000000011,0.40672299852521493,0.40000000000000002,-0.0034010441219728405,-0.0034010441219728999,5.9847959921199845e-17,True,,0,[],0,[],0,189,0,0,,34fdebd1b0cf62e118592029f01ee32e40047f6eeebbfe1d601f5e6afb4cd72a,0,0,0,False,True,abstain,fixed,none,standard,0.50000000000000011,0.40000000000000002,0.50000000000000011,0.40000000000000002,0.50000000000000011,0.40000000000000002
190,numerical_frozen_W,2021-07-10,2021-07-11,bear,0.021399199059402001,0.39795645714652161,0.40000000000000002,0.0085576185888351919,0.0085212097387904456,0.0085596796237608005,0.0020435428534784084,2.0435428534784084e-06,2.22741926385408e-06,1.0899792289957058,1.0993068555072036,ABSTAIN,0,0.5,0.5,0.39795645714652161,0.40000000000000002,0.0085576185888351919,0.0085576185888350999,9.0205620750793969e-17,True,,0,[],0,[],0,190,0,0,,db4d7d766b09bd990f2acc70c552967fe77cc8372b0339d64a332a288dbe87ec,0,0,0,False,True,abstain,fixed,none,standard,0.5,0.40000000000000002,0.5,0.40000000000000002,0.5,0.40000000000000002
191,numerical_frozen_W,2021-07-11,2021-07-12,bear,-0.032567189732292702,0.4050922200024617,0.40000000000000002,-0.013031901777201482,-0.013117562033738163,-0.013026875892917081,0.0050922200024616782,5.0922200024616783e-06,5.5979123584570322e-06,1.0993068555072036,1.0849807965432294,ABSTAIN,0,0.50000000000000011,0.50000000000000011,0.4050922200024617,0.40000000000000002,-0.013031901777201482,-0.013031901777201401,-8.3266726846886741e-17,True,,0,[],0,[],0,191,0,0,,e69b154664ebfd147c95536c29130f82dd665deb68de78453297c3529f6d9165,0,0,0,False,True,abstain,fixed,none,standard,0.50000000000000011,0.40000000000000002,0.50000000000000011,0.40000000000000002,0.50000000000000011,0.40000000000000002
192,numerical_frozen_W,2021-07-12,2021-07-13,bear,-0.0116238335396974,0.39208071086756136,0.40000000000000002,-0.0046574158840119173,-0.0046682954389215877,-0.0046495334158789597,0.0079192891324386672,7.919289132438667e-06,8.592276630969447e-06,1.0849807965432294,1.0799275897475611,ABSTAIN,0,0.49999999999999994,0.49999999999999994,0.39208071086756136,0.40000000000000002,-0.0046574158840119173,-0.0046574158840119,-1.7347234759768071e-17,True,,0,[],0,[],0,192,0,0,,672d7ad83b2b1bf5c34774fc5685c01ba2caac405686cc7a83ee4e7985158fcf,0,0,0,False,True,abstain,fixed,none,standard,0.49999999999999994,0.40000000000000002,0.49999999999999994,0.40000000000000002,0.49999999999999994,0.40000000000000002
193,numerical_frozen_W,2021-07-13,2021-07-14,bear,0.0028293729241843,0.39719724846354748,0.40000000000000002,0.0011289432461254467,0.0011283064689107903,0.00113174916967372,0.0028027515364525413,2.8027515364525414e-06,3.0267687114224667e-06,1.0799275897475611,1.081146766706311,ABSTAIN,0,0.5,0.5,0.39719724846354748,0.40000000000000002,0.0011289432461254467,0.0011289432461256,-1.5330618718945033e-16,True,,0,[],0,[],0,193,0,0,,162cbe6d098751b4534bd7ebc10a7d0843db244800c39ad7cc95676e78aac77e,0,0,0,False,True,abstain,fixed,none,standard,0.5,0.40000000000000002,0.5,0.40000000000000002,0.5,0.40000000000000002
194,numerical_frozen_W,2021-07-14,2021-07-15,bear,-0.029865298424469802,0.40067828185687598,0.40000000000000002,-0.011946789548808789,-0.012018725952516048,-0.011946119369787921,0.00067828185687596187,6.7828185687596184e-07,7.333222364769991e-07,1.081146766706311,1.0682305338130957,ABSTAIN,0,0.49999999999999983,0.49999999999999983,0.40067828185687598,0.40000000000000002,-0.011946789548808789,-0.011946789548808699,-9.1940344226770776e-17,True,,0,[],0,[],0,194,0,0,,9af2aeea37ffa46993de3549f5941b4da75f3412ce56a79886dd12ca86d82696,0,0,0,False,True,abstain,fixed,none,standard,0.49999999999999983,0.40000000000000002,0.49999999999999983,0.40000000000000002,0.49999999999999983,0.40000000000000002
195,numerical_frozen_W,2021-07-15,2021-07-16,bear,-0.0140230209952733,0.39274566725318566,0.40000000000000002,-0.0056164220397919573,-0.0056322534431120742,-0.0056092083981093208,0.0072543327468143626,7.254332746814363e-06,7.7492997425873282e-06,1.0682305338130957,1.062230900299409,ABSTAIN,0,0.49999999999999983,0.49999999999999983,0.39274566725318566,0.40000000000000002,-0.0056164220397919573,-0.0056164220397919001,-5.7245874707234634e-17,True,,0,[],0,[],0,195,0,0,,19b638fe57d1c486e3d55cce6a3f6e368cc43136fb9af0742b06f7f44af2e258,0,0,0,False,True,abstain,fixed,none,standard,0.49999999999999983,0.40000000000000002,0.49999999999999983,0.40000000000000002,0.49999999999999983,0.40000000000000002
196,numerical_frozen_W,2021-07-16,2021-07-17,bear,0.0039689112569280998,0.39661549054226058,0.40000000000000002,0.0015841746201863405,0.0015829211392199255,0.0015875645027712401,0.0033845094577394375,3.3845094577394376e-06,3.5951305283664272e-06,1.062230900299409,1.063913659532441,ABSTAIN,0,0.49999999999999989,0.49999999999999989,0.39661549054226058,0.40000000000000002,0.0015841746201863405,0.0015841746201862999,4.0332320816460765e-17,True,,0,[],0,[],0,196,0,0,,c7cd4de2b380fc9d61bd3741f055ca9f20d41229bbf714b1417db0166d5bf96f,0,0,0,False,True,abstain,fixed,none,standard,0.49999999999999989,0.40000000000000002,0.49999999999999989,0.40000000000000002,0.49999999999999989,0.40000000000000002
197,numerical_frozen_W,2021-07-17,2021-07-18,bear,0.0084648429816044993,0.40095102888196865,0.40000000000000002,0.0033849829436358725,0.0033792667846398567,0.0033859371926418,0.00095102888196862967,9.5102888196862964e-07,1.0118126181362906e-06,1.063913659532441,1.0675149891234594,ABSTAIN,0,0.49999999999999989,0.49999999999999989,0.40095102888196865,0.40000000000000002,0.0033849829436358725,0.0033849829436358001,7.2424705122031696e-17,True,,0,[],0,[],0,197,0,0,,de90d754f1be47835ba2dabfd81c97545fa167a5bd64b6a4ea3f4cc1c3ad5c1c,0,0,0,False,True,abstain,fixed,none,standard,0.49999999999999989,0.40000000000000002,0.49999999999999989,0.40000000000000002,0.49999999999999989,0.40000000000000002
198,numerical_frozen_W,2021-07-18,2021-07-19,bear,-0.029831306197184802,0.40202470678557556,0.40000000000000002,-0.011934523025800226,-0.012006311189084299,-0.011932522478873921,0.0020247067855755363,2.0247067855755362e-06,2.1614048421818632e-06,1.0675149891234594,1.0547747069053786,ABSTAIN,0,0.49999999999999989,0.49999999999999989,0.40202470678557556,0.40000000000000002,-0.011934523025800226,-0.0119345230258003,7.6327832942979512e-17,True,,0,[],0,[],0,198,0,0,,6262631b8140f9bccb12eae575ccd990c8902b49a9a87726dda530964eb30491,0,0,0,False,True,abstain,fixed,none,standard,0.49999999999999989,0.40000000000000002,0.49999999999999989,0.40000000000000002,0.49999999999999989,0.40000000000000002
199,numerical_frozen_W,2021-07-19,2021-07-20,bear,-0.033835756813199697,0.39275402373804857,0.40000000000000002,-0.013541450632305607,-0.013633972275841792,-0.013534302725279879,0.0072459762619514478,7.2459762619514483e-06,7.6428724879431678e-06,1.0547747069053786,1.0404915272836148,ABSTAIN,0,0.49999999999999994,0.49999999999999994,0.39275402373804857,0.40000000000000002,-0.013541450632305607,-0.0135414506323056,-6.9388939039072284e-18,True,,0,[],0,[],0,199,0,0,,83462ac7afa1de5d2d3476f27d874929bcecea6130509d919dee96890f7d847c,0,0,0,False,True,abstain,fixed,none,standard,0.49999999999999994,0.40000000000000002,0.49999999999999994,0.40000000000000002,0.49999999999999994,0.40000000000000002
200,numerical_frozen_W,2021-07-20,2021-07-21,bear,0.078459276762279304,0.39176800403946899,0.40000000000000002,0.031375220358371481,0.030893077097294903,0.031383710704911721,0.0082319959605310355,8.2319959605310353e-06,8.5653220495654858e-06,1.0404915272836148,1.0731371782331567,ABSTAIN,0,0.49999999999999994,0.49999999999999994,0.39176800403946899,0.40000000000000002,0.031375220358371481,0.031375220358371397,8.3266726846886741e-17,True,,0,[],0,[],0,200,0,0,,e2349bc2d7d6dbedb36827c02dbd79ec0cb909114e27795816fe813822629d52,0,0,0,False,True,abstain,fixed,none,standard,0.49999999999999994,0.40000000000000002,0.49999999999999994,0.40000000000000002,0.49999999999999994,0.40000000000000002
201,numerical_frozen_W,2021-07-21,2021-07-22,bear,0.0052129692450375003,0.41825724628720123,0.40000000000000002,0.0020668923819424645,0.0020647592986132875,0.002085187698015,0.018257246287201212,1.8257246287201213e-05,1.9592529762954887e-05,1.0731371782331567,1.075355237291626,ABSTAIN,0,0.49999999999999994,0.49999999999999994,0.41825724628720123,0.40000000000000002,0.0020668923819424645,0.0020668923819423999,6.4184768611141862e-17,True,,0,[],0,[],0,201,0,0,,8de4016f873f83a56757d5fa4eb9e07a6f56ec027186560d061ace2b2407a574,0,0,0,False,True,abstain,fixed,none,standard,0.49999999999999994,0.40000000000000002,0.49999999999999994,0.40000000000000002,0.49999999999999994,0.40000000000000002
202,numerical_frozen_W,2021-07-22,2021-07-23,bear,0.040385276278758597,0.40124850924269528,0.40000000000000002,0.016152841833704468,0.016023772717792296,0.01615411051150344,0.0012485092426952615,1.2485092426952616e-06,1.3425909529393514e-06,1.075355237291626,1.0927252803546432,ABSTAIN,0,0.49999999999999994,0.49999999999999994,0.40124850924269528,0.40000000000000002,0.016152841833704468,0.016152841833704398,6.9388939039072284e-17,True,,0,[],0,[],0,202,0,0,,ce780468fdf9dfe982d1e7ad0eaac0e1b8b500f9124a75c93993e780f2dea523,0,0,0,False,True,abstain,fixed,none,standard,0.49999999999999994,0.40000000000000002,0.49999999999999994,0.40000000000000002,0.49999999999999994,0.40000000000000002
203,numerical_frozen_W,2021-07-23,2021-07-24,bear,0.0065916145140507004,0.40953838222631717,0.40000000000000002,0.0026270822740583899,0.0026236375251945682,0.0026366458056202805,0.0095383822263171436,9.5383822263171432e-06,1.0422831392382147e-05,1.0927252803546432,1.0955959595690783,ABSTAIN,0,0.49999999999999994,0.49999999999999994,0.40953838222631717,0.40000000000000002,0.0026270822740583899,0.0026270822740585998,-2.0903417885520525e-16,True,,0,[],0,[],0,203,0,0,,42a33e0e2aa0339b1fb68f0ed3f166a68a0d9252788101c6eaff19976519bb3b,0,0,0,False,True,abstain,fixed,none,standard,0.49999999999999994,0.40000000000000002,0.49999999999999994,0.40000000000000002,0.49999999999999994,0.40000000000000002
204,numerical_frozen_W,2021-07-24,2021-07-25,bear,0.046306260495257698,0.40157782731160907,0.40000000000000002,0.018520897145478443,0.018351474044666558,0.018522504198103081,0.001577827311609048,1.5778273116090481e-06,1.7286612274966141e-06,1.0955959595690783,1.115887379649259,ABSTAIN,0,0.49999999999999989,0.49999999999999989,0.40157782731160907,0.40000000000000002,0.018520897145478443,0.018520897145478599,-1.5265566588595902e-16,True,,0,[],0,[],0,204,0,0,,07ae3fb83becfbb08a0a15e363f7ba4d46eb9bf3c89b3d258ee1cc9ba9acb0c0,0,0,0,False,True,abstain,fixed,none,standard,0.49999999999999989,0.40000000000000002,0.49999999999999989,0.40000000000000002,0.49999999999999989,0.40000000000000002
205,numerical_frozen_W,2021-07-25,2021-07-26,bear,0.053276106139679098,0.41091139613808703,0.40000000000000002,0.021299298533054012,0.021075638764369083,0.021310442455871641,0.010911396138087004,1.0911396138087003e-05,1.2175889244844951e-05,1.115887379649259,1.139654998077676,ABSTAIN,0,0.49999999999999983,0.49999999999999983,0.41091139613808703,0.40000000000000002,0.021299298533054012,0.021299298533054001,1.0408340855860843e-17,True,,0,[],0,[],0,205,0,0,,101ae9431523338a147e9b3618552a05fa6a118aa504e9d6bd0f669cfbb05004,0,0,0,False,True,abstain,fixed,none,standard,0.49999999999999983,0.40000000000000002,0.49999999999999983,0.40000000000000002,0.49999999999999983,0.40000000000000002
206,numerical_frozen_W,2021-07-26,2021-07-27,bear,0.058358326671424002,0.41251947002791511,0.40000000000000002,0.023330518952412893,0.023062522717845754,0.023343330668569601,0.012519470027915092,1.2519470027915091e-05,1.4267876590597096e-05,1.139654998077676,1.1662437406095394,ABSTAIN,0,0.49999999999999978,0.49999999999999978,0.41251947002791511,0.40000000000000002,0.023330518952412893,0.023330518952412799,9.3675067702747583e-17,True,,0,[],0,[],0,206,0,0,,c344f02318837fc50310d93b793599ac91c22fc4719afd20ec5198563e272e2a,0,0,0,False,True,abstain,fixed,none,standard,0.49999999999999978,0.40000000000000002,0.49999999999999978,0.40000000000000002,0.49999999999999978,0.40000000000000002
207,numerical_frozen_W,2021-07-27,2021-07-28,bear,0.0139714082936226,0.41368650967998344,0.40000000000000002,0.0055748003198430318,0.0055593186321006762,0.0055885633174490405,0.013686509679983416,1.3686509679983416e-05,1.596180624507253e-05,1.1662437406095394,1.1727453165877044,ABSTAIN,0,0.49999999999999989,0.49999999999999989,0.41368650967998344,0.40000000000000002,0.0055748003198430318,0.0055748003198429997,3.2092384305570931e-17,True,,0,[],0,[],0,207,0,0,,7880ff7bccab240d82fdd5dee115b6ee4c2c40ba0f19e782898eff513ec08233,0,0,0,False,True,abstain,fixed,none,standard,0.49999999999999989,0.40000000000000002,0.49999999999999989,0.40000000000000002,0.49999999999999989,0.40000000000000002
208,numerical_frozen_W,2021-07-28,2021-07-29,bear,-4.4996400287877769e-05,0.4033345029098257,0.40000000000000002,-2.1333003008772167e-05,-2.13332305605171e-05,-1.7998560115151108e-05,0.0033345029098256762,3.3345029098256761e-06,3.910522670646134e-06,1.1727453165877044,1.1727202984083371,ABSTAIN,0,0.5,0.5,0.4033345029098257,0.40000000000000002,-2.1333003008772167e-05,-2.1333003008772167e-05,0,True,,0,[],0,[],0,208,0,0,,5685b886f4338fa0f72f49b7ce5f0dc2a978bb981f5a82d99cfc489643466d3a,0,0,0,False,True,abstain,fixed,none,standard,0.5,0.40000000000000002,0.5,0.40000000000000002,0.5,0.40000000000000002
209,numerical_frozen_W,2021-07-29,2021-07-30,mix,0.055048073317433797,0.39998920066955856,0.40000000000000002,0.022019218289849984,0.021780296193602937,0.022019229326973519,1.0799330441457755e-05,1.0799330441457755e-08,1.2664594017916579e-08,1.1727202984083371,1.1985426826519283,ABSTAIN,0,0.49999999999999994,0.49999999999999994,0.39998920066955856,0.40000000000000002,0.022019218289849984,0.0220192182898502,-2.0816681711721685e-16,True,,0,[],0,[],0,209,0,0,,8456a6696c93fdd874fac9cae72c45aa740f4f7a0706096e846842e40a434b8c,0,0,0,False,True,abstain,fixed,none,standard,0.49999999999999994,0.40000000000000002,0.49999999999999994,0.40000000000000002,0.49999999999999994,0.40000000000000002
210,numerical_frozen_W,2021-07-30,2021-07-31,bear,-0.0153944942824513,0.4129268972804791,0.40000000000000002,-0.0061706450090425191,-0.0061897621228117101,-0.0061577977129805206,0.012926897280479077,1.2926897280479077e-05,1.5493438144911312e-05,1.1985426826519283,1.1911469012290978,ABSTAIN,0,0.49999999999999989,0.49999999999999989,0.4129268972804791,0.40000000000000002,-0.0061706450090425191,-0.0061706450090425,-1.9081958235744878e-17,True,,0,[],0,[],0,210,0,0,,ab0b4af83e18337f08051098bda1a2bbe68ffdd577ee3c5ed1d697d8c350236e,0,0,0,False,True,abstain,fixed,none,standard,0.49999999999999989,0.40000000000000002,0.49999999999999989,0.40000000000000002,0.49999999999999989,0.40000000000000002
211,numerical_frozen_W,2021-07-31,2021-08-01,mix,-0.040318912635938398,0.3962824293240052,0.40000000000000002,-0.016131222669688472,-0.016262747194269796,-0.016127565054375358,0.0037175706759948191,3.7175706759948193e-06,4.4281727908113906e-06,1.1911469012290978,1.1719322453330618,ABSTAIN,0,0.5,0.5,0.3962824293240052,0.40000000000000002,-0.016131222669688472,-0.016131222669688399,-7.6327832942979512e-17,True,,0,[],0,[],0,211,0,0,,17c2afe92b5a84a72b9c65fb103cfc23493e46975a244e430c4f88a93c88dd72,0,0,0,False,True,abstain,fixed,none,standard,0.5,0.40000000000000002,0.5,0.40000000000000002,0.5,0.40000000000000002
212,numerical_frozen_W,2021-08-01,2021-08-02,mix,-0.0178016615552819,0.39016484384669237,0.40000000000000002,-0.0071304297454175547,-0.0071559727537705052,-0.0071206646221127603,0.0098351561533076559,9.8351561533076559e-06,1.1526136633947122e-05,1.1719322453330618,1.163575864791325,ABSTAIN,0,0.49999999999999983,0.49999999999999983,0.39016484384669237,0.40000000000000002,-0.0071304297454175547,-0.0071304297454175001,-5.5511151231257827e-17,True,,0,[],0,[],0,212,0,0,,ef7ef780e672dd4514ab8e2742f4a51fe8944446c97f79151a7c305d35f321e7,0,0,0,False,True,abstain,fixed,none,standard,0.49999999999999983,0.40000000000000002,0.49999999999999983,0.40000000000000002,0.49999999999999983,0.40000000000000002
213,numerical_frozen_W,2021-08-02,2021-08-03,bear,-0.026503507929861701,0.39569696072721511,0.40000000000000002,-0.010605660592963306,-0.010662301442982207,-0.010601403171944681,0.0043030392727849143,4.3030392727849144e-06,5.0069126430617408e-06,1.163575864791325,1.1512353740951844,ABSTAIN,0,0.49999999999999989,0.49999999999999989,0.39569696072721511,0.40000000000000002,-0.010605660592963306,-0.010605660592963299,-6.9388939039072284e-18,True,,0,[],0,[],0,213,0,0,,603790a730235b8ef1d9681d470652e4580fa02c156258bbe0f62effdf624a0f,0,0,0,False,True,abstain,fixed,none,standard,0.49999999999999989,0.40000000000000002,0.49999999999999989,0.40000000000000002,0.49999999999999989,0.40000000000000002
214,numerical_frozen_W,2021-08-03,2021-08-04,bear,0.042134470486725598,0.39357100169379738,0.40000000000000002,0.016847250843408323,0.016706909958376284,0.016853788194690241,0.0064289983062026379,6.4289983062026384e-06,7.4012902700985e-06,1.1512353740951844,1.170630525222371,ABSTAIN,0,0.49999999999999983,0.49999999999999983,0.39357100169379738,0.40000000000000002,0.016847250843408323,0.016847250843408299,2.0816681711721685e-17,True,,0,[],0,[],0,214,0,0,,1af4ef39d60e7533377f389fb42e5430829d17db999bb5da6cc75260a5c034ec,0,0,0,False,True,abstain,fixed,none,standard,0.49999999999999983,0.40000000000000002,0.49999999999999983,0.40000000000000002,0.49999999999999983,0.40000000000000002
215,numerical_frozen_W,2021-08-04,2021-08-05,bear,0.028444594319134001,0.4099446675954932,0.40000000000000002,0.011367779911243936,0.011303652236433603,0.011377837727653601,0.0099446675954931729,9.9446675954931724e-06,1.1641531450474066e-05,1.170630525222371,1.1839379953904827,ABSTAIN,0,0.49999999999999989,0.49999999999999989,0.4099446675954932,0.40000000000000002,0.011367779911243936,0.0113677799112439,3.6429192995512949e-17,True,,0,[],0,[],0,215,0,0,,b46e48d2a55ba6099f52f6f2d32a70841577fa51006a9f2d3a372a8d3c27b4e4,0,0,0,False,True,abstain,fixed,none,standard,0.49999999999999989,0.40000000000000002,0.49999999999999989,0.40000000000000002,0.49999999999999989,0.40000000000000002
216,numerical_frozen_W,2021-08-05,2021-08-06,mix,0.047182092240231899,0.40674990333180555,0.40000000000000002,0.018865959602936355,0.018690204472434156,0.018872836896092759,0.006749903331805529,6.749903331805529e-06,7.9914670197373798e-06,1.1839379953904827,1.206274121783901,ABSTAIN,0,0.49999999999999989,0.49999999999999989,0.40674990333180555,0.40000000000000002,0.018865959602936355,0.0188659596029363,5.5511151231257827e-17,True,,0,[],0,[],0,216,0,0,,8992335c9332fa2758fe45094268a9b4fd7b38644dc6619eccc15774cf0c76ab,0,0,0,False,True,abstain,fixed,none,standard,0.49999999999999989,0.40000000000000002,0.49999999999999989,0.40000000000000002,0.49999999999999989,0.40000000000000002
217,numerical_frozen_W,2021-08-06,2021-08-07,mix,0.042499894848511501,0.41111395036514303,0.40000000000000002,0.01698865505235081,0.016845961696778995,0.016999957939404602,0.01111395036514301,1.1113950365143011e-05,1.3406470716262752e-05,1.206274121783901,1.2267670967374651,ABSTAIN,0,0.5,0.5,0.41111395036514303,0.40000000000000002,0.01698865505235081,0.016988655052350799,1.0408340855860843e-17,True,,0,[],0,[],0,217,0,0,,6bab6c4520c26c220ab463a4fc17aa255233f8e76957ed2423a130da8c36f26c,0,0,0,False,True,abstain,fixed,none,standard,0.5,0.40000000000000002,0.5,0.40000000000000002,0.5,0.40000000000000002
218,numerical_frozen_W,2021-08-07,2021-08-08,mix,-0.018411178503704901,0.41002947412535734,0.40000000000000002,-0.0073744270138319523,-0.0074017525235909624,-0.0073644714014819606,0.010029474125357318,1.0029474125357319e-05,1.2303828854568126e-05,1.2267670967374651,1.2177203923196041,ABSTAIN,0,0.5,0.5,0.41002947412535734,0.40000000000000002,-0.0073744270138319523,-0.0073744270138319003,-5.2909066017292616e-17,True,,0,[],0,[],0,218,0,0,,43c86c236bf7bf588d6524902432d8b61d3841da52dd959b6aaefd4c833b8200,0,0,0,False,True,abstain,fixed,none,standard,0.5,0.40000000000000002,0.5,0.40000000000000002,0.5,0.40000000000000002
219,numerical_frozen_W,2021-08-08,2021-08-09,mix,0.0568929139036553,0.39554853446850952,0.40000000000000002,0.022752612793192517,0.02249763249845875,0.022757165561462123,0.0044514655314905061,4.4514655314905058e-06,5.420640353403814e-06,1.2177203923196041,1.2454267128964265,ABSTAIN,0,0.49999999999999983,0.49999999999999983,0.39554853446850952,0.40000000000000002,0.022752612793192517,0.0227526127931925,1.7347234759768071e-17,True,,0,[],0,[],0,219,0,0,,ab42687b69a1af4eb89d83b34bfb681ddd6be6e2cf90cc41f8e362481778b2a6,0,0,0,False,True,abstain,fixed,none,standard,0.49999999999999983,0.40000000000000002,0.49999999999999983,0.40000000000000002,0.49999999999999983,0.40000000000000002
220,numerical_frozen_W,2021-08-09,2021-08-10,mix,-0.0149186657246626,0.41335048024755855,0.40000000000000002,-0.0059807371015716537,-0.0059986933398676109,-0.0059674662898650402,0.013350480247558527,1.3350480247558527e-05,1.6627044730305487e-05,1.2454267128964265,1.2379781431473185,ABSTAIN,0,0.5,0.5,0.41335048024755855,0.40000000000000002,-0.0059807371015716537,-0.0059807371015715999,-5.377642775528102e-17,True,,0,[],0,[],0,220,0,0,,dcf1bd64af71fb2efcd6b1ae62edbc1eb2163b00b2777d23cbcce7c6bdba8266,0,0,0,False,True,abstain,fixed,none,standard,0.5,0.40000000000000002,0.5,0.40000000000000002,0.5,0.40000000000000002
221,numerical_frozen_W,2021-08-10,2021-08-11,mix,-0.00064701779627919997,0.39639802556506354,0.45000000000000001,-0.00034474437611653475,-0.00034480381411997085,-0.00029115800832564,0.053601974434936472,5.3601974434936472e-05,6.6358072779992689e-05,1.2379781431473185,1.2375513571447132,ABSTAIN,0,0.49999999999999989,0.49999999999999989,0.39639802556506354,0.45000000000000001,-0.00034474437611653475,-0.0003447443761165,-3.4748679628160417e-17,True,,0,[],0,[],0,221,0,0,,6ccbab3050f258f7b00f0f487b1ebfe5a7ba30338f653494ef47a14bd52f634c,0,0,0,False,True,abstain,fixed,none,standard,0.49999999999999989,0.45000000000000001,0.49999999999999989,0.45000000000000001,0.49999999999999989,0.45000000000000001
222,numerical_frozen_W,2021-08-11,2021-08-12,mix,-0.0254782801447625,0.44983981645669951,0.45000000000000001,-0.01146538441214584,-0.011531618686307313,-0.011465226065143126,0.00016018354330049611,1.6018354330049612e-07,1.9823536140377789e-07,1.2375513571447132,1.2233623551052764,ABSTAIN,0,0.49999999999999994,0.49999999999999994,0.44983981645669951,0.45000000000000001,-0.01146538441214584,-0.0114653844121458,-3.9898639947466563e-17,True,,0,[],0,[],0,222,0,0,,0a1eae8b2014ec192e48afcdf441220625f0a64f8dbc6e7528feb003fee372ea,0,0,0,False,True,abstain,fixed,none,standard,0.49999999999999994,0.45000000000000001,0.49999999999999994,0.45000000000000001,0.49999999999999994,0.45000000000000001
223,numerical_frozen_W,2021-08-12,2021-08-13,mix,0.076699081601859301,0.44362098885937196,0.45000000000000001,0.034507987540762786,0.033925939334370672,0.034514586720836689,0.0063790111406280547,6.379011140628055e-06,7.8038420922415318e-06,1.2233623551052764,1.2655781280130876,ABSTAIN,0,0.49999999999999983,0.49999999999999983,0.44362098885937196,0.45000000000000001,0.034507987540762786,0.034507987540762702,7.6327832942979512e-17,True,,0,[],0,[],0,223,0,0,,233451e7dbe3c3131eda78fb04b7f3b1ebe5221608776e5ead020181cc0aa49f,0,0,0,False,True,abstain,fixed,none,standard,0.49999999999999983,0.45000000000000001,0.49999999999999983,0.45000000000000001,0.49999999999999983,0.45000000000000001
224,numerical_frozen_W,2021-08-13,2021-08-14,mix,-0.0152188600078227,0.46834969070531118,0.45000000000000001,-0.0068667110266072973,-0.006890395371406806,-0.0068484870035202148,0.018349690705311172,1.8349690705311173e-05,2.3222967212446865e-05,1.2655781280130876,1.256887768726427,ABSTAIN,0,0.49999999999999989,0.49999999999999989,0.46834969070531118,0.45000000000000001,-0.0068667110266072973,-0.0068667110266072001,-9.8011876392689601e-17,True,,0,[],0,[],0,224,0,0,,679d799f843c5dccdce5495a748cdb95d699c3b956cc94d531e75a4704c1adcb,0,0,0,False,True,abstain,fixed,none,standard,0.49999999999999989,0.45000000000000001,0.49999999999999989,0.45000000000000001,0.49999999999999989,0.45000000000000001
225,numerical_frozen_W,2021-08-14,2021-08-15,mix,-0.0019158268109552999,0.44620735829060815,0.45000000000000001,-0.0008659114369191645,-0.00086628655478899368,-0.00086212206492988492,0.0037926417093918641,3.792641709391864e-06,4.7669249756963226e-06,1.256887768726427,1.2557994152325631,ABSTAIN,0,0.49999999999999983,0.49999999999999983,0.44620735829060815,0.45000000000000001,-0.0008659114369191645,-0.00086591143691909999,-6.4618449480136064e-17,True,,0,[],0,[],0,225,0,0,,d89e4d3f078d1d048e9e4819a6e3bd1591d41963d2c8350c8c911339942d63af,0,0,0,False,True,abstain,fixed,none,standard,0.49999999999999983,0.45000000000000001,0.49999999999999983,0.45000000000000001,0.49999999999999983,0.45000000000000001
226,numerical_frozen_W,2021-08-15,2021-08-16,mix,-0.021174132232987801,0.44952542372160748,0.45000000000000001,-0.0095288295591895444,-0.00957451933394559,-0.0095283595048445101,0.00047457627839253558,4.7457627839253561e-07,5.9597261288859226e-07,1.2557994152325631,1.2438331166442822,ABSTAIN,0,0.49999999999999978,0.49999999999999978,0.44952542372160748,0.45000000000000001,-0.0095288295591895444,-0.0095288295591894993,-4.5102810375396984e-17,True,,0,[],0,[],0,226,0,0,,6d172c7ab2fe9f1f355b81d079c11d76b5aeb6991e29438b742460df1beada19,0,0,0,False,True,abstain,fixed,none,standard,0.49999999999999978,0.45000000000000001,0.49999999999999978,0.45000000000000001,0.49999999999999978,0.45000000000000001
227,numerical_frozen_W,2021-08-16,2021-08-17,mix,-0.028365325037013899,0.44470898760408262,0.45000000000000001,-0.012769619742473259,-0.012851852137666061,-0.012764396266656255,0.0052910123959173938,5.2910123959173943e-06,6.5811364386174631e-06,1.2438331166442822,1.2279498407216394,ABSTAIN,0,0.49999999999999994,0.49999999999999994,0.44470898760408262,0.45000000000000001,-0.012769619742473259,-0.0127696197424732,-6.0715321659188248e-17,True,,0,[],0,[],0,227,0,0,,6af8f99df8c5b99c117beb65e723c41a682afad82f535e86e945c262c0731ed2,0,0,0,False,True,abstain,fixed,none,standard,0.49999999999999994,0.45000000000000001,0.49999999999999994,0.45000000000000001,0.49999999999999994,0.45000000000000001
228,numerical_frozen_W,2021-08-17,2021-08-18,mix,0.00072049333655539998,0.44288881203219127,0.5,0.00030311490619472359,0.00030306897615269739,0.00036024666827769999,0.05711118796780873,5.7111187967808733e-05,7.0129674168494338e-05,1.2279498407216394,1.2283220506224215,ABSTAIN,0,0.49999999999999983,0.49999999999999983,0.44288881203219127,0.5,0.00030311490619472359,0.00030311490619470001,2.3581397251559721e-17,True,,0,[],0,[],0,228,0,0,,d75729c23cced4e4f8303c0ea59cfcff0c5f7c81a05258e5e2afd1783e36a9c5,0,0,0,False,False,abstain,fixed,none,standard,0.49999999999999983,0.5,0.49999999999999983,0.5,0.49999999999999983,0.5
229,numerical_frozen_W,2021-08-18,2021-08-19,mix,0.045436657886852097,0.50018005846867541,0.5,0.022718144794329875,0.022463930722241177,0.022718328943426049,0.00018005846867541475,1.8005846867541474e-07,2.2116978747531853e-07,1.2283220506224215,1.2562272488225299,ABSTAIN,0,0.49999999999999994,0.49999999999999994,0.50018005846867541,0.5,0.022718144794329875,0.022718144794329799,7.6327832942979512e-17,True,,0,[],0,[],0,229,0,0,,3a99d554dd676d72ea05125cf775f0e076b8c5a335d26a2e303bb770ebce5545,0,0,0,False,False,abstain,fixed,none,standard,0.49999999999999994,0.5,0.49999999999999994,0.5,0.49999999999999994,0.5
230,numerical_frozen_W,2021-08-19,2021-08-20,mix,0.054925688522731803,0.51110683572420978,0.5,0.027451432400341869,0.027081398534204382,0.027462844261365901,0.011106835724209785,1.1106835724209784e-05,1.395270968494785e-05,1.2562272488225299,1.290712486223049,ABSTAIN,0,0.49999999999999983,0.49999999999999983,0.51110683572420978,0.5,0.027451432400341869,0.027451432400342,-1.2836953722228372e-16,True,,0,[],0,[],0,230,0,0,,34c23f9d49e58170f5835d418da7f3f1922a0f7e13488b32297916405252ea22,0,0,0,False,False,abstain,fixed,none,standard,0.49999999999999983,0.5,0.49999999999999983,0.5,0.49999999999999983,0.5
231,numerical_frozen_W,2021-08-20,2021-08-21,mix,-0.0090868542697266005,0.51336439775645071,0.5,-0.0045567308124523365,-0.0045671443568216724,-0.0045434271348633003,0.013364397756450708,1.3364397756450707e-05,1.7249595055102232e-05,1.290712486223049,1.2848310568670596,ABSTAIN,0,0.5,0.5,0.51336439775645071,0.5,-0.0045567308124523365,-0.0045567308124523,-3.6429192995512949e-17,True,,0,[],0,[],0,231,0,0,,973b623adab339f114de471221e4a244dc58fe52465932138fc95c69dbc131bf,0,0,0,False,False,abstain,fixed,none,standard,0.5,0.5,0.5,0.5,0.5,0.5
232,numerical_frozen_W,2021-08-21,2021-08-22,bull,0.0077482107709744997,0.49771791795909975,0.5,0.0038718144624199091,0.0038643382801843095,0.0038741053854872498,0.0022820820409002462,2.2820820409002463e-06,2.9320898804671996e-06,1.2848310568670596,1.2898056843348038,ABSTAIN,0,0.5,0.5,0.49771791795909975,0.5,0.0038718144624199091,0.0038718144624199,9.1072982488782372e-18,True,,0,[],0,[],0,232,0,0,,2d15cf9a20474ca8b232f3a5ef3b468b8a95b35fb1326822c311ac1d900db196,0,0,0,False,False,abstain,fixed,none,standard,0.5,0.5,0.5,0.5,0.5,0.5
233,numerical_frozen_W,2021-08-22,2021-08-23,bull,0.0057903338781225997,0.50192957730690724,0.5,0.0028932317753058712,0.0028890544356546073,0.0028951669390612999,0.0019295773069072375,1.9295773069072377e-06,2.4887797788123973e-06,1.2898056843348038,1.2935373911246915,ABSTAIN,0,0.5,0.5,0.50192957730690724,0.5,0.0028932317753058712,0.0028932317753058,7.0689981646054889e-17,True,,0,[],0,[],0,233,0,0,,d9c58b684b021561457af6f12a2531e6730225e13d4f324a5e44292d9f00c555,0,0,0,False,False,abstain,fixed,none,standard,0.5,0.5,0.5,0.5,0.5,0.5
234,numerical_frozen_W,2021-08-23,2021-08-24,mix,-0.036839141133272899,0.50144340457233316,0.5,-0.018420987384316412,-0.018592766604876129,-0.018419570566636449,0.0014434045723331623,1.4434045723331623e-06,1.8670977848332897e-06,1.2935373911246915,1.269709155161642,ABSTAIN,0,0.49999999999999994,0.49999999999999994,0.50144340457233316,0.5,-0.018420987384316412,-0.018420987384316401,-1.0408340855860843e-17,True,,0,[],0,[],0,234,0,0,,9b09d1eced537e667c3c6ed8e88ca98bb35b3e371e732d85a3a12d9150fcba3e,0,0,0,False,False,abstain,fixed,none,standard,0.49999999999999994,0.5,0.49999999999999994,0.5,0.49999999999999994,0.5
235,numerical_frozen_W,2021-08-24,2021-08-25,mix,0.0268219228036643,0.49061739108976044,0.5,0.013401452963115901,0.013312447809498969,0.01341096140183215,0.0093826089102395649,9.3826089102395647e-06,1.1913184432632372e-05,1.269709155161642,1.2867251026813784,ABSTAIN,0,0.49999999999999994,0.49999999999999994,0.49061739108976044,0.5,0.013401452963115901,0.0134014529631161,-1.960237527853792e-16,True,,0,[],0,[],0,235,0,0,,a8568386e738ee3fc5d7440d2a61d6c5663a691cbdd0a8e2cc47b8d0a813b012,0,0,0,False,False,abstain,fixed,none,standard,0.49999999999999994,0.5,0.49999999999999994,0.5,0.49999999999999994,0.5
236,numerical_frozen_W,2021-08-25,2021-08-26,mix,-0.044145771464144001,0.50661674380513966,0.5,-0.022079356425247165,-0.022326753778580021,-0.022072885732072001,0.0066167438051396577,6.616743805139658e-06,8.5139303520847015e-06,1.2867251026813784,1.2583150405179635,ABSTAIN,0,0.49999999999999994,0.49999999999999994,0.50661674380513966,0.5,-0.022079356425247165,-0.022079356425247099,-6.9388939039072284e-17,True,,0,[],0,[],0,236,0,0,,41705453b8b4585f629e4c8708ce09a7181353c12045260f865574fdd85f2ea7,0,0,0,False,False,abstain,fixed,none,standard,0.49999999999999994,0.5,0.49999999999999994,0.5,0.49999999999999994,0.5
237,numerical_frozen_W,2021-08-26,2021-08-27,mix,0.047675074095269103,0.48871445253433038,0.5,0.023825982480512931,0.023546573192176717,0.023837537047634551,0.011285547465669621,1.1285547465669621e-05,1.4200774116531471e-05,1.2583150405179635,1.2882956326283104,ABSTAIN,0,0.49999999999999989,0.49999999999999989,0.48871445253433038,0.5,0.023825982480512931,0.023825982480513101,-1.6653345369377348e-16,True,,0,[],0,[],0,237,0,0,,b9d79dda8be61364f1a75410125d9482de7f7bcac7bfb52e55cf6947542b86ab,0,0,0,False,False,abstain,fixed,none,standard,0.49999999999999989,0.5,0.49999999999999989,0.5,0.49999999999999989,0.5
238,numerical_frozen_W,2021-08-27,2021-08-28,mix,-0.0034077730651411002,0.51164126933476828,0.5,-0.0017155079665033268,-0.0017169811353579135,-0.0017038865325705501,0.011641269334768278,1.1641269334768278e-05,1.499739644223185e-05,1.2882956326283104,1.286085551207325,ABSTAIN,0,0.49999999999999989,0.49999999999999989,0.51164126933476828,0.5,-0.0017155079665033268,-0.0017155079665032999,-2.688821387764051e-17,True,,0,[],0,[],0,238,0,0,,d22d91931868c50d5eeced485c901ac70d4e47c430413762d8c8c163b96aa633,0,0,0,False,False,abstain,fixed,none,standard,0.49999999999999989,0.5,0.49999999999999989,0.5,0.49999999999999989,0.5
239,numerical_frozen_W,2021-08-28,2021-08-29,mix,-0.002447997938528,0.49914660264144861,0.5,-0.0012248513220650681,-0.0012256020655410235,-0.001223998969264,0.00085339735855138876,8.5339735855138881e-07,1.0975420122714379e-06,1.286085551207325,1.2845102876196399,ABSTAIN,0,0.49999999999999989,0.49999999999999989,0.49914660264144861,0.5,-0.0012248513220650681,-0.001224851322065,-6.8087896432089678e-17,True,,0,[],0,[],0,239,0,0,,40a3b1c857d518f8b36b10a019cbc7fe08356d3385a3e971061bc65054891aea,0,0,0,False,False,abstain,fixed,none,standard,0.49999999999999989,0.5,0.49999999999999989,0.5,0.49999999999999989,0.5
240,numerical_frozen_W,2021-08-29,2021-08-30,mix,-0.036588666062561802,0.49938725051062455,0.5,-0.018294934570927013,-0.018464356442564677,-0.018294333031280901,0.00061274948937545259,6.1274948937545257e-07,7.870830228364501e-07,1.2845102876196399,1.261010255951956,ABSTAIN,0,0.49999999999999989,0.49999999999999989,0.49938725051062455,0.5,-0.018294934570927013,-0.018294934570926999,-1.3877787807814457e-17,True,,0,[],0,[],0,240,0,0,,4c30e64f3b8ff6f0373694415a70fa45f2e2b96226fcc76a8839dd1b570042ff,0,0,0,False,False,abstain,fixed,none,standard,0.49999999999999989,0.5,0.49999999999999989,0.5,0.49999999999999989,0.5
241,numerical_frozen_W,2021-08-30,2021-08-31,mix,0.0029302423567916002,0.49068237372624646,0.5,0.0014557899006704123,0.0014547312658616601,0.0014651211783958001,0.0093176262737535431,9.3176262737535437e-06,1.1749622292330627e-05,1.261010255951956,1.2628460219472126,ABSTAIN,0,0.5,0.5,0.49068237372624646,0.5,0.0014557899006704123,0.0014557899006704001,1.214306433183765e-17,True,,0,[],0,[],0,241,0,0,,f8dd94a27ffbd60125b60f88694c3b4a2d054c9da442b35aec0ae65a225fd77d,0,0,0,False,False,abstain,fixed,none,standard,0.5,0.5,0.5,0.5,0.5,0.5
242,numerical_frozen_W,2021-08-31,2021-09-01,mix,0.035836742314939003,0.50073148886936369,0.5,0.01791762656151108,0.017758997920696677,0.017918371157469502,0.0007314888693636945,7.3148886936369453e-07,9.2375780877460591e-07,1.2628460219472126,1.2854732253731527,ABSTAIN,0,0.49999999999999994,0.49999999999999994,0.50073148886936369,0.5,0.01791762656151108,0.017917626561511,7.9797279894933126e-17,True,,0,[],0,[],0,242,0,0,,b1627c2701c2797828fe94782a12376ab20f011619492338f9a136683e35c057,0,0,0,False,False,abstain,fixed,none,standard,0.49999999999999994,0.5,0.49999999999999994,0.5,0.49999999999999994,0.5
243,numerical_frozen_W,2021-09-01,2021-09-02,mix,0.0093180170178248003,0.50880147743924431,0.5,0.0046501660253148724,0.0046393874052817708,0.0046590085089124001,0.0088014774392443096,8.8014774392443092e-06,1.1314063591874419e-05,1.2854732253731527,1.2914508892922347,ABSTAIN,0,0.49999999999999994,0.49999999999999994,0.50880147743924431,0.5,0.0046501660253148724,0.0046501660253147996,7.2858385991025898e-17,True,,0,[],0,[],0,243,0,0,,4e1e8fa47b1a939b12bb2f2b26680af083cafaffc96a6f30ec32826acb44743b,0,0,0,False,False,abstain,fixed,none,standard,0.49999999999999994,0.5,0.49999999999999994,0.5,0.49999999999999994,0.5
244,numerical_frozen_W,2021-09-02,2021-09-03,mix,0.0147074641344473,0.50231870140488122,0.5,0.0073513963147098238,0.0073245065054994164,0.0073537320672236502,0.0023187014048812182,2.3187014048812183e-06,2.9944889913370033e-06,1.2914508892922347,1.3009448566004065,ABSTAIN,0,0.49999999999999994,0.49999999999999994,0.50231870140488122,0.5,0.0073513963147098238,0.0073513963147098004,2.3418766925686896e-17,True,,0,[],0,[],0,244,0,0,,4785004d98ba80bd91bd1fa893473a28fbdbb55e36b691e52f9fa60db5742848,0,0,0,False,False,abstain,fixed,none,standard,0.49999999999999994,0.5,0.49999999999999994,0.5,0.49999999999999994,0.5
245,numerical_frozen_W,2021-09-03,2021-09-04,mix,-0.0016120322406446999,0.50365002472971077,0.5,-0.00080966320307329642,-0.00080999115735812884,-0.00080601612032234996,0.0036500247297107657,3.6500247297107657e-06,4.7484808985815096e-06,1.3009448566004065,1.2998915294207896,ABSTAIN,0,0.49999999999999983,0.49999999999999983,0.50365002472971077,0.5,-0.00080966320307329642,-0.00080966320307320004,-9.6493993351209895e-17,True,,0,[],0,[],0,245,0,0,,95398d455f474fca092f1d54c74ea189a5e298e007e4077d6c72f37eaafb29e5,0,0,0,False,False,abstain,fixed,none,standard,0.49999999999999983,0.5,0.49999999999999983,0.5,0.49999999999999983,0.5
246,numerical_frozen_W,2021-09-04,2021-09-05,mix,0.0370644892464502,0.49959666684681553,0.5,0.018531833815403242,0.018362211783320721,0.0185322446232251,0.00040333315318447083,4.0333315318447086e-07,5.2428934935907136e-07,1.2998915294207896,1.323980903222066,ABSTAIN,0,0.49999999999999978,0.49999999999999978,0.49959666684681553,0.5,0.018531833815403242,0.018531833815403399,-1.5612511283791264e-16,True,,0,[],0,[],0,246,0,0,,09f818b7d92278998f20ec84f0e78963adcc745a45cca60061d8d093cf42034a,0,0,0,False,False,abstain,fixed,none,standard,0.49999999999999978,0.5,0.49999999999999978,0.5,0.49999999999999978,0.5
247,numerical_frozen_W,2021-09-05,2021-09-06,mix,0.0174526643563859,0.50909752475734371,0.5,0.0087171552654126128,0.0086793802359163407,0.0087263321781929498,0.0090975247573437112,9.0975247573437112e-06,1.2044949045313033e-05,1.323980903222066,1.3355222503238939,ABSTAIN,0,0.49999999999999994,0.49999999999999994,0.50909752475734371,0.5,0.0087171552654126128,0.0087171552654126006,1.214306433183765e-17,True,,0,[],0,[],0,247,0,0,,730f382f99be75314f3b1ea2d09af4fbbcb07644ee6e370a981ba13a384a83fb,0,0,0,False,False,abstain,fixed,none,standard,0.49999999999999994,0.5,0.49999999999999994,0.5,0.49999999999999994,0.5
248,numerical_frozen_W,2021-09-06,2021-09-07,mix,-0.1118713702320582,0.50432542102839217,0.5,-0.055939768591668826,-0.057565310414076275,-0.055935685116029102,0.0043254210283921735,4.3254210283921735e-06,5.7766960254366069e-06,1.3355222503238939,1.2608134446917505,ABSTAIN,0,0.49999999999999994,0.49999999999999994,0.50432542102839217,0.5,-0.055939768591668826,-0.055939768591668798,-2.7755575615628914e-17,True,,0,[],0,[],0,248,0,0,,dfe92ba580aea718da8705adc5e572a86597c6caadb992defcefaea3d77e3aad,0,0,0,False,False,abstain,fixed,none,standard,0.49999999999999994,0.5,0.49999999999999994,0.5,0.49999999999999994,0.5
249,numerical_frozen_W,2021-09-07,2021-09-08,mix,-0.015352846112407901,0.47037506648956229,0.45000000000000001,-0.0069290150502059333,-0.0069531321446954942,-0.0069087807505835552,0.020375066489562277,2.0375066489562276e-05,2.568915776652847e-05,1.2608134446917505,1.2520772493579793,ABSTAIN,0,0.49999999999999994,0.49999999999999994,0.47037506648956229,0.45000000000000001,-0.0069290150502059333,-0.0069290150502059004,-3.2959746043559335e-17,True,,0,[],0,[],0,249,0,0,,3cb5893199b9769adad82438985801669338691e4f9283640723b8661b63e025,0,0,0,False,True,abstain,fixed,none,standard,0.49999999999999994,0.45000000000000001,0.49999999999999994,0.45000000000000001,0.49999999999999994,0.45000000000000001
250,numerical_frozen_W,2021-09-08,2021-09-09,mix,0.0070384313112497,0.44617373576649594,0.45000000000000001,0.0031634557069248892,0.0031584625086563648,0.0031672940900623649,0.0038262642335040731,3.826264233504073e-06,4.7907783968025967e-06,1.2520772493579793,1.2560381402779717,ABSTAIN,0,0.49999999999999978,0.49999999999999978,0.44617373576649594,0.45000000000000001,0.0031634557069248892,0.0031634557069247999,8.8904578143811364e-17,True,,0,[],0,[],0,250,0,0,,1dc6f43720bd8be07893b602db301ce61c5ab6a308731387d980304949efbed2,0,0,0,False,True,abstain,fixed,none,standard,0.49999999999999978,0.45000000000000001,0.49999999999999978,0.45000000000000001,0.49999999999999978,0.45000000000000001
251,numerical_frozen_W,2021-09-09,2021-09-10,mix,-0.033260322168948898,0.45173651170626972,0.45000000000000001,-0.014968855497110911,-0.015082019525252432,-0.014967144976027004,0.0017365117062697055,1.7365117062697056e-06,2.1811249341139283e-06,1.2560381402779717,1.2372366868572908,ABSTAIN,0,0.5,0.5,0.45173651170626972,0.45000000000000001,-0.014968855497110911,-0.014968855497110901,-1.0408340855860843e-17,True,,0,[],0,[],0,251,0,0,,c6bf727135a91492380169ec808b540add923f0cfa904cd2b42d9e170adae14f,0,0,0,False,True,abstain,fixed,none,standard,0.5,0.45000000000000001,0.5,0.45000000000000001,0.5,0.45000000000000001
252,numerical_frozen_W,2021-09-10,2021-09-11,mix,0.0071159695647906003,0.44164298967813159,0.45000000000000001,0.0031938025331299524,0.0031887131792014472,0.0032021863041557701,0.0083570103218684189,8.3570103218684191e-06,1.0339599762660665e-05,1.2372366868572908,1.2411881765218569,ABSTAIN,0,0.49999999999999983,0.49999999999999983,0.44164298967813159,0.45000000000000001,0.0031938025331299524,0.0031938025331299,5.2041704279304213e-17,True,,0,[],0,[],0,252,0,0,,6aa49c149caaa88f7d48db408ed8cf0c78e3f236a5fed79b5baeb28abc107e60,0,0,0,False,True,abstain,fixed,none,standard,0.49999999999999983,0.45000000000000001,0.49999999999999983,0.45000000000000001,0.49999999999999983,0.45000000000000001
253,numerical_frozen_W,2021-09-11,2021-09-12,mix,0.0199371594197763,0.45175558077058631,0.45000000000000001,0.0089699504075466674,0.0089299593695650031,0.008971721738899336,0.0017555807705862958,1.7555807705862958e-06,2.1790060953808408e-06,1.2411881765218569,1.2523215729116912,ABSTAIN,0,0.49999999999999989,0.49999999999999989,0.45175558077058631,0.45000000000000001,0.0089699504075466674,0.0089699504075465997,6.7654215563095477e-17,True,,0,[],0,[],0,253,0,0,,7ec90552b898cb251c2de3fc14795517263c800f35cbdadee9d3cc754b56bd64,0,0,0,False,True,abstain,fixed,none,standard,0.49999999999999989,0.45000000000000001,0.49999999999999989,0.45000000000000001,0.49999999999999989,0.45000000000000001
254,numerical_frozen_W,2021-09-12,2021-09-13,mix,-0.0241585852204514,0.45489057012211448,0.45000000000000001,-0.010876200752160448,-0.010935779007425678,-0.01087136334920313,0.0048905701221144682,4.8905701221144681e-06,6.1245664677613126e-06,1.2523215729116912,1.2387010720784424,ABSTAIN,0,0.49999999999999989,0.49999999999999989,0.45489057012211448,0.45000000000000001,-0.010876200752160448,-0.010876200752160401,-4.6837533851373792e-17,True,,0,[],0,[],0,254,0,0,,ec62636e0507c4024bba7557a95477be4c9ec31678d13254734a70373ad35fec,0,0,0,False,True,abstain,fixed,none,standard,0.49999999999999989,0.45000000000000001,0.49999999999999989,0.45000000000000001,0.49999999999999989,0.45000000000000001
255,numerical_frozen_W,2021-09-13,2021-09-14,mix,0.047342017152582197,0.44395503312662393,0.45000000000000001,0.021297733970372157,0.021074106829624288,0.021303907718661988,0.0060449668733760786,6.0449668733760785e-06,7.4879069467296184e-06,1.2387010720784424,1.2650825979803839,ABSTAIN,0,0.49999999999999983,0.49999999999999983,0.44395503312662393,0.45000000000000001,0.021297733970372157,0.021297733970372101,5.5511151231257827e-17,True,,0,[],0,[],0,255,0,0,,a58337c787f0ab77ba3ecc06cb69228dd42e77df50dc77fefa59c86642a0443c,0,0,0,False,True,abstain,fixed,none,standard,0.49999999999999983,0.45000000000000001,0.49999999999999983,0.45000000000000001,0.49999999999999983,0.45000000000000001
256,numerical_frozen_W,2021-09-14,2021-09-15,mix,0.022369497105836099,0.46147273515425713,0.45000000000000001,0.010054685474779834,0.010004473421868236,0.010066273697626246,0.011472735154257119,1.1472735154257119e-05,1.4513957594888477e-05,1.2650825979803839,1.2778026056026941,ABSTAIN,0,0.49999999999999989,0.49999999999999989,0.46147273515425713,0.45000000000000001,0.010054685474779834,0.0100546854747798,3.4694469519536142e-17,True,,0,[],0,[],0,256,0,0,,9da1934515025cb0a4bb292655c75acb7eef9ea86a70088e0c0fbdf2ff56b073,0,0,0,False,True,abstain,fixed,none,standard,0.49999999999999989,0.45000000000000001,0.49999999999999989,0.45000000000000001,0.49999999999999989,0.45000000000000001
257,numerical_frozen_W,2021-09-15,2021-09-16,mix,-0.0079492048717447004,0.45548127452412279,0.45000000000000001,-0.0035826038595109244,-0.0035890367536547544,-0.0035771421922851151,0.0054812745241227812,5.4812745241227815e-06,7.0039868689477566e-06,1.2778026056026941,1.2732247450561687,ABSTAIN,0,0.49999999999999983,0.49999999999999983,0.45548127452412279,0.45000000000000001,-0.0035826038595109244,-0.0035826038595109001,-2.4286128663675299e-17,True,,0,[],0,[],0,257,0,0,,477667a3442bd9fcb6871c2fb6b1aab354e3a0417976900394b10ed0df62c318,0,0,0,False,True,abstain,fixed,none,standard,0.49999999999999983,0.45000000000000001,0.49999999999999983,0.45000000000000001,0.49999999999999983,0.45000000000000001
258,numerical_frozen_W,2021-09-16,2021-09-17,mix,-0.0097428164530450004,0.44802550875831426,0.45000000000000001,-0.004386233238414361,-0.0043958809812615239,-0.0043842674038702505,0.0019744912416857496,1.9744912416857496e-06,2.5139711078109768e-06,1.2732247450561687,1.2676400843594318,ABSTAIN,0,0.49999999999999989,0.49999999999999989,0.44802550875831426,0.45000000000000001,-0.004386233238414361,-0.0043862332384144,3.903127820947816e-17,True,,0,[],0,[],0,258,0,0,,bf7d825b6faeecc2aaaa005db6b83f2e41b06097178656c974c940a1bf0ce2fa,0,0,0,False,True,abstain,fixed,none,standard,0.49999999999999989,0.45000000000000001,0.49999999999999989,0.45000000000000001,0.49999999999999989,0.45000000000000001
259,numerical_frozen_W,2021-09-17,2021-09-18,mix,0.021654808936864799,0.44757803438296329,0.45000000000000001,0.0097422184547308888,0.0096950690238975547,0.0097446640215891594,0.0024219656170367254,2.4219656170367256e-06,3.0701806990960779e-06,1.2676400843594318,1.2799897109832348,ABSTAIN,0,0.49999999999999989,0.49999999999999989,0.44757803438296329,0.45000000000000001,0.0097422184547308888,0.0097422184547308003,8.8470897274817162e-17,True,,0,[],0,[],0,259,0,0,,fe7c1a80248ba4b783d2227ad500270924a22a802dbc93b6e86d67eaac24ef84,0,0,0,False,True,abstain,fixed,none,standard,0.49999999999999989,0.45000000000000001,0.49999999999999989,0.45000000000000001,0.49999999999999989,0.45000000000000001
260,numerical_frozen_W,2021-09-18,2021-09-19,mix,-0.022108734399162,0.45530784207418151,0.45000000000000001,-0.0099541855143452374,-0.010004059666023588,-0.0099489304796229003,0.0053078420741815013,5.3078420741815016e-06,6.7939832424762329e-06,1.2799897109832348,1.2672484559436545,ABSTAIN,0,0.49999999999999989,0.49999999999999989,0.45530784207418151,0.45000000000000001,-0.0099541855143452374,-0.0099541855143452998,6.2450045135165055e-17,True,,0,[],0,[],0,260,0,0,,403b0028b6e3cb1f70303d57fefb2e19fdd54858ae1993a7d73998d096416e2f,0,0,0,False,True,abstain,fixed,none,standard,0.49999999999999989,0.45000000000000001,0.49999999999999989,0.45000000000000001,0.49999999999999989,0.45000000000000001
261,numerical_frozen_W,2021-09-19,2021-09-20,mix,-0.092468675048212504,0.44447310150733599,0.45000000000000001,-0.041616200690946958,-0.042506955656715792,-0.041610903771695629,0.005526898492664023,5.5268984926640234e-06,7.0039535809857947e-06,1.2672484559436545,1.2145103898758107,ABSTAIN,0,0.5,0.5,0.44447310150733599,0.45000000000000001,-0.041616200690946958,-0.041616200690946903,-5.5511151231257827e-17,True,,0,[],0,[],0,261,0,0,,a2a82f43b1ad1d254b8329966eb49d54359796dc834d952fe7d9c758c4b8c449,0,0,0,False,True,abstain,fixed,none,standard,0.5,0.45000000000000001,0.5,0.45000000000000001,0.5,0.45000000000000001
262,numerical_frozen_W,2021-09-20,2021-09-21,mix,-0.051767411699392897,0.4261203490685575,0.45000000000000001,-0.023318658631183764,-0.023594840459709013,-0.023295335264726803,0.023879650931442509,2.3879650931442509e-05,2.9002084162844508e-05,1.2145103898758107,1.1861896366902709,ABSTAIN,0,0.49999999999999989,0.49999999999999989,0.4261203490685575,0.45000000000000001,-0.023318658631183764,-0.023318658631183702,-6.2450045135165055e-17,True,,0,[],0,[],0,262,0,0,,92a019dda79d69d284109fbd4d71b22e467074cfe1645a93acdcded68d9209b4,0,0,0,False,True,abstain,fixed,none,standard,0.49999999999999989,0.45000000000000001,0.49999999999999989,0.45000000000000001,0.49999999999999989,0.45000000000000001
263,numerical_frozen_W,2021-09-21,2021-09-22,bear,0.071345811819056096,0.43688197685728014,0.45000000000000001,0.032092076133227732,0.031587884138738205,0.032105615318575247,0.01311802314271987,1.3118023142719871e-05,1.5560463105757447e-05,1.1861896366902709,1.2242569248193809,ABSTAIN,0,0.49999999999999989,0.49999999999999989,0.43688197685728014,0.45000000000000001,0.032092076133227732,0.032092076133227697,3.4694469519536142e-17,True,,0,[],0,[],0,263,0,0,,9576e6de64310b349d22d410e896bf7a81ceb858789f8a4940160384eaad0fbb,0,0,0,False,True,abstain,fixed,none,standard,0.49999999999999989,0.45000000000000001,0.49999999999999989,0.45000000000000001,0.49999999999999989,0.45000000000000001
264,numerical_frozen_W,2021-09-22,2021-09-23,bear,0.0302537679442316,0.46710879987777804,0.45000000000000001,0.013596853852478885,0.013505246085956567,0.013614195574904221,0.017108799877778025,1.7108799877778026e-05,2.0945566725718725e-05,1.2242569248193809,1.2409029673040353,ABSTAIN,0,0.49999999999999989,0.49999999999999989,0.46710879987777804,0.45000000000000001,0.013596853852478885,0.0135968538524788,8.3266726846886741e-17,True,,0,[],0,[],0,264,0,0,,d85f7a755803b9232057ec6a5faabe8a8c8aeabb69dcbb099fc265013934334e,0,0,0,False,True,abstain,fixed,none,standard,0.49999999999999989,0.45000000000000001,0.49999999999999989,0.45000000000000001,0.49999999999999989,0.45000000000000001
265,numerical_frozen_W,2021-09-23,2021-09-24,bear,-0.045672755475916503,0.45738723628663308,0.45000000000000001,-0.020559975372502648,-0.020774274072009827,-0.020552739964162427,0.0073872362866330699,7.3872362866330698e-06,9.1668434282590206e-06,1.2409029673040353,1.2153900328565987,ABSTAIN,0,0.49999999999999994,0.49999999999999994,0.45738723628663308,0.45000000000000001,-0.020559975372502648,-0.020559975372502599,-4.8572257327350599e-17,True,,0,[],0,[],0,265,0,0,,2a41abc25c513942c22f4807b1229ab111f4b283bd721916daa8eed448278f25,0,0,0,False,True,abstain,fixed,none,standard,0.49999999999999994,0.45000000000000001,0.49999999999999994,0.45000000000000001,0.49999999999999994,0.45000000000000001
266,numerical_frozen_W,2021-09-24,2021-09-25,bear,-0.0031083678383181002,0.43845878952188222,0.45000000000000001,-0.0014102905942738886,-0.0014112859900289542,-0.0013987655272431451,0.011541210478117792,1.1541210478117792e-05,1.4027072182204505e-05,1.2153900328565987,1.2136759797248868,ABSTAIN,0,0.5,0.5,0.43845878952188222,0.45000000000000001,-0.0014102905942738886,-0.0014102905942737999,-8.8904578143811364e-17,True,,0,[],0,[],0,266,0,0,,35ba6420643e2fbabfc02c3a20b2b1352658c5684db0a842d4fef9caf6fa5436,0,0,0,False,True,abstain,fixed,none,standard,0.5,0.45000000000000001,0.5,0.45000000000000001,0.5,0.45000000000000001
267,numerical_frozen_W,2021-09-25,2021-09-26,bear,0.0121021018207032,0.44922960135294654,0.45000000000000001,0.0054451712251200046,0.005430399877700662,0.00544594581931644,0.00077039864705347183,7.7039864705347185e-07,9.3501433274134976e-07,1.2136759797248868,1.2202846532463041,ABSTAIN,0,0.49999999999999989,0.49999999999999989,0.44922960135294654,0.45000000000000001,0.0054451712251200046,0.0054451712251201998,-1.9428902930940239e-16,True,,0,[],0,[],0,267,0,0,,9b01ca94e21861425ed960f2be53b228f30a098775af427597d1a0af35cfd550,0,0,0,False,True,abstain,fixed,none,standard,0.49999999999999989,0.45000000000000001,0.49999999999999989,0.45000000000000001,0.49999999999999989,0.45000000000000001
268,numerical_frozen_W,2021-09-26,2021-09-27,bear,-0.023859233301082802,0.45297904647492843,0.45000000000000001,-0.010739602046968,-0.010797687826144728,-0.010736654985487261,0.0029790464749284151,2.979046474928415e-06,3.6352846946626456e-06,1.2202846532463041,1.2071792816864164,ABSTAIN,0,0.49999999999999989,0.49999999999999989,0.45297904647492843,0.45000000000000001,-0.010739602046968,-0.010739602046968,0,True,,0,[],0,[],0,268,0,0,,9537d94c2ba7fe0bf17d394dd79378cd9463d9702a96ec6e18d74aa52f979399,0,0,0,False,True,abstain,fixed,none,standard,0.49999999999999989,0.45000000000000001,0.49999999999999989,0.45000000000000001,0.49999999999999989,0.45000000000000001
269,numerical_frozen_W,2021-09-27,2021-09-28,bear,-0.0272760038508413,0.44403074997999509,0.45000000000000001,-0.012280097715119731,-0.01235612113956891,-0.012274201732878586,0.0059692500200049237,5.9692500200049239e-06,7.2059549513561704e-06,1.2071792816864164,1.1923550021476392,ABSTAIN,0,0.49999999999999989,0.49999999999999989,0.44403074997999509,0.45000000000000001,-0.012280097715119731,-0.0122800977151197,-3.1225022567582528e-17,True,,0,[],0,[],0,269,0,0,,fb4ebd0f71f0f05ab8bd6d0e46918d8b4d7949b89af06cacfdec5e05a8c1d5d1,0,0,0,False,True,abstain,fixed,none,standard,0.49999999999999989,0.45000000000000001,0.49999999999999989,0.45000000000000001,0.49999999999999989,0.45000000000000001
270,numerical_frozen_W,2021-09-28,2021-09-29,bear,0.0125419588857766,0.44316529854244274,0.45000000000000001,0.005637008222896922,0.005621179747682334,0.0056438814985994706,0.0068347014575572684,6.8347014575572685e-06,8.1493904711041699e-06,1.1923550021476392,1.1990763170993577,ABSTAIN,0,0.49999999999999989,0.49999999999999989,0.44316529854244274,0.45000000000000001,0.005637008222896922,0.0056370082228969004,2.1684043449710089e-17,True,,0,[],0,[],0,270,0,0,,200053ad9ab8fbac279044ca7e07fe01b5bcd19e99f4f1e18923397e4efecd8f,0,0,0,False,True,abstain,fixed,none,standard,0.49999999999999989,0.45000000000000001,0.49999999999999989,0.45000000000000001,0.49999999999999989,0.45000000000000001
271,numerical_frozen_W,2021-09-29,2021-09-30,bear,0.055047572273261201,0.45308671377744975,0.45000000000000001,0.024768244346945023,0.024466483949066135,0.02477140752296754,0.0030867137774497344,3.0867137774497346e-06,3.7012053882042742e-06,1.1990763170993577,1.2287753323119095,ABSTAIN,0,0.49999999999999994,0.49999999999999994,0.45308671377744975,0.45000000000000001,0.024768244346945023,0.0247682443469452,-1.7347234759768071e-16,True,,0,[],0,[],0,271,0,0,,9d9dc4449b8f42c72bf343a25fbaba1a232381ea10e60ef6c4ce62bd1250efef,0,0,0,False,True,abstain,fixed,none,standard,0.49999999999999994,0.45000000000000001,0.49999999999999994,0.45000000000000001,0.49999999999999994,0.45000000000000001
272,numerical_frozen_W,2021-09-30,2021-10-01,bear,0.098639308313157495,0.46329493976667852,0.45000000000000001,0.044373803669506051,0.043417474867888176,0.044387688740920875,0.013294939766678504,1.3294939766678505e-05,1.6336494029867197e-05,1.2287753323119095,1.2833007676618502,ABSTAIN,0,0.5,0.5,0.46329493976667852,0.45000000000000001,0.044373803669506051,0.044373803669506003,4.8572257327350599e-17,True,,0,[],0,[],0,272,0,0,,8b1e5a2ab91f6ed27bd8b9eeffba54d1deaa76b9d5515faa07dd889d0a0f75a1,0,0,0,False,True,abstain,fixed,none,standard,0.5,0.45000000000000001,0.5,0.45000000000000001,0.5,0.45000000000000001
273,numerical_frozen_W,2021-10-01,2021-10-02,bear,-0.0099509824284467994,0.47337563825262846,0.45000000000000001,-0.0045012130562991359,-0.0045113740183564026,-0.0044779420928010598,0.02337563825262845,2.3375638252628452e-05,2.99979745141838e-05,1.2833007676618502,1.277524357491292,ABSTAIN,0,0.49999999999999989,0.49999999999999989,0.47337563825262846,0.45000000000000001,-0.0045012130562991359,-0.0045012130562991004,-3.6429192995512949e-17,True,,0,[],0,[],0,273,0,0,,afa87b2f747267870981ada1bdcb632bf010f337c7e2fae8867b174fb55d7598,0,0,0,False,True,abstain,fixed,none,standard,0.49999999999999989,0.45000000000000001,0.49999999999999989,0.45000000000000001,0.49999999999999989,0.45000000000000001
274,numerical_frozen_W,2021-10-02,2021-10-03,bear,0.0111859592295702,0.44752605366051051,0.45000000000000001,0.0050311952539088267,0.0050185810829472006,0.0050336816533065902,0.0024739463394894967,2.4739463394894967e-06,3.1605267078242529e-06,1.277524357491292,1.283951831975455,ABSTAIN,0,0.49999999999999994,0.49999999999999994,0.44752605366051051,0.45000000000000001,0.0050311952539088267,0.0050311952539087998,2.688821387764051e-17,True,,0,[],0,[],0,274,0,0,,dc6c6619d7c5366353ff059e15b3547f86a7c1efd908032061566e1ce5ca9377,0,0,0,False,True,abstain,fixed,none,standard,0.49999999999999994,0.45000000000000001,0.49999999999999994,0.45000000000000001,0.49999999999999994,0.45000000000000001
275,numerical_frozen_W,2021-10-03,2021-10-04,bear,0.021311159105479,0.45275465883368643,0.45000000000000001,0.009587240521394147,0.0095415745726061818,0.0095900215974655499,0.0027546588336864186,2.7546588336864187e-06,3.5368492559790475e-06,1.283951831975455,1.2962613870064883,ABSTAIN,0,0.5,0.5,0.45275465883368643,0.45000000000000001,0.009587240521394147,0.0095872405213941001,4.6837533851373792e-17,True,,0,[],0,[],0,275,0,0,,f9e2fd15b7298289cc460ba48b2b101ee4a39db048479bca12d21e6301a8cdf4,0,0,0,False,True,abstain,fixed,none,standard,0.5,0.45000000000000001,0.5,0.45000000000000001,0.5,0.45000000000000001
276,numerical_frozen_W,2021-10-04,2021-10-05,bear,0.0455438344170815,0.45522440967696992,0.45000000000000001,0.020489394005167361,0.020282310274184038,0.020494725487686674,0.00522440967696991,5.2244096769699098e-06,6.7722005341591361e-06,1.2962613870064883,1.322820997298549,ABSTAIN,0,0.5,0.5,0.45522440967696992,0.45000000000000001,0.020489394005167361,0.020489394005167302,5.8980598183211441e-17,True,,0,[],0,[],0,276,0,0,,0f570ac51ae01e5022a9274718fc2280e242d13c8a32414f69753438cd00b1ad,0,0,0,False,True,abstain,fixed,none,standard,0.5,0.45000000000000001,0.5,0.45000000000000001,0.5,0.45000000000000001
277,numerical_frozen_W,2021-10-05,2021-10-06,bear,0.074877645509070195,0.46104572001863203,0.45000000000000001,0.033683522574184499,0.033128658225518672,0.033694940479081587,0.011045720018632021,1.1045720018632022e-05,1.4611510370927359e-05,1.322820997298549,1.3673782682226598,ABSTAIN,0,0.49999999999999978,0.49999999999999978,0.46104572001863203,0.45000000000000001,0.033683522574184499,0.033683522574184402,9.7144514654701197e-17,True,,0,[],0,[],0,277,0,0,,c4fd8940289d0fcfd88fef625f9e81ad298ddf1d2801a816f0c88e7945287a7a,0,0,0,False,True,abstain,fixed,none,standard,0.49999999999999978,0.45000000000000001,0.49999999999999978,0.45000000000000001,0.49999999999999978,0.45000000000000001
278,numerical_frozen_W,2021-10-06,2021-10-07,mix,-0.027823770136217601,0.46792812999056166,0.45000000000000001,-0.012538400218612966,-0.012617669260281366,-0.012520696561297921,0.017928129990561648,1.7928129990561648e-05,2.4514535338964916e-05,1.3673782682226598,1.3502335322454502,ABSTAIN,0,0.49999999999999989,0.49999999999999989,0.46792812999056166,0.45000000000000001,-0.012538400218612966,-0.0125384002186129,-6.7654215563095477e-17,True,,0,[],0,[],0,278,0,0,,1e0062863b9beb52540c724fa9a0a99c8556e55b821cc6acb1ff12ec2ced2963,0,0,0,False,True,abstain,fixed,none,standard,0.49999999999999989,0.45000000000000001,0.49999999999999989,0.45000000000000001,0.49999999999999989,0.45000000000000001
279,numerical_frozen_W,2021-10-07,2021-10-08,mix,0.0024319545440176001,0.44302630132628262,0.5,0.0011589342946123349,0.0011582632486781101,0.0012159772720088001,0.056973698673717377,5.6973698673717376e-05,7.6927798405301335e-05,1.3502335322454502,1.3517983641917051,ABSTAIN,0,0.49999999999999989,0.49999999999999989,0.44302630132628262,0.5,0.0011589342946123349,0.0011589342946123,3.4694469519536142e-17,True,,0,[],0,[],0,279,0,0,,4c8d4abc344e7817ba0d6726bfd0b82d1d79f2c7938f6e092067b095c7c83202,0,0,0,False,False,abstain,fixed,none,standard,0.49999999999999989,0.5,0.49999999999999989,0.5,0.49999999999999989,0.5
280,numerical_frozen_W,2021-10-08,2021-10-09,mix,0.019063446518296601,0.50060725023352204,0.5,0.0095311102207735754,0.0094859757508586606,0.0095317232591483007,0.00060725023352203866,6.0725023352203867e-07,8.2087987233012282e-07,1.3517983641917051,1.3646825033970775,ABSTAIN,0,0.5,0.5,0.50060725023352204,0.5,0.0095311102207735754,0.0095311102207735008,7.2858385991025898e-17,True,,0,[],0,[],0,280,0,0,,4029308a18851a185c42a524fbd642a024ae412b3996a38a04af6ba01e0a1ccd,0,0,0,False,False,abstain,fixed,none,standard,0.5,0.5,0.5,0.5,0.5,0.5
281,numerical_frozen_W,2021-10-09,2021-10-10,mix,-0.0046375756472676003,0.5047208636635887,0.5,-0.0023234977406161317,-0.0023262012500353292,-0.0023187878236338002,0.0047208636635887036,4.720863663588704e-06,6.4424800426225311e-06,1.3646825033970775,1.3615116666837761,ABSTAIN,0,0.49999999999999983,0.49999999999999983,0.5047208636635887,0.5,-0.0023234977406161317,-0.0023234977406161,-3.1658703436576729e-17,True,,0,[],0,[],0,281,0,0,,96bbf1d07f1c0a4d2b26efb2c91f26961b1120ca771aa0bc2de6c6779cd23174,0,0,0,False,False,abstain,fixed,none,standard,0.49999999999999983,0.5,0.49999999999999983,0.5,0.49999999999999983,0.5
282,numerical_frozen_W,2021-10-10,2021-10-11,mix,0.051009642021880602,0.4988379114514066,0.5,0.025503629283531337,0.025183837562096655,0.025504821010940301,0.0011620885485933985,1.1620885485933985e-06,1.5821971166295282e-06,1.3615116666837761,1.3962351554960819,ABSTAIN,0,0.49999999999999989,0.49999999999999989,0.4988379114514066,0.5,0.025503629283531337,0.025503629283531299,3.4694469519536142e-17,True,,0,[],0,[],0,282,0,0,,fb28e2e6aa4faadab8aad5be8482298ce1c1806ef0a2159718a78d5f7181f146,0,0,0,False,False,abstain,fixed,none,standard,0.49999999999999989,0.5,0.49999999999999989,0.5,0.49999999999999989,0.5
283,numerical_frozen_W,2021-10-11,2021-10-12,mix,-0.025425689794057901,0.51243525163821158,0.5,-0.012725122061241767,-0.012806779903946436,-0.01271284489702895,0.012435251638211575,1.2435251638211576e-05,1.7362535504711247e-05,1.3962351554960819,1.3784678927161973,ABSTAIN,0,0.5,0.5,0.51243525163821158,0.5,-0.012725122061241767,-0.012725122061241699,-6.7654215563095477e-17,True,,0,[],0,[],0,283,0,0,,b4b0429d4ae367d2185500d4554ae79cb78ed01e96a7248640fde3caf9732266,0,0,0,False,False,abstain,fixed,none,standard,0.5,0.5,0.5,0.5,0.5,0.5
284,numerical_frozen_W,2021-10-12,2021-10-13,mix,0.024353799546200199,0.49356172880842197,0.5,0.012170383103725424,0.012096919444573313,0.012176899773100099,0.0064382711915780266,6.4382711915780272e-06,8.8749501221899631e-06,1.3784678927161973,1.3952443750667385,ABSTAIN,0,0.5,0.5,0.49356172880842197,0.5,0.012170383103725424,0.012170383103725599,-1.7347234759768071e-16,True,,0,[],0,[],0,284,0,0,,fb2f39de6756428a4b25773d1d08b04f9c57f153eeb104fabf9fefa3e6a733da,0,0,0,False,False,abstain,fixed,none,standard,0.5,0.5,0.5,0.5,0.5,0.5
285,numerical_frozen_W,2021-10-13,2021-10-14,mix,-0.00059776821580990005,0.50601520335814321,0.5,-0.00030489751341444826,-0.00030494400411146353,-0.00029888410790495002,0.0060152033581432063,6.0152033581432063e-06,8.3926786503318645e-06,1.3952443750667385,1.3948189685261752,ABSTAIN,0,0.49999999999999994,0.49999999999999994,0.50601520335814321,0.5,-0.00030489751341444826,-0.00030489751341449998,5.1716443627558562e-17,True,,0,[],0,[],0,285,0,0,,a52bff774bda277f3b625bcb1c8bf6142531a6e02012ea4ee585b53e4a85fc99,0,0,0,False,False,abstain,fixed,none,standard,0.49999999999999994,0.5,0.49999999999999994,0.5,0.49999999999999994,0.5
286,numerical_frozen_W,2021-10-14,2021-10-15,bull,0.075449291840030006,0.4998505132668386,0.5,0.037724490793947574,0.037030326385526315,0.037724645920015003,0.00014948673316139693,1.4948673316139694e-07,2.0850693095652727e-07,1.3948189685261752,1.4474378038635642,ABSTAIN,0,0.49999999999999994,0.49999999999999994,0.4998505132668386,0.5,0.037724490793947574,0.033900638281080898,0.0036916494223862145,True,,0,[],0,[],0,286,0,0,,7b845d7bce258bd8b67ed26c8e3e9e08b10226c1f3e74cbf7b449c3e234f6f95,0,0,0,False,False,abstain,fixed,none,standard,0.49999999999999994,0.5,0.49999999999999994,0.5,0.49999999999999994,0.5
287,numerical_frozen_W,2021-10-15,2021-10-16,bull,-0.013156593295228799,0.51817661653712077,0.5,-0.0065963536929759536,-0.0066182057830845046,-0.0065782966476143996,0.018176616537120771,1.8176616537120772e-05,2.6309521922160233e-05,1.4474378038635642,1.4378899921606958,ABSTAIN,0,0.49999999999999983,0.49999999999999983,0.51817661653712077,0.5,-0.0065963536929759536,-0.0066100260339984002,1.3763222191928888e-05,True,,0,[],0,[],0,287,0,0,,87cee72cb9d8eee7ccf64b6021a7f260d04d8e31bfc84f7035168d35ae2f29d7,0,0,0,False,False,abstain,fixed,none,standard,0.49999999999999983,0.5,0.49999999999999983,0.5,0.49999999999999983,0.5
288,numerical_frozen_W,2021-10-16,2021-10-17,bull,0.0109495227657732,0.49668907140572061,0.5,0.0054714323277482713,0.0054565184174584641,0.0054747613828865999,0.0033109285942793942,3.3109285942793943e-06,4.7607510904730218e-06,1.4378899921606958,1.4457573099475496,ABSTAIN,0,0.5,0.5,0.49668907140572061,0.5,0.0054714323277482713,0.0048803661228195997,0.00058802267584741677,True,,0,[],0,[],0,288,0,0,,85c5daef47e854370842e15f961887af52e822545908d51549666a70d4f8c9b2,0,0,0,False,False,abstain,fixed,none,standard,0.5,0.5,0.5,0.5,0.5,0.5
289,numerical_frozen_W,2021-10-17,2021-10-18,bull,0.0085945309008167992,0.50272247578614349,0.5,0.0042945312754210097,0.0042853360925834451,0.0042972654504083996,0.0027224757861434856,2.7224757861434855e-06,3.9360392689721463e-06,1.4457573099475496,1.4519661599317879,ABSTAIN,0,0.5,0.5,0.50272247578614349,0.5,0.0042945312754210097,0.0038648317563214,0.00042795361122034865,True,,0,[],0,[],0,289,0,0,,579ceec4856bfceacc15bed55bae1689b81818ca16cd783a6ad2d13d352a2cda,0,0,0,False,False,abstain,fixed,none,standard,0.5,0.5,0.5,0.5,0.5,0.5
290,numerical_frozen_W,2021-10-18,2021-10-19,bull,0.035809418221840403,0.5021394389879581,0.5,0.017902531365899366,0.017744168324326671,0.017904709110920201,0.0021394389879580977,2.1394389879580979e-06,3.1063930117538697e-06,1.4519661599317879,1.4779600296521911,ABSTAIN,0,0.49999999999999989,0.49999999999999989,0.5021394389879581,0.5,0.017902531365899366,0.016112085103271199,0.0017605052693037485,True,,0,[],0,[],0,290,0,0,,cf447dd2cd5644632a36b1890981ba013af6bb4c7ebc9e3c2b0d122a1f2fd096,0,0,0,False,False,abstain,fixed,none,standard,0.49999999999999989,0.5,0.49999999999999989,0.5,0.49999999999999989,0.5
291,numerical_frozen_W,2021-10-19,2021-10-20,bull,0.026456746812697898,0.50879488470318557,0.5,0.013219462179626884,0.013132847586666578,0.013228373406348949,0.0087948847031855681,8.7948847031855675e-06,1.2998488056707744e-05,1.4779600296521911,1.4974978663671785,ABSTAIN,0,0.49999999999999994,0.49999999999999994,0.50879488470318557,0.5,0.013219462179626884,0.0118967099441746,0.0013063472029618932,True,,0,[],0,[],0,291,0,0,,e99aec53d190adad3c4e5d2022dd26cab0116314d35ee772885555133142e603,0,0,0,False,False,abstain,fixed,none,standard,0.49999999999999994,0.5,0.49999999999999994,0.5,0.49999999999999994,0.5
292,numerical_frozen_W,2021-10-20,2021-10-21,bull,-0.057122634288736901,0.50652783407647617,0.5,-0.028567658534905727,-0.028983655960833053,-0.02856131714436845,0.0065278340764761689,6.5278340764761688e-06,9.7754176015220241e-06,1.4974978663671785,1.454717858664051,ABSTAIN,0,0.49999999999999994,0.49999999999999994,0.50652783407647617,0.5,-0.028567658534905727,-0.0257114900956361,-0.0029358481600798049,True,,0,[],0,[],0,292,0,0,,56c5e0450785def4afb3c50d19716575a4c4608a3026813e95e95c2a565e2afa,0,0,0,False,False,abstain,fixed,none,standard,0.49999999999999994,0.5,0.49999999999999994,0.5,0.49999999999999994,0.5
293,numerical_frozen_W,2021-10-21,2021-10-22,bull,-0.0244316848362485,0.48529947507319254,0.5,-0.012230363363755048,-0.012305769719938155,-0.01221584241812425,0.014700524926807457,1.4700524926807457e-05,2.138511614276285e-05,1.454717858664051,1.4369261306608461,ABSTAIN,0,0.50000000000000011,0.50000000000000011,0.48529947507319254,0.5,-0.012230363363755048,-0.0110086094964488,-0.0012361170683767714,True,,0,[],0,[],0,293,0,0,,cf9d60156d37d3972221d5b7ac9f30ff42277519fe3d67b65019b16666e7c03a,0,0,0,False,False,abstain,fixed,none,standard,0.50000000000000011,0.5,0.50000000000000011,0.5,0.50000000000000011,0.5
294,numerical_frozen_W,2021-10-22,2021-10-23,bull,0.010252050162876,0.49381654265035541,0.5,0.0051198099275309161,0.0051067482638714962,0.0051260250814379998,0.0061834573496445944,6.1834573496445941e-06,8.8851714435311777e-06,1.4369261306608461,1.444282919329732,ABSTAIN,0,0.49999999999999994,0.49999999999999994,0.49381654265035541,0.5,0.0051198099275309161,0.0046072803049761,0.0005100489874042902,True,,0,[],0,[],0,294,0,0,,c7bb76839884e64b4416b65fcecf7e123aa41cb7306560b278919b5e687e7763,0,0,0,False,False,abstain,fixed,none,standard,0.49999999999999994,0.5,0.49999999999999994,0.5,0.49999999999999994,0.5
295,numerical_frozen_W,2021-10-23,2021-10-24,bull,-0.0072742099898062997,0.50254994147675291,0.5,-0.003639645661974944,-0.0036462852877332803,-0.0036371049949031498,0.0025499414767529149,2.5499414767529149e-06,3.6828369201646681e-06,1.444282919329732,1.439026241267729,ABSTAIN,0,0.5,0.5,0.50254994147675291,0.5,-0.003639645661974944,-0.0032759119578563999,-0.00036499578284026647,True,,0,[],0,[],0,295,0,0,,d7f703c842c22a3beee3ffa7daeab68bdbe76c02d021bef3a8c8b0680fceca07,0,0,0,False,False,abstain,fixed,none,standard,0.5,0.5,0.5,0.5,0.5,0.5
296,numerical_frozen_W,2021-10-24,2021-10-25,bull,0.0361528919849178,0.49817480909157874,0.5,0.018074587808585729,0.017913184411467879,0.0180764459924589,0.0018251909084212592,1.8251909084212593e-06,2.6264976125414764e-06,1.439026241267729,1.4650360474243818,ABSTAIN,0,0.49999999999999989,0.49999999999999989,0.49817480909157874,0.5,0.018074587808585729,0.016266965727569999,0.0017771082280619369,True,,0,[],0,[],0,296,0,0,,e1f60f0f400742d54795f4b032b935b0269539ce70b27916567052a8c40fa84c,0,0,0,False,False,abstain,fixed,none,standard,0.49999999999999989,0.5,0.49999999999999989,0.5,0.49999999999999989,0.5
297,numerical_frozen_W,2021-10-25,2021-10-26,bull,-0.043702728843927702,0.50887774491965454,0.5,-0.021860048176044033,-0.02210251916065669,-0.021851364421963851,0.0088777449196545399,8.8777449196545402e-06,1.3006216327132572e-05,1.4650360474243818,1.4330102888480436,ABSTAIN,0,0.49999999999999994,0.49999999999999994,0.50887774491965454,0.5,-0.021860048176044033,-0.019674859426957202,-0.0022315329125607158,True,,0,[],0,[],0,297,0,0,,fd7fe61af2547e6d3492dceefcbb92e023949b72f9daadda9a705f0dfcafa129,0,0,0,False,False,abstain,fixed,none,standard,0.49999999999999994,0.5,0.49999999999999994,0.5,0.49999999999999994,0.5
298,numerical_frozen_W,2021-10-26,2021-10-27,bull,-0.0310508234014472,0.4888302433663107,0.5,-0.015536408042287064,-0.015658362838468401,-0.0155254117007236,0.011169756633689298,1.1169756633689299e-05,1.6006376180005453e-05,1.4330102888480436,1.4107464562717047,ABSTAIN,0,0.49999999999999989,0.49999999999999989,0.4888302433663107,0.5,-0.015536408042287064,-0.0139837497731926,-0.0015759192834081445,True,,0,[],0,[],0,298,0,0,,2720f405d9da0be40d0da396e80454fb463b304ee6fb27164c74de77df53995e,0,0,0,False,False,abstain,fixed,none,standard,0.49999999999999989,0.5,0.49999999999999989,0.5,0.49999999999999989,0.5
299,numerical_frozen_W,2021-10-27,2021-10-28,bull,0.036695238209318803,0.49211487432725698,0.5,0.01833958930570434,0.018173447280969205,0.018347619104659402,0.0078851256727430208,7.8851256727430216e-06,1.1123913100079258e-05,1.4107464562717047,1.4366189668942055,ABSTAIN,0,0.49999999999999994,0.49999999999999994,0.49211487432725698,0.5,0.01833958930570434,0.016504934510154601,0.0018032387941367412,True,,0,[],0,[],0,299,0,0,,4d664f4dcb5a7b890cf64e7c0e52846fc9e86059588ded4a11604489d6fc502c,0,0,0,False,False,abstain,fixed,none,standard,0.49999999999999994,0.5,0.49999999999999994,0.5,0.49999999999999994,0.5
300,numerical_frozen_W,2021-10-28,2021-10-29,bull,0.027405603928527301,0.50900852457473744,0.5,0.01369366999766064,0.013600758933391466,0.01370280196426365,0.0090085245747374421,9.0085245747374428e-06,1.2941817267800366e-05,1.4366189668942055,1.4562915529392348,ABSTAIN,0,0.5,0.5,0.50900852457473744,0.5,0.01369366999766064,0.0123234770457409,0.0013525977929841164,True,,0,[],0,[],0,300,0,0,,611faa870accc21c527a122eea19f928ab1d275007ee0e62d4667b718057a22c,0,0,0,False,False,abstain,fixed,none,standard,0.5,0.5,0.5,0.5,0.5,0.5
301,numerical_frozen_W,2021-10-29,2021-10-30,bull,-0.0064698246222857003,0.50675878666691643,0.5,-0.0032416492337274949,-0.0032469147610123916,-0.0032349123111428501,0.0067587866669164276,6.7587866669164279e-06,9.8427639311487201e-06,1.4562915529392348,1.4515707665425654,ABSTAIN,0,0.49999999999999989,0.49999999999999989,0.50675878666691643,0.5,-0.0032416492337274949,-0.0029181018286825,-0.00032454697216324421,True,,0,[],0,[],0,301,0,0,,6c1368fc79e4c8c545657e49d017662fc0bfdd2a2f01e6f3a9470bd9918973b0,0,0,0,False,False,abstain,fixed,none,standard,0.49999999999999989,0.5,0.49999999999999989,0.5,0.49999999999999989,0.5
302,numerical_frozen_W,2021-10-30,2021-10-31,bull,-0.0085785760372315001,0.49837729453454099,0.5,-0.0042909037638300118,-0.0043001361109257681,-0.00428928801861575,0.0016227054654590067,1.6227054654590067e-06,2.3554718163691407e-06,1.4515707665425654,1.4453422160769422,ABSTAIN,0,0.49999999999999989,0.49999999999999989,0.49837729453454099,0.5,-0.0042909037638300118,-0.0038619589743941001,-0.00043070051716565536,True,,0,[],0,[],0,302,0,0,,092db487d4b7f7bd8ed5cbd2ac6f2c01631800efbb5160be9af7c3fe908576fc,0,0,0,False,False,abstain,fixed,none,standard,0.49999999999999989,0.5,0.49999999999999989,0.5,0.49999999999999989,0.5
303,numerical_frozen_W,2021-10-31,2021-11-01,bull,-0.0064312929785871999,0.49784611736772399,0.5,-0.003217793445800754,-0.0032229816758887618,-0.0032156464892936,0.0021538826322760052,2.1538826322760052e-06,3.1130974969034391e-06,1.4453422160769422,1.4406914033671108,ABSTAIN,0,0.5,0.5,0.49784611736772399,0.5,-0.003217793445800754,-0.0028962070974818,-0.00032257245519059716,True,,0,[],0,[],0,303,0,0,,f8a0f06335726e5ab6b599d367123bb26e5a7b49171875b502602bb136a14169,0,0,0,False,False,abstain,fixed,none,standard,0.5,0.5,0.5,0.5,0.5,0.5
304,numerical_frozen_W,2021-11-01,2021-11-02,bull,0.037862408951445603,0.49838698988503982,0.5,0.018929560929383582,0.018752626168651511,0.018931204475722802,0.0016130101149601783,1.6130101149601784e-06,2.3238498061673239e-06,1.4406914033671108,1.4679630590675876,ABSTAIN,0,0.50000000000000011,0.50000000000000011,0.49838698988503982,0.5,0.018929560929383582,0.017036460464125901,0.0018596587476863088,True,,0,[],0,[],0,304,0,0,,46b78da721eea15e3e6ecab3dda493db22075532e809bf5d0840ac58beace394,0,0,0,False,False,abstain,fixed,none,standard,0.50000000000000011,0.5,0.50000000000000011,0.5,0.50000000000000011,0.5
305,numerical_frozen_W,2021-11-02,2021-11-03,bull,-0.0047958216878064997,0.50928973633968921,0.5,-0.0024071783042834971,-0.0024100802158589034,-0.0023979108439032499,0.0092897363396892141,9.2897363396892146e-06,1.3636989775141514e-05,1.4679630590675876,1.4644294102403106,ABSTAIN,0,0.50000000000000011,0.50000000000000011,0.50928973633968921,0.5,-0.0024071783042834971,-0.0021673138327124998,-0.00024041435952495971,True,,0,[],0,[],0,305,0,0,,cba355f047a4ec61395177538577783b62a4f8e53342760d7258e8a1cf7882e3,0,0,0,False,False,abstain,fixed,none,standard,0.50000000000000011,0.5,0.50000000000000011,0.5,0.50000000000000011,0.5
306,numerical_frozen_W,2021-11-03,2021-11-04,bull,-0.023934137018523899,0.49879816267930449,0.5,-0.011968255964113106,-0.012040452159434853,-0.011967068509261949,0.0012018373206955091,1.2018373206955091e-06,1.7600059187509194e-06,1.4644294102403106,1.4469027442171793,ABSTAIN,0,0.49999999999999994,0.49999999999999994,0.49879816267930449,0.5,-0.011968255964113106,-0.010771538379657299,-0.0012104807724931648,True,,0,[],0,[],0,306,0,0,,3ef9c7a98db593141d4dbc3723162eb3c425b884cf4b3e31d9805bd0236ec934,0,0,0,False,False,abstain,fixed,none,standard,0.49999999999999994,0.5,0.49999999999999994,0.5,0.49999999999999994,0.5
307,numerical_frozen_W,2021-11-04,2021-11-05,bull,-0.0071369718917615003,0.49394399309585457,0.5,-0.0035745203420094462,-0.003580924204893695,-0.0035684859458807502,0.0060560069041454279,6.0560069041454277e-06,8.7624530086062047e-06,1.4469027442171793,1.4417307609250658,ABSTAIN,0,0.49999999999999989,0.49999999999999989,0.49394399309585457,0.5,-0.0035745203420094462,-0.0032176063133118001,-0.00035813026557382195,True,,0,[],0,[],0,307,0,0,,8aff0cf97bdff364927066ec5215877d48da9f22337350e52c4fbc627667f544,0,0,0,False,False,abstain,fixed,none,standard,0.49999999999999989,0.5,0.49999999999999989,0.5,0.49999999999999989,0.5
308,numerical_frozen_W,2021-11-05,2021-11-06,bull,0.0083576195216671992,0.49820936717900366,0.5,0.0041770116452986006,0.0041683121490072991,0.0041788097608335996,0.0017906328209963407,1.7906328209963408e-06,2.5816104195524516e-06,1.4417307609250658,1.4477528871028351,ABSTAIN,0,0.49999999999999994,0.49999999999999994,0.49820936717900366,0.5,0.0041770116452986006,0.0037591500281792,0.00041621006795689247,True,,0,[],0,[],0,308,0,0,,c6b4f7454fc298463ecd3331e44183d35864ec23b9cd283b384e1455eb5f8863,0,0,0,False,False,abstain,fixed,none,standard,0.49999999999999994,0.5,0.49999999999999994,0.5,0.49999999999999994,0.5
309,numerical_frozen_W,2021-11-06,2021-11-07,bull,0.0291019274964665,0.50208070998920451,0.5,0.014548852761908426,0.014444033645689506,0.01455096374823325,0.00208070998920451,2.0807099892045101e-06,3.0123538940945382e-06,1.4477528871028351,1.4688160306929221,ABSTAIN,0,0.49999999999999978,0.49999999999999978,0.50208070998920451,0.5,0.014548852761908426,0.0145023269465549,4.58596765098504e-05,True,,0,[],0,[],0,309,0,0,,b1f41c918374fbe124901a2f747b3b4e180714efc448215750a3b061c4e7a75f,0,0,0,False,False,abstain,fixed,none,standard,0.49999999999999978,0.5,0.49999999999999978,0.5,0.49999999999999978,0.5
310,numerical_frozen_W,2021-11-07,2021-11-08,bull,0.067243319446463806,0.50717113494943378,0.5,0.033614247482823378,0.033061638280554341,0.033621659723231903,0.0071711349494337773,7.1711349494337777e-06,1.053307797199061e-05,1.4688160306929221,1.5181891762553723,ABSTAIN,0,0.5,0.5,0.50717113494943378,0.5,0.033614247482823378,0.030200592646358399,0.0033081048582615513,True,,0,[],0,[],0,310,0,0,,705ad99fb28e56f8179003433ef4e1fb5095f544b01135c4ad270f934430428a,0,0,0,False,False,abstain,fixed,none,standard,0.5,0.5,0.5,0.5,0.5,0.5
311,numerical_frozen_W,2021-11-08,2021-11-09,bull,-0.0092332206391728001,0.51626400695406993,0.5,-0.004632799241958141,-0.0046435639162837076,-0.0046166103195864,0.016264006954069932,1.6264006954069931e-05,2.4691839320211078e-05,1.5181891762553723,1.5111557105904674,ABSTAIN,0,0.49999999999999994,0.49999999999999994,0.51626400695406993,0.5,-0.004632799241958141,-0.0041710360812942998,-0.00046380479947989717,True,,0,[],0,[],0,311,0,0,,76cb0e25cf7d649eb0b668a0865d6b53992b540b73253a3240e2a5fa0eeecfdc,0,0,0,False,False,abstain,fixed,none,standard,0.49999999999999994,0.5,0.49999999999999994,0.5,0.49999999999999994,0.5
312,numerical_frozen_W,2021-11-09,2021-11-10,bull,-0.029471903193212901,0.49768098886949047,0.5,-0.014738236434901131,-0.014847923302991653,-0.014735951596606451,0.0023190111305095296,2.3190111305095298e-06,3.5043869127923314e-06,1.5111557105904674,1.488883940437834,ABSTAIN,0,0.49999999999999989,0.49999999999999989,0.49768098886949047,0.5,-0.014738236434901131,-0.013264620759770401,-0.0014945416678749414,True,,0,[],0,[],0,312,0,0,,6298f032f10f324f172f56a51dadc17603afb76be56e3c2f5b4b581b306ca19d,0,0,0,False,False,abstain,fixed,none,standard,0.49999999999999989,0.5,0.49999999999999989,0.5,0.49999999999999989,0.5
313,numerical_frozen_W,2021-11-10,2021-11-11,bull,-0.0019389336019195,0.49252182619446744,0.5,-0.00097693772492402076,-0.00097741523960995008,-0.00096946680095975001,0.0074781738055325619,7.4781738055325622e-06,1.1134132882860313e-05,1.488883940437834,1.4874293935483867,ABSTAIN,0,0.49999999999999994,0.49999999999999994,0.49252182619446744,0.5,-0.00097693772492402076,-0.000879906006735,-9.7121888350087861e-05,True,,0,[],0,[],0,313,0,0,,45445a59c309950886990bfddd6e2f80dd23df9978f091cd8194a379b1118fcc,0,0,0,False,False,abstain,fixed,none,standard,0.49999999999999994,0.5,0.49999999999999994,0.5,0.49999999999999994,0.5
314,numerical_frozen_W,2021-11-11,2021-11-12,bull,-0.0103723843368046,0.49951479621055456,0.5,-0.0051866748558316855,-0.0052001723454836411,-0.0051861921684023,0.00048520378944544307,4.852037894454431e-07,7.217063782822145e-07,1.4874293935483867,1.4797145809130443,ABSTAIN,0,0.5,0.5,0.49951479621055456,0.5,-0.0051866748558316855,-0.0046680510148451003,-0.00052119195464606517,True,,0,[],0,[],0,314,0,0,,84bb9b4a8937afacae52cc74adeaf79d6228ca6afa8b0ef892599e78d25729dd,0,0,0,False,False,abstain,fixed,none,standard,0.5,0.5,0.5,0.5,0.5,0.5
315,numerical_frozen_W,2021-11-12,2021-11-13,bull,0.0041179084580063004,0.49739338551215595,0.5,0.002056342247615417,0.0020542308698771224,0.0020589542290031502,0.00260661448784405,2.60661448784405e-06,3.8570454644820281e-06,1.4797145809130443,1.4827573805201884,ABSTAIN,0,0.5,0.5,0.49739338551215595,0.5,0.002056342247615417,0.0018504748229415001,0.00020546606623067835,True,,0,[],0,[],0,315,0,0,,c4d7a75ee3b772103c610ae1521d6b295e066585090366339f80c6efba3b700d,0,0,0,False,False,abstain,fixed,none,standard,0.5,0.5,0.5,0.5,0.5,0.5
316,numerical_frozen_W,2021-11-13,2021-11-14,bull,0.0172301882339056,0.50102736182353036,0.5,0.0086140579043103571,0.008577168600544853,0.0086150941169528001,0.0010273618235303594,1.0273618235303595e-06,1.5233283263043198e-06,1.4827573805201884,1.4955299384540328,ABSTAIN,0,0.5,0.5,0.50102736182353036,0.5,0.0086140579043103571,0.0077525595203253002,0.00085450575204040497,True,,0,[],0,[],0,316,0,0,,b9c96947e86c82238db9736427f7076f0e8c1d7a38642d38a1666357bc506bfe,0,0,0,False,False,abstain,fixed,none,standard,0.5,0.5,0.5,0.5,0.5,0.5
317,numerical_frozen_W,2021-11-14,2021-11-15,bull,-0.029161234776714898,0.50427075410986955,0.5,-0.014584825872235752,-0.014692230038366678,-0.014580617388357449,0.0042707541098695456,4.2707541098695455e-06,6.3870406310855094e-06,1.4955299384540328,1.4737178947149654,ABSTAIN,0,0.49999999999999983,0.49999999999999983,0.50427075410986955,0.5,-0.014584825872235752,-0.0131267317803597,-0.0014785812523257259,True,,0,[],0,[],0,317,0,0,,b03c245736fb8a059bc2b08391c15588502932bad212c094f4b8abe67401a8eb,0,0,0,False,False,abstain,fixed,none,standard,0.49999999999999983,0.5,0.49999999999999983,0.5,0.49999999999999983,0.5
318,numerical_frozen_W,2021-11-15,2021-11-16,bull,-0.055171633025618699,0.49260182129271973,0.5,-0.027593010606716262,-0.027980848790102156,-0.02758581651280935,0.0073981787072802674,7.3981787072802676e-06,1.090282834921816e-05,1.4737178947149654,1.4330535812147878,ABSTAIN,0,0.49999999999999989,0.49999999999999989,0.49260182129271973,0.5,-0.027593010606716262,-0.024834366666418101,-0.0028329067199162408,True,,0,[],0,[],0,318,0,0,,55a9625968344204af47a653a4a5809bbc47a60fa1309636514ae9e3bd35f413,0,0,0,False,False,abstain,fixed,none,standard,0.49999999999999989,0.5,0.49999999999999989,0.5,0.49999999999999989,0.5
319,numerical_frozen_W,2021-11-16,2021-11-17,bull,0.0046381124030813996,0.48581580926047202,0.5,0.0023048391168656313,0.0023021870494657013,0.0023190562015406998,0.01418419073952798,1.4184190739527979e-05,2.0326705335914202e-05,1.4330535812147878,1.4363565391653359,ABSTAIN,0,0.49999999999999978,0.49999999999999978,0.48581580926047202,0.5,0.0023048391168656313,0.0022549051502052,4.982038256885887e-05,True,,0,[],0,[],0,319,0,0,,9bebf11ea0f3dcad74e5d405d4427b93acd03e72d6a079d081165d24926eacd0,0,0,0,False,False,abstain,fixed,none,standard,0.49999999999999978,0.5,0.49999999999999978,0.5,0.49999999999999978,0.5
320,numerical_frozen_W,2021-11-17,2021-11-18,mix,-0.056528480415055697,0.50115684531147653,0.5,-0.028265364355485545,-0.028672520391507483,-0.028264240207527849,0.0011568453114765287,1.1568453114765287e-06,1.661642327942072e-06,1.4363565391653359,1.3957573982414435,ABSTAIN,0,0.49999999999999989,0.49999999999999989,0.50115684531147653,0.5,-0.028265364355485545,-0.0282653643554856,5.8980598183211441e-17,True,,0,[],0,[],0,320,0,0,,ce63e64f533b460981b13288eabe282e88cb08f33c61a8588bcc25928d3ede58,0,0,0,False,False,abstain,fixed,none,standard,0.49999999999999989,0.5,0.49999999999999989,0.5,0.49999999999999989,0.5
321,numerical_frozen_W,2021-11-18,2021-11-19,mix,0.019806760740440101,0.48545682819495906,0.5,0.0098886931718527027,0.009840119999831233,0.0099033803702200506,0.014543171805040944,1.4543171805040944e-05,2.0298739640782267e-05,1.3957573982414435,1.4095596148949965,ABSTAIN,0,0.49999999999999994,0.49999999999999994,0.48545682819495906,0.5,0.0098886931718527027,0.0098886931718529004,-1.960237527853792e-16,True,,0,[],0,[],0,321,0,0,,fa6c0750c4542913f93997823b6a6e4327cb4cdac1981fd70068ca6bec43671b,0,0,0,False,False,abstain,fixed,none,standard,0.49999999999999994,0.5,0.49999999999999994,0.5,0.49999999999999994,0.5
322,numerical_frozen_W,2021-11-19,2021-11-20,mix,0.0281354052965219,0.50490313259798658,0.5,0.01406273053985152,0.013964767693189405,0.01406770264826095,0.0049031325979865814,4.9031325979865817e-06,6.9112576965970694e-06,1.4095596148949965,1.4293818719391218,ABSTAIN,0,0.49999999999999983,0.49999999999999983,0.50490313259798658,0.5,0.01406273053985152,0.014062730539851499,2.0816681711721685e-17,True,,0,[],0,[],0,322,0,0,,9f65f7bc6c4eadf6fa2f1fce05ca4ecb855e16a053c4183c883e33d17a740987,0,0,0,False,False,abstain,fixed,none,standard,0.49999999999999983,0.5,0.49999999999999983,0.5,0.49999999999999983,0.5
323,numerical_frozen_W,2021-11-20,2021-11-21,mix,-0.016800742159765202,0.50693627388562068,0.5,-0.0084072490864935956,-0.0084427893424720533,-0.0084003710798826008,0.0069362738856206807,6.9362738856206812e-06,9.914584150910935e-06,1.4293818719391218,1.4173647025020111,ABSTAIN,0,0.49999999999999994,0.49999999999999994,0.50693627388562068,0.5,-0.0084072490864935956,-0.0084072490864935002,-9.540979117872439e-17,True,,0,[],0,[],0,323,0,0,,261b8209e00426cd2596cc8f5ee41ffe3b032d99cb4b0732b9088773c6303a64,0,0,0,False,False,abstain,fixed,none,standard,0.49999999999999994,0.5,0.49999999999999994,0.5,0.49999999999999994,0.5
324,numerical_frozen_W,2021-11-21,2021-11-22,mix,-0.040969576406429002,0.49576423244075285,0.5,-0.020488937201972424,-0.020701747329492003,-0.020484788203214501,0.00423576755924715,4.2357675592471497e-06,6.0036274264800065e-06,1.4173647025020111,1.388324406120155,ABSTAIN,0,0.5,0.5,0.49576423244075285,0.5,-0.020488937201972424,-0.020488937201972399,-2.7755575615628914e-17,True,,0,[],0,[],0,324,0,0,,89ae96db0440c5de02210a84bb9e2cf9683a254e6309ea027d61869a066942c4,0,0,0,False,False,abstain,fixed,none,standard,0.5,0.5,0.5,0.5,0.5,0.5
325,numerical_frozen_W,2021-11-22,2021-11-23,mix,0.022454749524052998,0.48954340475956576,0.5,0.011216800766672419,0.011154358954665046,0.011227374762026499,0.010456595240434241,1.0456595240434241e-05,1.4517146377214706e-05,1.388324406120155,1.4038969643831136,ABSTAIN,0,0.49999999999999994,0.49999999999999994,0.48954340475956576,0.5,0.011216800766672419,0.011216800766672599,-1.7867651802561113e-16,True,,0,[],0,[],0,325,0,0,,f77f976e1eb72226aea5e0770a14d5d7d5dd1cd6b5f06e59fde452b552ff5dd5,0,0,0,False,False,abstain,fixed,none,standard,0.49999999999999994,0.5,0.49999999999999994,0.5,0.49999999999999994,0.5
326,numerical_frozen_W,2021-11-23,2021-11-24,mix,-0.0069737308330958996,0.50555136017983526,0.5,-0.003492397419882054,-0.0034985100757834006,-0.0034868654165479498,0.005551360179835263,5.551360179835263e-06,7.7935377046680223e-06,1.4038969643831136,1.3989939982469217,ABSTAIN,0,0.49999999999999983,0.49999999999999983,0.50555136017983526,0.5,-0.003492397419882054,-0.0034923974198820002,-5.4210108624275222e-17,True,,0,[],0,[],0,326,0,0,,1d920ec72370e2fdade52016357696172908552beee1c016d1fa9f58a8c13cdc,0,0,0,False,False,abstain,fixed,none,standard,0.49999999999999983,0.5,0.49999999999999983,0.5,0.49999999999999983,0.5
327,numerical_frozen_W,2021-11-24,2021-11-25,mix,0.030843931525562401,0.49825046690528296,0.5,0.015420189248446903,0.015302506382976531,0.0154219657627812,0.0017495330947170373,1.7495330947170374e-06,2.4475862992434987e-06,1.3989939982469217,1.4205667504573307,ABSTAIN,0,0.50000000000000011,0.50000000000000011,0.49825046690528296,0.5,0.015420189248446903,0.015420189248446899,3.4694469519536142e-18,True,,0,[],0,[],0,327,0,0,,adae6810d6fc755eaab0e740a3fed1250fc5eb743f4557ed2f46f73c56011566,0,0,0,False,False,abstain,fixed,none,standard,0.50000000000000011,0.5,0.50000000000000011,0.5,0.50000000000000011,0.5
328,numerical_frozen_W,2021-11-25,2021-11-26,mix,-0.088303913966379904,0.50759387047098015,0.5,-0.044159215569418597,-0.045163923283296992,-0.044151956983189952,0.0075938704709801463,7.5938704709801468e-06,1.0787599898354145e-05,1.4205667504573307,1.357835637093137,ABSTAIN,0,0.49999999999999989,0.49999999999999989,0.50759387047098015,0.5,-0.044159215569418597,-0.0441592155694185,-9.7144514654701197e-17,True,,0,[],0,[],0,328,0,0,,c31ae128a98ae20e1fc1b3de834ce75463d69f3abe3e84e98b8f50830d99f7f9,0,0,0,False,False,abstain,fixed,none,standard,0.49999999999999989,0.5,0.49999999999999989,0.5,0.49999999999999989,0.5
329,numerical_frozen_W,2021-11-26,2021-11-27,mix,0.019262658916936001,0.47690430120888289,0.5,0.0096080113173928616,0.009562147913376999,0.0096313294584680006,0.023095698791117114,2.3095698791117115e-05,3.1360162882147702e-05,1.357835637093137,1.3708817372614872,ABSTAIN,0,0.49999999999999994,0.49999999999999994,0.47690430120888289,0.5,0.0096080113173928616,0.0096080113173927992,6.2450045135165055e-17,True,,0,[],0,[],0,329,0,0,,7e798666d2d8f76b5207c5f91744ab1b488ef551705aff524b391e1119ed418f,0,0,0,False,False,abstain,fixed,none,standard,0.49999999999999994,0.5,0.49999999999999994,0.5,0.49999999999999994,0.5
330,numerical_frozen_W,2021-11-27,2021-11-28,mix,0.046116287689967603,0.50476972592740066,0.5,0.023053264138029661,0.022791552220160341,0.023058143844983801,0.0047697259274006587,4.7697259274006584e-06,6.5387301656161739e-06,1.3708817372614872,1.4024850360525773,ABSTAIN,0,0.49999999999999972,0.49999999999999972,0.50476972592740066,0.5,0.023053264138029661,0.023053264138029599,5.8980598183211441e-17,True,,0,[],0,[],0,330,0,0,,ba029e55796ea40fe7a48fa5a487d240c301f9b2a5ea7c22ca2c9f50c4aa0b8b,0,0,0,False,False,abstain,fixed,none,standard,0.49999999999999972,0.5,0.49999999999999972,0.5,0.49999999999999972,0.5
331,numerical_frozen_W,2021-11-28,2021-11-29,mix,0.0087848982833404997,0.51126922452243229,0.5,0.0043811304176522015,0.0043715612049162666,0.0043924491416702498,0.011269224522432286,1.1269224522432286e-05,1.5804918760628032e-05,1.4024850360525773,1.4086295059043294,ABSTAIN,0,0.49999999999999994,0.49999999999999994,0.51126922452243229,0.5,0.0043811304176522015,0.0043811304176521997,1.7347234759768071e-18,True,,0,[],0,[],0,331,0,0,,c70db92543dec7e70089ab8d5318696442d944e3946cd6dfaed5bc53d9d08c68,0,0,0,False,False,abstain,fixed,none,standard,0.49999999999999994,0.5,0.49999999999999994,0.5,0.49999999999999994,0.5
332,numerical_frozen_W,2021-11-29,2021-11-30,mix,-0.015778236104286102,0.50218661995389546,0.5,-0.007891287421594062,-0.0079225884089842002,-0.0078891180521430508,0.0021866199538954634,2.1866199538954636e-06,3.0801373852563142e-06,1.4086295059043294,1.3975136056027004,ABSTAIN,0,0.49999999999999989,0.49999999999999989,0.50218661995389546,0.5,-0.007891287421594062,-0.0078912874215939996,-6.2450045135165055e-17,True,,0,[],0,[],0,332,0,0,,609e27cf4d044d4796c3db2999aa63ec21b25ae52babc10a39278aeebeb71c92,0,0,0,False,False,abstain,fixed,none,standard,0.49999999999999989,0.5,0.49999999999999989,0.5,0.49999999999999989,0.5
333,numerical_frozen_W,2021-11-30,2021-12-01,mix,0.0057556840456447003,0.49602407442772228,0.5,0.0028738546551643207,0.0028697330296217289,0.0028778420228223502,0.0039759255722777165,3.9759255722777162e-06,5.5564100821218125e-06,1.3975136056027004,1.4015298565838172,ABSTAIN,0,0.49999999999999994,0.49999999999999994,0.49602407442772228,0.5,0.0028738546551643207,0.0028738546551642999,2.0816681711721685e-17,True,,0,[],0,[],0,333,0,0,,32aa53267e5b20189d9fe58d9705e644ddb56283bef9ddcb9f10c4a861af3473,0,0,0,False,False,abstain,fixed,none,standard,0.49999999999999994,0.5,0.49999999999999994,0.5,0.49999999999999994,0.5
334,numerical_frozen_W,2021-12-01,2021-12-02,mix,-0.012485513972134399,0.50143479190696727,0.5,-0.0062441828209169881,-0.0062637592656136316,-0.0062427569860671996,0.0014347919069672699,1.43479190696727e-06,2.0109036955994592e-06,1.4015298565838172,1.3927784479303342,ABSTAIN,0,0.49999999999999983,0.49999999999999983,0.50143479190696727,0.5,-0.0062441828209169881,-0.0062441828209168996,-8.8470897274817162e-17,True,,0,[],0,[],0,334,0,0,,9d3abd373148d2f2a5334b2d3bf9d7bc5509c7b117119f4fd9417a2ca522be0a,0,0,0,False,False,abstain,fixed,none,standard,0.49999999999999983,0.5,0.49999999999999983,0.5,0.49999999999999983,0.5
335,numerical_frozen_W,2021-12-02,2021-12-03,mix,-0.050702704616255999,0.49685901308898456,0.5,-0.025354413666773268,-0.025681375263554952,-0.025351352308127999,0.003140986911015442,3.140986911015442e-06,4.3746988748935822e-06,1.3927784479303342,1.357465367015342,ABSTAIN,0,0.49999999999999978,0.49999999999999978,0.49685901308898456,0.5,-0.025354413666773268,-0.025354413666773198,-6.9388939039072284e-17,True,,0,[],0,[],0,335,0,0,,58b2b0bdd68e03e9ae882cf28d6d80f0257d41c6e027084035fbed20312c6d33,0,0,0,False,False,abstain,fixed,none,standard,0.49999999999999978,0.5,0.49999999999999978,0.5,0.49999999999999978,0.5
336,numerical_frozen_W,2021-12-03,2021-12-04,mix,-0.082718178682304203,0.4869946198724206,0.5,-0.041371556830601008,-0.042251721124298029,-0.041359089341152101,0.013005380127579402,1.3005380127579402e-05,1.7654353108058612e-05,1.357465367015342,1.3013049114382942,ABSTAIN,0,0.49999999999999983,0.49999999999999983,0.4869946198724206,0.5,-0.041371556830601008,-0.041371556830601099,9.7144514654701197e-17,True,,0,[],0,[],0,336,0,0,,7575032cb77ab0aa7bbcef1eb650c173df4c448cb0181daaee30f793203f0954,0,0,0,False,False,abstain,fixed,none,standard,0.49999999999999983,0.5,0.49999999999999983,0.5,0.49999999999999983,0.5
337,numerical_frozen_W,2021-12-04,2021-12-05,bear,0.0042748072982730003,0.47842826814436323,0.45000000000000001,0.0018951803296627379,0.0018933867411799787,0.0019236632842228503,0.028428268144363222,2.8428268144363223e-05,3.6993844959944667e-05,1.3013049114382942,1.3037711189093455,ABSTAIN,0,0.49999999999999978,0.49999999999999978,0.47842826814436323,0.45000000000000001,0.0018951803296627379,0.0018951803296626999,3.7730235602495554e-17,True,,0,[],0,[],0,337,0,0,,90ccaecb0b4ce6fa027faa4b163a920542907fbb4fb15ee76abeda741e2c6a49,0,0,0,False,True,abstain,fixed,none,standard,0.49999999999999978,0.45000000000000001,0.49999999999999978,0.45000000000000001,0.49999999999999978,0.45000000000000001
338,numerical_frozen_W,2021-12-05,2021-12-06,bear,0.023410349050206801,0.45105598344973158,0.45000000000000001,0.010533589964719869,0.010478498243974399,0.010534657072593061,0.0010559834497315679,1.0559834497315679e-06,1.3767607238062769e-06,1.3037711189093455,1.3175045092837805,ABSTAIN,0,0.49999999999999989,0.49999999999999989,0.45105598344973158,0.45000000000000001,0.010533589964719869,0.0105335899647198,6.9388939039072284e-17,True,,0,[],0,[],0,338,0,0,,946df45251a628ebfa469bba31bcb62f93329498381c6954b711d4a33aff0263,0,0,0,False,True,abstain,fixed,none,standard,0.49999999999999989,0.45000000000000001,0.49999999999999989,0.45000000000000001,0.49999999999999989,0.45000000000000001
339,numerical_frozen_W,2021-12-06,2021-12-07,bear,0.00065464053114869995,0.45573365925589432,0.45000000000000001,0.00028885289069235931,0.00028881118072796453,0.00029458823901691496,0.0057336592558943078,5.7336592558943083e-06,7.5541219243374356e-06,1.3175045092837805,1.3178850742697874,ABSTAIN,0,0.49999999999999989,0.49999999999999989,0.45573365925589432,0.45000000000000001,0.00028885289069235931,0.0002888528906923,5.9305858834957093e-17,True,,0,[],0,[],0,339,0,0,,f98fc14774cfef6ccaf22dc187b60f404f570a7d779bc01166ee6564b7f6eedb,0,0,0,False,True,abstain,fixed,none,standard,0.49999999999999989,0.45000000000000001,0.49999999999999989,0.45000000000000001,0.49999999999999989,0.45000000000000001
340,numerical_frozen_W,2021-12-07,2021-12-08,bear,-0.0023974606286761,0.45016197581528916,0.45000000000000001,-0.0010790190839707892,-0.0010796016441626552,-0.0010788572829042451,0.00016197581528915039,1.619758152891504e-07,2.1346550936225133e-07,1.3178850742697874,1.3164630511241699,ABSTAIN,0,0.49999999999999989,0.49999999999999989,0.45016197581528916,0.45000000000000001,-0.0010790190839707892,-0.0010790190839707,-8.9338259012805565e-17,True,,0,[],0,[],0,340,0,0,,2c90875860caa10d498f960199223aa4443f1cfb6ddf12521d743a22d4e533ef,0,0,0,False,True,abstain,fixed,none,standard,0.49999999999999989,0.45000000000000001,0.49999999999999989,0.45000000000000001,0.49999999999999989,0.45000000000000001
341,numerical_frozen_W,2021-12-08,2021-12-09,bear,-0.057005699975630902,0.4494059876398418,0.45000000000000001,-0.025653143763453401,-0.025987923500987421,-0.025652564989033906,0.00059401236015821368,5.9401236015821368e-07,7.8199532405935125e-07,1.3164630511241699,1.2826916352144071,ABSTAIN,0,0.49999999999999994,0.49999999999999994,0.4494059876398418,0.45000000000000001,-0.025653143763453401,-0.025653143763453401,0,True,,0,[],0,[],0,341,0,0,,49f391a5abaaf80a86ea77fdbf170152f6ec11d3d810d0d7d4f9d10907781766,0,0,0,False,True,abstain,fixed,none,standard,0.49999999999999994,0.45000000000000001,0.49999999999999994,0.45000000000000001,0.49999999999999994,0.45000000000000001
342,numerical_frozen_W,2021-12-09,2021-12-10,bear,-0.0096519499291965998,0.43551963063995769,0.45000000000000001,-0.0043577949437885177,-0.0043673178080379273,-0.0043433774681384697,0.014480369360042322,1.4480369360042323e-05,1.8573848652941286e-05,1.2826916352144071,1.2771019280920299,ABSTAIN,0,0.49999999999999989,0.49999999999999989,0.43551963063995769,0.45000000000000001,-0.0043577949437885177,-0.0043577949437885004,-1.7347234759768071e-17,True,,0,[],0,[],0,342,0,0,,5ed39c7d27de0079d8dbd21e85f5ed4d45d6ff991614ce06d735bcd6a9296519,0,0,0,False,True,abstain,fixed,none,standard,0.49999999999999989,0.45000000000000001,0.49999999999999989,0.45000000000000001,0.49999999999999989,0.45000000000000001
343,numerical_frozen_W,2021-12-10,2021-12-11,bear,0.046190694398479303,0.44760072141999974,0.45000000000000001,0.020783363329780924,0.020570335797073628,0.020785812479315685,0.0023992785800002747,2.3992785800002747e-06,3.0641233005482589e-06,1.2771019280920299,1.3036444014727304,ABSTAIN,0,0.49999999999999994,0.49999999999999994,0.44760072141999974,0.45000000000000001,0.020783363329780924,0.0207833633297809,2.4286128663675299e-17,True,,0,[],0,[],0,343,0,0,,bccc627ea46175906ed805cecf0f5173acfe7ae037d6e6d95d421d57618d88ed,0,0,0,False,True,abstain,fixed,none,standard,0.49999999999999994,0.45000000000000001,0.49999999999999994,0.45000000000000001,0.49999999999999994,0.45000000000000001
344,numerical_frozen_W,2021-12-11,2021-12-12,bear,0.015543095844021399,0.46119940806765014,0.45000000000000001,0.0069831153886790176,0.0069588463552169647,0.0069943931298096298,0.01119940806765013,1.119940806765013e-05,1.460004562720062e-05,1.3036444014727304,1.3127479007540199,ABSTAIN,0,0.49999999999999983,0.49999999999999983,0.46119940806765014,0.45000000000000001,0.0069831153886790176,0.0069831153886791997,-1.8127860323957634e-16,True,,0,[],0,[],0,344,0,0,,a93788a7c6ce561a7ce24bfb775f483cb46713a617f3f285abd102ed4429b7eb,0,0,0,False,True,abstain,fixed,none,standard,0.49999999999999983,0.45000000000000001,0.49999999999999983,0.45000000000000001,0.49999999999999983,0.45000000000000001
345,numerical_frozen_W,2021-12-12,2021-12-13,bear,-0.067438749226253397,0.45382019626687181,0.45000000000000001,-0.030351141414914795,-0.030821274481728764,-0.030347437151814028,0.0038201962668718004,3.8201962668718003e-06,5.0149546298043e-06,1.3127479007540199,1.2729045035761022,ABSTAIN,0,0.5,0.5,0.45382019626687181,0.45000000000000001,-0.030351141414914795,-0.030351141414914899,1.0408340855860843e-16,True,,0,[],0,[],0,345,0,0,,5f9544e7bc95076bce8be25240f9238f0f49fa053402535e114e5062c80af676,0,0,0,False,True,abstain,fixed,none,standard,0.5,0.45000000000000001,0.5,0.45000000000000001,0.5,0.45000000000000001
346,numerical_frozen_W,2021-12-13,2021-12-14,bear,0.0356053923038053,0.43278652470688,0.45000000000000001,0.01600493725977592,0.015878208652136246,0.016022426536712386,0.017213475293120006,1.7213475293120006e-05,2.1911110222808424e-05,1.2729045035761022,1.2932772602935239,ABSTAIN,0,0.49999999999999978,0.49999999999999978,0.43278652470688,0.45000000000000001,0.01600493725977592,0.016004937259775899,2.0816681711721685e-17,True,,0,[],0,[],0,346,0,0,,310fb5c1d1818a00559c2c6b485bf9fea1cc206ba29ff5be742369567f5f9c92,0,0,0,False,True,abstain,fixed,none,standard,0.49999999999999978,0.45000000000000001,0.49999999999999978,0.45000000000000001,0.49999999999999978,0.45000000000000001
347,numerical_frozen_W,2021-12-14,2021-12-15,bear,0.0104411110996247,0.45867336622207266,0.45000000000000001,0.0046897858767978029,0.0046788230930563147,0.0046984999948311151,0.0086733662220726537,8.6733662220726546e-06,1.1217067305204514e-05,1.2932772602935239,1.2993424537236322,ABSTAIN,0,0.49999999999999994,0.49999999999999994,0.45867336622207266,0.45000000000000001,0.0046897858767978029,0.0046897858767978003,2.6020852139652106e-18,True,,0,[],0,[],0,347,0,0,,26782b442acc9814c886e6d0b7bb518359d0482517e9ecbe2729628e1727d9b3,0,0,0,False,True,abstain,fixed,none,standard,0.49999999999999994,0.45000000000000001,0.49999999999999994,0.45000000000000001,0.49999999999999994,0.45000000000000001
348,numerical_frozen_W,2021-12-15,2021-12-16,bear,-0.0254401849748832,0.45257209003215432,0.45000000000000001,-0.01145062588322876,-0.011516689094044965,-0.01144808323869744,0.0025720900321543061,2.5720900321543063e-06,3.3420257735774721e-06,1.2993424537236322,1.2844641693918464,ABSTAIN,0,0.49999999999999983,0.49999999999999983,0.45257209003215432,0.45000000000000001,-0.01145062588322876,-0.011450625883228699,-6.0715321659188248e-17,True,,0,[],0,[],0,348,0,0,,7a4649ebbc6243ff76b34b3c47c37d68a987a654887f695a27be400af42232d0,0,0,0,False,True,abstain,fixed,none,standard,0.49999999999999983,0.45000000000000001,0.49999999999999983,0.45000000000000001,0.49999999999999983,0.45000000000000001
349,numerical_frozen_W,2021-12-16,2021-12-17,bear,-0.030570124422085999,0.44363063722347323,0.45000000000000001,-0.013762837732219646,-0.013858423618780966,-0.013756555989938699,0.0063693627765267768,6.3693627765267766e-06,8.1812182683068117e-06,1.2844641693918464,1.2667862974556561,ABSTAIN,0,0.49999999999999994,0.49999999999999994,0.44363063722347323,0.45000000000000001,-0.013762837732219646,-0.013762837732219599,-4.8572257327350599e-17,True,,0,[],0,[],0,349,0,0,,6d815f196dbf0919d0d28002b1949dd52daa43209769ec81251c8d02645999b6,0,0,0,False,True,abstain,fixed,none,standard,0.49999999999999994,0.45000000000000001,0.49999999999999994,0.45000000000000001,0.49999999999999994,0.45000000000000001
350,numerical_frozen_W,2021-12-17,2021-12-18,bear,0.0148141089226849,0.4423283588444426,0.45000000000000001,0.0066586262322150258,0.0066365555002294695,0.0066663490152082056,0.0076716411555574071,7.6716411555574077e-06,9.7183298948569974e-06,1.2667862974556561,1.2752213539265049,ABSTAIN,0,0.49999999999999983,0.49999999999999983,0.4423283588444426,0.45000000000000001,0.0066586262322150258,0.0066586262322152001,-1.7347234759768071e-16,True,,0,[],0,[],0,350,0,0,,caedeec85800b51ab7321fc530b36f809736593db478a2e95ac1e3e7027d1356,0,0,0,False,True,abstain,fixed,none,standard,0.49999999999999983,0.45000000000000001,0.49999999999999983,0.45000000000000001,0.49999999999999983,0.45000000000000001
351,numerical_frozen_W,2021-12-18,2021-12-19,bear,-0.0032375651461277999,0.45364221170395874,0.45000000000000001,-0.0014605412211076141,-0.0014616088511085984,-0.00145690431575751,0.003642211703958731,3.642211703958731e-06,4.6446261404092151e-06,1.2752213539265049,1.2733588405730587,ABSTAIN,0,0.49999999999999989,0.49999999999999989,0.45364221170395874,0.45000000000000001,-0.0014605412211076141,-0.0014605412211076,-1.4094628242311558e-17,True,,0,[],0,[],0,351,0,0,,6ee1696e91f02066fd3aa0eb2cd01af337e4648c396b55d39dbd7db6d6bd9076,0,0,0,False,True,abstain,fixed,none,standard,0.49999999999999989,0.45000000000000001,0.49999999999999989,0.45000000000000001,0.49999999999999989,0.45000000000000001
352,numerical_frozen_W,2021-12-19,2021-12-20,bear,0.0040831183290688002,0.44919753350944003,0.45000000000000001,0.0018365993071358666,0.0018349148207973212,0.0018374032480809601,0.0008024664905599832,8.0246649055998326e-07,1.0218278000181915e-06,1.2733588405730587,1.2756974905373906,ABSTAIN,0,0.49999999999999989,0.49999999999999989,0.44919753350944003,0.45000000000000001,0.0018365993071358666,0.0018365993071358,6.6353172956112871e-17,True,,0,[],0,[],0,352,0,0,,b1d87abcfcd8edeacc3185a51122e45086111b8f233e52b0a6530a1df900da9b,0,0,0,False,True,abstain,fixed,none,standard,0.49999999999999989,0.45000000000000001,0.49999999999999989,0.45000000000000001,0.49999999999999989,0.45000000000000001
353,numerical_frozen_W,2021-12-20,2021-12-21,bear,0.042793292277247999,0.45100871836404599,0.45000000000000001,0.019255953381526636,0.019072903643534315,0.019256981524761602,0.0010087183640459796,1.0087183640459796e-06,1.286819485672438e-06,1.2756974905373906,1.3002622619441091,ABSTAIN,0,0.49999999999999989,0.49999999999999989,0.45100871836404599,0.45000000000000001,0.019255953381526636,0.019255953381526601,3.4694469519536142e-17,True,,0,[],0,[],0,353,0,0,,aa4a8ab04abcdc99b551cb5bbce0e2986010010cfd9ee0ec5ce9ba071bad91d2,0,0,0,False,True,abstain,fixed,none,standard,0.49999999999999989,0.45000000000000001,0.49999999999999989,0.45000000000000001,0.49999999999999989,0.45000000000000001
354,numerical_frozen_W,2021-12-21,2021-12-22,bear,-0.0061817512576173,0.46039123599896736,0.45000000000000001,-0.0027921503957104576,-0.0027960557188202195,-0.0027817880659277852,0.010391235998967352,1.0391235998967352e-05,1.3511332024412343e-05,1.3002622619441091,1.2966317341548945,ABSTAIN,0,0.49999999999999989,0.49999999999999989,0.46039123599896736,0.45000000000000001,-0.0027921503957104576,-0.0027921503957104,-5.7679555576228836e-17,True,,0,[],0,[],0,354,0,0,,4d70cccdaf0c15590aeee77aa4644388a0eb3e38fdcacdb12e606c6b11546403,0,0,0,False,True,abstain,fixed,none,standard,0.49999999999999989,0.45000000000000001,0.49999999999999989,0.45000000000000001,0.49999999999999989,0.45000000000000001
355,numerical_frozen_W,2021-12-22,2021-12-23,bear,0.045294518278919498,0.44846574860150923,0.45000000000000001,0.020380967702185337,0.020176055310499496,0.020382533225513776,0.0015342513984907824,1.5342513984907825e-06,1.9893590514546752e-06,1.2966317341548945,1.323058343650334,ABSTAIN,0,0.49999999999999994,0.49999999999999994,0.44846574860150923,0.45000000000000001,0.020380967702185337,0.020380967702185299,3.8163916471489756e-17,True,,0,[],0,[],0,355,0,0,,2be9adf0ddaeb8a849072536ce89e17352be8d0a82a6e1423a85f6f6bd1581bc,0,0,0,False,True,abstain,fixed,none,standard,0.49999999999999994,0.45000000000000001,0.49999999999999994,0.45000000000000001,0.49999999999999994,0.45000000000000001
356,numerical_frozen_W,2021-12-23,2021-12-24,bear,-0.0002933013129663,0.4609864613603249,0.45000000000000001,-0.00014297060214052415,-0.00014298082341130145,-0.00013198559083483501,0.010986461360324884,1.0986461360324884e-05,1.4535729369969837e-05,1.323058343650334,1.3228691852022754,ABSTAIN,0,0.5,0.5,0.4609864613603249,0.45000000000000001,-0.00014297060214052415,-0.0001429706021405,-2.4150603392114611e-17,True,,0,[],0,[],0,356,0,0,,8051f7f6afbeafb1c8e61c33e4ad65d262c80f030687f88985537a6508dd556f,0,0,0,False,True,abstain,fixed,none,standard,0.5,0.45000000000000001,0.5,0.45000000000000001,0.5,0.45000000000000001
357,numerical_frozen_W,2021-12-24,2021-12-25,bear,-0.0074764551717889996,0.44992739834266815,0.45000000000000001,-0.0033644771847010091,-0.0033701497651496067,-0.0033644048273050501,7.260165733186108e-05,7.260165733186108e-08,9.6042495278933868e-08,1.3228691852022754,1.3184184220103183,ABSTAIN,0,0.49999999999999983,0.49999999999999983,0.44992739834266815,0.45000000000000001,-0.0033644771847010091,-0.003364477184701,-9.1072982488782372e-18,True,,0,[],0,[],0,357,0,0,,bbb9b54284f1a5bea7d14211ca6d72f2591aaf54ecd03a4eaf77fd695da8bf36,0,0,0,False,True,abstain,fixed,none,standard,0.49999999999999983,0.45000000000000001,0.49999999999999983,0.45000000000000001,0.49999999999999983,0.45000000000000001
358,numerical_frozen_W,2021-12-25,2021-12-26,bear,0.0074097733621126998,0.44814333075802182,0.45000000000000001,0.0033325351528346037,0.0033269945636219605,0.0033343980129507149,0.0018566692419781927,1.8566692419781927e-06,2.4478669322039827e-06,1.3184184220103183,1.3228120977478124,ABSTAIN,0,0.49999999999999994,0.49999999999999994,0.44814333075802182,0.45000000000000001,0.0033325351528346037,0.0033325351528346002,3.4694469519536142e-18,True,,0,[],0,[],0,358,0,0,,ac52637ec711413b28da627fc2fc0d283857f6502afbb48d2c558d796b5f4824,0,0,0,False,True,abstain,fixed,none,standard,0.49999999999999994,0.45000000000000001,0.49999999999999994,0.45000000000000001,0.49999999999999994,0.45000000000000001
359,numerical_frozen_W,2021-12-26,2021-12-27,bear,-0.0020027609349368,0.45182782421369677,0.45000000000000001,-0.00090306859762245839,-0.00090347660972890632,-0.00090124242072156004,0.0018278242136967604,1.8278242136967604e-06,2.4178679824344575e-06,1.3228120977478124,1.3216175076817813,ABSTAIN,0,0.49999999999999989,0.49999999999999989,0.45182782421369677,0.45000000000000001,-0.00090306859762245839,-0.00090306859762250002,4.1741783640691921e-17,True,,0,[],0,[],0,359,0,0,,00a3542dbfb9b393d8ffda168b33e10c4dfc9bc7fef895feef91fdd19883b9b2,0,0,0,False,True,abstain,fixed,none,standard,0.49999999999999989,0.45000000000000001,0.49999999999999989,0.45000000000000001,0.49999999999999989,0.45000000000000001
360,numerical_frozen_W,2021-12-27,2021-12-28,bear,-0.061821453800647901,0.44950386953478172,0.45000000000000001,-0.027820136538578843,-0.028214446926962924,-0.027819654210291554,0.00049613046521829185,4.9613046521829191e-07,6.5569470892680164e-07,1.3216175076817813,1.2848499281662979,ABSTAIN,0,0.49999999999999994,0.49999999999999994,0.44950386953478172,0.45000000000000001,-0.027820136538578843,-0.027820136538578798,-4.5102810375396984e-17,True,,0,[],0,[],0,360,0,0,,e86364a8a8dea3c8c1231715d6334d2755494f4bfc70ff754045807593766ed5,0,0,0,False,True,abstain,fixed,none,standard,0.49999999999999994,0.45000000000000001,0.49999999999999994,0.45000000000000001,0.49999999999999994,0.45000000000000001
361,numerical_frozen_W,2021-12-28,2021-12-29,bear,-0.022788840934521201,0.43426134628011698,0.45000000000000001,-0.010270555674700144,-0.010323661763928276,-0.010254978420534541,0.015738653719883033,1.5738653719883033e-05,2.0221808101425953e-05,1.2848499281662979,1.2716538054454316,ABSTAIN,0,0.49999999999999978,0.49999999999999978,0.43426134628011698,0.45000000000000001,-0.010270555674700144,-0.0102705556747001,-4.5102810375396984e-17,True,,0,[],0,[],0,361,0,0,,26b7419cfaf34a56e397871490c82e287c12cef370b0fb2ceadf3e542767d74b,0,0,0,False,True,abstain,fixed,none,standard,0.49999999999999978,0.45000000000000001,0.49999999999999978,0.45000000000000001,0.49999999999999978,0.45000000000000001
362,numerical_frozen_W,2021-12-29,2021-12-30,bear,0.014239685590497099,0.44430132204929601,0.45000000000000001,0.0064021233214508477,0.0063817167804250943,0.0064078585157236944,0.0056986779507040008,5.6986779507040013e-06,7.2467455020207164e-06,1.2716538054454316,1.2797950899300856,ABSTAIN,0,0.49999999999999994,0.49999999999999994,0.44430132204929601,0.45000000000000001,0.0064021233214508477,0.0064021233214508,4.6837533851373792e-17,True,,0,[],0,[],0,362,0,0,,6c2457eb48b1e17a4abe0656df192f7e24a99aa95faa5a489a34d06b573629d9,0,0,0,False,True,abstain,fixed,none,standard,0.49999999999999994,0.45000000000000001,0.49999999999999994,0.45000000000000001,0.49999999999999994,0.45000000000000001
363,numerical_frozen_W,2021-12-30,2021-12-31,bear,-0.019179471726300999,0.45350188261531049,0.45000000000000001,-0.0086342339355344189,-0.0086717248931543062,-0.0086307622768354488,0.003501882615310481,3.5018826153104812e-06,4.4816921765858802e-06,1.2797950899300856,1.2687450397340809,ABSTAIN,0,0.5,0.5,0.45350188261531049,0.45000000000000001,-0.0086342339355344189,-0.0086342339355343998,-1.9081958235744878e-17,True,,0,[],0,[],0,363,0,0,,d3f4cd879691c1e10c3ab023c7267ef5a3579d3e06cd8e73461e5c81648babf2,0,0,0,False,True,abstain,fixed,none,standard,0.5,0.45000000000000001,0.5,0.45000000000000001,0.5,0.45000000000000001
364,numerical_frozen_W,2021-12-31,2022-01-01,bear,0.032854098378389998,0.44521175453944734,0.45000000000000001,0.014779485233745726,0.014671332962918832,0.0147843442702755,0.0047882454605526759,4.7882454605526758e-06,6.0750626771054375e-06,1.2687450397340809,1.2874964383142189,ABSTAIN,0,0.5,0.5,0.44521175453944734,0.45000000000000001,0.014779485233745726,0.0147794852337457,2.4286128663675299e-17,True,,0,[],0,[],0,364,0,0,,d93b0abb1c34922b83bde5782ae7bcf9f85b74a9f3012965fb220976af118d00,0,0,0,False,True,abstain,fixed,none,standard,0.5,0.45000000000000001,0.5,0.45000000000000001,0.5,0.45000000000000001
365,numerical_frozen_W,2022-01-01,2022-01-02,bear,-0.0089278981105198,0.45801292352859346,0.45000000000000001,-0.004025534880908288,-0.0040336591568141712,-0.0040175541497339097,0.0080129235285934519,8.0129235285934522e-06,1.0316610503548273e-05,1.2874964383142189,1.2823135764927398,ABSTAIN,0,0.49999999999999994,0.49999999999999994,0.45801292352859346,0.45000000000000001,-0.004025534880908288,-0.0040255348809081996,-8.8470897274817162e-17,True,,0,[],0,[],0,365,0,0,,bc02aff6e77878e9f2e7c7731ef90fccb7161d57adc538c6dfdda5fe7d5458f1,0,0,0,False,True,abstain,fixed,none,standard,0.49999999999999994,0.45000000000000001,0.49999999999999994,0.45000000000000001,0.49999999999999994,0.45000000000000001
366,numerical_frozen_W,2022-01-02,2022-01-03,bear,-0.018633829192717302,0.44778143200057385,0.45000000000000001,-0.008387423101534397,-0.0084227954621795553,-0.0083852231367227865,0.0022185679994261576,2.2185679994261574e-06,2.8448998660364989e-06,1.2823135764927398,1.2715582699778534,ABSTAIN,0,0.49999999999999983,0.49999999999999983,0.44778143200057385,0.45000000000000001,-0.008387423101534397,-0.0083874231015344993,1.0234868508263162e-16,True,,0,[],0,[],0,366,0,0,,3a1af968d919a8bf27f5fbace2625e0871f80043d43ed0ede9d817de3589a5ee,0,0,0,False,True,abstain,fixed,none,standard,0.49999999999999983,0.45000000000000001,0.49999999999999983,0.45000000000000001,0.49999999999999983,0.45000000000000001
367,numerical_frozen_W,2022-01-03,2022-01-04,bear,-0.0127697059241612,0.44534912868101256,0.45000000000000001,-0.0057509918115749015,-0.005767592442307466,-0.0057463676658725399,0.0046508713189874484,4.6508713189874483e-06,5.9138538882612968e-06,1.2715582699778534,1.2642455487792703,ABSTAIN,0,0.49999999999999983,0.49999999999999983,0.44534912868101256,0.45000000000000001,-0.0057509918115749015,-0.0057509918115748997,-1.7347234759768071e-18,True,,0,[],0,[],0,367,0,0,,1668afe9a52cf43cc443e2ddf334d904ce1363a2b2ac986d2352d90a83031c44,0,0,0,False,True,abstain,fixed,none,standard,0.49999999999999983,0.45000000000000001,0.49999999999999983,0.45000000000000001,0.49999999999999983,0.45000000000000001
368,numerical_frozen_W,2022-01-04,2022-01-05,bear,-0.052607810669476597,0.44682123141073149,0.45000000000000001,-0.023676618317228448,-0.023961413756565974,-0.023673514801264468,0.0031787685892685213,3.1787685892685216e-06,4.018744039582089e-06,1.2642455487792703,1.2343124894615685,ABSTAIN,0,0.5,0.5,0.44682123141073149,0.45000000000000001,-0.023676618317228448,-0.0236766183172284,-5.2041704279304213e-17,True,,0,[],0,[],0,368,0,0,,fee90f9f8db10d3a384496f76695644e3869d97b203f34d885e2557d4057249b,0,0,0,False,True,abstain,fixed,none,standard,0.5,0.45000000000000001,0.5,0.45000000000000001,0.5,0.45000000000000001
369,numerical_frozen_W,2022-01-05,2022-01-06,bear,-0.0075623072866653996,0.43666385339526548,0.45000000000000001,-0.0034163290421868053,-0.003422178019402305,-0.0034030382789994301,0.013336146604734533,1.3336146604734534e-05,1.6460972315514325e-05,1.2343124894615685,1.2300956718566871,ABSTAIN,0,0.49999999999999989,0.49999999999999989,0.43666385339526548,0.45000000000000001,-0.0034163290421868053,-0.0034163290421868001,-5.2041704279304213e-18,True,,0,[],0,[],0,369,0,0,,bde065552215e6196bad8882051b5e981c015eb7a6d8d5875ec2ce0deff7eedb,0,0,0,False,True,abstain,fixed,none,standard,0.49999999999999989,0.45000000000000001,0.49999999999999989,0.45000000000000001,0.49999999999999989,0.45000000000000001
370,numerical_frozen_W,2022-01-06,2022-01-07,bear,-0.035983525726550197,0.44812193782909238,0.45000000000000001,-0.01619443422843414,-0.016326997215101762,-0.016192586576947589,0.0018780621709076351,1.878062170907635e-06,2.3101961479112559e-06,1.2300956718566871,1.2101749684041225,ABSTAIN,0,0.49999999999999983,0.49999999999999983,0.44812193782909238,0.45000000000000001,-0.01619443422843414,-0.016194434228434199,6.2450045135165055e-17,True,,0,[],0,[],0,370,0,0,,2ccd6d3b70f6d5852a252d6fbd5d39dd7881416380e8a837851379cd6a00c01f,0,0,0,False,True,abstain,fixed,none,standard,0.49999999999999983,0.45000000000000001,0.49999999999999983,0.45000000000000001,0.49999999999999983,0.45000000000000001
371,numerical_frozen_W,2022-01-07,2022-01-08,bear,0.0030158833312873999,0.4409474938938161,0.45000000000000001,0.001348082707387066,0.0013471748597050025,0.0013571474990793299,0.0090525061061839107,9.0525061061839112e-06,1.0955116291029242e-05,1.2101749684041225,1.2118063843519409,ABSTAIN,0,0.49999999999999994,0.49999999999999994,0.4409474938938161,0.45000000000000001,0.001348082707387066,0.0013480827073872,-1.3400738851920835e-16,True,,0,[],0,[],0,371,0,0,,828891b1ec78fd1dc9046aa65483f854435520e797c1353cfa1b674d358aa122,0,0,0,False,True,abstain,fixed,none,standard,0.49999999999999994,0.45000000000000001,0.49999999999999994,0.45000000000000001,0.49999999999999994,0.45000000000000001
372,numerical_frozen_W,2022-01-08,2022-01-09,bear,0.0042306584757151999,0.45074541948031022,0.45000000000000001,0.0019030494754646021,0.0019012409708971793,0.0019037963140718401,0.00074541948031020544,7.4541948031020542e-07,9.0330408526021285e-07,1.2118063843519409,1.2141125118560465,ABSTAIN,0,0.50000000000000011,0.50000000000000011,0.45074541948031022,0.45000000000000001,0.0019030494754646021,0.0019030494754646,2.1684043449710089e-18,True,,0,[],0,[],0,372,0,0,,0046f8802c23a1f56a5821224965b2bdedbc369a043952d6aad7df8feb2518d0,0,0,0,False,True,abstain,fixed,none,standard,0.50000000000000011,0.45000000000000001,0.50000000000000011,0.45000000000000001,0.50000000000000011,0.45000000000000001
373,numerical_frozen_W,2022-01-09,2022-01-10,bear,-0.00038472291586529999,0.45104509831841311,0.45000000000000001,-0.00017417022952492811,-0.00017418539892075151,-0.000173125312139385,0.0010450983184130958,1.0450983184130958e-06,1.268866944505054e-06,1.2141125118560465,1.2139010496011875,ABSTAIN,0,0.49999999999999994,0.49999999999999994,0.45104509831841311,0.45000000000000001,-0.00017417022952492811,-0.0001741702295249,-2.813504637599884e-17,True,,0,[],0,[],0,373,0,0,,86729926fedf5b22394c2b57889128168e4e33697d581055095ea7cabecd1925,0,0,0,False,True,abstain,fixed,none,standard,0.49999999999999994,0.45000000000000001,0.49999999999999994,0.45000000000000001,0.49999999999999994,0.45000000000000001
374,numerical_frozen_W,2022-01-10,2022-01-11,bear,0.021538432116886101,0.44990476459066336,0.45000000000000001,0.0096921982941398088,0.0096455302419629196,0.0096922944525987455,9.5235409336646981e-05,9.5235409336646978e-08,1.1560636335295452e-07,1.2139010496011875,1.2256664192833866,ABSTAIN,0,0.49999999999999994,0.49999999999999994,0.44990476459066336,0.45000000000000001,0.0096921982941398088,0.0096921982941398001,8.6736173798840355e-18,True,,0,[],0,[],0,374,0,0,,566e93701893389ff8712c85ab20d87d092df367f38677c484b0e68fc7544f72,0,0,0,False,True,abstain,fixed,none,standard,0.49999999999999994,0.45000000000000001,0.49999999999999994,0.45000000000000001,0.49999999999999994,0.45000000000000001
375,numerical_frozen_W,2022-01-11,2022-01-12,bear,0.027327698370353801,0.45527959060222334,0.45000000000000001,0.012292119750480168,0.012217185092101825,0.012297464266659211,0.0052795906022233274,5.2795906022233277e-06,6.4710169087092845e-06,1.2256664192833866,1.2407324576833603,ABSTAIN,0,0.49999999999999994,0.49999999999999994,0.45527959060222334,0.45000000000000001,0.012292119750480168,0.0122921197504803,-1.3010426069826053e-16,True,,0,[],0,[],0,375,0,0,,9a600ecaebfcad4303f2ba3d452a2951785fa50bfcf687f73f6a2e46ee880d6c,0,0,0,False,True,abstain,fixed,none,standard,0.49999999999999994,0.45000000000000001,0.49999999999999994,0.45000000000000001,0.49999999999999994,0.45000000000000001
376,numerical_frozen_W,2022-01-12,2022-01-13,bear,-0.030546001230040299,0.45668144057000321,0.45000000000000001,-0.01375229015300683,-0.013847728906378321,-0.013745700553518135,0.0066814405700031942,6.6814405700031947e-06,8.2898801792853741e-06,1.2407324576833603,1.2236695449230455,ABSTAIN,0,0.5,0.5,0.45668144057000321,0.45000000000000001,-0.01375229015300683,-0.013752290153006899,6.9388939039072284e-17,True,,0,[],0,[],0,376,0,0,,d558935aa1b245ec2f54dbd82386f3255c17164721815a2111c9f640ca13b443,0,0,0,False,True,abstain,fixed,none,standard,0.5,0.45000000000000001,0.5,0.45000000000000001,0.5,0.45000000000000001
377,numerical_frozen_W,2022-01-13,2022-01-14,bear,0.012060620300752001,0.44233449698655009,0.45000000000000001,0.0054195720295004968,0.005404938995056255,0.0054272791353384003,0.0076655030134499258,7.6655030134499256e-06,9.3800425840745045e-06,1.2236695449230455,1.2303013101620619,ABSTAIN,0,0.49999999999999989,0.49999999999999989,0.44233449698655009,0.45000000000000001,0.0054195720295004968,0.0054195720295003996,9.6277152916712794e-17,True,,0,[],0,[],0,377,0,0,,b39c2d325e665ef0489fac9fb33482b0ea9d92e25ad2bfab5da76f6ba5e69fa0,0,0,0,False,True,abstain,fixed,none,standard,0.49999999999999989,0.45000000000000001,0.49999999999999989,0.45000000000000001,0.49999999999999989,0.45000000000000001
378,numerical_frozen_W,2022-01-14,2022-01-15,bear,0.00055022484926850002,0.45296889052682476,0.45000000000000001,0.00024463155654319557,0.00024460163912303114,0.00024760118217082499,0.0029688905268247523,2.9688905268247524e-06,3.6526299048802269e-06,1.2303013101620619,1.2306022806865839,ABSTAIN,0,0.5,0.5,0.45296889052682476,0.45000000000000001,0.00024463155654319557,0.0002446315565431,9.5572421504597216e-17,True,,0,[],0,[],0,378,0,0,,92e1bff65d9828674c8db3cdf52866bc9de3c1d694a3e0e59426a803706d5649,0,0,0,False,True,abstain,fixed,none,standard,0.5,0.45000000000000001,0.5,0.45000000000000001,0.5,0.45000000000000001
379,numerical_frozen_W,2022-01-15,2022-01-16,bear,-0.00041534213518339998,0.45013614694005072,0.45000000000000001,-0.00018704008232617308,-0.00018705757650381368,-0.00018690396083253,0.0001361469400507076,1.361469400507076e-07,1.6754273493490038e-07,1.2306022806865839,1.2303721087346935,ABSTAIN,0,0.5,0.5,0.45013614694005072,0.45000000000000001,-0.00018704008232617308,-0.00018704008232610001,-7.3102331479835136e-17,True,,0,[],0,[],0,379,0,0,,f0b7557032321a7756c5b4914e97b365cd63b751dba379646ef3f32a1477e54f,0,0,0,False,True,abstain,fixed,none,standard,0.5,0.45000000000000001,0.5,0.45000000000000001,0.5,0.45000000000000001
380,numerical_frozen_W,2022-01-16,2022-01-17,bear,-0.020190765359536199,0.44989718360475067,0.45000000000000001,-0.0090859462940128255,-0.0091274752486711352,-0.0090858444117912895,0.00010281639524933883,1.0281639524933883e-07,1.2650242503542875e-07,1.2303721087346935,1.2191930138330787,ABSTAIN,0,0.49999999999999983,0.49999999999999983,0.44989718360475067,0.45000000000000001,-0.0090859462940128255,-0.0090859462940127995,-2.6020852139652106e-17,True,,0,[],0,[],0,380,0,0,,4d791dcc2f8e3ee2b0fba194155969b1db3a2823fb10dc32bbdea073463a6aee,0,0,0,False,True,abstain,fixed,none,standard,0.49999999999999983,0.45000000000000001,0.49999999999999983,0.45000000000000001,0.49999999999999983,0.45000000000000001
381,numerical_frozen_W,2022-01-17,2022-01-18,bear,0.0036792839492715999,0.44495696534527868,0.45000000000000001,0.0016506263928770526,0.0016492656063602537,0.00165567777717222,0.0050430346547213345,5.0430346547213345e-06,6.1484326195543629e-06,1.2191930138330787,1.2212054459997228,ABSTAIN,0,0.49999999999999994,0.49999999999999994,0.44495696534527868,0.45000000000000001,0.0016506263928770526,0.0016506263928769999,5.2475385148298415e-17,True,,0,[],0,[],0,381,0,0,,a82af136e1e9c16f274d73d9b2ab65ebec0e71faf8dda80526687c9c0450ed08,0,0,0,False,True,abstain,fixed,none,standard,0.49999999999999994,0.45000000000000001,0.49999999999999994,0.45000000000000001,0.49999999999999994,0.45000000000000001
382,numerical_frozen_W,2022-01-18,2022-01-19,bear,-0.0162116484045641,0.4509091175716845,0.45000000000000001,-0.007296144267393001,-0.0073228913075659308,-0.0072952417820538453,0.00090911757168449236,9.0911757168449241e-07,1.1102193295951454e-06,1.2212054459997228,1.2122953548855828,ABSTAIN,0,0.5,0.5,0.4509091175716845,0.45000000000000001,-0.007296144267393001,-0.0072961442673930002,-8.6736173798840355e-19,True,,0,[],0,[],0,382,0,0,,928930308b922abcd8fb96685ac77f4a549902750cd262cadbcbf22ba4c103fe,0,0,0,False,True,abstain,fixed,none,standard,0.5,0.45000000000000001,0.5,0.45000000000000001,0.5,0.45000000000000001
383,numerical_frozen_W,2022-01-19,2022-01-20,bear,-0.023079433175455501,0.44595813060538519,0.5,-0.011593134829265717,-0.011660859150469839,-0.01153971658772775,0.054041869394614805,5.4041869394614805e-05,6.551470723642487e-05,1.2122953548855828,1.1982410513835018,ABSTAIN,0,0.49999999999999989,0.49999999999999989,0.44595813060538519,0.5,-0.011593134829265717,-0.0103897448205251,-0.0012167641471144564,True,,0,[],0,[],0,383,0,0,,93c80cd0efedd6e67fdd3bdf1cc1c8d4e6e65cf70d5ecf20a42c4e44f3dfd2e8,0,0,0,False,False,abstain,fixed,none,standard,0.49999999999999989,0.5,0.49999999999999989,0.5,0.49999999999999989,0.5
384,numerical_frozen_W,2022-01-20,2022-01-21,bear,-0.10414604613922319,0.49416278186317647,0.5,-0.052078556326153769,-0.053483645483582816,-0.052073023069611597,0.0058372181368235299,5.8372181368235298e-06,6.9943943974222724e-06,1.1982410513835018,1.1358383872967164,ABSTAIN,0,0.49999999999999994,0.49999999999999994,0.49416278186317647,0.5,-0.052078556326153769,-0.046871222356024901,-0.0054783897191122075,True,,0,[],0,[],0,384,0,0,,74a398d367eb66c6f45a8dc3f3e694f1f9bebd63f1160e18713b9783ae36f441,0,0,0,False,False,abstain,fixed,none,standard,0.49999999999999994,0.5,0.49999999999999994,0.5,0.49999999999999994,0.5
385,numerical_frozen_W,2022-01-21,2022-01-22,bear,-0.038390152294005601,0.47253320965807072,0.5,-0.019222015710212537,-0.019409160738715903,-0.019195076147002801,0.027466790341929281,2.7466790341929283e-05,3.1197834846193979e-05,1.1358383872967164,1.1140052839718364,ABSTAIN,0,0.49999999999999994,0.49999999999999994,0.47253320965807072,0.5,-0.019222015710212537,-0.017302144901852098,-0.0019555844606749945,True,,0,[],0,[],0,385,0,0,,93fb8a41adf035a391653b89d7379a429120aa4cbb7fa69caffc711836224ac8,0,0,0,False,False,abstain,fixed,none,standard,0.49999999999999994,0.5,0.49999999999999994,0.5,0.49999999999999994,0.5
386,numerical_frozen_W,2022-01-22,2022-01-23,bear,0.034049698932579101,0.49021463102387536,0.5,0.017014897502879656,0.016871765437876041,0.01702484946628955,0.0097853689761246421,9.7853689761246431e-06,1.0900952745016931e-05,1.1140052839718364,1.1329599696962835,ABSTAIN,0,0.49999999999999989,0.49999999999999989,0.49021463102387536,0.5,0.017014897502879656,0.015312547780816,0.0016752714963881744,True,,0,[],0,[],0,386,0,0,,15eeaef52b97fcd0b1349b21063a74138c9a7e418830fcab17a76693d55ff882,0,0,0,False,False,abstain,fixed,none,standard,0.49999999999999989,0.5,0.49999999999999989,0.5,0.49999999999999989,0.5
387,numerical_frozen_W,2022-01-23,2022-01-24,bear,0.0114917492659121,0.50836992796942171,0.5,0.0057374566124297477,0.0057210600945520607,0.0057458746329560502,0.0083699279694217088,8.3699279694217083e-06,9.4827933385960955e-06,1.1329599696962835,1.1394602783660357,ABSTAIN,0,0.5,0.5,0.50836992796942171,0.5,0.0057374566124297477,0.0051629441243650001,0.00057139826864182827,True,,0,[],0,[],0,387,0,0,,90c9c8e390cc12f48b567c821cbbbb9fb0f3d661826b5205ba2ce2d7f01c6de7,0,0,0,False,False,abstain,fixed,none,standard,0.5,0.5,0.5,0.5,0.5,0.5
388,numerical_frozen_W,2022-01-24,2022-01-25,bear,0.0072043242300256997,0.50285652408718706,0.5,0.0035992953012629059,0.0035928333389618726,0.0036021621150128498,0.0028565240871870623,2.8565240871870625e-06,3.254895731545456e-06,1.1394602783660357,1.1435615323919344,ABSTAIN,0,0.5,0.5,0.50285652408718706,0.5,0.0035992953012629059,0.0032391071547848002,0.00035896079116773828,True,,0,[],0,[],0,388,0,0,,6aa03861b473bb90ce8b90d4349a37770bdbb71897bbee58da1af1863ed92c98,0,0,0,False,False,abstain,fixed,none,standard,0.5,0.5,0.5,0.5,0.5,0.5
389,numerical_frozen_W,2022-01-25,2022-01-26,bear,-0.0040648866324225997,0.50179461655773117,0.5,-0.002034234285312575,-0.0020363061501254658,-0.0020324433162112999,0.0017946165577311657,1.7946165577311658e-06,2.0522544608149899e-06,1.1435615323919344,1.1412352603153781,ABSTAIN,0,0.49999999999999989,0.49999999999999989,0.50179461655773117,0.5,-0.002034234285312575,-0.0018309730418491999,-0.00020365482823305088,True,,0,[],0,[],0,389,0,0,,16fc952f9e9539d5effeaec5c1e938441f16a9794aee1e207c09269f8e01c8b9,0,0,0,False,False,abstain,fixed,none,standard,0.49999999999999989,0.5,0.49999999999999989,0.5,0.49999999999999989,0.5
390,numerical_frozen_W,2022-01-26,2022-01-27,bear,0.0098884794730491003,0.49898170872259368,0.5,0.0049432164105709386,0.0049310388307836836,0.0049442397365245501,0.0010182912774063246,1.0182912774063247e-06,1.162109911047686e-06,1.1412352603153781,1.1468766331824913,ABSTAIN,0,0.5,0.5,0.49898170872259368,0.5,0.0049432164105709386,0.0044488033747919998,0.00049210212928902861,True,,0,[],0,[],0,390,0,0,,3c1e7f44904dad927da28a20d7cf04b52b11b0fa87d0a4791910423bf8f067e4,0,0,0,False,False,abstain,fixed,none,standard,0.5,0.5,0.5,0.5,0.5,0.5
391,numerical_frozen_W,2022-01-27,2022-01-28,bear,0.015627900969478602,0.50245995724987735,0.5,0.00781147130550508,0.0077811197214150236,0.0078139504847393008,0.0024599572498773536,2.4599572498773537e-06,2.8212674885121998e-06,1.1468766331824913,1.1558354270935507,ABSTAIN,0,0.5,0.5,0.50245995724987735,0.5,0.00781147130550508,0.0070301017446048001,0.00077561393463664464,True,,0,[],0,[],0,391,0,0,,eefccde44d1bd7606b55d70b04deb3cd2d4d5ff26ad204b207d84a775a7fada3,0,0,0,False,False,abstain,fixed,none,standard,0.5,0.5,0.5,0.5,0.5,0.5
392,numerical_frozen_W,2022-01-28,2022-01-29,bear,0.011278285128400701,0.50387668303310396,0.5,0.0056352440199989307,0.0056194254323269415,0.0056391425642003503,0.0038766830331039559,3.8766830331039558e-06,4.4808075892740319e-06,1.1558354270935507,1.1623488417721826,ABSTAIN,0,0.5,0.5,0.50387668303310396,0.5,0.0056352440199989307,0.0050713679201767996,0.00056087358668404416,True,,0,[],0,[],0,392,0,0,,08b5e018dffcee2b102ff00d6128542fd7e141445b4cfe1b6cc0b0d7c3947511,0,0,0,False,False,abstain,fixed,none,standard,0.5,0.5,0.5,0.5,0.5,0.5
393,numerical_frozen_W,2022-01-29,2022-01-30,bear,-0.0066307229610069003,0.50280376047705422,0.5,-0.0033181559455010001,-0.0033236732331349507,-0.0033153614805034501,0.0028037604770542179,2.803760477054218e-06,3.2589477431105928e-06,1.1623488417721826,1.15849198705211,ABSTAIN,0,0.49999999999999989,0.49999999999999989,0.50280376047705422,0.5,-0.0033181559455010001,-0.0029865943257718999,-0.00033261013470431118,True,,0,[],0,[],0,393,0,0,,829f1210c2068d79646f15d6a12b7490b13f3c7c6be5a003833f2f60a6b42079,0,0,0,False,False,abstain,fixed,none,standard,0.49999999999999989,0.5,0.49999999999999989,0.5,0.49999999999999989,0.5
394,numerical_frozen_W,2022-01-30,2022-01-31,bear,0.0153200220477507,0.4983368051676666,0.5,0.0076583350889523061,0.0076291589067587016,0.00766001102387535,0.0016631948323334034,1.6631948323334035e-06,1.9267978861647255e-06,1.15849198705211,1.1673641068868212,ABSTAIN,0,0.49999999999999989,0.49999999999999989,0.4983368051676666,0.5,0.0076583350889523061,0.0068923525584865001,0.00076045003193568432,True,,0,[],0,[],0,394,0,0,,e55ba4bcd121a90ab6852611fb2af9bf476c62d8ae6637a1adc3f1622ec77e4a,0,0,0,False,False,abstain,fixed,none,standard,0.49999999999999989,0.5,0.49999999999999989,0.5,0.49999999999999989,0.5
395,numerical_frozen_W,2022-01-31,2022-02-01,bear,0.0054833162764360002,0.50380089064767597,0.5,0.0027378468268275391,0.0027341057509767466,0.0027416581382180001,0.0038008906476759696,3.8008906476759695e-06,4.4370233162987294e-06,1.1673641068868212,1.1705601710026137,ABSTAIN,0,0.5,0.5,0.50380089064767597,0.5,0.0027378468268275391,0.0024637172880730002,0.00027341843869278359,True,,0,[],0,[],0,395,0,0,,3b005619f949a4baa3f2ee6f0515b8af4df30efad3c250a44db835413e75840b,0,0,0,False,False,abstain,fixed,none,standard,0.5,0.5,0.5,0.5,0.5,0.5
396,numerical_frozen_W,2022-02-01,2022-02-02,bear,-0.047003722581161797,0.50136708100035876,0.5,-0.023503196242633195,-0.02378380183269899,-0.023501861290580899,0.0013670810003587608,1.3670810003587609e-06,1.6002505695543753e-06,1.1705601710026137,1.1430482655897289,ABSTAIN,0,0.49999999999999994,0.49999999999999994,0.50136708100035876,0.5,-0.023503196242633195,-0.0211530003071367,-0.0024038709336796915,True,,0,[],0,[],0,396,0,0,,a4e5e317295c4750deb200b3fff767d64d03a177765da4f001d834262f20e4eb,0,0,0,False,False,abstain,fixed,none,standard,0.49999999999999994,0.5,0.49999999999999994,0.5,0.49999999999999994,0.5
397,numerical_frozen_W,2022-02-02,2022-02-03,bear,0.010777930181999599,0.48796625392361626,0.5,0.0053768664954858547,0.0053624627570812277,0.0053889650909997996,0.012033746076383744,1.2033746076383744e-05,1.3755152581157647e-05,1.1430482655897289,1.1491942835117015,ABSTAIN,0,0.5,0.5,0.48796625392361626,0.5,0.0053768664954858547,0.0048381261349103996,0.00053600274144687422,True,,0,[],0,[],0,397,0,0,,9ac010a5b4652f9a1c6e031a1bd78798763f0619799257a89860f7d22eb12025,0,0,0,False,False,abstain,fixed,none,standard,0.5,0.5,0.5,0.5,0.5,0.5
398,numerical_frozen_W,2022-02-03,2022-02-04,bear,0.1147774875428422,0.50268003990401477,0.5,0.057385909927393675,0.055799739524637681,0.0573887437714211,0.0026800399040147749,2.6800399040147749e-06,3.0798865372770286e-06,1.1491942835117015,1.2151418431543797,ABSTAIN,0,0.50000000000000011,0.50000000000000011,0.50268003990401477,0.5,0.057385909927393675,0.051647077618886199,0.0054421590428882574,True,,0,[],0,[],0,398,0,0,,cba40cd8e33e109f617e762a693d50ff17833bae042c5ac2443a492535f23159,0,0,0,False,False,abstain,fixed,none,standard,0.50000000000000011,0.5,0.50000000000000011,0.5,0.50000000000000011,0.5
399,numerical_frozen_W,2022-02-04,2022-02-05,bear,-0.0037408943504074,0.52713701281079028,0.5,-0.0018975334296654767,-0.0018993360269104623,-0.0018704471752037,0.027137012810790284,2.7137012810790285e-05,3.2975319764607718e-05,1.2151418431543797,1.2128360708852088,ABSTAIN,0,0.5,0.5,0.52713701281079028,0.5,-0.0018975334296654767,-0.0017103692342292001,-0.00018750244126328371,True,,0,[],0,[],0,399,0,0,,8f40e7c6d1f11d9da0a0a81c46492551742cb4358b40b0524f7060502047ec3f,0,0,0,False,False,abstain,fixed,none,standard,0.5,0.5,0.5,0.5,0.5,0.5
400,numerical_frozen_W,2022-02-05,2022-02-06,bear,0.023666995878016201,0.49906302384800144,0.5,0.011832549875150589,0.011763092624258408,0.011833497939008101,0.00093697615199855866,9.3697615199855865e-07,1.1363984747030742e-06,1.2128360708852088,1.2271870141843397,ABSTAIN,0,0.49999999999999994,0.49999999999999994,0.49906302384800144,0.5,0.011832549875150589,0.010649210835218701,0.0011701852624356,True,,0,[],0,[],0,400,0,0,,c951e8571f730aaaea05d6807c6dd38a2f1f492e9bcc8abb10dec62226df3701,0,0,0,False,False,abstain,fixed,none,standard,0.49999999999999994,0.5,0.49999999999999994,0.5,0.49999999999999994,0.5
401,numerical_frozen_W,2022-02-06,2022-02-07,bear,0.034008614792343898,0.50584755197525666,0.5,0.016998360410625191,0.016855504882847216,0.017004307396171949,0.0058475519752566596,5.84755197525666e-06,7.1760398488029577e-06,1.2271870141843397,1.2480471813426841,ABSTAIN,0,0.5,0.5,0.50584755197525666,0.5,0.016998360410625191,0.0152979921027402,0.0016733471991401093,True,,0,[],0,[],0,401,0,0,,10717788bb6d9cba31d2776c6302d733d2c0eee1b839c47ae9536f429077e1bc,0,0,0,False,False,abstain,fixed,none,standard,0.5,0.5,0.5,0.5,0.5,0.5
402,numerical_frozen_W,2022-02-07,2022-02-08,bear,0.0046607762485196998,0.50835999772690643,0.5,0.0023220086444935006,0.0023193169483767761,0.0023303881242598499,0.0083599977269064318,8.3599977269064328e-06,1.0433671599096819e-05,1.2480471813426841,1.2509451576864976,ABSTAIN,0,0.49999999999999989,0.49999999999999989,0.50835999772690643,0.5,0.0023220086444935006,0.0020890416652056998,0.00023245429653846348,True,,0,[],0,[],0,402,0,0,,c9983cac56507d70b9305d0bd2ac2ca4aee5dbb6c6a6e34f4f3bf4d676494bb2,0,0,0,False,False,abstain,fixed,none,standard,0.49999999999999989,0.5,0.49999999999999989,0.5,0.49999999999999989,0.5
403,numerical_frozen_W,2022-02-08,2022-02-09,bear,0.0079635407441721994,0.50116248502084282,0.5,0.0039806032583169504,0.0039727016190864691,0.0039817703720860997,0.0011624850208428184,1.1624850208428183e-06,1.4542050077064109e-06,1.2509451576864976,1.2559246740571604,ABSTAIN,0,0.5,0.5,0.50116248502084282,0.5,0.0039806032583169504,0.0035824380818991002,0.00039666518404598509,True,,0,[],0,[],0,403,0,0,,b3c10333974c0e34628adcbbc166126dcfae011bed21ca730f4ab4d951d73549,0,0,0,False,False,abstain,fixed,none,standard,0.5,0.5,0.5,0.5,0.5,0.5
404,numerical_frozen_W,2022-02-09,2022-02-10,bear,-0.019552185343633201,0.50198298937769081,0.5,-0.0097780562753063682,-0.0098261753988349125,-0.0097760926718166007,0.0019829893776908136,1.9829893776908136e-06,2.4904852878351463e-06,1.2559246740571604,1.2436441719166835,ABSTAIN,0,0.49999999999999994,0.49999999999999994,0.50198298937769081,0.5,-0.0097780562753063682,-0.0088004300633334007,-0.00098679285004590715,True,,0,[],0,[],0,404,0,0,,63ae640d8360089c5647aa5b0581b48fd318ff78de767b8cdd78f791e9cc8ff6,0,0,0,False,False,abstain,fixed,none,standard,0.49999999999999994,0.5,0.49999999999999994,0.5,0.49999999999999994,0.5
405,numerical_frozen_W,2022-02-10,2022-02-11,bear,-0.026024218193515702,0.49506369589773164,0.5,-0.013016981169132635,-0.013102444528608247,-0.013012109096757851,0.0049363041022683629,4.9363041022683632e-06,6.1390058275944656e-06,1.2436441719166835,1.2274556791497424,ABSTAIN,0,0.49999999999999994,0.49999999999999994,0.49506369589773164,0.5,-0.013016981169132635,-0.0117157231341928,-0.0013175515293723881,True,,0,[],0,[],0,405,0,0,,34ee3a1aa7b72c8e1deefb646b04cb56385198c359aac795e387b0a845c0b616,0,0,0,False,False,abstain,fixed,none,standard,0.49999999999999994,0.5,0.49999999999999994,0.5,0.49999999999999994,0.5
406,numerical_frozen_W,2022-02-11,2022-02-12,bear,-0.0043219371337442003,0.49340817186477848,0.5,-0.0021675461502739246,-0.0021698986785211598,-0.0021609685668721001,0.0065918281352215224,6.5918281352215222e-06,8.0911768805567146e-06,1.2274556791497424,1.2247951123177696,ABSTAIN,0,0.49999999999999978,0.49999999999999978,0.49340817186477848,0.5,-0.0021675461502739246,-0.0019513763524846,-0.00021661591070913037,True,,0,[],0,[],0,406,0,0,,951f02eba82e352f2f7a8fc9140f09d34b52ace65622e7a63012aed5eaf80355,0,0,0,False,False,abstain,fixed,none,standard,0.49999999999999978,0.5,0.49999999999999978,0.5,0.49999999999999978,0.5
407,numerical_frozen_W,2022-02-12,2022-02-13,bear,-0.0034142712272421001,0.49891717576743394,0.5,-0.0017082165893258505,-0.0017096772549430401,-0.0017071356136210501,0.0010828242325660598,1.0828242325660597e-06,1.3262378275461497e-06,1.2247951123177696,1.2227028969883831,ABSTAIN,0,0.49999999999999983,0.49999999999999983,0.49891717576743394,0.5,-0.0017082165893258505,-0.0015374921694611,-0.00017100193151421521,True,,0,[],0,[],0,407,0,0,,8baeed429520f15d2fdd5334b8d83cf242981c658c1b831b04e6a806e6c4915e,0,0,0,False,False,abstain,fixed,none,standard,0.49999999999999983,0.5,0.49999999999999983,0.5,0.49999999999999983,0.5
408,numerical_frozen_W,2022-02-13,2022-02-14,bear,0.011630699149570701,0.49914497254537099,0.5,0.0058144895750471548,0.0057976506720920206,0.0058153495747853504,0.00085502745462900931,8.5502745462900934e-07,1.045444545779493e-06,1.2227028969883831,1.229812290236302,ABSTAIN,0,0.49999999999999989,0.49999999999999989,0.49914497254537099,0.5,0.0058144895750471548,0.0052329638553069999,0.00057833119249040433,True,,0,[],0,[],0,408,0,0,,004b54ead7b2b71fe9cb86d1db1f55a5de04e8f7c0fc8dd33a034ce19f327f21,0,0,0,False,False,abstain,fixed,none,standard,0.49999999999999989,0.5,0.49999999999999989,0.5,0.49999999999999989,0.5
409,numerical_frozen_W,2022-02-14,2022-02-15,bear,0.046864534445115499,0.50289086340611322,0.5,0.023429308619667744,0.023159055458034181,0.02343226722255775,0.0028908634061132199,2.8908634061132201e-06,3.555219346232416e-06,1.229812290236302,1.2586259419285086,ABSTAIN,0,0.49999999999999994,0.49999999999999994,0.50289086340611322,0.5,0.023429308619667744,0.021086116499072102,0.002292174583519848,True,,0,[],0,[],0,409,0,0,,94506eb231b64106ee655fe01d9baa946eda6c10880c2e2014dadff9a5c6dbb8,0,0,0,False,False,abstain,fixed,none,standard,0.49999999999999994,0.5,0.49999999999999994,0.5,0.49999999999999994,0.5
410,numerical_frozen_W,2022-02-15,2022-02-16,bear,-0.0148346369016083,0.51144788374034245,0.5,-0.0074286814219451935,-0.007456411493043609,-0.0074173184508041501,0.011447883740342446,1.1447883740342447e-05,1.440860345577657e-05,1.2586259419285086,1.2492760107765259,ABSTAIN,0,0.49999999999999989,0.49999999999999989,0.51144788374034245,0.5,-0.0074286814219451935,-0.0066868701881285996,-0.0007470840198386796,True,,0,[],0,[],0,410,0,0,,db6fa46c9f8b5521e07844c2b47b01d5a3cc47e2cecbb61225493a98f94d7e64,0,0,0,False,False,abstain,fixed,none,standard,0.49999999999999989,0.5,0.49999999999999989,0.5,0.49999999999999989,0.5
411,numerical_frozen_W,2022-02-16,2022-02-17,bear,-0.075900792095452405,0.49626362690550502,0.5,-0.03795399062398197,-0.038693002665897681,-0.037950396047726202,0.0037363730944949824,3.7363730944949827e-06,4.6677612742634361e-06,1.2492760107765259,1.2018610007767481,ABSTAIN,0,0.5,0.5,0.49626362690550502,0.5,-0.03795399062398197,-0.034158926443562901,-0.0039370242334459474,True,,0,[],0,[],0,411,0,0,,c48dfbe42b1513ab46a7eac1810da9eaa52cce091deb8c47f3db5a912f677e44,0,0,0,False,False,abstain,fixed,none,standard,0.5,0.5,0.5,0.5,0.5,0.5
412,numerical_frozen_W,2022-02-17,2022-02-18,bear,-0.0136291452131542,0.48027627895078429,0.5,-0.0068341619188971858,-0.0068576217500829198,-0.0068145726065770998,0.019723721049215714,1.9723721049215714e-05,2.3705171119251809e-05,1.2018610007767481,1.1936472880934319,ABSTAIN,0,0.49999999999999983,0.49999999999999983,0.48027627895078429,0.5,-0.0068341619188971858,-0.0061524458178133,-0.00068617164885352838,True,,0,[],0,[],0,412,0,0,,bcdc523c064cc5b5eb61ed7778c3e4b7a83227eb589e59a0e6b1d548c4fdcd1f,0,0,0,False,False,abstain,fixed,none,standard,0.49999999999999983,0.5,0.49999999999999983,0.5,0.49999999999999983,0.5
413,numerical_frozen_W,2022-02-18,2022-02-19,bear,0.0022549943625143,0.4965693351822219,0.5,0.001124062648374391,0.0011234313629809231,0.00112749718125715,0.0034306648177780952,3.4306648177780953e-06,4.0950037560983713e-06,1.1936472880934319,1.194989022425311,ABSTAIN,0,0.5,0.5,0.4965693351822219,0.5,0.001124062648374391,0.0010113499896344,0.00011259244319599066,True,,0,[],0,[],0,413,0,0,,375812c55ce43153202be8ab5590b94b6648c570bb125c5b3920ba65149dc568,0,0,0,False,False,abstain,fixed,none,standard,0.5,0.5,0.5,0.5,0.5,0.5
414,numerical_frozen_W,2022-02-19,2022-02-20,bear,-0.043284784598768299,0.50056311368153994,0.5,-0.021642943225938516,-0.021880586849957993,-0.021642392299384149,0.00056311368153993957,5.6311368153993959e-07,6.7291466781773026e-07,1.194989022425311,1.1691259428573402,ABSTAIN,0,0.49999999999999983,0.49999999999999983,0.50056311368153994,0.5,-0.021642943225938516,-0.019478699754829399,-0.0022096771287116353,True,,0,[],0,[],0,414,0,0,,217f4461fd717de27311a125c01817f4b73c0b558ac74edf4228d632caca4cc0,0,0,0,False,False,abstain,fixed,none,standard,0.49999999999999983,0.5,0.49999999999999983,0.5,0.49999999999999983,0.5
415,numerical_frozen_W,2022-02-20,2022-02-21,bear,-0.034866379872246098,0.48893942658132483,0.5,-0.017444057688464576,-0.017597998120192991,-0.017433189936123049,0.011060573418675168,1.1060573418675169e-05,1.293120332665144e-05,1.1691259428573402,1.1487316424650562,ABSTAIN,0,0.5,0.5,0.48893942658132483,0.5,-0.017444057688464576,-0.015700625316706299,-0.0017728124822483718,True,,0,[],0,[],0,415,0,0,,41ecb48abb0f153c273152f202507b33258e258ee798f1e57449150e5ea1c304,0,0,0,False,False,abstain,fixed,none,standard,0.5,0.5,0.5,0.5,0.5,0.5
416,numerical_frozen_W,2022-02-21,2022-02-22,bear,0.033240855050421701,0.49112875086072283,0.5,0.016611408832118313,0.016474948505680587,0.016620427525210851,0.0088712491392771708,8.8712491392771716e-06,1.0190684594478582e-05,1.1487316424650562,1.167813693416434,ABSTAIN,0,0.49999999999999983,0.49999999999999983,0.49112875086072283,0.5,0.016611408832118313,0.014949486650970199,0.0016361040966752973,True,,0,[],0,[],0,416,0,0,,a63b984d8ea5fc8c930397e10bc5b9e41eeb7fdfa683c2a44fe2fa05330989e0,0,0,0,False,False,abstain,fixed,none,standard,0.49999999999999983,0.5,0.49999999999999983,0.5,0.49999999999999983,0.5
417,numerical_frozen_W,2022-02-22,2022-02-23,bear,-0.026762043704017299,0.50817435252883447,0.5,-0.013389086823347718,-0.013479528844271704,-0.013381021852008649,0.0081743525288344721,8.1743525288344729e-06,9.5461208179861526e-06,1.167813693416434,1.152177734481787,ABSTAIN,0,0.49999999999999994,0.49999999999999994,0.50817435252883447,0.5,-0.013389086823347718,-0.0120509279096112,-0.0013553998142198567,True,,0,[],0,[],0,417,0,0,,8581d32a456de859688ffde4967b3fddde9dfc327d5e14a9c4f4c5a884b9ab1d,0,0,0,False,False,abstain,fixed,none,standard,0.49999999999999994,0.5,0.49999999999999994,0.5,0.49999999999999994,0.5
418,numerical_frozen_W,2022-02-23,2022-02-24,bear,0.029942564863020701,0.49321874900626456,0.5,0.014964399656492544,0.014853537648578857,0.014971282431510351,0.0067812509937354437,6.7812509937354442e-06,7.8132064069144701e-06,1.152177734481787,1.1694193825758845,ABSTAIN,0,0.49999999999999989,0.49999999999999989,0.49321874900626456,0.5,0.014964399656492544,0.0134673595072578,0.001476056972858221,True,,0,[],0,[],0,418,0,0,,2b17a1c7cb47f0290f6d8d54a52a4267eb356e13c3fb8df100ea9e3600420dda,0,0,0,False,False,abstain,fixed,none,standard,0.49999999999999989,0.5,0.49999999999999989,0.5,0.49999999999999989,0.5
419,numerical_frozen_W,2022-02-24,2022-02-25,bear,0.0227026124697438,0.50737522464460505,0.5,0.011343847291793718,0.011279988339781732,0.0113513062348719,0.0073752246446050496,7.3752246446050494e-06,8.6247306502524834e-06,1.1694193825758845,1.182685097471889,ABSTAIN,0,0.5,0.5,0.50737522464460505,0.5,0.011343847291793718,0.0102087886497619,0.0011229574151375502,True,,0,[],0,[],0,419,0,0,,a004cb2a2885cd703ace6ebda131463722c85239b31b300d94b057ee3ce30aa3,0,0,0,False,False,abstain,fixed,none,standard,0.5,0.5,0.5,0.5,0.5,0.5
420,numerical_frozen_W,2022-02-25,2022-02-26,bear,-0.0023999224679669001,0.50561195015267812,0.5,-0.0012055664500135732,-0.0012062937298277961,-0.0011999612339834501,0.0056119501526781246,5.6119501526781247e-06,6.6371698133275098e-06,1.182685097471889,1.1812592919974458,ABSTAIN,0,0.49999999999999989,0.49999999999999989,0.50561195015267812,0.5,-0.0012055664500135732,-0.0010855211772067999,-0.00012018294778360218,True,,0,[],0,[],0,420,0,0,,bcaebccde105f2d8901819100605286cb41dfb3e1b46acd321bd5dd68a3e285e,0,0,0,False,False,abstain,fixed,none,standard,0.49999999999999989,0.5,0.49999999999999989,0.5,0.49999999999999989,0.5
421,numerical_frozen_W,2022-02-26,2022-02-27,bear,-0.0364663624394422,0.49939929856457255,0.5,-0.018233770968458463,-0.018402054943519704,-0.0182331812197211,0.00060070143542745313,6.007014354274531e-07,7.0958415231488265e-07,1.1812592919974458,1.159720480612801,ABSTAIN,0,0.49999999999999994,0.49999999999999994,0.49939929856457255,0.5,-0.018233770968458463,-0.0164104479630501,-0.0018554640804224962,True,,0,[],0,[],0,421,0,0,,51af5d433aa3596de8ed86213fb23ad151ea40f3b30ba74c19268827c8cbfb0b,0,0,0,False,False,abstain,fixed,none,standard,0.49999999999999994,0.5,0.49999999999999994,0.5,0.49999999999999994,0.5
422,numerical_frozen_W,2022-02-27,2022-02-28,bear,0.14590690677145371,0.49071409785351394,0.5,0.072943490044951043,0.070405796879539614,0.072953453385726855,0.0092859021464860581,9.2859021464860583e-06,1.0769050900246252e-05,1.159720480612801,1.2443145399453066,ABSTAIN,0,0.5,0.5,0.49071409785351394,0.5,0.072943490044951043,0.065648329566612998,0.0068224227810054772,True,,0,[],0,[],0,422,0,0,,239a808e998c36a9551b05a08bbb66da6ab6e845d579d8ea369134a1dd0deaa1,0,0,0,False,False,abstain,fixed,none,standard,0.5,0.5,0.5,0.5,0.5,0.5
423,numerical_frozen_W,2022-02-28,2022-03-01,bear,0.028528625874660402,0.53399656022147135,0.5,0.014229831439534824,0.014129537710290178,0.014264312937330201,0.03399656022147135,3.399656022147135e-05,4.2302414191703033e-05,1.2443145399453066,1.2620209261064907,ABSTAIN,0,0.5,0.5,0.53399656022147135,0.5,0.014229831439534824,0.012803559603338,0.0014072506924417381,True,,0,[],0,[],0,423,0,0,,7878bc981e24aa25a6c9d646ebbb8c9dd1d1a2760d33c16a93647b213a23a279,0,0,0,False,False,abstain,fixed,none,standard,0.5,0.5,0.5,0.5,0.5,0.5
424,numerical_frozen_W,2022-03-01,2022-03-02,bear,-0.0114249566076771,0.50703185193217559,0.5,-0.0057194699864692167,-0.0057358887894295441,-0.0057124783038385498,0.0070318519321755923,7.0318519321755926e-06,8.8743442876879569e-06,1.2620209261064907,1.2548028352973286,ABSTAIN,0,0.49999999999999989,0.49999999999999989,0.50703185193217559,0.5,-0.0057194699864692167,-0.0051481659698966002,-0.00057442535510347174,True,,0,[],0,[],0,424,0,0,,5783e5c1906f9d5dbafb106122c38eb77c8e5a08b08a2799128e1166020f9d59,0,0,0,False,False,abstain,fixed,none,standard,0.49999999999999989,0.5,0.49999999999999989,0.5,0.49999999999999989,0.5
425,numerical_frozen_W,2022-03-02,2022-03-03,bear,-0.033015430580605201,0.49712735090243637,0.5,-0.01651054051852674,-0.016648358565336845,-0.016507715290302601,0.0028726490975636287,2.8726490975636288e-06,3.6046082324371537e-06,1.2548028352973286,1.2340853622423897,ABSTAIN,0,0.49999999999999994,0.49999999999999994,0.49712735090243637,0.5,-0.01651054051852674,-0.0148597438231616,-0.0016771026762058393,True,,0,[],0,[],0,425,0,0,,55ec4abb27598e401c3b2e3bf8db17e94e1d7244101aa7e30b05aee5d85e70f3,0,0,0,False,False,abstain,fixed,none,standard,0.49999999999999994,0.5,0.49999999999999994,0.5,0.49999999999999994,0.5
426,numerical_frozen_W,2022-03-03,2022-03-04,bear,-0.078192779596354497,0.49160760305548545,0.5,-0.039104454082699469,-0.03988956903352054,-0.039096389798177249,0.0083923969445145463,8.3923969445145457e-06,1.0356934223353159e-05,1.2340853622423897,1.1858271278604506,ABSTAIN,0,0.49999999999999994,0.49999999999999994,0.49160760305548545,0.5,-0.039104454082699469,-0.035194753510811999,-0.00406055391290637,True,,0,[],0,[],0,426,0,0,,51378eb3d8761130a801d5e87b3433a3ecbc09c4f649c4fd164a12e3254fbe72,0,0,0,False,False,abstain,fixed,none,standard,0.49999999999999994,0.5,0.49999999999999994,0.5,0.49999999999999994,0.5
427,numerical_frozen_W,2022-03-04,2022-03-05,bear,0.0064660843528936002,0.479656445566915,0.5,0.0032126328504442636,0.0032074833715042489,0.0032330421764468001,0.020343554433084998,2.0343554433084999e-05,2.4123938723857923e-05,1.1858271278604506,1.1896367550463631,ABSTAIN,0,0.49999999999999989,0.49999999999999989,0.479656445566915,0.5,0.0032126328504442636,0.0028896210871796001,0.00032202921403640767,True,,0,[],0,[],0,427,0,0,,d86e78fbbf7d9c2ac0232e8014f7a9dce07f30c4daacafc0f4d4a1dc378b2f78,0,0,0,False,False,abstain,fixed,none,standard,0.49999999999999989,0.5,0.49999999999999989,0.5,0.49999999999999989,0.5
428,numerical_frozen_W,2022-03-05,2022-03-06,bear,-0.025198117565831998,0.50161131164970052,0.5,-0.012600649793555463,-0.012680711243022983,-0.012599058782915999,0.0016113116497005198,1.6113116497005199e-06,1.9168755623181285e-06,1.1896367550463631,1.1746465589144821,ABSTAIN,0,0.49999999999999994,0.49999999999999994,0.50161131164970052,0.5,-0.012600649793555463,-0.011340730523364701,-0.0012751842767922059,True,,0,[],0,[],0,428,0,0,,9d5372afa91007dc412c86cdd5d2f1ac67e2700e2f7206bad18d2e8230a90abe,0,0,0,False,False,abstain,fixed,none,standard,0.49999999999999994,0.5,0.49999999999999994,0.5,0.49999999999999994,0.5
429,numerical_frozen_W,2022-03-06,2022-03-07,bear,-0.0098507672557681999,0.49362008974419946,0.5,-0.0049317321146342685,-0.0049439332371011132,-0.0049253836278840999,0.0063799102558005361,6.3799102558005361e-06,7.4941396281593126e-06,1.1746465589144821,1.1688535167565388,ABSTAIN,0,0.49999999999999989,0.49999999999999989,0.49362008974419946,0.5,-0.0049317321146342685,-0.0044391253646112998,-0.00049492569917324817,True,,0,[],0,[],0,429,0,0,,d97f52215a45a4498a23a519fd580903eee952f8f8749b339cd2f7f7e4ce8db2,0,0,0,False,False,abstain,fixed,none,standard,0.49999999999999989,0.5,0.49999999999999989,0.5,0.49999999999999989,0.5
430,numerical_frozen_W,2022-03-07,2022-03-08,bear,0.018935010835033898,0.49752511844496583,0.5,0.0094650071050073059,0.0094204945790796434,0.0094675054175169492,0.0024748815550341696,2.4748815550341696e-06,2.8927740091575809e-06,1.1688535167565388,1.1799167235973522,ABSTAIN,0,0.49999999999999983,0.49999999999999983,0.49752511844496583,0.5,0.0094650071050073059,0.0085182850885313997,0.00093828535607253308,True,,0,[],0,[],0,430,0,0,,52304954a85e84207a38f73c1f33537b5afcfa1bd5d4262e0502cec53e40a170,0,0,0,False,False,abstain,fixed,none,standard,0.49999999999999983,0.5,0.49999999999999983,0.5,0.49999999999999983,0.5
431,numerical_frozen_W,2022-03-08,2022-03-09,bear,0.082183931779232305,0.50468935620349731,0.5,0.041087083838547533,0.040265440157609848,0.041091965889616153,0.004689356203497308,4.6893562034973083e-06,5.5330498074114617e-06,1.1799167235973522,1.228396060942301,ABSTAIN,0,0.49999999999999994,0.49999999999999994,0.50468935620349731,0.5,0.041087083838547533,0.036977950627593299,0.0039547737904742641,True,,0,[],0,[],0,431,0,0,,0518ef5de0521ddc45b4e53752eb9a75fa4a907255ea85409930eae17fdebd87,0,0,0,False,False,abstain,fixed,none,standard,0.49999999999999994,0.5,0.49999999999999994,0.5,0.49999999999999994,0.5
432,numerical_frozen_W,2022-03-09,2022-03-10,bear,-0.059927496482148297,0.51973503169554436,0.5,-0.029982891937248457,-0.03044157046214737,-0.029963748241074149,0.019735031695544358,1.9735031695544359e-05,2.4242435197378148e-05,1.228396060942301,1.1915651945909262,ABSTAIN,0,0.5,0.5,0.51973503169554436,0.5,-0.029982891937248457,-0.026986459551489799,-0.0030842897547053889,True,,0,[],0,[],0,432,0,0,,a27067c33787360be0492e9adca99587cdffcf7ae303c68b08a4aec365d6d3ed,0,0,0,False,False,abstain,fixed,none,standard,0.5,0.5,0.5,0.5,0.5,0.5
433,numerical_frozen_W,2022-03-10,2022-03-11,bear,-0.017406504415685999,0.48455534616013463,0.5,-0.0087185624429652053,-0.0087567914721478901,-0.0087032522078429996,0.015444653839865374,1.5444653839865374e-05,1.8403311958088681e-05,1.1915651945909262,1.1811764590370213,ABSTAIN,0,0.5,0.5,0.48455534616013463,0.5,-0.0087185624429652053,-0.0078480507111461009,-0.00087778273118383453,True,,0,[],0,[],0,433,0,0,,b4fa9de799b887c9b75af3139f6dc45f473e98ce942cb28872cb4a3fe3d39d29,0,0,0,False,False,abstain,fixed,none,standard,0.5,0.5,0.5,0.5,0.5,0.5
434,numerical_frozen_W,2022-03-11,2022-03-12,bear,0.0021714321124083999,0.49561016808174385,0.5,0.0010813214581748554,0.0010807372512326417,0.0010857160562042,0.0043898319182561485,4.3898319182561485e-06,5.1851661209734914e-06,1.1811764590370213,1.1824536904880689,ABSTAIN,0,0.49999999999999989,0.49999999999999989,0.49561016808174385,0.5,0.0010813214581748554,0.00097279808634140005,0.00010841202630869579,True,,0,[],0,[],0,434,0,0,,c84aa457b787c4ccf3aa448d860b8b92d4ae9651db5df738da850d5528f29bb4,0,0,0,False,False,abstain,fixed,none,standard,0.49999999999999989,0.5,0.49999999999999989,0.5,0.49999999999999989,0.5
435,numerical_frozen_W,2022-03-12,2022-03-13,bear,-0.026327925532600101,0.50054226927764067,0.5,-0.013164497897165117,-0.013251917974867486,-0.013163962766300051,0.00054226927764067234,5.4226927764067234e-07,6.412083085845123e-07,1.1824536904880689,1.1668872813661435,ABSTAIN,0,0.49999999999999989,0.49999999999999989,0.50054226927764067,0.5,-0.013164497897165117,-0.0118480970334687,-0.0013330728644280528,True,,0,[],0,[],0,435,0,0,,feb95a668fdcc0f39fd73ec21bd6f6ea33b8ac63e82d45e9d6d655dc0fcf2c8e,0,0,0,False,False,abstain,fixed,none,standard,0.49999999999999989,0.5,0.49999999999999989,0.5,0.49999999999999989,0.5
436,numerical_frozen_W,2022-03-13,2022-03-14,bear,0.0497110530159501,0.49333021785300762,0.5,0.024848690944881069,0.024544983103315075,0.02485552650797505,0.0066697821469923757,6.6697821469923757e-06,7.7828839568083747e-06,1.1668872813661435,1.1958829027883233,ABSTAIN,0,0.5,0.5,0.49333021785300762,0.5,0.024848690944881069,0.0223632320552982,0.0024281414960718138,True,,0,[],0,[],0,436,0,0,,df46443dc7b2f268ca406829d823ffcd35ab7d029af686653db827d29d984159,0,0,0,False,False,abstain,fixed,none,standard,0.5,0.5,0.5,0.5,0.5,0.5
437,numerical_frozen_W,2022-03-14,2022-03-15,bear,-0.0097148806057810004,0.51212635628392722,0.5,-0.0048695077561226041,-0.0048814024388928994,-0.0048574403028905002,0.01212635628392722,1.212635628392722e-05,1.4501702153068309e-05,1.1958829027883233,1.1900595417177811,ABSTAIN,0,0.49999999999999989,0.49999999999999989,0.51212635628392722,0.5,-0.0048695077561226041,-0.0043836779415005996,-0.00048808800875784712,True,,0,[],0,[],0,437,0,0,,425b3fc8c5d1ba6fb9d8e30aa27a0412d1054841eeec5e0c5541e04a7cdc5e1f,0,0,0,False,False,abstain,fixed,none,standard,0.49999999999999989,0.5,0.49999999999999989,0.5,0.49999999999999989,0.5
438,numerical_frozen_W,2022-03-15,2022-03-16,bear,0.046658198784799501,0.49755942490070521,0.5,0.023326601880881315,0.023058694942795686,0.023329099392399751,0.002440575099294795,2.440575099294795e-06,2.904429684194592e-06,1.1900595417177811,1.2178195868619759,ABSTAIN,0,0.49999999999999994,0.49999999999999994,0.49755942490070521,0.5,0.023326601880881315,0.020993723757005402,0.0022823029319470958,True,,0,[],0,[],0,438,0,0,,7ae9df6e1f052690ab1f81472901b70888004baca862ae0a8e191e7981365d69,0,0,0,False,False,abstain,fixed,none,standard,0.49999999999999994,0.5,0.49999999999999994,0.5,0.49999999999999994,0.5
439,numerical_frozen_W,2022-03-16,2022-03-17,bear,-0.0049588143594031997,0.51139862992572549,0.5,-0.0024907775477824856,-0.0024938846947256668,-0.0024794071797015998,0.01139862992572549,1.139862992572549e-05,1.3881474786939571e-05,1.2178195868619759,1.2147862691777704,ABSTAIN,0,0.5,0.5,0.51139862992572549,0.5,-0.0024907775477824856,-0.0022427516511938001,-0.00024861430941265032,True,,0,[],0,[],0,439,0,0,,0620ea61d40c33fd5e88ebb19d354a0ad987f73f0509b8c4161ad28c62b25399,0,0,0,False,False,abstain,fixed,none,standard,0.5,0.5,0.5,0.5,0.5,0.5
440,numerical_frozen_W,2022-03-17,2022-03-18,bear,0.0208482016287505,0.4987572150401971,0.5,0.010422845074499643,0.010368901729758667,0.01042410081437525,0.0012427849598029006,1.2427849598029006e-06,1.5097181047092109e-06,1.2147862691777704,1.2274477982600398,ABSTAIN,0,0.49999999999999978,0.49999999999999978,0.4987572150401971,0.5,0.010422845074499643,0.0093804491416038006,0.0010321757850648965,True,,0,[],0,[],0,440,0,0,,dfd225c783dbe3773b5418e7e2d1c42fbcc8fa16c3921f37b566d45b5b3bc516,0,0,0,False,False,abstain,fixed,none,standard,0.49999999999999978,0.5,0.49999999999999978,0.5,0.49999999999999978,0.5
441,numerical_frozen_W,2022-03-18,2022-03-19,bear,0.0111377664133613,0.50515827997668195,0.5,0.0055636962008451807,0.0055482760121944152,0.0055688832066806502,0.0051582799766819454,5.1582799766819458e-06,6.331519400187104e-06,1.2274477982600398,1.2342769449119551,ABSTAIN,0,0.49999999999999994,0.49999999999999994,0.50515827997668195,0.5,0.0055636962008451807,0.0050068572938677001,0.0005539113464553035,True,,0,[],0,[],0,441,0,0,,ec3989127fa26dcae8a1f1dbbe14a257ba149cba0d1bd2e275fbea6f56099488,0,0,0,False,False,abstain,fixed,none,standard,0.49999999999999994,0.5,0.49999999999999994,0.5,0.49999999999999994,0.5
442,numerical_frozen_W,2022-03-19,2022-03-20,bear,-0.022660005209196601,0.50276902124741663,0.5,-0.011332740252827711,-0.011397445073413438,-0.011330002604598301,0.0027690212474166254,2.7690212474166256e-06,3.4177390856576835e-06,1.2342769449119551,1.2202892048952141,ABSTAIN,0,0.49999999999999983,0.49999999999999983,0.50276902124741663,0.5,-0.011332740252827711,-0.010199717225327099,-0.0011453542977188785,True,,0,[],0,[],0,442,0,0,,2102505b68918a229072f59a1bfd4693ddfa46d190404202d1194d596f939866,0,0,0,False,False,abstain,fixed,none,standard,0.49999999999999983,0.5,0.49999999999999983,0.5,0.49999999999999983,0.5
443,numerical_frozen_W,2022-03-20,2022-03-21,bear,-0.0061536970636688997,0.49427007867415484,0.5,-0.003082560823060243,-0.0030873216999867093,-0.0030768485318344498,0.0057299213258451553,5.7299213258451552e-06,6.9921611388277155e-06,1.2202892048952141,1.2165275891994007,ABSTAIN,0,0.49999999999999994,0.49999999999999994,0.49427007867415484,0.5,-0.003082560823060243,-0.0027748141170309002,-0.00030865064976305515,True,,0,[],0,[],0,443,0,0,,77cd4cbc7a5758a516a0b71fca2d332616ef3c5728fedf985f1ad85a721050ad,0,0,0,False,False,abstain,fixed,none,standard,0.49999999999999994,0.5,0.49999999999999994,0.5,0.49999999999999994,0.5
444,numerical_frozen_W,2022-03-21,2022-03-22,bear,0.032933547852371702,0.49845682762643079,0.5,0.016465205342741651,0.016331123635914897,0.016466773926185851,0.0015431723735692127,1.5431723735692127e-06,1.8773117673372712e-06,1.2165275891994007,1.2365579657606793,ABSTAIN,0,0.49999999999999994,0.49999999999999994,0.49845682762643079,0.5,0.016465205342741651,0.014818546630007,0.0016212989168425292,True,,0,[],0,[],0,444,0,0,,65b73ae293b2490c02cf641ecd358e6c039ebeec1f38fd6e823f54ef5cff4d00,0,0,0,False,False,abstain,fixed,none,standard,0.49999999999999994,0.5,0.49999999999999994,0.5,0.49999999999999994,0.5
445,numerical_frozen_W,2022-03-22,2022-03-23,bear,0.012720364382979601,0.50810000599556326,0.5,0.0063520306679802907,0.0063319415474373877,0.0063601821914898004,0.0081000059955632642,8.1000059955632636e-06,1.0016126936523017e-05,1.2365579657606793,1.2444126198819265,ABSTAIN,0,0.5,0.5,0.50810000599556326,0.5,0.0063520306679802907,0.0057160859779396998,0.00063213039951854656,True,,0,[],0,[],0,445,0,0,,bd6360565c3bb253e8af79c3c9ef5ace2a5c99cf26f1f81ff095346fc9eebc76,0,0,0,False,False,abstain,fixed,none,standard,0.5,0.5,0.5,0.5,0.5,0.5
446,numerical_frozen_W,2022-03-23,2022-03-24,bear,0.025657158836688902,0.50315999296476521,0.5,0.012825378887159067,0.012743830236754239,0.012828579418344451,0.0031599929647652125,3.1599929647652127e-06,3.932335124091934e-06,1.2444126198819265,1.2603726832238744,ABSTAIN,0,0.5,0.5,0.50315999296476521,0.5,0.012825378887159067,0.0115425549626879,0.0012673823515310621,True,,0,[],0,[],0,446,0,0,,b1b799662f2d07a740570658d8a3e71b3644a1fb8a9b134e10ecb1afe1b96a8c,0,0,0,False,False,abstain,fixed,none,standard,0.5,0.5,0.5,0.5,0.5,0.5
447,numerical_frozen_W,2022-03-24,2022-03-25,mix,0.0072251380274011004,0.50633304572907678,0.5,0.0036062130894067845,0.0035997262934849526,0.0036125690137005502,0.0063330457290767805,6.3330457290767805e-06,7.9819978385359999e-06,1.2603726832238744,1.2649178556916472,ABSTAIN,0,0.5,0.5,0.50633304572907678,0.5,0.0036062130894067845,0.0032450140350552001,0.00035996595399784021,True,,0,[],0,[],0,447,0,0,,82d22e64eb9c4a9596aef0f4131f1f38708b1aa4c61e52db99f20881f774a872,0,0,0,False,False,abstain,fixed,none,standard,0.5,0.5,0.5,0.5,0.5,0.5
448,numerical_frozen_W,2022-03-25,2022-03-26,mix,0.0048949944733933,0.50179978266775338,0.5,0.0024456930490657225,0.0024427072091283471,0.00244749723669665,0.0017997826677533801,1.7997826677533801e-06,2.2765772328055981e-06,1.2649178556916472,1.2680114564989513,ABSTAIN,0,0.49999999999999989,0.49999999999999989,0.50179978266775338,0.5,0.0024456930490657225,0.0023991616507559,4.6418951779831925e-05,True,,0,[],0,[],0,448,0,0,,e141c8c2ddda7d97397aa640affc9cb6f393b2df53c22114063f10f74b263a56,0,0,0,False,False,abstain,fixed,none,standard,0.49999999999999989,0.5,0.49999999999999989,0.5,0.49999999999999989,0.5
449,numerical_frozen_W,2022-03-26,2022-03-27,mix,0.051876627458022899,0.50122076080964018,0.5,0.025937061303724862,0.025606401108419719,0.025938313729011449,0.0012207608096401756,1.2207608096401757e-06,1.5479386922686782e-06,1.2680114564989513,1.30089994737999,ABSTAIN,0,0.49999999999999989,0.49999999999999989,0.50122076080964018,0.5,0.025937061303724862,0.0259370613037248,6.2450045135165055e-17,True,,0,[],0,[],0,449,0,0,,11f8de9c81720bac11687ab6989eb07e72c2562ae2228a5bc15ac9c32cfd3e4a,0,0,0,False,False,abstain,fixed,none,standard,0.49999999999999989,0.5,0.49999999999999989,0.5,0.49999999999999989,0.5
450,numerical_frozen_W,2022-03-27,2022-03-28,mix,0.0052497919289783996,0.51264126379817743,0.5,0.0026122215186887843,0.0026088155981140748,0.0026248959644891998,0.012641263798177427,1.2641263798177428e-05,1.6445019409865587e-05,1.30089994737999,1.3042981862161971,ABSTAIN,0,0.49999999999999994,0.49999999999999994,0.51264126379817743,0.5,0.0026122215186887843,0.0026122215186887001,8.4134088584875144e-17,True,,0,[],0,[],0,450,0,0,,09483cab4bc36f09186fd9ce51ab9e0e71efd47605a5582172bdc71c0dae9030,0,0,0,False,False,abstain,fixed,none,standard,0.49999999999999994,0.5,0.49999999999999994,0.5,0.49999999999999994,0.5
451,numerical_frozen_W,2022-03-28,2022-03-29,mix,0.0073028340940453004,0.50130901196202804,0.5,0.0036501032553120094,0.0036434577945940339,0.0036514170470226502,0.0013090119620280394,1.3090119620280394e-06,1.7073419278084774e-06,1.3042981862161971,1.3090590092716023,ABSTAIN,0,0.49999999999999994,0.49999999999999994,0.50130901196202804,0.5,0.0036501032553120094,0.0036501032553121998,-1.8951853975046618e-16,True,,0,[],0,[],0,451,0,0,,c644c9e9f66a4755661aba735a9d9589ad7667f3e77b1de2f0a9e42f1b78bd42,0,0,0,False,False,abstain,fixed,none,standard,0.49999999999999994,0.5,0.49999999999999994,0.5,0.49999999999999994,0.5
452,numerical_frozen_W,2022-03-29,2022-03-30,mix,-0.0078821471474635994,0.50181906635361817,0.5,-0.0039428854710110706,-0.003950679137030305,-0.0039410735737317997,0.0018190663536181706,1.8190663536181707e-06,2.3812651986667087e-06,1.3090590092716023,1.3038975395232493,ABSTAIN,0,0.49999999999999994,0.49999999999999994,0.50181906635361817,0.5,-0.0039428854710110706,-0.0039428854710110003,-7.0256300777060687e-17,True,,0,[],0,[],0,452,0,0,,c3cce4726aad1506ae88398b31174cdbcdbc0115c70c335a0257e39fbf06c353,0,0,0,False,False,abstain,fixed,none,standard,0.49999999999999994,0.5,0.49999999999999994,0.5,0.49999999999999994,0.5
453,numerical_frozen_W,2022-03-30,2022-03-31,mix,-0.032926181625066303,0.49802166645508017,0.5,-0.016465036576593262,-0.016602091786529501,-0.016463090812533152,0.0019783335449198303,1.9783335449198302e-06,2.579544241577274e-06,1.3038975395232493,1.282428818842869,ABSTAIN,0,0.49999999999999983,0.49999999999999983,0.49802166645508017,0.5,-0.016465036576593262,-0.016465036576593199,-6.591949208711867e-17,True,,0,[],0,[],0,453,0,0,,58516075f1372ad18409f35732d6a23f7d0aa6625c4e1ab052f1beb721bfab62,0,0,0,False,False,abstain,fixed,none,standard,0.49999999999999983,0.5,0.49999999999999983,0.5,0.49999999999999983,0.5
454,numerical_frozen_W,2022-03-31,2022-04-01,mix,0.016957715540911501,0.49163066954643631,0.5,0.0084704174776395469,0.0084347447916595878,0.0084788577704557506,0.0083693304535636948,8.3693304535636952e-06,1.0733070568069341e-05,1.282428818842869,1.2932915263238243,ABSTAIN,0,0.49999999999999994,0.49999999999999994,0.49163066954643631,0.5,0.0084704174776395469,0.0084704174776395001,4.5102810375396984e-17,True,,0,[],0,[],0,454,0,0,,42f223768fa03ca1f51133f64e43397a161dfb9323dfaa5a0b380e51b54c7852,0,0,0,False,False,abstain,fixed,none,standard,0.49999999999999994,0.5,0.49999999999999994,0.5,0.49999999999999994,0.5
455,numerical_frozen_W,2022-04-01,2022-04-02,mix,-0.0104974404389053,0.50420378558515389,0.5,-0.0052529019405433974,-0.0052667469354923556,-0.0052487202194526498,0.0042037855851538852,4.2037855851538856e-06,5.4367202757617595e-06,1.2932915263238243,1.2864979927555096,ABSTAIN,0,0.49999999999999989,0.49999999999999989,0.50420378558515389,0.5,-0.0052529019405433974,-0.0052529019405433003,-9.7144514654701197e-17,True,,0,[],0,[],0,455,0,0,,ea816428d676321aceb00f5ec79c89ecfb5410a1a893b9f310ae2d8318ff85f5,0,0,0,False,False,abstain,fixed,none,standard,0.49999999999999989,0.5,0.49999999999999989,0.5,0.49999999999999989,0.5
456,numerical_frozen_W,2022-04-02,2022-04-03,mix,0.013009975770011501,0.49736179267816044,0.5,0.0065023325161770451,0.0064812835477581054,0.0065049878850057504,0.0026382073218395585,2.6382073218395585e-06,3.3940484240194808e-06,1.2864979927555096,1.2948632304858003,ABSTAIN,0,0.49999999999999983,0.49999999999999983,0.49736179267816044,0.5,0.0065023325161770451,0.0065023325161772004,-1.5439038936193583e-16,True,,0,[],0,[],0,456,0,0,,634a42f9167c9df6c68f8e171f0e07f20407cacb7c21890b169a61cccbb42e64,0,0,0,False,False,abstain,fixed,none,standard,0.49999999999999983,0.5,0.49999999999999983,0.5,0.49999999999999983,0.5
457,numerical_frozen_W,2022-04-03,2022-04-04,mix,0.0047837610705280999,0.50323147324817286,0.5,0.0023886413327178779,0.00238579306376996,0.00239188053526405,0.0032314732481728559,3.231473248172856e-06,4.1843158893575464e-06,1.2948632304858003,1.2979561943183553,ABSTAIN,0,0.49999999999999989,0.49999999999999989,0.50323147324817286,0.5,0.0023886413327178779,0.0023886413327177999,7.7628875549962117e-17,True,,0,[],0,[],0,457,0,0,,7f1ea3293441590e03a8ce0bc2a5c6855191c1c56ffb3ab693e716e12eceff5e,0,0,0,False,False,abstain,fixed,none,standard,0.49999999999999989,0.5,0.49999999999999989,0.5,0.49999999999999989,0.5
458,numerical_frozen_W,2022-04-04,2022-04-05,mix,-0.024083724720667402,0.50119308654714301,0.5,-0.012043041079896843,-0.012116146029250575,-0.012041862360333701,0.0011930865471430074,1.1930865471430074e-06,1.5485740742221649e-06,1.2979561943183553,1.2823248545502728,ABSTAIN,0,0.49999999999999972,0.49999999999999972,0.50119308654714301,0.5,-0.012043041079896843,-0.012043041079896901,5.7245874707234634e-17,True,,0,[],0,[],0,458,0,0,,af8c72fc706503ed6dda90d9336edad8642a4534ef9ed6f783cf80f63e8903f5,0,0,0,False,False,abstain,fixed,none,standard,0.49999999999999972,0.5,0.49999999999999972,0.5,0.49999999999999972,0.5
459,numerical_frozen_W,2022-04-05,2022-04-06,mix,-0.051267964664000201,0.49390568187985018,0.5,-0.025639920428477181,-0.025974352106814765,-0.025633982332000101,0.006094318120149822,6.0943181201498223e-06,7.8148955970042118e-06,1.2823248545502728,1.2494461473161451,ABSTAIN,0,0.5,0.5,0.49390568187985018,0.5,-0.025639920428477181,-0.025639920428477202,2.0816681711721685e-17,True,,0,[],0,[],0,459,0,0,,cee07bedf0acf0f9e647fefb941e99fda7a3027054f65ae4d511dd8e91b5fcb8,0,0,0,False,False,abstain,fixed,none,standard,0.5,0.5,0.5,0.5,0.5,0.5
460,numerical_frozen_W,2022-04-06,2022-04-07,mix,0.0063697218168763002,0.486845814679913,0.5,0.0031716648288675486,0.0031666457098162119,0.0031848609084381501,0.013154185320086997,1.3154185320086997e-05,1.6435446169265292e-05,1.2494461473161451,1.2534089717171517,ABSTAIN,0,0.49999999999999989,0.49999999999999989,0.486845814679913,0.5,0.0031716648288675486,0.0031716648288675001,4.8138576458356397e-17,True,,0,[],0,[],0,460,0,0,,7c237b55705aabad767bced8a07ea839c62e785b50f816caea1930efac4bf4ac,0,0,0,False,False,abstain,fixed,none,standard,0.49999999999999989,0.5,0.49999999999999989,0.5,0.49999999999999989,0.5
461,numerical_frozen_W,2022-04-07,2022-04-08,mix,-0.026997790462161601,0.50158737488599758,0.5,-0.013500461178159506,-0.013592421008840866,-0.013498895231080801,0.0015873748859975834,1.5873748859975834e-06,1.9896299235878618e-06,1.2534089717171517,1.2364873725541274,ABSTAIN,0,0.49999999999999989,0.49999999999999989,0.50158737488599758,0.5,-0.013500461178159506,-0.013500461178159499,-6.9388939039072284e-18,True,,0,[],0,[],0,461,0,0,,1919d61feb1b87f9f93865790ae41ea28895304b15339c7783827419a7a5019f,0,0,0,False,False,abstain,fixed,none,standard,0.49999999999999989,0.5,0.49999999999999989,0.5,0.49999999999999989,0.5
462,numerical_frozen_W,2022-04-08,2022-04-09,mix,0.0116380839739798,0.49315819558344909,0.5,0.0058121603698262359,0.0057953349290380263,0.0058190419869899,0.0068418044165509118,6.8418044165509121e-06,8.459804766550261e-06,1.2364873725541274,1.2436740354586771,ABSTAIN,0,0.5,0.5,0.49315819558344909,0.5,0.0058121603698262359,0.0058121603698262003,3.5561831257524545e-17,True,,0,[],0,[],0,462,0,0,,4890c2e558bfd52bf42fca6dc3c751edda7bdbc7d95ba03642ff4e1e42758063,0,0,0,False,False,abstain,fixed,none,standard,0.5,0.5,0.5,0.5,0.5,0.5
463,numerical_frozen_W,2022-04-09,2022-04-10,mix,-0.014707601655481999,0.50289268831871303,0.5,-0.0073566722438059839,-0.007383866009557722,-0.0073538008277409996,0.0028926883187130326,2.8926883187130328e-06,3.5975613546580132e-06,1.2436740354586771,1.234524733201676,ABSTAIN,0,0.49999999999999994,0.49999999999999994,0.50289268831871303,0.5,-0.0073566722438059839,-0.0066709633672200003,-0.00069055231193615018,True,,0,[],0,[],0,463,0,0,,4f46470cb5aef32b02584b1f1033d6ed1b44a41d073a5daff79a868b0845623c,0,0,0,False,False,abstain,fixed,none,standard,0.49999999999999994,0.5,0.49999999999999994,0.5,0.49999999999999994,0.5
464,numerical_frozen_W,2022-04-10,2022-04-11,mix,-0.062675020171816295,0.49629586007891169,0.5,-0.031341098147307123,-0.031842739533537376,-0.031337510085908148,0.0037041399210883119,3.7041399210883122e-06,4.5728523478232262e-06,1.234524733201676,1.195833372373124,ABSTAIN,0,0.5,0.5,0.49629586007891169,0.5,-0.031341098147307123,-0.0313894927615819,4.9961677046822528e-05,True,,0,[],0,[],0,464,0,0,,1f3a365405f58ea7b9336873876d0cdffc08504fb0ed9f70f78d67da062fcb54,0,0,0,False,False,abstain,fixed,none,standard,0.5,0.5,0.5,0.5,0.5,0.5
465,numerical_frozen_W,2022-04-11,2022-04-12,mix,0.0147099779730106,0.48382434005022362,0.5,0.007338694354754649,0.007311897161745586,0.0073549889865053,0.016175659949776378,1.6175659949776376e-05,1.9343393988101964e-05,1.195833372373124,1.2046092279921858,ABSTAIN,0,0.49999999999999994,0.49999999999999994,0.48382434005022362,0.5,0.007338694354754649,0.0073386943547548,-1.5005358067199381e-16,True,,0,[],0,[],0,465,0,0,,1a049d30847bf7e7b9dca343a088c6b49b9652942cf14e72b07583692544c9a5,0,0,0,False,False,abstain,fixed,none,standard,0.49999999999999994,0.5,0.49999999999999994,0.5,0.49999999999999994,0.5
466,numerical_frozen_W,2022-04-12,2022-04-13,bear,0.026323668845750801,0.50365064404649706,0.5,0.013158135729656406,0.013072319430361972,0.0131618344228754,0.0036506440464970646,3.6506440464970649e-06,4.3975995065250983e-06,1.2046092279921858,1.2204596397153036,ABSTAIN,0,0.49999999999999989,0.49999999999999989,0.50365064404649706,0.5,0.013158135729656406,0.011791364809737101,0.0013499310744414759,True,,0,[],0,[],0,466,0,0,,456b54b107656249cab13f1dc27ecbadcdafd9b8d39bea585fec7ed9a16a4c91,0,0,0,False,False,abstain,fixed,none,standard,0.49999999999999989,0.5,0.49999999999999989,0.5,0.49999999999999989,0.5
467,numerical_frozen_W,2022-04-13,2022-04-14,mix,-0.0291007220479906,0.50649542549654603,0.5,-0.01455676193870592,-0.014663751144745338,-0.0145503610239953,0.0064954254965460256,6.4954254965460261e-06,7.92740466131216e-06,1.2204596397153036,1.202693699284169,ABSTAIN,0,0.49999999999999989,0.49999999999999989,0.50649542549654603,0.5,-0.01455676193870592,-0.0131016794387857,-0.0014754876076539039,True,,0,[],0,[],0,467,0,0,,acf3beb5656812544ae75dd221ff003b3396e8429bbed8787bb48df584bd2798,0,0,0,False,False,abstain,fixed,none,standard,0.49999999999999989,0.5,0.49999999999999989,0.5,0.49999999999999989,0.5
468,numerical_frozen_W,2022-04-14,2022-04-15,mix,0.015625,0.4926173999925989,0.5,0.0078050597234300412,0.0077747578147960225,0.0078125,0.0073826000074010967,7.3826000074010972e-06,8.8790065132365588e-06,1.202693699284169,1.2120807954360751,ABSTAIN,0,0.49999999999999983,0.49999999999999983,0.4926173999925989,0.5,0.0078050597234300412,0.0070239006875822,0.00077540981426878815,True,,0,[],0,[],0,468,0,0,,86ea3f1ef6bd82b7bafc4299ed5dbe8f7e789e32ebcac9a01bc57237d3165563,0,0,0,False,False,abstain,fixed,none,standard,0.49999999999999983,0.5,0.49999999999999983,0.5,0.49999999999999983,0.5
469,numerical_frozen_W,2022-04-15,2022-04-16,bear,-0.0043885601577908001,0.50387596899224807,0.5,-0.0021981475429261321,-0.0022005670154583395,-0.0021942800788954,0.0038759689922480689,3.8759689922480688e-06,4.6979875792096014e-06,1.2120807954360751,1.2094164630137594,ABSTAIN,0,0.49999999999999989,0.49999999999999989,0.50387596899224807,0.5,-0.0021981475429261321,-0.0019786846733970001,-0.00021992215939389262,True,,0,[],0,[],0,469,0,0,,e1e342789ce889c69c51bcab481107bcc39222ff329bd10c4756f10b8c6e4162,0,0,0,False,False,abstain,fixed,none,standard,0.49999999999999989,0.5,0.49999999999999989,0.5,0.49999999999999989,0.5
470,numerical_frozen_W,2022-04-16,2022-04-17,mix,-0.0168144222673468,0.49890044723382182,0.5,-0.0084083014422673408,-0.0084438506212391653,-0.0084072111336734,0.0010995527661781801,1.0995527661781802e-06,1.3298172173682097e-06,1.2094164630137594,1.1992473248234989,ABSTAIN,0,0.5,0.5,0.49890044723382182,0.5,-0.0084083014422673408,-0.0075675701034654003,-0.00084750117406968799,True,,0,[],0,[],0,470,0,0,,d3906113583555df622689834d4f5fdf7c3ecadbbb9ffc247a74333ddc27568d,0,0,0,False,False,abstain,fixed,none,standard,0.5,0.5,0.5,0.5,0.5,0.5
471,numerical_frozen_W,2022-04-17,2022-04-18,bear,0.027705714933380299,0.49576075419866394,0.5,0.013848559495220902,0.013753544404992032,0.01385285746669015,0.0042392458013360557,4.2392458013360557e-06,5.0839041865215142e-06,1.1992473248234989,1.2158551727508016,ABSTAIN,0,0.5,0.5,0.49576075419866394,0.5,0.013848559495220902,0.0124633261417177,0.0013672461570343689,True,,0,[],0,[],0,471,0,0,,3820b5f25f22bdc24e50dd0bfee44acfd9f7f7fb4d6d338ea2a748bd8d21447c,0,0,0,False,False,abstain,fixed,none,standard,0.5,0.5,0.5,0.5,0.5,0.5
472,numerical_frozen_W,2022-04-18,2022-04-19,bear,0.0171556013038256,0.50683178893498626,0.5,0.0085709102612543386,0.0085343885444334518,0.0085778006519127998,0.0068317889349862604,6.8317889349862609e-06,8.3064659157447344e-06,1.2158551727508016,1.2262761583271307,ABSTAIN,0,0.49999999999999989,0.49999999999999989,0.50683178893498626,0.5,0.0085709102612543386,0.0077131955761339998,0.00085078757936390362,True,,0,[],0,[],0,472,0,0,,540f2909fc5833082dcf6e0cebb567742dd64b1a29781fc2a23ba576859b4b6d,0,0,0,False,False,abstain,fixed,none,standard,0.49999999999999989,0.5,0.49999999999999989,0.5,0.49999999999999989,0.5
473,numerical_frozen_W,2022-04-19,2022-04-20,bear,-0.0032527769076933998,0.50425242388161251,0.5,-0.0016306339616350973,-0.0016319648922307128,-0.0016263884538466999,0.0042524238816125104,4.2524238816125105e-06,5.2146460211223344e-06,1.2262761583271307,1.224276550777019,ABSTAIN,0,0.49999999999999989,0.49999999999999989,0.50425242388161251,0.5,-0.0016306339616350973,-0.0014679569241237999,-0.00016292946374685995,True,,0,[],0,[],0,473,0,0,,d202e5aeef793297ec98255d986d453185ed6caac98f6efd508d6417c9b527ed,0,0,0,False,False,abstain,fixed,none,standard,0.49999999999999989,0.5,0.49999999999999989,0.5,0.49999999999999989,0.5
474,numerical_frozen_W,2022-04-20,2022-04-21,mix,-0.021417520789015699,0.49918548104885901,0.5,-0.010709566190970743,-0.010767326356004671,-0.010708760394507849,0.0008145189511409856,8.1451895114098559e-07,9.9719645204540118e-07,1.224276550777019,1.2111650800204192,ABSTAIN,0,0.49999999999999989,0.49999999999999989,0.49918548104885901,0.5,-0.010709566190970743,-0.0096386828270074998,-0.0010818907597123228,True,,0,[],0,[],0,474,0,0,,1af171542334db4fbc036b0ff0509b10b4bf4a38fe6e200fd249ea12b76c27db,0,0,0,False,False,abstain,fixed,none,standard,0.49999999999999989,0.5,0.49999999999999989,0.5,0.49999999999999989,0.5
475,numerical_frozen_W,2022-04-21,2022-04-22,mix,-0.0190949063781433,0.49458766035430662,0.5,-0.0095528138546580044,-0.0095987346635576249,-0.0095474531890716498,0.0054123396456933759,5.4123396456933756e-06,6.5552367800739057e-06,1.2111650800204192,1.1995950454637221,ABSTAIN,0,0.49999999999999978,0.49999999999999978,0.49458766035430662,0.5,-0.0095528138546580044,-0.0085980143007858001,-0.00096354419025196716,True,,0,[],0,[],0,475,0,0,,658f07d5795929e50039fa7a787e4abb81d19c46d740f60997bd53f5425662e6,0,0,0,False,False,abstain,fixed,none,standard,0.49999999999999978,0.5,0.49999999999999978,0.5,0.49999999999999978,0.5
476,numerical_frozen_W,2022-04-22,2022-04-23,bear,-0.0073283134805710998,0.49518025713608765,0.5,-0.0036689588228561165,-0.0036757059606475715,-0.0036641567402855499,0.0048197428639123463,4.8197428639123468e-06,5.7817396599583814e-06,1.1995950454637221,1.1951937806378135,ABSTAIN,0,0.5,0.5,0.49518025713608765,0.5,-0.0036689588228561165,-0.0033024922964293999,-0.00036774840055609674,True,,0,[],0,[],0,476,0,0,,a3b79f5acf120958a468b0122c55b4ca979510c52783798660476d033bcf9f85,0,0,0,False,False,abstain,fixed,none,standard,0.5,0.5,0.5,0.5,0.5,0.5
477,numerical_frozen_W,2022-04-23,2022-04-24,bear,0.0011669795524886001,0.4981611839195218,0.5,0.00058164988723330424,0.00058148079450297946,0.00058348977624430004,0.0018388160804782006,1.8388160804782007e-06,2.1977415431243463e-06,1.1951937806378135,1.1958889649655433,ABSTAIN,0,0.49999999999999994,0.49999999999999994,0.4981611839195218,0.5,0.00058164988723330424,0.00052332008431109996,5.8297594393115471e-05,True,,0,[],0,[],0,477,0,0,,de33640e40b1dd9f086959fbcef9a20684bac2184feb7e6b9cbcc6cdb63713c2,0,0,0,False,False,abstain,fixed,none,standard,0.49999999999999994,0.5,0.49999999999999994,0.5,0.49999999999999994,0.5
478,numerical_frozen_W,2022-04-24,2022-04-25,bear,0.024401986620717599,0.5002915747572324,0.5,0.012200698178099989,0.012126869560594172,0.0122009933103588,0.00029157475723240456,2.9157475723240457e-07,3.4869103463673989e-07,1.1958889649655433,1.2104796452816082,ABSTAIN,0,0.49999999999999989,0.49999999999999989,0.5002915747572324,0.5,0.012200698178099989,0.010980602133560301,0.0012061165178420871,True,,0,[],0,[],0,478,0,0,,ab0ee75430dd1be8ead9dcfa17dd827cf21c3c83fd8e2ff82c6693fee5b370f4,0,0,0,False,False,abstain,fixed,none,standard,0.49999999999999989,0.5,0.49999999999999989,0.5,0.49999999999999989,0.5
479,numerical_frozen_W,2022-04-25,2022-04-26,bear,-0.057238973953051199,0.50602696173536443,0.5,-0.028625341449708075,-0.029043036964523941,-0.0286194869765256,0.0060269617353644334,6.0269617353644332e-06,7.2955145035497655e-06,1.2104796452816082,1.1758292521175007,ABSTAIN,0,0.49999999999999994,0.49999999999999994,0.50602696173536443,0.5,-0.028625341449708075,-0.025763358299098201,-0.0029419907404107278,True,,0,[],0,[],0,479,0,0,,24a1d254e269428c15b20fd25b3ba6c0053e777dc6426e49331db152de14bec4,0,0,0,False,False,abstain,fixed,none,standard,0.49999999999999994,0.5,0.49999999999999994,0.5,0.49999999999999994,0.5
480,numerical_frozen_W,2022-04-26,2022-04-27,bear,0.029648676304673001,0.48526865291571175,0.5,0.014809388422781566,0.014700800200767973,0.0148243381523365,0.014731347084288249,1.473134708428825e-05,1.7321548824801976e-05,1.1758292521175007,1.1932425642309774,ABSTAIN,0,0.49999999999999978,0.49999999999999978,0.48526865291571175,0.5,0.014809388422781566,0.0133271691385727,0.0014616565561842189,True,,0,[],0,[],0,480,0,0,,dbf62e513f342f5da3e77597ebce4835f8a233af8a184d1d7c047dbed5200264,0,0,0,False,False,abstain,fixed,none,standard,0.49999999999999978,0.5,0.49999999999999978,0.5,0.49999999999999978,0.5
481,numerical_frozen_W,2022-04-27,2022-04-28,bear,0.0128685370639349,0.50730389368633333,0.5,0.0064269176430677977,0.0064063530720460888,0.0064342685319674501,0.0073038936863333292,7.3038936863333293e-06,8.7153168311508286e-06,1.1932425642309774,1.200911435919493,ABSTAIN,0,0.50000000000000011,0.50000000000000011,0.50730389368633333,0.5,0.0064269176430677977,0.0057835583118985004,0.00063945532614981954,True,,0,[],0,[],0,481,0,0,,808a7197075a6fdbaba400dd20507c7b11690d1472a4058036fbadb86a388d7f,0,0,0,False,False,abstain,fixed,none,standard,0.50000000000000011,0.5,0.50000000000000011,0.5,0.50000000000000011,0.5
482,numerical_frozen_W,2022-04-28,2022-04-29,bear,-0.0293599677971219,0.50319656669747193,0.5,-0.014683133539710735,-0.01479199770391617,-0.01467998389856095,0.0031965666974719253,3.1965666974719255e-06,3.8387935026734419e-06,1.200911435919493,1.1832782929365213,ABSTAIN,0,0.49999999999999989,0.49999999999999989,0.50319656669747193,0.5,-0.014683133539710735,-0.013215110296791,-0.0014887908389996079,True,,0,[],0,[],0,482,0,0,,7f1e0a14fc65c6418a93273b288419b2f7a9b3e7274b6d4ec2318a77302aa516,0,0,0,False,False,abstain,fixed,none,standard,0.49999999999999989,0.5,0.49999999999999989,0.5,0.49999999999999989,0.5
483,numerical_frozen_W,2022-04-29,2022-04-30,bear,-0.024131048961924299,0.49255065173818124,0.5,-0.012072883948930024,-0.012146353134427922,-0.01206552448096215,0.0074493482618187556,7.4493482618187561e-06,8.8146520947345391e-06,1.1832782929365213,1.1689927114266108,ABSTAIN,0,0.49999999999999989,0.49999999999999989,0.49255065173818124,0.5,-0.012072883948930024,-0.010866255952212901,-0.0012206282273708579,True,,0,[],0,[],0,483,0,0,,bf455e1029f5cc7b16042bfbd936a5bbc9f1d9c9325ec61d185be4b87915b752,0,0,0,False,False,abstain,fixed,none,standard,0.49999999999999989,0.5,0.49999999999999989,0.5,0.49999999999999989,0.5
484,numerical_frozen_W,2022-04-30,2022-05-01,bear,0.021540504648074301,0.49389356036258214,0.5,0.010764080116504093,0.010706559806796054,0.010770252324037151,0.0061064396374178598,6.1064396374178602e-06,7.1383834289080334e-06,1.1689927114266108,1.1815758426280161,ABSTAIN,0,0.49999999999999994,0.49999999999999994,0.49389356036258214,0.5,0.010764080116504093,0.0096871305628143008,0.0010660486627837775,True,,0,[],0,[],0,484,0,0,,124511ef1856275738493b8b9539762c724809dc03778cfdee80dbaf2dab779a,0,0,0,False,False,abstain,fixed,none,standard,0.49999999999999994,0.5,0.49999999999999994,0.5,0.49999999999999994,0.5
485,numerical_frozen_W,2022-05-01,2022-05-02,bear,0.0013780192922700999,0.50532774500400734,0.5,0.00068367823026327379,0.00068344462876811316,0.00068900964613504995,0.0053277450040073449,5.3277450040073447e-06,6.2951347924171808e-06,1.1815758426280161,1.1823836603090259,ABSTAIN,0,0.49999999999999989,0.49999999999999989,0.50532774500400734,0.5,0.00068367823026327379,0.00061482531353709998,6.8808242879728546e-05,True,,0,[],0,[],0,485,0,0,,05080679778d480ca5889d30f6d41233744b60774b48b5758d9a1cf2f332c6ca,0,0,0,False,False,abstain,fixed,none,standard,0.49999999999999989,0.5,0.49999999999999989,0.5,0.49999999999999989,0.5
486,numerical_frozen_W,2022-05-02,2022-05-03,bear,-0.020667809108376099,0.50034426761935702,0.5,-0.010334245264178699,-0.010388014339432898,-0.010333904554188049,0.00034426761935701933,3.4426761935701935e-07,4.07056407901227e-07,1.1823836603090259,1.170164617567035,ABSTAIN,0,0.5,0.5,0.50034426761935702,0.5,-0.010334245264178699,-0.0093008517771157005,-0.0010436395629061582,True,,0,[],0,[],0,486,0,0,,d0b33b7dc496dcb6fd76bdf4720b467a5acf0433044e24c7220b04375c914add,0,0,0,False,False,abstain,fixed,none,standard,0.5,0.5,0.5,0.5,0.5,0.5
487,numerical_frozen_W,2022-05-03,2022-05-04,bear,0.052229704650299497,0.49477909539301085,0.5,0.02610949507738991,0.025774461402699785,0.026114852325149748,0.0052209046069891518,5.2209046069891518e-06,6.1093178427914323e-06,1.170164617567035,1.2007170248891375,ABSTAIN,0,0.49999999999999983,0.49999999999999983,0.49477909539301085,0.5,0.02610949507738991,0.023498082433464899,0.0025482088236307918,True,,0,[],0,[],0,487,0,0,,820e7f51aef5ad62684295fd2c72149a1fcf16a9ae10836639742d741e1fdfef,0,0,0,False,False,abstain,fixed,none,standard,0.49999999999999983,0.5,0.49999999999999983,0.5,0.49999999999999983,0.5
488,numerical_frozen_W,2022-05-04,2022-05-05,bear,-0.079217899617012602,0.51272511174844326,0.5,-0.03962117089194217,-0.040427458705519261,-0.039608949808506301,0.012725111748443263,1.2725111748443264e-05,1.5279258319972604e-05,1.2007170248891375,1.1531432104531405,ABSTAIN,0,0.5,0.5,0.51272511174844326,0.5,-0.03962117089194217,-0.035660234596844802,-0.0041158659744125747,True,,0,[],0,[],0,488,0,0,,0e4406092a2d27fd6f0b61f5c649b6f20eaeeb01fe0d3fa5a4e0c20584c40aba,0,0,0,False,False,abstain,fixed,none,standard,0.5,0.5,0.5,0.5,0.5,0.5
489,numerical_frozen_W,2022-05-05,2022-05-06,bear,-0.0146398861646234,0.47937873858746982,0.5,-0.0073404133972644336,-0.0073674867996907341,-0.0073199430823116998,0.020621261412530179,2.062126141253018e-05,2.3779267588838512e-05,1.1531432104531405,1.1446786625821657,ABSTAIN,0,0.5,0.5,0.47937873858746982,0.5,-0.0073404133972644336,-0.0066081460310002003,-0.00073741030517896194,True,,0,[],0,[],0,489,0,0,,cfa477f961d5a99f8d27c55ae9aff1db977ffeedba1b7a48779b33c251af00ec,0,0,0,False,False,abstain,fixed,none,standard,0.5,0.5,0.5,0.5,0.5,0.5
490,numerical_frozen_W,2022-05-06,2022-05-07,bear,-0.015024021772334599,0.49631304012239325,0.5,-0.0075156701495621148,-0.0075440551092228027,-0.0075120108861672997,0.0036869598776067547,3.6869598776067547e-06,4.2203843016930051e-06,1.1446786625821657,1.1360756353269561,ABSTAIN,0,0.49999999999999978,0.49999999999999978,0.49631304012239325,0.5,-0.0075156701495621148,-0.0067644325388828003,-0.00075664009565192588,True,,0,[],0,[],0,490,0,0,,91d545e584029812a3d2eaa3be3d4eea525b54f5eff0739cd4f003cf0d24f47a,0,0,0,False,False,abstain,fixed,none,standard,0.49999999999999978,0.5,0.49999999999999978,0.5,0.49999999999999978,0.5
491,numerical_frozen_W,2022-05-07,2022-05-08,bear,-0.039697755723469001,0.49621556584635618,0.5,-0.019852587179116865,-0.020052297383861547,-0.019848877861734501,0.0037844341536438231,3.7844341536438232e-06,4.2994034354539374e-06,1.1360756353269561,1.1135215947345571,ABSTAIN,0,0.49999999999999989,0.49999999999999989,0.49621556584635618,0.5,-0.019852587179116865,-0.017867666953349601,-0.0020230763803619559,True,,0,[],0,[],0,491,0,0,,ec9a81cf1004627437591fb68b85c2f00162a6bc74e58c36c87cb1311451f817,0,0,0,False,False,abstain,fixed,none,standard,0.49999999999999989,0.5,0.49999999999999989,0.5,0.49999999999999989,0.5
492,numerical_frozen_W,2022-05-08,2022-05-09,bear,-0.116412213740458,0.48987458290185248,0.5,-0.058215642926217392,-0.059978950915866372,-0.058206106870229,0.010125417098147516,1.0125417098147516e-05,1.1274870594481772e-05,1.1135215947345571,1.048697219184858,ABSTAIN,0,0.5,0.5,0.48987458290185248,0.5,-0.058215642926217392,-0.052394976027908199,-0.0061614459899657081,True,,0,[],0,[],0,492,0,0,,c8addc22dac241fa3ae7f9e4204854f6daebeaf287324fee98871267be6de434,0,0,0,False,False,abstain,fixed,none,standard,0.5,0.5,0.5,0.5,0.5,0.5
493,numerical_frozen_W,2022-05-09,2022-05-10,bear,0.030320651270975201,0.46909827760891593,0.45000000000000001,0.013624934211833084,0.013532949378730277,0.01364429307193884,0.019098277608915915,1.9098277608915916e-05,2.0028310619690561e-05,1.048697219184858,1.0629856498043839,ABSTAIN,0,0.49999999999999983,0.49999999999999983,0.46909827760891593,0.45000000000000001,0.013624934211833084,0.0136134734269592,1.1306795323944713e-05,True,,0,[],0,[],0,493,0,0,,32d04fc909edb24698cd574b3b545115a40cb563cf759a7d2e0f2474b890b5e3,0,0,0,False,True,abstain,fixed,none,standard,0.49999999999999983,0.45000000000000001,0.49999999999999983,0.45000000000000001,0.49999999999999983,0.45000000000000001
494,numerical_frozen_W,2022-05-10,2022-05-11,bear,-0.062542933161331804,0.45740334774324409,0.45000000000000001,-0.028151514908155262,-0.028555366207314564,-0.028144319922599314,0.007403347743244082,7.4033477432440818e-06,7.86965241158013e-06,1.0629856498043839,1.0330609934367607,ABSTAIN,0,0.5,0.5,0.45740334774324409,0.45000000000000001,-0.028151514908155262,-0.028151514908155199,-6.591949208711867e-17,True,,0,[],0,[],0,494,0,0,,76b534cc796fe2fc6d216e96e6321a96b5ca06fc4df68d9b89aba13e0020c738,0,0,0,False,True,abstain,fixed,none,standard,0.5,0.45000000000000001,0.5,0.45000000000000001,0.5,0.45000000000000001
495,numerical_frozen_W,2022-05-11,2022-05-12,bear,-0.0031718510262073001,0.43407235119910309,0.45000000000000001,-0.0014432378765359966,-0.0014442803474632084,-0.0014273329617932851,0.015927648800896921,1.592764880089692e-05,1.6454232693366405e-05,1.0330609934367607,1.031570040682261,ABSTAIN,0,0.49999999999999989,0.49999999999999989,0.43407235119910309,0.45000000000000001,-0.0014432378765359966,-0.0014432378765359001,-9.6710833785706996e-17,True,,0,[],0,[],0,495,0,0,,945ec6ddf89ac6f5ec611a58d86c3c1b6ca1d278b39b5e664bbab91bf38fd3cf,0,0,0,False,True,abstain,fixed,none,standard,0.49999999999999989,0.45000000000000001,0.49999999999999989,0.45000000000000001,0.49999999999999989,0.45000000000000001
496,numerical_frozen_W,2022-05-12,2022-05-13,bear,0.0106432909994478,0.44921384476573473,0.45000000000000001,0.0047886910292418428,0.0047772617214472896,0.0047894809497515105,0.00078615523426528444,7.8615523426528449e-07,8.109741869936119e-07,1.031570040682261,1.0365099108821108,ABSTAIN,0,0.49999999999999989,0.49999999999999989,0.44921384476573473,0.45000000000000001,0.0047886910292418428,0.0047886910292418003,4.2500725161431774e-17,True,,0,[],0,[],0,496,0,0,,86b25802d15cb3aac3187ce6cb28d0e079db5e65d7ab72440fa85f2fb8d6b841,0,0,0,False,True,abstain,fixed,none,standard,0.49999999999999989,0.45000000000000001,0.49999999999999989,0.45000000000000001,0.49999999999999989,0.45000000000000001
497,numerical_frozen_W,2022-05-13,2022-05-14,bear,0.027181707666880502,0.45262165814064198,0.45000000000000001,0.012229114724440215,0.01215494319017716,0.012231768450096226,0.0026216581406419692,2.6216581406419692e-06,2.7173746457201676e-06,1.0365099108821108,1.0491855094953073,ABSTAIN,0,0.49999999999999994,0.49999999999999994,0.45262165814064198,0.45000000000000001,0.012229114724440215,0.0122291147244402,1.5612511283791264e-17,True,,0,[],0,[],0,497,0,0,,54205e43ef1e7331ff29e3fe91fc7f7fcb24ce7c6a3aae99dcdbd988dff9b3ba,0,0,0,False,True,abstain,fixed,none,standard,0.49999999999999994,0.45000000000000001,0.49999999999999994,0.45000000000000001,0.49999999999999994,0.45000000000000001
498,numerical_frozen_W,2022-05-14,2022-05-15,bear,0.0408338984853924,0.45664617813552116,0.45000000000000001,0.018368486015077679,0.018201823178060621,0.018375254318426581,0.0066461781355211524,6.6461781355211523e-06,6.9730737933133314e-06,1.0491855094953073,1.0684574588536939,ABSTAIN,0,0.5,0.5,0.45664617813552116,0.45000000000000001,0.018368486015077679,0.018368486015077599,7.9797279894933126e-17,True,,0,[],0,[],0,498,0,0,,10349f3028f68b7c71bc2158b46ed9b44fa775a21a89ee2f0781746a05cc5d2f,0,0,0,False,True,abstain,fixed,none,standard,0.5,0.45000000000000001,0.5,0.45000000000000001,0.5,0.45000000000000001
499,numerical_frozen_W,2022-05-15,2022-05-16,bear,-0.046622823687984503,0.45992403324047637,0.45000000000000001,-0.020989986483930134,-0.021213408193343178,-0.020980270659593028,0.0099240332404763598,9.9240332404763608e-06,1.060340733769896e-05,1.0684574588536939,1.0460305512337005,ABSTAIN,0,0.49999999999999989,0.49999999999999989,0.45992403324047637,0.45000000000000001,-0.020989986483930134,-0.0209899864839301,-3.4694469519536142e-17,True,,0,[],0,[],0,499,0,0,,775c708f26fc79ff1d61d98a4f29c303326c0464458d2140dfbad8b499623a62,0,0,0,False,True,abstain,fixed,none,standard,0.49999999999999989,0.45000000000000001,0.49999999999999989,0.45000000000000001,0.49999999999999989,0.45000000000000001
500,numerical_frozen_W,2022-05-16,2022-05-17,bear,0.019715903380347701,0.43821356861669131,0.45000000000000001,0.0088602655187091095,0.0088212436926166926,0.008872156521156466,0.011786431383308704,1.1786431383308705e-05,1.2328967316960591e-05,1.0460305512337005,1.0552986596583127,ABSTAIN,0,0.5,0.5,0.43821356861669131,0.45000000000000001,0.0088602655187091095,0.0088602655187091008,8.6736173798840355e-18,True,,0,[],0,[],0,500,0,0,,461152197f1a6ca9bf2bbcdc145630d1b2d9df8556bc98555adb8b896064aac4,0,0,0,False,True,abstain,fixed,none,standard,0.5,0.45000000000000001,0.5,0.45000000000000001,0.5,0.45000000000000001
501,numerical_frozen_W,2022-05-17,2022-05-18,bear,-0.057619712525667298,0.45483677347530582,0.45000000000000001,-0.025933581997951816,-0.026275786697305004,-0.025928870636550284,0.0048367734753058111,4.8367734753058115e-06,5.1042405655611016e-06,1.0552986596583127,1.0279309853357352,ABSTAIN,0,0.49999999999999994,0.49999999999999994,0.45483677347530582,0.45000000000000001,-0.025933581997951816,-0.025933581997951798,-1.7347234759768071e-17,True,,0,[],0,[],0,501,0,0,,c39615fcf982839410812577574912374aa6e8bc3b0d1cc2b482e22c7f924add,0,0,0,False,True,abstain,fixed,none,standard,0.49999999999999994,0.45000000000000001,0.49999999999999994,0.45000000000000001,0.49999999999999994,0.45000000000000001
502,numerical_frozen_W,2022-05-18,2022-05-19,bear,0.056554768038990802,0.43535950977273896,0.45000000000000001,0.02543463253203071,0.02511655445288636,0.025449645617545862,0.014640490227261049,1.464049022726105e-05,1.5049413545106655e-05,1.0279309853357352,1.0540760322160379,ABSTAIN,0,0.5,0.5,0.43535950977273896,0.45000000000000001,0.02543463253203071,0.025434632532030699,1.0408340855860843e-17,True,,0,[],0,[],0,502,0,0,,d2116c9ebe8b40290fde109cfd7e07e0b0ae468d3bc3c0b1daf185df30990ef4,0,0,0,False,True,abstain,fixed,none,standard,0.5,0.45000000000000001,0.5,0.45000000000000001,0.5,0.45000000000000001
503,numerical_frozen_W,2022-05-19,2022-05-20,bear,-0.037197377408359399,0.4636499194762711,0.45000000000000001,-0.016752241269695101,-0.016894147123306912,-0.016738819833761728,0.013649919476271088,1.3649919476271088e-05,1.4388052961616248e-05,1.0540760322160379,1.0364178962077519,ABSTAIN,0,0.49999999999999994,0.49999999999999994,0.4636499194762711,0.45000000000000001,-0.016752241269695101,-0.016752241269695201,1.0061396160665481e-16,True,,0,[],0,[],0,503,0,0,,526253ffc4da4fec53ddf927c512a77b30047725d42e8f4d33aa781957d6be19,0,0,0,False,True,abstain,fixed,none,standard,0.49999999999999994,0.45000000000000001,0.49999999999999994,0.45000000000000001,0.49999999999999994,0.45000000000000001
504,numerical_frozen_W,2022-05-20,2022-05-21,bear,0.0087735532205108005,0.44063692221937162,0.45000000000000001,0.0039386989050915755,0.0039309625380523766,0.0039480989492298602,0.0093630777806283927,9.3630777806283922e-06,9.7040613754284252e-06,1.0364178962077519,1.0405000342407627,ABSTAIN,0,0.49999999999999983,0.49999999999999983,0.44063692221937162,0.45000000000000001,0.0039386989050915755,0.0039386989050917004,-1.2490009027033011e-16,True,,0,[],0,[],0,504,0,0,,05a2d3df24681c5facba1381cc6e1dbd7a3a9cd797c8a637658e0f025b545de1,0,0,0,False,True,abstain,fixed,none,standard,0.49999999999999983,0.45000000000000001,0.49999999999999983,0.45000000000000001,0.49999999999999983,0.45000000000000001
505,numerical_frozen_W,2022-05-21,2022-05-22,bear,0.028945526693075499,0.45216291501956052,0.45000000000000001,0.013023295923842992,0.012939221965440057,0.013025487011883975,0.0021629150195605074,2.1629150195605076e-06,2.2505131519125681e-06,1.0405000342407627,1.0540507740954488,ABSTAIN,0,0.5,0.5,0.45216291501956052,0.45000000000000001,0.013023295923842992,0.0130232959238429,9.1940344226770776e-17,True,,0,[],0,[],0,505,0,0,,abc991062195f2e5c3ed0dd18ec1b70bcf12cdc26f39348b8fe42f1208c3d39f,0,0,0,False,True,abstain,fixed,none,standard,0.5,0.45000000000000001,0.5,0.45000000000000001,0.5,0.45000000000000001
506,numerical_frozen_W,2022-05-22,2022-05-23,bear,-0.039400262822502301,0.45707190287745658,0.45000000000000001,-0.01773706478732906,-0.017896251668536065,-0.017730118270126036,0.0070719028774565706,7.0719028774565704e-06,7.4541447023109298e-06,1.0540507740954488,1.0353550072261835,ABSTAIN,0,0.5,0.5,0.45707190287745658,0.45000000000000001,-0.01773706478732906,-0.017737064787329001,-6.2450045135165055e-17,True,,0,[],0,[],0,506,0,0,,96a9d9dbf291d2889d05fda5069d5e514e6f8ae32624faf62b51c69bd8d22783,0,0,0,False,True,abstain,fixed,none,standard,0.5,0.45000000000000001,0.5,0.45000000000000001,0.5,0.45000000000000001
507,numerical_frozen_W,2022-05-23,2022-05-24,bear,0.0190903060154743,0.4400724177438935,0.45000000000000001,0.0085806248404447505,0.0085440205220230752,0.0085906377069634356,0.0099275822561065152,9.9275822561065157e-06,1.0278571998509693e-05,1.0353550072261835,1.0442390001198674,ABSTAIN,0,0.50000000000000011,0.50000000000000011,0.4400724177438935,0.45000000000000001,0.0085806248404447505,0.0085806248404448997,-1.474514954580286e-16,True,,0,[],0,[],0,507,0,0,,088eecfe616d193922c2343b13376c038b4168521277b222d0f9bbe8db8b708e,0,0,0,False,True,abstain,fixed,none,standard,0.50000000000000011,0.45000000000000001,0.50000000000000011,0.45000000000000001,0.50000000000000011,0.45000000000000001
508,numerical_frozen_W,2022-05-24,2022-05-25,bear,-0.0036460283250193,0.45468460697748686,0.45000000000000001,-0.0016453896671416723,-0.0016467448074132412,-0.001640712746258685,0.0046846069774868493,4.6846069774868493e-06,4.8918493061254221e-06,1.0442390001198674,1.0425208200590439,ABSTAIN,0,0.5,0.5,0.45468460697748686,0.45000000000000001,-0.0016453896671416723,-0.0016453896671417001,2.7755575615628914e-17,True,,0,[],0,[],0,508,0,0,,0205f4db9bd230fb25c9ecd03df5aa8c2416bd86d85851fab0611a93216cbed7,0,0,0,False,True,abstain,fixed,none,standard,0.5,0.45000000000000001,0.5,0.45000000000000001,0.5,0.45000000000000001
509,numerical_frozen_W,2022-05-25,2022-05-26,bear,-0.011411413444547399,0.44909612499030832,0.45000000000000001,-0.005136035283534901,-0.005149270048346536,-0.0051351360500463301,0.00090387500969169032,9.038750096916903e-07,9.4230851633465736e-07,1.0425208200590439,1.0371663963434008,ABSTAIN,0,0.49999999999999994,0.49999999999999994,0.44909612499030832,0.45000000000000001,-0.005136035283534901,-0.0051360352835349002,-8.6736173798840355e-19,True,,0,[],0,[],0,509,0,0,,6d0ecf213d483fbabcc0d42ff294763ed62fd785482a84a53acb8f6bf947d78f,0,0,0,False,True,abstain,fixed,none,standard,0.49999999999999994,0.45000000000000001,0.49999999999999994,0.45000000000000001,0.49999999999999994,0.45000000000000001
510,numerical_frozen_W,2022-05-26,2022-05-27,bear,-0.020624240245176,0.44716109701943646,0.45000000000000001,-0.0092837206657121474,-0.0093270829848451729,-0.0092809081103291998,0.0028389029805635513,2.8389029805635512e-06,2.9444147739196379e-06,1.0371663963434008,1.0275376332358854,ABSTAIN,0,0.50000000000000011,0.50000000000000011,0.44716109701943646,0.45000000000000001,-0.0092837206657121474,-0.0092837206657121005,-4.6837533851373792e-17,True,,0,[],0,[],0,510,0,0,,5c4aa0620444eef0ab9dba4cb0b2d93ef5663dc81b869b6cfda6e3003493d378,0,0,0,False,True,abstain,fixed,none,standard,0.50000000000000011,0.45000000000000001,0.50000000000000011,0.45000000000000001,0.50000000000000011,0.45000000000000001
511,numerical_frozen_W,2022-05-27,2022-05-28,bear,0.014890983595093801,0.44484768235267896,0.45000000000000001,0.0066957557747600038,0.0066734387661671586,0.0067009426177922103,0.0051523176473210475,5.1523176473210475e-06,5.2942002810077543e-06,1.0275376332358854,1.0344177742774079,ABSTAIN,0,0.5,0.5,0.44484768235267896,0.45000000000000001,0.0066957557747600038,0.0066957557747600004,3.4694469519536142e-18,True,,0,[],0,[],0,511,0,0,,d1a48e39f358e915360cb39e61a35beb84a4205ad3f79d92502956e7f3f43ae7,0,0,0,False,True,abstain,fixed,none,standard,0.5,0.45000000000000001,0.5,0.45000000000000001,0.5,0.45000000000000001
512,numerical_frozen_W,2022-05-28,2022-05-29,bear,0.015092792597262501,0.45366098638012803,0.45000000000000001,0.0067880708178591487,0.0067651355972463056,0.0067917566687681254,0.0036609863801280174,3.6609863801280175e-06,3.7869893829919282e-06,1.0344177742774079,1.0414394753844551,ABSTAIN,0,0.5,0.5,0.45366098638012803,0.45000000000000001,0.0067880708178591487,0.0067880708178591001,4.8572257327350599e-17,True,,0,[],0,[],0,512,0,0,,0ae309515b59c82cc1ee16a6d1610d5ecaeec3e843ae6a3dc8caf294508ef2af,0,0,0,False,True,abstain,fixed,none,standard,0.5,0.45000000000000001,0.5,0.45000000000000001,0.5,0.45000000000000001
513,numerical_frozen_W,2022-05-29,2022-05-30,bear,0.076636167411047604,0.45371026693760619,0.45000000000000001,0.034482437114746745,0.033901240886554905,0.034486275334971422,0.003710266937606177,3.7102669376061771e-06,3.8640184530368659e-06,1.0414394753844551,1.0773508466032145,ABSTAIN,0,0.49999999999999989,0.49999999999999989,0.45371026693760619,0.45000000000000001,0.034482437114746745,0.034482437114746703,4.163336342344337e-17,True,,0,[],0,[],0,513,0,0,,fcf65a724a3bb0b2907cabfa9a8ed0860806e6e18f97766fa82bf6fbbef0fd0a,0,0,0,False,True,abstain,fixed,none,standard,0.49999999999999989,0.45000000000000001,0.49999999999999989,0.45000000000000001,0.49999999999999989,0.45000000000000001
514,numerical_frozen_W,2022-05-30,2022-05-31,bear,0.0022097322787982998,0.46833514072295696,0.45000000000000001,0.00097602615264769099,0.00097555014882530564,0.00099437952545923503,0.018335140722956944,1.8335140722956945e-05,1.9753379380466738e-05,1.0773508466032145,1.0784023692050764,ABSTAIN,0,0.49999999999999989,0.49999999999999989,0.46833514072295696,0.45000000000000001,0.00097602615264769099,0.00097602615264760003,9.0856142054285272e-17,True,,0,[],0,[],0,514,0,0,,fb03c9fc2014dbb6d0d8235729c90341707623be7d53206fbd8f2127731b675f,0,0,0,False,True,abstain,fixed,none,standard,0.49999999999999989,0.45000000000000001,0.49999999999999989,0.45000000000000001,0.49999999999999989,0.45000000000000001
515,numerical_frozen_W,2022-05-31,2022-06-01,bear,-0.062745727100593202,0.45054636544439131,0.45000000000000001,-0.028236108133767646,-0.028642413631655619,-0.028235577195266943,0.00054636544439129464,5.4636544439129468e-07,5.8920178968335658e-07,1.0784023692050764,1.0479524832964906,ABSTAIN,0,0.5,0.5,0.45054636544439131,0.45000000000000001,-0.028236108133767646,-0.028236108133767601,-4.5102810375396984e-17,True,,0,[],0,[],0,515,0,0,,29b57e153f1a9af69f1861d9257d6e750acd4374872a048490816d28797118ad,0,0,0,False,True,abstain,fixed,none,standard,0.5,0.45000000000000001,0.5,0.45000000000000001,0.5,0.45000000000000001
516,numerical_frozen_W,2022-06-01,2022-06-02,bear,0.022048089668943002,0.43401920558835133,0.45000000000000001,0.0099055010009179156,0.0098567631104155614,0.0099216403510243509,0.01598079441164868,1.598079441164868e-05,1.6747113188737914e-05,1.0479524832964906,1.0583329776686985,ABSTAIN,0,0.5,0.5,0.43401920558835133,0.45000000000000001,0.0099055010009179156,0.0099055010009179,1.5612511283791264e-17,True,,0,[],0,[],0,516,0,0,,eada340b88d1b776917a5e5ffbef469a227cdf9777e1f31942493c4eccef6789,0,0,0,False,True,abstain,fixed,none,standard,0.5,0.45000000000000001,0.5,0.45000000000000001,0.5,0.45000000000000001
517,numerical_frozen_W,2022-06-02,2022-06-03,bear,-0.024777133851028501,0.45540329266651491,0.45000000000000001,-0.01115505328048183,-0.011217737487039992,-0.011149710232962826,0.0054032926665149028,5.4032926665149027e-06,5.7184828169681594e-06,1.0583329776686985,1.0465272169143132,ABSTAIN,0,0.5,0.5,0.45540329266651491,0.45000000000000001,-0.01115505328048183,-0.011155053280481801,-2.9490299091605721e-17,True,,0,[],0,[],0,517,0,0,,0682e41a32713da4e4f803f51cf7ab7aba0e18aba3c584aabaaf2966450fef4a,0,0,0,False,True,abstain,fixed,none,standard,0.5,0.45000000000000001,0.5,0.45000000000000001,0.5,0.45000000000000001
518,numerical_frozen_W,2022-06-03,2022-06-04,bear,0.0055015167890535002,0.44379851460672143,0.45000000000000001,0.002469465716771424,0.0024664215968448321,0.0024756825550740751,0.0062014853932785829,6.2014853932785829e-06,6.4900232493626001e-06,1.0465272169143132,1.0491115799981512,ABSTAIN,0,0.49999999999999994,0.49999999999999994,0.44379851460672143,0.45000000000000001,0.002469465716771424,0.0024694657167714002,2.3852447794681098e-17,True,,0,[],0,[],0,518,0,0,,a068580c5cdca957f908511beb52c3cc36ced118548bfbaed31ff15e1853afb3,0,0,0,False,True,abstain,fixed,none,standard,0.49999999999999994,0.45000000000000001,0.49999999999999994,0.45000000000000001,0.49999999999999994,0.45000000000000001
519,numerical_frozen_W,2022-06-04,2022-06-05,bear,0.0016307095763168,0.45135826277782648,0.5,0.00076667339066283091,0.00076637964674636369,0.00081535478815839999,0.04864173722217352,4.8641737222173523e-05,5.1030609791009345e-05,1.0491115799981512,1.049915905930372,ABSTAIN,0,0.5,0.5,0.45135826277782648,0.5,0.00076667339066283091,0.00073246004984520001,3.4187714847671918e-05,True,,0,[],0,[],0,519,0,0,,53d4b7f99d18e9570353e2d0c94016d89be3b78c4cb3539267374a4272f87648,0,0,0,False,False,abstain,fixed,none,standard,0.5,0.5,0.5,0.5,0.5,0.5
520,numerical_frozen_W,2022-06-05,2022-06-06,bear,0.048627686958847303,0.50040734526316843,0.5,0.024313426230031521,0.024022560087061526,0.024313843479423652,0.00040734526316843489,4.0734526316843491e-07,4.276782710059331e-07,1.049915905930372,1.0754429588569467,ABSTAIN,0,0.49999999999999994,0.49999999999999994,0.50040734526316843,0.5,0.024313426230031521,0.0218820470015159,0.0023764888590862461,True,,0,[],0,[],0,520,0,0,,1fc4d6bf5696757c4217439f5bc6799b5ed5d901fc6f2d399a3d5545450bffbe,0,0,0,False,False,abstain,fixed,none,standard,0.49999999999999994,0.5,0.49999999999999994,0.5,0.49999999999999994,0.5
521,numerical_frozen_W,2022-06-06,2022-06-07,bear,-0.0076129509430111998,0.51186835638032269,0.5,-0.0038182986512784733,-0.0038256069630498795,-0.0038064754715055999,0.011868356380322687,1.1868356380322687e-05,1.2763740302422953e-05,1.0754429588569467,1.0713365964576163,ABSTAIN,0,0.5,0.5,0.51186835638032269,0.5,-0.0038182986512784733,-0.0034375652052608999,-0.00038211975511030999,True,,0,[],0,[],0,521,0,0,,8ac6a320048e54a16cbee2d6c9c2b8137c851bbce09cc93e9fb29681f9e5af06,0,0,0,False,False,abstain,fixed,none,standard,0.5,0.5,0.5,0.5,0.5,0.5
522,numerical_frozen_W,2022-06-07,2022-06-08,bear,-0.029785921718794201,0.49808948995462143,0.5,-0.014894842916291173,-0.015006885047708973,-0.014892960859397101,0.0019105100453785662,1.9105100453785662e-06,2.0467993295139593e-06,1.0713365964576163,1.0553792061429059,ABSTAIN,0,0.5,0.5,0.49808948995462143,0.5,-0.014894842916291173,-0.0134055301138942,-0.0015106896256060851,True,,0,[],0,[],0,522,0,0,,c83164a9d837a16ba8d1990144931ccd4fc5798df69a7572029481a6c5c97cf5,0,0,0,False,False,abstain,fixed,none,standard,0.5,0.5,0.5,0.5,0.5,0.5
523,numerical_frozen_W,2022-06-08,2022-06-09,bear,-0.0034369040050856998,0.4924409428277004,0.5,-0.0017259980698381971,-0.0017274893206844966,-0.0017184520025428499,0.0075590571722995992,7.5590571722995992e-06,7.9776717576903893e-06,1.0553792061429059,1.0535576236701558,ABSTAIN,0,0.49999999999999989,0.49999999999999989,0.4924409428277004,0.5,-0.0017259980698381971,-0.0015540674158678999,-0.00017221308950074368,True,,0,[],0,[],0,523,0,0,,c1840df57f36c188cd1ee2ab97374ab87253889a102e413f89271c67c566961c,0,0,0,False,False,abstain,fixed,none,standard,0.49999999999999989,0.5,0.49999999999999989,0.5,0.49999999999999989,0.5
524,numerical_frozen_W,2022-06-09,2022-06-10,bear,-0.033706782555535601,0.49913929491835746,0.5,-0.016854237477049838,-0.016997886488132729,-0.016853391277767801,0.00086070508164254322,8.6070508164254329e-07,9.0680240049614528e-07,1.0535576236701558,1.0358007132850626,ABSTAIN,0,0.49999999999999983,0.49999999999999983,0.49913929491835746,0.5,-0.016854237477049838,-0.015168891178923101,-0.0017127708507920156,True,,0,[],0,[],0,524,0,0,,0ab943ed74abc1a1701e1e2aa0ed8805128b5b98feb4147ffcbbaf01fa147fac,0,0,0,False,False,abstain,fixed,none,standard,0.49999999999999983,0.5,0.49999999999999983,0.5,0.49999999999999983,0.5
525,numerical_frozen_W,2022-06-10,2022-06-11,bear,-0.023377677223698701,0.49142885144074711,0.5,-0.01169730957363635,-0.011766261326699629,-0.011688838611849351,0.0085711485592528946,8.5711485592528949e-06,8.8780017913463854e-06,1.0358007132850626,1.023684631685174,ABSTAIN,0,0.49999999999999983,0.49999999999999983,0.49142885144074711,0.5,-0.01169730957363635,-0.0105283365529894,-0.0011821097330773477,True,,0,[],0,[],0,525,0,0,,2f48e010bd7556245cdd514268ad08a7406a63770c903e63b8c2f7b58997ce7e,0,0,0,False,False,abstain,fixed,none,standard,0.49999999999999983,0.5,0.49999999999999983,0.5,0.49999999999999983,0.5
526,numerical_frozen_W,2022-06-11,2022-06-12,bear,-0.063270594365463298,0.49408645825904085,0.5,-0.031641023647822175,-0.032152417111929087,-0.031635297182731649,0.0059135417409591495,5.9135417409591501e-06,6.053601799048669e-06,1.023684631685174,0.99129420204611129,ABSTAIN,0,0.49999999999999994,0.49999999999999994,0.49408645825904085,0.5,-0.031641023647822175,-0.028477448466517799,-0.0032616197848994444,True,,0,[],0,[],0,526,0,0,,38c6a470f6db6745924cc937282b347b6343c91760ed92a26f76e2c07b53d214,0,0,0,False,False,abstain,fixed,none,standard,0.49999999999999994,0.5,0.49999999999999994,0.5,0.49999999999999994,0.5
527,numerical_frozen_W,2022-06-12,2022-06-13,bear,-0.1562900516043193,0.48366560806548659,0.5,-0.078160083742614961,-0.081383697119277815,-0.078145025802159651,0.016334391934513415,1.6334391934513415e-05,1.6192188018631914e-05,0.99129420204611129,0.91381456420061857,ABSTAIN,0,0.49999999999999989,0.49999999999999989,0.48366560806548659,0.5,-0.078160083742614961,-0.070345507998248999,-0.0084414212794159393,True,,0,[],0,[],0,527,0,0,,be8365633deddc0b7f2796758c97c723c106e0bb7d4a0d6b9a4fa236e4d37c26,0,0,0,False,False,abstain,fixed,none,standard,0.49999999999999989,0.5,0.49999999999999989,0.5,0.49999999999999989,0.5
528,numerical_frozen_W,2022-06-13,2022-06-14,bear,-0.0129499287241625,0.45761533647407054,0.45000000000000001,-0.0058350388842181022,-0.0058521292379553709,-0.0058274679258731249,0.0076153364740705332,7.615336474070533e-06,6.9590053812938397e-06,0.91381456420061857,0.90848242068554319,ABSTAIN,0,0.5,0.5,0.45761533647407054,0.45000000000000001,-0.0058350388842181022,-0.0058688335637209002,3.3993607931690623e-05,True,,0,[],0,[],0,528,0,0,,c692cd12effbf4d4fbf4074cb2cb109802cdb4e4c681ef9b8e8cab99b1f2c70a,0,0,0,False,True,abstain,fixed,none,standard,0.5,0.45000000000000001,0.5,0.45000000000000001,0.5,0.45000000000000001
529,numerical_frozen_W,2022-06-14,2022-06-15,bear,0.018982457248852599,0.44677610549896862,0.45000000000000001,0.0085388543286348817,0.008502604520395798,0.0085421057619836701,0.003223894501031388,3.2238945010313881e-06,2.9288514803318067e-06,0.90848242068554319,0.91623981973590263,ABSTAIN,0,0.49999999999999994,0.49999999999999994,0.44677610549896862,0.45000000000000001,0.0085388543286348817,0.0085388543286348002,7.9797279894933126e-17,True,,0,[],0,[],0,529,0,0,,6259d6df7d7260da1490b5d4713e939271cd6b0690dad7448dd85897ab01fa80,0,0,0,False,True,abstain,fixed,none,standard,0.49999999999999994,0.45000000000000001,0.49999999999999994,0.45000000000000001,0.49999999999999994,0.45000000000000001
530,numerical_frozen_W,2022-06-15,2022-06-16,bear,-0.097055084839599903,0.45465836591476905,0.45000000000000001,-0.043679243090590236,-0.044661902425192683,-0.043674788177819959,0.0046583659147690359,4.6583659147690364e-06,4.2681803460118548e-06,0.91623981973590263,0.87621915792037952,ABSTAIN,0,0.5,0.5,0.45465836591476905,0.45000000000000001,-0.043679243090590236,-0.043679243090590202,-3.4694469519536142e-17,True,,0,[],0,[],0,530,0,0,,0ca0f96d62eaeb14b63445092f92297b31878bcfd9808c0b1eacb6d8be45936c,0,0,0,False,True,abstain,fixed,none,standard,0.5,0.45000000000000001,0.5,0.45000000000000001,0.5,0.45000000000000001
531,numerical_frozen_W,2022-06-16,2022-06-17,bear,0.0028450060333748001,0.4248818360105438,0.35000000000000003,0.00092079571192438259,0.00092037203960998698,0.00099575211168118007,0.074881836010543767,7.4881836010543768e-05,6.5612899292690602e-05,0.87621915792037952,0.87702597676369864,ABSTAIN,0,0.5,0.5,0.4248818360105438,0.35000000000000003,0.00092079571192438259,0.00092079571192429997,8.2507785326146887e-17,True,,0,[],0,[],0,531,0,0,,fe7cb81a335d5c8ccd9a2af6247823105aa303d71da14b5e43587fdc8642da11,0,0,0,False,True,abstain,fixed,none,standard,0.5,0.35000000000000003,0.5,0.35000000000000003,0.5,0.35000000000000003
532,numerical_frozen_W,2022-06-17,2022-06-18,bear,-0.071319566046779997,0.35064659502423207,0.35000000000000003,-0.024962478571190383,-0.025279325208033596,-0.024961848116373,0.00064659502423203286,6.4659502423203285e-07,5.6708063269764607e-07,0.87702597676369864,0.85513323461235746,ABSTAIN,0,0.49999999999999994,0.49999999999999994,0.35064659502423207,0.35000000000000003,-0.024962478571190383,-0.0249624785711903,-8.6736173798840355e-17,True,,0,[],0,[],0,532,0,0,,8c107327232673cf7fbaede6cd0d1518f5e877c6a66064ef48fc7e991e22d712,0,0,0,False,True,abstain,fixed,none,standard,0.49999999999999994,0.35000000000000003,0.49999999999999994,0.35000000000000003,0.49999999999999994,0.35000000000000003
533,numerical_frozen_W,2022-06-18,2022-06-19,bear,0.083780580939088301,0.33335941907063044,0.35000000000000003,0.02930607479261349,0.028884861400845192,0.029323203328680908,0.016640580929369597,1.6640580929369598e-05,1.4229913795960533e-05,0.85513323461235746,0.8801938331435567,ABSTAIN,0,0.49999999999999994,0.49999999999999994,0.33335941907063044,0.35000000000000003,0.02930607479261349,0.0293060747926134,8.6736173798840355e-17,True,,0,[],0,[],0,533,0,0,,5f91577c8e32500097632f583cee52a927c5a6002d3632c06cf551bd08fc8d0c,0,0,0,False,True,abstain,fixed,none,standard,0.49999999999999994,0.35000000000000003,0.49999999999999994,0.35000000000000003,0.49999999999999994,0.35000000000000003
534,numerical_frozen_W,2022-06-19,2022-06-20,bear,-0.00023812763641310001,0.36851710143325739,0.35000000000000003,-0.00010186023087621621,-0.00010186541898184404,-8.3344672744585009e-05,0.018517101433257355,1.8517101433257355e-05,1.6298638489246838e-05,0.8801938331435567,0.88010417639649685,ABSTAIN,0,0.49999999999999994,0.49999999999999994,0.36851710143325739,0.35000000000000003,-0.00010186023087621621,-0.0001018602308762,-1.622237500581436e-17,True,,0,[],0,[],0,534,0,0,,ec589f7c317ad977e4388790d30caf4b0bc15df7980a3b80e68be12f1a21e50e,0,0,0,False,True,abstain,fixed,none,standard,0.49999999999999994,0.35000000000000003,0.49999999999999994,0.35000000000000003,0.49999999999999994,0.35000000000000003
535,numerical_frozen_W,2022-06-20,2022-06-21,bear,0.0071990005978914001,0.34994582144722236,0.35000000000000003,0.0025195958941981456,0.0025164270341781303,0.0025196502092619901,5.4178552777672806e-05,5.4178552777672808e-08,4.7682770570747863e-08,0.88010417639649685,0.88232168326581206,ABSTAIN,0,0.5,0.5,0.34994582144722236,0.35000000000000003,0.0025195958941981456,0.0025195958941981,4.5536491244391186e-17,True,,0,[],0,[],0,535,0,0,,0020ee4d286ce4577f9ca832d901df094f0cfd4f87f1f359917e82d7ebcf40c4,0,0,0,False,True,abstain,fixed,none,standard,0.5,0.35000000000000003,0.5,0.35000000000000003,0.5,0.35000000000000003
536,numerical_frozen_W,2022-06-21,2022-06-22,bear,-0.036418215864558699,0.35163365639334704,0.35000000000000003,-0.012747988385790943,-0.012829941223927624,-0.012746375552595546,0.001633656393347005,1.6336563933470051e-06,1.4414104588558852e-06,0.88232168326581206,0.87107385669500803,ABSTAIN,0,0.50000000000000011,0.50000000000000011,0.35163365639334704,0.35000000000000003,-0.012747988385790943,-0.012747988385791,5.8980598183211441e-17,True,,0,[],0,[],0,536,0,0,,28f92fb8ba3d220294443a87fa2edb9de6ab95726fbe1736db9dbf72ac537f0c,0,0,0,False,True,abstain,fixed,none,standard,0.50000000000000011,0.35000000000000003,0.50000000000000011,0.35000000000000003,0.50000000000000011,0.35000000000000003
537,numerical_frozen_W,2022-06-22,2022-06-23,bear,0.056842200162277402,0.34160788686511578,0.35000000000000003,0.019886210984501052,0.019691063214806709,0.019894770056797094,0.0083921131348842493,8.39211313488425e-06,7.310150354224457e-06,0.87107385669500803,0.88839621519232803,ABSTAIN,0,0.50000000000000011,0.50000000000000011,0.34160788686511578,0.35000000000000003,0.019886210984501052,0.019886210984500999,5.2041704279304213e-17,True,,0,[],0,[],0,537,0,0,,f9e4c1f16f7880612ad2d54386bfff6c58a10a03a9939532ef86b7c501dd7949,0,0,0,False,True,abstain,fixed,none,standard,0.50000000000000011,0.35000000000000003,0.50000000000000011,0.35000000000000003,0.50000000000000011,0.35000000000000003
538,numerical_frozen_W,2022-06-23,2022-06-24,bear,0.0059808442373948997,0.36267934782742151,0.35000000000000003,0.0020805895936391039,0.0020784281646224405,0.0020932954830882151,0.012679347827421472,1.2679347827421472e-05,1.1264284620988303e-05,0.88839621519232803,0.89024460311268561,ABSTAIN,0,0.50000000000000011,0.50000000000000011,0.36267934782742151,0.35000000000000003,0.0020805895936391039,0.0020805895936392999,-1.95590071916385e-16,True,,0,[],0,[],0,538,0,0,,29c6c344249268b56f2ab33086cad330deb068cf97d26c9955445473da15929f,0,0,0,False,True,abstain,fixed,none,standard,0.50000000000000011,0.35000000000000003,0.50000000000000011,0.35000000000000003,0.50000000000000011,0.35000000000000003
539,numerical_frozen_W,2022-06-24,2022-06-25,bear,0.012389939180944901,0.35135779978784459,0.35000000000000003,0.0043351150254729021,0.0043257454832664449,0.0043364787133307152,0.0013577997878445602,1.3577997878445604e-06,1.2087739332361693e-06,0.89024460311268561,0.89410391586798554,ABSTAIN,0,0.49999999999999989,0.49999999999999989,0.35135779978784459,0.35000000000000003,0.0043351150254729021,0.0043351150254729003,1.7347234759768071e-18,True,,0,[],0,[],0,539,0,0,,0ff73a603856c2b3b4797322825c14a99c0d8faa8065c5724b0c736dd8857912,0,0,0,False,True,abstain,fixed,none,standard,0.49999999999999989,0.35000000000000003,0.49999999999999989,0.35000000000000003,0.49999999999999989,0.35000000000000003
540,numerical_frozen_W,2022-06-25,2022-06-26,bear,-0.020772548964862501,0.35280654065983558,0.35000000000000003,-0.0072731782737105455,-0.0072997567867345379,-0.0072703921377018756,0.0028065406598355436,2.8065406598355437e-06,2.5093389940016793e-06,0.89410391586798554,0.88760093869265499,ABSTAIN,0,0.5,0.5,0.35280654065983558,0.35000000000000003,-0.0072731782737105455,-0.0072731782737105004,-4.5970172113385388e-17,True,,0,[],0,[],0,540,0,0,,9b9dcb99cef31a6320bd5fbd9ffad226f9ad5c7c18aaa340b80415f6b5a574b5,0,0,0,False,True,abstain,fixed,none,standard,0.5,0.35000000000000003,0.5,0.35000000000000003,0.5,0.35000000000000003
541,numerical_frozen_W,2022-06-26,2022-06-27,bear,-0.0148882077601159,0.34523963539308311,0.35000000000000003,-0.0052156082749934551,-0.0052292570382519252,-0.0052108727160405655,0.0047603646069169225,4.7603646069169224e-06,4.225304093618752e-06,0.88760093869265499,0.88297155989191767,ABSTAIN,0,0.5,0.5,0.34523963539308311,0.35000000000000003,-0.0052156082749934551,-0.0052156082749933996,-5.6378512969246231e-17,True,,0,[],0,[],0,541,0,0,,b92f4b23c5360ec7d16ec693627ef7f899ae2be76e114b267e645dc8e0f10c09,0,0,0,False,True,abstain,fixed,none,standard,0.5,0.35000000000000003,0.5,0.35000000000000003,0.5,0.35000000000000003
542,numerical_frozen_W,2022-06-27,2022-06-28,bear,-0.021813585976015602,0.34659519070672401,0.35000000000000003,-0.0076381339060136444,-0.0076674538459684059,-0.0076347550916054611,0.0034048092932760232,3.4048092932760232e-06,3.0063497728184278e-06,0.88297155989191767,0.87622730488226142,ABSTAIN,0,0.5,0.5,0.34659519070672401,0.35000000000000003,-0.0076381339060136444,-0.0076381339060136002,-4.5102810375396984e-17,True,,0,[],0,[],0,542,0,0,,6d79e28f7ab537924a1b80af023bfe9dcd4293a95a6f4097447676ef35f45d19,0,0,0,False,True,abstain,fixed,none,standard,0.5,0.35000000000000003,0.5,0.35000000000000003,0.5,0.35000000000000003
543,numerical_frozen_W,2022-06-28,2022-06-29,bear,-0.0082207318275963996,0.34499922953266909,0.35000000000000003,-0.0028822425216284975,-0.0028864041811368746,-0.0028772561396587402,0.0050007704673309394,5.0007704673309393e-06,4.3818116289241955e-06,0.87622730488226142,0.87370180528551777,ABSTAIN,0,0.49999999999999994,0.49999999999999994,0.34499922953266909,0.35000000000000003,-0.0028822425216284975,-0.0028822425216283999,-9.8011876392689601e-17,True,,0,[],0,[],0,543,0,0,,96b6a0a39216bf36caa75b085220c0f41f7c351290ba58c20003b8b74ecce214,0,0,0,False,True,abstain,fixed,none,standard,0.49999999999999994,0.35000000000000003,0.49999999999999994,0.35000000000000003,0.49999999999999994,0.35000000000000003
544,numerical_frozen_W,2022-06-29,2022-06-30,bear,-0.0091838916430066996,0.34812438688988517,0.35000000000000003,-0.0032162316592628803,-0.0032214148488486321,-0.0032143620750523451,0.0018756131101148599,1.87561311011486e-06,1.6387265603245378e-06,0.87370180528551777,0.87089177787860339,ABSTAIN,0,0.49999999999999994,0.49999999999999994,0.34812438688988517,0.35000000000000003,-0.0032162316592628803,-0.0032162316592628001,-8.0230960763927328e-17,True,,0,[],0,[],0,544,0,0,,e0db1765ad935b0410c631a7e9c6c069c42aee7d187da15179d721c90bd67b3a,0,0,0,False,True,abstain,fixed,none,standard,0.49999999999999994,0.35000000000000003,0.49999999999999994,0.35000000000000003,0.49999999999999994,0.35000000000000003
545,numerical_frozen_W,2022-06-30,2022-07-01,bear,-0.033307237561851798,0.34790392711402479,0.35000000000000003,-0.011659604784494904,-0.011728111000603935,-0.011657533146648131,0.002096072885975242,2.0960728859752419e-06,1.8254526422301135e-06,0.87089177787860339,0.8607375239384728,ABSTAIN,0,0.5,0.5,0.34790392711402479,0.35000000000000003,-0.011659604784494904,-0.011659604784495001,9.8879238130678004e-17,True,,0,[],0,[],0,545,0,0,,addd5bde224f062662152d2cead0572ba4004edee54ff8082bf4e44f75a60a9e,0,0,0,False,True,abstain,fixed,none,standard,0.5,0.35000000000000003,0.5,0.35000000000000003,0.5,0.35000000000000003
546,numerical_frozen_W,2022-07-01,2022-07-02,bear,-0.0010226912873969999,0.34233322780367226,0.35000000000000003,-0.00036560597852586252,-0.00036567282868600479,-0.00035794195058895002,0.0076667721963277757,7.6667721963277759e-06,6.599078516867496e-06,0.8607375239384728,0.86042283315377932,ABSTAIN,0,0.5,0.5,0.34233322780367226,0.35000000000000003,-0.00036560597852586252,-0.00036560597852589998,3.7459185059374178e-17,True,,0,[],0,[],0,546,0,0,,ffe0cdde0513c2ed8109fbc60f156f42f2ac92b68170fc3b7ac78838ce041d70,0,0,0,False,True,abstain,fixed,none,standard,0.5,0.35000000000000003,0.5,0.35000000000000003,0.5,0.35000000000000003
547,numerical_frozen_W,2022-07-02,2022-07-03,bear,0.0034661594745157001,0.34976725442271134,0.35000000000000003,0.0012129227881465532,0.0012121877915709136,0.0012131558160804951,0.00023274557728869549,2.327455772886955e-07,2.002596090147513e-07,0.86042283315377932,0.86146645961555313,ABSTAIN,0,0.5,0.5,0.34976725442271134,0.35000000000000003,0.0012129227881465532,0.0012129227881467,-1.465841337200402e-16,True,,0,[],0,[],0,547,0,0,,95b285a51877ada1c9e8f8735ac445a77101463b29eb45cdba7c7088c277ef5a,0,0,0,False,True,abstain,fixed,none,standard,0.5,0.35000000000000003,0.5,0.35000000000000003,0.5,0.35000000000000003
548,numerical_frozen_W,2022-07-03,2022-07-04,bear,0.046913759263382801,0.35078759580402202,0.35000000000000003,0.016419015214202082,0.01628568068537159,0.016419815742183982,0.00078759580402198992,7.8759580402198994e-07,6.7848736889888869e-07,0.86146645961555313,0.87561089052250574,ABSTAIN,0,0.5,0.5,0.35078759580402202,0.35000000000000003,0.016419015214202082,0.016419015214201998,7.9797279894933126e-17,True,,0,[],0,[],0,548,0,0,,fd8e4e8d64cf8f278365b479da5b8112f9505aa0e1eda8d83f23e94af1ceb49c,0,0,0,False,True,abstain,fixed,none,standard,0.5,0.35000000000000003,0.5,0.35000000000000003,0.5,0.35000000000000003
549,numerical_frozen_W,2022-07-04,2022-07-05,bear,-0.00075188713778340005,0.3605004645394741,0.35000000000000003,-0.00027365819945612824,-0.00027369565069390773,-0.00026316049822419006,0.010500464539474064,1.0500464539474063e-05,9.1943211063088777e-06,0.87561089052250574,0.87537127242278112,ABSTAIN,0,0.5,0.5,0.3605004645394741,0.35000000000000003,-0.00027365819945612824,-0.00027365819945609999,-2.8243466593247391e-17,True,,0,[],0,[],0,549,0,0,,beb40ed90f2ce14559d9f9feb3b229371aaff12d3324efa566748df455d6134f,0,0,0,False,True,abstain,fixed,none,standard,0.5,0.35000000000000003,0.5,0.35000000000000003,0.5,0.35000000000000003
550,numerical_frozen_W,2022-07-05,2022-07-06,bear,0.017846004574121499,0.34982890064956401,0.35000000000000003,0.0062459294328880421,0.0062265044583674723,0.0062461016009425253,0.00017109935043602142,1.7109935043602142e-07,1.4977545610189141e-07,0.87537127242278112,0.88083877961791124,ABSTAIN,0,0.49999999999999994,0.49999999999999994,0.34982890064956401,0.35000000000000003,0.0062459294328880421,0.0062459294328879996,4.163336342344337e-17,True,,0,[],0,[],0,550,0,0,,74f397d5222b505bcb5171640d32a1f78c8bf46e7033c113e3529c984e61407c,0,0,0,False,True,abstain,fixed,none,standard,0.49999999999999994,0.35000000000000003,0.49999999999999994,0.35000000000000003,0.49999999999999994,0.35000000000000003
551,numerical_frozen_W,2022-07-06,2022-07-07,bear,0.052365875366590299,0.35403476449166188,0.35000000000000003,0.018323947664423912,0.018158087216828218,0.018328056378306607,0.0040347644916618464,4.0347644916618461e-06,3.5539770308811028e-06,0.88083877961791124,0.89697922331642488,ABSTAIN,0,0.49999999999999994,0.49999999999999994,0.35403476449166188,0.35000000000000003,0.018323947664423912,0.018323947664423901,1.0408340855860843e-17,True,,0,[],0,[],0,551,0,0,,0d6e6161da5ffb2ae76e06650e916e96ebebc1f22c70db017dc3ccd5c3539afc,0,0,0,False,True,abstain,fixed,none,standard,0.49999999999999994,0.35000000000000003,0.49999999999999994,0.35000000000000003,0.49999999999999994,0.35000000000000003
552,numerical_frozen_W,2022-07-07,2022-07-08,bear,-0.0012293301537124001,0.36169882001313886,0.35000000000000003,-0.00044195934021318273,-0.00044205703302761183,-0.00043026555379934009,0.011698820013138822,1.1698820013138823e-05,1.0493598489103909e-05,0.89697922331642488,0.89658279497070303,ABSTAIN,0,0.5,0.5,0.36169882001313886,0.35000000000000003,-0.00044195934021318273,-0.0004419593402131,-8.2778835869268264e-17,True,,0,[],0,[],0,552,0,0,,73a9e814a24004ee6f5420a06ace7ca1969ebb1796592fd944f68e41bf968c03,0,0,0,False,True,abstain,fixed,none,standard,0.5,0.35000000000000003,0.5,0.35000000000000003,0.5,0.35000000000000003
553,numerical_frozen_W,2022-07-08,2022-07-09,bear,-0.0010966535870289,0.34972020700474243,0.35000000000000003,-0.00038410844106273601,-0.00038418222960579027,-0.00038382875546011505,0.00027979299525759949,2.7979299525759951e-07,2.5085758570128318e-07,0.89658279497070303,0.8962384099510432,ABSTAIN,0,0.5,0.5,0.34972020700474243,0.35000000000000003,-0.00038410844106273601,-0.00038410844106270001,-3.5995512126518747e-17,True,,0,[],0,[],0,553,0,0,,2213ef6e28360b5d2bf3d8907b8f5dde7555b02955566081bd489c4001705382,0,0,0,False,True,abstain,fixed,none,standard,0.5,0.35000000000000003,0.5,0.35000000000000003,0.5,0.35000000000000003
554,numerical_frozen_W,2022-07-09,2022-07-10,bear,-0.0342837290098435,0.3497504155112473,0.35000000000000003,-0.011999551743093528,-0.01207212753304982,-0.011999305153445225,0.00024958448875272987,2.4958448875272987e-07,2.2368720534819064e-07,0.8962384099510432,0.88548395077668784,ABSTAIN,0,0.49999999999999994,0.49999999999999994,0.3497504155112473,0.35000000000000003,-0.011999551743093528,-0.011999551743093501,-2.7755575615628914e-17,True,,0,[],0,[],0,554,0,0,,e252a80c78ca6922e1d0fb25d581fc3014abbea5e5b5570c39e2ea67561aeb6f,0,0,0,False,True,abstain,fixed,none,standard,0.49999999999999994,0.35000000000000003,0.49999999999999994,0.35000000000000003,0.49999999999999994,0.35000000000000003
555,numerical_frozen_W,2022-07-10,2022-07-11,bear,-0.042412962767539301,0.34210572584571847,0.35000000000000003,-0.014852314055948446,-0.014963714080591902,-0.014844536968638756,0.0078942741542815664,7.8942741542815665e-06,6.9902530666475385e-06,0.88548395077668784,0.87233246504825046,ABSTAIN,0,0.5,0.5,0.34210572584571847,0.35000000000000003,-0.014852314055948446,-0.014852314055948401,-4.5102810375396984e-17,True,,0,[],0,[],0,555,0,0,,bf88b6c692767f56f4ccca6371ec960ece069abd932317b2d0fd18c03ed7f8ef,0,0,0,False,True,abstain,fixed,none,standard,0.5,0.35000000000000003,0.5,0.35000000000000003,0.5,0.35000000000000003
556,numerical_frozen_W,2022-07-11,2022-07-12,bear,-0.0316732788330528,0.3402056585059936,0.35000000000000003,-0.011095333356444304,-0.01115734569259628,-0.011085647591568481,0.0097943414940064311,9.794341494006431e-06,8.5439220589909945e-06,0.87233246504825046,0.8626536455508913,ABSTAIN,0,0.5,0.5,0.3402056585059936,0.35000000000000003,-0.011095333356444304,-0.0110953333564443,-3.4694469519536142e-18,True,,0,[],0,[],0,556,0,0,,b35e2f4a54e1a7132ef8d1aa7ab2ec28ccdf1beaf230b442366bea35898de7b3,0,0,0,False,True,abstain,fixed,none,standard,0.5,0.35000000000000003,0.5,0.35000000000000003,0.5,0.35000000000000003
557,numerical_frozen_W,2022-07-12,2022-07-13,bear,0.047545639364954401,0.34271355409397125,0.35000000000000003,0.016633566078272821,0.016496743465391591,0.01664097377773404,0.0072864459060287823,7.2864459060287827e-06,6.2856791239450961e-06,0.8626536455508913,0.87700265196682503,ABSTAIN,0,0.5,0.5,0.34271355409397125,0.35000000000000003,0.016633566078272821,0.0166335660782728,2.0816681711721685e-17,True,,0,[],0,[],0,557,0,0,,98b04f47ad729d1d4a83d05818dae5285598aaf17f1719077cfc36924ebe01e0,0,0,0,False,True,abstain,fixed,none,standard,0.5,0.35000000000000003,0.5,0.35000000000000003,0.5,0.35000000000000003
558,numerical_frozen_W,2022-07-13,2022-07-14,bear,0.016592592592592399,0.3606395799840072,0.45000000000000001,0.0073766390221812195,0.0073495646841021632,0.0074666666666665799,0.089360420015992814,8.9360420015992809e-05,7.8369325334895045e-05,0.87700265196682503,0.88347198395187998,ABSTAIN,0,0.5,0.5,0.3606395799840072,0.45000000000000001,0.0073766390221812195,0.0065974153804555001,0.0007738170001794116,True,,0,[],0,[],0,558,0,0,,a0e3c83d1cb7081287f203ca6efd53fa1cb128c8f10ea417ade98849e46d78a5,0,0,0,False,True,abstain,fixed,none,standard,0.5,0.45000000000000001,0.5,0.45000000000000001,0.5,0.45000000000000001
559,numerical_frozen_W,2022-07-14,2022-07-15,bear,0.0116146895948703,0.45407623080995241,0.45000000000000001,0.0052225127820115791,0.0052089227576478476,0.0052266103176916347,0.0040762308099523969,4.0762308099523974e-06,3.6012357207144226e-06,0.88347198395187998,0.88808592768061778,ABSTAIN,0,0.49999999999999989,0.49999999999999989,0.45407623080995241,0.45000000000000001,0.0052225127820115791,0.0046419014926925998,0.00057776166526097433,True,,0,[],0,[],0,559,0,0,,d567bf41dbfad4b60bc202fa1df12f403c1857947d14d6a656a04225d4cfa248,0,0,0,False,True,abstain,fixed,none,standard,0.49999999999999989,0.45000000000000001,0.49999999999999989,0.45000000000000001,0.49999999999999989,0.45000000000000001
560,numerical_frozen_W,2022-07-15,2022-07-16,bear,0.0184777023879838,0.4528596891936853,0.45000000000000001,0.0083120826071803044,0.0082777274922949933,0.0083149660745927105,0.0028596891936852886,2.8596891936852886e-06,2.5396497304522376e-06,0.88808592768061778,0.89546777127377342,ABSTAIN,0,0.5,0.5,0.4528596891936853,0.45000000000000001,0.0083120826071803044,0.0073882858127488999,0.00091660136951157625,True,,0,[],0,[],0,560,0,0,,6c7d0a0e4283a4b5464fe81c72ddbc1e8133bb3bec360686a37bdc5ca0876a7c,0,0,0,False,True,abstain,fixed,none,standard,0.5,0.45000000000000001,0.5,0.45000000000000001,0.5,0.45000000000000001
561,numerical_frozen_W,2022-07-16,2022-07-17,bear,-0.020004809075007499,0.45453551865726027,0.45000000000000001,-0.0090066587729276115,-0.0090474639208661944,-0.009002164083753374,0.0045355186572602624,4.5355186572602621e-06,4.0614107835874644e-06,0.89546777127377342,0.88740259861575654,ABSTAIN,0,0.5,0.5,0.45453551865726027,0.45000000000000001,-0.0090066587729276115,-0.0080062905168428004,-0.0010089509566788054,True,,0,[],0,[],0,561,0,0,,4a0b522dc0aff4990a22133e7463fe4d6db392b8cd21c35dea4c3afa6eeeef4c,0,0,0,False,True,abstain,fixed,none,standard,0.5,0.45000000000000001,0.5,0.45000000000000001,0.5,0.45000000000000001
562,numerical_frozen_W,2022-07-17,2022-07-18,bear,0.083721422523285405,0.44500383344279798,0.45000000000000001,0.03766945574014402,0.036977290619561634,0.037674640135478436,0.0049961665572020308,4.9961665572020312e-06,4.4336111859782202e-06,0.88740259861575654,0.92083057152800163,ABSTAIN,0,0.49999999999999994,0.49999999999999994,0.44500383344279798,0.45000000000000001,0.03766945574014402,0.033483567046024697,0.0040420909004089609,True,,0,[],0,[],0,562,0,0,,a05e4aa5b7afad95ea1676bb01fc70eca4bfcc3999bca3552bdaf3a162e517e6,0,0,0,False,True,abstain,fixed,none,standard,0.49999999999999994,0.45000000000000001,0.49999999999999994,0.45000000000000001,0.49999999999999994,0.45000000000000001
563,numerical_frozen_W,2022-07-18,2022-07-19,bear,0.039261646645180198,0.4699687370906625,0.45000000000000001,0.017647419450765645,0.017493511821039129,0.017667740990331089,0.019968737090662492,1.9968737090662492e-05,1.8387823587887147e-05,0.92083057152800163,0.93708085486684456,ABSTAIN,0,0.49999999999999983,0.49999999999999983,0.4699687370906625,0.45000000000000001,0.017647419450765645,0.015684911272426199,0.001930337464346862,True,,0,[],0,[],0,563,0,0,,cfaec859946f022c3b320fd65fef4fe2992f0d46bba152de5fb802be3d3e3a86,0,0,0,False,True,abstain,fixed,none,standard,0.49999999999999983,0.45000000000000001,0.49999999999999983,0.45000000000000001,0.49999999999999983,0.45000000000000001
564,numerical_frozen_W,2022-07-19,2022-07-20,bear,-0.0083297024373990003,0.45954855612817785,0.45000000000000001,-0.003757878861473718,-0.0037649574274025385,-0.0037483660968295504,0.009548556128177843,9.5485561281778435e-06,8.9477691393369413e-06,0.93708085486684456,0.93355941853084867,ABSTAIN,0,0.5,0.5,0.45954855612817785,0.45000000000000001,-0.003757878861473718,-0.0033411271662443002,-0.00041823623207056177,True,,0,[],0,[],0,564,0,0,,a6bca7061b8c07d5c97681e5c8ee5cbe2c461d77882aeaa016b18e2015008583,0,0,0,False,True,abstain,fixed,none,standard,0.5,0.45000000000000001,0.5,0.45000000000000001,0.5,0.45000000000000001
565,numerical_frozen_W,2022-07-20,2022-07-21,bear,-0.0026792790930079999,0.44793064193513121,0.45000000000000001,-0.0012077424549439275,-0.0012084723636163126,-0.0012056755918536,0.0020693580648687981,2.0693580648687983e-06,1.9318687117710373e-06,0.93355941853084867,0.93243191918687618,ABSTAIN,0,0.5,0.5,0.44793064193513121,0.45000000000000001,-0.0012077424549439275,-0.0010737152992621999,-0.00013418021913351843,True,,0,[],0,[],0,565,0,0,,920c8315dad9dae387bd17ce1cbcb93e614bf44863826cbe22f8c1c7ffba2c22,0,0,0,False,True,abstain,fixed,none,standard,0.5,0.45000000000000001,0.5,0.45000000000000001,0.5,0.45000000000000001
566,numerical_frozen_W,2022-07-21,2022-07-22,bear,-0.020636634561395799,0.44933607794986974,0.45000000000000001,-0.0092871433091756828,-0.0093305377068953442,-0.0092864855526281105,0.00066392205013027228,6.6392205013027224e-07,6.1906211139345519e-07,0.93243191918687618,0.92377229032733799,ABSTAIN,0,0.49999999999999994,0.49999999999999994,0.44933607794986974,0.45000000000000001,-0.0092871433091756828,-0.0082552922277596003,-0.0010409818531227112,True,,0,[],0,[],0,566,0,0,,a8ea8497d2d24a97d713813473f31795984532fd63cdedeb3198e2bcb3814af0,0,0,0,False,True,abstain,fixed,none,standard,0.49999999999999994,0.45000000000000001,0.49999999999999994,0.45000000000000001,0.49999999999999994,0.45000000000000001
567,numerical_frozen_W,2022-07-22,2022-07-23,bear,-0.0094729043183741993,0.44484455699910941,0.45000000000000001,-0.0042679404096109819,-0.0042770740644747724,-0.0042628069432683897,0.0051554430008906027,5.1554430008906026e-06,4.7624553885847569e-06,0.92377229032733799,0.91982968524017106,ABSTAIN,0,0.49999999999999994,0.49999999999999994,0.44484455699910941,0.45000000000000001,-0.0042679404096109819,-0.0037941368203839999,-0.00047572124888678805,True,,0,[],0,[],0,567,0,0,,01acdea16eabca594a737576deb3b789ccefd4200ee3c202bc7062e520543a02,0,0,0,False,True,abstain,fixed,none,standard,0.49999999999999994,0.45000000000000001,0.49999999999999994,0.45000000000000001,0.49999999999999994,0.45000000000000001
568,numerical_frozen_W,2022-07-23,2022-07-24,bear,0.0054184253174474001,0.44764541905721095,0.45000000000000001,0.002435931070754016,0.0024329689999549558,0.00243829139285133,0.002354580942789064,2.3545809427890641e-06,2.1658134474781698e-06,0.91982968524017106,0.92207032695024949,ABSTAIN,0,0.5,0.5,0.44764541905721095,0.45000000000000001,0.002435931070754016,0.0021650830362761999,0.0002702263784363397,True,,0,[],0,[],0,568,0,0,,079c7b0552916c0e454e33e79245799c4cc17c3a05977af76101cbd427b76d89,0,0,0,False,True,abstain,fixed,none,standard,0.5,0.45000000000000001,0.5,0.45000000000000001,0.5,0.45000000000000001
569,numerical_frozen_W,2022-07-24,2022-07-25,bear,-0.056690918913652702,0.45133779832392962,0.45000000000000001,-0.025512217181010377,-0.025843296984335434,-0.025510913511143717,0.0013377983239296065,1.3377983239296065e-06,1.2335441379392681e-06,0.92207032695024949,0.89854626851292951,ABSTAIN,0,0.5,0.5,0.45133779832392962,0.45000000000000001,-0.025512217181010377,-0.022677635750062802,-0.0029045687953181305,True,,0,[],0,[],0,569,0,0,,97e7e1af3fd77842e3e40e7479d01065efb52c7db826629e3f3a602760f9355d,0,0,0,False,True,abstain,fixed,none,standard,0.5,0.45000000000000001,0.5,0.45000000000000001,0.5,0.45000000000000001
570,numerical_frozen_W,2022-07-25,2022-07-26,bear,-0.0024974298067308,0.43560168335831895,0.45000000000000001,-0.0011382255482171866,-0.0011388738188820035,-0.00112384341302886,0.014398316641681064,1.4398316641681064e-05,1.2937553691250135e-05,0.89854626851292951,0.89752352019385284,ABSTAIN,0,0.5,0.5,0.43560168335831895,0.45000000000000001,-0.0011382255482171866,-0.0010128795253078,-0.00012548098446501284,True,,0,[],0,[],0,570,0,0,,66f184d79409365ef792d2b4c1fa9e50efd1f20d6de50ddcc8fabfba211ff269,0,0,0,False,True,abstain,fixed,none,standard,0.5,0.45000000000000001,0.5,0.45000000000000001,0.5,0.45000000000000001
571,numerical_frozen_W,2022-07-26,2022-07-27,bear,0.080456686762013493,0.44938119067805371,0.45000000000000001,0.036204867829277676,0.035564873157519925,0.036205509042906071,0.00061880932194630089,6.1880932194630091e-07,5.5539592096201516e-07,0.89752352019385284,0.93001824061613936,ABSTAIN,0,0.5,0.5,0.44938119067805371,0.45000000000000001,0.036204867829277676,0.032182055413243899,0.0038898113724622901,True,,0,[],0,[],0,571,0,0,,c3f7f47e2ed335abefd91745e88dd34aa9ab6d4b87dc384295fcde7de7e5c074,0,0,0,False,True,abstain,fixed,none,standard,0.5,0.45000000000000001,0.5,0.45000000000000001,0.5,0.45000000000000001
572,numerical_frozen_W,2022-07-27,2022-07-28,bear,0.0388399837967097,0.46921725931759528,0.45000000000000001,0.017458439570083417,0.017307791869039836,0.017477992708519366,0.01921725931759527,1.9217259317595269e-05,1.7872401700014063e-05,0.93001824061613936,0.94625490786901156,ABSTAIN,0,0.5,0.5,0.46921725931759528,0.45000000000000001,0.017458439570083417,0.0155169953324143,0.001909954045213557,True,,0,[],0,[],0,572,0,0,,c1d70ed991101b9d0bdcc10194e4890ea711753e0f84b114c32bf1287f5d33d2,0,0,0,False,True,abstain,fixed,none,standard,0.5,0.45000000000000001,0.5,0.45000000000000001,0.5,0.45000000000000001
573,numerical_frozen_W,2022-07-28,2022-07-29,bear,-0.0031740041928721,0.45944776796999431,0.45000000000000001,-0.0014377361604975825,-0.0014387706948417026,-0.0014283018867924451,0.0094477679699943029,9.4477679699943038e-06,8.9399968100147579e-06,0.94625490786901156,0.94489444297091996,ABSTAIN,0,0.49999999999999994,0.49999999999999994,0.45944776796999431,0.45000000000000001,-0.0014377361604975825,-0.0012787690148469001,-0.00015918335719318131,True,,0,[],0,[],0,573,0,0,,27fa2565d0d0a2cc15e4e286d312f9c5ca51bcdea245a02dbaffe03a6653f70b,0,0,0,False,True,abstain,fixed,none,standard,0.49999999999999994,0.45000000000000001,0.49999999999999994,0.45000000000000001,0.49999999999999994,0.45000000000000001
574,numerical_frozen_W,2022-07-29,2022-07-30,bear,-0.0058929179828637003,0.44921331033192696,0.45000000000000001,-0.0026525976958028386,-0.0026561220669428817,-0.0026518130922886653,0.00078668966807304841,7.8668966807304846e-07,7.4333869570486102e-07,0.94489444297091996,0.94238801814871842,ABSTAIN,0,0.49999999999999994,0.49999999999999994,0.44921331033192696,0.45000000000000001,-0.0026525976958028386,-0.0023579281246335999,-0.00029540965215701541,True,,0,[],0,[],0,574,0,0,,0f16f60e99cbd0691eb598e63afd4d506682e2558bc945dccf746b22fa7fba2d,0,0,0,False,True,abstain,fixed,none,standard,0.49999999999999994,0.45000000000000001,0.49999999999999994,0.45000000000000001,0.49999999999999994,0.45000000000000001
575,numerical_frozen_W,2022-07-30,2022-07-31,bear,-0.013996665848643,0.44853762485368237,0.45000000000000001,-0.0062999527962662727,-0.0063198812418178594,-0.0062984996318893498,0.0014623751463176404,1.4623751463176405e-06,1.3781248159282233e-06,0.94238801814871842,0.93645101811861453,ABSTAIN,0,0.5,0.5,0.44853762485368237,0.45000000000000001,-0.0062999527962662727,-0.0056000760444879002,-0.00070406598344402264,True,,0,[],0,[],0,575,0,0,,d9d65943cfbf6bee6200532eb975abf61feb1b50d81a41dabd06d4c2f26ca94f,0,0,0,False,True,abstain,fixed,none,standard,0.5,0.45000000000000001,0.5,0.45000000000000001,0.5,0.45000000000000001
576,numerical_frozen_W,2022-07-31,2022-08-01,bear,-0.0013817726168713,0.44651386780008301,0.45000000000000001,-0.00062528164212305448,-0.00062547721221755184,-0.00062179767759208498,0.0034861321999170025,3.4861321999170025e-06,3.2645920479083625e-06,0.93645101811861453,0.93586547248823748,ABSTAIN,0,0.49999999999999989,0.49999999999999989,0.44651386780008301,0.45000000000000001,-0.00062528164212305448,-0.00055608529236470005,-6.923724708316674e-05,True,,0,[],0,[],0,576,0,0,,adad7413112d56a7fdcc23606914a2b945e418f0f59b9bb184c352ef81fdd6d3,0,0,0,False,True,abstain,fixed,none,standard,0.49999999999999989,0.45000000000000001,0.49999999999999989,0.45000000000000001,0.49999999999999989,0.45000000000000001
577,numerical_frozen_W,2022-08-01,2022-08-02,bear,-0.0121437656846231,0.44965779849722465,0.45000000000000001,-0.0054650348895565193,-0.0054800228240601042,-0.0054646945580803952,0.00034220150277536332,3.4220150277536335e-07,3.2025457108105029e-07,0.93586547248823748,0.93075093502915796,ABSTAIN,0,0.49999999999999994,0.49999999999999994,0.44965779849722465,0.45000000000000001,-0.0054650348895565193,-0.0048578364709076002,-0.00061034871312396453,True,,0,[],0,[],0,577,0,0,,97c3e826aa21b3446f859296c28a5e10e5a1b81fd19fb5837e8cd1bdd3368784,0,0,0,False,True,abstain,fixed,none,standard,0.49999999999999994,0.45000000000000001,0.49999999999999994,0.45000000000000001,0.49999999999999994,0.45000000000000001
578,numerical_frozen_W,2022-08-02,2022-08-03,bear,-0.0072992700729925999,0.44697790315688329,0.45000000000000001,-0.0032876837030942907,-0.0032931000098204892,-0.0032846715328466699,0.0030220968431167172,3.0220968431167172e-06,2.8128194624795512e-06,0.93075093502915796,0.92769092034842282,ABSTAIN,0,0.49999999999999994,0.49999999999999994,0.44697790315688329,0.45000000000000001,-0.0032876837030942907,-0.0029226282082494,-0.0003661925840074483,True,,0,[],0,[],0,578,0,0,,009a464b243bb6bd810b338aa403304b3d2de39e59b4b53e772e3184551f65af,0,0,0,False,True,abstain,fixed,none,standard,0.49999999999999994,0.45000000000000001,0.49999999999999994,0.45000000000000001,0.49999999999999994,0.45000000000000001
579,numerical_frozen_W,2022-08-03,2022-08-04,bear,-0.0091451658136436995,0.44818747711461004,0.45000000000000001,-0.0041171296799048518,-0.0041256283931961832,-0.0041153246161396645,0.0018125228853899666,1.8125228853899667e-06,1.681461023699997e-06,0.92769092034842282,0.92387149652647804,ABSTAIN,0,0.49999999999999983,0.49999999999999983,0.44818747711461004,0.45000000000000001,-0.0041171296799048518,-0.0036598168530129001,-0.00045909802532245877,True,,0,[],0,[],0,579,0,0,,d5f7123242e818bd1e593dc55bbb8b61ffe088a55282208f6b38f9862a878887,0,0,0,False,True,abstain,fixed,none,standard,0.49999999999999983,0.45000000000000001,0.49999999999999983,0.45000000000000001,0.49999999999999983,0.45000000000000001
580,numerical_frozen_W,2022-08-04,2022-08-05,bear,0.030784403040849902,0.44772721822634293,0.45000000000000001,0.013850677101805209,0.013755633084167017,0.013852981368382457,0.0022727817736570843,2.2727817736570845e-06,2.0997582985066739e-06,0.92387149652647804,0.93666774230842786,ABSTAIN,0,0.49999999999999989,0.49999999999999989,0.44772721822634293,0.45000000000000001,0.013850677101805209,0.0123115311922354,0.0015192724445482371,True,,0,[],0,[],0,580,0,0,,2f27a7f8b9a53109b553806de642e05fecd385653b9293cf8bad046f5566888e,0,0,0,False,True,abstain,fixed,none,standard,0.49999999999999989,0.45000000000000001,0.49999999999999989,0.45000000000000001,0.49999999999999989,0.45000000000000001
581,numerical_frozen_W,2022-08-05,2022-08-06,bear,-0.0156168215477814,0.45751503412489541,0.45000000000000001,-0.0070350319182004295,-0.0070598944295709176,-0.0070275696965016298,0.0075150341248954033,7.5150341248954034e-06,7.0390900471365697e-06,0.93666774230842786,0.93007825484453932,ABSTAIN,0,0.49999999999999994,0.49999999999999994,0.45751503412489541,0.45000000000000001,-0.0070350319182004295,-0.0062539814142205004,-0.00078627495338815141,True,,0,[],0,[],0,581,0,0,,e84e075b46a270cdaad0de645bd3e8085d729b39a7cef168a1615cc75936d8f4,0,0,0,False,True,abstain,fixed,none,standard,0.49999999999999994,0.45000000000000001,0.49999999999999994,0.45000000000000001,0.49999999999999994,0.45000000000000001
582,numerical_frozen_W,2022-08-06,2022-08-07,bear,0.010072262271074901,0.44610748172344067,0.45000000000000001,0.0045286078607980063,0.0045183845694514186,0.0045325180219837058,0.0038925182765593425,3.8925182765593427e-06,3.6203466056127871e-06,0.93007825484453932,0.93429021454058558,ABSTAIN,0,0.5,0.5,0.44610748172344067,0.45000000000000001,0.0045286078607980063,0.0040251181157063996,0.00050134556932772672,True,,0,[],0,[],0,582,0,0,,5c36a61672e3563ee7e03e65329b41d5fcf5cc0766a70ab80d08ffdcef9367c5,0,0,0,False,True,abstain,fixed,none,standard,0.5,0.45000000000000001,0.5,0.45000000000000001,0.5,0.45000000000000001
583,numerical_frozen_W,2022-08-07,2022-08-08,bear,0.0276587573839388,0.45248163684835191,0.5,0.01378120317937892,0.013687105928790232,0.0138293786919694,0.047518363151648091,4.7518363151648091e-05,4.4395941703570752e-05,0.93429021454058558,0.94716585781567486,ABSTAIN,0,0.49999999999999994,0.49999999999999994,0.45248163684835191,0.5,0.01378120317937892,0.011061068673831199,0.0026867634873871827,True,,0,[],0,[],0,583,0,0,,3d97a0ec1a5cb5b02f7597e79a00b7c0c7ea30f61b0dec4771045f4464622262,0,0,0,False,False,abstain,fixed,none,standard,0.49999999999999994,0.5,0.49999999999999994,0.5,0.49999999999999994,0.5
584,numerical_frozen_W,2022-08-08,2022-08-09,bear,-0.028115198414531101,0.50682036789553875,0.5,-0.014064323697162817,-0.014164163522906385,-0.014057599207265551,0.0068203678955387481,6.8203678955387486e-06,6.4600196083964478e-06,0.94716585781567486,0.93384461059645429,ABSTAIN,0,0.49999999999999994,0.49999999999999994,0.50682036789553875,0.5,-0.014064323697162817,-0.0112525709948086,-0.00284780337165828,True,,0,[],0,[],0,584,0,0,,44b673267de5a45571a7dc839328531378a38ebb2a553e30f353630a5a05b962,0,0,0,False,False,abstain,fixed,none,standard,0.49999999999999994,0.5,0.49999999999999994,0.5,0.49999999999999994,0.5
585,numerical_frozen_W,2022-08-09,2022-08-10,bear,0.035262045993597203,0.49287098354023384,0.5,0.017623768288485886,0.017470270532680802,0.017631022996798602,0.0071290164597661576,7.1290164597661578e-06,6.657393599806041e-06,0.93384461059645429,0.95030247163105752,ABSTAIN,0,0.49999999999999994,0.49999999999999994,0.49287098354023384,0.5,0.017623768288485886,0.0140978977452714,0.0034708239240909544,True,,0,[],0,[],0,585,0,0,,ea73193683b2be64c1a43ce4497b85cdbd86e464153454bec958a043a3428cb1,0,0,0,False,False,abstain,fixed,none,standard,0.49999999999999994,0.5,0.49999999999999994,0.5,0.49999999999999994,0.5
586,numerical_frozen_W,2022-08-10,2022-08-11,bear,-0.0011517804606287999,0.5086627778626861,0.5,-0.00058454801936791423,-0.00058471893416990584,-0.00057589023031439995,0.0086627778626860996,8.6627778626860991e-06,8.2322592141014098e-06,0.95030247163105752,0.9497469742034651,ABSTAIN,0,0.49999999999999994,0.49999999999999994,0.5086627778626861,0.5,-0.00058454801936791423,-0.00046905352326089998,-0.00011555537089404767,True,,0,[],0,[],0,586,0,0,,d03594eb02d31fa8e305998403916a1ad91882e619705d65a86f1f3ededaf205,0,0,0,False,False,abstain,fixed,none,standard,0.49999999999999994,0.5,0.49999999999999994,0.5,0.49999999999999994,0.5
587,numerical_frozen_W,2022-08-11,2022-08-12,bear,0.019360526084903899,0.49971188896451219,0.5,0.0096799721424258856,0.0096334213777396101,0.0096802630424519497,0.00028811103548781469,2.8811103548781469e-07,2.7363258418917914e-07,0.9497469742034651,0.95894049845610796,ABSTAIN,0,0.49999999999999989,0.49999999999999989,0.49971188896451219,0.5,0.0096799721424258856,0.0077439317375408998,0.001919319975828471,True,,0,[],0,[],0,587,0,0,,edfe50933b4c607c692e6932fa30241573d46d5e8e4d6b9f956de8de11d33819,0,0,0,False,False,abstain,fixed,none,standard,0.49999999999999989,0.5,0.49999999999999989,0.5,0.49999999999999989,0.5
588,numerical_frozen_W,2022-08-12,2022-08-13,bear,0.0017951776119217999,0.50479372698307612,0.5,0.00089279077618198421,0.00089239247554542692,0.00089758880596089996,0.0047937269830761187,4.7937269830761191e-06,4.5968989426135082e-06,0.95894049845610796,0.95979663168803697,ABSTAIN,0,0.5,0.5,0.50479372698307612,0.5,0.00089279077618198421,0.00071345691476589997,0.00017918995017408336,True,,0,[],0,[],0,588,0,0,,e178e158a7ac6e06b9b318b14da56fb3812df468c490138387293e5743dfd937,0,0,0,False,False,abstain,fixed,none,standard,0.5,0.5,0.5,0.5,0.5,0.5
589,numerical_frozen_W,2022-08-13,2022-08-14,bear,-0.0057154546384371001,0.50044839193140223,0.5,-0.0028581744297679901,-0.0028622668099879457,-0.00285772731921855,0.00044839193140222555,4.4839193140222558e-07,4.3036506543594944e-07,0.95979663168803697,0.95705336549756881,ABSTAIN,0,0.49999999999999994,0.49999999999999994,0.50044839193140223,0.5,-0.0028581744297679901,-0.0026213965634067,-0.00023742837027896681,True,,0,[],0,[],0,589,0,0,,501605df152e2979799236d06bb55e3300b8115834923ed1f8e490d6c6d79739,0,0,0,False,False,abstain,fixed,none,standard,0.49999999999999994,0.5,0.49999999999999994,0.5,0.49999999999999994,0.5
590,numerical_frozen_W,2022-08-14,2022-08-15,bear,-0.0082747666935496008,0.49856704133526719,0.5,-0.0041388103767402429,-0.0041473989582725655,-0.0041373833467748004,0.0014329586647328085,1.4329586647328085e-06,1.3714179127014367e-06,0.95705336549756881,0.95309230309735327,ABSTAIN,0,0.49999999999999989,0.49999999999999989,0.49856704133526719,0.5,-0.0041388103767402429,-0.0037250579537669,-0.00041538569814087269,True,,0,[],0,[],0,590,0,0,,015a1a27e581b6501b2122c92319eceae90712a31161c2483dd0f29d107a9769,0,0,0,False,False,abstain,fixed,none,standard,0.49999999999999989,0.5,0.49999999999999989,0.5,0.49999999999999989,0.5
591,numerical_frozen_W,2022-08-15,2022-08-16,bear,-0.0101611089674172,0.49792271379727093,0.5,-0.0050826212161455553,-0.0050955816693930844,-0.0050805544837086002,0.0020772862027290673,2.0772862027290672e-06,1.9798454911514025e-06,0.95309230309735327,0.94824809593668558,ABSTAIN,0,0.5,0.5,0.49792271379727093,0.5,-0.0050826212161455553,-0.0041121930605966996,-0.00097491029194627949,True,,0,[],0,[],0,591,0,0,,1bd8844bb5c9e6a9857d289e84b53d1cda7b5487bd952fe56a9b089d78e36910,0,0,0,False,False,abstain,fixed,none,standard,0.5,0.5,0.5,0.5,0.5,0.5
592,numerical_frozen_W,2022-08-16,2022-08-17,bear,-0.021746420307836599,0.4974467508366609,0.5,-0.010875735641066919,-0.010935308782177303,-0.010873210153918299,0.0025532491633390997,2.5532491633390996e-06,2.4211136575882367e-06,0.94824809593668558,0.93793520032313316,ABSTAIN,0,0.5,0.5,0.4974467508366609,0.5,-0.010875735641066919,-0.0087009954420839992,-0.0021962386599514629,True,,0,[],0,[],0,592,0,0,,3cf9d43946868944d80f8cc8c63535670bd10cfec4a9b822fedb7a602e24ca6a,0,0,0,False,False,abstain,fixed,none,standard,0.5,0.5,0.5,0.5,0.5,0.5
593,numerical_frozen_W,2022-08-17,2022-08-18,bear,-0.0057588482303538996,0.49450363175604095,0.5,-0.0028849046570456061,-0.0028890740152170261,-0.0028794241151769498,0.0054963682439590489,5.4963682439590494e-06,5.1552372499474378e-06,0.93793520032313316,0.93522934669571389,ABSTAIN,0,0.49999999999999983,0.49999999999999983,0.49450363175604095,0.5,-0.0028849046570456061,-0.0023087921024475999,-0.00057761254281159724,True,,0,[],0,[],0,593,0,0,,d0aeb61f19eab33259fd79318e8e42ae9be9c7aa7bfdb22541fe407577df4ec0,0,0,0,False,False,abstain,fixed,none,standard,0.49999999999999983,0.5,0.49999999999999983,0.5,0.49999999999999983,0.5
594,numerical_frozen_W,2022-08-18,2022-08-19,bear,-0.1022384457584167,0.49855613042955121,0.5,-0.05112059293928839,-0.052473562144635867,-0.051119222879208351,0.0014438695704487858,1.4438695704487858e-06,1.350349195084639e-06,0.93522934669571389,0.88741986795840566,ABSTAIN,0,0.49999999999999983,0.49999999999999983,0.49855613042955121,0.5,-0.05112059293928839,-0.040896706965100102,-0.010717061354069427,True,,0,[],0,[],0,594,0,0,,aab29d0d1f4b5c1b98405e92062e667acd65dbb3fd67ce118d51d011be02a272,0,0,0,False,False,abstain,fixed,none,standard,0.49999999999999983,0.5,0.49999999999999983,0.5,0.49999999999999983,0.5
595,numerical_frozen_W,2022-08-19,2022-08-20,bear,0.014766241185139599,0.4730634110671309,0.45000000000000001,0.006621591870294985,0.0065997654283942407,0.0066448085333128196,0.02306341106713089,2.3063411067130892e-05,2.0466929203863725e-05,0.88741986795840566,0.89329600014161725,ABSTAIN,0,0.49999999999999994,0.49999999999999994,0.4730634110671309,0.45000000000000001,0.006621591870294985,0.0058807618925843996,0.00073622772146146077,True,,0,[],0,[],0,595,0,0,,c15fa7915b2a5fc12fbf8dc3f06c7767c8b08c2d37dae9227119305ee5ed998d,0,0,0,False,True,abstain,fixed,none,standard,0.49999999999999994,0.45000000000000001,0.49999999999999994,0.45000000000000001,0.49999999999999994,0.45000000000000001
596,numerical_frozen_W,2022-08-20,2022-08-21,bear,0.0178959170060881,0.45363052057919706,0.45000000000000001,0.0080495028949876257,0.0080172784581882487,0.0080531626527396444,0.0036305205791970496,3.6305205791970495e-06,3.2431295118285523e-06,0.89329600014161725,0.9004865888808381,ABSTAIN,0,0.5,0.5,0.45363052057919706,0.45000000000000001,0.0080495028949876257,0.0071548184941006001,0.00088793424088442693,True,,0,[],0,[],0,596,0,0,,053f82f2b24484a5ed294c3792ba0eb3a659ff36e281aa219713016e3bcd0479,0,0,0,False,True,abstain,fixed,none,standard,0.5,0.45000000000000001,0.5,0.45000000000000001,0.5,0.45000000000000001
597,numerical_frozen_W,2022-08-21,2022-08-22,bear,-0.0046892718383433002,0.45439385502977953,0.45000000000000001,-0.002114556910493004,-0.0021167957426055772,-0.0021101723272544852,0.0043938550297795143,4.3938550297795141e-06,3.956607527803068e-06,0.9004865888808381,0.89858245874151388,ABSTAIN,0,0.5,0.5,0.45439385502977953,0.45000000000000001,-0.002114556910493004,-0.0018799652296644001,-0.00023506116041355826,True,,0,[],0,[],0,597,0,0,,407f47b6d455af64938c608f31785010c2cc6080a6d5752fc34c182948f696c7,0,0,0,False,True,abstain,fixed,none,standard,0.5,0.45000000000000001,0.5,0.45000000000000001,0.5,0.45000000000000001
598,numerical_frozen_W,2022-08-22,2022-08-23,bear,0.0047113647081895001,0.44883695098616577,0.45000000000000001,0.0021189486038748484,0.0021167067985701626,0.0021201141186852749,0.0011630490138342386,1.1630490138342387e-06,1.0450954424880633e-06,0.89858245874151388,0.90048650878793068,ABSTAIN,0,0.49999999999999989,0.49999999999999989,0.44883695098616577,0.45000000000000001,0.0021189486038748484,0.0018834162181966001,0.00023506198485316837,True,,0,[],0,[],0,598,0,0,,776ccbede455a8ff95a0dff6912e290bd127a0df0bac1917341006463ea29078,0,0,0,False,True,abstain,fixed,none,standard,0.49999999999999989,0.45000000000000001,0.49999999999999989,0.45000000000000001,0.49999999999999989,0.45000000000000001
599,numerical_frozen_W,2022-08-23,2022-08-24,bear,-0.0070641161489412999,0.45116359580937304,0.45000000000000001,-0.0031800121639338208,-0.0031850791475129727,-0.0031788522670235849,0.0011635958093730303,1.1635958093730302e-06,1.0478023280225865e-06,0.90048650878793068,0.89762295073652676,ABSTAIN,0,0.49999999999999983,0.49999999999999983,0.45116359580937304,0.45000000000000001,-0.0031800121639338208,-0.0028267718711804,-0.00035430441148991002,True,,0,[],0,[],0,599,0,0,,8eae466516319c14c910bcc6c611df1864ce386fd7de6bd54150d5606e82f8a3,0,0,0,False,True,abstain,fixed,none,standard,0.49999999999999983,0.45000000000000001,0.49999999999999983,0.45000000000000001,0.49999999999999983,0.45000000000000001
600,numerical_frozen_W,2022-08-24,2022-08-25,bear,0.0093703779978657007,0.44824605572339715,0.45000000000000001,0.0042149087589586909,0.0042060509123229371,0.0042166700990395652,0.001753944276602859,1.7539442766028591e-06,1.5743806369917013e-06,0.89762295073652676,0.90140634957382848,ABSTAIN,0,0.5,0.5,0.44824605572339715,0.45000000000000001,0.0042149087589586909,0.0037464446345522998,0.00046660672239955819,True,,0,[],0,[],0,600,0,0,,4ccc02c7804f2bde472f114f0e5d660519e8fb0f15a071b2c9367e59fa3b819d,0,0,0,False,True,abstain,fixed,none,standard,0.5,0.45000000000000001,0.5,0.45000000000000001,0.5,0.45000000000000001
601,numerical_frozen_W,2022-08-25,2022-08-26,bear,-0.061000491528095897,0.45230943044815525,0.45000000000000001,-0.027452467223714749,-0.027836327793190251,-0.027450221187643155,0.0023094304481552363,2.3094304481552363e-06,2.0817352698662625e-06,0.90140634957382848,0.87666052130690464,ABSTAIN,0,0.49999999999999994,0.49999999999999994,0.45230943044815525,0.45000000000000001,-0.027452467223714749,-0.0244023824357813,-0.0031312731287406331,True,,0,[],0,[],0,601,0,0,,33aea14e6a0622c3d5cbd172e0069cd40485bad530d2f66687bb489f803f6c25,0,0,0,False,True,abstain,fixed,none,standard,0.49999999999999994,0.45000000000000001,0.49999999999999994,0.45000000000000001,0.49999999999999994,0.45000000000000001
602,numerical_frozen_W,2022-08-26,2022-08-27,bear,-0.010666719341823901,0.43447624791849687,0.45000000000000001,-0.0048154729415241793,-0.0048271046879462768,-0.0048000237038207556,0.015523752081503139,1.5523752081503141e-05,1.3609060592409689e-05,0.87666052130690464,0.87243898628764871,ABSTAIN,0,0.49999999999999989,0.49999999999999989,0.43447624791849687,0.45000000000000001,-0.0048154729415241793,-0.0042816299836470999,-0.00053628227821237839,True,,0,[],0,[],0,602,0,0,,020e7fe341d2c747bddd033093b807197cbd3c0e76c2e102b69fca3b231d00b8,0,0,0,False,True,abstain,fixed,none,standard,0.49999999999999989,0.45000000000000001,0.49999999999999989,0.45000000000000001,0.49999999999999989,0.45000000000000001
603,numerical_frozen_W,2022-08-27,2022-08-28,bear,-0.024144075791533399,0.4473472537178641,0.45000000000000001,-0.010867458030823784,-0.010926940191995579,-0.010864834106190029,0.0026527462821359094,2.6527462821359094e-06,2.3143592772649818e-06,0.87243898628764871,0.86295779221971325,ABSTAIN,0,0.49999999999999994,0.49999999999999994,0.4473472537178641,0.45000000000000001,-0.010867458030823784,-0.0096601764692377991,-0.0012198015312787757,True,,0,[],0,[],0,603,0,0,,7fcb80a960423efa747950e19bd7d72ca2066fa42407adfe7eba9449188b6de4,0,0,0,False,True,abstain,fixed,none,standard,0.49999999999999994,0.45000000000000001,0.49999999999999994,0.45000000000000001,0.49999999999999994,0.45000000000000001
604,numerical_frozen_W,2022-08-28,2022-08-29,bear,0.038137717261204497,0.44395870355796646,0.45000000000000001,0.017155827790535039,0.017010328328520865,0.017161972767542024,0.0060412964420335502,6.0412964420335506e-06,5.2133838397620817e-06,0.86295779221971325,0.87776254749353499,ABSTAIN,0,0.5,0.5,0.44395870355796646,0.45000000000000001,0.017155827790535039,0.015249146559845401,0.0018762813652931573,True,,0,[],0,[],0,604,0,0,,da295921e1dd4d83e688616daa1499050b0bb325cefcb7b88d826b60a88ef33c,0,0,0,False,True,abstain,fixed,none,standard,0.5,0.45000000000000001,0.5,0.45000000000000001,0.5,0.45000000000000001
605,numerical_frozen_W,2022-08-29,2022-08-30,bear,-0.024793306989623402,0.45927982491959057,0.45000000000000001,-0.011166164435353454,-0.011228974048782247,-0.01115698814533053,0.0092798249195905624,9.2798249195905632e-06,8.1454827617138013e-06,0.87776254749353499,0.86796130655302739,ABSTAIN,0,0.5,0.5,0.45927982491959057,0.45000000000000001,-0.011166164435353454,-0.0099262489056388004,-0.0012531314754978106,True,,0,[],0,[],0,605,0,0,,2e4a7416900dd23d25b185a9384f9d446d9eadeada71951b76f0e8d393645874,0,0,0,False,True,abstain,fixed,none,standard,0.5,0.45000000000000001,0.5,0.45000000000000001,0.5,0.45000000000000001
606,numerical_frozen_W,2022-08-30,2022-08-31,bear,0.012696664409931099,0.4437944209481518,0.45000000000000001,0.0057072579498473885,0.0056910332562641391,0.0057134989844689951,0.006205579051848209,6.2055790518482093e-06,5.3862025017602687e-06,0.86796130655302739,0.87291498562001213,ABSTAIN,0,0.5,0.5,0.4437944209481518,0.45000000000000001,0.0057072579498473885,0.0050726252444524,0.00063123043130844034,True,,0,[],0,[],0,606,0,0,,0f7213f3e7615ab965d67c73a137ce1bdfe51c044210e56f382572507cd0acb7,0,0,0,False,True,abstain,fixed,none,standard,0.5,0.45000000000000001,0.5,0.45000000000000001,0.5,0.45000000000000001
607,numerical_frozen_W,2022-08-31,2022-09-01,bear,0.0041009983087121,0.4531245722013586,0.45000000000000001,0.0018423189004797003,0.0018406239125004626,0.0018454492389204449,0.0031245722013585886,3.1245722013585888e-06,2.7274858982176223e-06,0.87291498562001213,0.87452317339653185,ABSTAIN,0,0.49999999999999994,0.49999999999999994,0.4531245722013586,0.45000000000000001,0.0018423189004797003,0.0016373625481692999,0.00020460038095038917,True,,0,[],0,[],0,607,0,0,,947f904d87dd8633257860abb8860a8a24de1abd0660df24e3643708543ae5be,0,0,0,False,True,abstain,fixed,none,standard,0.49999999999999994,0.45000000000000001,0.49999999999999994,0.45000000000000001,0.49999999999999994,0.45000000000000001
608,numerical_frozen_W,2022-09-01,2022-09-02,bear,-0.0086156781492686997,0.45101312740620558,0.45000000000000001,-0.0038780643666262993,-0.0038856035561959778,-0.003877055167170915,0.0010131274062055717,1.0131274062055717e-06,8.8600339432989371e-07,0.87452317339653185,0.87113171623999386,ABSTAIN,0,0.49999999999999994,0.49999999999999994,0.45101312740620558,0.45000000000000001,-0.0038780643666262993,-0.0034472505009982002,-0.00043239759661204856,True,,0,[],0,[],0,608,0,0,,2bded59ba77b2443aee4c6355d5597eeecbd6475730a4731f14696240f724ad7,0,0,0,False,True,abstain,fixed,none,standard,0.49999999999999994,0.45000000000000001,0.49999999999999994,0.45000000000000001,0.49999999999999994,0.45000000000000001
609,numerical_frozen_W,2022-09-02,2022-09-03,bear,-0.0060793777283273997,0.44785932012408186,0.45000000000000001,-0.0027378548013226034,-0.0027416095807055864,-0.0027357199777473299,0.00214067987591815,2.1406798759181499e-06,1.8648141342289951e-06,0.87113171623999386,0.86874668408810174,ABSTAIN,0,0.49999999999999994,0.49999999999999994,0.44785932012408186,0.45000000000000001,-0.0027378548013226034,-0.0024338209591283,-0.00030482206499083146,True,,0,[],0,[],0,609,0,0,,d8277db247eae7b2b4b24bcd7805f006d745ccd3559cf324bef84b8c492ba8e1,0,0,0,False,True,abstain,fixed,none,standard,0.49999999999999994,0.45000000000000001,0.49999999999999994,0.45000000000000001,0.49999999999999994,0.45000000000000001
610,numerical_frozen_W,2022-09-03,2022-09-04,bear,0.0084966265619167997,0.44849122643024231,0.45000000000000001,0.0038219674105244295,0.0038146822496125353,0.0038234819528625598,0.0015087735697577043,1.5087735697577042e-06,1.3107420357667739e-06,0.86874668408810174,0.87206700560268757,ABSTAIN,0,0.5,0.5,0.44849122643024231,0.45000000000000001,0.0038219674105244295,0.0033971830465235001,0.00042325659382608542,True,,0,[],0,[],0,610,0,0,,b441770888e041031e7fac9343b6a1a8f3790f5bc69fd4975131483f76ba464b,0,0,0,False,True,abstain,fixed,none,standard,0.5,0.45000000000000001,0.5,0.45000000000000001,0.5,0.45000000000000001
611,numerical_frozen_W,2022-09-04,2022-09-05,bear,-0.010340051700258601,0.45209490524168983,0.45000000000000001,-0.0046551084227153261,-0.0046659771832187041,-0.0046530232651163708,0.0020949052416898151,2.0949052416898151e-06,1.8268977411418115e-06,0.87206700560268757,0.86800743913973433,ABSTAIN,0,0.5,0.5,0.45209490524168983,0.45000000000000001,-0.0046551084227153261,-0.0041380445578911998,-0.00051934722625130488,True,,0,[],0,[],0,611,0,0,,6677b2aa12ccfdc5bf4edcde761f046339f6ec7aa24b8e129ff30eae841df7d0,0,0,0,False,True,abstain,fixed,none,standard,0.5,0.45000000000000001,0.5,0.45000000000000001,0.5,0.45000000000000001
612,numerical_frozen_W,2022-09-05,2022-09-06,bear,-0.050861158686612798,0.44742887369366507,0.45000000000000001,-0.022890033688573674,-0.023156078194976351,-0.02288752140897576,0.0025711263063349366,2.5711263063349365e-06,2.2317567608665924e-06,0.86800743913973433,0.84813871961589327,ABSTAIN,0,0.5,0.5,0.44742887369366507,0.45000000000000001,-0.022890033688573674,-0.020346904696926099,-0.0025993238255768991,True,,0,[],0,[],0,612,0,0,,5e25498073f8e0ae7e1489b6e827e7c788e1bfab1766b7a625b22f21c6c02d6d,0,0,0,False,True,abstain,fixed,none,standard,0.5,0.45000000000000001,0.5,0.45000000000000001,0.5,0.45000000000000001
613,numerical_frozen_W,2022-09-06,2022-09-07,bear,0.0263541711024994,0.43711700336373915,0.45000000000000001,0.011846341215174583,0.011776722593009801,0.011859376996124731,0.012882996636260857,1.2882996636260858e-05,1.0926568271894143e-05,0.84813871961589327,0.85818606028626443,ABSTAIN,0,0.50000000000000011,0.50000000000000011,0.43711700336373915,0.45000000000000001,0.011846341215174583,0.010529076916348599,0.0013026903643106654,True,,0,[],0,[],0,613,0,0,,31116defbc136d1b0ccbdbd6889cbd613b2e5fe5f751413b7f5b644b1d1b11bb,0,0,0,False,True,abstain,fixed,none,standard,0.50000000000000011,0.45000000000000001,0.50000000000000011,0.45000000000000001,0.50000000000000011,0.45000000000000001
614,numerical_frozen_W,2022-09-07,2022-09-08,bear,0.001861888338563,0.45644620932133101,0.45000000000000001,0.00083139814207711105,0.00083105272208288869,0.00083784975235335008,0.0064462093213309979,6.4462093213309981e-06,5.532046981253643e-06,0.85818606028626443,0.85889955458234291,ABSTAIN,0,0.49999999999999994,0.49999999999999994,0.45644620932133101,0.45000000000000001,0.00083139814207711105,0.0007384916534409,9.2833619427024278e-05,True,,0,[],0,[],0,614,0,0,,c56281ef87668a5f951dc609bcd335fa9a8f8fdab946ff37e7c16bd9efe69110,0,0,0,False,True,abstain,fixed,none,standard,0.49999999999999994,0.45000000000000001,0.49999999999999994,0.45000000000000001,0.49999999999999994,0.45000000000000001
615,numerical_frozen_W,2022-09-08,2022-09-09,bear,0.1060080549142223,0.45046043159129961,0.45000000000000001,0.047703142315552949,0.046600284623551931,0.047703624711400036,0.00046043159129960376,4.6043159129960376e-07,3.9546448868286901e-07,0.85889955458234291,0.8998717622693494,ABSTAIN,0,0.49999999999999989,0.49999999999999989,0.45046043159129961,0.45000000000000001,0.047703142315552949,0.042402756511121999,0.0050718934095227708,True,,0,[],0,[],0,615,0,0,,1f229ec2c929daaa3c8d09046dea6b02ad3b2eef5d3797b2232177153462c5fc,0,0,0,False,True,abstain,fixed,none,standard,0.49999999999999989,0.45000000000000001,0.49999999999999989,0.45000000000000001,0.49999999999999989,0.45000000000000001
616,numerical_frozen_W,2022-09-09,2022-09-10,bear,0.0133488102147416,0.47504238123495784,0.45000000000000001,0.0059817717867012288,0.0059639520170665615,0.0060069645966337199,0.025042381234957833,2.5042381234957833e-05,2.2534931733322394e-05,0.8998717622693494,0.90525458978854134,ABSTAIN,0,0.5,0.5,0.47504238123495784,0.45000000000000001,0.0059817717867012288,0.0053149867663111004,0.00066303994374018911,True,,0,[],0,[],0,616,0,0,,72778fc7aaae3639a14efe8e1f6e739cfb77f02cb77c5ec38fa4a0c6403dfbcd,0,0,0,False,True,abstain,fixed,none,standard,0.5,0.45000000000000001,0.5,0.45000000000000001,0.5,0.45000000000000001
617,numerical_frozen_W,2022-09-10,2022-09-11,bear,0.0085217825074825008,0.45328410303747085,0.45000000000000001,0.003831505431444393,0.0038241839101820093,0.0038348021283671255,0.0032841030374708424,3.2841030374708427e-06,2.9729493480089699e-06,0.90525458978854134,0.90872307766615612,ABSTAIN,0,0.49999999999999983,0.49999999999999983,0.45328410303747085,0.45000000000000001,0.003831505431444393,0.0034055154414550999,0.00042445410477693919,True,,0,[],0,[],0,617,0,0,,0a92df8bc2bc575994bf46e05397b4b90e9bbcbcaa07eb888dbcd7c75b12dd21,0,0,0,False,True,abstain,fixed,none,standard,0.49999999999999983,0.45000000000000001,0.49999999999999983,0.45000000000000001,0.49999999999999983,0.45000000000000001
618,numerical_frozen_W,2022-09-11,2022-09-12,bear,0.025665333937869999,0.45210108392947734,0.5,0.01278415338202632,0.012703125940608618,0.012832666968934999,0.047898916070522657,4.7898916070522656e-05,4.3526850428478252e-05,0.90872307766615612,0.92034033287282724,ABSTAIN,0,0.49999999999999994,0.49999999999999994,0.45210108392947734,0.5,0.01278415338202632,0.010264074370003699,0.0024913694898091709,True,,0,[],0,[],0,618,0,0,,0ca77484bf40c0fb8acd37e6b4e3be66c76fbaa3f118a5e6f64187f6701b303f,0,0,0,False,False,abstain,fixed,none,standard,0.49999999999999994,0.5,0.49999999999999994,0.5,0.49999999999999994,0.5
619,numerical_frozen_W,2022-09-12,2022-09-13,bear,-0.099119011578322203,0.5063350380509245,0.5,-0.049565526865857135,-0.050836058794475072,-0.049559505789161101,0.0063350380509245019,6.3350380509245018e-06,5.830391028549883e-06,0.92034033287282724,0.87472317937808719,ABSTAIN,0,0.49999999999999989,0.49999999999999989,0.5063350380509245,0.5,-0.049565526865857135,-0.039653459983087599,-0.010374978321192954,True,,0,[],0,[],0,619,0,0,,abc35bd7ef0d5ac4cb16efca4a7f760da7cc42c5eb1ed54ac9ce2b18b4b5df70,0,0,0,False,False,abstain,fixed,none,standard,0.49999999999999989,0.5,0.49999999999999989,0.5,0.49999999999999989,0.5
620,numerical_frozen_W,2022-09-13,2022-09-14,bear,0.0023295581274318002,0.47392813853627369,0.45000000000000001,0.0010243479349127949,0.00102382364857079,0.0010483011573443101,0.02392813853627368,2.3928138536273682e-05,2.0930497417048643e-05,0.87472317937808719,0.87561920026050344,ABSTAIN,0,0.49999999999999983,0.49999999999999983,0.47392813853627369,0.45000000000000001,0.0010243479349127949,0.00090702950897809996,0.00011720524228836515,True,,0,[],0,[],0,620,0,0,,7377caf93ef2ea60700f7565e6c1dbfe78df4104dd8525d3f1b4524f2830bc35,0,0,0,False,True,abstain,fixed,none,standard,0.49999999999999983,0.45000000000000001,0.49999999999999983,0.45000000000000001,0.49999999999999983,0.45000000000000001
621,numerical_frozen_W,2022-09-14,2022-09-15,bear,-0.025753492397082401,0.45057596185506016,0.45000000000000001,-0.01158964086567893,-0.011657324212040699,-0.01158907157868708,0.00057596185506014752,5.7596185506014758e-07,5.0432325890832242e-07,0.87561920026050344,0.86547108819439122,ABSTAIN,0,0.5,0.5,0.45057596185506016,0.45000000000000001,-0.01158964086567893,-0.0103019497782048,-0.0013019420606834586,True,,0,[],0,[],0,621,0,0,,8e4807dada92770316c6181adb6cbe04793a255cfdb91507832d5d63d2373b19,0,0,0,False,True,abstain,fixed,none,standard,0.5,0.45000000000000001,0.5,0.45000000000000001,0.5,0.45000000000000001
622,numerical_frozen_W,2022-09-15,2022-09-16,bear,0.0051112340559444002,0.44355127590661264,0.45000000000000001,0.0022935917686595086,0.0022909655020146519,0.0023000553251749803,0.0064487240933873702,6.44872409338737e-06,5.5811842585693564e-06,0.86547108819439122,0.86745612555828666,ABSTAIN,0,0.49999999999999994,0.49999999999999994,0.44355127590661264,0.45000000000000001,0.0022935917686595086,0.0020382356819901,0.00025480420412800396,True,,0,[],0,[],0,622,0,0,,5e62b0f2e639e6e16fee37bfb348e453b42ba241f741ac58654ae9511733fd0a,0,0,0,False,True,abstain,fixed,none,standard,0.49999999999999994,0.45000000000000001,0.49999999999999994,0.45000000000000001,0.49999999999999994,0.45000000000000001
623,numerical_frozen_W,2022-09-16,2022-09-17,bear,0.0157102169434006,0.45126212746584737,0.45000000000000001,0.0070683265743309853,0.0070434630476483738,0.0070695976245302699,0.0012621274658473625,1.2621274658473624e-06,1.0948402014846518e-06,0.86745612555828666,0.87358758874263653,ABSTAIN,0,0.5,0.5,0.45126212746584737,0.45000000000000001,0.0070683265743309853,0.0062828548911052998,0.00078026300658015028,True,,0,[],0,[],0,623,0,0,,247ebfb73c6cb46f3f010d73f479b244f7321c2bdfe88843986de031346d4f0f,0,0,0,False,True,abstain,fixed,none,standard,0.5,0.45000000000000001,0.5,0.45000000000000001,0.5,0.45000000000000001
624,numerical_frozen_W,2022-09-17,2022-09-18,bear,-0.034538991224799302,0.45386098309656386,0.45000000000000001,-0.015546347024748663,-0.015668458724912852,-0.015542546051159687,0.0038609830965638525,3.8609830965638525e-06,3.3729069135032942e-06,0.87358758874263653,0.86000649293153009,ABSTAIN,0,0.49999999999999978,0.49999999999999978,0.45386098309656386,0.45000000000000001,-0.015546347024748663,-0.013819291630358501,-0.0017527917613065561,True,,0,[],0,[],0,624,0,0,,89d2c44ddcdacea6cb1f172606ee96dce22481fab36f2c9ab329ded41c471dff,0,0,0,False,True,abstain,fixed,none,standard,0.49999999999999978,0.45000000000000001,0.49999999999999978,0.45000000000000001,0.49999999999999978,0.45000000000000001
625,numerical_frozen_W,2022-09-18,2022-09-19,bear,0.0061847282015367998,0.4413166381199628,0.5,0.0030334992685665529,0.0030289074934144091,0.0030923641007683999,0.058683361880037199,5.8683361880037201e-05,5.0468072243882634e-05,0.86000649293153009,0.86261532199880042,ABSTAIN,0,0.49999999999999989,0.49999999999999989,0.4413166381199628,0.5,0.0030334992685665529,0.0024654650016808,0.00056647676433224875,True,,0,[],0,[],0,625,0,0,,71a7a424ca2c1a0a19f36750d295b8ebe603bb7595ee0d0f6c23b1e44af18745,0,0,0,False,False,abstain,fixed,none,standard,0.49999999999999989,0.5,0.49999999999999989,0.5,0.49999999999999989,0.5
626,numerical_frozen_W,2022-09-19,2022-09-20,bear,-0.034111439231481799,0.50154141543263597,0.5,-0.017057234741224114,-0.017204385088808314,-0.0170557196157409,0.001541415432635973,1.5414154326359731e-06,1.3296485697572001e-06,0.86261532199880042,0.84790148996009029,ABSTAIN,0,0.5,0.5,0.50154141543263597,0.5,-0.017057234741224114,-0.013646036161202401,-0.0034643859824444647,True,,0,[],0,[],0,626,0,0,,293353adb05cc7161ce8cdfdc980d286c8f43b5e4da30f2ecf59e052d1d9c59f,0,0,0,False,False,abstain,fixed,none,standard,0.5,0.5,0.5,0.5,0.5,0.5
627,numerical_frozen_W,2022-09-20,2022-09-21,bear,-0.0203153811915813,0.49132416762775538,0.5,-0.010166278301741993,-0.010218307840553283,-0.01015769059579065,0.0086758323722446185,8.675832372244619e-06,7.3562511950701965e-06,0.84790148996009029,0.83928148744069431,ABSTAIN,0,0.49999999999999994,0.49999999999999994,0.49132416762775538,0.5,-0.010166278301741993,-0.0081343850249349006,-0.0020506581914297335,True,,0,[],0,[],0,627,0,0,,6053505d8b001d9e8c4847a1aca3f5000dfebb146418acac0fc86a4dafb2df7e,0,0,0,False,False,abstain,fixed,none,standard,0.49999999999999994,0.5,0.49999999999999994,0.5,0.49999999999999994,0.5
628,numerical_frozen_W,2022-09-21,2022-09-22,bear,0.049488885283141403,0.49486903595689669,0.5,0.024739184714682061,0.024438126274580207,0.024744442641570701,0.0051309640431033143,5.1309640431033141e-06,4.3063231341004683e-06,0.83928148744069431,0.86004462718610275,ABSTAIN,0,0.5,0.5,0.49486903595689669,0.5,0.024739184714682061,0.019790541168805,0.0048408718612565869,True,,0,[],0,[],0,628,0,0,,fba8fe3bbdfccafad1855ac3473e18310d6351baf92d829d2cb7a484904cc4f2,0,0,0,False,False,abstain,fixed,none,standard,0.5,0.5,0.5,0.5,0.5,0.5
629,numerical_frozen_W,2022-09-22,2022-09-23,bear,-0.0056947021232733996,0.51207347003404335,0.5,-0.002859390154263064,-0.0028634860199388376,-0.0028473510616366998,0.012073470034043354,1.2073470034043354e-05,1.03837230342714e-05,0.86004462718610275,0.85758542404689997,ABSTAIN,0,0.49999999999999994,0.49999999999999994,0.51207347003404335,0.5,-0.002859390154263064,-0.0022895010973795998,-0.00057136000765941599,True,,0,[],0,[],0,629,0,0,,1f1ce89d78a418f62291945a34a66fd6d2b7824fd990bc61d7aaf4fa3c44f2b4,0,0,0,False,False,abstain,fixed,none,standard,0.49999999999999994,0.5,0.49999999999999994,0.5,0.49999999999999994,0.5
630,numerical_frozen_W,2022-09-23,2022-09-24,bear,-0.019089330603571,0.49857225918987019,0.5,-0.0095460794152875117,-0.0095919352939700785,-0.0095446653017855002,0.0014277408101298072,1.4277408101298073e-06,1.2244097080842352e-06,0.85758542404689997,0.84939884548355526,ABSTAIN,0,0.5,0.5,0.49857225918987019,0.5,-0.0095460794152875117,-0.0076370916304913999,-0.0019255317452878812,True,,0,[],0,[],0,630,0,0,,d5732a957a7f352eabd85b9dce5383de3448b74ed4e40c2a9a4de61f7edc202c,0,0,0,False,False,abstain,fixed,none,standard,0.5,0.5,0.5,0.5,0.5,0.5
631,numerical_frozen_W,2022-09-24,2022-09-25,bear,-0.0064464312134084999,0.49518167807905561,0.5,-0.003228018398134691,-0.0032332396888334557,-0.00322321560670425,0.0048183219209443906,4.8183219209443909e-06,4.0926770768182712e-06,0.84939884548355526,0.84665697038297993,ABSTAIN,0,0.5,0.5,0.49518167807905561,0.5,-0.003228018398134691,-0.0025831772720529,-0.00064672025753724624,True,,0,[],0,[],0,631,0,0,,2437f9a0e7c2e007ae41b437446166bb8dfd8b5d13343b2a19651bbc8bc676f1,0,0,0,False,False,abstain,fixed,none,standard,0.5,0.5,0.5,0.5,0.5,0.5
632,numerical_frozen_W,2022-09-25,2022-09-26,bear,0.022469579646017701,0.4983831808398978,0.5,0.011233154839225268,0.011170531490858464,0.011234789823008851,0.0016168191601022008,1.6168191601022008e-06,1.3688912117492836e-06,0.84665697038297993,0.85616759922700136,ABSTAIN,0,0.49999999999999983,0.49999999999999983,0.4983831808398978,0.5,0.011233154839225268,0.0089862667737660995,0.0022244009416802803,True,,0,[],0,[],0,632,0,0,,8317154c2ce1fee28f404af281c4096b2adae8ba037d7c92af6369a0354a30d9,0,0,0,False,False,abstain,fixed,none,standard,0.49999999999999983,0.5,0.49999999999999983,0.5,0.49999999999999983,0.5
633,numerical_frozen_W,2022-09-26,2022-09-27,bear,-0.0075263839548105,0.50555498581342095,0.5,-0.003768726058740679,-0.0037758456001569193,-0.00376319197740525,0.005554985813420954,5.5549858134209545e-06,4.7559988676166697e-06,0.85616759922700136,0.85294093808514515,ABSTAIN,0,0.49999999999999989,0.49999999999999989,0.50555498581342095,0.5,-0.003768726058740679,-0.0030158821537222,-0.00075540650942244056,True,,0,[],0,[],0,633,0,0,,c11b32f282e199156a57f7e39b940244993a5a4515bfdf28a81d36c33d8f742e,0,0,0,False,False,abstain,fixed,none,standard,0.49999999999999989,0.5,0.49999999999999989,0.5,0.49999999999999989,0.5
634,numerical_frozen_W,2022-09-27,2022-09-28,bear,0.017294691053927998,0.4981112964572777,0.5,0.0086454404911491256,0.0086082826806780852,0.0086473455269639992,0.0018887035427223031,1.8887035427223031e-06,1.6109525714942983e-06,0.85294093808514515,0.86031498820782515,ABSTAIN,0,0.49999999999999994,0.49999999999999994,0.4981112964572777,0.5,0.0086454404911491256,0.0069160521012251999,0.0017160367675897034,True,,0,[],0,[],0,634,0,0,,e2a205a1c08fc2a523111d52bb431c60e2d235f9e58e6f82fb474227bf554290,0,0,0,False,False,abstain,fixed,none,standard,0.49999999999999994,0.5,0.49999999999999994,0.5,0.49999999999999994,0.5
635,numerical_frozen_W,2022-09-28,2022-09-29,bear,0.0093761269383337998,0.50428660500883304,0.5,0.0046837567682815884,0.0046728221097764259,0.0046880634691668999,0.0042866050088330443,4.2866050088330443e-06,3.6878305376258047e-06,0.86031498820782515,0.86434449435669769,ABSTAIN,0,0.49999999999999994,0.49999999999999994,0.50428660500883304,0.5,0.0046837567682815884,0.0037463131062708999,0.0009335089572188285,True,,0,[],0,[],0,635,0,0,,f9674ec82cf21039ceafc026d6bcbed3705142951fcccdfd1e3b33d8061d88ef,0,0,0,False,False,abstain,fixed,none,standard,0.49999999999999994,0.5,0.49999999999999994,0.5,0.49999999999999994,0.5
636,numerical_frozen_W,2022-09-29,2022-09-30,bear,-0.0086765681620986999,0.50233309404163684,0.5,-0.0043406070534661723,-0.0043500548375868297,-0.0043382840810493499,0.0023330940416368406,2.3330940416368405e-06,2.0165969897052192e-06,0.86434449435669769,0.86059271454786834,ABSTAIN,0,0.49999999999999994,0.49999999999999994,0.50233309404163684,0.5,-0.0043406070534661723,-0.0034728613466408001,-0.0008711491097234147,True,,0,[],0,[],0,636,0,0,,30db4026ce422467aad3a98457a93bbd4a08b1e369b039f189c26ccacd93cf5a,0,0,0,False,False,abstain,fixed,none,standard,0.49999999999999994,0.5,0.49999999999999994,0.5,0.49999999999999994,0.5
637,numerical_frozen_W,2022-09-30,2022-10-01,bear,-0.0057200226535549003,0.49782140660241947,0.5,-0.0028621836893732988,-0.002866287569685952,-0.0028600113267774501,0.0021785933975805305,2.1785933975805304e-06,1.8748816059198921e-06,0.86059271454786834,0.85812954011709597,ABSTAIN,0,0.5,0.5,0.49782140660241947,0.5,-0.0028621836893732988,-0.0022900939090139002,-0.00057356738523828277,True,,0,[],0,[],0,637,0,0,,b64b905c010980804aa5d7082b174e78f5256059b7e36a6715af6126288b250a,0,0,0,False,False,abstain,fixed,none,standard,0.5,0.5,0.5,0.5,0.5,0.5
638,numerical_frozen_W,2022-10-01,2022-10-02,bear,-0.013447666982534001,0.49856589277370028,0.5,-0.0067252579557951497,-0.0067479744097086363,-0.0067238334912670004,0.001434107226299719,1.4341072262997189e-06,1.230649774583182e-06,0.85812954011709597,0.85235839760032062,ABSTAIN,0,0.50000000000000011,0.50000000000000011,0.49856589277370028,0.5,-0.0067252579557951497,-0.0053804353452982998,-0.0013530123921804572,True,,0,[],0,[],0,638,0,0,,5f461235bcbd80895515a17af16020fc7ffa9255b8de92e130bc1f9c5eb5a5db,0,0,0,False,False,abstain,fixed,none,standard,0.50000000000000011,0.5,0.50000000000000011,0.5,0.50000000000000011,0.5
639,numerical_frozen_W,2022-10-02,2022-10-03,bear,0.030237977766346999,0.4966153252650265,0.5,0.015115553035578877,0.015002451369110123,0.015118988883173499,0.0033846747349735029,3.384674734973503e-06,2.8849559335003047e-06,0.85235839760032062,0.86524226616456934,ABSTAIN,0,0.49999999999999989,0.49999999999999989,0.4966153252650265,0.5,0.015115553035578877,0.0120919069643381,0.0029830674690279335,True,,0,[],0,[],0,639,0,0,,2ecc1a04bf490e7bb46fe1662ee5c19c152698c424587458717b84cda24f7fb8,0,0,0,False,False,abstain,fixed,none,standard,0.49999999999999989,0.5,0.49999999999999989,0.5,0.49999999999999989,0.5
640,numerical_frozen_W,2022-10-03,2022-10-04,bear,0.0362690604891917,0.50744690477113785,0.5,0.018126948293704981,0.017964613981873784,0.01813453024459585,0.0074469047711378522,7.4469047711378523e-06,6.443376760091059e-06,0.86524226616456934,0.88092646798486263,ABSTAIN,0,0.49999999999999994,0.49999999999999994,0.50744690477113785,0.5,0.018126948293704981,0.0145003497829327,0.0035683889146299191,True,,0,[],0,[],0,640,0,0,,5c6c5c2ac319b83ed74a282dc679d2d908319902a92e1a053268ab38bb54b3ba,0,0,0,False,False,abstain,fixed,none,standard,0.49999999999999994,0.5,0.49999999999999994,0.5,0.49999999999999994,0.5
641,numerical_frozen_W,2022-10-04,2022-10-05,bear,-0.0089822125642814998,0.50890576328858983,0.5,-0.0044999720486998962,-0.0045101274002369383,-0.0044911062821407499,0.0089057632885898297,8.9057632885898299e-06,7.8453225985266937e-06,0.88092646798486263,0.87696232350197079,ABSTAIN,0,0.49999999999999989,0.49999999999999989,0.50890576328858983,0.5,-0.0044999720486998962,-0.0036014342960928002,-0.00090219232687482019,True,,0,[],0,[],0,641,0,0,,27639147b6c510ea0d16b843a8e2538ef0bf71c0cb72b4a4b7ffa34a7d9b731d,0,0,0,False,False,abstain,fixed,none,standard,0.49999999999999989,0.5,0.49999999999999989,0.5,0.49999999999999989,0.5
642,numerical_frozen_W,2022-10-05,2022-10-06,bear,-0.0099615527719211002,0.49774431634389116,0.5,-0.004983020834560703,-0.0049954774812623086,-0.0049807763859605501,0.0022556836561088422,2.2556836561088423e-06,1.9781495801466307e-06,0.87696232350197079,0.87259240197283572,ABSTAIN,0,0.5,0.5,0.49774431634389116,0.5,-0.004983020834560703,-0.0039867759922611002,-0.001000733111787078,True,,0,[],0,[],0,642,0,0,,d96cdf567f84ba7ed1df4470325f96b0c18d795d4d5eb246a35dd51a0f73108c,0,0,0,False,False,abstain,fixed,none,standard,0.5,0.5,0.5,0.5,0.5,0.5
643,numerical_frozen_W,2022-10-06,2022-10-07,bear,-0.021316149463588702,0.49749714564917158,0.5,-0.010660550910536526,-0.010717781687880644,-0.010658074731794351,0.0025028543508284207,2.5028543508284207e-06,2.1839716897775342e-06,0.87259240197283572,0.86329008624745696,ABSTAIN,0,0.49999999999999994,0.49999999999999994,0.49749714564917158,0.5,-0.010660550910536526,-0.0085288396561568995,-0.0021523633477999529,True,,0,[],0,[],0,643,0,0,,3d0a25767896a93af7b9d46bdaa2aa5acad9bab0da20ba565805304efca53d8f,0,0,0,False,False,abstain,fixed,none,standard,0.49999999999999994,0.5,0.49999999999999994,0.5,0.49999999999999994,0.5
644,numerical_frozen_W,2022-10-07,2022-10-08,bear,-0.0059545447563653002,0.4946135534846029,0.5,-0.0029826427877795991,-0.002987099731299246,-0.0029772723781826501,0.0053864465153971031,5.3864465153971035e-06,4.6500658768444792e-06,0.86329008624745696,0.86071520029794935,ABSTAIN,0,0.5,0.5,0.4946135534846029,0.5,-0.0029826427877795991,-0.0023869654839785998,-0.00059728090375038567,True,,0,[],0,[],0,644,0,0,,a52ba893bc7cc83822a6f9654a69404ce31d0d36433a6f8bf400a92b4d69fc55,0,0,0,False,False,abstain,fixed,none,standard,0.5,0.5,0.5,0.5,0.5,0.5
645,numerical_frozen_W,2022-10-08,2022-10-09,bear,0.0013391707442698001,0.49850691850060219,0.5,0.00066809129088984953,0.00066786821725354096,0.00066958537213490004,0.0014930814993978081,1.493081499397808e-06,1.2851179418153471e-06,0.86071520029794935,0.86129023662720494,ABSTAIN,0,0.49999999999999989,0.49999999999999989,0.49850691850060219,0.5,0.00066809129088984953,0.0005342350276595,0.00013377584232196872,True,,0,[],0,[],0,645,0,0,,9e8e508a324072be387052b417d4933e50d6522e7ae27ec190ac1c8b549bec55,0,0,0,False,False,abstain,fixed,none,standard,0.49999999999999989,0.5,0.49999999999999989,0.5,0.49999999999999989,0.5
646,numerical_frozen_W,2022-10-09,2022-10-10,bear,-0.015760506146803199,0.50033456866378423,0.5,-0.0078805850055796434,-0.0079118009235476204,-0.0078802530734015993,0.00033456866378422934,3.3456866378422935e-07,2.8816072359876667e-07,0.86129023662720494,0.85450276570298844,ABSTAIN,0,0.49999999999999983,0.49999999999999983,0.50033456866378423,0.5,-0.0078805850055796434,-0.0063045216625357003,-0.0015873218387632065,True,,0,[],0,[],0,646,0,0,,b805e5e9eba69c5460b0a8dff2fcf96eb2a9a0adb485eab6ff883e991cb23bc4,0,0,0,False,False,abstain,fixed,none,standard,0.49999999999999983,0.5,0.49999999999999983,0.5,0.49999999999999983,0.5
647,numerical_frozen_W,2022-10-10,2022-10-11,bear,-0.0039457318156637996,0.49602857765012076,0.5,-0.0019768294950979204,-0.0019787860014023901,-0.0019728659078318998,0.0039714223498792389,3.9714223498792391e-06,3.393591381746471e-06,0.85450276570298844,0.85281355943210402,ABSTAIN,0,0.49999999999999994,0.49999999999999994,0.49602857765012076,0.5,-0.0019768294950979204,-0.0015820932370038,-0.00039543993332189289,True,,0,[],0,[],0,647,0,0,,4f54ff93e0b9d8107d52e349f99a2d7288791683d0ca497e39d8c124800b5542,0,0,0,False,False,abstain,fixed,none,standard,0.49999999999999994,0.5,0.49999999999999994,0.5,0.49999999999999994,0.5
648,numerical_frozen_W,2022-10-11,2022-10-12,bear,0.0050212234575610004,0.49901161709915504,0.5,0.002509620864433959,0.0025064770247908408,0.0025106117287805002,0.00098838290084496405,9.8838290084496401e-07,8.4290633975142212e-07,0.85281355943210402,0.85495379813432704,ABSTAIN,0,0.49999999999999989,0.49999999999999989,0.49901161709915504,0.5,0.002509620864433959,0.0020075390054241,0.00050095043291352925,True,,0,[],0,[],0,648,0,0,,9667534f4a070ca86884ee14db07fe2bba72ac564b50e3bf111b4e56f93ab4b6,0,0,0,False,False,abstain,fixed,none,standard,0.49999999999999989,0.5,0.49999999999999989,0.5,0.49999999999999989,0.5
649,numerical_frozen_W,2022-10-12,2022-10-13,bear,0.011746402990373101,0.50125216217135649,0.5,0.0058719419788144656,0.0058547693192944608,0.0058732014951865504,0.0012521621713564857,1.2521621713564856e-06,1.0705408042813536e-06,0.85495379813432704,0.85997403723153887,ABSTAIN,0,0.49999999999999994,0.49999999999999994,0.50125216217135649,0.5,0.0058719419788144656,0.0046973528672288999,0.0011684145860825683,True,,0,[],0,[],0,649,0,0,,b0860866df53c7d75f6d0f164573f8d877177aa625d7a3b5931df9a913de9e25,0,0,0,False,False,abstain,fixed,none,standard,0.49999999999999994,0.5,0.49999999999999994,0.5,0.49999999999999994,0.5
650,numerical_frozen_W,2022-10-13,2022-10-14,bear,-0.010216823703031,0.50291945420479256,0.5,-0.0051113163919458415,-0.0051244238529049605,-0.0051084118515154998,0.0029194542047925598,2.9194542047925599e-06,2.5106548190080498e-06,0.85997403723153887,0.85557843783838949,ABSTAIN,0,0.49999999999999983,0.49999999999999983,0.50291945420479256,0.5,-0.0051113163919458415,-0.0040895239668191996,-0.0010265149147797191,True,,0,[],0,[],0,650,0,0,,72bf203f3e3552e228028270416f74afeddf4d63813a08cb63577a50ec8ef0fe,0,0,0,False,False,abstain,fixed,none,standard,0.49999999999999983,0.5,0.49999999999999983,0.5,0.49999999999999983,0.5
651,numerical_frozen_W,2022-10-14,2022-10-15,bear,-0.0058962141196340998,0.49743267914194428,0.5,-0.0029506668119383406,-0.0029550286115137985,-0.0029481070598170499,0.0025673208580557216,2.5673208580557217e-06,2.1965443691652281e-06,0.85557843783838949,0.85305391093684968,ABSTAIN,0,0.49999999999999989,0.49999999999999989,0.49743267914194428,0.5,-0.0029506668119383406,-0.0023609419406509001,-0.00059129525299014309,True,,0,[],0,[],0,651,0,0,,d7cdfc571f91b590434076c0d96ac7b434aff4ed92f60f8258ce1b532dfed7f1,0,0,0,False,False,abstain,fixed,none,standard,0.49999999999999989,0.5,0.49999999999999989,0.5,0.49999999999999989,0.5
652,numerical_frozen_W,2022-10-15,2022-10-16,bear,0.010131786645130401,0.4985215879530987,0.5,0.0050644074210404177,0.0050516264436657812,0.0050658933225652004,0.0014784120469013007,1.4784120469013006e-06,1.2611651785853078e-06,0.85305391093684968,0.85737412349394582,ABSTAIN,0,0.5,0.5,0.4985215879530987,0.5,0.0050644074210404177,0.0040512904727813999,0.0010085203507118126,True,,0,[],0,[],0,652,0,0,,4563bf63958dfd60ac07e601cca963ee30aeb2a74ab4b8ddbe2b806c9d1323cf,0,0,0,False,False,abstain,fixed,none,standard,0.5,0.5,0.5,0.5,0.5,0.5
653,numerical_frozen_W,2022-10-16,2022-10-17,bear,0.0148635389032234,0.50252017969976992,0.5,0.0074292305425174288,0.007401769733871565,0.0074317694516116998,0.00252017969976992,2.5201796997699201e-06,2.1607368611374706e-06,0.85737412349394582,0.86374375351857113,ABSTAIN,0,0.49999999999999989,0.49999999999999989,0.50252017969976992,0.5,0.0074292305425174288,0.0059429793487252996,0.0014763802305956851,True,,0,[],0,[],0,653,0,0,,f711c47f45ba294e8c388cf3662ebe77191fdf818613c5acda2996bb57334a4f,0,0,0,False,False,abstain,fixed,none,standard,0.49999999999999989,0.5,0.49999999999999989,0.5,0.49999999999999989,0.5
654,numerical_frozen_W,2022-10-17,2022-10-18,bear,-0.0112542331263236,0.50368847284598595,0.5,-0.0056307842805410901,-0.0056466969081772414,-0.0056271165631617999,0.0036884728459859462,3.6884728459859463e-06,3.1858953807432278e-06,0.86374375351857113,0.85888019876884325,ABSTAIN,0,0.5,0.5,0.50368847284598595,0.5,-0.0056307842805410901,-0.0045052234526852001,-0.001131294352049941,True,,0,[],0,[],0,654,0,0,,47befee05eda424a45514beed1f260f5e68d8f68a5d0d29b74918c41e60b80e6,0,0,0,False,False,abstain,fixed,none,standard,0.5,0.5,0.5,0.5,0.5,0.5
655,numerical_frozen_W,2022-10-18,2022-10-19,bear,-0.0105700479092724,0.49717051990410638,0.5,-0.005287838480862006,-0.0053018685798829025,-0.0052850239546361998,0.0028294800958936217,2.829480095893622e-06,2.4301844271735998e-06,0.85888019876884325,0.85433857900334298,ABSTAIN,0,0.49999999999999978,0.49999999999999978,0.49717051990410638,0.5,-0.005287838480862006,-0.0042307209221999998,-0.0010621728356659567,True,,0,[],0,[],0,655,0,0,,0d4fc3ab19159531752905b34342acb3ed9afe80a0070676cf30f107f12606de,0,0,0,False,False,abstain,fixed,none,standard,0.49999999999999978,0.5,0.49999999999999978,0.5,0.49999999999999978,0.5
656,numerical_frozen_W,2022-10-19,2022-10-20,bear,-0.0042355377302745996,0.49734344808215936,0.5,-0.0021204197910922318,-0.0021226710641297059,-0.0021177688651372998,0.0026565519178406438,2.6565519178406439e-06,2.2695947905365812e-06,0.85433857900334298,0.85252702257213064,ABSTAIN,0,0.5,0.5,0.49734344808215936,0.5,-0.0021204197910922318,-0.0016967583586835,-0.00042447158059118781,True,,0,[],0,[],0,656,0,0,,31ed31b1489e47d1aa9e5babf6be8e9d44222576d16d15f3e14a1876d669cbc0,0,0,0,False,False,abstain,fixed,none,standard,0.5,0.5,0.5,0.5,0.5,0.5
657,numerical_frozen_W,2022-10-20,2022-10-21,bear,0.0062858073087605996,0.49893886833583112,0.5,0.0031418391876814056,0.0031369139245008754,0.0031429036543802998,0.0010611316641688795,1.0611316641688795e-06,9.0464341821090489e-07,0.85252702257213064,0.85520552538020511,ABSTAIN,0,0.49999999999999994,0.49999999999999994,0.49893886833583112,0.5,0.0031418391876814056,0.0025133021090875001,0.00062676487719960303,True,,0,[],0,[],0,657,0,0,,feaab00c22613b090b43bdbdb38a53b8d9a04133233a2dc0a8cefa1741202a66,0,0,0,False,False,abstain,fixed,none,standard,0.49999999999999994,0.5,0.49999999999999994,0.5,0.49999999999999994,0.5
658,numerical_frozen_W,2022-10-21,2022-10-22,bear,0.0022022063811799001,0.50156652837942184,0.5,0.0010995349373010832,0.0010989308915010038,0.00110110319058995,0.0015665283794218388,1.5665283794218388e-06,1.3397037257464549e-06,0.85520552538020511,0.85614585373393359,ABSTAIN,0,0.49999999999999989,0.49999999999999989,0.50156652837942184,0.5,0.0010995349373010832,0.00087937641673559999,0.00021994089968118086,True,,0,[],0,[],0,658,0,0,,194c7b761a3a52c29c21caea3b709cdca73fdece9951fd5c18a04e9ba4a567f7,0,0,0,False,False,abstain,fixed,none,standard,0.49999999999999989,0.5,0.49999999999999989,0.5,0.49999999999999989,0.5
659,numerical_frozen_W,2022-10-22,2022-10-23,bear,0.019078563692410198,0.500549946047947,0.5,0.0095387266540667426,0.0094935202479870927,0.0095392818462050992,0.00054994604794700308,5.4994604794700314e-07,4.7083402872718974e-07,0.85614585373393359,0.86431239500871415,ABSTAIN,0,0.49999999999999989,0.49999999999999989,0.500549946047947,0.5,0.0095387266540667426,0.0085354569918896003,0.00099428430625616258,True,,0,[],0,[],0,659,0,0,,36d667b0032f7cba69ffc8501976edc46eaf6fd6aa1a929300f5ec87feb25977,0,0,0,False,False,abstain,fixed,none,standard,0.49999999999999989,0.5,0.49999999999999989,0.5,0.49999999999999989,0.5
660,numerical_frozen_W,2022-10-23,2022-10-24,bear,-0.012247588293001901,0.50472457190014453,0.5,-0.0061284897860953702,-0.0061473460594176597,-0.0061237941465009504,0.0047245719001445252,4.7245719001445256e-06,4.0835060544047861e-06,0.86431239500871415,0.8590154653239076,ABSTAIN,0,0.49999999999999983,0.49999999999999983,0.50472457190014453,0.5,-0.0061284897860953702,-0.0049534491794103004,-0.0011815878858126164,True,,0,[],0,[],0,660,0,0,,cce7101828d2746b12f4f17660b7cdca5559ea16a760cd9f16f0b8ee2f02cd79,0,0,0,False,False,abstain,fixed,none,standard,0.49999999999999983,0.5,0.49999999999999983,0.5,0.49999999999999983,0.5
661,numerical_frozen_W,2022-10-24,2022-10-25,mix,0.038858857305434202,0.49691923696812823,0.5,0.019426288032219574,0.019240006341178038,0.019429428652717101,0.0030807630318717694,3.0807630318717693e-06,2.6464230893760204e-06,0.8590154653239076,0.87570294717742092,ABSTAIN,0,0.49999999999999989,0.49999999999999989,0.49691923696812823,0.5,0.019426288032219574,0.017432605917544901,0.0019576051706693964,True,,0,[],0,[],0,661,0,0,,0ea93016056ebfde19ad2cd86c0516a376bfeec72fbca7f585920c70e4cc946c,0,0,0,False,False,abstain,fixed,none,standard,0.49999999999999989,0.5,0.49999999999999989,0.5,0.49999999999999989,0.5
662,numerical_frozen_W,2022-10-25,2022-10-26,mix,0.0341985888351665,0.50952956041223729,0.5,0.017089601908411689,0.016945217323545869,0.01709929441758325,0.0095295604122372923,9.5295604122372931e-06,8.3450641383014752e-06,0.87570294717742092,0.89066836193470589,ABSTAIN,0,0.49999999999999989,0.49999999999999989,0.50952956041223729,0.5,0.017089601908411689,0.015379767231214999,0.0016825199006870167,True,,0,[],0,[],0,662,0,0,,93b480bb77b8fb1a3558bc5c1b8b15a3d277463b2af726e832fbeb8f61e800c5,0,0,0,False,False,abstain,fixed,none,standard,0.49999999999999989,0.5,0.49999999999999989,0.5,0.49999999999999989,0.5
663,numerical_frozen_W,2022-10-26,2022-10-27,mix,-0.022947109944871001,0.50840591204390462,0.5,-0.011481864438785516,-0.011548289993262052,-0.011473554972435501,0.0084059120439046175,8.4059120439046177e-06,7.4868799107117411e-06,0.89066836193470589,0.88044182854305642,ABSTAIN,0,0.5,0.5,0.50840591204390462,0.5,-0.011481864438785516,-0.011514741069679001,3.3259053563709784e-05,True,,0,[],0,[],0,663,0,0,,8bac2aa2368ad69383b2f4ac2369a988b9d6e851d8aa79652a9edfa23f19a87e,0,0,0,False,False,abstain,fixed,none,standard,0.5,0.5,0.5,0.5,0.5,0.5
664,numerical_frozen_W,2022-10-27,2022-10-28,mix,0.014857413183921401,0.49419663731296759,0.5,0.0074228601177950271,0.0073954462674970826,0.0074287065919607003,0.0058033626870324095,5.8033626870324101e-06,5.10952325586936e-06,0.88044182854305642,0.88697722507818721,ABSTAIN,0,0.5,0.5,0.49419663731296759,0.5,0.0074228601177950271,0.0074228601177950002,2.688821387764051e-17,True,,0,[],0,[],0,664,0,0,,f865c683b25dfd8889bf7d78580bd43f976bda57035af573c47cf3252965bbba,0,0,0,False,False,abstain,fixed,none,standard,0.5,0.5,0.5,0.5,0.5,0.5
665,numerical_frozen_W,2022-10-28,2022-10-29,mix,0.010459153944761599,0.50368696392278289,0.5,0.005225870727196158,0.0052122632514522401,0.0052295769723807997,0.0036869639227828932,3.6869639227828933e-06,3.2702530291933586e-06,0.88697722507818721,0.89161245339441297,ABSTAIN,0,0.49999999999999983,0.49999999999999983,0.50368696392278289,0.5,0.005225870727196158,0.0046526796271206001,0.00057037388205772536,True,,0,[],0,[],0,665,0,0,,e788923ee15885d6bde54eef08fa5bc00110334dc4219e9f8405b7f3046098c2,0,0,0,False,False,abstain,fixed,none,standard,0.49999999999999983,0.5,0.49999999999999983,0.5,0.49999999999999983,0.5
666,numerical_frozen_W,2022-10-29,2022-10-30,mix,-0.0088179607684840001,0.50260118538698972,0.5,-0.0044115701010536412,-0.0044213297907125587,-0.004408980384242,0.0026011853869897239,2.601185386989724e-06,2.3192492846276034e-06,0.89161245339441297,0.88767904255329111,ABSTAIN,0,0.49999999999999989,0.49999999999999989,0.50260118538698972,0.5,-0.0044115701010536412,-0.0044561947810909004,4.4823421827721449e-05,True,,0,[],0,[],0,666,0,0,,8fc15c72f4125d746b4a0bff8aca9bb0bd8cbbdd3f60db48cee2ffe3d38fdeca,0,0,0,False,False,abstain,fixed,none,standard,0.49999999999999989,0.5,0.49999999999999989,0.5,0.49999999999999989,0.5
667,numerical_frozen_W,2022-10-30,2022-10-31,mix,-0.0063026330461595,0.49778574721076552,0.5,-0.0031535237980575559,-0.0031585066326458937,-0.00315131652307975,0.0022142527892344832,2.2142527892344831e-06,1.9655457959186202e-06,0.88767904255329111,0.88487972556756234,ABSTAIN,0,0.49999999999999989,0.49999999999999989,0.49778574721076552,0.5,-0.0031535237980575559,-0.0031535237980574999,-5.6378512969246231e-17,True,,0,[],0,[],0,667,0,0,,5f4c3988db60fd25cc68c5eb753b8cd6eaefc2d6cb1942e1e300a47b0142b5bd,0,0,0,False,False,abstain,fixed,none,standard,0.49999999999999989,0.5,0.49999999999999989,0.5,0.49999999999999989,0.5
668,numerical_frozen_W,2022-10-31,2022-11-01,mix,-0.00062450295907049997,0.49841936064353909,0.5,-0.00031383162533482611,-0.00031388088078490448,-0.00031225147953524999,0.0015806393564609111,1.5806393564609113e-06,1.3986757199664194e-06,0.88487972556756234,0.88460202232506169,ABSTAIN,0,0.49999999999999994,0.49999999999999994,0.49841936064353909,0.5,-0.00031383162533482611,-0.00031383162533479998,-2.6183482465524932e-17,True,,0,[],0,[],0,668,0,0,,cd8d96f795b887c0feb7d8291564240ce2fe946450d309e09b425070c520a438,0,0,0,False,False,abstain,fixed,none,standard,0.49999999999999994,0.5,0.49999999999999994,0.5,0.49999999999999994,0.5
669,numerical_frozen_W,2022-11-01,2022-11-02,mix,-0.0160665901823418,0.49984382549451201,0.5,-0.0080334500110804674,-0.0080658920350228005,-0.0080332950911709,0.00015617450548799372,1.5617450548799372e-07,1.3815228339029568e-07,0.88460202232506169,0.87749561619901262,ABSTAIN,0,0.49999999999999994,0.49999999999999994,0.49984382549451201,0.5,-0.0080334500110804674,-0.0080334500110803998,-6.7654215563095477e-17,True,,0,[],0,[],0,669,0,0,,c8292f58b7139e4637675d9aa13f7499aa9590067699b4cdf76ffd2f57bde509,0,0,0,False,False,abstain,fixed,none,standard,0.49999999999999994,0.5,0.49999999999999994,0.5,0.49999999999999994,0.5
670,numerical_frozen_W,2022-11-02,2022-11-03,mix,0.0025800817687453002,0.49595082423058279,0.5,0.0012859864850007785,0.0012851603126028152,0.0012900408843726501,0.0040491757694172126,4.0491757694172126e-06,3.5531339868828681e-06,0.87749561619901262,0.87862406370209201,ABSTAIN,0,0.49999999999999989,0.49999999999999989,0.49595082423058279,0.5,0.0012859864850007785,0.0012859864850009999,-2.209604027525458e-16,True,,0,[],0,[],0,670,0,0,,830e36da9d5cb4372d77fdde95bf7f718b7826052b200ff70186c804f0eaac65,0,0,0,False,False,abstain,fixed,none,standard,0.49999999999999989,0.5,0.49999999999999989,0.5,0.49999999999999989,0.5
671,numerical_frozen_W,2022-11-03,2022-11-04,mix,0.046495169847177102,0.50064418941150823,0.5,0.023246925758328985,0.022980831996249618,0.023247584923588551,0.00064418941150823361,6.4418941150823367e-07,5.6600031853322339e-07,0.87862406370209201,0.89904937208045588,ABSTAIN,0,0.49999999999999983,0.49999999999999983,0.50064418941150823,0.5,0.023246925758328985,0.0208711226222335,0.0023245273997434986,True,,0,[],0,[],0,671,0,0,,a5f8dc75431f6078996b99de4adf6733327620f8410ac5cb915b663cd5da7817,0,0,0,False,False,abstain,fixed,none,standard,0.49999999999999983,0.5,0.49999999999999983,0.5,0.49999999999999983,0.5
672,numerical_frozen_W,2022-11-04,2022-11-05,mix,0.0073631294955522003,0.51135970671522513,0.5,0.0036701632195652589,0.0036634446044608473,0.0036815647477761002,0.011359706715225126,1.1359706715225126e-05,1.0212937189341288e-05,0.89904937208045588,0.9023490300184388,ABSTAIN,0,0.5,0.5,0.51135970671522513,0.5,0.0036701632195652589,0.0033020992068626001,0.00036678535495455241,True,,0,[],0,[],0,672,0,0,,1fa918b793bf02c1ebeff4b9ecbd203f33fced841c6afeb206418859f7d7d191,0,0,0,False,False,abstain,fixed,none,standard,0.5,0.5,0.5,0.5,0.5,0.5
673,numerical_frozen_W,2022-11-05,2022-11-06,mix,-0.018087843166710402,0.5018340302726898,0.5,-0.0090457390268019466,-0.0090869001338478254,-0.0090439215833552009,0.0018340302726898017,1.8340302726898017e-06,1.6549354375860953e-06,0.9023490300184388,0.89418661618180417,ABSTAIN,0,0.49999999999999989,0.49999999999999989,0.5018340302726898,0.5,-0.0090457390268019466,-0.0090916694580387997,4.6350772694046458e-05,True,,0,[],0,[],0,673,0,0,,80a5033f398df3f3153a1b02ee95ad30fccbe8effb2c5d00f2d07cfa28b2afc5,0,0,0,False,False,abstain,fixed,none,standard,0.49999999999999989,0.5,0.49999999999999989,0.5,0.49999999999999989,0.5
674,numerical_frozen_W,2022-11-06,2022-11-07,mix,-0.015648083073966201,0.49543676971142575,0.5,-0.0078285690643683514,-0.0078593731846101599,-0.0078240415369831007,0.0045632302885742493,4.5632302885742498e-06,4.0803794505985259e-06,0.89418661618180417,0.8871864145005911,ABSTAIN,0,0.49999999999999989,0.49999999999999989,0.49543676971142575,0.5,-0.0078285690643683514,-0.0078285690643682994,-5.2041704279304213e-17,True,,0,[],0,[],0,674,0,0,,724e74a67d78e5c9dddc38004ba5889b1705bf400f282db75573c0fa7ebba067,0,0,0,False,False,abstain,fixed,none,standard,0.49999999999999989,0.5,0.49999999999999989,0.5,0.49999999999999989,0.5
675,numerical_frozen_W,2022-11-07,2022-11-08,mix,-0.1001311379863032,0.49605713005327029,0.5,-0.050069314461070991,-0.051366259640050871,-0.0500655689931516,0.0039428699467297101,3.9428699467297104e-06,3.4980606508812685e-06,0.8871864145005911,0.84276559892737091,ABSTAIN,0,0.49999999999999989,0.49999999999999989,0.49605713005327029,0.5,-0.050069314461070991,-0.0500693144610709,-9.7144514654701197e-17,True,,0,[],0,[],0,675,0,0,,0738a346cd0d83a94ed0884512da89916e499380dc7ade4040573039d3d783fa,0,0,0,False,False,abstain,fixed,none,standard,0.49999999999999989,0.5,0.49999999999999989,0.5,0.49999999999999989,0.5
676,numerical_frozen_W,2022-11-08,2022-11-09,mix,-0.14251864805639219,0.47364788170690558,0.5,-0.071283798312352875,-0.073952074796572551,-0.071259324028196097,0.026352118293094418,2.6352118293094417e-05,2.2208658756284644e-05,0.84276559892737091,0.78269006594884294,ABSTAIN,0,0.5,0.5,0.47364788170690558,0.5,-0.071283798312352875,-0.071283798312352806,-8.3266726846886741e-17,True,,0,[],0,[],0,676,0,0,,f26bf5746043d1daebeb0afd09cf7f51009404520d819815636e266aa9974b4b,0,0,0,False,False,abstain,fixed,none,standard,0.5,0.5,0.5,0.5,0.5,0.5
677,numerical_frozen_W,2022-11-09,2022-11-10,bear,0.1071448803731376,0.46163658711640215,0.40000000000000002,0.042793673944237387,0.041903336645534389,0.042857952149255044,0.061636587116402131,6.163658711640213e-05,4.8242344434998382e-05,0.78269006594884294,0.81618424943045143,ABSTAIN,0,0.5,0.5,0.46163658711640215,0.40000000000000002,0.042793673944237387,0.042793673944237297,9.0205620750793969e-17,True,,0,[],0,[],0,677,0,0,,8f9850c906e5cdc03e3ed036962cd820b3639b5a8e038c1a4cd8dc7e690c0151,0,0,0,False,True,abstain,fixed,none,standard,0.5,0.40000000000000002,0.5,0.40000000000000002,0.5,0.40000000000000002
678,numerical_frozen_W,2022-11-10,2022-11-11,bear,-0.030655349051400899,0.42465798073127475,0.40000000000000002,-0.012286495241689122,-0.012362598226112655,-0.01226213962056036,0.024657980731274731,2.4657980731274733e-05,2.0125455495626e-05,0.81618424943045143,0.80615620553348255,ABSTAIN,0,0.49999999999999983,0.49999999999999983,0.42465798073127475,0.40000000000000002,-0.012286495241689122,-0.0122864952416892,7.9797279894933126e-17,True,,0,[],0,[],0,678,0,0,,2b826409e64f29ad2b775acea8bbcb90bbbd8ec9cbd598bd2269f31da4d7ef8d,0,0,0,False,True,abstain,fixed,none,standard,0.49999999999999983,0.40000000000000002,0.49999999999999983,0.40000000000000002,0.49999999999999983,0.40000000000000002
679,numerical_frozen_W,2022-11-11,2022-11-12,bear,-0.0149385040381468,0.39255138021184094,0.40000000000000002,-0.0059828057265521872,-0.0060007744133540371,-0.0059754016152587207,0.0074486197881590832,7.4486197881590833e-06,6.004751064883939e-06,0.80615620553348255,0.80133312957052127,ABSTAIN,0,0.5,0.5,0.39255138021184094,0.40000000000000002,-0.0059828057265521872,-0.0059828057265522002,1.3010426069826053e-17,True,,0,[],0,[],0,679,0,0,,1a3975e32bc0a97eeb8083297f285d4f24370be1fa16fad5eacf286ca5693c28,0,0,0,False,True,abstain,fixed,none,standard,0.5,0.40000000000000002,0.5,0.40000000000000002,0.5,0.40000000000000002
680,numerical_frozen_W,2022-11-12,2022-11-13,bear,-0.0280258645327237,0.39639320699409136,0.40000000000000002,-0.011213912172698515,-0.011277262131633315,-0.011210345813089481,0.0036067930059086595,3.6067930059086595e-06,2.8902427271378537e-06,0.80133312957052127,0.79234705023444385,ABSTAIN,0,0.49999999999999983,0.49999999999999983,0.39639320699409136,0.40000000000000002,-0.011213912172698515,-0.011213912172698501,-1.3877787807814457e-17,True,,0,[],0,[],0,680,0,0,,ff25608a9bebd4e0d5569e7d433588e8100542c1a6928aeb0d8927c60a741a30,0,0,0,False,True,abstain,fixed,none,standard,0.49999999999999983,0.40000000000000002,0.49999999999999983,0.40000000000000002,0.49999999999999983,0.40000000000000002
681,numerical_frozen_W,2022-11-13,2022-11-14,bear,0.017715703390609201,0.39319753452175354,0.40000000000000002,0.007079430686581345,0.007054489162500616,0.0070862813562436802,0.0068024654782464777,6.8024654782464781e-06,5.3899134560102325e-06,0.79234705023444385,0.79795641625629576,ABSTAIN,0,0.49999999999999989,0.49999999999999989,0.39319753452175354,0.40000000000000002,0.007079430686581345,0.0070794306865812999,4.5102810375396984e-17,True,,0,[],0,[],0,681,0,0,,67906568673484f8ad48d50ab08b61f757d33e5bb2e2d55893d07b93c79d9110,0,0,0,False,True,abstain,fixed,none,standard,0.49999999999999989,0.40000000000000002,0.49999999999999989,0.40000000000000002,0.49999999999999989,0.40000000000000002
682,numerical_frozen_W,2022-11-14,2022-11-15,bear,0.016937828418714398,0.40422185158556656,0.40000000000000002,0.0067708809123010472,0.0067480614454875519,0.0067751313674857599,0.0042218515855665384,4.2218515855665382e-06,3.368853561184635e-06,0.79795641625629576,0.80335928412397362,ABSTAIN,0,0.5,0.5,0.40422185158556656,0.40000000000000002,0.0067708809123010472,0.0067708809123010003,4.6837533851373792e-17,True,,0,[],0,[],0,682,0,0,,9acceb331711efde180c0341630f2ac31aa98976e24903e80c327ff441f8486b,0,0,0,False,True,abstain,fixed,none,standard,0.5,0.40000000000000002,0.5,0.40000000000000002,0.5,0.40000000000000002
683,numerical_frozen_W,2022-11-15,2022-11-16,bear,-0.020988333895626401,0.40403772271864724,0.40000000000000002,-0.0083993373829400753,-0.0084348105911313288,-0.00839533355825056,0.0040377227186472187,4.0377227186472187e-06,3.243742032743534e-06,0.80335928412397362,0.79661159845689911,ABSTAIN,0,0.49999999999999989,0.49999999999999989,0.40403772271864724,0.40000000000000002,-0.0083993373829400753,-0.0083993373829400995,2.4286128663675299e-17,True,,0,[],0,[],0,683,0,0,,c323e66166fe1e350d020f1a1cf64a764e07928941ff2697e9279b72de434ec3,0,0,0,False,True,abstain,fixed,none,standard,0.49999999999999989,0.40000000000000002,0.49999999999999989,0.40000000000000002,0.49999999999999989,0.40000000000000002
684,numerical_frozen_W,2022-11-16,2022-11-17,bear,0.0091109700432272008,0.39492015285383264,0.40000000000000002,0.0036392896572108313,0.0036326834656512674,0.0036443880172908807,0.0050798471461673822,5.0798471461673819e-06,4.046665155025115e-06,0.79661159845689911,0.79951069880797754,ABSTAIN,0,0.49999999999999989,0.49999999999999989,0.39492015285383264,0.40000000000000002,0.0036392896572108313,0.0036392896572108001,3.1225022567582528e-17,True,,0,[],0,[],0,684,0,0,,3f6cf8e9a84297e72c858722077ce488b52554c6e53337169eeb56f8fc990751,0,0,0,False,True,abstain,fixed,none,standard,0.49999999999999989,0.40000000000000002,0.49999999999999989,0.40000000000000002,0.49999999999999989,0.40000000000000002
685,numerical_frozen_W,2022-11-17,2022-11-18,bear,-0.0031693347392638001,0.40217869280841023,0.40000000000000002,-0.0012699098265112063,-0.0012707168452946822,-0.0012677338957055202,0.0021786928084102097,2.1786928084102097e-06,1.741888209739962e-06,0.79951069880797754,0.79849539231516042,ABSTAIN,0,0.50000000000000011,0.50000000000000011,0.40217869280841023,0.40000000000000002,-0.0012699098265112063,-0.0012699098265112,-6.2883726004159257e-18,True,,0,[],0,[],0,685,0,0,,b6d80b469d49547c947a8ef242bedefa2eed8eb79459e7b5f09ae648094d583e,0,0,0,False,True,abstain,fixed,none,standard,0.50000000000000011,0.40000000000000002,0.50000000000000011,0.40000000000000002,0.50000000000000011,0.40000000000000002
686,numerical_frozen_W,2022-11-18,2022-11-19,bear,0.0036602297109682002,0.39923839414902423,0.40000000000000002,0.0014633291634753576,0.0014622595407013388,0.0014640918843872803,0.00076160585097578837,7.616058509757884e-07,6.0813876276443374e-07,0.79849539231516042,0.7996638539096359,ABSTAIN,0,0.49999999999999989,0.49999999999999989,0.39923839414902423,0.40000000000000002,0.0014633291634753576,0.0014633291634752999,5.7679555576228836e-17,True,,0,[],0,[],0,686,0,0,,059972b1153af251c677ad96b41b27575f85d0ab0e8033a48541764b90436420,0,0,0,False,True,abstain,fixed,none,standard,0.49999999999999989,0.40000000000000002,0.49999999999999989,0.40000000000000002,0.49999999999999989,0.40000000000000002
687,numerical_frozen_W,2022-11-19,2022-11-20,bear,-0.024701782121299198,0.40087717087187763,0.40000000000000002,-0.0098815813523179807,-0.0099307282111422857,-0.0098807128485196797,0.00087717087187760834,8.7717087187760834e-07,7.0144183994292376e-07,0.7996638539096359,0.79176191048271971,ABSTAIN,0,0.5,0.5,0.40087717087187763,0.40000000000000002,-0.0098815813523179807,-0.0098815813523178992,-8.1532003370909933e-17,True,,0,[],0,[],0,687,0,0,,9b6dfbc8bf384cc38ae0f93bb4eeb8f475eae8a8284e224dd1a9b7242e302cb0,0,0,0,False,True,abstain,fixed,none,standard,0.5,0.40000000000000002,0.5,0.40000000000000002,0.5,0.40000000000000002
688,numerical_frozen_W,2022-11-20,2022-11-21,bear,-0.031344594055272103,0.39401241063976489,0.40000000000000002,-0.012543750140045828,-0.01262308712759554,-0.012537837622108841,0.0059875893602351349,5.9875893602351351e-06,4.7407451910457757e-06,0.79176191048271971,0.78183024690721914,ABSTAIN,0,0.49999999999999994,0.49999999999999994,0.39401241063976489,0.40000000000000002,-0.012543750140045828,-0.012543750140045801,-2.9490299091605721e-17,True,,0,[],0,[],0,688,0,0,,2d580c2eeba20973727dc6eee47dd9753d95d80428c173e2ab4506e0210465d1,0,0,0,False,True,abstain,fixed,none,standard,0.49999999999999994,0.40000000000000002,0.49999999999999994,0.40000000000000002,0.49999999999999994,0.40000000000000002
689,numerical_frozen_W,2022-11-21,2022-11-22,bear,0.027680937107795199,0.39238178143945279,0.40000000000000002,0.011064672272786069,0.011003906610417767,0.01107237484311808,0.0076182185605472297,7.6182185605472296e-06,5.9561536981858003e-06,0.78183024690721914,0.7904809423621989,ABSTAIN,0,0.49999999999999983,0.49999999999999983,0.39238178143945279,0.40000000000000002,0.011064672272786069,0.011064672272786,6.7654215563095477e-17,True,,0,[],0,[],0,689,0,0,,26dbd0585ad63ae6970d74cab843278acba160686cfe4579f67910640843a5ea,0,0,0,False,True,abstain,fixed,none,standard,0.49999999999999983,0.40000000000000002,0.49999999999999983,0.40000000000000002,0.49999999999999983,0.40000000000000002
690,numerical_frozen_W,2022-11-22,2022-11-23,bear,0.025350184112651102,0.40657067196292623,0.40000000000000002,0.010133436345999947,0.010082437320783774,0.010140073645060442,0.0065706719629262111,6.5706719629262112e-06,5.1939909652067903e-06,0.7904809423621989,0.79849123067435235,ABSTAIN,0,0.49999999999999989,0.49999999999999989,0.40657067196292623,0.40000000000000002,0.010133436345999947,0.0101334363459999,4.6837533851373792e-17,True,,0,[],0,[],0,690,0,0,,39b4f34cb85f975fe8f9493faa85d182747d783b8931a192d8e30c679005c1aa,0,0,0,False,True,abstain,fixed,none,standard,0.49999999999999989,0.40000000000000002,0.49999999999999989,0.40000000000000002,0.49999999999999989,0.40000000000000002
691,numerical_frozen_W,2022-11-23,2022-11-24,bear,-0.0013655038829637001,0.40602297081936584,0.40000000000000002,-0.00055222123424891745,-0.00055237376455092777,-0.00054620155318548002,0.0060229708193658138,6.0229708193658139e-06,4.8092893818711211e-06,0.79849123067435235,0.79805028686141244,ABSTAIN,0,0.49999999999999994,0.49999999999999994,0.40602297081936584,0.40000000000000002,-0.00055222123424891745,-0.00055222123424889999,-1.7455654977016621e-17,True,,0,[],0,[],0,691,0,0,,065cdb12499603598fe982d42caeb61c9b95cb85d364b3fdc77ac93df54c0a8d,0,0,0,False,True,abstain,fixed,none,standard,0.49999999999999994,0.40000000000000002,0.49999999999999994,0.40000000000000002,0.49999999999999994,0.40000000000000002
692,numerical_frozen_W,2022-11-24,2022-11-25,bear,-0.0053550345758138001,0.39967209996858227,0.40000000000000002,-0.0021423410279906019,-0.0021446391233199517,-0.00214201383032552,0.00032790003141774937,3.2790003141774937e-07,2.6168071413480105e-07,0.79805028686141244,0.79634059098946952,ABSTAIN,0,0.49999999999999994,0.49999999999999994,0.39967209996858227,0.40000000000000002,-0.0021423410279906019,-0.0021423410279906002,-1.7347234759768071e-18,True,,0,[],0,[],0,692,0,0,,8b41513df4e216482ac81c3660a4d87762055384c5d455c32be78608a48780a1,0,0,0,False,True,abstain,fixed,none,standard,0.49999999999999994,0.40000000000000002,0.49999999999999994,0.40000000000000002,0.49999999999999994,0.40000000000000002
693,numerical_frozen_W,2022-11-25,2022-11-26,bear,-0.0033792990679674998,0.39871203285837437,0.40000000000000002,-0.0013530058533581801,-0.0013539219922318699,-0.001351719627187,0.0012879671416256566,1.2879671416256566e-06,1.0256605147371932e-06,0.79634059098946952,0.79526313750859401,ABSTAIN,0,0.5,0.5,0.39871203285837437,0.40000000000000002,-0.0013530058533581801,-0.0013530058533580999,-8.0447801198424429e-17,True,,0,[],0,[],0,693,0,0,,ee1145be34f7fc2a6036d11a550372135b5305470f84a0238e3e0714c20ad62a,0,0,0,False,True,abstain,fixed,none,standard,0.5,0.40000000000000002,0.5,0.40000000000000002,0.5,0.40000000000000002
694,numerical_frozen_W,2022-11-26,2022-11-27,bear,-0.0018776775134444999,0.3991878704522383,0.40000000000000002,-0.00075188252495850261,-0.00075216533039069891,-0.00075107100537780006,0.00081212954776171964,8.1212954776171963e-07,6.4585669221642079e-07,0.79526313750859401,0.79466519305275762,ABSTAIN,0,0.5,0.5,0.3991878704522383,0.40000000000000002,-0.00075188252495850261,-0.00075188252495859997,9.7361355089198298e-17,True,,0,[],0,[],0,694,0,0,,c5156897e2a6b850a1d28c6679b70e9ac9269fb1a467e17be4007dc1d535095e,0,0,0,False,True,abstain,fixed,none,standard,0.5,0.40000000000000002,0.5,0.40000000000000002,0.5,0.40000000000000002
695,numerical_frozen_W,2022-11-27,2022-11-28,bear,-0.0130223553477497,0.39954901867777826,0.40000000000000002,-0.0052093907712863485,-0.0052230069559940093,-0.0052089421390998803,0.00045098132222176623,4.5098132222176626e-07,3.5837915948654777e-07,0.79466519305275762,0.79052547152980612,ABSTAIN,0,0.5,0.5,0.39954901867777826,0.40000000000000002,-0.0052093907712863485,-0.0052093907712863997,5.1174342541315809e-17,True,,0,[],0,[],0,695,0,0,,8bbf903045bdb354de0b19d91ad1bd67642eb3c9d32b6369bdb972250c6206ca,0,0,0,False,True,abstain,fixed,none,standard,0.5,0.40000000000000002,0.5,0.40000000000000002,0.5,0.40000000000000002
696,numerical_frozen_W,2022-11-28,2022-11-29,bear,0.014107095492761301,0.39685826962479903,0.40000000000000002,0.0056396787384531688,0.0056238352903767433,0.0056428381971045209,0.0031417303752009906,3.1417303752009909e-06,2.4836178862752778e-06,0.79052547152980612,0.79498378122379842,ABSTAIN,0,0.50000000000000011,0.50000000000000011,0.39685826962479903,0.40000000000000002,0.0056396787384531688,0.0056396787384531003,6.852157730108388e-17,True,,0,[],0,[],0,696,0,0,,048c1d857b03301c832a2a543078d90fb9fa088a67b77ab544e5d3a62d5d3945,0,0,0,False,True,abstain,fixed,none,standard,0.50000000000000011,0.40000000000000002,0.50000000000000011,0.40000000000000002,0.50000000000000011,0.40000000000000002
697,numerical_frozen_W,2022-11-29,2022-11-30,bear,0.044007445074329,0.40336670514586725,0.40000000000000002,0.017599552060548973,0.017446473411553177,0.017602978029731601,0.0033667051458672326,3.3667051458672328e-06,2.6764759871271523e-06,0.79498378122379842,0.80897513966873869,ABSTAIN,0,0.5,0.5,0.40336670514586725,0.40000000000000002,0.017599552060548973,0.0175995520605489,7.2858385991025898e-17,True,,0,[],0,[],0,697,0,0,,5c3374a09340fe4c20a2167f16fb3a7c522f8f95269a2698b4dde15813426c19,0,0,0,False,True,abstain,fixed,none,standard,0.5,0.40000000000000002,0.5,0.40000000000000002,0.5,0.40000000000000002
698,numerical_frozen_W,2022-11-30,2022-12-01,bear,-0.0111804426732853,0.41037908402969558,0.40000000000000002,-0.0044825097362422017,-0.004492586306501312,-0.0044721770693141203,0.010379084029695562,1.0379084029695562e-05,8.3964209525565417e-06,0.80897513966873869,0.80534890072879572,ABSTAIN,0,0.49999999999999983,0.49999999999999983,0.41037908402969558,0.40000000000000002,-0.0044825097362422017,-0.0044825097362422,-1.7347234759768071e-18,True,,0,[],0,[],0,698,0,0,,8aac5c9fa6581bbf982c9b745b958144a3694ba7df5af41af538fb5ec48c86fd,0,0,0,False,True,abstain,fixed,none,standard,0.49999999999999983,0.40000000000000002,0.49999999999999983,0.40000000000000002,0.49999999999999983,0.40000000000000002
699,numerical_frozen_W,2022-12-01,2022-12-02,bear,0.007164741927881,0.39730463962956936,0.40000000000000002,0.0028631936861573948,0.002859102554389851,0.0028658967711524003,0.0026953603704306661,2.6953603704306664e-06,2.1707055113942964e-06,0.80534890072879572,0.80765477061651625,ABSTAIN,0,0.49999999999999989,0.49999999999999989,0.39730463962956936,0.40000000000000002,0.0028631936861573948,0.0028631936861572998,9.4976110309730188e-17,True,,0,[],0,[],0,699,0,0,,3a2cb7e4f65f3ef1a2924ab6cb23f4628390c8b66da54e8fc1560e3f6f654eb0,0,0,0,False,True,abstain,fixed,none,standard,0.49999999999999989,0.40000000000000002,0.49999999999999989,0.40000000000000002,0.49999999999999989,0.40000000000000002
700,numerical_frozen_W,2022-12-02,2022-12-03,bear,-0.0122326484766227,0.40171462412694242,0.40000000000000002,-0.004894765625018338,-0.004906784225139898,-0.0048930593906490807,0.001714624126942399,1.714624126942399e-06,1.3848243559392077e-06,0.80765477061651625,0.80370148980842049,ABSTAIN,0,0.49999999999999989,0.49999999999999989,0.40171462412694242,0.40000000000000002,-0.004894765625018338,-0.0048947656250182998,-3.903127820947816e-17,True,,0,[],0,[],0,700,0,0,,6a9b028e8cb11551fb574f80e24a4ef782319ca654877961e214cfa105b8839f,0,0,0,False,True,abstain,fixed,none,standard,0.49999999999999989,0.40000000000000002,0.49999999999999989,0.40000000000000002,0.49999999999999989,0.40000000000000002
701,numerical_frozen_W,2022-12-03,2022-12-04,bear,0.013509431727323801,0.39704972851200127,0.40000000000000002,0.0054008064768449326,0.0053862744212766238,0.0054037726909295205,0.0029502714879987568,2.9502714879987568e-06,2.3711375902439063e-06,0.80370148980842049,0.80804212602002767,ABSTAIN,0,0.49999999999999989,0.49999999999999989,0.39704972851200127,0.40000000000000002,0.0054008064768449326,0.0054008064768448997,3.2092384305570931e-17,True,,0,[],0,[],0,701,0,0,,eadf708787c7a73ae39a6c16c50a5dfdbaaca52361d90d61acafa0f274525909,0,0,0,False,True,abstain,fixed,none,standard,0.49999999999999989,0.40000000000000002,0.49999999999999989,0.40000000000000002,0.49999999999999989,0.40000000000000002
702,numerical_frozen_W,2022-12-04,2022-12-05,bear,-0.0085375688089476993,0.40322483732667919,0.40000000000000002,-0.0034182413479975082,-0.0034240968825155166,-0.00341502752357908,0.0032248373266791641,3.2248373266791643e-06,2.6058044095185742e-06,0.80804212602002767,0.80528004301394218,ABSTAIN,0,0.49999999999999994,0.49999999999999994,0.40322483732667919,0.40000000000000002,-0.0034182413479975082,-0.0034182413479976002,9.2374025095764978e-17,True,,0,[],0,[],0,702,0,0,,3643acec75bcd5dc0ca2038504a92b9f6e0086727bc127314a10801836ef2103,0,0,0,False,True,abstain,fixed,none,standard,0.49999999999999994,0.40000000000000002,0.49999999999999994,0.40000000000000002,0.49999999999999994,0.40000000000000002
703,numerical_frozen_W,2022-12-05,2022-12-06,bear,0.0072377921197652002,0.3979439620596969,0.40000000000000002,0.0028930548574956916,0.0028888780282164284,0.0028951168479060801,0.0020560379403031237,2.0560379403031237e-06,1.6556863210055967e-06,0.80528004301394218,0.80760976235402804,ABSTAIN,0,0.49999999999999994,0.49999999999999994,0.3979439620596969,0.40000000000000002,0.0028930548574956916,0.0028930548574956001,9.1072982488782372e-17,True,,0,[],0,[],0,703,0,0,,13316ad52dec639f60a521a0736f1ad64b081c2e2fc4cc0c5ad81e1b3c6d98af,0,0,0,False,True,abstain,fixed,none,standard,0.49999999999999994,0.40000000000000002,0.49999999999999994,0.40000000000000002,0.49999999999999994,0.40000000000000002
704,numerical_frozen_W,2022-12-06,2022-12-07,bear,-0.0148689530876043,0.40173205560537906,0.40000000000000002,-0.0059493029891056759,-0.0059670705971045434,-0.00594758123504172,0.0017320556053790348,1.7320556053790349e-06,1.3988250158441245e-06,0.80760976235402804,0.80280504718082435,ABSTAIN,0,0.50000000000000011,0.50000000000000011,0.40173205560537906,0.40000000000000002,-0.0059493029891056759,-0.0059493029891057002,2.4286128663675299e-17,True,,0,[],0,[],0,704,0,0,,b28a7f280b1dc99ff26f0360bda7dad9e57dce03ec56fe27cc7dfff3518c6e55,0,0,0,False,True,abstain,fixed,none,standard,0.50000000000000011,0.40000000000000002,0.50000000000000011,0.40000000000000002,0.50000000000000011,0.40000000000000002
705,numerical_frozen_W,2022-12-07,2022-12-08,bear,0.023195447633529601,0.3964101000373213,0.40000000000000002,0.0092745558457145716,0.0092318112408689579,0.0092781790534118402,0.003589899962678722,3.5898999626787222e-06,2.8819898089127309e-06,0.80280504718082435,0.81025070742412442,ABSTAIN,0,0.49999999999999994,0.49999999999999994,0.3964101000373213,0.40000000000000002,0.0092745558457145716,0.0092745558457145005,7.1123662515049091e-17,True,,0,[],0,[],0,705,0,0,,aec7c20d21019570adab70210b78d63bc90942066724ed5ce15f70aeb19fc2e9,0,0,0,False,True,abstain,fixed,none,standard,0.49999999999999994,0.40000000000000002,0.49999999999999994,0.40000000000000002,0.49999999999999994,0.40000000000000002
706,numerical_frozen_W,2022-12-08,2022-12-09,bear,-0.0058052793210144,0.40551573148769382,0.45000000000000001,-0.0026567437533470128,-0.0026602791602008333,-0.0026123756944564798,0.044484268512306191,4.448426851230619e-05,3.6043410031340797e-05,0.81025070742412442,0.80809807891853036,ABSTAIN,0,0.49999999999999994,0.49999999999999994,0.40551573148769382,0.45000000000000001,-0.0026567437533470128,-0.0023276146517486,-0.00032995140260781057,True,,0,[],0,[],0,706,0,0,,f6069d19d6d970c36865e2d49d03dc077a0a33a4410fd5ca40a2cc175920c492,0,0,0,False,True,abstain,fixed,none,standard,0.49999999999999994,0.45000000000000001,0.49999999999999994,0.45000000000000001,0.49999999999999994,0.45000000000000001
707,numerical_frozen_W,2022-12-09,2022-12-10,bear,8.7587660650312302e-05,0.44855943005814669,0.45000000000000001,3.7973820571357564e-05,3.7973099584085543e-05,3.9414447292640534e-05,0.0014405699418533202,1.4405699418533202e-06,1.1641218025594472e-06,0.80809807891853036,0.80812876548998325,ABSTAIN,0,0.49999999999999989,0.49999999999999989,0.44855943005814669,0.45000000000000001,3.7973820571357564e-05,3.3638505444244515e-05,4.3351599016777328e-06,True,,0,[],0,[],0,707,0,0,,ddf36efd6237bd583a40b26719892effa90ce8fa5070243b54e5fbadd336aafd,0,0,0,False,True,abstain,fixed,none,standard,0.49999999999999989,0.45000000000000001,0.49999999999999989,0.45000000000000001,0.49999999999999989,0.45000000000000001
708,numerical_frozen_W,2022-12-10,2022-12-11,bear,-0.0019793077677612999,0.45002167709162044,0.45000000000000001,-0.00089071015327657488,-0.00089110707127524691,-0.00089068849549258494,2.1677091620431188e-05,2.1677091620431188e-08,1.7517881290632317e-08,0.80812876548998325,0.80740895699340642,ABSTAIN,0,0.5,0.5,0.45002167709162044,0.45000000000000001,-0.00089071015327657488,-0.00079174411076430001,-9.904936560694395e-05,True,,0,[],0,[],0,708,0,0,,7c23b6a22ebaf6355d87914085c5ccab66742fc5541b9b95625834a17b93adef,0,0,0,False,True,abstain,fixed,none,standard,0.5,0.45000000000000001,0.5,0.45000000000000001,0.5,0.45000000000000001
709,numerical_frozen_W,2022-12-11,2022-12-12,bear,0.0068506373842382997,0.44950968460920132,0.45000000000000001,0.0030822949959785628,0.0030775544634060112,0.0030827868229072351,0.00049031539079869013,4.9031539079869015e-07,3.9588503828258484e-07,0.80740895699340642,0.80989762958125544,ABSTAIN,0,0.49999999999999994,0.49999999999999994,0.44950968460920132,0.45000000000000001,0.0030822949959785628,0.0027397782406922999,0.00034152257389685747,True,,0,[],0,[],0,709,0,0,,903e98d15e201f0143ca80b2fb6256cad5315d15e33d5ad3cb130d4e57e5e339,0,0,0,False,True,abstain,fixed,none,standard,0.49999999999999994,0.45000000000000001,0.49999999999999994,0.45000000000000001,0.49999999999999994,0.45000000000000001
710,numerical_frozen_W,2022-12-12,2022-12-13,bear,0.033014921210430703,0.45169032185067126,0.45000000000000001,0.014854999110213818,0.014745744269078074,0.014856714544693816,0.0016903218506712503,1.6903218506712503e-06,1.3689876600880464e-06,0.80989762958125544,0.82192865814804927,ABSTAIN,0,0.5,0.5,0.45169032185067126,0.45000000000000001,0.014854999110213818,0.013204307170989501,0.0016278540756940706,True,,0,[],0,[],0,710,0,0,,d5178b6e46385be487121cdae6f1428604e97848584425f286e006964c458e93,0,0,0,False,True,abstain,fixed,none,standard,0.5,0.45000000000000001,0.5,0.45000000000000001,0.5,0.45000000000000001
711,numerical_frozen_W,2022-12-13,2022-12-14,mix,0.0010012036943292,0.45805157307674471,0.45000000000000001,0.00044248646180222728,0.00044238859353697878,0.00045054166244814001,0.0080515730767447002,8.0515730767447006e-06,6.617818654949732e-06,0.82192865814804927,0.82229235045184701,ABSTAIN,0,0.49999999999999978,0.49999999999999978,0.45805157307674471,0.45000000000000001,0.00044248646180222728,0.00040834296510979998,3.4128977726461394e-05,True,,0,[],0,[],0,711,0,0,,5d778e7b779cb55a9bab5ab0661268e0999c7d8efe804f4a650b9bde52788a68,0,0,0,False,True,abstain,fixed,none,standard,0.49999999999999978,0.45000000000000001,0.49999999999999978,0.45000000000000001,0.49999999999999978,0.45000000000000001
712,numerical_frozen_W,2022-12-14,2022-12-15,mix,-0.024740958845609302,0.45024768632133955,0.45000000000000001,-0.011133676409246784,-0.011196119699290292,-0.011133431480524186,0.00024768632133953528,2.4768632133953529e-07,2.0367056734905793e-07,0.82229235045184701,0.81313721350811718,ABSTAIN,0,0.49999999999999989,0.49999999999999989,0.45024768632133955,0.45000000000000001,-0.011133676409246784,-0.0111336764092468,1.5612511283791264e-17,True,,0,[],0,[],0,712,0,0,,d4ec3e3fc4d4d1d97478dd7de61bafda568e3acb1d47263c27a859cbd82ba61a,0,0,0,False,True,abstain,fixed,none,standard,0.49999999999999989,0.45000000000000001,0.49999999999999989,0.45000000000000001,0.49999999999999989,0.45000000000000001
713,numerical_frozen_W,2022-12-15,2022-12-16,mix,-0.041858482032253799,0.44380767081300337,0.45000000000000001,-0.018842392603026226,-0.019022172385446234,-0.01883631691451421,0.0061923291869966368,6.1923291869966365e-06,5.03521330023943e-06,0.81313721350811718,0.79781576289106648,ABSTAIN,0,0.5,0.5,0.44380767081300337,0.45000000000000001,-0.018842392603026226,-0.018842392603026201,-2.4286128663675299e-17,True,,0,[],0,[],0,713,0,0,,44830f0ac72a4f41d7f4ed726fdd621263e3fa5f604010d600d63019bf21e8a7,0,0,0,False,True,abstain,fixed,none,standard,0.5,0.45000000000000001,0.5,0.45000000000000001,0.5,0.45000000000000001
714,numerical_frozen_W,2022-12-16,2022-12-17,mix,0.0088697262712270995,0.4394411355805552,0.45000000000000001,0.0039807758132262006,0.0039728734898316432,0.003991376822052195,0.010558864419444813,1.0558864419444813e-05,8.4240284720627026e-06,0.79781576289106648,0.80099168858339387,ABSTAIN,0,0.5,0.5,0.4394411355805552,0.45000000000000001,0.0039807758132262006,0.0039807758132261997,8.6736173798840355e-19,True,,0,[],0,[],0,714,0,0,,7216c9f73dc0579a755c11753f86ba43fcd9408d3079b852b4ad0546b8ebbcba,0,0,0,False,True,abstain,fixed,none,standard,0.5,0.45000000000000001,0.5,0.45000000000000001,0.5,0.45000000000000001
715,numerical_frozen_W,2022-12-17,2022-12-18,bear,-0.0021457820481489,0.4521865299870178,0.45000000000000001,-0.00096778634033656274,-0.00096825494790256405,-0.00096560192166700505,0.0021865299870177934,2.1865299870177934e-06,1.7513923464396087e-06,0.80099168858339387,0.80021649976845977,ABSTAIN,0,0.5,0.5,0.4521865299870178,0.45000000000000001,-0.00096778634033656274,-0.00091045455687889998,-5.7385675534747898e-05,True,,0,[],0,[],0,715,0,0,,e6c2efbdcc0bb183a3be3335950d309ece3fe0accc7bb0024b451fa2544d7be6,0,0,0,False,True,abstain,fixed,none,standard,0.5,0.45000000000000001,0.5,0.45000000000000001,0.5,0.45000000000000001
716,numerical_frozen_W,2022-12-18,2022-12-19,bear,-0.017908022770307699,0.44946840563454238,0.45000000000000001,-0.0080591375570920887,-0.0080917879471526614,-0.0080586102466384639,0.00053159436545763272,5.3159436545763275e-07,4.2539058242314226e-07,0.80021649976845977,0.79376744492137097,ABSTAIN,0,0.49999999999999989,0.49999999999999989,0.44946840563454238,0.45000000000000001,-0.0080591375570920887,-0.0071637208460814004,-0.00090228444593848899,True,,0,[],0,[],0,716,0,0,,020f522ef83a4d6526cfcabea055258317bc2afde042fcfd3371454e0d848c23,0,0,0,False,True,abstain,fixed,none,standard,0.49999999999999989,0.45000000000000001,0.49999999999999989,0.45000000000000001,0.49999999999999989,0.45000000000000001
717,numerical_frozen_W,2022-12-19,2022-12-20,bear,0.028069556543582199,0.44553175653175114,0.45000000000000001,0.012626775761418019,0.012547722788921684,0.012631300444611989,0.004468243468248867,4.4682434682488671e-06,3.5467462010785086e-06,0.79376744492137097,0.80379016845510687,ABSTAIN,0,0.49999999999999989,0.49999999999999989,0.44553175653175114,0.45000000000000001,0.012626775761418019,0.011223445078395801,0.0013867932453484541,True,,0,[],0,[],0,717,0,0,,98990d4041a9ae99f0745c089da9eed85370cc010bc983841b9a03658b1d020e,0,0,0,False,True,abstain,fixed,none,standard,0.49999999999999989,0.45000000000000001,0.49999999999999989,0.45000000000000001,0.49999999999999989,0.45000000000000001
718,numerical_frozen_W,2022-12-20,2022-12-21,bear,-0.0042004874931962999,0.45686055748176696,0.45000000000000001,-0.0018970669614614133,-0.0018988686719938243,-0.001890219371938335,0.006860557481766949,6.8605574817669488e-06,5.5144486539654002e-06,0.80379016845510687,0.80226532468258316,ABSTAIN,0,0.5,0.5,0.45686055748176696,0.45000000000000001,-0.0018970669614614133,-0.0016868456989911,-0.0002105986468256037,True,,0,[],0,[],0,718,0,0,,905c07ab9a99db820c1e03a28ea49b2027f84f1fa91d9b72886cec1f6c56bfbc,0,0,0,False,True,abstain,fixed,none,standard,0.5,0.45000000000000001,0.5,0.45000000000000001,0.5,0.45000000000000001
719,numerical_frozen_W,2022-12-21,2022-12-22,bear,-0.00066540714599739995,0.4489584105128076,0.45000000000000001,-0.00030047449329950737,-0.00030051964480487948,-0.00029943321569882999,0.001041589487192407,1.0415894871924069e-06,8.3563112812838165e-07,0.80226532468258316,0.80202426441565744,ABSTAIN,0,0.49999999999999989,0.49999999999999989,0.4489584105128076,0.45000000000000001,-0.00030047449329950737,-0.00026717240330630001,-3.3311544593741746e-05,True,,0,[],0,[],0,719,0,0,,a998dda555c73ea2fbb78eef711f848f7999d422d80cb7dc54c587793a4b5649,0,0,0,False,True,abstain,fixed,none,standard,0.49999999999999989,0.45000000000000001,0.49999999999999989,0.45000000000000001,0.49999999999999989,0.45000000000000001
720,numerical_frozen_W,2022-12-22,2022-12-23,bear,-0.0024672128223726,0.44983526240345739,0.45000000000000001,-0.0011104103247649988,-0.0011110272870728363,-0.0011102457700676699,0.00016473759654261899,1.6473759654261899e-07,1.3212354968869735e-07,0.80202426441565744,0.80113368839173826,ABSTAIN,0,0.49999999999999989,0.49999999999999989,0.44983526240345739,0.45000000000000001,-0.0011104103247649988,-0.00098704471153570001,-0.00012349512612320969,True,,0,[],0,[],0,720,0,0,,e2e17d4ac8c5f5e1991335c89812ad02da8c6ebca5904a8425f65097d4a02c8d,0,0,0,False,True,abstain,fixed,none,standard,0.49999999999999989,0.45000000000000001,0.49999999999999989,0.45000000000000001,0.49999999999999989,0.45000000000000001
721,numerical_frozen_W,2022-12-23,2022-12-24,bear,0.0034626410236543999,0.44938868611781091,0.45000000000000001,0.0015575761942199229,0.001556364430532518,0.0015581884606444799,0.00061131388218910176,6.1131388218910173e-07,4.8974414520322765e-07,0.80113368839173826,0.8023815151531648,ABSTAIN,0,0.5,0.5,0.44938868611781091,0.45000000000000001,0.0015575761942199229,0.0013844628724966001,0.0001728590431254234,True,,0,[],0,[],0,721,0,0,,5d50b650fc4883fa63cd141aab381d6246653ee6a0ce4d0a6b6aea9672113656,0,0,0,False,True,abstain,fixed,none,standard,0.5,0.45000000000000001,0.5,0.45000000000000001,0.5,0.45000000000000001
722,numerical_frozen_W,2022-12-24,2022-12-25,bear,-0.00032071840923669998,0.4508556703576771,0.45000000000000001,-0.00014517883102105333,-0.00014518937048762563,-0.00014432328415651499,0.00085567035767708521,8.5567035767708527e-07,6.8657407806459008e-07,0.8023815151531648,0.80226502634276198,ABSTAIN,0,0.49999999999999994,0.49999999999999994,0.4508556703576771,0.45000000000000001,-0.00014517883102105333,-0.00012911714163989999,-1.6063892512009392e-05,True,,0,[],0,[],0,722,0,0,,98574e4bde2bb74c1878781b0b65fde3ad49c936be84c801550467d18fed5b39,0,0,0,False,True,abstain,fixed,none,standard,0.49999999999999994,0.45000000000000001,0.49999999999999994,0.45000000000000001,0.49999999999999994,0.45000000000000001
723,numerical_frozen_W,2022-12-25,2022-12-26,bear,0.0051271997053197,0.4499206107359946,0.45000000000000001,0.0023071602949595871,0.0023045028872384354,0.0023072398673938651,7.9389264005413906e-05,7.9389264005413906e-08,6.3691229978635869e-08,0.80226502634276198,0.8041159803575747,ABSTAIN,0,0.49999999999999994,0.49999999999999994,0.4499206107359946,0.45000000000000001,0.0023071602949595871,0.0020508027419523,0.00025580017056108613,True,,0,[],0,[],0,723,0,0,,b8e6ee6bd7b31f3254ab8fa0447c4a49fb9bfa32ea8ec5f38c2e522d7adec5c7,0,0,0,False,True,abstain,fixed,none,standard,0.49999999999999994,0.45000000000000001,0.49999999999999994,0.45000000000000001,0.49999999999999994,0.45000000000000001
724,numerical_frozen_W,2022-12-26,2022-12-27,bear,-0.012530957968093301,0.4512660608210658,0.45000000000000001,-0.0056401900072332589,-0.0056561559411280682,-0.0056389310856419855,0.0012660608210657842,1.2660608210657843e-06,1.0180597383236292e-06,0.8041159803575747,0.79958061344050535,ABSTAIN,0,0.5,0.5,0.4512660608210658,0.45000000000000001,-0.0056401900072332589,-0.0050136050414129,-0.0006299406156467088,True,,0,[],0,[],0,724,0,0,,a75fe9422b1021f001bc0f459c6de993b4aacaed41c6faca1770f85842f643e5,0,0,0,False,True,abstain,fixed,none,standard,0.5,0.45000000000000001,0.5,0.45000000000000001,0.5,0.45000000000000001
725,numerical_frozen_W,2022-12-27,2022-12-28,bear,-0.0095713541760193005,0.44688100007727655,0.45000000000000001,-0.0043102149452575178,-0.0043195306999350702,-0.0043071093792086852,0.0031189999227234644,3.1189999227234644e-06,2.4938918715321165e-06,0.79958061344050535,0.79613424913051589,ABSTAIN,0,0.5,0.5,0.44688100007727655,0.45000000000000001,-0.0043102149452575178,-0.0038315526785761,-0.00048061881926649919,True,,0,[],0,[],0,725,0,0,,e6657ff31f10ad679b47b1f5e57552e10011434a21fa0627088d8f97b6b52356,0,0,0,False,True,abstain,fixed,none,standard,0.5,0.45000000000000001,0.5,0.45000000000000001,0.5,0.45000000000000001
726,numerical_frozen_W,2022-12-28,2022-12-29,bear,0.0054514027389974996,0.44762084255006801,0.45000000000000001,0.0024507462387135526,0.0024477480576717619,0.002453131232548875,0.0023791574499320012,2.3791574499320011e-06,1.8941287299648867e-06,0.79613424913051589,0.79808537214708353,ABSTAIN,0,0.5,0.5,0.44762084255006801,0.45000000000000001,0.0024507462387135526,0.0021782501138853001,0.00027186689108303023,True,,0,[],0,[],0,726,0,0,,8a12c3100c25475ea4767729d92cc61dce90364e02904091f3adbe09da618502,0,0,0,False,True,abstain,fixed,none,standard,0.5,0.45000000000000001,0.5,0.45000000000000001,0.5,0.45000000000000001
727,numerical_frozen_W,2022-12-29,2022-12-30,bear,-0.0017551874203554001,0.45134592045838895,0.45000000000000001,-0.00079117919656412905,-0.00079149234400605582,-0.00078983433915993007,0.0013459204583889384,1.3459204583889385e-06,1.0741594299137092e-06,0.79808537214708353,0.79745394360355859,ABSTAIN,0,0.5,0.5,0.45134592045838895,0.45000000000000001,-0.00079117919656412905,-0.00070337954154700002,-8.7865315010778869e-05,True,,0,[],0,[],0,727,0,0,,38f9ae9b56714f64d1d4f307ea8d75531cf6b31ffa292d427096d9e3f694d7c9,0,0,0,False,True,abstain,fixed,none,standard,0.5,0.45000000000000001,0.5,0.45000000000000001,0.5,0.45000000000000001
728,numerical_frozen_W,2022-12-30,2022-12-31,bear,-0.0042029962907653004,0.44956524773119111,0.45000000000000001,-0.0018917822608451873,-0.0018935739409087088,-0.0018913483308443853,0.00043475226880890228,4.347522688089023e-07,3.4669491125225352e-07,0.79745394360355859,0.79594533437920834,ABSTAIN,0,0.49999999999999994,0.49999999999999994,0.44956524773119111,0.45000000000000001,-0.0018917822608451873,-0.0016816193485463,-0.00021053908342498181,True,,0,[],0,[],0,728,0,0,,17028c8cbe9c21b172fd5282eef0251082dc366bd85559c52259b5b7eea3a82f,0,0,0,False,True,abstain,fixed,none,standard,0.49999999999999994,0.45000000000000001,0.49999999999999994,0.45000000000000001,0.49999999999999994,0.45000000000000001
729,numerical_frozen_W,2022-12-31,2023-01-01,bear,0.0048979888011415002,0.44895778723065394,0.45000000000000001,0.0022030504506085347,0.0022006272932039777,0.0022040949605136753,0.0010422127693460737,1.0422127693460737e-06,8.2954439119144135e-07,0.79594533437920834,0.79769884210677222,ABSTAIN,0,0.5,0.5,0.44895778723065394,0.45000000000000001,0.0022030504506085347,0.0019581831230277001,0.00024435891154590871,True,,0,[],0,[],0,729,0,0,,0fb027a3a3a1fb9cd0016f28d88dd3020816ec8acde6f4a5caffe3a3ea75603f,0,0,0,False,True,abstain,fixed,none,standard,0.5,0.45000000000000001,0.5,0.45000000000000001,0.5,0.45000000000000001
730,numerical_frozen_W,2023-01-01,2023-01-02,mix,0.0033637413950799002,0.45120958618546686,0.45000000000000001,0.0015124722106698574,0.0015113295765656221,0.0015136836277859552,0.0012095861854668488,1.2095861854668488e-06,9.6488549957525278e-07,0.79769884210677222,0.79890533943794229,ABSTAIN,0,0.49999999999999989,0.49999999999999989,0.45120958618546686,0.45000000000000001,0.0015124722106698574,0.0014647829382339001,4.7618386401919715e-05,True,,0,[],0,[],0,730,0,0,,377624ae1df0951a78c522423e053b52ce5dd8dfa7884d6d8109b96a18eb4e08,0,0,0,False,True,abstain,fixed,none,standard,0.49999999999999989,0.45000000000000001,0.49999999999999989,0.45000000000000001,0.49999999999999989,0.45000000000000001
731,numerical_frozen_W,2023-01-02,2023-01-03,mix,-5.9972532578944637e-06,0.45083126771894577,0.45000000000000001,-3.530029441645155e-06,-3.530035672213747e-06,-2.6987639660525087e-06,0.00083126771894576068,8.3126771894576066e-07,6.6410421916816693e-07,0.79890533943794229,0.79890251927857303,ABSTAIN,0,0.49999999999999989,0.49999999999999989,0.45083126771894577,0.45000000000000001,-3.530029441645155e-06,-3.530029441645155e-06,0,True,,0,[],0,[],0,731,0,0,,390f1138c2c11f6412215bde4f31f9efb8ccc24aa4d1efc1c05b4c85a8dcadd8,0,0,0,False,True,abstain,fixed,none,standard,0.49999999999999989,0.45000000000000001,0.49999999999999989,0.45000000000000001,0.49999999999999989,0.45000000000000001
732,numerical_frozen_W,2023-01-03,2023-01-04,mix,0.010669177531755499,0.44999851567581284,0.45000000000000001,0.0048011283978393049,0.0047896397385703724,0.0048011298892899745,1.4843241871731472e-06,1.4843241871731472e-09,1.1858303325587474e-09,0.79890251927857303,0.80273815285098671,ABSTAIN,0,0.49999999999999983,0.49999999999999983,0.44999851567581284,0.45000000000000001,0.0048011283978393049,0.0048011283978392997,5.2041704279304213e-18,True,,0,[],0,[],0,732,0,0,,6d1ca1ce45fe4feb5f3d27890a3b9bdfb14228a31f80a14553701b36cc677160,0,0,0,False,True,abstain,fixed,none,standard,0.49999999999999983,0.45000000000000001,0.49999999999999983,0.45000000000000001,0.49999999999999983,0.45000000000000001
733,numerical_frozen_W,2023-01-04,2023-01-05,mix,-0.0013232772176760999,0.45262800405031434,0.45000000000000001,-0.00059810118709446858,-0.00059828012096006594,-0.00059547474795424501,0.0026280040503143254,2.6280040503143256e-06,2.109599117034233e-06,0.80273815285098671,0.80225803420884056,ABSTAIN,0,0.49999999999999989,0.49999999999999989,0.45262800405031434,0.45000000000000001,-0.00059810118709446858,-0.00059810118709439995,-6.8629997518332431e-17,True,,0,[],0,[],0,733,0,0,,b7e8f9e7fce0eadc24b812e00e30534f682aaacbaa158c43a98e478cf787dbe5,0,0,0,False,True,abstain,fixed,none,standard,0.49999999999999989,0.45000000000000001,0.49999999999999989,0.45000000000000001,0.49999999999999989,0.45000000000000001
734,numerical_frozen_W,2023-01-05,2023-01-06,mix,0.0071955697631581996,0.4496722937478273,0.45000000000000001,0.0032376776260540918,0.0032324476334950492,0.00323800639342119,0.00032770625217271032,3.2770625217271031e-07,2.6290497366602517e-07,0.80225803420884056,0.80485548709652066,ABSTAIN,0,0.5,0.5,0.4496722937478273,0.45000000000000001,0.0032376776260540918,0.0032376776260539999,9.1940344226770776e-17,True,,0,[],0,[],0,734,0,0,,5b6adae38866261a8ccfc0677b0a7a7346187c210a828e731f7087193ecc7b00,0,0,0,False,True,abstain,fixed,none,standard,0.5,0.45000000000000001,0.5,0.45000000000000001,0.5,0.45000000000000001
735,numerical_frozen_W,2023-01-06,2023-01-07,mix,-0.0004306555994079,0.45177515555135705,0.45000000000000001,-0.00019556983126867156,-0.00019558895754184476,-0.00019379501973355501,0.0017751555513570438,1.7751555513570438e-06,1.4287436859595663e-06,0.80485548709652066,0.80469808164471357,ABSTAIN,0,0.49999999999999989,0.49999999999999989,0.45177515555135705,0.45000000000000001,-0.00019556983126867156,-0.0001955698312686,-7.1557343384043293e-17,True,,0,[],0,[],0,735,0,0,,2a4540cb8ac120db17083e919592470b5facff4254256590d1824326297c0772,0,0,0,False,True,abstain,fixed,none,standard,0.49999999999999989,0.45000000000000001,0.49999999999999989,0.45000000000000001,0.49999999999999989,0.45000000000000001
736,numerical_frozen_W,2023-01-07,2023-01-08,mix,0.010351991312353899,0.44989339207906243,0.45000000000000001,0.0046582889860165011,0.0046474727350193862,0.004658396090559255,0.00010660792093758475,1.0660792093758475e-07,8.5787189466605751e-08,0.80469808164471357,0.80844659785550776,ABSTAIN,0,0.49999999999999978,0.49999999999999978,0.44989339207906243,0.45000000000000001,0.0046582889860165011,0.0046582889860165002,8.6736173798840355e-19,True,,0,[],0,[],0,736,0,0,,9eecc1a86deefef41ee8251c45197e90d6ae63c92918fe6b3f389ce82f3b0079,0,0,0,False,True,abstain,fixed,none,standard,0.49999999999999978,0.45000000000000001,0.49999999999999978,0.45000000000000001,0.49999999999999978,0.45000000000000001
737,numerical_frozen_W,2023-01-08,2023-01-09,mix,0.0035691337110811999,0.45255023783186166,0.45000000000000001,0.0016035558361915392,0.0016022715133372709,0.00160611016998654,0.0025502378318616459,2.5502378318616458e-06,2.0617310988909542e-06,0.80844659785550776,0.80974298711574821,ABSTAIN,0,0.49999999999999989,0.49999999999999989,0.45255023783186166,0.45000000000000001,0.0016035558361915392,0.0016035558361914999,3.903127820947816e-17,True,,0,[],0,[],0,737,0,0,,de0ac28c9406a996c819ab4960bf5b23e80fd8abbf476077f05d5f9dc4cdfc1b,0,0,0,False,True,abstain,fixed,none,standard,0.49999999999999989,0.45000000000000001,0.49999999999999989,0.45000000000000001,0.49999999999999989,0.45000000000000001
738,numerical_frozen_W,2023-01-09,2023-01-10,mix,0.015075581632237199,0.45088194409411375,0.45000000000000001,0.0067831238072937339,0.0067602219288559057,0.0067840117345067397,0.0008819440941137402,8.8194409411374016e-07,7.1414804523675257e-07,0.80974298711574821,0.81523557404944214,ABSTAIN,0,0.49999999999999983,0.49999999999999983,0.45088194409411375,0.45000000000000001,0.0067831238072937339,0.0067831238072937,3.3827107781547738e-17,True,,0,[],0,[],0,738,0,0,,3086b7e731576254f52ed309b85a378141caaa2ca6cf1fed0dcfd8291b5684c0,0,0,0,False,True,abstain,fixed,none,standard,0.49999999999999983,0.45000000000000001,0.49999999999999983,0.45000000000000001,0.49999999999999983,0.45000000000000001
739,numerical_frozen_W,2023-01-10,2023-01-11,mix,0.028854700070531199,0.45370606446913131,0.45000000000000001,0.012980860845449582,0.012897331549511904,0.01298461503173904,0.0037060644691312983,3.7060644691312983e-06,3.0213155949564952e-06,0.81523557404944214,0.82581803359243811,ABSTAIN,0,0.49999999999999978,0.49999999999999978,0.45370606446913131,0.45000000000000001,0.012980860845449582,0.012980860845449501,8.1532003370909933e-17,True,,0,[],0,[],0,739,0,0,,da985cd016a8ac7affb373184836db16b45fe97fce0b1ff3c2c1583f24d84a7a,0,0,0,False,True,abstain,fixed,none,standard,0.49999999999999978,0.45000000000000001,0.49999999999999978,0.45000000000000001,0.49999999999999978,0.45000000000000001
740,numerical_frozen_W,2023-01-11,2023-01-12,mix,0.050662401141436698,0.45704999677337921,0.45000000000000001,0.022790869790479062,0.022535037713861637,0.022798080513646516,0.0070499967733791968,7.0499967733791966e-06,5.8220144722250426e-06,0.82581803359243811,0.8446391448666728,ABSTAIN,0,0.49999999999999994,0.49999999999999994,0.45704999677337921,0.45000000000000001,0.022790869790479062,0.022790869790479,6.2450045135165055e-17,True,,0,[],0,[],0,740,0,0,,d0b829f19700a7e5831812bba91307d2368ae0287f7e23ee847ac1b9556e2d0f,0,0,0,False,True,abstain,fixed,none,standard,0.49999999999999994,0.45000000000000001,0.49999999999999994,0.45000000000000001,0.49999999999999994,0.45000000000000001
741,numerical_frozen_W,2023-01-12,2023-01-13,mix,0.057062377660957099,0.46225945230187426,0.5,0.028492371500087321,0.028094012971153329,0.02853118883047855,0.037740547698125737,3.7740547698125738e-05,3.1877143934544798e-05,0.8446391448666728,0.86870491716573006,ABSTAIN,0,0.49999999999999989,0.49999999999999989,0.46225945230187426,0.5,0.028492371500087321,0.0284923715000873,2.0816681711721685e-17,True,,0,[],0,[],0,741,0,0,,7eb21ebdd3a567efa252c0b68fa6a60ac14306750d9a5715bfbefcee0e902aac,0,0,0,False,False,abstain,fixed,none,standard,0.49999999999999989,0.5,0.49999999999999989,0.5,0.49999999999999989,0.5
742,numerical_frozen_W,2023-01-13,2023-01-14,mix,0.051748883424499403,0.51386987052036837,0.5,0.025860212966573037,0.025531492794473264,0.025874441712249702,0.013869870520368366,1.3869870520368366e-05,1.2048824721496003e-05,0.86870491716573006,0.89116981132874507,ABSTAIN,0,0.49999999999999989,0.49999999999999989,0.51386987052036837,0.5,0.025860212966573037,0.0258602129665732,-1.5959455978986625e-16,True,,0,[],0,[],0,742,0,0,,91c28017b5c4c2e81cb7b74da7273483d31c6ff9859f8e1e515d6bcf17934fd1,0,0,0,False,False,abstain,fixed,none,standard,0.49999999999999989,0.5,0.49999999999999989,0.5,0.49999999999999989,0.5
743,numerical_frozen_W,2023-01-14,2023-01-15,mix,-0.0037407792653949001,0.51261092033303013,0.5,-0.0018829769656958373,-0.0018847519953991976,-0.0018703896326974501,0.012610920333030129,1.2610920333030129e-05,1.1238471493868296e-05,0.89116981132874507,0.88949175910148959,ABSTAIN,0,0.49999999999999989,0.49999999999999989,0.51261092033303013,0.5,-0.0018829769656958373,-0.0018829769656958,-3.7296554733501353e-17,True,,0,[],0,[],0,743,0,0,,f78ea14f876feac6fb6146631809a5abdbe95b2299f8bccca509f379aa37d575,0,0,0,False,False,abstain,fixed,none,standard,0.49999999999999989,0.5,0.49999999999999989,0.5,0.49999999999999989,0.5
744,numerical_frozen_W,2023-01-15,2023-01-16,bull,0.014578683703867,0.49906305272718582,0.5,0.0072883980749318678,0.007261966055366418,0.0072893418519334998,0.00093694727281418144,9.3694727281418145e-07,8.3340687788082956e-07,0.88949175910148959,0.89597472912619269,ABSTAIN,0,0.5,0.5,0.49906305272718582,0.5,0.0072883980749318678,0.0065110227403856998,0.00077204846234873569,True,,0,[],0,[],0,744,0,0,,d85822bd349964814ed25d13d09c6c33334bb98ccfbbdae95acbdf2f87e0013d,0,0,0,False,False,abstain,fixed,none,standard,0.5,0.5,0.5,0.5,0.5,0.5
745,numerical_frozen_W,2023-01-16,2023-01-17,bull,-0.0022233551420399,0.50361829593001151,0.5,-0.0011152918445714866,-0.0011159142453361377,-0.00111167757101995,0.0036182959300115058,3.6182959300115061e-06,3.2419017157904645e-06,0.89597472912619269,0.89497545581785609,ABSTAIN,0,0.5,0.5,0.50361829593001151,0.5,-0.0011152918445714866,-0.0010040909344603,-0.00011131887387815821,True,,0,[],0,[],0,745,0,0,,3031d75be5e861f007ffa90b491bae7bc97ece8060224804b3cb0c3c501b06cc,0,0,0,False,False,abstain,fixed,none,standard,0.5,0.5,0.5,0.5,0.5,0.5
746,numerical_frozen_W,2023-01-17,2023-01-18,bull,-0.022070198844685401,0.49944354261329399,0.5,-0.01103564973916682,-0.011096994257000194,-0.0110350994223427,0.00055645738670601075,5.5645738670601074e-07,4.9801570331042501e-07,0.89497545581785609,0.88509882016229902,ABSTAIN,0,0.49999999999999994,0.49999999999999994,0.49944354261329399,0.5,-0.01103564973916682,-0.0099321348409858994,-0.0011152067196800522,True,,0,[],0,[],0,746,0,0,,f2f988cae773bfd9b875488e0be215f8c63b5b3100b798122d1b33eff00746f9,0,0,0,False,False,abstain,fixed,none,standard,0.49999999999999994,0.5,0.49999999999999994,0.5,0.49999999999999994,0.5
747,numerical_frozen_W,2023-01-18,2023-01-19,bull,0.019863961375093199,0.49442088419118968,0.5,0.0099263461600673786,0.0098774036000479053,0.0099319806875465995,0.0055791158088103199,5.5791158088103202e-06,4.9380688199268445e-06,0.88509882016229902,0.89388461743709724,ABSTAIN,0,0.49999999999999989,0.49999999999999989,0.49442088419118968,0.5,0.0099263461600673786,0.0089332161335560004,0.00098385259199778273,True,,0,[],0,[],0,747,0,0,,e0d3b3e42fa314de2d5b600411666ad7f143fcb1e34c40b5e343ec5be9994b32,0,0,0,False,False,abstain,fixed,none,standard,0.49999999999999989,0.5,0.49999999999999989,0.5,0.49999999999999989,0.5
748,numerical_frozen_W,2023-01-19,2023-01-20,bull,0.075707265241067898,0.50491715327243381,0.5,0.037848529335147818,0.037149848599531771,0.037853632620533949,0.0049171532724338052,4.9171532724338054e-06,4.3953676718090626e-06,0.89388461743709724,0.92771683560240259,ABSTAIN,0,0.49999999999999994,0.49999999999999994,0.50491715327243381,0.5,0.037848529335147818,0.0340632305777364,0.0036539229538213522,True,,0,[],0,[],0,748,0,0,,454e96db70163b99f8b9b558f670cb19a863d6e312b26a614f24a99300b9d759,0,0,0,False,False,abstain,fixed,none,standard,0.49999999999999994,0.5,0.49999999999999994,0.5,0.49999999999999994,0.5
749,numerical_frozen_W,2023-01-20,2023-01-21,bull,0.0043435697528795003,0.51823649859227039,0.5,0.0021535087720956358,0.0021511932957497524,0.0021717848764397502,0.018236498592270389,1.8236498592270389e-05,1.6918306766488754e-05,0.92771683560240259,0.92971468194589313,ABSTAIN,0,0.49999999999999994,0.49999999999999994,0.51823649859227039,0.5,0.0021535087720956358,0.0019364507473987999,0.00021661505214827081,True,,0,[],0,[],0,749,0,0,,60262bd5f9338987bd9c9c2cb331108bd18e797da9d52c4819514c79cf4a0d70,0,0,0,False,False,abstain,fixed,none,standard,0.49999999999999994,0.5,0.49999999999999994,0.5,0.49999999999999994,0.5
750,numerical_frozen_W,2023-01-21,2023-01-22,bull,-0.0029812475577041002,0.50108353922411986,0.5,-0.0014917057029267822,-0.0014928194035590309,-0.0014906237788520501,0.001083539224119856,1.0835392241198561e-06,1.0073823251284917e-06,0.92971468194589313,0.92832782125273972,ABSTAIN,0,0.49999999999999994,0.49999999999999994,0.50108353922411986,0.5,-0.0014917057029267822,-0.0013426328979023001,-0.00014928436652260064,True,,0,[],0,[],0,750,0,0,,8a93a98be1fe6aa891c728774dd1be3bda5078d9849a0aff13e52c6de9713467,0,0,0,False,False,abstain,fixed,none,standard,0.49999999999999994,0.5,0.49999999999999994,0.5,0.49999999999999994,0.5
751,numerical_frozen_W,2023-01-22,2023-01-23,bull,0.0091466368384430993,0.49925357547242399,0.5,0.0045725685810569239,0.0045621461487898854,0.0045733184192215497,0.00074642452757600619,7.4642452757600622e-07,6.9292665541423933e-07,0.92832782125273972,0.93257266388112103,ABSTAIN,0,0.49999999999999994,0.49999999999999994,0.49925357547242399,0.5,0.0045725685810569239,0.0041152446862195002,0.00045534592256558232,True,,0,[],0,[],0,751,0,0,,b06284f0fce75c601091a2186b6160fb46e06b395d60bfdbd65fb61554c103f0,0,0,0,False,False,abstain,fixed,none,standard,0.49999999999999994,0.5,0.49999999999999994,0.5,0.49999999999999994,0.5
752,numerical_frozen_W,2023-01-23,2023-01-24,bull,-0.0123497196220898,0.50227624919723035,0.5,-0.006177122004722535,-0.0061962793551248374,-0.0061748598110449001,0.0022762491972303511,2.276249197230351e-06,2.122767777518372e-06,0.93257266388112103,0.92681204875805823,ABSTAIN,0,0.5,0.5,0.50227624919723035,0.5,-0.006177122004722535,-0.0055596158138404997,-0.0006211513560421076,True,,0,[],0,[],0,752,0,0,,071ed772f4f30a20d48bf83d1ab03603d99eae5f18e481d41fe17e1de9879b97,0,0,0,False,False,abstain,fixed,none,standard,0.5,0.5,0.5,0.5,0.5,0.5
753,numerical_frozen_W,2023-01-24,2023-01-25,bull,0.018672263338119902,0.49689338719592524,0.5,0.0093329960525094791,0.0092897127450581006,0.0093361316690599508,0.0031066128040747598,3.1066128040747599e-06,2.8792461776425444e-06,0.92681204875805823,0.93546198195053543,ABSTAIN,0,0.49999999999999989,0.49999999999999989,0.49689338719592524,0.5,0.0093329960525094791,0.0083994190389064995,0.00092537253526781167,True,,0,[],0,[],0,753,0,0,,450aaa6df8e6174bc6ae979db2434fb84a6a51aff26e2ed86eb9d4941e36d1b7,0,0,0,False,False,abstain,fixed,none,standard,0.49999999999999989,0.5,0.49999999999999989,0.5,0.49999999999999989,0.5
754,numerical_frozen_W,2023-01-25,2023-01-26,bull,-0.0016959371245407,0.50462488727794852,0.5,-0.00085258952778921593,-0.00085295318895782588,-0.00084796856227035001,0.0046248872779485195,4.6248872779485192e-06,4.3264062193275387e-06,0.93546198195053543,0.93466441686107948,ABSTAIN,0,0.49999999999999994,0.49999999999999994,0.50462488727794852,0.5,-0.00085258952778921593,-0.00076775108598440005,-8.490723117332078e-05,True,,0,[],0,[],0,754,0,0,,df4eaa8988069327fd0621b3ede37b0fe866eedf98a42518d3d52259a73a81fd,0,0,0,False,False,abstain,fixed,none,standard,0.49999999999999994,0.5,0.49999999999999994,0.5,0.49999999999999994,0.5
755,numerical_frozen_W,2023-01-26,2023-01-27,bull,0.0025460549183176002,0.49957565588839858,0.5,0.0012726025748455161,0.0012717935025343566,0.0012730274591588001,0.00042434411160141572,4.2434411160141572e-07,3.9661934161837006e-07,0.93466441686107948,0.93585387320459335,ABSTAIN,0,0.49999999999999994,0.49999999999999994,0.49957565588839858,0.5,0.0012726025748455161,0.0011453041669440001,0.00012714469606410787,True,,0,[],0,[],0,755,0,0,,ebfc636cb8f973e420b82a3ebea8e98c2667a557c1a1ae488bc0bcc0ba32332d,0,0,0,False,False,abstain,fixed,none,standard,0.49999999999999994,0.5,0.49999999999999994,0.5,0.49999999999999994,0.5
756,numerical_frozen_W,2023-01-27,2023-01-28,bull,-0.0020238704029538002,0.50063570446034544,0.5,-0.0010125702626454514,-0.0010130832582391403,-0.0010119352014769001,0.00063570446034544315,6.3570446034544321e-07,5.9492648142771875e-07,0.93585387320459335,0.9349062554024048,ABSTAIN,0,0.5,0.5,0.50063570446034544,0.5,-0.0010125702626454514,-0.00091137053552509996,-0.0001012971720879463,True,,0,[],0,[],0,756,0,0,,6be1ddf219913d02e23a0b289f8aab4c59a52ef40b3050664d9232306d1bf6de,0,0,0,False,False,abstain,fixed,none,standard,0.5,0.5,0.5,0.5,0.5,0.5
757,numerical_frozen_W,2023-01-28,2023-01-29,bull,0.031492233334346302,0.49949351987419338,0.5,0.015745602211951981,0.015622926279429452,0.015746116667173151,0.00050648012580661872,5.0648012580661873e-07,4.7351143785360479e-07,0.9349062554024048,0.9496269174054367,ABSTAIN,0,0.5,0.5,0.49949351987419338,0.5,0.015745602211951981,0.014170996530827399,0.0015513996958481848,True,,0,[],0,[],0,757,0,0,,beaf7f9faef748738f5db936be8c243ee8263624dc741e6cb9df71e25489ed4f,0,0,0,False,False,abstain,fixed,none,standard,0.5,0.5,0.5,0.5,0.5,0.5
758,numerical_frozen_W,2023-01-29,2023-01-30,bull,-0.038769676379082997,0.50775101002543765,0.5,-0.019392438947491875,-0.019582939155828157,-0.019384838189541499,0.0077510100254376546,7.7510100254376546e-06,7.3605677572349959e-06,0.9496269174054367,0.93121133538675682,ABSTAIN,0,0.50000000000000011,0.50000000000000011,0.50775101002543765,0.5,-0.019392438947491875,-0.017453905702002701,-0.0019749181326461709,True,,0,[],0,[],0,758,0,0,,158c318275d91fdc13e6f3b44909aa1caa233c99606e269b94e088127eb5d7ea,0,0,0,False,False,abstain,fixed,none,standard,0.50000000000000011,0.5,0.50000000000000011,0.5,0.50000000000000011,0.5
759,numerical_frozen_W,2023-01-30,2023-01-31,bull,0.012828373963087201,0.49011598079222418,0.5,0.0064042395643884031,0.006383819558890602,0.0064141869815436004,0.0098840192077758182,9.8840192077758191e-06,9.2041107254612742e-06,0.93121133538675682,0.9371750358636477,ABSTAIN,0,0.49999999999999989,0.49999999999999989,0.49011598079222418,0.5,0.0064042395643884031,0.0057629460334638,0.00063741577462126525,True,,0,[],0,[],0,759,0,0,,259a1fca1b0249aa4f2cb25e56e1e9046b6b111af228ded098e729d54f4764e6,0,0,0,False,False,abstain,fixed,none,standard,0.49999999999999989,0.5,0.49999999999999989,0.5,0.49999999999999989,0.5
760,numerical_frozen_W,2023-01-31,2023-02-01,bull,0.025967455275869002,0.50318665369810678,0.5,0.012980499609592799,0.012896974942654701,0.012983727637934501,0.0031866536981067783,3.1866536981067785e-06,2.9864522938082458e-06,0.9371750358636477,0.94934003605079587,ABSTAIN,0,0.49999999999999994,0.49999999999999994,0.50318665369810678,0.5,0.012980499609592799,0.0116821611867372,0.0012825233812639412,True,,0,[],0,[],0,760,0,0,,f47b052053e6cb738dd2843eed0fd05b489a971e6688e22466abdc78fa114856,0,0,0,False,False,abstain,fixed,none,standard,0.49999999999999994,0.5,0.49999999999999994,0.5,0.49999999999999994,0.5
761,numerical_frozen_W,2023-02-01,2023-02-02,bull,-0.012560272448325799,0.50640865558038617,0.5,-0.0062865046325132345,-0.0063063479097103959,-0.0062801362241628996,0.0064086555803861689,6.4086555803861686e-06,6.0839933197209399e-06,0.94934003605079587,0.94337200551633227,ABSTAIN,0,0.49999999999999994,0.49999999999999994,0.50640865558038617,0.5,-0.0062865046325132345,-0.0056584394069347996,-0.00063183888654399535,True,,0,[],0,[],0,761,0,0,,0848a645f2c5e2963112b34d52965680c74320b0ca0b465f3c685da3a0c87766,0,0,0,False,False,abstain,fixed,none,standard,0.49999999999999994,0.5,0.49999999999999994,0.5,0.49999999999999994,0.5
762,numerical_frozen_W,2023-02-02,2023-02-03,bull,0.00015366490805730001,0.49684008720511019,0.5,7.3672298449789508e-05,7.3669584779290816e-05,7.6832454028650003e-05,0.0031599127948898076,3.1599127948898077e-06,2.9809732705719168e-06,0.94337200551633227,0.94344150590027187,ABSTAIN,0,0.5,0.5,0.49684008720511019,0.5,7.3672298449789508e-05,6.6022654566122441e-05,7.6491096127003936e-06,True,,0,[],0,[],0,762,0,0,,17ae168e687f1ff6066b8e4ba94f0facf7db03f34a198c3e069b33c70736e6e0,0,0,0,False,False,abstain,fixed,none,standard,0.5,0.5,0.5,0.5,0.5,0.5
763,numerical_frozen_W,2023-02-03,2023-02-04,bull,-0.0045836320803031997,0.50003841327562815,0.5,-0.0022918543653911438,-0.0022944846832460256,-0.0022918160401515998,3.8413275628146337e-05,3.8413275628146339e-08,3.6240678605180593e-08,0.94344150590027187,0.94127927536648315,ABSTAIN,0,0.49999999999999989,0.49999999999999989,0.50003841327562815,0.5,-0.0022918543653911438,-0.0020626723871305999,-0.00022968205760026065,True,,0,[],0,[],0,763,0,0,,3dc8026b51ccff2a1ef44806a99a6f2594a2918ccfe962ec7c1154415ae1dce0,0,0,0,False,False,abstain,fixed,none,standard,0.49999999999999989,0.5,0.49999999999999989,0.5,0.49999999999999989,0.5
764,numerical_frozen_W,2023-02-04,2023-02-05,bull,-0.0166267932326635,0.49885145973692652,0.5,-0.0083145356083241806,-0.0083492941610885524,-0.0083133966163317502,0.0011485402630734831,1.1485402630734832e-06,1.0810971465550382e-06,0.94127927536648315,0.9334529753140709,ABSTAIN,0,0.49999999999999994,0.49999999999999994,0.49885145973692652,0.5,-0.0083145356083241806,-0.0074831852428728996,-0.00083796941756892653,True,,0,[],0,[],0,764,0,0,,2f7ef7cc7195b51eb892abc51031553f93abebcb1f81b156ecd884f943fa7bea,0,0,0,False,False,abstain,fixed,none,standard,0.49999999999999994,0.5,0.49999999999999994,0.5,0.49999999999999994,0.5
765,numerical_frozen_W,2023-02-05,2023-02-06,bull,-0.0075950470875479001,0.4958084557218147,0.5,-0.0038016991705640546,-0.0038089439964504803,-0.00379752354377395,0.0041915442781852996,4.1915442781852998e-06,3.9126094776327378e-06,0.9334529753140709,0.92990426791205882,ABSTAIN,0,0.5,0.5,0.4958084557218147,0.5,-0.0038016991705640546,-0.0034219031718725002,-0.0003811727233787544,True,,0,[],0,[],0,765,0,0,,e2903c4639697a1941361f9b312b3dcd0db5168bcd75713aedad5471b7518fe7,0,0,0,False,False,abstain,fixed,none,standard,0.5,0.5,0.5,0.5,0.5,0.5
766,numerical_frozen_W,2023-02-06,2023-02-07,bull,0.0215229024066638,0.49809400014880367,0.5,0.010759524692156353,0.010702052885049593,0.0107614512033319,0.0019059998511963272,1.9059998511963272e-06,1.7723973962672137e-06,0.92990426791205882,0.93990959584400025,ABSTAIN,0,0.49999999999999989,0.49999999999999989,0.49809400014880367,0.5,0.010759524692156353,0.0096834015935473999,0.0010652349406829742,True,,0,[],0,[],0,766,0,0,,b5147a1da889cbbefaed1a5fb8d1681c39252746f41147bb49e311a03a49e3e7,0,0,0,False,False,abstain,fixed,none,standard,0.49999999999999989,0.5,0.49999999999999989,0.5,0.49999999999999989,0.5
767,numerical_frozen_W,2023-02-07,2023-02-08,bull,-0.0123474842699674,0.50532343768676591,0.5,-0.0061790327071389317,-0.0061982019353908416,-0.0061737421349836999,0.0053234376867659083,5.3234376867659086e-06,5.0035501646688645e-06,0.93990959584400025,0.93410186370952641,ABSTAIN,0,0.5,0.5,0.50532343768676591,0.5,-0.0061790327071389317,-0.0055616144274962002,-0.00062106414698752475,True,,0,[],0,[],0,767,0,0,,3aab9651e42048de92a75c0d185919b000087a2eaa5df28e79794a00dc2633b1,0,0,0,False,False,abstain,fixed,none,standard,0.5,0.5,0.5,0.5,0.5,0.5
768,numerical_frozen_W,2023-02-08,2023-02-09,bull,-0.051039425898992297,0.49689395299926647,0.5,-0.025522739731069,-0.025854095074425397,-0.025519712949496148,0.003106047000733525,3.1060470007335253e-06,2.9013642921545707e-06,0.93410186370952641,0.91026102495976169,ABSTAIN,0,0.50000000000000011,0.50000000000000011,0.49689395299926647,0.5,-0.025522739731069,-0.0229707441504024,-0.0026154122615596777,True,,0,[],0,[],0,768,0,0,,783b04dd77040313543be4ef7c04ef660d1e521b666f966d53ce5240dc7ff633,0,0,0,False,False,abstain,fixed,none,standard,0.50000000000000011,0.5,0.50000000000000011,0.5,0.50000000000000011,0.5
769,numerical_frozen_W,2023-02-09,2023-02-10,bull,-0.0072272570838590004,0.48690598810021202,0.5,-0.0036266752369340516,-0.0036332675672249115,-0.0036136285419295002,0.013094011899787983,1.3094011899787982e-05,1.1918968692736326e-05,0.91026102495976169,0.90695980384139396,ABSTAIN,0,0.49999999999999994,0.49999999999999994,0.48690598810021202,0.5,-0.0036266752369340516,-0.0032651528512295,-0.00036277247242690568,True,,0,[],0,[],0,769,0,0,,78a7ec687a9d1d16a7a008a23d6b02a80bc9ce15b2ac392fa18b3764c19a75ce,0,0,0,False,False,abstain,fixed,none,standard,0.49999999999999994,0.5,0.49999999999999994,0.5,0.49999999999999994,0.5
770,numerical_frozen_W,2023-02-10,2023-02-11,bull,0.010390570834296099,0.49818663289390369,0.5,0.0051934626290821573,0.0051800231137067443,0.0051952854171480496,0.0018133671060963086,1.8133671060963087e-06,1.6446510748375444e-06,0.90695980384139396,0.91167006568872389,ABSTAIN,0,0.50000000000000011,0.50000000000000011,0.49818663289390369,0.5,0.0051934626290821573,0.0046739539018136001,0.00051695821780618594,True,,0,[],0,[],0,770,0,0,,c3e90005a925ff4dad4e9439178c4fce5380f17ac74b851a34a942088433238f,0,0,0,False,False,abstain,fixed,none,standard,0.50000000000000011,0.5,0.50000000000000011,0.5,0.50000000000000011,0.5
771,numerical_frozen_W,2023-02-11,2023-02-12,bull,-0.0033394633070751001,0.50258421696386701,0.5,-0.0016723115555525858,-0.0016737114294231932,-0.0016697316535375501,0.0025842169638670143,2.5842169638670144e-06,2.3559532492025558e-06,0.91167006568872389,0.9101454693030212,ABSTAIN,0,0.49999999999999989,0.49999999999999989,0.50258421696386701,0.5,-0.0016723115555525858,-0.0015053143393333999,-0.00016726296617481078,True,,0,[],0,[],0,771,0,0,,5855ce8555f50bced9f856e7c9c733a6ef3495d24592f4c66fcb435f607aad31,0,0,0,False,False,abstain,fixed,none,standard,0.49999999999999989,0.5,0.49999999999999989,0.5,0.49999999999999989,0.5
772,numerical_frozen_W,2023-02-12,2023-02-13,bull,-0.00065177079699639995,0.49916373783983176,0.5,-0.00032672138813272245,-0.00032677477319379827,-0.00032588539849819997,0.00083626216016824406,8.3626216016824404e-07,7.6112021622668483e-07,0.9101454693030212,0.90984810531188787,ABSTAIN,0,0.5,0.5,0.49916373783983176,0.5,-0.00032672138813272245,-0.00029412437696230002,-3.2607133173581898e-05,True,,0,[],0,[],0,772,0,0,,b485cd958ded95f6f795e687c5d353ddc51380b532d102bf88406d5565fed80e,0,0,0,False,False,abstain,fixed,none,standard,0.5,0.5,0.5,0.5,0.5,0.5
773,numerical_frozen_W,2023-02-13,2023-02-14,mix,0.0195612834480034,0.49983700418279403,0.5,0.0097804771339806695,0.0097329578570737561,0.0097806417240017002,0.00016299581720596867,1.6299581720596867e-07,1.483014354586134e-07,0.90984810531188787,0.91874685390128641,ABSTAIN,0,0.5,0.5,0.49983700418279403,0.5,0.0097804771339806695,0.0097299897531063998,4.9999622891393203e-05,True,,0,[],0,[],0,773,0,0,,c9dc1157813fba60bd278641e5e606ff9a01d185c7bbdf3d82c91eeb5d93e552,0,0,0,False,False,abstain,fixed,none,standard,0.5,0.5,0.5,0.5,0.5,0.5
774,numerical_frozen_W,2023-02-14,2023-02-15,mix,0.095925400364889502,0.50484295366729515,0.5,0.047957624947642774,0.046843150871101177,0.047962700182444751,0.0048429536672951468,4.8429536672951467e-06,4.4494484454171133e-06,0.91874685390128641,0.96280777094251102,ABSTAIN,0,0.5,0.5,0.50484295366729515,0.5,0.047957624947642774,0.047957624947642698,7.6327832942979512e-17,True,,0,[],0,[],0,774,0,0,,e97761291c31b7613b04529410c11df3f64b3cb383ca186c6d0b455d6e1fe260,0,0,0,False,False,abstain,fixed,none,standard,0.5,0.5,0.5,0.5,0.5,0.5
775,numerical_frozen_W,2023-02-15,2023-02-16,bull,-0.032403125629421402,0.52288378211080155,0.5,-0.016224075843788266,-0.016357127215315841,-0.016201562814710701,0.022883782110801554,2.2883782110801556e-05,2.2032683244834951e-05,0.96280777094251102,0.947187104643751,ABSTAIN,0,0.5,0.5,0.52288378211080155,0.5,-0.016224075843788266,-0.0146532275672938,-0.0015954806802435141,True,,0,[],0,[],0,775,0,0,,17cbc6389aa323726fa381c58b88a9c3a6127ffccf0d468b04be936e2cd4d0b7,0,0,0,False,False,abstain,fixed,none,standard,0.5,0.5,0.5,0.5,0.5,0.5
776,numerical_frozen_W,2023-02-16,2023-02-17,bull,0.0439217318900917,0.49176581187653423,0.5,0.021952450927020806,0.021714965187446176,0.02196086594504585,0.0082341881234657688,8.2341881234657691e-06,7.7993168077575038e-06,0.947187104643751,0.96798018307714984,ABSTAIN,0,0.49999999999999994,0.49999999999999994,0.49176581187653423,0.5,0.021952450927020806,0.019756480052453201,0.0021511114420165178,True,,0,[],0,[],0,776,0,0,,cf7e5439855c30922a9bbfe44a4ea5b98dafaf6b868932b3bc31abf1bbc24931,0,0,0,False,False,abstain,fixed,none,standard,0.49999999999999994,0.5,0.49999999999999994,0.5,0.49999999999999994,0.5
777,numerical_frozen_W,2023-02-17,2023-02-18,bull,0.0023561967159746,0.5107444749974539,0.5,0.0011673412249413317,0.0011666604119494805,0.0011780983579873,0.010744474997453901,1.0744474997453902e-05,1.0400438875103286e-05,0.96798018307714984,0.96911014624978209,ABSTAIN,0,0.49999999999999989,0.49999999999999989,0.5107444749974539,0.5,0.0011673412249413317,0.0010496172822458,0.00011759359277324676,True,,0,[],0,[],0,777,0,0,,1e6d8cb434e0ceb4326b2e2d29619ec936c04f3ce6a9f77b9f4f6f87f64a2b80,0,0,0,False,False,abstain,fixed,none,standard,0.49999999999999989,0.5,0.49999999999999989,0.5,0.49999999999999989,0.5
778,numerical_frozen_W,2023-02-18,2023-02-19,bull,-0.0133366353516243,0.50058835603771179,0.5,-0.0066689021085047928,-0.0066912385981323461,-0.0066683176758121502,0.00058835603771179024,5.883560377117903e-07,5.701818057538153e-07,0.96911014624978209,0.96264724555208347,ABSTAIN,0,0.5,0.5,0.50058835603771179,0.5,-0.0066689021085047928,-0.0060020649531447997,-0.00067108885276079104,True,,0,[],0,[],0,778,0,0,,f479b937bf1d4918bf31b141a9e4d1e1c1b92947a35f33d87fe73a2818006f8e,0,0,0,False,False,abstain,fixed,none,standard,0.5,0.5,0.5,0.5,0.5,0.5
779,numerical_frozen_W,2023-02-19,2023-02-20,bull,0.022079669504462201,0.49664345867826859,0.5,0.011036441155247934,0.010975984052685617,0.0110398347522311,0.00335654132173141,3.3565413217314102e-06,3.2311652579464917e-06,0.96264724555208347,0.97327144523088061,ABSTAIN,0,0.49999999999999994,0.49999999999999994,0.49664345867826859,0.5,0.011036441155247934,0.0099324975358990996,0.0010924895558892204,True,,0,[],0,[],0,779,0,0,,d6d438459afc45beb6962df1f6b42adc435ce4e03a7fcfe43897803243a1c3af,0,0,0,False,False,abstain,fixed,none,standard,0.49999999999999994,0.5,0.49999999999999994,0.5,0.49999999999999994,0.5
780,numerical_frozen_W,2023-02-20,2023-02-21,bull,-0.0156524889792467,0.50545964381064001,0.5,-0.0078316614049266375,-0.0078624899296411994,-0.0078262444896233501,0.0054596438106400136,5.4596438106400135e-06,5.3137154220274387e-06,0.97327144523088061,0.9656491128167487,ABSTAIN,0,0.49999999999999989,0.49999999999999989,0.50545964381064001,0.5,-0.0078316614049266375,-0.0070489928836955,-0.00078853552404948603,True,,0,[],0,[],0,780,0,0,,bcfd289c32604d0b0d00f9748045ca33f2fcb4c4a1f674764a914db333dce691,0,0,0,False,False,abstain,fixed,none,standard,0.49999999999999989,0.5,0.49999999999999989,0.5,0.49999999999999989,0.5
781,numerical_frozen_W,2023-02-21,2023-02-22,bull,-0.0108013267513814,0.49605601113405912,0.5,-0.0054045860644004184,-0.0054192436757332868,-0.0054006633756906999,0.0039439888659408839,3.9439888659408838e-06,3.8085093493549495e-06,0.9656491128167487,0.96043017907851869,ABSTAIN,0,0.5,0.5,0.49605601113405912,0.5,-0.0054045860644004184,-0.0048644795461458999,-0.00054289403877202415,True,,0,[],0,[],0,781,0,0,,ad84bacd70a3f655618a9439c9d693a6164a0e267ae31e820773114e7e4dd3e4,0,0,0,False,False,abstain,fixed,none,standard,0.5,0.5,0.5,0.5,0.5,0.5
782,numerical_frozen_W,2023-02-22,2023-02-23,bull,-0.0103487054815476,0.49728500554101485,0.5,-0.0051770536868938066,-0.0051905010612635291,-0.0051743527407738001,0.0027149944589851538,2.7149944589851538e-06,2.6075626144402974e-06,0.96043017907851869,0.95545798047891617,ABSTAIN,0,0.49999999999999994,0.49999999999999994,0.49728500554101485,0.5,-0.0051770536868938066,-0.0046595913422292001,-0.00052001998231268436,True,,0,[],0,[],0,782,0,0,,bd3e56970bc3a25749cb5b07006db8a6a91c8552a7fbaf859d6ab6cf94a88f08,0,0,0,False,False,abstain,fixed,none,standard,0.49999999999999994,0.5,0.49999999999999994,0.5,0.49999999999999994,0.5
783,numerical_frozen_W,2023-02-23,2023-02-24,bull,-0.031115920171455001,0.49739936703731485,0.5,-0.01556052025814636,-0.015682855883562476,-0.015557960085727501,0.0026006329626851454,2.6006329626851455e-06,2.4847955184940497e-06,0.95545798047891617,0.94059055721786633,ABSTAIN,0,0.49999999999999994,0.49999999999999994,0.49739936703731485,0.5,-0.01556052025814636,-0.0140047013337486,-0.0015791634057273525,True,,0,[],0,[],0,783,0,0,,465072234a53951df81d7d525b8a3933f15fdca8368c5cd905161950ea509748,0,0,0,False,False,abstain,fixed,none,standard,0.49999999999999994,0.5,0.49999999999999994,0.5,0.49999999999999994,0.5
784,numerical_frozen_W,2023-02-24,2023-02-25,bull,-0.0010952288553996001,0.49209808223596263,0.5,-0.0005555120182596518,-0.00055566637222717033,-0.00054761442769980003,0.0079019177640373695,7.9019177640373704e-06,7.4324692327656667e-06,0.94059055721786633,0.94006804785907028,ABSTAIN,0,0.5,0.5,0.49209808223596263,0.5,-0.0005555120182596518,-0.0005006596903883,-5.4881309928559601e-05,True,,0,[],0,[],0,784,0,0,,72c691907751ea638167221d56832b7ccc285a33b2b53cc9cd6275d8d1b8607a,0,0,0,False,False,abstain,fixed,none,standard,0.5,0.5,0.5,0.5,0.5,0.5
785,numerical_frozen_W,2023-02-25,2023-02-26,mix,0.016947177125195799,0.49972604276321464,0.5,0.0084733122839601993,0.0084376152795943172,0.0084735885625978995,0.00027395723678536044,2.7395723678536046e-07,2.5753844478167888e-07,0.94006804785907028,0.94803353799675305,ABSTAIN,0,0.49999999999999989,0.49999999999999989,0.49972604276321464,0.5,0.0084733122839601993,0.0084228913823037998,4.9998509169930927e-05,True,,0,[],0,[],0,785,0,0,,208627eba11fdb4041c80d82ad32f399b6986f7aac69fdfbba490112a9f40354,0,0,0,False,False,abstain,fixed,none,standard,0.49999999999999989,0.5,0.49999999999999989,0.5,0.49999999999999989,0.5
786,numerical_frozen_W,2023-02-26,2023-02-27,mix,-0.0027420867874712999,0.50420119508269701,0.5,-0.0013752388287975315,-0.0013761853375989419,-0.0013710433937356499,0.0042011950826970068,4.2011950826970067e-06,3.9828738380638051e-06,0.94803353799675305,0.94672976546429766,ABSTAIN,0,0.49999999999999989,0.49999999999999989,0.50420119508269701,0.5,-0.0013752388287975315,-0.0013752388287976,6.852157730108388e-17,True,,0,[],0,[],0,786,0,0,,5ea60b46f609c22340c7fedb7264ca0726fac36077141130e89f92e639413dab,0,0,0,False,False,abstain,fixed,none,standard,0.49999999999999989,0.5,0.49999999999999989,0.5,0.49999999999999989,0.5
787,numerical_frozen_W,2023-02-27,2023-02-28,bull,-0.015476225946088501,0.49931353713275295,0.5,-0.0077387941239842606,-0.0077688939828675641,-0.0077381129730442503,0.00068646286724705075,6.8646286724705081e-07,6.4989482930874965e-07,0.94672976546429766,0.93940321871832155,ABSTAIN,0,0.49999999999999994,0.49999999999999994,0.49931353713275295,0.5,-0.0077387941239842606,-0.0070132717785231996,-0.00073091362071188697,True,,0,[],0,[],0,787,0,0,,79196c2a725a2fce3a780625b7602e59d5ccf476e757a90181f13a9d6a778543,0,0,0,False,False,abstain,fixed,none,standard,0.49999999999999994,0.5,0.49999999999999994,0.5,0.49999999999999994,0.5
788,numerical_frozen_W,2023-02-28,2023-03-01,bull,0.022122306046129501,0.49610077083771231,0.5,0.011057210663931949,0.010996526631083072,0.01106115302306475,0.0038992291622876873,3.8992291622876875e-06,3.662948425573398e-06,0.93940321871832155,0.94979039800606579,ABSTAIN,0,0.5,0.5,0.49610077083771231,0.5,0.011057210663931949,0.0099511420930728997,0.0010945711132570139,True,,0,[],0,[],0,788,0,0,,d800cd0bb6a057a61b52187da9e379317c36458c719f60e00a3700eda51336ef,0,0,0,False,False,abstain,fixed,none,standard,0.5,0.5,0.5,0.5,0.5,0.5
789,numerical_frozen_W,2023-03-01,2023-03-02,mix,-0.0074781534713350001,0.5054700712167568,0.5,-0.0037445263538682383,-0.0037515546432379506,-0.0037390767356675,0.0054700712167568,5.4700712167568004e-06,5.1954211180849659e-06,0.94979039800606579,0.94623388283008103,ABSTAIN,0,0.49999999999999989,0.49999999999999989,0.5054700712167568,0.5,-0.0037445263538682383,-0.0037834887510074001,3.9109605996471598e-05,True,,0,[],0,[],0,789,0,0,,11a7db923672c6c307f4e1eb47f6ccd558d6c6f340f8c7539fec16f426daa7eb,0,0,0,False,False,abstain,fixed,none,standard,0.49999999999999989,0.5,0.49999999999999989,0.5,0.49999999999999989,0.5
790,numerical_frozen_W,2023-03-02,2023-03-03,bull,-0.047346305624451301,0.49812344504920658,0.5,-0.023674984943204302,-0.02395974077332242,-0.023673152812225651,0.0018765549507934187,1.8765549507934187e-06,1.7756598774332682e-06,0.94623388283008103,0.92383180990132907,ABSTAIN,0,0.49999999999999989,0.49999999999999989,0.49812344504920658,0.5,-0.023674984943204302,-0.0213529356657506,-0.0023755330256695802,True,,0,[],0,[],0,790,0,0,,b6c13509612649e88bd346895243026bf4e9fcb7771f0d64e3b85e0e6cb6052b,0,0,0,False,False,abstain,fixed,none,standard,0.49999999999999989,0.5,0.49999999999999989,0.5,0.49999999999999989,0.5
791,numerical_frozen_W,2023-03-03,2023-03-04,mix,-0.00032655763518599999,0.48787642023753919,0.5,-0.0001754004178317059,-0.00017541580228397954,-0.00016327881759299999,0.012123579762460812,1.2123579762460812e-05,1.1200148634437297e-05,0.92383180990132907,0.9236697694158662,ABSTAIN,0,0.5,0.5,0.48787642023753919,0.5,-0.0001754004178317059,-0.00015892248842830001,-1.6480684338921527e-05,True,,0,[],0,[],0,791,0,0,,866b547a5d47020631a8be798d23c0268cd61062597b5815fb803ff517276f2f,0,0,0,False,False,abstain,fixed,none,standard,0.5,0.5,0.5,0.5,0.5,0.5
792,numerical_frozen_W,2023-03-04,2023-03-05,mix,0.0036335810910588001,0.49991834725904055,0.5,0.0018167087444422858,0.0018150605250323753,0.0018167905455294001,8.1652740959448078e-05,8.1652740959448083e-08,7.5420168414186866e-08,0.9236697694158662,0.92534780836294095,ABSTAIN,0,0.5,0.5,0.49991834725904055,0.5,0.0018167087444422858,0.0017666187242483999,5.0000436236015975e-05,True,,0,[],0,[],0,792,0,0,,1ce6b9bee1d6f743cbaf698aa7d3ca5d46af1c60d786a3bdf767668743a142bc,0,0,0,False,False,abstain,fixed,none,standard,0.5,0.5,0.5,0.5,0.5,0.5
793,numerical_frozen_W,2023-03-05,2023-03-06,mix,-0.00081593344123259996,0.50090674790174972,0.5,-0.00040887309859505283,-0.00040895670999217424,-0.00040796672061629998,0.00090674790174971598,9.0674790174971601e-07,8.3905718362179508e-07,0.92534780836294095,0.92496945853725743,ABSTAIN,0,0.49999999999999989,0.49999999999999989,0.50090674790174972,0.5,-0.00040887309859505283,-0.00040887309859499998,-5.2854855908668341e-17,True,,0,[],0,[],0,793,0,0,,c376566774842c0c0a507ffdcdd2bb2e5af9255bf5ce70df2981e16b304f0a99,0,0,0,False,False,abstain,fixed,none,standard,0.49999999999999989,0.5,0.49999999999999989,0.5,0.49999999999999989,0.5
794,numerical_frozen_W,2023-03-06,2023-03-07,mix,-0.0094689870593485,0.49979593338730505,0.5,-0.0047346966301349269,-0.0047459408121240838,-0.00473449352967425,0.00020406661269495308,2.0406661269495307e-07,1.8875538424998297e-07,0.92496945853725743,0.92059000875894337,ABSTAIN,0,0.49999999999999989,0.49999999999999989,0.49979593338730505,0.5,-0.0047346966301349269,-0.0047346966301349,-2.7755575615628914e-17,True,,0,[],0,[],0,794,0,0,,b2776f1ac6da9a94df854e60ad342dc798890f49c7c2cc27be3cc65b93de394d,0,0,0,False,False,abstain,fixed,none,standard,0.49999999999999989,0.5,0.49999999999999989,0.5,0.49999999999999989,0.5
795,numerical_frozen_W,2023-03-07,2023-03-08,mix,-0.0219391110830803,0.49762149220539903,0.5,-0.010971907958161387,-0.011032543271582582,-0.01096955554154015,0.0023785077946009703,2.3785077946009702e-06,2.1896305114649224e-06,0.92059000875894337,0.91048937991563728,ABSTAIN,0,0.49999999999999989,0.49999999999999989,0.49762149220539903,0.5,-0.010971907958161387,-0.0109719079581613,-8.8470897274817162e-17,True,,0,[],0,[],0,795,0,0,,c126db126e1859cb9738caf303bc694a9b0057cb8c7936828b2ccc2f739ea154,0,0,0,False,False,abstain,fixed,none,standard,0.49999999999999989,0.5,0.49999999999999989,0.5,0.49999999999999989,0.5
796,numerical_frozen_W,2023-03-08,2023-03-09,mix,-0.062134974298505702,0.49445438934513963,0.5,-0.031072860471720087,-0.031565861323670133,-0.031067487149252851,0.0055456106548603668,5.5456106548603667e-06,5.0492196063973661e-06,0.91048937991563728,0.88219787045253573,ABSTAIN,0,0.49999999999999983,0.49999999999999983,0.49445438934513963,0.5,-0.031072860471720087,-0.031072860471720001,-9.0205620750793969e-17,True,,0,[],0,[],0,796,0,0,,23783e0c4519491a1332d89926219dc89173502ed6fd507b94c2a8a356805a68,0,0,0,False,False,abstain,fixed,none,standard,0.49999999999999983,0.5,0.49999999999999983,0.5,0.49999999999999983,0.5
797,numerical_frozen_W,2023-03-09,2023-03-10,mix,-0.0100727833492126,0.48396818832209093,0.5,-0.0050523427438013968,-0.00506514897994119,-0.0050363916746062999,0.016031811677909069,1.6031811677909068e-05,1.4143230121747475e-05,0.88219787045253573,0.87774070444315777,ABSTAIN,0,0.49999999999999983,0.49999999999999983,0.48396818832209093,0.5,-0.0050523427438013968,-0.0050523427438012997,-9.8011876392689601e-17,True,,0,[],0,[],0,797,0,0,,6b071f27d5c7a7618ca9d5a14c07077d2dc408fd72584ba0b2eb738a41ac9649,0,0,0,False,False,abstain,fixed,none,standard,0.49999999999999983,0.5,0.49999999999999983,0.5,0.49999999999999983,0.5
798,numerical_frozen_W,2023-03-10,2023-03-11,mix,0.015419190641325201,0.49746905734417618,0.5,0.0077070448654630308,0.0076774973142799338,0.0077095953206626003,0.0025309426558238202,2.53094265582382e-06,2.2215113896280368e-06,0.87774070444315777,0.88450549143254431,ABSTAIN,0,0.49999999999999994,0.49999999999999994,0.49746905734417618,0.5,0.0077070448654630308,0.0068908373607519001,0.00081029326653282545,True,,0,[],0,[],0,798,0,0,,92be9a72458b3bd07c745b80289536c21fdccdd159e0b5e181727aaee9beb113,0,0,0,False,False,abstain,fixed,none,standard,0.49999999999999994,0.5,0.49999999999999994,0.5,0.49999999999999994,0.5
799,numerical_frozen_W,2023-03-11,2023-03-12,mix,0.074620740197874597,0.50382530609833553,0.5,0.03730640206925262,0.036627355295514544,0.037310370098937298,0.0038253060983355347,3.8253060983355347e-06,3.3835042503881811e-06,0.88450549143254431,0.91750320892838866,ABSTAIN,0,0.49999999999999983,0.49999999999999983,0.50382530609833553,0.5,0.03730640206925262,0.033575415872380401,0.0036032864853730098,True,,0,[],0,[],0,799,0,0,,4d5eb65cec058c866c919ef6fef78c0ab8114f001f2a07de3c4116a7290b623b,0,0,0,False,False,abstain,fixed,none,standard,0.49999999999999983,0.5,0.49999999999999983,0.5,0.49999999999999983,0.5
800,numerical_frozen_W,2023-03-12,2023-03-13,mix,0.096368232491316194,0.51798418832705728,0.5,0.048165265505109911,0.047041269558790774,0.048184116245658097,0.017984188327057282,1.7984188327057283e-05,1.6500550500047526e-05,0.91750320892838866,0.96169499458821484,ABSTAIN,0,0.49999999999999978,0.49999999999999978,0.51798418832705728,0.5,0.048165265505109911,0.048150436640320697,1.4147549221035782e-05,True,,0,[],0,[],0,800,0,0,,70961ce2fb801ea44fb93fb9d2fd23f8b209b023996164278caadf3c819a1351,0,0,0,False,False,abstain,fixed,none,standard,0.49999999999999978,0.5,0.49999999999999978,0.5,0.49999999999999978,0.5
801,numerical_frozen_W,2023-03-13,2023-03-14,mix,0.024271804399031299,0.52298456707121366,0.5,0.012112638693986266,0.012039867728846784,0.012135902199515649,0.022984567071213657,2.2984567071213658e-05,2.2104143105163279e-05,0.96169499458821484,0.97334365859147698,ABSTAIN,0,0.49999999999999978,0.49999999999999978,0.52298456707121366,0.5,0.012112638693986266,0.0121126386939864,-1.3183898417423734e-16,True,,0,[],0,[],0,801,0,0,,e19e712dc450e9a60ce4bff28901e94c08127932cc749a0f0e2918844d1459be,0,0,0,False,False,abstain,fixed,none,standard,0.49999999999999978,0.5,0.49999999999999978,0.5,0.49999999999999978,0.5
802,numerical_frozen_W,2023-03-14,2023-03-15,mix,-0.016882796147321501,0.50599519401156634,0.5,-0.0084473426598531409,-0.0084832236678605427,-0.0084413980736607504,0.0059951940115663405,5.9951940115663408e-06,5.8353840731836954e-06,0.97334365859147698,0.96512149118155965,ABSTAIN,0,0.49999999999999989,0.49999999999999989,0.50599519401156634,0.5,-0.0084473426598531409,-0.0084473426598531999,5.8980598183211441e-17,True,,0,[],0,[],0,802,0,0,,7af33de19fbaa7f4fdb13a23d16ed00064a63bf5da3e730c6359681c97aa7736,0,0,0,False,False,abstain,fixed,none,standard,0.49999999999999989,0.5,0.49999999999999989,0.5,0.49999999999999989,0.5
803,numerical_frozen_W,2023-03-15,2023-03-16,mix,0.029708393218216899,0.49574336904684135,0.5,0.014849876749322144,0.014740696874303977,0.01485419660910845,0.0042566309531586466,4.2566309531586467e-06,4.108166012922057e-06,0.96512149118155965,0.97945342637372779,ABSTAIN,0,0.49999999999999994,0.49999999999999994,0.49574336904684135,0.5,0.014849876749322144,0.013322422046253101,0.0015062378997690133,True,,0,[],0,[],0,803,0,0,,aa74788a45baf929849182354fa8a5645936ed9cc6a7613a0f49f371d38d640c,0,0,0,False,False,abstain,fixed,none,standard,0.49999999999999994,0.5,0.49999999999999994,0.5,0.49999999999999994,0.5
804,numerical_frozen_W,2023-03-16,2023-03-17,mix,0.095492339256361997,0.50731838950794128,0.5,0.04773850181360606,0.046634033593040566,0.047746169628180998,0.0073183895079412808,7.3183895079412809e-06,7.1680216790906285e-06,0.97945342637372779,1.0262110655450127,ABSTAIN,0,0.5,0.5,0.50731838950794128,0.5,0.04773850181360606,0.047701384583393999,3.5426671465881021e-05,True,,0,[],0,[],0,804,0,0,,159a6b1e0574958e143a8aabf17b5cafec2f777725fad489d501e40ce6b5aff7,0,0,0,False,False,abstain,fixed,none,standard,0.5,0.5,0.5,0.5,0.5,0.5
805,numerical_frozen_W,2023-03-17,2023-03-18,mix,-0.017424922787111399,0.52278517975643135,0.5,-0.0087350480583131551,-0.0087734222208008875,-0.0087124613935556997,0.022785179756431351,2.2785179756431351e-05,2.3382403596482072e-05,1.0262110655450127,1.0172470625695043,ABSTAIN,0,0.5,0.5,0.52278517975643135,0.5,-0.0087350480583131551,-0.0087350480583130996,-5.5511151231257827e-17,True,,0,[],0,[],0,805,0,0,,2bb062f3446a924294cd1312321323a6a81690b57368088d164bcbb5f8d9b84a,0,0,0,False,False,abstain,fixed,none,standard,0.5,0.5,0.5,0.5,0.5,0.5
806,numerical_frozen_W,2023-03-18,2023-03-19,bull,0.0387969310223115,0.49560548223686762,0.5,0.019393985746491316,0.019208319108962035,0.01939846551115575,0.0043945177631323773,4.394517763132377e-06,4.4703102859559192e-06,1.0172470625695043,1.0369755376016374,ABSTAIN,0,0.5,0.5,0.49560548223686762,0.5,0.019393985746491316,0.017412217269066201,0.0019459574503091007,True,,0,[],0,[],0,806,0,0,,6b179faa002900dd7d337d759ef4b8d7981611ba95735d74ca573eb92a07eb06,0,0,0,False,False,abstain,fixed,none,standard,0.5,0.5,0.5,0.5,0.5,0.5
807,numerical_frozen_W,2023-03-19,2023-03-20,bull,-0.0085197094285499007,0.50951466289554836,0.5,-0.0042693288460888823,-0.0042784684530881934,-0.0042598547142749504,0.0095146628955483648,9.5146628955483652e-06,9.8664726712096169e-06,1.0369755376016374,1.0325483480262663,ABSTAIN,0,0.5,0.5,0.50951466289554836,0.5,-0.0042693288460888823,-0.0038432705359472,-0.00042779357558780885,True,,0,[],0,[],0,807,0,0,,f582602992f78a401f5a031c21e87692afcdfe85c63cc19afde3f256de92fc6d,0,0,0,False,False,abstain,fixed,none,standard,0.5,0.5,0.5,0.5,0.5,0.5
808,numerical_frozen_W,2023-03-20,2023-03-21,bull,0.0141952706480763,0.49786096064598634,0.5,0.0070954811025629727,0.0070704266224382046,0.0070976353240381502,0.002139039354013661,2.139039354013661e-06,2.2086615513499776e-06,1.0325483480262663,1.0398747753171693,ABSTAIN,0,0.49999999999999994,0.49999999999999994,0.49786096064598634,0.5,0.0070954811025629727,0.0063857415267478002,0.00070498755809984218,True,,0,[],0,[],0,808,0,0,,c2017204fb01888bac664377c89c923d6b0e5406f67cb10fc957d927bf657e77,0,0,0,False,False,abstain,fixed,none,standard,0.49999999999999994,0.5,0.49999999999999994,0.5,0.49999999999999994,0.5
809,numerical_frozen_W,2023-03-21,2023-03-22,bull,-0.030315856868464001,0.50352380696522758,0.5,-0.015161398827583494,-0.015277507913769976,-0.015157928434232,0.0035238069652275827,3.5238069652275827e-06,3.6643179762271088e-06,1.0398747753171693,1.024108819117842,ABSTAIN,0,0.49999999999999989,0.49999999999999989,0.50352380696522758,0.5,-0.015161398827583494,-0.013645578994952799,-0.0015379722983641549,True,,0,[],0,[],0,809,0,0,,6f17d0f0474d9488eba2374f2848c0441f8874ebe319e96d44084af0498d71be,0,0,0,False,False,abstain,fixed,none,standard,0.49999999999999989,0.5,0.49999999999999989,0.5,0.49999999999999989,0.5
810,numerical_frozen_W,2023-03-22,2023-03-23,bull,0.0384788916318499,0.49230438621994849,0.5,0.019231602142800508,0.019049012167070507,0.01923944581592495,0.0076956137800515134,7.6956137800515132e-06,7.8811459406755478e-06,1.024108819117842,1.0438040724780495,ABSTAIN,0,0.49999999999999994,0.49999999999999994,0.49230438621994849,0.5,0.019231602142800508,0.017307762566574,0.0018893228206955485,True,,0,[],0,[],0,810,0,0,,88f003f1a167e1f3fc44b117499b97f7063e8bd4622c78a340e139a06739ea30,0,0,0,False,False,abstain,fixed,none,standard,0.49999999999999994,0.5,0.49999999999999994,0.5,0.49999999999999994,0.5
811,numerical_frozen_W,2023-03-23,2023-03-24,mix,-0.02997100036382,0.50943813835645035,0.5,-0.01499479688504235,-0.015108355473788922,-0.01498550018191,0.009438138356450354,9.438138356450354e-06,9.8515672530741649e-06,1.0438040724780495,1.0281524424234612,ABSTAIN,0,0.49999999999999989,0.49999999999999989,0.50943813835645035,0.5,-0.01499479688504235,-0.013496185334471,-0.0015202688150959699,True,,0,[],0,[],0,811,0,0,,741d2e0a2b8c17daa32426e0026ff10ffc52dc4e2219568265cf1c7782b36a73,0,0,0,False,False,abstain,fixed,none,standard,0.49999999999999989,0.5,0.49999999999999989,0.5,0.49999999999999989,0.5
812,numerical_frozen_W,2023-03-24,2023-03-25,bull,0.00048794342769319999,0.49239325909178111,0.5,0.00023636311710850677,0.00023633518774783597,0.00024397171384659999,0.0076067409082188897,7.6067409082188895e-06,7.8208892436677093e-06,1.0281524424234612,1.028395459739615,ABSTAIN,0,0.5,0.5,0.49239325909178111,0.5,0.00023636311710850677,0.00021205365730350001,2.4304010643174415e-05,True,,0,[],0,[],0,812,0,0,,884e9ce541a16a095def16d8bdb296b6773a4941afa63bfd421e0050c2b736e4,0,0,0,False,False,abstain,fixed,none,standard,0.5,0.5,0.5,0.5,0.5,0.5
813,numerical_frozen_W,2023-03-25,2023-03-26,bull,0.018121533287717099,0.50012195610308385,0.5,0.0090606435827396137,0.0090198422241897936,0.0090607666438585494,0.00012195610308385341,1.2195610308385342e-07,1.2541910269897129e-07,1.028395459739615,1.0377133844624233,ABSTAIN,0,0.5,0.5,0.50012195610308385,0.5,0.0090606435827396137,0.0081545682553924997,0.0008983428074157123,True,,0,[],0,[],0,813,0,0,,c51c8fcd4b9fd38fb949e879c91688592b27bcc19e1c6a5f931458f9f8a29946,0,0,0,False,False,abstain,fixed,none,standard,0.5,0.5,0.5,0.5,0.5,0.5
814,numerical_frozen_W,2023-03-26,2023-03-27,bull,-0.030160687793804802,0.50448970316921293,0.5,-0.015084765893803809,-0.015199698258120788,-0.015080343896902401,0.004489703169212933,4.4897031692129334e-06,4.6590250709556203e-06,1.0377133844624233,1.022059720992941,ABSTAIN,0,0.49999999999999989,0.49999999999999989,0.50448970316921293,0.5,-0.015084765893803809,-0.0135766979276061,-0.0015299941970446061,True,,0,[],0,[],0,814,0,0,,82d2c0e8e71aa395e9723307ac434eb752fdd1d2bed0a112dd6019893ab04b15,0,0,0,False,False,abstain,fixed,none,standard,0.49999999999999989,0.5,0.49999999999999989,0.5,0.49999999999999989,0.5
815,numerical_frozen_W,2023-03-27,2023-03-28,bull,0.0048802423902866996,0.49234437864882868,0.5,0.0024324468931480325,0.0024294932829011257,0.0024401211951433498,0.0076556213511713156,7.6556213511713159e-06,7.8245022222057562e-06,1.022059720992941,1.024545826985882,ABSTAIN,0,0.5,0.5,0.49234437864882868,0.5,0.0024324468931480325,0.0021885249782330998,0.00024335963709993299,True,,0,[],0,[],0,815,0,0,,5e07cdff942121a969c4169d09397fcb421fc8b70edbdf5ce3ca8565a46efa2d,0,0,0,False,False,abstain,fixed,none,standard,0.5,0.5,0.5,0.5,0.5,0.5
816,numerical_frozen_W,2023-03-28,2023-03-29,bull,0.039916074271335297,0.50121709074863952,0.5,0.019956795754176637,0.019760269295343868,0.019958037135667649,0.0012170907486395155,1.2170907486395154e-06,1.2469652475817388e-06,1.024545826985882,1.0449924787958333,ABSTAIN,0,0.49999999999999994,0.49999999999999994,0.50121709074863952,0.5,0.019956795754176637,0.017961006560567899,0.0019586558686365413,True,,0,[],0,[],0,816,0,0,,0be6e6edd67dfe0f3fef62d6fe965f1cc887c9dddb8fb540b234216eab19d95a,0,0,0,False,False,abstain,fixed,none,standard,0.49999999999999994,0.5,0.49999999999999994,0.5,0.49999999999999994,0.5
817,numerical_frozen_W,2023-03-29,2023-03-30,bull,-0.01131906428128,0.50978375404135035,0.5,-0.0056692605232109283,-0.0056853917777317008,-0.0056595321406399998,0.0097837540413503454,9.7837540413503462e-06,1.0223949387599449e-05,1.0449924787958333,1.0390681441887437,ABSTAIN,0,0.49999999999999989,0.49999999999999989,0.50978375404135035,0.5,-0.0056692605232109283,-0.0051032344004529996,-0.00056909140517092012,True,,0,[],0,[],0,817,0,0,,f62bdaca200c49f29f86b20ee2dcf34c29defe8b5c118d4dc6db04877d2c2fe5,0,0,0,False,False,abstain,fixed,none,standard,0.49999999999999989,0.5,0.49999999999999989,0.5,0.49999999999999989,0.5
818,numerical_frozen_W,2023-03-30,2023-03-31,bull,0.0158475891471485,0.49715412762349698,0.5,0.0079209261510895246,0.0078897202934256026,0.0079237945735742502,0.0028458723765030225,2.8458723765030227e-06,2.9570553288510057e-06,1.0390681441887437,1.0472985262248125,ABSTAIN,0,0.49999999999999989,0.49999999999999989,0.49715412762349698,0.5,0.0079209261510895246,0.0071285792245350003,0.00078642928154143768,True,,0,[],0,[],0,818,0,0,,696caa784ae38b0d3c95cef92f6855839a9f16891023a0a9cda86bd795b50872,0,0,0,False,False,abstain,fixed,none,standard,0.49999999999999989,0.5,0.49999999999999989,0.5,0.49999999999999989,0.5
819,numerical_frozen_W,2023-03-31,2023-04-01,bull,-0.00061811425982579999,0.50393075082473215,0.5,-0.00031298666591106361,-0.00031303565646010841,-0.0003090571299129,0.0039307508247321543,3.9307508247321541e-06,4.116669545698952e-06,1.0472985262248125,1.0469707357508757,ABSTAIN,0,0.49999999999999994,0.49999999999999994,0.50393075082473215,0.5,-0.00031298666591106361,-0.00028204483864180001,-3.095103569240149e-05,True,,0,[],0,[],0,819,0,0,,9978fdd928ed70433388a32f8a22955d9e81f55fa04f1ea05737f9b5a2be42ac,0,0,0,False,False,abstain,fixed,none,standard,0.49999999999999994,0.5,0.49999999999999994,0.5,0.49999999999999994,0.5
820,numerical_frozen_W,2023-04-01,2023-04-02,bull,-0.0090595689500668,0.4998454236621242,0.5,-0.0045299383511737679,-0.0045402296128544597,-0.0045297844750334,0.00015457633787580027,1.5457633787580028e-07,1.6183690219550257e-07,1.0469707357508757,1.0422280228624412,ABSTAIN,0,0.49999999999999994,0.49999999999999994,0.4998454236621242,0.5,-0.0045299383511737679,-0.0040769584295171002,-0.0004549377305134621,True,,0,[],0,[],0,820,0,0,,c2c0315f8c107418d558fc2643e23d70b2644a47c793de758b45fd06a3339e3d,0,0,0,False,False,abstain,fixed,none,standard,0.49999999999999994,0.5,0.49999999999999994,0.5,0.49999999999999994,0.5
821,numerical_frozen_W,2023-04-02,2023-04-03,bull,-0.0140504924055705,0.49772480160411198,0.5,-0.0070275054173521978,-0.0070523146331374796,-0.0070252462027852501,0.0022751983958880229,2.275198395888023e-06,2.3712755257661719e-06,1.0422280228624412,1.0349037597856592,ABSTAIN,0,0.49999999999999989,0.49999999999999989,0.49772480160411198,0.5,-0.0070275054173521978,-0.0063249587693184001,-0.00070726856642172337,True,,0,[],0,[],0,821,0,0,,bd8453f69185819e6886be64b520e92ebc5d848baaebd387e375072611b18e9e,0,0,0,False,False,abstain,fixed,none,standard,0.49999999999999989,0.5,0.49999999999999989,0.5,0.49999999999999989,0.5
822,numerical_frozen_W,2023-04-03,2023-04-04,bull,0.0130313897151654,0.49646252526767665,0.5,0.0065121343337444237,0.0064910219949763162,0.0065156948575827,0.0035374747323233535,3.5374747323233534e-06,3.6609459006282071e-06,1.0349037597856592,1.0416431920918805,ABSTAIN,0,0.49999999999999994,0.49999999999999994,0.49646252526767665,0.5,0.0065121343337444237,0.0058606052255717996,0.00064752331228664674,True,,0,[],0,[],0,822,0,0,,4ca34a0f6e7f88f83c7ade2e62711dfe65dd1180890df6ebb26ab36ca7ec3f2d,0,0,0,False,False,abstain,fixed,none,standard,0.49999999999999994,0.5,0.49999999999999994,0.5,0.49999999999999994,0.5
823,numerical_frozen_W,2023-04-04,2023-04-05,bull,0.00032310292425890002,0.50323675770326903,0.5,0.0001583141815231226,0.00015830165115555942,0.00016155146212945001,0.0032367577032690331,3.236757703269033e-06,3.3715466260611394e-06,1.0416431920918805,1.0418080989812757,ABSTAIN,0,0.5,0.5,0.50323675770326903,0.5,0.0001583141815231226,0.00014218938387130001,1.6122375236551282e-05,True,,0,[],0,[],0,823,0,0,,e3d5d0e09f6cb0e92186a60fed082640c0808017c2e22c651bd54a288361f9d0,0,0,0,False,False,abstain,fixed,none,standard,0.5,0.5,0.5,0.5,0.5,0.5
824,numerical_frozen_W,2023-04-05,2023-04-06,bull,-0.0048556267414412999,0.50008076268373514,0.5,-0.0024278939373276742,-0.0024308460510605034,-0.0024278133707206499,8.0762683735136065e-05,8.0762683735136065e-08,8.4139218010728089e-08,1.0418080989812757,1.0392786994139003,ABSTAIN,0,0.49999999999999994,0.49999999999999994,0.50008076268373514,0.5,-0.0024278939373276742,-0.0021851118152898998,-0.00024334339547742298,True,,0,[],0,[],0,824,0,0,,96f5b9cafa3d84232c2b820be26d7eb7514a7c78ab26fe3e59dca24c986e5f88,0,0,0,False,False,abstain,fixed,none,standard,0.49999999999999994,0.5,0.49999999999999994,0.5,0.49999999999999994,0.5
825,numerical_frozen_W,2023-04-06,2023-04-07,bull,-0.0045048097671979001,0.49878313900324139,0.5,-0.0022536190037319992,-0.002256162224724878,-0.00225240488359895,0.0012168609967586064,1.2168609967586064e-06,1.2646577140787868e-06,1.0392786994139003,1.0369365611867272,ABSTAIN,0,0.5,0.5,0.49878313900324139,0.5,-0.0022536190037319992,-0.0020283663529933002,-0.00022573595071293017,True,,0,[],0,[],0,825,0,0,,d8141d18cc6b8d7b6075ecd1124e866e26a8108bbb9f331aa804669e123f6d6d,0,0,0,False,False,abstain,fixed,none,standard,0.5,0.5,0.5,0.5,0.5,0.5
826,numerical_frozen_W,2023-04-07,2023-04-08,bull,0.0011035313001603001,0.49887125516782815,0.5,0.00055063628244544915,0.00055048473791573552,0.00055176565008015004,0.0011287448321718463,1.1287448321718463e-06,1.1704367847295637e-06,1.0369365611867272,1.0375075360799109,ABSTAIN,0,0.5,0.5,0.49887125516782815,0.5,0.00055063628244544915,0.00049547132510410004,5.5136118198974814e-05,True,,0,[],0,[],0,826,0,0,,db284cb6929a61c2debbfa107126d8c9b4e3590141049eba2a140f2a9478851d,0,0,0,False,False,abstain,fixed,none,standard,0.5,0.5,0.5,0.5,0.5,0.5
827,numerical_frozen_W,2023-04-08,2023-04-09,bull,0.013793251542524899,0.5002757306863187,0.5,0.0068963481389647807,0.0068726770969874404,0.0068966257712624497,0.00027573068631869813,2.7573068631869815e-07,2.8607266498413528e-07,1.0375075360799109,1.0446625492455175,ABSTAIN,0,0.49999999999999994,0.49999999999999994,0.5002757306863187,0.5,0.0068963481389647807,0.0062066885112732001,0.00068517074597407041,True,,0,[],0,[],0,827,0,0,,d49d617605b3d47fdb53454a2bdd1f1a05cada4066322e836ea067d44e8664f8,0,0,0,False,False,abstain,fixed,none,standard,0.49999999999999994,0.5,0.49999999999999994,0.5,0.49999999999999994,0.5
828,numerical_frozen_W,2023-04-09,2023-04-10,bull,0.046401615442728597,0.503424694052371,0.5,0.023197303571643735,0.022932335989386807,0.023200807721364299,0.0034246940523710023,3.4246940523710026e-06,3.5776496191358534e-06,1.0446625492455175,1.068895903530293,ABSTAIN,0,0.50000000000000011,0.50000000000000011,0.503424694052371,0.5,0.023197303571643735,0.020877263334751799,0.0022700162417870935,True,,0,[],0,[],0,828,0,0,,6c6d3ed94bd0896eed51e1aaf8c3fb09c154572bca902078215706c3e987283f,0,0,0,False,False,abstain,fixed,none,standard,0.50000000000000011,0.5,0.50000000000000011,0.5,0.50000000000000011,0.5
829,numerical_frozen_W,2023-04-10,2023-04-11,bull,0.019182888566512599,0.51133736777096173,0.5,0.0095799981737541007,0.0095344009740044554,0.0095914442832562997,0.011337367770961726,1.1337367770961727e-05,1.2118465967197358e-05,1.068895903530293,1.0791359243340464,ABSTAIN,0,0.49999999999999994,0.49999999999999994,0.51133736777096173,0.5,0.0095799981737541007,0.0086209532438140998,0.00095039594689981868,True,,0,[],0,[],0,829,0,0,,d2fbb5735c40bd1c0369484617532587ae640475690a374449a03ac9394b9325,0,0,0,False,False,abstain,fixed,none,standard,0.49999999999999994,0.5,0.49999999999999994,0.5,0.49999999999999994,0.5
830,numerical_frozen_W,2023-04-11,2023-04-12,bull,-0.010698585879985,0.50475016123480798,0.5,-0.005354017691223345,-0.0053684018087950276,-0.0053492929399924999,0.0047501612348079814,4.7501612348079818e-06,5.1260696348602658e-06,1.0791359243340464,1.0733582115039273,ABSTAIN,0,0.5,0.5,0.50475016123480798,0.5,-0.005354017691223345,-0.0048190481156994997,-0.00053770464076089916,True,,0,[],0,[],0,830,0,0,,2101b70b28907a3d528da31fb9749801b5ffc7cad0bcb929229b3617cc23c8bf,0,0,0,False,False,abstain,fixed,none,standard,0.5,0.5,0.5,0.5,0.5,0.5
831,numerical_frozen_W,2023-04-12,2023-04-13,bull,0.0167634777022325,0.49731096911608103,0.5,0.0083790272814776579,0.0083441181001512842,0.0083817388511162501,0.0026890308839189747,2.6890308839189747e-06,2.8862933802420955e-06,1.0733582115039273,1.0823519092409168,ABSTAIN,0,0.5,0.5,0.49731096911608103,0.5,0.0083790272814776579,0.0075408841851397996,0.00083152424842252836,True,,0,[],0,[],0,831,0,0,,1e183efd3de8bb5842ecc5692d47c49655e50b780d8062f1d8b5c52ca773c137,0,0,0,False,False,abstain,fixed,none,standard,0.5,0.5,0.5,0.5,0.5,0.5
832,numerical_frozen_W,2023-04-13,2023-04-14,bull,0.0028005028399928,0.50415603462864467,0.5,0.0013960895658744477,0.0013951159389114247,0.0014002514199964,0.004156034628644667,4.156034628644667e-06,4.4982920151849201e-06,1.0823519092409168,1.0838629694480124,ABSTAIN,0,0.49999999999999994,0.49999999999999994,0.50415603462864467,0.5,0.0013960895658744477,0.0012561031914077,0.00013980098511465157,True,,0,[],0,[],0,832,0,0,,030b558f935a1e598fda8812226252501fa64b1886b7493d06a0e3815d1e5895,0,0,0,False,False,abstain,fixed,none,standard,0.49999999999999994,0.5,0.49999999999999994,0.5,0.49999999999999994,0.5
833,numerical_frozen_W,2023-04-14,2023-04-15,bull,-0.0056739683321027001,0.50069914672879845,0.5,-0.0028376813293120584,-0.002841715179971198,-0.00283698416605135,0.00069914672879844986,6.9914672879844989e-07,7.5777924955535205e-07,1.0838629694480124,1.0807873117360771,ABSTAIN,0,0.49999999999999994,0.49999999999999994,0.50069914672879845,0.5,-0.0028376813293120584,-0.0025539762339874999,-0.00028447198500252107,True,,0,[],0,[],0,833,0,0,,390e7a094a7bde56b8fee354a21f6b54ad04665e40667b328614e2c09a5099d8,0,0,0,False,False,abstain,fixed,none,standard,0.49999999999999994,0.5,0.49999999999999994,0.5,0.49999999999999994,0.5
834,numerical_frozen_W,2023-04-15,2023-04-16,bull,0.00035313997544520002,0.49857747222821003,0.5,0.00017514720877498391,0.00017513187229334823,0.00017656998772260001,0.001422527771789972,1.4225277717899721e-06,1.5374499663427958e-06,1.0807873117360771,1.0809766086170072,ABSTAIN,0,0.49999999999999989,0.49999999999999989,0.49857747222821003,0.5,0.00017514720877498391,0.0001575048632782,1.7639411603831434e-05,True,,0,[],0,[],0,834,0,0,,00f4a5a9c552ae67c0b38cae62906c7d700e955cd92b12819e60ee91d858eb5a,0,0,0,False,False,abstain,fixed,none,standard,0.49999999999999989,0.5,0.49999999999999989,0.5,0.49999999999999989,0.5
835,numerical_frozen_W,2023-04-16,2023-04-17,bull,-0.028881271382995101,0.50008826940813311,0.5,-0.014440722686239305,-0.014546004717031012,-0.01444063569149755,8.826940813311257e-05,8.826940813311257e-08,9.5417165448362507e-08,1.0809766086170072,1.0653665251816575,ABSTAIN,0,0.49999999999999983,0.49999999999999983,0.50008826940813311,0.5,-0.014440722686239305,-0.012996658374856701,-0.0014641508010873414,True,,0,[],0,[],0,835,0,0,,973aeee3153add7cb961a395dc883eea50d716528870139c8ff15bc4e3c89e2b,0,0,0,False,False,abstain,fixed,none,standard,0.49999999999999983,0.5,0.49999999999999983,0.5,0.49999999999999983,0.5
836,numerical_frozen_W,2023-04-17,2023-04-18,bull,0.032182884942703903,0.49267388844626853,0.5,0.016083998472095518,0.015956021400357342,0.016091442471351951,0.0073261115537314736,7.3261115537314739e-06,7.8049940090920949e-06,1.0653665251816575,1.082501878744901,ABSTAIN,0,0.49999999999999983,0.49999999999999983,0.49267388844626853,0.5,0.016083998472095518,0.014474951101004401,0.0015848323026677255,True,,0,[],0,[],0,836,0,0,,fbe8cbdc8d6182fcd48fa39cb02f08bed7d52d2f1e9714057b10d2d9b737d735,0,0,0,False,False,abstain,fixed,none,standard,0.49999999999999983,0.5,0.49999999999999983,0.5,0.49999999999999983,0.5
837,numerical_frozen_W,2023-04-18,2023-04-19,bull,-0.051625622897617601,0.50791830429760054,0.5,-0.025820525359410484,-0.026159726769659129,-0.025812811448808801,0.0079183042976005424,7.9183042976005428e-06,8.5715792786264112e-06,1.082501878744901,1.0545511115331587,ABSTAIN,0,0.5,0.5,0.50791830429760054,0.5,-0.025820525359410484,-0.023239199455735,-0.0026462392958284363,True,,0,[],0,[],0,837,0,0,,6bc1b894fb119f1fad9d27e24ec7b769c5f5a91eb044c3486f4df5267ce7d451,0,0,0,False,False,abstain,fixed,none,standard,0.5,0.5,0.5,0.5,0.5,0.5
838,numerical_frozen_W,2023-04-19,2023-04-20,bull,-0.019893314638522602,0.48675161624369256,0.5,-0.0099597739258843188,-0.01000970428087832,-0.0099466573192613008,0.013248383756307436,1.3248383756307437e-05,1.397109781623185e-05,1.0545511115331587,1.0440480208689984,ABSTAIN,0,0.5,0.5,0.48675161624369256,0.5,-0.0099597739258843188,-0.0089649557230591006,-0.0010043215432884792,True,,0,[],0,[],0,838,0,0,,3fd388274e37d041dff8242fb3dc43a8dd769d57366087d3c09fe46bf5cd5735,0,0,0,False,False,abstain,fixed,none,standard,0.5,0.5,0.5,0.5,0.5,0.5
839,numerical_frozen_W,2023-04-20,2023-04-21,bull,-0.034549671570970698,0.49497670635991742,0.5,-0.017279772302552732,-0.017430810028461571,-0.017274835785485349,0.0050232936400825823,5.0232936400825828e-06,5.2445597831720469e-06,1.0440480208689984,1.0260071087954512,ABSTAIN,0,0.49999999999999989,0.49999999999999989,0.49497670635991742,0.5,-0.017279772302552732,-0.0155522430361,-0.0017563621653200676,True,,0,[],0,[],0,839,0,0,,3fba4f7c05c48380914421cb94a5c446918aa5ac2f9e42ae6182f4182d2de02e,0,0,0,False,False,abstain,fixed,none,standard,0.49999999999999989,0.5,0.49999999999999989,0.5,0.49999999999999989,0.5
840,numerical_frozen_W,2023-04-21,2023-04-22,bull,0.020139520553974399,0.49121074924376595,0.5,0.010060882520583014,0.010010608759768088,0.010069760276987199,0.0087892507562340461,8.7892507562340466e-06,9.0178337568819268e-06,1.0260071087954512,1.0363296457823252,ABSTAIN,0,0.49999999999999989,0.49999999999999989,0.49121074924376595,0.5,0.010060882520583014,0.0090540194397291992,0.0009973312200650692,True,,0,[],0,[],0,840,0,0,,f7101a1b24165a02b9070157ab019e8d84264acf13849b5a72d2eb0a804267d3,0,0,0,False,False,abstain,fixed,none,standard,0.49999999999999989,0.5,0.49999999999999989,0.5,0.49999999999999989,0.5
841,numerical_frozen_W,2023-04-22,2023-04-23,mix,-0.0079995973236402992,0.50498468554994946,0.5,-0.0040047634096315177,-0.0040128039487658789,-0.0039997986618201496,0.0049846855499494636,4.9846855499494637e-06,5.1657774103154026e-06,1.0363296457823252,1.0321793907365797,ABSTAIN,0,0.5,0.5,0.50498468554994946,0.5,-0.0040047634096315177,-0.0036047407767129998,-0.00040155043816369812,True,,0,[],0,[],0,841,0,0,,3a049f2940537c688c88605ba0c429c367ed715afa7b8a17aabece9246262fdf,0,0,0,False,False,abstain,fixed,none,standard,0.5,0.5,0.5,0.5,0.5,0.5
842,numerical_frozen_W,2023-04-23,2023-04-24,bull,-0.0029755648499170998,0.49799206935076606,0.5,-0.001489787368243789,-0.001490898204855726,-0.0014877824249585499,0.0020079306492339355,2.0079306492339357e-06,2.0725446341675884e-06,1.0321793907365797,1.0306416629184987,ABSTAIN,0,0.49999999999999994,0.49999999999999994,0.49799206935076606,0.5,-0.001489787368243789,-0.0013409885751595001,-0.00014900969989651539,True,,0,[],0,[],0,842,0,0,,3a01a825785cc4bf346972966c08cda83eb055425dade98d2302d0db3593255b,0,0,0,False,False,abstain,fixed,none,standard,0.49999999999999994,0.5,0.49999999999999994,0.5,0.49999999999999994,0.5
843,numerical_frozen_W,2023-04-24,2023-04-25,bull,0.028699385298789699,0.4992550003901946,0.5,0.014348936959269754,0.01424696526274929,0.014349692649394849,0.00074499960980539681,7.4499960980539686e-07,7.6782763672346679e-07,1.0306416629184987,1.0454302751673132,ABSTAIN,0,0.49999999999999989,0.49999999999999989,0.4992550003901946,0.5,0.014348936959269754,0.012913976420889799,0.001415663226076596,True,,0,[],0,[],0,843,0,0,,5c0a9937b69e83081884493b483589188c64a3b0f5fcaa4b0b6bab68078ad90f,0,0,0,False,False,abstain,fixed,none,standard,0.49999999999999989,0.5,0.49999999999999989,0.5,0.49999999999999989,0.5
844,numerical_frozen_W,2023-04-25,2023-04-26,mix,0.0044454181802761998,0.5070733459838267,0.5,0.0022156200221639111,0.0022131691555810394,0.0022227090901380999,0.0070733459838266954,7.0733459838266958e-06,7.3946900382255515e-06,1.0454302751673132,1.0477465514167503,ABSTAIN,0,0.5,0.5,0.5070733459838267,0.5,0.0022156200221639111,0.0021796260744426001,3.5915020049339438e-05,True,,0,[],0,[],0,844,0,0,,6f8d836b154d6e5862ef110552ee49d4c7a1f2f75d0ba6ff9c8d473b0d42248d,0,0,0,False,False,abstain,fixed,none,standard,0.5,0.5,0.5,0.5,0.5,0.5
845,numerical_frozen_W,2023-04-26,2023-04-27,mix,0.036985568838259798,0.50110888980561819,0.5,0.018491655022863984,0.018322763251907487,0.018492784419129899,0.0011088898056181851,1.108889805618185e-06,1.161835469737644e-06,1.0477465514167503,1.0671211191969443,ABSTAIN,0,0.49999999999999989,0.49999999999999989,0.50110888980561819,0.5,0.018491655022863984,0.016591546456298401,0.0018673527621134896,True,,0,[],0,[],0,845,0,0,,67e5fb7d6c3a2170d9102c71a7c80d436c3db4fe49f56662072e01e5b21b0f24,0,0,0,False,False,abstain,fixed,none,standard,0.49999999999999989,0.5,0.49999999999999989,0.5,0.49999999999999989,0.5
846,numerical_frozen_W,2023-04-27,2023-04-28,bull,-0.0052279998235847001,0.50907850536696586,0.5,-0.0026230546859470349,-0.0026265009216520662,-0.0026139999117923501,0.0090785053669658611,9.0785053669658621e-06,9.6878648078320751e-06,1.0671211191969443,1.0643220021447617,ABSTAIN,0,0.49999999999999989,0.49999999999999989,0.50907850536696586,0.5,-0.0026230546859470349,-0.0023615828066522,-0.00026212518029269157,True,,0,[],0,[],0,846,0,0,,8d7e02abe4296e721829eecb8450dd67555c22d44a657b2f89394b4da116e36f,0,0,0,False,False,abstain,fixed,none,standard,0.49999999999999989,0.5,0.49999999999999989,0.5,0.49999999999999989,0.5
847,numerical_frozen_W,2023-04-28,2023-04-29,bull,-0.0029909487139260999,0.49868957459220342,0.5,-0.0014967828226631896,-0.0014979041211054709,-0.0014954743569630499,0.0013104254077965782,1.3104254077965783e-06,1.39471459368742e-06,1.0643220021447617,1.0627289432541689,ABSTAIN,0,0.49999999999999994,0.49999999999999994,0.49868957459220342,0.5,-0.0014967828226631896,-0.0013472221568591001,-0.00014977364457916214,True,,0,[],0,[],0,847,0,0,,ba0bc83a95669e161f662099611c76a8a470c08302319d2674f1a4b040651137,0,0,0,False,False,abstain,fixed,none,standard,0.49999999999999994,0.5,0.49999999999999994,0.5,0.49999999999999994,0.5
848,numerical_frozen_W,2023-04-29,2023-04-30,bull,0.00061571931408869996,0.4992511429249657,0.5,0.00030711056942633874,0.00030706342062842781,0.00030785965704434998,0.00074885707503430377,7.4885707503430375e-07,7.9583208799961354e-07,1.0627289432541689,1.0630553185450775,ABSTAIN,0,0.49999999999999989,0.49999999999999989,0.4992511429249657,0.5,0.00030711056942633874,0.00027633222847200001,3.0769364874601009e-05,True,,0,[],0,[],0,848,0,0,,d32e0e4f4a6824f75bf2f0d70f62860131ec082a44068855658a9e56e164273d,0,0,0,False,False,abstain,fixed,none,standard,0.49999999999999989,0.5,0.49999999999999989,0.5,0.49999999999999989,0.5
849,numerical_frozen_W,2023-04-30,2023-05-01,bull,-0.040150963520567698,0.50015388245432268,0.5,-0.020075632553473777,-0.020279886370719195,-0.020075481760283849,0.00015388245432268466,1.5388245432268467e-07,1.6358556149849987e-07,1.0630553185450775,1.0417138105859505,ABSTAIN,0,0.5,0.5,0.50015388245432268,0.5,-0.020075632553473777,-0.018068083179954599,-0.0020465821990501218,True,,0,[],0,[],0,849,0,0,,f942c8f80720fe45aef1bc36ae85db37f40f6bbe6329f8526b4bace6dd94cf78,0,0,0,False,False,abstain,fixed,none,standard,0.5,0.5,0.5,0.5,0.5,0.5
850,numerical_frozen_W,2023-05-01,2023-05-02,bull,0.021066615380231898,0.48975661829732237,0.5,0.010522956411721962,0.010467975477536152,0.010533307690115949,0.010243381702677634,1.0243381702677634e-05,1.0670672186782719e-05,1.0417138105859505,1.0526757196082352,ABSTAIN,0,0.5,0.5,0.48975661829732237,0.5,0.010522956411721962,0.0094697607668601004,0.0010427718192644007,True,,0,[],0,[],0,850,0,0,,b5add8dc012a2cb716865d19a3acb0e0c661643a1577b824ce6dd4c3799fc5a0,0,0,0,False,False,abstain,fixed,none,standard,0.5,0.5,0.5,0.5,0.5,0.5
851,numerical_frozen_W,2023-05-02,2023-05-03,mix,0.012365229463080401,0.5052117568070037,0.5,0.0061773707524488408,0.0061583690114568644,0.0061826147315402003,0.0052117568070036979,5.2117568070036977e-06,5.4862898472357365e-06,1.0526757196082352,1.0591784878103563,ABSTAIN,0,0.49999999999999994,0.49999999999999994,0.5052117568070037,0.5,0.0061773707524488408,0.0061375025571588004,3.9624211721584965e-05,True,,0,[],0,[],0,851,0,0,,756852973eb453ea9e0d78c192e4062ad13fa2069225c9577d3c355f0c32c42b,0,0,0,False,False,abstain,fixed,none,standard,0.49999999999999994,0.5,0.49999999999999994,0.5,0.49999999999999994,0.5
852,numerical_frozen_W,2023-05-03,2023-05-04,mix,-0.0062535316087597003,0.50307231244160877,0.5,-0.0031298285104199852,-0.0031347366674744411,-0.0031267658043798502,0.003072312441608771,3.072312441608771e-06,3.2541272459841218e-06,1.0591784878103563,1.0558634407815839,ABSTAIN,0,0.5,0.5,0.50307231244160877,0.5,-0.0031298285104199852,-0.0028670121861609,-0.00026360672956284546,True,,0,[],0,[],0,852,0,0,,1e4075bb105c8d0bcc3bbdcd09112f5e3c1ed4785ca37fc4e4ae97776fa89a8d,0,0,0,False,False,abstain,fixed,none,standard,0.5,0.5,0.5,0.5,0.5,0.5
853,numerical_frozen_W,2023-05-04,2023-05-05,bull,0.023268069939428902,0.49843171343300091,0.5,0.011632448437646659,0.011565311651201731,0.011634034969714451,0.0015682865669990886,1.5682865669990888e-06,1.6558964507631959e-06,1.0558634407815839,1.068145717813672,ABSTAIN,0,0.49999999999999994,0.49999999999999994,0.49843171343300091,0.5,0.011632448437646659,0.010469063104230699,0.0011506696920403296,True,,0,[],0,[],0,853,0,0,,83131e743e387a1fa25accffdf233f206618e91c8b581db8eb57e5ea87d0493d,0,0,0,False,False,abstain,fixed,none,standard,0.49999999999999994,0.5,0.49999999999999994,0.5,0.49999999999999994,0.5
854,numerical_frozen_W,2023-05-05,2023-05-06,bull,-0.022230730656113199,0.50575012038323863,0.5,-0.011121051533751092,-0.011183352761430055,-0.0111153653280566,0.0057501203832386327,5.7501203832386331e-06,6.1419664642694557e-06,1.068145717813672,1.0562668142403107,ABSTAIN,0,0.5,0.5,0.50575012038323863,0.5,-0.011121051533751092,-0.0100094709550623,-0.0011234502408931507,True,,0,[],0,[],0,854,0,0,,7058cc9a6193e9e9b50aeb5f1ce56c0b918383929060ae81076e3671d4e62fb4,0,0,0,False,False,abstain,fixed,none,standard,0.5,0.5,0.5,0.5,0.5,0.5
855,numerical_frozen_W,2023-05-06,2023-05-07,bull,-0.014980715317894,0.49437984728534884,0.5,-0.0074959357147077466,-0.0075241714314004844,-0.0074903576589469998,0.005620152714651161,5.620152714651161e-06,5.9363808034486161e-06,1.0562668142403107,1.0483491061031862,ABSTAIN,0,0.5,0.5,0.49437984728534884,0.5,-0.0074959357147077466,-0.0067468421309378997,-0.00075446646845417006,True,,0,[],0,[],0,855,0,0,,31a8d2ff711df327daff618d3897e4107460c40489eab10d3ab46798578edf26,0,0,0,False,False,abstain,fixed,none,standard,0.5,0.5,0.5,0.5,0.5,0.5
856,numerical_frozen_W,2023-05-07,2023-05-08,bull,-0.026536686273957801,0.49622655673083471,0.5,-0.013272066512908021,-0.013360927509508838,-0.013268343136978901,0.0037734432691652886,3.7734432691652886e-06,3.9558858781605148e-06,1.0483491061031862,1.034435347038237,ABSTAIN,0,0.49999999999999989,0.49999999999999989,0.49622655673083471,0.5,-0.013272066512908021,-0.0119451971385877,-0.0013438132201310012,True,,0,[],0,[],0,856,0,0,,d6049325cc42046cd30a8e29a21161ee3e597a66bdb4a57762a2d424128872c1,0,0,0,False,False,abstain,fixed,none,standard,0.49999999999999989,0.5,0.49999999999999989,0.5,0.49999999999999989,0.5
857,numerical_frozen_W,2023-05-08,2023-05-09,mix,-0.0012865687284290999,0.4932766203229148,0.5,-0.00065000341884668966,-0.00065021476265670773,-0.00064328436421454995,0.006723379677085195,6.7233796770851952e-06,6.9549015895354543e-06,1.034435347038237,1.0337629605260863,ABSTAIN,0,0.49999999999999989,0.49999999999999989,0.4932766203229148,0.5,-0.00065000341884668966,-0.0005855992868931,-6.4443945532613326e-05,True,,0,[],0,[],0,857,0,0,,4ed0e765fca7a9970c879ae70b4a30e703063f81b3592ec41065c7342f0953ab,0,0,0,False,False,abstain,fixed,none,standard,0.49999999999999989,0.5,0.49999999999999989,0.5,0.49999999999999989,0.5
858,numerical_frozen_W,2023-05-09,2023-05-10,mix,-0.0011434816120196999,0.49967815077732014,0.5,-0.00057206247121821541,-0.00057222616138401434,-0.00057174080600984995,0.00032184922267985971,3.2184922267985974e-07,3.327158052805514e-07,1.0337629605260863,1.0331715835322339,ABSTAIN,0,0.49999999999999994,0.49999999999999994,0.49967815077732014,0.5,-0.00057206247121821541,-0.00062203064702849998,4.9998026970659529e-05,True,,0,[],0,[],0,858,0,0,,17cb3299ce8e34f6d034605c8e1f5a4795f1d64330e9977c4dd99cca15372693,0,0,0,False,False,abstain,fixed,none,standard,0.49999999999999994,0.5,0.49999999999999994,0.5,0.49999999999999994,0.5
859,numerical_frozen_W,2023-05-10,2023-05-11,mix,-0.022453837041223199,0.49971396605971952,0.5,-0.011227201343272264,-0.01129070210620477,-0.0112269185206116,0.00028603394028048346,2.8603394028048345e-07,2.9552213902355151e-07,1.0331715835322339,1.0215719581417702,ABSTAIN,0,0.49999999999999989,0.49999999999999989,0.49971396605971952,0.5,-0.011227201343272264,-0.0112272013432722,-6.591949208711867e-17,True,,0,[],0,[],0,859,0,0,,8b70a3ead6ac79cad534f49c212170af4cc62eb46b82151c692faa0e7dbb8b7b,0,0,0,False,False,abstain,fixed,none,standard,0.49999999999999989,0.5,0.49999999999999989,0.5,0.49999999999999989,0.5
860,numerical_frozen_W,2023-05-11,2023-05-12,mix,-0.0068300998758500002,0.49432280331508721,0.5,-0.0034207077466996694,-0.0034265717439433394,-0.0034150499379250001,0.0056771966849127886,5.6771966849127888e-06,5.7996649341623235e-06,1.0215719581417702,1.0180774590307435,ABSTAIN,0,0.49999999999999989,0.49999999999999989,0.49432280331508721,0.5,-0.0034207077466996694,-0.0034207077466997002,3.1225022567582528e-17,True,,0,[],0,[],0,860,0,0,,1b8bbe6c71f5068d89c53a8efc8663719588584a5391ae26273a6827e55fb29f,0,0,0,False,False,abstain,fixed,none,standard,0.49999999999999989,0.5,0.49999999999999989,0.5,0.49999999999999989,0.5
861,numerical_frozen_W,2023-05-12,2023-05-13,mix,-0.00080972566345269997,0.49828662376563465,0.5,-0.00040657551427836225,-0.00040665818851240649,-0.00040486283172634998,0.0017133762343653491,1.7133762343653492e-06,1.7443497230463384e-06,1.0180774590307435,1.017663533664263,ABSTAIN,0,0.49999999999999989,0.49999999999999989,0.49828662376563465,0.5,-0.00040657551427836225,-0.00040657551427830002,-6.2233204700667955e-17,True,,0,[],0,[],0,861,0,0,,aa4a0fd17bb34ae8ccbd66b742a1e8dba0c44e80f4f1127367f52f2040064e3e,0,0,0,False,False,abstain,fixed,none,standard,0.49999999999999989,0.5,0.49999999999999989,0.5,0.49999999999999989,0.5
862,numerical_frozen_W,2023-05-13,2023-05-14,mix,0.0053216319671364996,0.49979748659398582,0.5,0.002660612931311146,0.0026570797662615756,0.0026608159835682498,0.000202513406014182,2.02513406014182e-07,2.0609050837877805e-07,1.017663533664263,1.0203711424216539,ABSTAIN,0,0.49999999999999983,0.49999999999999983,0.49979748659398582,0.5,0.002660612931311146,0.0026606129313112999,-1.5352302762394743e-16,True,,0,[],0,[],0,862,0,0,,ebdfc042669b4ca5a97117b3c0d32dbbecdea0c6ac914d090f3bc0cae5c9e453,0,0,0,False,False,abstain,fixed,none,standard,0.49999999999999983,0.5,0.49999999999999983,0.5,0.49999999999999983,0.5
863,numerical_frozen_W,2023-05-14,2023-05-15,mix,0.0098031203566122001,0.5013268774151497,0.5,0.0049002267971214319,0.0048882597639848769,0.0049015601783061,0.0013268774151496965,1.3268774151496964e-06,1.3539074239497872e-06,1.0203711424216539,1.0253711924367579,ABSTAIN,0,0.49999999999999994,0.49999999999999994,0.5013268774151497,0.5,0.0049002267971214319,0.0049002267971216002,-1.6740081543176188e-16,True,,0,[],0,[],0,863,0,0,,194cdb2770d6b48a0197dd7be78633e66ceed12f96e54259bbb728e0b1a392a8,0,0,0,False,False,abstain,fixed,none,standard,0.49999999999999994,0.5,0.49999999999999994,0.5,0.49999999999999994,0.5
864,numerical_frozen_W,2023-05-15,2023-05-16,mix,-0.0054664709625917999,0.50243882603657042,0.5,-0.0027356676414466152,-0.002739416418668783,-0.0027332354812958999,0.0024388260365704184,2.4388260365704185e-06,2.5007019612640221e-06,1.0253711924367579,1.0225661176451371,ABSTAIN,0,0.49999999999999983,0.49999999999999983,0.50243882603657042,0.5,-0.0027356676414466152,-0.0027356676414466,-1.5178830414797062e-17,True,,0,[],0,[],0,864,0,0,,d8330be9378936de8287daf3f07b90f49dc3baa9f0745c983967df45cb391f20,0,0,0,False,False,abstain,fixed,none,standard,0.49999999999999983,0.5,0.49999999999999983,0.5,0.49999999999999983,0.5
865,numerical_frozen_W,2023-05-16,2023-05-17,mix,0.013604435682237501,0.49862963673385075,0.5,0.0068008381563429143,0.0067778167740515961,0.0068022178411187503,0.0013703632661492549,1.3703632661492548e-06,1.4012870448297531e-06,1.0225661176451371,1.0295204243154015,ABSTAIN,0,0.49999999999999994,0.49999999999999994,0.49862963673385075,0.5,0.0068008381563429143,0.0068008381563430999,-1.8388068845354155e-16,True,,0,[],0,[],0,865,0,0,,4a05247f395c544d79c4313bfe7305fb3a8c74e84e35b7ab1f0040286058c563,0,0,0,False,False,abstain,fixed,none,standard,0.49999999999999994,0.5,0.49999999999999994,0.5,0.49999999999999994,0.5
866,numerical_frozen_W,2023-05-17,2023-05-18,mix,-0.020986676689863499,0.50337813014342825,0.5,-0.010496681027212573,-0.010552159753340583,-0.010493338344931749,0.0033781301434282485,3.3781301434282485e-06,3.4778539786548987e-06,1.0295204243154015,1.0187138768103621,ABSTAIN,0,0.49999999999999994,0.49999999999999994,0.50337813014342825,0.5,-0.010496681027212573,-0.0104966810272125,-7.4593109467002705e-17,True,,0,[],0,[],0,866,0,0,,329933a85347f5a1ee7b46543452224ba513737eb12335e0961119601b1ccb10,0,0,0,False,False,abstain,fixed,none,standard,0.49999999999999994,0.5,0.49999999999999994,0.5,0.49999999999999994,0.5
867,numerical_frozen_W,2023-05-18,2023-05-19,mix,0.0020463694647383001,0.49469769191478685,0.5,0.0010178769990432102,0.0010173593135142996,0.00102318473236915,0.0053023080852131477,5.3023080852131478e-06,5.4015348255304132e-06,1.0187138768103621,1.0197508022341735,ABSTAIN,0,0.49999999999999983,0.49999999999999983,0.49469769191478685,0.5,0.0010178769990432102,0.0010178769990432,1.0191500421363742e-17,True,,0,[],0,[],0,867,0,0,,26e82e09cd0a4455fce7941233395122f52a227556d7355250f3dcd14f36615d,0,0,0,False,False,abstain,fixed,none,standard,0.49999999999999983,0.5,0.49999999999999983,0.5,0.49999999999999983,0.5
868,numerical_frozen_W,2023-05-19,2023-05-20,mix,0.0086783791927209,0.5005110694477285,0.5,0.0043386763092854164,0.0043292913888563732,0.00433918959636045,0.00051106944772849605,5.1106944772849608e-07,5.2116347931850986e-07,1.0197508022341735,1.0241751708812017,ABSTAIN,0,0.49999999999999994,0.49999999999999994,0.5005110694477285,0.5,0.0043386763092854164,0.0043386763092853999,1.6479873021779667e-17,True,,0,[],0,[],0,868,0,0,,c9b0a96ddefbdabb76270dff4ca175682c2347b05a694bdb30a08c1c2feca2b8,0,0,0,False,False,abstain,fixed,none,standard,0.49999999999999994,0.5,0.49999999999999994,0.5,0.49999999999999994,0.5
869,numerical_frozen_W,2023-05-20,2023-05-21,mix,-0.0135085299562622,0.5021602211888716,0.5,-0.0067564106086136499,-0.0067793384825471092,-0.0067542649781310998,0.0021602211888716027,2.1602211888716027e-06,2.2124449052537668e-06,1.0241751708812017,1.0172554228915813,ABSTAIN,0,0.49999999999999994,0.49999999999999994,0.5021602211888716,0.5,-0.0067564106086136499,-0.0067564106086135996,-5.1174342541315809e-17,True,,0,[],0,[],0,869,0,0,,c2c5b26ba524bb23ab9b2e0c19446189e35e0e1fc8a1e40c338637ee4a05eec0,0,0,0,False,False,abstain,fixed,none,standard,0.49999999999999994,0.5,0.49999999999999994,0.5,0.49999999999999994,0.5
870,numerical_frozen_W,2023-05-21,2023-05-22,mix,0.0036411351070471001,0.49659990235045798,0.5,0.001817161265766476,0.0018155122256459089,0.0018205675535235501,0.0034000976495420221,3.400097649542022e-06,3.4587677723575417e-06,1.0172554228915813,1.0191039400434507,ABSTAIN,0,0.49999999999999989,0.49999999999999989,0.49659990235045798,0.5,0.001817161265766476,0.0018171612657666,-1.2381588809784461e-16,True,,0,[],0,[],0,870,0,0,,4fd8dedf81773e731d9f26c19e12d0dd0f5df185a9a8908cd5951a606c538f61,0,0,0,False,False,abstain,fixed,none,standard,0.49999999999999989,0.5,0.49999999999999989,0.5,0.49999999999999989,0.5
871,numerical_frozen_W,2023-05-22,2023-05-23,mix,0.0139082887292205,0.50090862955527538,0.5,0.0069532294163137109,0.0069291671923729231,0.0069541443646102498,0.00090862955527537537,9.0862955527537542e-07,9.259879598210635e-07,1.0191039400434507,1.0261900035376421,ABSTAIN,0,0.49999999999999994,0.49999999999999994,0.50090862955527538,0.5,0.0069532294163137109,0.0069532294163139,-1.8821749714348357e-16,True,,0,[],0,[],0,871,0,0,,d1bd589e46c4ce0374bc43c1a56e358a5f604c97d34eca876f0e9ad99de4dd74,0,0,0,False,False,abstain,fixed,none,standard,0.49999999999999994,0.5,0.49999999999999994,0.5,0.49999999999999994,0.5
872,numerical_frozen_W,2023-05-23,2023-05-24,mix,-0.032780200362224197,0.50345305911074956,0.5,-0.016393496644238059,-0.0165293568728541,-0.016390100181112099,0.0034530591107495567,3.453059110749557e-06,3.5434947410757751e-06,1.0261900035376421,1.0093671611582971,ABSTAIN,0,0.49999999999999983,0.49999999999999983,0.50345305911074956,0.5,-0.016393496644238059,-0.016393496644238101,4.163336342344337e-17,True,,0,[],0,[],0,872,0,0,,83a2beedd0ac0e86b92c3fc6f00d5d0efb0d85767ed7ba9e4fabaf1c7ddf9be9,0,0,0,False,False,abstain,fixed,none,standard,0.49999999999999983,0.5,0.49999999999999983,0.5,0.49999999999999983,0.5
873,numerical_frozen_W,2023-05-24,2023-05-25,mix,0.0055985171905620999,0.49166839405330814,0.5,0.0027909036670146214,0.0027870163264909552,0.0027992585952810499,0.0083316059466918557,8.3316059466918558e-06,8.4096494423019456e-06,1.0093671611582971,1.0121842076697378,ABSTAIN,0,0.49999999999999994,0.49999999999999994,0.49166839405330814,0.5,0.0027909036670146214,0.0027909036670148001,-1.7824283715661693e-16,True,,0,[],0,[],0,873,0,0,,85e3584b39dc75c3726a4f8abbccbd7b0f0616ecf4308eefab9aee27061da7a8,0,0,0,False,False,abstain,fixed,none,standard,0.49999999999999994,0.5,0.49999999999999994,0.5,0.49999999999999994,0.5
874,numerical_frozen_W,2023-05-25,2023-05-26,mix,0.0089024694249088994,0.50139572230996776,0.5,0.004449832777456697,0.0044399615443076988,0.0044512347124544497,0.0013957223099677618,1.3957223099677618e-06,1.4127280804416953e-06,1.0121842076697378,1.0166882581338506,ABSTAIN,0,0.49999999999999994,0.49999999999999994,0.50139572230996776,0.5,0.004449832777456697,0.0044498327774565999,9.6277152916712794e-17,True,,0,[],0,[],0,874,0,0,,8cdaaef6ef3973a700ba0efcd4f2f1f667e23c5e6b96ee5be94cbfa59bb438e1,0,0,0,False,False,abstain,fixed,none,standard,0.49999999999999994,0.5,0.49999999999999994,0.5,0.49999999999999994,0.5
875,numerical_frozen_W,2023-05-26,2023-05-27,mix,0.0054658106059188001,0.50221575451282552,0.5,0.0027306834929992085,0.0027269619501939756,0.0027329053029594001,0.0022157545128255185,2.2157545128255185e-06,2.252731596096795e-06,1.0166882581338506,1.0194645119778627,ABSTAIN,0,0.49999999999999978,0.49999999999999978,0.50221575451282552,0.5,0.0027306834929992085,0.0027306834929991999,8.6736173798840355e-18,True,,0,[],0,[],0,875,0,0,,51c943bb3589b0034aad8e45adb0d6c9609a2185cd292030c347165e6f123aa9,0,0,0,False,False,abstain,fixed,none,standard,0.49999999999999978,0.5,0.49999999999999978,0.5,0.49999999999999978,0.5
876,numerical_frozen_W,2023-05-27,2023-05-28,mix,0.045190356511216598,0.50136272844368945,0.5,0.022593784736072431,0.022342325741978582,0.022595178255608299,0.0013627284436894538,1.3627284436894537e-06,1.3892532878042214e-06,1.0194645119778627,1.0424980737075558,ABSTAIN,0,0.5,0.5,0.50136272844368945,0.5,0.022593784736072431,0.022593784736072601,-1.6653345369377348e-16,True,,0,[],0,[],0,876,0,0,,c20f5e6138234c3483b160668be8d76e8b5ce877d4381c57f505289fcb6582b7,0,0,0,False,False,abstain,fixed,none,standard,0.5,0.5,0.5,0.5,0.5,0.5
877,numerical_frozen_W,2023-05-28,2023-05-29,mix,-0.011819943572059601,0.51104795853533769,0.5,-0.0059209544514419177,-0.0059385528026580058,-0.0059099717860298003,0.011047958535337687,1.1047958535337687e-05,1.1517475491490488e-05,1.0424980737075558,1.0363254900974175,ABSTAIN,0,0.49999999999999989,0.49999999999999989,0.51104795853533769,0.5,-0.0059209544514419177,-0.0059209544514419003,-1.7347234759768071e-17,True,,0,[],0,[],0,877,0,0,,2ec0f6a90cde7ee73a5a970959211ab2545398e26f5bf1875c71a6c5e5ce7df4,0,0,0,False,False,abstain,fixed,none,standard,0.49999999999999989,0.5,0.49999999999999989,0.5,0.49999999999999989,0.5
878,numerical_frozen_W,2023-05-29,2023-05-30,mix,-0.0014852520241966001,0.49702744639907115,0.5,-0.00074559635820359293,-0.00074587445340804938,-0.00074262601209830004,0.0029725536009288511,2.9725536009288512e-06,3.0805330673234351e-06,1.0363254900974175,1.0355528095860873,ABSTAIN,0,0.49999999999999994,0.49999999999999994,0.49702744639907115,0.5,-0.00074559635820359293,-0.00074559635820370005,1.0722759485881639e-16,True,,0,[],0,[],0,878,0,0,,059b2d0f3ebb9219bb3c3f16e9be4a9926bfb645cf714f332e42f967eb340678,0,0,0,False,False,abstain,fixed,none,standard,0.49999999999999994,0.5,0.49999999999999994,0.5,0.49999999999999994,0.5
879,numerical_frozen_W,2023-05-30,2023-05-31,mix,-0.017405463170892001,0.49962841104232508,0.5,-0.0087030999405647291,-0.0087411930949161699,-0.0087027315854460007,0.00037158895767491762,3.7158895767491763e-07,3.847999891314266e-07,1.0355528095860873,1.0265402899905269,ABSTAIN,0,0.49999999999999994,0.49999999999999994,0.49962841104232508,0.5,-0.0087030999405647291,-0.0087030999405646996,-2.9490299091605721e-17,True,,0,[],0,[],0,879,0,0,,1c433d6af16f22a55ea4b6c601884a011d9b0b32d952ff0b6e1b9b3f8362de11,0,0,0,False,False,abstain,fixed,none,standard,0.49999999999999994,0.5,0.49999999999999994,0.5,0.49999999999999994,0.5
880,numerical_frozen_W,2023-05-31,2023-06-01,mix,-0.014590628341312599,0.49561043298375834,0.5,-0.0072996717144020451,-0.0073264446868097563,-0.0072953141706562996,0.0043895670162416578,4.3895670162416577e-06,4.5060673977855631e-06,1.0265402899905269,1.019046882871989,ABSTAIN,0,0.50000000000000011,0.50000000000000011,0.49561043298375834,0.5,-0.0072996717144020451,-0.007299671714402,-4.5102810375396984e-17,True,,0,[],0,[],0,880,0,0,,6809eebbe9d192f5c73b896d8eb0358a0e024bc7aab7b845655e6d1b0db0aace,0,0,0,False,False,abstain,fixed,none,standard,0.50000000000000011,0.5,0.50000000000000011,0.5,0.50000000000000011,0.5
881,numerical_frozen_W,2023-06-01,2023-06-02,mix,0.015873075058726999,0.49632553654939104,0.5,0.0079328339033957196,0.007901534396752237,0.0079365375293634997,0.0036744634506089557,3.6744634506089556e-06,3.7444505255701094e-06,1.019046882871989,1.0271308125335856,ABSTAIN,0,0.49999999999999989,0.49999999999999989,0.49632553654939104,0.5,0.0079328339033957196,0.0079328339033959,-1.7867651802561113e-16,True,,0,[],0,[],0,881,0,0,,a04a71daafc50d137acd5c213fee9bf08fee724138b9639b4a37d2e82d51dceb,0,0,0,False,False,abstain,fixed,none,standard,0.49999999999999989,0.5,0.49999999999999989,0.5,0.49999999999999989,0.5
882,numerical_frozen_W,2023-06-02,2023-06-03,mix,-0.0063388475556712997,0.50393702243834593,0.5,-0.003173348322181524,-0.0031783940694051025,-0.0031694237778356498,0.0039370224383459274,3.9370224383459274e-06,4.0438370560612107e-06,1.0271308125335856,1.0238713686929712,ABSTAIN,0,0.49999999999999989,0.49999999999999989,0.50393702243834593,0.5,-0.003173348322181524,-0.0031733483221815001,-2.3852447794681098e-17,True,,0,[],0,[],0,882,0,0,,980727be771eaf2c7ea7156e334449ce4cc715174cbbcf10a75259950c05c39e,0,0,0,False,False,abstain,fixed,none,standard,0.49999999999999989,0.5,0.49999999999999989,0.5,0.49999999999999989,0.5
883,numerical_frozen_W,2023-06-03,2023-06-04,mix,0.0018580082742316001,0.49841024951810409,0.5,0.00092741290974895918,0.00092698312809921541,0.00092900413711580004,0.0015897504818959129,1.5897504818959129e-06,1.6277000017790791e-06,1.0238713686929712,1.0248209202182195,ABSTAIN,0,0.49999999999999994,0.49999999999999994,0.49841024951810409,0.5,0.00092741290974895918,0.00092741290974889998,5.9089018400459992e-17,True,,0,[],0,[],0,883,0,0,,ee16fcf6c118e11c68ce3d003176632772e8eb359a754101b15c7a594c63894d,0,0,0,False,False,abstain,fixed,none,standard,0.49999999999999994,0.5,0.49999999999999994,0.5,0.49999999999999994,0.5
884,numerical_frozen_W,2023-06-04,2023-06-05,mix,-0.050692603503390103,0.50046407094473044,0.5,-0.025346754060157628,-0.025673516430944104,-0.025346301751695052,0.00046407094473044364,4.6407094473044366e-07,4.7558961262519169e-07,1.0248209202182195,0.9988450363977438,ABSTAIN,0,0.5,0.5,0.50046407094473044,0.5,-0.025346754060157628,-0.0253467540601576,-2.7755575615628914e-17,True,,0,[],0,[],0,884,0,0,,48233678921afad2a7e2ae2e366bf4691045c6791755aeaf071635f4cf62515d,0,0,0,False,False,abstain,fixed,none,standard,0.5,0.5,0.5,0.5,0.5,0.5
885,numerical_frozen_W,2023-06-05,2023-06-06,mix,0.057590280960407601,0.48699727821417566,0.5,0.02878176334321747,0.028375348200268005,0.028795140480203801,0.013002721785824345,1.3002721785824345e-05,1.2987704115431455e-05,0.9988450363977438,1.0275935578518911,ABSTAIN,0,0.49999999999999994,0.49999999999999994,0.48699727821417566,0.5,0.02878176334321747,0.028781763343217401,6.9388939039072284e-17,True,,0,[],0,[],0,885,0,0,,01185f69205af938456856566e5832dfecff1d73f5585d45300468cc71163324,0,0,0,False,False,abstain,fixed,none,standard,0.49999999999999994,0.5,0.49999999999999994,0.5,0.49999999999999994,0.5
886,numerical_frozen_W,2023-06-06,2023-06-07,mix,-0.032599834007829599,0.51399459394159042,0.5,-0.016313683487136577,-0.016448216783957113,-0.0162999170039148,0.013994593941590416,1.3994593941590417e-05,1.4380754579131416e-05,1.0275935578518911,1.0108297217956748,ABSTAIN,0,0.5,0.5,0.51399459394159042,0.5,-0.016313683487136577,-0.016313683487136601,2.4286128663675299e-17,True,,0,[],0,[],0,886,0,0,,cc18734377eac500865f4a4b81e04f9dcea0128eeb92e8ea1f5aca00bcff1730,0,0,0,False,False,abstain,fixed,none,standard,0.5,0.5,0.5,0.5,0.5,0.5
887,numerical_frozen_W,2023-06-07,2023-06-08,mix,0.0060206890006641997,0.49171499663074658,0.5,0.0030020345562484785,0.0029975374485771054,0.0030103445003320998,0.0082850033692534186,8.285003369253418e-06,8.3747276508186613e-06,1.0108297217956748,1.0138642675509884,ABSTAIN,0,0.49999999999999994,0.49999999999999994,0.49171499663074658,0.5,0.0030020345562484785,0.0030020345562484,7.8496237287950521e-17,True,,0,[],0,[],0,887,0,0,,b5b92a6e1db20e88ae539291745a59f1aa606e3f318af906215d6cba57143dda,0,0,0,False,False,abstain,fixed,none,standard,0.49999999999999994,0.5,0.49999999999999994,0.5,0.49999999999999994,0.5
888,numerical_frozen_W,2023-06-08,2023-06-09,mix,-0.00082260736346790003,0.50150065476235539,0.5,-0.00041280371927143733,-0.0004128889461822237,-0.00041130368173395002,0.0015006547623553912,1.5006547623553912e-06,1.5214602414823514e-06,1.0138642675509884,1.0134457406105069,ABSTAIN,0,0.49999999999999978,0.49999999999999978,0.50150065476235539,0.5,-0.00041280371927143733,-0.00041280371927139998,-3.7350764842125628e-17,True,,0,[],0,[],0,888,0,0,,946d4084b9ca00923e9f11a8f9f8fca9b758d1863886bc08a5073ad26a95a78d,0,0,0,False,False,abstain,fixed,none,standard,0.49999999999999978,0.5,0.49999999999999978,0.5,0.49999999999999978,0.5
889,numerical_frozen_W,2023-06-09,2023-06-10,mix,-0.023992326081127401,0.49979426353896911,0.5,-0.011996366308976603,-0.012068903416109951,-0.011996163040563701,0.00020573646103089205,2.0573646103089205e-07,2.085027401200371e-07,1.0134457406105069,1.0012880742718711,ABSTAIN,0,0.49999999999999983,0.49999999999999983,0.49979426353896911,0.5,-0.011996366308976603,-0.011996366308976599,-3.4694469519536142e-18,True,,0,[],0,[],0,889,0,0,,fd2f39b490ad28f2bd98b76142c0f3e6838ce4ceee3d4d3692401b9924088e96,0,0,0,False,False,abstain,fixed,none,standard,0.49999999999999983,0.5,0.49999999999999983,0.5,0.49999999999999983,0.5
890,numerical_frozen_W,2023-06-10,2023-06-11,mix,0.0032657483361708001,0.49392909086391723,0.5,0.0016267933459186423,0.0016254715509541461,0.0016328741680854001,0.0060709091360827694,6.0709091360827694e-06,6.0787289179478253e-06,1.0012880742718711,1.0029169630484442,ABSTAIN,0,0.49999999999999989,0.49999999999999989,0.49392909086391723,0.5,0.0016267933459186423,0.0016267933459186,4.2283884726934673e-17,True,,0,[],0,[],0,890,0,0,,be679f17331d7d89c07db9721227e2b34c8d1bcd55bddf9bda6b85dd6f6aac39,0,0,0,False,False,abstain,fixed,none,standard,0.49999999999999989,0.5,0.49999999999999989,0.5,0.49999999999999989,0.5
891,numerical_frozen_W,2023-06-11,2023-06-12,mix,-0.00083306335909669996,0.50081510611831792,0.5,-0.00041734644614910277,-0.00041743355941561066,-0.00041653167954834998,0.0008151061183179209,8.151061183179209e-07,8.1748375274561519e-07,1.0029169630484442,1.0024983992181333,ABSTAIN,0,0.49999999999999983,0.49999999999999983,0.50081510611831792,0.5,-0.00041734644614910277,-0.0004173464461491,-2.7647155398380363e-18,True,,0,[],0,[],0,891,0,0,,d44b72b8d7a5274faa6f631ceb42df823be362f0f9e98a55ebf270f0074d0e39,0,0,0,False,False,abstain,fixed,none,standard,0.49999999999999983,0.5,0.49999999999999983,0.5,0.49999999999999983,0.5
892,numerical_frozen_W,2023-06-12,2023-06-13,mix,0.00087235783655250005,0.4997916473747569,0.5,0.00043597047477206274,0.00043587546725727081,0.00043617891827625003,0.00020835262524310227,2.0835262524310227e-07,2.0887317327910565e-07,1.0024983992181333,1.0029354589211987,ABSTAIN,0,0.49999999999999989,0.49999999999999989,0.4997916473747569,0.5,0.00043597047477206274,0.00043597047477200002,6.2666885569662156e-17,True,,0,[],0,[],0,892,0,0,,aab59ed1700237a8a022d1a795bde870924f9540745c872736dfba6070a5f225,0,0,0,False,False,abstain,fixed,none,standard,0.49999999999999989,0.5,0.49999999999999989,0.5,0.49999999999999989,0.5
893,numerical_frozen_W,2023-06-13,2023-06-14,mix,-0.0308491519279274,0.50021799437458769,0.5,-0.015424790595867544,-0.015544990317356193,-0.0154245759639637,0.00021799437458769333,2.1799437458769334e-07,2.1863428811934791e-07,1.0029354589211987,0.98746538948616891,ABSTAIN,0,0.49999999999999989,0.49999999999999989,0.50021799437458769,0.5,-0.015424790595867544,-0.0154247905958675,-4.3368086899420177e-17,True,,0,[],0,[],0,893,0,0,,80086c5a0591d1de4fd00f9cf162b30ad47ebcc98be9d67d519dc588a87d0510,0,0,0,False,False,abstain,fixed,none,standard,0.49999999999999989,0.5,0.49999999999999989,0.5,0.49999999999999989,0.5
894,numerical_frozen_W,2023-06-14,2023-06-15,mix,0.018376808133866399,0.49216688961180133,0.5,0.0091804989827617423,0.0091386143546703692,0.0091884040669331993,0.0078331103881986719,7.8331103881986729e-06,7.7349254003707574e-06,0.98746538948616891,0.99653081448985914,ABSTAIN,0,0.49999999999999994,0.49999999999999994,0.49216688961180133,0.5,0.0091804989827617423,0.0091804989827617006,4.163336342344337e-17,True,,0,[],0,[],0,894,0,0,,99a2b6bdecf3b1ddc7ffebbedee37461d61ab229c24ce88c6e47d3ce3c89125e,0,0,0,False,False,abstain,fixed,none,standard,0.49999999999999994,0.5,0.49999999999999994,0.5,0.49999999999999994,0.5
895,numerical_frozen_W,2023-06-15,2023-06-16,mix,0.029306834744620099,0.50455237299096223,0.5,0.014648798291497789,0.014542541082476946,0.014653417372310049,0.0045523729909622279,4.552372990962228e-06,4.5365799645452254e-06,0.99653081448985914,1.011128793382583,ABSTAIN,0,0.49999999999999983,0.49999999999999983,0.50455237299096223,0.5,0.014648798291497789,0.013132803821267001,0.0014952248813120007,True,,0,[],0,[],0,895,0,0,,b761d00e55d6e672165f9ec4f6ad630fa1914c60d1c83e437c78515b3d164c95,0,0,0,False,False,abstain,fixed,none,standard,0.49999999999999983,0.5,0.49999999999999983,0.5,0.49999999999999983,0.5
896,numerical_frozen_W,2023-06-16,2023-06-17,mix,0.0065942075751764997,0.50722089785606728,0.5,0.0032898590816823337,0.0032844593349896853,0.0032971037875882498,0.0072208978560672765,7.2208978560672769e-06,7.3012577363441858e-06,1.011128793382583,1.0144552646262432,ABSTAIN,0,0.49999999999999994,0.49999999999999994,0.50722089785606728,0.5,0.0032898590816823337,0.0032541215642556002,3.562096597454871e-05,True,,0,[],0,[],0,896,0,0,,bda031830765c8880a5676b154ccc82983e6fe3ae5c353101f0b06c7baece7bd,0,0,0,False,False,abstain,fixed,none,standard,0.49999999999999994,0.5,0.49999999999999994,0.5,0.49999999999999994,0.5
897,numerical_frozen_W,2023-06-17,2023-06-18,mix,-0.0066113520648689002,0.50164313430943908,0.5,-0.0033073137350742021,-0.0033127949859596264,-0.0033056760324344501,0.001643134309439076,1.6431343094390761e-06,1.6668862506984773e-06,1.0144552646262432,1.0111001427959265,ABSTAIN,0,0.49999999999999972,0.49999999999999972,0.50164313430943908,0.5,-0.0033073137350742021,-0.0033073137350742,-2.1684043449710089e-18,True,,0,[],0,[],0,897,0,0,,4ff78937d2793e9a1bf3adc488b8673c2840666933d7b56e918891d990179b09,0,0,0,False,False,abstain,fixed,none,standard,0.49999999999999972,0.5,0.49999999999999972,0.5,0.49999999999999972,0.5
898,numerical_frozen_W,2023-06-18,2023-06-19,mix,0.019218138399450298,0.49834168011548646,0.5,0.0096073949449300144,0.0095615374064831476,0.0096090691997251492,0.0016583198845135372,1.6583198845135372e-06,1.676727472032962e-06,1.0111001427959265,1.020814181196642,ABSTAIN,0,0.5,0.5,0.49834168011548646,0.5,0.0096073949449300144,0.0096073949449302001,-1.8388068845354155e-16,True,,0,[],0,[],0,898,0,0,,39847ace866fdcc0ea1209291bd5b921c114dc02eee45dadbda9e1f836de1508,0,0,0,False,False,abstain,fixed,none,standard,0.5,0.5,0.5,0.5,0.5,0.5
899,numerical_frozen_W,2023-06-19,2023-06-20,mix,0.0544515177364139,0.50475880689509944,0.5,0.027220870499182759,0.026856971600720654,0.02722575886820695,0.0047588068950994433,4.7588068950994436e-06,4.8578575640938728e-06,1.020814181196642,1.0486016318267251,ABSTAIN,0,0.49999999999999972,0.49999999999999972,0.50475880689509944,0.5,0.027220870499182759,0.0272208704991827,5.5511151231257827e-17,True,,0,[],0,[],0,899,0,0,,7480a020599bcde460d2e38242095ff05e6cdcef943ecf970c41d17e9e8fcd0c,0,0,0,False,False,abstain,fixed,none,standard,0.49999999999999972,0.5,0.49999999999999972,0.5,0.49999999999999972,0.5
900,numerical_frozen_W,2023-06-20,2023-06-21,mix,0.0596728098715191,0.51325208145977774,0.5,0.029822757459831095,0.029386707297972728,0.02983640493575955,0.013252081459777743,1.3252081459777743e-05,1.3896154243823628e-05,1.0486016318267251,1.0798738239646766,ABSTAIN,0,0.49999999999999972,0.49999999999999972,0.51325208145977774,0.5,0.029822757459831095,0.029822757459831001,9.0205620750793969e-17,True,,0,[],0,[],0,900,0,0,,a1b0382cb642d24c6c8d5b4a29310535bc6fcc81de95ac8123a8457148a8f7ac,0,0,0,False,False,abstain,fixed,none,standard,0.49999999999999972,0.5,0.49999999999999972,0.5,0.49999999999999972,0.5
901,numerical_frozen_W,2023-06-21,2023-06-22,mix,-0.0035470331934300001,0.51448599252889138,0.5,-0.0017879768980956223,-0.0017895772366530944,-0.001773516596715,0.014485992528891378,1.4485992528891378e-05,1.5643044146097669e-05,1.0798738239646766,1.0779430345145695,ABSTAIN,0,0.5,0.5,0.51448599252889138,0.5,-0.0017879768980956223,-0.0016605479992921001,-0.0001276489993527496,True,,0,[],0,[],0,901,0,0,,c7f001e118860ecb97ed0daeba96c834c7c1ddd70c47237c1d33135327ba76d2,0,0,0,False,False,abstain,fixed,none,standard,0.5,0.5,0.5,0.5,0.5,0.5
902,numerical_frozen_W,2023-06-22,2023-06-23,mix,0.026393001120757299,0.49911166622695258,0.5,0.013195600503708382,0.013109296956433886,0.01319650056037865,0.00088833377304742278,8.8833377304742277e-07,9.5757320298051596e-07,1.0779430345145695,1.0921671401637789,ABSTAIN,0,0.49999999999999989,0.49999999999999989,0.49911166622695258,0.5,0.013195600503708382,0.0118759607668808,0.0013033020154548779,True,,0,[],0,[],0,902,0,0,,0a7a1e8f1bb78837e5809b8cbe8bfbaf84fb0de35874863f771df1ba6a3382a3,0,0,0,False,False,abstain,fixed,none,standard,0.49999999999999989,0.5,0.49999999999999989,0.5,0.49999999999999989,0.5
903,numerical_frozen_W,2023-06-23,2023-06-24,mix,-0.0047523745575206999,0.5065123105701016,0.5,-0.0023826841148609779,-0.0023855272237079629,-0.00237618727876035,0.0065123105701015982,6.5123105701015985e-06,7.1125316112062115e-06,1.0921671401637789,1.0895648508681375,ABSTAIN,0,0.5,0.5,0.5065123105701016,0.5,-0.0023826841148609779,-0.0021450103407837,-0.00023821305316121689,True,,0,[],0,[],0,903,0,0,,e6ce43eb3209a0f230844ecb337bc2828176875da4eda946378c1ed90891a967,0,0,0,False,False,abstain,fixed,none,standard,0.5,0.5,0.5,0.5,0.5,0.5
904,numerical_frozen_W,2023-06-24,2023-06-25,bull,-0.0022368800272486002,0.49880907650335715,0.5,-0.0011196296051443344,-0.0011202568586087679,-0.0011184400136243001,0.0011909234966428484,1.1909234966428485e-06,1.297588382015026e-06,1.0895648508681375,1.0883449418043809,ABSTAIN,0,0.49999999999999994,0.49999999999999994,0.49880907650335715,0.5,-0.0011196296051443344,-0.0010077735592588001,-0.00011197515415104701,True,,0,[],0,[],0,904,0,0,,403f38fde02896e492c37b897894791ddba75683d3491754a9695b0222f8965d,0,0,0,False,False,abstain,fixed,none,standard,0.49999999999999994,0.5,0.49999999999999994,0.5,0.49999999999999994,0.5
905,numerical_frozen_W,2023-06-25,2023-06-26,bull,-0.0065090447164477998,0.49944015383883972,0.5,-0.0032550803823532259,-0.0032603896810945118,-0.0032545223582238999,0.0005598461611602823,5.5984616116028232e-07,6.0930573768739359e-07,1.0883449418043809,1.0848022915350801,ABSTAIN,0,0.5,0.5,0.49944015383883972,0.5,-0.0032550803823532259,-0.0029296226848006001,-0.00032646725195048781,True,,0,[],0,[],0,905,0,0,,f383c907e9ea9e217dc6c6b47d98fcd61fdf67e3ee4e803823280bf11aee836e,0,0,0,False,False,abstain,fixed,none,standard,0.5,0.5,0.5,0.5,0.5,0.5
906,numerical_frozen_W,2023-06-26,2023-06-27,bull,0.013945881653285801,0.49836742557090713,0.5,0.006971296868368837,0.0069471097238032759,0.0069729408266429004,0.0016325744290928701,1.6325744290928701e-06,1.7710204817815206e-06,1.0848022915350801,1.0923647703528581,ABSTAIN,0,0.5,0.5,0.49836742557090713,0.5,0.006971296868368837,0.0062740208831557004,0.00069268857296766496,True,,0,[],0,[],0,906,0,0,,6b8143e4fd841813812198c8d0abc31ff3ec73f1454b8cfcd6f22b9c73ecb606,0,0,0,False,False,abstain,fixed,none,standard,0.5,0.5,0.5,0.5,0.5,0.5
907,numerical_frozen_W,2023-06-27,2023-06-28,mix,-0.019893056492370199,0.50346232780640499,0.5,-0.0099499561358502575,-0.0099997877733501578,-0.0099465282461850997,0.0034623278064049856,3.4623278064049857e-06,3.7821249191298968e-06,1.0923647703528581,1.0814957888034991,ABSTAIN,0,0.5,0.5,0.50346232780640499,0.5,-0.0099499561358502575,-0.0089552747956606008,-0.0010041734896314852,True,,0,[],0,[],0,907,0,0,,165867169101e062e2821c339e2c1f4877e02385ed587006a892205254c69471,0,0,0,False,False,abstain,fixed,none,standard,0.5,0.5,0.5,0.5,0.5,0.5
908,numerical_frozen_W,2023-06-28,2023-06-29,mix,0.012204690377876699,0.49497677219970482,0.5,0.0060972913076680069,0.0060787780427556792,0.0061023451889383497,0.0050232278002951825,5.0232278002951822e-06,5.4325997122199043e-06,1.0814957888034991,1.0880899836758502,ABSTAIN,0,0.5,0.5,0.49497677219970482,0.5,0.0060972913076680069,0.0054871153807756002,0.00060666203573424976,True,,0,[],0,[],0,908,0,0,,942d75baf971212e4673f850e1da5c9be13eed6a64ebe572d1e2c866b8d6c7ae,0,0,0,False,False,abstain,fixed,none,standard,0.5,0.5,0.5,0.5,0.5,0.5
909,numerical_frozen_W,2023-06-29,2023-06-30,mix,0.00089339381259100005,0.50303266621836196,0.5,0.00044366288539454679,0.00044356449611664676,0.00044669690629550003,0.0030326662183619568,3.0326662183619569e-06,3.2998137360317637e-06,1.0880899836758502,1.0885727288175768,ABSTAIN,0,0.49999999999999989,0.49999999999999989,0.50303266621836196,0.5,0.00044366288539454679,0.00039902184623099999,4.4622237931656061e-05,True,,0,[],0,[],0,909,0,0,,238aa65b0dbafd52146e00b1018eb4d1f54aa42e05f70d9421639aaceca5e476,0,0,0,False,False,abstain,fixed,none,standard,0.49999999999999989,0.5,0.49999999999999989,0.5,0.49999999999999989,0.5
910,numerical_frozen_W,2023-06-30,2023-07-01,bull,0.0037377473099047,0.50022324872863133,0.5,0.0018686499890001596,0.0018669062345826424,0.00186887365495235,0.00022324872863133116,2.2324872863133117e-07,2.4302247773126287e-07,1.0885727288175768,1.0906068902353077,ABSTAIN,0,0.5,0.5,0.50022324872863133,0.5,0.0018686499890001596,0.0016817648915841,0.00018655392604054015,True,,0,[],0,[],0,910,0,0,,72500ee1ddc58316c38da470b605c6b20aba8786f32944f336245fbab88956ab,0,0,0,False,False,abstain,fixed,none,standard,0.5,0.5,0.5,0.5,0.5,0.5
911,numerical_frozen_W,2023-07-01,2023-07-02,bull,0.0010102397112480999,0.50093269374071603,0.5,0.00050418669076135458,0.00050405963135776376,0.00050511985562404996,0.00093269374071602851,9.3269374071602854e-07,1.0172022201042441e-06,1.0906068902353077,1.0911567597142169,ABSTAIN,0,0.49999999999999994,0.49999999999999994,0.50093269374071603,0.5,0.00050418669076135458,0.0004536839111344,5.0478603652446728e-05,True,,0,[],0,[],0,911,0,0,,27a0dc3a4e024f4bde12d6f60d01fcac198b641d974d356ecceaf8ab2eb988ef,0,0,0,False,False,abstain,fixed,none,standard,0.49999999999999994,0.5,0.49999999999999994,0.5,0.49999999999999994,0.5
912,numerical_frozen_W,2023-07-02,2023-07-03,bull,0.017427827694438101,0.50025243241918493,0.5,0.0087136592151253467,0.0086759143918713547,0.0087139138472190503,0.00025243241918493364,2.5243241918493363e-07,2.754433405646531e-07,1.0911567597142169,1.100664727868647,ABSTAIN,0,0.5,0.5,0.50025243241918493,0.5,0.0087136592151253467,0.0078422705817757007,0.00086423458403575397,True,,0,[],0,[],0,912,0,0,,11f1c8d0de4c35021cae0e8239d09a3cb4a6d24bfe53937fe5e6d276845adaad,0,0,0,False,False,abstain,fixed,none,standard,0.5,0.5,0.5,0.5,0.5,0.5
913,numerical_frozen_W,2023-07-03,2023-07-04,bull,-0.012291621858477699,0.50431931875212488,0.5,-0.0061501037022745342,-0.0061690934895245256,-0.0061458109292388497,0.0043193187521248788,4.3193187521248786e-06,4.7541217988854734e-06,1.100664727868647,1.0938955256508189,ABSTAIN,0,0.49999999999999989,0.49999999999999989,0.50431931875212488,0.5,-0.0061501037022745342,-0.00553548598638,-0.00061822992609532942,True,,0,[],0,[],0,913,0,0,,5f2e59ad4147841eee0dd0d3166c2b4428063399f90a525a14c68b3503e09655,0,0,0,False,False,abstain,fixed,none,standard,0.49999999999999989,0.5,0.49999999999999989,0.5,0.49999999999999989,0.5
914,numerical_frozen_W,2023-07-04,2023-07-05,bull,-0.0083072242950560007,0.49690809225496896,0.5,-0.0041566912126874689,-0.0041653542683720065,-0.0041536121475280003,0.0030919077450310417,3.0919077450310417e-06,3.3822240480145698e-06,1.0938955256508189,1.0893485397317479,ABSTAIN,0,0.49999999999999994,0.49999999999999994,0.49690809225496896,0.5,-0.0041566912126874689,-0.0037412985940814001,-0.00041703951153211063,True,,0,[],0,[],0,914,0,0,,4e34bca55012abe4987e3309ad7f7f2b8e52a808e856169a962298d17f1353e0,0,0,0,False,False,abstain,fixed,none,standard,0.49999999999999994,0.5,0.49999999999999994,0.5,0.49999999999999994,0.5
915,numerical_frozen_W,2023-07-05,2023-07-06,bull,-0.0196540468262499,0.49791453169977085,0.5,-0.0098290883874794233,-0.00987771276127976,-0.0098270234131249499,0.0020854683002291541,2.0854683002291541e-06,2.2718018475114796e-06,1.0893485397317479,1.0786412366499529,ABSTAIN,0,0.49999999999999978,0.49999999999999978,0.49791453169977085,0.5,-0.0098290883874794233,-0.0088463665721585996,-0.0009919847794413305,True,,0,[],0,[],0,915,0,0,,bb9eb56be8d8dce5a014d8247c041bf15cca77523b12405c0b7882c879bef827,0,0,0,False,False,abstain,fixed,none,standard,0.49999999999999978,0.5,0.49999999999999978,0.5,0.49999999999999978,0.5
916,numerical_frozen_W,2023-07-06,2023-07-07,bull,0.0144852923969767,0.49503772388992134,0.5,0.0072376479823679229,0.0072115819040430773,0.00724264619848835,0.0049622761100786561,4.9622761100786562e-06,5.3525156399737589e-06,1.0786412366499529,1.0864480622200914,ABSTAIN,0,0.5,0.5,0.49503772388992134,0.5,0.0072376479823679229,0.0065134418052453999,0.00071926089775118263,True,,0,[],0,[],0,916,0,0,,889853d263ce7aabaffc0db294b64ee1a82a89a08cbf2dd9b5e6cf72c26fbf66,0,0,0,False,False,abstain,fixed,none,standard,0.5,0.5,0.5,0.5,0.5,0.5
917,numerical_frozen_W,2023-07-07,2023-07-08,bull,-0.0018980834629478999,0.503595283731196,0.5,-0.00095263360313080359,-0.00095308764690285022,-0.00094904173147394996,0.0035952837311959973,3.5952837311959976e-06,3.9060890428893114e-06,1.0864480622200914,1.0854130752879643,ABSTAIN,0,0.49999999999999978,0.49999999999999978,0.503595283731196,0.5,-0.00095263360313080359,-0.00085769640807699995,-9.5023206806760913e-05,True,,0,[],0,[],0,917,0,0,,84a6d76d84c57378bc0b4caa0b742952453463aa20ec70894d01a73f8de8ac39,0,0,0,False,False,abstain,fixed,none,standard,0.49999999999999978,0.5,0.49999999999999978,0.5,0.49999999999999978,0.5
918,numerical_frozen_W,2023-07-08,2023-07-09,bull,-0.0040245899474392003,0.49952502836636137,0.5,-0.0020127689895702572,-0.0020147973312521104,-0.0020122949737196002,0.00047497163363863226,4.7497163363863226e-07,5.1554042154225616e-07,1.0854130752879643,1.0832283895091506,ABSTAIN,0,0.49999999999999989,0.49999999999999989,0.49952502836636137,0.5,-0.0020127689895702572,-0.0018115348020790001,-0.00020161971569454735,True,,0,[],0,[],0,918,0,0,,ebfd9c1eca0622ab703d3fc42898f146ca5ff29c7485d469fff5b97467f51e48,0,0,0,False,False,abstain,fixed,none,standard,0.49999999999999989,0.5,0.49999999999999989,0.5,0.49999999999999989,0.5
919,numerical_frozen_W,2023-07-09,2023-07-10,bull,0.0082341904537753998,0.49899182376517026,0.5,0.0041160828998951793,0.0041076350042343508,0.0041170952268876999,0.0010081762348297385,1.0081762348297386e-06,1.0920851191960168e-06,1.0832283895091506,1.0876870473598901,ABSTAIN,0,0.5,0.5,0.49899182376517026,0.5,0.0041160828998951793,0.0037043841133574001,0.00041009522422101553,True,,0,[],0,[],0,919,0,0,,d7dcaf409a3b6fb2dbb99c7c74ba8b9544969432006ff493440520f75f37e20b,0,0,0,False,False,abstain,fixed,none,standard,0.5,0.5,0.5,0.5,0.5,0.5
920,numerical_frozen_W,2023-07-10,2023-07-11,bull,0.0068386634358366004,0.50205010712717602,0.5,0.003417274600794773,0.003411448985990577,0.0034193317179183002,0.0020501071271760152,2.0501071271760153e-06,2.2298749679295466e-06,1.0876870473598901,1.0914039726804465,ABSTAIN,0,0.49999999999999989,0.49999999999999989,0.50205010712717602,0.5,0.003417274600794773,0.0030753618590785999,0.00034080637906433973,True,,0,[],0,[],0,920,0,0,,05bb213de76033b3644ba22a4dab7d56aaa68c8dedeccc4fc315676fac959058,0,0,0,False,False,abstain,fixed,none,standard,0.49999999999999989,0.5,0.49999999999999989,0.5,0.49999999999999989,0.5
921,numerical_frozen_W,2023-07-11,2023-07-12,bull,-0.0077065502411562004,0.50170383986526557,0.5,-0.0038549723950795922,-0.0038624219525516482,-0.0038532751205781002,0.0017038398652655662,1.7038398652655662e-06,1.8595775977621557e-06,1.0914039726804465,1.0871966404938833,ABSTAIN,0,0.5,0.5,0.50170383986526557,0.5,-0.0038549723950795922,-0.0034696291332575002,-0.00038675969695921731,True,,0,[],0,[],0,921,0,0,,3c6b2dc832ce866996aa9164777ecdf3f660427df9ed7cd894b7549087d12c32,0,0,0,False,False,abstain,fixed,none,standard,0.5,0.5,0.5,0.5,0.5,0.5
922,numerical_frozen_W,2023-07-12,2023-07-13,bull,0.035501673396451702,0.49806590985828691,0.5,0.017748868276365792,0.017593196414448151,0.017750836698225851,0.0019340901417130851,1.9340901417130852e-06,2.1027363044828047e-06,1.0871966404938833,1.1064931504565167,ABSTAIN,0,0.49999999999999994,0.49999999999999994,0.49806590985828691,0.5,0.017748868276365792,0.015973808441802999,0.0017456266831581066,True,,0,[],0,[],0,922,0,0,,89552abddbe3a68b5386dbe37f65c9b9a100f857bbabb968dde58dd0e4649125,0,0,0,False,False,abstain,fixed,none,standard,0.49999999999999994,0.5,0.49999999999999994,0.5,0.49999999999999994,0.5
923,numerical_frozen_W,2023-07-13,2023-07-14,bull,-0.036505954026714402,0.50872062004675578,0.5,-0.018261538456126658,-0.018430338540501495,-0.018252977013357201,0.0087206200467557782,8.7206200467557788e-06,9.649306349469059e-06,1.1064931504565167,1.0862868832380144,ABSTAIN,0,0.49999999999999994,0.49999999999999994,0.50872062004675578,0.5,-0.018261538456126658,-0.0164361857351706,-0.0018575801476500044,True,,0,[],0,[],0,923,0,0,,c3523771c007fa8de5d6d51316bbd9542db6767100f91e71f75bf8bab11048c8,0,0,0,False,False,abstain,fixed,none,standard,0.49999999999999994,0.5,0.49999999999999994,0.5,0.49999999999999994,0.5
924,numerical_frozen_W,2023-07-14,2023-07-15,bull,-0.0008575933292432,0.49070382869212653,0.5,-0.00043808884976215268,-0.00043818483871778011,-0.0004287966646216,0.0092961713078734687,9.2961713078734691e-06,1.0098308956076525e-05,1.0862868832380144,1.0858109930668249,ABSTAIN,0,0.5,0.5,0.49070382869212653,0.5,-0.00043808884976215268,-0.0003950995835019,-4.3007182810511321e-05,True,,0,[],0,[],0,924,0,0,,12615ea5a08c9b2fc439b916080f2802f3b5a8eaf20a420d3e03417850e25867,0,0,0,False,False,abstain,fixed,none,standard,0.5,0.5,0.5,0.5,0.5,0.5
925,numerical_frozen_W,2023-07-15,2023-07-16,bull,-0.0018454082676931001,0.49978550969496183,0.5,-0.00092291842624048215,-0.0009233445776734117,-0.00092270413384655005,0.00021449030503817301,2.1449030503817303e-07,2.3289593111670485e-07,1.0858109930668249,1.0848088780939091,ABSTAIN,0,0.5,0.5,0.49978550969496183,0.5,-0.00092291842624048215,-0.00083064588042399995,-9.2353519800024409e-05,True,,0,[],0,[],0,925,0,0,,99fb4fe4d2c6515be802cf4bfa2be82d34088490a6916a43ad1df542cf9f0105,0,0,0,False,False,abstain,fixed,none,standard,0.5,0.5,0.5,0.5,0.5,0.5
926,numerical_frozen_W,2023-07-16,2023-07-17,bull,-0.0031684609151494,0.49953822184846741,0.5,-0.0015846915041631826,-0.0015859484558408063,-0.0015842304575747,0.00046177815153258805,4.6177815153258807e-07,5.009410384923461e-07,1.0848088780939091,1.083089790681153,ABSTAIN,0,0.49999999999999989,0.49999999999999989,0.49953822184846741,0.5,-0.0015846915041631826,-0.0014262638782072999,-0.00015866649515704884,True,,0,[],0,[],0,926,0,0,,31a013cbc2e58c96db8b9e96a8a03b32de96b2c92913e74d5b6dd867b3a25558,0,0,0,False,False,abstain,fixed,none,standard,0.49999999999999989,0.5,0.49999999999999989,0.5,0.49999999999999989,0.5
927,numerical_frozen_W,2023-07-17,2023-07-18,bull,-0.0090545028649920006,0.49920662788694697,0.5,-0.0045280412128139158,-0.0045383238432836941,-0.0045272514324960003,0.0007933721130530258,7.933721130530258e-07,8.5929323585886568e-07,1.083089790681153,1.0781855154717708,ABSTAIN,0,0.49999999999999989,0.49999999999999989,0.49920662788694697,0.5,-0.0045280412128139158,-0.0040753084032473996,-0.00045468874046677901,True,,0,[],0,[],0,927,0,0,,a18bdd85c33f14ac6a6319b1cc57eeca4f9409bdffd9bb1637c2fdbb6e8ee296,0,0,0,False,False,abstain,fixed,none,standard,0.49999999999999989,0.5,0.49999999999999989,0.5,0.49999999999999989,0.5
928,numerical_frozen_W,2023-07-18,2023-07-19,mix,0.0014363775161717999,0.49772607967470189,0.5,0.00071591320465658193,0.00071565706104205441,0.00071818875808589997,0.0022739203252981066,2.2739203252981068e-06,2.4517079580732756e-06,1.0781855154717708,1.0789574027193665,ABSTAIN,0,0.5,0.5,0.49772607967470189,0.5,0.00071591320465658193,0.0006441182700571,7.1746146121821485e-05,True,,0,[],0,[],0,928,0,0,,3f64a18193795f234921e521a60bfaa6747707bf5dbb33350f371374c615feb9,0,0,0,False,False,abstain,fixed,none,standard,0.5,0.5,0.5,0.5,0.5,0.5
929,numerical_frozen_W,2023-07-19,2023-07-20,mix,-0.0036342724935388001,0.5003588366665831,0.5,-0.0018174944313809061,-0.001819148078351495,-0.0018171362467694001,0.00035883666658309554,3.5883666658309555e-07,3.8716947777697205e-07,1.0789574027193665,1.0769964036482269,ABSTAIN,0,0.49999999999999989,0.49999999999999989,0.5003588366665831,0.5,-0.0018174944313809061,-0.0016357773148666,-0.00018203141899414996,True,,0,[],0,[],0,929,0,0,,709b66a0ea03362adf97bbbd749ea124f8ff781808b015deed15c0dd9eb3dc71,0,0,0,False,False,abstain,fixed,none,standard,0.49999999999999989,0.5,0.49999999999999989,0.5,0.49999999999999989,0.5
930,numerical_frozen_W,2023-07-20,2023-07-21,mix,0.0034260595282036002,0.49908977787900666,0.5,0.0017121179827430666,0.0017106539795422558,0.0017130297641018001,0.00091022212099334254,9.1022212099334261e-07,9.8030595083089119e-07,1.0769964036482269,1.0788403485582627,ABSTAIN,0,0.49999999999999989,0.49999999999999989,0.49908977787900666,0.5,0.0017121179827430666,0.0015408244427778999,0.00017101538877585835,True,,0,[],0,[],0,930,0,0,,98481c3f118f4563fa300f48b1cf39d1496b298b1e18a03eb787188e9cf0b59f,0,0,0,False,False,abstain,fixed,none,standard,0.49999999999999989,0.5,0.49999999999999989,0.5,0.49999999999999989,0.5
931,numerical_frozen_W,2023-07-21,2023-07-22,mix,-0.0038190020432663,0.50085505015568443,0.5,-0.001910354439069617,-0.0019121814933627148,-0.00190950102163315,0.00085505015568443365,8.5505015568443365e-07,9.2246260799339118e-07,1.0788403485582627,1.0767793811093471,ABSTAIN,0,0.49999999999999983,0.49999999999999983,0.50085505015568443,0.5,-0.001910354439069617,-0.0017193961089069999,-0.00019130552641467239,True,,0,[],0,[],0,931,0,0,,159c9a53f6091ff51ae55d4d5aa0a2037c0671ce7a7179526fde6f8c1edd4055,0,0,0,False,False,abstain,fixed,none,standard,0.49999999999999983,0.5,0.49999999999999983,0.5,0.49999999999999983,0.5
932,numerical_frozen_W,2023-07-22,2023-07-23,mix,0.0099701566690947995,0.49904342290424175,0.5,0.0049841169888398262,0.0049717373949505362,0.0049850783345473998,0.00095657709575824867,9.5657709575824876e-07,1.0300224931539436e-06,1.0767793811093471,1.0821461755159667,ABSTAIN,0,0.49999999999999989,0.49999999999999989,0.49904342290424175,0.5,0.0049841169888398262,0.0044856194228905999,0.00049614837899013536,True,,0,[],0,[],0,932,0,0,,3c5c28f994bf91a5705186db652ca437f443890a5cf57d5b0be56ab38b14a43a,0,0,0,False,False,abstain,fixed,none,standard,0.49999999999999989,0.5,0.49999999999999989,0.5,0.49999999999999989,0.5
933,numerical_frozen_W,2023-07-23,2023-07-24,mix,-0.030173602916981099,0.50248017529912425,0.5,-0.015089244215877318,-0.015204245179621977,-0.01508680145849055,0.0024801752991242543,2.4801752991242545e-06,2.6839122145564806e-06,1.0821461755159667,1.0658174075963287,ABSTAIN,0,0.49999999999999994,0.49999999999999994,0.50248017529912425,0.5,-0.015089244215877318,-0.0135805445488378,-0.0015306415465023201,True,,0,[],0,[],0,933,0,0,,131a764dc0fae4eabcd272013a6cfc41a896b93e1d5dd79f9cf13c29eae710c8,0,0,0,False,False,abstain,fixed,none,standard,0.49999999999999994,0.5,0.49999999999999994,0.5,0.49999999999999994,0.5
934,numerical_frozen_W,2023-07-24,2023-07-25,mix,0.0017307501173826,0.49234105021598268,0.5,0.00085770948104313405,0.00085734185846009702,0.00086537505869130002,0.0076589497840173215,7.6589497840173225e-06,8.1630420037118046e-06,1.0658174075963287,1.0667315692918848,ABSTAIN,0,0.49999999999999989,0.49999999999999989,0.49234105021598268,0.5,0.00085770948104313405,0.00077126089296059995,8.6378234343932408e-05,True,,0,[],0,[],0,934,0,0,,8c8a9ce37327bbd3724c74a176a8c15aee33b8bd6bd926d2b683b111e8b7891d,0,0,0,False,False,abstain,fixed,none,standard,0.49999999999999989,0.5,0.49999999999999989,0.5,0.49999999999999989,0.5
935,numerical_frozen_W,2023-07-25,2023-07-26,mix,0.0042287348692718997,0.50043231341609784,0.5,0.0021139342071505585,0.0021117029921090421,0.0021143674346359499,0.00043231341609784035,4.3231341609784034e-07,4.6116236877998488e-07,1.0667315692918848,1.0689865696460583,ABSTAIN,0,0.49999999999999983,0.49999999999999983,0.50043231341609784,0.5,0.0021139342071505585,0.0019025018493758999,0.00021100860726991615,True,,0,[],0,[],0,935,0,0,,1e96c2bd1053c65b56a8065a41f24e95165dc0d04c115d6795a20c1097abe5da,0,0,0,False,False,abstain,fixed,none,standard,0.49999999999999983,0.5,0.49999999999999983,0.5,0.49999999999999983,0.5
936,numerical_frozen_W,2023-07-26,2023-07-27,mix,-0.0044119350508650002,0.50105495315871418,0.5,-0.0022070201513987309,-0.002209459209734475,-0.0022059675254325001,0.0010549531587141781,1.0549531587141781e-06,1.1277307582711429e-06,1.0689865696460583,1.0666272947452748,ABSTAIN,0,0.49999999999999989,0.49999999999999989,0.50105495315871418,0.5,-0.0022070201513987309,-0.0019864133229563,-0.00022107035124644282,True,,0,[],0,[],0,936,0,0,,0a47ae3e23bbfe425426ff4db1efb03c53ada02a152ab070a486707954295d35,0,0,0,False,False,abstain,fixed,none,standard,0.49999999999999989,0.5,0.49999999999999989,0.5,0.49999999999999989,0.5
937,numerical_frozen_W,2023-07-27,2023-07-28,mix,0.0031585034921481001,0.49889457771161366,0.5,0.0015781445780456149,0.0015769006164864934,0.00157925174607405,0.0011054222883863374,1.1054222883863374e-06,1.1790735850126503e-06,1.0666272947452748,1.0683105868272726,ABSTAIN,0,0.49999999999999994,0.49999999999999994,0.49889457771161366,0.5,0.0015781445780456149,0.0014202308901847,0.00015767730031350903,True,,0,[],0,[],0,937,0,0,,e0584f43e4bae8f3d1e69fc3f53eb5b0c971ffe8f242bc87feac92f6bb6875e4,0,0,0,False,False,abstain,fixed,none,standard,0.49999999999999994,0.5,0.49999999999999994,0.5,0.49999999999999994,0.5
938,numerical_frozen_W,2023-07-28,2023-07-29,mix,0.0013133208255159999,0.50078838082124855,0.5,0.00065587151423818213,0.0006556565245152083,0.00065666041275799997,0.00078838082124854658,7.8838082124854661e-07,8.4223557779140189e-07,1.0683105868272726,1.0690112613095317,ABSTAIN,0,0.49999999999999972,0.49999999999999972,0.50078838082124855,0.5,0.00065587151423818213,0.00059021329004169999,6.5617341833762379e-05,True,,0,[],0,[],0,938,0,0,,067d2fd4fd9dbca60d23c830f33d09f2450e328c310de84e8a27ffd2456f4a8b,0,0,0,False,False,abstain,fixed,none,standard,0.49999999999999972,0.5,0.49999999999999972,0.5,0.49999999999999972,0.5
939,numerical_frozen_W,2023-07-29,2023-07-30,mix,-0.0024460456163659001,0.50032811474641425,0.5,-0.0012233505216375784,-0.0012240994257307566,-0.0012230228081829501,0.0003281147464142542,3.2811474641425422e-07,3.5075835891855903e-07,1.0690112613095317,1.0677034858253722,ABSTAIN,0,0.49999999999999983,0.49999999999999983,0.50032811474641425,0.5,-0.0012233505216375784,-0.0011010450247069001,-0.00012244780565055053,True,,0,[],0,[],0,939,0,0,,14114485833a6229cf3a0514be10df13384d38e0527fad433e7f890621a1f07d,0,0,0,False,False,abstain,fixed,none,standard,0.49999999999999983,0.5,0.49999999999999983,0.5,0.49999999999999983,0.5
940,numerical_frozen_W,2023-07-30,2023-07-31,mix,-0.001683645416762,0.4993877397877044,0.5,-0.00084243445317866428,-0.00084278950049935077,-0.00084182270838100001,0.00061226021229560113,6.1226021229560119e-07,6.5371236290019574e-07,1.0677034858253722,1.066804015623134,ABSTAIN,0,0.49999999999999978,0.49999999999999978,0.4993877397877044,0.5,-0.00084243445317866428,-0.00075824604176120004,-8.4255844810955877e-05,True,,0,[],0,[],0,940,0,0,,0a7817681f738a54491cae3be3aaa478c1a154531bb75c2ee4a9e0c722cd0d0e,0,0,0,False,False,abstain,fixed,none,standard,0.49999999999999978,0.5,0.49999999999999978,0.5,0.49999999999999978,0.5
941,numerical_frozen_W,2023-07-31,2023-08-01,mix,0.0164132948372353,0.49957873401453662,0.5,0.0082062226954506823,0.008172734731705121,0.0082066474186176502,0.00042126598546338156,4.2126598546338156e-07,4.4940824493777229e-07,1.066804015623134,1.0755584469477384,ABSTAIN,0,0.49999999999999983,0.49999999999999983,0.49957873401453662,0.5,0.0082062226954506823,0.0073855625784762001,0.00081431187437740367,True,,0,[],0,[],0,941,0,0,,33db2f41a8974537f554ce77fa060d2d1e40b6a326bd5ffbc0a25b74b578c0e0,0,0,0,False,False,abstain,fixed,none,standard,0.49999999999999983,0.5,0.49999999999999983,0.5,0.49999999999999983,0.5
942,numerical_frozen_W,2023-08-01,2023-08-02,mix,-0.0181238683099871,0.5040699232838971,0.5,-0.0090659671969006705,-0.0091073131613256583,-0.0090619341549935499,0.0040699232838971033,4.0699232838971032e-06,4.3774403664248081e-06,1.0755584469477384,1.0658074693493607,ABSTAIN,0,0.49999999999999994,0.49999999999999994,0.5040699232838971,0.5,-0.0090659671969006705,-0.0081597403578664001,-0.00091409991100768057,True,,0,[],0,[],0,942,0,0,,be553a315e9266bd84665f4859686038d68f1fa9bb4bd1d56fb5273062c0d1fc,0,0,0,False,False,abstain,fixed,none,standard,0.49999999999999994,0.5,0.49999999999999994,0.5,0.49999999999999994,0.5
943,numerical_frozen_W,2023-08-02,2023-08-03,mix,0.00053472819697180003,0.49542759811771581,0.5,0.00026279047410748824,0.00026275595073898991,0.00026736409848590001,0.0045724018822841939,4.5724018822841943e-06,4.8733000790055696e-06,1.0658074693493607,1.0660875533995382,ABSTAIN,0,0.49999999999999989,0.49999999999999989,0.49542759811771581,0.5,0.00026279047410748824,0.0002361040583009,2.6679760614822882e-05,True,,0,[],0,[],0,943,0,0,,c6d961c4a0072778ae2f66040532901d47b657d24f2ca36d03c986480f125167,0,0,0,False,False,abstain,fixed,none,standard,0.49999999999999989,0.5,0.49999999999999989,0.5,0.49999999999999989,0.5
944,numerical_frozen_W,2023-08-03,2023-08-04,mix,-0.0028709150270817998,0.50013364631701596,0.5,-0.0014355909680142664,-0.0014366224160044544,-0.0014354575135408999,0.00013364631701595631,1.3364631701595632e-07,1.4247867512839995e-07,1.0660875533995382,1.0645570877367654,ABSTAIN,0,0.49999999999999989,0.49999999999999989,0.50013364631701596,0.5,-0.0014355909680142664,-0.0012920439046399,-0.00014374310297171622,True,,0,[],0,[],0,944,0,0,,a6f247a44f051771fab4c8928eac8762ba2cb22326f39bf05ea7acc9b7ddf359,0,0,0,False,False,abstain,fixed,none,standard,0.49999999999999989,0.5,0.49999999999999989,0.5,0.49999999999999989,0.5
945,numerical_frozen_W,2023-08-04,2023-08-05,mix,-0.0012849805019670001,0.49928123949305941,0.5,-0.00064320854969379671,-0.00064341549705796374,-0.00064249025098350005,0.00071876050694058558,7.1876050694058561e-07,7.6516159204887095e-07,1.0645570877367654,1.0638723555162959,ABSTAIN,0,0.49999999999999994,0.49999999999999994,0.49928123949305941,0.5,-0.00064320854969379671,-0.00057895228510989997,-6.4295554360228099e-05,True,,0,[],0,[],0,945,0,0,,8670854f950f09e38fbbba06049fd6bb2946f2aa1cce2425b667dd15d348f94d,0,0,0,False,False,abstain,fixed,none,standard,0.49999999999999994,0.5,0.49999999999999994,0.5,0.49999999999999994,0.5
946,numerical_frozen_W,2023-08-05,2023-08-06,mix,0.00045410604752290002,0.49967854834495373,0.5,0.00022673149911978108,0.00022670579941798242,0.00022705302376145001,0.0003214516550462676,3.2145165504626762e-07,3.4198352943868449e-07,1.0638723555162959,1.0641135688903343,ABSTAIN,0,0.49999999999999994,0.49999999999999994,0.49967854834495373,0.5,0.00022673149911978108,0.0002040294396783,2.2697170915129939e-05,True,,0,[],0,[],0,946,0,0,,ff1081652a0fbc707533d4063932cb95171c124992a27590709454a739355929,0,0,0,False,False,abstain,fixed,none,standard,0.49999999999999994,0.5,0.49999999999999994,0.5,0.49999999999999994,0.5
947,numerical_frozen_W,2023-08-06,2023-08-07,mix,0.0042260834281824004,0.50011350074119432,0.5,0.0021129279735181417,0.0021106988805971124,0.0021130417140912002,0.00011350074119431675,1.1350074119431675e-07,1.2077767878398259e-07,1.0641135688903343,1.0663619642170428,ABSTAIN,0,0.49999999999999994,0.49999999999999994,0.50011350074119432,0.5,0.0021129279735181417,0.0019016249607025999,0.00021087971969985567,True,,0,[],0,[],0,947,0,0,,ad3b2c77b7589307e2e732d4f7a32554a1daa52841a10653fcf8e2eab482d3b9,0,0,0,False,False,abstain,fixed,none,standard,0.49999999999999994,0.5,0.49999999999999994,0.5,0.49999999999999994,0.5
948,numerical_frozen_W,2023-08-07,2023-08-08,mix,0.019627313879510399,0.50105429309176386,0.5,0.0098125923001926019,0.0097647614582057774,0.0098136569397551995,0.0010542930917638582,1.0542930917638582e-06,1.1242580521937669e-06,1.0663619642170428,1.0768257394163372,ABSTAIN,0,0.49999999999999989,0.49999999999999989,0.50105429309176386,0.5,0.0098125923001926019,0.0088312380548389007,0.00097229071112689414,True,,0,[],0,[],0,948,0,0,,f1aeeaaa2e301a70bdb812c56aefe118658098f44b3e146643d1d546f76f5b03,0,0,0,False,False,abstain,fixed,none,standard,0.49999999999999989,0.5,0.49999999999999989,0.5,0.49999999999999989,0.5
949,numerical_frozen_W,2023-08-08,2023-08-09,mix,-0.0066963536104561999,0.50485914251224118,0.5,-0.0033530196784721245,-0.0033586536463496067,-0.0033481768052280999,0.0048591425122411769,4.8591425122411772e-06,5.2324497286734632e-06,1.0768257394163372,1.0732151215217889,ABSTAIN,0,0.5,0.5,0.50485914251224118,0.5,-0.0033530196784721245,-0.0030181598453515,-0.00033592997134711516,True,,0,[],0,[],0,949,0,0,,17060c6dcc379e623436d4079c0e2d5dbba07136d13466db464153576b237682,0,0,0,False,False,abstain,fixed,none,standard,0.5,0.5,0.5,0.5,0.5,0.5
950,numerical_frozen_W,2023-08-09,2023-08-10,mix,-0.0043613496517681,0.49832028762336711,0.5,-0.0021823508753541221,-0.0021847356733013606,-0.00218067482588405,0.0016797123766328914,1.6797123766328914e-06,1.8026927224097215e-06,1.0732151215217889,1.0708729895618925,ABSTAIN,0,0.5,0.5,0.49832028762336711,0.5,-0.0021823508753541221,-0.0019642664375386001,-0.00021853753444539764,True,,0,[],0,[],0,950,0,0,,3b191443686455bbfcbeb047ecf762e3e071e384d4586da6beaff1082f83bd32,0,0,0,False,False,abstain,fixed,none,standard,0.5,0.5,0.5,0.5,0.5,0.5
951,numerical_frozen_W,2023-08-10,2023-08-11,mix,-0.00095758769397939997,0.49890727971945042,0.5,-0.00047988604408255586,-0.00048000122624122278,-0.00047879384698969998,0.001092720280549575,1.0927202805495751e-06,1.1701646335870334e-06,1.0708729895618925,1.0703590925592168,ABSTAIN,0,0.49999999999999989,0.49999999999999989,0.49890727971945042,0.5,-0.00047988604408255586,-0.00043199555294220002,-4.7912336338405963e-05,True,,0,[],0,[],0,951,0,0,,464223c62b8c2ce21c5fb249b8c6bc8d156e5dfaa70695bcbb4387629ec57f12,0,0,0,False,False,abstain,fixed,none,standard,0.49999999999999989,0.5,0.49999999999999989,0.5,0.49999999999999989,0.5
952,numerical_frozen_W,2023-08-11,2023-08-12,mix,0.00025152273221660002,0.49976048839982473,0.5,0.00012552182438674286,0.00012551394718171138,0.00012576136610830001,0.0002395116001752684,2.3951160017526841e-07,2.5636341902100627e-07,1.0703590925592168,1.0704934459852637,ABSTAIN,0,0.49999999999999994,0.49999999999999994,0.49976048839982473,0.5,0.00012552182438674286,0.0001129480975343,1.257222780351714e-05,True,,0,[],0,[],0,952,0,0,,98cdbeb8562f82fd78e5b473e2aa47039b6af0b89f9998302f3dd257a3f7f9cf,0,0,0,False,False,abstain,fixed,none,standard,0.49999999999999994,0.5,0.49999999999999994,0.5,0.49999999999999994,0.5
953,numerical_frozen_W,2023-08-12,2023-08-13,mix,-0.0043529675617264996,0.50006287277608796,0.5,-0.0021765465167977727,-0.0021789186368124038,-0.0021764837808632498,6.2872776087963267e-05,6.2872776087963264e-08,6.730489473306369e-08,1.0704934459852637,1.0681634672041498,ABSTAIN,0,0.49999999999999978,0.49999999999999978,0.50006287277608796,0.5,-0.0021765465167977727,-0.0019588975256806,-0.00021809996207433841,True,,0,[],0,[],0,953,0,0,,7872a88feaf808fb826c234eaa40fd7577657a3fb05d6941a5d856dfcce7c5cc,0,0,0,False,False,abstain,fixed,none,standard,0.49999999999999978,0.5,0.49999999999999978,0.5,0.49999999999999978,0.5
954,numerical_frozen_W,2023-08-13,2023-08-14,mix,0.0043208043658554997,0.49890938440240901,0.5,0.0021593092111618084,0.0021569812536115646,0.0021604021829277498,0.0010906155975909937,1.0906155975909937e-06,1.1649557381097215e-06,1.0681634672041498,1.0704699624179101,ABSTAIN,0,0.49999999999999983,0.49999999999999983,0.49890938440240901,0.5,0.0021593092111618084,0.0019432803917636,0.00021558658858648384,True,,0,[],0,[],0,954,0,0,,af31c2a2feafada993f23edae3cae8e2026d2b7263154a82561aad225c6c0eb9,0,0,0,False,False,abstain,fixed,none,standard,0.49999999999999983,0.5,0.49999999999999983,0.5,0.49999999999999983,0.5
955,numerical_frozen_W,2023-08-14,2023-08-15,mix,-0.0078636068604363007,0.50107787245346247,0.5,-0.0039328770646890332,-0.0039406311629793887,-0.0039318034302181504,0.0010778724534624695,1.0778724534624696e-06,1.1538300847492705e-06,1.0704699624179101,1.0662599356542781,ABSTAIN,0,0.49999999999999989,0.49999999999999989,0.50107787245346247,0.5,-0.0039328770646890332,-0.0035396866341562,-0.00039466501536998978,True,,0,[],0,[],0,955,0,0,,534f1866ccb8c0fe020418a95da968891202c03c9ce0a464c0482e05c8076247,0,0,0,False,False,abstain,fixed,none,standard,0.49999999999999989,0.5,0.49999999999999989,0.5,0.49999999999999989,0.5
956,numerical_frozen_W,2023-08-15,2023-08-16,mix,-0.016064229516394701,0.49802633823479237,0.5,-0.0080340725672847224,-0.0080665196332010049,-0.0080321147581973503,0.0019736617652076349,1.9736617652076348e-06,2.104436466773602e-06,1.0662599356542781,1.0576935259556433,ABSTAIN,0,0.49999999999999983,0.49999999999999983,0.49802633823479237,0.5,-0.0080340725672847224,-0.0072308423173893998,-0.00080940806636780986,True,,0,[],0,[],0,956,0,0,,6725db280e5d65717b00045997701932a41a46d93c69e5cdbb29df2403e11506,0,0,0,False,False,abstain,fixed,none,standard,0.49999999999999983,0.5,0.49999999999999983,0.5,0.49999999999999983,0.5
957,numerical_frozen_W,2023-08-16,2023-08-17,mix,-0.072776514900979097,0.49595142399381231,0.5,-0.036392158705869759,-0.037070870775432634,-0.036388257450489549,0.0040485760061876874,4.0485760061876873e-06,4.2821526310840715e-06,1.0576935259556433,1.0192017752968945,ABSTAIN,0,0.49999999999999983,0.49999999999999983,0.49595142399381231,0.5,-0.036392158705869759,-0.032753305396422502,-0.0037691680546413156,True,,0,[],0,[],0,957,0,0,,94f73b89b9e00aadca9d75460714a9785e3cd63a37e3c44c34c45efb5716cf24,0,0,0,False,False,abstain,fixed,none,standard,0.49999999999999983,0.5,0.49999999999999983,0.5,0.49999999999999983,0.5
958,numerical_frozen_W,2023-08-17,2023-08-18,mix,-0.021869145545264399,0.48111881796177886,0.5,-0.01095324749701132,-0.011013675976240263,-0.0109345727726322,0.018881182038221145,1.8881182038221144e-05,1.9243734253058828e-05,1.0192017752968945,1.0080382060026742,ABSTAIN,0,0.49999999999999994,0.49999999999999994,0.48111881796177886,0.5,-0.01095324749701132,-0.0098595542825929,-0.0011051944219592266,True,,0,[],0,[],0,958,0,0,,fe8d3bc438a165aa7b42ec0832c4c04690679f8dffcb5881fd24dabaed9d2221,0,0,0,False,False,abstain,fixed,none,standard,0.49999999999999994,0.5,0.49999999999999994,0.5,0.49999999999999994,0.5
959,numerical_frozen_W,2023-08-18,2023-08-19,mix,0.0017732946432684,0.49447227025047019,0.5,0.00088111469073792748,0.00088072673705987534,0.00088664732163420002,0.0055277297495298083,5.5277297495298088e-06,5.5721627799836403e-06,1.0080382060026742,1.0089264032748082,ABSTAIN,0,0.49999999999999994,0.49999999999999994,0.49447227025047019,0.5,0.00088111469073792748,0.00079251181828579999,8.8528790444745075e-05,True,,0,[],0,[],0,959,0,0,,4d4da6a477db955806afd6cafeb8893760eefcaeb7cc626a2907354b78922e1f,0,0,0,False,False,abstain,fixed,none,standard,0.49999999999999994,0.5,0.49999999999999994,0.5,0.49999999999999994,0.5
960,numerical_frozen_W,2023-08-19,2023-08-20,mix,0.0035019962144721998,0.50044293093728787,0.5,0.0017505544007276885,0.0017490239661850423,0.0017509981072360999,0.00044293093728786648,4.429309372878665e-07,4.4688471745698672e-07,1.0089264032748082,1.0106925838300713,ABSTAIN,0,0.49999999999999989,0.49999999999999989,0.50044293093728787,0.5,0.0017505544007276885,0.0015754590649408001,0.00017480463494790022,True,,0,[],0,[],0,960,0,0,,b0b0b77b109f1c0b37debae3fca73e34601959623c6d2be89d8c7fdc3b6a4fe4,0,0,0,False,False,abstain,fixed,none,standard,0.49999999999999989,0.5,0.49999999999999989,0.5,0.49999999999999989,0.5
961,numerical_frozen_W,2023-08-20,2023-08-21,mix,-0.0024741512286756001,0.50087396873601553,0.5,-0.0012379485019085035,-0.0012387153931350918,-0.0012370756143378001,0.00087396873601552905,8.7396873601552908e-07,8.8331371999023666e-07,1.0106925838300713,1.0094413984600288,ABSTAIN,0,0.49999999999999983,0.49999999999999983,0.50087396873601553,0.5,-0.0012379485019085035,-0.0011142324697289,-0.00012386170491047403,True,,0,[],0,[],0,961,0,0,,47f08b641b591269240c71dcd192429b370d5b339113d58163b409882ed5f6a3,0,0,0,False,False,abstain,fixed,none,standard,0.49999999999999983,0.5,0.49999999999999983,0.5,0.49999999999999983,0.5
962,numerical_frozen_W,2023-08-21,2023-08-22,mix,-0.0032955676337746002,0.49938069606703783,0.5,-0.0016484021003412286,-0.0016497622099606345,-0.0016477838168873001,0.00061930393296216746,6.193039329621675e-07,6.2515102816112629e-07,1.0094413984600288,1.007777433138636,ABSTAIN,0,0.5,0.5,0.49938069606703783,0.5,-0.0016484021003412286,-0.0014836175610271,-0.00016504299864654438,True,,0,[],0,[],0,962,0,0,,dc17271d14d34c62a0a065b9654580c2fa886478f21b58240747a1e5c3b4a18d,0,0,0,False,False,abstain,fixed,none,standard,0.5,0.5,0.5,0.5,0.5,0.5
963,numerical_frozen_W,2023-08-22,2023-08-23,mix,0.0152189524537345,0.49917474825508623,0.5,0.0076086446953886888,0.0075798449507696007,0.0076094762268672502,0.00082525174491376863,8.2525174491376859e-07,8.3167008518237808e-07,1.007777433138636,1.0154452535594187,ABSTAIN,0,0.5,0.5,0.49917474825508623,0.5,0.0076086446953886888,0.0068477061454577,0.00075547785962729389,True,,0,[],0,[],0,963,0,0,,2d3894d08a0a83c84c573a9f2cd40e41dfc1f54e2a7741b4262851c3852daf6d,0,0,0,False,False,abstain,fixed,none,standard,0.5,0.5,0.5,0.5,0.5,0.5
964,numerical_frozen_W,2023-08-23,2023-08-24,mix,-0.0098047374433541008,0.5037760046954709,0.5,-0.004906126215005191,-0.0049182007612446491,-0.0049023687216770504,0.0037760046954709026,3.7760046954709026e-06,3.8343260454340063e-06,1.0154452535594187,1.0104633509810284,ABSTAIN,0,0.49999999999999989,0.49999999999999989,0.5037760046954709,0.5,-0.004906126215005191,-0.0044158564133236003,-0.00049256565583758165,True,,0,[],0,[],0,964,0,0,,26db415b8a94a7f420f3863b58d3c3420f4316712414e538a556fe780e38e080,0,0,0,False,False,abstain,fixed,none,standard,0.49999999999999989,0.5,0.49999999999999989,0.5,0.49999999999999989,0.5
965,numerical_frozen_W,2023-08-24,2023-08-25,mix,-0.0045765366543146996,0.49753673982954849,0.5,-0.0022907259507276567,-0.0022933536771193317,-0.0022882683271573498,0.0024632601704515089,2.4632601704515091e-06,2.489034126172531e-06,1.0104633509810284,1.008148656360677,ABSTAIN,0,0.49999999999999989,0.49999999999999989,0.49753673982954849,0.5,-0.0022907259507276567,-0.0020618739014692999,-0.00022935118723335602,True,,0,[],0,[],0,965,0,0,,587f94ca1e81faeb81797e094e6d27fc49de422e7b9d71db23f6f734573dc38a,0,0,0,False,False,abstain,fixed,none,standard,0.49999999999999989,0.5,0.49999999999999989,0.5,0.49999999999999989,0.5
966,numerical_frozen_W,2023-08-25,2023-08-26,mix,-0.0015389220637674001,0.4988532417458294,0.5,-0.0007706069077519917,-0.00077090397788112956,-0.00076946103188370004,0.001146758254170599,1.1467582541705989e-06,1.1561027931126049e-06,1.008148656360677,1.0073717700420446,ABSTAIN,0,0.49999999999999989,0.49999999999999989,0.4988532417458294,0.5,-0.0007706069077519917,-0.00069364917302050001,-7.7014118965529408e-05,True,,0,[],0,[],0,966,0,0,,b3e5816536215924ac274a83a3e9a7200febe7909a15bf2f8999d860714134e3,0,0,0,False,False,abstain,fixed,none,standard,0.49999999999999989,0.5,0.49999999999999989,0.5,0.49999999999999989,0.5
967,numerical_frozen_W,2023-08-26,2023-08-27,mix,0.0032094276456637,0.49961497322095544,0.5,0.0016043281781950025,0.0016030426185327195,0.00160471382283185,0.00038502677904456162,3.8502677904456163e-07,3.8786510791970724e-07,1.0073717700420446,1.0089879249586413,ABSTAIN,0,0.49999999999999983,0.49999999999999983,0.49961497322095544,0.5,0.0016043281781950025,0.0014438607429189999,0.00016022324026634667,True,,0,[],0,[],0,967,0,0,,641dfc2676caa5d01b0b9de6d7c2e8396a6345f00db73244d66d84ee9b5e5a68,0,0,0,False,False,abstain,fixed,none,standard,0.49999999999999983,0.5,0.49999999999999983,0.5,0.49999999999999983,0.5
968,numerical_frozen_W,2023-08-27,2023-08-28,mix,0.0007011333072803,0.50080107142103358,0.5,0.00034976530138997042,0.00034970414776613711,0.00035056665364015,0.00080107142103358342,8.0107142103358341e-07,8.0827139085234547e-07,1.0089879249586413,1.0093408339243133,ABSTAIN,0,0.49999999999999983,0.49999999999999983,0.50080107142103358,0.5,0.00034976530138997042,0.0003147165502306,3.5037110400958581e-05,True,,0,[],0,[],0,968,0,0,,5a3e4253bc5d6477d933b05315071a3660200cc073d80f7d0371702a526f3bcf,0,0,0,False,False,abstain,fixed,none,standard,0.49999999999999983,0.5,0.49999999999999983,0.5,0.49999999999999983,0.5
969,numerical_frozen_W,2023-08-28,2023-08-29,mix,0.061449754775277601,0.50017522189986507,0.5,0.030724696782067573,0.030262143947570656,0.030724877387638801,0.00017522189986507453,1.7522189986507452e-07,1.7685861853161686e-07,1.0093408339243133,1.040352524996397,ABSTAIN,0,0.5,0.5,0.50017522189986507,0.5,0.030724696782067573,0.027652211376095501,0.0029853499383006125,True,,0,[],0,[],0,969,0,0,,8769afb14f200e529e881ed3abeba6ae943c00a6a7e1c339bf235527f14ad206,0,0,0,False,False,abstain,fixed,none,standard,0.5,0.5,0.5,0.5,0.5,0.5
970,numerical_frozen_W,2023-08-29,2023-08-30,mix,-0.0153333405473257,0.51490449976598551,0.5,-0.0076814605055435248,-0.0077111148801729699,-0.0076666702736628498,0.014904499765985513,1.4904499765985513e-05,1.5505933965351236e-05,1.040352524996397,1.0323610981637947,ABSTAIN,0,0.49999999999999994,0.49999999999999994,0.51490449976598551,0.5,-0.0076814605055435248,-0.0069147007000181998,-0.00077239685817415832,True,,0,[],0,[],0,970,0,0,,4e7f56f23bd1724180ebbd27dd9db89cfa8f508e861be254ba99537b9e47d544,0,0,0,False,False,abstain,fixed,none,standard,0.49999999999999994,0.5,0.49999999999999994,0.5,0.49999999999999994,0.5
971,numerical_frozen_W,2023-08-30,2023-08-31,mix,-0.049873987134965603,0.49613704889073051,0.5,-0.024940760188205124,-0.025257051048701788,-0.024936993567482801,0.0038629511092694857,3.8629511092694858e-06,3.9879604493184952e-06,1.0323610981637947,1.0066132275868593,ABSTAIN,0,0.5,0.5,0.49613704889073051,0.5,-0.024940760188205124,-0.022447029815865899,-0.0025542519045750472,True,,0,[],0,[],0,971,0,0,,096baac4c2a9ef6a2625530f7dbf71ff5a2a5a52e0bde6f1ec11c4f759689bb1,0,0,0,False,False,abstain,fixed,none,standard,0.5,0.5,0.5,0.5,0.5,0.5
972,numerical_frozen_W,2023-08-31,2023-09-01,mix,-0.0051701603482242004,0.48721262451607089,0.5,-0.0025978344932051645,-0.0026012147206823395,-0.0025850801741121002,0.012787375483929109,1.2787375483929109e-05,1.2871941308242959e-05,1.0066132275868593,1.0039982130229177,ABSTAIN,0,0.49999999999999989,0.49999999999999989,0.48721262451607089,0.5,-0.0025978344932051645,-0.0023391699865495,-0.00025930460209610835,True,,0,[],0,[],0,972,0,0,,54dc597e6418e7bca403a1f8bfb33b71224dc801706f4b4d0caca84b04ee1229,0,0,0,False,False,abstain,fixed,none,standard,0.49999999999999989,0.5,0.49999999999999989,0.5,0.49999999999999989,0.5
973,numerical_frozen_W,2023-09-01,2023-09-02,mix,0.0025771997271655002,0.4987041099332245,0.5,0.0012873023036321651,0.0012864744404190139,0.0012885998635827501,0.0012958900667754958,1.2958900667754958e-06,1.3010713113167473e-06,1.0039982130229177,1.0052906622353848,ABSTAIN,0,0.49999999999999989,0.49999999999999989,0.4987041099332245,0.5,0.0012873023036321651,0.0011584557909988999,0.00012868914155625692,True,,0,[],0,[],0,973,0,0,,e5ee2d9f1da13a018b9932ea34d8b79834f70deffe60e319d72d3e8349548e1e,0,0,0,False,False,abstain,fixed,none,standard,0.49999999999999989,0.5,0.49999999999999989,0.5,0.49999999999999989,0.5
974,numerical_frozen_W,2023-09-02,2023-09-03,mix,0.0039157779177956004,0.50064347075546367,0.5,0.0019572442282980163,0.0019553313214240205,0.0019578889588978002,0.00064347075546367094,6.4347075546367099e-07,6.4687514188917711e-07,1.0052906622353848,1.0072582615818069,ABSTAIN,0,0.49999999999999989,0.49999999999999989,0.50064347075546367,0.5,0.0019572442282980163,0.0017614618223006999,0.00019541905361183682,True,,0,[],0,[],0,974,0,0,,8788472abbc38da24ed614be4b1e22ea331daf98fac0eed84617c0059fce1ac1,0,0,0,False,False,abstain,fixed,none,standard,0.49999999999999989,0.5,0.49999999999999989,0.5,0.49999999999999989,0.5
975,numerical_frozen_W,2023-09-03,2023-09-04,mix,-0.0056871125486119001,0.50097703156014484,0.5,-0.0028445305276219024,-0.0028485838930224399,-0.00284355627430595,0.0009770315601448365,9.7703156014483655e-07,9.8412311078204859e-07,1.0072582615818069,1.004393084707538,ABSTAIN,0,0.49999999999999989,0.49999999999999989,0.50097703156014484,0.5,-0.0028445305276219024,-0.0025601656212664,-0.00028513544349882203,True,,0,[],0,[],0,975,0,0,,6f218ce724f48ea2a4ebbfd0d34554862595e5a56b6be1454d0b0100155ab037,0,0,0,False,False,abstain,fixed,none,standard,0.49999999999999989,0.5,0.49999999999999989,0.5,0.49999999999999989,0.5
976,numerical_frozen_W,2023-09-04,2023-09-05,mix,-0.0012817881525597999,0.49857416742768995,0.5,-0.00064231899504452183,-0.00064252537026743511,-0.00064089407627989997,0.0014258325723100485,1.4258325723100485e-06,1.4320963755789732e-06,1.004393084707538,1.0037479439507389,ABSTAIN,0,0.49999999999999989,0.49999999999999989,0.49857416742768995,0.5,-0.00064231899504452183,-0.00057821502650910002,-6.4143112983222833e-05,True,,0,[],0,[],0,976,0,0,,d4317ec48c575891adef2d6da1b55eb48447d49f4ee6d9e42ed4f36026144ac9,0,0,0,False,False,abstain,fixed,none,standard,0.49999999999999989,0.5,0.49999999999999989,0.5,0.49999999999999989,0.5
977,numerical_frozen_W,2023-09-05,2023-09-06,mix,-0.0012485362657133001,0.49967934745754505,0.5,-0.00062458858522584926,-0.00062478372193391734,-0.00062426813285665003,0.00032065254245494668,3.206525424549467e-07,3.2185433021172973e-07,1.0037479439507389,1.0031210144425033,ABSTAIN,0,0.49999999999999983,0.49999999999999983,0.49967934745754505,0.5,-0.00062458858522584926,-0.00056215856688829997,-6.2467084675269804e-05,True,,0,[],0,[],0,977,0,0,,d23c9275781cd20136226c8bca144f9916e5d4e672fc3ff251df1d904096b8c5,0,0,0,False,False,abstain,fixed,none,standard,0.49999999999999983,0.5,0.49999999999999983,0.5,0.49999999999999983,0.5
978,numerical_frozen_W,2023-09-06,2023-09-07,mix,0.019093097290162099,0.49968767095650285,0.5,0.0095462333343729888,0.0095009559730358534,0.0095465486450810495,0.0003123290434971504,3.1232904349715039e-07,3.133038269527183e-07,1.0031210144425033,1.0126970417089844,ABSTAIN,0,0.5,0.5,0.49968767095650285,0.5,0.0095462333343729888,0.0085915819376362994,0.00094607163169696702,True,,0,[],0,[],0,978,0,0,,c7df7d27e89f55843a8899b289404d6d13cd0b79c1d468ea7be142aa2176e7dd,0,0,0,False,False,abstain,fixed,none,standard,0.5,0.5,0.5,0.5,0.5,0.5
979,numerical_frozen_W,2023-09-07,2023-09-08,mix,-0.0129639082964441,0.5047281369333062,0.5,-0.0064866516375885475,-0.0065077813860984308,-0.0064819541482220499,0.004728136933306204,4.7281369333062038e-06,4.7881702851541827e-06,1.0126970417089844,1.0061280287850018,ABSTAIN,0,0.49999999999999983,0.49999999999999983,0.5047281369333062,0.5,-0.0064866516375885475,-0.0058384166866700003,-0.00065225451462922433,True,,0,[],0,[],0,979,0,0,,16a1288da7a7a41f1daa700d597363ba3c19c54c2c26bab2c2fc3f45e7af6584,0,0,0,False,False,abstain,fixed,none,standard,0.49999999999999983,0.5,0.49999999999999983,0.5,0.49999999999999983,0.5
980,numerical_frozen_W,2023-09-08,2023-09-09,mix,-0.00032420540728300001,0.49673787800066338,0.5,-0.00016536429684199661,-0.00016537797102483348,-0.00016210270364150001,0.0032621219993366202,3.2621219993366201e-06,3.282112376848743e-06,1.0061280287850018,1.0059616511309888,ABSTAIN,0,0.49999999999999989,0.49999999999999989,0.49673787800066338,0.5,-0.00016536429684199661,-0.00014911935757270001,-1.6247494055306752e-05,True,,0,[],0,[],0,980,0,0,,ae311f162f5ce5cdd2d27bbdd1a262e8bf66cfe28b2d12c1d30c49ea7db5c52a,0,0,0,False,False,abstain,fixed,none,standard,0.49999999999999989,0.5,0.49999999999999989,0.5,0.49999999999999989,0.5
981,numerical_frozen_W,2023-09-09,2023-09-10,mix,-0.0023512514912492999,0.49991893550740585,0.5,-0.0011757067148157052,-0.001176398400154552,-0.0011756257456246499,8.1064492594151716e-05,8.1064492594151713e-08,8.1547770818108674e-08,1.0059616511309888,1.0047789352629071,ABSTAIN,0,0.49999999999999994,0.49999999999999994,0.49991893550740585,0.5,-0.0011757067148157052,-0.0010581433386963001,-0.00011769483255911844,True,,0,[],0,[],0,981,0,0,,651cdc5cabc779f27565f9ef69566e982fa3cfa967fe5b7883c77d71285e5da0,0,0,0,False,False,abstain,fixed,none,standard,0.49999999999999994,0.5,0.49999999999999994,0.5,0.49999999999999994,0.5
982,numerical_frozen_W,2023-09-10,2023-09-11,mix,-0.026075649569275699,0.49941149526587086,0.5,-0.013038405616550452,-0.013124151771329482,-0.013037824784637849,0.00058850473412913606,5.8850473412913608e-07,5.9131716015545357e-07,1.0047789352629071,0.99167821994998362,ABSTAIN,0,0.49999999999999983,0.49999999999999983,0.49941149526587086,0.5,-0.013038405616550452,-0.011734618021614599,-0.0013201397104117378,True,,0,[],0,[],0,982,0,0,,4e91202ca2bd2370d272c6713de950fd3c20ffdcb4b7073f6e90b7ca6bcb6d15,0,0,0,False,False,abstain,fixed,none,standard,0.49999999999999983,0.5,0.49999999999999983,0.5,0.49999999999999983,0.5
983,numerical_frozen_W,2023-09-11,2023-09-12,mix,0.026547301163456001,0.49339497241533453,0.5,0.013266957881314934,0.013179722513857373,0.013273650581728001,0.0066050275846654682,6.6050275846654684e-06,6.5500619978815905e-06,0.99167821994998362,1.0048347731258773,ABSTAIN,0,0.49999999999999994,0.49999999999999994,0.49339497241533453,0.5,0.013266957881314934,0.0119396771594419,0.0013107609751427732,True,,0,[],0,[],0,983,0,0,,0b41c885ac633246f47debd6a941b0ace097c8e581307f914b57e8757ccaeb22,0,0,0,False,False,abstain,fixed,none,standard,0.49999999999999994,0.5,0.49999999999999994,0.5,0.49999999999999994,0.5
984,numerical_frozen_W,2023-09-12,2023-09-13,mix,0.015038030540556101,0.50654988441380455,0.5,0.00751241613718312,0.0074843384721276114,0.0075190152702780504,0.006549884413804552,6.5498844138045524e-06,6.5815516189460175e-06,1.0048347731258773,1.0123835100907108,ABSTAIN,0,0.49999999999999994,0.49999999999999994,0.50654988441380455,0.5,0.00751241613718312,0.0067605769140108001,0.00074651177936794696,True,,0,[],0,[],0,984,0,0,,3be9fd2418991ed92ae1501a4949509069ab20907422d44cf065c04c39f758c5,0,0,0,False,False,abstain,fixed,none,standard,0.49999999999999994,0.5,0.49999999999999994,0.5,0.49999999999999994,0.5
985,numerical_frozen_W,2023-09-13,2023-09-14,mix,0.0115051672196164,0.50373145079959669,0.5,0.0057488306935260525,0.0057323692256838069,0.0057525836098081999,0.0037314507995966917,3.7314507995966916e-06,3.7776592582264886e-06,1.0123835100907108,1.01820353148714,ABSTAIN,0,0.5,0.5,0.50373145079959669,0.5,0.0057488306935260525,0.0051736092135501004,0.00057209714730864069,True,,0,[],0,[],0,985,0,0,,5dfed269467e8a200ba85e9533fbad534b48a412d65f6cc9d1d2c17aca281a1a,0,0,0,False,False,abstain,fixed,none,standard,0.5,0.5,0.5,0.5,0.5,0.5
986,numerical_frozen_W,2023-09-14,2023-09-15,mix,0.0028765641081709,0.50285984033427056,0.5,0.0014354181004940791,0.0014343888727295178,0.00143828205408545,0.0028598403342705581,2.8598403342705581e-06,2.9118995278436449e-06,1.01820353148714,1.0196650792662236,ABSTAIN,0,0.5,0.5,0.50285984033427056,0.5,0.0014354181004940791,0.0012916173194299,0.00014360497338685384,True,,0,[],0,[],0,986,0,0,,d3589badaa4595955836018673c0949391d3841b5c34270dfefb2763e50f9afe,0,0,0,False,False,abstain,fixed,none,standard,0.5,0.5,0.5,0.5,0.5,0.5
987,numerical_frozen_W,2023-09-15,2023-09-16,mix,-0.0014661102966053001,0.50071810818492746,0.5,-0.00073377273007468879,-0.00073404207305013622,-0.00073305514830265003,0.00071810818492745732,7.1810818492745734e-07,7.3222983930577983e-07,1.0196650792662236,1.0189168768372485,ABSTAIN,0,0.49999999999999989,0.49999999999999989,0.50071810818492746,0.5,-0.00073377273007468879,-0.0006604601935933,-7.3363679542981031e-05,True,,0,[],0,[],0,987,0,0,,491dbcf952bf9611e3ab54e91d1b34818683a400c278740b9b638070c524911c,0,0,0,False,False,abstain,fixed,none,standard,0.49999999999999989,0.5,0.49999999999999989,0.5,0.49999999999999989,0.5
988,numerical_frozen_W,2023-09-16,2023-09-17,mix,-0.0012386115503350999,0.49963320354381813,0.5,-0.00061967234446458352,-0.00061986442072549418,-0.00061930577516754995,0.00036679645618187262,3.6679645618187262e-07,3.7373509956780432e-07,1.0189168768372485,1.0182854822273641,ABSTAIN,0,0.49999999999999994,0.49999999999999994,0.49963320354381813,0.5,-0.00061967234446458352,-0.00055773809712140001,-6.1970729855206495e-05,True,,0,[],0,[],0,988,0,0,,fc25cd35845d39d6b8ef2db8e05aeedc5182e696ec1c95779dc229800d774d9e,0,0,0,False,False,abstain,fixed,none,standard,0.49999999999999994,0.5,0.49999999999999994,0.5,0.49999999999999994,0.5
989,numerical_frozen_W,2023-09-17,2023-09-18,mix,0.0088355805511682994,0.49969015522375687,0.5,0.0044174790619786464,0.004407750640889471,0.0044177902755841497,0.00030984477624312889,3.0984477624312888e-07,3.1551043739236429e-07,1.0182854822273641,1.0227837370242203,ABSTAIN,0,0.49999999999999989,0.49999999999999989,0.49969015522375687,0.5,0.0044174790619786464,0.0039757033011535003,0.00043992956342380537,True,,0,[],0,[],0,989,0,0,,ccc1eff84b7599180ae837d7b4743c7ee01660f90dd403fa15340e4c4fefbec1,0,0,0,False,False,abstain,fixed,none,standard,0.49999999999999989,0.5,0.49999999999999989,0.5,0.49999999999999989,0.5
990,numerical_frozen_W,2023-09-18,2023-09-19,mix,0.0166532777850429,0.50219917962343741,0.5,0.0083244214011233275,0.0082899644957595761,0.0083266388925214499,0.0021991796234374084,2.1991796234374086e-06,2.24928515364683e-06,1.0227837370242203,1.0312978198534257,ABSTAIN,0,0.49999999999999994,0.49999999999999994,0.50219917962343741,0.5,0.0083244214011233275,0.0074917805344447003,0.00082610796880431409,True,,0,[],0,[],0,990,0,0,,9675a6c558c2e73ebd9825efa835d680c8659cf0ac6aad68f1b3ec13e6b98604,0,0,0,False,False,abstain,fixed,none,standard,0.49999999999999994,0.5,0.49999999999999994,0.5,0.49999999999999994,0.5
991,numerical_frozen_W,2023-09-19,2023-09-20,mix,-0.0030945415521220002,0.50412893926003333,0.5,-0.0015513933267339297,-0.001552597983453188,-0.0015472707760610001,0.0041289392600333263,4.1289392600333266e-06,4.2581660571795864e-06,1.0312978198534257,1.02969787129783,ABSTAIN,0,0.49999999999999983,0.49999999999999983,0.50412893926003333,0.5,-0.0015513933267339297,-0.0013966290297082,-0.0001549927583939677,True,,0,[],0,[],0,991,0,0,,ec20f6fb831e03b48e70c3d93ef8440061b4afe6b3f6cb7f5e2cb0652b2d64bd,0,0,0,False,False,abstain,fixed,none,standard,0.49999999999999983,0.5,0.49999999999999983,0.5,0.49999999999999983,0.5
992,numerical_frozen_W,2023-09-20,2023-09-21,mix,-0.020460829493087501,0.49922516573355274,0.5,-0.010231181653934218,-0.010283879944955641,-0.010230414746543751,0.00077483426644725517,7.7483426644725518e-07,7.9784519476935415e-07,1.02969787129783,1.0191628453279125,ABSTAIN,0,0.49999999999999994,0.49999999999999994,0.49922516573355274,0.5,-0.010231181653934218,-0.0092081331772064998,-0.00103308984711061,True,,0,[],0,[],0,992,0,0,,27d4d7859920b43ffd7b3adad81bdc6f3f1390466d831187ea233395f157fb5e,0,0,0,False,False,abstain,fixed,none,standard,0.49999999999999994,0.5,0.49999999999999994,0.5,0.49999999999999994,0.5
993,numerical_frozen_W,2023-09-21,2023-09-22,mix,0.00044787354158820001,0.49483192103547818,0.5,0.00021876753450666975,0.00021874360837903571,0.00022393677079410001,0.0051680789645218161,5.1680789645218164e-06,5.2671140623613852e-06,1.0191628453279125,1.0193858050708458,ABSTAIN,0,0.49999999999999989,0.49999999999999989,0.49483192103547818,0.5,0.00021876753450666975,0.00019643094835929999,2.2331950052407459e-05,True,,0,[],0,[],0,993,0,0,,a0d93b902bd035978b6f7be6becf1dc8bef7dfc8b03196e35e95640386356371,0,0,0,False,False,abstain,fixed,none,standard,0.49999999999999989,0.5,0.49999999999999989,0.5,0.49999999999999989,0.5
994,numerical_frozen_W,2023-09-22,2023-09-23,mix,-0.00010157287477570001,0.50011194331717213,0.5,-5.0898375019814424e-05,-5.0899670386059133e-05,-5.0786437387850003e-05,0.00011194331717212513,1.1194331717212514e-07,1.1411342849780782e-07,1.0193858050708458,1.0193339199898495,ABSTAIN,0,0.49999999999999972,0.49999999999999972,0.50011194331717213,0.5,-5.0898375019814424e-05,-4.581861494878936e-05,-5.080005732467722e-06,True,,0,[],0,[],0,994,0,0,,b3f9b62d9ee98d6b14f1f3472add18817be7fb8dce359e3183341160d920f10c,0,0,0,False,False,abstain,fixed,none,standard,0.49999999999999972,0.5,0.49999999999999972,0.5,0.49999999999999972,0.5
995,numerical_frozen_W,2023-09-23,2023-09-24,mix,-0.012329189742354901,0.49997460549160944,0.5,-0.0061646201091389852,-0.0061836998329317114,-0.0061645948711774503,2.5394508390563786e-05,2.5394508390563787e-08,2.588548378396851e-08,1.0193339199898495,1.0130501136087526,ABSTAIN,0,0.5,0.5,0.49997460549160944,0.5,-0.0061646201091389852,-0.0055481603850128002,-0.0006200912401704891,True,,0,[],0,[],0,995,0,0,,723e18a9445cc6102fe418c5f2e8f61010ce7cf93c3aa6aa229cf97ca14204b7,0,0,0,False,False,abstain,fixed,none,standard,0.5,0.5,0.5,0.5,0.5,0.5
996,numerical_frozen_W,2023-09-24,2023-09-25,mix,0.0019503647410623001,0.49689858358870886,0.5,0.00097207792967313189,0.00097160576788304942,0.00097518237053115004,0.0031014164112911358,3.1014164112911358e-06,3.1418902478065353e-06,1.0130501136087526,1.0140348772658445,ABSTAIN,0,0.49999999999999983,0.49999999999999983,0.49689858358870886,0.5,0.00097207792967313189,0.00087459294145790002,9.7395059982161611e-05,True,,0,[],0,[],0,996,0,0,,ec96cccf15271f0405956020607010d362736c98b845799e023590107fe12b08,0,0,0,False,False,abstain,fixed,none,standard,0.49999999999999983,0.5,0.49999999999999983,0.5,0.49999999999999983,0.5
997,numerical_frozen_W,2023-09-25,2023-09-26,mix,-0.0031859847087941,0.50048711615817576,0.5,-0.0015934786945829282,-0.001594749632078625,-0.00159299235439705,0.00048711615817575993,4.8711615817575989e-07,4.9395277366996648e-07,1.0140348772658445,1.0124190342933574,ABSTAIN,0,0.49999999999999994,0.49999999999999994,0.50048711615817576,0.5,-0.0015934786945829282,-0.0014341747194817,-0.00015954549967754725,True,,0,[],0,[],0,997,0,0,,abf4829b07f1a4971c3e9ac18b33b786c9421db8f3e8fff58957d9eb11dff29a,0,0,0,False,False,abstain,fixed,none,standard,0.49999999999999994,0.5,0.49999999999999994,0.5,0.49999999999999994,0.5
998,numerical_frozen_W,2023-09-26,2023-09-27,mix,0.0056142706215743998,0.49920223298604766,0.5,0.0028063353043332739,0.0028024048970564709,0.0028071353107871999,0.00079776701395234406,7.9776701395234412e-07,8.0767450985672764e-07,1.0124190342933574,1.0152602215720739,ABSTAIN,0,0.49999999999999989,0.49999999999999989,0.49920223298604766,0.5,0.0028063353043332739,0.0025256301213354001,0.00027995881945829361,True,,0,[],0,[],0,998,0,0,,4ab4cc891372274a4d5d37f877d563f2816445a5ee3e83276c1b6b8bac8882ae,0,0,0,False,False,abstain,fixed,none,standard,0.49999999999999989,0.5,0.49999999999999989,0.5,0.49999999999999989,0.5
999,numerical_frozen_W,2023-09-27,2023-09-28,mix,0.0248993973321802,0.50139963868023196,0.5,0.012448281602330136,0.01237143879500149,0.0124496986660901,0.0013996386802319627,1.3996386802319628e-06,1.4209974766131474e-06,1.0152602215720739,1.0278984667098472,ABSTAIN,0,0.49999999999999994,0.49999999999999994,0.50139963868023196,0.5,0.012448281602330136,0.0112033272391061,0.0012304040031846479,True,,0,[],0,[],0,999,0,0,,ce504f65c0eaa97bb60d7b52dc2170286d668639efd08b2338430cdedb3b2c68,0,0,0,False,False,abstain,fixed,none,standard,0.49999999999999994,0.5,0.49999999999999994,0.5,0.49999999999999994,0.5
1000,numerical_frozen_W,2023-09-28,2023-09-29,mix,-0.0041742837476777999,0.50614830479108874,0.5,-0.0020932773462455367,-0.0020954713135257095,-0.0020871418738388999,0.0061483047910887434,6.1483047910887438e-06,6.3198330676249263e-06,1.0278984667098472,1.0257467901352428,ABSTAIN,0,0.49999999999999989,0.49999999999999989,0.50614830479108874,0.5,-0.0020932773462455367,-0.0018845105544087999,-0.00020918283507318489,True,,0,[],0,[],0,1000,0,0,,ceb21fc98cc094391929066ee4e25a7aad90200849d5175a2c0fab0d8c416c9f,0,0,0,False,False,abstain,fixed,none,standard,0.49999999999999989,0.5,0.49999999999999989,0.5,0.49999999999999989,0.5
1001,numerical_frozen_W,2023-09-29,2023-09-30,mix,0.0019658265761917002,0.49895424642700859,0.5,0.00098186650663789621,0.00098138479101397206,0.0009829132880958501,0.0010457535729914147,1.0457535729914147e-06,1.0726783707684052e-06,1.0257467901352428,1.026753936552768,ABSTAIN,0,0.49999999999999972,0.49999999999999972,0.49895424642700859,0.5,0.00098186650663789621,0.00088358596408250002,9.8188959216073462e-05,True,,0,[],0,[],0,1001,0,0,,e953854f261af163aa86122fb30d4d1fa8f1a40c2b94d21ab5eb2dec746e6c71,0,0,0,False,False,abstain,fixed,none,standard,0.49999999999999972,0.5,0.49999999999999972,0.5,0.49999999999999972,0.5
1002,numerical_frozen_W,2023-09-30,2023-10-01,mix,0.037525915431318099,0.50049097405912113,0.5,0.018762457529474252,0.018588613747961651,0.01876295771565905,0.00049097405912112979,4.909740591211298e-07,5.0410954794791148e-07,1.026753936552768,1.0460183636805598,ABSTAIN,0,0.49999999999999989,0.49999999999999989,0.50049097405912113,0.5,0.018762457529474252,0.016886167623230999,0.0018434325201318047,True,,0,[],0,[],0,1002,0,0,,aa2f07707a223f8642287efb87c9b6da5fa2906923c91d13f801636d63a2781a,0,0,0,False,False,abstain,fixed,none,standard,0.49999999999999989,0.5,0.49999999999999989,0.5,0.49999999999999989,0.5
1003,numerical_frozen_W,2023-10-01,2023-10-02,mix,-0.016772417737582399,0.50920869647524813,0.5,-0.0083953403392144077,-0.0084307796986354544,-0.0083862088687911996,0.0092086964752481348,9.2086964752481345e-06,9.6324656186699922e-06,1.0460183636805598,1.0372366835163933,ABSTAIN,0,0.49999999999999989,0.49999999999999989,0.50920869647524813,0.5,-0.0083953403392144077,-0.0075566524774477997,-0.00084543106687408939,True,,0,[],0,[],0,1003,0,0,,5427af459c28ec5b0589ea0fbfa9530ef4bfe9b3eb111a82d9f2c7ee225b7294,0,0,0,False,False,abstain,fixed,none,standard,0.49999999999999989,0.5,0.49999999999999989,0.5,0.49999999999999989,0.5
1004,numerical_frozen_W,2023-10-02,2023-10-03,mix,-0.0027958248046738,0.49577143392730327,0.5,-0.0014021350572446245,-0.0014031189684291228,-0.0013979124023369,0.0042285660726967267,4.2285660726967272e-06,4.3860238492738936e-06,1.0372366835163933,1.0357823375997748,ABSTAIN,0,0.5,0.5,0.49577143392730327,0.5,-0.0014021350572446245,-0.0012622986427166,-0.00014002295569746307,True,,0,[],0,[],0,1004,0,0,,9d2a87c5637c07d96f89044058ec13325513fb9cca46c5b0d89f4c7b54759c5b,0,0,0,False,False,abstain,fixed,none,standard,0.5,0.5,0.5,0.5,0.5,0.5
1005,numerical_frozen_W,2023-10-03,2023-10-04,mix,0.013216228434761,0.49930006535150562,0.5,0.0066074096574837426,0.0065856764074227426,0.0066081142173804999,0.00069993464849438247,6.999346484943825e-07,7.2497994638458815e-07,1.0357823375997748,1.0426261758202826,ABSTAIN,0,0.49999999999999994,0.49999999999999994,0.49930006535150562,0.5,0.0066074096574837426,0.0059466058368095997,0.00065668184737733854,True,,0,[],0,[],0,1005,0,0,,dd0a4753eb8a9be5f179ee0c9e4c27ba98d4d15541191b2aaf81a936ccd61154,0,0,0,False,False,abstain,fixed,none,standard,0.49999999999999994,0.5,0.49999999999999994,0.5,0.49999999999999994,0.5
1006,numerical_frozen_W,2023-10-04,2023-10-05,mix,-0.013695130420389501,0.50328236685361827,0.5,-0.0068508251008272403,-0.0068743997352681031,-0.0068475652101947504,0.0032823668536182682,3.2823668536182685e-06,3.4222816002272683e-06,1.0426261758202826,1.0354833262441936,ABSTAIN,0,0.49999999999999994,0.49999999999999994,0.50328236685361827,0.5,-0.0068508251008272403,-0.0061660403275319003,-0.00068927087350886297,True,,0,[],0,[],0,1006,0,0,,cc8d17165ba67e9ecfe42caf6eb74825159508fe02afc3bc6be757d52885968d,0,0,0,False,False,abstain,fixed,none,standard,0.49999999999999994,0.5,0.49999999999999994,0.5,0.49999999999999994,0.5
1007,numerical_frozen_W,2023-10-05,2023-10-06,mix,0.019211756164653399,0.49655261117511934,0.5,0.0096023975783050552,0.0095565875824049611,0.0096058780823266993,0.0034473888248806595,3.4473888248806597e-06,3.5697136472444871e-06,1.0354833262441936,1.0454264488284961,ABSTAIN,0,0.49999999999999994,0.49999999999999994,0.49655261117511934,0.5,0.0096023975783050552,0.0086418502253542001,0.0009518644004769556,True,,0,[],0,[],0,1007,0,0,,336f2f24024a0d5bf4a6c6f910dcee5bfa04464e797b923015ce2b74971fa20a,0,0,0,False,False,abstain,fixed,none,standard,0.49999999999999994,0.5,0.49999999999999994,0.5,0.49999999999999994,0.5
1008,numerical_frozen_W,2023-10-06,2023-10-07,mix,0.00086623784313920001,0.50475724155874191,0.5,0.00042835961955955959,0.00042826789976949315,0.00043311892156960001,0.0047572415587419092,4.7572415587419095e-06,4.9733461489748938e-06,1.0454264488284961,1.0458742673043937,ABSTAIN,0,0.49999999999999983,0.49999999999999983,0.50475724155874191,0.5,0.00042835961955955959,0.00038509103738450001,4.3250990908320723e-05,True,,0,[],0,[],0,1008,0,0,,222bd8a7c814561a340b732e096fa517c6a3b3a5de958adc841cdf20282598cd,0,0,0,False,False,abstain,fixed,none,standard,0.49999999999999983,0.5,0.49999999999999983,0.5,0.49999999999999983,0.5
1009,numerical_frozen_W,2023-10-07,2023-10-08,mix,-0.0013733365282481,0.50021646570539191,0.5,-0.0006868845811892621,-0.00068712059448531779,-0.00068666826412404998,0.00021646570539191057,2.1646570539191057e-07,2.263959110232932e-07,1.0458742673043937,1.0451558723963197,ABSTAIN,0,0.49999999999999983,0.49999999999999983,0.50021646570539191,0.5,-0.0006868845811892621,-0.00061821561559400001,-6.8713804822378641e-05,True,,0,[],0,[],0,1009,0,0,,871f1a596642df2902da2cbc84aa986ad71c8d652f07dc6de53a8a9c3c561827,0,0,0,False,False,abstain,fixed,none,standard,0.49999999999999983,0.5,0.49999999999999983,0.5,0.49999999999999983,0.5
1010,numerical_frozen_W,2023-10-08,2023-10-09,mix,-0.012223030007843,0.49965642994928761,0.5,-0.0061118564742387305,-0.0061306103219498677,-0.0061115150039214999,0.00034357005071239399,3.4357005071239401e-07,3.5908425608155995e-07,1.0451558723963197,1.0387680297110256,ABSTAIN,0,0.49999999999999994,0.49999999999999994,0.49965642994928761,0.5,-0.0061118564742387305,-0.0055007017437750999,-0.00061472400887974121,True,,0,[],0,[],0,1010,0,0,,aede633f49b66c7326e6e1224008b1157c0d7b5c5da5deee498802c15b3e2039,0,0,0,False,False,abstain,fixed,none,standard,0.49999999999999994,0.5,0.49999999999999994,0.5,0.49999999999999994,0.5
1011,numerical_frozen_W,2023-10-09,2023-10-10,mix,-0.0069032028831024,0.49692545235397029,0.5,-0.0034546653770841651,-0.0034606465127057953,-0.0034516014415512,0.0030745476460297128,3.0745476460297129e-06,3.1937418005189564e-06,1.0387680297110256,1.035179433763961,ABSTAIN,0,0.49999999999999994,0.49999999999999994,0.49692545235397029,0.5,-0.0034546653770841651,-0.0031094737794707,-0.0003463282745577727,True,,0,[],0,[],0,1011,0,0,,0fe9bb2b507260992448a08f4bc1be2a5b01a7f042e7e732781f164545b8d2d9,0,0,0,False,False,abstain,fixed,none,standard,0.49999999999999994,0.5,0.49999999999999994,0.5,0.49999999999999994,0.5
1012,numerical_frozen_W,2023-10-10,2023-10-11,mix,-0.018779891205140401,0.49826822187133907,0.5,-0.0093916611193964883,-0.0094360408535344338,-0.0093899456025702006,0.0017317781286609324,1.7317781286609323e-06,1.7927011026320363e-06,1.035179433763961,1.0254573793242812,ABSTAIN,0,0.49999999999999989,0.49999999999999989,0.49826822187133907,0.5,-0.0093916611193964883,-0.0084526504252491995,-0.00094746418746143209,True,,0,[],0,[],0,1012,0,0,,91251a76f00ff29011979f2d38539054402f2e6678a6444cc402790c7860c505,0,0,0,False,False,abstain,fixed,none,standard,0.49999999999999989,0.5,0.49999999999999989,0.5,0.49999999999999989,0.5
1013,numerical_frozen_W,2023-10-11,2023-10-12,mix,-0.0042974185722896002,0.49526052377477536,0.5,-0.0021534385786133869,-0.0021557605615666591,-0.0021487092861448001,0.004739476225224637,4.7394762252246371e-06,4.8601308692885929e-06,1.0254573793242812,1.0232491198429206,ABSTAIN,0,0.49999999999999989,0.49999999999999989,0.49526052377477536,0.5,-0.0021534385786133869,-0.0019385169304692001,-0.00021536227539951003,True,,0,[],0,[],0,1013,0,0,,351a2059f4e28e3dbc636efaebb29e73f647872c75a96ff90cfdebde3bcd2f41,0,0,0,False,False,abstain,fixed,none,standard,0.49999999999999989,0.5,0.49999999999999989,0.5,0.49999999999999989,0.5
1014,numerical_frozen_W,2023-10-12,2023-10-13,mix,0.0038264495854055999,0.49892333191020494,0.5,0.0019121460647049116,0.0019103202405430209,0.0019132247927027999,0.0010766680897950631,1.0766680897950632e-06,1.1016996752457568e-06,1.0232491198429206,1.0252057216206409,ABSTAIN,0,0.49999999999999983,0.49999999999999983,0.49892333191020494,0.5,0.0019121460647049116,0.0017208348065156,0.00019096437381212476,True,,0,[],0,[],0,1014,0,0,,585d91ed59f6222a009daf24e2a75a93a665f7bf91b60ef78f651ca55ceddfc9,0,0,0,False,False,abstain,fixed,none,standard,0.49999999999999983,0.5,0.49999999999999983,0.5,0.49999999999999983,0.5
1015,numerical_frozen_W,2023-10-13,2023-10-14,mix,-0.00039830997450069998,0.50095478567672302,0.5,-0.00020010958277671964,-0.00020012960737073249,-0.00019915498725034999,0.0009547856767230245,9.5478567672302444e-07,9.788517386978803e-07,1.0252057216206409,1.0250005681314271,ABSTAIN,0,0.5,0.5,0.50095478567672302,0.5,-0.00020010958277671964,-0.00018018473742339999,-1.9928634727277143e-05,True,,0,[],0,[],0,1015,0,0,,ebf0dd5ed209055ba98db0d81bd41dbb07bcbefe4f989f5c40e64646602af5b6,0,0,0,False,False,abstain,fixed,none,standard,0.5,0.5,0.5,0.5,0.5,0.5
1016,numerical_frozen_W,2023-10-14,2023-10-15,mix,0.0114848358457964,0.49990040267107,0.5,0.0057423177536397585,0.0057258934926025604,0.0057424179228982002,9.9597328930001172e-05,9.9597328930001175e-08,1.0208731873762383e-07,1.0250005681314271,1.0308864470912991,ABSTAIN,0,0.49999999999999994,0.49999999999999994,0.49990040267107,0.5,0.0057423177536397585,0.0051680770216377004,0.00057112514720004601,True,,0,[],0,[],0,1016,0,0,,a88aeea080d5b27e447b93283c1774b7ca6c02947b297a53bb96d05fd82dac08,0,0,0,False,False,abstain,fixed,none,standard,0.49999999999999994,0.5,0.49999999999999994,0.5,0.49999999999999994,0.5
1017,numerical_frozen_W,2023-10-15,2023-10-16,mix,0.0496480273331074,0.50285481541822497,0.5,0.024821087983158518,0.024518049045928862,0.0248240136665537,0.0028548154182249652,2.8548154182249652e-06,2.9429905235953952e-06,1.0308864470912991,1.0564741702951979,ABSTAIN,0,0.49999999999999978,0.49999999999999978,0.50285481541822497,0.5,0.024821087983158518,0.0223387212385774,0.0024251823917906153,True,,0,[],0,[],0,1017,0,0,,48a676d8a610526c723aa716109d37f16a4a985409c76b3760f69052136a3b01,0,0,0,False,False,abstain,fixed,none,standard,0.49999999999999978,0.5,0.49999999999999978,0.5,0.49999999999999978,0.5
1018,numerical_frozen_W,2023-10-16,2023-10-17,mix,-0.0037215403880083001,0.51211135440598232,0.5,-0.0018728590119627686,-0.0018746150052298507,-0.0018607701940041501,0.012111354405982322,1.2111354405982322e-05,1.2795333097211262e-05,1.0564741702951979,1.0544955431244547,ABSTAIN,0,0.49999999999999994,0.49999999999999994,0.51211135440598232,0.5,-0.0018728590119627686,-0.0016866924008674001,-0.00018649853720075979,True,,0,[],0,[],0,1018,0,0,,4bbcfe3567aceea304efc13a143a7aa8843e263b58579a0e0e5d1f78fcfa4d09,0,0,0,False,False,abstain,fixed,none,standard,0.49999999999999994,0.5,0.49999999999999994,0.5,0.49999999999999994,0.5
1019,numerical_frozen_W,2023-10-17,2023-10-18,mix,-0.0028834373107633001,0.49906788044270844,0.5,-0.0014426494310848526,-0.0014436910516914703,-0.00144171865538165,0.00093211955729155527,9.3211955729155524e-07,9.8291591882308487e-07,1.0544955431244547,1.0529742757290848,ABSTAIN,0,0.5,0.5,0.49906788044270844,0.5,-0.0014426494310848526,-0.0012984682190547,-0.00014437909231974542,True,,0,[],0,[],0,1019,0,0,,476c8c00727c70066e07c2cc1005ce46ce4c7bc7d2811ff33c70afe097627a25,0,0,0,False,False,abstain,fixed,none,standard,0.5,0.5,0.5,0.5,0.5,0.5
1020,numerical_frozen_W,2023-10-18,2023-10-19,bull,0.014169347179018001,0.49927809989546112,0.5,0.0070839465749776842,0.0070589732956621342,0.0070846735895090003,0.0007219001045388751,7.2190010453887514e-07,7.601422397255725e-07,1.0529742757290848,1.0604334892431755,ABSTAIN,0,0.5,0.5,0.49927809989546112,0.5,0.0070839465749776842,0.0063754870963290003,0.00070372364701109906,True,,0,[],0,[],0,1020,0,0,,ac276823ac7cca32ccadb2afc2f95605ba17456ebc8ee934b35ee2c5bdf344fe,0,0,0,False,False,abstain,fixed,none,standard,0.5,0.5,0.5,0.5,0.5,0.5
1021,numerical_frozen_W,2023-10-19,2023-10-20,mix,0.033126762524805897,0.5035174170431258,0.5,0.016559805585040221,0.016424187166228944,0.016563381262402949,0.0035174170431258034,3.5174170431258035e-06,3.7299868281653086e-06,1.0604334892431755,1.0779940616609083,ABSTAIN,0,0.5,0.5,0.5035174170431258,0.5,0.016559805585040221,0.014903506495377,0.0016306466839181594,True,,0,[],0,[],0,1021,0,0,,646344ecbf3e08275a53bc6823ee18c3db84f616cc27b5c03f7f98b9f49233ba,0,0,0,False,False,abstain,fixed,none,standard,0.5,0.5,0.5,0.5,0.5,0.5
1022,numerical_frozen_W,2023-10-20,2023-10-21,mix,0.0080338337629952006,0.50814675285757105,0.5,0.0040087374038109136,0.004000723825107271,0.0040169168814976003,0.0081467528575710491,8.1467528575710485e-06,8.7821512022806256e-06,1.0779940616609083,1.0823154567769744,ABSTAIN,0,0.49999999999999989,0.49999999999999989,0.50814675285757105,0.5,0.0040087374038109136,0.0036071175399864999,0.00040009633137029358,True,,0,[],0,[],0,1022,0,0,,58e6ea57447050837671756d73da38b5d9272be59b5cb934b2d1b71ebf5e0f82,0,0,0,False,False,abstain,fixed,none,standard,0.49999999999999989,0.5,0.49999999999999989,0.5,0.49999999999999989,0.5
1023,numerical_frozen_W,2023-10-21,2023-10-22,bull,0.0023835870142979998,0.50200042290819868,0.5,0.0011897907001499064,0.0011890834601176483,0.0011917935071489999,0.0020004229081986846,2.0004229081986847e-06,2.1650886336341829e-06,1.0823154567769744,1.083603185642076,ABSTAIN,0,0.49999999999999989,0.49999999999999989,0.50200042290819868,0.5,0.0011897907001499064,0.0010706308200276,0.0001190253565243177,True,,0,[],0,[],0,1023,0,0,,6a61b0e581ad59cea41439d3a2580acf8b9042e84923b6c37f74980f9ba0bfcd,0,0,0,False,False,abstain,fixed,none,standard,0.49999999999999989,0.5,0.49999999999999989,0.5,0.49999999999999989,0.5
1024,numerical_frozen_W,2023-10-22,2023-10-23,bull,0.1019737061519068,0.50059518741308007,0.5,0.05098622754180715,0.049728987662243387,0.050986853075953402,0.00059518741308006717,5.9518741308006718e-07,6.4494697686762697e-07,1.083603185642076,1.13885202423025,ABSTAIN,0,0.49999999999999994,0.49999999999999994,0.50059518741308007,0.5,0.05098622754180715,0.045887551420511201,0.0048631312204927002,True,,0,[],0,[],0,1024,0,0,,c218a0e90175b64c9c6cdad11dddc2aff6b03a65c9ce376cf30f0ce77711ce43,0,0,0,False,False,abstain,fixed,none,standard,0.49999999999999994,0.5,0.49999999999999994,0.5,0.49999999999999994,0.5
1025,numerical_frozen_W,2023-10-23,2023-10-24,bull,0.026487661083839101,0.524256655983245,0.5,0.013219252634894874,0.013132640775840788,0.013243830541919551,0.024256655983245001,2.4256655983245001e-05,2.7624741767575377e-05,1.13885202423025,1.1539067968523111,ABSTAIN,0,0.49999999999999989,0.49999999999999989,0.524256655983245,0.5,0.013219252634894874,0.011895028699999401,0.0013078018715690868,True,,0,[],0,[],0,1025,0,0,,394ef845d2d7cf450d0905ce2dac20b17c23802d8033659c4f0bca66879d30d2,0,0,0,False,False,abstain,fixed,none,standard,0.49999999999999989,0.5,0.49999999999999989,0.5,0.49999999999999989,0.5
1026,numerical_frozen_W,2023-10-24,2023-10-25,bull,0.017094672288233002,0.50653536204352523,0.5,0.0085407449221366338,0.0085044791053179355,0.0085473361441165008,0.006535362043525228,6.535362043525228e-06,7.5411986819143709e-06,1.1539067968523111,1.1637620204681465,ABSTAIN,0,0.49999999999999983,0.49999999999999983,0.50653536204352523,0.5,0.0085407449221366338,0.0076860742171012001,0.00084779227030780651,True,,0,[],0,[],0,1026,0,0,,8b80eee2c3dc8223d810f3bcaffb39aee942b4d62712774cebb8185ec82a2645,0,0,0,False,False,abstain,fixed,none,standard,0.49999999999999983,0.5,0.49999999999999983,0.5,0.49999999999999983,0.5
1027,numerical_frozen_W,2023-10-25,2023-10-26,bull,-0.0099458500498597995,0.504237449169612,0.5,-0.0049771414015824522,-0.0049895686216840252,-0.0049729250249298997,0.0042374491696119954,4.2374491696119951e-06,4.9313824072587255e-06,1.1637620204681465,1.1579698123344853,ABSTAIN,0,0.49999999999999989,0.49999999999999989,0.504237449169612,0.5,-0.0049771414015824522,-0.0044798123638750999,-0.00049969182931902927,True,,0,[],0,[],0,1027,0,0,,5497e2997b664eae967852b5377fc00d31aa0214e8a48ceffb44cc60298446dd,0,0,0,False,False,abstain,fixed,none,standard,0.49999999999999989,0.5,0.49999999999999989,0.5,0.49999999999999989,0.5
1028,numerical_frozen_W,2023-10-26,2023-10-27,bull,-0.0073754820121975997,0.49750111069839253,0.5,-0.0036902306801438467,-0.0036970563788227694,-0.0036877410060987999,0.0024988893016074654,2.4988893016074653e-06,2.8936383756270497e-06,1.1579698123344853,1.1536966366063282,ABSTAIN,0,0.5,0.5,0.49750111069839253,0.5,-0.0036902306801438467,-0.0033214313634223999,-0.00037009681783606741,True,,0,[],0,[],0,1028,0,0,,157931d9e4ba9ee8b4f90a0961a49af6bcf80b4788029909831a6f8c1901f8b4,0,0,0,False,False,abstain,fixed,none,standard,0.5,0.5,0.5,0.5,0.5,0.5
1029,numerical_frozen_W,2023-10-27,2023-10-28,bull,0.0053330501625281001,0.49814930461167728,0.5,0.00266466945095023,0.0026611255135273464,0.0026665250812640501,0.0018506953883227206,1.8506953883227207e-06,2.1351410448907652e-06,1.1536966366063282,1.1567708567895572,ABSTAIN,0,0.49999999999999983,0.49999999999999983,0.49814930461167728,0.5,0.00266466945095023,0.0023980366672250999,0.0002659595477819362,True,,0,[],0,[],0,1029,0,0,,da685a3674298c2119117aa059dd5e4c868a502ce88f5c67a28113e672def63c,0,0,0,False,False,abstain,fixed,none,standard,0.49999999999999983,0.5,0.49999999999999983,0.5,0.49999999999999983,0.5
1030,numerical_frozen_W,2023-10-28,2023-10-29,bull,0.0130301092052835,0.50132971681738747,0.5,0.0065137162226467371,0.0064925936478210889,0.00651505460264175,0.0013297168173874718,1.3297168173874719e-06,1.5381776621367888e-06,1.1567708567895572,1.1643057338853122,ABSTAIN,0,0.49999999999999989,0.49999999999999989,0.50132971681738747,0.5,0.0065137162226467371,0.0058622246515975,0.00064748497592053041,True,,0,[],0,[],0,1030,0,0,,9562fcc89e98c3d664e3a8c37ebd9d07257912b1dbf82dfcbc3793238ea3ca19,0,0,0,False,False,abstain,fixed,none,standard,0.49999999999999989,0.5,0.49999999999999989,0.5,0.49999999999999989,0.5
1031,numerical_frozen_W,2023-10-29,2023-10-30,bull,-0.0014133989057742,0.50323644170688231,0.5,-0.00070993360740245759,-0.0007101857295996601,-0.00070669945288709998,0.0032364417068823093,3.2364417068823093e-06,3.7682076367086396e-06,1.1643057338853122,1.1634791541155356,ABSTAIN,0,0.49999999999999989,0.49999999999999989,0.50323644170688231,0.5,-0.00070993360740245759,-0.00063923362098570005,-7.0747711693296762e-05,True,,0,[],0,[],0,1031,0,0,,88322b5ee91c96c0568edcfab8e23c019dda6e6e6023edc1fabcfd5b8dd3ce2b,0,0,0,False,False,abstain,fixed,none,standard,0.49999999999999989,0.5,0.49999999999999989,0.5,0.49999999999999989,0.5
1032,numerical_frozen_W,2023-10-30,2023-10-31,bull,0.0050090057689127004,0.49964640038490193,0.5,0.0025041483992500613,0.0025010182441402508,0.0025045028844563502,0.00035359961509806581,3.5359961509806584e-07,4.1140578106987662e-07,1.1634791541155356,1.1663926785768748,ABSTAIN,0,0.5,0.5,0.49964640038490193,0.5,0.0025041483992500613,0.0022537017681402999,0.00024985225262164979,True,,0,[],0,[],0,1032,0,0,,9f6cf05f9dcb1ec867aceb4f66049b7ab529c07466e92ffd97617595f4d45c73,0,0,0,False,False,abstain,fixed,none,standard,0.5,0.5,0.5,0.5,0.5,0.5
1033,numerical_frozen_W,2023-10-31,2023-11-01,bull,0.022314187921709899,0.50124912301004643,0.5,0.011155830901262043,0.011094063572425263,0.011157093960854949,0.0012491230100464268,1.2491230100464268e-06,1.4569679335600603e-06,1.1663926785768748,1.1794047580635485,ABSTAIN,0,0.49999999999999989,0.49999999999999989,0.50124912301004643,0.5,0.011155830901262043,0.0100401352033729,0.0011039956836619534,True,,0,[],0,[],0,1033,0,0,,f3030757e914f72519f206dc6ee9b781f34d35bdfe8989a1884a59afd1f735f5,0,0,0,False,False,abstain,fixed,none,standard,0.49999999999999989,0.5,0.49999999999999989,0.5,0.49999999999999989,0.5
1034,numerical_frozen_W,2023-11-01,2023-11-02,bull,-0.013900259147804499,0.50551699336704992,0.5,-0.0069556082234505379,-0.0069799112266741318,-0.0069501295739022497,0.0055169933670499161,5.5169933670499165e-06,6.5067682273037081e-06,1.1794047580635485,1.1712012806295851,ABSTAIN,0,0.5,0.5,0.50551699336704992,0.5,-0.0069556082234505379,-0.0062605502710900004,-0.00069968153172574651,True,,0,[],0,[],0,1034,0,0,,a3ca00d4fe5e36cc3313c11720e8378254c5ba4611f4c2a519c6e717b861f0de,0,0,0,False,False,abstain,fixed,none,standard,0.5,0.5,0.5,0.5,0.5,0.5
1035,numerical_frozen_W,2023-11-02,2023-11-03,bull,-0.0060890774489429002,0.49650061402710821,0.5,-0.0030480274564281817,-0.0030526821529506618,-0.0030445387244714501,0.0034993859728917887,3.4993859728917887e-06,4.0984853328680694e-06,1.1712012806295851,1.1676314269692223,ABSTAIN,0,0.49999999999999994,0.49999999999999994,0.49650061402710821,0.5,-0.0030480274564281817,-0.0027435373350949998,-0.00030537442157352193,True,,0,[],0,[],0,1035,0,0,,820831120db1737bb5e33f581fc70f67e091f2b4038a4f981cf84af8cb912aa8,0,0,0,False,False,abstain,fixed,none,standard,0.49999999999999994,0.5,0.49999999999999994,0.5,0.49999999999999994,0.5
1036,numerical_frozen_W,2023-11-03,2023-11-04,bull,0.0099974941458063002,0.49847308187640788,0.5,0.0049972125221020569,0.0049847678973439112,0.0049987470729031501,0.0015269181235921248,1.5269181235921249e-06,1.7828775875150399e-06,1.1676314269692223,1.1734663293572727,ABSTAIN,0,0.49999999999999994,0.49999999999999994,0.49847308187640788,0.5,0.0049972125221020569,0.0044973543795227998,0.00049749639647909873,True,,0,[],0,[],0,1036,0,0,,2d7b8155382c0ef355233b21e0f1ffcefd4674dfd3fc5493e83dadabc02de6b6,0,0,0,False,False,abstain,fixed,none,standard,0.49999999999999994,0.5,0.49999999999999994,0.5,0.49999999999999994,0.5
1037,numerical_frozen_W,2023-11-04,2023-11-05,bull,-0.0013232266196693001,0.50248694194269505,0.5,-0.0006640986063833898,-0.00066431921754000502,-0.00066161330983465004,0.0024869419426950534,2.4869419426950534e-06,2.9183426328190094e-06,1.1734663293572727,1.1726870320033087,ABSTAIN,0,0.49999999999999983,0.49999999999999983,0.50248694194269505,0.5,-0.0006640986063833898,-0.00059791380981470005,-6.6226585979774536e-05,True,,0,[],0,[],0,1037,0,0,,5d2ccba0dcf89d7ade76d4d908cfccb58db48b506ab9c8bf7008ffb77d073657,0,0,0,False,False,abstain,fixed,none,standard,0.49999999999999983,0.5,0.49999999999999983,0.5,0.49999999999999983,0.5
1038,numerical_frozen_W,2023-11-05,2023-11-06,bull,0.00064535657378470002,0.49966897433409618,0.5,0.00032234715441159523,0.00032229521172970062,0.00032267828689235001,0.00033102566590381688,3.3102566590381689e-07,3.8818950566566592e-07,1.1726870320033087,1.1730650443310904,ABSTAIN,0,0.5,0.5,0.49966897433409618,0.5,0.00032234715441159523,0.00029008266932300001,3.225460824937004e-05,True,,0,[],0,[],0,1038,0,0,,a5793753f55d47856aba81e8b1907de25881e41d5d6bd21f3a1ea46021cb5745,0,0,0,False,False,abstain,fixed,none,standard,0.5,0.5,0.5,0.5,0.5,0.5
1039,numerical_frozen_W,2023-11-06,2023-11-07,bull,0.010961132355458999,0.50016128709960117,0.5,0.0054804040066853688,0.005465441235772711,0.0054805661777294996,0.0001612870996011706,1.6128709960117062e-07,1.892002586436802e-07,1.1730650443310904,1.1794939147001451,ABSTAIN,0,0.5,0.5,0.50016128709960117,0.5,0.0054804040066853688,0.0049323490929571003,0.00054521632581125672,True,,0,[],0,[],0,1039,0,0,,7a699accfd44ffcd022cb2d4e658382f5b7e29dcceb170af1b48dcd6b1b01712,0,0,0,False,False,abstain,fixed,none,standard,0.5,0.5,0.5,0.5,0.5,0.5
1040,numerical_frozen_W,2023-11-07,2023-11-08,bull,0.0059504150894397999,0.50272534664621293,0.5,0.0029724740896015511,0.0029680650235570862,0.0029752075447198999,0.0027253466462129339,2.7253466462129339e-06,3.2145297846566046e-06,1.1794939147001451,1.1829999298004339,ABSTAIN,0,0.5,0.5,0.50272534664621293,0.5,0.0029724740896015511,0.0026749799970294998,0.00029665641800370908,True,,0,[],0,[],0,1040,0,0,,94f637901b4166e59a663fb2691411ae6bb12dfb150d9fb367b69a81a634b644,0,0,0,False,False,abstain,fixed,none,standard,0.5,0.5,0.5,0.5,0.5,0.5
1041,numerical_frozen_W,2023-11-08,2023-11-09,bull,0.029845469162581299,0.50148319097139171,0.5,0.01492122925705397,0.01481100283890272,0.014922734581290649,0.0014831909713917124,1.4831909713917125e-06,1.7546148150370331e-06,1.1829999298004339,1.2006517429640648,ABSTAIN,0,0.49999999999999989,0.49999999999999989,0.50148319097139171,0.5,0.01492122925705397,0.013428972601808401,0.0014713996854271855,True,,0,[],0,[],0,1041,0,0,,566133960ad22a41e341d59831ba9560c5e92cf8a5d38bed6c530881128283e9,0,0,0,False,False,abstain,fixed,none,standard,0.49999999999999989,0.5,0.49999999999999989,0.5,0.49999999999999989,0.5
1042,numerical_frozen_W,2023-11-09,2023-11-10,bull,0.0164166700726147,0.50735166041356206,0.5,0.0082009230310020609,0.0081674781896819825,0.0082083350363073501,0.0073516604135620556,7.351660413562056e-06,8.8267838892231994e-06,1.2006517429640648,1.2104981954951517,ABSTAIN,0,0.5,0.5,0.50735166041356206,0.5,0.0082009230310020609,0.0073801588253502998,0.00081441948270535164,True,,0,[],0,[],0,1042,0,0,,88d70c3fac03241d7126bcbe57063720d8ee1a537790fb72dc72f5beaeb1d300,0,0,0,False,False,abstain,fixed,none,standard,0.5,0.5,0.5,0.5,0.5,0.5
1043,numerical_frozen_W,2023-11-10,2023-11-11,bull,-0.0040881430447953001,0.5040707534103116,0.5,-0.0020481339548968913,-0.0020502342495253246,-0.00204407152239765,0.0040707534103116005,4.0707534103116008e-06,4.9276396574879276e-06,1.2104981954951517,1.2080189330386166,ABSTAIN,0,0.49999999999999994,0.49999999999999994,0.5040707534103116,0.5,-0.0020481339548968913,-0.0018436902797994001,-0.00020484228088889548,True,,0,[],0,[],0,1043,0,0,,431b783da05d9719f8cce54c075d4c42c773772ba2f64c406d4cbcebb3dc7679,0,0,0,False,False,abstain,fixed,none,standard,0.49999999999999994,0.5,0.49999999999999994,0.5,0.49999999999999994,0.5
1044,numerical_frozen_W,2023-11-11,2023-11-12,bull,-0.0023176000323009002,0.49897587084556128,0.5,-0.001159822958543999,-0.0011604960737048617,-0.0011588000161504501,0.0010241291544387243,1.0241291544387243e-06,1.2371674084388083e-06,1.2080189330386166,1.2066178449457226,ABSTAIN,0,0.49999999999999989,0.49999999999999989,0.49897587084556128,0.5,-0.001159822958543999,-0.0010439326375828999,-0.00011601815892458276,True,,0,[],0,[],0,1044,0,0,,a140ca129c989c0d68661ba9bb888e706be064a0f33ad06338af1f0e94565d78,0,0,0,False,False,abstain,fixed,none,standard,0.49999999999999989,0.5,0.49999999999999989,0.5,0.49999999999999989,0.5
1045,numerical_frozen_W,2023-11-12,2023-11-13,bull,-0.015813017342786999,0.49941992780425498,0.5,-0.0079070841572433936,-0.0079385109195026851,-0.0079065086713934994,0.00058007219574501834,5.8007219574501831e-07,6.9992546274278744e-07,1.2066178449457226,1.197077016100105,ABSTAIN,0,0.49999999999999994,0.49999999999999994,0.49941992780425498,0.5,-0.0079070841572433936,-0.0071164279231517996,-0.00079664044457792606,True,,0,[],0,[],0,1045,0,0,,b953a5c2fcc5000f652f2417522e0014c760a8076079f65771533e396daa1e65,0,0,0,False,False,abstain,fixed,none,standard,0.49999999999999994,0.5,0.49999999999999994,0.5,0.49999999999999994,0.5
1046,numerical_frozen_W,2023-11-13,2023-11-14,bull,-0.025467195565582801,0.49601524012580456,0.5,-0.012737531802336055,-0.012819349674904411,-0.0127335977827914,0.0039847598741954426,3.984759874195443e-06,4.7700644600773101e-06,1.197077016100105,1.1818292095376843,ABSTAIN,0,0.5,0.5,0.49601524012580456,0.5,-0.012737531802336055,-0.0114641346017532,-0.0012889952939465123,True,,0,[],0,[],0,1046,0,0,,e62e365cb053e524073f4602df5a49e93ef93a344871f999cf7e4d6d5b61e227,0,0,0,False,False,abstain,fixed,none,standard,0.5,0.5,0.5,0.5,0.5,0.5
1047,numerical_frozen_W,2023-11-14,2023-11-15,bull,0.065419009657011501,0.49355108319588603,0.5,0.032702844970826206,0.03217948657747885,0.03270950482850575,0.0064489168041139688,6.4489168041139689e-06,7.6215182489803016e-06,1.1818292095376843,1.2204783869591893,ABSTAIN,0,0.50000000000000011,0.50000000000000011,0.49355108319588603,0.5,0.032702844970826206,0.029431990435720898,0.0031723020453999148,True,,0,[],0,[],0,1047,0,0,,4240b6f0b82e73807208bc13395f13696fa8699562eea8d0d9a54526c90c8ec9,0,0,0,False,False,abstain,fixed,none,standard,0.50000000000000011,0.5,0.50000000000000011,0.5,0.50000000000000011,0.5
1048,numerical_frozen_W,2023-11-15,2023-11-16,bull,-0.045246324082704001,0.51583674047521122,0.5,-0.022638640504681229,-0.022898828900029488,-0.022623162041352,0.01583674047521122,1.5836740475211219e-05,1.9328399469877098e-05,1.2204783869591893,1.192848415513087,ABSTAIN,0,0.49999999999999983,0.49999999999999983,0.51583674047521122,0.5,-0.022638640504681229,-0.0203762537876927,-0.0023121154251612083,True,,0,[],0,[],0,1048,0,0,,f1b69363cba7fef1a63806b0140c9f50d4e6e3e860a96da85008a653314907c3,0,0,0,False,False,abstain,fixed,none,standard,0.49999999999999983,0.5,0.49999999999999983,0.5,0.49999999999999983,0.5
1049,numerical_frozen_W,2023-11-16,2023-11-17,bull,0.0120073448889972,0.48842659189233351,0.5,0.0059920295534394707,0.0059741487370551594,0.0060036724444986001,0.011573408107666494,1.1573408107666494e-05,1.3805321523316293e-05,1.192848415513087,1.1999959984716149,ABSTAIN,0,0.49999999999999989,0.49999999999999989,0.48842659189233351,0.5,0.0059920295534394707,0.0053918122193038999,0.00059682029803196594,True,,0,[],0,[],0,1049,0,0,,71ae0577cb91d9fdd038e32a0b4723476b7a02e183b9948d836e61b5ea070ad3,0,0,0,False,False,abstain,fixed,none,standard,0.49999999999999989,0.5,0.49999999999999989,0.5,0.49999999999999989,0.5
1050,numerical_frozen_W,2023-11-17,2023-11-18,bull,-0.00073233247894550005,0.50298392173356099,0.5,-0.00036914906859486507,-0.00036921722088503967,-0.00036616623947275002,0.0029839217335609902,2.9839217335609902e-06,3.5806941400256729e-06,1.1999959984716149,1.1995530210664616,ABSTAIN,0,0.5,0.5,0.50298392173356099,0.5,-0.00036914906859486507,-0.0003325044879465,-3.6657441064416867e-05,True,,0,[],0,[],0,1050,0,0,,2140d3f5bb514f5861c10cfc330675de4797c1a63296e691d4948cb792f4c6ff,0,0,0,False,False,abstain,fixed,none,standard,0.5,0.5,0.5,0.5,0.5,0.5
1051,numerical_frozen_W,2023-11-18,2023-11-19,bull,0.021482911568941599,0.49981684981684976,0.5,0.010741270666988045,0.010683993010711962,0.0107414557844708,0.00018315018315023801,1.8315018315023802e-07,2.1969835550674376e-07,1.1995530210664616,1.2124377447451395,ABSTAIN,0,0.5,0.5,0.49981684981684976,0.5,0.010741270666988045,0.0096671271411842997,0.0010632935679446166,True,,0,[],0,[],0,1051,0,0,,2638b7f9a028d313f7e53b7193b240d99a7cf560f63202f4deea08be040aca4a,0,0,0,False,False,abstain,fixed,none,standard,0.5,0.5,0.5,0.5,0.5,0.5
1052,numerical_frozen_W,2023-11-19,2023-11-20,bull,0.0026743980596559002,0.5053136515391734,0.5,0.0013318782728790612,0.0013309921097658395,0.0013371990298279501,0.0053136515391734029,5.313651539173403e-06,6.4424716885169395e-06,1.2124377447451395,1.2140525642345841,ABSTAIN,0,0.49999999999999994,0.49999999999999994,0.5053136515391734,0.5,0.0013318782728790612,0.0011982066777098,0.00013350270877063503,True,,0,[],0,[],0,1052,0,0,,9c2131c5ffa95699643df4c830fe8915800d9ac5907827af61fa815b11a72e57,0,0,0,False,False,abstain,fixed,none,standard,0.49999999999999994,0.5,0.49999999999999994,0.5,0.49999999999999994,0.5
1053,numerical_frozen_W,2023-11-20,2023-11-21,bull,-0.043800278207192199,0.50066770665821847,0.5,-0.021900792187385609,-0.022144174610755171,-0.021900139103596099,0.00066770665821846986,6.677066582184699e-07,8.1063098056663842e-07,1.2140525642345841,1.1874638513207199,ABSTAIN,0,0.5,0.5,0.50066770665821847,0.5,-0.021900792187385609,-0.019710773280398601,-0.0022365530568647096,True,,0,[],0,[],0,1053,0,0,,e70912543e3fac47acac657c53bb767bc624f33d9ce3d62293cbd7eafaefc08e,0,0,0,False,False,abstain,fixed,none,standard,0.5,0.5,0.5,0.5,0.5,0.5
1054,numerical_frozen_W,2023-11-21,2023-11-22,bull,0.0445975830410794,0.48880475298119092,0.5,0.022287346633041549,0.022042613352222615,0.0222987915205397,0.011195247018809085,1.1195247018809084e-05,1.3293951141441842e-05,1.1874638513207199,1.2139292697893111,ABSTAIN,0,0.49999999999999989,0.49999999999999989,0.48880475298119092,0.5,0.022287346633041549,0.020057631901792401,0.0021834857877107705,True,,0,[],0,[],0,1054,0,0,,6a46dd0ea93ee2739af4af02778d6eccb2bab3be0ba743721c7916cbf192d036,0,0,0,False,False,abstain,fixed,none,standard,0.49999999999999989,0.5,0.49999999999999989,0.5,0.49999999999999989,0.5
1055,numerical_frozen_W,2023-11-22,2023-11-23,bull,-0.0031461503095363001,0.51090620066535197,0.5,-0.0015839641991601816,-0.001585219996719731,-0.0015730751547681501,0.010906200665351973,1.0906200665351974e-05,1.323935620986642e-05,1.2139292697893111,1.2120064492856522,ABSTAIN,0,0.49999999999999989,0.49999999999999989,0.51090620066535197,0.5,-0.0015839641991601816,-0.0014265730609299,-0.0001576284116594441,True,,0,[],0,[],0,1055,0,0,,7b8960001b5f6ee5d0bf9bc970848ea3c300eec3c57aeeea5d2b8c3a24ff5725,0,0,0,False,False,abstain,fixed,none,standard,0.49999999999999989,0.5,0.49999999999999989,0.5,0.49999999999999989,0.5
1056,numerical_frozen_W,2023-11-23,2023-11-24,bull,0.011374758333311001,0.49921222319048936,0.5,0.0056865869094604449,0.0056704793101133126,0.0056873791666555004,0.00078777680951064299,7.8777680951064297e-07,9.5479057372457396e-07,1.2120064492856522,1.2188986292943416,ABSTAIN,0,0.49999999999999994,0.49999999999999994,0.49921222319048936,0.5,0.0056865869094604449,0.0051178574824120001,0.00056567354801717335,True,,0,[],0,[],0,1056,0,0,,73fde840b9ba7a63d72e97af0d8717e7acff5f87997e83f71ce8f685689a2b75,0,0,0,False,False,abstain,fixed,none,standard,0.49999999999999994,0.5,0.49999999999999994,0.5,0.49999999999999994,0.5
1057,numerical_frozen_W,2023-11-24,2023-11-25,bull,0.0018479583639336001,0.50282760790503722,0.5,0.00092114896141093361,0.00092072496406287992,0.00092397918196680004,0.0028276079050372216,2.8276079050372216e-06,3.4465673996317144e-06,1.2188986292943416,1.2200214165007812,ABSTAIN,0,0.49999999999999994,0.49999999999999994,0.50282760790503722,0.5,0.00092114896141093361,0.00082877801877669999,9.2290192151171574e-05,True,,0,[],0,[],0,1057,0,0,,1bcf5cc6d0d5e065c2ee18bd5dceca196ad4d27eb7abb6361c3ae3f7f81fd4f4,0,0,0,False,False,abstain,fixed,none,standard,0.49999999999999994,0.5,0.49999999999999994,0.5,0.49999999999999994,0.5
1058,numerical_frozen_W,2023-11-25,2023-11-26,bull,-0.0088707756635879008,0.50046156311627288,0.5,-0.0044358473476988625,-0.0044457149100240257,-0.0044353878317939504,0.00046156311627287838,4.6156311627287837e-07,5.631168869197519e-07,1.2200214165007812,1.2146095877362604,ABSTAIN,0,0.49999999999999994,0.49999999999999994,0.50046156311627288,0.5,-0.0044358473476988625,-0.0039923042140518001,-0.00044542017535354698,True,,0,[],0,[],0,1058,0,0,,fc63929e281837dc3b6a5a1a8589cd95e95c48887bc2a258e061702e4fef562f,0,0,0,False,False,abstain,fixed,none,standard,0.49999999999999994,0.5,0.49999999999999994,0.5,0.49999999999999994,0.5
1059,numerical_frozen_W,2023-11-26,2023-11-27,bull,-0.0054256404231572001,0.49777242592917492,0.5,-0.0027150417426414775,-0.0027187341533540924,-0.0027128202115786,0.002227574070825078,2.2275740708250781e-06,2.7056328238168313e-06,1.2146095877362604,1.2113118720045439,ABSTAIN,0,0.49999999999999994,0.49999999999999994,0.49777242592917492,0.5,-0.0027150417426414775,-0.0024437371247729,-0.00027200622953570466,True,,0,[],0,[],0,1059,0,0,,ae9b03f748a56683bce6a6b4a3499d067f31d4a5fcb4f88ea3bfa8b88f5aee2d,0,0,0,False,False,abstain,fixed,none,standard,0.49999999999999994,0.5,0.49999999999999994,0.5,0.49999999999999994,0.5
1060,numerical_frozen_W,2023-11-27,2023-11-28,bull,0.015428767792614999,0.49863990018795079,0.5,0.0077130133041634075,0.0076834200882209798,0.0077143838963074996,0.0013600998120492092,1.3600998120492091e-06,1.647505049446356e-06,1.2113118720045439,1.2206547365888061,ABSTAIN,0,0.49999999999999989,0.49999999999999989,0.49863990018795079,0.5,0.0077130133041634075,0.0069415900279120998,0.00076581197856614297,True,,0,[],0,[],0,1060,0,0,,97b205b5994f84fa54d3e89af7773aacdf0d7d25cf74e5336ac71edbc17449eb,0,0,0,False,False,abstain,fixed,none,standard,0.49999999999999989,0.5,0.49999999999999989,0.5,0.49999999999999989,0.5
1061,numerical_frozen_W,2023-11-28,2023-11-29,bull,0.0008513270920305,0.50382766387956091,0.5,0.00042183425283859322,0.00042174530578322324,0.00042566354601525,0.0038276638795609053,3.827663879560905e-06,4.6722560446559046e-06,1.2206547365888061,1.2211696505675889,ABSTAIN,0,0.5,0.5,0.50382766387956091,0.5,0.00042183425283859322,0.00037930344823459999,4.2513774916448871e-05,True,,0,[],0,[],0,1061,0,0,,2029a51a7cf6ee522741f3b895cdaf2c00ba4309a12890eaf2e30d620645ec5f,0,0,0,False,False,abstain,fixed,none,standard,0.5,0.5,0.5,0.5,0.5,0.5
1062,numerical_frozen_W,2023-11-29,2023-11-30,bull,-0.0037669559245023,0.50021274121682691,0.5,-0.0018836903027746876,-0.001885466678464703,-0.00188347796225115,0.00021274121682690605,2.1274121682690607e-07,2.5979311741383653e-07,1.2211696505675889,1.218869345138772,ABSTAIN,0,0.49999999999999989,0.49999999999999989,0.50021274121682691,0.5,-0.0018836903027746876,-0.0016953404317594,-0.00018868753081010214,True,,0,[],0,[],0,1062,0,0,,259b0734aa0d3f513bce61bca4612c029154b10e94bae021db9f600c8d47b2a3,0,0,0,False,False,abstain,fixed,none,standard,0.49999999999999989,0.5,0.49999999999999989,0.5,0.49999999999999989,0.5
1063,numerical_frozen_W,2023-11-30,2023-12-01,bull,0.0258611774750814,0.49905648392714419,0.5,0.012929633021249387,0.012846758906380628,0.0129305887375407,0.00094351607285581007,9.4351607285581013e-07,1.1500228178496671e-06,1.218869345138772,1.2346288784722668,ABSTAIN,0,0.49999999999999978,0.49999999999999978,0.49905648392714419,0.5,0.012929633021249387,0.0116365850907618,0.0012773581765179801,True,,0,[],0,[],0,1063,0,0,,f396fcea220f78e5da741178c96a00e09354584a04291b5cff6704103a7dcd7a,0,0,0,False,False,abstain,fixed,none,standard,0.49999999999999978,0.5,0.49999999999999978,0.5,0.49999999999999978,0.5
1064,numerical_frozen_W,2023-12-01,2023-12-02,bull,0.019907878888136599,0.50638276150474282,0.5,0.0099474931489418328,0.0098983425205524268,0.0099539394440682997,0.0063827615047428177,6.3827615047428176e-06,7.880341678156582e-06,1.2346288784722668,1.2469103407823554,ABSTAIN,0,0.49999999999999983,0.49999999999999983,0.50638276150474282,0.5,0.0099474931489418328,0.0089521618081989003,0.00098601376144611536,True,,0,[],0,[],0,1064,0,0,,3c3b7cc2793b2106fd5da9b95085e3752d0d4ca6b27f43cd19d8a1be124ee3d6,0,0,0,False,False,abstain,fixed,none,standard,0.49999999999999983,0.5,0.49999999999999983,0.5,0.49999999999999983,0.5
1065,numerical_frozen_W,2023-12-02,2023-12-03,bull,0.012970622224925199,0.50492791752936161,0.5,0.0064803512358548865,0.0064594440351776385,0.0064853111124625997,0.004927917529361614,4.9279175293616139e-06,6.1446713258836331e-06,1.2469103407823554,1.2549907577502446,ABSTAIN,0,0.49999999999999994,0.49999999999999994,0.50492791752936161,0.5,0.0064803512358548865,0.0058318680461817004,0.00064451550401348201,True,,0,[],0,[],0,1065,0,0,,a85e21eb8dd22babad1da84620917c99ed36ad329dac0f13e1b7a42f78739dd0,0,0,0,False,False,abstain,fixed,none,standard,0.49999999999999994,0.5,0.49999999999999994,0.5,0.49999999999999994,0.5
1066,numerical_frozen_W,2023-12-03,2023-12-04,bull,0.050477605816333398,0.50322176143102104,0.5,0.025235499833333952,0.024922342135478701,0.025238802908166699,0.0032217614310210418,3.2217614310210417e-06,4.0432808196076096e-06,1.2549907577502446,1.2866610768082865,ABSTAIN,0,0.49999999999999994,0.49999999999999994,0.50322176143102104,0.5,0.025235499833333952,0.0227116585200637,0.0024647536247919752,True,,0,[],0,[],0,1066,0,0,,4584325db3731e1e725566529aeecf76d0cfc13afb93176d5093355ffb53b30f,0,0,0,False,False,abstain,fixed,none,standard,0.49999999999999994,0.5,0.49999999999999994,0.5,0.49999999999999994,0.5
1067,numerical_frozen_W,2023-12-04,2023-12-05,bull,0.0497382573033118,0.51230874350276978,0.5,0.024856513800427305,0.024552616255173364,0.0248691286516559,0.012308743502769781,1.2308743502769781e-05,1.5837181169430767e-05,1.2866610768082865,1.3186429856204442,ABSTAIN,0,0.5,0.5,0.51230874350276978,0.5,0.024856513800427305,0.0223697266433069,0.0024294221430897107,True,,0,[],0,[],0,1067,0,0,,ef850f51aed9349e0107f27a08f1240853e2c29bec0eb38c3cbefeb661584d0a,0,0,0,False,False,abstain,fixed,none,standard,0.5,0.5,0.5,0.5,0.5,0.5
1068,numerical_frozen_W,2023-12-05,2023-12-06,bull,-0.0068041255825136999,0.51213283138129773,0.5,-0.0034141543459840218,-0.0034199958706340643,-0.0034020627912568499,0.012132831381297726,1.2132831381297726e-05,1.5998872996663852e-05,1.3186429856204442,1.3141409349402868,ABSTAIN,0,0.5,0.5,0.51213283138129773,0.5,-0.0034141543459840218,-0.0030738603658463002,-0.00034140149239561979,True,,0,[],0,[],0,1068,0,0,,70f68d2ac0924eb35a321158484e7b3fa871bc9371807d83dea637288677ea82,0,0,0,False,False,abstain,fixed,none,standard,0.5,0.5,0.5,0.5,0.5,0.5
1069,numerical_frozen_W,2023-12-06,2023-12-07,bull,-0.011115603648549599,0.49829316183375549,0.5,-0.0055594991761727108,-0.0055750107093358496,-0.0055578018242747997,0.0017068381662445065,1.7068381662445065e-06,2.2430259035803205e-06,1.3141409349402868,1.3068349694951116,ABSTAIN,0,0.49999999999999994,0.49999999999999994,0.49829316183375549,0.5,-0.0055594991761727108,-0.0050037023856154004,-0.00055874788830042373,True,,0,[],0,[],0,1069,0,0,,b63d5b4ba0df715de05fa3386b7130acc7af6e9ad050b1b096e42b79844129f0,0,0,0,False,False,abstain,fixed,none,standard,0.49999999999999994,0.5,0.49999999999999994,0.5,0.49999999999999994,0.5
1070,numerical_frozen_W,2023-12-07,2023-12-08,bull,0.0204621422647881,0.49720556818964923,0.5,0.010228248110553118,0.010176293549945309,0.01023107113239405,0.0027944318103507726,2.7944318103507727e-06,3.6518612096359213e-06,1.3068349694951116,1.3202016018026548,ABSTAIN,0,0.49999999999999994,0.49999999999999994,0.49720556818964923,0.5,0.010228248110553118,0.0092051736174625001,0.0010132293242349835,True,,0,[],0,[],0,1070,0,0,,9257047474b415b002a03948efd2b49f802ace9a8a7407048f48b1f019c8b575,0,0,0,False,False,abstain,fixed,none,standard,0.49999999999999994,0.5,0.49999999999999994,0.5,0.49999999999999994,0.5
1071,numerical_frozen_W,2023-12-08,2023-12-09,bull,-0.0103473644893662,0.50506372820275947,0.5,-0.0051787197747651392,-0.0051921758208503038,-0.0051736822446830999,0.0050637282027594654,5.0637282027594658e-06,6.6851420843763244e-06,1.3202016018026548,1.3133646476607228,ABSTAIN,0,0.5,0.5,0.50506372820275947,0.5,-0.0051787197747651392,-0.0046613088270788996,-0.00051996921531926275,True,,0,[],0,[],0,1071,0,0,,2505b3cf862ce732fe9903a2b7bc90fc7ba11caee122d7ca7cbfb9bb7daeeb1d,0,0,0,False,False,abstain,fixed,none,standard,0.5,0.5,0.5,0.5,0.5,0.5
1072,numerical_frozen_W,2023-12-09,2023-12-10,bull,0.0016606280193235999,0.4973997057816299,0.5,0.0008277115563826154,0.00082736919207856627,0.00083031400966179997,0.0026002942183701028,2.6002942183701029e-06,3.4151344999238648e-06,1.3133646476607228,1.3144517347573359,ABSTAIN,0,0.5,0.5,0.4973997057816299,0.5,0.0008277115563826154,0.00074470773278330002,8.2938616506690165e-05,True,,0,[],0,[],0,1072,0,0,,0ce2fede9a2c6d967a7a0c1fc8bbe43593d80e59b40fb5b1e494987a1284e136,0,0,0,False,False,abstain,fixed,none,standard,0.5,0.5,0.5,0.5,0.5,0.5
1073,numerical_frozen_W,2023-12-10,2023-12-11,bull,-0.057886323673814202,0.50041481258013432,0.5,-0.028943564643499675,-0.029370691518280628,-0.028943161836907101,0.0004148125801343161,4.1481258013431611e-07,5.4525111555671813e-07,1.3144517347573359,1.2764068160016266,ABSTAIN,0,0.49999999999999994,0.49999999999999994,0.50041481258013432,0.5,-0.028943564643499675,-0.026049245653520799,-0.0029761546812471749,True,,0,[],0,[],0,1073,0,0,,993bf91808a042151e79b42f41e138ee48381f738b789297ada0b6f22558e85a,0,0,0,False,False,abstain,fixed,none,standard,0.49999999999999994,0.5,0.49999999999999994,0.5,0.49999999999999994,0.5
1074,numerical_frozen_W,2023-12-11,2023-12-12,bull,0.0055967481172479999,0.48509708149954561,0.5,0.002783429436182816,0.0027795628696846192,0.0027983740586239999,0.014902918500454387,1.4902918500454387e-05,1.9022186752296721e-05,1.2764068160016266,1.2799596043058299,ABSTAIN,0,0.49999999999999983,0.49999999999999983,0.48509708149954561,0.5,0.002783429436182816,0.0025037895601789,0.0002789025683378782,True,,0,[],0,[],0,1074,0,0,,94f784a94f882ac76af2a032fc06882400bf9f4295118cbcf43912420165379b,0,0,0,False,False,abstain,fixed,none,standard,0.49999999999999983,0.5,0.49999999999999983,0.5,0.49999999999999983,0.5
1075,numerical_frozen_W,2023-12-12,2023-12-13,bull,0.0336852508014557,0.50139528250694021,0.5,0.016841206618000371,0.016700965856775281,0.01684262540072785,0.0013952825069402097,1.3952825069402098e-06,1.7859052454780372e-06,1.2799596043058299,1.3015156684646383,ABSTAIN,0,0.49999999999999994,0.49999999999999994,0.50139528250694021,0.5,0.016841206618000371,0.015156960200855199,0.0016577247266728688,True,,0,[],0,[],0,1075,0,0,,a610f81ee443202c903888bffe4e06707e5cd407ae2ee870a743a1438054f612,0,0,0,False,False,abstain,fixed,none,standard,0.49999999999999994,0.5,0.49999999999999994,0.5,0.49999999999999994,0.5
1076,numerical_frozen_W,2023-12-13,2023-12-14,bull,0.0032972286024088001,0.50828182502385277,0.5,0.0016403188226454812,0.0016389749690903356,0.0016486143012044,0.0082818250238527735,8.281825023852774e-06,1.0778925032026912e-05,1.3015156684646383,1.3036505691135889,ABSTAIN,0,0.5,0.5,0.50828182502385277,0.5,0.0016403188226454812,0.0014755280757473999,0.00016453441524613178,True,,0,[],0,[],0,1076,0,0,,3850b8497b0206e3f253844366075bead9a115c72c773c88d92b8d2ee9e2d3de,0,0,0,False,False,abstain,fixed,none,standard,0.5,0.5,0.5,0.5,0.5,0.5
1077,numerical_frozen_W,2023-12-14,2023-12-15,bull,-0.025493946669331798,0.50082295042276603,0.5,-0.012747785794961608,-0.012829736017145399,-0.012746973334665899,0.00082295042276603336,8.2295042276603335e-07,1.0728397869912079e-06,1.3036505691135889,1.2870319109070492,ABSTAIN,0,0.49999999999999994,0.49999999999999994,0.50082295042276603,0.5,-0.012747785794961608,-0.011473081507992901,-0.0012903309309568282,True,,0,[],0,[],0,1077,0,0,,c2a9b49db5ae2696a45d68c19520f0219d4d9b7802add885ec5cd508dd7a4177,0,0,0,False,False,abstain,fixed,none,standard,0.49999999999999994,0.5,0.49999999999999994,0.5,0.49999999999999994,0.5
1078,numerical_frozen_W,2023-12-15,2023-12-16,bull,0.0081733406472844997,0.49354422169880724,0.5,0.0040801881627035019,0.0040718867681553078,0.0040866703236422499,0.0064557783011927605,6.455778301192761e-06,8.3087926833763823e-06,1.2870319109070492,1.2922832432749538,ABSTAIN,0,0.49999999999999994,0.49999999999999994,0.49354422169880724,0.5,0.0040801881627035019,0.0036715968355611,0.00040701379108311038,True,,0,[],0,[],0,1078,0,0,,42a25754378bf5fde4e7444c7b63b03e2d43f0159114ce266b3463647ae02c1e,0,0,0,False,False,abstain,fixed,none,standard,0.49999999999999994,0.5,0.49999999999999994,0.5,0.49999999999999994,0.5
1079,numerical_frozen_W,2023-12-16,2023-12-17,bull,-0.021361809437519599,0.5020350187112459,0.5,-0.010682918001630126,-0.010740390049405881,-0.0106809047187598,0.0020350187112458951,2.0350187112458952e-06,2.6298205802940618e-06,1.2922832432749538,1.2784778873521669,ABSTAIN,0,0.49999999999999989,0.49999999999999989,0.5020350187112459,0.5,-0.010682918001630126,-0.0096148103611997,-0.0010790589669691514,True,,0,[],0,[],0,1079,0,0,,3c79a7bf230f04943305140d58d44f8c61590185d125c0eeee8cfe028f9f5fc7,0,0,0,False,False,abstain,fixed,none,standard,0.49999999999999989,0.5,0.49999999999999989,0.5,0.49999999999999989,0.5
1080,numerical_frozen_W,2023-12-17,2023-12-18,bull,0.031207168704842001,0.49460189095221929,0.5,0.015598102013523407,0.015477702013953367,0.015603584352421001,0.0053981090477807081,5.3981090477807081e-06,6.901363051103297e-06,1.2784778873521669,1.2984197158611199,ABSTAIN,0,0.5,0.5,0.49460189095221929,0.5,0.015598102013523407,0.014037812584777,0.0015375070227044534,True,,0,[],0,[],0,1080,0,0,,87ad048f8cd981f98e68f2a101da3cfea614fedd4f6e8f0968ff8e2bcf10e84f,0,0,0,False,False,abstain,fixed,none,standard,0.5,0.5,0.5,0.5,0.5,0.5
1081,numerical_frozen_W,2023-12-18,2023-12-19,bull,-0.0093859075427158,0.50768192658672551,0.5,-0.0047005996470182998,-0.0047116822089687156,-0.0046929537713579,0.0076819265867255071,7.6819265867255072e-06,9.9743649360021172e-06,1.2984197158611199,1.2923163646030615,ABSTAIN,0,0.5,0.5,0.50768192658672551,0.5,-0.0047005996470182998,-0.0042312430330953997,-0.00047146213542845292,True,,0,[],0,[],0,1081,0,0,,b3925e394ee1cb175923297c80ab8890cd89debe098794a119721abc89297f78,0,0,0,False,False,abstain,fixed,none,standard,0.5,0.5,0.5,0.5,0.5,0.5
1082,numerical_frozen_W,2023-12-19,2023-12-20,bull,0.033211624423499599,0.49764245928473017,0.5,0.016603415522156162,0.016467085775322295,0.016605812211749799,0.0023575407152698347,2.3575407152698349e-06,3.0466884465612146e-06,1.2923163646030615,1.3137732301906484,ABSTAIN,0,0.49999999999999994,0.49999999999999994,0.49764245928473017,0.5,0.016603415522156162,0.014942863260020299,0.001634767220705503,True,,0,[],0,[],0,1082,0,0,,2bef8b76a2caced70ff1ac05144c9caf4a50bab2c7c1d7d95853f37d7ef05a62,0,0,0,False,False,abstain,fixed,none,standard,0.49999999999999994,0.5,0.49999999999999994,0.5,0.49999999999999994,0.5
1083,numerical_frozen_W,2023-12-20,2023-12-21,bull,0.0046515569317587997,0.50816728175870929,0.5,0.0023175921888327622,0.0023149107142996783,0.0023257784658793999,0.0081672817587092883,8.1672817587092883e-06,1.0729956138016662e-05,1.3137732301906484,1.3168180207668359,ABSTAIN,0,0.49999999999999989,0.49999999999999989,0.50816728175870929,0.5,0.0023175921888327622,0.0020850848287591998,0.00023199665793937133,True,,0,[],0,[],0,1083,0,0,,26abceda9aa4a423755dad040812dfed31c1b26d20fe22bc7d29771bc0009d1e,0,0,0,False,False,abstain,fixed,none,standard,0.49999999999999989,0.5,0.49999999999999989,0.5,0.49999999999999989,0.5
1084,numerical_frozen_W,2023-12-21,2023-12-22,bull,0.0023480653537257001,0.50116019088596087,0.5,0.0011728711238747636,0.0011721838478764442,0.00117403267686285,0.0011601908859608656,1.1601908859608657e-06,1.527760266162709e-06,1.3168180207668359,1.3183624785987913,ABSTAIN,0,0.5,0.5,0.50116019088596087,0.5,0.0011728711238747636,0.0010554793397064,0.00011726113485077422,True,,0,[],0,[],0,1084,0,0,,57116412c03539a43112b1d4f6e750c40466023cfee9ead32c1741ee8a28d9c2,0,0,0,False,False,abstain,fixed,none,standard,0.5,0.5,0.5,0.5,0.5,0.5
1085,numerical_frozen_W,2023-12-22,2023-12-23,bull,-0.0058791554939967997,0.50058632797023506,0.5,-0.0029401623514120345,-0.0029444931195958752,-0.0029395777469983998,0.00058632797023505656,5.8632797023505654e-07,7.7299279611088749e-07,1.3183624785987913,1.3144862788737008,ABSTAIN,0,0.5,0.5,0.50058632797023506,0.5,-0.0029401623514120345,-0.0026461989691965999,-0.00029478677706882336,True,,0,[],0,[],0,1085,0,0,,ad2b9a92e7eedffaee5779ce21898027b1c306a2fd26cfbb3d373c21931b3158,0,0,0,False,False,abstain,fixed,none,standard,0.5,0.5,0.5,0.5,0.5,0.5
1086,numerical_frozen_W,2023-12-23,2023-12-24,bull,-0.016675665287894801,0.49852587782977287,0.5,-0.0083392944751337073,-0.0083742609240131053,-0.0083378326439474005,0.0014741221702271323,1.4741221702271323e-06,1.9377133661470874e-06,1.3144862788737008,1.3035243907106504,ABSTAIN,0,0.49999999999999994,0.49999999999999994,0.49852587782977287,0.5,-0.0083392944751337073,-0.0075054973823279001,-0.00084045556362178503,True,,0,[],0,[],0,1086,0,0,,769eb6f4854d07c71a29f1cfc508841fd8b411559143b2d038b1589a29c0f420,0,0,0,False,False,abstain,fixed,none,standard,0.49999999999999994,0.5,0.49999999999999994,0.5,0.49999999999999994,0.5
1087,numerical_frozen_W,2023-12-24,2023-12-25,bull,0.0138896967299884,0.49579603169384917,0.5,0.0069406152007656097,0.0069166400022412462,0.0069448483649941998,0.0042039683061508293,4.2039683061508294e-06,5.4799752248421447e-06,1.3035243907106504,1.3125716519113855,ABSTAIN,0,0.49999999999999989,0.49999999999999989,0.49579603169384917,0.5,0.0069406152007656097,0.0062461791045417998,0.00068988742200268814,True,,0,[],0,[],0,1087,0,0,,33a2220ff420c5fa5d1a0f46b559eaca74839ddb3f931766819288fd60579a3a,0,0,0,False,False,abstain,fixed,none,standard,0.49999999999999989,0.5,0.49999999999999989,0.5,0.49999999999999989,0.5
1088,numerical_frozen_W,2023-12-25,2023-12-26,bull,-0.0244432460961253,0.50344847504621071,0.5,-0.012225029377146757,-0.012300369703569299,-0.01222162304806265,0.0034484750462107083,3.4484750462107083e-06,4.5263705879799812e-06,1.3125716519113855,1.2965254249071587,ABSTAIN,0,0.49999999999999994,0.49999999999999994,0.50344847504621071,0.5,-0.012225029377146757,-0.011002839511819599,-0.0012365512461707927,True,,0,[],0,[],0,1088,0,0,,833a9ce466a8bf741a5b5e61ac0db797f8999430fb25d09d1247f7c65347b6c8,0,0,0,False,False,abstain,fixed,none,standard,0.49999999999999994,0.5,0.49999999999999994,0.5,0.49999999999999994,0.5
1089,numerical_frozen_W,2023-12-26,2023-12-27,bull,0.021950777756607899,0.49381358038744694,0.5,0.01096913456033044,0.010909409958379737,0.01097538887830395,0.0061864196125530624,6.1864196125530627e-06,8.0208503168193395e-06,1.2965254249071587,1.3107471867538549,ABSTAIN,0,0.49999999999999994,0.49999999999999994,0.49381358038744694,0.5,0.01096913456033044,0.0098716725808269002,0.0010861440282835168,True,,0,[],0,[],0,1089,0,0,,98b790596f3d37cace509161a2f3502de648f4756de4a53a09b84531623744ce,0,0,0,False,False,abstain,fixed,none,standard,0.49999999999999994,0.5,0.49999999999999994,0.5,0.49999999999999994,0.5
1090,numerical_frozen_W,2023-12-27,2023-12-28,bull,-0.0199187506473479,0.50542811872526461,0.5,-0.0099647493817275334,-0.010014729802280704,-0.00995937532367395,0.0054281187252646079,5.4281187252646078e-06,7.114891348506506e-06,1.3107471867538549,1.2976859195350483,ABSTAIN,0,0.49999999999999989,0.49999999999999989,0.50542811872526461,0.5,-0.0099647493817275334,-0.0089687692487428992,-0.00100549903424723,True,,0,[],0,[],0,1090,0,0,,647682109bb68229a84d61ccd41dab13c9924b41c6a5c94e976035bb129d0745,0,0,0,False,False,abstain,fixed,none,standard,0.49999999999999989,0.5,0.49999999999999989,0.5,0.49999999999999989,0.5
1091,numerical_frozen_W,2023-12-28,2023-12-29,bull,-0.011946614812675,0.49497021885999376,0.5,-0.005978307143048589,-0.0059962487639487584,-0.0059733074063374999,0.0050297811400062398,5.0297811400062395e-06,6.527076163729041e-06,1.2976859195350483,1.2899279545328584,ABSTAIN,0,0.49999999999999994,0.49999999999999994,0.49497021885999376,0.5,-0.005978307143048589,-0.0053809244022398001,-0.00060079504378460213,True,,0,[],0,[],0,1091,0,0,,b3ee500c71e4a5a61b1ca391643615d81a703c4a3876b7d0d927b5b120d71d25,0,0,0,False,False,abstain,fixed,none,standard,0.49999999999999994,0.5,0.49999999999999994,0.5,0.49999999999999994,0.5
1092,numerical_frozen_W,2023-12-29,2023-12-30,bull,0.0015283178520835001,0.49699539889077243,0.5,0.00076115202893967115,0.00076086249964198486,0.00076415892604175003,0.0030046011092275671,3.0046011092275669e-06,3.8757189630130726e-06,1.2899279545328584,1.290909785812637,ABSTAIN,0,0.49999999999999989,0.49999999999999989,0.49699539889077243,0.5,0.00076115202893967115,0.00068476822023530004,7.6328626188357099e-05,True,,0,[],0,[],0,1092,0,0,,9064fe674906c726fa67a9983ef997d6c6fb14d08492c39d1deb4af3b1ce13fc,0,0,0,False,False,abstain,fixed,none,standard,0.49999999999999989,0.5,0.49999999999999989,0.5,0.49999999999999989,0.5
1093,numerical_frozen_W,2023-12-30,2023-12-31,bull,0.0032228437442892999,0.50038178771652952,0.5,0.0016110394692070429,0.001609743137229266,0.0016114218721446499,0.0003817877165295247,3.8178771652952472e-07,4.9285349937102453e-07,1.290909785812637,1.2929894924287668,ABSTAIN,0,0.49999999999999994,0.49999999999999994,0.50038178771652952,0.5,0.0016110394692070429,0.001449901138024,0.0001608920909633427,True,,0,[],0,[],0,1093,0,0,,1c4a4cd378d7e81be03be1a1248c346790b622daf3c81c14cd31492e3383fcf2,0,0,0,False,False,abstain,fixed,none,standard,0.49999999999999994,0.5,0.49999999999999994,0.5,0.49999999999999994,0.5
1094,numerical_frozen_W,2023-12-31,2024-01-01,bull,0.045204329055532601,0.50080441468465531,0.5,0.022601341931568708,0.022349715937073196,0.0226021645277663,0.00080441468465530797,8.0441468465530798e-07,1.0400997348147132e-06,1.2929894924287668,1.3222127900610749,ABSTAIN,0,0.49999999999999983,0.49999999999999983,0.50080441468465531,0.5,0.022601341931568708,0.015465977639127,0.007002117523401484,True,,0,[],0,[],0,1094,0,0,,6c497f5f5f0069d0198bc9faa92a047299755fe198eb0e76a8fbac2c4d178886,0,0,0,False,False,abstain,fixed,none,standard,0.49999999999999983,0.5,0.49999999999999983,0.5,0.49999999999999983,0.5
1095,numerical_frozen_W,2024-01-01,2024-01-02,bull,0.017207820131542401,0.51105129898595703,0.5,0.0085927636824025821,0.0085560560188495203,0.0086039100657712003,0.011051298985957025,1.1051298985957025e-05,1.4612168866021369e-05,1.3222127900610749,1.33357425210392,ABSTAIN,0,0.5,0.5,0.51105129898595703,0.5,0.0085927636824025821,0.0076529469120437997,0.00093224435244682827,True,,0,[],0,[],0,1095,0,0,,43b71dcfcdd98ffbb6eaa48857fc8b6a9009b517183a783fd32ee94f5a42bcd8,0,0,0,False,False,abstain,fixed,none,standard,0.5,0.5,0.5,0.5,0.5,0.5
1096,numerical_frozen_W,2024-01-02,2024-01-03,bull,-0.046894225442053003,0.50426525714401116,0.5,-0.02345127797020552,-0.023730635358334314,-0.023447112721026502,0.0042652571440111586,4.2652571440111588e-06,5.6880371058555836e-06,1.33357425210392,1.3023002316239221,ABSTAIN,0,0.49999999999999989,0.49999999999999989,0.50426525714401116,0.5,-0.02345127797020552,-0.021106538475495901,-0.0023981692102050603,True,,0,[],0,[],0,1096,0,0,,b2cfe9a64c9911d0a58b51604f56dfe80b288d0454ddd9e0a39792c2dcfa2c5f,0,0,0,False,False,abstain,fixed,none,standard,0.49999999999999989,0.5,0.49999999999999989,0.5,0.49999999999999989,0.5
1097,numerical_frozen_W,2024-01-03,2024-01-04,bull,0.0308361405450077,0.48799496011610871,0.5,0.015405880138071426,0.015288414471717941,0.01541807027250385,0.012005039883891289,1.2005039883891289e-05,1.5634166221446048e-05,1.3023002316239221,1.3223633128961028,ABSTAIN,0,0.49999999999999994,0.49999999999999994,0.48799496011610871,0.5,0.015405880138071426,0.0138642421991532,0.0015194016987011023,True,,0,[],0,[],0,1097,0,0,,d4f81f145e76d1a74a80cc0e5eba10121350cd6795424c50687f7946de5ea277,0,0,0,False,False,abstain,fixed,none,standard,0.49999999999999994,0.5,0.49999999999999994,0.5,0.49999999999999994,0.5
1098,numerical_frozen_W,2024-01-04,2024-01-05,bull,-2.2646466019127232e-06,0.50759198143301032,0.5,-8.7242961372968608e-06,-8.7243341941897538e-06,-1.1323233009563616e-06,0.0075919814330103197,7.5919814330103196e-06,1.0039357719201228e-05,1.3223633128961028,1.3223517762069599,ABSTAIN,0,0.49999999999999989,0.49999999999999989,0.50759198143301032,0.5,-8.7242961372968608e-06,-8.5465746332280546e-06,-1.7772303878462519e-07,True,,0,[],0,[],0,1098,0,0,,fd0188e5e98ac4bca77f1af58ab05c35f3b82814f09fd7d4e28a780d9fa23bf0,0,0,0,False,False,abstain,fixed,none,standard,0.49999999999999989,0.5,0.49999999999999989,0.5,0.49999999999999989,0.5
1099,numerical_frozen_W,2024-01-05,2024-01-06,bull,-0.0042801917707084997,0.4999994338377084,0.5,-0.0021400964503049957,-0.0021423897291894807,-0.0021400958853542498,5.6616229160422193e-07,5.6616229160422199e-10,7.4866571192424563e-10,1.3223517762069599,1.3195218158646449,ABSTAIN,0,0.49999999999999989,0.49999999999999989,0.4999994338377084,0.5,-0.0021400964503049957,-0.0019260868562399,-0.00021444558240890925,True,,0,[],0,[],0,1099,0,0,,63de4fe38fd2950fca520a28e311d4ec91985e7ce6c3c01f5342f29e74df6489,0,0,0,False,False,abstain,fixed,none,standard,0.49999999999999989,0.5,0.49999999999999989,0.5,0.49999999999999989,0.5
1100,numerical_frozen_W,2024-01-06,2024-01-07,bull,-0.00092340093568250002,0.49892765714078219,0.5,-0.00046277231559921361,-0.00046287942775422416,-0.00046170046784125001,0.0010723428592178119,1.072342859217812e-06,1.4149797968245724e-06,1.3195218158646449,1.3189111776984335,ABSTAIN,0,0.49999999999999994,0.49999999999999994,0.49892765714078219,0.5,-0.00046277231559921361,-0.00041659137181199998,-4.6201257649573118e-05,True,,0,[],0,[],0,1100,0,0,,d1c4774a2e18081cb2208ca7a36b51c61948900835de068ed4eb6c07ea1fa5e7,0,0,0,False,False,abstain,fixed,none,standard,0.49999999999999994,0.5,0.49999999999999994,0.5,0.49999999999999994,0.5
1101,numerical_frozen_W,2024-01-07,2024-01-08,bull,0.069089154125111005,0.49976904313318588,0.5,0.034544338127381335,0.033961076760496957,0.034544577062555502,0.00023095686681412486,2.3095686681412486e-07,3.0461159320735767e-07,1.3189111776984335,1.3644720913808308,ABSTAIN,0,0.49999999999999983,0.49999999999999983,0.49976904313318588,0.5,0.034544338127381335,0.0310898836112194,0.0033446945255038198,True,,0,[],0,[],0,1101,0,0,,9013cc25ba83c833c5265e56c2d43bcc636cf430b243fa031579e868e283f0bb,0,0,0,False,False,abstain,fixed,none,standard,0.49999999999999983,0.5,0.49999999999999983,0.5,0.49999999999999983,0.5
1102,numerical_frozen_W,2024-01-08,2024-01-09,bull,-0.017741928614928501,0.51669554789057048,0.5,-0.008887511749745336,-0.0089272412550994527,-0.0088709643074642505,0.016695547890570483,1.6695547890570483e-05,2.2780609146995529e-05,1.3644720913808308,1.352345329636484,ABSTAIN,0,0.49999999999999994,0.49999999999999994,0.51669554789057048,0.5,-0.008887511749745336,-0.0080003194406058995,-0.00089474754104352898,True,,0,[],0,[],0,1102,0,0,,b9ac618b1881ef72f50a243320f7e570a9ed989dc3492cca746021ae4bbd94cc,0,0,0,False,False,abstain,fixed,none,standard,0.49999999999999994,0.5,0.49999999999999994,0.5,0.49999999999999994,0.5
1103,numerical_frozen_W,2024-01-09,2024-01-10,bull,0.0108456719200502,0.49552481867244169,0.5,0.0054183365105233694,0.0054037101352144151,0.0054228359600251002,0.0044751813275583086,4.4751813275583087e-06,6.0519905675998798e-06,1.352345329636484,1.3596727917108891,ABSTAIN,0,0.5,0.5,0.49552481867244169,0.5,0.0054183365105233694,0.0048761042927499996,0.00053945553439066398,True,,0,[],0,[],0,1103,0,0,,f09b17dbe21d20ca2bbc8de3aa9f783317b20615c5e85696a23658ea56120da6,0,0,0,False,False,abstain,fixed,none,standard,0.5,0.5,0.5,0.5,0.5,0.5
1104,numerical_frozen_W,2024-01-10,2024-01-11,bull,-0.0060283984533331001,0.50269679371010467,0.5,-0.0030168878917031794,-0.0030214478715869125,-0.0030141992266665501,0.0026967937101046724,2.6967937101046725e-06,3.666757032486386e-06,1.3596727917108891,1.3555708113288982,ABSTAIN,0,0.5,0.5,0.50269679371010467,0.5,-0.0030168878917031794,-0.0027154433239873002,-0.00030231104352751057,True,,0,[],0,[],0,1104,0,0,,05dee6a0190d0015e35f70270c80cdde81938177dd3d029dfa2681c5b777ed5b,0,0,0,False,False,abstain,fixed,none,standard,0.5,0.5,0.5,0.5,0.5,0.5
1105,numerical_frozen_W,2024-01-11,2024-01-12,bull,-0.075780720718388095,0.4984883439541824,0.5,-0.03789181473804748,-0.038628375947176913,-0.037890360359194047,0.0015116560458175998,1.5116560458175998e-06,2.0491568124791981e-06,1.3555708113288982,1.3042057732817189,ABSTAIN,0,0.50000000000000011,0.50000000000000011,0.4984883439541824,0.5,-0.03789181473804748,-0.034102769391892197,-0.003930538984059255,True,,0,[],0,[],0,1105,0,0,,190ea39e4b6b1d7c3f16dd28746e00068be47638ac4dfacacf41e3c350ea8edc,0,0,0,False,False,abstain,fixed,none,standard,0.50000000000000011,0.5,0.50000000000000011,0.5,0.50000000000000011,0.5
1106,numerical_frozen_W,2024-01-12,2024-01-13,bull,0.00035951153121560001,0.48030870973637679,0.5,0.00016006093572129565,0.00016004812733645348,0.00017975576560780001,0.019691290263623207,1.9691290263623208e-05,2.5681494445183487e-05,1.3042057732817189,1.3044145256781636,ABSTAIN,0,0.5,0.5,0.48030870973637679,0.5,0.00016006093572129565,0.000142359142973,1.7699116464660732e-05,True,,0,[],0,[],0,1106,0,0,,f4e4c2a451c789adf81d5fcd335df5be42bd6cecc105a5313ccefcb0d104fa82,0,0,0,False,False,abstain,fixed,none,standard,0.5,0.5,0.5,0.5,0.5,0.5
1107,numerical_frozen_W,2024-01-13,2024-01-14,bull,-0.025791516243381201,0.50008986172963987,0.5,-0.012895846824585111,-0.012979720115606311,-0.012895758121690601,8.9861729639872934e-05,8.9861729639872932e-08,1.1721694544481423e-07,1.3044145256781636,1.2875929957592542,ABSTAIN,0,0.49999999999999994,0.49999999999999994,0.50008986172963987,0.5,-0.012895846824585111,-0.011606270241692199,-0.0013055713976804807,True,,0,[],0,[],0,1107,0,0,,e4668bd0d7aba834145c8f7073786ead0de8e58e5d027360f94b789d93caa0a8,0,0,0,False,False,abstain,fixed,none,standard,0.49999999999999994,0.5,0.49999999999999994,0.5,0.49999999999999994,0.5
1108,numerical_frozen_W,2024-01-14,2024-01-15,mix,0.0183154833625176,0.49346788435578404,0.5,0.0091511497461869151,0.0091095316847381227,0.0091577416812587999,0.0065321156442159634,6.5321156442159639e-06,8.410706350981924e-06,1.2875929957592542,1.2993759520755885,ABSTAIN,0,0.49999999999999994,0.49999999999999994,0.49346788435578404,0.5,0.0091511497461869151,0.0082354559264225993,0.00090780208421641952,True,,0,[],0,[],0,1108,0,0,,e3609ea7e5d13976df12877f395ac0709147b089928e74cf0a3c9825c787c844,0,0,0,False,False,abstain,fixed,none,standard,0.49999999999999994,0.5,0.49999999999999994,0.5,0.49999999999999994,0.5
1109,numerical_frozen_W,2024-01-15,2024-01-16,bull,0.014932711058627699,0.50453731924307599,0.5,0.0074617843328319555,0.0074340829360021255,0.0074663555293138497,0.0045373192430759879,4.5373192430759884e-06,5.8956835113427503e-06,1.2993759520755885,1.3090716151972448,ABSTAIN,0,0.49999999999999989,0.49999999999999989,0.50453731924307599,0.5,0.0074617843328319555,0.0067151937383146997,0.0007413356788783642,True,,0,[],0,[],0,1109,0,0,,404e5135275709b12ebd9944debf13b7c2c80b1b5cd1586d96536229f9dc4da1,0,0,0,False,False,abstain,fixed,none,standard,0.49999999999999989,0.5,0.49999999999999989,0.5,0.49999999999999989,0.5
1110,numerical_frozen_W,2024-01-16,2024-01-17,bull,-0.0087332398512012001,0.50370551110135642,0.5,-0.0043703092561434564,-0.0043798869728832691,-0.0043666199256006,0.0037055111013564179,3.7055111013564182e-06,4.850779402583968e-06,1.3090716151972448,1.3033505674003936,ABSTAIN,0,0.5,0.5,0.50370551110135642,0.5,-0.0043703092561434564,-0.0039336146821780001,-0.0004385152797276538,True,,0,[],0,[],0,1110,0,0,,63484bc89bcdc41cdb81052da40db5198ca794c8078803d61516512571085abc,0,0,0,False,False,abstain,fixed,none,standard,0.5,0.5,0.5,0.5,0.5,0.5
1111,numerical_frozen_W,2024-01-17,2024-01-18,bull,-0.034511219653625198,0.49780711453985488,0.5,-0.017257764872696812,-0.017408415879223829,-0.017255609826812599,0.002192885460145122,2.1928854601451221e-06,2.8580985087242177e-06,1.3033505674003936,1.2808576497615016,ABSTAIN,0,0.5,0.5,0.49780711453985488,0.5,-0.017257764872696812,-0.0155321851487405,-0.0017543425691076801,True,,0,[],0,[],0,1111,0,0,,f4703cdf43463da31f57e72418727e271f03ef6e9c68b19cd7571a61293e6a95,0,0,0,False,False,abstain,fixed,none,standard,0.5,0.5,0.5,0.5,0.5,0.5
1112,numerical_frozen_W,2024-01-18,2024-01-19,mix,0.0086044264482584999,0.49122070296235848,0.5,0.0042933961566837819,0.004284205827164914,0.0043022132241292499,0.0087792970376415203,8.77929703764152e-06,1.124502977019163e-05,1.2808576497615016,1.2863568790722466,ABSTAIN,0,0.49999999999999989,0.49999999999999989,0.49122070296235848,0.5,0.0042933961566837819,0.0038632820375125998,0.00042836709945865336,True,,0,[],0,[],0,1112,0,0,,640c24182234b6b51dc3a55d34b887691807f43c611bf016d85e4ca3a79cf124,0,0,0,False,False,abstain,fixed,none,standard,0.49999999999999989,0.5,0.49999999999999989,0.5,0.49999999999999989,0.5
1113,numerical_frozen_W,2024-01-19,2024-01-20,mix,0.0011381098732231999,0.50214189173710855,0.5,0.00056691182602031098,0.0005667511922183376,0.00056905493661159995,0.0021418917371085477,2.1418917371085479e-06,2.7552371702575843e-06,1.2863568790722466,1.2870861299994751,ABSTAIN,0,0.5,0.5,0.50214189173710855,0.5,0.00056691182602031098,0.00051002697491250003,5.6854236856299935e-05,True,,0,[],0,[],0,1113,0,0,,ef621d757fe89666b7518d96ff24f46e57b68dbc8c3add6d8ed26739e2da2c84,0,0,0,False,False,abstain,fixed,none,standard,0.5,0.5,0.5,0.5,0.5,0.5
1114,numerical_frozen_W,2024-01-20,2024-01-21,mix,-0.0026909443247937,0.50028436564862977,0.5,-0.001345756145439414,-0.0013466624884766396,-0.00134547216239685,0.00028436564862976965,2.8436564862976967e-07,3.660030821996808e-07,1.2870861299994751,1.2853540259303184,ABSTAIN,0,0.49999999999999983,0.49999999999999983,0.50028436564862977,0.5,-0.001345756145439414,-0.0012112061432398001,-0.000134722242249561,True,,0,[],0,[],0,1114,0,0,,e23585ed739739f673f81eb956144e320618b9d66e8bff27c33149387c1f17cc,0,0,0,False,False,abstain,fixed,none,standard,0.49999999999999983,0.5,0.49999999999999983,0.5,0.49999999999999983,0.5
1115,numerical_frozen_W,2024-01-21,2024-01-22,mix,-0.048740837645972201,0.49932635755163995,0.5,-0.024371076048485873,-0.024672965733070287,-0.024370418822986101,0.00067364244836004561,6.7364244836004568e-07,8.6586903303714128e-07,1.2853540259303184,1.2540285652151433,ABSTAIN,0,0.49999999999999978,0.49999999999999978,0.49932635755163995,0.5,-0.024371076048485873,-0.021934029131341501,-0.0024948093867016678,True,,0,[],0,[],0,1115,0,0,,e4fca50b91596675a76a51a33e050a4c693c71b033a07a54420679bb56a5c216,0,0,0,False,False,abstain,fixed,none,standard,0.49999999999999978,0.5,0.49999999999999978,0.5,0.49999999999999978,0.5
1116,numerical_frozen_W,2024-01-22,2024-01-23,mix,0.0084031913925433008,0.48751041415042723,0.5,0.0041890536342319429,0.0041803039757381602,0.0042015956962716504,0.012489585849572771,1.2489585849572771e-05,1.5662297423071096e-05,1.2540285652151433,1.2592817581336884,ABSTAIN,0,0.49999999999999978,0.49999999999999978,0.48751041415042723,0.5,0.0041890536342319429,0.0037690556058833,0.00041833346277593206,True,,0,[],0,[],0,1116,0,0,,a8346f948076fbe54947d4e90935285e0305a942976e87dc3c3bd876c2adc4d8,0,0,0,False,False,abstain,fixed,none,standard,0.49999999999999978,0.5,0.49999999999999978,0.5,0.49999999999999978,0.5
1117,numerical_frozen_W,2024-01-23,2024-01-24,mix,0.0049437436072279003,0.50209200807600718,0.5,0.0024697746243620422,0.002466729743430427,0.0024718718036139502,0.0020920080760071791,2.0920080760071791e-06,2.6344276079841951e-06,1.2592817581336884,1.2623919002648489,ABSTAIN,0,0.49999999999999978,0.49999999999999978,0.50209200807600718,0.5,0.0024697746243620422,0.0022226080589018002,0.00024658802402574955,True,,0,[],0,[],0,1117,0,0,,f6d29703e915cc8bd607742ff17055de0fa6159a56f7dada69cb32f4e57bad6c,0,0,0,False,False,abstain,fixed,none,standard,0.49999999999999978,0.5,0.49999999999999978,0.5,0.49999999999999978,0.5
1118,numerical_frozen_W,2024-01-24,2024-01-25,mix,-0.0037494387067804002,0.50123288835983337,0.5,-0.0018759499304303873,-0.0018777117282088697,-0.0018747193533902001,0.0012328883598333729,1.232888359833373e-06,1.5563882793844644e-06,1.2623919002648489,1.2600237162673713,ABSTAIN,0,0.49999999999999994,0.49999999999999994,0.50123288835983337,0.5,-0.0018759499304303873,-0.0016884662186704999,-0.00018781844385821686,True,,0,[],0,[],0,1118,0,0,,5a8708b1255dd054fa7ba938eed5701d8e7ce1e2fb7820ec50af980654537f72,0,0,0,False,False,abstain,fixed,none,standard,0.49999999999999994,0.5,0.49999999999999994,0.5,0.49999999999999994,0.5
1119,numerical_frozen_W,2024-01-25,2024-01-26,mix,0.046965497036486302,0.49906087973637153,0.5,0.02348178734485451,0.023210331476129671,0.023482748518243151,0.0009391202636284679,9.3912026362846791e-07,1.1833138045991355e-06,1.2600237162673713,1.289611325222235,ABSTAIN,0,0.49999999999999994,0.49999999999999994,0.49906087973637153,0.5,0.02348178734485451,0.021133524466306199,0.0022970227186475678,True,,0,[],0,[],0,1119,0,0,,f72df88ced0ec8c32263eefd5109d3c619dab514ebf8c8a94b76b9629e84b5c3,0,0,0,False,False,abstain,fixed,none,standard,0.49999999999999994,0.5,0.49999999999999994,0.5,0.49999999999999994,0.5
1120,numerical_frozen_W,2024-01-26,2024-01-27,mix,0.0074046968164107,0.51147198062314214,0.5,0.0036908339543129109,0.0036840395395796271,0.00370234840820535,0.011471980623142142,1.1471980623142142e-05,1.4794396134334137e-05,1.289611325222235,1.2943710664892316,ABSTAIN,0,0.49999999999999994,0.49999999999999994,0.51147198062314214,0.5,0.0036908339543129109,0.0033206922578767001,0.0003688486048022202,True,,0,[],0,[],0,1120,0,0,,2175a392aa11e177d9f77c2a08494961e9cb3bdba2c331f620d7813db855775c,0,0,0,False,False,abstain,fixed,none,standard,0.49999999999999994,0.5,0.49999999999999994,0.5,0.49999999999999994,0.5
1121,numerical_frozen_W,2024-01-27,2024-01-28,mix,-0.0021414547172544001,0.50184434579339043,0.5,-0.0010725697296291026,-0.0010731453441695249,-0.0010707273586272,0.0018443457933904339,1.844345793390434e-06,2.387267831565704e-06,1.2943710664892316,1.2929827632644075,ABSTAIN,0,0.5,0.5,0.50184434579339043,0.5,-0.0010725697296291026,-0.00096547943867890005,-0.00010719953000924611,True,,0,[],0,[],0,1121,0,0,,80c816f9aaf06c10c336bd0d4f055c03cc252ce10ed47759f33bc285f18936c7,0,0,0,False,False,abstain,fixed,none,standard,0.5,0.5,0.5,0.5,0.5,0.5
1122,numerical_frozen_W,2024-01-28,2024-01-29,mix,0.030194595854934701,0.4994640624777188,0.5,0.015096753898736548,0.01498393198886732,0.01509729792746735,0.00053593752228120461,5.3593752228120465e-07,6.9295797849623203e-07,1.2929827632644075,1.3125026058367186,ABSTAIN,0,0.49999999999999989,0.49999999999999989,0.4994640624777188,0.5,0.015096753898736548,0.0135870304049448,0.0014883776211711917,True,,0,[],0,[],0,1122,0,0,,2c89756be8fc9b5bb38ebd353d97236348f892e01358ce36316a1a6264da8f9e,0,0,0,False,False,abstain,fixed,none,standard,0.49999999999999989,0.5,0.49999999999999989,0.5,0.49999999999999989,0.5
1123,numerical_frozen_W,2024-01-29,2024-01-30,mix,-0.0081663194749168003,0.50743637972354561,0.5,-0.004090565753255726,-0.0040989550030140903,-0.0040831597374584002,0.0074363797235456053,7.4363797235456052e-06,9.7602677651449445e-06,1.3125026058367186,1.307133727626224,ABSTAIN,0,0.49999999999999983,0.49999999999999983,0.50743637972354561,0.5,-0.004090565753255726,-0.0036821896507416999,-0.00040996940418476643,True,,0,[],0,[],0,1123,0,0,,5c86f6c6891ea01d7cbb7fd4ecc844550a43df5807afffc9bf446a427bfa22a9,0,0,0,False,False,abstain,fixed,none,standard,0.49999999999999983,0.5,0.49999999999999983,0.5,0.49999999999999983,0.5
1124,numerical_frozen_W,2024-01-30,2024-01-31,mix,-0.0085153051958029996,0.49795004985738472,0.5,-0.0042596938200685219,-0.004268792162416526,-0.0042576525979014998,0.0020499501426152755,2.0499501426152755e-06,2.6795589713646147e-06,1.307133727626224,1.3015657381646515,ABSTAIN,0,0.49999999999999994,0.49999999999999994,0.49795004985738472,0.5,-0.0042596938200685219,-0.0038339081835997001,-0.00042751571397348824,True,,0,[],0,[],0,1124,0,0,,0306c0d9a5d5fb1b130190ac615c87a3b0e2d3eea572b4a9218e958348c1e5e1,0,0,0,False,False,abstain,fixed,none,standard,0.49999999999999994,0.5,0.49999999999999994,0.5,0.49999999999999994,0.5
1125,numerical_frozen_W,2024-01-31,2024-02-01,mix,0.0117636007092449,0.49786207114269582,0.5,0.0058796498508943973,0.0058624321660507633,0.0058818003546224499,0.0021379288573041832,2.1379288573041834e-06,2.7826549513006292e-06,1.3015657381646515,1.3092184889629805,ABSTAIN,0,0.49999999999999994,0.49999999999999994,0.49786207114269582,0.5,0.0058796498508943973,0.0052914934747900003,0.00058488945092854093,True,,0,[],0,[],0,1125,0,0,,1ad89c7f23a33d50aa4d9cc581587a7d2216651e55e055a69974b8e72f6b4910,0,0,0,False,False,abstain,fixed,none,standard,0.49999999999999994,0.5,0.49999999999999994,0.5,0.49999999999999994,0.5
1126,numerical_frozen_W,2024-02-01,2024-02-02,mix,0.0026299052491329002,0.50292370353681171,0.5,0.0013120250764979691,0.0013111651237015286,0.0013149526245664501,0.0029237035368117059,2.9237035368117059e-06,3.827766726640344e-06,1.3092184889629805,1.3109362164511147,ABSTAIN,0,0.49999999999999989,0.49999999999999989,0.50292370353681171,0.5,0.0013120250764979691,0.001180557774624,0.00013130365943794862,True,,0,[],0,[],0,1126,0,0,,2c503b56faf63976801bc625963590466087eaf630d07a144c68b5c7f72942b4,0,0,0,False,False,abstain,fixed,none,standard,0.49999999999999989,0.5,0.49999999999999989,0.5,0.49999999999999989,0.5
1127,numerical_frozen_W,2024-02-02,2024-02-03,mix,-0.0043755368135442998,0.50065661289743046,0.5,-0.0021884235831526322,-0.0021908216813842306,-0.0021877684067721499,0.00065661289743046414,6.5661289743046413e-07,8.6077762743049658e-07,1.3109362164511147,1.3080673327190242,ABSTAIN,0,0.49999999999999989,0.49999999999999989,0.50065661289743046,0.5,-0.0021884235831526322,-0.0019696404181357,-0.00021923897072919718,True,,0,[],0,[],0,1127,0,0,,d70da9bb3859602a0ca7a1504eaf5ef35315fd04d0144dd08c2cda53ddb7e229,0,0,0,False,False,abstain,fixed,none,standard,0.49999999999999989,0.5,0.49999999999999989,0.5,0.49999999999999989,0.5
1128,numerical_frozen_W,2024-02-03,2024-02-04,mix,-0.0098661340240944004,0.49890371738414208,0.5,-0.0049341578866275437,-0.00494637103461545,-0.0049330670120472002,0.0010962826158579242,1.0962826158579242e-06,1.4340114772315095e-06,1.3080673327190242,1.3016131219730487,ABSTAIN,0,0.49999999999999989,0.49999999999999989,0.49890371738414208,0.5,-0.0049341578866275437,-0.0044408405752174003,-0.00049564063661208888,True,,0,[],0,[],0,1128,0,0,,5e54ce4b6c47524d17e67f3a07b3cc17732c3c5ff7a22dfd9887273b98311eb8,0,0,0,False,False,abstain,fixed,none,standard,0.49999999999999989,0.5,0.49999999999999989,0.5,0.49999999999999989,0.5
1129,numerical_frozen_W,2024-02-04,2024-02-05,mix,0.0027194972452758998,0.49752123859787284,0.5,0.001357266490743525,0.0013563462371721877,0.0013597486226379499,0.0024787614021271609,2.4787614021271611e-06,3.2263883672490255e-06,1.3016131219730487,1.3033797578474147,ABSTAIN,0,0.49999999999999989,0.49999999999999989,0.49752123859787284,0.5,0.001357266490743525,0.0012213180009256999,0.00013577343838536886,True,,0,[],0,[],0,1129,0,0,,a502fbda9b2f7be6ee6f734c9edfc2d5dadd8e91488b3f453aeace167baf2fd8,0,0,0,False,False,abstain,fixed,none,standard,0.49999999999999989,0.5,0.49999999999999989,0.5,0.49999999999999989,0.5
1130,numerical_frozen_W,2024-02-05,2024-02-06,mix,0.0091457987877424998,0.50067895110848437,0.5,0.0045722173379876274,0.0045617965044319891,0.0045728993938712499,0.00067895110848437135,6.7895110848437131e-07,8.8493113136659369e-07,1.3033797578474147,1.3093390933742268,ABSTAIN,0,0.49999999999999989,0.49999999999999989,0.50067895110848437,0.5,0.0045722173379876274,0.0041149344348709004,0.00045530525807645304,True,,0,[],0,[],0,1130,0,0,,7029666504ca9825480ceb1d6c3bae936ea4951e1addd29a8220b623dc368895,0,0,0,False,False,abstain,fixed,none,standard,0.49999999999999989,0.5,0.49999999999999989,0.5,0.49999999999999989,0.5
1131,numerical_frozen_W,2024-02-06,2024-02-07,mix,0.029059337119410101,0.50227604158773875,0.5,0.014527359447987331,0.014422848326190353,0.01452966855970505,0.002276041587738753,2.276041587738753e-06,2.9801102289718944e-06,1.3093390933742268,1.3283603330229761,ABSTAIN,0,0.49999999999999989,0.49999999999999989,0.50227604158773875,0.5,0.014527359447987331,0.0130744179174784,0.0014331628581294546,True,,0,[],0,[],0,1131,0,0,,1c82d29f401cfced883b12dce485a26474afa52737bbb012c5000f2c35117c8a,0,0,0,False,False,abstain,fixed,none,standard,0.49999999999999989,0.5,0.49999999999999989,0.5,0.49999999999999989,0.5
1132,numerical_frozen_W,2024-02-07,2024-02-08,mix,0.021504382067578199,0.50716079036916306,0.5,0.010744953249234079,0.010687636451070317,0.010752191033789099,0.0071607903691630614,7.1607903691630617e-06,9.512109879489164e-06,1.3283603330229761,1.3426335026994449,ABSTAIN,0,0.5,0.5,0.50716079036916306,0.5,0.010744953249234079,0.0096698038803441997,0.0010642859012798874,True,,0,[],0,[],0,1132,0,0,,d176bccc72b1ac62c0e948d33577ae263f560040553f7bd1816c588db5773e7a,0,0,0,False,False,abstain,fixed,none,standard,0.5,0.5,0.5,0.5,0.5,0.5
1133,numerical_frozen_W,2024-02-08,2024-02-09,bull,0.040496055708018501,0.50531890562749704,0.5,0.020242601251032388,0.020040443379450417,0.020248027854009251,0.0053189056274970392,5.3189056274970391e-06,7.1413408931741395e-06,1.3426335026994449,1.3698118973208666,ABSTAIN,0,0.5,0.5,0.50531890562749704,0.5,0.020242601251032388,0.0182178576839764,0.0019865425635739141,True,,0,[],0,[],0,1133,0,0,,4173e8db4cd6c2796e3ecbeb4fb7a44da36acb43d824f4f78668ffc51d06fbfb,0,0,0,False,False,abstain,fixed,none,standard,0.5,0.5,0.5,0.5,0.5,0.5
1134,numerical_frozen_W,2024-02-09,2024-02-10,bull,0.013382844411437,0.50992309090594323,0.5,0.0066814327152215913,0.0066592108712446012,0.0066914222057185002,0.0099230909059432326,9.9230909059432324e-06,1.3592767981157536e-05,1.3698118973208666,1.378964203345326,ABSTAIN,0,0.49999999999999989,0.49999999999999989,0.50992309090594323,0.5,0.0066814327152215913,0.0060123773100852996,0.00066483578023404221,True,,0,[],0,[],0,1134,0,0,,70fca6cd72e343c188a84eeffd6cc6a01b8b2f3ccfe4ff50f28a76c515c870ba,0,0,0,False,False,abstain,fixed,none,standard,0.49999999999999989,0.5,0.49999999999999989,0.5,0.49999999999999989,0.5
1135,numerical_frozen_W,2024-02-10,2024-02-11,bull,0.0108693376216022,0.50332347234620189,0.5,0.0054313272764834331,0.0054166308086930869,0.0054346688108011,0.0033234723462018945,3.3234723462018944e-06,4.5829493962205164e-06,1.378964203345326,1.3864538092362497,ABSTAIN,0,0.49999999999999989,0.49999999999999989,0.50332347234620189,0.5,0.0054313272764834331,0.0048878933997200001,0.00054064437569036235,True,,0,[],0,[],0,1135,0,0,,5a9140213e5c11424fab734d3726db701719cb73d6b050288aa01702900b30fe,0,0,0,False,False,abstain,fixed,none,standard,0.49999999999999989,0.5,0.49999999999999989,0.5,0.49999999999999989,0.5
1136,numerical_frozen_W,2024-02-11,2024-02-12,bull,0.034467544788130099,0.5027026464172103,0.5,0.017231023170854565,0.017084252695775043,0.017233772394065049,0.0027026464172102971,2.702646417210297e-06,3.7470944201599191e-06,1.3864538092362497,1.4103438269485191,ABSTAIN,0,0.49999999999999994,0.49999999999999994,0.5027026464172103,0.5,0.017231023170854565,0.0155076765653057,0.0016955912913567649,True,,0,[],0,[],0,1136,0,0,,8d4d99bf9cef9997d82be867de4ddbed0752c1baf482f6d2ada2437aca42058b,0,0,0,False,False,abstain,fixed,none,standard,0.49999999999999994,0.5,0.49999999999999994,0.5,0.49999999999999994,0.5
1137,numerical_frozen_W,2024-02-12,2024-02-13,bull,-0.0045112962618114004,0.50847090062371081,0.5,-0.0022640999241583248,-0.0022666668736770006,-0.0022556481309057002,0.0084709006237108087,8.4709006237108088e-06,1.1946882403344899e-05,1.4103438269485191,1.4071506675968879,ABSTAIN,0,0.5,0.5,0.50847090062371081,0.5,-0.0022640999241583248,-0.0020384666877035999,-0.00022611968491942185,True,,0,[],0,[],0,1137,0,0,,b5b782b27185a3d206acde7a5a67dcb3a54bde673a3fc9b9d5df19566f937338,0,0,0,False,False,abstain,fixed,none,standard,0.5,0.5,0.5,0.5,0.5,0.5
1138,numerical_frozen_W,2024-02-13,2024-02-14,bull,0.041564083997103603,0.49886962620901831,0.5,0.020780888133285158,0.020567910993157718,0.020782041998551801,0.0011303737909816869,1.1303737909816868e-06,1.5906062346139058e-06,1.4071506675968879,1.4363925082068965,ABSTAIN,0,0.5,0.5,0.49886962620901831,0.5,0.020780888133285158,0.018702698055405899,0.0020379578548479008,True,,0,[],0,[],0,1138,0,0,,a861e2f422a1ea740da3400cdfe31d5f6fcba8019cbfc511d3b26b253451b6b1,0,0,0,False,False,abstain,fixed,none,standard,0.5,0.5,0.5,0.5,0.5,0.5
1139,numerical_frozen_W,2024-02-14,2024-02-15,bull,0.0022961469534050001,0.51017947080939208,0.5,0.0011378823191126042,0.0011372354217087707,0.0011480734767025001,0.010179470809392077,1.0179470809392078e-05,1.4621715608121574e-05,1.4363925082068965,1.438026953845291,ABSTAIN,0,0.5,0.5,0.51017947080939208,0.5,0.0011378823191126042,0.0010231574598289,0.00011460103071622208,True,,0,[],0,[],0,1139,0,0,,7d6c76618f1019032a7e457ccb4a904f4ea37bc7a0d3a8b4beaa739c6f8ef938,0,0,0,False,False,abstain,fixed,none,standard,0.5,0.5,0.5,0.5,0.5,0.5
1140,numerical_frozen_W,2024-02-15,2024-02-16,bull,0.0044873635149792999,0.50057337845775185,0.5,0.0022431070925530427,0.0022405950836074254,0.00224368175748965,0.0005733784577518497,5.7337845775184972e-07,8.245336770014033e-07,1.438026953845291,1.4412526023047438,ABSTAIN,0,0.49999999999999994,0.49999999999999994,0.50057337845775185,0.5,0.0022431070925530427,0.0020187447255810001,0.0002238852849548471,True,,0,[],0,[],0,1140,0,0,,23f7593445922a17f44e1687832f6f72a9b3ed1afbcb63173acbccc62f6789a2,0,0,0,False,False,abstain,fixed,none,standard,0.49999999999999994,0.5,0.49999999999999994,0.5,0.49999999999999994,0.5
1141,numerical_frozen_W,2024-02-16,2024-02-17,bull,-0.0093642944554629005,0.50111932945965565,0.5,-0.004683261316325793,-0.0046942621445445051,-0.0046821472277314502,0.0011193294596556491,1.1193294596556491e-06,1.6132364965650672e-06,1.4412526023047438,1.4345028397453161,ABSTAIN,0,0.49999999999999994,0.49999999999999994,0.50111932945965565,0.5,-0.004683261316325793,-0.0042150362185959999,-0.00047031761941743622,True,,0,[],0,[],0,1141,0,0,,7feaf24b8b221782b8157e3d22589bc3b20135b69b235c1ae996a5edf0c5bf83,0,0,0,False,False,abstain,fixed,none,standard,0.49999999999999994,0.5,0.49999999999999994,0.5,0.49999999999999994,0.5
1142,numerical_frozen_W,2024-02-17,2024-02-18,bull,0.0091294582349068006,0.49764791357118215,0.5,0.0045623662943869991,0.0045519902488620938,0.0045647291174534003,0.0023520864288178456,2.3520864288178457e-06,3.3740746614656186e-06,1.4345028397453161,1.4410475671505725,ABSTAIN,0,0.49999999999999989,0.49999999999999989,0.49764791357118215,0.5,0.0045623662943869991,0.0041059191731800003,0.00045447735931902072,True,,0,[],0,[],0,1142,0,0,,3b97d12ea86c16341cbcda8507c4a24611d43bda696b69baa074ffed535f24f0,0,0,0,False,False,abstain,fixed,none,standard,0.49999999999999989,0.5,0.49999999999999989,0.5,0.49999999999999989,0.5
1143,numerical_frozen_W,2024-02-18,2024-02-19,bull,-0.0064066772197437999,0.50227199352373431,0.5,-0.0032056033254310723,-0.0032107522783827009,-0.0032033386098719,0.0022719935237343059,2.2719935237343059e-06,3.2740507399591783e-06,1.4410475671505725,1.4364281402772103,ABSTAIN,0,0.49999999999999994,0.49999999999999994,0.50227199352373431,0.5,-0.0032056033254310723,-0.0028852485573903001,-0.0003213333677713464,True,,0,[],0,[],0,1143,0,0,,2c040eee66e058d382f5c8635f63e5a572eaf9978ce31f0617fcd6fbbac92914,0,0,0,False,False,abstain,fixed,none,standard,0.49999999999999994,0.5,0.49999999999999994,0.5,0.49999999999999994,0.5
1144,numerical_frozen_W,2024-02-19,2024-02-20,bull,0.0092674128488555996,0.49839318351778761,0.5,0.0046320921624296574,0.0046213970380130087,0.0046337064244277998,0.001606816482212392,1.6068164822123921e-06,2.3080764113111157e-06,1.4364281402772103,1.4430818078076819,ABSTAIN,0,0.49999999999999994,0.49999999999999994,0.49839318351778761,0.5,0.0046320921624296574,0.0041687389128881001,0.00046132324378924013,True,,0,[],0,[],0,1144,0,0,,59eda9e0395c4ac7b2c3ae94a4a491d1aa5c611f1fe32cd4ff8cd8aca9309277,0,0,0,False,False,abstain,fixed,none,standard,0.49999999999999994,0.5,0.49999999999999994,0.5,0.49999999999999994,0.5
1145,numerical_frozen_W,2024-02-20,2024-02-21,bull,-0.0077549341318511001,0.50230616711085663,0.5,-0.0038797642909492724,-0.0038873101000563843,-0.0038774670659255501,0.0023061671108566273,2.3061671108566272e-06,3.3279878034416007e-06,1.4430818078076819,1.4374829905408311,ABSTAIN,0,0.49999999999999994,0.49999999999999994,0.50230616711085663,0.5,-0.0038797642909492724,-0.0034919965472272,-0.0003892023017600648,True,,0,[],0,[],0,1145,0,0,,b2d94cdb2fa8a41e4041291df627538c8f4d61bb3f864cfdba96fac33264bd3b,0,0,0,False,False,abstain,fixed,none,standard,0.49999999999999994,0.5,0.49999999999999994,0.5,0.49999999999999994,0.5
1146,numerical_frozen_W,2024-02-21,2024-02-22,bull,-0.0103705874866462,0.49805371982977609,0.5,-0.0051872299314589254,-0.0052007303152736186,-0.0051852937433230998,0.001946280170223913,1.9462801702239129e-06,2.7977446395237884e-06,1.4374829905408311,1.4300264357463346,ABSTAIN,0,0.49999999999999989,0.49999999999999989,0.49805371982977609,0.5,-0.0051872299314589254,-0.0046686814481219996,-0.00052111653426184252,True,,0,[],0,[],0,1146,0,0,,f9b08f4001465708880cd08cc5d01a204e19b70787d78b5eff129709a1b2161b,0,0,0,False,False,abstain,fixed,none,standard,0.49999999999999989,0.5,0.49999999999999989,0.5,0.49999999999999989,0.5
1147,numerical_frozen_W,2024-02-22,2024-02-23,bull,-0.0112996001590011,0.49739383942018989,0.5,-0.0056523915157941085,-0.0056684267341543717,-0.0056498000795005502,0.0026061605798101128,2.6061605798101129e-06,3.7268785249284568e-06,1.4300264357463346,1.4219433664535608,ABSTAIN,0,0.5,0.5,0.49739383942018989,0.5,-0.0056523915157941085,-0.0050873857138903,-0.00056805621570247579,True,,0,[],0,[],0,1147,0,0,,64e5728c96042bbe1314b62c29d7ff52eb33a5df57c38065071321a972ea014f,0,0,0,False,False,abstain,fixed,none,standard,0.5,0.5,0.5,0.5,0.5,0.5
1148,numerical_frozen_W,2024-02-23,2024-02-24,bull,0.016379420778273701,0.49715904915594511,0.5,0.0081868461717282681,0.0081535157371328999,0.0081897103891368506,0.0028409508440548903,2.8409508440548903e-06,4.0396712071244959e-06,1.4219433664535608,1.4335845980596256,ABSTAIN,0,0.49999999999999989,0.49999999999999989,0.49715904915594511,0.5,0.0081868461717282681,0.0073679076873013997,0.00081261848920187278,True,,0,[],0,[],0,1148,0,0,,bfeef8f7ee323c9b29c8db64d9647b2eb6ee96e0877bcf78dbeac2e6c5da1641,0,0,0,False,False,abstain,fixed,none,standard,0.49999999999999989,0.5,0.49999999999999989,0.5,0.49999999999999989,0.5
1149,numerical_frozen_W,2024-02-24,2024-02-25,bull,0.0029299071582033999,0.504061591932919,0.5,0.0014608860371250199,0.0014598199812494157,0.0014649535791016999,0.0040615919329189953,4.0615919329189953e-06,5.8226356386358954e-06,1.4335845980596256,1.4356789017819684,ABSTAIN,0,0.49999999999999989,0.49999999999999989,0.504061591932919,0.5,0.0014608860371250199,0.0013144286704109001,0.00014625441595935719,True,,0,[],0,[],0,1149,0,0,,a1ff7ab116a8aadf85b1d9e778341c941f97ae40687ff516b6870d0fdede35ed,0,0,0,False,False,abstain,fixed,none,standard,0.49999999999999989,0.5,0.49999999999999989,0.5,0.49999999999999989,0.5
1150,numerical_frozen_W,2024-02-25,2024-02-26,bull,0.053601223447345303,0.50073140531471738,0.5,0.02679986071624807,0.026447034366463625,0.026800611723672652,0.00073140531471738157,7.3140531471738154e-07,1.0500631789909453e-06,1.4356789017819684,1.4741548963829811,ABSTAIN,0,0.5,0.5,0.50073140531471738,0.5,0.02679986071624807,0.024119808886072298,0.0026135137279100079,True,,0,[],0,[],0,1150,0,0,,9dbbfbb0a792a9a29cadda75f10895bf7f434f2427d025a6be36248e4d5643d7,0,0,0,False,False,abstain,fixed,none,standard,0.5,0.5,0.5,0.5,0.5,0.5
1151,numerical_frozen_W,2024-02-26,2024-02-27,bull,0.046996885958554099,0.51305054331759836,0.5,0.023485085768511382,0.023213554218715491,0.02349844297927705,0.013050543317598362,1.3050543317598362e-05,1.923852233209582e-05,1.4741548963829811,1.5087755505606064,ABSTAIN,0,0.49999999999999989,0.49999999999999989,0.51305054331759836,0.5,0.023485085768511382,0.0211353708767614,0.0022984372659860218,True,,0,[],0,[],0,1151,0,0,,5156b9974affc6c0ba4aa821ea0de3f1d93682a47acc1bc4c967e8fac43c7c3b,0,0,0,False,False,abstain,fixed,none,standard,0.49999999999999989,0.5,0.49999999999999989,0.5,0.49999999999999989,0.5
1152,numerical_frozen_W,2024-02-27,2024-02-28,bull,0.094843329909808094,0.51147947177666242,0.5,0.047409641107462708,0.046320107620831642,0.047421664954904047,0.01147947177666242,1.147947177666242e-05,1.7319946349978787e-05,1.5087755505606064,1.5803060579243993,ABSTAIN,0,0.50000000000000011,0.50000000000000011,0.51147947177666242,0.5,0.047409641107462708,0.042667621475336898,0.0045376578690802805,True,,0,[],0,[],0,1152,0,0,,3f1f4db3ab8ed9d1d77c29de127d8ca228c79decbdd33c5d518ebeab1c773e96,0,0,0,False,False,abstain,fixed,none,standard,0.50000000000000011,0.5,0.50000000000000011,0.5,0.50000000000000011,0.5
1153,numerical_frozen_W,2024-02-28,2024-02-29,bull,-0.020783574204867698,0.52263733248106237,0.5,-0.010414189192575196,-0.010468796317663169,-0.010391787102433849,0.022637332481062367,2.2637332481062366e-05,3.5773913655071628e-05,1.5803060579243993,1.563848451655002,ABSTAIN,0,0.5,0.5,0.52263733248106237,0.5,-0.010414189192575196,-0.0093749107234798006,-0.0010496645225758945,True,,0,[],0,[],0,1153,0,0,,55ec33b8dafcc941e294b7e3a2df4af5b4c32e44866c4cb2e110a46c7a62879f,0,0,0,False,False,abstain,fixed,none,standard,0.5,0.5,0.5,0.5,0.5,0.5
1154,numerical_frozen_W,2024-02-29,2024-03-01,bull,0.020081969223123299,0.49474954483653349,0.5,0.010035681436658672,0.0099856583842511046,0.01004098461156165,0.0052504551634665053,5.2504551634665051e-06,8.2109161778711049e-06,1.563848451655002,1.5795427365310235,ABSTAIN,0,0.49999999999999989,0.49999999999999989,0.49474954483653349,0.5,0.010035681436658672,0.0090316467283759003,0.00099455305629239307,True,,0,[],0,[],0,1154,0,0,,0b59f647148d45e213694a11ef7362af251fe6393de50aef314adce127977f48,0,0,0,False,False,abstain,fixed,none,standard,0.49999999999999989,0.5,0.49999999999999989,0.5,0.49999999999999989,0.5
1155,numerical_frozen_W,2024-03-01,2024-03-02,bull,-0.0064617766359976996,0.50497058276076945,0.5,-0.0032358428413618023,-0.003241089502112503,-0.0032308883179988498,0.0049705827607694486,4.9705827607694486e-06,7.8512478960997047e-06,1.5795427365310235,1.5744315844743946,ABSTAIN,0,0.49999999999999994,0.49999999999999994,0.50497058276076945,0.5,-0.0032358428413618023,-0.0029127109367629998,-0.00032412836777794994,True,,0,[],0,[],0,1155,0,0,,771964ebdd12cf5fc846ebced8a473589f65e59646b31a5fc7a0dcc40f6c7cb5,0,0,0,False,False,abstain,fixed,none,standard,0.49999999999999994,0.5,0.49999999999999994,0.5,0.49999999999999994,0.5
1156,numerical_frozen_W,2024-03-02,2024-03-03,bull,0.018409697634467599,0.49837931960364079,0.5,0.0092032132187194193,0.009161121706291693,0.0092048488172337996,0.0016206803963592087,1.6206803963592087e-06,2.551650404366419e-06,1.5744315844743946,1.5889214140445986,ABSTAIN,0,0.5,0.5,0.49837931960364079,0.5,0.0092032132187194193,0.0082827466940811004,0.00091248871793474413,True,,0,[],0,[],0,1156,0,0,,7fc01490385f8f86cf91f212ba4e85ad24099ec2fbb90d9395257d001a86c64d,0,0,0,False,False,abstain,fixed,none,standard,0.5,0.5,0.5,0.5,0.5,0.5
1157,numerical_frozen_W,2024-03-03,2024-03-04,bull,0.081321532316055198,0.50456044619089069,0.5,0.040656020280600558,0.039851303021039071,0.040660766158027599,0.0045604461908906879,4.5604461908906878e-06,7.2461906103043353e-06,1.5889214140445986,1.6535206352782763,ABSTAIN,0,0.5,0.5,0.50456044619089069,0.5,0.040656020280600558,0.036590005208734198,0.0039148181918594385,True,,0,[],0,[],0,1157,0,0,,2cb5e249bfcf7752ee0ba7caa6804e96fdca58f404f7ccc79099e6035677f9e5,0,0,0,False,False,abstain,fixed,none,standard,0.5,0.5,0.5,0.5,0.5,0.5
1158,numerical_frozen_W,2024-03-04,2024-03-05,bull,-0.065585080437849094,0.51953603300917239,0.5,-0.032811435615785589,-0.033361803175547301,-0.032792540218924547,0.019536033009172393,1.9536033009172395e-05,3.2303233712144112e-05,1.6535206352782763,1.5992662494144703,ABSTAIN,0,0.49999999999999989,0.49999999999999989,0.51953603300917239,0.5,-0.032811435615785589,-0.029532129688316599,-0.0033848199295475438,True,,0,[],0,[],0,1158,0,0,,fbb2fe679ab017e40a61fda91fd7500a0db1169bac3d5cb11d402efd671fcc1c,0,0,0,False,False,abstain,fixed,none,standard,0.49999999999999989,0.5,0.49999999999999989,0.5,0.49999999999999989,0.5
1159,numerical_frozen_W,2024-03-05,2024-03-06,bull,0.035863093838470299,0.48304782501039278,0.5,0.01791429076552431,0.017755720836809364,0.017931546919235149,0.016952174989607216,1.6952174989607216e-05,2.7111041315046919e-05,1.5992662494144703,1.6279159700179706,ABSTAIN,0,0.49999999999999983,0.49999999999999983,0.48304782501039278,0.5,0.01791429076552431,0.016121396352440399,0.0017628942193766775,True,,0,[],0,[],0,1159,0,0,,f2d50548eb86efb988f8de2156ef0b569bbdc49c1ea716f0747d6736984062c5,0,0,0,False,False,abstain,fixed,none,standard,0.49999999999999983,0.5,0.49999999999999983,0.5,0.49999999999999983,0.5
1160,numerical_frozen_W,2024-03-06,2024-03-07,bull,0.011726623930848,0.50880783534683882,0.5,0.005854452486990569,0.0058373817740771288,0.0058633119654239998,0.0088078353468388215,8.8078353468388225e-06,1.4338415822407689e-05,1.6279159700179706,1.637446526717254,ABSTAIN,0,0.5,0.5,0.50880783534683882,0.5,0.005854452486990569,0.0052681995291554004,0.00058301066208282792,True,,0,[],0,[],0,1160,0,0,,af20cf5a2bbde4fcf2d0c027fd3bbd73a30872072de76da5805bdb4b629b1b24,0,0,0,False,False,abstain,fixed,none,standard,0.5,0.5,0.5,0.5,0.5,0.5
1161,numerical_frozen_W,2024-03-07,2024-03-08,bull,0.019694773637991301,0.50291456696733838,0.5,0.009844443551159987,0.0097963027054617496,0.0098473868189956505,0.0029145669673383834,2.9145669673383835e-06,4.7724475575530768e-06,1.637446526717254,1.6535662766175649,ABSTAIN,0,0.5,0.5,0.50291456696733838,0.5,0.009844443551159987,0.0088597354454777993,0.00097558443087239141,True,,0,[],0,[],0,1161,0,0,,9377d1ad3b404c2c5b7eaab91095403b15df5004fbd7006dd43e9d235252eea2,0,0,0,False,False,abstain,fixed,none,standard,0.5,0.5,0.5,0.5,0.5,0.5
1162,numerical_frozen_W,2024-03-08,2024-03-09,bull,0.0028530775098281002,0.50487568069568156,0.5,0.0014216561188709065,0.0014206465225633151,0.0014265387549140501,0.0048756806956815613,4.8756806956815614e-06,8.062261173934298e-06,1.6535662766175649,1.6559170792326769,ABSTAIN,0,0.5,0.5,0.50487568069568156,0.5,0.0014216561188709065,0.0012790470407679001,0.00014241676563957173,True,,0,[],0,[],0,1162,0,0,,472d5bbb34cc22b0ea30f24f80b8a74b3565a764bfe8e8da8b9f7a0ae224e43b,0,0,0,False,False,abstain,fixed,none,standard,0.5,0.5,0.5,0.5,0.5,0.5
1163,numerical_frozen_W,2024-03-09,2024-03-10,bull,0.0087513621437399994,0.50071225332049207,0.5,0.0043749657019560573,0.0043654233609957708,0.0043756810718699997,0.00071225332049207335,7.1225332049207332e-07,1.1794324381430099e-06,1.6559170792326769,1.6631616596596031,ABSTAIN,0,0.5,0.5,0.50071225332049207,0.5,0.0043749657019560573,0.0039374049561546002,0.00043574969623043271,True,,0,[],0,[],0,1163,0,0,,19e671901e93d82e14f0f38b9184f936bfb543c250c8ccdc0338394a2d500c78,0,0,0,False,False,abstain,fixed,none,standard,0.5,0.5,0.5,0.5,0.5,0.5
1164,numerical_frozen_W,2024-03-10,2024-03-11,bull,0.045447822657355502,0.50217830895069082,0.5,0.02272168352002768,0.022467390834485811,0.022723911328677751,0.0021783089506908215,2.1783089506908215e-06,3.6228799296823151e-06,1.6631616596596031,1.7009514925330325,ABSTAIN,0,0.49999999999999994,0.49999999999999994,0.50217830895069082,0.5,0.02272168352002768,0.020449318606568401,0.0022243520958520266,True,,0,[],0,[],0,1164,0,0,,ed8c68c19130d4dd00aef25ae8f1afc6c13607fce9517f03fdc62e4983706d1f,0,0,0,False,False,abstain,fixed,none,standard,0.49999999999999994,0.5,0.49999999999999994,0.5,0.49999999999999994,0.5
1165,numerical_frozen_W,2024-03-11,2024-03-12,bull,-0.0087227163723264996,0.51110950427430413,0.5,-0.0043724192379100968,-0.0043820062186450638,-0.0043613581861632498,0.011109504274304127,1.1109504274304127e-05,1.8896727876679709e-05,1.7009514925330325,1.6935142195043291,ABSTAIN,0,0.50000000000000011,0.50000000000000011,0.51110950427430413,0.5,-0.0043724192379100968,-0.0039362020012339996,-0.00043803698535108907,True,,0,[],0,[],0,1165,0,0,,9945e398c522a9ce69c81876458769a5ace0cf7ea5bcd107dbd536831e31a405,0,0,0,False,False,abstain,fixed,none,standard,0.50000000000000011,0.5,0.50000000000000011,0.5,0.50000000000000011,0.5
1166,numerical_frozen_W,2024-03-12,2024-03-13,bull,0.022332384686204899,0.49780976852293629,0.5,0.011163977655079371,0.011102120412676646,0.011166192343102449,0.0021902314770637088,2.1902314770637087e-06,3.7091881504133605e-06,1.6935142195043291,1.7124205744094347,ABSTAIN,0,0.5,0.5,0.49780976852293629,0.5,0.011163977655079371,0.0100473839478012,0.0011048758601701972,True,,0,[],0,[],0,1166,0,0,,258227d858130c73902062df278e9fd656fc75d43f4d60583ebf4b4650c73886,0,0,0,False,False,abstain,fixed,none,standard,0.5,0.5,0.5,0.5,0.5,0.5
1167,numerical_frozen_W,2024-03-13,2024-03-14,bull,-0.0229763926735033,0.50552144268056864,0.5,-0.011493654348014748,-0.011560216916111421,-0.01148819633675165,0.0055214426805686445,5.5214426805686446e-06,9.455032046628128e-06,1.7124205744094347,1.6927386042287438,ABSTAIN,0,0.49999999999999994,0.49999999999999994,0.50552144268056864,0.5,-0.011493654348014748,-0.010344792394423,-0.0011615452548544517,True,,0,[],0,[],0,1167,0,0,,a65f9a08a37ee5b8390cfafe9b77ae56c45d75d5512cf87b05f4b819f0f08a3f,0,0,0,False,False,abstain,fixed,none,standard,0.49999999999999994,0.5,0.49999999999999994,0.5,0.49999999999999994,0.5
1168,numerical_frozen_W,2024-03-14,2024-03-15,bull,-0.026948695499912498,0.49418914559533916,0.5,-0.013480080306887965,-0.013571761434314818,-0.013474347749956249,0.0058108544046608368,5.8108544046608372e-06,9.8362575743220332e-06,1.6927386042287438,1.6699203519051709,ABSTAIN,0,0.49999999999999989,0.49999999999999989,0.49418914559533916,0.5,-0.013480080306887965,-0.0121325893608423,-0.0013649714365148082,True,,0,[],0,[],0,1168,0,0,,af4f6ed70716fd29adf3938eb05610af135c8afee40815524c6f808737cc63d2,0,0,0,False,False,abstain,fixed,none,standard,0.49999999999999989,0.5,0.49999999999999989,0.5,0.49999999999999989,0.5
1169,numerical_frozen_W,2024-03-15,2024-03-16,bull,-0.059736236336388603,0.49317080720647033,0.5,-0.0298747433858505,-0.030330085291286741,-0.029868118168194301,0.0068291927935296703,6.8291927935296702e-06,1.1404208032999325e-05,1.6699203519051709,1.6200319099171947,ABSTAIN,0,0.49999999999999989,0.49999999999999989,0.49317080720647033,0.5,-0.0298747433858505,-0.026887876536580702,-0.0030741166592379368,True,,0,[],0,[],0,1169,0,0,,eca0039d5f8168f8596162eefcb65f9f431163fdebb87b574eab228dc6ddc9b4,0,0,0,False,False,abstain,fixed,none,standard,0.49999999999999989,0.5,0.49999999999999989,0.5,0.49999999999999989,0.5
1170,numerical_frozen_W,2024-03-16,2024-03-17,bull,0.047110735490903902,0.4846061557569899,0.5,0.023539611293546647,0.023266827171529805,0.023555367745451951,0.015393844243010102,1.5393844243010102e-05,2.4938518889971471e-05,1.6200319099171947,1.6581668313597875,ABSTAIN,0,0.49999999999999994,0.49999999999999994,0.4846061557569899,0.5,0.023539611293546647,0.0211843157494595,0.0023037795515027729,True,,0,[],0,[],0,1170,0,0,,c027d3b4b521a4d0c002c14291fba77207058c719c2597387bef68c11235d7ac,0,0,0,False,False,abstain,fixed,none,standard,0.49999999999999994,0.5,0.49999999999999994,0.5,0.49999999999999994,0.5
1171,numerical_frozen_W,2024-03-17,2024-03-18,bull,-0.0116550082466748,0.51150664071907348,0.5,-0.0058389437090602403,-0.0058560569890464473,-0.0058275041233374,0.01150664071907348,1.1506640719073479e-05,1.9079929980741576e-05,1.6581668313597875,1.6484848885712469,ABSTAIN,0,0.49999999999999994,0.49999999999999994,0.51150664071907348,0.5,-0.0058389437090602403,-0.0052561116777223001,-0.00058608336170087264,True,,0,[],0,[],0,1171,0,0,,32cb67e07ed4af4172db456b7bff79821bbc55fd0e2b39dd39ad0b69c2ae4da5,0,0,0,False,False,abstain,fixed,none,standard,0.49999999999999994,0.5,0.49999999999999994,0.5,0.49999999999999994,0.5
1172,numerical_frozen_W,2024-03-18,2024-03-19,bull,-0.082020472200976094,0.49706916850571359,0.5,-0.041013046737890746,-0.041877808714589217,-0.041010236100488047,0.0029308314942864122,2.9308314942864124e-06,4.8314314292798372e-06,1.6484848885712469,1.5808755007895676,ABSTAIN,0,0.5,0.5,0.49706916850571359,0.5,-0.041013046737890746,-0.036912005283641899,-0.0042673129701596146,True,,0,[],0,[],0,1172,0,0,,0e7c193a5c83d1352f8047918902038ef133eef710e2ab663948b058dab91045,0,0,0,False,False,abstain,fixed,none,standard,0.5,0.5,0.5,0.5,0.5,0.5
1173,numerical_frozen_W,2024-03-19,2024-03-20,bull,0.093537469782433602,0.4786180011277027,0.5,0.046746352883307862,0.045686641682058722,0.046768734891216801,0.021381998872297303,2.1381998872297305e-05,3.380227817512497e-05,1.5808755007895676,1.6547756648140528,ABSTAIN,0,0.49999999999999989,0.49999999999999989,0.4786180011277027,0.5,0.046746352883307862,0.042069896147370202,0.0044776217643202817,True,,0,[],0,[],0,1173,0,0,,dabe8f67b2990bcd80bfef045948ca4c1477836d619b3bdaf2bef046db4c47c9,0,0,0,False,False,abstain,fixed,none,standard,0.49999999999999989,0.5,0.49999999999999989,0.5,0.49999999999999989,0.5
1174,numerical_frozen_W,2024-03-20,2024-03-21,bull,-0.034636130515518601,0.52233957383914276,0.5,-0.017340017953400788,-0.017492116894754654,-0.017318065257759301,0.022339573839142757,2.2339573839142756e-05,3.696698315133008e-05,1.6547756648140528,1.6260818250773263,ABSTAIN,0,0.49999999999999983,0.49999999999999983,0.52233957383914276,0.5,-0.017340017953400788,-0.015608127911239099,-0.0017608996794226985,True,,0,[],0,[],0,1174,0,0,,6a724b765f71c63c28cf6dbc0dea75e2520e582b9ebe1532b13a7f23ca16a109,0,0,0,False,False,abstain,fixed,none,standard,0.49999999999999983,0.5,0.49999999999999983,0.5,0.49999999999999983,0.5
1175,numerical_frozen_W,2024-03-21,2024-03-22,bull,-0.026232065925946201,0.49118836693466744,0.5,-0.01312472902236872,-0.013211619390754565,-0.0131160329629731,0.0088116330653325581,8.8116330653325583e-06,1.4328436376787684e-05,1.6260818250773263,1.6047399417549877,ABSTAIN,0,0.49999999999999983,0.49999999999999983,0.49118836693466744,0.5,-0.01312472902236872,-0.0118130350417892,-0.0013282560413149496,True,,0,[],0,[],0,1175,0,0,,3930340ba45a2e1e3970d13901030d405223e0e8743a6aed60dd7a4bf0248d64,0,0,0,False,False,abstain,fixed,none,standard,0.49999999999999983,0.5,0.49999999999999983,0.5,0.49999999999999983,0.5
1176,numerical_frozen_W,2024-03-22,2024-03-23,bull,0.0039554444191862003,0.49335482518661644,0.5,0.0019710638924699264,0.001969123894857038,0.0019777222095931002,0.0066451748133835586,6.6451748133835589e-06,1.0663777442980843e-05,1.6047399417549877,1.6079029867109853,ABSTAIN,0,0.49999999999999983,0.49999999999999983,0.49335482518661644,0.5,0.0019710638924699264,0.0017733683030607,0.00019732615285083187,True,,0,[],0,[],0,1176,0,0,,bba8a016c4301d191a669a2206aed9e7400d999d76da0adadc8251dfe0902abe,0,0,0,False,False,abstain,fixed,none,standard,0.49999999999999983,0.5,0.49999999999999983,0.5,0.49999999999999983,0.5
1177,numerical_frozen_W,2024-03-23,2024-03-24,bull,0.049566037559066502,0.50098690927240963,0.5,0.024782007411669804,0.024479914275756763,0.024783018779533251,0.00098690927240963067,9.8690927240963063e-07,1.5868543667202106e-06,1.6079029867109853,1.647750050444903,ABSTAIN,0,0.49999999999999994,0.49999999999999994,0.50098690927240963,0.5,0.024782007411669804,0.022303717871605198,0.0024212867299399261,True,,0,[],0,[],0,1177,0,0,,ae3732e0e953cc48b5228e93a5b47e4c0164b2ef835b4c5662f18a4cd0b3b4b9,0,0,0,False,False,abstain,fixed,none,standard,0.49999999999999994,0.5,0.49999999999999994,0.5,0.49999999999999994,0.5
1178,numerical_frozen_W,2024-03-24,2024-03-25,bull,0.0398753792111219,0.51209183716229445,0.5,0.019925356685102535,0.019729444897925618,0.01993768960556095,0.01209183716229445,1.209183716229445e-05,1.9924325294142233e-05,1.647750050444903,1.6805820579279134,ABSTAIN,0,0.49999999999999994,0.49999999999999994,0.51209183716229445,0.5,0.019925356685102535,0.017931705379998299,0.0019566160730784682,True,,0,[],0,[],0,1178,0,0,,3906fee355f4ae622f1480674ba548b3b6937ba387a4d1cf796d4fc673e7d694,0,0,0,False,False,abstain,fixed,none,standard,0.49999999999999994,0.5,0.49999999999999994,0.5,0.49999999999999994,0.5
1179,numerical_frozen_W,2024-03-25,2024-03-26,bull,0.001535225776913,0.5097739743362516,0.5,0.00075783141149154964,0.00075754440226134779,0.00076761288845649998,0.0097739743362516007,9.773974336251601e-06,1.6425965904152329e-05,1.6805820579279134,1.6818556558010003,ABSTAIN,0,0.5,0.5,0.5097739743362516,0.5,0.00075783141149154964,0.0006811497149816,7.6626564457449851e-05,True,,0,[],0,[],0,1179,0,0,,00650fb4c640166ab0c3ee403f2cca6438b585f0f6895d2c210718ddb51338f9,0,0,0,False,False,abstain,fixed,none,standard,0.5,0.5,0.5,0.5,0.5,0.5
1180,numerical_frozen_W,2024-03-26,2024-03-27,bull,-0.0079557938436527996,0.50038351205543163,0.5,-0.0039782789083103731,-0.0039862133103472953,-0.0039778969218263998,0.00038351205543163402,3.8351205543163403e-07,6.4501191949556033e-07,1.6818556558010003,1.6751647649187047,ABSTAIN,0,0.49999999999999983,0.49999999999999983,0.50038351205543163,0.5,-0.0039782789083103731,-0.0035804855763146002,-0.00039930245388472519,True,,0,[],0,[],0,1180,0,0,,5cc11dd649e9700d8e20c5460bed945372e1c80bcb98c9860b3666aabd5107af,0,0,0,False,False,abstain,fixed,none,standard,0.49999999999999983,0.5,0.49999999999999983,0.5,0.49999999999999983,0.5
1181,numerical_frozen_W,2024-03-27,2024-03-28,bull,0.019004239484810601,0.4980031081089803,0.5,0.0095001038758082412,0.0094552616690244725,0.0095021197424053003,0.0019968918910197031,1.9968918910197031e-06,3.345122935188089e-06,1.6751647649187047,1.6910790041945263,ABSTAIN,0,0.49999999999999994,0.49999999999999994,0.4980031081089803,0.5,0.0095001038758082412,0.0085499147347042996,0.00094169044628104707,True,,0,[],0,[],0,1181,0,0,,f203ac913574fa2b43152bf90b6154dd4e65d7182ef1b438e5ddd97f6bbc95ce,0,0,0,False,False,abstain,fixed,none,standard,0.49999999999999994,0.5,0.49999999999999994,0.5,0.49999999999999994,0.5
1182,numerical_frozen_W,2024-03-28,2024-03-29,bull,-0.0125830070051624,0.50470633966812772,0.5,-0.006296180232296833,-0.006316084767400012,-0.0062915035025812001,0.0047063396681277236,4.7063396681277237e-06,7.9587921993786289e-06,1.6910790041945263,1.6804316659970644,ABSTAIN,0,0.49999999999999989,0.49999999999999989,0.50470633966812772,0.5,-0.006296180232296833,-0.0056669904110296003,-0.00063297604247942139,True,,0,[],0,[],0,1182,0,0,,b76bcd7d0a1d3ba4d80eb282b5b19f4b1c2236d3fe03295c46bdfe63747fa9c9,0,0,0,False,False,abstain,fixed,none,standard,0.49999999999999989,0.5,0.49999999999999989,0.5,0.49999999999999989,0.5
1183,numerical_frozen_W,2024-03-29,2024-03-30,bull,-0.0037239683591496001,0.49683433143383743,0.5,-0.0018651439537161751,-0.0018668855005274684,-0.0018619841795748,0.0031656685661625716,3.1656685661625716e-06,5.3196897026311084e-06,1.6804316659970644,1.6772974190355967,ABSTAIN,0,0.49999999999999989,0.49999999999999989,0.49683433143383743,0.5,-0.0018651439537161751,-0.0016789125418953,-0.00018656200550475153,True,,0,[],0,[],0,1183,0,0,,79dfdc62183324ce84d9dbd2276db790da9cf637101ec2f4b977d74760f39b45,0,0,0,False,False,abstain,fixed,none,standard,0.49999999999999989,0.5,0.49999999999999989,0.5,0.49999999999999989,0.5
1184,numerical_frozen_W,2024-03-30,2024-03-31,bull,0.024715743806698401,0.49906727118391325,0.5,0.012356927647990013,0.01228120398724343,0.0123578719033492,0.00093272881608674751,9.3272881608674751e-07,1.5644636358824293e-06,1.6772974190355967,1.6980236618867799,ABSTAIN,0,0.49999999999999989,0.49999999999999989,0.49906727118391325,0.5,0.012356927647990013,0.0111211512154762,0.0012214380764104405,True,,0,[],0,[],0,1184,0,0,,3de221b3e242b4a6670852ba8d4d0aa4b9367e8eac113af7f3d3fc3d3a1291bd,0,0,0,False,False,abstain,fixed,none,standard,0.49999999999999989,0.5,0.49999999999999989,0.5,0.49999999999999989,0.5
1185,numerical_frozen_W,2024-03-31,2024-04-01,bull,-0.023378007065552701,0.50610350956234229,0.5,-0.011695035698393808,-0.011763960541071178,-0.011689003532776351,0.0061035095623422908,6.1035095623422909e-06,1.0363903657409434e-05,1.6980236618867799,1.6781652145442967,ABSTAIN,0,0.5,0.5,0.50610350956234229,0.5,-0.011695035698393808,-0.0105260893938938,-0.0011820800145515634,True,,0,[],0,[],0,1185,0,0,,21fc028ba136182f53e9382ec13829cd98b52727c3858e8e7943ea7a5c061441,0,0,0,False,False,abstain,fixed,none,standard,0.5,0.5,0.5,0.5,0.5,0.5
1186,numerical_frozen_W,2024-04-01,2024-04-02,bull,-0.060650777154471897,0.49408637383649512,0.5,-0.030331122870388194,-0.030800629546493399,-0.030325388577235948,0.0059136261635048815,5.9136261635048813e-06,9.9240417194129366e-06,1.6781652145442967,1.6272645792251423,ABSTAIN,0,0.49999999999999989,0.49999999999999989,0.49408637383649512,0.5,-0.030331122870388194,-0.0272985376963873,-0.0031225637835502473,True,,0,[],0,[],0,1186,0,0,,bcece46df5602c48c790d4f72d4edbe24655ad117c42f4ba0312a09a618f68af,0,0,0,False,False,abstain,fixed,none,standard,0.49999999999999989,0.5,0.49999999999999989,0.5,0.49999999999999989,0.5
1187,numerical_frozen_W,2024-04-02,2024-04-03,bull,0.0080043765816208007,0.48436311097557733,0.5,0.0039864888200118465,0.0039785638284006875,0.0040021882908104003,0.015636889024422673,1.5636889024422673e-05,2.544535563871741e-05,1.6272645792251423,1.6337516512774246,ABSTAIN,0,0.49999999999999989,0.49999999999999989,0.48436311097557733,0.5,0.0039864888200118465,0.0035864816175743002,0.00039849829980906316,True,,0,[],0,[],0,1187,0,0,,d66ae108a3c462319083a1028e2599d4be7b44e6698749b9307f77503230f960,0,0,0,False,False,abstain,fixed,none,standard,0.49999999999999989,0.5,0.49999999999999989,0.5,0.49999999999999989,0.5
1188,numerical_frozen_W,2024-04-03,2024-04-04,bull,0.038407895335263703,0.50199311731462648,0.5,0.019201916274596442,0.019019886009226307,0.019203947667631852,0.0019931173146264802,1.9931173146264803e-06,3.2562587039606386e-06,1.6337516512774246,1.6651228136987375,ABSTAIN,0,0.49999999999999994,0.49999999999999994,0.50199311731462648,0.5,0.019201916274596442,0.017281544810588301,0.0018859687003746836,True,,0,[],0,[],0,1188,0,0,,157a62b3fcba9a969c7215d0a121663def224f2527c3aa567ab26710d4d66a68,0,0,0,False,False,abstain,fixed,none,standard,0.49999999999999994,0.5,0.49999999999999994,0.5,0.49999999999999994,0.5
1189,numerical_frozen_W,2024-04-04,2024-04-05,bull,-0.0097216646106003998,0.50942105243586366,0.5,-0.0048702075635800313,-0.0048821056709905438,-0.0048608323053001999,0.0094210524358636638,9.4210524358636634e-06,1.568720934000865e-05,1.6651228136987375,1.6570133199771722,ABSTAIN,0,0.49999999999999989,0.49999999999999989,0.50942105243586366,0.5,-0.0048702075635800313,-0.0043840526439713002,-0.00048841488850679196,True,,0,[],0,[],0,1189,0,0,,65af45b600b7315e9c6cb5094db899930537635ad2fa28b6077e76fe232b4432,0,0,0,False,False,abstain,fixed,none,standard,0.49999999999999989,0.5,0.49999999999999989,0.5,0.49999999999999989,0.5
1190,numerical_frozen_W,2024-04-05,2024-04-06,bull,0.015627165320666499,0.49755771229638129,0.5,0.0078111212896125881,0.0077807724184092153,0.0078135826603332494,0.0024422877036187063,2.4422877036187062e-06,4.0469032561126563e-06,1.6570133199771722,1.6699564519980175,ABSTAIN,0,0.49999999999999983,0.49999999999999983,0.49755771229638129,0.5,0.0078111212896125881,0.0070297907152543004,0.0007755754897255376,True,,0,[],0,[],0,1190,0,0,,44692c0ca80ea263ef73f435ae77fc39e36f5557218e698eeb01cf1fb13b924f,0,0,0,False,False,abstain,fixed,none,standard,0.49999999999999983,0.5,0.49999999999999983,0.5,0.49999999999999983,0.5
1191,numerical_frozen_W,2024-04-06,2024-04-07,bull,0.0068195080315744004,0.50387650196165634,0.5,0.0034058642959073904,0.0034000774757998197,0.0034097540157872002,0.0038765019616563423,3.876501961656342e-06,6.4735894620509806e-06,1.6699564519980175,1.6756440970535977,ABSTAIN,0,0.49999999999999994,0.49999999999999994,0.50387650196165634,0.5,0.0034058642959073904,0.0030649261132558001,0.00033983867351821328,True,,0,[],0,[],0,1191,0,0,,1440f9503140096bf6fef75a7d594931612e5faf1599ddd96bb1af9aa5fa1325,0,0,0,False,False,abstain,fixed,none,standard,0.49999999999999994,0.5,0.49999999999999994,0.5,0.49999999999999994,0.5
1192,numerical_frozen_W,2024-04-07,2024-04-08,bull,0.032723283026049502,0.50169908355093273,0.5,0.016359914629677785,0.01622753310850204,0.016361641513024751,0.001699083550932734,1.6990835509327341e-06,2.8470593225213016e-06,1.6756440970535977,1.7030574914311181,ABSTAIN,0,0.49999999999999994,0.49999999999999994,0.50169908355093273,0.5,0.016359914629677785,0.0147237699191711,0.0016111055165868374,True,,0,[],0,[],0,1192,0,0,,2e7a38ab3646f7ed59a5f6671b6154925cfc8893260cef7232da44ede11b2495,0,0,0,False,False,abstain,fixed,none,standard,0.49999999999999994,0.5,0.49999999999999994,0.5,0.49999999999999994,0.5
1193,numerical_frozen_W,2024-04-08,2024-04-09,bull,-0.0346516338801705,0.50804912387714063,0.5,-0.017333726606315492,-0.017485714551054313,-0.01732581694008525,0.0080491238771406293,8.0491238771406302e-06,1.3708120718421435e-05,1.7030574914311181,1.6735371584798135,ABSTAIN,0,0.49999999999999994,0.49999999999999994,0.50804912387714063,0.5,-0.017333726606315492,-0.015601092270384099,-0.0017616445053730383,True,,0,[],0,[],0,1193,0,0,,a35637e9c72b3af66efebe855c3af79d39811229002afe01c606732e21caef35,0,0,0,False,False,abstain,fixed,none,standard,0.49999999999999994,0.5,0.49999999999999994,0.5,0.49999999999999994,0.5
1194,numerical_frozen_W,2024-04-09,2024-04-10,bull,0.021318042459651701,0.49118435324812598,0.5,0.010650111616907987,0.010593798651578145,0.01065902122982585,0.0088156467518740178,8.8156467518740184e-06,1.4753312415293042e-05,1.6735371584798135,1.6913605160126666,ABSTAIN,0,0.5,0.5,0.49118435324812598,0.5,0.010650111616907987,0.0095843234006727004,0.0010551135023112879,True,,0,[],0,[],0,1194,0,0,,e9666c324b6e6f7c7109372b1db59db617bfe17243d96e049b91f33d660b0600,0,0,0,False,False,abstain,fixed,none,standard,0.5,0.5,0.5,0.5,0.5,0.5
1195,numerical_frozen_W,2024-04-10,2024-04-11,bull,-0.0086446027518297004,0.50527330237296819,0.5,-0.0043275518854857253,-0.0043369428411717294,-0.0043223013759148502,0.0052733023729681916,5.2733023729681914e-06,8.9190554226342999e-06,1.6913605160126666,1.68404106562256,ABSTAIN,0,0.49999999999999983,0.49999999999999983,0.50527330237296819,0.5,-0.0043275518854857253,-0.0038952769895861002,-0.00043405950118654462,True,,0,[],0,[],0,1195,0,0,,0bbcc7a9a352e77fdb8bdcb7842c47b07ff247e49d4f40ef93a640e7afe7cb8e,0,0,0,False,False,abstain,fixed,none,standard,0.49999999999999983,0.5,0.49999999999999983,0.5,0.49999999999999983,0.5
1196,numerical_frozen_W,2024-04-11,2024-04-12,bull,-0.040846088362500102,0.4978294676169368,0.5,-0.020425170384754332,-0.020636648787883842,-0.020423044181250051,0.0021705323830631951,2.1705323830631951e-06,3.6552656673420175e-06,1.68404106562256,1.6496442399222959,ABSTAIN,0,0.5,0.5,0.4978294676169368,0.5,-0.020425170384754332,-0.0183828481778768,-0.0020827363812129483,True,,0,[],0,[],0,1196,0,0,,ad0ee1b41d1c4d71f7e01d8dd3648fd1f6f882ce6e93c8005fbacfd8afad57ba,0,0,0,False,False,abstain,fixed,none,standard,0.5,0.5,0.5,0.5,0.5,0.5
1197,numerical_frozen_W,2024-04-12,2024-04-13,mix,-0.0491721008638622,0.48957557950912589,0.5,-0.024596218557094041,-0.024903758901206351,-0.0245860504319311,0.010424420490874109,1.0424420490874108e-05,1.7196585217298428e-05,1.6496442399222959,1.6090692296557159,ABSTAIN,0,0.49999999999999983,0.49999999999999983,0.48957557950912589,0.5,-0.024596218557094041,-0.022137516209392898,-0.0025175304463709684,True,,0,[],0,[],0,1197,0,0,,3183207aa93b798e529dd3aca9cf0e18a4f06d81bad15744f3d64213afe81aac,0,0,0,False,False,abstain,fixed,none,standard,0.49999999999999983,0.5,0.49999999999999983,0.5,0.49999999999999983,0.5
1198,numerical_frozen_W,2024-04-13,2024-04-14,mix,0.028935049232653401,0.48739711973423272,0.5,0.01445473940358033,0.014351265590710217,0.0144675246163267,0.01260288026576728,1.260288026576728e-05,2.0278906840681382e-05,1.6090692296557159,1.6323279060527089,ABSTAIN,0,0.49999999999999978,0.49999999999999978,0.48739711973423272,0.5,0.01445473940358033,0.013008164623232701,0.001426980511399745,True,,0,[],0,[],0,1198,0,0,,f4019801b397e345b289115c42cc6672a49b8069590bccb1677b32f0575a4361,0,0,0,False,False,abstain,fixed,none,standard,0.49999999999999978,0.5,0.49999999999999978,0.5,0.49999999999999978,0.5
1199,numerical_frozen_W,2024-04-14,2024-04-15,mix,-0.034788286903286801,0.50713060017460809,0.5,-0.017401150021135736,-0.017554329634123605,-0.017394143451643401,0.0071306001746080927,7.1306001746080925e-06,1.163947765191711e-05,1.6323279060527089,1.6039235232757993,ABSTAIN,0,0.49999999999999989,0.49999999999999989,0.50713060017460809,0.5,-0.017401150021135736,-0.015661687813265001,-0.0017687018119274811,True,,0,[],0,[],0,1199,0,0,,f876ed154dc50374694c7e53491c88b32d07169fd497f775ab349c9388f2e8a0,0,0,0,False,False,abstain,fixed,none,standard,0.49999999999999989,0.5,0.49999999999999989,0.5,0.49999999999999989,0.5
1200,numerical_frozen_W,2024-04-15,2024-04-16,mix,0.0062038828674112999,0.49114897222740733,0.5,0.003093062950563219,0.0030882892723469216,0.0031019414337056499,0.0088510277725926678,8.8510277725926673e-06,1.4196371649628782e-05,1.6039235232757993,1.6088845597011805,ABSTAIN,0,0.49999999999999994,0.49999999999999994,0.49114897222740733,0.5,0.003093062950563219,0.0027829758373805,0.00030917874251115826,True,,0,[],0,[],0,1200,0,0,,4e159a072133209cc6ee4a6360b0ad02dabd6bc6a090245dd540a26c3402f06d,0,0,0,False,False,abstain,fixed,none,standard,0.49999999999999994,0.5,0.49999999999999994,0.5,0.49999999999999994,0.5
1201,numerical_frozen_W,2024-04-16,2024-04-17,mix,-0.039595456803745203,0.5015461745738784,0.5,-0.019799243965702207,-0.019997875200827627,-0.019797728401872602,0.0015461745738784005,1.5461745738784006e-06,2.4876163985155107e-06,1.6088845597011805,1.5770298617910055,ABSTAIN,0,0.49999999999999989,0.49999999999999989,0.5015461745738784,0.5,-0.019799243965702207,-0.017819459465399801,-0.0020177375064157448,True,,0,[],0,[],0,1201,0,0,,efba059ff01980f77b03bcdfccdaac5a60d02b910f0cf93011d74de83f236649,0,0,0,False,False,abstain,fixed,none,standard,0.49999999999999989,0.5,0.49999999999999989,0.5,0.49999999999999989,0.5
1202,numerical_frozen_W,2024-04-17,2024-04-18,mix,0.035942224811476603,0.48990120254996228,0.5,0.017960832121663994,0.017801442065606334,0.017971112405738301,0.010098797450037722,1.0098797450037721e-05,1.5926105146888348e-05,1.5770298617910055,1.6053546303894848,ABSTAIN,0,0.49999999999999989,0.49999999999999989,0.48990120254996228,0.5,0.017960832121663994,0.016163862129520298,0.0017668242902553928,True,,0,[],0,[],0,1202,0,0,,4c801fb5f4f04dfe5f5fc8b9a7b8f6e9cf1c5a7342d9a4c7b86caccd5d78a7c5,0,0,0,False,False,abstain,fixed,none,standard,0.49999999999999989,0.5,0.49999999999999989,0.5,0.49999999999999989,0.5
1203,numerical_frozen_W,2024-04-18,2024-04-19,mix,0.0050046155251775,0.50882692651428385,0.5,0.0024934587483878001,0.0024903552380356503,0.00250230776258875,0.0088269265142838504,8.8269265142838513e-06,1.4170347351813294e-05,1.6053546303894848,1.6093575159368942,ABSTAIN,0,0.49999999999999994,0.49999999999999994,0.50882692651428385,0.5,0.0024934587483878001,0.0022433031597674999,0.00024956452604835231,True,,0,[],0,[],0,1203,0,0,,421b3d8e882bf7308405c9d90458c170cbd7a1450aff5e2219d178e79ddca8f1,0,0,0,False,False,abstain,fixed,none,standard,0.49999999999999994,0.5,0.49999999999999994,0.5,0.49999999999999994,0.5
1204,numerical_frozen_W,2024-04-19,2024-04-20,mix,0.018213423073366101,0.50124803092382575,0.5,0.009105452140301562,0.0090642474469950635,0.0091067115366830504,0.0012480309238257492,1.2480309238257491e-06,2.0085279473806348e-06,1.6093575159368942,1.6240114437748923,ABSTAIN,0,0.49999999999999983,0.49999999999999983,0.50124803092382575,0.5,0.009105452140301562,0.0081947943947710995,0.0009028480603754125,True,,0,[],0,[],0,1204,0,0,,a3aec64ca26cb4ccf933a865a87c22af9b4841cd27134d92c08773f0961c42dd,0,0,0,False,False,abstain,fixed,none,standard,0.49999999999999983,0.5,0.49999999999999983,0.5,0.49999999999999983,0.5
1205,numerical_frozen_W,2024-04-20,2024-04-21,bull,-0.0003217310051708,0.5045122638827837,0.5,-0.00016537704060060054,-0.00016539071689122988,-0.0001608655025854,0.0045122638827836958,4.5122638827836961e-06,7.3279681829728512e-06,1.6240114437748923,1.6237428695684193,ABSTAIN,0,0.5,0.5,0.5045122638827837,0.5,-0.00016537704060060054,-0.0001492494812641,-1.6130096814979342e-05,True,,0,[],0,[],0,1205,0,0,,7dc7067c9f079127ead98c871f92760d4d0e7586ca88d4e219093eea1b6e76c3,0,0,0,False,False,abstain,fixed,none,standard,0.5,0.5,0.5,0.5,0.5,0.5
1206,numerical_frozen_W,2024-04-21,2024-04-22,bull,0.0290898395754863,0.49991955430777058,0.5,0.014544838171974828,0.014440076618025833,0.01454491978774315,8.0445692229424992e-05,8.0445692229424987e-08,1.3062311914502443e-07,1.6237428695684193,1.64735994683919,ABSTAIN,0,0.49999999999999989,0.49999999999999989,0.49991955430777058,0.5,0.014544838171974828,0.013090347126494,0.0014346676418961514,True,,0,[],0,[],0,1206,0,0,,85e63fff979df8a1ede7f4d82bbde29c69d217a546b8878360c7d1f35bd246f7,0,0,0,False,False,abstain,fixed,none,standard,0.49999999999999989,0.5,0.49999999999999989,0.5,0.49999999999999989,0.5
1207,numerical_frozen_W,2024-04-22,2024-04-23,bull,-0.0061993766207337,0.50716819901418764,0.5,-0.0031068342901983126,-0.0031116705193577924,-0.00309968831036685,0.0071681990141876373,7.1681990141876376e-06,1.1808603946944882e-05,1.64735994683919,1.6422418724680508,ABSTAIN,0,0.49999999999999983,0.49999999999999983,0.50716819901418764,0.5,-0.0031068342901983126,-0.0027968063590952,-0.00031094578970300088,True,,0,[],0,[],0,1207,0,0,,100242a273605d156d01afe6e2d22d2de17ce3a4d3eccb802ed810619d8ceef4,0,0,0,False,False,abstain,fixed,none,standard,0.49999999999999983,0.5,0.49999999999999983,0.5,0.49999999999999983,0.5
1208,numerical_frozen_W,2024-04-23,2024-04-24,bull,-0.0320605284950689,0.49844533687369746,0.5,-0.016031793989000009,-0.01616169341632499,-0.01603026424753445,0.0015546631263025357,1.5546631263025358e-06,2.5531328835961097e-06,1.6422418724680508,1.6159137890885333,ABSTAIN,0,0.5,0.5,0.49844533687369746,0.5,-0.016031793989000009,-0.0144287542625657,-0.0016278324143182109,True,,0,[],0,[],0,1208,0,0,,d71953bc5f5359a25509161cf23145a984febd8ce4c6e3542e4ba5232327673d,0,0,0,False,False,abstain,fixed,none,standard,0.5,0.5,0.5,0.5,0.5,0.5
1209,numerical_frozen_W,2024-04-24,2024-04-25,mix,0.0032884451752099001,0.49185428999232594,0.5,0.0016360634842369493,0.0016347265903382852,0.00164422258760495,0.0081457100076740563,8.1457100076740572e-06,1.316276512331697e-05,1.6159137890885333,1.618557526632536,ABSTAIN,0,0.49999999999999994,0.49999999999999994,0.49185428999232594,0.5,0.0016360634842369493,0.0014717372783069999,0.0001640712559114626,True,,0,[],0,[],0,1209,0,0,,f9e0a3cac272c9c5f5054b5812ff68b18e9baeeeafbb7d87403a5088dddcae80,0,0,0,False,False,abstain,fixed,none,standard,0.49999999999999994,0.5,0.49999999999999994,0.5,0.49999999999999994,0.5
1210,numerical_frozen_W,2024-04-25,2024-04-26,mix,-0.011329191545046099,0.50082076177874679,0.5,-0.0056654118850181234,-0.0056815212036945197,-0.0056645957725230496,0.00082076177874679246,8.2076177874679252e-07,1.3284501545629291e-06,1.618557526632536,1.6093877315845666,ABSTAIN,0,0.5,0.5,0.50082076177874679,0.5,-0.0056654118850181234,-0.0050989447396443998,-0.00056953248608042351,True,,0,[],0,[],0,1210,0,0,,6d43f3921f2480d59fcfad3112f237e85134433d70074bbd66b2965d740ac762,0,0,0,False,False,abstain,fixed,none,standard,0.5,0.5,0.5,0.5,0.5,0.5
1211,numerical_frozen_W,2024-04-26,2024-04-27,mix,-0.0048552215586891998,0.49715156689159434,0.5,-0.0024304522975661103,-0.0024334106411322003,-0.0024276107793445999,0.0028484331084056569,2.8484331084056571e-06,4.5842332989073565e-06,1.6093877315845666,1.6054761914746623,ABSTAIN,0,0.49999999999999978,0.49999999999999978,0.49715156689159434,0.5,-0.0024304522975661103,-0.0021876618869587998,-0.00024335232622026571,True,,0,[],0,[],0,1211,0,0,,44665f021fc02f13e836687f90906d926f776dbcee490e054fea7c0c867aa7df,0,0,0,False,False,abstain,fixed,none,standard,0.49999999999999978,0.5,0.49999999999999978,0.5,0.49999999999999978,0.5
1212,numerical_frozen_W,2024-04-27,2024-04-28,mix,-0.0054698629618891003,0.49878324079255987,0.5,-0.0027361449123988191,-0.002739894998971842,-0.0027349314809445502,0.0012167592074401323,1.2167592074401324e-06,1.953477938302712e-06,1.6054761914746623,1.6010833759613814,ABSTAIN,0,0.49999999999999994,0.49999999999999994,0.49878324079255987,0.5,-0.0027361449123988191,-0.0024626396670905,-0.00027421804730004421,True,,0,[],0,[],0,1212,0,0,,431a1cb0a04d4a6309a7ef0c8348c0930194bfa1eee8a6c490efe04761ce79c9,0,0,0,False,False,abstain,fixed,none,standard,0.49999999999999994,0.5,0.49999999999999994,0.5,0.49999999999999994,0.5
1213,numerical_frozen_W,2024-04-28,2024-04-29,mix,0.011890406704516,0.49862878407793526,0.5,0.0059438239841784757,0.0059262291483809394,0.0059452033522580001,0.0013712159220647391,1.3712159220647392e-06,2.1954310176714112e-06,1.6010833759613814,1.6105999337320902,ABSTAIN,0,0.49999999999999983,0.49999999999999983,0.49862878407793526,0.5,0.0059438239841784757,0.0053493186238725999,0.00059116730925547374,True,,0,[],0,[],0,1213,0,0,,782fb12c43980476c65f2c1fabb18d8c62cc0df45336ae281ae4339c84b99c8d,0,0,0,False,False,abstain,fixed,none,standard,0.49999999999999983,0.5,0.49999999999999983,0.5,0.49999999999999983,0.5
1214,numerical_frozen_W,2024-04-29,2024-04-30,mix,-0.050007751318898598,0.50295503340164349,0.5,-0.025006756805563191,-0.02532473806529072,-0.025003875659449299,0.002955033401643492,2.9550334016434922e-06,4.7593766008631219e-06,1.6105999337320902,1.5703240528781957,ABSTAIN,0,0.49999999999999989,0.49999999999999989,0.50295503340164349,0.5,-0.025006756805563191,-0.022506349434070101,-0.0025612553368516561,True,,0,[],0,[],0,1214,0,0,,ca62f4af0ea267b4fb5a9038f6bb05ff6adcb1d10b0421e58117b7921b3f4f9b,0,0,0,False,False,abstain,fixed,none,standard,0.49999999999999989,0.5,0.49999999999999989,0.5,0.49999999999999989,0.5
1215,numerical_frozen_W,2024-04-30,2024-05-01,mix,-0.038495646698512902,0.48717744869172636,0.5,-0.019260399094362279,-0.019448297154768802,-0.019247823349256451,0.012822551308273644,1.2822551308273644e-05,2.013556073864688e-05,1.5703240528781957,1.5400789849122851,ABSTAIN,0,0.49999999999999978,0.49999999999999978,0.48717744869172636,0.5,-0.019260399094362279,-0.017335483526848501,-0.0019607946904104633,True,,0,[],0,[],0,1215,0,0,,563d86f1d1c6ee4916bfd1ad06fe000a8b444fecf466b2b86f9a711fa597d0a1,0,0,0,False,False,abstain,fixed,none,standard,0.49999999999999978,0.5,0.49999999999999978,0.5,0.49999999999999978,0.5
1216,numerical_frozen_W,2024-05-01,2024-05-02,mix,0.013545066791014099,0.49018721354512435,0.5,0.0067626541516283556,0.0067398899792273925,0.0067725333955070497,0.0098127864548756549,9.8127864548756547e-06,1.511246620258592e-05,1.5400789849122851,1.5504940064534378,ABSTAIN,0,0.49999999999999983,0.49999999999999983,0.49018721354512435,0.5,0.0067626541516283556,0.0060855253280137998,0.00067280667867611593,True,,0,[],0,[],0,1216,0,0,,8495438a28f9a3c5fb390f8d2e1c7fbbfc2c57c4b071a86fc920f8c81f614d2d,0,0,0,False,False,abstain,fixed,none,standard,0.49999999999999983,0.5,0.49999999999999983,0.5,0.49999999999999983,0.5
1217,numerical_frozen_W,2024-05-02,2024-05-03,mix,0.063533785623793596,0.50336348736723358,0.5,0.031763422476986936,0.031269398993591047,0.031766892811896798,0.0033634873672335752,3.3634873672335754e-06,5.2150670036775121e-06,1.5504940064534378,1.5997430026284545,ABSTAIN,0,0.5,0.5,0.50336348736723358,0.5,0.031763422476986936,0.028586776171477001,0.0030836008603910212,True,,0,[],0,[],0,1217,0,0,,87e03ecc398bd130923037e45ff9f77049104e12497305d6d66f495356182d90,0,0,0,False,False,abstain,fixed,none,standard,0.5,0.5,0.5,0.5,0.5,0.5
1218,numerical_frozen_W,2024-05-03,2024-05-04,mix,0.016075702755357701,0.51539441371554473,0.5,0.0080223332259539148,0.0079903253818657,0.0080378513776788504,0.01539441371554473,1.5394413715544731e-05,2.4627105621010192e-05,1.5997430026284545,1.612576674071428,ABSTAIN,0,0.49999999999999978,0.49999999999999978,0.51539441371554473,0.5,0.0080223332259539148,0.0072186681107320001,0.00079758714445848661,True,,0,[],0,[],0,1218,0,0,,6cae9e68907190ce9df4a47c6fd35a897cad88f041c416a46d502c2ebc68f754,0,0,0,False,False,abstain,fixed,none,standard,0.49999999999999978,0.5,0.49999999999999978,0.5,0.49999999999999978,0.5
1219,numerical_frozen_W,2024-05-04,2024-05-05,mix,0.0018485387778357,0.50398687974201251,0.5,0.00092027882422485163,0.00091985562728724474,0.00092426938891784999,0.0039868797420125057,3.9868797420125059e-06,6.4291492742972796e-06,1.612576674071428,1.6140606942370148,ABSTAIN,0,0.49999999999999994,0.49999999999999994,0.50398687974201251,0.5,0.00092027882422485163,0.00082788900340679996,9.2309134953694649e-05,True,,0,[],0,[],0,1219,0,0,,368198c6f71088b22fb7bdb3f517cc5648743f1a5e06c334be9c81b26726ee13,0,0,0,False,False,abstain,fixed,none,standard,0.49999999999999994,0.5,0.49999999999999994,0.5,0.49999999999999994,0.5
1220,numerical_frozen_W,2024-05-05,2024-05-06,mix,-0.0131752449755024,0.50046170795193246,0.5,-0.0065880811541455531,-0.0066098783479913419,-0.0065876224877512001,0.00046170795193245517,4.6170795193245516e-07,7.4522465743084887e-07,1.6140606942370148,1.603427131395665,ABSTAIN,0,0.49999999999999989,0.49999999999999989,0.50046170795193246,0.5,-0.0065880811541455531,-0.0059293146617826996,-0.00066291550436816012,True,,0,[],0,[],0,1220,0,0,,87654e35969802c8a40e5326e6eaa2d69fbc4004089b451f60db0e8662a03eda,0,0,0,False,False,abstain,fixed,none,standard,0.49999999999999989,0.5,0.49999999999999989,0.5,0.49999999999999989,0.5
1221,numerical_frozen_W,2024-05-06,2024-05-07,mix,-0.013384396902621901,0.49668434648245063,0.5,-0.0066954919158171977,-0.0067180072790459597,-0.0066921984513109503,0.0033156535175493662,3.3156535175493662e-06,5.3164088083461258e-06,1.603427131395665,1.5926913979998034,ABSTAIN,0,0.49999999999999989,0.49999999999999989,0.49668434648245063,0.5,-0.0066954919158171977,-0.0060262391705727001,-0.00067353704915318422,True,,0,[],0,[],0,1221,0,0,,8abe6e2124938d3f296d8f7f3008581c605e3911da1a5ae5e984ff2a8a6672a3,0,0,0,False,False,abstain,fixed,none,standard,0.49999999999999989,0.5,0.49999999999999989,0.5,0.49999999999999989,0.5
1222,numerical_frozen_W,2024-05-07,2024-05-08,mix,-0.017815163268220701,0.49663135714786644,0.5,-0.0089109202705012214,-0.0089508599638474535,-0.0089075816341103505,0.0033686428521335632,3.3686428521335634e-06,5.3652084935266505e-06,1.5926913979998034,1.5784990519367141,ABSTAIN,0,0.49999999999999978,0.49999999999999978,0.49663135714786644,0.5,-0.0089109202705012214,-0.0080201294640237994,-0.00089839626229078033,True,,0,[],0,[],0,1222,0,0,,afcad10e31732de6b96d14d583c00c6f8556128e13a7bdf13c2e7f2a7c95086e,0,0,0,False,False,abstain,fixed,none,standard,0.49999999999999978,0.5,0.49999999999999978,0.5,0.49999999999999978,0.5
1223,numerical_frozen_W,2024-05-08,2024-05-09,mix,0.030510966793285198,0.49550618011547437,0.5,0.015250921021363384,0.01513579477062384,0.015255483396642599,0.0044938198845256294,4.4938198845256295e-06,7.0934904272980608e-06,1.5784990519367141,1.602572616310098,ABSTAIN,0,0.49999999999999983,0.49999999999999983,0.49550618011547437,0.5,0.015250921021363384,0.0137254291421899,0.0015037062078081167,True,,0,[],0,[],0,1223,0,0,,0a5418f1668ae320251d610103a26595ce9eedf2d18226a8b5ea4fc0f031e5e8,0,0,0,False,False,abstain,fixed,none,standard,0.49999999999999983,0.5,0.49999999999999983,0.5,0.49999999999999983,0.5
1224,numerical_frozen_W,2024-05-09,2024-05-10,mix,-0.036117320650019803,0.50751312533944848,0.5,-0.018066037773370902,-0.018231221130657446,-0.018058660325009902,0.0075131253394484787,7.5131253394484792e-06,1.2040328931905642e-05,1.602572616310098,1.5736204788892698,ABSTAIN,0,0.49999999999999983,0.49999999999999983,0.50751312533944848,0.5,-0.018066037773370902,-0.016260122409819801,-0.0018374522111137929,True,,0,[],0,[],0,1224,0,0,,0fe504052dbbe2882d87a278e7f2b3e6c0a64256247c5af797797a263048666b,0,0,0,False,False,abstain,fixed,none,standard,0.49999999999999983,0.5,0.49999999999999983,0.5,0.49999999999999983,0.5
1225,numerical_frozen_W,2024-05-10,2024-05-11,mix,0.00048851174977649996,0.49080461347569543,0.5,0.00023505824233671646,0.00023503062047648376,0.00024425587488824998,0.0091953865243045718,9.1953865243045718e-06,1.4470048545948098e-05,1.5736204788892698,1.5739903713531427,ABSTAIN,0,0.49999999999999983,0.49999999999999983,0.49080461347569543,0.5,0.00023505824233671646,0.00021074156838690001,2.4311254974581059e-05,True,,0,[],0,[],0,1225,0,0,,dc59885a20922f8a08b567f8635d577f5a7a035894f64801f32f2d30c434814e,0,0,0,False,False,abstain,fixed,none,standard,0.49999999999999983,0.5,0.49999999999999983,0.5,0.49999999999999983,0.5
1226,numerical_frozen_W,2024-05-11,2024-05-12,mix,0.0107420108965485,0.50012209811426245,0.5,0.0053708826943703603,0.0053565109402828022,0.0053710054482742501,0.00012209811426244777,1.2209811426244776e-07,1.921812562094686e-07,1.5739903713531427,1.5824440889997489,ABSTAIN,0,0.49999999999999994,0.49999999999999994,0.50012209811426245,0.5,0.0053708826943703603,0.004833783439039,0.00053437272051046723,True,,0,[],0,[],0,1226,0,0,,e86cd6f2cd728ed0ecd2ae3077f3023d923f19720250ec661e78003eb6764ff9,0,0,0,False,False,abstain,fixed,none,standard,0.49999999999999994,0.5,0.49999999999999994,0.5,0.49999999999999994,0.5
1227,numerical_frozen_W,2024-05-12,2024-05-13,mix,0.023702016916070202,0.50267115593107814,0.5,0.01184830564621242,0.011778664023295131,0.011851008458035101,0.0026711559310781396,2.6711559310781399e-06,4.2269549139312227e-06,1.5824440889997489,1.60119337023426,ABSTAIN,0,0.49999999999999989,0.49999999999999989,0.50267115593107814,0.5,0.01184830564621242,0.010663233533884301,0.0011718818162400682,True,,0,[],0,[],0,1227,0,0,,b33c2bc45fb4c44a3e1c56ce9e663d7a73e3eee445fb0b5ad0ab28f1ada92fff,0,0,0,False,False,abstain,fixed,none,standard,0.49999999999999989,0.5,0.49999999999999989,0.5,0.49999999999999989,0.5
1228,numerical_frozen_W,2024-05-13,2024-05-14,mix,-0.021732774893067901,0.50585610349694421,0.5,-0.010872179915341285,-0.010931713966578624,-0.01086638744653395,0.0058561034969442094,5.8561034969442093e-06,9.3767540947127345e-06,1.60119337023426,1.5837849078338215,ABSTAIN,0,0.49999999999999989,0.49999999999999989,0.50585610349694421,0.5,-0.010872179915341285,-0.0097854962775137007,-0.001098025070184163,True,,0,[],0,[],0,1228,0,0,,7ec95f111d042aca7a6e3c9151ade8105ea91035167c39ee93be050ed205894d,0,0,0,False,False,abstain,fixed,none,standard,0.49999999999999989,0.5,0.49999999999999989,0.5,0.49999999999999989,0.5
1229,numerical_frozen_W,2024-05-14,2024-05-15,mix,0.075617108498702207,0.49450711849813583,0.5,0.037802853689941074,0.037105837697134908,0.037808554249351103,0.0054928815018641663,5.4928815018641668e-06,8.6995428231720412e-06,1.5837849078338215,1.6436564969810004,ABSTAIN,0,0.49999999999999983,0.49999999999999983,0.49450711849813583,0.5,0.037802853689941074,0.034022082001221803,0.0036497059383301597,True,,0,[],0,[],0,1229,0,0,,63ad4492bab8864a029dca40b3634fa2f7ccd175e9df73e3e2c2040130bc26dd,0,0,0,False,False,abstain,fixed,none,standard,0.49999999999999983,0.5,0.49999999999999983,0.5,0.49999999999999983,0.5
1230,numerical_frozen_W,2024-05-15,2024-05-16,mix,-0.015010924860815599,0.51821557265766527,0.5,-0.0075235412867692419,-0.0075519858827197079,-0.0075054624304077997,0.018215572657665269,1.821557265766527e-05,2.994014434500099e-05,1.6436564969810004,1.6312903794646973,ABSTAIN,0,0.49999999999999978,0.49999999999999978,0.51821557265766527,0.5,-0.0075235412867692419,-0.0067728932826952998,-0.00075605246714457487,True,,0,[],0,[],0,1230,0,0,,f92742bff315ffa1d4a30c3090c3d7add70ce43d2169e37b408626314ff82d7f,0,0,0,False,False,abstain,fixed,none,standard,0.49999999999999978,0.5,0.49999999999999978,0.5,0.49999999999999978,0.5
1231,numerical_frozen_W,2024-05-16,2024-05-17,mix,0.027683156781284898,0.49621888980427692,0.5,0.013837744943913544,0.013742877517038224,0.013841578390642449,0.0037811101957230808,3.781110195723081e-06,6.1680886859789403e-06,1.6312903794646973,1.6538637596651897,ABSTAIN,0,0.49999999999999989,0.49999999999999989,0.49621888980427692,0.5,0.013837744943913544,0.0124536334844969,0.0013661526564481725,True,,0,[],0,[],0,1231,0,0,,c034c71bf87606fca018936dcf980e54f92f2ac7304ba763fac627f2f036c1c7,0,0,0,False,False,abstain,fixed,none,standard,0.49999999999999989,0.5,0.49999999999999989,0.5,0.49999999999999989,0.5
1232,numerical_frozen_W,2024-05-17,2024-05-18,mix,-0.0017796195522458999,0.50682630239559434,0.5,-0.00089663000440787233,-0.00089703221753248462,-0.00088980977612294996,0.0068263023955943414,6.8263023955943415e-06,1.1289774144589148e-05,1.6538637596651897,1.6523808557950712,ABSTAIN,0,0.49999999999999989,0.49999999999999989,0.50682630239559434,0.5,-0.00089663000440787233,-0.00080759065754860005,-8.91152829714661e-05,True,,0,[],0,[],0,1232,0,0,,2ad203b843f9ac116549773a065860218bafd36c94ac6a438effa3a13aa4b7bb,0,0,0,False,False,abstain,fixed,none,standard,0.49999999999999989,0.5,0.49999999999999989,0.5,0.49999999999999989,0.5
1233,numerical_frozen_W,2024-05-18,2024-05-19,mix,-0.0095401053536069008,0.4995546988786474,0.5,-0.0047704958538149489,-0.0047819109875284153,-0.0047700526768034504,0.00044530112135260369,4.4530112135260371e-07,7.3580704798712018e-07,1.6523808557950712,1.6444981797735776,ABSTAIN,0,0.5,0.5,0.4995546988786474,0.5,-0.0047704958538149489,-0.0042934863255613999,-0.00047918118222912021,True,,0,[],0,[],0,1233,0,0,,2bfbddb47f102d0c682be6f9f4b81143b69c8de4bf3feb2d4ced6ce57beec182,0,0,0,False,False,abstain,fixed,none,standard,0.5,0.5,0.5,0.5,0.5,0.5
1234,numerical_frozen_W,2024-05-19,2024-05-20,mix,0.077605157583612,0.49760354243276478,0.5,0.038800089345505162,0.038066286814832644,0.038802578791806,0.0023964575672352217,2.3964575672352217e-06,3.9409701072229384e-06,1.6444981797735776,1.7083048560773131,ABSTAIN,0,0.49999999999999972,0.49999999999999972,0.49760354243276478,0.5,0.038800089345505162,0.034919866742934902,0.0037422865316271148,True,,0,[],0,[],0,1234,0,0,,40a70a6e9805d2945e637bdd069d5574ca4ee2d1cecd6df82fcf5f627d018f6c,0,0,0,False,False,abstain,fixed,none,standard,0.49999999999999972,0.5,0.49999999999999972,0.5,0.49999999999999972,0.5
1235,numerical_frozen_W,2024-05-20,2024-05-21,mix,-0.017960676367597399,0.51867658955801588,0.5,-0.008998847051266412,-0.0090395812333166643,-0.0089803381837986994,0.018676589558015877,1.8676589558015876e-05,3.1905308636921359e-05,1.7083048560773131,1.6929320819605376,ABSTAIN,0,0.49999999999999989,0.49999999999999989,0.51867658955801588,0.5,-0.008998847051266412,-0.0081007135127163996,-0.00090587866350368661,True,,0,[],0,[],0,1235,0,0,,6e01ff0a95bfaaaa6223bab1c849d9ba45b1881ba980bcd576ba8378004ba0b1,0,0,0,False,False,abstain,fixed,none,standard,0.49999999999999989,0.5,0.49999999999999989,0.5,0.49999999999999989,0.5
1236,numerical_frozen_W,2024-05-21,2024-05-22,mix,-0.0140362332994486,0.49546914227345362,0.5,-0.0070226157093628006,-0.0070473903316317626,-0.0070181166497243,0.0045308577265463779,4.530857726546378e-06,7.6704344040691477e-06,1.6929320819605376,1.6810432705268772,ABSTAIN,0,0.49999999999999989,0.49999999999999989,0.49546914227345362,0.5,-0.0070226157093628006,-0.0063207581664581,-0.0007065715965962234,True,,0,[],0,[],0,1236,0,0,,93807460f159e169b49ef986489bacca4fae659bb8ba1a709e347c33ce4849e5,0,0,0,False,False,abstain,fixed,none,standard,0.49999999999999989,0.5,0.49999999999999989,0.5,0.49999999999999989,0.5
1237,numerical_frozen_W,2024-05-22,2024-05-23,mix,-0.0170586823299409,0.496466140637911,0.5,-0.0085328448828405623,-0.0085694580287108812,-0.0085293411649704498,0.003533859362088998,3.5338593620889981e-06,5.9405704996281132e-06,1.6810432705268772,1.6666991890581284,ABSTAIN,0,0.49999999999999994,0.49999999999999994,0.496466140637911,0.5,-0.0085328448828405623,-0.0076798762612303,-0.00085993965508852303,True,,0,[],0,[],0,1237,0,0,,662e58e87f77dbedfe3b8f7e140776db5d3b8a7dd639cfd2c45cafeee505e490,0,0,0,False,False,abstain,fixed,none,standard,0.49999999999999994,0.5,0.49999999999999994,0.5,0.49999999999999994,0.5
1238,numerical_frozen_W,2024-05-23,2024-05-24,mix,0.0084133006353741008,0.4956986416648011,0.5,0.0042023308650414037,0.0041935257321270066,0.0042066503176870504,0.0043013583351989015,4.3013583351989013e-06,7.1690704491244312e-06,1.6666991890581284,1.6737032105030469,ABSTAIN,0,0.49999999999999983,0.49999999999999983,0.4956986416648011,0.5,0.0042023308650414037,0.0037817144931778998,0.00041894394428863401,True,,0,[],0,[],0,1238,0,0,,07e9e5c5f36fb03838b63eb182d7b7c067c906c712668d86788b54a926b99eb8,0,0,0,False,False,abstain,fixed,none,standard,0.49999999999999983,0.5,0.49999999999999983,0.5,0.49999999999999983,0.5
1239,numerical_frozen_W,2024-05-24,2024-05-25,mix,0.0107487351854766,0.5020945142697254,0.5,0.0053722618217788565,0.0053578826991892122,0.0053743675927383,0.0020945142697254004,2.0945142697254003e-06,3.5055952576838478e-06,1.6737032105030469,1.6826947823618212,ABSTAIN,0,0.49999999999999989,0.49999999999999989,0.5020945142697254,0.5,0.0053722618217788565,0.0048348463614358,0.00053468667080003567,True,,0,[],0,[],0,1239,0,0,,28325df3441eb2658004ef20bba4916332586cd6ba6e9335344c520f6d1afca1,0,0,0,False,False,abstain,fixed,none,standard,0.49999999999999989,0.5,0.49999999999999989,0.5,0.49999999999999989,0.5
1240,numerical_frozen_W,2024-05-25,2024-05-26,mix,-0.011107839571389701,0.50267281908410233,0.5,-0.0055565777601561672,-0.0055720729652245235,-0.0055539197856948504,0.0026728190841023292,2.672819084102329e-06,4.4975387270160912e-06,1.6826947823618212,1.6733447579570186,ABSTAIN,0,0.49999999999999994,0.49999999999999994,0.50267281908410233,0.5,-0.0055565777601561672,-0.0050011620796466,-0.00055836322175540926,True,,0,[],0,[],0,1240,0,0,,78239a6ae2be0e50ef3b83a9ce321369a99438ac071a00ba7961067422dbc4c6,0,0,0,False,False,abstain,fixed,none,standard,0.49999999999999994,0.5,0.49999999999999994,0.5,0.49999999999999994,0.5
1241,numerical_frozen_W,2024-05-26,2024-05-27,mix,0.0133387238961508,0.49720753095808978,0.5,0.0066665508550467489,0.0066444276740064137,0.0066693619480753998,0.0027924690419102172,2.7924690419102171e-06,4.6727634330377203e-06,1.6733447579570186,1.6845001958839649,ABSTAIN,0,0.49999999999999983,0.49999999999999983,0.49720753095808978,0.5,0.0066665508550467489,0.0059996461673257001,0.00066270771886106292,True,,0,[],0,[],0,1241,0,0,,4b4fbb9f1e6ea60198130be42bd2eff9f4f2ec447b5f1b8fc9682d32622e9fa4,0,0,0,False,False,abstain,fixed,none,standard,0.49999999999999983,0.5,0.49999999999999983,0.5,0.49999999999999983,0.5
1242,numerical_frozen_W,2024-05-27,2024-05-28,mix,-0.015306350255729901,0.50331258812484825,0.5,-0.0076564623641726115,-0.0076859235474415252,-0.0076531751278649503,0.0033125881248482481,3.312588124848248e-06,5.5800553451897695e-06,1.6845001958839649,1.671602883531738,ABSTAIN,0,0.49999999999999994,0.49999999999999994,0.50331258812484825,0.5,-0.0076564623641726115,-0.0068911166480198002,-0.00077095350759420495,True,,0,[],0,[],0,1242,0,0,,e77372811305c32b78faa08b25e227355343b1456f89d23e08b52a753457dbc2,0,0,0,False,False,abstain,fixed,none,standard,0.49999999999999994,0.5,0.49999999999999994,0.5,0.49999999999999994,0.5
1243,numerical_frozen_W,2024-05-28,2024-05-29,mix,-0.0106807477401046,0.49614390103538086,0.5,-0.0053442093760066589,-0.0053585407456318403,-0.0053403738700523,0.0038560989646191368,3.8560989646191365e-06,6.4458661484410992e-06,1.671602883531738,1.6626694877286079,ABSTAIN,0,0.49999999999999989,0.49999999999999989,0.49614390103538086,0.5,-0.0053442093760066589,-0.0048101327448976999,-0.00053680207991911848,True,,0,[],0,[],0,1243,0,0,,b422fbd0d3598363944dc4975dbb9b3d4073f07bf5f182d4738fd19d2cc42750,0,0,0,False,False,abstain,fixed,none,standard,0.49999999999999989,0.5,0.49999999999999989,0.5,0.49999999999999989,0.5
1244,numerical_frozen_W,2024-05-29,2024-05-30,mix,0.010628986424349099,0.49731547670692594,0.5,0.0053117944220004709,0.0052977366015376746,0.0053144932121745496,0.0026845232930740592,2.6845232930740595e-06,4.4634749684909618e-06,1.6626694877286079,1.6715012462391552,ABSTAIN,0,0.49999999999999983,0.49999999999999983,0.49731547670692594,0.5,0.0053117944220004709,0.0047803749340815001,0.00052875137608272751,True,,0,[],0,[],0,1244,0,0,,1fc6b736c26c4d727d95fbda6a93dfd8775cfbbdce2fac89f5abc0627b3cdcc6,0,0,0,False,False,abstain,fixed,none,standard,0.49999999999999983,0.5,0.49999999999999983,0.5,0.49999999999999983,0.5
1245,numerical_frozen_W,2024-05-30,2024-05-31,mix,-0.0120635450086094,0.50264319934113044,0.5,-0.0060343997604687116,-0.0060526803293111699,-0.0060317725043046999,0.0026431993411304422,2.6431993411304422e-06,4.4181109927580481e-06,1.6715012462391552,1.6614147395192265,ABSTAIN,0,0.49999999999999989,0.49999999999999989,0.50264319934113044,0.5,-0.0060343997604687116,-0.0054311991923967004,-0.00060667855306449203,True,,0,[],0,[],0,1245,0,0,,1ecfbbeb71f1bd25809db464b8bad6cb738966c7194eae61969eeaaded2f3fd1,0,0,0,False,False,abstain,fixed,none,standard,0.49999999999999989,0.5,0.49999999999999989,0.5,0.49999999999999989,0.5
1246,numerical_frozen_W,2024-05-31,2024-06-01,mix,0.0034162543813795999,0.49696581221740771,0.5,0.0017050878201285702,0.001703635808195656,0.0017081271906897999,0.0030341877825922903,3.0341877825922904e-06,5.0410443044679894e-06,1.6614147395192265,1.6642475975557627,ABSTAIN,0,0.49999999999999989,0.49999999999999989,0.49696581221740771,0.5,0.0017050878201285702,0.0015343078324019,0.00017050382346816564,True,,0,[],0,[],0,1246,0,0,,8a83e057b56af2f732938e78814ce5165844273186ec5ad0d5935b3cd609bbed,0,0,0,False,False,abstain,fixed,none,standard,0.49999999999999989,0.5,0.49999999999999989,0.5,0.49999999999999989,0.5
1247,numerical_frozen_W,2024-06-01,2024-06-02,mix,0.0001874239973553,0.50085260723374592,0.5,9.2859311544568612e-05,9.2855000385583781e-05,9.3711998677650001e-05,0.00085260723374591674,8.5260723374591678e-07,1.4189495404203064e-06,1.6642475975557627,1.6644021384419114,ABSTAIN,0,0.5,0.5,0.50085260723374592,0.5,9.2859311544568612e-05,8.3496502487179214e-05,9.3619835373439422e-06,True,,0,[],0,[],0,1247,0,0,,7757be3ad750e3b33296cf6e97825039e5d863c315fcdcdea3d6a4bb275cec1f,0,0,0,False,False,abstain,fixed,none,standard,0.5,0.5,0.5,0.5,0.5,0.5
1248,numerical_frozen_W,2024-06-02,2024-06-03,mix,0.015261127136712601,0.50004685160878093,0.5,0.0076305163592431668,0.0076015512219437774,0.0076305635683563003,4.6851608780928977e-05,4.6851608780928976e-08,7.7979917844422025e-08,1.6644021384419114,1.6771023861876517,ABSTAIN,0,0.49999999999999989,0.49999999999999989,0.50004685160878093,0.5,0.0076305163592431668,0.0068674605094540004,0.00075756431135128553,True,,0,[],0,[],0,1248,0,0,,e3dce1a02710db8b0a17e1e4b874e674832464d7bf536487dfef34a00a490221,0,0,0,False,False,abstain,fixed,none,standard,0.49999999999999989,0.5,0.49999999999999989,0.5,0.49999999999999989,0.5
1249,numerical_frozen_W,2024-06-03,2024-06-04,mix,0.025308177270599998,0.50378638949841603,0.5,0.012650254332493338,0.012570908329198396,0.012654088635299999,0.0037863894984160318,3.7863894984160318e-06,6.3501628628293926e-06,1.6771023861876517,1.698318157914557,ABSTAIN,0,0.49999999999999972,0.49999999999999972,0.50378638949841603,0.5,0.012650254332493338,0.0113848856822287,0.0012503427337801423,True,,0,[],0,[],0,1249,0,0,,8d8c0d057b9730707547ea6d80309e3cd2005631830edefea558e8065f435a98,0,0,0,False,False,abstain,fixed,none,standard,0.49999999999999972,0.5,0.49999999999999972,0.5,0.49999999999999972,0.5
1250,numerical_frozen_W,2024-06-04,2024-06-05,mix,0.0075762730123092002,0.50624798180213415,0.5,0.0037818648561442902,0.0037747315843060284,0.0037881365061546001,0.0062479818021341504,6.2479818021341505e-06,1.0611060944884145e-05,1.698318157914557,1.7047409676705259,ABSTAIN,0,0.5,0.5,0.50624798180213415,0.5,0.0037818648561442902,0.0034031084997454002,0.00037740055443040953,True,,0,[],0,[],0,1250,0,0,,d22830595ab38d009d6c5a8187c889180876f33368de003dc7b36e28b9ca2534,0,0,0,False,False,abstain,fixed,none,standard,0.5,0.5,0.5,0.5,0.5,0.5
1251,numerical_frozen_W,2024-06-05,2024-06-06,mix,-0.0041106470259706998,0.50188692034124849,0.5,-0.0020572065550947816,-0.0020593255110854625,-0.0020553235129853499,0.0018869203412484881,1.886920341248488e-06,3.2167104084571463e-06,1.7047409676705259,1.7012339633770954,ABSTAIN,0,0.49999999999999989,0.49999999999999989,0.50188692034124849,0.5,-0.0020572065550947816,-0.0018516564612545,-0.00020595261484648787,True,,0,[],0,[],0,1251,0,0,,4294f1918c98ad68d060cd305d283686f34563e450133dc9fd99895fc87bd742,0,0,0,False,False,abstain,fixed,none,standard,0.49999999999999989,0.5,0.49999999999999989,0.5,0.49999999999999989,0.5
1252,numerical_frozen_W,2024-06-06,2024-06-07,mix,-0.0203922787340289,0.49897022171598698,0.5,-0.010197158645535498,-0.010249505833530731,-0.01019613936701445,0.0010297782840130165,1.0297782840130166e-06,1.7518937915111284e-06,1.7012339633770954,1.683886210759366,ABSTAIN,0,0.49999999999999994,0.49999999999999994,0.49897022171598698,0.5,-0.010197158645535498,-0.0091775353475270997,-0.0010295974559032285,True,,0,[],0,[],0,1252,0,0,,8a577a95780d9561ca42fb2f8595b5bc5eff2efba7bb60260517cac7a5e8b120,0,0,0,False,False,abstain,fixed,none,standard,0.49999999999999994,0.5,0.49999999999999994,0.5,0.49999999999999994,0.5
1253,numerical_frozen_W,2024-06-07,2024-06-08,mix,-0.00054507778894499997,0.49484941422612055,0.5,-0.0002776880765115175,-0.00027772663898449368,-0.00027253889447249999,0.0051505857738794458,5.1505857738794458e-06,8.6730003619689571e-06,1.683886210759366,1.6834186156364359,ABSTAIN,0,0.49999999999999978,0.49999999999999978,0.49484941422612055,0.5,-0.0002776880765115175,-0.00025037758825629999,-2.7317701026892253e-05,True,,0,[],0,[],0,1253,0,0,,dbe4f3c2ebdc744c41f2c8bbd70ef40dce73ca11aaed4f3e794c87198c3400a2,0,0,0,False,False,abstain,fixed,none,standard,0.49999999999999978,0.5,0.49999999999999978,0.5,0.49999999999999978,0.5
1254,numerical_frozen_W,2024-06-08,2024-06-09,mix,0.0049127039204962999,0.49986369340391479,0.5,0.0024562153188349978,0.0024532037523511897,0.0024563519602481499,0.00013630659608521167,1.3630659608521167e-07,2.2946106128388188e-07,1.6834186156364359,1.687553454228174,ABSTAIN,0,0.49999999999999989,0.49999999999999989,0.49986369340391479,0.5,0.0024562153188349978,0.0022105815260580002,0.0002450619667995679,True,,0,[],0,[],0,1254,0,0,,b96c46cada6450c69f5a193c6d530830ae1f36fa49eefc904ce1254e47acf397,0,0,0,False,False,abstain,fixed,none,standard,0.49999999999999989,0.5,0.49999999999999989,0.5,0.49999999999999989,0.5
1255,numerical_frozen_W,2024-06-09,2024-06-10,mix,-0.0016137692999056001,0.50122516653989224,0.5,-0.00080810882792459182,-0.00080843552387925761,-0.00080688464995280003,0.0012251665398922418,1.2251665398922418e-06,2.0675340263999326e-06,1.687553454228174,1.6861897273842177,ABSTAIN,0,0.5,0.5,0.50122516653989224,0.5,-0.00080810882792459182,-0.00072740851607929998,-8.0762317859063462e-05,True,,0,[],0,[],0,1255,0,0,,e21136a8d84d36dbaad5ae89bbe803df69a42412719d635e8bd74e78e06de153,0,0,0,False,False,abstain,fixed,none,standard,0.5,0.5,0.5,0.5,0.5,0.5
1256,numerical_frozen_W,2024-06-10,2024-06-11,mix,-0.0319018898964884,0.49959623188072599,0.5,-0.015951342275880465,-0.016079934245814966,-0.0159509449482442,0.00040376811927400613,4.0376811927400613e-07,6.8082965496507472e-07,1.6861897273842177,1.6592927379006384,ABSTAIN,0,0.49999999999999983,0.49999999999999983,0.49959623188072599,0.5,-0.015951342275880465,-0.0143562444135737,-0.0016196419301016726,True,,0,[],0,[],0,1256,0,0,,c6a7c9890ebb7a73d5e87933f98ae8ef5dbbf21e0c82944d5864089a2a19a779,0,0,0,False,False,abstain,fixed,none,standard,0.49999999999999983,0.5,0.49999999999999983,0.5,0.49999999999999983,0.5
1257,numerical_frozen_W,2024-06-11,2024-06-12,mix,0.013967658846282901,0.49189524909029797,0.5,0.0069756680700339135,0.0069514506540672635,0.0069838294231414503,0.0081047509097020298,8.1047509097020307e-06,1.344815432696217e-05,1.6592927379006384,1.6708674132712511,ABSTAIN,0,0.49999999999999983,0.49999999999999983,0.49189524909029797,0.5,0.0069756680700339135,0.0062773854114601003,0.00069368595802443006,True,,0,[],0,[],0,1257,0,0,,e9b20b0b8089790ab367014e94a0905ca061f9c7252ac5c28718cf75dbfda570,0,0,0,False,False,abstain,fixed,none,standard,0.49999999999999983,0.5,0.49999999999999983,0.5,0.49999999999999983,0.5
1258,numerical_frozen_W,2024-06-12,2024-06-13,mix,-0.021784322027070001,0.50346769690787496,0.5,-0.010895590939729694,-0.010955382597636789,-0.010892161013535,0.003467696907874962,3.4676969078749619e-06,5.7940617624697536e-06,1.6708674132712511,1.6526623254217232,ABSTAIN,0,0.49999999999999989,0.49999999999999989,0.50346769690787496,0.5,-0.010895590939729694,-0.0098063466376454994,-0.0011006370720237722,True,,0,[],0,[],0,1258,0,0,,286ca0888fc88a70a798257c585d277ad7cc981ed8838c9781bbaa312ce34e7d,0,0,0,False,False,abstain,fixed,none,standard,0.49999999999999989,0.5,0.49999999999999989,0.5,0.49999999999999989,0.5
1259,numerical_frozen_W,2024-06-13,2024-06-14,mix,-0.011056847742578899,0.49449394667385499,0.5,-0.0055338994848189715,-0.0055492682322000018,-0.0055284238712894496,0.0055060533261450106,5.5060533261450103e-06,9.0996468938828267e-06,1.6526623254217232,1.6435166582304923,ABSTAIN,0,0.50000000000000011,0.50000000000000011,0.49449394667385499,0.5,-0.0055338994848189715,-0.0049809993888402003,-0.00055582231794557273,True,,0,[],0,[],0,1259,0,0,,7bd6eae4711e21c416c3e48f65cc873a50b78cf57f4ea763d4bafc0dc90fdaf7,0,0,0,False,False,abstain,fixed,none,standard,0.50000000000000011,0.5,0.50000000000000011,0.5,0.50000000000000011,0.5
1260,numerical_frozen_W,2024-06-14,2024-06-15,mix,0.0028500124176948,0.49722042137553568,0.5,0.0014222226693061391,0.0014212122685420534,0.0014250062088474,0.0027795786244643184,2.7795786244643185e-06,4.5682837721685053e-06,1.6435166582304923,1.6458541048792099,ABSTAIN,0,0.49999999999999989,0.49999999999999989,0.49722042137553568,0.5,0.0014222226693061391,0.0012797518068177001,0.00014227864609365668,True,,0,[],0,[],0,1260,0,0,,136c49f120a2a358df4fd8e531a12c272ad53cd16ac3318cd7048cf2d71b23c2,0,0,0,False,False,abstain,fixed,none,standard,0.49999999999999989,0.5,0.49999999999999989,0.5,0.49999999999999989,0.5
1261,numerical_frozen_W,2024-06-15,2024-06-16,mix,0.0068208930432025004,0.50071148922785647,0.5,0.0034097326058772914,0.0034039326481194667,0.0034104465216012502,0.00071148922785646551,7.1148922785646548e-07,1.1710074662449033e-06,1.6458541048792099,1.6514660272851336,ABSTAIN,0,0.49999999999999989,0.49999999999999989,0.50071148922785647,0.5,0.0034097326058772914,0.0030686952325446998,0.00033993625038280205,True,,0,[],0,[],0,1261,0,0,,2078007e4e16ddcae939a396ad8a62dcef8064df9d12a38a2936a2449faa7323,0,0,0,False,False,abstain,fixed,none,standard,0.49999999999999989,0.5,0.49999999999999989,0.5,0.49999999999999989,0.5
1262,numerical_frozen_W,2024-06-16,2024-06-17,mix,-0.0026381820990569,0.50169942745435026,0.5,-0.0013207882352832545,-0.001321661244856336,-0.00131909104952845,0.0016994274543502552,1.6994274543502552e-06,2.806546706695104e-06,1.6514660272851336,1.6492847903853254,ABSTAIN,0,0.49999999999999983,0.49999999999999983,0.50169942745435026,0.5,-0.0013207882352832545,-0.0011888629517511,-0.00013209103493528533,True,,0,[],0,[],0,1262,0,0,,2bccc2d3d7b9138d673300d4b1a76db82288cf3161d4c753e69d18655a0d9147,0,0,0,False,False,abstain,fixed,none,standard,0.49999999999999983,0.5,0.49999999999999983,0.5,0.49999999999999983,0.5
1263,numerical_frozen_W,2024-06-17,2024-06-18,mix,-0.0201341979103382,0.49933958332551148,0.5,-0.010067752723363577,-0.010118775289732873,-0.0100670989551691,0.0006604166744885176,6.6041667448851766e-07,1.0892151765507684e-06,1.6492847903853254,1.6326801989453215,ABSTAIN,0,0.49999999999999983,0.49999999999999983,0.49933958332551148,0.5,-0.010067752723363577,-0.0090610368628002008,-0.0010164375573177235,True,,0,[],0,[],0,1263,0,0,,f55a41555d063f7a1a3129fe509a5047d2d411c1f3a330c4cebfd91ad96e7c67,0,0,0,False,False,abstain,fixed,none,standard,0.49999999999999983,0.5,0.49999999999999983,0.5,0.49999999999999983,0.5
1264,numerical_frozen_W,2024-06-18,2024-06-19,mix,-0.0027470883165873002,0.49491526196141994,0.5,-0.001378621912220046,-0.0013795730857147279,-0.0013735441582936501,0.0050847380385800611,5.0847380385800616e-06,8.301751112413737e-06,1.6326801989453215,1.6304293502474076,ABSTAIN,0,0.49999999999999989,0.49999999999999989,0.49491526196141994,0.5,-0.001378621912220046,-0.0012412123025979001,-0.00013758984112561667,True,,0,[],0,[],0,1264,0,0,,f1c65b78861347f0d5b32f8a7d042e3778963c330e85ec94583537bec8c15c69,0,0,0,False,False,abstain,fixed,none,standard,0.49999999999999989,0.5,0.49999999999999989,0.5,0.49999999999999989,0.5
1265,numerical_frozen_W,2024-06-19,2024-06-20,mix,-0.0019482647978096999,0.49931228331161326,0.5,-0.00097481944566613077,-0.00097529489114940332,-0.00097413239890484996,0.00068771668838674138,6.8771668838674134e-07,1.1212734734006938e-06,1.6304293502474076,1.6288399760120016,ABSTAIN,0,0.49999999999999989,0.49999999999999989,0.49931228331161326,0.5,-0.00097481944566613077,-0.00087739930808090004,-9.7510442998025829e-05,True,,0,[],0,[],0,1265,0,0,,ce824c0a69bd176f4e72bc5b10d4e48754ca1a12496aa0a917dfc134200822dc,0,0,0,False,False,abstain,fixed,none,standard,0.49999999999999989,0.5,0.49999999999999989,0.5,0.49999999999999989,0.5
1266,numerical_frozen_W,2024-06-20,2024-06-21,mix,-0.0111912394397905,0.49951245887093793,0.5,-0.005596104532929469,-0.0056118213887727721,-0.0055956197198952498,0.00048754112906207459,4.875411290620746e-07,7.941264809663338e-07,1.6288399760120016,1.6197248172388241,ABSTAIN,0,0.49999999999999994,0.49999999999999994,0.49951245887093793,0.5,-0.005596104532929469,-0.0050365379360686998,-0.00056255734718845679,True,,0,[],0,[],0,1266,0,0,,4faaf66ba4ab5e44e5fa193e9e4a84fba9e4398983b16c96e3cece6282d9a786,0,0,0,False,False,abstain,fixed,none,standard,0.49999999999999994,0.5,0.49999999999999994,0.5,0.49999999999999994,0.5
1267,numerical_frozen_W,2024-06-21,2024-06-22,mix,0.0020661640300333999,0.4971864465649683,0.5,0.0010302655549501161,0.0010297351956359555,0.0010330820150167,0.0028135534350317015,2.8135534350317017e-06,4.5571823233483886e-06,1.6197248172388241,1.6213935639265231,ABSTAIN,0,0.49999999999999983,0.49999999999999983,0.4971864465649683,0.5,0.0010302655549501161,0.00092698737376510003,0.00010317720932906914,True,,0,[],0,[],0,1267,0,0,,cf14942a2d83ad5d025ee9a51a5dea5f69739b6d41085be7c69c51c8e34861b9,0,0,0,False,False,abstain,fixed,none,standard,0.49999999999999983,0.5,0.49999999999999983,0.5,0.49999999999999983,0.5
1268,numerical_frozen_W,2024-06-22,2024-06-23,mix,-0.016569925771463299,0.50051600792899742,0.5,-0.0082854746185542227,-0.008319989946182953,-0.0082849628857316494,0.00051600792899741954,5.160079289974196e-07,8.3665193501147041e-07,1.6213935639265231,1.6079595487059228,ABSTAIN,0,0.49999999999999983,0.49999999999999983,0.50051600792899742,0.5,-0.0082854746185542227,-0.0074569736882209,-0.00083507403338090296,True,,0,[],0,[],0,1268,0,0,,93bc07c00cdcca93c8e5ee07f5832a52fb284b52d687a7eea68502b9260f1c5f,0,0,0,False,False,abstain,fixed,none,standard,0.49999999999999983,0.5,0.49999999999999983,0.5,0.49999999999999983,0.5
1269,numerical_frozen_W,2024-06-23,2024-06-24,mix,-0.045944218165016197,0.49582291153422481,0.5,-0.022976190214442083,-0.02324425693378953,-0.022972109082508099,0.0041770884657751917,4.177088465775192e-06,6.7165892843325933e-06,1.6079595487059228,1.571014764257727,ABSTAIN,0,0.49999999999999994,0.49999999999999994,0.49582291153422481,0.5,-0.022976190214442083,-0.020678944614101,-0.0023485088923828508,True,,0,[],0,[],0,1269,0,0,,1213e1a21cb57a62dba4b133f1d25848cabbf72a0ebc74f4391e725d76103cba,0,0,0,False,False,abstain,fixed,none,standard,0.49999999999999994,0.5,0.49999999999999994,0.5,0.49999999999999994,0.5
1270,numerical_frozen_W,2024-06-24,2024-06-25,mix,0.025155615853992199,0.488243882648562,0.5,0.012565903943458467,0.012487608194801431,0.0125778079269961,0.011756117351438,1.1756117351438001e-05,1.8469033929455544e-05,1.571014764257727,1.5907559848791446,ABSTAIN,0,0.49999999999999989,0.49999999999999989,0.488243882648562,0.5,0.012565903943458467,0.0113082844390475,0.0012427844314606817,True,,0,[],0,[],0,1270,0,0,,20defa2a399294f69acaf965b78843980790aaf7b4ef4e3cd0f2518b0ac68a85,0,0,0,False,False,abstain,fixed,none,standard,0.49999999999999989,0.5,0.49999999999999989,0.5,0.49999999999999989,0.5
1271,numerical_frozen_W,2024-06-25,2024-06-26,mix,-0.0155316181681103,0.50621078589147939,0.5,-0.0077719716381691173,-0.0078023308124714197,-0.0077658090840551502,0.0062107858914793868,6.2107858914793873e-06,9.8798448276737892e-06,1.5907559848791446,1.5783926744814161,ABSTAIN,0,0.49999999999999978,0.49999999999999978,0.50621078589147939,0.5,-0.0077719716381691173,-0.0069953414728445001,-0.00078240723122509088,True,,0,[],0,[],0,1271,0,0,,236b5b50737b15dd1157fb589f035c19c9282573460eadc4d1b0e71f6a9d4c82,0,0,0,False,False,abstain,fixed,none,standard,0.49999999999999978,0.5,0.49999999999999978,0.5,0.49999999999999978,0.5
1272,numerical_frozen_W,2024-06-26,2024-06-27,mix,0.013737193793200901,0.49608670556046525,0.5,0.0068646567233188183,0.0068412022441403956,0.0068685968966004504,0.0039132944395347535,3.9132944395347532e-06,6.1767152764505136e-06,1.5783926744814161,1.5892277983663321,ABSTAIN,0,0.49999999999999994,0.49999999999999994,0.49608670556046525,0.5,0.0068646567233188183,0.0061778421449018997,0.00068236473442831458,True,,0,[],0,[],0,1272,0,0,,6ff6c9bbca3fba5305694aabeb64ef547bc1d3da46b420baa18a436284fd6f2b,0,0,0,False,False,abstain,fixed,none,standard,0.49999999999999994,0.5,0.49999999999999994,0.5,0.49999999999999994,0.5
1273,numerical_frozen_W,2024-06-27,2024-06-28,mix,-0.020782909380354701,0.50341087055340239,0.5,-0.010394830116823961,-0.010449233702492906,-0.010391454690177351,0.0034108705534023898,3.4108705534023898e-06,5.4206503000962333e-06,1.5892277983663321,1.5727080453853799,ABSTAIN,0,0.49999999999999972,0.49999999999999972,0.50341087055340239,0.5,-0.010394830116823961,-0.0093556566860404002,-0.0010495379690772973,True,,0,[],0,[],0,1273,0,0,,8990d7c336a0f38670f8619c198d0dcd024fd5fd9d9f4cf2d7855de0b34163ba,0,0,0,False,False,abstain,fixed,none,standard,0.49999999999999972,0.5,0.49999999999999972,0.5,0.49999999999999972,0.5
1274,numerical_frozen_W,2024-06-28,2024-06-29,mix,0.0094382260571855992,0.49474971455156341,0.5,0.0047138379664539709,0.0047027626235437879,0.0047191130285927996,0.0052502854484365868,5.2502854484365871e-06,8.2571661653260063e-06,1.5727080453853799,1.5801215362798651,ABSTAIN,0,0.49999999999999994,0.49999999999999994,0.49474971455156341,0.5,0.0047138379664539709,0.0042419873425083004,0.00046974714593313056,True,,0,[],0,[],0,1274,0,0,,e3ef6483996a2b864c7ca7ce5e6f17a22548683fef0ba895dfd7b87fd78e19e7,0,0,0,False,False,abstain,fixed,none,standard,0.49999999999999994,0.5,0.49999999999999994,0.5,0.49999999999999994,0.5
1275,numerical_frozen_W,2024-06-29,2024-06-30,mix,0.0292078184913422,0.50234847380098491,0.5,0.014601526474971926,0.014495950658459295,0.0146039092456711,0.0023484738009849071,2.3484738009849073e-06,3.7108740303252852e-06,1.5801215362798651,1.6031937227255288,ABSTAIN,0,0.49999999999999989,0.49999999999999989,0.50234847380098491,0.5,0.014601526474971926,0.0131411616665964,0.0014403849851382638,True,,0,[],0,[],0,1275,0,0,,25f29fb67b8f49b689b897a6fb774a38da669b7dbd05da6f8ca9b859e2b820b2,0,0,0,False,False,abstain,fixed,none,standard,0.49999999999999989,0.5,0.49999999999999989,0.5,0.49999999999999989,0.5
1276,numerical_frozen_W,2024-06-30,2024-07-01,mix,0.0021639951365880999,0.50719685244290491,0.5,0.0010747929288743574,0.0010742157524807625,0.00108199756829405,0.0071968524429049108,7.1968524429049113e-06,1.1537948659847041e-05,1.6031937227255288,1.6049168240023299,ABSTAIN,0,0.5,0.5,0.50719685244290491,0.5,0.0010747929288743574,0.00096665570921849998,0.00010802695402193654,True,,0,[],0,[],0,1276,0,0,,c93285bb35ec9ce0f0d595d32be95134e6eb7ae7ee6edd456e673fc597df35d2,0,0,0,False,False,abstain,fixed,none,standard,0.5,0.5,0.5,0.5,0.5,0.5
1277,numerical_frozen_W,2024-07-01,2024-07-02,mix,-0.012510713132909501,0.50054041405745098,0.5,-0.0062558936000295384,-0.0062755436978782601,-0.0062553565664547504,0.00054041405745097748,5.404140574509775e-07,8.6731961273043551e-07,1.6049168240023299,1.5948766351144741,ABSTAIN,0,0.49999999999999994,0.49999999999999994,0.50054041405745098,0.5,-0.0062558936000295384,-0.0056303529652221001,-0.00062928054732205949,True,,0,[],0,[],0,1277,0,0,,bc4cb26cb9322e87e27324e3dda092896d55462f144f6c867532ad300fb39976,0,0,0,False,False,abstain,fixed,none,standard,0.49999999999999994,0.5,0.49999999999999994,0.5,0.49999999999999994,0.5
1278,numerical_frozen_W,2024-07-02,2024-07-03,mix,-0.030658596242067598,0.49685263381906564,0.5,-0.015332397240300222,-0.015451153889400826,-0.015329298121033799,0.0031473661809343634,3.1473661809343636e-06,5.0196607841216903e-06,1.5948766351144741,1.5704233529956255,ABSTAIN,0,0.49999999999999994,0.49999999999999994,0.49685263381906564,0.5,-0.015332397240300222,-0.0137994392803545,-0.001555617262982166,True,,0,[],0,[],0,1278,0,0,,43e9dfe442d726763e4cbed28a157d79092c214341cd454506d2a835e3cba23b,0,0,0,False,False,abstain,fixed,none,standard,0.49999999999999994,0.5,0.49999999999999994,0.5,0.49999999999999994,0.5
1279,numerical_frozen_W,2024-07-03,2024-07-04,mix,-0.052708254082688602,0.49221602811387494,0.5,-0.02636170587344655,-0.026715405577645394,-0.026354127041344301,0.0077839718861250629,7.7839718861250638e-06,1.2224131229032205e-05,1.5704233529956255,1.5290243144671631,ABSTAIN,0,0.5,0.5,0.49221602811387494,0.5,-0.02636170587344655,-0.0237262259957218,-0.0027031798260301193,True,,0,[],0,[],0,1279,0,0,,54aa65e5de22ef5b51c576dbab54e9fd39b99f467a694fcca71e739e27a8bf5c,0,0,0,False,False,abstain,fixed,none,standard,0.5,0.5,0.5,0.5,0.5,0.5
1280,numerical_frozen_W,2024-07-04,2024-07-05,bear,-0.0067425030205361001,0.48646626675401961,0.5,-0.003384739617895427,-0.0033904808076515567,-0.0033712515102680501,0.013533733245980395,1.3533733245980395e-05,2.0693407198616629e-05,1.5290243144671631,1.5238489652932607,ABSTAIN,0,0.49999999999999994,0.49999999999999994,0.48646626675401961,0.5,-0.003384739617895427,-0.0027335401683500999,-0.00065319769582852056,True,,0,[],0,[],0,1280,0,0,,9a205cfacabcf1560f3853e234c484442ad141ac877822e3de2475681b490731,0,0,0,False,False,abstain,fixed,none,standard,0.49999999999999994,0.5,0.49999999999999994,0.5,0.49999999999999994,0.5
1281,numerical_frozen_W,2024-07-05,2024-07-06,bear,0.028554883495933901,0.49830867235398496,0.5,0.014275726272489075,0.014174787606488489,0.014277441747966951,0.0016913276460150395,1.6913276460150396e-06,2.5773278833519044e-06,1.5238489652932607,1.545603016002403,ABSTAIN,0,0.49999999999999994,0.49999999999999994,0.49830867235398496,0.5,0.014275726272489075,0.0114203122885601,0.0028191948059092427,True,,0,[],0,[],0,1281,0,0,,abad8badf90080ddccdf2de3fa5842a12ba347c23f9728cf3261ac979fc82a3a,0,0,0,False,False,abstain,fixed,none,standard,0.49999999999999994,0.5,0.49999999999999994,0.5,0.49999999999999994,0.5
1282,numerical_frozen_W,2024-07-06,2024-07-07,bear,-0.041162597495331098,0.50703823291355166,0.5,-0.020588192124604943,-0.02080308355278428,-0.020581298747665549,0.0070382329135516564,7.0382329135516565e-06,1.087831401851282e-05,1.545603016002403,1.5137818441605766,ABSTAIN,0,0.50000000000000011,0.50000000000000011,0.50703823291355166,0.5,-0.020588192124604943,-0.016471703214062699,-0.0041942135018193452,True,,0,[],0,[],0,1282,0,0,,f7c790f08c7dcc2d0d8d215456359a0a4c46f8251507ed82033c794fc1abb512,0,0,0,False,False,abstain,fixed,none,standard,0.50000000000000011,0.5,0.50000000000000011,0.5,0.50000000000000011,0.5
1283,numerical_frozen_W,2024-07-07,2024-07-08,bear,0.0154597743331226,0.4894931050829695,0.5,0.0077192990545320583,0.0076896577081401671,0.0077298871665612999,0.010506894917030496,1.0506894917030496e-05,1.5905146763903813e-05,1.5137818441605766,1.5254671789189731,ABSTAIN,0,0.49999999999999989,0.49999999999999989,0.4894931050829695,0.5,0.0077192990545320583,0.0061738032146381001,0.0015348343380772065,True,,0,[],0,[],0,1283,0,0,,7a750b76019ebd9aa35ce6e04c68a6f32e534d1ee80a0baaceca116b3a6695a2,0,0,0,False,False,abstain,fixed,none,standard,0.49999999999999989,0.5,0.49999999999999989,0.5,0.49999999999999989,0.5
1284,numerical_frozen_W,2024-07-08,2024-07-09,bear,0.0231768524117359,0.50383529716891473,0.5,0.011584546463640599,0.011517959366067979,0.01158842620586795,0.0038352971689147308,3.8352971689147306e-06,5.8506199525802784e-06,1.5254671789189731,1.5431390243319187,ABSTAIN,0,0.49999999999999978,0.49999999999999978,0.50383529716891473,0.5,0.011584546463640599,0.0092670192360333001,0.0022936155063759504,True,,0,[],0,[],0,1284,0,0,,5ea5da032c155f26b9a365549d6aebba43cc1dcc3ef97f867b148ea19e46b0f7,0,0,0,False,False,abstain,fixed,none,standard,0.49999999999999978,0.5,0.49999999999999978,0.5,0.49999999999999978,0.5
1285,numerical_frozen_W,2024-07-09,2024-07-10,bear,-0.0050431258765596997,0.50572783649242237,0.5,-0.0025272763316720459,-0.0025304752853970345,-0.0025215629382798498,0.0057278364924223668,5.7278364924223673e-06,8.8388480164494108e-06,1.5431390243319187,1.5392390855992453,ABSTAIN,0,0.5,0.5,0.50572783649242237,0.5,-0.0025272763316720459,-0.0020227505831287001,-0.00050567617940754052,True,,0,[],0,[],0,1285,0,0,,742e38213fe25059c0874f1808ce1dbc63bd8cbe47430e59f7bbf2cb4ed4e739,0,0,0,False,False,abstain,fixed,none,standard,0.5,0.5,0.5,0.5,0.5,0.5
1286,numerical_frozen_W,2024-07-10,2024-07-11,bear,-0.0070895826081834997,0.49873603135436811,0.5,-0.0035460507922323581,-0.0035523529332285265,-0.0035447913040917499,0.0012639686456318855,1.2639686456318855e-06,1.9455499423285399e-06,1.5392390855992453,1.5337808656203211,ABSTAIN,0,0.49999999999999994,0.49999999999999994,0.49873603135436811,0.5,-0.0035460507922323581,-0.0028370424007093001,-0.00071127849989014759,True,,0,[],0,[],0,1286,0,0,,7a91d262a56f1cc2a1d2c67c9a36fda085a6ffb17d2f372f5ecef4beb7c8b6f8,0,0,0,False,False,abstain,fixed,none,standard,0.49999999999999994,0.5,0.49999999999999994,0.5,0.49999999999999994,0.5
1287,numerical_frozen_W,2024-07-11,2024-07-12,bear,0.0095539901599830009,0.49822129922491404,0.5,0.0047752078823715127,0.0047638427434512822,0.0047769950799915004,0.0017787007750859618,1.7787007750859617e-06,2.7281372144908826e-06,1.5337808656203211,1.5411049880996619,ABSTAIN,0,0.5,0.5,0.49822129922491404,0.5,0.0047752078823715127,0.0038198832043380999,0.00095123676674139851,True,,0,[],0,[],0,1287,0,0,,c8dfbde6cb65ce2646cc18493162cc019aa040ef04b620968dcf49c8561447ec,0,0,0,False,False,abstain,fixed,none,standard,0.5,0.5,0.5,0.5,0.5,0.5
1288,numerical_frozen_W,2024-07-12,2024-07-13,bear,0.022884991128977902,0.50237714194462191,0.5,0.011440091222108206,0.011375148211831956,0.011442495564488951,0.0023771419446219078,2.3771419446219079e-06,3.6634253082777525e-06,1.5411049880996619,1.5587353697463679,ABSTAIN,0,0.49999999999999983,0.49999999999999983,0.50237714194462191,0.5,0.011440091222108206,0.0091516913135331994,0.0022650798709139327,True,,0,[],0,[],0,1288,0,0,,02cf6196851a7921ef9bdccf66563d3c80281070689fa5caa779dd037c6dbd92,0,0,0,False,False,abstain,fixed,none,standard,0.49999999999999983,0.5,0.49999999999999983,0.5,0.49999999999999983,0.5
1289,numerical_frozen_W,2024-07-13,2024-07-14,mix,0.026770906167560001,0.50565652304242115,0.5,0.013379720845613896,0.013291002852555741,0.013385453083780001,0.0056565230424211466,5.6565230424211468e-06,8.8170225360071761e-06,1.5587353697463679,1.5795908138657591,ABSTAIN,0,0.49999999999999989,0.49999999999999989,0.50565652304242115,0.5,0.013379720845613896,0.012001813572775501,0.0013606399209277094,True,,0,[],0,[],0,1289,0,0,,8bb5fe68006ab0379cdc15b46494cf82c42be15af460c19dcb0732ad966495b8,0,0,0,False,False,abstain,fixed,none,standard,0.49999999999999989,0.5,0.49999999999999989,0.5,0.49999999999999989,0.5
1290,numerical_frozen_W,2024-07-14,2024-07-15,mix,0.0655893833199825,0.50660432466395067,0.5,0.032787870748536285,0.032261816434602894,0.03279469165999125,0.006604324663950667,6.6043246639506672e-06,1.0432130570963541e-05,1.5795908138657591,1.6313822333063648,ABSTAIN,0,0.49999999999999989,0.49999999999999989,0.50660432466395067,0.5,0.032787870748536285,0.0295084823308988,0.0031803297104743659,True,,0,[],0,[],0,1290,0,0,,c8054c6a4bae4a555ce7c3a472a0876d4560a67d0176827d605760e21e12519c,0,0,0,False,False,abstain,fixed,none,standard,0.49999999999999989,0.5,0.49999999999999989,0.5,0.49999999999999989,0.5
1291,numerical_frozen_W,2024-07-15,2024-07-16,mix,0.0041261206747511001,0.51587667516342528,0.5,0.0020471509076731564,0.0020450583496218399,0.00206306033737555,0.01587667516342528,1.5876675163425281e-05,2.5900925785588428e-05,1.6313822333063648,1.6347219189260398,ABSTAIN,0,0.49999999999999989,0.49999999999999989,0.51587667516342528,0.5,0.0020471509076731564,0.0018409570493571001,0.00020579378481763917,True,,0,[],0,[],0,1291,0,0,,5fb6746aa9cf89bc149dedbf10e6a4b74d59dad8ab1f67ccbe890bdf1812d9b2,0,0,0,False,False,abstain,fixed,none,standard,0.49999999999999989,0.5,0.49999999999999989,0.5,0.49999999999999989,0.5
1292,numerical_frozen_W,2024-07-16,2024-07-17,mix,-0.0147656330467319,0.50102940644108818,0.5,-0.0073838383298880927,-0.0074112338032678079,-0.0073828165233659499,0.0010294064410881765,1.0294064410881766e-06,1.6827932727304892e-06,1.6347219189260398,1.6226513965623655,ABSTAIN,0,0.49999999999999994,0.49999999999999994,0.50102940644108818,0.5,-0.0073838383298880927,-0.0066455474203432003,-0.00074350641269131223,True,,0,[],0,[],0,1292,0,0,,182dbd81b37b6d1d2ac53af9ccc6e068a00b5fcf2ef7be3e2ddfdf72be54f97e,0,0,0,False,False,abstain,fixed,none,standard,0.49999999999999994,0.5,0.49999999999999994,0.5,0.49999999999999994,0.5
1293,numerical_frozen_W,2024-07-17,2024-07-18,mix,-0.0016960735974235,0.49628113604808466,0.5,-0.00085175250893010368,-0.00085211545620714234,-0.00084803679871174999,0.003718863951915341,3.7188639519153409e-06,6.0344197852008657e-06,1.6226513965623655,1.6212692991642246,ABSTAIN,0,0.49999999999999989,0.49999999999999989,0.49628113604808466,0.5,-0.00085175250893010368,-0.00076690924997010004,-8.4911980899157594e-05,True,,0,[],0,[],0,1293,0,0,,68e2bf7ff77ac156261d6d0a132e9f4f381245522722e76b68302cb6e2ac577a,0,0,0,False,False,abstain,fixed,none,standard,0.49999999999999989,0.5,0.49999999999999989,0.5,0.49999999999999989,0.5
1294,numerical_frozen_W,2024-07-18,2024-07-19,mix,0.042151905658755297,0.49957562171223951,0.5,0.021075519506912999,0.020856502663532048,0.021075952829377648,0.00042437828776048514,4.2437828776048516e-07,6.8803148917795538e-07,1.6212692991642246,1.6554383919047193,ABSTAIN,0,0.5,0.5,0.49957562171223951,0.5,0.021075519506912999,0.018967929479005899,0.002066221460898271,True,,0,[],0,[],0,1294,0,0,,f943bc4b866d400773204e8b6d6403a958e8cd207ebbc2686e6ed54ad05498b7,0,0,0,False,False,abstain,fixed,none,standard,0.5,0.5,0.5,0.5,0.5,0.5
1295,numerical_frozen_W,2024-07-19,2024-07-20,mix,0.0070653624766412,0.5103204628269703,0.5,0.0035223243165880547,0.0035161354608061498,0.0035326812383206,0.0103204628269703,1.0320462826970301e-05,1.7084890385992147e-05,1.6554383919047193,1.6612693828071388,ABSTAIN,0,0.49999999999999961,0.49999999999999961,0.5103204628269703,0.5,0.0035223243165880547,0.0031691421712276,0.00035200443606352898,True,,0,[],0,[],0,1295,0,0,,95f026e54057d478ad3f735cc76149807c122808223417b9b540f27789fb789a,0,0,0,False,False,abstain,fixed,none,standard,0.49999999999999961,0.5,0.49999999999999961,0.5,0.49999999999999961,0.5
1296,numerical_frozen_W,2024-07-20,2024-07-21,mix,0.0150442675562372,0.50176012266683812,0.5,0.0075203604155735793,0.0074922234837094979,0.0075221337781186002,0.0017601226668381154,1.7601226668381153e-06,2.9240378964030112e-06,1.6612693828071388,1.6737627273132059,ABSTAIN,0,0.49999999999999967,0.49999999999999967,0.50176012266683812,0.5,0.0075203604155735793,0.0067681654643544998,0.00074685922748324741,True,,0,[],0,[],0,1296,0,0,,42532f943b13cabe2e72e9bd507f3a77a9ba2d2dd2d8c12e83784b4c2590cfd0,0,0,0,False,False,abstain,fixed,none,standard,0.49999999999999967,0.5,0.49999999999999967,0.5,0.49999999999999967,0.5
1297,numerical_frozen_W,2024-07-21,2024-07-22,mix,-0.0088778101695013,0.50373298686248769,0.5,-0.0044426215012387527,-0.0044525192697117046,-0.00443890508475065,0.0037329868624876861,3.7329868624876861e-06,6.2481342719817568e-06,1.6737627273132059,1.6663268330328722,ABSTAIN,0,0.5,0.5,0.50373298686248769,0.5,-0.0044426215012387527,-0.0039986982192641001,-0.00044580488008973476,True,,0,[],0,[],0,1297,0,0,,baf51ecb59c58346b85cc431fdf7eec1e3d0e31fc9140305b9816c9b5823df13,0,0,0,False,False,abstain,fixed,none,standard,0.5,0.5,0.5,0.5,0.5,0.5
1298,numerical_frozen_W,2024-07-22,2024-07-23,mix,-0.02391878449113,0.49777065159163913,0.5,-0.011961594932321185,-0.012033710463756722,-0.011959392245565,0.002229348408360865,2.2293484083608651e-06,3.7148230730308343e-06,1.6663268330328722,1.6463949064312755,ABSTAIN,0,0.49999999999999983,0.49999999999999983,0.49777065159163913,0.5,-0.011961594932321185,-0.0107656353473677,-0.0012097063684024505,True,,0,[],0,[],0,1298,0,0,,cc25c162b92360c9b8067319c62a969a383d1b5174f55f5e4f59f542ff1aab3f,0,0,0,False,False,abstain,fixed,none,standard,0.49999999999999983,0.5,0.49999999999999983,0.5,0.49999999999999983,0.5
1299,numerical_frozen_W,2024-07-23,2024-07-24,mix,-0.0086035627515629008,0.49394792473522636,0.5,-0.0043078074163416247,-0.0043171127520547255,-0.0043017813757814504,0.0060520752647736376,6.0520752647736376e-06,9.964105889262031e-06,1.6463949064312755,1.6393025542431239,ABSTAIN,0,0.49999999999999983,0.49999999999999983,0.49394792473522636,0.5,-0.0043078074163416247,-0.0038775643803372999,-0.00043201112854954985,True,,0,[],0,[],0,1299,0,0,,e7836d5924ba5da90cdbbfc2d29de4a5c70afc01818745b766d8f8be45b531cb,0,0,0,False,False,abstain,fixed,none,standard,0.49999999999999983,0.5,0.49999999999999983,0.5,0.49999999999999983,0.5
1300,numerical_frozen_W,2024-07-24,2024-07-25,mix,0.0065595337346358003,0.49783981667571658,0.5,0.0032775995990959039,0.0032722399774659247,0.0032797668673179002,0.0021601833242834156,2.1601833242834157e-06,3.5411940411312058e-06,1.6393025542431239,1.644675531637708,ABSTAIN,0,0.49999999999999983,0.49999999999999983,0.49783981667571658,0.5,0.0032775995990959039,0.0029496462127240001,0.00032693543563192375,True,,0,[],0,[],0,1300,0,0,,ef38b3533aac384a04c82d609e13ad86988e4378263d143920fbab7b7878dae1,0,0,0,False,False,abstain,fixed,none,standard,0.49999999999999983,0.5,0.49999999999999983,0.5,0.49999999999999983,0.5
1301,numerical_frozen_W,2024-07-25,2024-07-26,mix,0.032056572030401499,0.501634522580655,0.5,0.016026625294024655,0.015899554810974742,0.01602828601520075,0.0016345225806549957,1.6345225806549957e-06,2.6882592943125934e-06,1.644675531637708,1.6710341301135163,ABSTAIN,0,0.5,0.5,0.501634522580655,0.5,0.016026625294024655,0.014423815356581399,0.0015787731020412542,True,,0,[],0,[],0,1301,0,0,,38542465102bd1c276e30d42e90c92b5abdf7ae48229f21499b94e501d93b40f,0,0,0,False,False,abstain,fixed,none,standard,0.5,0.5,0.5,0.5,0.5,0.5
1302,numerical_frozen_W,2024-07-26,2024-07-27,mix,-0.00096453173824810005,0.50788771643261166,0.5,-0.00049014978158012923,-0.00049026994425106296,-0.00048226586912405002,0.0078877164326116578,7.8877164326116588e-06,1.3180643367551311e-05,1.6710341301135163,1.6702150730996281,ABSTAIN,0,0.5,0.5,0.50788771643261166,0.5,-0.00049014978158012923,-0.0004418570650277,-4.831523162515867e-05,True,,0,[],0,[],0,1302,0,0,,372cf30c6eff7ccde0afd1e242491d1834e0f5047f9c972d074046d8191a07a2,0,0,0,False,False,abstain,fixed,none,standard,0.5,0.5,0.5,0.5,0.5,0.5
1303,numerical_frozen_W,2024-07-27,2024-07-28,mix,0.0060905235757209002,0.49975875071914388,0.5,0.0030450198039122522,0.0030403931209571963,0.0030452617878604501,0.00024124928085611508,2.412492808561151e-07,4.0293818526032897e-07,1.6702150730996281,1.6753009110740094,ABSTAIN,0,0.49999999999999989,0.49999999999999989,0.49975875071914388,0.5,0.0030450198039122522,0.0027404961292526999,0.00030364530462535094,True,,0,[],0,[],0,1303,0,0,,fb67bb30badb5ac35a9c6404e2f1a93fe3c5f8bce1019148903210e9fd8e4598,0,0,0,False,False,abstain,fixed,none,standard,0.49999999999999989,0.5,0.49999999999999989,0.5,0.49999999999999989,0.5
1304,numerical_frozen_W,2024-07-28,2024-07-29,mix,-0.0213548053439757,0.50151800816168179,0.5,-0.010678904471765116,-0.010736333188570382,-0.01067740267198785,0.0015180081616817942,1.5180081616817942e-06,2.5431204562832922e-06,1.6753009110740094,1.6574105326831889,ABSTAIN,0,0.49999999999999989,0.49999999999999989,0.50151800816168179,0.5,-0.010678904471765116,-0.0096111512432123999,-0.0010786967405708725,True,,0,[],0,[],0,1304,0,0,,64c74dac7b0371d00ff8928e2a66f46ead068b321c27aaecb47dd28da65e3c7d,0,0,0,False,False,abstain,fixed,none,standard,0.49999999999999989,0.5,0.49999999999999989,0.5,0.49999999999999989,0.5
1305,numerical_frozen_W,2024-07-29,2024-07-30,mix,-0.0091888015784739006,0.49460367998222937,0.5,-0.0045997723163976323,-0.0046103838219224164,-0.0045944007892369503,0.0053963200177706283,5.3963200177706284e-06,8.9439176351821728e-06,1.6574105326831889,1.6497868215980469,ABSTAIN,0,0.49999999999999989,0.49999999999999989,0.49460367998222937,0.5,-0.0045997723163976323,-0.0041402752409137001,-0.00046151391040245588,True,,0,[],0,[],0,1305,0,0,,a829daf3c85a580976d85a721581711b29114ee940abaf3f32e9b6f410a64eb8,0,0,0,False,False,abstain,fixed,none,standard,0.49999999999999989,0.5,0.49999999999999989,0.5,0.49999999999999989,0.5
1306,numerical_frozen_W,2024-07-30,2024-07-31,mix,-0.023553710891759099,0.49769219663176506,0.5,-0.01177913607058112,-0.011849059729796007,-0.01177685544587955,0.0023078033682349397,2.3078033682349399e-06,3.8073835837535883e-06,1.6497868215980469,1.630353758138992,ABSTAIN,0,0.5,0.5,0.49769219663176506,0.5,-0.01177913607058112,-0.0106014293675534,-0.001191034859049778,True,,0,[],0,[],0,1306,0,0,,46c30243c0255018fd4c3880d0a84db0a4e8cb74cde29f3fe9075fe57d29191a,0,0,0,False,False,abstain,fixed,none,standard,0.5,0.5,0.5,0.5,0.5,0.5
1307,numerical_frozen_W,2024-07-31,2024-08-01,mix,0.011557267972642501,0.49404139869078195,0.5,0.0057726409524359035,0.0057560431056265151,0.0057786339863212504,0.0059586013092180479,5.9586013092180479e-06,9.7146280377355635e-06,1.630353758138992,1.639765205010183,ABSTAIN,0,0.49999999999999978,0.49999999999999978,0.49404139869078195,0.5,0.0057726409524359035,0.0051948479510937002,0.00057464182830406323,True,,0,[],0,[],0,1307,0,0,,02d84dabaff1d03930e71bc943117f1ab08bae4f6bef1f7d419b13ce3bb18706,0,0,0,False,False,abstain,fixed,none,standard,0.49999999999999978,0.5,0.49999999999999978,0.5,0.49999999999999978,0.5
1308,numerical_frozen_W,2024-08-01,2024-08-02,mix,-0.059569026309066998,0.50287271661529442,0.5,-0.029787300308682929,-0.030239953490336702,-0.029784513154533499,0.0028727166152944239,2.8727166152944238e-06,4.7105807496144197e-06,1.639765205010183,1.5909210264128155,ABSTAIN,0,0.49999999999999983,0.49999999999999983,0.50287271661529442,0.5,-0.029787300308682929,-0.0268088311834806,-0.0030652109996165341,True,,0,[],0,[],0,1308,0,0,,ba054d02ca5f4aca5e61307d322eac3994896311c6c245dff837195f0c63aff5,0,0,0,False,False,abstain,fixed,none,standard,0.49999999999999983,0.5,0.49999999999999983,0.5,0.49999999999999983,0.5
1309,numerical_frozen_W,2024-08-02,2024-08-03,mix,-0.012719852566823901,0.48465056806536133,0.5,-0.0063751780940909386,-0.006395586325601465,-0.0063599262834119503,0.015349431934638669,1.5349431934638669e-05,2.4419734008309003e-05,1.5909210264128155,1.5807786215358,ABSTAIN,0,0.49999999999999994,0.49999999999999994,0.48465056806536133,0.5,-0.0063751780940909386,-0.0057389963713195997,-0.00064005863547946656,True,,0,[],0,[],0,1309,0,0,,c51f5a0dbfa7b5df95f7e27cc214e8e34bdc0ad94966b9b36c14aa384c427b57,0,0,0,False,False,abstain,fixed,none,standard,0.49999999999999994,0.5,0.49999999999999994,0.5,0.49999999999999994,0.5
1310,numerical_frozen_W,2024-08-03,2024-08-04,mix,-0.042092897966446198,0.49679968307859029,0.5,-0.021049581944837636,-0.021274283234498204,-0.021046448983223099,0.0032003169214097071,3.2003169214097073e-06,5.0589925715037318e-06,1.5807786215358,1.5475038924051348,ABSTAIN,0,0.49999999999999989,0.49999999999999989,0.49679968307859029,0.5,-0.021049581944837636,-0.018944910396837902,-0.0021476188191495195,True,,0,[],0,[],0,1310,0,0,,94e6b5917a3e5f829312014d7833ce440069245b8b2f68571aee73a097d766fb,0,0,0,False,False,abstain,fixed,none,standard,0.49999999999999989,0.5,0.49999999999999989,0.5,0.49999999999999989,0.5
1311,numerical_frozen_W,2024-08-04,2024-08-05,mix,-0.071597370566442706,0.48925053749416225,0.5,-0.035809049929101944,-0.036465923000631,-0.035798685283221353,0.010749462505837748,1.0749462505837748e-05,1.6634835069046969e-05,1.5475038924051348,1.4920892482565198,ABSTAIN,0,0.49999999999999994,0.49999999999999994,0.48925053749416225,0.5,-0.035809049929101944,-0.032229093756717703,-0.00370603618094522,True,,0,[],0,[],0,1311,0,0,,a56a8304ac4e6680e8eaee031843c4ead298277fd683b66d5dd1ab3b24127c73,0,0,0,False,False,abstain,fixed,none,standard,0.49999999999999994,0.5,0.49999999999999994,0.5,0.49999999999999994,0.5
1312,numerical_frozen_W,2024-08-05,2024-08-06,bear,0.038511272902425002,0.48143609392726422,0.5,0.019236715085313216,0.019054028622287895,0.019255636451212501,0.018563906072735781,1.856390607273578e-05,2.7699004656772974e-05,1.4920892482565198,1.5207921440070897,ABSTAIN,0,0.49999999999999994,0.49999999999999994,0.48143609392726422,0.5,0.019236715085313216,0.015372331281394,0.0037986545451259204,True,,0,[],0,[],0,1312,0,0,,32ca82604f4b14221e01807e6233d951cc297c7b2f6431bb7e69d17b34acee2a,0,0,0,False,False,abstain,fixed,none,standard,0.49999999999999994,0.5,0.49999999999999994,0.5,0.49999999999999994,0.5
1313,numerical_frozen_W,2024-08-06,2024-08-07,mix,-0.016713106829022901,0.50944593081587253,0.5,-0.0083659204099019169,-0.0084011111279965398,-0.0083565534145114504,0.0094459308158725275,9.4459308158725271e-06,1.436529737761342e-05,1.5207921440070897,1.5080693179703224,ABSTAIN,0,0.49999999999999994,0.49999999999999994,0.50944593081587253,0.5,-0.0083659204099019169,-0.0066942843654446997,-0.0016843195382267966,True,,0,[],0,[],0,1313,0,0,,ab4299b52c1b181922d8c32a8f94d599f23e98a656f8793f20d9004715c1076b,0,0,0,False,False,abstain,fixed,none,standard,0.49999999999999994,0.5,0.49999999999999994,0.5,0.49999999999999994,0.5
1314,numerical_frozen_W,2024-08-07,2024-08-08,bear,0.11935218764570241,0.4957865130641031,0.5,0.059671628891473594,0.057959076066332965,0.059676093822851203,0.004213486935896904,4.2134869358969038e-06,6.354230369694908e-06,1.5080693179703224,1.5980582706548652,ABSTAIN,0,0.5,0.5,0.4957865130641031,0.5,0.059671628891473594,0.047736644132271903,0.011326815513967921,True,,0,[],0,[],0,1314,0,0,,377b222d50b715081f6f7f955e8b86173376aa028a89694e99261d819b7475a7,0,0,0,False,False,abstain,fixed,none,standard,0.5,0.5,0.5,0.5,0.5,0.5
1315,numerical_frozen_W,2024-08-08,2024-08-09,mix,-0.0137618173183986,0.52815770506229209,0.5,-0.006908872613665018,-0.006932849372794348,-0.0068809086591993,0.028157705062292093,2.8157705062292094e-05,4.4997653457456246e-05,1.5980582706548652,1.5870174896336968,ABSTAIN,0,0.49999999999999983,0.49999999999999983,0.52815770506229209,0.5,-0.006908872613665018,-0.0062153381379439999,-0.00069811561209916564,True,,0,[],0,[],0,1315,0,0,,d00dec3e8ac8c3c3086a82e15ce634651a7250f62f3d6144449c57814e4bd012,0,0,0,False,False,abstain,fixed,none,standard,0.49999999999999983,0.5,0.49999999999999983,0.5,0.49999999999999983,0.5
1316,numerical_frozen_W,2024-08-09,2024-08-10,mix,0.0013327723966567,0.49653570819492077,0.5,0.00066291959796682676,0.00066269996383129732,0.00066638619832834999,0.0034642918050792337,3.4642918050792338e-06,5.4978916838554337e-06,1.5870174896336968,1.5880695546298911,ABSTAIN,0,0.49999999999999989,0.49999999999999989,0.49653570819492077,0.5,0.00066291959796682676,0.00059631824872469999,6.6559442182389226e-05,True,,0,[],0,[],0,1316,0,0,,f9344c68a2cd955670aca8ca1da8b9aee5c3d1e20c036542bf19a7f84a26b1a2,0,0,0,False,False,abstain,fixed,none,standard,0.49999999999999989,0.5,0.49999999999999989,0.5,0.49999999999999989,0.5
1317,numerical_frozen_W,2024-08-10,2024-08-11,mix,-0.036407978113198701,0.50033297121174425,0.5,-0.018204315966406814,-0.018372053340964808,-0.01820398905659935,0.00033297121174424849,3.3297121174424851e-07,5.2878144393926387e-07,1.5880695546298911,1.5591598346807776,ABSTAIN,0,0.49999999999999994,0.49999999999999994,0.50033297121174425,0.5,-0.018204315966406814,-0.0163839144133218,-0.0018524383559582712,True,,0,[],0,[],0,1317,0,0,,294b3a61679c347b953a009f303b56079ab4961f5a3bdb55b6aaa6fbb93f4558,0,0,0,False,False,abstain,fixed,none,standard,0.49999999999999994,0.5,0.49999999999999994,0.5,0.49999999999999994,0.5
1318,numerical_frozen_W,2024-08-11,2024-08-12,bear,0.010844220985705101,0.49072924067031637,0.5,0.0054127894664413034,0.0053981929696897517,0.0054221104928525504,0.009270759329683631,9.2707593296836314e-06,1.4454595583834808e-05,1.5591598346807776,1.567599238610436,ABSTAIN,0,0.49999999999999978,0.49999999999999978,0.49072924067031637,0.5,0.0054127894664413034,0.0042966723134400999,0.0011107249967961018,True,,0,[],0,[],0,1318,0,0,,617682fcba9c7c05d73493d22a4d97417164d699cb1341138c29efc883d1ce4f,0,0,0,False,False,abstain,fixed,none,standard,0.49999999999999978,0.5,0.49999999999999978,0.5,0.49999999999999978,0.5
1319,numerical_frozen_W,2024-08-12,2024-08-13,bear,0.020980623420387499,0.50269643487857796,0.5,0.010487586988872755,0.010432973757264761,0.01049031171019375,0.0026964348785779579,2.6964348785779579e-06,4.2269292626214306e-06,1.567599238610436,1.5840395719890537,ABSTAIN,0,0.49999999999999989,0.49999999999999989,0.50269643487857796,0.5,0.010487586988872755,0.0083896362482406995,0.0020783348998694891,True,,0,[],0,[],0,1319,0,0,,e2c1a6a4ddf43fce41de423606acd607c89e000861ce09434f16adb1c9c3244d,0,0,0,False,False,abstain,fixed,none,standard,0.49999999999999989,0.5,0.49999999999999989,0.5,0.49999999999999989,0.5
1320,numerical_frozen_W,2024-08-13,2024-08-14,mix,-0.031147681664554099,0.50519070375471464,0.5,-0.015578950696837679,-0.015701577817818325,-0.01557384083227705,0.0051907037547146428,5.1907037547146434e-06,8.222280153940157e-06,1.5840395719890537,1.5593618975951964,ABSTAIN,0,0.5,0.5,0.50519070375471464,0.5,-0.015578950696837679,-0.012464003895546199,-0.0031592466979548841,True,,0,[],0,[],0,1320,0,0,,242a7c882db126524de94f19cc59f5068c36cefff3d3dc90eebfb4c77f26d2a7,0,0,0,False,False,abstain,fixed,none,standard,0.5,0.5,0.5,0.5,0.5,0.5
1321,numerical_frozen_W,2024-08-14,2024-08-15,bear,-0.019983715962785201,0.49208988877060938,0.5,-0.0099996890559138629,-0.010050021768615273,-0.0099918579813926007,0.0079101112293906151,7.9101112293906159e-06,1.2334726056851622e-05,1.5593618975951964,1.5437687634936046,ABSTAIN,0,0.5,0.5,0.49208988877060938,0.5,-0.0099996890559138629,-0.0080009956321107998,-0.0020168464094453293,True,,0,[],0,[],0,1321,0,0,,67512ed636ac3b2725e7d099d02cede60b5419f3a871890dd0ab0dd60ff346e5,0,0,0,False,False,abstain,fixed,none,standard,0.5,0.5,0.5,0.5,0.5,0.5
1322,numerical_frozen_W,2024-08-15,2024-08-16,bear,0.0233355233198804,0.49495364858261698,0.5,0.011662656428897078,0.011595171844289735,0.0116677616599402,0.0050463514173830215,5.0463514173830214e-06,7.7903996877675866e-06,1.5437687634936046,1.5617732081878937,ABSTAIN,0,0.5,0.5,0.49495364858261698,0.5,0.011662656428897078,0.0093293294612479,0.0023090917932342345,True,,0,[],0,[],0,1322,0,0,,a3c88638935278861b3b82bb9e7ba81142c07eda053afabd9c02bea47c11f8e3,0,0,0,False,False,abstain,fixed,none,standard,0.5,0.5,0.5,0.5,0.5,0.5
1323,numerical_frozen_W,2024-08-16,2024-08-17,mix,0.0102909105731929,0.50576659754423525,0.5,0.0051396590172823053,0.0051264960527103694,0.0051454552865964499,0.0057665975442352524,5.7665975442352528e-06,9.0061175469887186e-06,1.5617732081878937,1.5698001899403065,ABSTAIN,0,0.49999999999999989,0.49999999999999989,0.50576659754423525,0.5,0.0051396590172823053,0.0041107926561073996,0.0010241296203213459,True,,0,[],0,[],0,1323,0,0,,5c72656ded35518ff7c550a75df1e09c336f055dc57b9512bef94afe8548cb9b,0,0,0,False,False,abstain,fixed,none,standard,0.49999999999999989,0.5,0.49999999999999989,0.5,0.49999999999999989,0.5
1324,numerical_frozen_W,2024-08-17,2024-08-18,mix,-0.0174301608355985,0.50255955755434889,0.5,-0.0087176176686036833,-0.0087558383887192063,-0.0087150804177992501,0.0025595575543488902,2.5595575543488903e-06,4.0179939349800338e-06,1.5698001899403065,1.5561152720683054,ABSTAIN,0,0.49999999999999989,0.49999999999999989,0.50255955755434889,0.5,-0.0087176176686036833,-0.0069745068786408,-0.0017568959533906985,True,,0,[],0,[],0,1324,0,0,,26abcae9dd17979da626b2bc48d6ea3fe328fb324f8f017727eee65f05085395,0,0,0,False,False,abstain,fixed,none,standard,0.49999999999999989,0.5,0.49999999999999989,0.5,0.49999999999999989,0.5
1325,numerical_frozen_W,2024-08-18,2024-08-19,bear,0.017530622126635802,0.49560414960137172,0.5,0.0087608766819231576,0.0087227228803714967,0.0087653110633179009,0.004395850398628276,4.3958503986282761e-06,6.8404499390330086e-06,1.5561152720683054,1.5697482060697532,ABSTAIN,0,0.49999999999999989,0.49999999999999989,0.49560414960137172,0.5,0.0087608766819231576,0.0070080067016075999,0.0017391581312581226,True,,0,[],0,[],0,1325,0,0,,4c8d3fef5049e519d9512564988f0f9e9c83a914957bcc8d4519592e9cf7f4fa,0,0,0,False,False,abstain,fixed,none,standard,0.49999999999999989,0.5,0.49999999999999989,0.5,0.49999999999999989,0.5
1326,numerical_frozen_W,2024-08-19,2024-08-20,bear,-0.0078206316030192003,0.50434457398920596,0.5,-0.0039146433868424424,-0.0039223256587227733,-0.0039103158015096002,0.0043445739892059576,4.344573989205958e-06,6.8198872256933637e-06,1.5697482060697532,1.5636032016358545,ABSTAIN,0,0.49999999999999989,0.49999999999999989,0.50434457398920596,0.5,-0.0039146433868424424,-0.0031324176229778002,-0.00078499174639725267,True,,0,[],0,[],0,1326,0,0,,52c311dab8bf0ad78713552db159fc63fe8c32e2def0176263e15106e4814c37,0,0,0,False,False,abstain,fixed,none,standard,0.49999999999999989,0.5,0.49999999999999989,0.5,0.49999999999999989,0.5
1327,numerical_frozen_W,2024-08-20,2024-08-21,bear,0.036476075233282002,0.49803716680157367,0.5,0.018236038985216974,0.01807175665957696,0.018238037616641001,0.0019628331984263281,1.9628331984263282e-06,3.069092273336551e-06,1.5636032016358545,1.592117130578296,ABSTAIN,0,0.49999999999999994,0.49999999999999994,0.49803716680157367,0.5,0.018236038985216974,0.014588519780255301,0.0035886255935859094,True,,0,[],0,[],0,1327,0,0,,af8b56f30a546f93294b6e0059d374d0c660026d5362aa9c00e6648f894d5279,0,0,0,False,False,abstain,fixed,none,standard,0.49999999999999994,0.5,0.49999999999999994,0.5,0.49999999999999994,0.5
1328,numerical_frozen_W,2024-08-21,2024-08-22,mix,-0.012850301104841399,0.50895568469398866,0.5,-0.0064340486954921339,-0.0064548364008454326,-0.0064251505524206996,0.0089556846939886636,8.9556846939886636e-06,1.4258499017357196e-05,1.592117130578296,1.5818733714312281,ABSTAIN,0,0.5,0.5,0.50895568469398866,0.5,-0.0064340486954921339,-0.0051487044575716998,-0.0012928316921281243,True,,0,[],0,[],0,1328,0,0,,56ea750470b61bae906852235d4b405063a763fac5711426d7163f3252005572,0,0,0,False,False,abstain,fixed,none,standard,0.5,0.5,0.5,0.5,0.5,0.5
1329,numerical_frozen_W,2024-08-22,2024-08-23,mix,0.060970115384233199,0.49676664996301328,0.5,0.030481725773217061,0.030026387831815226,0.0304850576921166,0.0032333500369867152,3.2333500369867153e-06,5.1147503240254613e-06,1.5818733714312281,1.6300916017471492,ABSTAIN,0,0.49999999999999994,0.49999999999999994,0.49676664996301328,0.5,0.030481725773217061,0.0243848705439146,0.0059340816879286939,True,,0,[],0,[],0,1329,0,0,,441c1d5b79b5d522797ca91bd839fc4b349fee8bd0b425c08f1fb9bb2ec2f5b1,0,0,0,False,False,abstain,fixed,none,standard,0.49999999999999994,0.5,0.49999999999999994,0.5,0.49999999999999994,0.5
1330,numerical_frozen_W,2024-08-23,2024-08-24,mix,0.0016579993786405001,0.51479160588722717,0.5,0.00081419582119623968,0.00081386454358298339,0.00082899968932025005,0.014791605887227166,1.4791605887227166e-05,2.4111672533122695e-05,1.6300916017471492,1.6314188155174587,ABSTAIN,0,0.49999999999999972,0.49999999999999972,0.51479160588722717,0.5,0.00081419582119623968,0.00071035753071120003,0.00010375919736213481,True,,0,[],0,[],0,1330,0,0,,453df5852ca4f9acaaea075e7d020b38e6399bd9be43dcfa4739b3a0acfde7a3,0,0,0,False,False,abstain,fixed,none,standard,0.49999999999999972,0.5,0.49999999999999972,0.5,0.49999999999999972,0.5
1331,numerical_frozen_W,2024-08-24,2024-08-25,mix,0.0017752687451388,0.50041415650904275,0.5,0.00088721984844086776,0.00088682650155071953,0.00088763437256940002,0.00041415650904275125,4.1415650904275127e-07,6.7566272142137097e-07,1.6314188155174587,1.6328662426717058,ABSTAIN,0,0.5,0.5,0.50041415650904275,0.5,0.00088721984844086776,0.00079846055882730005,8.8684542773651118e-05,True,,0,[],0,[],0,1331,0,0,,1243628763310146b5b1a1c5a29bab9e26f341fd4283ca409564ba982b00ad9f,0,0,0,False,False,abstain,fixed,none,standard,0.5,0.5,0.5,0.5,0.5,0.5
1332,numerical_frozen_W,2024-08-25,2024-08-26,mix,-0.0222020997865362,0.50044342358826621,0.5,-0.01110148839438907,-0.011163569808334868,-0.0111010498932681,0.00044342358826621187,4.434235882662119e-07,7.2405140848425488e-07,1.6328662426717058,1.6147389970290962,ABSTAIN,0,0.5,0.5,0.50044342358826621,0.5,-0.01110148839438907,-0.0099913795459212994,-0.0011219414462955383,True,,0,[],0,[],0,1332,0,0,,9538deb366d3adfa4725baa73792e1b6a41f49c5ea9edd3b64b514b8987910ef,0,0,0,False,False,abstain,fixed,none,standard,0.5,0.5,0.5,0.5,0.5,0.5
1333,numerical_frozen_W,2024-08-26,2024-08-27,mix,-0.0540255417193082,0.49438716671098198,0.5,-0.027018232074763726,-0.027389934972475438,-0.0270127708596541,0.0056128332890180155,5.6128332890180154e-06,9.0632607956004738e-06,1.6147389970290962,1.5711116040671929,ABSTAIN,0,0.49999999999999989,0.49999999999999989,0.49438716671098198,0.5,-0.027018232074763726,-0.024316909307549001,-0.0027724875168966857,True,,0,[],0,[],0,1333,0,0,,8e469f7e2b57baefa8fcf8356de80eaa8040d6d7e3e19ce07ed8cdd4f5254604,0,0,0,False,False,abstain,fixed,none,standard,0.49999999999999989,0.5,0.49999999999999989,0.5,0.49999999999999989,0.5
1334,numerical_frozen_W,2024-08-27,2024-08-28,bear,-0.0073152803405835002,0.48611864058918824,0.5,-0.0036714707566848359,-0.0036782271477745735,-0.0036576401702917501,0.013881359410811756,1.3881359410811755e-05,2.180916485055368e-05,1.5711116040671929,1.565343313757372,ABSTAIN,0,0.49999999999999978,0.49999999999999978,0.48611864058918824,0.5,-0.0036714707566848359,-0.0029623014331225002,-0.00071152941550624901,True,,0,[],0,[],0,1334,0,0,,a46bb92f1ca6886a2c50fe2dae51aad7c737a1bf9bcff5944497c02f3900e02f,0,0,0,False,False,abstain,fixed,none,standard,0.49999999999999978,0.5,0.49999999999999978,0.5,0.49999999999999978,0.5
1335,numerical_frozen_W,2024-08-28,2024-08-29,bear,0.0060576792734172002,0.49816446619266652,0.5,0.0030269985433637459,0.0030224264075150355,0.0030288396367086001,0.0018355338073334782,1.8355338073334781e-06,2.8732405724850726e-06,1.565343313757372,1.5700816056879798,ABSTAIN,0,0.49999999999999994,0.49999999999999994,0.49816446619266652,0.5,0.0030269985433637459,0.0024213066231372998,0.00060404642401673016,True,,0,[],0,[],0,1335,0,0,,df4195efae9f0ed431664c30ce38e1aad14710a39403a06a9d7da6c80b4a35bb,0,0,0,False,False,abstain,fixed,none,standard,0.49999999999999994,0.5,0.49999999999999994,0.5,0.49999999999999994,0.5
1336,numerical_frozen_W,2024-08-29,2024-08-30,mix,-0.0042746343065509004,0.50150984673471888,0.5,-0.002138823772988907,-0.0021411143231931363,-0.0021373171532754502,0.0015098467347188782,1.5098467347188782e-06,2.3705825855901698e-06,1.5700816056879798,1.5667234778242018,ABSTAIN,0,0.49999999999999994,0.49999999999999994,0.50150984673471888,0.5,-0.002138823772988907,-0.0017113015715451,-0.00042834680242078154,True,,0,[],0,[],0,1336,0,0,,0c21114b12705460601c1c1c031c2f4f9c73610b20fd0ff5758a054bd39276cc,0,0,0,False,False,abstain,fixed,none,standard,0.49999999999999994,0.5,0.49999999999999994,0.5,0.49999999999999994,0.5
1337,numerical_frozen_W,2024-08-30,2024-08-31,mix,-0.0023866832883117002,0.49892905246883362,0.5,-0.0011944113136808099,-0.0011951251913729446,-0.0011933416441558501,0.0010709475311663774,1.0709475311663775e-06,1.6778786405962298e-06,1.5667234778242018,1.5648521655768792,ABSTAIN,0,0.49999999999999994,0.49999999999999994,0.49892905246883362,0.5,-0.0011944113136808099,-0.00095570000363399998,-0.00023896821531490706,True,,0,[],0,[],0,1337,0,0,,8bb7797fd18b4ca623b790c76673cc501faab18e7f087a9b3577e794af8573f6,0,0,0,False,False,abstain,fixed,none,standard,0.49999999999999994,0.5,0.49999999999999994,0.5,0.49999999999999994,0.5
1338,numerical_frozen_W,2024-08-31,2024-09-01,mix,-0.028194972413722898,0.49940261629506943,0.5,-0.014098075168957891,-0.014198397043738892,-0.014097486206861449,0.00059738370493056525,5.9738370493056528e-07,9.3481718434093447e-07,1.5648521655768792,1.5427907621182699,ABSTAIN,0,0.5,0.5,0.49940261629506943,0.5,-0.014098075168957891,-0.0112785558505913,-0.0028557559672767862,True,,0,[],0,[],0,1338,0,0,,8ad37efcea011b7f71f759a5d4bbdc7e53815edb464593f5e41779971465485f,0,0,0,False,False,abstain,fixed,none,standard,0.5,0.5,0.5,0.5,0.5,0.5
1339,numerical_frozen_W,2024-09-01,2024-09-02,bear,0.0317242919479305,0.49285046644590491,0.5,0.015854883033466161,0.01573050729490295,0.01586214597396525,0.0071495335540950888,7.149533554095089e-06,1.1030234320712506e-05,1.5427907621182699,1.5672515291967672,ABSTAIN,0,0.49999999999999994,0.49999999999999994,0.49285046644590491,0.5,0.015854883033466161,0.012682785951301,0.0031274742551869184,True,,0,[],0,[],0,1339,0,0,,4aeec72b72e6fd9f15e9dbc7d3b6544089d3e45c5e163c6d19a5b6b4c581eebd,0,0,0,False,False,abstain,fixed,none,standard,0.49999999999999994,0.5,0.49999999999999994,0.5,0.49999999999999994,0.5
1340,numerical_frozen_W,2024-09-02,2024-09-03,mix,-0.0279737545236242,0.50780723350940371,0.5,-0.013994575296504608,-0.014093422666953129,-0.0139868772618121,0.0078072335094037104,7.807233509403711e-06,1.2235898656409209e-05,1.5672515291967672,1.545318509662861,ABSTAIN,0,0.49999999999999994,0.49999999999999994,0.50780723350940371,0.5,-0.013994575296504608,-0.0111969361054412,-0.0028333289823078544,True,,0,[],0,[],0,1340,0,0,,795f4bd29acf827768598399aadf27d243b45d272121ef7f830035b741393d95,0,0,0,False,False,abstain,fixed,none,standard,0.49999999999999994,0.5,0.49999999999999994,0.5,0.49999999999999994,0.5
1341,numerical_frozen_W,2024-09-03,2024-09-04,mix,0.0085873646046088006,0.49290735744826092,0.5,0.0042865592061986924,0.0042773980817556638,0.0042936823023044003,0.0070926425517390812,7.0926425517390815e-06,1.0960391817624829e-05,1.545318509662861,1.5519426089469657,ABSTAIN,0,0.49999999999999978,0.49999999999999978,0.49290735744826092,0.5,0.0042865592061986924,0.0034281328455234,0.00085512788882164846,True,,0,[],0,[],0,1341,0,0,,8560a60989e97a48c94ccdbc0323284c8b1d04a263fe0cb8d55f804076360c93,0,0,0,False,False,abstain,fixed,none,standard,0.49999999999999978,0.5,0.49999999999999978,0.5,0.49999999999999978,0.5
1342,numerical_frozen_W,2024-09-04,2024-09-05,mix,-0.0308796793011968,0.50213766270662052,0.5,-0.015441944308135613,-0.015562412919038428,-0.0154398396505984,0.0021376627066205245,2.1376627066205244e-06,3.3175298379612889e-06,1.5519426089469657,1.5279775976101839,ABSTAIN,0,0.49999999999999978,0.49999999999999978,0.50213766270662052,0.5,-0.015441944308135613,-0.0139431355211977,-0.0015211587617725893,True,,0,[],0,[],0,1342,0,0,,0025345b1cfea6c0614fc7ac79bf8ef5e09cc64e3fb1ffca5aedc898942929bd,0,0,0,False,False,abstain,fixed,none,standard,0.49999999999999978,0.5,0.49999999999999978,0.5,0.49999999999999978,0.5
1343,numerical_frozen_W,2024-09-05,2024-09-06,mix,-0.039449515157555903,0.4921590166490592,0.5,-0.019732443900633223,-0.019929728151797148,-0.019724757578777952,0.0078409833509408,7.8409833509408003e-06,1.1980846903471974e-05,1.5279775976101839,1.4978268653839166,ABSTAIN,0,0.49999999999999994,0.49999999999999994,0.4921590166490592,0.5,-0.019732443900633223,-0.015821388953497401,-0.0039818450411674734,True,,0,[],0,[],0,1343,0,0,,4aeed7b5dd23c9575f49412a548f7031bf3e6951d7636b6570ac30f757b8cf2b,0,0,0,False,False,abstain,fixed,none,standard,0.49999999999999994,0.5,0.49999999999999994,0.5,0.49999999999999994,0.5
1344,numerical_frozen_W,2024-09-06,2024-09-07,mix,0.0035151241133437,0.48993917385383573,0.5,0.0017474835479993622,0.0017459584750588589,0.00175756205667185,0.01006082614616427,1.0060826146164271e-05,1.506937568968178e-05,1.4978268653839166,1.5004442931889266,ABSTAIN,0,0.49999999999999983,0.49999999999999983,0.48993917385383573,0.5,0.0017474835479993622,0.0013964164392614,0.00035051611852207143,True,,0,[],0,[],0,1344,0,0,,31073feb8b6c51ffe3abc5d9216db7eb6b1950b15756782917be3dc20961f171,0,0,0,False,False,abstain,fixed,none,standard,0.49999999999999983,0.5,0.49999999999999983,0.5,0.49999999999999983,0.5
1345,numerical_frozen_W,2024-09-07,2024-09-08,mix,0.0130141349607157,0.50087723922595773,0.5,0.0065061845328771017,0.0064851106718536444,0.0065070674803578499,0.00087723922595772663,8.7723922595772663e-07,1.3162485903497421e-06,1.5004442931889266,1.510206460641716,ABSTAIN,0,0.49999999999999994,0.49999999999999994,0.50087723922595773,0.5,0.0065061845328771017,0.0052048071535403997,0.0012938017103336814,True,,0,[],0,[],0,1345,0,0,,58603dd154fdd768a6f398795e507886680bd1b13782d59a7792d299718d72d5,0,0,0,False,False,abstain,fixed,none,standard,0.49999999999999994,0.5,0.49999999999999994,0.5,0.49999999999999994,0.5
1346,numerical_frozen_W,2024-09-08,2024-09-09,mix,0.039887862664574003,0.50323249964684669,0.5,0.019940634363889043,0.019744423998370286,0.019943931332287002,0.0032324996468466871,3.2324996468466871e-06,4.8817418506899322e-06,1.510206460641716,1.5403209354873555,ABSTAIN,0,0.5,0.5,0.50323249964684669,0.5,0.019940634363889043,0.017901803712556199,0.0020009705299171669,True,,0,[],0,[],0,1346,0,0,,e5510ae69f61309b89cadde873b00ad527b04a227a8667d378595ad605ef6b83,0,0,0,False,False,abstain,fixed,none,standard,0.5,0.5,0.5,0.5,0.5,0.5
1347,numerical_frozen_W,2024-09-09,2024-09-10,mix,0.0102612463540499,0.50977697436085312,0.5,0.00512079604069271,0.0051077293535568462,0.0051306231770249502,0.009776974360853119,9.7769743608531188e-06,1.5059678293745165e-05,1.5403209354873555,1.5482086048351953,ABSTAIN,0,0.5,0.5,0.50977697436085312,0.5,0.00512079604069271,0.0046078179090737999,0.00051049493866849472,True,,0,[],0,[],0,1347,0,0,,9ce44b416bce90942433aaa3a6a55d28d75344dd23b3b7be0f476a32293cab31,0,0,0,False,False,abstain,fixed,none,standard,0.5,0.5,0.5,0.5,0.5,0.5
1348,numerical_frozen_W,2024-09-10,2024-09-11,mix,-0.0051409733668777002,0.5025522171241823,0.5,-0.0025730323401229604,-0.0025763482770645744,-0.0025704866834388501,0.0025522171241822988,2.552217124182299e-06,3.9513645130667711e-06,1.5482086048351953,1.5442250140256977,ABSTAIN,0,0.49999999999999994,0.49999999999999994,0.5025522171241823,0.5,-0.0025730323401229604,-0.0023159601521040001,-0.00025770214135881599,True,,0,[],0,[],0,1348,0,0,,91d0c1a2fe027cca2c7e50a6c80d1db0d37ec99c8ec5c69bd60366f8ade48ee8,0,0,0,False,False,abstain,fixed,none,standard,0.49999999999999994,0.5,0.49999999999999994,0.5,0.49999999999999994,0.5
1349,numerical_frozen_W,2024-09-11,2024-09-12,mix,0.0138789334254176,0.49871144444338145,0.5,0.0069381692152636898,0.0069142108734169608,0.0069394667127088,0.0012885555566185536,1.2885555566185536e-06,1.9898197224921767e-06,1.5442250140256977,1.5549391084794508,ABSTAIN,0,0.49999999999999989,0.49999999999999989,0.49871144444338145,0.5,0.0069381692152636898,0.0062442367349365997,0.00068938860756888407,True,,0,[],0,[],0,1349,0,0,,9316603ae74b44d9b2b4b87ab4acd01e7eddaa7294ea0e31211008b285a5dea2,0,0,0,False,False,abstain,fixed,none,standard,0.49999999999999989,0.5,0.49999999999999989,0.5,0.49999999999999989,0.5
1350,numerical_frozen_W,2024-09-12,2024-09-13,mix,0.040889661044646503,0.50344582119487469,0.5,0.020441314251897991,0.020235194756656912,0.020444830522323251,0.0034458211948746875,3.4458211948746874e-06,5.3580421367380424e-06,1.5549391084794508,1.5867241074384453,ABSTAIN,0,0.49999999999999994,0.49999999999999994,0.50344582119487469,0.5,0.020441314251897991,0.0183968709409441,0.002005499024920615,True,,0,[],0,[],0,1350,0,0,,c6b2ae7367acb8d0cffed3d0275b2dfca07c3c19df684aa4f35432125da88704,0,0,0,False,False,abstain,fixed,none,standard,0.49999999999999994,0.5,0.49999999999999994,0.5,0.49999999999999994,0.5
1351,numerical_frozen_W,2024-09-13,2024-09-14,mix,-0.0085305957865929004,0.51001760698413179,0.5,-0.0042752727722026318,-0.004284437882399638,-0.0042652978932964502,0.010017606984131788,1.0017606984131788e-05,1.589517850056565e-05,1.5867241074384453,1.5799404290649162,ABSTAIN,0,0.49999999999999989,0.49999999999999989,0.51001760698413179,0.5,-0.0042752727722026318,-0.0038486672974094999,-0.00042834540752583914,True,,0,[],0,[],0,1351,0,0,,84cd1d98fe4f3570d3244d1dee8660ef2b6d5196d39617a778a58e629e8bd305,0,0,0,False,False,abstain,fixed,none,standard,0.49999999999999989,0.5,0.49999999999999989,0.5,0.49999999999999989,0.5
1352,numerical_frozen_W,2024-09-14,2024-09-15,mix,-0.0142827616783953,0.49785821570531175,0.5,-0.0071435073281950201,-0.0071691443417572004,-0.0071413808391976499,0.0021417842946882537,2.1417842946882536e-06,3.3838915975142585e-06,1.5799404290649162,1.5686541130317793,ABSTAIN,0,0.49999999999999978,0.49999999999999978,0.49785821570531175,0.5,-0.0071435073281950201,-0.0064293485915701996,-0.0007190384701723394,True,,0,[],0,[],0,1352,0,0,,e8197dc7603b85692d95b445db339982524d8a54f1e42784db457cfad4467e8c,0,0,0,False,False,abstain,fixed,none,standard,0.49999999999999978,0.5,0.49999999999999978,0.5,0.49999999999999978,0.5
1353,numerical_frozen_W,2024-09-15,2024-09-16,mix,-0.015648012715912599,0.49640362650765235,0.5,-0.0078275745933995555,-0.0078583708674304868,-0.0078240063579562997,0.0035963734923476487,3.596373492347649e-06,5.6414660707696032e-06,1.5686541130317793,1.55637535595078,ABSTAIN,0,0.49999999999999989,0.49999999999999989,0.49640362650765235,0.5,-0.0078275745933995555,-0.0070451385198643003,-0.00078829818039568428,True,,0,[],0,[],0,1353,0,0,,810ca08e6f78dae3d7299a752dff625334b3cbd72183dd4906e12f56ca80f1d8,0,0,0,False,False,abstain,fixed,none,standard,0.49999999999999989,0.5,0.49999999999999989,0.5,0.49999999999999989,0.5
1354,numerical_frozen_W,2024-09-16,2024-09-17,mix,0.036005641341897203,0.49605714792128952,0.5,0.017998806836410974,0.017838746061250195,0.018002820670948601,0.0039428520787104793,3.9428520787104794e-06,6.1365578074642949e-06,1.55637535595078,1.5843882553474884,ABSTAIN,0,0.5,0.5,0.49605714792128952,0.5,0.017998806836410974,0.016198575060457999,0.0017699681082598041,True,,0,[],0,[],0,1354,0,0,,c8fe1395b44064f371581327e5e141fc5cc2eb2ee787b08afff8e060c827d97a,0,0,0,False,False,abstain,fixed,none,standard,0.5,0.5,0.5,0.5,0.5,0.5
1355,numerical_frozen_W,2024-09-17,2024-09-18,mix,0.024017934275258598,0.50884222533837542,0.5,0.012000018726297412,0.011928589369520085,0.012008967137629299,0.0088422253383754201,8.8422253383754203e-06,1.4009517977257987e-05,1.5843882553474884,1.6034009440813839,ABSTAIN,0,0.49999999999999983,0.49999999999999983,0.50884222533837542,0.5,0.012000018726297412,0.0107992063334041,0.001187278024507063,True,,0,[],0,[],0,1355,0,0,,b27e7f130280c7b2eda59990ff85b61c7e240eb09508fe3f6c3b02821495dfe5,0,0,0,False,False,abstain,fixed,none,standard,0.49999999999999983,0.5,0.49999999999999983,0.5,0.49999999999999983,0.5
1356,numerical_frozen_W,2024-09-18,2024-09-19,mix,0.019123152454110798,0.50593323158568226,0.5,0.0095555862644236544,0.0095102204191969599,0.0095615762270553992,0.0059332315856822637,5.9332315856822638e-06,9.5133491259364282e-06,1.6034009440813839,1.6187223801190118,ABSTAIN,0,0.49999999999999983,0.49999999999999983,0.50593323158568226,0.5,0.0095555862644236544,0.0085994871191427992,0.00094749826652943542,True,,0,[],0,[],0,1356,0,0,,1019d6ca6975074a54bb9dfd5ea9e8b17b2707d4d33661e7c45dc5b8cf048fd6,0,0,0,False,False,abstain,fixed,none,standard,0.49999999999999983,0.5,0.49999999999999983,0.5,0.49999999999999983,0.5
1357,numerical_frozen_W,2024-09-19,2024-09-20,mix,0.0041723203248880004,0.50473550918151477,0.5,0.002081414774231849,0.0020792516315786512,0.0020861601624440002,0.0047355091815147743,4.7355091815147741e-06,7.6654746933770289e-06,1.6187223801190118,1.6220916127963714,ABSTAIN,0,0.49999999999999983,0.49999999999999983,0.50473550918151477,0.5,0.002081414774231849,0.0018728427371803001,0.00020816047773834323,True,,0,[],0,[],0,1357,0,0,,bd34f05523991d77483b970640cd9144ff03e56d2f013ef4807f6a90940cc1a2,0,0,0,False,False,abstain,fixed,none,standard,0.49999999999999983,0.5,0.49999999999999983,0.5,0.49999999999999983,0.5
1358,numerical_frozen_W,2024-09-20,2024-09-21,mix,0.0023243229558933,0.50104090857921135,0.5,0.001161119359663676,0.0011604457819323261,0.00116216147794665,0.0010409085792113526,1.0409085792113527e-06,1.6884490760265224e-06,1.6220916127963714,1.6239750547711373,ABSTAIN,0,0.49999999999999978,0.49999999999999978,0.50104090857921135,0.5,0.001161119359663676,0.0010449135380120999,0.0001160777860746713,True,,0,[],0,[],0,1358,0,0,,6165ee4c2b91680475e3f89056ce83fcf498f5339cb7c7998e1f8257381efb84,0,0,0,False,False,abstain,fixed,none,standard,0.49999999999999978,0.5,0.49999999999999978,0.5,0.49999999999999978,0.5
1359,numerical_frozen_W,2024-09-21,2024-09-22,mix,0.0035454891306919999,0.50058040621323074,0.5,0.0017721631302207719,0.001770594701874579,0.001772744565346,0.00058040621323074415,5.8040621323074413e-07,9.4256521192090618e-07,1.6239750547711373,1.626853003487601,ABSTAIN,0,0.50000000000000011,0.50000000000000011,0.50058040621323074,0.5,0.0017721631302207719,0.0015948945230849999,0.00017697067237001539,True,,0,[],0,[],0,1359,0,0,,bf3075e2d028f44ab71d832392a2ae6955b0a610dc033ad163d480758cfcc6c2,0,0,0,False,False,abstain,fixed,none,standard,0.50000000000000011,0.5,0.50000000000000011,0.5,0.50000000000000011,0.5
1360,numerical_frozen_W,2024-09-22,2024-09-23,mix,-0.0037893624149988002,0.50088480375163102,0.5,-0.0018955643348299578,-0.0018973631904942428,-0.0018946812074994001,0.00088480375163102476,8.8480375163102476e-07,1.4394456408380299e-06,1.626853003487601,1.6237691989561789,ABSTAIN,0,0.5,0.5,0.50088480375163102,0.5,-0.0018955643348299578,-0.0017060877035451,-0.00018981846187885159,True,,0,[],0,[],0,1360,0,0,,08b76887d4b5d18390dad2038f0388d377b4768c7e084088cd5694e464751ac6,0,0,0,False,False,abstain,fixed,none,standard,0.5,0.5,0.5,0.5,0.5,0.5
1361,numerical_frozen_W,2024-09-23,2024-09-24,mix,0.014605616767563801,0.49905086108057634,0.5,0.0073018523134826818,0.0072753228543963148,0.0073028083837819004,0.00094913891942366435,9.4913891942366437e-07,1.5411825428906968e-06,1.6237691989561789,1.6356257218381389,ABSTAIN,0,0.49999999999999972,0.49999999999999972,0.49905086108057634,0.5,0.0073018523134826818,0.0065715819015237003,0.0007252396615998382,True,,0,[],0,[],0,1361,0,0,,b855dfc31e6a20e851f5911b34797ca491dc223ae57783e6714619a23672036e,0,0,0,False,False,abstain,fixed,none,standard,0.49999999999999972,0.5,0.49999999999999972,0.5,0.49999999999999972,0.5
1362,numerical_frozen_W,2024-09-24,2024-09-25,mix,-0.017123479538352301,0.50362493200803216,0.5,-0.0085653336654596401,-0.0086022269558161061,-0.0085617397691761504,0.0036249320080321557,3.6249320080321558e-06,5.9290320322517692e-06,1.6356257218381389,1.621616041778787,ABSTAIN,0,0.49999999999999989,0.49999999999999989,0.50362493200803216,0.5,-0.0085653336654596401,-0.0077091294056872003,-0.00086322860395866927,True,,0,[],0,[],0,1362,0,0,,5bb6309677cbbcb52e49abe91b0716b436ea14df01e338c07fb344f77ef8ab2f,0,0,0,False,False,abstain,fixed,none,standard,0.49999999999999989,0.5,0.49999999999999989,0.5,0.49999999999999989,0.5
1363,numerical_frozen_W,2024-09-25,2024-09-26,mix,0.031971372701146999,0.49568216190931408,0.5,0.015981299488877276,0.015854942972012807,0.0159856863505735,0.0043178380906859215,4.3178380906859216e-06,7.0018755136597796e-06,1.621616041778787,1.6475315733984215,ABSTAIN,0,0.49999999999999989,0.49999999999999989,0.49568216190931408,0.5,0.015981299488877276,0.014382785297110101,0.0015746087453220054,True,,0,[],0,[],0,1363,0,0,,b075d4ec60c598167d32b692a620659c27da8e107d47159ff05615c2292e32ad,0,0,0,False,False,abstain,fixed,none,standard,0.49999999999999989,0.5,0.49999999999999989,0.5,0.49999999999999989,0.5
1364,numerical_frozen_W,2024-09-26,2024-09-27,mix,0.0092150909004431007,0.50786708246254642,0.5,0.0045996421198188919,0.0045890960922734883,0.0046075454502215504,0.0078670824625464153,7.8670824625464156e-06,1.2961266747574223e-05,1.6475315733984215,1.6551096290171563,ABSTAIN,0,0.49999999999999989,0.49999999999999989,0.50786708246254642,0.5,0.0045996421198188919,0.0041389578720231997,0.00045868014471809639,True,,0,[],0,[],0,1364,0,0,,170fa147668f1779cd3d97857fb97844573ebfad839876e5e7f8006b06954635,0,0,0,False,False,abstain,fixed,none,standard,0.49999999999999989,0.5,0.49999999999999989,0.5,0.49999999999999989,0.5
1365,numerical_frozen_W,2024-09-27,2024-09-28,mix,0.0013713145920337001,0.50229320667114674,0.5,0.00068336251699174788,0.00068312913114564001,0.00068565729601685003,0.0022932066711467414,2.2932066711467413e-06,3.7955084427413514e-06,1.6551096290171563,1.6562406688991387,ABSTAIN,0,0.49999999999999989,0.49999999999999989,0.50229320667114674,0.5,0.00068336251699174788,0.00061481884848109999,6.849920634083859e-05,True,,0,[],0,[],0,1365,0,0,,c1dd72b438be05b1d2dc8ad05520759c8e4f272ccd3339324d4c74e356a2e692,0,0,0,False,False,abstain,fixed,none,standard,0.49999999999999989,0.5,0.49999999999999989,0.5,0.49999999999999989,0.5
1366,numerical_frozen_W,2024-09-28,2024-09-29,mix,-0.0039382690745674003,0.5003425937461069,0.5,-0.0019694764564166523,-0.0019714184253665093,-0.0019691345372837002,0.00034259374610690063,3.4259374610690062e-07,5.6741769521275486e-07,1.6562406688991387,1.6529787418955821,ABSTAIN,0,0.49999999999999994,0.49999999999999994,0.5003425937461069,0.5,-0.0019694764564166523,-0.0017725596734834001,-0.00019728590907178069,True,,0,[],0,[],0,1366,0,0,,06e995cdf9fbdc83213478f487677cc2c0490e86d7267ce20948222255b1fcef,0,0,0,False,False,abstain,fixed,none,standard,0.49999999999999994,0.5,0.49999999999999994,0.5,0.49999999999999994,0.5
1367,numerical_frozen_W,2024-09-29,2024-09-30,bull,-0.0345679049980872,0.4990134901607623,0.5,-0.017284921958093613,-0.017436050247283178,-0.0172839524990436,0.00098650983923770363,9.8650983923770371e-07,1.6306797929307523e-06,1.6529787418955821,1.6244071333435293,ABSTAIN,0,0.5,0.5,0.4990134901607623,0.5,-0.017284921958093613,-0.0155565185119679,-0.0017572593551470755,True,,0,[],0,[],0,1367,0,0,,71b5ed093f8c6e94b168b448476571dcb3d10461c4df1ef258dc3b7f74888433,0,0,0,False,False,abstain,fixed,none,standard,0.5,0.5,0.5,0.5,0.5,0.5
1368,numerical_frozen_W,2024-09-30,2024-10-01,mix,-0.039528443681006303,0.49120602917648665,0.5,-0.019772842005336466,-0.01997094030546279,-0.019764221840503152,0.0087939708235133529,8.7939708235133534e-06,1.4284988936129961e-05,1.6244071333435293,1.592287987743586,ABSTAIN,0,0.49999999999999989,0.49999999999999989,0.49120602917648665,0.5,-0.019772842005336466,-0.017796335813088301,-0.0020143455129506375,True,,0,[],0,[],0,1368,0,0,,4977c7380b3c5f407e7daaeab7553731027b46295ee1e4d6e49d4c12673ed023,0,0,0,False,False,abstain,fixed,none,standard,0.49999999999999989,0.5,0.49999999999999989,0.5,0.49999999999999989,0.5
1369,numerical_frozen_W,2024-10-01,2024-10-02,mix,-0.0031198888806699999,0.48991863882095149,0.5,-0.0015700100751507851,-0.0015712438324788727,-0.001559944440335,0.010081361179048509,1.0081361179048509e-05,1.6052430305503457e-05,1.592287987743586,1.589788079560287,ABSTAIN,0,0.49999999999999989,0.49999999999999989,0.48991863882095149,0.5,-0.0015700100751507851,-0.0014138964768665001,-0.00015634686081347727,True,,0,[],0,[],0,1369,0,0,,e67d3c47eaa5e3bccd6e1a131eef5c97a4e1f5eaa1242f897f95edf288daaca3,0,0,0,False,False,abstain,fixed,none,standard,0.49999999999999989,0.5,0.49999999999999989,0.5,0.49999999999999989,0.5
1370,numerical_frozen_W,2024-10-02,2024-10-03,mix,0.0017396122066362001,0.49921880916553341,0.5,0.00086902423299917153,0.00086864685006118772,0.00086980610331810005,0.0007811908344665941,7.8119083446659416e-07,1.2419278764967448e-06,1.589788079560287,1.5911696439267582,ABSTAIN,0,0.49999999999999972,0.49999999999999972,0.49921880916553341,0.5,0.00086902423299917153,0.00078205162954640001,8.6900863548384924e-05,True,,0,[],0,[],0,1370,0,0,,63a483633b9b2532c7b315059d123713b10b9e4a5ac671f456dca25a8535dc95,0,0,0,False,False,abstain,fixed,none,standard,0.49999999999999972,0.5,0.49999999999999972,0.5,0.49999999999999972,0.5
1371,numerical_frozen_W,2024-10-03,2024-10-04,mix,0.021889279553325602,0.50043452509907582,0.5,0.010944200495843104,0.010884746127288373,0.010944639776662801,0.00043452509907582204,4.3452509907582207e-07,6.9140314717371507e-07,1.5911696439267582,1.608583723532792,ABSTAIN,0,0.49999999999999989,0.49999999999999989,0.50043452509907582,0.5,0.010944200495843104,0.0098497413440449995,0.0010831972881053444,True,,0,[],0,[],0,1371,0,0,,c97d1d91e8e1d4852df86fa8524574f91afb0a0f1e560ced567a5e46b60b43e4,0,0,0,False,False,abstain,fixed,none,standard,0.49999999999999989,0.5,0.49999999999999989,0.5,0.49999999999999989,0.5
1372,numerical_frozen_W,2024-10-04,2024-10-05,mix,-0.00031571656384390002,0.50541307572444361,0.5,-0.0001632705031475723,-0.00016328383322713027,-0.00015785828192195001,0.0054130757244436056,5.4130757244436059e-06,8.7073855045904605e-06,1.608583723532792,1.6083210892588957,ABSTAIN,0,0.49999999999999978,0.49999999999999978,0.50541307572444361,0.5,-0.0001632705031475723,-0.0001474364444761,-1.5836518930032085e-05,True,,0,[],0,[],0,1372,0,0,,bfd9952b08f0752c1148b73a74b80a6ea4f25fd423b4e2f19ca6e13f86b23c91,0,0,0,False,False,abstain,fixed,none,standard,0.49999999999999978,0.5,0.49999999999999978,0.5,0.49999999999999978,0.5
1373,numerical_frozen_W,2024-10-05,2024-10-06,mix,0.0122137109378777,0.49992105839745327,0.5,0.0061067760452511166,0.0060882052551712246,0.00610685546893885,7.8941602546733769e-05,7.8941602546733766e-08,1.2696344419580569e-07,1.6083210892588957,1.6181427459598541,ABSTAIN,0,0.49999999999999983,0.49999999999999983,0.49992105839745327,0.5,0.0061067760452511166,0.0054960913415615003,0.00060716231056428573,True,,0,[],0,[],0,1373,0,0,,e0176958378f1182617e3fb69ea5936f0f1958f294189aff520cddaf30b5690a,0,0,0,False,False,abstain,fixed,none,standard,0.49999999999999983,0.5,0.49999999999999983,0.5,0.49999999999999983,0.5
1374,numerical_frozen_W,2024-10-06,2024-10-07,bull,-0.0091341209881023993,0.50303489407499002,0.5,-0.0045700815275813156,-0.0045805562759855161,-0.0045670604940511996,0.0030348940749900244,3.0348940749900247e-06,4.9108918322016496e-06,1.6181427459598541,1.6107477016875533,ABSTAIN,0,0.49999999999999983,0.49999999999999983,0.50303489407499002,0.5,-0.0045700815275813156,-0.0041133484573372004,-0.00045872473029217025,True,,0,[],0,[],0,1374,0,0,,9b02e6cab9152bb45eff3b12fb3b7d2d8ec989e265ed93c41bad2d8ef563c2cc,0,0,0,False,False,abstain,fixed,none,standard,0.49999999999999983,0.5,0.49999999999999983,0.5,0.49999999999999983,0.5
1375,numerical_frozen_W,2024-10-07,2024-10-08,mix,-0.0014233937820503999,0.49770599288370049,0.5,-0.00071398926550381159,-0.00071424427723042086,-0.00071169689102519996,0.0022940071162995124,2.2940071162995125e-06,3.6950666902343313e-06,1.6107477016875533,1.6095976451191134,ABSTAIN,0,0.5,0.5,0.49770599288370049,0.5,-0.00071398926550381159,-0.00064279577346379999,-7.1241821989234807e-05,True,,0,[],0,[],0,1375,0,0,,90be1b2fc97b5ba1e428a0e5b9809d03a95ed0ec2d930d14d077baae6794c2fc,0,0,0,False,False,abstain,fixed,none,standard,0.5,0.5,0.5,0.5,0.5,0.5
1376,numerical_frozen_W,2024-10-08,2024-10-09,mix,-0.024586128674163699,0.49964389811788507,0.5,-0.01229341606138068,-0.012369605160719816,-0.01229306433708185,0.00035610188211493421,3.5610188211493423e-07,5.7318075087468224e-07,1.6095976451191134,1.5898101915762455,ABSTAIN,0,0.49999999999999989,0.49999999999999989,0.49964389811788507,0.5,-0.01229341606138068,-0.0110641065189817,-0.0012438361665640125,True,,0,[],0,[],0,1376,0,0,,3bf094dfbb9a2a47820b8931d59a47819f55692bf4245748f4dbf7ce42744dfb,0,0,0,False,False,abstain,fixed,none,standard,0.49999999999999989,0.5,0.49999999999999989,0.5,0.49999999999999989,0.5
1377,numerical_frozen_W,2024-10-09,2024-10-10,mix,-0.0051559654817512996,0.49377696769496154,0.5,-0.0025841897303107153,-0.0025875345122018129,-0.0025779827408756498,0.0062230323050384562,6.2230323050384563e-06,9.8934401810583529e-06,1.5898101915762455,1.5857018204060309,ABSTAIN,0,0.49999999999999989,0.49999999999999989,0.49377696769496154,0.5,-0.0025841897303107153,-0.0023263233340990999,-0.00025850108412293644,True,,0,[],0,[],0,1377,0,0,,4de7d1003b93b7718f1e241ef8f1c2a6f902a45ae204fa7c840335546da305b7,0,0,0,False,False,abstain,fixed,none,standard,0.49999999999999989,0.5,0.49999999999999989,0.5,0.49999999999999989,0.5
1378,numerical_frozen_W,2024-10-10,2024-10-11,mix,0.036195914198838802,0.49870767704328406,0.5,0.018096641388057222,0.017934846223751768,0.018097957099419401,0.0012923229567159411,1.2923229567159412e-06,2.0492388650169721e-06,1.5857018204060309,1.6143976975983083,ABSTAIN,0,0.49999999999999983,0.49999999999999983,0.49870767704328406,0.5,0.018096641388057222,0.016286861486659799,0.0017791929360900377,True,,0,[],0,[],0,1378,0,0,,19f444c2e59b1084119a6e5681afd09fb1ac576ceba2bb4d293e937425f4234e,0,0,0,False,False,abstain,fixed,none,standard,0.49999999999999983,0.5,0.49999999999999983,0.5,0.49999999999999983,0.5
1379,numerical_frozen_W,2024-10-11,2024-10-12,mix,0.011291308396560401,0.508888121704409,0.5,0.0056367158973140707,0.0056208890606621181,0.0056456541982802004,0.0088881217044090022,8.8881217044090022e-06,1.4348963215571445e-05,1.6143976975983083,1.623497598764948,ABSTAIN,0,0.49999999999999983,0.49999999999999983,0.508888121704409,0.5,0.0056367158973140707,0.0050722290790254001,0.00056148040175484863,True,,0,[],0,[],0,1379,0,0,,38a9808665fa39ee0e1e487f359b6b11cddc645a2a4e7d0df5d9c0748a87a2ac,0,0,0,False,False,abstain,fixed,none,standard,0.49999999999999983,0.5,0.49999999999999983,0.5,0.49999999999999983,0.5
1380,numerical_frozen_W,2024-10-12,2024-10-13,mix,-0.0052875479984999998,0.50280697986150058,0.5,-0.0026465735580911698,-0.0026500819253588688,-0.0026437739992499999,0.0028069798615005803,2.8069798615005805e-06,4.5571250649277588e-06,1.623497598764948,1.6192008929484323,ABSTAIN,0,0.5,0.5,0.50280697986150058,0.5,-0.0026465735580911698,-0.0023821704544899,-0.00026506958870294505,True,,0,[],0,[],0,1380,0,0,,5ecc692ba2c0d9115ad66f54e1738c596293b626f70c663606c459b3c88f0df3,0,0,0,False,False,abstain,fixed,none,standard,0.5,0.5,0.5,0.5,0.5,0.5
1381,numerical_frozen_W,2024-10-13,2024-10-14,mix,0.0510697317837027,0.49867460896602056,0.5,0.025533506657134941,0.025212971479842142,0.02553486589185135,0.0013253910339794395,1.3253910339794395e-06,2.1460743457253542e-06,1.6192008929484323,1.66054476972777,ABSTAIN,0,0.49999999999999989,0.49999999999999989,0.49867460896602056,0.5,0.025533506657134941,0.022980037366539599,0.0024929985164490083,True,,0,[],0,[],0,1381,0,0,,3a67918967aa5d27115ac6d2de0e0d142e8da50bf8eda568fe83ed08ae9bce02,0,0,0,False,False,abstain,fixed,none,standard,0.49999999999999989,0.5,0.49999999999999989,0.5,0.49999999999999989,0.5
1382,numerical_frozen_W,2024-10-14,2024-10-15,mix,0.015069224914008,0.51244953572087737,0.5,0.0075220691188562228,0.0074939194314052882,0.0075346124570040002,0.012449535720877369,1.244953572087737e-05,2.0673011426841959e-05,1.66054476972777,1.6730355022606174,ABSTAIN,0,0.49999999999999994,0.49999999999999994,0.51244953572087737,0.5,0.0075220691188562228,0.0067687116195490997,0.00074801269175018593,True,,0,[],0,[],0,1382,0,0,,5ab1ad71126f7ada3d32269ca855e82205f9cf44223dea26c5675e6a3c5b3938,0,0,0,False,False,abstain,fixed,none,standard,0.49999999999999994,0.5,0.49999999999999994,0.5,0.49999999999999994,0.5
1383,numerical_frozen_W,2024-10-15,2024-10-16,bull,0.0080563527263238996,0.5037391333081005,0.5,0.0040244221679655023,0.0040163458421841733,0.0040281763631619498,0.0037391333081004952,3.7391333081004954e-06,6.2557027721373163e-06,1.6730355022606174,1.6797685034237082,ABSTAIN,0,0.49999999999999989,0.49999999999999989,0.5037391333081005,0.5,0.0040244221679655023,0.0036216407843515999,0.00040124740754908126,True,,0,[],0,[],0,1383,0,0,,ac9076803117f836a692581e048e477ba373c5c04ed6986769d2a8f7ef0486ef,0,0,0,False,False,abstain,fixed,none,standard,0.49999999999999989,0.5,0.49999999999999989,0.5,0.49999999999999989,0.5
1384,numerical_frozen_W,2024-10-16,2024-10-17,bull,-0.0029504021864032999,0.50200600762906522,0.5,-0.0014772041415661574,-0.0014782962832807678,-0.0014752010932016499,0.0020060076290652207,2.0060076290652207e-06,3.3696284329314268e-06,1.6797685034237082,1.6772871424335782,ABSTAIN,0,0.49999999999999994,0.49999999999999994,0.50200600762906522,0.5,-0.0014772041415661574,-0.0013296650907561,-0.00014774640349552218,True,,0,[],0,[],0,1384,0,0,,b4593ff460a1dd43e204116d422a11f65e5507661fe88a5b628e40b22455ca69,0,0,0,False,False,abstain,fixed,none,standard,0.49999999999999994,0.5,0.49999999999999994,0.5,0.49999999999999994,0.5
1385,numerical_frozen_W,2024-10-17,2024-10-18,bull,0.0149024598625895,0.49926130973671523,0.5,0.0074504857368804522,0.0074228679604228355,0.0074512299312947498,0.00073869026328476917,7.3869026328476915e-07,1.2389956808484182e-06,1.6772871424335782,1.6897837463649326,ABSTAIN,0,0.49999999999999989,0.49999999999999989,0.49926130973671523,0.5,0.0074504857368804522,0.0067053708393557997,0.00073987812718933656,True,,0,[],0,[],0,1385,0,0,,6bc09b255ac5569bfe6957c38a4299dc8bfb3b2fa26f0e9aadc3d0c73330c905,0,0,0,False,False,abstain,fixed,none,standard,0.49999999999999989,0.5,0.49999999999999989,0.5,0.49999999999999989,0.5
1386,numerical_frozen_W,2024-10-18,2024-10-19,bull,-0.00074682380657989996,0.50369805987124705,0.5,-0.00037710858226158717,-0.00037717970558436714,-0.00037341190328994998,0.0036980598712470503,3.6980598712470503e-06,6.2489214635176608e-06,1.6897837463649326,1.6891465144120121,ABSTAIN,0,0.5,0.5,0.50369805987124705,0.5,-0.00037710858226158717,-0.00033973327072349998,-3.7388712439394007e-05,True,,0,[],0,[],0,1386,0,0,,f1e70be5adb1c6af8f8c6331b3c51fd4b5c5c7d43f24b284bbe822a1ade6fb02,0,0,0,False,False,abstain,fixed,none,standard,0.5,0.5,0.5,0.5,0.5,0.5
1387,numerical_frozen_W,2024-10-19,2024-10-20,bull,0.0096311355525652998,0.49981322430408698,0.5,0.0048153801011556752,0.0048038232439867904,0.0048155677762826499,0.00018677569591302179,1.867756959130218e-07,3.1549151572835867e-07,1.6891465144120121,1.6972803969254482,ABSTAIN,0,0.5,0.5,0.49981322430408698,0.5,0.0048153801011556752,0.0043338252962594002,0.00047936192376743774,True,,0,[],0,[],0,1387,0,0,,9356478eb4436b812d4397eff8dabc5e86126bf33bd842a1e9e7a8489af7f68b,0,0,0,False,False,abstain,fixed,none,standard,0.5,0.5,0.5,0.5,0.5,0.5
1388,numerical_frozen_W,2024-10-20,2024-10-21,bull,-0.024035752312383599,0.50239624460981425,0.5,-0.012020243603030667,-0.012093070920933121,-0.012017876156191799,0.0023962446098142465,2.3962446098142464e-06,4.0670990024759901e-06,1.6972803969254482,1.6768786730917558,ABSTAIN,0,0.49999999999999989,0.49999999999999989,0.50239624460981425,0.5,-0.012020243603030667,-0.0108184362890783,-0.001215689837488371,True,,0,[],0,[],0,1388,0,0,,ab454119d9ed5a8dc7c282bf63ca2802d9cce9cecbce9d6c502b7a05d6fddacb,0,0,0,False,False,abstain,fixed,none,standard,0.49999999999999989,0.5,0.49999999999999989,0.5,0.49999999999999989,0.5
1389,numerical_frozen_W,2024-10-21,2024-10-22,mix,0.00083121447856870001,0.49391796882445832,0.5,0.00040952268037242057,0.00040943884884604421,0.00041560723928435,0.00608203117554168,6.0820311755416798e-06,1.0198828367345024e-05,1.6768786730917558,1.6775653929406196,ABSTAIN,0,0.5,0.5,0.49391796882445832,0.5,0.00040952268037242057,0.00036803037035539998,4.1476185055857391e-05,True,,0,[],0,[],0,1389,0,0,,48925ad1da3e0d128804bc3ce425ffbf5301705b17352b003814fedaf0a80358,0,0,0,False,False,abstain,fixed,none,standard,0.5,0.5,0.5,0.5,0.5,0.5
1390,numerical_frozen_W,2024-10-22,2024-10-23,mix,-0.0113247898106554,0.50020771729083247,0.5,-0.0056626014464411512,-0.0056786947560995265,-0.0056623949053277002,0.00020771729083246537,2.0771729083246538e-07,3.4845933861592569e-07,1.6775653929406196,1.6680660087200545,ABSTAIN,0,0.49999999999999994,0.49999999999999994,0.50020771729083247,0.5,-0.0056626014464411512,-0.0050963600154386004,-0.00056930400622766907,True,,0,[],0,[],0,1390,0,0,,3717e870480919be1335cc86d17309916bee9a3c9a861d614ab4bd87f9b9852c,0,0,0,False,False,abstain,fixed,none,standard,0.49999999999999994,0.5,0.49999999999999994,0.5,0.49999999999999994,0.5
1391,numerical_frozen_W,2024-10-23,2024-10-24,mix,0.022918019851883398,0.4971526798964882,0.5,0.011456129978368867,0.011391005432872666,0.011459009925941699,0.0028473201035117968,2.8473201035117968e-06,4.7495178806132955e-06,1.6680660087200545,1.6871755897284504,ABSTAIN,0,0.49999999999999994,0.49999999999999994,0.4971526798964882,0.5,0.011456129978368867,0.010310262636233599,0.0011335310241718244,True,,0,[],0,[],0,1391,0,0,,344f8f3f7b52e3fbe14c3fcea3897f347d8466632c1b6de6a0a54b2d7c54ff8a,0,0,0,False,False,abstain,fixed,none,standard,0.49999999999999994,0.5,0.49999999999999994,0.5,0.49999999999999994,0.5
1392,numerical_frozen_W,2024-10-24,2024-10-25,mix,-0.021919154146777801,0.50566459432042665,0.5,-0.010965179586151286,-0.011025740280668836,-0.010959577073388901,0.0056645943204266525,5.6645943204266527e-06,9.5571652631382693e-06,1.6871755897284504,1.6686754063937073,ABSTAIN,0,0.49999999999999978,0.49999999999999978,0.50566459432042665,0.5,-0.010965179586151286,-0.0098691782975773006,-0.0011075388307928737,True,,0,[],0,[],0,1392,0,0,,7f7184736af53a7592c9ad74efcb832d45babaa8584fac69da162a443c844077,0,0,0,False,False,abstain,fixed,none,standard,0.49999999999999978,0.5,0.49999999999999978,0.5,0.49999999999999978,0.5
1393,numerical_frozen_W,2024-10-25,2024-10-26,mix,0.0058473569946384,0.49445948981490612,0.5,0.0029181217884637345,0.0029138723360168902,0.0029236784973192,0.0055405101850938832,5.5405101850938832e-06,9.2453130847400102e-06,1.6686754063937073,1.6735448044549783,ABSTAIN,0,0.49999999999999989,0.49999999999999989,0.49445948981490612,0.5,0.0029181217884637345,0.0026258171967925002,0.00029149657413030539,True,,0,[],0,[],0,1393,0,0,,3e274ca426b24053df9ab58c78441d8ed62960244e8d4525dd28c85945176b33,0,0,0,False,False,abstain,fixed,none,standard,0.49999999999999989,0.5,0.49999999999999989,0.5,0.49999999999999989,0.5
1394,numerical_frozen_W,2024-10-26,2024-10-27,mix,0.0136807837011156,0.50145757775990485,0.5,0.0068389243023947444,0.0068156449365327212,0.0068403918505577999,0.0014575777599048489,1.457577759904849e-06,2.4393216871778859e-06,1.6735448044549783,1.6849900506893118,ABSTAIN,0,0.49999999999999983,0.49999999999999983,0.50145757775990485,0.5,0.0068389243023947444,0.0061549003565196997,0.00067960861461493789,True,,0,[],0,[],0,1394,0,0,,d95b4017c1d87391d90aeb1860d04a204417f1cde391fe454cdaaa1346d6148e,0,0,0,False,False,abstain,fixed,none,standard,0.49999999999999983,0.5,0.49999999999999983,0.5,0.49999999999999983,0.5
1395,numerical_frozen_W,2024-10-27,2024-10-28,mix,0.028667178396755501,0.50339695939193774,0.5,0.014330143548365371,0.014228437530999605,0.014333589198377751,0.0033969593919377372,3.3969593919377375e-06,5.7238427780107015e-06,1.6849900506893118,1.7091361999932571,ABSTAIN,0,0.5,0.5,0.50339695939193774,0.5,0.014330143548365371,0.0128968215895635,0.0014140717564334795,True,,0,[],0,[],0,1395,0,0,,57eb3ee5d6d4ae168bace5fd19a3518e43accadf484636931caa7ec878c525fe,0,0,0,False,False,abstain,fixed,none,standard,0.5,0.5,0.5,0.5,0.5,0.5
1396,numerical_frozen_W,2024-10-28,2024-10-29,mix,0.039687452200800097,0.50706552033325913,0.5,0.019836520373816668,0.019642340307589684,0.019843726100400048,0.0070655203332591343,7.0655203332591348e-06,1.2075936573361609e-05,1.7091361999932571,1.7430395150460509,ABSTAIN,0,0.5,0.5,0.50706552033325913,0.5,0.019836520373816668,0.0178522236262212,0.0019475961484921901,True,,0,[],0,[],0,1396,0,0,,c963bf3fb4e29e1ca3b0371dd61b94ce524f144832f79a2af53ac8385244e177,0,0,0,False,False,abstain,fixed,none,standard,0.5,0.5,0.5,0.5,0.5,0.5
1397,numerical_frozen_W,2024-10-29,2024-10-30,bull,-0.0052605237974765002,0.50972880726357805,0.5,-0.0026399651166907345,-0.0026434559697731787,-0.0026302618987382501,0.0097288072635780543,9.7288072635780539e-06,1.6957695494683591e-05,1.7430395150460509,1.7384379515293158,ABSTAIN,0,0.49999999999999994,0.49999999999999994,0.50972880726357805,0.5,-0.0026399651166907345,-0.0023768631607038,-0.00026376358582023973,True,,0,[],0,[],0,1397,0,0,,6b0adf1e12c5e3985d35f4e859df515021c949392ec65d8c418243e7dd66bafb,0,0,0,False,False,abstain,fixed,none,standard,0.49999999999999994,0.5,0.49999999999999994,0.5,0.49999999999999994,0.5
1398,numerical_frozen_W,2024-10-30,2024-10-31,bull,-0.028556500681430501,0.49868140078936746,0.5,-0.014279550112636263,-0.01438248396273298,-0.01427825034071525,0.0013185992106325428,1.3185992106325429e-06,2.2923029106202105e-06,1.7384379515293158,1.7136138396827443,ABSTAIN,0,0.49999999999999978,0.49999999999999978,0.49868140078936746,0.5,-0.014279550112636263,-0.0128517136049973,-0.0014474726378674984,True,,0,[],0,[],0,1398,0,0,,eb6ceceba605719c119d3319aa00281f380166b70b438421833fa6714dd2a8a0,0,0,0,False,False,abstain,fixed,none,standard,0.49999999999999978,0.5,0.49999999999999978,0.5,0.49999999999999978,0.5
1399,numerical_frozen_W,2024-10-31,2024-11-01,bull,-0.0110213454976965,0.49275746408880067,0.5,-0.0055178753735141139,-0.0055331550814375552,-0.0055106727488482502,0.0072425359111993326,7.2425359111993332e-06,1.2410909771830451e-05,1.7136138396827443,1.7041583320770459,ABSTAIN,0,0.5,0.5,0.49275746408880067,0.5,-0.0055178753735141139,-0.0049667297040975004,-0.00055405018219218446,True,,0,[],0,[],0,1399,0,0,,287a8c4d593c2287dad1776e1c73a7fa0d6d11747f839412ec7a86993bbeb5de,0,0,0,False,False,abstain,fixed,none,standard,0.5,0.5,0.5,0.5,0.5,0.5
1400,numerical_frozen_W,2024-11-01,2024-11-02,bull,-0.0026098015745129998,0.49722939573213909,0.5,-0.0013076677761607591,-0.0013085235197674086,-0.0013049007872564999,0.00277060426786091,2.77060426786091e-06,4.721548347963393e-06,1.7041583320770459,1.7019298591407128,ABSTAIN,0,0.49999999999999978,0.49999999999999978,0.49722939573213909,0.5,-0.0013076677761607591,-0.0011771488681954999,-0.00013068126764548054,True,,0,[],0,[],0,1400,0,0,,4cdb77e192d2a633da21ef770feb743a53cc97bbcc4c1eaccfd40d86c386401c,0,0,0,False,False,abstain,fixed,none,standard,0.49999999999999978,0.5,0.49999999999999978,0.5,0.49999999999999978,0.5
1401,numerical_frozen_W,2024-11-02,2024-11-03,mix,-0.0080229871130228,0.4993466971109175,0.5,-0.0040121442386802375,-0.0040202144825973079,-0.0040114935565114,0.00065330288908249656,6.5330288908249662e-07,1.1118756939923941e-06,1.7019298591407128,1.6951014710617236,ABSTAIN,0,0.5,0.5,0.4993466971109175,0.5,-0.0040121442386802375,-0.0036109885514673998,-0.00040269057449513661,True,,0,[],0,[],0,1401,0,0,,75fc997ebae31d8161217b00859e7f0211a6e6a20c081939195914efac05b7b8,0,0,0,False,False,abstain,fixed,none,standard,0.5,0.5,0.5,0.5,0.5,0.5
1402,numerical_frozen_W,2024-11-03,2024-11-04,mix,-0.013389637281589499,0.49798617477482959,0.5,-0.0066968189838252368,-0.0067193432932125411,-0.0066948186407947497,0.002013825225170407,2.013825225170407e-06,3.4136381016475633e-06,1.6951014710617236,1.6837496833508074,ABSTAIN,0,0.5,0.5,0.49798617477482959,0.5,-0.0066968189838252368,-0.0060273176532250001,-0.00067378804148127223,True,,0,[],0,[],0,1402,0,0,,1e8569c033d07d13127c2931c949f7f8684e393aa5786691f3958b1c6cc40742,0,0,0,False,False,abstain,fixed,none,standard,0.5,0.5,0.5,0.5,0.5,0.5
1403,numerical_frozen_W,2024-11-04,2024-11-05,mix,0.022474973765195399,0.49663002933719036,0.5,0.011234079041933853,0.01117144542676121,0.011237486882597699,0.0033699706628096404,3.3699706628096407e-06,5.6741870364072422e-06,1.6837496833508074,1.7026650603804014,ABSTAIN,0,0.5,0.5,0.49663002933719036,0.5,0.011234079041933853,0.0101103704510498,0.0011118428696564962,True,,0,[],0,[],0,1403,0,0,,97c4ff13da8e0ef63677f9be31c1e15c0fa681d4528c765e28da277978b7d700,0,0,0,False,False,abstain,fixed,none,standard,0.5,0.5,0.5,0.5,0.5,0.5
1404,numerical_frozen_W,2024-11-05,2024-11-06,bull,0.089552669095060503,0.5055563045418936,0.5,0.0447705294520373,0.043797272262458144,0.044776334547530251,0.0055563045418935975,5.5563045418935976e-06,9.4605256083151615e-06,1.7026650603804014,1.7788942766131171,ABSTAIN,0,0.49999999999999989,0.49999999999999989,0.5055563045418936,0.5,0.0447705294520373,0.0402929723123737,0.004294894633826575,True,,0,[],0,[],0,1404,0,0,,39ff9a2c0a8a14feacaf5eba37f2bab27d99a73fe36a6966cb04710a5fcb5e58,0,0,0,False,False,abstain,fixed,none,standard,0.49999999999999989,0.5,0.49999999999999989,0.5,0.49999999999999989,0.5
1405,numerical_frozen_W,2024-11-06,2024-11-07,bull,0.0037348037938091001,0.52142866997792492,0.5,0.0018459332109876936,0.0018442315700332036,0.0018674018969045501,0.021428669977924919,2.142866997792492e-05,3.8119338379161969e-05,1.7788942766131171,1.7821779966371532,ABSTAIN,0,0.5,0.5,0.52142866997792492,0.5,0.0018459332109876936,0.0016593202057356999,0.00018628651506993866,True,,0,[],0,[],0,1405,0,0,,e8c603cd3409aad822da59e6c1b8a577f4c8aed7b56ac84d7954f14c1b34ed0f,0,0,0,False,False,abstain,fixed,none,standard,0.5,0.5,0.5,0.5,0.5,0.5
1406,numerical_frozen_W,2024-11-07,2024-11-08,bull,0.0085503093506403994,0.50093196060345357,0.5,0.0042742187304409818,0.0042651102028989007,0.0042751546753201997,0.00093196060345357434,9.3196060345357434e-07,1.6609196812076435e-06,1.7821779966371532,1.7897954152113595,ABSTAIN,0,0.49999999999999983,0.49999999999999983,0.50093196060345357,0.5,0.0042742187304409818,0.0038467128441340998,0.00042577703966272451,True,,0,[],0,[],0,1406,0,0,,1714dd5792e0b3e47ca1aee742373af055703511e89d3b18572b2c283ff4672d,0,0,0,False,False,abstain,fixed,none,standard,0.49999999999999983,0.5,0.49999999999999983,0.5,0.49999999999999983,0.5
1407,numerical_frozen_W,2024-11-08,2024-11-09,bull,0.0023916160136334,0.50212847776598757,0.5,0.0011936769837999073,0.0011929651178647538,0.0011958080068167,0.0021284777659875687,2.1284777659875686e-06,3.8095397469438671e-06,1.7897954152113595,1.7919318528042079,ABSTAIN,0,0.49999999999999989,0.49999999999999989,0.50212847776598757,0.5,0.0011936769837999073,0.0010741168469579,0.00011942472166059622,True,,0,[],0,[],0,1407,0,0,,0cf192e1d682471ea4978e039b4fde30460e5fe863815611f7f16ecc1734ec14,0,0,0,False,False,abstain,fixed,none,standard,0.49999999999999989,0.5,0.49999999999999989,0.5,0.49999999999999989,0.5
1408,numerical_frozen_W,2024-11-09,2024-11-10,bull,0.048085861463384102,0.50059718987896951,0.5,0.024042319183618099,0.023757853091117609,0.024042930731692051,0.00059718987896950626,5.9718987896950628e-07,1.070123566297748e-06,1.7919318528042079,1.8350140503646188,ABSTAIN,0,0.50000000000000011,0.50000000000000011,0.50059718987896951,0.5,0.024042319183618099,0.021638033575240599,0.0023505986281492815,True,,0,[],0,[],0,1408,0,0,,96aa8ac4ac1f371ac48813cdaeb57f65d5fcd5a9691040c16872bcf7f6ea0856,0,0,0,False,False,abstain,fixed,none,standard,0.50000000000000011,0.5,0.50000000000000011,0.5,0.50000000000000011,0.5
1409,numerical_frozen_W,2024-11-10,2024-11-11,bull,0.1029450729892957,0.51173922010989958,0.5,0.051460193027102363,0.050179858123138271,0.05147253649464785,0.011739220109899584,1.1739220109899585e-05,2.1541633841988623e-05,1.8350140503646188,1.9294442276038271,ABSTAIN,0,0.49999999999999994,0.49999999999999994,0.51173922010989958,0.5,0.051460193027102363,0.046313094015337702,0.0049072122067518945,True,,0,[],0,[],0,1409,0,0,,731e4cc11577ada27b906d7cf6e5497e0263567d9e5056a724001ddd7f07cef1,0,0,0,False,False,abstain,fixed,none,standard,0.49999999999999994,0.5,0.49999999999999994,0.5,0.49999999999999994,0.5
1410,numerical_frozen_W,2024-11-11,2024-11-12,bull,-0.0081521156815441004,0.52447640556844444,0.5,-0.0041004344790956937,-0.0041088643124320111,-0.0040760578407720502,0.024476405568444437,2.4476405568444436e-05,4.7225859436525286e-05,1.9294442276038271,1.9215326679674682,ABSTAIN,0,0.50000000000000011,0.50000000000000011,0.52447640556844444,0.5,-0.0041004344790956937,-0.0036927135725326999,-0.0004093158417326887,True,,0,[],0,[],0,1410,0,0,,059ac88a320f7655c1ea1009bcde0181ed0ab91faa25edce01b03f0a747d7bb9,0,0,0,False,False,abstain,fixed,none,standard,0.50000000000000011,0.5,0.50000000000000011,0.5,0.50000000000000011,0.5
1411,numerical_frozen_W,2024-11-12,2024-11-13,bull,0.0282108633827335,0.49795362995695491,0.5,0.014103356456390825,0.014004829418711014,0.01410543169136675,0.0020463700430450871,2.046370043045087e-06,3.9321668884611294e-06,1.9215326679674682,1.9486327281264131,ABSTAIN,0,0.5,0.5,0.49795362995695491,0.5,0.014103356456390825,0.0126928377365658,0.0013918705310215773,True,,0,[],0,[],0,1411,0,0,,3928ba378cccd408eab5ca3931608c20c8ab92919eff66d8662ff00f3662e0f5,0,0,0,False,False,abstain,fixed,none,standard,0.5,0.5,0.5,0.5,0.5,0.5
1412,numerical_frozen_W,2024-11-13,2024-11-14,bull,-0.034595486506632203,0.50695461795714936,0.5,-0.017304577572077484,-0.017456051782819726,-0.017297743253316102,0.006954617957149356,6.9546179571493566e-06,1.3551996162916891e-05,1.9486327281264131,1.9149124619230606,ABSTAIN,0,0.5,0.5,0.50695461795714936,0.5,-0.017304577572077484,-0.0155747562538302,-0.0017587347780697385,True,,0,[],0,[],0,1412,0,0,,494301fc76e39a42af3595f6db4fa2aa72af254472f271de599d4295249987a8,0,0,0,False,False,abstain,fixed,none,standard,0.5,0.5,0.5,0.5,0.5,0.5
1413,numerical_frozen_W,2024-11-14,2024-11-15,bull,0.042986917772126397,0.4911988890151826,0.5,0.021484468608761187,0.021256930665345387,0.021493458886063199,0.0088011109848173952,8.8011109848173948e-06,1.6853357103594772e-05,1.9149124619230606,1.9560533385997723,ABSTAIN,0,0.50000000000000011,0.50000000000000011,0.4911988890151826,0.5,0.021484468608761187,0.019335246956595199,0.0021062345000976458,True,,0,[],0,[],0,1413,0,0,,0249b7300bda2d60304fae0c71f432cc0cdffe2513506e3b3f9fa7c6a2a70917,0,0,0,False,False,abstain,fixed,none,standard,0.50000000000000011,0.5,0.50000000000000011,0.5,0.50000000000000011,0.5
1414,numerical_frozen_W,2024-11-15,2024-11-16,bull,-0.0055729764461016004,0.51052060524670517,0.5,-0.0027969795127549268,-0.0028008983689650786,-0.0027864882230508002,0.010520605246705172,1.0520605246705172e-05,2.0578865016907934e-05,1.9560533385997723,1.9505822974858529,ABSTAIN,0,0.5,0.5,0.51052060524670517,0.5,-0.0027969795127549268,-0.0025182505861858998,-0.00027947165646330721,True,,0,[],0,[],0,1414,0,0,,47b5fc0533fa2b9551732541c9816335987c7d464b7f5efdf7d58950051711e4,0,0,0,False,False,abstain,fixed,none,standard,0.5,0.5,0.5,0.5,0.5,0.5
1415,numerical_frozen_W,2024-11-16,2024-11-17,bull,-0.0077911090346602001,0.49860286278207089,0.5,-0.0038969462119238241,-0.0039045590912368004,-0.0038955545173301001,0.0013971372179291119,1.3971372179291121e-06,2.7252311244511598e-06,1.9505822974858529,1.9429809831906197,ABSTAIN,0,0.50000000000000011,0.50000000000000011,0.49860286278207089,0.5,-0.0038969462119238241,-0.0035073769970328001,-0.00039101682733947655,True,,0,[],0,[],0,1415,0,0,,1915e0cb23acb26df5b51d51271f0b4245098cfe763c7caf95cd3cfb1d2c3310,0,0,0,False,False,abstain,fixed,none,standard,0.50000000000000011,0.5,0.50000000000000011,0.5,0.50000000000000011,0.5
1416,numerical_frozen_W,2024-11-17,2024-11-18,bull,0.0071799335883973,0.49804460539504852,0.5,0.0035880043797920091,0.0035815828478165672,0.00358996679419865,0.001955394604951477,1.955394604951477e-06,3.7992945320542544e-06,1.9429809831906197,1.9499524074681602,ABSTAIN,0,0.5,0.5,0.49804460539504852,0.5,0.0035880043797920091,0.0032290287786921998,0.0003577561870337369,True,,0,[],0,[],0,1416,0,0,,e810298ac2898e2fa815296dc1d429b3d7d467fbcc59cbbe85990f54e9f4cd98,0,0,0,False,False,abstain,fixed,none,standard,0.5,0.5,0.5,0.5,0.5,0.5
1417,numerical_frozen_W,2024-11-18,2024-11-19,bull,0.0194576182018531,0.50178856251705384,0.5,0.0097270031378262622,0.0096800003942376124,0.0097288091009265498,0.0017885625170538377,1.7885625170538378e-06,3.4876117860364436e-06,1.9499524074681602,1.9689196006542149,ABSTAIN,0,0.5,0.5,0.50178856251705384,0.5,0.0097270031378262622,0.0087541413708541998,0.0009639543524608378,True,,0,[],0,[],0,1417,0,0,,d3848909fc6d328e367551d5d588a9f8dc1e4903ab9050a9b4ceab57cd0529e4,0,0,0,False,False,abstain,fixed,none,standard,0.5,0.5,0.5,0.5,0.5,0.5
1418,numerical_frozen_W,2024-11-19,2024-11-20,bull,0.022384192404097,0.50481753566563536,0.5,0.01118722474806022,0.011125110576753241,0.0111920962020485,0.0048175356656353641,4.8175356656353638e-06,9.485340398920219e-06,1.9689196006542149,1.9909463467375945,ABSTAIN,0,0.50000000000000011,0.50000000000000011,0.50481753566563536,0.5,0.01118722474806022,0.0100680645342319,0.0011073913662791365,True,,0,[],0,[],0,1418,0,0,,d3fd78694bcc62bf06a20ae00d06173f2ccdc1b816aba7f1474a9d958839673e,0,0,0,False,False,abstain,fixed,none,standard,0.50000000000000011,0.5,0.50000000000000011,0.5,0.50000000000000011,0.5
1419,numerical_frozen_W,2024-11-20,2024-11-21,bull,0.043164704747099499,0.50553410981161995,0.5,0.021576698824629981,0.021347216964553266,0.021582352373549749,0.0055341098116199472,5.534109811619947e-06,1.1018115711889413e-05,1.9909463467375945,2.033904396437149,ABSTAIN,0,0.49999999999999983,0.49999999999999983,0.50553410981161995,0.5,0.021576698824629981,0.0194185257585766,0.0021148250073543401,True,,0,[],0,[],0,1419,0,0,,642d34a112ee84b31fd33fee094b35382a4fa3a17d94c554c86115b8a07838e3,0,0,0,False,False,abstain,fixed,none,standard,0.49999999999999983,0.5,0.49999999999999983,0.5,0.49999999999999983,0.5
1420,numerical_frozen_W,2024-11-21,2024-11-22,bull,0.0056437389770721998,0.51056319753537505,0.5,0.0028112764830359183,0.0028073322358209631,0.0028218694885360999,0.010563197535375046,1.0563197535375046e-05,2.1484533907633365e-05,2.033904396437149,2.0396222640355961,ABSTAIN,0,0.49999999999999983,0.49999999999999983,0.51056319753537505,0.5,0.0028112764830359183,0.0025291762191580998,0.00028134900022442136,True,,0,[],0,[],0,1420,0,0,,618d2c6590575a6a1c5bd095ab4c23abb7d886c7359d279fbfb492f028051ab2,0,0,0,False,False,abstain,fixed,none,standard,0.49999999999999983,0.5,0.49999999999999983,0.5,0.49999999999999983,0.5
1421,numerical_frozen_W,2024-11-22,2024-11-23,bull,-0.012440146892187001,0.50140696447414712,0.5,-0.0062214716591453278,-0.0062409056612733179,-0.0062200734460935003,0.001406964474147121,1.4069644741471211e-06,2.8696760661776025e-06,2.0396222640355961,2.0269328119245369,ABSTAIN,0,0.49999999999999994,0.49999999999999994,0.50140696447414712,0.5,-0.0062214716591453278,-0.0055994515886624002,-0.00062571837522166877,True,,0,[],0,[],0,1421,0,0,,d71b46df8e852680f466c0ac5750c7e1bd1bd998b90bd92238dc2633e0e06c79,0,0,0,False,False,abstain,fixed,none,standard,0.49999999999999994,0.5,0.49999999999999994,0.5,0.49999999999999994,0.5
1422,numerical_frozen_W,2024-11-23,2024-11-24,bull,0.0024176296584405999,0.49687049754181362,0.5,0.0012056815437730961,0.0012049552934730401,0.0012088148292203,0.003129502458186384,3.1295024581863842e-06,6.3432912174964787e-06,2.0269328119245369,2.0293766474063424,ABSTAIN,0,0.49999999999999994,0.49999999999999994,0.49687049754181362,0.5,0.0012056815437730961,0.0010848337082863999,0.00012070959205260062,True,,0,[],0,[],0,1422,0,0,,e6a3c3cd5db4404766a2d644ab21eb9e366741c3708c00a7ad3058e53a67c261,0,0,0,False,False,abstain,fixed,none,standard,0.49999999999999994,0.5,0.49999999999999994,0.5,0.49999999999999994,0.5
1423,numerical_frozen_W,2024-11-24,2024-11-25,bull,-0.049734926767903601,0.50060367768007841,0.5,-0.02486805204969933,-0.025182485909657226,-0.0248674633839518,0.00060367768007840716,6.0367768007840716e-07,1.2250893865115564e-06,2.0293766474063424,1.9789100033101972,ABSTAIN,0,0.5,0.5,0.50060367768007841,0.5,-0.02486805204969933,-0.022381301381378001,-0.0025469222268062787,True,,0,[],0,[],0,1423,0,0,,0b1ba7da67792401618c6808961e436f5926a2efccc7d4b40d6758738c12f265,0,0,0,False,False,abstain,fixed,none,standard,0.5,0.5,0.5,0.5,0.5,0.5
1424,numerical_frozen_W,2024-11-25,2024-11-26,bull,-0.0116779348494159,0.48724918795641464,0.5,-0.0058516437851753311,-0.0058688317373179035,-0.0058389674247079498,0.012750812043585358,1.2750812043585359e-05,2.5232709503379203e-05,1.9789100033101972,1.9673301268879058,ABSTAIN,0,0.49999999999999983,0.49999999999999983,0.48724918795641464,0.5,-0.0058516437851753311,-0.0052675957089537003,-0.00058731333180717365,True,,0,[],0,[],0,1424,0,0,,1984bab91f9d69a57543b133270ac254905ead7b24059ff1564ca0eedf0421f3,0,0,0,False,False,abstain,fixed,none,standard,0.49999999999999983,0.5,0.49999999999999983,0.5,0.49999999999999983,0.5
1425,numerical_frozen_W,2024-11-26,2024-11-27,bull,0.0424994781338063,0.49706336939721796,0.5,0.021246740033666223,0.021024175053483751,0.02124973906690315,0.0029366306027820421,2.936630602782042e-06,5.7773218563941018e-06,1.9673301268879058,2.0091294786542928,ABSTAIN,0,0.49999999999999989,0.49999999999999989,0.49706336939721796,0.5,0.021246740033666223,0.019121804034315699,0.002082895047341049,True,,0,[],0,[],0,1425,0,0,,81f18d7372974076f15e8058cf84e17160b3558dc3fd8378c9b01af407aec893,0,0,0,False,False,abstain,fixed,none,standard,0.49999999999999989,0.5,0.49999999999999989,0.5,0.49999999999999989,0.5
1426,numerical_frozen_W,2024-11-27,2024-11-28,bull,-0.0025144285020012999,0.51040379167505046,0.5,-0.0012676049628805863,-0.0012684090536363292,-0.0012572142510006499,0.010403791675050456,1.0403791675050455e-05,2.0902564544121995e-05,2.0091294786542928,2.0065826961560811,ABSTAIN,0,0.49999999999999989,0.49999999999999989,0.51040379167505046,0.5,-0.0012676049628805863,-0.0011418023772463001,-0.00012595432343630655,True,,0,[],0,[],0,1426,0,0,,a21795ae8f13cd87751145d6c28f593615ce00272d35e93b39f4caa3a3256c06,0,0,0,False,False,abstain,fixed,none,standard,0.49999999999999989,0.5,0.49999999999999989,0.5,0.49999999999999989,0.5
1427,numerical_frozen_W,2024-11-28,2024-11-29,bull,0.018741080343560299,0.49937060158584384,0.5,0.0093699048755628844,0.0093262796148441893,0.0093705401717801493,0.00062939841415615705,6.2939841415615701e-07,1.2629399668338232e-06,2.0065826961560811,2.0253841851440142,ABSTAIN,0,0.5,0.5,0.49937060158584384,0.5,0.0093699048755628844,0.0084328578743172993,0.00092877964675705006,True,,0,[],0,[],0,1427,0,0,,2dac8893f47f8914416cc374970f9c00c6e89a54213987249aac5a7c730db5d2,0,0,0,False,False,abstain,fixed,none,standard,0.5,0.5,0.5,0.5,0.5,0.5
1428,numerical_frozen_W,2024-11-29,2024-11-30,bull,-0.010594429278105,0.50464177415470512,0.5,-0.0053018318247332052,-0.005315936410598931,-0.0052972146390524999,0.004641774154705125,4.6417741547051255e-06,9.4013759639499852e-06,2.0253841851440142,2.0146459388139064,ABSTAIN,0,0.49999999999999983,0.49999999999999983,0.50464177415470512,0.5,-0.0053018318247332052,-0.0047720708729579002,-0.0005324428530374941,True,,0,[],0,[],0,1428,0,0,,91b039906c73c6dae8df83052b9b1c5c5db045d3426cba1f09e3c9b0bea0c937,0,0,0,False,False,abstain,fixed,none,standard,0.49999999999999983,0.5,0.49999999999999983,0.5,0.49999999999999983,0.5
1429,numerical_frozen_W,2024-11-30,2024-12-01,bull,0.0082536613498992994,0.49733728772201519,0.5,0.0041241569741088391,0.0041156759487920701,0.0041268306749496497,0.0026627122779848134,2.6627122779848133e-06,5.3644224770720299e-06,2.0146459388139064,2.0229546549128257,ABSTAIN,0,0.5,0.5,0.49733728772201519,0.5,0.0041241569741088391,0.0037115031397814001,0.00041104344178655074,True,,0,[],0,[],0,1429,0,0,,0e5f3ef738f7f85aeefd49c2ac82f15e6282694ad600515a396249420de489ec,0,0,0,False,False,abstain,fixed,none,standard,0.5,0.5,0.5,0.5,0.5,0.5
1430,numerical_frozen_W,2024-12-01,2024-12-02,bull,-0.013938070850831199,0.5020549349688106,0.5,-0.0069710760394698923,-0.0069954875056534669,-0.0069690354254155996,0.0020549349688105956,2.0549349688105955e-06,4.1570402606985372e-06,2.0229546549128257,2.008852484189029,ABSTAIN,0,0.5,0.5,0.5020549349688106,0.5,-0.0069710760394698923,-0.0062741543397615996,-0.00070156794280814509,True,,0,[],0,[],0,1430,0,0,,60fc171888567f952c465a1e4f4a094c17d7e86a346815f08af9066028a45d30,0,0,0,False,False,abstain,fixed,none,standard,0.5,0.5,0.5,0.5,0.5,0.5
1431,numerical_frozen_W,2024-12-02,2024-12-03,bull,0.00054357692395959995,0.49649102813807972,0.5,0.00026827853641986366,0.00026824255616832084,0.00027178846197979998,0.0035089718619202848,3.5089718619202849e-06,7.0490068417679661e-06,2.008852484189029,2.0093914161933708,ABSTAIN,0,0.49999999999999989,0.49999999999999989,0.49649102813807972,0.5,0.00026827853641986366,0.00024113732073069999,2.7134304368369946e-05,True,,0,[],0,[],0,1431,0,0,,6b973f9f1c66ea6579d3f1ace9bf8b2b9a720319b733738731d42123faeb48e4,0,0,0,False,False,abstain,fixed,none,standard,0.49999999999999989,0.5,0.49999999999999989,0.5,0.49999999999999989,0.5
1432,numerical_frozen_W,2024-12-03,2024-12-04,bull,0.028541575641797001,0.50013585730654153,0.5,0.014270650024801101,0.014169782793438812,0.0142707878208985,0.00013585730654153139,1.358573065415314e-07,2.7299050559170465e-07,2.0093914161933708,2.0380667378567057,ABSTAIN,0,0.50000000000000011,0.50000000000000011,0.50013585730654153,0.5,0.014270650024801101,0.012843572808911101,0.0014079891853871172,True,,0,[],0,[],0,1432,0,0,,f423b7daaf9cb4f3d95a348659787022a2c5fd1c9e74a2d3011495a31fb474c8,0,0,0,False,False,abstain,fixed,none,standard,0.50000000000000011,0.5,0.50000000000000011,0.5,0.50000000000000011,0.5
1433,numerical_frozen_W,2024-12-04,2024-12-05,bull,-0.0168802807905446,0.50703499893335113,0.5,-0.0084471160178269944,-0.0084829950950272518,-0.0084401403952722998,0.0070349989333511331,7.0349989333511331e-06,1.4337797326920349e-05,2.0380667378567057,2.020850951669956,ABSTAIN,0,0.49999999999999994,0.49999999999999994,0.50703499893335113,0.5,-0.0084471160178269944,-0.0076030478388608002,-0.00085089674599256922,True,,0,[],0,[],0,1433,0,0,,9ace8e7aa1efc2d0699a6402b6ab5d8fa63531437d999be9313ed1126e53d577,0,0,0,False,False,abstain,fixed,none,standard,0.49999999999999994,0.5,0.49999999999999994,0.5,0.49999999999999994,0.5
1434,numerical_frozen_W,2024-12-05,2024-12-06,bull,0.028770516485374799,0.49574400863774537,0.5,0.014380941027790195,0.014278516105343328,0.014385258242687399,0.0042559913622546297,4.2559913622546302e-06,8.6007241947113814e-06,2.020850951669956,2.0499126900318752,ABSTAIN,0,0.5,0.5,0.49574400863774537,0.5,0.014380941027790195,0.012942468066609401,0.001419086067993184,True,,0,[],0,[],0,1434,0,0,,d9bbc1bc97d15edfe4205c29b8a952624dc0397ccdda38d8781a2444092f0c91,0,0,0,False,False,abstain,fixed,none,standard,0.5,0.5,0.5,0.5,0.5,0.5
1435,numerical_frozen_W,2024-12-06,2024-12-07,bull,0.00076483023876120003,0.50709062859786058,0.5,0.00037532177921906218,0.00037525136361853876,0.00038241511938060001,0.0070906285978605821,7.0906285978605819e-06,1.4535169543057328e-05,2.0499126900318752,2.0506820669099417,ABSTAIN,0,0.5,0.5,0.50709062859786058,0.5,0.00037532177921906218,0.00033714149671030001,3.816668633220907e-05,True,,0,[],0,[],0,1435,0,0,,c591ca2b49d308f4ebaab2b5b72e2ad953eb03ccd4a874e5746aa8f42a4028d4,0,0,0,False,False,abstain,fixed,none,standard,0.5,0.5,0.5,0.5,0.5,0.5
1436,numerical_frozen_W,2024-12-07,2024-12-08,bull,0.0128088784719091,0.50019113446698038,0.5,0.0064042468773783945,0.0063838268253444555,0.0064044392359545498,0.0001911344669803805,1.9113446698038052e-07,3.9195602380505674e-07,2.0506820669099417,2.0638151411334458,ABSTAIN,0,0.49999999999999994,0.49999999999999994,0.50019113446698038,0.5,0.0064042468773783945,0.0057638049912802003,0.00063656900538708924,True,,0,[],0,[],0,1436,0,0,,027db472242217f03bbcefcc9dff89f4662d796843f43b7cff8025f37bc5a965,0,0,0,False,False,abstain,fixed,none,standard,0.49999999999999994,0.5,0.49999999999999994,0.5,0.49999999999999994,0.5
1437,numerical_frozen_W,2024-12-08,2024-12-09,bull,-0.037149486034823397,0.50318184170611202,0.5,-0.018577865757225753,-0.018752601838283291,-0.018574743017411698,0.0031818417061120208,3.181841706112021e-06,6.5667330897638639e-06,2.0638151411334458,2.0254738604937388,ABSTAIN,0,0.49999999999999994,0.49999999999999994,0.50318184170611202,0.5,-0.018577865757225753,-0.016720368051493,-0.0018908704528460551,True,,0,[],0,[],0,1437,0,0,,a4c263cfc67dbd7da1741cc7928cefd8de7d8e916972c50c9653049b1fd17311,0,0,0,False,False,abstain,fixed,none,standard,0.49999999999999994,0.5,0.49999999999999994,0.5,0.49999999999999994,0.5
1438,numerical_frozen_W,2024-12-09,2024-12-10,bull,-0.0077968845329776998,0.4905368529670206,0.5,-0.0039078685219894327,-0.0039155241915909194,-0.0038984422664888499,0.0094631470329794021,9.4631470329794018e-06,1.9167356953308658e-05,2.0254738604937388,2.0175585749522029,ABSTAIN,0,0.49999999999999994,0.49999999999999994,0.4905368529670206,0.5,-0.0039078685219894327,-0.0035179160495081999,-0.00039140572475561798,True,,0,[],0,[],0,1438,0,0,,83674e8def611364352eda1d8c9a8ab59a4414e0376f7d8530842db74a068a6c,0,0,0,False,False,abstain,fixed,none,standard,0.49999999999999994,0.5,0.49999999999999994,0.5,0.49999999999999994,0.5
1439,numerical_frozen_W,2024-12-10,2024-12-11,bull,0.046851821371154997,0.49804315020078915,0.5,0.02342390799478955,0.023153778455429045,0.023425910685577499,0.0019568497992108469,1.9568497992108468e-06,3.948059092291341e-06,2.0175585749522029,2.064817681385982,ABSTAIN,0,0.49999999999999989,0.49999999999999989,0.49804315020078915,0.5,0.02342390799478955,0.021081342265273799,0.0022915732344981864,True,,0,[],0,[],0,1439,0,0,,8b63a2b1bbe5a9c42401f7e99568b4a6fa6da569c444abe7b8752c15b313bc3f,0,0,0,False,False,abstain,fixed,none,standard,0.49999999999999989,0.5,0.49999999999999989,0.5,0.49999999999999989,0.5
1440,numerical_frozen_W,2024-12-11,2024-12-12,bull,-0.0110386823592699,0.51144484932469858,0.5,-0.0055307228609314807,-0.005546073936474577,-0.0055193411796349498,0.011444849324698581,1.1444849324698581e-05,2.3631527246436043e-05,2.064817681385982,2.0533977470318852,ABSTAIN,0,0.5,0.5,0.51144484932469858,0.5,-0.0055307228609314807,-0.0049787070451113996,-0.00055493183861644174,True,,0,[],0,[],0,1440,0,0,,ac8a3eb144590112b0824e8b130d26add1b3b05db2b67fd4ac39dc5841c2cc4e,0,0,0,False,False,abstain,fixed,none,standard,0.5,0.5,0.5,0.5,0.5,0.5
1441,numerical_frozen_W,2024-12-12,2024-12-13,bull,0.0141615980017979,0.49722501331188185,0.5,0.0070780043650879865,0.007053072866566111,0.0070807990008989498,0.0027749866881181529,2.7749866881181527e-06,5.6981514134252882e-06,2.0533977470318852,2.0679317052486388,ABSTAIN,0,0.5,0.5,0.49722501331188185,0.5,0.0070780043650879865,0.0063699558901939004,0.00070331939842253888,True,,0,[],0,[],0,1441,0,0,,52b1afe2fb9ed914c77dc981b35f8325f1bde7030a7f9449b97dbeef77dc6044,0,0,0,False,False,abstain,fixed,none,standard,0.5,0.5,0.5,0.5,0.5,0.5
1442,numerical_frozen_W,2024-12-13,2024-12-14,bull,-8.3804776280671498e-05,0.50351550690268532,0.5,-4.5417747734810554e-05,-4.5418779151945089e-05,-4.1902388140335749e-05,0.003515506902685317,3.5155069026853169e-06,7.2698281840834082e-06,2.0679317052486388,2.0678377844481171,ABSTAIN,0,0.5,0.5,0.50351550690268532,0.5,-4.5417747734810554e-05,-4.1194818578005325e-05,-4.2231120440974938e-06,True,,0,[],0,[],0,1442,0,0,,824fe593a349644ebc662074bd3159e05b90fc38e1666725440fa5b3d5a9b9e5,0,0,0,False,False,abstain,fixed,none,standard,0.5,0.5,0.5,0.5,0.5,0.5
1443,numerical_frozen_W,2024-12-14,2024-12-15,bull,0.029830098690859699,0.49997904792798797,0.5,0.014915028080856541,0.014804892812859948,0.014915049345429849,2.095207201202598e-05,2.095207201202598e-08,4.3325486168945203e-08,2.0678377844481171,2.0986796430698167,ABSTAIN,0,0.5,0.5,0.49997904792798797,0.5,0.014915028080856541,0.013423523389984799,0.0014706666780223178,True,,0,[],0,[],0,1443,0,0,,50e862657f5291c016e7b3cc0c74f87d0deba334d1b77f0d509ef7605d98d7de,0,0,0,False,False,abstain,fixed,none,standard,0.5,0.5,0.5,0.5,0.5,0.5
1444,numerical_frozen_W,2024-12-15,2024-12-16,bull,0.0154591499669676,0.50734792993514555,0.5,0.0077221702571732553,0.0076925069128279911,0.0077295749834837999,0.0073479299351455474,7.3479299351455476e-06,1.5420950973593276e-05,2.0986796430698167,2.1148860045888656,ABSTAIN,0,0.49999999999999989,0.49999999999999989,0.50734792993514555,0.5,0.0077221702571732553,0.0069492816482861,0.00076726023597746898,True,,0,[],0,[],0,1444,0,0,,7193aea6ab56c19f59cd6c8cf2e9507452ef24ae15b79557696fb29675d541ee,0,0,0,False,False,abstain,fixed,none,standard,0.49999999999999989,0.5,0.49999999999999989,0.5,0.49999999999999989,0.5
1445,numerical_frozen_W,2024-12-16,2024-12-17,bull,0.00076656458377329995,0.50383514346277403,0.5,0.00037944567848113842,0.00037937370717523782,0.00038328229188664998,0.0038351434627740266,3.8351434627740266e-06,8.1108912350112674e-06,2.1148860045888656,2.1156884889437872,ABSTAIN,0,0.49999999999999994,0.49999999999999994,0.50383514346277403,0.5,0.00037944567848113842,0.00034115304546170002,3.8278841182059218e-05,True,,0,[],0,[],0,1445,0,0,,0477a39c30eef80669f582912e2ab80e10bd6c778c7f3a0a9a8f381bd77dec47,0,0,0,False,False,abstain,fixed,none,standard,0.49999999999999994,0.5,0.49999999999999994,0.5,0.49999999999999994,0.5
1446,numerical_frozen_W,2024-12-17,2024-12-18,bull,-0.055974765142657298,0.50019156772142803,0.5,-0.027987568777570915,-0.028386685279993964,-0.027987382571328649,0.00019156772142803202,1.9156772142803204e-07,4.0529762307847751e-07,2.1156884889437872,2.0564755118475579,ABSTAIN,0,0.49999999999999989,0.49999999999999989,0.50019156772142803,0.5,-0.027987568777570915,-0.025188829196245498,-0.0028751875685516931,True,,0,[],0,[],0,1446,0,0,,4317235180022fdc37cebb8c893ef348604d5fd5ba7365d5c502027999d6ff25,0,0,0,False,False,abstain,fixed,none,standard,0.49999999999999989,0.5,0.49999999999999989,0.5,0.49999999999999989,0.5
1447,numerical_frozen_W,2024-12-18,2024-12-19,bull,-0.027263073640339398,0.48560338514670437,0.5,-0.013645737187037543,-0.013739695995989169,-0.013631536820169699,0.014396614853295631,1.4396614853295631e-05,2.960628589930329e-05,2.0564755118475579,2.0284133874813075,ABSTAIN,0,0.49999999999999994,0.49999999999999994,0.48560338514670437,0.5,-0.013645737187037543,-0.01228242051177,-0.0013812231782004206,True,,0,[],0,[],0,1447,0,0,,360b074b9dcfaa5e36a599b9c8032375b6a917a3a25879cffdd7ff9a9f67405f,0,0,0,False,False,abstain,fixed,none,standard,0.49999999999999994,0.5,0.49999999999999994,0.5,0.49999999999999994,0.5
1448,numerical_frozen_W,2024-12-19,2024-12-20,bull,0.0033816886076284999,0.49309003819109104,0.5,0.0016839226583358347,0.0016825064502099414,0.00169084430381425,0.0069099618089089598,6.9099618089089598e-06,1.4016259040175487e-05,2.0284133874813075,2.0318290787449591,ABSTAIN,0,0.49999999999999989,0.49999999999999989,0.49309003819109104,0.5,0.0016839226583358347,0.0015149180564313,0.0001687347245520718,True,,0,[],0,[],0,1448,0,0,,bf367f85017ddfa72a5ccbae3931ba33992d532c804ffc59cca822beef788976,0,0,0,False,False,abstain,fixed,none,standard,0.49999999999999989,0.5,0.49999999999999989,0.5,0.49999999999999989,0.5
1449,numerical_frozen_W,2024-12-20,2024-12-21,bull,-0.0055462561237353998,0.5008439950876209,0.5,-0.0027739697164488319,-0.0027778243004257909,-0.0027731280618676999,0.00084399508762089681,8.4399508762089681e-07,1.7148537613460377e-06,2.0318290787449591,2.0261928464115204,ABSTAIN,0,0.49999999999999994,0.49999999999999994,0.5008439950876209,0.5,-0.0027739697164488319,-0.0024966488661390001,-0.000278053609356775,True,,0,[],0,[],0,1449,0,0,,69cb439ebc787d3ef400b536b0dd0e736de29d1d0f7eed3643671c6919f48e3e,0,0,0,False,False,abstain,fixed,none,standard,0.49999999999999994,0.5,0.49999999999999994,0.5,0.49999999999999994,0.5
1450,numerical_frozen_W,2024-12-21,2024-12-22,bull,-0.021279483575364501,0.49860958015678114,0.5,-0.010641117413817347,-0.010698138979936026,-0.01063974178768225,0.0013904198432188597,1.3904198432188597e-06,2.8172587398386812e-06,2.0261928464115204,2.0046318904298186,ABSTAIN,0,0.49999999999999989,0.49999999999999989,0.49860958015678114,0.5,-0.010641117413817347,-0.0095771305643488,-0.0010748527718452243,True,,0,[],0,[],0,1450,0,0,,30d8df659b43b083c65ef730491776ceeef4fd185ced3f1a5fd9980a67aafc79,0,0,0,False,False,abstain,fixed,none,standard,0.49999999999999989,0.5,0.49999999999999989,0.5,0.49999999999999989,0.5
1451,numerical_frozen_W,2024-12-22,2024-12-23,bull,-0.0034848367054056001,0.49462291834578676,0.5,-0.0017477860652312938,-0.0017493152253190846,-0.0017424183527028,0.0053770816542132449,5.3770816542132451e-06,1.0779069361480994e-05,2.0046318904298186,2.0011282227458072,ABSTAIN,0,0.49999999999999989,0.49999999999999989,0.49462291834578676,0.5,-0.0017477860652312938,-0.0015734857707214,-0.00017459022575245392,True,,0,[],0,[],0,1451,0,0,,efd6cc1a8e69c8a8bf01923911366dedad87618ea1fafcb66fa22d06d9150e20,0,0,0,False,False,abstain,fixed,none,standard,0.49999999999999989,0.5,0.49999999999999989,0.5,0.49999999999999989,0.5
1452,numerical_frozen_W,2024-12-23,2024-12-24,bull,0.040231054452141798,0.49912727016316399,0.5,0.020114636940813169,0.019915010138651469,0.020115527226070899,0.00087272983683600591,8.727298368360059e-07,1.7464443073248746e-06,2.0011282227458072,2.0413801904183537,ABSTAIN,0,0.5,0.5,0.49912727016316399,0.5,0.020114636940813169,0.018103095012557101,0.0019738250234986945,True,,0,[],0,[],0,1452,0,0,,9c3fed18d32d9bec6c290e8bbdac38d77a16cf82ef37e55bbaead8ab28a5cbfc,0,0,0,False,False,abstain,fixed,none,standard,0.5,0.5,0.5,0.5,0.5,0.5
1453,numerical_frozen_W,2024-12-24,2024-12-25,bull,0.0073296232520945002,0.50985943586250948,0.5,0.0036549160572094674,0.0036482530816591909,0.0036648116260472501,0.0098594358625094802,9.8594358625094809e-06,2.0126857058427148e-05,2.0413801904183537,2.0488412636551829,ABSTAIN,0,0.49999999999999994,0.49999999999999994,0.50985943586250948,0.5,0.0036549160572094674,0.003288518078542,0.00036513035345805446,True,,0,[],0,[],0,1453,0,0,,7e5e17dcbf2ca7bc6be7a18e3495ba76983f7485e1df9402bd4333c4f456023b,0,0,0,False,False,abstain,fixed,none,standard,0.49999999999999994,0.5,0.49999999999999994,0.5,0.49999999999999994,0.5
1454,numerical_frozen_W,2024-12-25,2024-12-26,bull,-0.036357306927266297,0.50182571491178907,0.5,-0.018180445989506189,-0.018347741065892448,-0.018178653463633149,0.001825714911789067,1.825714911789067e-06,3.7406000469440226e-06,2.0488412636551829,2.0115924157202283,ABSTAIN,0,0.5,0.5,0.50182571491178907,0.5,-0.018180445989506189,-0.016362566653018801,-0.0018498291914391569,True,,0,[],0,[],0,1454,0,0,,9e348da126f70fab202c4367fca779552914ccd1245ace931044e019e3fb87b8,0,0,0,False,False,abstain,fixed,none,standard,0.5,0.5,0.5,0.5,0.5,0.5
1455,numerical_frozen_W,2024-12-26,2024-12-27,bull,-0.015680059136939001,0.49074238224308164,0.5,-0.0078492146062295598,-0.0078801818432967952,-0.0078400295684695007,0.0092576177569183571,9.2576177569183579e-06,1.8622553667453877e-05,2.0115924157202283,1.9958029951489764,ABSTAIN,0,0.5,0.5,0.49074238224308164,0.5,-0.0078492146062295598,-0.0070651101660095996,-0.00078999560652162366,True,,0,[],0,[],0,1455,0,0,,fed3a2c0f92186418d5c7052f9f1643a89d6f463b5ae5dd8081fc433ed42fb7b,0,0,0,False,False,abstain,fixed,none,standard,0.5,0.5,0.5,0.5,0.5,0.5
1456,numerical_frozen_W,2024-12-27,2024-12-28,bull,0.0106983863320317,0.49604900933210416,0.5,0.0053452210407358702,0.0053309860503311934,0.0053491931660158499,0.0039509906678958373,3.9509906678958374e-06,7.8853990087921661e-06,1.9958029951489764,2.0064710033118103,ABSTAIN,0,0.49999999999999994,0.49999999999999994,0.49604900933210416,0.5,0.0053452210407358702,0.0048103466409862997,0.00053217215719257929,True,,0,[],0,[],0,1456,0,0,,81989c07a1fa42332eb3aeb73da323a5923be09ed707e4e1ccdbde4e5259dcf5,0,0,0,False,False,abstain,fixed,none,standard,0.49999999999999994,0.5,0.49999999999999994,0.5,0.49999999999999994,0.5
1457,numerical_frozen_W,2024-12-28,2024-12-29,bull,-0.016458080800130101,0.50266036577259809,0.5,-0.0082316788735801172,-0.0082657462252634512,-0.0082290404000650505,0.0026603657725980945,2.6603657725980945e-06,5.3379467809212974e-06,2.0064710033118103,1.9899543783433973,ABSTAIN,0,0.5,0.5,0.50266036577259809,0.5,-0.0082316788735801172,-0.0074087520078881001,-0.00082941310201521505,True,,0,[],0,[],0,1457,0,0,,36322320d8602086086318e4c39855efa9efae6dbb287895bc215bf9c4f4da65,0,0,0,False,False,abstain,fixed,none,standard,0.5,0.5,0.5,0.5,0.5,0.5
1458,numerical_frozen_W,2024-12-29,2024-12-30,bull,-0.0099929254569376003,0.49585134031178701,0.5,-0.0050005906595335103,-0.005013135451392349,-0.0049964627284688002,0.0041486596882129856,4.1486596882129857e-06,8.2556435108161839e-06,1.9899543783433973,1.9800034310661554,ABSTAIN,0,0.49999999999999983,0.49999999999999983,0.49585134031178701,0.5,-0.0050005906595335103,-0.0045009017697940999,-0.00050207412699444266,True,,0,[],0,[],0,1458,0,0,,6be730ca50fdb53b06a47fb250e4044014f3650c6516ced54b3e1c61f67fd34f,0,0,0,False,False,abstain,fixed,none,standard,0.49999999999999983,0.5,0.49999999999999983,0.5,0.49999999999999983,0.5
1459,numerical_frozen_W,2024-12-30,2024-12-31,bull,0.0083789790450074994,0.49748922363523951,0.5,0.0041869682272677178,0.0041782272660567795,0.0041894895225037497,0.0025107763647604919,2.510776364760492e-06,4.9713458168655833e-06,1.9800034310661554,1.9882936425219104,ABSTAIN,0,0.49999999999999989,0.49999999999999989,0.49748922363523951,0.5,0.0041869682272677178,0.0037680467816070002,0.0004172617898384307,True,,0,[],0,[],0,1459,0,0,,cf6e4a9ba0ac1ad481978cdfd682c36c4e0976415931ff2b278339bb11d0f0ab,0,0,0,False,False,abstain,fixed,none,standard,0.49999999999999989,0.5,0.49999999999999989,0.5,0.49999999999999989,0.5
1460,numerical_frozen_W,2024-12-31,2025-01-01,bull,0.0107207141727199,0.50208600546321991,0.5,0.0053582598991623875,0.0053439554996312011,0.0053603570863599501,0.0020860054632199088,2.0860054632199088e-06,4.1475914007861178e-06,1.9882936425219104,1.9989474366143951,ABSTAIN,0,0.49999999999999989,0.49999999999999989,0.50208600546321991,0.5,0.0053582598991623875,0.0048222454032912998,0.00053329987745988263,True,,0,[],0,[],0,1460,0,0,,d5e7b21b3264fa41575e42f5283d601882cbcaa9bf6f2565a698c10997f14b54,0,0,0,False,False,abstain,fixed,none,standard,0.49999999999999989,0.5,0.49999999999999989,0.5,0.49999999999999989,0.5
1461,numerical_frozen_W,2025-01-01,2025-01-02,bull,0.0253785419235577,0.50266588842924687,0.5,0.012686571245168921,0.012606770919776748,0.01268927096177885,0.0026658884292468654,2.6658884292468657e-06,5.3289708419429981e-06,1.9989474366143951,2.0243072256843515,ABSTAIN,0,0.49999999999999978,0.49999999999999978,0.50266588842924687,0.5,0.012686571245168921,0.011417673071139001,0.0012537875396653811,True,,0,[],0,[],0,1461,0,0,,0b6f8dc04c6017fa59064c47563bfe9d46954c672dbec3fa87bed533092a8a2d,0,0,0,False,False,abstain,fixed,none,standard,0.49999999999999978,0.5,0.49999999999999978,0.5,0.49999999999999978,0.5
1462,numerical_frozen_W,2025-01-02,2025-01-03,bull,0.0124535891089108,0.50626513547918184,0.5,0.0062204904072646894,0.0062012230172721937,0.0062267945544553999,0.0062651354791818381,6.2651354791818385e-06,1.2682559020399187e-05,2.0243072256843515,2.0368994093630777,ABSTAIN,0,0.49999999999999994,0.49999999999999994,0.50626513547918184,0.5,0.0062204904072646894,0.0055978700302100996,0.00061896283399773006,True,,0,[],0,[],0,1462,0,0,,d277b2f067e1a33caac26694930273a4d1a8dcba72cb69930b706222755d9099,0,0,0,False,False,abstain,fixed,none,standard,0.49999999999999994,0.5,0.49999999999999994,0.5,0.49999999999999994,0.5
1463,numerical_frozen_W,2025-01-03,2025-01-04,bull,0.00053378154684579997,0.50309413076065645,0.5,0.00026379581686741815,0.00026376102886873764,0.00026689077342289998,0.003094130760656455,3.0941307606564551e-06,6.3024331188732639e-06,2.0368994093630777,2.0374367349066476,ABSTAIN,0,0.5,0.5,0.50309413076065645,0.5,0.00026379581686741815,0.00023713587363300001,2.6653267502822618e-05,True,,0,[],0,[],0,1463,0,0,,6ea265fec2d3758ed4936a1c70b78e30b63ea35ad8931a6bbfd416ce6cc9354d,0,0,0,False,False,abstain,fixed,none,standard,0.5,0.5,0.5,0.5,0.5,0.5
1464,numerical_frozen_W,2025-01-04,2025-01-05,bull,0.0013011619844858001,0.50013340978087184,0.5,0.0006504474956681161,0.0006502360463819431,0.00065058099224290004,0.00013340978087184041,1.3340978087184042e-07,2.7181398834413388e-07,2.0374367349066476,2.03876198052845,ABSTAIN,0,0.49999999999999983,0.49999999999999983,0.50013340978087184,0.5,0.0006504474956681161,0.00058539073647610003,6.501658422467904e-05,True,,0,[],0,[],0,1464,0,0,,568e68db8636ef7fce95e832cf09bb23c5af0fb002f59df36d5480467afd74ca,0,0,0,False,False,abstain,fixed,none,standard,0.49999999999999983,0.5,0.49999999999999983,0.5,0.49999999999999983,0.5
1465,numerical_frozen_W,2025-01-05,2025-01-06,bull,0.0396653912597855,0.50032507900589929,0.5,0.019832364103693711,0.019638264871469056,0.01983269562989275,0.00032507900589928695,3.2507900589928698e-07,6.6275871789544998e-07,2.03876198052845,2.0791954504470578,ABSTAIN,0,0.49999999999999994,0.49999999999999994,0.50032507900589929,0.5,0.019832364103693711,0.01784909847294,0.0019465910579544582,True,,0,[],0,[],0,1465,0,0,,d7e12573285eb06b57ee5ff1d73556cc830f0be18c24ba6c974d20d498b4d98a,0,0,0,False,False,abstain,fixed,none,standard,0.49999999999999994,0.5,0.49999999999999994,0.5,0.49999999999999994,0.5
1466,numerical_frozen_W,2025-01-06,2025-01-07,bull,-0.052019243276442501,0.50972350450955262,0.5,-0.02601909223805754,-0.026363577418844184,-0.02600962163822125,0.0097235045095526162,9.7235045095526156e-06,2.0217066338663251e-05,2.0791954504470578,2.025096672240926,ABSTAIN,0,0.49999999999999989,0.49999999999999989,0.50972350450955262,0.5,-0.02601909223805754,-0.0234180787234218,-0.0026669379909927543,True,,0,[],0,[],0,1466,0,0,,507e2a08410dadf7d1056a4fdb8e39ab574dfd2b66e227d1099404bc1dcbfd7c,0,0,0,False,False,abstain,fixed,none,standard,0.49999999999999989,0.5,0.49999999999999989,0.5,0.49999999999999989,0.5
1467,numerical_frozen_W,2025-01-07,2025-01-08,bull,-0.019222158716927101,0.48664790627502474,0.5,-0.009624303124156075,-0.0096709160485182761,-0.0096110793584635503,0.013352093724975256,1.3352093724975257e-05,2.7039280569896343e-05,2.025096672240926,2.0056065280115596,ABSTAIN,0,0.49999999999999994,0.49999999999999994,0.48664790627502474,0.5,-0.009624303124156075,-0.0086630407545390999,-0.00097013302310946896,True,,0,[],0,[],0,1467,0,0,,8104ea0bb48bf2a8d979ec4c5eec4e27b379a3b9a6c180dca0b6e7fb491d760e,0,0,0,False,False,abstain,fixed,none,standard,0.49999999999999994,0.5,0.49999999999999994,0.5,0.49999999999999994,0.5
1468,numerical_frozen_W,2025-01-08,2025-01-09,bull,-0.026579261275779299,0.49514782568839827,0.5,-0.013294418328596902,-0.013383580226733053,-0.013289630637889649,0.0048521743116017313,4.8521743116017318e-06,9.7315524743984277e-06,2.0056065280115596,1.9789431558256092,ABSTAIN,0,0.5,0.5,0.49514782568839827,0.5,-0.013294418328596902,-0.011965409170367401,-0.0013460093407610188,True,,0,[],0,[],0,1468,0,0,,c371a709775bd1607229c46f79b94f55f7d7be089f7bbf7431298cacdeed6d93,0,0,0,False,False,abstain,fixed,none,standard,0.5,0.5,0.5,0.5,0.5,0.5
1469,numerical_frozen_W,2025-01-09,2025-01-10,mix,0.023603897998482899,0.4932656881641565,0.5,0.011795135209400787,0.011726114808596134,0.01180194899924145,0.0067343118358434984,6.7343118358434982e-06,1.3326820316737885e-05,1.9789431558256092,2.0022850579202904,ABSTAIN,0,0.5,0.5,0.4932656881641565,0.5,0.011795135209400787,0.0106150253783587,0.0011670332635574775,True,,0,[],0,[],0,1469,0,0,,2661a40b7e5d46c8ae70f17f9525a729839b806912377ec05dcae625adbc738b,0,0,0,False,False,abstain,fixed,none,standard,0.5,0.5,0.5,0.5,0.5,0.5
1470,numerical_frozen_W,2025-01-10,2025-01-11,mix,-0.0011834369500476,0.50583214383551778,0.5,-0.00059754716787208118,-0.00059772577033347118,-0.0005917184750238,0.0058321438355177779,5.832143835517778e-06,1.1677614457499179e-05,2.0022850579202904,2.0010885981546576,ABSTAIN,0,0.49999999999999978,0.49999999999999978,0.50583214383551778,0.5,-0.00059754716787208118,-0.00053832411411540004,-5.9256707770321345e-05,True,,0,[],0,[],0,1470,0,0,,ccf292b4205bec46c661e108661976e7277128c95b794c0f4ce1211c3bd9edc7,0,0,0,False,False,abstain,fixed,none,standard,0.49999999999999978,0.5,0.49999999999999978,0.5,0.49999999999999978,0.5
1471,numerical_frozen_W,2025-01-11,2025-01-12,mix,-0.00074197776180600001,0.49970396559346048,0.5,-0.00037128480548409559,-0.00037135374875307418,-0.00037098888090300001,0.00029603440653952484,2.9603440653952487e-07,5.9239107558772372e-07,2.0010885981546576,2.0003456243637352,ABSTAIN,0,0.5,0.5,0.49970396559346048,0.5,-0.00037128480548409559,-0.00033418295167539998,-3.711494551163826e-05,True,,0,[],0,[],0,1471,0,0,,aba7116ed95062afd222d4d907e1b47a0d9605bc5d041e72643fbc9924b9e86b,0,0,0,False,False,abstain,fixed,none,standard,0.5,0.5,0.5,0.5,0.5,0.5
1472,numerical_frozen_W,2025-01-12,2025-01-13,mix,-6.029079200942089e-05,0.49981443671763409,0.5,-3.0330953693313845e-05,-3.0331413685991185e-05,-3.0145396004710445e-05,0.00018556328236590813,1.8556328236590814e-07,3.7119069992321665e-07,2.0003456243637352,2.000284951973232,ABSTAIN,0,0.49999999999999989,0.49999999999999989,0.49981443671763409,0.5,-3.0330953693313845e-05,-2.7314552252133417e-05,-3.0164883846822707e-06,True,,0,[],0,[],0,1472,0,0,,46a741e5e14619a12054f4f10b5398f3c49f49e7f026be2ee5beae637eaed7cb,0,0,0,False,False,abstain,fixed,none,standard,0.49999999999999989,0.5,0.49999999999999989,0.5,0.49999999999999989,0.5
1473,numerical_frozen_W,2025-01-13,2025-01-14,bull,0.0212194071894229,0.49998492684761153,0.5,0.010609688361637337,0.010553800571888965,0.01060970359471145,1.5073152388467292e-05,1.5073152388467293e-08,3.015059990145051e-08,2.000284951973232,2.0215073519481406,ABSTAIN,0,0.49999999999999989,0.49999999999999989,0.49998492684761153,0.5,0.010609688361637337,0.0095487181703748005,0.001050383262401389,True,,0,[],0,[],0,1473,0,0,,d9581cc5ca63edcc3499a86cc660929d301dafdce51c7759435042f7bbb22807,0,0,0,False,False,abstain,fixed,none,standard,0.49999999999999989,0.5,0.49999999999999989,0.5,0.49999999999999989,0.5
1474,numerical_frozen_W,2025-01-14,2025-01-15,bull,0.0409945505639508,0.50524915976809492,0.5,0.020491918528734665,0.020284784107287557,0.0204972752819754,0.0052491597680949242,5.2491597680949247e-06,1.0611215062754284e-05,2.0215073519481406,2.0629319159095001,ABSTAIN,0,0.49999999999999989,0.49999999999999989,0.50524915976809492,0.5,0.020491918528734665,0.018442249657712701,0.002010530397145216,True,,0,[],0,[],0,1474,0,0,,20cd045979f3ddfa9637c1cde83efadd95a12f56657e092196b394295582e6be,0,0,0,False,False,abstain,fixed,none,standard,0.49999999999999989,0.5,0.49999999999999989,0.5,0.49999999999999989,0.5
1475,numerical_frozen_W,2025-01-15,2025-01-16,bull,-0.0049283680166526999,0.5100427878537509,0.5,-0.0024742020489029182,-0.0024772679449338786,-0.0024641840083263499,0.010042787853750901,1.00427878537509e-05,2.0717587588211003e-05,2.0629319159095001,2.0578278055364096,ABSTAIN,0,0.5,0.5,0.5100427878537509,0.5,-0.0024742020489029182,-0.0022277058832611001,-0.00024707703362794251,True,,0,[],0,[],0,1475,0,0,,7a08bbc423dabcc8e9a3c391f7aead57c4c7c95f30afe911a8fc5eda3f38224a,0,0,0,False,False,abstain,fixed,none,standard,0.5,0.5,0.5,0.5,0.5,0.5
1476,numerical_frozen_W,2025-01-16,2025-01-17,bull,0.040802163902624297,0.49876486439442946,0.5,0.020399821617603786,0.020194532469357179,0.020401081951312149,0.0012351356055705365,1.2351356055705365e-06,2.5416963927511016e-06,2.0578278055364096,2.0998071256890976,ABSTAIN,0,0.5,0.5,0.49876486439442946,0.5,0.020399821617603786,0.018359728827953101,0.002001308560517473,True,,0,[],0,[],0,1476,0,0,,a7f7391bf154a0ae2d7bbe3299483b8c5f608a0d7f2d1c4d0313af1ab380215c,0,0,0,False,False,abstain,fixed,none,standard,0.5,0.5,0.5,0.5,0.5,0.5
1477,numerical_frozen_W,2025-01-17,2025-01-18,bull,0.0043426087741833003,0.509996599529422,0.5,0.0021612860819018032,0.0021589538629282956,0.0021713043870916502,0.0099965995294220011,9.9965995294220016e-06,2.0990930924540597e-05,2.0998071256890976,2.1043454096045275,ABSTAIN,0,0.49999999999999989,0.49999999999999989,0.509996599529422,0.5,0.0021612860819018032,0.0019442381101858999,0.00021660333744352592,True,,0,[],0,[],0,1477,0,0,,fdcc86530c0532a7da5a703cad5a92d1575aff94f7e5f8880d5cdc9a53dd48c7,0,0,0,False,False,abstain,fixed,none,standard,0.49999999999999989,0.5,0.49999999999999989,0.5,0.49999999999999989,0.5
1478,numerical_frozen_W,2025-01-18,2025-01-19,bull,-0.030777648849353599,0.501083300019461,0.5,-0.015389891053982474,-0.015509544652020882,-0.0153888244246768,0.0010833000194609976,1.0833000194609977e-06,2.2796374231772455e-06,2.1043454096045275,2.0719597630107658,ABSTAIN,0,0.49999999999999983,0.49999999999999983,0.501083300019461,0.5,-0.015389891053982474,-0.013850999824814501,-0.0015617246520116361,True,,0,[],0,[],0,1478,0,0,,1a5b7622d71c7620073daf2aebc52b39d8838255389a84b1b9b1ac44520326f7,0,0,0,False,False,abstain,fixed,none,standard,0.49999999999999983,0.5,0.49999999999999983,0.5,0.49999999999999983,0.5
1479,numerical_frozen_W,2025-01-19,2025-01-20,bull,0.0086676306140476,0.49218532919063968,0.5,0.004325966768874423,0.0043166366727443927,0.0043338153070238,0.0078146708093603245,7.8146708093603246e-06,1.6191683478169367e-05,2.0719597630107658,2.0809229920919954,ABSTAIN,0,0.49999999999999989,0.49999999999999989,0.49218532919063968,0.5,0.004325966768874423,0.0038926791963180001,0.00043151434745445413,True,,0,[],0,[],0,1479,0,0,,4abb9fa8c38606c29b7b589e21efe4631f478129f84999aec8059224f33db9cd,0,0,0,False,False,abstain,fixed,none,standard,0.49999999999999989,0.5,0.49999999999999989,0.5,0.49999999999999989,0.5
1480,numerical_frozen_W,2025-01-20,2025-01-21,bull,0.038743533367189199,0.50215755719909672,0.5,0.019369567330700832,0.01918436496699712,0.0193717666835946,0.0021575571990967157,2.1575571990967157e-06,4.4897103823539634e-06,2.0809229920919954,2.1212295700973249,ABSTAIN,0,0.49999999999999989,0.49999999999999989,0.50215755719909672,0.5,0.019369567330700832,0.017432415855469199,0.0019021506020737849,True,,0,[],0,[],0,1480,0,0,,cb14f31af252f440e02643efdb123e8aad91081bd159800e3b887ee00801c533,0,0,0,False,False,abstain,fixed,none,standard,0.49999999999999989,0.5,0.49999999999999989,0.5,0.49999999999999989,0.5
1481,numerical_frozen_W,2025-01-21,2025-01-22,bull,-0.0232899888090492,0.50950181637196912,0.5,-0.011654385572298032,-0.011722830230495357,-0.0116449944045246,0.0095018163719691184,9.5018163719691179e-06,2.0155533857855776e-05,2.1212295700973249,2.0965079428000508,ABSTAIN,0,0.5,0.5,0.50950181637196912,0.5,-0.011654385572298032,-0.010489820897039599,-0.0011776033557629011,True,,0,[],0,[],0,1481,0,0,,05a4d59164a97336003000204a783cdc629c246d6471d1f383d1ae9f7ec9f037,0,0,0,False,False,abstain,fixed,none,standard,0.5,0.5,0.5,0.5,0.5,0.5
1482,numerical_frozen_W,2025-01-22,2025-01-23,bull,0.0021922210391494001,0.49410890098264409,0.5,0.0010902129632617275,0.0010896191126856364,0.0010961105195747001,0.0058910990173559052,5.891099017355905e-06,1.2350735881708229e-05,2.0965079428000508,2.0987935829368727,ABSTAIN,0,0.49999999999999994,0.49999999999999994,0.49410890098264409,0.5,0.0010902129632617275,0.00098066839642330008,0.0001094312573722161,True,,0,[],0,[],0,1482,0,0,,933902899a2665446b44bcadc82aee3b56ba498a770a0e2a97a46a5053949dc4,0,0,0,False,False,abstain,fixed,none,standard,0.49999999999999994,0.5,0.49999999999999994,0.5,0.49999999999999994,0.5
1483,numerical_frozen_W,2025-01-23,2025-01-24,bull,0.0091442671257726,0.50054745518839627,0.5,0.0045715836046595903,0.0045611656552834714,0.0045721335628863,0.00054745518839627305,5.4745518839627306e-07,1.1489954363515946e-06,2.0987935829368727,2.1083883932701917,ABSTAIN,0,0.49999999999999994,0.49999999999999994,0.50054745518839627,0.5,0.0045715836046595903,0.0041143759361614001,0.00045523061902467705,True,,0,[],0,[],0,1483,0,0,,8dbc72e844d78eadaa3895e7d688f51416418dfa6d7f5ba232b331122b390de1,0,0,0,False,False,abstain,fixed,none,standard,0.49999999999999994,0.5,0.49999999999999994,0.5,0.49999999999999994,0.5
1484,numerical_frozen_W,2025-01-24,2025-01-25,bull,-0.0011386360970531001,0.50227566215014863,0.5,-0.0005715924151011853,-0.00057175583632220665,-0.00056931804852655005,0.0022756621501486274,2.2756621501486274e-06,4.7979796643776543e-06,2.1083883932701917,2.107183254456511,ABSTAIN,0,0.49999999999999994,0.49999999999999994,0.50227566215014863,0.5,-0.0005715924151011853,-0.00051463902015630003,-5.6984344053210992e-05,True,,0,[],0,[],0,1484,0,0,,0bd40314c8602a0a778409d6fffe4bb8b55b59ee5e41fcfe6da1fe132ebfeea0,0,0,0,False,False,abstain,fixed,none,standard,0.49999999999999994,0.5,0.49999999999999994,0.5,0.49999999999999994,0.5
1485,numerical_frozen_W,2025-01-25,2025-01-26,bull,-0.020097782284049601,0.49971517882189942,0.5,-0.0100491731010659,-0.010100006886143223,-0.010048891142024801,0.0002848211781005805,2.8482117810058052e-07,6.0017041700811874e-07,2.107183254456511,2.0860078051768101,ABSTAIN,0,0.5,0.5,0.49971517882189942,0.5,-0.0100491731010659,-0.0090442814347083001,-0.0010145776486617259,True,,0,[],0,[],0,1485,0,0,,93e6e6f5e07d930286d0e907b4281f5f0a2bcab2d9e3415126086cf47119b4fb,0,0,0,False,False,abstain,fixed,none,standard,0.5,0.5,0.5,0.5,0.5,0.5
1486,numerical_frozen_W,2025-01-26,2025-01-27,bull,-0.0053206518456163001,0.49492455180255451,0.5,-0.0026653878686592192,-0.0026689463394474647,-0.00266032592280815,0.0050754481974454868,5.0754481974454868e-06,1.0587424554641858e-05,2.0860078051768101,2.0804477852789631,ABSTAIN,0,0.5,0.5,0.49492455180255451,0.5,-0.0026653878686592192,-0.0023993009105094999,-0.00026676249423328779,True,,0,[],0,[],0,1486,0,0,,95d52206edd11a6bae58610335c48c43840e04c471dcc4391f7b7fed9fcf40c8,0,0,0,False,False,abstain,fixed,none,standard,0.5,0.5,0.5,0.5,0.5,0.5
1487,numerical_frozen_W,2025-01-27,2025-01-28,bull,-0.0072718937974387996,0.4986662889324695,0.5,-0.0036372757604843375,-0.0036439067319609456,-0.0036359468987193998,0.0013337110675304964,1.3337110675304964e-06,2.7747162366458625e-06,2.0804477852789631,2.0728806229786145,ABSTAIN,0,0.49999999999999983,0.49999999999999983,0.4986662889324695,0.5,-0.0036372757604843375,-0.0032736679111221999,-0.0003648686467285756,True,,0,[],0,[],0,1487,0,0,,be2690ab5c66d81760d1e55e80817a28cf715a1d9d6c3db25f087a6f64d36799,0,0,0,False,False,abstain,fixed,none,standard,0.49999999999999983,0.5,0.49999999999999983,0.5,0.49999999999999983,0.5
1488,numerical_frozen_W,2025-01-28,2025-01-29,bull,0.023411113840943999,0.49817539237420189,0.5,0.011703710954797941,0.011635752261725044,0.011705556920472,0.0018246076257981136,1.8246076257981137e-06,3.7821937920559244e-06,2.0728806229786145,2.0971410186337578,ABSTAIN,0,0.49999999999999994,0.49999999999999994,0.49817539237420189,0.5,0.011703710954797941,0.010533176502735799,0.0011576631699775075,True,,0,[],0,[],0,1488,0,0,,084f3f14895a1c0b47be14ccb8443a8ce95f3b7c47c11d3a310b9ae759e2ba98,0,0,0,False,False,abstain,fixed,none,standard,0.49999999999999994,0.5,0.49999999999999994,0.5,0.49999999999999994,0.5
1489,numerical_frozen_W,2025-01-29,2025-01-30,bull,0.0096883978326680002,0.50578506109826193,0.5,0.0048383858312488481,0.0048267184615453278,0.0048441989163340001,0.0057850610982619344,5.7850610982619348e-06,1.213208892446756e-05,2.0971410186337578,2.1072877960244463,ABSTAIN,0,0.5,0.5,0.50578506109826193,0.5,0.0048383858312488481,0.0043540201817895002,0.0004821496013951267,True,,0,[],0,[],0,1489,0,0,,b6ce6a45730053af888a47fc03550a9ab9ac09c678f7b19f4d19611939fde895,0,0,0,False,False,abstain,fixed,none,standard,0.5,0.5,0.5,0.5,0.5,0.5
1490,numerical_frozen_W,2025-01-30,2025-01-31,bull,-0.021987665060266198,0.50241042289021443,0.5,-0.010996216453237673,-0.011057121738064854,-0.010993832530133099,0.0024104228902144254,2.4104228902144256e-06,5.0794547398068324e-06,2.1072877960244463,2.0841156032900954,ABSTAIN,0,0.49999999999999994,0.49999999999999994,0.50241042289021443,0.5,-0.010996216453237673,-0.0098968131240461995,-0.0011110096207112303,True,,0,[],0,[],0,1490,0,0,,ef0712795bf90e8d67f56114303df1d35fc0563be985a4320076806471026472,0,0,0,False,False,abstain,fixed,none,standard,0.49999999999999994,0.5,0.49999999999999994,0.5,0.49999999999999994,0.5
1491,numerical_frozen_W,2025-01-31,2025-02-01,bull,-0.0173416048160492,0.49444197979156279,0.5,-0.0086763122357380595,-0.0087141705723086504,-0.0086708024080246002,0.0055580202084372088,5.5580202084372092e-06,1.1583556639805656e-05,2.0841156032900954,2.0660331655805768,ABSTAIN,0,0.49999999999999994,0.49999999999999994,0.49444197979156279,0.5,-0.0086763122357380595,-0.0069808368901348996,-0.0017088536463821984,True,,0,[],0,[],0,1491,0,0,,7e22bb1d2264fe277812c1702982ec154b801ce82a8de1d658dad49ed902e5c4,0,0,0,False,False,abstain,fixed,none,standard,0.49999999999999994,0.5,0.49999999999999994,0.5,0.49999999999999994,0.5
1492,numerical_frozen_W,2025-02-01,2025-02-02,mix,-0.0294402273269216,0.49562667859017639,0.5,-0.014724422609082355,-0.014833902938564252,-0.0147201136634608,0.0043733214098236051,4.373321409823605e-06,9.0354270764391742e-06,2.0660331655805768,2.0356120201261882,ABSTAIN,0,0.5,0.5,0.49562667859017639,0.5,-0.014724422609082355,-0.0133015754254653,-0.0014430691572161515,True,,0,[],0,[],0,1492,0,0,,6ab00a26acbfc8fe06311b6ca9c8448da4b2ee106a9c9dd246061b97a7b6a3c1,0,0,0,False,False,abstain,fixed,none,standard,0.5,0.5,0.5,0.5,0.5,0.5
1493,numerical_frozen_W,2025-02-02,2025-02-03,mix,0.037387559387377298,0.4925299836789559,0.5,0.018686170034527994,0.018513728429186162,0.018693779693688649,0.007470016321044104,7.470016321044104e-06,1.5206055013656187e-05,2.0356120201261882,2.0736498124585951,ABSTAIN,0,0.49999999999999994,0.49999999999999994,0.4925299836789559,0.5,0.018686170034527994,0.0168168932041457,0.001836673586615243,True,,0,[],0,[],0,1493,0,0,,f8b43f848af76793731a5a18d10b65fd60a25962bcd065e97421b4bb2acce868,0,0,0,False,False,abstain,fixed,none,standard,0.49999999999999994,0.5,0.49999999999999994,0.5,0.49999999999999994,0.5
1494,numerical_frozen_W,2025-02-03,2025-02-04,mix,-0.034969423833916699,0.50917536754730641,0.5,-0.01749372685584738,-0.017648550379559355,-0.01748471191695835,0.0091753675473064122,9.175367547306412e-06,1.902649919371062e-05,2.0736498124585951,2.0373739490447655,ABSTAIN,0,0.49999999999999989,0.49999999999999989,0.50917536754730641,0.5,-0.01749372685584738,-0.015745197834152999,-0.0017780802196254442,True,,0,[],0,[],0,1494,0,0,,a0d6b76303b81a4720a38cff688cd62256470357e94c4caa04a755da04e09f81,0,0,0,False,False,abstain,fixed,none,standard,0.49999999999999989,0.5,0.49999999999999989,0.5,0.49999999999999989,0.5
1495,numerical_frozen_W,2025-02-04,2025-02-05,mix,-0.0122513380248563,0.49110206623294778,0.5,-0.0061345124403980877,-0.0061534058694523693,-0.0061256690124281499,0.0088979337670522241,8.897933767052224e-06,1.8128418457317957e-05,2.0373739490447655,2.0248756532086074,ABSTAIN,0,0.49999999999999989,0.49999999999999989,0.49110206623294778,0.5,-0.0061345124403980877,-0.0055218469387702,-0.00061625717858918103,True,,0,[],0,[],0,1495,0,0,,411607c2b2e3b8a571e638e25e4c95b17056e068af942913273d732e5fb3880e,0,0,0,False,False,abstain,fixed,none,standard,0.49999999999999989,0.5,0.49999999999999989,0.5,0.49999999999999989,0.5
1496,numerical_frozen_W,2025-02-05,2025-02-06,mix,-0.00027434046998140002,0.49691828794574999,0.5,-0.00014025152432572963,-0.00014026136049046962,-0.00013717023499070001,0.0030817120542500076,3.0817120542500077e-06,6.2400837088503241e-06,2.0248756532086074,2.0245916613116748,ABSTAIN,0,0.5,0.5,0.49691828794574999,0.5,-0.00014025152432572963,-0.0001265018507768,-1.3751507679689464e-05,True,,0,[],0,[],0,1496,0,0,,2e322d4230e74e31f4c518f77dcdb86e848fad768339b93144268d8c9c89e41f,0,0,0,False,False,abstain,fixed,none,standard,0.5,0.5,0.5,0.5,0.5,0.5
1497,numerical_frozen_W,2025-02-06,2025-02-07,mix,-0.000572648722983,0.49993140547337733,0.5,-0.0002863929363777773,-0.00028643395466653322,-0.0002863243614915,6.8594526622667296e-05,6.8594526622667301e-08,1.3887590661187387e-07,2.0245916613116748,2.0240118325608258,ABSTAIN,0,0.49999999999999983,0.49999999999999983,0.49993140547337733,0.5,-0.0002863929363777773,-0.00025775981549280001,-2.8640913402856738e-05,True,,0,[],0,[],0,1497,0,0,,ce8235a21488cce43f5c0029e0fa37b9c2ac7fac5b0e7352d9798ae630e33c51,0,0,0,False,False,abstain,fixed,none,standard,0.49999999999999983,0.5,0.49999999999999983,0.5,0.49999999999999983,0.5
1498,numerical_frozen_W,2025-02-07,2025-02-08,mix,-0.00067969765887669999,0.4998567968166942,0.5,-0.00033999198395429087,-0.00034004979433261556,-0.00033984882943835,0.00014320318330579562,1.4320318330579561e-07,2.8984493747130726e-07,2.0240118325608258,2.0233236847623264,ABSTAIN,0,0.49999999999999978,0.49999999999999978,0.4998567968166942,0.5,-0.00033999198395429087,-0.00030600567022429998,-3.3997294819615301e-05,True,,0,[],0,[],0,1498,0,0,,57c3c7360f8fc4129dfa8a21c0e1fd90843d669c9ddac0f7bf4cb89d6b5698dd,0,0,0,False,False,abstain,fixed,none,standard,0.49999999999999978,0.5,0.49999999999999978,0.5,0.49999999999999978,0.5
1499,numerical_frozen_W,2025-02-08,2025-02-09,mix,0.00022084462181139999,0.49983001781703496,0.5,0.00011025230995276303,0.00011024623261352775,0.0001104223109057,0.00016998218296504497,1.6998218296504498e-07,3.4392897678077875e-07,2.0233236847623264,2.0235467608723536,ABSTAIN,0,0.49999999999999989,0.49999999999999989,0.49983001781703496,0.5,0.00011025230995276303,9.9211786451558481e-05,1.1039367325765779e-05,True,,0,[],0,[],0,1499,0,0,,f1d62fbc175b2d8b26175a17921aeffe729b0bd5f179c6bb99ee36b15f9141bb,0,0,0,False,False,abstain,fixed,none,standard,0.49999999999999989,0.5,0.49999999999999989,0.5,0.49999999999999989,0.5
1500,numerical_frozen_W,2025-02-09,2025-02-10,mix,0.0100083757302849,0.50005520505958267,0.5,0.005004132383826132,0.0049916533272881649,0.0050041878651424501,5.5205059582674743e-05,5.5205059582674745e-08,1.1171001950228675e-07,2.0235467608723536,2.0336728567486215,ABSTAIN,0,0.49999999999999978,0.49999999999999978,0.50005520505958267,0.5,0.005004132383826132,0.0045037141788686003,0.00049805052133312065,True,,0,[],0,[],0,1500,0,0,,56fd0c7bf6a25d239457466951d48560fd4d9f44954b0d68d33c97d15a61eb05,0,0,0,False,False,abstain,fixed,none,standard,0.49999999999999978,0.5,0.49999999999999978,0.5,0.49999999999999978,0.5
1501,numerical_frozen_W,2025-02-10,2025-02-11,mix,-0.0170678413337342,0.50248963532966595,0.5,-0.0085363890558464162,-0.0085730327102545006,-0.0085339206668671001,0.0024896353296659512,2.4896353296659513e-06,5.063103793144051e-06,2.0336728567486215,2.0163126340311006,ABSTAIN,0,0.49999999999999989,0.49999999999999989,0.50248963532966595,0.5,-0.0085363890558464162,-0.0076829756270994998,-0.00086039097892199289,True,,0,[],0,[],0,1501,0,0,,02caf5020cdd2dabfe0864d5385210b10bbcac72491fd57a4765379b2af70ebc,0,0,0,False,False,abstain,fixed,none,standard,0.49999999999999989,0.5,0.49999999999999989,0.5,0.49999999999999989,0.5
1502,numerical_frozen_W,2025-02-11,2025-02-12,mix,0.022027383872271301,0.49569631233747952,0.5,0.011009340848983085,0.010949179213242654,0.011013691936135651,0.0043036876625204834,4.3036876625204834e-06,8.6775798068638266e-06,2.0163126340311006,2.03851090707726,ABSTAIN,0,0.5,0.5,0.49569631233747952,0.5,0.011009340848983085,0.0099080235592590004,0.001089918289726613,True,,0,[],0,[],0,1502,0,0,,ae97f030a9e8bdb93d718aa0b98a13c17833d891c387d5d9a4d5ca1789255318,0,0,0,False,False,abstain,fixed,none,standard,0.5,0.5,0.5,0.5,0.5,0.5
1503,numerical_frozen_W,2025-02-12,2025-02-13,mix,-0.012986137290779701,0.50544685597434591,0.5,-0.0064984801345545629,-0.0065196871822303989,-0.0064930686453898503,0.00544685597434591,5.4468559743459097e-06,1.1103475312983073e-05,2.03851090707726,2.0252636844435457,ABSTAIN,0,0.49999999999999989,0.49999999999999989,0.50544685597434591,0.5,-0.0064984801345545629,-0.0058491285027902004,-0.00065338552926808447,True,,0,[],0,[],0,1503,0,0,,2d92c082cd2d6046c7391acdbcf0279f2f6b02a9e6f5d5f097077ac05a954230,0,0,0,False,False,abstain,fixed,none,standard,0.49999999999999989,0.5,0.49999999999999989,0.5,0.49999999999999989,0.5
1504,numerical_frozen_W,2025-02-13,2025-02-14,mix,0.0092578216378809003,0.49673224793885601,0.5,0.0046256279407463907,0.004614962600440752,0.0046289108189404501,0.0032677520611439914,3.2677520611439913e-06,6.6180595792004701e-06,2.0252636844435457,2.0346318007296866,ABSTAIN,0,0.49999999999999983,0.49999999999999983,0.49673224793885601,0.5,0.0046256279407463907,0.0041627733068271998,0.00046082966411282403,True,,0,[],0,[],0,1504,0,0,,603053b7c4b29a463f4f52b922fe15c40db2bfe61846980256c9a811e46f8794,0,0,0,False,False,abstain,fixed,none,standard,0.49999999999999983,0.5,0.49999999999999983,0.5,0.49999999999999983,0.5
1505,numerical_frozen_W,2025-02-14,2025-02-15,mix,0.00070560773542970002,0.5023037913646976,0.5,0.000350499263563675,0.00035043785304593743,0.00035280386771485001,0.0023037913646976049,2.3037913646976048e-06,4.6873671728601909e-06,2.0346318007296866,2.0353449376774657,ABSTAIN,0,0.49999999999999983,0.49999999999999983,0.5023037913646976,0.5,0.000350499263563675,0.0003152409516051,3.5246579429538483e-05,True,,0,[],0,[],0,1505,0,0,,58329f295ead807968a208b85eae7095f7c6341503c378026d0fbbb6eb8ac435,0,0,0,False,False,abstain,fixed,none,standard,0.49999999999999983,0.5,0.49999999999999983,0.5,0.49999999999999983,0.5
1506,numerical_frozen_W,2025-02-15,2025-02-16,mix,-0.0147714438566247,0.500176339720522,0.5,-0.0073858969656366291,-0.0074133077548744677,-0.0073857219283123502,0.00017633972052200075,1.7633972052200075e-07,3.5891215747591337e-07,2.0353449376774657,2.0203120896782498,ABSTAIN,0,0.49999999999999989,0.49999999999999989,0.500176339720522,0.5,-0.0073858969656366291,-0.0066473231574856999,-0.00074379274586523769,True,,0,[],0,[],0,1506,0,0,,8a4160db3bb4f273a382cae8e7f9a591686dcd3a0be2c4a33c9b4aadc486d25d,0,0,0,False,False,abstain,fixed,none,standard,0.49999999999999989,0.5,0.49999999999999989,0.5,0.49999999999999989,0.5
1507,numerical_frozen_W,2025-02-16,2025-02-17,mix,-0.0036491452906989002,0.49627966165132126,0.5,-0.0018282861956705476,-0.0018299595507695876,-0.0018245726453494501,0.0037203383486787422,3.7203383486787423e-06,7.5162445435292792e-06,2.0203120896782498,2.0166183809737448,ABSTAIN,0,0.49999999999999978,0.49999999999999978,0.49627966165132126,0.5,-0.0018282861956705476,-0.0016457897336799,-0.00018281401738759213,True,,0,[],0,[],0,1507,0,0,,0bf05ff69dabc4e3220cc844685cd9fed5a9b06ca579bc9d5a28d62e66d8b876,0,0,0,False,False,abstain,fixed,none,standard,0.49999999999999978,0.5,0.49999999999999978,0.5,0.49999999999999978,0.5
1508,numerical_frozen_W,2025-02-17,2025-02-18,mix,-0.0014961166741316,0.49908604610204393,0.5,-0.00074897160727294132,-0.00074925222663322949,-0.00074805833706579998,0.00091395389795606574,9.1395389795606578e-07,1.8430962299808044e-06,2.0166183809737448,2.0151079910636907,ABSTAIN,0,0.49999999999999989,0.49999999999999989,0.49908604610204393,0.5,-0.00074897160727294132,-0.00067415654329940002,-7.4868337627920266e-05,True,,0,[],0,[],0,1508,0,0,,8681520f05c6fbddcd4eb6a0d97eb688ad4b4a8afba806566dbed40f8e9ebe0a,0,0,0,False,False,abstain,fixed,none,standard,0.49999999999999989,0.5,0.49999999999999989,0.5,0.49999999999999989,0.5
1509,numerical_frozen_W,2025-02-18,2025-02-19,mix,0.0105271963027249,0.4996256908263691,0.5,0.0052632218719756985,0.0052494195284211939,0.0052635981513624499,0.00037430917363090455,3.7430917363090454e-07,7.5427340691208223e-07,2.0151079910636907,2.02571395151665,ABSTAIN,0,0.49999999999999989,0.49999999999999989,0.4996256908263691,0.5,0.0052632218719756985,0.0047368660425549996,0.0005237371327664565,True,,0,[],0,[],0,1509,0,0,,db26107e711eedebab395e201df8b7cc54faa1238a68d0da7771c6005630ed2c,0,0,0,False,False,abstain,fixed,none,standard,0.49999999999999989,0.5,0.49999999999999989,0.5,0.49999999999999989,0.5
1510,numerical_frozen_W,2025-02-19,2025-02-20,mix,0.017233208615466001,0.50261801887636337,0.5,0.0086139637304238903,0.0085770752309451293,0.0086166043077330005,0.0026180188763633705,2.6180188763633704e-06,5.3033573631832229e-06,2.02571395151665,2.0431633780232281,ABSTAIN,0,0.49999999999999983,0.49999999999999983,0.50261801887636337,0.5,0.0086139637304238903,0.0077523305703711999,0.00085463957112697549,True,,0,[],0,[],0,1510,0,0,,a210f3500c96492ff0d72578992f3c882831f48775c49946f94e0be5969c8812,0,0,0,False,False,abstain,fixed,none,standard,0.49999999999999983,0.5,0.49999999999999983,0.5,0.49999999999999983,0.5
1511,numerical_frozen_W,2025-02-20,2025-02-21,mix,-0.0219173372474704,0.50427149635993107,0.5,-0.010962893310181965,-0.011023428660006315,-0.0109586686237352,0.0042714963599310707,4.271496359931071e-06,8.7273649319706909e-06,2.0431633780232281,2.0207643958946884,ABSTAIN,0,0.49999999999999989,0.49999999999999989,0.50427149635993107,0.5,-0.010962893310181965,-0.0098669924151979001,-0.0011074348779643792,True,,0,[],0,[],0,1511,0,0,,fbd406a49ed4b8e50cdb63a5327eb54c10583f19c8197ccc12ad7020d044d662,0,0,0,False,False,abstain,fixed,none,standard,0.49999999999999989,0.5,0.49999999999999989,0.5,0.49999999999999989,0.5
1512,numerical_frozen_W,2025-02-21,2025-02-22,mix,0.0041651240281376997,0.49445995416162941,0.5,0.0020770104307412662,0.0020748564266535323,0.0020825620140688499,0.0055400458383705886,5.5400458383705887e-06,1.1195127381803826e-05,2.0207643958946884,2.0249615446230322,ABSTAIN,0,0.49999999999999994,0.49999999999999994,0.49445995416162941,0.5,0.0020770104307412662,0.0018688169690682999,0.0002077835234619589,True,,0,[],0,[],0,1512,0,0,,ea15b78e77636905db065ca7cfdc7a0c9c55279b4bc4c32ce7821a084373ab8d,0,0,0,False,False,abstain,fixed,none,standard,0.49999999999999994,0.5,0.49999999999999994,0.5,0.49999999999999994,0.5
1513,numerical_frozen_W,2025-02-22,2025-02-23,mix,-0.0030790390249814002,0.50103911698148074,0.5,-0.0015405570297312154,-0.0015417449078649003,-0.0015395195124907001,0.0010391169814807366,1.0391169814807367e-06,2.1041719278632554e-06,2.0249615446230322,2.0218419758805277,ABSTAIN,0,0.49999999999999972,0.49999999999999972,0.50103911698148074,0.5,-0.0015405570297312154,-0.0013865950752256001,-0.00015418762011903215,True,,0,[],0,[],0,1513,0,0,,0aa9e8ee9069b85f25bc3d8b12906da94b7244cec44598ecbb3966ac34347e4e,0,0,0,False,False,abstain,fixed,none,standard,0.49999999999999972,0.5,0.49999999999999972,0.5,0.49999999999999972,0.5
1514,numerical_frozen_W,2025-02-23,2025-02-24,mix,-0.049349254301944298,0.49922905335635365,0.5,-0.024675379074794779,-0.024984918859351311,-0.024674627150972149,0.00077094664364635301,7.7094664364635306e-07,1.5587322852884036e-06,2.0218419758805277,1.9719522586963436,ABSTAIN,0,0.49999999999999989,0.49999999999999989,0.49922905335635365,0.5,-0.024675379074794779,-0.022207910608666798,-0.0025266997776745362,True,,0,[],0,[],0,1514,0,0,,87e0ecd0506deb5c13b6f6100d2fdd530465149853161c1d12a9619d37555d20,0,0,0,False,False,abstain,fixed,none,standard,0.49999999999999989,0.5,0.49999999999999989,0.5,0.49999999999999989,0.5
1515,numerical_frozen_W,2025-02-24,2025-02-25,mix,-0.0308441292338963,0.48735056636592211,0.5,-0.015434518970199429,-0.015554871149517374,-0.01542206461694815,0.012649433634077889,1.264943363407789e-05,2.4944079225949393e-05,1.9719522586963436,1.9415161241511674,ABSTAIN,0,0.49999999999999972,0.49999999999999972,0.48735056636592211,0.5,-0.015434518970199429,-0.013892176114887401,-0.0015652956442650402,True,,0,[],0,[],0,1515,0,0,,ad2c0fea49dc363cfafbcfa4477ccd108dabda089a629057c2764e2af3611890,0,0,0,False,False,abstain,fixed,none,standard,0.49999999999999972,0.5,0.49999999999999972,0.5,0.49999999999999972,0.5
1516,numerical_frozen_W,2025-02-25,2025-02-26,mix,-0.050439753737906698,0.4921681849335024,0.5,-0.025227511166608152,-0.025551179999685217,-0.025219876868953349,0.0078318150664976049,7.8318150664976051e-06,1.5205595232975147e-05,1.9415161241511674,1.8925365044489939,ABSTAIN,0,0.49999999999999989,0.49999999999999989,0.4921681849335024,0.5,-0.025227511166608152,-0.020217307518110499,-0.0051267057282736415,True,,0,[],0,[],0,1516,0,0,,0790bab571390d7522d93409bf020ee257343d8a1e1c8c5753fee139f0da22f0,0,0,0,False,False,abstain,fixed,none,standard,0.49999999999999989,0.5,0.49999999999999989,0.5,0.49999999999999989,0.5
1517,numerical_frozen_W,2025-02-26,2025-02-27,bear,0.0059599086598578002,0.48706381250986852,0.5,0.0029669795931908105,0.0029625867959857935,0.0029799543299289001,0.012936187490131479,1.2936187490131479e-05,2.4482207053470232e-05,1.8925365044489939,1.8981516216370626,ABSTAIN,0,0.49999999999999989,0.49999999999999989,0.48706381250986852,0.5,0.0029669795931908105,0.0023715792001932001,0.00059381535141032676,True,,0,[],0,[],0,1517,0,0,,141dbfcd652e62f0f5abc40477931ee1710e0efd81e010734c7df0e797e4ac6b,0,0,0,False,False,abstain,fixed,none,standard,0.49999999999999989,0.5,0.49999999999999989,0.5,0.49999999999999989,0.5
1518,numerical_frozen_W,2025-02-27,2025-02-28,bear,-0.0039355671867660003,0.50148555029293673,0.5,-0.0019692662204343625,-0.0019712077745345086,-0.0019677835933830001,0.0014855502929367326,1.4855502929367326e-06,2.8197996975612721e-06,1.8981516216370626,1.8944136557673101,ABSTAIN,0,0.49999999999999978,0.49999999999999978,0.50148555029293673,0.5,-0.0019692662204343625,-0.0015756516045413,-0.00039431352551571393,True,,0,[],0,[],0,1518,0,0,,e89ed4e541456c41da1da91b2a8cb15edc7e1f442f9bf88661d80bd3bf657ae0,0,0,0,False,False,abstain,fixed,none,standard,0.49999999999999978,0.5,0.49999999999999978,0.5,0.49999999999999978,0.5
1519,numerical_frozen_W,2025-02-28,2025-03-01,bear,0.020032898323323299,0.49901416829986311,0.5,0.010015453455428425,0.0099656311870366093,0.01001644916166165,0.00098583170013688548,9.8583170013688556e-07,1.8675730350276199e-06,1.8944136557673101,1.9133870675619757,ABSTAIN,0,0.5,0.5,0.49901416829986311,0.5,0.010015453455428425,0.0080122057232937995,0.00198535275869729,True,,0,[],0,[],0,1519,0,0,,6acebeec6f5d4d18d609eb47903e7ac24ce3d61280cd1162d9a690c139340667,0,0,0,False,False,abstain,fixed,none,standard,0.5,0.5,0.5,0.5,0.5,0.5
1520,numerical_frozen_W,2025-03-01,2025-03-02,bear,0.095194001273358503,0.5049585574422949,0.5,0.047591806066775266,0.046494011996904859,0.047597000636679251,0.0049585574422948975,4.9585574422948977e-06,9.4876396838502445e-06,1.9133870675619757,2.0044486138120612,ABSTAIN,0,0.49999999999999989,0.49999999999999989,0.5049585574422949,0.5,0.047591806066775266,0.038072649216119601,0.0091282400914612996,True,,0,[],0,[],0,1520,0,0,,05242cc6d642eb5eed09954c5cd5091c1b6db7699c741789e049a7c6e1e7878a,0,0,0,False,False,abstain,fixed,none,standard,0.49999999999999989,0.5,0.49999999999999989,0.5,0.49999999999999989,0.5
1521,numerical_frozen_W,2025-03-02,2025-03-03,mix,-0.085454744120570594,0.52271722838446089,0.5,-0.042749118641200345,-0.043689767905596137,-0.042727372060285297,0.022717228384460886,2.2717228384460885e-05,4.5535516944884635e-05,2.0044486138120612,1.9187602022100199,ABSTAIN,0,0.49999999999999989,0.49999999999999989,0.52271722838446089,0.5,-0.042749118641200345,-0.034203153883319702,-0.0088879967919031702,True,,0,[],0,[],0,1521,0,0,,e00eed25e69b7daf1444b0b6a7c26fc8fbe7fceb5c9ee4c175e03790c0798bfd,0,0,0,False,False,abstain,fixed,none,standard,0.49999999999999989,0.5,0.49999999999999989,0.5,0.49999999999999989,0.5
1522,numerical_frozen_W,2025-03-03,2025-03-04,bear,0.0122561614296303,0.47768275681701822,0.5,0.0061056267097645556,0.0060870628951649073,0.0061280807148151499,0.022317243182981783,2.2317243182981785e-05,4.2821438042548315e-05,1.9187602022100199,1.9304754357502667,ABSTAIN,0,0.49999999999999989,0.49999999999999989,0.47768275681701822,0.5,0.0061056267097645556,0.0048811254771880998,0.0012178114873997673,True,,0,[],0,[],0,1522,0,0,,0bad72d1e27f9b4c9ee96fe6da1403a287e068b4f582325ced5999d8008168a9,0,0,0,False,False,abstain,fixed,none,standard,0.49999999999999989,0.5,0.49999999999999989,0.5,0.49999999999999989,0.5
1523,numerical_frozen_W,2025-03-04,2025-03-05,bear,0.038335531585503103,0.50304537803500193,0.5,0.019164662041623703,0.018983332983511316,0.019167765792751552,0.0030453780350019333,3.0453780350019335e-06,5.8790274891446479e-06,1.9304754357502667,1.9674723450560767,ABSTAIN,0,0.49999999999999989,0.49999999999999989,0.50304537803500193,0.5,0.019164662041623703,0.015331240620389999,0.003768428290042921,True,,0,[],0,[],0,1523,0,0,,dc1de2435e63b1d47d93e63b0fa69874d1e99718ea1cced5d8474fe5a116e500,0,0,0,False,False,abstain,fixed,none,standard,0.49999999999999989,0.5,0.49999999999999989,0.5,0.49999999999999989,0.5
1524,numerical_frozen_W,2025-03-05,2025-03-06,bear,-0.0075133785151364997,0.50940363620009221,0.5,-0.0037660575672291419,-0.0037731670173745359,-0.0037566892575682498,0.0094036362000922136,9.403636200092214e-06,1.8501394166649642e-05,1.9674723450560767,1.9600627309426641,ABSTAIN,0,0.49999999999999989,0.49999999999999989,0.50940363620009221,0.5,-0.0037660575672291419,-0.0030143857482916999,-0.00075422885757838766,True,,0,[],0,[],0,1524,0,0,,bca985faff16aa4a2c067655e253683399b43bd65139ea205dd8d23ca8cb94ac,0,0,0,False,False,abstain,fixed,none,standard,0.49999999999999989,0.5,0.49999999999999989,0.5,0.49999999999999989,0.5
1525,numerical_frozen_W,2025-03-06,2025-03-07,bear,-0.037803469107948399,0.49811457240562618,0.5,-0.01890358434371664,-0.019084541212306922,-0.0189017345539742,0.001885427594373823,1.8854275943738231e-06,3.6955563596230135e-06,1.9600627309426641,1.9230105197893139,ABSTAIN,0,0.5,0.5,0.49811457240562618,0.5,-0.01890358434371664,-0.0151231689403968,-0.0038458509739898658,True,,0,[],0,[],0,1525,0,0,,fa222dc939fe00cab01e79d48453f05e75f8fd430b83db2bfe58b714c238173b,0,0,0,False,False,abstain,fixed,none,standard,0.5,0.5,0.5,0.5,0.5,0.5
1526,numerical_frozen_W,2025-03-07,2025-03-08,bear,-0.0035744332680004002,0.49036705332193142,0.5,-0.0017968323645157769,-0.0017984486041535007,-0.0017872166340002001,0.0096329466780685769,9.6329466780685765e-06,1.8524257798495398e-05,1.9230105197893139,1.9195551922500522,ABSTAIN,0,0.5,0.5,0.49036705332193142,0.5,-0.0017968323645157769,-0.0014389722687556999,-0.00035844002053113562,True,,0,[],0,[],0,1526,0,0,,034613c199f0a820e42f13a863fb0c64a245f6b17c7fd57ada6b88addfc26ecc,0,0,0,False,False,abstain,fixed,none,standard,0.5,0.5,0.5,0.5,0.5,0.5
1527,numerical_frozen_W,2025-03-08,2025-03-09,bear,-0.064140317019225804,0.49910479175192801,0.5,-0.032071025008390541,-0.032596567340038275,-0.032070158509612902,0.00089520824807198807,8.9520824807198804e-07,1.7184016407316577e-06,1.9195551922500522,1.8579930896744148,ABSTAIN,0,0.49999999999999989,0.49999999999999989,0.49910479175192801,0.5,-0.032071025008390541,-0.025656963859001,-0.0066047231582257032,True,,0,[],0,[],0,1527,0,0,,09aa009aa866ede4fd12507c2050840c7495771fd3322f33535f955d1f6cbe09,0,0,0,False,False,abstain,fixed,none,standard,0.49999999999999989,0.5,0.49999999999999989,0.5,0.49999999999999989,0.5
1528,numerical_frozen_W,2025-03-09,2025-03-10,bear,-0.026219581716064699,0.48343363478688067,0.5,-0.013126140041662127,-0.013213049176608595,-0.01310979085803235,0.016566365213119327,1.6566365213119326e-05,3.0780192086998326e-05,1.8579930896744148,1.8336048121829078,ABSTAIN,0,0.49999999999999994,0.49999999999999994,0.48343363478688067,0.5,-0.013126140041662127,-0.010503466006657599,-0.0026540324450475411,True,,0,[],0,[],0,1528,0,0,,4aecb24a246c4c7807286deeaa9ec13c83eef49d931c7d47ac0a4013ac9e9db9,0,0,0,False,False,abstain,fixed,none,standard,0.49999999999999994,0.5,0.49999999999999994,0.5,0.49999999999999994,0.5
1529,numerical_frozen_W,2025-03-10,2025-03-11,bear,0.055299398416053899,0.49335802972985698,0.5,0.02764287358927664,0.027267707443659847,0.02764969920802695,0.0066419702701430161,6.6419702701430165e-06,1.2178748649710043e-05,1.8336048121829078,1.8842909182187693,ABSTAIN,0,0.49999999999999989,0.49999999999999989,0.49335802972985698,0.5,0.02764287358927664,0.022113259302222601,0.0053954005673151166,True,,0,[],0,[],0,1529,0,0,,068fe363ada18c4f3cab9dc9e2ca1479695d3245055fef3e8f4f945199b6e1ab,0,0,0,False,False,abstain,fixed,none,standard,0.49999999999999989,0.5,0.49999999999999989,0.5,0.49999999999999989,0.5
1530,numerical_frozen_W,2025-03-11,2025-03-12,bear,0.0089627368667322006,0.51345288147767465,0.5,0.0044678552645698311,0.0044579040286821412,0.0044813684333661003,0.01345288147767465,1.345288147767465e-05,2.5349142392255841e-05,1.8842909182187693,1.892709657317714,ABSTAIN,0,0.49999999999999989,0.49999999999999989,0.51345288147767465,0.5,0.0044678552645698311,0.0035720635569934998,0.00089220513855633315,True,,0,[],0,[],0,1530,0,0,,961bbcae4ddb8facde57eb66a146ec97d9f997442c7c973ee25d3c59e86b458e,0,0,0,False,False,abstain,fixed,none,standard,0.49999999999999989,0.5,0.49999999999999989,0.5,0.49999999999999989,0.5
1531,numerical_frozen_W,2025-03-12,2025-03-13,bear,-0.030647480466578999,0.50223068768331436,0.5,-0.01532593673849425,-0.015444592811739735,-0.015323740233289499,0.0022306876833143585,2.2306876833143585e-06,4.2220441206687651e-06,1.892709657317714,1.8637021088453256,ABSTAIN,0,0.50000000000000011,0.50000000000000011,0.50223068768331436,0.5,-0.01532593673849425,-0.012261109283697001,-0.0031076959976698831,True,,0,[],0,[],0,1531,0,0,,beeb6831a85cebfcd767d9f0d1706e9c079331b69fccded4c5f712d4cfd7ad4b,0,0,0,False,False,abstain,fixed,none,standard,0.50000000000000011,0.5,0.50000000000000011,0.5,0.50000000000000011,0.5
1532,numerical_frozen_W,2025-03-13,2025-03-14,bear,0.035473402038466099,0.49221889423996068,0.5,0.017728781902326629,0.017573460138750847,0.01773670101923305,0.0077811057600393196,7.7811057600393206e-06,1.4501663214133791e-05,1.8637021088453256,1.8967432770639505,ABSTAIN,0,0.5,0.5,0.49221889423996068,0.5,0.017728781902326629,0.0141818084675433,0.003491272750314172,True,,0,[],0,[],0,1532,0,0,,09f11139b745e06cee6ec58d48f861beb1046ca82f1b66cd36391c05327d1521,0,0,0,False,False,abstain,fixed,none,standard,0.5,0.5,0.5,0.5,0.5,0.5
1533,numerical_frozen_W,2025-03-14,2025-03-15,bear,0.0043368966063365997,0.50871379650624282,0.5,0.002159715611244728,0.0021573867779596215,0.0021684483031682998,0.0087137965062428213,8.7137965062428208e-06,1.6527834940919412e-05,1.8967432770639505,1.9008397031299491,ABSTAIN,0,0.49999999999999983,0.49999999999999983,0.50871379650624282,0.5,0.002159715611244728,0.0017263495762513,0.00043252563035214159,True,,0,[],0,[],0,1533,0,0,,44f32c90756672a42d381020465e92abfbcf4a33a6223a7071fd0ed8f8f33f3a,0,0,0,False,False,abstain,fixed,none,standard,0.49999999999999983,0.5,0.49999999999999983,0.5,0.49999999999999983,0.5
1534,numerical_frozen_W,2025-03-15,2025-03-16,bear,-0.0209019780344861,0.50108187815473526,0.5,-0.010452059588701101,-0.010507065986003884,-0.01045098901724305,0.0010818781547352607,1.0818781547352607e-06,2.0564769504697502e-06,1.9008397031299491,1.880972013284266,ABSTAIN,0,0.49999999999999983,0.49999999999999983,0.50108187815473526,0.5,-0.010452059588701101,-0.0083618215791717004,-0.0021100882599784203,True,,0,[],0,[],0,1534,0,0,,e0249bdb49de7431dbe94b65c8ebab9f7f23a5e021b9a1dd513bb69c79c56feb,0,0,0,False,False,abstain,fixed,none,standard,0.49999999999999983,0.5,0.49999999999999983,0.5,0.49999999999999983,0.5
1535,numerical_frozen_W,2025-03-16,2025-03-17,bear,0.017446450887883502,0.4947193171327291,0.5,0.008717898696487314,0.0086801172421195807,0.0087232254439417508,0.0052806828672709027,5.2806828672709031e-06,9.9328166843662816e-06,1.880972013284266,1.8973701367470059,ABSTAIN,0,0.50000000000000011,0.50000000000000011,0.4947193171327291,0.5,0.008717898696487314,0.0069734862820715997,0.0017308332643634836,True,,0,[],0,[],0,1535,0,0,,1340b9ddf5fab5fd58e2cac22f86bc3d54b9ba9d4fe8b068407da728075f787c,0,0,0,False,False,abstain,fixed,none,standard,0.50000000000000011,0.5,0.50000000000000011,0.5,0.50000000000000011,0.5
1536,numerical_frozen_W,2025-03-17,2025-03-18,bear,-0.0154726722852304,0.50432389441618275,0.5,-0.0077406265859306655,-0.0077707407381650689,-0.0077363361426151999,0.0043238944161827497,4.3238944161827502e-06,8.2040281397122804e-06,1.8973701367470059,1.8826833030231511,ABSTAIN,0,0.49999999999999994,0.49999999999999994,0.50432389441618275,0.5,-0.0077406265859306655,-0.0061932013095030002,-0.001558282006198136,True,,0,[],0,[],0,1536,0,0,,89fa8843cde7eabc86cd9e45fad23b1f179a43c15bf92169249c73dbca76d8c7,0,0,0,False,False,abstain,fixed,none,standard,0.49999999999999994,0.5,0.49999999999999994,0.5,0.49999999999999994,0.5
1537,numerical_frozen_W,2025-03-18,2025-03-19,bear,0.049830087609753902,0.49610167316187886,0.5,0.024911048351054843,0.02460582672805563,0.024915043804876951,0.0038983268381211356,3.8983268381211356e-06,7.3393148478576966e-06,1.8826833030231511,1.9295829178144845,ABSTAIN,0,0.49999999999999989,0.49999999999999989,0.49610167316187886,0.5,0.024911048351054843,0.0199282239992923,0.0048735705360087901,True,,0,[],0,[],0,1537,0,0,,c5b93ae8ac2a53aaae22f841800b3b64b9b5c52f37a5d2e8ff1d237ccb31068c,0,0,0,False,False,abstain,fixed,none,standard,0.49999999999999989,0.5,0.49999999999999989,0.5,0.49999999999999989,0.5
1538,numerical_frozen_W,2025-03-19,2025-03-20,bear,-0.030318628297693301,0.51215468733505121,0.5,-0.015171284579458044,-0.015287545905253466,-0.01515931414884665,0.012154687335051206,1.2154687335051206e-05,2.3453477053090869e-05,1.9295829178144845,1.9003086662486599,ABSTAIN,0,0.49999999999999989,0.49999999999999989,0.51215468733505121,0.5,-0.015171284579458044,-0.0121390346263464,-0.0030742314625121624,True,,0,[],0,[],0,1538,0,0,,76b97970f530e58b86901c5bfe00f8268b20414e48c2a3fe7abea7c2d8bc1b9e,0,0,0,False,False,abstain,fixed,none,standard,0.49999999999999989,0.5,0.49999999999999989,0.5,0.49999999999999989,0.5
1539,numerical_frozen_W,2025-03-20,2025-03-21,bear,-0.0016007961229382,0.49230367186965618,0.5,-0.00080808822947342485,-0.00080841490876905038,-0.00080039806146910001,0.0076963281303438213,7.6963281303438213e-06,1.462539904438571e-05,1.9003086662486599,1.8987730491830981,ABSTAIN,0,0.49999999999999994,0.49999999999999994,0.49230367186965618,0.5,-0.00080808822947342485,-0.00064767953188029997,-0.00016052554189196187,True,,0,[],0,[],0,1539,0,0,,6938b75ab8a1dcba31e1d167426f0ab65495f6ea9b9946296aaf4663d22dc70b,0,0,0,False,False,abstain,fixed,none,standard,0.49999999999999994,0.5,0.49999999999999994,0.5,0.49999999999999994,0.5
1540,numerical_frozen_W,2025-03-21,2025-03-22,bear,-0.0027690122785711002,0.49959948039414936,0.5,-0.0013849061043694766,-0.0013858659731495449,-0.0013845061392855501,0.00040051960585063551,4.0051960585063552e-07,7.6049583325862381e-07,1.8987730491830981,1.8961434267964721,ABSTAIN,0,0.49999999999999989,0.49999999999999989,0.49959948039414936,0.5,-0.0013849061043694766,-0.0011079889228555,-0.00027726277678671233,True,,0,[],0,[],0,1540,0,0,,2e2d209c4cf07f7ee97bda798d9391b56f94914ecca08989a30353cee1148e2f,0,0,0,False,False,abstain,fixed,none,standard,0.49999999999999989,0.5,0.49999999999999989,0.5,0.49999999999999989,0.5
1541,numerical_frozen_W,2025-03-22,2025-03-23,bear,0.0266804229459509,0.49930678717294236,0.5,0.013339509012542772,0.013251321151722206,0.01334021147297545,0.0006932128270576432,6.9321282705764317e-07,1.3144309453963498e-06,1.8961434267964721,1.9214370491272974,ABSTAIN,0,0.5,0.5,0.49930678717294236,0.5,0.013339509012542772,0.0106714967783518,0.0026363629168735976,True,,0,[],0,[],0,1541,0,0,,12d5166042e05c52cdea23f36a7383a176040defe7a88400a47b1d786d3c12c9,0,0,0,False,False,abstain,fixed,none,standard,0.5,0.5,0.5,0.5,0.5,0.5
1542,numerical_frozen_W,2025-03-23,2025-03-24,bear,0.016410811664850401,0.50658229650907882,0.5,0.0081987695255019144,0.008165342198977266,0.0082054058324252006,0.0065822965090788221,6.5822965090788219e-06,1.2647468380885324e-05,1.9214370491272974,1.9371904686508525,ABSTAIN,0,0.49999999999999978,0.49999999999999978,0.50658229650907882,0.5,0.0081987695255019144,0.0065579473904459999,0.0016288045936648744,True,,0,[],0,[],0,1542,0,0,,fd11ebf1267f9ecac38bf3f3a0696d21507c14d0c35e2082f910d151bd8111ca,0,0,0,False,False,abstain,fixed,none,standard,0.49999999999999978,0.5,0.49999999999999978,0.5,0.49999999999999978,0.5
1543,numerical_frozen_W,2025-03-24,2025-03-25,bear,-0.00098296948222650004,0.5040693125552379,0.5,-0.00049555205366347277,-0.00049567488016204306,-0.00049148474111325002,0.0040693125552379028,4.0693125552379028e-06,7.8830334959681119e-06,1.9371904686508525,1.9362304899357754,ABSTAIN,0,0.49999999999999989,0.49999999999999989,0.5040693125552379,0.5,-0.00049555205366347277,-0.00039709916357570001,-9.8496851834711167e-05,True,,0,[],0,[],0,1543,0,0,,243f531cfb1574c99d79227c3b2bdf547a45fa6cf24250f4b243c6a327e51c16,0,0,0,False,False,abstain,fixed,none,standard,0.49999999999999989,0.5,0.49999999999999989,0.5,0.49999999999999989,0.5
1544,numerical_frozen_W,2025-03-25,2025-03-26,bear,-0.0056290329962014997,0.49975413679142794,0.5,-0.0028147616693232624,-0.002818730560355281,-0.0028145164981007499,0.00024586320857206134,2.4586320857206133e-07,4.760478407906641e-07,1.9362304899357754,1.9307804625697291,ABSTAIN,0,0.5,0.5,0.49975413679142794,0.5,-0.0028147616693232624,-0.0022518486725576999,-0.00056434266389402245,True,,0,[],0,[],0,1544,0,0,,af67c947d3097aff93592fd82f5d77f1a8df593a9931ddf1fec820e254c81614,0,0,0,False,False,abstain,fixed,none,standard,0.5,0.5,0.5,0.5,0.5,0.5
1545,numerical_frozen_W,2025-03-26,2025-03-27,bear,0.0036381627393224001,0.49858876982032629,0.5,0.0018176675723389213,0.0018160176137187833,0.0018190813696612,0.0014112301796737059,1.4112301796737059e-06,2.72477565910276e-06,1.9307804625697291,1.9342899796058477,ABSTAIN,0,0.5,0.5,0.49858876982032629,0.5,0.0018176675723389213,0.0014539091086349001,0.00036316440759835179,True,,0,[],0,[],0,1545,0,0,,53c572c84628df10d5a97d0e536a824c559d7c6e17eff51e107831565813b7e6,0,0,0,False,False,abstain,fixed,none,standard,0.5,0.5,0.5,0.5,0.5,0.5
1546,numerical_frozen_W,2025-03-27,2025-03-28,mix,-0.032303773321013099,0.50090788916057294,0.5,-0.016152779885544311,-0.016284658095929074,-0.016151886660506549,0.00090788916057293889,9.0788916057293889e-07,1.7561209058890002e-06,1.9342899796058477,1.9030458193304605,ABSTAIN,0,0.5,0.5,0.50090788916057294,0.5,-0.016152779885544311,-0.012922369952493599,-0.0032780679847271357,True,,0,[],0,[],0,1546,0,0,,7b0f1357c2e121d6c960653d31d928956a00cf2ed9a6401142b0dd63dbf6b559,0,0,0,False,False,abstain,fixed,none,standard,0.5,0.5,0.5,0.5,0.5,0.5
1547,numerical_frozen_W,2025-03-28,2025-03-29,bear,-0.020906191654108799,0.49179147347974178,0.5,-0.010461218549060458,-0.010516321730341154,-0.0104530958270544,0.0082085265202582192,8.2085265202582196e-06,1.5621202077240617e-05,1.9030458193304605,1.8831376411055687,ABSTAIN,0,0.49999999999999989,0.49999999999999989,0.49179147347974178,0.5,-0.010461218549060458,-0.0083702653756896998,-0.0021108289706558304,True,,0,[],0,[],0,1547,0,0,,4518acec3a98a682331cb356fde275e30a96212a9a5591816d5f8023cc147f50,0,0,0,False,False,abstain,fixed,none,standard,0.49999999999999989,0.5,0.49999999999999989,0.5,0.49999999999999989,0.5
1548,numerical_frozen_W,2025-03-29,2025-03-30,bear,-0.0033165669841259998,0.49471824135724474,0.5,-0.0016635564920526313,-0.0016649417386575764,-0.0016582834920629999,0.0052817586427552632,5.2817586427552634e-06,9.9462785114070972e-06,1.8831376411055687,1.8800049352572787,ABSTAIN,0,0.49999999999999994,0.49999999999999994,0.49471824135724474,0.5,-0.0016635564920526313,-0.0013316798796296,-0.00033237438540239411,True,,0,[],0,[],0,1548,0,0,,2d0505d1660deb44aca50bf7f6f77962c16d0cd17d9b2b0591043e02e40d72df,0,0,0,False,False,abstain,fixed,none,standard,0.49999999999999994,0.5,0.49999999999999994,0.5,0.49999999999999994,0.5
1549,numerical_frozen_W,2025-03-30,2025-03-31,bear,0.0021512268791670001,0.49916948101805092,0.5,0.0010747820272842823,0.0010742048625950002,0.0010756134395835,0.00083051898194907992,8.3051898194907994e-07,1.5613797848891211e-06,1.8800049352572787,1.882025530772899,ABSTAIN,0,0.49999999999999989,0.49999999999999989,0.49916948101805092,0.5,0.0010747820272842823,0.00085969303238469998,0.00021488115461001424,True,,0,[],0,[],0,1549,0,0,,01acabd114f54d65f53dc89861d047d20c6dd7aed7b1a783d7bcd9110110f7f8,0,0,0,False,False,abstain,fixed,none,standard,0.49999999999999989,0.5,0.49999999999999989,0.5,0.49999999999999989,0.5
1550,numerical_frozen_W,2025-03-31,2025-04-01,bear,0.031683077161630303,0.50053722886919993,0.5,0.015840992841414048,0.015716833799556264,0.015841538580815152,0.00053722886919993496,5.3722886919993495e-07,1.0110784477025319e-06,1.882025530772899,1.9118386837332311,ABSTAIN,0,0.49999999999999978,0.49999999999999978,0.50053722886919993,0.5,0.015840992841414048,0.012672708476592499,0.0031237520742996537,True,,0,[],0,[],0,1550,0,0,,6054f19134b4052f111ae3a841ac55f5607d74e65abc14e376ee4efe13a7934e,0,0,0,False,False,abstain,fixed,none,standard,0.49999999999999978,0.5,0.49999999999999978,0.5,0.49999999999999978,0.5
1551,numerical_frozen_W,2025-04-01,2025-04-02,bear,-0.0309895472510749,0.50779724887158417,0.5,-0.015502450057802819,-0.015623869537645973,-0.01549477362553745,0.0077972488715841726,7.7972488715841719e-06,1.4907082019389906e-05,1.9118386837332311,1.8822005000200812,ABSTAIN,0,0.49999999999999994,0.49999999999999994,0.50779724887158417,0.5,-0.015502450057802819,-0.0124032346010183,-0.003143072807502055,True,,0,[],0,[],0,1551,0,0,,b8eaa521f6229e60f75aaf6c0456ebcf5135b0180f2d3b6e612702c907a3c523,0,0,0,False,False,abstain,fixed,none,standard,0.49999999999999994,0.5,0.49999999999999994,0.5,0.49999999999999994,0.5
1552,numerical_frozen_W,2025-04-02,2025-04-03,mix,0.0076873674644046004,0.49213067985296605,0.5,0.0038357841648772872,0.0038284463031144169,0.0038436837322023002,0.0078693201470339535,7.869320147033953e-06,1.4811638315565407e-05,1.8822005000200812,1.8894202148931825,ABSTAIN,0,0.49999999999999989,0.49999999999999989,0.49213067985296605,0.5,0.0038357841648772872,0.0030673929865233998,0.00076574816827122954,True,,0,[],0,[],0,1552,0,0,,cf9c7c3d4a81c3ecd70b41c1933abcb2974912b0dc603cbfbd02d3de5b002517,0,0,0,False,False,abstain,fixed,none,standard,0.49999999999999989,0.5,0.49999999999999989,0.5,0.49999999999999989,0.5
1553,numerical_frozen_W,2025-04-03,2025-04-04,mix,0.0085053523714696995,0.50191448319817678,0.5,0.004250753560859577,0.0042417446287525123,0.0042526761857348497,0.0019144831981767751,1.9144831981767752e-06,3.6172632557085497e-06,1.8894202148931825,1.8974516745995997,ABSTAIN,0,0.49999999999999989,0.49999999999999989,0.50191448319817678,0.5,0.004250753560859577,0.0034002953785844999,0.00084721718307997516,True,,0,[],0,[],0,1553,0,0,,393094b3d0b55d1f582938ab79859e50bf412598d03421bcdef653be8651bbbe,0,0,0,False,False,abstain,fixed,none,standard,0.49999999999999989,0.5,0.49999999999999989,0.5,0.49999999999999989,0.5
1554,numerical_frozen_W,2025-04-04,2025-04-05,mix,-0.0037511908779049,0.50211733375801748,0.5,-0.0018777088014488852,-0.0018794739065353993,-0.00187559543895245,0.0021173337580174811,2.1173337580174814e-06,4.0175384848365335e-06,1.8974516745995997,1.8938888128898801,ABSTAIN,0,0.5,0.5,0.50211733375801748,0.5,-0.0018777088014488852,-0.0015025076620259999,-0.00037583634794485549,True,,0,[],0,[],0,1554,0,0,,3d1739680299d42444541172e606e4639522e4804635a9b73fd85dd1de23b2ab,0,0,0,False,False,abstain,fixed,none,standard,0.5,0.5,0.5,0.5,0.5,0.5
1555,numerical_frozen_W,2025-04-05,2025-04-06,mix,-0.061767448095260302,0.49906044004615974,0.5,-0.030884634590473636,-0.0313716180278098,-0.030883724047630151,0.00093955995384026325,9.3955995384026332e-07,1.7794220856174068e-06,1.8938888128898801,1.8353967489487903,ABSTAIN,0,0.49999999999999989,0.49999999999999989,0.49906044004615974,0.5,-0.030884634590473636,-0.024707858600033699,-0.0063533973678493276,True,,0,[],0,[],0,1555,0,0,,abab06c151fcd186ba57bf3c73f0bfb3f1ff04368a43d1a1679276341a14338c,0,0,0,False,False,abstain,fixed,none,standard,0.49999999999999989,0.5,0.49999999999999989,0.5,0.49999999999999989,0.5
1556,numerical_frozen_W,2025-04-06,2025-04-07,bear,0.0098378263914489002,0.48406603788731123,0.5,0.0049029008558352238,0.0048909207795609809,0.0049189131957244501,0.015933962112688771,1.5933962112688772e-05,2.9245142259502168e-05,1.8353967489487903,1.8443955172400086,ABSTAIN,0,0.49999999999999983,0.49999999999999983,0.48406603788731123,0.5,0.0049029008558352238,0.0039198710167906003,0.00097871243922309677,True,,0,[],0,[],0,1556,0,0,,e8619174ddac3de24e4ef33910e7f407e63ad07218d46df57d3bd290c52e928e,0,0,0,False,False,abstain,fixed,none,standard,0.49999999999999983,0.5,0.49999999999999983,0.5,0.49999999999999983,0.5
1557,numerical_frozen_W,2025-04-07,2025-04-08,bear,-0.036001894836570299,0.50244741796135672,0.5,-0.018003350780404492,-0.018167382833497305,-0.018000947418285149,0.0024474179613567237,2.4474179613567236e-06,4.5140067167390215e-06,1.8443955172400086,1.8111902177653312,ABSTAIN,0,0.5,0.5,0.50244741796135672,0.5,-0.018003350780404492,-0.0144030758901867,-0.0036595757956050575,True,,0,[],0,[],0,1557,0,0,,ba2331d413a8c18c2ffe01cc75bdb01be8dfe6f22453885396d8606a16bbf0e8,0,0,0,False,False,abstain,fixed,none,standard,0.5,0.5,0.5,0.5,0.5,0.5
1558,numerical_frozen_W,2025-04-08,2025-04-09,bear,0.082483210483210501,0.49083453931500243,0.5,0.041232061782608742,0.04040468677079144,0.04124160524160525,0.0091654606849975728,9.1654606849975734e-06,1.6600392733980337e-05,1.8111902177653312,1.8858693247242879,ABSTAIN,0,0.49999999999999983,0.49999999999999983,0.49083453931500243,0.5,0.041232061782608742,0.032984228249083702,0.0079527646597356005,True,,0,[],0,[],0,1558,0,0,,cd95cd9555298ec27a9fe44c319dd4c87b61157accbf503818f9b3c34a319522,0,0,0,False,False,abstain,fixed,none,standard,0.49999999999999983,0.5,0.49999999999999983,0.5,0.49999999999999983,0.5
1559,numerical_frozen_W,2025-04-09,2025-04-10,mix,-0.0363104821625286,0.51980405173688571,0.5,-0.018174685585667483,-0.018341874013319603,-0.0181552410812643,0.019804051736885708,1.9804051736885709e-05,3.7347853675845515e-05,1.8858693247242879,1.8515942426917689,ABSTAIN,0,0.5,0.5,0.51980405173688571,0.5,-0.018174685585667483,-0.014543078224985,-0.0036920086188522248,True,,0,[],0,[],0,1559,0,0,,54834d3174802f879ddfed52413d3ce77c7d5d48913e94040435c57bb714204e,0,0,0,False,False,abstain,fixed,none,standard,0.5,0.5,0.5,0.5,0.5,0.5
1560,numerical_frozen_W,2025-04-10,2025-04-11,bear,0.0478045410294256,0.49075452564351524,0.5,0.02389280405252725,0.023611837595157729,0.0239022705147128,0.0092454743564847619,9.2454743564847616e-06,1.7118867089421573e-05,1.8515942426917689,1.8958340211171909,ABSTAIN,0,0.5,0.5,0.49075452564351524,0.5,0.02389280405252725,0.019112804365990398,0.0046793884353643796,True,,0,[],0,[],0,1560,0,0,,1de2150d9f107bbcca20d71421e5d65d7fe938e68c4e770af064695330e15341,0,0,0,False,False,abstain,fixed,none,standard,0.5,0.5,0.5,0.5,0.5,0.5
1561,numerical_frozen_W,2025-04-11,2025-04-12,mix,0.022533630808589899,0.51167214450198328,0.5,0.011255011751895472,0.011192145375213489,0.011266815404294949,0.011672144501983284,1.1672144501983283e-05,2.212844864625588e-05,1.8958340211171909,1.9171716553045082,ABSTAIN,0,0.5,0.5,0.51167214450198328,0.5,0.011255011751895472,0.0090020930317310996,0.002230329643424192,True,,0,[],0,[],0,1561,0,0,,55c6df825f6289b7f7744a61f02988305472f826845393915f6aa36945b47777,0,0,0,False,False,abstain,fixed,none,standard,0.5,0.5,0.5,0.5,0.5,0.5
1562,numerical_frozen_W,2025-04-12,2025-04-13,mix,-0.018270027798393099,0.50557064428134657,0.5,-0.0091405336555649974,-0.0091825646532006592,-0.0091350138991965497,0.0055706442813465706,5.5706442813465708e-06,1.0679881317981797e-05,1.9171716553045082,1.8996476832657021,ABSTAIN,0,0.49999999999999983,0.49999999999999983,0.50557064428134657,0.5,-0.0091405336555649974,-0.0073133317116008999,-0.0018423594277929946,True,,0,[],0,[],0,1562,0,0,,d43f0887a73b357491c6156dff99d82bbc0ae14c0832d5f9790be30826f0db7b,0,0,0,False,False,abstain,fixed,none,standard,0.49999999999999983,0.5,0.49999999999999983,0.5,0.49999999999999983,0.5
1563,numerical_frozen_W,2025-04-13,2025-04-14,mix,0.0101750296174571,0.49539038414550091,0.5,0.00508288174138527,0.0050700075050387223,0.0050875148087285499,0.0046096158544990939,4.6096158544990938e-06,8.7566460787440547e-06,1.8996476832657021,1.9093033677900382,ABSTAIN,0,0.5,0.5,0.49539038414550091,0.5,0.00508288174138527,0.0040655767825962998,0.0010126728479527601,True,,0,[],0,[],0,1563,0,0,,2e87e81baa64ce5e9598916c57fcde7ad6fd658487c8f334f446d1d9d194f958,0,0,0,False,False,abstain,fixed,none,standard,0.5,0.5,0.5,0.5,0.5,0.5
1564,numerical_frozen_W,2025-04-14,2025-04-15,mix,-0.0111058042427623,0.50253088150721714,0.5,-0.0055554189491511252,-0.0055709076798961142,-0.0055529021213811501,0.002530881507217142,2.5308815072171421e-06,4.832220585207217e-06,1.9093033677900382,1.8986963876809393,ABSTAIN,0,0.5,0.5,0.50253088150721714,0.5,-0.0055554189491511252,-0.0044447430012952002,-0.0011162574407770276,True,,0,[],0,[],0,1564,0,0,,fa39cf197133c00021e356b74361a89c6bedcf7cd7ba9ba51fb7c013c69f656c,0,0,0,False,False,abstain,fixed,none,standard,0.5,0.5,0.5,0.5,0.5,0.5
1565,numerical_frozen_W,2025-04-15,2025-04-16,mix,0.0046050665295827003,0.49720804548918351,0.5,0.002299734881712201,0.0022970945387335126,0.0023025332647913501,0.0027919545108164856,2.7919545108164856e-06,5.3010739442567648e-06,1.8986963876809393,1.9030628859934702,ABSTAIN,0,0.5,0.5,0.49720804548918351,0.5,0.002299734881712201,0.0018393443938145,0.00045943966739332297,True,,0,[],0,[],0,1565,0,0,,ccd48ecd7408f6db2a641c5b457abb5c77e0df1ba468c7f002c3f8153bb0836a,0,0,0,False,False,abstain,fixed,none,standard,0.5,0.5,0.5,0.5,0.5,0.5
1566,numerical_frozen_W,2025-04-16,2025-04-17,mix,0.010803001706488799,0.50114862189228004,0.5,0.0054003460270699577,0.0053858164448383258,0.0054015008532443997,0.001148621892280044,1.148621892280044e-06,2.1858996932377416e-06,1.9030628859934702,1.9133400840891093,ABSTAIN,0,0.49999999999999994,0.49999999999999994,0.50114862189228004,0.5,0.0054003460270699577,0.0043200927316435003,0.001075028524992091,True,,0,[],0,[],0,1566,0,0,,44bf684eed96c10f4a553e11c6c1f26b47dc49d350c12166f88ededc5a4c9a7f,0,0,0,False,False,abstain,fixed,none,standard,0.49999999999999994,0.5,0.49999999999999994,0.5,0.49999999999999994,0.5
1567,numerical_frozen_W,2025-04-17,2025-04-18,mix,-0.0054791617612431004,0.50268624069521495,0.5,-0.002742259762143151,-0.0027460266445340485,-0.0027395808806215502,0.0026862406952149476,2.6862406952149475e-06,5.1396919976661556e-06,1.9133400840891093,1.908093208565216,ABSTAIN,0,0.49999999999999989,0.49999999999999989,0.50268624069521495,0.5,-0.002742259762143151,-0.0021942406115217999,-0.00054937515974531198,True,,0,[],0,[],0,1567,0,0,,98089cfc5676bbe1f28306f6a7b0d15dc5d62d9dbc31afd01fe7a891f75994a7,0,0,0,False,False,abstain,fixed,none,standard,0.49999999999999989,0.5,0.49999999999999989,0.5,0.49999999999999989,0.5
1568,numerical_frozen_W,2025-04-18,2025-04-19,mix,0.0070257805304789001,0.49862644659905347,0.5,0.0035115118866961836,0.0035053609240774325,0.00351289026523945,0.0013735534009465256,1.3735534009465257e-06,2.6208679159477205e-06,1.908093208565216,1.914793500548017,ABSTAIN,0,0.49999999999999983,0.49999999999999983,0.49862644659905347,0.5,0.0035115118866961836,0.0028089906213277002,0.00070030814438853083,True,,0,[],0,[],0,1568,0,0,,f20dd84d8ec033c28d7743bac8038ec9a124ba779f4e297226551e90c1ac5902,0,0,0,False,False,abstain,fixed,none,standard,0.49999999999999983,0.5,0.49999999999999983,0.5,0.49999999999999983,0.5
1569,numerical_frozen_W,2025-04-19,2025-04-20,mix,0.0013036614194978,0.50175029653296777,0.5,0.00065007927231897078,0.00064986806231935959,0.0006518307097489,0.0017502965329677656,1.7502965329677655e-06,3.3514564253584053e-06,1.914793500548017,1.9160382681134944,ABSTAIN,0,0.5,0.5,0.50175029653296777,0.5,0.00065007927231897078,0.00051978222908179996,0.00013022087322816232,True,,0,[],0,[],0,1569,0,0,,81b8e2c4ce056ef93d3696cb0bdcd008853e93e2a673b0623a8a8a801fbf01ab,0,0,0,False,False,abstain,fixed,none,standard,0.5,0.5,0.5,0.5,0.5,0.5
1570,numerical_frozen_W,2025-04-20,2025-04-21,mix,0.027436339942943502,0.50032570305162316,0.5,0.013717839800370113,0.013624601949566337,0.013718169971471751,0.00032570305162316071,3.2570305162316072e-07,6.2405951095132087e-07,1.9160382681134944,1.9423221741268539,ABSTAIN,0,0.49999999999999989,0.49999999999999989,0.50032570305162316,0.5,0.013717839800370113,0.0109742198295974,0.0027101619103429113,True,,0,[],0,[],0,1570,0,0,,ac01b9905a2f9201b01ef28d46a70e3acb80fac7d6e746ed076a8221138aaf6f,0,0,0,False,False,abstain,fixed,none,standard,0.49999999999999989,0.5,0.49999999999999989,0.5,0.49999999999999989,0.5
1571,numerical_frozen_W,2025-04-21,2025-04-22,mix,0.067712189771013301,0.50676626422305227,0.5,0.033849099541999994,0.033288826888782611,0.03385609488550665,0.0067662642230522652,6.7662642230522656e-06,1.3142265036435624e-05,1.9423221741268539,2.0080680307415077,ABSTAIN,0,0.49999999999999994,0.49999999999999994,0.50676626422305227,0.5,0.033849099541999994,0.0270781862562798,0.0065707681134981495,True,,0,[],0,[],0,1571,0,0,,0d7e0b14fc5e59b8d53d26621276932a0d0556b28009b99bf83e0b6ffbd7d7e2,0,0,0,False,False,abstain,fixed,none,standard,0.49999999999999994,0.5,0.49999999999999994,0.5,0.49999999999999994,0.5
1572,numerical_frozen_W,2025-04-22,2025-04-23,mix,0.0027375299517668999,0.51637369797063293,0.5,0.0013523688661685185,0.0013514552390079496,0.00136876497588345,0.016373697970632928,1.6373697970632927e-05,3.2879499439845087e-05,2.0080680307415077,2.0107836794274307,ABSTAIN,0,0.49999999999999978,0.49999999999999978,0.51637369797063293,0.5,0.0013523688661685185,0.0010791722766230001,0.00027286485018577036,True,,0,[],0,[],0,1572,0,0,,fe1282d7462fd9f60737ff7f4e75376b95ef4c6d2b17d91d7861dee66f358488,0,0,0,False,False,abstain,fixed,none,standard,0.49999999999999978,0.5,0.49999999999999978,0.5,0.49999999999999978,0.5
1573,numerical_frozen_W,2025-04-23,2025-04-24,mix,0.0030160825719307001,0.5006834470096122,0.5,0.0015073568082895061,0.0015062218863608099,0.00150804128596535,0.00068344700961220362,6.834470096122036e-07,1.3742640926817015e-06,2.0107836794274307,2.0138146478966132,ABSTAIN,0,0.5,0.5,0.5006834470096122,0.5,0.0015073568082895061,0.0012057759484593001,0.00030117230189093125,True,,0,[],0,[],0,1573,0,0,,4425952b4958ea1f3494cf53df1907c2f35db06786adc1834d28f4d3692958c6,0,0,0,False,False,abstain,fixed,none,standard,0.5,0.5,0.5,0.5,0.5,0.5
1574,numerical_frozen_W,2025-04-24,2025-04-25,mix,0.0074121917040058998,0.50075288526092565,0.5,0.0037053401764770566,0.0036984923141254182,0.0037060958520029499,0.00075288526092565089,7.5288526092565086e-07,1.5161713666375393e-06,2.0138146478966132,2.0212765162194426,ABSTAIN,0,0.49999999999999994,0.49999999999999994,0.50075288526092565,0.5,0.0037053401764770566,0.0029641515504521001,0.0007387251989300612,True,,0,[],0,[],0,1574,0,0,,86e2246bb2a10558076e5ff4e3dd0ecb5a7cf586d1b023a1133ceb90125186fb,0,0,0,False,False,abstain,fixed,none,standard,0.49999999999999994,0.5,0.49999999999999994,0.5,0.49999999999999994,0.5
1575,numerical_frozen_W,2025-04-25,2025-04-26,mix,-0.00048058185259539999,0.50184620571067518,0.5,-0.00024213668838191094,-0.00024216600820287296,-0.00024029092629769999,0.001846205710675175,1.846205710675175e-06,3.7316922470979578e-06,2.0212765162194426,2.020787091017501,ABSTAIN,0,0.49999999999999972,0.49999999999999972,0.50184620571067518,0.5,-0.00024213668838191094,-0.00019400606738529999,-4.8141119206104567e-05,True,,0,[],0,[],0,1575,0,0,,8cd5305c3aa4076e03b88d47d0e177cfb4497cb278e976195f519055a1d826ac,0,0,0,False,False,abstain,fixed,none,standard,0.49999999999999972,0.5,0.49999999999999972,0.5,0.49999999999999972,0.5
1576,numerical_frozen_W,2025-04-26,2025-04-27,mix,-0.0093932880629472998,0.49987982566004774,0.5,-0.0046967636413974834,-0.0047078280940890541,-0.0046966440314736499,0.00012017433995226146,1.2017433995226145e-07,2.4284675484707865e-07,2.020787091017501,2.0112959316814045,ABSTAIN,0,0.49999999999999983,0.49999999999999983,0.49987982566004774,0.5,-0.0046967636413974834,-0.0037574301535491998,-0.00094332106706002767,True,,0,[],0,[],0,1576,0,0,,9f0f4076152c7d45a31c950ae93c093c863ba618757ecd12a70f1a39cf5362be,0,0,0,False,False,abstain,fixed,none,standard,0.49999999999999983,0.5,0.49999999999999983,0.5,0.49999999999999983,0.5
1577,numerical_frozen_W,2025-04-27,2025-04-28,mix,0.0133610688855108,0.49764059670686867,0.5,0.0066781592773872411,0.0066559591542166329,0.0066805344427554002,0.0023594032931313347,2.3594032931313348e-06,4.7454582446707614e-06,2.0112959316814045,2.0247276862671337,ABSTAIN,0,0.49999999999999989,0.49999999999999989,0.49764059670686867,0.5,0.0066781592773872411,0.0053421525688124001,0.0013280252660104385,True,,0,[],0,[],0,1577,0,0,,568fe856b722c0b1eb3d2b6461699697c1e624b6ddbb36a71792c4cb99e0205a,0,0,0,False,False,abstain,fixed,none,standard,0.49999999999999989,0.5,0.49999999999999989,0.5,0.49999999999999989,0.5
1578,numerical_frozen_W,2025-04-28,2025-04-29,mix,-0.0076340860045264998,0.50331810053645931,0.5,-0.0038203484374672581,-0.0038276646080506621,-0.0038170430022632499,0.0033181005364593119,3.318100536459312e-06,6.7182500219869979e-06,2.0247276862671337,2.0169925210146062,ABSTAIN,0,0.5,0.5,0.50331810053645931,0.5,-0.0038203484374672581,-0.0030568142718016,-0.00076616873654812654,True,,0,[],0,[],0,1578,0,0,,ffb1cea2b56cd813a4e3a3034330d9884c3d7b1aed48182f64bdced0d50cbf5a,0,0,0,False,False,abstain,fixed,none,standard,0.5,0.5,0.5,0.5,0.5,0.5
1579,numerical_frozen_W,2025-04-29,2025-04-30,bull,-0.00090591048246629999,0.49808416567687175,0.5,-0.00045487020776902032,-0.00045497369260461386,-0.00045295524123314999,0.0019158343231282515,1.9158343231282514e-06,3.8642235012527646e-06,2.0169925210146062,2.0160750512075039,ABSTAIN,0,0.49999999999999978,0.49999999999999978,0.49808416567687175,0.5,-0.00045487020776902032,-0.00036420131962410001,-9.0706035572635951e-05,True,,0,[],0,[],0,1579,0,0,,7033a0058a11e89bc3545ee2d7fc02f64701f566d972095480e2b810c8591574,0,0,0,False,False,abstain,fixed,none,standard,0.49999999999999978,0.5,0.49999999999999978,0.5,0.49999999999999978,0.5
1580,numerical_frozen_W,2025-04-30,2025-05-01,mix,0.024578380283783698,0.49977341974867101,0.5,0.01228896077715258,0.012214064472870543,0.012289190141891849,0.0002265802513289894,2.2658025132898942e-07,4.5680279180070144e-07,2.0160750512075039,2.040850518435589,ABSTAIN,0,0.49999999999999983,0.49999999999999983,0.49977341974867101,0.5,0.01228896077715258,0.0098311324778916007,0.0024309431648832838,True,,0,[],0,[],0,1580,0,0,,d6525815b111af4526cfa8a039cf490a0cafd969a04318f90d3db5a5059ec9fe,0,0,0,False,False,abstain,fixed,none,standard,0.49999999999999983,0.5,0.49999999999999983,0.5,0.49999999999999983,0.5
1581,numerical_frozen_W,2025-05-01,2025-05-02,bull,0.0040943302179391999,0.50606999969058719,0.5,0.0020410826829873052,0.0020390025037921402,0.0020471651089695999,0.0060699996905871911,6.069999690587191e-06,1.2387962015438734e-05,2.040850518435589,2.0450160630873335,ABSTAIN,0,0.49999999999999989,0.49999999999999989,0.50606999969058719,0.5,0.0020410826829873052,0.0016318811379766999,0.00040845143702421217,True,,0,[],0,[],0,1581,0,0,,95e34c6cfc18a110eaf5d331ef3d8328dc36cbe7d6a13fd0d7d4bd8c4862a9e6,0,0,0,False,False,abstain,fixed,none,standard,0.49999999999999989,0.5,0.49999999999999989,0.5,0.49999999999999989,0.5
1582,numerical_frozen_W,2025-05-02,2025-05-03,bull,-0.0104092702983865,0.50102149139294616,0.5,-0.0052056513240961166,-0.0052192479336156186,-0.0052046351491932498,0.0010214913929461611,1.0214913929461612e-06,2.088966306880355e-06,2.0450160630873335,2.0343704225107251,ABSTAIN,0,0.5,0.5,0.50102149139294616,0.5,-0.0052056513240961166,-0.0041646850672049998,-0.0010458664118279557,True,,0,[],0,[],0,1582,0,0,,f3a6112c8d10780ee770ebf90050db5247508ac86ef4c589330180e0c34f16f5,0,0,0,False,False,abstain,fixed,none,standard,0.5,0.5,0.5,0.5,0.5,0.5
1583,numerical_frozen_W,2025-05-03,2025-05-04,bull,-0.016362172501037699,0.49738406745091046,0.5,-0.0081836807818981283,-0.0082173509204046483,-0.0081810862505188493,0.0026159325490895391,2.615932549089539e-06,5.3217758051508437e-06,2.0343704225107251,2.017721784380762,ABSTAIN,0,0.49999999999999978,0.49999999999999978,0.49738406745091046,0.5,-0.0081836807818981283,-0.0065473612517391996,-0.001648461679855398,True,,0,[],0,[],0,1583,0,0,,5151f673666c4bf7a550c0fd9e347c2776e001850e84441d2bc5901cbf053761,0,0,0,False,False,abstain,fixed,none,standard,0.49999999999999978,0.5,0.49999999999999978,0.5,0.49999999999999978,0.5
1584,numerical_frozen_W,2025-05-04,2025-05-05,mix,0.0045410737630266996,0.49587571574956613,0.5,0.0022664032329233752,0.0022638388150553229,0.0022705368815133498,0.0041242842504338739,4.1242842504338739e-06,8.3216581770789093e-06,2.017721784380762,2.0222947555560227,ABSTAIN,0,0.49999999999999994,0.49999999999999994,0.49587571574956613,0.5,0.0022664032329233752,0.0018124695333374,0.00045300982263472172,True,,0,[],0,[],0,1584,0,0,,e01c9186385ad488dff7a5303962e0ef2dc867b5535c5869d7f63e04446ccb1b,0,0,0,False,False,abstain,fixed,none,standard,0.49999999999999994,0.5,0.49999999999999994,0.5,0.49999999999999994,0.5
1585,numerical_frozen_W,2025-05-05,2025-05-06,bull,0.0219557296834034,0.5011326966113252,0.5,0.01097671971049996,0.010916912780627459,0.0109778648417017,0.0011326966113252013,1.1326966113252012e-06,2.2906464167190331e-06,2.0222947555560227,2.0444929182597753,ABSTAIN,0,0.49999999999999989,0.49999999999999989,0.5011326966113252,0.5,0.01097671971049996,0.0087811944376243005,0.0021740488028358183,True,,0,[],0,[],0,1585,0,0,,db9697e05b9582ab33279bc7d9b6f34acbab4b4f4dcc9b0c01e2426980d96f5a,0,0,0,False,False,abstain,fixed,none,standard,0.49999999999999989,0.5,0.49999999999999989,0.5,0.49999999999999989,0.5
1586,numerical_frozen_W,2025-05-06,2025-05-07,bull,0.0021657540273524998,0.50542932997025647,0.5,0.0010774418044092737,0.0010768617805788914,0.0010828770136762499,0.005429329970256469,5.4293299702564688e-06,1.1100226675084907e-05,2.0444929182597753,2.0466957403987269,ABSTAIN,0,0.49999999999999989,0.49999999999999989,0.50542932997025647,0.5,0.0010774418044092737,0.00086107358499850001,0.0002161587067634423,True,,0,[],0,[],0,1586,0,0,,6973011ec456522cdfffbbf6d4ff9c5fecd9e62bc8dd9480ab0462b06f04f27a,0,0,0,False,False,abstain,fixed,none,standard,0.49999999999999989,0.5,0.49999999999999989,0.5,0.49999999999999989,0.5
1587,numerical_frozen_W,2025-05-07,2025-05-08,bull,0.064298382750159505,0.50054085282974103,0.5,0.032148633134268856,0.031642681043770993,0.032149191375079753,0.00054085282974103421,5.4085282974103426e-07,1.1069611828135726e-06,2.0466957403987269,2.1124942108942766,ABSTAIN,0,0.49999999999999994,0.49999999999999994,0.50054085282974103,0.5,0.032148633134268856,0.025718820412135399,0.0062490260341074542,True,,0,[],0,[],0,1587,0,0,,aa86adc85368111ec24cf0de401faf5b3bc009a08b84c697feaab05f7dc68b16,0,0,0,False,False,abstain,fixed,none,standard,0.49999999999999994,0.5,0.49999999999999994,0.5,0.49999999999999994,0.5
1588,numerical_frozen_W,2025-05-08,2025-05-09,bull,-0.0028971389784292001,0.5155739071656148,0.5,-0.0014641208364934988,-0.0014651937087430396,-0.0014485694892146001,0.015573907165614798,1.5573907165614798e-05,3.2899788728366152e-05,2.1124942108942766,2.1094012641031346,ABSTAIN,0,0.49999999999999989,0.49999999999999989,0.5155739071656148,0.5,-0.0014641208364934988,-0.0011738828293814999,-0.00029062133923394955,True,,0,[],0,[],0,1588,0,0,,df4f8294cd27e3ceab32f6a6a70a8751b886126c6c43b8ea8e5005e61935be6d,0,0,0,False,False,abstain,fixed,none,standard,0.49999999999999989,0.5,0.49999999999999989,0.5,0.49999999999999989,0.5
1589,numerical_frozen_W,2025-05-09,2025-05-10,bull,0.017702337749611202,0.49927466455659991,0.5,0.0088504371192956732,0.0088115015631819189,0.0088511688748056008,0.00072533544340008804,7.2533544340008807e-07,1.5300235012069534e-06,2.1094012641031346,2.1280703873504421,ABSTAIN,0,0.5,0.5,0.49927466455659991,0.5,0.0088504371192956732,0.0070802340506059,0.001756214684354618,True,,0,[],0,[],0,1589,0,0,,4962d0a068cae45f38a0737883edae49cc22484d3b3a7753e4e77f7ac8be0263,0,0,0,False,False,abstain,fixed,none,standard,0.5,0.5,0.5,0.5,0.5,0.5
1590,numerical_frozen_W,2025-05-10,2025-05-11,bull,-0.0064772228477643001,0.50438675651467879,0.5,-0.0032429839733970622,-0.0032482538424078011,-0.00323861142388215,0.0043867565146787912,4.3867565146787915e-06,9.3353266354045704e-06,2.1280703873504421,2.1211690891900039,ABSTAIN,0,0.49999999999999983,0.49999999999999983,0.50438675651467879,0.5,-0.0032429839733970622,-0.002595096897749,-0.00064978384375822965,True,,0,[],0,[],0,1590,0,0,,8d5f28067603886a02d82e3d7164ef9705b5d6dbad732896b956961e6c8e176d,0,0,0,False,False,abstain,fixed,none,standard,0.49999999999999983,0.5,0.49999999999999983,0.5,0.49999999999999983,0.5
1591,numerical_frozen_W,2025-05-11,2025-05-12,bull,-0.0127181153908212,0.49837543294664105,0.5,-0.0063606719317482741,-0.0063809871971030104,-0.0063590576954106002,0.0016245670533589496,1.6245670533589496e-06,3.4459814169014917e-06,2.1211690891900039,2.1076770285019011,ABSTAIN,0,0.49999999999999994,0.49999999999999994,0.49837543294664105,0.5,-0.0063606719317482741,-0.0050887967990607998,-0.0012791983770325498,True,,0,[],0,[],0,1591,0,0,,c37e445da783dc72e02f41de77b1699d2b9a06259e23268f4e41a79cf6803590,0,0,0,False,False,abstain,fixed,none,standard,0.49999999999999994,0.5,0.49999999999999994,0.5,0.49999999999999994,0.5
1592,numerical_frozen_W,2025-05-12,2025-05-13,bull,0.0128819495111629,0.49680012294951237,0.5,0.0064377542682036992,0.0064171204378677725,0.0064409747555814502,0.0031998770504876317,3.1998770504876318e-06,6.744307353343199e-06,2.1076770285019011,2.121245735288134,ABSTAIN,0,0.49999999999999989,0.49999999999999989,0.49680012294951237,0.5,0.0064377542682036992,0.0051496960408312,0.0012806387345606629,True,,0,[],0,[],0,1592,0,0,,9a484e7e6941c746cc55983c1ce75256a938771cdc3a76486467680bf3c141ac,0,0,0,False,False,abstain,fixed,none,standard,0.49999999999999989,0.5,0.49999999999999989,0.5,0.49999999999999989,0.5
1593,numerical_frozen_W,2025-05-13,2025-05-14,bull,-0.0058135291089443002,0.50319987705048763,0.5,-0.0029099551302333992,-0.0029141972813083359,-0.0029067645544721501,0.0031998770504876317,3.1998770504876318e-06,6.787725546793262e-06,2.121245735288134,2.1150730053782465,ABSTAIN,0,0.49999999999999994,0.49999999999999994,0.50319987705048763,0.5,-0.0029099551302333992,-0.0023284803098981002,-0.00058300184556989241,True,,0,[],0,[],0,1593,0,0,,c9625bc89d43bebf09863bb1d5db4ccdbb7f43236a82cf60fbfae8fc148a9890,0,0,0,False,False,abstain,fixed,none,standard,0.49999999999999994,0.5,0.49999999999999994,0.5,0.49999999999999994,0.5
1594,numerical_frozen_W,2025-05-14,2025-05-15,bull,0.0024296253933046999,0.4985423807668431,0.5,0.0012133533066847058,0.0012126177884634755,0.00121481269665235,0.0014576192331569038,1.4576192331569038e-06,3.0829710921703071e-06,2.1150730053782465,2.1176393362032018,ABSTAIN,0,0.5,0.5,0.4985423807668431,0.5,0.0012133533066847058,0.00097045029911809995,0.00024263807181025077,True,,0,[],0,[],0,1594,0,0,,843b269470724843ee08fa3e690f0c21c5360338aca506f67b510545950c9401,0,0,0,False,False,abstain,fixed,none,standard,0.5,0.5,0.5,0.5,0.5,0.5
1595,numerical_frozen_W,2025-05-15,2025-05-16,bull,-0.0027456165542656002,0.50060666935868658,0.5,-0.0013734141136507727,-0.0013743581112466378,-0.0013728082771328001,0.00060666935868658456,6.0666935868658454e-07,1.284706898023881e-06,2.1176393362032018,2.1147309404512384,ABSTAIN,0,0.5,0.5,0.50060666935868658,0.5,-0.0013734141136507727,-0.0010988285258782,-0.00027492543068831496,True,,0,[],0,[],0,1595,0,0,,d5fd79ad8171b27d486b692ae2eb8ca175dbdd6449be2b44fd56f1141cb9c789,0,0,0,False,False,abstain,fixed,none,standard,0.5,0.5,0.5,0.5,0.5,0.5
1596,numerical_frozen_W,2025-05-16,2025-05-17,bull,-0.0035552592034245999,0.49931265226477339,0.5,-0.0017783157275977901,-0.001779898808101,-0.0017776296017123,0.00068734773522660664,6.8734773522660663e-07,1.4535555225327909e-06,2.1147309404512384,2.1109702811601965,ABSTAIN,0,0.49999999999999994,0.49999999999999994,0.49931265226477339,0.5,-0.0017783157275977901,-0.0014227624157033001,-0.00035612330491605233,True,,0,[],0,[],0,1596,0,0,,e3d4edf017f1ff79247baaa4f5195ac7033eb0c28268ebde9190e27668c8dfd6,0,0,0,False,False,abstain,fixed,none,standard,0.49999999999999994,0.5,0.49999999999999994,0.5,0.49999999999999994,0.5
1597,numerical_frozen_W,2025-05-17,2025-05-18,bull,0.032895106902551097,0.49910960240201641,0.5,0.01644664840881549,0.016312867129719182,0.016447553451275548,0.0008903975979835943,8.903975979835943e-07,1.8796028677597916e-06,2.1109702811601965,2.1456886671758966,ABSTAIN,0,0.49999999999999989,0.49999999999999989,0.49910960240201641,0.5,0.01644664840881549,0.013157177040406601,0.0032414939383198851,True,,0,[],0,[],0,1597,0,0,,5e32237f114fe5917d0a15bf942cec5db6b2640b7f9870ca1228cfb40850e1f3,0,0,0,False,False,abstain,fixed,none,standard,0.49999999999999989,0.5,0.49999999999999989,0.5,0.49999999999999989,0.5
1598,numerical_frozen_W,2025-05-18,2025-05-19,bull,-0.0086259266040401,0.50809070443203341,0.5,-0.0043210191115408136,-0.0043303816949573654,-0.00431296330202005,0.0080907044320334132,8.0907044320334132e-06,1.7360132809283895e-05,2.1456886671758966,2.1364171054376131,ABSTAIN,0,0.49999999999999983,0.49999999999999983,0.50809070443203341,0.5,-0.0043210191115408136,-0.0034581360496273002,-0.00086625247206646326,True,,0,[],0,[],0,1598,0,0,,1f0dc0a909bb9d5f8d90c4b2f0b44a3ae3fc0f8767dd77167bdafc2aca003f69,0,0,0,False,False,abstain,fixed,none,standard,0.49999999999999983,0.5,0.49999999999999983,0.5,0.49999999999999983,0.5
1599,numerical_frozen_W,2025-05-19,2025-05-20,bull,0.011649293749727599,0.49783417723488538,0.5,0.0058224684369458934,0.0058055833777097034,0.0058246468748637996,0.0021658227651146222,2.1658227651146222e-06,4.6271008027370689e-06,2.1364171054376131,2.148856326602175,ABSTAIN,0,0.49999999999999994,0.49999999999999994,0.49783417723488538,0.5,0.0058224684369458934,0.0046576304296887996,0.0011587661457113582,True,,0,[],0,[],0,1599,0,0,,8c6da942ff7be261647df8e1f4c8ca84fcb8c56a17cb5734108a58ddb4efde8d,0,0,0,False,False,abstain,fixed,none,standard,0.49999999999999994,0.5,0.49999999999999994,0.5,0.49999999999999994,0.5
1600,numerical_frozen_W,2025-05-20,2025-05-21,bull,0.026440844893732902,0.50289545841462591,0.5,0.013217488709268421,0.013130899862255416,0.013220422446866451,0.0028954584146259066,2.8954584146259067e-06,6.2219241326823837e-06,2.148856326602175,2.1772588108368791,ABSTAIN,0,0.49999999999999994,0.49999999999999994,0.50289545841462591,0.5,0.013217488709268421,0.010573525661848399,0.0026128829833457802,True,,0,[],0,[],0,1600,0,0,,ff75b5fa398cb4f1c8126bcc9635a9d4494f71e2db974eb76106b2affb8f4598,0,0,0,False,False,abstain,fixed,none,standard,0.49999999999999994,0.5,0.49999999999999994,0.5,0.49999999999999994,0.5
1601,numerical_frozen_W,2025-05-21,2025-05-22,bull,0.018812460039711699,0.50652396169381386,0.5,0.0093996446922777199,0.009355742925030686,0.0094062300198558494,0.0065239616938138623,6.5239616938138627e-06,1.4204353079418521e-05,2.1772588108368791,2.1977242700618769,ABSTAIN,0,0.49999999999999983,0.49999999999999983,0.50652396169381386,0.5,0.0093996446922777199,0.0075186573737508998,0.0018652097726821635,True,,0,[],0,[],0,1601,0,0,,eb058d55e5fc7c9769fad239e4ca88070d71cf0403b5620a83de8e04171c2aca,0,0,0,False,False,abstain,fixed,none,standard,0.49999999999999983,0.5,0.49999999999999983,0.5,0.49999999999999983,0.5
1602,numerical_frozen_W,2025-05-22,2025-05-23,bull,-0.039294484376832403,0.50465928866897858,0.5,-0.019651809934912223,-0.019847474435408095,-0.019647242188416202,0.0046592886689785784,4.6592886689785784e-06,1.023983178903852e-05,2.1977242700618769,2.1545350104172774,ABSTAIN,0,0.49999999999999994,0.49999999999999994,0.50465928866897858,0.5,-0.019651809934912223,-0.015722204584004602,-0.0040003650775027495,True,,0,[],0,[],0,1602,0,0,,0e3351145b9f8e7ce090c56756569beb27af5d32cf7d554c5fa064064ba539b5,0,0,0,False,False,abstain,fixed,none,standard,0.49999999999999994,0.5,0.49999999999999994,0.5,0.49999999999999994,0.5
1603,numerical_frozen_W,2025-05-23,2025-05-24,bull,0.0041895979439661004,0.48997950378990407,0.5,0.0020847574848477102,0.0020825873935150945,0.0020947989719830502,0.010020496210095931,1.002049621009593e-05,2.1589509906405324e-05,2.1545350104172774,2.1590266934066111,ABSTAIN,0,0.49999999999999983,0.49999999999999983,0.48997950378990407,0.5,0.0020847574848477102,0.0016662418481953999,0.00041773218616238854,True,,0,[],0,[],0,1603,0,0,,26c0fc2f9002423194e0dc344d86b0a839ce56e3d2277bc0165766f23f26950c,0,0,0,False,False,abstain,fixed,none,standard,0.49999999999999983,0.5,0.49999999999999983,0.5,0.49999999999999983,0.5
1604,numerical_frozen_W,2025-05-24,2025-05-25,bull,0.0116746935404545,0.50104520998119739,0.5,0.0058362954589930016,0.0058193302639067915,0.0058373467702272502,0.0010452099811973925,1.0452099811973926e-06,2.2566362496201927e-06,2.1590266934066111,2.1716274110931848,ABSTAIN,0,0.49999999999999994,0.49999999999999994,0.50104520998119739,0.5,0.0058362954589930016,0.0046688689071957999,0.0011613267189714239,True,,0,[],0,[],0,1604,0,0,,f50ecff0405b108520495c119975cd67fb62e20ed4644d793e1a129dceacc100,0,0,0,False,False,abstain,fixed,none,standard,0.49999999999999994,0.5,0.49999999999999994,0.5,0.49999999999999994,0.5
1605,numerical_frozen_W,2025-05-25,2025-05-26,bull,0.0039827152725481997,0.50290173495196377,0.5,0.001988450122929919,0.0019864757728154819,0.0019913576362740998,0.0029017349519637747,2.9017349519637748e-06,6.3014871614116996e-06,2.1716274110931848,2.1759455838857309,ABSTAIN,0,0.49999999999999983,0.49999999999999983,0.50290173495196377,0.5,0.001988450122929919,0.0015902927634408,0.00039744618587510424,True,,0,[],0,[],0,1605,0,0,,b1f7a21b04ee63a67e4ec8f9c42ce4f10cb33c9faed182a60725e79d6dcfd00a,0,0,0,False,False,abstain,fixed,none,standard,0.49999999999999983,0.5,0.49999999999999983,0.5,0.49999999999999983,0.5
1606,numerical_frozen_W,2025-05-26,2025-05-27,bull,-0.0046713133123749999,0.50099370000604193,0.5,-0.0023366480352515762,-0.0023393822573788106,-0.0023356566561874999,0.00099370000604193098,9.9370000604193102e-07,2.1622371398541637e-06,2.1759455838857309,2.1708611649123299,ABSTAIN,0,0.49999999999999994,0.49999999999999994,0.50099370000604193,0.5,-0.0023366480352515762,-0.0018694778730911001,-0.00046815472956146585,True,,0,[],0,[],0,1606,0,0,,eac9f25e494496b95f77666853d9657274d268f6570137120b55f3d270b2c0d0,0,0,0,False,False,abstain,fixed,none,standard,0.49999999999999994,0.5,0.49999999999999994,0.5,0.49999999999999994,0.5
1607,numerical_frozen_W,2025-05-27,2025-05-28,bull,-0.010622888823615799,0.49882943764013893,0.5,-0.0053126087567907376,-0.0053267708433780529,-0.0053114444118078996,0.0011705623598610715,1.1705623598610715e-06,2.5411283681305317e-06,2.1708611649123299,2.1593282288778397,ABSTAIN,0,0.49999999999999994,0.49999999999999994,0.49882943764013893,0.5,-0.0053126087567907376,-0.0042502739706842003,-0.0010674387829274325,True,,0,[],0,[],0,1607,0,0,,afeb557de692256828b2cc20fd4b4f34333f658e181d0a15d6dcdcf3c73e9781,0,0,0,False,False,abstain,fixed,none,standard,0.49999999999999994,0.5,0.49999999999999994,0.5,0.49999999999999994,0.5
