decision_date,return_date,hard_regime,asset_simple_return,desired_exposure_no_controller,counterfactual_pretrade_exposure,counterfactual_turnover,fee_fraction,counterfactual_net_return,wealth_before,wealth_after,original_controller_exposure,action,beta,retrieved_memory_count,cited_memory_count,projection_changes_selected_target
2021-01-01,2021-01-02,bull,0.0965057782894354,0.525,0.0,0.525,0.0005250000000000001,0.05011393419681265,1.0,1.0501139341968126,0.35000000000000003,BTC,0.050000000000000003,0,0,
2021-01-02,2021-01-03,bull,0.0237813458079787,0.525,0.5479056038208686,0.022905603820868592,2.2905603820868592e-05,0.012462014964172985,1.0501139341968126,1.06320046975886,0.5,BTC,0.050000000000000003,0,0,
2021-01-03,2021-01-04,bull,-0.0284081082803128,0.525,0.5308573429740049,0.005857342974004864,5.8573429740048646e-06,-0.014920026832220601,1.06320046975886,1.0473374902220283,0.5,BTC,0.050000000000000003,0,0,
2021-01-04,2021-01-05,bull,0.0614847014296153,0.525,0.5178084716973679,0.007191528302632144,7.191528302632144e-06,0.03227204458353583,1.0473374902220283,1.081137212400482,0.5,BTC,0.050000000000000003,0,0,
2021-01-05,2021-01-06,bull,0.0824235470632364,0.525,0.5398532910811406,0.01485329108114053,1.485329108114053e-05,0.043256866180126474,1.081137212400482,1.1279038201196447,0.5,BTC,0.050000000000000003,0,0,
2021-01-06,2021-01-07,bull,0.0724862202798344,0.525,0.5447018274359238,0.019701827435923747,1.9701827435923747e-05,0.03803481406120035,1.1279038201196447,1.170803432196813,0.5,BTC,0.050000000000000003,0,0,
2021-01-07,2021-01-08,bull,0.0288670609880337,0.525,0.5424135730345905,0.017413573034590457,1.741357303459046e-05,0.015137529539378747,1.170803432196813,1.1885265037364983,0.5,BTC,0.050000000000000003,0,0,
2021-01-08,2021-01-09,bull,-0.0110198944316773,0.525,0.5320912539128199,0.007091253912819839,7.09125391281984e-06,-0.005792494804486958,1.1885265037364983,1.1816419701386096,0.5,BTC,0.050000000000000003,0,0,
2021-01-09,2021-01-10,bull,-0.0488071548295349,0.525,0.5222359224083888,0.002764077591611236,2.764077591611236e-06,-0.025626449537046847,1.1816419701386096,1.151360681819996,0.5,BTC,0.050000000000000003,0,0,
2021-01-10,2021-01-11,bull,-0.0693309105000495,0.525,0.5125086402053316,0.012491359794668422,1.2491359794668422e-05,-0.03641076470271298,1.151360681819996,1.1094387589462928,0.5,BTC,0.050000000000000003,0,0,
2021-01-11,2021-01-12,bull,-0.0413062009942524,0.525,0.5070575207727885,0.017942479227211483,1.7942479227211485e-05,-0.021703308904991725,1.1094387589462928,1.0853602668497109,0.5,BTC,0.050000000000000003,0,0,
2021-01-12,2021-01-13,bull,0.0970210792901768,0.525,0.5144709354064065,0.010529064593593485,1.0529064593593485e-05,0.050925001253613544,1.0853602668497109,1.1406322397996547,0.5,BTC,0.050000000000000003,0,0,
2021-01-13,2021-01-14,bull,0.0479773796084768,0.525,0.548021982417668,0.023021982417667952,2.3021982417667953e-05,0.025164522431478042,1.1406322397996547,1.1693357053841602,0.5,BTC,0.050000000000000003,0,0,
2021-01-14,2021-01-15,bull,-0.0594730917379905,0.525,0.5366704034667763,0.01167040346677628,1.167040346677628e-05,-0.03123467917654943,1.1693357053841602,1.1328118797768019,0.5,BTC,0.050000000000000003,0,0,
2021-01-15,2021-01-16,bull,-0.0224258938603586,0.525,0.5096908958770242,0.015309104122975814,1.5309104122975814e-05,-0.011788723137630464,1.1328118797768019,1.1194574741590944,0.5,BTC,0.050000000000000003,0,0,
2021-01-16,2021-01-17,bull,-0.0049945168589237,0.525,0.5193409149471839,0.005659085052816093,5.659085052816093e-06,-0.0026277655971800318,1.1194574741590944,1.1165158023209931,0.5,BTC,0.050000000000000003,0,0,
2021-01-17,2021-01-18,bull,0.0215850623332849,0.525,0.523751217900099,0.0012487820999009802,1.2487820999009802e-06,0.011330894791478974,1.1165158023209931,1.129166925410116,0.5,BTC,0.050000000000000003,0,0,
2021-01-18,2021-01-19,bull,-0.0166688516709819,0.525,0.530322459963571,0.005322459963570947,5.322459963570947e-06,-0.00875642300959889,1.129166925410116,1.1192794621627769,0.5,BTC,0.050000000000000003,0,0,
2021-01-19,2021-01-20,bull,-0.0146265995239271,0.525,0.5208065072424506,0.004193492757549433,4.193492757549433e-06,-0.00768312604113619,1.1192794621627769,1.1106798969797251,0.5,BTC,0.050000000000000003,0,0,
2021-01-20,2021-01-21,bull,-0.1306280530946013,0.525,0.5213242659112224,0.003675734088777638,3.675734088777638e-06,-0.06858315152791095,1.1106798969797251,1.0345059693061602,0.5,BTC,0.050000000000000003,0,0,
2021-01-21,2021-01-22,bull,0.0699822645020928,0.525,0.4900261308290671,0.034973869170932925,3.4973869170932925e-05,0.03670443003038226,1.0345059693061602,1.0724769212725709,0.45000000000000001,BTC,0.050000000000000003,0,0,
2021-01-22,2021-01-23,bull,-0.0276238238814563,0.525,0.5418333580399346,0.016833358039934576,1.6833358039934577e-05,-0.014519096769902706,1.0724769212725709,1.056905525069127,0.45000000000000001,BTC,0.050000000000000003,0,0,
2021-01-23,2021-01-24,bull,0.0047493058347278,0.525,0.5180099354558204,0.006990064544179608,6.990064544179609e-06,0.0024863780697619298,1.056905525069127,1.059533391788469,0.45000000000000001,BTC,0.050000000000000003,0,0,
2021-01-24,2021-01-25,bull,0.0003411773098478,0.525,0.5261814124258485,0.0011814124258484604,1.1814124258484605e-06,0.0001779364636318448,1.059533391788469,1.0597219214133038,0.45000000000000001,BTC,0.050000000000000003,0,0,
2021-01-25,2021-01-26,bull,0.0077451840643922,0.525,0.5250850658548102,8.506585481016238e-05,8.506585481016239e-08,0.004066136222054428,1.0597219214133038,1.0640308951032675,0.45000000000000001,BTC,0.050000000000000003,0,0,
2021-01-26,2021-01-27,bull,-0.0645527519760261,0.525,0.5269236333564883,0.0019236333564882635,1.9236333564882636e-06,-0.033892053228461116,1.0640308951032675,1.0279687033697005,0.45000000000000001,BTC,0.050000000000000003,0,0,
2021-01-27,2021-01-28,bull,0.0977108275226945,0.525,0.5083374607760252,0.01666253922397487,1.666253922397487e-05,0.05128066715218016,1.0279687033697005,1.0806836242900604,0.45000000000000001,BTC,0.050000000000000003,0,0,
2021-01-28,2021-01-29,bull,0.0277754473435045,0.525,0.5481776654558129,0.0231776654558129,2.3177665455812902e-05,0.014558594210620113,1.0806836242900604,1.0964168586461616,0.45000000000000001,BTC,0.050000000000000003,0,0,
2021-01-29,2021-01-30,bull,-0.0005451608953467,0.525,0.5318269508342446,0.006826950834244561,6.826950834244561e-06,-0.00029303446695316815,1.0964168586461616,1.0960955707164297,0.45000000000000001,BTC,0.050000000000000003,0,0,
2021-01-30,2021-01-31,bull,-0.0342734466836429,0.525,0.5248640115805494,0.00013598841945061668,1.3598841945061668e-07,-0.017993693050416315,1.0960955707164297,1.0763727634630373,0.45000000000000001,BTC,0.050000000000000003,0,0,
2021-01-31,2021-02-01,bull,0.0123111866884537,0.5120196039795376,0.516296451413843,0.004276847434305342,4.276847434305342e-06,0.006299265125903286,1.0763727634630373,1.0831531208743923,0.45000000000000001,BTC,0.050000000000000003,0,0,
2021-02-01,2021-02-02,bull,0.0587635048648842,0.499279876370617,0.5150763536116623,0.01579647724104527,1.579647724104527e-05,0.029323175507078192,1.0831531208743923,1.1149146099388316,0.45000000000000001,BTC,0.025000000000000001,0,0,
2021-02-02,2021-02-03,bull,0.0609155366180831,0.4999442122423489,0.5135519864607355,0.013607774218386604,1.3607774218386604e-05,0.030440347777438426,1.1149146099388316,1.1488529984075169,0.45000000000000001,BTC,0.025000000000000001,0,0,
2021-02-03,2021-02-04,bull,-0.0176562151364791,0.49935471490352956,0.5147230170189351,0.015368302115405519,1.536830211540552e-05,-0.008831947079938729,1.1488529984075169,1.1387063895229528,0.45000000000000001,BTC,0.025000000000000001,0,0,
2021-02-04,2021-02-05,bull,0.0355712628541915,0.4991961309749809,0.49490140490953327,0.004294726065447618,4.2947260654476185e-06,0.017752665803032253,1.1387063895229528,1.1589214635039313,0.45000000000000001,BTC,0.025000000000000001,0,0,
2021-02-05,2021-02-06,bull,0.0250407336229947,0.499217229503799,0.5079337691398291,0.00871653963603014,8.71653963603014e-06,0.01249194016095867,1.1589214635039313,1.173398641077273,0.45000000000000001,BTC,0.025000000000000001,0,0,
2021-02-06,2021-02-07,bull,-0.0102836210981083,0.4863458650468502,0.5054001068653219,0.019054241818471707,1.9054241818471708e-05,-0.005020355542771804,1.173398641077273,1.1675077627056598,0.45000000000000001,ABSTAIN,0.025000000000000001,0,0,
2021-02-07,2021-02-08,bull,0.1941373745589132,0.4863207402236667,0.4837639638916938,0.002556776331972932,2.556776331972932e-06,0.09441023353123312,1.1675077627056598,1.2777324432322286,0.45000000000000001,ABSTAIN,0.025000000000000001,0,0,
2021-02-08,2021-02-09,bull,0.0024334151656295,0.49919188922043994,0.5306349203662669,0.03144303114582697,3.144303114582697e-05,0.001183259887499677,1.2777324432322286,1.2792443327792622,0.45000000000000001,BTC,0.025000000000000001,0,0,
2021-02-09,2021-02-10,bull,-0.0359632412070025,0.4991476733004317,0.4997995033288838,0.0006518300284520939,6.518300284520939e-07,-0.017951608301865818,1.2792443327792622,1.2562798395948271,0.45000000000000001,BTC,0.025000000000000001,0,0,
2021-02-10,2021-02-11,bull,0.0703608707288785,0.4991475141801432,0.4899925457207655,0.009154968459377688,9.154968459377689e-06,0.03511097722476486,1.2562798395948271,1.3003890524307724,0.5,BTC,0.025000000000000001,0,0,
2021-02-11,2021-02-12,bull,-0.0128983323852329,0.4991475266443078,0.5161408664856697,0.01699333984136192,1.699333984136192e-05,-0.006455054641743785,1.3003890524307724,1.2919949700418063,0.5,BTC,0.025000000000000001,0,0,
2021-02-12,2021-02-13,bull,-0.0042852589204103,0.4991475091105674,0.49590205804045856,0.003245451070108818,3.245451070108818e-06,-0.0021422148251437623,1.2919949700418063,1.2892272392629716,0.5,BTC,0.025000000000000001,0,0,
2021-02-13,2021-02-14,bull,0.0312643765887126,0.4991475118603801,0.498073901072571,0.0010736107878090984,1.0736107878090984e-06,0.015604445419062474,1.2892272392629716,1.3093449153508192,0.5,BTC,0.025000000000000001,0,0,
2021-02-14,2021-02-15,bull,-0.0145364016495557,0.4991475310103492,0.5068434835253973,0.007695952515048121,7.695952515048122e-06,-0.007263449105304076,1.3093449153508192,1.29983455519688,0.5,BTC,0.025000000000000001,0,0,
2021-02-15,2021-02-16,bull,0.0257299791598433,0.4991475134126539,0.4954868801783851,0.0036606332342687953,3.6606332342687955e-06,0.012839347470846363,1.29983455519688,1.3165235827056658,0.5,BTC,0.025000000000000001,0,0,
2021-02-16,2021-02-17,bull,0.0591726205366311,0.4991475135185625,0.5054984244038716,0.006350910885309091,6.350910885309092e-06,0.029529327918696113,1.3165235827056658,1.3553996392920782,0.5,BTC,0.025000000000000001,0,0,
2021-02-17,2021-02-18,bull,-0.0095431573449669,0.4991475104625745,0.5135162330689017,0.014368722606327211,1.436872260632721e-05,-0.004777743508704746,1.3553996392920782,1.3489238874637497,0.5,BTC,0.025000000000000001,0,0,
2021-02-18,2021-02-19,bull,0.0838351214178534,0.49914750860016976,0.49675030912924795,0.002397199470921818,2.397199470921818e-06,0.04184359447601382,1.3489238874637497,1.405367711589791,0.5,BTC,0.025000000000000001,0,0,
2021-02-19,2021-02-20,bull,0.0003058672857945,0.4991475084640058,0.5192644141480741,0.02011690568406832,2.0116905684068322e-05,0.00013255291663472057,1.405367711589791,1.4055539971789064,0.5,BTC,0.025000000000000001,0,0,
2021-02-20,2021-02-21,bull,0.0270028628291763,0.49914750837862587,0.499223963390573,7.645501194714077e-05,7.645501194714077e-08,0.013478334214769072,1.4055539971789064,1.4244985237097882,0.5,BTC,0.025000000000000001,0,0,
2021-02-21,2021-02-22,bull,-0.0578405050684439,0.4991475083769604,0.5058084258735088,0.006660917496548402,6.660917496548402e-06,-0.02887741259869936,1.4244985237097882,1.3833626920943827,0.5,BTC,0.025000000000000001,0,0,
2021-02-22,2021-02-23,bull,-0.0961084273670438,0.4991475083769469,0.4842575366039271,0.014889971773019761,1.4889971773019761e-05,-0.0479864577201341,1.3833626920943827,1.3169800167585848,0.5,BTC,0.025000000000000001,0,0,
2021-02-23,2021-02-24,bull,0.0160760725559789,0.4991475083775207,0.473909758947152,0.025237749430368717,2.5237749430368717e-05,0.007998891295313282,1.3169800167585848,1.3275143967507366,0.5,BTC,0.025000000000000001,0,0,
2021-02-24,2021-02-25,bull,-0.0557170883847275,0.4991475094859867,0.5031345217163904,0.003987012230403708,3.987012230403708e-06,-0.027814922032297518,1.3275143967507366,1.2905896873083624,0.5,BTC,0.025000000000000001,0,0,
2021-02-25,2021-02-26,bull,-0.0124210234718774,0.49914750956550513,0.4848198095613569,0.014327700004148236,1.4327700004148237e-05,-0.006214161801610607,1.2905896873083624,1.2825697541719383,0.5,BTC,0.025000000000000001,0,0,
2021-02-26,2021-02-27,bull,-0.0045074397569564,0.49914755373879927,0.49602289032591157,0.003124663412887696,3.124663412887696e-06,-0.002252995161612592,1.2825697541719383,1.2796801307213583,0.5,BTC,0.025000000000000001,0,0,
2021-02-27,2021-02-28,bull,-0.0210829990007953,0.49914763147255303,0.4980181560685183,0.001129475404034741,1.129475404034741e-06,-0.010524646604921917,1.2796801307213583,1.2662119495781758,0.5,BTC,0.025000000000000001,0,0,
2021-02-28,2021-03-01,bull,0.0981201842175183,0.49010713447222193,0.4938208403994117,0.003713705927189781,3.7137059271897812e-06,0.048085510024908684,1.2662119495781758,1.3270983969732764,0.5,BTC,0.025000000000000001,0,0,
2021-03-01,2021-03-02,bull,-0.0236170620318376,0.4770613127212626,0.5135025080887694,0.036441195367506785,3.6441195367506785e-05,-0.01130281723572324,1.3270983969732764,1.3120984463384662,0.5,BTC,0,0,0,
2021-03-02,2021-03-03,bull,0.0407007240181562,0.4770325552199075,0.47110233559495995,0.0059302196249475525,5.9302196249475525e-06,0.019409525019459917,1.3120984463384662,1.337565653960667,0.5,BTC,0,0,0,
2021-03-03,2021-03-04,bull,-0.0390335568338985,0.4770333441928683,0.4869928810422826,0.009959536849414308,9.959536849414308e-06,-0.018630082239421197,1.337565653960667,1.3126466958267546,0.5,BTC,0,0,0,
2021-03-04,2021-03-05,bull,0.007526637482448,0.4770338624746792,0.4671107827568063,0.009923079717872929,9.92307971787293e-06,0.0035805022415507093,1.3126466958267546,1.3173466302635264,0.5,BTC,0,0,0,
2021-03-05,2021-03-06,bull,0.0012932315417328,0.4770525337759837,0.47890483431813685,0.0018523005421531291,1.8523005421531293e-06,0.0006150859404434605,1.3173466302635264,1.318156911654492,0.5,BTC,0,0,0,
2021-03-06,2021-03-07,bull,0.0435303220101688,0.4770970264395322,0.4773749617450132,0.0002779353054809808,2.779353054809808e-07,0.020767903483488892,1.318156911654492,1.3455322671718264,0.5,BTC,0,0,0,
2021-03-07,2021-03-08,bull,0.0260619862187465,0.477093364469676,0.48773582472293314,0.010642460253257158,1.0642460253257158e-05,0.012423225901252666,1.3455322671718264,1.3622481184843267,0.5,BTC,0,0,0,
2021-03-08,2021-03-09,bull,0.0490910133623903,0.4771074730853051,0.48351533514874084,0.006407862063435743,6.407862063435743e-06,0.02341513139150897,1.3622481184843267,1.3941453371664732,0.5,BTC,0,0,0,
2021-03-09,2021-03-10,bull,0.0177280927130596,0.4770398300277917,0.48907421802475154,0.012034387996959828,1.2034387996959828e-05,0.0084448701716624,1.3941453371664732,1.4059187135392726,0.5,BTC,0,0,0,
2021-03-10,2021-03-11,bull,0.0348707922201392,0.4770317581944724,0.4814254185480699,0.004393660353597506,4.393660353597506e-06,0.016630008575818644,1.4059187135392726,1.4292991538023345,0.5,BTC,0,0,0,
2021-03-11,2021-03-12,bull,-0.0092457547210615,0.477031639066649,0.4855887199382279,0.00855708087157886,8.55708087157886e-06,-0.004419036868712478,1.4292991538023345,1.4229830281452625,0.5,BTC,0,0,0,
2021-03-12,2021-03-13,bull,0.0686316796792463,0.4770307745869119,0.47471485974784566,0.0023159148390662354,2.3159148390662353e-06,0.032737031582036336,1.4229830281452625,1.4695672684783556,0.5,BTC,0,0,0,
2021-03-13,2021-03-14,bull,-0.0340156842110423,0.4770307517970343,0.49360970095187673,0.016578949154842426,1.6578949154842426e-05,-0.0162428373424659,1.4695672684783556,1.4456973263726498,0.5,BTC,0,0,0,
2021-03-14,2021-03-15,bull,-0.0562035534909842,0.4770306124243347,0.4684048078393067,0.008625804585027985,8.625804585027985e-06,-0.026819210081957534,1.4456973263726498,1.4069248660617373,0.5,BTC,0,0,0,
2021-03-15,2021-03-16,bull,0.0196876573946116,0.4770307042127467,0.46262309946750374,0.014407604745242941,1.4407604745242941e-05,0.009377074155799026,1.4069248660617373,1.4201177048624358,0.5,BTC,0,0,0,
2021-03-16,2021-03-17,bull,0.0355741021661215,0.4770347262039761,0.48189653357271933,0.004861807368743254,4.861807368743254e-06,0.016965137774129113,1.4201177048624358,1.4442101973809072,0.5,BTC,0,0,0,
2021-03-17,2021-03-18,bull,-0.0213448530472641,0.4770355482491632,0.4857613975005763,0.008725849251413065,8.725849251413065e-06,-0.010190890676140207,1.4442101973809072,1.4294924091460315,0.5,BTC,0,0,0,
2021-03-18,2021-03-19,bull,0.0074927154155681,0.4770319203100499,0.4716558137163421,0.005376106593707797,5.3761065937077966e-06,0.0035688691008051165,1.4294924091460315,1.4345940804348682,0.5,BTC,0,0,0,
2021-03-19,2021-03-20,bull,9.29624018730646e-05,0.4770387032598922,0.478894489197952,0.0018557859380597952,1.8557859380597951e-06,4.249079540552536e-05,1.4345940804348682,1.43465503747843,0.5,BTC,0,0,0,
2021-03-20,2021-03-21,bull,-0.0122148126981722,0.4770486190760079,0.47706189382019226,1.3274744184388343e-05,1.3274744184388343e-08,-0.005827072727326632,1.43465503747843,1.4262951982364176,0.5,BTC,0,0,0,
2021-03-21,2021-03-22,bull,-0.0562092437238383,0.477037837184791,0.4739834895559215,0.0030543476288694693,3.0543476288694693e-06,-0.02681690850435947,1.4262951982364176,1.3880463704051043,0.5,BTC,0,0,0,
2021-03-22,2021-03-23,bull,0.0054322236850121,0.4770554538610598,0.462628800194984,0.014426653666075817,1.4426653666075817e-05,0.002577007895594008,1.3880463704051043,1.3916233768610888,0.5,ABSTAIN,0,0,0,
2021-03-23,2021-03-24,bull,-0.0390634038841191,0.4774069544327175,0.4784071471011194,0.0010001926684019002,1.0001926684019002e-06,-0.018650122218027088,1.3916233768610888,1.3656694308011659,0.5,ABSTAIN,0,0,0,
2021-03-24,2021-03-25,bull,-0.0191704220130185,0.4777155176064449,0.46747583639109147,0.010239681215353402,1.0239681215353403e-05,-0.009168153980815275,1.3656694308011659,1.3531487631726884,0.5,ABSTAIN,0,0,0,
2021-03-25,2021-03-26,bull,0.0723623064437874,0.4779096763809865,0.47288822370285505,0.005021452678131477,5.021452678131477e-06,0.034577451346931465,1.3531487631726884,1.3999371986964526,0.5,BTC,0,0,0,
2021-03-26,2021-03-27,bull,0.0150228668092398,0.4781989951117304,0.49536141418175494,0.017162419070024526,1.7162419070024528e-05,0.007166634099363467,1.3999371986964526,1.409970036361598,0.5,BTC,0,0,0,
2021-03-27,2021-03-28,bull,-0.0017489245993316,0.4773149356613314,0.48192083429436317,0.004605898633031791,4.605898633031791e-06,-0.0008393898862913973,1.409970036361598,1.4087865217731022,0.5,BTC,0,0,0,
2021-03-28,2021-03-29,bull,0.0331927438617631,0.4770931810135135,0.4768782399810959,0.00021494103241759266,2.1494103241759267e-07,0.015835813410729704,1.4087865217731022,1.4310958022674518,0.5,BTC,0,0,0,
2021-03-29,2021-03-30,bull,0.0200481808935681,0.4770600529983269,0.48524485976068893,0.008184806762362051,8.184806762362051e-06,0.009555923151827184,1.4310958022674518,1.444771243776822,0.5,BTC,0,0,0,
2021-03-30,2021-03-31,bull,-0.0001293148186275,0.4770429236401445,0.4820141659843303,0.004971242344185778,4.971242344185778e-06,-6.6659654822665e-05,1.444771243776822,1.4446749358244142,0.5,BTC,0,0,0,
2021-03-31,2021-04-01,bull,-0.000772585797014,0.471083574107148,0.4770106610976995,0.0059270869905515,5.9270869905515e-06,-0.0003698774083743528,1.4446749358244142,1.4441405832032082,0.45000000000000001,BTC,0,0,0,
2021-04-01,2021-04-02,bull,0.0044108906422699,0.4710994325455857,0.47089100357647035,0.00020842896911532627,2.0842896911532628e-07,0.002077759216516206,1.4441405832032082,1.4471411596099037,0.45000000000000001,BTC,0,0,0,
2021-04-02,2021-04-03,bull,-0.0325108134824755,0.4710964425418231,0.4721961920103485,0.0010997494685254239,1.099749468525424e-06,-0.015316811481739023,1.4471411596099037,1.4249755712806937,0.45000000000000001,BTC,0,0,0,
2021-04-03,2021-04-04,bull,0.0199790045198116,0.4711141126224043,0.46286990377823206,0.008244208844172263,8.244208844172263e-06,0.009404069178868824,1.4249755712806937,1.4383761401312156,0.45000000000000001,BTC,0,0,0,
2021-04-04,2021-04-05,bull,0.0136340440447493,0.4712488457071424,0.4760457746498679,0.004796928942725487,4.796928942725487e-06,0.00642019976906516,1.4383761401312156,1.447610802293915,0.45000000000000001,BTC,0,0,0,
2021-04-05,2021-04-06,bull,-0.0169018907199788,0.4712291002505418,0.47462439840489146,0.0033952981543496352,3.3952981543496355e-06,-0.007968031012258181,1.447610802293915,1.436076194527557,0.45000000000000001,BTC,0,0,0,
2021-04-06,2021-04-07,bull,-0.0353057005360687,0.471140061770576,0.4669838060217473,0.004156255748828663,4.156255748828664e-06,-0.016638017052298726,1.436076194527557,1.4121827343146074,0.45000000000000001,BTC,0,0,0,
2021-04-07,2021-04-08,bull,0.0380473540940182,0.4720330351894304,0.46219423841567,0.009838796773760428,9.838796773760427e-06,0.017949592536218972,1.4121827343146074,1.437530838982238,0.45000000000000001,BTC,0,0,0,
2021-04-08,2021-04-09,bull,0.0007111199881537,0.4795224209248713,0.4813478249591083,0.001825404034236977,1.825404034236977e-06,0.000339171951794226,1.437530838982238,1.43801840912266,0.5,ABSTAIN,0,0,0,
2021-04-09,2021-04-10,bull,0.0280408887328864,0.4776698781789456,0.4796998422267747,0.0020299640478291248,2.0299640478291247e-06,0.013392230751096523,1.43801840912266,1.4572766834819553,0.5,ABSTAIN,0,0,0,
2021-04-10,2021-04-11,mix,0.0038544965220825,0.4856816249521291,0.4845736471429714,0.0011079778091576675,1.1079778091576674e-06,0.0018709480822092228,1.4572766834819553,1.4600031724981641,0.5,ABSTAIN,0.050000000000000003,0,0,
2021-04-11,2021-04-12,bull,-0.0019156800664235,0.4817128818244109,0.4866426597367292,0.0049297779123183005,4.929777912318301e-06,-0.0009277329941254076,1.4600031724981641,1.4586486793835098,0.5,ABSTAIN,0,0,0,
2021-04-12,2021-04-13,bull,0.061424433463963,0.4732458489591251,0.4812341606794354,0.007988311720310337,7.988311720310338e-06,0.02906063763866573,1.4586486793835098,1.5010379400971923,0.45000000000000001,ABSTAIN,0,0,0,
2021-04-13,2021-04-14,bull,-0.0088210900380699,0.4770556995987098,0.4881254574334674,0.01106975783475761,1.106975783475761e-05,-0.0042191744539537,1.5010379400971923,1.4947047991659188,0.5,BTC,0,0,0,
2021-04-14,2021-04-15,bull,0.0037408463585495,0.4719345277600738,0.4748457711587636,0.002911243398689811,2.911243398689811e-06,0.0017625181766365294,1.4947047991659188,1.4973392435431545,0.45000000000000001,BTC,0,0,0,
2021-04-15,2021-04-16,bull,-0.0290480258162491,0.471656744050047,0.47286514984213585,0.0012084057920888625,1.2084057920888624e-06,-0.01370188912736392,1.4973392435431545,1.4768228672420753,0.45000000000000001,BTC,0,0,0,
2021-04-16,2021-04-17,bull,-0.0217954796129664,0.4717127569328381,0.46431752056237185,0.0073952363704662405,7.39523637046624e-06,-0.010288524981329483,1.4768228672420753,1.4616285382794567,0.45000000000000001,BTC,0,0,0,
2021-04-17,2021-04-18,bull,-0.0638687316690511,0.4739258358821805,0.4662249053461141,0.007700930536066408,7.700930536066408e-06,-0.030276509873735646,1.4616285382794567,1.417375527408505,0.45000000000000001,BTC,0,0,0,
2021-04-18,2021-04-19,bull,-0.0099809454677434,0.4774241289388977,0.45750503291538597,0.019919096023511718,1.9919096023511716e-05,-0.004784968374582643,1.417375527408505,1.4105934303349479,0.5,ABSTAIN,0,0,0,
2021-04-19,2021-04-20,mix,0.0150432824582495,0.4940080615065877,0.4749220568255723,0.0190860046810154,1.9086004681015402e-05,0.0074122749635177065,1.4105934303349479,1.4210491367023221,0.5,ABSTAIN,0.050000000000000003,0,0,
2021-04-20,2021-04-21,mix,-0.0471467622231035,0.4991608381093423,0.49774060362007266,0.001420234489269645,1.4202344892696451e-06,-0.023535204156376444,1.4210491367023221,1.3876044551537905,0.5,ABSTAIN,0.050000000000000003,0,0,
2021-04-21,2021-04-22,mix,-0.0388460094908602,0.4974060847862859,0.4870901104541065,0.0103159743321794,1.0315974332179401e-05,-0.019332358137004624,1.3876044551537905,1.3607787888742542,0.5,ABSTAIN,0.050000000000000003,0,0,
2021-04-22,2021-04-23,mix,-0.0113262258479204,0.4978830239714925,0.4875035037222125,0.010379520249279961,1.0379520249279961e-05,-0.005649456564074118,1.3607787888742542,1.3530911282131957,0.5,ABSTAIN,0.050000000000000003,0,0,
2021-04-23,2021-04-24,mix,-0.0206223261561563,0.4997736047749127,0.4950354604723536,0.004738144302559144,4.738144302559144e-06,-0.010311183592551676,1.3530911282131957,1.3391391571727365,0.5,ABSTAIN,0.050000000000000003,0,0,
2021-04-24,2021-04-25,mix,-0.0224660553535813,0.4995953587872586,0.49456433498354924,0.005031023803709345,5.031023803709345e-06,-0.0112289115408164,1.3391391571727365,1.3241020820360003,0.5,ABSTAIN,0.050000000000000003,0,0,
2021-04-25,2021-04-26,mix,0.1032787621825193,0.4998256885830921,0.4939150936898206,0.0059105948932715036,5.9105948932715035e-06,0.05161516271593802,1.3241020820360003,1.3924458264528008,0.5,ABSTAIN,0.050000000000000003,0,0,
2021-04-26,2021-04-27,mix,0.0188076748641718,0.4999791634066346,0.5243779541962699,0.02439879078963525,2.439879078963525e-05,0.009378817320722543,1.3924458264528008,1.4055053214881041,0.5,ABSTAIN,0.050000000000000003,0,0,
2021-04-27,2021-04-28,mix,-0.0035449201893288,0.4999701222475044,0.5046372797709416,0.004667157523437215,4.667157523437216e-06,-0.001777013066083577,1.4055053214881041,1.4030077201673699,0.5,ABSTAIN,0.050000000000000003,0,0,
2021-04-28,2021-04-29,mix,-0.0233509720758404,0.4996982227857378,0.49908231870100966,0.0006159040847281139,6.159040847281139e-07,-0.011669047964062207,1.4030077201673699,1.3866359557867873,0.5,ABSTAIN,0.050000000000000003,0,0,
2021-04-29,2021-04-30,mix,0.0776594076264731,0.4999380717736035,0.4937915603616935,0.006146511411909972,6.146511411909972e-06,0.03881850935479014,1.3866359557867873,1.440463096608185,0.5,ABSTAIN,0.050000000000000003,0,0,
2021-04-30,2021-05-01,mix,0.0015038036877839,0.4999817873713978,0.518627315467613,0.01864552809621517,1.864552809621517e-05,0.0007332149084813278,1.440463096608185,1.4415192656257354,0.5,ABSTAIN,0.050000000000000003,0,0,
2021-05-01,2021-05-02,mix,-0.0208157821444078,0.4999725056177115,0.5003574558373216,0.0003849502196101029,3.849502196101029e-07,-0.010407699699051975,1.4415192656257354,1.4265163659987048,0.5,ABSTAIN,0.050000000000000003,0,0,
2021-05-02,2021-05-03,mix,0.0099993286669799,0.4999146029512973,0.4947138313985165,0.005200771552780814,5.200771552780814e-06,0.004993583651108802,1.4265163659987048,1.433639794801995,0.5,ABSTAIN,0.050000000000000003,0,0,
2021-05-03,2021-05-04,mix,-0.0599669755710182,0.4999806948205503,0.5024020010137665,0.0024213061932162327,2.4213061932162326e-06,-0.02998467882207634,1.433639794801995,1.3906525660083098,0.5,ABSTAIN,0.050000000000000003,0,0,
2021-05-04,2021-05-05,mix,0.0688443753895966,0.4999268609313126,0.484525570304993,0.01540129062631962,1.540129062631962e-05,0.034401221122103864,1.3906525660083098,1.4384927124355829,0.5,ABSTAIN,0.050000000000000003,0,0,
2021-05-05,2021-05-06,mix,-0.0180340625995581,0.4999959372234452,0.5165653064925095,0.016569369269064327,1.6569369269064328e-05,-0.00903337799537407,1.4384927124355829,1.4254982640205613,0.5,ABSTAIN,0.050000000000000003,0,0,
2021-05-06,2021-05-07,mix,0.0165196949228265,0.4999931185420043,0.4954463985747962,0.004546719967208068,4.546719967208069e-06,0.008255149507162773,1.4254982640205613,1.4372659653122521,0.5,ABSTAIN,0.050000000000000003,0,0,
2021-05-07,2021-05-08,mix,0.0262116043336613,0.4999887219898302,0.504089209649832,0.0041004876600017615,4.1004876600017615e-06,0.013101352325462612,1.4372659653122521,1.4560960931092042,0.5,ABSTAIN,0.050000000000000003,0,0,
2021-05-08,2021-05-09,mix,-0.0102277188515994,0.4999801523816481,0.5064568549115266,0.006476702529878475,6.476702529878475e-06,-0.005120100012837692,1.4560960931092042,1.4486407354841828,0.5,ABSTAIN,0.050000000000000003,0,0,
2021-05-09,2021-05-10,mix,-0.0410279833030841,0.4999387945170253,0.49741008020667427,0.00252871431035101,2.52871431035101e-06,-0.020513957360644652,1.4486407354841828,1.4189233812055675,0.5,ABSTAIN,0.050000000000000003,0,0,
2021-05-10,2021-05-11,mix,0.0151623398133176,0.499985412291583,0.4894670069789148,0.010518405312668178,1.0518405312668178e-05,0.007570350578062657,1.4189233812055675,1.4296651286447037,0.5,ABSTAIN,0.050000000000000003,0,0,
2021-05-11,2021-05-12,mix,-0.128960397349358,0.4999985871978387,0.5037474772203686,0.003748890022529927,3.7488900225299273e-06,-0.064483523640683,1.4296651286447037,1.3374752835234829,0.5,ABSTAIN,0.050000000000000003,0,0,
2021-05-12,2021-05-13,mix,0.0064879050384536,0.4999991655732534,0.4655363630818494,0.03446280249140399,3.4462802491403986e-05,0.0032093725075454937,1.3374752835234829,1.3417677399279448,0.5,ABSTAIN,0.050000000000000003,0,0,
2021-05-13,2021-05-14,bear,0.0027200701745915,0.47499999832854206,0.5016158972408488,0.0266158989123067,2.66158989123067e-05,0.0012653830408437816,1.3417677399279448,1.343465590070801,0.45000000000000001,CASH,0.050000000000000003,0,0,
2021-05-14,2021-05-15,bear,-0.0628212793791307,0.47499999991941527,0.4756774405501751,0.0006774406307598069,6.774406307598068e-07,-0.02984076492575405,1.343465590070801,1.3033755492116588,0.45000000000000001,CASH,0.050000000000000003,0,0,
2021-05-15,2021-05-16,bear,-0.0060459699242969,0.47499999976805185,0.45885208794195986,0.016147911826091987,1.6147911826091987e-05,-0.002887937250314998,1.3033755492116588,1.2996114824119407,0.45000000000000001,CASH,0.050000000000000003,0,0,
2021-05-16,2021-05-17,bear,-0.0621435217893266,0.4749999999987472,0.4734879436414666,0.0015120563572805779,1.5120563572805778e-06,-0.029519640273068526,1.2996114824119407,1.261247418956391,0.45000000000000001,CASH,0.050000000000000003,0,0,
2021-05-17,2021-05-18,bear,-0.0147905551740531,0.47499999999968145,0.459031601299601,0.015968398700080433,1.5968398700080434e-05,-0.007041369920166574,1.261247418956391,1.2523665093186636,0.45000000000000001,CASH,0.050000000000000003,0,0,
2021-05-18,2021-05-19,bear,-0.1439904143151201,0.47499999999999737,0.4712855090963941,0.0037144909036032625,3.7144909036032627e-06,-0.06839890723632036,1.2523665093186636,1.1667060086219019,0.45000000000000001,CASH,0.050000000000000003,0,0,
2021-05-19,2021-05-20,bear,0.1088411105513269,0.4749999999999995,0.43645616780587543,0.03854383219412405,3.854383219412405e-05,0.05165899098177307,1.1667060086219019,1.2269768637996812,0.30000000000000004,CASH,0.050000000000000003,0,0,
2021-05-20,2021-05-21,bear,-0.0839890758696569,0.475,0.5008079910028581,0.025807991002858133,2.5807991002858133e-05,-0.039919589424165514,1.2269768637996812,1.1779964511638477,0.30000000000000004,CASH,0.050000000000000003,0,0,
2021-05-21,2021-05-22,bear,0.0040458584244478,0.475,0.45318491553238904,0.021815084467610935,2.1815084467610935e-05,0.001899925743292119,1.1779964511638477,1.1802345569469206,0.30000000000000004,CASH,0.050000000000000003,0,0,
2021-05-22,2021-05-23,bear,-0.0739312598969781,0.475,0.4760070007080051,0.0010070007080051346,1.0070007080051346e-06,-0.03511832008857796,1.1802345569469206,1.1387867019964577,0.30000000000000004,CASH,0.050000000000000003,0,0,
2021-05-23,2021-05-24,bear,0.1173856751932687,0.475,0.45589238322690073,0.019107616773099245,1.9107616773099246e-05,0.0557380226937938,1.1387867019964577,1.2022604210357268,0.30000000000000004,CASH,0.050000000000000003,0,0,
2021-05-24,2021-05-25,bear,-0.0096075931727507,0.475,0.502727042868416,0.027727042868415985,2.7727042868415985e-05,-0.004591207264604824,1.2022604210357268,1.1967405942567209,0.30000000000000004,CASH,0.050000000000000003,0,0,
2021-05-25,2021-05-26,bear,0.022692511132593,0.475,0.4725931224097108,0.0024068775902891804,2.4068775902891804e-06,0.010776509966795356,1.1967405942567209,1.209637281198397,0.30000000000000004,CASH,0.050000000000000003,0,0,
2021-05-26,2021-05-27,bear,-0.0211953364654564,0.475,0.4805985979961965,0.005598597996196497,5.598597996196497e-06,-0.010073327053608083,1.209637281198397,1.1974522092486484,0.30000000000000004,CASH,0.050000000000000003,0,0,
2021-05-27,2021-05-28,bear,-0.071707277710823,0.475,0.4696606576187462,0.0053393423812537755,5.3393423812537755e-06,-0.03406611439191132,1.1974522092486484,1.156659665309537,0.30000000000000004,CASH,0.050000000000000003,0,0,
2021-05-28,2021-05-29,bear,-0.0302250262881178,0.475,0.45648744218684695,0.01851255781315303,1.851255781315303e-05,-0.014375134261959466,1.156659665309537,1.1400325273253191,0.30000000000000004,CASH,0.050000000000000003,0,0,
2021-05-29,2021-05-30,bear,0.0308865795758808,0.475,0.4673528447214722,0.007647155278527773,7.647155278527773e-06,0.014663365950891682,1.1400325273253191,1.1567492414694103,0.30000000000000004,CASH,0.050000000000000003,0,0,
2021-05-30,2021-05-31,bear,0.046161872279316,0.475,0.4825909726705478,0.007590972670547813,7.5909726705478135e-06,0.021919131913586964,1.1567492414694103,1.18210418068412,0.30000000000000004,CASH,0.050000000000000003,0,0,
2021-05-31,2021-06-01,bear,-0.0163813118991061,0.475,0.48626461884878236,0.011264618848782382,1.1264618848782382e-05,-0.007792300119537687,1.18210418068412,1.1728928701356691,0.30000000000000004,CASH,0.050000000000000003,0,0,
2021-06-01,2021-06-02,bear,0.0236646714421222,0.4625,0.4708828744844916,0.008382874484491598,8.382874484491598e-06,0.01093643591768556,1.1728928701356691,1.185720137848218,0.30000000000000004,CASH,0.075000000000000011,0,0,
2021-06-02,2021-06-03,bear,0.0434420249335654,0.4625,0.46831919880595796,0.005819198805957937,5.8191988059579374e-06,0.020086000413994887,1.185720137848218,1.2095365130279194,0.30000000000000004,CASH,0.075000000000000011,0,0,
2021-06-03,2021-06-04,bear,-0.0596111495305876,0.4625,0.47308670841232764,0.010586708412327617,1.0586708412327617e-05,-0.02758045148909971,1.2095365130279194,1.1761769499060581,0.30000000000000004,CASH,0.075000000000000011,0,0,
2021-06-04,2021-06-05,bear,-0.0361262696295653,0.4625,0.4472608963206139,0.015239103679386135,1.5239103679386134e-05,-0.016723384186318024,1.1761769499060581,1.1565072909016874,0.30000000000000004,CASH,0.075000000000000011,0,0,
2021-06-05,2021-06-06,bear,0.0083164414414413,0.4625,0.4533666311824302,0.00913336881756982,9.13336881756982e-06,0.003837185667677989,1.1565072909016874,1.1609450241029005,0.30000000000000004,CASH,0.075000000000000011,0,0,
2021-06-06,2021-06-07,bear,-0.0624703339904063,0.4625,0.46455949382194006,0.0020594938219400394,2.0594938219400396e-06,-0.028894529460398832,1.1609450241029005,1.1274000639020558,0.30000000000000004,CASH,0.075000000000000011,0,0,
2021-06-07,2021-06-08,bear,-0.005810352016201,0.4625,0.44650822250707134,0.015991777492928683,1.5991777492928684e-05,-0.002703236610477111,1.1274000639020558,1.1243524347746616,0.30000000000000004,CASH,0.075000000000000011,0,0,
2021-06-08,2021-06-09,bear,0.1183030833151101,0.4625,0.46105169077976355,0.0014483092202364767,1.4483092202364767e-06,0.05471364847952431,1.1243524347746616,1.1858698586580196,0.30000000000000004,CASH,0.075000000000000011,0,0,
2021-06-09,2021-06-10,bear,-0.0182898409415999,0.4625,0.4903837432002011,0.027883743200201094,2.7883743200201095e-05,-0.008486699308672185,1.1858698586580196,1.1758057377483715,0.30000000000000004,CASH,0.075000000000000011,0,0,
2021-06-10,2021-06-11,bear,0.0181503653538666,0.4625,0.4579144706245785,0.004585529375421504,4.585529375421505e-06,0.008389919953359914,1.1758057377483715,1.1856706537687816,0.30000000000000004,CASH,0.075000000000000011,0,0,
2021-06-11,2021-06-12,bear,-0.0495007316171149,0.4625,0.4669745059502171,0.004474505950217089,4.474505950217089e-06,-0.02289846043913113,1.1856706537687816,1.1585206212096184,0.40000000000000002,CASH,0.075000000000000011,0,0,
2021-06-12,2021-06-13,bear,0.1002438852470573,0.4625,0.4499061016784242,0.012593898321575814,1.2593898321575814e-05,0.04634961914009206,1.1585206212096184,1.212217610768627,0.40000000000000002,CASH,0.075000000000000011,0,0,
2021-06-13,2021-06-14,bear,0.0386055367489346,0.4625,0.4863158346429436,0.023815834642943567,2.3815834642943567e-05,0.017830819678565035,1.212217610768627,1.2338324443974233,0.40000000000000002,CASH,0.075000000000000011,0,0,
2021-06-14,2021-06-15,bear,-0.0092105977389254,0.4625,0.47192874434808335,0.009428744348083329,9.42874434808333e-06,-0.004269290033079298,1.2338324443974233,1.2285648558400675,0.40000000000000002,CASH,0.075000000000000011,0,0,
2021-06-15,2021-06-16,bear,-0.045325616780514,0.4625,0.46020050735628204,0.002299492643717982,2.299492643717982e-06,-0.02096534904914238,1.2285648558400675,1.202807564807871,0.40000000000000002,CASH,0.075000000000000011,0,0,
2021-06-16,2021-06-17,bear,-0.0074081803005008,0.4625,0.45099107217433554,0.011508927825664483,1.1508927825664484e-05,-0.0034377528839590887,1.202807564807871,1.198672609633105,0.40000000000000002,CASH,0.075000000000000011,0,0,
2021-06-17,2021-06-18,bear,-0.0605119310417323,0.4625,0.4606520410473594,0.001847958952640616,1.847958952640616e-06,-0.027988564347355194,1.198672609633105,1.1651234841669766,0.40000000000000002,CASH,0.075000000000000011,0,0,
2021-06-18,2021-06-19,bear,-0.0066015093959619,0.4625,0.4470239886003337,0.015476011399666312,1.5476011399666312e-05,-0.0030686268557035268,1.1651234841669766,1.161548154953251,0.45000000000000001,CASH,0.075000000000000011,0,0,
2021-06-19,2021-06-20,bear,0.0023202509475297,0.4625,0.46085388009343375,0.001646119906566268,1.646119906566268e-06,0.0010714681768482226,1.161548154953251,1.1627927168371601,0.45000000000000001,CASH,0.075000000000000011,0,0,
2021-06-20,2021-06-21,bear,-0.1096702419948422,0.4625,0.4630761815742848,0.0005761815742847953,5.761815742847953e-07,-0.050723033878826373,1.1627927168371601,1.1038123424669763,0.45000000000000001,CASH,0.075000000000000011,0,0,
2021-06-21,2021-06-22,bear,0.0253817998232992,0.4625,0.4337799088303245,0.0287200911696755,2.87200911696755e-05,0.011710025179588968,1.1038123424669763,1.1167380127908058,0.40000000000000002,CASH,0.075000000000000011,0,0,
2021-06-22,2021-06-23,bear,0.0362470919855737,0.4625,0.4687365454784465,0.006236545478446487,6.236545478446487e-06,0.01675793894665456,1.1167380127908058,1.1354522402285625,0.40000000000000002,CASH,0.075000000000000011,0,0,
2021-06-23,2021-06-24,bear,0.0294438191736725,0.4625,0.4713622315910869,0.0088622315910869,8.8622315910869e-06,0.013608783452433215,1.1354522402285625,1.1509043638864132,0.40000000000000002,CASH,0.075000000000000011,0,0,
2021-06-24,2021-06-25,bear,-0.0886118306803824,0.4625,0.4697212126361339,0.0072212126361339,7.221212636133901e-06,-0.0409898969555601,1.1509043638864132,1.1037289126050047,0.40000000000000002,CASH,0.075000000000000011,0,0,
2021-06-25,2021-06-26,bear,0.0205545356713301,0.4625,0.43953028556019214,0.022969714439807887,2.2969714439807888e-05,0.009483284672585857,1.1037289126050047,1.1141958880846017,0.40000000000000002,CASH,0.075000000000000011,0,0,
2021-06-26,2021-06-27,bear,0.0755224324978134,0.4625,0.4675616110346827,0.005061611034682667,5.061611034682667e-06,0.03492388662155932,1.1141958880846017,1.153107938954276,0.40000000000000002,CASH,0.075000000000000011,0,0,
2021-06-27,2021-06-28,bear,-0.0058422365442565,0.4625,0.4806407637003209,0.01814076370032086,1.814076370032086e-05,-0.002720126148451407,1.153107938954276,1.1499713398975395,0.40000000000000002,CASH,0.075000000000000011,0,0,
2021-06-28,2021-06-29,bear,0.0394130392535074,0.4625,0.4610437215947268,0.001456278405273237,1.456278405273237e-06,0.0182270478305262,1.1499713398975395,1.1709319225135864,0.40000000000000002,CASH,0.075000000000000011,0,0,
2021-06-29,2021-06-30,bear,-0.0225423960574525,0.4625,0.4721224324225392,0.009622432422539184,9.622432422539184e-06,-0.010435380286878626,1.1709319225135864,1.1587128026121112,0.40000000000000002,CASH,0.075000000000000011,0,0,
2021-06-30,2021-07-01,bear,-0.0423474529575841,0.45039160115582283,0.4568370602231165,0.006445459067293657,6.445459067293657e-06,-0.01907925966766877,1.1587128026121112,1.1366054201708224,0.40000000000000002,CASH,0.075000000000000011,0,0,
2021-07-01,2021-07-02,bear,0.008043263096388,0.43821884376996256,0.4397051323641746,0.0014862885942120152,1.4862885942120153e-06,0.0035232179269071295,1.1366054201708224,1.140609928762988,0.40000000000000002,CASH,0.10000000000000001,0,0,
2021-07-02,2021-07-03,bear,0.027486144546245,0.43821883751107293,0.44019200430494626,0.0019731667938733266,1.9731667938733267e-06,0.012042949377234935,1.140609928762988,1.1543462363942523,0.40000000000000002,CASH,0.10000000000000001,0,0,
2021-07-03,2021-07-04,bear,0.0159860460296807,0.43821884024503543,0.44490492785243385,0.0066860876073984166,6.686087607398417e-06,0.006998653624994855,1.1543462363942523,1.1624251058660922,0.40000000000000002,CASH,0.10000000000000001,0,0,
2021-07-04,2021-07-05,bear,-0.0456227229717094,0.4382188426048788,0.4421269565608381,0.0039081139559593026,3.908113955959303e-06,-0.01999656683720763,1.1624251058660922,1.1391805945433926,0.40000000000000002,CASH,0.10000000000000001,0,0,
2021-07-05,2021-07-06,bear,0.0159642363110679,0.4382188637271961,0.42675816953284046,0.011460694194355636,1.1460694194355637e-05,0.0069842886252518,1.1391805945433926,1.1471369606119697,0.40000000000000002,CASH,0.10000000000000001,0,0,
2021-07-06,2021-07-07,bear,-0.010454162965733,0.4382188571275975,0.44212168529666024,0.003902828169062733,3.902828169062733e-06,-0.004585096295557478,1.1471369606119697,1.1418772271833706,0.40000000000000002,CASH,0.10000000000000001,0,0,
2021-07-07,2021-07-08,bear,-0.0295708608176498,0.4382188772885729,0.43563337433820853,0.00258550295036436,2.58550295036436e-06,-0.012961061426653209,1.1418772271833706,1.1270772863001506,0.40000000000000002,CASH,0.10000000000000001,0,0,
2021-07-08,2021-07-09,bear,0.0283299306584556,0.43821888883560883,0.43084345685828174,0.007375431977327096,7.375431977327096e-06,0.012407243738106422,1.1270772863001506,1.1410612089029601,0.40000000000000002,CASH,0.10000000000000001,0,0,
2021-07-09,2021-07-10,bear,-0.0084858598590424,0.438218907257381,0.44510771602959576,0.006888808772214761,6.888808772214761e-06,-0.0037255274261741578,1.1410612089029601,1.1368101540742488,0.40000000000000002,CASH,0.10000000000000001,0,0,
2021-07-10,2021-07-11,bear,0.021399199059402,0.4382189924699815,0.43612203443416986,0.002096958035811669,2.0969580358116692e-06,0.009375418829141724,1.1368101540742488,1.147468225397916,0.40000000000000002,CASH,0.10000000000000001,0,0,
2021-07-11,2021-07-12,bear,-0.0325671897322927,0.4382189609777992,0.4434381707546678,0.005219209776868572,5.219209776868572e-06,-0.014276704769963344,1.147468225397916,1.1310861603109963,0.40000000000000002,CASH,0.10000000000000001,0,0,
2021-07-12,2021-07-13,bear,-0.0116238335396974,0.43821944159627096,0.4300853904056227,0.00813405119064825,8.134051190648251e-06,-0.005101882461017393,1.1310861603109963,1.125315491667806,0.40000000000000002,CASH,0.10000000000000001,0,0,
2021-07-13,2021-07-14,bear,0.0028293729241843,0.4382191821935422,0.435343198516106,0.0028759836774362446,2.8759836774362445e-06,0.0012370059393886912,1.125315491667806,1.1267075136146854,0.40000000000000002,CASH,0.10000000000000001,0,0,
2021-07-14,2021-07-15,bear,-0.0298652984244698,0.4382189464324375,0.43891486351234255,0.0006959170799050729,6.959170799050729e-07,-0.013088226419698978,1.1267075136146854,1.1119609105677202,0.40000000000000002,CASH,0.10000000000000001,0,0,
2021-07-15,2021-07-16,bear,-0.0140230209952733,0.43821898361108425,0.43076911467322526,0.007449868937858983,7.449868937858984e-06,-0.006152558096051419,1.1119609105677202,1.105119506464914,0.40000000000000002,CASH,0.10000000000000001,0,0,
2021-07-16,2021-07-17,bear,0.0039689112569281,0.43821894899177544,0.43474540708405285,0.003473541907722588,3.473541907722588e-06,0.0017357725363797982,1.105119506464914,1.1070377425536533,0.40000000000000002,CASH,0.10000000000000001,0,0,
2021-07-17,2021-07-18,bear,0.0084648429816045,0.4382189333985353,0.43919433143953246,0.0009753980409971663,9.753980409971663e-07,0.0037084754465490644,1.1070377425536533,1.1111431648403165,0.40000000000000002,CASH,0.10000000000000001,0,0,
2021-07-18,2021-07-19,bear,-0.0298313061971848,0.43821897509312874,0.44029513311484486,0.0020761580217161235,2.0761580217161234e-06,-0.0130746934445658,1.1111431648403165,1.0966153085870047,0.40000000000000002,CASH,0.10000000000000001,0,0,
2021-07-19,2021-07-20,bear,-0.0338357568131997,0.4382198213515216,0.43077773482026366,0.007442086531257941,7.442086531257941e-06,-0.014834831044972296,1.0966153085870047,1.0803472057627863,0.40000000000000002,CASH,0.10000000000000001,0,0,
2021-07-20,2021-07-21,bear,0.0784592767622793,0.438219159408736,0.42976465720194157,0.008454502206794445,8.454502206794445e-06,0.03437361312265241,1.0803472057627863,1.117482642651815,0.40000000000000002,CASH,0.10000000000000001,0,0,
2021-07-21,2021-07-22,bear,0.0052129692450375,0.43821893740054035,0.4568924768701597,0.01867353946961936,1.867353946961936e-05,0.002265705645551064,1.117482642651815,1.1200145293840764,0.40000000000000002,CASH,0.10000000000000001,0,0,
2021-07-22,2021-07-23,bear,0.0403852762787586,0.43822670470899705,0.4394993573118596,0.001272652602862523,1.272652602862523e-06,0.017696611366513126,1.1200145293840764,1.1398349912354344,0.40000000000000002,CASH,0.10000000000000001,0,0,
2021-07-23,2021-07-24,bear,0.0065916145140507,0.43823349225321634,0.4479960195657567,0.009762527312540348,9.762527312540349e-06,0.0028788755200837013,1.1398349912354344,1.1431164342886369,0.40000000000000002,CASH,0.10000000000000001,0,0,
2021-07-24,2021-07-25,bear,0.0463062604952577,0.4382692112147445,0.439851574105014,0.0015823628902695286,1.5823628902695286e-06,0.020292993785235858,1.1431164342886369,1.166313688985457,0.40000000000000002,CASH,0.10000000000000001,0,0,
2021-07-25,2021-07-26,bear,0.0532761061396791,0.4383073961040341,0.44944255880919926,0.01113516270516518,1.113516270516518e-05,0.023339916173288344,1.166313688985457,1.1935353527181363,0.40000000000000002,CASH,0.10000000000000001,0,0,
2021-07-26,2021-07-27,bear,0.058358326671424,0.4393883824027889,0.4511243620225233,0.011735979619734438,1.1735979619734438e-05,0.025629933842624686,1.1935353527181363,1.2241255848471357,0.40000000000000002,CASH,0.10000000000000001,0,0,
2021-07-27,2021-07-28,bear,0.0139714082936226,0.43936263338456105,0.45340417652366105,0.014041543139099999,1.40415431391e-05,0.006124387002618192,1.2241255848471357,1.231622603668546,0.40000000000000002,CASH,0.10000000000000001,0,0,
2021-07-28,2021-07-29,bear,-4.499640028787777e-05,0.44294949433199304,0.4427831174315714,0.00016637690042164976,1.6637690042164976e-07,-2.0097506338467852e-05,1.231622603668546,1.2315978511254622,0.40000000000000002,CASH,0.10000000000000001,0,0,
2021-07-29,2021-07-30,mix,0.0550480733174338,0.4936729300492894,0.442938391463121,0.05073453858616844,5.073453858616845e-05,0.02712363036078469,1.2315978511254622,1.265003255992526,0.40000000000000002,ABSTAIN,0.050000000000000003,0,0,
2021-07-30,2021-07-31,bear,-0.0153944942824513,0.44300046370647744,0.5070687045700616,0.06406824086358415,6.406824086358415e-05,-0.0068833994159706036,1.265003255992526,1.256295733319026,0.40000000000000002,CASH,0.10000000000000001,0,0,
2021-07-31,2021-08-01,mix,-0.0403189126359384,0.4980892605371445,0.43917577252708034,0.05891348801006413,5.891348801006413e-05,-0.02014014774325079,1.256295733319026,1.2309937516407654,0.40000000000000002,ABSTAIN,0.050000000000000003,0,0,
2021-08-01,2021-08-02,mix,-0.0178016615552819,0.4975760443676513,0.4878031087868085,0.009772935580842801,9.772935580842801e-06,-0.0088673667098903,1.2309937516407654,1.220078078627383,0.40000000000000002,ABSTAIN,0.050000000000000003,0,0,
2021-08-02,2021-08-03,bear,-0.0265035079298617,0.45329288716849814,0.4930859618580076,0.03979307468950949,3.979307468950949e-05,-0.012053166636214474,1.220078078627383,1.2053722742364947,0.40000000000000002,CASH,0.075000000000000011,0,0,
2021-08-03,2021-08-04,bear,0.0421344704867256,0.44925707128849446,0.4466449618415599,0.002612109446934574,2.612109446934574e-06,0.018926547256545856,1.2053722742364947,1.2281858095465619,0.40000000000000002,CASH,0.075000000000000011,0,0,
2021-08-04,2021-08-05,bear,0.028444594319134,0.447132749602723,0.4594885258475529,0.012355776244829919,1.2355776244829919e-05,0.01270599674594397,1.2281858095465619,1.243791134446075,0.40000000000000002,CASH,0.075000000000000011,0,0,
2021-08-05,2021-08-06,mix,0.0471820922402319,0.4912492007610367,0.45407608815420764,0.03717311260682904,3.717311260682904e-05,0.02314013038609919,1.243791134446075,1.2725726234702315,0.40000000000000002,ABSTAIN,0.050000000000000003,0,0,
2021-08-06,2021-08-07,mix,0.0424998948485115,0.496148112021006,0.5027739873752819,0.00662587535427589,6.62587535427589e-06,0.021079477000010893,1.2725726234702315,1.2993977888175157,0.40000000000000002,ABSTAIN,0.050000000000000003,0,0,
2021-08-07,2021-08-08,mix,-0.0184111785037049,0.499412350486191,0.5065530540291313,0.00714070354294033,7.14070354294033e-06,-0.00920184497817278,1.2993977888175157,1.2874409317998363,0.40000000000000002,ABSTAIN,0.050000000000000003,0,0,
2021-08-08,2021-08-09,mix,0.0568929139036553,0.4998877111721661,0.49476684789064956,0.005120863281516563,5.1208632815165635e-06,0.028434802012229143,1.2874409317998363,1.3240490597980044,0.40000000000000002,ABSTAIN,0.050000000000000003,0,0,
2021-08-09,2021-08-10,mix,-0.0149186657246626,0.4997039563500247,0.5137176155040011,0.014013659153976399,1.40136591539764e-05,-0.007468825474575502,1.3240490597980044,1.3141599684505973,0.40000000000000002,ABSTAIN,0.050000000000000003,0,0,
2021-08-10,2021-08-11,mix,-0.0006470177962792,0.4998317597968912,0.49594627804919567,0.0038854817476955406,3.8854817476955405e-06,-0.0003272842689168165,1.3141599684505973,1.3137298645660833,0.45000000000000001,ABSTAIN,0.050000000000000003,0,0,
2021-08-11,2021-08-12,mix,-0.0254782801447625,0.4998581357178842,0.4996699530378221,0.00018818268006209893,1.8818268006209894e-07,-0.012735711400533756,1.3137298645660833,1.2969985801527073,0.45000000000000001,ABSTAIN,0.050000000000000003,0,0,
2021-08-12,2021-08-13,mix,0.0766990816018593,0.4998266611178326,0.4934063999483049,0.006420261169527708,6.420261169527708e-06,0.038329579477981435,1.2969985801527073,1.3467119903134996,0.45000000000000001,ABSTAIN,0.050000000000000003,0,0,
2021-08-13,2021-08-14,mix,-0.0152188600078227,0.4998291996413876,0.5182934806786863,0.01846428103729869,1.8464281037298693e-05,-0.0076251544435432805,1.3467119903134996,1.3364431033963877,0.45000000000000001,ABSTAIN,0.050000000000000003,0,0,
2021-08-14,2021-08-15,mix,-0.0019158268109553,0.4993186093288023,0.4959953214211802,0.0033232879076220967,3.323287907622097e-06,-0.0009599280877848893,1.3364431033963877,1.335160214123711,0.45000000000000001,ABSTAIN,0.050000000000000003,0,0,
2021-08-15,2021-08-16,mix,-0.0211741322329878,0.4981153045699511,0.4988391949039048,0.0007238903339537028,7.238903339537028e-07,-0.010547875581586541,1.335160214123711,1.3210771103036498,0.45000000000000001,ABSTAIN,0.050000000000000003,0,0,
2021-08-16,2021-08-17,mix,-0.0283653250370139,0.4978410730677418,0.4927654206457237,0.005075652422018073,5.075652422018073e-06,-0.014126427831325117,1.3210771103036498,1.3024150098453298,0.45000000000000001,ABSTAIN,0.050000000000000003,0,0,
2021-08-17,2021-08-18,mix,0.0007204933365554,0.4991277368206963,0.490648301847197,0.008479434973499289,8.47943497349929e-06,0.00035113572413658645,1.3024150098453298,1.3028723342829382,0.5,ABSTAIN,0.050000000000000003,0,0,
2021-08-18,2021-08-19,mix,0.0454366578868521,0.4996444717257692,0.49930779485450527,0.0003366768712639301,3.366768712639301e-07,0.022701830606692175,1.3028723342829382,1.3324499213179752,0.5,ABSTAIN,0.050000000000000003,0,0,
2021-08-19,2021-08-20,mix,0.0549256885227318,0.499617106621374,0.5107514772714608,0.011134370650086767,1.1134370650086766e-05,0.027430373660940255,1.3324499213179752,1.3689995205442178,0.5,ABSTAIN,0.050000000000000003,0,0,
2021-08-20,2021-08-21,mix,-0.0090868542697266,0.494853040507002,0.5129817700959342,0.018128729588932135,1.8128729588932136e-05,-0.004514704674919989,1.3689995205442178,1.3628188920088535,0.5,ABSTAIN,0.050000000000000003,0,0,
2021-08-21,2021-08-22,bull,0.0077482107709745,0.4821338324978164,0.4925713074893671,0.010437474991550733,1.0437474991550732e-05,0.0037251980880095292,1.3628188920088535,1.367895662339668,0.5,ABSTAIN,0,0,0,
2021-08-22,2021-08-23,bull,0.0057903338781226,0.4841570685978965,0.484061211899949,9.585669794748286e-05,9.585669794748286e-08,0.002803334951209324,1.367895662339668,1.3717303320595124,0.5,ABSTAIN,0,0,0,
2021-08-23,2021-08-24,mix,-0.0368391411332729,0.487331057478431,0.48559915591006547,0.0017319015683655015,1.7319015683655016e-06,-0.017954558414061128,1.3717303320595124,1.3471015196842104,0.5,ABSTAIN,0.050000000000000003,0,0,
2021-08-24,2021-08-25,mix,0.0268219228036643,0.4907817162026812,0.47795892845701904,0.012822787745662145,1.2822787745662146e-05,0.0131507177222423,1.3471015196842104,1.364816871512781,0.5,ABSTAIN,0.050000000000000003,0,0,
2021-08-25,2021-08-26,mix,-0.044145771464144,0.4984544368282547,0.4973978251289645,0.0010566116992901664,1.0566116992901663e-06,-0.022005689014831353,1.364816871512781,1.3347831358760758,0.5,ABSTAIN,0.050000000000000003,0,0,
2021-08-26,2021-08-27,mix,0.0476750740952691,0.4976938854922142,0.4871697845280804,0.010524100964133809,1.0524100964133809e-05,0.023716819055056515,1.3347831358760758,1.3664399459873895,0.5,ABSTAIN,0.050000000000000003,0,0,
2021-08-27,2021-08-28,mix,-0.0034077730651411,0.4996888011871082,0.5093361573846453,0.009647356197537149,9.64735619753715e-06,-0.0017124569660662559,1.3664399459873895,1.3640999763831723,0.5,ABSTAIN,0.050000000000000003,0,0,
2021-08-28,2021-08-29,mix,-0.002447997938528,0.4994793520528145,0.4988354050657117,0.0006439469871027947,6.439469871027947e-07,-0.001223367583779944,1.3640999763831723,1.36243118069103,0.5,ABSTAIN,0.050000000000000003,0,0,
2021-08-29,2021-08-30,mix,-0.0365886660625618,0.4995884359752101,0.49886660400977373,0.0007218319654363481,7.218319654363481e-07,-0.018279983090015328,1.36243118069103,1.3375259617466884,0.5,ABSTAIN,0.050000000000000003,0,0,
2021-08-30,2021-08-31,mix,0.0029302423567916,0.4998604801559042,0.4902709589371543,0.009589521218749897,9.589521218749897e-06,0.0014551087843301946,1.3375259617466884,1.3394722075228958,0.5,ABSTAIN,0.050000000000000003,0,0,
2021-08-31,2021-09-01,mix,0.035836742314939,0.4947632763813897,0.5005919692669267,0.005828692885537001,5.828692885537001e-06,0.0177247720028606,1.3394722075228958,1.3632140470054075,0.5,ABSTAIN,0.050000000000000003,0,0,
2021-09-01,2021-09-02,mix,0.0093180170178248,0.4948038113473741,0.5035654111527379,0.008761599805363784,8.761599805363785e-06,0.004601788338666646,1.3632140470054075,1.3694872695100235,0.5,ABSTAIN,0.050000000000000003,0,0,
2021-09-02,2021-09-03,mix,0.0147074641344473,0.4945445408039153,0.497122374068988,0.0025778332650727154,2.5778332650727152e-06,0.007270899513635021,1.3694872695100235,1.3794446738318333,0.5,ABSTAIN,0.050000000000000003,0,0,
2021-09-03,2021-09-04,mix,-0.0016120322406447,0.4943113105653402,0.4981944217188757,0.0038831111535354568,3.883111153535457e-06,-0.0008007257864595108,1.3794446738318333,1.378340116910502,0.5,ABSTAIN,0.050000000000000003,0,0,
2021-09-04,2021-09-05,mix,0.0370644892464502,0.4931401754490674,0.4939080333226919,0.000767857873624489,7.67857873624489e-07,0.01827720683715328,1.378340116910502,1.4035323243192213,0.5,ABSTAIN,0.050000000000000003,0,0,
2021-09-05,2021-09-06,mix,0.0174526643563859,0.4938692102207585,0.5022382589423076,0.008369048721549033,8.369048721549033e-06,0.00861089237759205,1.4035323243192213,1.4156179901124057,0.5,ABSTAIN,0.050000000000000003,0,0,
2021-09-06,2021-09-07,mix,-0.1118713702320582,0.4919899505522507,0.49819443972797745,0.006204489175726746,6.2044891757267465e-06,-0.055045452905318815,1.4156179901124057,1.3376946567057513,0.5,ABSTAIN,0.050000000000000003,0,0,
2021-09-07,2021-09-08,mix,-0.0153528461124079,0.4888666280908036,0.46240070586802967,0.02646592222277394,2.646592222277394e-05,-0.007531761392969294,1.3376946567057513,1.3276194597347937,0.45000000000000001,ABSTAIN,0.050000000000000003,0,0,
2021-09-08,2021-09-09,mix,0.0070384313112497,0.4945874373333762,0.4850013084443817,0.00958612888899446,9.586128888994461e-06,0.0034715002057268407,1.3276194597347937,1.33222829096239,0.45000000000000001,ABSTAIN,0.050000000000000003,0,0,
2021-09-09,2021-09-10,mix,-0.0332603221689489,0.4937134004618031,0.4963407355235901,0.002627335061786973,2.627335061786973e-06,-0.016423650949904167,1.33222829096239,1.3103482385260363,0.45000000000000001,ABSTAIN,0.050000000000000003,0,0,
2021-09-10,2021-09-11,mix,0.0071159695647906,0.4932650025383887,0.485260834257945,0.008004168280443702,8.004168280443703e-06,0.003502026482058218,1.3103482385260363,1.314937112758073,0.45000000000000001,ABSTAIN,0.050000000000000003,0,0,
2021-09-11,2021-09-12,mix,0.0199371594197763,0.4928028086039337,0.4950374507505014,0.002234642146567656,2.234642146567656e-06,0.009822831559947343,1.314937112758073,1.3278535185286189,0.45000000000000001,ABSTAIN,0.050000000000000003,0,0,
2021-09-12,2021-09-13,mix,-0.0241585852204514,0.493049714445096,0.4977375811474349,0.004687866702338894,4.687866702338895e-06,-0.01191601557206512,1.3278535185286189,1.3120307953244104,0.45000000000000001,ABSTAIN,0.050000000000000003,0,0,
2021-09-13,2021-09-14,mix,0.0473420171525822,0.493994365588428,0.4869384414392211,0.007055924149206916,7.055924149206916e-06,0.023379468790108326,1.3120307953244104,1.3427053783553584,0.45000000000000001,ABSTAIN,0.050000000000000003,0,0,
2021-09-14,2021-09-15,mix,0.0223694971058361,0.4938016620737744,0.5055577334647742,0.011756071390999767,1.1756071390999768e-05,0.01103420892054574,1.3427053783553584,1.3575210700188718,0.45000000000000001,ABSTAIN,0.050000000000000003,0,0,
2021-09-15,2021-09-16,mix,-0.0079492048717447,0.494634725340926,0.49933208732583334,0.004697361984907333,4.6973619849073335e-06,-0.003936631660593659,1.3575210700188718,1.3521770095947125,0.45000000000000001,ABSTAIN,0.050000000000000003,0,0,
2021-09-16,2021-09-17,mix,-0.009742816453045,0.4946920442192714,0.49263980903347204,0.0020522351857993337,2.0522351857993336e-06,-0.0048217361316506,1.3521770095947125,1.3456571688511625,0.45000000000000001,ABSTAIN,0.050000000000000003,0,0,
2021-09-17,2021-09-18,mix,0.0216548089368648,0.4946374568519764,0.4922448197313035,0.0023926371206728914,2.3926371206728916e-06,0.010708861355820165,1.3456571688511625,1.360067624904855,0.45000000000000001,ABSTAIN,0.050000000000000003,0,0,
2021-09-18,2021-09-19,mix,-0.022108734399162,0.4945799285463802,0.4999931698224908,0.005413241276110592,5.413241276110592e-06,-0.010939890329381474,1.360067624904855,1.3451886342478536,0.45000000000000001,ABSTAIN,0.050000000000000003,0,0,
2021-09-19,2021-09-20,mix,-0.0924686750482125,0.4943428943343792,0.4889922962709075,0.005350598063471712,5.350598063471712e-06,-0.04571633847423018,1.3451886342478536,1.2836915353328913,0.45000000000000001,ABSTAIN,0.050000000000000003,0,0,
2021-09-20,2021-09-21,mix,-0.0517674116993929,0.4943314581966143,0.470121494808768,0.024209963387846256,2.4209963387846255e-05,-0.02561385053655274,1.2836915353328913,1.2508112522118366,0.45000000000000001,ABSTAIN,0.050000000000000003,0,0,
2021-09-21,2021-09-22,bear,0.0713458118190561,0.4626151228771275,0.48105142928709976,0.018436306409972236,1.8436306409972235e-05,0.03298660669272668,1.2508112522118366,1.2920712710353854,0.45000000000000001,CASH,0.05000000000000001,0,0,
2021-09-22,2021-09-23,bear,0.0302537679442316,0.4579965941708864,0.4797851528287377,0.021788558657851287,2.1788558657851288e-05,0.01383403221569468,1.2920712710353854,1.3099458266238626,0.45000000000000001,CASH,0.05000000000000001,0,0,
2021-09-23,2021-09-24,bear,-0.0456727554759165,0.45841147548043587,0.4654040216310244,0.00699254615058853,6.99254615058853e-06,-0.02094376137077658,1.3099458266238626,1.2825106338224077,0.45000000000000001,CASH,0.05000000000000001,0,0,
2021-09-24,2021-09-25,bear,-0.0031083678383181,0.461420177974192,0.4468297978519757,0.014590380122216307,1.4590380122216307e-05,-0.0014488330948364547,1.2825106338224077,1.280652489971646,0.45000000000000001,CASH,0.05000000000000001,0,0,
2021-09-25,2021-09-26,bear,0.0121021018207032,0.4584965932014308,0.4606466030071457,0.002150009805714892,2.150009805714892e-06,0.005546610515648309,1.280652489971646,1.287755770539414,0.45000000000000001,CASH,0.05000000000000001,0,0,
2021-09-26,2021-09-27,bear,-0.0238592333010828,0.4581832416429799,0.461484692108653,0.0033014504656730947,3.301450465673095e-06,-0.010935166216342718,1.287755770539414,1.2736739471425111,0.45000000000000001,CASH,0.05000000000000001,0,0,
2021-09-27,2021-09-28,bear,-0.0272760038508413,0.4582277474720287,0.45219468828638526,0.006033059185643452,6.033059185643452e-06,-0.012504579458869958,1.2736739471425111,1.257747190065775,0.45000000000000001,CASH,0.05000000000000001,0,0,
2021-09-28,2021-09-29,bear,0.0125419588857766,0.45794592398656925,0.45137063654733023,0.006575287439239019,6.575287439239019e-06,0.005736925897689815,1.257747190065775,1.26496279249321,0.45000000000000001,CASH,0.05000000000000001,0,0,
2021-09-29,2021-09-30,bear,0.0550475722732612,0.4578780453134694,0.46104145339174485,0.003163408078275476,3.163408078275476e-06,0.025201831649717343,1.26496279249321,1.2968421718327803,0.45000000000000001,CASH,0.05000000000000001,0,0,
2021-09-30,2021-10-01,bear,0.0986393083131575,0.45784076018572345,0.47120632933205003,0.013365569146326584,1.3365569146326585e-05,0.04514712672939347,1.2968421718327803,1.3553908697125367,0.45000000000000001,CASH,0.05000000000000001,0,0,
2021-10-01,2021-10-02,bear,-0.0099509824284468,0.46982346009400494,0.4812672975105057,0.011443837416500735,1.1443837416500735e-05,-0.004686595330998133,1.3553908697125367,1.3490387011908644,0.45000000000000001,CASH,0.025000000000000008,0,0,
2021-10-02,2021-10-03,bear,0.0111859592295702,0.4693377676008123,0.46733313329766507,0.0020046343031472347,2.0046343031472345e-06,0.005247977974660589,1.3490387011908644,1.3561184265816788,0.45000000000000001,CASH,0.025000000000000008,0,0,
2021-10-03,2021-10-04,bear,0.021311159105479,0.46964784787215075,0.47210919072462976,0.0024613428524790093,2.4613428524790095e-06,0.010006254031756034,1.3561184265816788,1.3696880920552004,0.45000000000000001,CASH,0.025000000000000008,0,0,
2021-10-04,2021-10-05,bear,0.0455438344170815,0.469653265060507,0.47490340318952595,0.0052501381290189775,5.250138129018977e-06,0.02138444809976847,1.3696880920552004,1.3989781159726258,0.45000000000000001,CASH,0.025000000000000008,0,0,
2021-10-05,2021-10-06,bear,0.0748776455090702,0.4813166786811143,0.4807597163511203,0.0005569623299939708,5.569623299939708e-07,0.03603928260871325,1.3989781159726258,1.4493962836575685,0.45000000000000001,ABSTAIN,0.025000000000000008,0,0,
2021-10-06,2021-10-07,mix,-0.0278237701362176,0.4810465141249958,0.49935968535306163,0.018313171228065805,1.8313171228065806e-05,-0.013402595691924368,1.4493962836575685,1.4299706112703283,0.45000000000000001,ABSTAIN,0.050000000000000003,0,0,
2021-10-07,2021-10-08,mix,0.0024319545440176,0.4806901244173589,0.47400633741287235,0.006683787004486574,6.683787004486575e-06,0.0011623249318792883,1.4299706112703283,1.4316327017636625,0.5,ABSTAIN,0.050000000000000003,0,0,
2021-10-08,2021-10-09,mix,0.0190634465182966,0.4805735013878771,0.4812964973872964,0.0007229959994193291,7.229959994193292e-07,0.009160657622172552,1.4316327017636625,1.4447473987852253,0.5,ABSTAIN,0.050000000000000003,0,0,
2021-10-09,2021-10-10,mix,-0.0046375756472676,0.4804065934475833,0.4852889684654013,0.004882375017818019,4.882375017818019e-06,-0.0022327934160267793,1.4447473987852253,1.441521576305396,0.5,ABSTAIN,0.050000000000000003,0,0,
2021-10-10,2021-10-11,mix,0.0510096420218806,0.47989228560319,0.47924639507700656,0.000645890526183468,6.45890526183468e-07,0.024478471996314033,1.441521576305396,1.47680782184307,0.5,ABSTAIN,0.050000000000000003,0,0,
2021-10-11,2021-10-12,mix,-0.0254256897940579,0.4792321681947614,0.49231985573042286,0.013087687535661474,1.3087687535661474e-05,-0.012197736664423697,1.47680782184307,1.4587941089282672,0.5,ABSTAIN,0.050000000000000003,0,0,
2021-10-12,2021-10-13,mix,0.0243537995462002,0.4761707276149245,0.4728084400210932,0.003362287593831337,3.3622875938313368e-06,0.011593165171516873,1.4587941089282672,1.4757061499843085,0.5,ABSTAIN,0.050000000000000003,0,0,
2021-10-13,2021-10-14,mix,-0.0005977682158099,0.4778457685977324,0.4821757113872986,0.004329942789566166,4.329942789566166e-06,-0.0002899697185072547,1.4757061499843085,1.475278239887398,0.5,ABSTAIN,0.050000000000000003,0,0,
2021-10-14,2021-10-15,bull,0.07544929184003,0.4737263603660303,0.47769657731923154,0.0039702169532012666,3.9702169532012666e-06,0.03573820629386004,1.475278239887398,1.5280020379653365,0.45000000000000001,BTC,0,0,0,
2021-10-15,2021-10-16,bull,-0.0131565932952288,0.4750768460808117,0.4918874798520953,0.016810633771283612,1.6810633771283612e-05,-0.006267098408571314,1.5280020379653365,1.5184258988249102,0.5,ABSTAIN,0,0,0,
2021-10-16,2021-10-17,bull,0.0109495227657732,0.4721286638149907,0.4717752337799647,0.00035343003502597004,3.5343003502597006e-07,0.005169228295695216,1.5184258988249102,1.5262749889460323,0.45000000000000001,BTC,0,0,0,
2021-10-17,2021-10-18,bull,0.0085945309008168,0.4714766387178187,0.47484350419834165,0.0033668654805229514,3.3668654805229514e-06,0.004048740032048359,1.5262749889460323,1.5324544795936923,0.45000000000000001,BTC,0,0,0,
2021-10-18,2021-10-19,bull,0.0358094182218404,0.4711891793358302,0.4736096359243968,0.0024204565885665996,2.4204565885666e-06,0.01687054908746477,1.5324544795936923,1.558307828115983,0.45000000000000001,BTC,0,0,0,
2021-10-19,2021-10-20,bull,0.0264567468126979,0.4711019333972393,0.4799637562764639,0.008861822879224601,8.861822879224601e-06,0.012454852299778274,1.558307828115983,1.577716321952756,0.45000000000000001,BTC,0,0,0,
2021-10-20,2021-10-21,bull,-0.0571226342887369,0.471087166166448,0.47761287488484183,0.006525708718393808,6.525708718393808e-06,-0.02691609001463746,1.577716321952756,1.5352503674135127,0.45000000000000001,BTC,0,0,0,
2021-10-21,2021-10-22,bull,-0.0244316848362485,0.4710776620674352,0.45646066400335705,0.014616998064078124,1.4616998064078124e-05,-0.011523669740831632,1.5352503674135127,1.517558649209949,0.45000000000000001,BTC,0,0,0,
2021-10-22,2021-10-23,bull,0.010252050162876,0.4710790090031497,0.4649193000533465,0.006159708949803222,6.1597089498032225e-06,0.004823336173556125,1.517558649209949,1.5248783447381764,0.45000000000000001,BTC,0,0,0,
2021-10-23,2021-10-24,bull,-0.0072742099898063,0.4710963623073848,0.4736211690587846,0.002524806751399822,2.524806751399822e-06,-0.0034293700194654164,1.5248783447381764,1.5196489726593994,0.45000000000000001,BTC,0,0,0,
2021-10-24,2021-10-25,bull,0.0361528919849178,0.4710912394170814,0.46927765438615154,0.0018135850309298762,1.8135850309298762e-06,0.017029466220925826,1.5196489726593994,1.5455277835069672,0.45000000000000001,BTC,0,0,0,
2021-10-25,2021-10-26,bull,-0.0437027288439277,0.4710901587907384,0.47994839979688964,0.008858241006151235,8.858241006151236e-06,-0.020596601338874976,1.5455277835069672,1.5136951638919192,0.45000000000000001,BTC,0,0,0,
2021-10-26,2021-10-27,bull,-0.0310508234014472,0.4710813637876327,0.459972104730852,0.01110925905678073,1.110925905678073e-05,-0.014638410993449869,1.5136951638919192,1.4915370719640717,0.45000000000000001,BTC,0,0,0,
2021-10-27,2021-10-28,bull,0.0366952382093188,0.4711095351083916,0.4632297765417546,0.007879758566636974,7.879758566636975e-06,0.017279460633775168,1.4915370719640717,1.517310028082891,0.45000000000000001,BTC,0,0,0,
2021-10-28,2021-10-29,bull,0.0274056039285273,0.471205650267885,0.4800973401812956,0.00889168991341055,8.89168991341055e-06,0.012904668905814987,1.517310028082891,1.5368904116227735,0.45000000000000001,BTC,0,0,0,
2021-10-29,2021-10-30,bull,-0.0064698246222857,0.4711090488792106,0.4779472697781604,0.006838220898949754,6.838220898949754e-06,-0.0030548103022703943,1.5368904116227735,1.5321955029598877,0.45000000000000001,BTC,0,0,0,
2021-10-30,2021-10-31,bull,-0.0085785760372315,0.4710924408435568,0.4694920644453975,0.0016003763981592978,1.6003763981592978e-06,-0.004042896233134696,1.5321955029598877,1.5260009955325453,0.45000000000000001,BTC,0,0,0,
2021-10-31,2021-11-01,bull,-0.0064312929785872,0.4711046098527849,0.46894629226011747,0.002158317592667436,2.1583175926674357e-06,-0.00303196354782298,1.5260009955325453,1.5213742161401491,0.45000000000000001,BTC,0,0,0,
2021-11-01,2021-11-02,bull,0.0378624089514456,0.4712374690460243,0.46949728648761946,0.001740182558404857,1.7401825584048569e-06,0.017840414535045923,1.5213742161401491,1.5485161628190198,0.45000000000000001,BTC,0,0,0,
2021-11-02,2021-11-03,bull,-0.0047958216878065,0.4711981986557415,0.48050637088115383,0.009308172225412359,9.308172225412359e-06,-0.002269069678148883,1.5485161628190198,1.5450024717478437,0.45000000000000001,BTC,0,0,0,
2021-11-03,2021-11-04,bull,-0.0239341370185239,0.4711782210638652,0.4700005150732998,0.0011777059905653808,1.1777059905653808e-06,-0.0112784085277996,1.5450024717478437,1.5275773026950112,0.45000000000000001,BTC,0,0,0,
2021-11-04,2021-11-05,bull,-0.0071369718917615,0.4712732922706227,0.46514654812772294,0.006126744142899765,6.126744142899765e-06,-0.0033695703773314323,1.5275773026950112,1.5224300234667663,0.45000000000000001,BTC,0,0,0,
2021-11-05,2021-11-06,bull,0.0083576195216672,0.4724240088685763,0.46948893728210167,0.0029350715864746024,2.9350715864746024e-06,0.00394539345877698,1.5224300234667663,1.5284366089227976,0.45000000000000001,BTC,0,0,0,
2021-11-06,2021-11-07,bull,0.0291019274964665,0.4754070896740473,0.4744988660782324,0.0009082235958149387,9.082235958149387e-07,0.013834341865892386,1.5284366089227976,1.5495815234909809,0.5,ABSTAIN,0,0,0,
2021-11-07,2021-11-08,bull,0.0672433194464638,0.472246884493322,0.4825659259945595,0.010319041501237525,1.0319041501237524e-05,0.031744801384293586,1.5495815234909809,1.5987726811829732,0.45000000000000001,BTC,0,0,0,
2021-11-08,2021-11-09,bull,-0.0092332206391728,0.4719203171777848,0.4884901102556593,0.016569793077874484,1.6569793077874484e-05,-0.00437384200539348,1.5987726811829732,1.5917799020729395,0.45000000000000001,BTC,0,0,0,
2021-11-09,2021-11-10,bull,-0.0294719031932129,0.4714075466148213,0.4696092218842619,0.0017983247305594086,1.7983247305594086e-06,-0.013895050918487861,1.5917799020729395,1.5696620392826104,0.45000000000000001,BTC,0,0,0,
2021-11-10,2021-11-11,bull,-0.0019389336019195,0.4712489254887806,0.46396019683640827,0.007288728652372345,7.288728652372345e-06,-0.0009210024452911414,1.5696620392826104,1.5682163767061503,0.45000000000000001,BTC,0,0,0,
2021-11-11,2021-11-12,bull,-0.0103723843368046,0.4717352923353151,0.4707653530078748,0.0009699393274402723,9.699393274402723e-07,-0.0048939849507319,1.5682163767061503,1.560541549359059,0.45000000000000001,BTC,0,0,0,
2021-11-12,2021-11-13,bull,0.0041179084580063,0.472646125487219,0.4691377729700336,0.003508352517185398,3.508352517185398e-06,0.0019427982969166813,1.560541549359059,1.5635733668234215,0.45000000000000001,BTC,0,0,0,
2021-11-13,2021-11-14,bull,0.0172301882339056,0.4745488782903715,0.47367052763304374,0.0008783506573277755,8.783506573277756e-07,0.008175680966581833,1.5635733668234215,1.576356643838414,0.45000000000000001,ABSTAIN,0,0,0,
2021-11-14,2021-11-15,bull,-0.0291612347767149,0.4746928312711113,0.47881041955354664,0.004117588282435358,4.117588282435359e-06,-0.013846689689555491,1.576356643838414,1.5545293225511143,0.45000000000000001,ABSTAIN,0,0,0,
2021-11-15,2021-11-16,bull,-0.0551716330256187,0.4739602167981457,0.46731912752503135,0.006641089273114353,6.641089273114354e-06,-0.026155626580302682,1.5545293225511143,1.5138696340823365,0.45000000000000001,ABSTAIN,0,0,0,
2021-11-16,2021-11-17,bull,0.0046381124030814,0.4753711394790909,0.4598353658115893,0.015535773667501585,1.5535773667501584e-05,0.0021892547507584847,1.5138696340823365,1.5171838803707802,0.5,ABSTAIN,0,0,0,
2021-11-17,2021-11-18,mix,-0.0565284804150557,0.4798930197481641,0.47652530944752136,0.0033677103006427567,3.3677103006427566e-06,-0.027130899520480645,1.5171838803707802,1.4760213169583476,0.5,ABSTAIN,0.050000000000000003,0,0,
2021-11-18,2021-11-19,mix,0.0198067607404401,0.4803142104530359,0.4653903300805366,0.01492388037249931,1.492388037249931e-05,0.009498402788436167,1.4760213169583476,1.490041161951136,0.5,ABSTAIN,0.050000000000000003,0,0,
2021-11-19,2021-11-20,mix,0.0281354052965219,0.4805825227459411,0.4852116334379975,0.004629110692056404,4.6291106920564045e-06,0.013516692353206405,1.490041161951136,1.5101815899308437,0.5,ABSTAIN,0.050000000000000003,0,0,
2021-11-20,2021-11-21,mix,-0.0168007421597652,0.4805795799278891,0.48751206888653065,0.0069324889586415694,6.93248895864157e-06,-0.008080970125010634,1.5101815899308437,1.4979778576192715,0.5,ABSTAIN,0.050000000000000003,0,0,
2021-11-21,2021-11-22,mix,-0.040969576406429,0.4802273707654481,0.4763515936767082,0.0038757770887398735,3.875777088739873e-06,-0.01967851148132449,1.4979778576192715,1.4684998831493408,0.5,ABSTAIN,0.050000000000000003,0,0,
2021-11-22,2021-11-23,mix,0.022454749524053,0.4804957064096779,0.4697957549649262,0.01069995144475172,1.069995144475172e-05,0.010778595337196606,1.4684998831493408,1.484328249142528,0.5,ABSTAIN,0.050000000000000003,0,0,
2021-11-23,2021-11-24,mix,-0.0069737308330959,0.4806164162631644,0.48604102093564794,0.005424604672483513,5.424604672483513e-06,-0.0033570959440683,1.484328249142528,1.4793452167976657,0.5,ABSTAIN,0.050000000000000003,0,0,
2021-11-24,2021-11-25,mix,0.0308439315255624,0.4805964330608293,0.47886974946337174,0.0017266835974575345,1.7266835974575346e-06,0.014821731193694676,1.4793452167976657,1.5012716739437186,0.5,ABSTAIN,0.050000000000000003,0,0,
2021-11-25,2021-11-26,mix,-0.0883039139663799,0.480613855034528,0.4881833388780525,0.0075694838435244605,7.569483843524461e-06,-0.042447332740328636,1.5012716739437186,1.4375466956661995,0.5,ABSTAIN,0.050000000000000003,0,0,
2021-11-26,2021-11-27,mix,0.019262658916936,0.48060398336329,0.4575941029261507,0.023009880437139307,2.3009880437139308e-05,0.009234487706396566,1.4375466956661995,1.4508217029547001,0.5,ABSTAIN,0.050000000000000003,0,0,
2021-11-27,2021-11-28,mix,0.0461162876899676,0.4807201077378703,0.4853682947589031,0.0046481870210328124,4.648187021032812e-06,0.022164275553988144,1.4508217029547001,1.4829781149586945,0.5,ABSTAIN,0.050000000000000003,0,0,
2021-11-28,2021-11-29,mix,0.0087848982833405,0.4807703796062044,0.4919823643116089,0.01121198470540452,1.121198470540452e-05,0.004212259543749042,1.4829781149586945,1.4892248036766003,0.5,ABSTAIN,0.050000000000000003,0,0,
2021-11-29,2021-11-30,mix,-0.0157782361042861,0.4806651146524186,0.4829541325903192,0.002289017937900595,2.289017937900595e-06,-0.007586319323996227,1.4892248036766003,1.477927068770694,0.5,ABSTAIN,0.050000000000000003,0,0,
2021-11-30,2021-12-01,mix,0.0057556840456447,0.4806574897399732,0.476696354863873,0.00396113487610017,3.96113487610017e-06,0.002762540551710213,1.477927068770694,1.4820099022306432,0.5,ABSTAIN,0.050000000000000003,0,0,
2021-12-01,2021-12-02,mix,-0.0124855139721344,0.4807367091010386,0.4820902934920558,0.0013535843910171819,1.353584391017182e-06,-0.006003590358244937,1.4820099022306432,1.473112521870788,0.5,ABSTAIN,0.050000000000000003,0,0,
2021-12-02,2021-12-03,mix,-0.050702704616256,0.4807292841590706,0.47760114322804975,0.003128140931020873,3.128140931020873e-06,-0.024377326789865705,1.473112521870788,1.4372019765269004,0.5,ABSTAIN,0.050000000000000003,0,0,
2021-12-03,2021-12-04,mix,-0.0827181786823042,0.4808693215950866,0.4677562281528628,0.013113093442223833,1.3113093442223834e-05,-0.03978922596525847,1.4372019765269004,1.3800168223251554,0.5,ABSTAIN,0.050000000000000003,0,0,
2021-12-04,2021-12-05,bear,0.004274807298273,0.4812998155552016,0.4593646675984535,0.021935147956748113,2.1935147956748113e-05,0.0020354836854594716,1.3800168223251554,1.3828258240526579,0.45000000000000001,CASH,0,0,0,
2021-12-05,2021-12-06,bear,0.0234103490502068,0.4819056742661662,0.48236483126148,0.00045915699531379195,4.59156995313792e-07,0.011281115706834433,1.3828258240526579,1.3984256421761945,0.45000000000000001,CASH,0,0,0,
2021-12-06,2021-12-07,bear,0.0006546405311487,0.481931938123843,0.48768539251810494,0.005753454394261948,5.753454394261948e-06,0.0003097369103868264,1.3984256421761945,1.3988587862140078,0.45000000000000001,CASH,0,0,0,
2021-12-07,2021-12-08,bear,-0.0023974606286761,0.481900186718888,0.4820953329962428,0.00019514627735478518,1.951462773547852e-07,-0.0011555316454279208,1.3988587862140078,1.3972423606190527,0.45000000000000001,CASH,0,0,0,
2021-12-08,2021-12-09,bear,-0.0570056999756309,0.4819246064985632,0.4813009146165228,0.0006236918820404225,6.236918820404225e-07,-0.02747305608646944,1.3972423606190527,1.3588558428793744,0.45000000000000001,CASH,0,0,0,
2021-12-09,2021-12-10,bear,-0.0096519499291966,0.481923838488637,0.4672897510713259,0.014634087417311092,1.4634087417311092e-05,-0.004666070775668607,1.3588558428793744,1.3525153253425684,0.45000000000000001,CASH,0,0,0,
2021-12-10,2021-12-11,bear,0.0461906943984793,0.4819444142198237,0.4795027430208674,0.00244167119895633,2.44167119895633e-06,0.022258851128192925,1.3525153253425684,1.382620762617968,0.45000000000000001,CASH,0,0,0,
2021-12-11,2021-12-12,bear,0.0155430958440214,0.4819451016687988,0.49322588864157624,0.011280786972777457,1.1280786972777457e-05,0.007479553616361656,1.382620762617968,1.392962148743064,0.45000000000000001,CASH,0,0,0,
2021-12-12,2021-12-13,bear,-0.0674387492262534,0.4819430193722731,0.48579695498066555,0.003853935608392478,3.853935608392478e-06,-0.03250536310119234,1.392962148743064,1.3476834083119535,0.45000000000000001,CASH,0,0,0,
2021-12-13,2021-12-14,bear,0.0356053923038053,0.4819387798782057,0.4645396839303963,0.017399095947809418,1.7399095947809418e-05,0.0171419216661699,1.3476834083119535,1.3707852917280339,0.45000000000000001,CASH,0,0,0,
2021-12-14,2021-12-15,bear,0.0104411110996247,0.4819449062713159,0.4906785422074607,0.00873363593614479,8.73363593614479e-06,0.005023262726332911,1.3707852917280339,1.3776711063897766,0.45000000000000001,CASH,0,0,0,
2021-12-15,2021-12-16,bear,-0.0254401849748832,0.4819445935091311,0.4845387281695534,0.002594134660422298,2.5941346604222982e-06,-0.012263321935116145,1.3776711063897766,1.360776282091411,0.45000000000000001,CASH,0,0,0,
2021-12-16,2021-12-17,bear,-0.030570124422086,0.4819433540613471,0.4755139967057574,0.006429357355589693,6.4293573555896935e-06,-0.014739402931247425,1.360776282091411,1.340719252170381,0.45000000000000001,CASH,0,0,0,
2021-12-17,2021-12-18,bear,0.0148141089226849,0.4819442057293085,0.47419665750502416,0.007747548224284362,7.747548224284361e-06,0.00713177109591312,1.340719252170381,1.350280954980744,0.45000000000000001,CASH,0,0,0,
2021-12-18,2021-12-19,bear,-0.0032375651461278,0.4819450548254652,0.48561668346067255,0.003671628635207369,3.6716286352073693e-06,-0.0015639944115399818,1.350280954980744,1.3481691231131452,0.45000000000000001,CASH,0,0,0,
2021-12-19,2021-12-20,bear,0.0040831183290688,0.481944499677365,0.4811354556831787,0.0008090439941862981,8.090439941862982e-07,0.0019670257841661876,1.3481691231131452,1.3508210065397255,0.45000000000000001,CASH,0,0,0,
2021-12-20,2021-12-21,bear,0.042793292277248,0.4819449949257715,0.4829619459906877,0.0010169510649162272,1.0169510649162272e-06,0.020622975104738428,1.3508210065397255,1.378678954528552,0.45000000000000001,CASH,0,0,0,
2021-12-21,2021-12-22,bear,-0.0061817512576173,0.4819442747281783,0.4924134662121676,0.010469191483989282,1.0469191483989281e-05,-0.002989697627446719,1.378678954528552,1.3745571213291874,0.45000000000000001,CASH,0,0,0,
2021-12-22,2021-12-23,bear,0.0452945182789195,0.4819395740158886,0.4803962402249536,0.0015433337909350198,1.5433337909350198e-06,0.021827643821032305,1.3745571213291874,1.4045604645852243,0.45000000000000001,CASH,0,0,0,
2021-12-23,2021-12-24,bear,-0.0002933013129663,0.4819416034071257,0.49300683967923103,0.011065236272105317,1.1065236272105317e-05,-0.00015241777720798044,1.4045604645852243,1.404346384601258,0.45000000000000001,CASH,0,0,0,
2021-12-24,2021-12-25,bear,-0.007476455171789,0.4819080749764935,0.48186836337333105,3.971160316246225e-05,3.971160316246225e-08,-0.003603003688008588,1.404346384601258,1.3992865193982982,0.45000000000000001,CASH,0,0,0,
2021-12-25,2021-12-26,bear,0.0074097733621127,0.4819251419802631,0.4800346585077212,0.0018904834725418929,1.8904834725418928e-06,0.0035690588452717,1.3992865193982982,1.404280655327426,0.45000000000000001,CASH,0,0,0,
2021-12-26,2021-12-27,bear,-0.0020027609349368,0.4819374668743495,0.48376858170190373,0.0018311148275542144,1.8311148275542145e-06,-0.0009670348791638306,1.404280655327426,1.4029226669535895,0.45000000000000001,CASH,0,0,0,
2021-12-27,2021-12-28,bear,-0.0618214538006479,0.4818868863189417,0.48143694694698763,0.00044993937195408895,4.49939371954089e-07,-0.0297913844149561,1.4029226669535895,1.3611276584779197,0.45000000000000001,CASH,0,0,0,
2021-12-28,2021-12-29,bear,-0.0227888409345212,0.4819231277525536,0.46597786059739027,0.015945267155163312,1.594526715516331e-05,-0.010998239649764874,1.3611276584779197,1.3461576502960562,0.45000000000000001,CASH,0,0,0,
2021-12-29,2021-12-30,bear,0.0142396855904971,0.4819442844328602,0.4761701827610015,0.005774101671858711,5.774101671858711e-06,0.006856921354658985,1.3461576502960562,1.3553881474351088,0.45000000000000001,CASH,0,0,0,
2021-12-30,2021-12-31,bear,-0.019179471726301,0.4819451152231286,0.485475330930078,0.003530215706949391,3.530215706949391e-06,-0.009246950295375922,1.3553881474351088,1.3428549406048347,0.45000000000000001,CASH,0,0,0,
2021-12-31,2022-01-01,bear,0.03285409837839,0.4729553789241157,0.47711182308666256,0.004156444162546846,4.156444162546847e-06,0.015534301518597804,1.3428549406048347,1.363715254147929,0.45000000000000001,CASH,0,0,0,
2022-01-01,2022-01-02,bear,-0.0089278981105198,0.4729527804053381,0.48101956806754526,0.008066787662207142,8.066787662207143e-06,-0.004230506960405056,1.363715254147929,1.3579460472732456,0.45000000000000001,CASH,0,0,0,
2022-01-02,2022-01-03,bear,-0.0186338291927173,0.4729590092586916,0.47071790037687317,0.0022411088818184433,2.2411088818184434e-06,-0.008815258751588617,1.3579460472732456,1.345975401495835,0.45000000000000001,CASH,0,0,0,
2022-01-03,2022-01-04,bear,-0.0127697059241612,0.4729654816573893,0.46827287825148634,0.00469260340590294,4.69260340590294e-06,-0.006044294374861092,1.345975401495835,1.3378399299478723,0.45000000000000001,CASH,0,0,0,
2022-01-04,2022-01-05,bear,-0.0526078106694766,0.4729713627285364,0.46976304658650436,0.0032083161420320416,3.2083161420320417e-06,-0.024885116389365747,1.3378399299478723,1.3045476275807786,0.45000000000000001,CASH,0,0,0,
2022-01-05,2022-01-06,bear,-0.0075623072866654,0.4729545507463291,0.45952322618078045,0.01343132456554863,1.343132456554863e-05,-0.003590010931089238,1.3045476275807786,1.2998642873376371,0.45000000000000001,CASH,0,0,0,
2022-01-06,2022-01-07,bear,-0.0359835257265502,0.4729515187289824,0.47106273911638613,0.0018887796125962586,1.8887796125962587e-06,-0.017020319777081627,1.2998642873376371,1.2777401815003422,0.45000000000000001,CASH,0,0,0,
2022-01-07,2022-01-08,bear,0.0030158833312874,0.4729512913804802,0.4638266727211813,0.009124618659298922,9.124618659298923e-06,0.0014172282824809201,1.2777401815003422,1.2795510310232268,0.45000000000000001,CASH,0,0,0,
2022-01-08,2022-01-09,bear,0.0042306584757152,0.4729511803145511,0.4737019849309307,0.0007508046163796078,7.508046163796079e-07,0.0020001426126998734,1.2795510310232268,1.2821103155655005,0.45000000000000001,CASH,0,0,0,
2022-01-09,2022-01-10,bear,-0.0003847229158653,0.4729513627090009,0.47400364375149534,0.0010522810424944407,1.0522810424944406e-06,-0.0001830073168983537,1.2821103155655005,1.281875679996681,0.45000000000000001,CASH,0,0,0,
2022-01-10,2022-01-11,bear,0.0215384321168861,0.4729514163435816,0.4728554460018456,9.597034173602914e-05,9.597034173602915e-08,0.010186535027544963,1.281875679996681,1.2949335515119254,0.45000000000000001,CASH,0,0,0,
2022-01-11,2022-01-12,bear,0.0273276983703538,0.4729513392090916,0.4782661272939908,0.0053147880848992135,5.3147880848992135e-06,0.012919288061785883,1.2949335515119254,1.3116631710847793,0.45000000000000001,CASH,0,0,0,
2022-01-12,2022-01-13,bear,-0.0305460012300403,0.4729515804382165,0.4796763514618577,0.006724771023641218,6.724771023641218e-06,-0.014453407177554278,1.3116631710847793,1.292705169193289,0.45000000000000001,CASH,0,0,0,
2022-01-13,2022-01-14,bear,0.012060620300752,0.4729540516679131,0.46522581568419563,0.0077282359837174686,7.728235983717469e-06,0.005696346918105721,1.292705169193289,1.3000688662998425,0.45000000000000001,CASH,0,0,0,
2022-01-14,2022-01-15,bear,0.0005502248492685,0.4729517251215614,0.47594333338118294,0.0029916082596215254,2.9916082596215255e-06,0.00025723740490102287,1.3000688662998425,1.3004032926412021,0.45000000000000001,CASH,0,0,0,
2022-01-15,2022-01-16,bear,-0.0004153421351834,0.4729527099371625,0.47308884310214766,0.00013613316498517491,1.3613316498517492e-07,-0.0001965732948093768,1.3004032926412021,1.3001476680813866,0.45000000000000001,CASH,0,0,0,
2022-01-16,2022-01-17,bear,-0.0201907653595362,0.4729528891258585,0.4728491579078865,0.0001037312179719696,1.037312179719696e-07,-0.009549383551114343,1.3001476680813866,1.2877320593257906,0.45000000000000001,CASH,0,0,0,
2022-01-17,2022-01-18,bear,0.0036792839492716,0.4729554651472061,0.46787144411848397,0.00508402102872213,5.08402102872213e-06,0.0017350445837123196,1.2877320593257906,1.2899663318605965,0.45000000000000001,CASH,0,0,0,
2022-01-18,2022-01-19,bear,-0.0162116484045641,0.4729533797356776,0.47387100192115506,0.0009176221854774735,9.176221854774735e-07,-0.0076682644904765285,1.2899663318605965,1.2800745288440796,0.45000000000000001,CASH,0,0,0,
2022-01-19,2022-01-20,bear,-0.0230794331754555,0.4729552167270195,0.46888110318871,0.004074113538309498,4.0741135383094985e-06,-0.010919567961830245,1.2800745288440796,1.2660966680301589,0.45000000000000001,CASH,0,0,0,
2022-01-20,2022-01-21,bear,-0.1041460461392232,0.4729521387211678,0.46713874932634963,0.00581338939481818,5.81338939481818e-06,-0.04926162230543207,1.2660966680301589,1.2037266921674912,0.45000000000000001,CASH,0,0,0,
2022-01-21,2022-01-22,bear,-0.0383901522940056,0.4729512957235691,0.4456468680454361,0.027304427678133014,2.7304427678133015e-05,-0.0181834809406084,1.2037266921674912,1.181838750802762,0.45000000000000001,CASH,0,0,0,
2022-01-22,2022-01-23,bear,0.0340496989325791,0.4729511342378534,0.46320488270240545,0.009746251535447947,9.746251535447947e-06,0.01609394052697355,1.181838750802762,1.2008591933706543,0.45000000000000001,CASH,0,0,0,
2022-01-23,2022-01-24,bear,0.0114917492659121,0.4729511318489438,0.4813041314487218,0.008352999599778033,8.352999599778033e-06,0.005426637423785685,1.2008591933706543,1.2073758208100966,0.45000000000000001,CASH,0,0,0,
2022-01-24,2022-01-25,bear,0.0072043242300257,0.4729511325508891,0.4758001766667704,0.002849044115881272,2.849044115881272e-06,0.003404434552209734,1.2073758208100966,1.2114862527719652,0.45000000000000001,CASH,0,0,0,
2022-01-25,2022-01-26,bear,-0.0040648866324226,0.4729511364114676,0.47474084455402843,0.001789708142560853,1.789708142560853e-06,-0.00192427901962966,1.2114862527719652,1.2091550151931862,0.45000000000000001,CASH,0,0,0,
2022-01-26,2022-01-27,bear,0.0098884794730491,0.472951138016002,0.4719359370778087,0.0010152009381933502,1.0152009381933501e-06,0.00467574767122958,1.2091550151931862,1.2148087189396313,0.45000000000000001,CASH,0,0,0,
2022-01-27,2022-01-28,bear,0.0156279009694786,0.472951135329281,0.47540454903468976,0.002453413705408747,2.453413705408747e-06,0.007388761958869505,1.2148087189396313,1.2237846513894355,0.45000000000000001,CASH,0,0,0,
2022-01-28,2022-01-29,bear,0.0112782851284007,0.472951161103342,0.4768180949557489,0.003866933852406884,3.866933852406884e-06,0.005330190486352304,1.2237846513894355,1.2303076566956155,0.45000000000000001,CASH,0,0,0,
2022-01-29,2022-01-30,bear,-0.0066307229610069,0.472951189821683,0.47574756451043254,0.0027963746887495478,2.7963746887495476e-06,-0.003138795919020554,1.2303076566956155,1.2264459720436396,0.45000000000000001,CASH,0,0,0,
2022-01-30,2022-01-31,bear,0.0153200220477507,0.472951202636492,0.4712931607783282,0.0016580418581637613,1.6580418581637614e-06,0.007243952796497144,1.2264459720436396,1.2353302887725777,0.45000000000000001,CASH,0,0,0,
2022-01-31,2022-02-01,bear,0.005483316276436,0.4615316863640844,0.4767425289263314,0.015210842562246973,1.5210842562246974e-05,0.002515474870921297,1.2353302887725777,1.238437731071273,0.45000000000000001,CASH,0,0,0,
2022-02-01,2022-02-02,bear,-0.0470037225811618,0.4499937902976391,0.4628909612108468,0.01289717091320769,1.289717091320769e-05,-0.021164007660303685,1.238437731071273,1.2122274254440715,0.45000000000000001,CASH,0.025000000000000001,0,0,
2022-02-02,2022-02-03,bear,0.0107779301819996,0.4499941538280861,0.4381090187911697,0.011885135036916405,1.1885135036916406e-05,0.004838062794259024,1.2122274254440715,1.2180922578492928,0.45000000000000001,CASH,0.025000000000000001,0,0,
2022-02-03,2022-02-04,bear,0.1147774875428422,0.44999346989808364,0.4526488101488512,0.0026553402507675794,2.6553402507675795e-06,0.051646327399349934,1.2180922578492928,1.2810022494007907,0.45000000000000001,CASH,0.025000000000000001,0,0,
2022-02-04,2022-02-05,bear,-0.0037408943504074,0.44999376865439433,0.477005666907463,0.027011898253068656,2.7011898253068656e-05,-0.0017103455738646245,1.2810022494007907,1.2788112928734174,0.45000000000000001,CASH,0.025000000000000001,0,0,
2022-02-05,2022-02-06,bear,0.0236669958780162,0.45002229367134616,0.44906633841717286,0.0009559552541733018,9.559552541733018e-07,0.01064970963251155,1.2788112928734174,1.292430261817296,0.45000000000000001,CASH,0.025000000000000001,0,0,
2022-02-06,2022-02-07,bear,0.0340086147923439,0.45002906448817614,0.4558181976081937,0.005789133120017553,5.789133120017553e-06,0.015298987364515959,1.292430261817296,1.312203136062357,0.45000000000000001,CASH,0.025000000000000001,0,0,
2022-02-07,2022-02-08,bear,0.0046607762485197,0.4501584197132145,0.4583194128022755,0.008160993089060986,8.160993089060986e-06,0.002089909555102354,1.312203136062357,1.3149455219346489,0.45000000000000001,CASH,0.025000000000000001,0,0,
2022-02-08,2022-02-09,bear,0.0079635407441722,0.45039149884516216,0.4513096202340171,0.0009181213888549422,9.181213888549422e-07,0.0035857896374571485,1.3149455219346489,1.319660639961023,0.45000000000000001,CASH,0.025000000000000001,0,0,
2022-02-09,2022-02-10,bear,-0.0195521853436332,0.45036807731438083,0.45235574056298483,0.001987663248603999,1.987663248603999e-06,-0.008807650281028478,1.319660639961023,1.308037530554608,0.45000000000000001,CASH,0.025000000000000001,0,0,
2022-02-10,2022-02-11,bear,-0.0260242181935157,0.45063426548554947,0.4454851973400717,0.005149068145477775,5.149068145477775e-06,-0.011732493133411404,1.308037530554608,1.2926909892091316,0.45000000000000001,CASH,0.025000000000000001,0,0,
2022-02-11,2022-02-12,bear,-0.0043219371337442,0.4501039694462057,0.44411517936609834,0.005988790080107331,5.9887900801073315e-06,-0.001951298199555862,1.2926909892091316,1.2901685636093057,0.45000000000000001,CASH,0.025000000000000001,0,0,
2022-02-12,2022-02-13,bear,-0.0034142712272421,0.4500354789977851,0.44903216010409647,0.001003318893688654,1.003318893688654e-06,-0.0015375449644311479,1.2901685636093057,1.2881848714310609,0.45000000000000001,CASH,0.025000000000000001,0,0,
2022-02-13,2022-02-14,bear,0.0116306991495707,0.4500375709102874,0.4491891343146915,0.0008484365955959139,8.484365955959139e-07,0.005233398715734916,1.2881848714310609,1.2949264564828373,0.45000000000000001,CASH,0.025000000000000001,0,0,
2022-02-14,2022-02-15,bear,0.0468645344451155,0.45002017098768354,0.45290122355257856,0.0028810525648950147,2.881052564895015e-06,0.02108704399032657,1.2949264564828373,1.3222326276349285,0.45000000000000001,CASH,0.025000000000000001,0,0,
2022-02-15,2022-02-16,bear,-0.0148346369016083,0.4501121643714273,0.46137966618178955,0.011267501810362235,1.1267501810362236e-05,-0.006688442789325122,1.3222326276349285,1.3133889503508134,0.45000000000000001,CASH,0.025000000000000001,0,0,
2022-02-16,2022-02-17,bear,-0.0759007920954524,0.4505569203177667,0.44641574360564595,0.00414117671212072,4.14117671212072e-06,-0.03420162669450111,1.3133889503508134,1.2684689117662322,0.45000000000000001,CASH,0.025000000000000001,0,0,
2022-02-17,2022-02-18,bear,-0.0136291452131542,0.4508407527403811,0.4311019571705684,0.019738795569812728,1.973879556981273e-05,-0.006164191596184532,1.2684689117662322,1.2606498263603014,0.45000000000000001,CASH,0.025000000000000001,0,0,
2022-02-18,2022-02-19,bear,0.0022549943625143,0.45005413404633415,0.4474455409294612,0.002608593116872948,2.6085931168729483e-06,0.001012258294602164,1.2606498263603014,1.2619259296036234,0.45000000000000001,CASH,0.025000000000000001,0,0,
2022-02-19,2022-02-20,bear,-0.0432847845987683,0.45001117377975175,0.4506116915035677,0.0006005177238159742,6.005177238159743e-07,-0.019479225544552614,1.2619259296036234,1.2373445898003552,0.45000000000000001,CASH,0.025000000000000001,0,0,
2022-02-20,2022-02-21,bear,-0.0348663798722461,0.4500375684823636,0.4390853205046494,0.010952247977714213,1.0952247977714214e-05,-0.01570196121376244,1.2373445898003552,1.2179158530432512,0.45000000000000001,CASH,0.025000000000000001,0,0,
2022-02-21,2022-02-22,bear,0.0332408550504217,0.4500954662763184,0.44127044195793286,0.008825024318385555,8.825024318385555e-06,0.01495260109291019,1.2179158530432512,1.2361268629585385,0.45000000000000001,CASH,0.025000000000000001,0,0,
2022-02-22,2022-02-23,bear,-0.0267620437040173,0.45002745056049653,0.4582016143308942,0.008174163770397647,8.174163770397647e-06,-0.012051730016875317,1.2361268629585385,1.221229395739555,0.45000000000000001,CASH,0.025000000000000001,0,0,
2022-02-23,2022-02-24,bear,0.0299425648630207,0.45014194714034245,0.4433230255231793,0.006818921617163132,6.818921617163132e-06,0.01347149362001554,1.221229395739555,1.237681179752836,0.45000000000000001,CASH,0.025000000000000001,0,0,
2022-02-24,2022-02-25,bear,0.0227026124697438,0.45002729440921424,0.4574545935607209,0.007427299151506639,7.427299151506639e-06,0.010209292083433352,1.237681179752836,1.250317028423101,0.45000000000000001,CASH,0.025000000000000001,0,0,
2022-02-25,2022-02-26,bear,-0.0023999224679669,0.45007253053050383,0.4555894257864793,0.005516895255975485,5.5168952559754845e-06,-0.0010856501144761443,1.250317028423101,1.248959621598062,0.45000000000000001,CASH,0.025000000000000001,0,0,
2022-02-26,2022-02-27,bear,-0.0364663624394422,0.4501981167624727,0.4494778900310418,0.0007202267314308508,7.202267314308508e-07,-0.016417796098120663,1.248959621598062,1.228454457195879,0.45000000000000001,CASH,0.025000000000000001,0,0,
2022-02-27,2022-02-28,bear,0.1459069067714537,0.4501084067619227,0.44102131466546807,0.009087092096454641,9.087092096454641e-06,0.06566424146535499,1.228454457195879,1.3091199873023809,0.45000000000000001,CASH,0.025000000000000001,0,0,
2022-02-28,2022-03-01,bear,0.0285286258746604,0.442419609536166,0.48399638936331585,0.04157677982714986,4.157677982714986e-05,0.012579521973781427,1.3091199873023809,1.3255880909489677,0.45000000000000001,CASH,0.025000000000000001,0,0,
2022-03-01,2022-03-02,bear,-0.0114249566076771,0.43246725753402215,0.44936946089934793,0.016902203365325774,1.6902203365325775e-05,-0.0049577383425039034,1.3255880909489677,1.3190161720441034,0.45000000000000001,CASH,0.050000000000000003,0,0,
2022-03-02,2022-03-03,bear,-0.0330154305806052,0.43727395479371317,0.4296492000583031,0.0076247547354100775,7.6247547354100775e-06,-0.01444430257696705,1.3190161720441034,1.2999639033511856,0.45000000000000001,CASH,0.050000000000000003,0,0,
2022-03-03,2022-03-04,bear,-0.0781927795963545,0.4335415207551129,0.42903099639160197,0.004510524363510904,4.510524363510904e-06,-0.0339041741966879,1.2999639033511856,1.2558897007225607,0.45000000000000001,CASH,0.050000000000000003,0,0,
2022-03-04,2022-03-05,bear,0.0064660843528936,0.4321534508814302,0.4136648673032974,0.018488583578132822,1.8488583578132822e-05,0.0027758004198144004,1.2558897007225607,1.2593757998810668,0.45000000000000001,CASH,0.050000000000000003,0,0,
2022-03-05,2022-03-06,bear,-0.025198117565832,0.43111796007790015,0.43373578600275253,0.0026178259248523794,2.6178259248523796e-06,-0.010865950430321236,1.2593757998810668,1.2456914848664131,0.45000000000000001,CASH,0.050000000000000003,0,0,
2022-03-06,2022-03-07,bear,-0.0098507672557682,0.4310865443591413,0.4248701165070213,0.00621642785212001,6.21642785212001e-06,-0.004252723245160128,1.2456914848664131,1.2403939037324236,0.45000000000000001,CASH,0.050000000000000003,0,0,
2022-03-07,2022-03-08,bear,0.0189350108350339,0.43104349702773875,0.4286603314793928,0.0023831655483459446,2.3831655483459446e-06,0.008159410670090406,1.2403939037324236,1.250514786985653,0.45000000000000001,CASH,0.050000000000000003,0,0,
2022-03-08,2022-03-09,bear,0.0821839317792323,0.43104185430498043,0.4356496194619074,0.004607765156926957,4.607765156926958e-06,0.03541994335427301,1.250514786985653,1.2948079499043657,0.45000000000000001,CASH,0.050000000000000003,0,0,
2022-03-09,2022-03-10,bear,-0.0599274964821483,0.4310446730010005,0.4505074702092833,0.019462797208282756,1.9462797208282757e-05,-0.025850388170277405,1.2948079499043657,1.2613366617933768,0.45000000000000001,CASH,0.050000000000000003,0,0,
2022-03-10,2022-03-11,bear,-0.017406504415686,0.43119272680256454,0.415958034959112,0.015234691843452552,1.5234691843452553e-05,-0.007520678450079199,1.2613366617933768,1.2518505543427325,0.45000000000000001,CASH,0.050000000000000003,0,0,
2022-03-11,2022-03-12,bear,0.0021714321124084,0.43105718765600226,0.4268912255968852,0.004165962059117068,4.165962059117068e-06,0.0009318415581134332,1.2518505543427325,1.2530170807138163,0.45000000000000001,CASH,0.050000000000000003,0,0,
2022-03-12,2022-03-13,bear,-0.0263279255326001,0.431038984114467,0.4315892266308771,0.0005502425164101155,5.502425164101155e-07,-0.011348906273578319,1.2530170807138163,1.2387967073056025,0.45000000000000001,CASH,0.050000000000000003,0,0,
2022-03-13,2022-03-14,bear,0.0497110530159501,0.4310409883279714,0.424508093472626,0.006532894855345361,6.532894855345362e-06,0.021420828544350234,1.2387967073056025,1.2653327591741015,0.45000000000000001,CASH,0.050000000000000003,0,0,
2022-03-14,2022-03-15,bear,-0.009714880605781,0.43104144982472314,0.4429766078556873,0.011935158030964177,1.1935158030964178e-05,-0.004199401400553082,1.2653327591741015,1.26001911901306,0.45000000000000001,CASH,0.050000000000000003,0,0,
2022-03-15,2022-03-16,bear,0.0466581987847995,0.431067755524255,0.4286489078583856,0.002418847665869417,2.418847665869417e-06,0.02011037752939404,1.26001911901306,1.2853585791906672,0.45000000000000001,CASH,0.050000000000000003,0,0,
2022-03-16,2022-03-17,bear,-0.0049588143594032,0.43107662848691175,0.44228499106811614,0.01120836258120439,1.120836258120439e-05,-0.0021488133786045083,1.2853585791906672,1.2825965834793982,0.45000000000000001,CASH,0.050000000000000003,0,0,
2022-03-17,2022-03-18,bear,0.0208482016287505,0.4311787629826099,0.42985787616293347,0.0013208868196764034,1.3208868196764035e-06,0.008987969028026566,1.2825965834793982,1.2941245218471638,0.45000000000000001,CASH,0.050000000000000003,0,0,
2022-03-18,2022-03-19,bear,0.0111377664133613,0.4311377766494715,0.4362465132097971,0.005108736560325622,5.108736560325622e-06,0.0047967785800349105,1.2941245218471638,1.3003321506334582,0.45000000000000001,CASH,0.050000000000000003,0,0,
2022-03-19,2022-03-20,bear,-0.0226600052091966,0.4316135514433318,0.4338563485571734,0.0022427971138416214,2.2427971138416216e-06,-0.00978258618580452,1.3003321506334582,1.2876115392997138,0.45000000000000001,CASH,0.050000000000000003,0,0,
2022-03-20,2022-03-21,bear,-0.0061536970636689,0.43390835749036116,0.4259996180113293,0.007908739479031868,7.908739479031868e-06,-0.002678028207422578,1.2876115392997138,1.2841632792772664,0.45000000000000001,CASH,0.050000000000000003,0,0,
2022-03-21,2022-03-22,bear,0.0329335478523717,0.4325023056212143,0.43239276637930973,0.00010953924190454378,1.0953924190454378e-07,0.014243724278936387,1.2841632792772664,1.3024545469564266,0.45000000000000001,CASH,0.050000000000000003,0,0,
2022-03-22,2022-03-23,bear,0.0127203643829796,0.43230888761088454,0.4404721285123321,0.008163240901447544,8.163240901447544e-06,0.005490918444814641,1.3024545469564266,1.3096062186518422,0.45000000000000001,CASH,0.050000000000000003,0,0,
2022-03-23,2022-03-24,bear,0.0256571588366889,0.43927658496002026,0.43541361958013114,0.003862965379889116,3.862965379889116e-06,0.011266682610282075,1.3096062186518422,1.3243611362618442,0.45000000000000001,CASH,0.050000000000000003,0,0,
2022-03-24,2022-03-25,mix,0.0072251380274011,0.4734118319943361,0.4455258354428272,0.027885996551508918,2.7885996551508918e-05,0.0033924844503141482,1.3243611362618442,1.3288540108232128,0.45000000000000001,ABSTAIN,0.050000000000000003,0,0,
2022-03-25,2022-03-26,mix,0.0048949944733933,0.4763071018504102,0.47520686896683484,0.0011002328835753583,1.1002328835753584e-06,0.0023304178330965097,1.3288540108232128,1.331950795907617,0.5,ABSTAIN,0.050000000000000003,0,0,
2022-03-26,2022-03-27,mix,0.0518766274580229,0.4778032206874374,0.4775252624802162,0.00027795820722120723,2.7795820722120725e-07,0.024786534829938534,1.331950795907617,1.3649652407021453,0.5,ABSTAIN,0.050000000000000003,0,0,
2022-03-27,2022-03-28,mix,0.0052497919289784,0.4775590662343866,0.49043374750202035,0.012874681267633747,1.2874681267633748e-05,0.002494178772330269,1.3649652407021453,1.3683697080304733,0.5,ABSTAIN,0.050000000000000003,0,0,
2022-03-28,2022-03-29,mix,0.0073028340940453,0.4797811443965173,0.478865594865707,0.0009155495308103001,9.155495308103002e-07,0.003502843341580464,1.3683697080304733,1.3731628927510682,0.5,ABSTAIN,0.050000000000000003,0,0,
2022-03-29,2022-03-30,mix,-0.0078821471474636,0.4796613028561444,0.4815975034160641,0.0019362005599197207,1.936200559919721e-06,-0.0037826898503046102,1.3731628927510682,1.3679686434138438,0.5,ABSTAIN,0.050000000000000003,0,0,
2022-03-30,2022-03-31,mix,-0.0329261816250663,0.4803131507078128,0.4776865605902883,0.0026265901175244744,2.6265901175244743e-06,-0.01581746308802834,1.3679686434138438,1.346330849891065,0.5,ABSTAIN,0.050000000000000003,0,0,
2022-03-31,2022-04-01,mix,0.0169577155409115,0.4790209245140693,0.4719622988653709,0.007058625648698413,7.058625648698414e-06,0.008115984612479421,1.346330849891065,1.3572576503520872,0.5,ABSTAIN,0.050000000000000003,0,0,
2022-04-01,2022-04-02,mix,-0.0104974404389053,0.4766596148296428,0.48321879025662956,0.006559175426986752,6.559175426986752e-06,-0.005010232271547843,1.3572576503520872,1.350457474271488,0.5,ABSTAIN,0.050000000000000003,0,0,
2022-04-02,2022-04-03,mix,0.0130099757700115,0.4793857974176881,0.4740278046439273,0.005357992773760811,5.357992773760811e-06,0.006231406199401324,1.350457474271488,1.3588727233486912,0.5,ABSTAIN,0.050000000000000003,0,0,
2022-04-03,2022-04-04,mix,0.0047837610705281,0.4777398256267229,0.4826126376818647,0.004872812055141784,4.872812055141784e-06,0.002280509231327388,1.3588727233486912,1.361971645138487,0.5,ABSTAIN,0.050000000000000003,0,0,
2022-04-04,2022-04-05,mix,-0.0240837247206674,0.4802462939935627,0.4789306739107047,0.0013156200828580156,1.3156200828580155e-06,-0.011567419946125312,1.361971645138487,1.3462171471644548,0.5,ABSTAIN,0.050000000000000003,0,0,
2022-04-05,2022-04-06,mix,-0.0512679646640002,0.480257934798712,0.4741644167782345,0.006093518020477473,6.093518020477473e-06,-0.024627790315219222,1.3462171471644548,1.313062793545336,0.5,ABSTAIN,0.050000000000000003,0,0,
2022-04-06,2022-04-07,mix,0.0063697218168763,0.4800274033263403,0.4671378854318435,0.012889517894496827,1.2889517894496827e-05,0.003044712094253166,1.313062793545336,1.3170606917133574,0.5,ABSTAIN,0.050000000000000003,0,0,
2022-04-07,2022-04-08,mix,-0.0269977904621616,0.4774647703199356,0.48161244637645767,0.004147676056522054,4.147676056522054e-06,-0.012894588032625665,1.3170606917133574,1.3000777366797487,0.5,ABSTAIN,0.050000000000000003,0,0,
2022-04-08,2022-04-09,mix,0.0116380839739798,0.4776102175023441,0.47064107233313984,0.006969145169204272,6.969145169204272e-06,0.005551459935184688,1.3000777366797487,1.307295066147552,0.5,ABSTAIN,0.050000000000000003,0,0,
2022-04-09,2022-04-10,mix,-0.014707601655482,0.4703219146064781,0.48049785346530305,0.010175938858824951,1.0175938858824951e-05,-0.006927412918637632,1.307295066147552,1.2982388934178501,0.45000000000000001,ABSTAIN,0.050000000000000003,0,0,
2022-04-10,2022-04-11,mix,-0.0626750201718163,0.4790078131176236,0.466632447303357,0.01237536581426657,1.237536581426657e-05,-0.03003382818436018,1.2982388934178501,1.2592478095506845,0.5,ABSTAIN,0.050000000000000003,0,0,
2022-04-11,2022-04-12,mix,0.0147099779730106,0.4774044427227636,0.4628825679165021,0.014521874806261492,1.4521874806261492e-05,0.007007984980416548,1.2592478095506845,1.2680725992866382,0.5,ABSTAIN,0.050000000000000003,0,0,
2022-04-12,2022-04-13,bear,0.0263236688457508,0.4612550214861916,0.4810488337685405,0.019793812282348944,1.9793812282348946e-05,0.012121890291786785,1.2680725992866382,1.2834440362172117,0.45000000000000001,ABSTAIN,0.025000000000000001,0,0,
2022-04-13,2022-04-14,mix,-0.0291007220479906,0.4658804960490426,0.46771794991853916,0.0018374538694965747,1.8374538694965748e-06,-0.013559271365767511,1.2834440362172117,1.2660414702473666,0.45000000000000001,ABSTAIN,0.050000000000000003,0,0,
2022-04-14,2022-04-15,mix,0.015625,0.4715019814810665,0.4585396699196342,0.012962311561432294,1.2962311561432294e-05,0.007354160652899289,1.2660414702473666,1.2753521426127985,0.45000000000000001,ABSTAIN,0.050000000000000003,0,0,
2022-04-15,2022-04-16,bear,-0.0043885601577908,0.4623451305044531,0.4753670669107819,0.013021936406328816,1.3021936406328816e-05,-0.0020420249333946705,1.2753521426127985,1.2727478417387248,0.45000000000000001,ABSTAIN,0.025000000000000001,0,0,
2022-04-16,2022-04-17,mix,-0.0168144222673468,0.4650991998943516,0.4612519949528493,0.0038472049415023135,3.847204941502314e-06,-0.007824191461587526,1.2727478417387248,1.2627896189426386,0.45000000000000001,ABSTAIN,0.050000000000000003,0,0,
2022-04-17,2022-04-18,bear,0.0277057149333803,0.4613625575964686,0.46088310395250065,0.0004794536439679531,4.794536439679531e-07,0.012781893919500575,1.2627896189426386,1.27893046189461,0.45000000000000001,ABSTAIN,0.025000000000000001,0,0,
2022-04-18,2022-04-19,bear,0.0171556013038256,0.4400486048469769,0.46816072899239686,0.02811212414541997,2.8112124145419972e-05,0.007520974068099706,1.27893046189461,1.2885492647334222,0.45000000000000001,CASH,0.025000000000000001,0,0,
2022-04-19,2022-04-20,bear,-0.0032527769076934,0.4615140324285423,0.44424417144487116,0.017269860983671115,1.7269860983671114e-05,-0.0015184461226906976,1.2885492647334222,1.286592672098492,0.45000000000000001,ABSTAIN,0.025000000000000001,0,0,
2022-04-20,2022-04-21,mix,-0.0214175207890157,0.4715671394581677,0.4607044407554247,0.010862698702742979,1.0862698702742978e-05,-0.010110552000391015,1.286592672098492,1.273584509983918,0.45000000000000001,ABSTAIN,0.050000000000000003,0,0,
2022-04-21,2022-04-22,mix,-0.0190949063781433,0.4710257411937536,0.46617562051727984,0.004850120676473779,4.850120676473779e-06,-0.008998998927548074,1.273584509983918,1.2621235243444309,0.45000000000000001,ABSTAIN,0.050000000000000003,0,0,
2022-04-22,2022-04-23,bear,-0.0073283134805711,0.4484218255562435,0.46622486491455783,0.017803039358314343,1.7803039358314343e-05,-0.0033039202446488725,1.2621235243444309,1.2579535688811017,0.45000000000000001,CASH,0.025000000000000001,0,0,
2022-04-23,2022-04-24,bear,0.0011669795524886,0.4407798869487833,0.4466032666535664,0.005823379704783138,5.823379704783138e-06,0.0005085547400762724,1.2579535688811017,1.258593307131352,0.45000000000000001,CASH,0.025000000000000001,0,0,
2022-04-24,2022-04-25,bear,0.0244019866207176,0.43520517457049834,0.4410673913273637,0.005862216756865379,5.8622167568653794e-06,0.010613946374394612,1.258593307131352,1.271951949000416,0.45000000000000001,CASH,0.025000000000000001,0,0,
2022-04-25,2022-04-26,bear,-0.0572389739530512,0.43575984549736824,0.4411401935367933,0.005380348039425054,5.380348039425054e-06,-0.024947692595206017,1.271951949000416,1.2402196827808805,0.45000000000000001,CASH,0.025000000000000001,0,0,
2022-04-26,2022-04-27,bear,0.029648676304673,0.4454231081281792,0.421326307922905,0.024096800205274216,2.4096800205274216e-05,0.013181790524011694,1.2402196827808805,1.2565679988430543,0.45000000000000001,CASH,0.025000000000000001,0,0,
2022-04-27,2022-04-28,bear,0.0128685370639349,0.43459586563710173,0.45265150486326666,0.018055639226164932,1.8055639226164933e-05,0.005574456387354987,1.2565679988430543,1.2635726823503508,0.45000000000000001,CASH,0.025000000000000001,0,0,
2022-04-28,2022-04-29,bear,-0.0293599677971219,0.4355396051771086,0.4377403661772838,0.0022007610001751887,2.2007610001751886e-06,-0.012789601401296702,1.2635726823503508,1.2474120914015225,0.45000000000000001,CASH,0.025000000000000001,0,0,
2022-04-29,2022-04-30,bear,-0.0241310489619243,0.43716937756978,0.42822811289093954,0.008941264678840488,8.941264678840488e-06,-0.010558202594888044,1.2474120914015225,1.2342416618211922,0.45000000000000001,CASH,0.025000000000000001,0,0,
2022-04-30,2022-05-01,bear,0.0215405046480743,0.4345067231248722,0.4311685725338172,0.0033381505910550224,3.3381505910550225e-06,0.009356124695099055,1.2342416618211922,1.2457893807130775,0.45000000000000001,CASH,0.025000000000000001,0,0,
2022-05-01,2022-05-02,bear,0.0013780192922701,0.4451639128294069,0.4397503761675474,0.005413536661859508,5.413536661859509e-06,0.0006080276025355325,1.2457893807130775,1.2465468550434968,0.45000000000000001,CASH,0,0,0,
2022-05-02,2022-05-03,bear,-0.0206678091083761,0.4467100634028711,0.4455040652887043,0.0012059981141668286,1.2059981141668286e-06,-0.009233713180915704,1.2465468550434968,1.2350365989174528,0.45000000000000001,CASH,0,0,0,
2022-05-03,2022-05-04,bear,0.0522297046502995,0.4472178175510466,0.44155420234687465,0.005663615204171968,5.663615204171968e-06,0.023352258618805743,1.2350365989174528,1.2638774929790635,0.45000000000000001,CASH,0,0,0,
2022-05-04,2022-05-05,bear,-0.0792178996170126,0.4456141378016649,0.4598350205925641,0.01422088279089917,1.422088279089917e-05,-0.035314334913161716,1.2638774929790635,1.2192444999027936,0.45000000000000001,CASH,0,0,0,
2022-05-05,2022-05-06,bear,-0.0146398861646234,0.4561011076377024,0.4253278571398028,0.030773250497899585,3.077325049789958e-05,-0.006707836064622663,1.2192444999027936,1.2110660076747528,0.45000000000000001,CASH,0,0,0,
2022-05-06,2022-05-07,bear,-0.0150240217723346,0.445422147224506,0.45244493556598536,0.007022788341479347,7.022788341479347e-06,-0.006699007829397918,1.2110660076747528,1.202953067007422,0.45000000000000001,CASH,0,0,0,
2022-05-07,2022-05-08,bear,-0.039697755723469,0.4451682013197739,0.4416858913220883,0.0034823099976856176,3.4823099976856175e-06,-0.017675599281842258,1.202953067007422,1.1816901506401356,0.45000000000000001,CASH,0,0,0,
2022-05-08,2022-05-09,bear,-0.116412213740458,0.4449235114582697,0.4351867202135247,0.009736791244744969,9.73679124474497e-06,-0.05180376339274473,1.1816901506401356,1.120474153672837,0.45000000000000001,CASH,0,0,0,
2022-05-09,2022-05-10,bear,0.0303206512709752,0.4447839526458382,0.41460315655339597,0.03018079609244223,3.018079609244223e-05,0.013455551300593172,1.120474153672837,1.1355507511285707,0.45000000000000001,CASH,0,0,0,
2022-05-10,2022-05-11,bear,-0.0625429331613318,0.4447668294211142,0.4521720367712743,0.007405207350160148,7.405207350160148e-06,-0.027824221301396057,1.1355507511285707,1.1039549357302028,0.45000000000000001,CASH,0,0,0,
2022-05-11,2022-05-12,bear,-0.0031718510262073,0.4447668775164444,0.4288799709602071,0.015886906556237312,1.5886906556237312e-05,-0.0014265987712260841,1.1039549357302028,1.1023800349754012,0.45000000000000001,CASH,0,0,0,
2022-05-12,2022-05-13,bear,0.0106432909994478,0.4447667801762243,0.4439824845488554,0.0007842956273688695,7.842956273688695e-07,0.0047329942599907415,1.1023800349754012,1.107597593353268,0.45000000000000001,CASH,0,0,0,
2022-05-13,2022-05-14,bear,0.0271817076668805,0.4447667595548818,0.44738274991583116,0.0026159903609493385,2.6159903609493386e-06,0.01208687242173756,1.107597593353268,1.1209849841587525,0.45000000000000001,CASH,0,0,0,
2022-05-14,2022-05-15,bear,0.0408338984853924,0.4447667430343152,0.4513990813538115,0.006632338319496334,6.632338319496334e-06,0.01815480724281171,1.1209849841587525,1.141336250468241,0.45000000000000001,CASH,0,0,0,
2022-05-15,2022-05-16,bear,-0.0466228236879845,0.4447667859331421,0.45467077253757343,0.009903986604431314,9.903986604431314e-06,-0.020745982057563395,1.141336250468241,1.1176581090943802,0.45000000000000001,CASH,0,0,0,
2022-05-16,2022-05-17,bear,0.0197159033803477,0.4447668414544578,0.4330095104320712,0.011757331022386575,1.1757331022386574e-05,0.008757119642074596,1.1176581090943802,1.1274455748746546,0.45000000000000001,CASH,0,0,0,
2022-05-17,2022-05-18,bear,-0.0576197125256673,0.444766767156478,0.44959334643159,0.004826579275111986,4.826579275111986e-06,-0.02563203615144627,1.1274455748746546,1.0985468491406793,0.45000000000000001,CASH,0,0,0,
2022-05-18,2022-05-19,bear,0.0565547680389908,0.4447667926869026,0.43016337403658,0.014603418650322608,1.4603418650322609e-05,0.02513871204344298,1.0985468491406793,1.1261629020474584,0.45000000000000001,CASH,0,0,0,
2022-05-19,2022-05-20,bear,-0.0371973774083594,0.4447667380313105,0.45839027198243854,0.01362353395112803,1.362353395112803e-05,-0.016557554357312876,1.1261629020474584,1.1075163985816183,0.45000000000000001,CASH,0,0,0,
2022-05-20,2022-05-21,bear,0.0087735532205108,0.4447667617295352,0.4354263432603318,0.009340418469203415,9.340418469203415e-06,0.003892807988239433,1.1075163985816183,1.111827747265123,0.45000000000000001,CASH,0,0,0,
2022-05-21,2022-05-22,bear,0.0289455266930755,0.4447667485347972,0.4469249627633794,0.0021582142285822004,2.1582142285822004e-06,0.012871821792810989,1.111827747265123,1.126138995892222,0.45000000000000001,CASH,0,0,0,
2022-05-22,2022-05-23,bear,-0.0394002628225023,0.4447667522819994,0.4518239710034353,0.007057218721435887,7.057218721435888e-06,-0.017530860483157773,1.126138995892222,1.1063968102705921,0.45000000000000001,CASH,0,0,0,
2022-05-23,2022-05-24,bear,0.0190903060154743,0.4447668094381307,0.4348633387216822,0.009903470716448481,9.903470716448482e-06,0.008480746939243167,1.1063968102705921,1.1157798816328828,0.45000000000000001,CASH,0,0,0,
2022-05-24,2022-05-25,bear,-0.0036460283250193,0.4447667544092813,0.449441455861848,0.00467470145256671,4.67470145256671e-06,-0.0016262993054093622,1.1157798816328828,1.1139652895863934,0.45000000000000001,CASH,0,0,0,
2022-05-25,2022-05-26,bear,-0.0114114134445474,0.4447667600780397,0.44386490784485527,0.0009018522331844525,9.018522331844525e-07,-0.005076314660598991,1.1139652895863934,1.1083104512554676,0.45000000000000001,CASH,0,0,0,
2022-05-26,2022-05-27,bear,-0.020624240245176,0.4447667438281033,0.4419343439449681,0.0028323998831351616,2.8323998831351618e-06,-0.00917578259612195,1.1083104512554676,1.0981408355057376,0.45000000000000001,CASH,0,0,0,
2022-05-27,2022-05-28,bear,0.0148909835950938,0.4447667568111967,0.4396264506088831,0.005140306202313594,5.140306202313594e-06,0.0066178401287939614,1.0981408355057376,1.1054081559940148,0.45000000000000001,CASH,0,0,0,
2022-05-28,2022-05-29,bear,0.0150927925972625,0.444766739407972,0.44841987993290533,0.003653140524933318,3.6531405249333183e-06,0.0067090944888201776,1.1054081559940148,1.112824443761291,0.45000000000000001,CASH,0,0,0,
2022-05-29,2022-05-30,bear,0.0766361674110476,0.4447667512129093,0.4484690410700677,0.0037022898571583696,3.70228985715837e-06,0.03408139072160177,1.112824443761291,1.1507510484336687,0.45000000000000001,CASH,0,0,0,
2022-05-30,2022-05-31,bear,0.0022097322787983,0.4447668242016762,0.46306818966617863,0.01830136546450245,1.830136546450245e-05,0.0009644962556447645,1.1507510484336687,1.1518609435110623,0.45000000000000001,CASH,0,0,0,
2022-05-31,2022-06-01,bear,-0.0627457271005932,0.431363446914684,0.4453119802450493,0.013948533330365331,1.3948533330365332e-05,-0.027079784120634498,1.1518609435110623,1.1206687978237924,0.45000000000000001,CASH,0,0,0,
2022-06-01,2022-06-02,bear,0.022048089668943,0.4205795406950621,0.4155444483950286,0.005035092300033517,5.035092300033517e-06,0.009267893643580383,1.1206687978237924,1.1310550370517023,0.40000000000000002,CASH,0.025000000000000001,0,0,
2022-06-02,2022-06-03,bear,-0.0247771338510285,0.42057854959352636,0.4259031268916357,0.005324577298109312,5.324577298109312e-06,-0.010426000109460487,1.1310550370517023,1.1192626571115953,0.40000000000000002,CASH,0.025000000000000001,0,0,
2022-06-03,2022-06-04,bear,0.0055015167890535,0.42057880032246836,0.41447697160973873,0.006101828712729629,6.101828712729629e-06,0.002307705383839842,1.1192626571115953,1.1218455855713427,0.40000000000000002,CASH,0.025000000000000001,0,0,
2022-06-04,2022-06-05,bear,0.0016307095763168,0.42057853274209595,0.4219163825277317,0.0013378497856357807,1.3378497856357808e-06,0.0006845026735973203,1.1218455855713427,1.1226134918740296,0.40000000000000002,CASH,0.025000000000000001,0,0,
2022-06-05,2022-06-06,bear,0.0486276869588473,0.42057915292711856,0.42097565163551515,0.0003964987083965865,3.9649870839658655e-07,0.02045138678213987,1.1226134918740296,1.145572494603194,0.40000000000000002,CASH,0.025000000000000001,0,0,
2022-06-06,2022-06-07,bear,-0.0076129509430112,0.42058032513908006,0.43219184682536305,0.011611521686282988,1.1611521686282988e-05,-0.003213431726129312,1.145572494603194,1.141891275604455,0.40000000000000002,CASH,0.025000000000000001,0,0,
2022-06-07,2022-06-08,bear,-0.0297859217187942,0.42059808074675087,0.4187191467475673,0.0018789339991835963,1.8789339991835964e-06,-0.012529756903096878,1.141891275604455,1.127583655511364,0.40000000000000002,CASH,0.025000000000000001,0,0,
2022-06-08,2022-06-09,bear,-0.0034369040050857,0.42062546656657945,0.4132473007205082,0.007378165846071261,7.378165846071261e-06,-0.0014530168502890906,1.127583655511364,1.1259452574597955,0.40000000000000002,CASH,0.025000000000000001,0,0,
2022-06-09,2022-06-10,bear,-0.0337067825555356,0.4206610211852539,0.4197866815595179,0.0008743396257359648,8.743396257359648e-07,-0.014179991512931811,1.1259452574597955,1.1099793632649897,0.40000000000000002,CASH,0.025000000000000001,0,0,
2022-06-10,2022-06-11,bear,-0.0233776772236987,0.4206203530526856,0.4123283486964042,0.008292004356281357,8.292004356281357e-06,-0.009841337315409482,1.1099793632649897,1.0990556819379556,0.40000000000000002,CASH,0.025000000000000001,0,0,
2022-06-11,2022-06-12,bear,-0.0632705943654633,0.42061250497011776,0.4148666627246238,0.0057458422454939595,5.74584224549396e-06,-0.026617996118580733,1.0990556819379556,1.0698010220620269,0.40000000000000002,CASH,0.025000000000000001,0,0,
2022-06-12,2022-06-13,bear,-0.1562900516043193,0.42059481367325413,0.40477205901649344,0.015822754656760696,1.5822754656760695e-05,-0.06574956778278107,1.0698010220620269,0.9994620672478711,0.40000000000000002,CASH,0.025000000000000001,0,0,
2022-06-13,2022-06-14,bear,-0.0129499287241625,0.42057973049126907,0.37982793632155076,0.0407517941697183,4.0751794169718306e-05,-0.005487007373127795,0.9994620672478711,0.9939780115157205,0.40000000000000002,CASH,0.025000000000000001,0,0,
2022-06-14,2022-06-15,bear,0.0189824572488526,0.4205783697987123,0.4174066488937748,0.003171720904937503,3.171720904937503e-06,0.007980413881805593,0.9939780115157205,1.00191036743703,0.40000000000000002,CASH,0.025000000000000001,0,0,
2022-06-15,2022-06-16,bear,-0.0970550848395999,0.4205783691887209,0.425167607963529,0.004589238774808102,4.589238774808102e-06,-0.04082367121271324,1.00191036743703,0.961008708012172,0.40000000000000002,CASH,0.025000000000000001,0,0,
2022-06-16,2022-06-17,bear,0.0028450060333748,0.4205783695083124,0.39592027626490794,0.024658093243404455,2.4658093243404456e-05,0.001171860400922542,0.961008708012172,0.9621348760620332,0.35000000000000003,CASH,0.025000000000000001,0,0,
2022-06-17,2022-06-18,bear,-0.07131956604678,0.4205783691311725,0.42127084671849435,0.000692477587321827,6.924775873218269e-07,-0.029996138481496515,0.9621348760620332,0.933274545081799,0.35000000000000003,CASH,0.025000000000000001,0,0,
2022-06-18,2022-06-19,bear,0.0837805809390883,0.4205783691282119,0.4026609041274609,0.017917465000750976,1.7917465000750976e-05,0.0352177512858014,0.933274545081799,0.9661423758918593,0.35000000000000003,CASH,0.025000000000000001,0,0,
2022-06-19,2022-06-20,bear,-0.0002381276364131,0.42057836912510527,0.44030012199333585,0.01972175286823058,1.972175286823058e-05,-0.00011987111067468526,0.9661423758918593,0.9660265633321912,0.35000000000000003,CASH,0.025000000000000001,0,0,
2022-06-20,2022-06-21,bear,0.0071990005978914,0.42057836912692836,0.4205203334640749,5.803566285345063e-05,5.8035662853450634e-08,0.0030276857194249107,0.9660265633321912,0.9689513881625772,0.35000000000000003,CASH,0.025000000000000001,0,0,
2022-06-21,2022-06-22,bear,-0.0364182158645587,0.4205783691265727,0.4223274137938066,0.0017490446672339122,1.7490446672339122e-06,-0.015318436089866161,0.9689513881625772,0.9541085682488216,0.35000000000000003,CASH,0.025000000000000001,0,0,
2022-06-22,2022-06-23,bear,0.0568422001622774,0.42057836912620444,0.41156548606611865,0.009012883060085797,9.012883060085796e-06,0.023897371491347075,0.9541085682488216,0.976909255147341,0.35000000000000003,CASH,0.025000000000000001,0,0,
2022-06-23,2022-06-24,bear,0.0059808442373949,0.420578369125661,0.4341069478765718,0.013528578750910791,1.3528578750910792e-05,0.0025018511066348115,0.976909255147341,0.9793533366484131,0.35000000000000003,CASH,0.025000000000000001,0,0,
2022-06-24,2022-06-25,bear,0.0123899391809449,0.4205783691301336,0.4220321972636993,0.0014538281335657044,1.4538281335657043e-06,0.005209479010398033,0.9793533366484131,0.9844552572994463,0.35000000000000003,CASH,0.025000000000000001,0,0,
2022-06-25,2022-06-26,bear,-0.0207725489648625,0.4205783691362694,0.42358204872797,0.0030036795917006143,3.0036795917006143e-06,-0.008739462204435888,0.9844552572994463,0.9758516477863196,0.35000000000000003,CASH,0.025000000000000001,0,0,
2022-06-26,2022-06-27,bear,-0.0148882077601159,0.4205783691418712,0.41547164607666287,0.005106723065208318,5.106723065208318e-06,-0.006266732885706006,0.9758516477863196,0.9697362461735667,0.35000000000000003,CASH,0.025000000000000001,0,0,
2022-06-27,2022-06-28,bear,-0.0218135859760156,0.42057836913073887,0.416927367647761,0.003651001482977867,3.651001482977867e-06,-0.009177939920704148,0.9697362461735667,0.9608360651672565,0.35000000000000003,CASH,0.025000000000000001,0,0,
2022-06-28,2022-06-29,bear,-0.0082207318275964,0.4205783691291226,0.4152133478400185,0.005365021289104099,5.365021289104099e-06,-0.0034628084570302864,0.9608360651672565,0.9575088739149756,0.35000000000000003,CASH,0.025000000000000001,0,0,
2022-06-29,2022-06-30,bear,-0.0091838916430067,0.4205783691259445,0.41856809040477394,0.002010278721170544,2.0102787211705444e-06,-0.003864548683371938,0.9575088739149756,0.9538085342569705,0.35000000000000003,CASH,0.025000000000000001,0,0,
2022-06-30,2022-07-01,bear,-0.0333072375618518,0.40249269878704486,0.4183316482620516,0.015838949475006747,1.583894947500675e-05,-0.013421546549197472,0.9538085342569705,0.9410069486154188,0.35000000000000003,CASH,0.025000000000000001,0,0,
2022-07-01,2022-07-02,bear,-0.001022691287397,0.39217237317780757,0.3943737213851533,0.0022013482073457435,2.2013482073457437e-06,-0.00040327173451659704,0.9410069486154188,0.9406274671110585,0.35000000000000003,CASH,0.050000000000000003,0,0,
2022-07-02,2022-07-03,bear,0.0034661594745157,0.39217237317672543,0.3919284931667935,0.00024388000993191827,2.4388000993191827e-07,0.0013590877754059427,0.9406274671110585,0.9419058624028201,0.35000000000000003,CASH,0.050000000000000003,0,0,
2022-07-03,2022-07-04,bear,0.0469137592633828,0.39217237317701487,0.39299749110321547,0.0008251179262006025,8.251179262006026e-07,0.01839744000629895,0.9419058624028201,0.9592345189979573,0.35000000000000003,CASH,0.050000000000000003,0,0,
2022-07-04,2022-07-05,bear,-0.0007518871377834,0.39217237317892284,0.4031533255918684,0.010980952412945555,1.0980952412945556e-05,-0.000305847077653687,0.9592345189979573,0.9589411399235372,0.35000000000000003,CASH,0.050000000000000003,0,0,
2022-07-05,2022-07-06,bear,0.0178460045741215,0.39217237318877723,0.3919930905687254,0.00017928262005184603,1.7928262005184604e-07,0.0069985294284038435,0.9589411399235372,0.9656523177113993,0.35000000000000003,CASH,0.050000000000000003,0,0,
2022-07-06,2022-07-07,bear,0.0523658753665903,0.39217237318817927,0.39639681680239347,0.004224443614214202,4.224443614214202e-06,0.020532138417904466,0.9656523177113993,0.9854792247622199,0.35000000000000003,CASH,0.050000000000000003,0,0,
2022-07-07,2022-07-08,bear,-0.0012293301537124,0.392172373225405,0.4044038044499273,0.012231431224522304,1.2231431224522304e-05,-0.000494334858196388,0.9854792247622199,0.9849920680293917,0.35000000000000003,CASH,0.050000000000000003,0,0,
2022-07-08,2022-07-09,bear,-0.0010966535870289,0.39217237338464667,0.3918791925140834,0.0002931808705632921,2.931808705632921e-07,-0.00043037029478598665,0.9849920680293917,0.984568156702712,0.35000000000000003,CASH,0.050000000000000003,0,0,
2022-07-09,2022-07-10,bear,-0.0342837290098435,0.392172373341239,0.3919108480805116,0.0002615252607274243,2.615252607274243e-07,-0.013445389381797512,0.984568156702712,0.9713302544629254,0.35000000000000003,CASH,0.050000000000000003,0,0,
2022-07-10,2022-07-11,bear,-0.0424129627675393,0.3921723735523222,0.3838886756450301,0.008283697907292109,8.28369790729211e-06,-0.016641338191499377,0.9713302544629254,0.9551660192027728,0.35000000000000003,CASH,0.050000000000000003,0,0,
2022-07-11,2022-07-12,bear,-0.0316732788330528,0.39217237354104795,0.38189125189644385,0.010281121644604096,1.0281121644604097e-05,-0.012431538353660843,0.9551660192027728,0.9432918362009399,0.35000000000000003,CASH,0.050000000000000003,0,0,
2022-07-12,2022-07-13,bear,0.0475456393649544,0.39217237330481136,0.38452735084724277,0.0076450224575685954,7.645022457568596e-06,0.018638298657843277,0.9432918362009399,0.9608731911655585,0.35000000000000003,CASH,0.050000000000000003,0,0,
2022-07-13,2022-07-14,bear,0.0165925925925924,0.3921723732729832,0.40329852054433935,0.011126147271356135,1.1126147271356134e-05,0.0064959578689365305,0.9608731911655585,0.9671149829327605,0.40000000000000002,CASH,0.050000000000000003,0,0,
2022-07-14,2022-07-15,bear,0.0116146895948703,0.39217238172290003,0.396102031811165,0.003929650088264958,3.929650088264958e-06,0.004551012931903298,0.9671149829327605,0.971516335726725,0.40000000000000002,CASH,0.050000000000000003,0,0,
2022-07-15,2022-07-16,bear,0.0184777023879838,0.39217241024155797,0.3949284586820187,0.0027560484404607344,2.7560484404607346e-06,0.007243669061227642,0.971516335726725,0.978553678550306,0.40000000000000002,CASH,0.050000000000000003,0,0,
2022-07-16,2022-07-17,bear,-0.0200048090750075,0.39217243698192866,0.39654531150077343,0.0043728745188447715,4.3728745188447716e-06,-0.007849673294158421,0.978553678550306,0.9708723518728891,0.40000000000000002,CASH,0.050000000000000003,0,0,
2022-07-17,2022-07-18,bear,0.0837214225232854,0.39217362567272906,0.38736611912176433,0.004807506550964735,4.807506550964735e-06,0.03282836846441706,0.9708723518728891,1.0027445071720875,0.40000000000000002,CASH,0.050000000000000003,0,0,
2022-07-18,2022-07-19,bear,0.0392616466451802,0.39217280403897115,0.41149616842758585,0.019323364388614706,1.9323364388614705e-05,0.01537772916303326,1.0027445071720875,1.0181644406230992,0.40000000000000002,CASH,0.050000000000000003,0,0,
2022-07-19,2022-07-20,bear,-0.008329702437399,0.39218129986204375,0.4013898146105166,0.00920851474847284,9.20851474847284e-06,-0.0032759319621635807,1.0181644406230992,1.0148290031893237,0.40000000000000002,CASH,0.050000000000000003,0,0,
2022-07-20,2022-07-21,bear,-0.002679279093008,0.39219852295407726,0.3901891982732591,0.0020093246808181586,2.0093246808181586e-06,-0.0010528165161233227,1.0148290031893237,1.013760574453725,0.40000000000000002,CASH,0.050000000000000003,0,0,
2022-07-21,2022-07-22,bear,-0.0206366345613958,0.3921807118931595,0.3915591676672224,0.0006215442259371318,6.215442259371318e-07,-0.008093906547255503,1.013760574453725,1.0055552911028045,0.40000000000000002,CASH,0.050000000000000003,0,0,
2022-07-22,2022-07-23,bear,-0.0094729043183742,0.392181107679809,0.3872213162795449,0.004959791400264091,4.959791400264091e-06,-0.003720035473833372,1.0055552911028045,1.0018145897490012,0.40000000000000002,CASH,0.050000000000000003,0,0,
2022-07-23,2022-07-24,bear,0.0054184253174474,0.3921775050886785,0.38991458294119696,0.0022629221474815275,2.2629221474815276e-06,0.002122716791683743,1.0018145897490012,1.003941158400815,0.40000000000000002,CASH,0.050000000000000003,0,0,
2022-07-24,2022-07-25,bear,-0.0566909189136527,0.3921750396791098,0.3934663796443138,0.0012913399652039748,1.2913399652039747e-06,-0.022234026004316232,1.003941158400815,0.981619504578128,0.40000000000000002,CASH,0.050000000000000003,0,0,
2022-07-25,2022-07-26,bear,-0.0024974298067308,0.3921750278096242,0.37835413424305736,0.01382089356656685,1.382089356656685e-05,-0.000993236960881605,0.981619504578128,0.9806445238046587,0.40000000000000002,CASH,0.050000000000000003,0,0,
2022-07-26,2022-07-27,bear,0.0804566867620135,0.3921727919237464,0.3915791223904582,0.0005936695332881547,5.936695332881547e-07,0.03155231107485057,0.9806445238046587,1.011586124873592,0.40000000000000002,CASH,0.050000000000000003,0,0,
2022-07-27,2022-07-28,bear,0.0388399837967097,0.3921730971629557,0.41076488249595505,0.018591785332999378,1.8591785332999378e-05,0.01521312176396794,1.011586124873592,1.0269755077660345,0.40000000000000002,CASH,0.050000000000000003,0,0,
2022-07-28,2022-07-29,bear,-0.0031740041928721,0.3921788280640996,0.40129260623262397,0.009113778168524378,9.113778168524378e-06,-0.0012538796781759176,1.0269755077660345,1.0256878040468622,0.40000000000000002,CASH,0.050000000000000003,0,0,
2022-07-29,2022-07-30,bear,-0.0058929179828637,0.39221898391870985,0.39142128312576774,0.0007977007929421132,7.977007929421132e-07,-0.0023121101606108363,1.0256878040468622,1.0233163008535109,0.40000000000000002,CASH,0.050000000000000003,0,0,
2022-07-30,2022-07-31,bear,-0.013996665848643,0.39221074422205743,0.3908109565690589,0.0013997876529985298,1.39978765299853e-06,-0.005491034832442732,1.0233163008535109,1.0176972354009177,0.40000000000000002,CASH,0.050000000000000003,0,0,
2022-07-31,2022-08-01,bear,-0.0013817726168713,0.3868572540835701,0.38885578080269495,0.0019985267191248712,1.9985267191248713e-06,-0.0005365462187397751,1.0176972354009177,1.0171511937974413,0.40000000000000002,CASH,0.050000000000000003,0,0,
2022-08-01,2022-08-02,bear,-0.0121437656846231,0.376693508599033,0.3865293240942654,0.00983581549523238,9.835815495232381e-06,-0.004584268525121726,1.0171511937974413,1.0124882995944258,0.40000000000000002,CASH,0.075000000000000011,0,0,
2022-08-02,2022-08-03,bear,-0.0072992700729926,0.37669723444295977,0.3738291037958635,0.0028681306470962897,2.86813064709629e-06,-0.002752475094341067,1.0124882995944258,1.0097014507664803,0.40000000000000002,CASH,0.075000000000000011,0,0,
2022-08-03,2022-08-04,bear,-0.0091451658136437,0.37666832974561104,0.37497866650284134,0.0016896632427697011,1.6896632427697011e-06,-0.0034463781751411515,1.0097014507664803,1.0062216377231503,0.40000000000000002,CASH,0.075000000000000011,0,0,
2022-08-04,2022-08-05,bear,0.0307844030408499,0.3766557283128453,0.3745137207044077,0.0021420076084375794,2.1420076084375794e-06,0.011592954903580033,1.0062216377231503,1.0178867197922812,0.40000000000000002,CASH,0.075000000000000011,0,0,
2022-08-05,2022-08-06,bear,-0.0156168215477814,0.37665915952717816,0.38380063497140904,0.0071414754442308825,7.141475444230883e-06,-0.005889318346395833,1.0178867197922812,1.0118920608588557,0.40000000000000002,CASH,0.075000000000000011,0,0,
2022-08-06,2022-08-07,bear,0.0100722622710749,0.3767308482076777,0.3729708367456044,0.0037600114620733316,3.7600114620733317e-06,0.0037907576298066292,1.0118920608588557,1.0157278984090972,0.40000000000000002,CASH,0.075000000000000011,0,0,
2022-08-07,2022-08-08,bear,0.0276587573839388,0.3766766648484097,0.37908692269208416,0.002410257843674435,2.410257843674435e-06,0.010415973116339128,1.0157278984090972,1.026307692892442,0.40000000000000002,CASH,0.075000000000000011,0,0,
2022-08-08,2022-08-09,bear,-0.0281151984145311,0.37685917929085183,0.3831037420566752,0.006244562765823358,6.244562765823358e-06,-0.010601648998784352,1.026307692892442,1.0154271389676441,0.40000000000000002,CASH,0.075000000000000011,0,0,
2022-08-09,2022-08-10,bear,0.0352620459935972,0.3774162306661257,0.37018600360855497,0.007230227057570704,7.230227057570704e-06,0.01330114203417243,1.0154271389676441,1.0289334795684062,0.40000000000000002,CASH,0.075000000000000011,0,0,
2022-08-10,2022-08-11,bear,-0.0011517804606288,0.37758366848714214,0.38559304624679497,0.008009377759652825,8.009377759652825e-06,-0.00044289938614949786,1.0289334795684062,1.0284777655619166,0.40000000000000002,CASH,0.075000000000000011,0,0,
2022-08-11,2022-08-12,bear,0.0193605260849039,0.38304898749886135,0.3773128659052113,0.0057361215936500565,5.736121593650056e-06,0.007410251253424871,1.0284777655619166,1.0360990442132914,0.40000000000000002,CASH,0.075000000000000011,0,0,
2022-08-12,2022-08-13,bear,0.0017951776119218,0.38233490058144287,0.38759063367927354,0.005255733097830673,5.255733097830673e-06,0.0006810997133623875,1.0360990442132914,1.03680473097532,0.40000000000000002,CASH,0.075000000000000011,0,0,
2022-08-13,2022-08-14,bear,-0.0057154546384371,0.40179585959100017,0.38275854983912916,0.019037309751871012,1.903730975187101e-05,-0.0023154396010020006,1.03680473097532,1.0344040722427137,0.40000000000000002,CASH,0.075000000000000011,0,0,
2022-08-14,2022-08-15,bear,-0.0082747666935496,0.39358237354555237,0.4004189540908076,0.006836580545255211,6.836580545255211e-06,-0.003263616630936883,1.0344040722427137,1.0310281739094336,0.40000000000000002,CASH,0.075000000000000011,0,0,
2022-08-15,2022-08-16,bear,-0.0101611089674172,0.3844902669502599,0.39160093807174423,0.0071106711214843354,7.110671121484335e-06,-0.00391393039020671,1.0310281739094336,1.02699280140641,0.40000000000000002,CASH,0.075000000000000011,0,0,
2022-08-16,2022-08-17,bear,-0.0217464203078366,0.37939811609060997,0.38207613263422674,0.002678016543616768,2.678016543616768e-06,-0.008253206817939729,1.02699280140641,1.0185168174158676,0.40000000000000002,CASH,0.075000000000000011,0,0,
2022-08-17,2022-08-18,bear,-0.0057588482303539,0.3788598835210475,0.37423521185679204,0.004624671664255453,4.624671664255453e-06,-0.002186411151338774,1.0185168174158676,1.0162899208884435,0.40000000000000002,CASH,0.075000000000000011,0,0,
2022-08-18,2022-08-19,bear,-0.1022384457584167,0.3771634760730215,0.37750171890667206,0.0003382428336505816,3.382428336505816e-07,-0.038560932790531965,1.0162899208884435,0.9771008335533692,0.40000000000000002,CASH,0.075000000000000011,0,0,
2022-08-19,2022-08-20,bear,0.0147662411851396,0.3767767160710676,0.3521832693311069,0.024593446739960723,2.4593446739960722e-05,0.0055388455882035,0.9771008335533692,0.9825128441945262,0.40000000000000002,CASH,0.075000000000000011,0,0,
2022-08-20,2022-08-21,bear,0.0178959170060881,0.3766438056632156,0.3802248819579536,0.003581076294738028,3.5810762947380284e-06,0.006736781072873788,0.9825128441945262,0.9891318181271513,0.40000000000000002,CASH,0.075000000000000011,0,0,
2022-08-21,2022-08-22,bear,-0.0046892718383433,0.37664552391391304,0.3808173360007878,0.004171812086874782,4.171812086874782e-06,-0.0017703576921881403,0.9891318181271513,0.9873807010043419,0.40000000000000002,CASH,0.075000000000000011,0,0,
2022-08-22,2022-08-23,bear,0.0047113647081895,0.3766565134816568,0.3755426114904592,0.0011139019911975967,1.1139019911975967e-06,0.0017734503260431467,0.9873807010043419,0.9891317716304668,0.40000000000000002,CASH,0.075000000000000011,0,0,
2022-08-23,2022-08-24,bear,-0.0070641161489413,0.3766576063283997,0.37776071828224683,0.0011031119538471579,1.1031119538471578e-06,-0.0026618532563313924,0.9891317716304668,0.9864988480032114,0.40000000000000002,CASH,0.075000000000000011,0,0,
2022-08-24,2022-08-25,bear,0.0093703779978657,0.3766634603455963,0.3749946213424412,0.0016688390031550648,1.6688390031550648e-06,0.0035278042722870495,0.9864988480032114,0.9899790228538033,0.40000000000000002,CASH,0.075000000000000011,0,0,
2022-08-25,2022-08-26,bear,-0.0610004915280959,0.37665966706188647,0.37885577584161806,0.002196108779731587,2.1961087797315872e-06,-0.022978570479635474,0.9899790228538033,0.9672307201037965,0.40000000000000002,CASH,0.075000000000000011,0,0,
2022-08-26,2022-08-27,bear,-0.0106667193418239,0.3766734437193623,0.3620007246709597,0.014672719048402616,1.4672719048402617e-05,-0.004032483673644838,0.9672307201037965,0.9633303780163303,0.40000000000000002,CASH,0.075000000000000011,0,0,
2022-08-27,2022-08-28,bear,-0.0241440757915334,0.3766427156561749,0.3741588955789241,0.002483820077250787,2.4838200772507867e-06,-0.009096151506118422,0.9633303780163303,0.9545677789474474,0.40000000000000002,CASH,0.075000000000000011,0,0,
2022-08-28,2022-08-29,bear,0.0381377172612045,0.37664189437740997,0.3709220758563479,0.00571981852106207,5.71981852106207e-06,0.014358460096996817,0.9545677789474474,0.9682739023113431,0.40000000000000002,CASH,0.075000000000000011,0,0,
2022-08-29,2022-08-30,bear,-0.0247933069896234,0.37664159005689013,0.3854691761847733,0.008827586127883147,8.827586127883147e-06,-0.009346935719786731,0.9682739023113431,0.959223508387292,0.40000000000000002,CASH,0.075000000000000011,0,0,
2022-08-30,2022-08-31,bear,0.0126966644099311,0.3766425658764307,0.3707656800658341,0.005876885810596588,5.876885810596589e-06,0.004776199271737225,0.959223508387292,0.9638049510094846,0.40000000000000002,CASH,0.075000000000000011,0,0,
2022-08-31,2022-09-01,bear,0.0041009983087121,0.36628709871589815,0.37960933870157626,0.013322239985678108,1.3322239985678108e-05,0.0014888005204447552,0.9638049510094846,0.9652398643221548,0.35000000000000003,CASH,0.075000000000000011,0,0,
2022-09-01,2022-09-02,bear,-0.0086156781492687,0.37618729578119936,0.36723759818439206,0.008949697596807304,8.949697596807304e-06,-0.0032500293549490022,0.9652398643221548,0.9621028064285408,0.40000000000000002,CASH,0.05000000000000001,0,0,
2022-09-02,2022-09-03,bear,-0.0060793777283274,0.3761905855691664,0.3741588766939804,0.002031708875186,2.031708875186e-06,-0.002289031729863056,0.9621028064285408,0.9599005225772356,0.40000000000000002,CASH,0.05000000000000001,0,0,
2022-09-03,2022-09-04,bear,0.0084966265619168,0.37618856944256046,0.3747606602809145,0.0014279091616459794,1.4279091616459793e-06,0.003194901318179122,0.9599005225772356,0.9629673100221384,0.40000000000000002,CASH,0.05000000000000001,0,0,
2022-09-04,2022-09-05,bear,-0.0103400517002586,0.3761894549262406,0.3781761261030061,0.0019866711767654865,1.9866711767654866e-06,-0.0038917973564160935,0.9629673100221384,0.9592196363906792,0.40000000000000002,CASH,0.05000000000000001,0,0,
2022-09-05,2022-09-06,bear,-0.0508611586866128,0.37619160180903344,0.37375346964135575,0.002438132167677687,2.438132167677687e-06,-0.019135932238246833,0.9592196363906792,0.9408640744271114,0.40000000000000002,CASH,0.05000000000000001,0,0,
2022-09-06,2022-09-07,bear,0.0263541711024994,0.3761890713572561,0.3640231121044961,0.012165959252759984,1.2165959252759984e-05,0.009901864579027864,0.9408640744271114,0.950180383079361,0.40000000000000002,CASH,0.05000000000000001,0,0,
2022-09-07,2022-09-08,bear,0.001861888338563,0.37618657211215956,0.3823129144885442,0.0061263423763846525,6.126342376384653e-06,0.0006942867583663581,0.950180383079361,0.9508400807373925,0.40000000000000002,CASH,0.05000000000000001,0,0,
2022-09-08,2022-09-09,bear,0.1060080549142223,0.3761869917926663,0.3766231960672412,0.00043620427457491395,4.3620427457491397e-07,0.03987839768437307,0.9508400807373925,0.9887580596112796,0.40000000000000002,CASH,0.05000000000000001,0,0,
2022-09-09,2022-09-10,bear,0.0133488102147416,0.37618843023022575,0.4001099191150095,0.023921488884783737,2.3921488884783737e-05,0.004997626345465855,0.9887580596112796,0.9936995029392847,0.40000000000000002,CASH,0.05000000000000001,0,0,
2022-09-10,2022-09-11,bear,0.0085217825074825,0.37622225141515003,0.37930535265382503,0.003083101238675001,3.083101238675001e-06,0.003202991215114581,0.9936995029392847,0.9968823137176629,0.40000000000000002,CASH,0.05000000000000001,0,0,
2022-09-11,2022-09-12,bear,0.02566533393787,0.37639586034779354,0.37821574409446135,0.0018198837466678053,1.8198837466678053e-06,0.00965848798424207,0.9968823137176629,1.0065106895664084,0.40000000000000002,CASH,0.05000000000000001,0,0,
2022-09-12,2022-09-13,bear,-0.0991190115783222,0.3764936883495895,0.38236244018492216,0.005868751835332642,5.868751835332642e-06,-0.037323331998307285,1.0065106895664084,0.9689443569398761,0.40000000000000002,CASH,0.05000000000000001,0,0,
2022-09-13,2022-09-14,bear,0.0023295581274318,0.37662072308932376,0.35232391812210895,0.024296804967214813,2.4296804967214815e-05,0.0008530417444232441,0.9689443569398761,0.9697709069243692,0.40000000000000002,CASH,0.05000000000000001,0,0,
2022-09-14,2022-09-15,bear,-0.0257534923970824,0.3761933254211146,0.3771671716164438,0.0009738461953291977,9.738461953291977e-07,-0.009689256357354847,0.9697709069243692,0.9603745479992745,0.40000000000000002,CASH,0.05000000000000001,0,0,
2022-09-15,2022-09-16,bear,0.0051112340559444,0.37619222634032906,0.3700905790513872,0.006101647288941858,6.101647288941858e-06,0.0019166931392760045,0.9603745479992745,0.9622152913065599,0.40000000000000002,CASH,0.05000000000000001,0,0,
2022-09-16,2022-09-17,bear,0.0157102169434006,0.37618942249810144,0.37738938608746675,0.001199963589365305,1.1999635893653049e-06,0.005908810383862484,0.9622152913065599,0.9679008390113434,0.40000000000000002,CASH,0.05000000000000001,0,0,
2022-09-17,2022-09-18,bear,-0.0345389912247993,0.3762002851081483,0.3798544932578251,0.0036542081496768186,3.6542081496768186e-06,-0.012997185073027051,0.9679008390113434,0.9553208526743748,0.40000000000000002,CASH,0.05000000000000001,0,0,
2022-09-18,2022-09-19,bear,0.0061847282015368,0.3762175365814548,0.367988190141075,0.008229346440379814,8.229346440379814e-06,0.002318554713897969,0.9553208526743748,0.957535816340628,0.40000000000000002,CASH,0.05000000000000001,0,0,
2022-09-19,2022-09-20,bear,-0.0341114392314818,0.3762117481600857,0.3776655862919734,0.001453838131887708,1.453838131887708e-06,-0.012834559366378895,0.957535816340628,0.9452462660603701,0.40000000000000002,CASH,0.05000000000000001,0,0,
2022-09-20,2022-09-21,bear,-0.0203153811915813,0.3762679146320232,0.3681025294479677,0.008165385184055518,8.165385184055518e-06,-0.007652129084677384,0.9452462660603701,0.9380131196156668,0.40000000000000002,CASH,0.05000000000000001,0,0,
2022-09-21,2022-09-22,bear,0.0494888852831414,0.3761955362405265,0.3714633641729545,0.0047321720675719825,4.7321720675719825e-06,0.018612677463766936,0.9380131196156668,0.9554720552678551,0.40000000000000002,CASH,0.05000000000000001,0,0,
2022-09-22,2022-09-23,bear,-0.0056947021232734,0.3761901307224425,0.3875969486629488,0.011406817940506297,1.1406817940506298e-05,-0.002153673117399668,0.9554720552678551,0.9534142807879981,0.40000000000000002,CASH,0.05000000000000001,0,0,
2022-09-23,2022-09-24,bear,-0.019089330603571,0.3762109876300274,0.374850879552978,0.0013601080770493934,1.3601080770493933e-06,-0.007182966259868806,0.9534142807879981,0.9465659381774207,0.40000000000000002,CASH,0.05000000000000001,0,0,
2022-09-24,2022-09-25,bear,-0.0064464312134085,0.3762331440937759,0.371698769510864,0.004534374582911893,4.534374582911893e-06,-0.0024298844606921444,0.9465659381774207,0.944265892313223,0.40000000000000002,CASH,0.05000000000000001,0,0,
2022-09-25,2022-09-26,bear,0.0224695796460177,0.3762117056171487,0.3747166060839475,0.0014950995332011496,1.4950995332011496e-06,0.008451811145042232,0.944265892313223,0.9522466493057592,0.40000000000000002,CASH,0.05000000000000001,0,0,
2022-09-26,2022-09-27,bear,-0.0075263839548105,0.37621699126938984,0.38144058559527316,0.005223594325883318,5.223594325883319e-06,-0.0028367623300559197,0.9522466493057592,0.9495453518820867,0.40000000000000002,CASH,0.05000000000000001,0,0,
2022-09-27,2022-09-28,bear,0.017294691053928,0.37633275197925653,0.3744457007873639,0.0018870511918926414,1.8870511918926414e-06,0.006506659345780541,0.9495453518820867,0.9557237200201527,0.40000000000000002,CASH,0.05000000000000001,0,0,
2022-09-28,2022-09-29,bear,0.0093761269383338,0.3762998706460942,0.3803656783213967,0.004065807675302513,4.065807675302513e-06,0.0035241552012548194,0.9557237200201527,0.9590918387390244,0.40000000000000002,CASH,0.05000000000000001,0,0,
2022-09-29,2022-09-30,bear,-0.0086765681620987,0.37646468474768263,0.37849269469348096,0.002028009945798326,2.028009945798326e-06,-0.0032684428834467427,0.9590918387390244,0.955957101844126,0.40000000000000002,CASH,0.05000000000000001,0,0,
2022-09-30,2022-10-01,bear,-0.0057200226535549,0.3675392866522584,0.37442128097125826,0.0068819943189998845,6.8819943189998846e-06,-0.0021092005717971984,0.955957101844126,0.9539407965783028,0.35000000000000003,CASH,0.05000000000000001,0,0,
2022-10-01,2022-10-02,bear,-0.013447666982534,0.3572518771433649,0.3662068423527839,0.008954965209418964,8.954965209418963e-06,-0.0048131162164364305,0.9539407965783028,0.9493493686607715,0.35000000000000003,CASH,0.075000000000000011,0,0,
2022-10-02,2022-10-03,bear,0.030237977766347,0.35721841736223686,0.35414907738138746,0.003069339980849406,3.069339980849406e-06,0.010798460068280225,0.9493493686607715,0.9596008799091018,0.35000000000000003,CASH,0.075000000000000011,0,0,
2022-10-03,2022-10-04,bear,0.0362690604891917,0.3572040321201422,0.3640872685152961,0.006883236395153924,6.883236395153924e-06,0.01294848223609657,0.9596008799091018,0.9720262548563474,0.35000000000000003,CASH,0.075000000000000011,0,0,
2022-10-04,2022-10-05,bear,-0.0089822125642815,0.3594460058264057,0.36542523668697674,0.005979230860571061,5.979230860571061e-06,-0.0032345803559084008,0.9720262548563474,0.9688821578269619,0.35000000000000003,CASH,0.075000000000000011,0,0,
2022-10-05,2022-10-06,bear,-0.0099615527719211,0.3652192442092338,0.3573712013583883,0.007848042850845505,7.848042850845505e-06,-0.003645970264999132,0.9688821578269619,0.9653496422892366,0.35000000000000003,CASH,0.075000000000000011,0,0,
2022-10-06,2022-10-07,bear,-0.0213161494635887,0.36494810091239044,0.3629013833837513,0.0020467175286391637,2.0467175286391637e-06,-0.0077813190610244165,0.9653496422892366,0.9578379487171382,0.35000000000000003,CASH,0.075000000000000011,0,0,
2022-10-07,2022-10-08,bear,-0.0059545447563653,0.36060133969808733,0.3599691161682395,0.0006322235298478196,6.322235298478196e-07,-0.0021478476824464687,0.9578379487171382,0.9557806586988269,0.35000000000000003,CASH,0.075000000000000011,0,0,
2022-10-08,2022-10-09,bear,0.0013391707442698,0.3579969880508086,0.3592254578255854,0.001228469774776808,1.228469774776808e-06,0.0004781900342076817,0.9557806586988269,0.9562377034847052,0.35000000000000003,CASH,0.075000000000000011,0,0,
2022-10-09,2022-10-10,bear,-0.0157605061468032,0.35775297571428033,0.3583046290634832,0.0005516533492028741,5.516533492028742e-07,-0.005638916515706693,0.9562377034847052,0.9508455589055839,0.35000000000000003,CASH,0.075000000000000011,0,0,
2022-10-10,2022-10-11,bear,-0.0039457318156638,0.3574742050302543,0.35411121708672294,0.003362987943531348,3.3629879435313482e-06,-0.0014138555885249149,0.9508455589055839,0.9495012005983011,0.35000000000000003,CASH,0.075000000000000011,0,0,
2022-10-11,2022-10-12,bear,0.005021223457561,0.3572923801239229,0.3565666439905188,0.0007257361334040979,7.257361334040979e-07,0.0017933178421494222,0.9495012005983011,0.9512039580424764,0.35000000000000003,CASH,0.075000000000000011,0,0,
2022-10-12,2022-10-13,bear,0.0117464029903731,0.357251330742869,0.3584433615265897,0.0011920307837206545,1.1920307837206545e-06,0.0041952210667095535,0.9512039580424764,0.9551944689259937,0.35000000000000003,CASH,0.075000000000000011,0,0,
2022-10-13,2022-10-14,bear,-0.010216823703031,0.3573329381214511,0.35993730143609914,0.0026043633146480283,2.604363314648028e-06,-0.003653402487358126,0.9551944689259937,0.9517047590773088,0.35000000000000003,CASH,0.075000000000000011,0,0,
2022-10-14,2022-10-15,bear,-0.0058962141196341,0.3651771927190881,0.3549780871993442,0.0101991055197439,1.0199105519743901e-05,-0.00216334006506258,0.9517047590773088,0.9496458980418861,0.35000000000000003,CASH,0.075000000000000011,0,0,
2022-10-15,2022-10-16,bear,0.0101317866451304,0.359318660710251,0.3638073663303707,0.004488705620119715,4.488705620119715e-06,0.003636034960997847,0.9496458980418861,0.9530988437277347,0.35000000000000003,CASH,0.075000000000000011,0,0,
2022-10-16,2022-10-17,bear,0.0148635389032234,0.36186995352056306,0.3616426262686772,0.0002273272518858449,2.2732725188584492e-07,0.005378439582090611,0.9530988437277347,0.9582250282744847,0.35000000000000003,CASH,0.075000000000000011,0,0,
2022-10-17,2022-10-18,bear,-0.0112542331263236,0.366514074190331,0.36528388088336095,0.001230193306970051,1.230193306970051e-06,-0.004126059953979522,0.9582250282744847,0.9542713343584205,0.35000000000000003,CASH,0.075000000000000011,0,0,
2022-10-18,2022-10-19,bear,-0.0105700479092724,0.37861361585746783,0.3638902264374457,0.01472338942002216,1.472338942002216e-05,-0.004016628525661092,0.9542713343584205,0.9504383808956158,0.40000000000000002,CASH,0.075000000000000011,0,0,
2022-10-19,2022-10-20,bear,-0.0042355377302746,0.3833319697579232,0.37611685794612926,0.007215111811793962,7.215111811793962e-06,-0.0016308204183635988,0.9504383808956158,0.9488883865776548,0.40000000000000002,CASH,0.075000000000000011,0,0,
2022-10-20,2022-10-21,bear,0.0062858073087606,0.36536653875351427,0.3823291087854907,0.01696257003197643,1.6962570031976433e-05,0.002279622133001702,0.9488883865776548,0.9510514935454455,0.35000000000000003,CASH,0.075000000000000011,0,0,
2022-10-21,2022-10-22,bear,0.0022022063811799,0.3687697430942624,0.36682071328420096,0.0019490298100614534,1.9490298100614533e-06,0.0008101564687972296,0.9510514935454455,0.9518219940651006,0.35000000000000003,CASH,0.075000000000000011,0,0,
2022-10-22,2022-10-23,bear,0.0190785636924102,0.395991535771744,0.3692819536860586,0.026709582085685413,2.6709582085685412e-05,0.007528038365240741,0.9518219940651006,0.9589873465533026,0.40000000000000002,CASH,0.075000000000000011,0,0,
2022-10-23,2022-10-24,bear,-0.0122475882930019,0.39235617240455056,0.4005205727131874,0.008164400308636854,8.164400308636855e-06,-0.004813542030790652,0.9589873465533026,0.954371220653672,0.40000000000000002,CASH,0.075000000000000011,0,0,
2022-10-24,2022-10-25,mix,0.0388588573054342,0.4560472798842763,0.38942209102407616,0.06662518886020014,6.662518886020014e-05,0.017653670287997247,0.954371220653672,0.9712193755154453,0.45000000000000001,ABSTAIN,0.050000000000000003,0,0,
2022-10-25,2022-10-26,mix,0.0341985888351665,0.4499940868588618,0.4655190709339398,0.015524984075078019,1.552498407507802e-05,0.01537339885416067,0.9712193755154453,0.9861503183501331,0.45000000000000001,ABSTAIN,0.050000000000000003,0,0,
2022-10-26,2022-10-27,mix,-0.022947109944871,0.4760628595904118,0.4583299356386898,0.01773292395172199,1.773292395172199e-05,-0.010941805984450492,0.9861503183501331,0.9753600528952419,0.5,ABSTAIN,0.050000000000000003,0,0,
2022-10-27,2022-10-28,mix,0.0148574131839214,0.4777622890172344,0.47027601344164693,0.007486275575587453,7.486275575587454e-06,0.007090772316131977,0.9753600528952419,0.9822761089565725,0.5,ABSTAIN,0.050000000000000003,0,0,
2022-10-28,2022-10-29,mix,0.0104591539447616,0.4728101746833848,0.48144316706795026,0.008632992384565441,8.632992384565442e-06,0.004936518719452998,0.9822761089565725,0.9871251333561081,0.45000000000000001,ABSTAIN,0.050000000000000003,0,0,
2022-10-29,2022-10-30,mix,-0.008817960768484,0.4764393509007472,0.4754044018992987,0.0010349490014484597,1.0349490014484597e-06,-0.004202254105754255,0.9871251333561081,0.9829769827115692,0.5,ABSTAIN,0.050000000000000003,0,0,
2022-10-30,2022-10-31,mix,-0.0063026330461595,0.4768613455678593,0.4742304756167985,0.0026308699510608213,2.6308699510608212e-06,-0.0030081050379306973,0.9829769827115692,0.9800200846977046,0.5,ABSTAIN,0.050000000000000003,0,0,
2022-10-31,2022-11-01,mix,-0.0006245029590705,0.4766477058216989,0.47528432200316195,0.0013633838185369562,1.3633838185369563e-06,-0.0002990308807027109,0.9800200846977046,0.9797270284286711,0.5,ABSTAIN,0.050000000000000003,0,0,
2022-11-01,2022-11-02,mix,-0.0160665901823418,0.4755435500769045,0.4764918742558519,0.0009483241789473573,9.483241789473574e-07,-0.007641304411579286,0.9797270284286711,0.9722406359641956,0.5,ABSTAIN,0.050000000000000003,0,0,
2022-11-02,2022-11-03,mix,0.0025800817687453,0.4756422263034072,0.47150566130990956,0.004136564993497627,4.136564993497627e-06,0.0012230541951618878,0.9722406359641956,0.9734297389527184,0.5,ABSTAIN,0.050000000000000003,0,0,
2022-11-03,2022-11-04,mix,0.0464951698471771,0.4647007972464028,0.47628492726020194,0.011584130013799154,1.1584130013799155e-05,0.02159450807539587,0.9734297389527184,0.9944504753113634,0.45000000000000001,ABSTAIN,0.050000000000000003,0,0,
2022-11-04,2022-11-05,mix,0.0073631294955522,0.4651883040311538,0.4760220444151697,0.01083374038401591,1.083374038401591e-05,0.003414370873834116,0.9944504753113634,0.997845898049737,0.45000000000000001,ABSTAIN,0.050000000000000003,0,0,
2022-11-05,2022-11-06,mix,-0.0180878431667104,0.4780875618793872,0.46701391022331457,0.011073651656072658,1.1073651656072659e-05,-0.008658550730676118,0.997845898049737,0.9892059987200763,0.5,ABSTAIN,0.050000000000000003,0,0,
2022-11-06,2022-11-07,mix,-0.0156480830739662,0.4796793041364424,0.473534916724451,0.006144387411991359,6.144387411991359e-06,-0.007512159867250956,0.9892059987200763,0.9817749251160475,0.5,ABSTAIN,0.050000000000000003,0,0,
2022-11-07,2022-11-08,mix,-0.1001311379863032,0.4789315530570239,0.47574420786653737,0.0031873451904865235,3.1873451904865236e-06,-0.047958995918134795,0.9817749251160475,0.9346899854898798,0.5,ABSTAIN,0.050000000000000003,0,0,
2022-11-08,2022-11-09,mix,-0.1425186480563922,0.4786510847331482,0.45268451265869875,0.025966572074449468,2.596657207444947e-05,-0.06824090070496858,0.9346899854898798,0.8709058990001364,0.5,ABSTAIN,0.050000000000000003,0,0,
2022-11-09,2022-11-10,bear,0.1071448803731376,0.3654333290292354,0.4404826547794276,0.07504932575019219,7.50493257501922e-05,0.039076322492854754,0.8709058990001364,0.9049376987703953,0.35000000000000003,CASH,0.10000000000000001,0,0,
2022-11-10,2022-11-11,bear,-0.0306553490514009,0.3453122194854668,0.38934317582399924,0.044030956338532434,4.403095633853244e-05,-0.010629231479354684,0.9049376987703953,0.8953189064957703,0.35000000000000003,CASH,0.10000000000000001,0,0,
2022-11-11,2022-11-12,bear,-0.0149385040381468,0.34539658700270326,0.33830776609224916,0.007088820910454097,7.0888209104540965e-06,-0.00516676055436438,0.8953189064957703,0.8906930080861113,0.35000000000000003,CASH,0.10000000000000001,0,0,
2022-11-12,2022-11-13,bear,-0.0280258645327237,0.3453488840457893,0.3420015067090988,0.0033473773366904935,3.3473773366904935e-06,-0.009682016019866735,0.8906930080861113,0.8820693041130383,0.35000000000000003,CASH,0.10000000000000001,0,0,
2022-11-13,2022-11-14,bear,0.0177157033906092,0.3453121140001464,0.3389507863334585,0.006361327666687899,6.3613276666879e-06,0.006111046746059223,0.8820693041130383,0.887459670863737,0.35000000000000003,CASH,0.10000000000000001,0,0,
2022-11-14,2022-11-15,bear,0.0169378284187144,0.34530183393263536,0.34929278091811633,0.00399094698548097,3.99094698548097e-06,0.005844648927127993,0.887459670863737,0.8926465610769201,0.35000000000000003,CASH,0.10000000000000001,0,0,
2022-11-15,2022-11-16,bear,-0.0209883338956264,0.3453159763780175,0.3491086780647336,0.003792701686716138,3.792701686716138e-06,-0.007251372225391517,0.8926465610769201,0.8861736485968357,0.35000000000000003,CASH,0.10000000000000001,0,0,
2022-11-16,2022-11-17,bear,0.0091109700432272,0.3453130740684699,0.3405364436832853,0.00477663038518461,4.7766303851846106e-06,0.003141345415053287,0.8861736485968357,0.8889574261247963,0.35000000000000003,CASH,0.10000000000000001,0,0,
2022-11-17,2022-11-18,bear,-0.0031693347392638,0.3453019686733722,0.34736634899323277,0.0020643803198605593,2.064380319860559e-06,-0.001096439645961289,0.8889574261247963,0.8879827379592214,0.35000000000000003,CASH,0.10000000000000001,0,0,
2022-11-18,2022-11-19,bear,0.0036602297109682,0.3453270601048039,0.3445846968962109,0.0007423632085929999,7.423632085929999e-07,0.0012632330638588929,0.8879827379592214,0.8891044671139475,0.35000000000000003,CASH,0.10000000000000001,0,0,
2022-11-19,2022-11-20,bear,-0.0247017821212992,0.34531097262401367,0.3461535066190351,0.0008425339950214328,8.425339950214328e-07,-0.008530631757203921,0.8891044671139475,0.8815198443113135,0.35000000000000003,CASH,0.10000000000000001,0,0,
2022-11-20,2022-11-21,bear,-0.0313445940552721,0.3453472158273416,0.3396785652202811,0.00566865060706051,5.66865060706051e-06,-0.01083037557700417,0.8815198443113135,0.8719726533188397,0.35000000000000003,CASH,0.10000000000000001,0,0,
2022-11-21,2022-11-22,bear,0.0276809371077952,0.3453086699536052,0.3381832023434534,0.007125467610151814,7.125467610151814e-06,0.009551273999600873,0.8719726533188397,0.8803011030508469,0.35000000000000003,CASH,0.10000000000000001,0,0,
2022-11-22,2022-11-23,bear,0.0253501841126511,0.34529583427489235,0.3515072667178005,0.006211432442908171,6.211432442908171e-06,0.008747047169144873,0.8803011030508469,0.8880011383222829,0.35000000000000003,CASH,0.10000000000000001,0,0,
2022-11-23,2022-11-24,bear,-0.0013655038829637,0.3453022231610526,0.35097693627782867,0.005674713116776087,5.674713116776087e-06,-0.00047718356394643724,0.8880011383222829,0.8875773987743097,0.35000000000000003,CASH,0.10000000000000001,0,0,
2022-11-24,2022-11-25,bear,-0.0053550345758138,0.34534399591141374,0.34499337998976926,0.0003506159216444815,3.506159216444815e-07,-0.001849679006172722,0.8875773987743097,0.8859356654934435,0.35000000000000003,CASH,0.10000000000000001,0,0,
2022-11-25,2022-11-26,bear,-0.0033792990679675,0.3453034719771191,0.34413107846927543,0.0011723935078436498,1.17239350784365e-06,-0.001168054726479184,0.8859356654934435,0.8849008441520074,0.35000000000000003,CASH,0.10000000000000001,0,0,
2022-11-26,2022-11-27,bear,-0.0018776775134445,0.3452989240442156,0.34453862478172986,0.0007602992624857197,7.602992624857196e-07,-0.0006491198314091395,0.8849008441520074,0.8843264374652376,0.35000000000000003,CASH,0.10000000000000001,0,0,
2022-11-27,2022-11-28,bear,-0.0130223553477497,0.3452972411735487,0.3448741666424599,0.0004230745310888073,4.2307453108880734e-07,-0.004497004547300731,0.8843264374652376,0.8803496174546582,0.35000000000000003,CASH,0.10000000000000001,0,0,
2022-11-28,2022-11-29,bear,0.0141070954927613,0.34529584289832327,0.3423400182330276,0.0029558246652956477,2.9558246652956477e-06,0.0048681512061741206,0.8803496174546582,0.884635292506725,0.35000000000000003,CASH,0.10000000000000001,0,0,
2022-11-29,2022-11-30,bear,0.044007445074329,0.34529645530667247,0.34846952694727007,0.0031730716405976023,3.1730716405976023e-06,0.015192393502853951,0.884635292506725,0.8980750199769995,0.35000000000000003,CASH,0.10000000000000001,0,0,
2022-11-30,2022-12-01,bear,-0.0111804426732853,0.34192081472819197,0.35509616555235124,0.013175350824159271,1.317535082415927e-05,-0.003835951051621045,0.8980750199769995,0.894630048159684,0.35000000000000003,CASH,0.10000000000000001,0,0,
2022-12-01,2022-12-02,bear,0.007164741927881,0.35150753057019746,0.3393954383895125,0.01211209218068493,1.211209218068493e-05,0.002506318146232811,0.894630048159684,0.8968722756835518,0.35000000000000003,CASH,0.075000000000000011,0,0,
2022-12-02,2022-12-03,bear,-0.0122326484766227,0.3514692523929004,0.3531366305716972,0.0016673781787968078,1.6673781787968079e-06,-0.004301060024317072,0.8968722756835518,0.893014774191691,0.35000000000000003,CASH,0.075000000000000011,0,0,
2022-12-03,2022-12-04,bear,0.0135094317273238,0.35156577836121405,0.3486689196667004,0.002896858694513671,2.896858694513671e-06,0.004746543263242975,0.893014774191691,0.897253507452107,0.35000000000000003,CASH,0.075000000000000011,0,0,
2022-12-04,2022-12-05,bear,-0.0085375688089477,0.351433212302019,0.3546309289997883,0.003197716697769304,3.197716697769304e-06,-0.003003573354093847,0.897253507452107,0.8945585407252565,0.35000000000000003,CASH,0.075000000000000011,0,0,
2022-12-05,2022-12-06,bear,0.0072377921197652,0.35148913898909356,0.3494814059193424,0.002007733069751161,2.007733069751161e-06,0.0025419924796048488,0.8945585407252565,0.8968325018083464,0.35000000000000003,CASH,0.075000000000000011,0,0,
2022-12-06,2022-12-07,bear,-0.0148689530876043,0.35148319666821254,0.35313476758192003,0.0016515709137074897,1.6515709137074896e-06,-0.005227830101835806,0.8968325018083464,0.892144013859088,0.35000000000000003,CASH,0.075000000000000011,0,0,
2022-12-07,2022-12-08,bear,0.0231954476335296,0.3517165970067818,0.34807612045812736,0.003640476548654459,3.640476548654459e-06,0.008154553731342551,0.892144013859088,0.8994190501561976,0.35000000000000003,CASH,0.075000000000000011,0,0,
2022-12-08,2022-12-09,bear,-0.0058052793210144,0.3515718745417706,0.3569626397725428,0.005390765230772199,5.390765230772199e-06,-0.002046352695952547,0.8994190501561976,0.8975785215581193,0.35000000000000003,CASH,0.075000000000000011,0,0,
2022-12-09,2022-12-10,bear,8.75876606503123e-05,0.3536836979216266,0.3502457436914604,0.0034379542301662402,3.43795423016624e-06,2.7540266978709482e-05,0.8975785215581193,0.8976032411102374,0.35000000000000003,CASH,0.075000000000000011,0,0,
2022-12-10,2022-12-11,bear,-0.0019793077677613,0.3885269281916239,0.35370371909961484,0.03482320909200903,3.4823209092009035e-05,-0.0008038107964979391,0.8976032411102374,0.8968817379340615,0.40000000000000002,CASH,0.075000000000000011,0,0,
2022-12-11,2022-12-12,bear,0.0068506373842383,0.3793237852710299,0.38805633472125795,0.008732549450228055,8.732549450228056e-06,0.0025898544621705266,0.8968817379340615,0.8992045311050892,0.40000000000000002,CASH,0.075000000000000011,0,0,
2022-12-12,2022-12-13,bear,0.0330149212104307,0.3771822453624523,0.38093250008381035,0.0037502547213580373,3.7502547213580373e-06,0.012448845157313482,0.8992045311050892,0.9103985890775712,0.40000000000000002,CASH,0.075000000000000011,0,0,
2022-12-13,2022-12-14,mix,0.0010012036943292,0.4538087618902313,0.38484258054978543,0.06896618134044585,6.896618134044585e-05,0.0003853574924530534,0.9103985890775712,0.910749417994991,0.45000000000000001,ABSTAIN,0.050000000000000003,0,0,
2022-12-14,2022-12-15,mix,-0.0247409588456093,0.4686633653837218,0.4540568139114183,0.014606551472303497,1.4606551472303497e-05,-0.01160961822126716,0.910749417994991,0.9001759649568278,0.45000000000000001,ABSTAIN,0.050000000000000003,0,0,
2022-12-15,2022-12-16,mix,-0.0418584820322538,0.4595437148346723,0.4624301456028109,0.0028864307681386037,2.8864307681386036e-06,-0.019238633238398806,0.9001759649568278,0.8828578097170017,0.45000000000000001,ABSTAIN,0.050000000000000003,0,0,
2022-12-16,2022-12-17,mix,0.0088697262712271,0.4338628378223297,0.44894370486857843,0.015080867046248725,1.5080867046248725e-05,0.003833105708830331,0.8828578097170017,0.8862418970275133,0.45000000000000001,ABSTAIN,0.050000000000000003,0,0,
2022-12-17,2022-12-18,bear,-0.0021457820481489,0.36840830966542193,0.43603312032766567,0.06762481066224374,6.762481066224374e-05,-0.0008580952888996851,0.8862418970275133,0.8854814170308485,0.35000000000000003,CASH,0.075000000000000011,0,0,
2022-12-18,2022-12-19,bear,-0.0179080227703077,0.3782916840235692,0.36790862630397403,0.01038305771959519,1.038305771959519e-05,-0.006784768809463104,0.8854814170308485,0.8794736303312184,0.40000000000000002,CASH,0.075000000000000011,0,0,
2022-12-19,2022-12-20,bear,0.0280695565435822,0.36669540144888935,0.37405122150826653,0.007355820059377183,7.355820059377183e-06,0.01028554577189289,0.8794736303312184,0.8885194966111629,0.35000000000000003,CASH,0.075000000000000011,0,0,
2022-12-20,2022-12-21,bear,-0.0042004874931963,0.35872439932473055,0.373147579190022,0.014423179865291458,1.4423179865291458e-05,-0.0015212187996355153,0.8885194966111629,0.8871678640490753,0.35000000000000003,CASH,0.075000000000000011,0,0,
2022-12-21,2022-12-22,bear,-0.0006654071459974,0.37479867767497355,0.35775665590909045,0.017042021765883097,1.70420217658831e-05,-0.00026643149002802957,0.8871678640490753,0.8869314945931518,0.35000000000000003,CASH,0.075000000000000011,0,0,
2022-12-22,2022-12-23,bear,-0.0024672128223726,0.3811238670717879,0.37464271749693956,0.006481149574848355,6.481149574848355e-06,-0.0009467887470128167,0.8869314945931518,0.8860917578346997,0.40000000000000002,CASH,0.075000000000000011,0,0,
2022-12-23,2022-12-24,bear,0.0034626410236544,0.3740318934233173,0.3805413816514812,0.00650948822816394,6.50948822816394e-06,0.0012886202594077911,0.8860917578346997,0.8872335936255398,0.35000000000000003,CASH,0.075000000000000011,0,0,
2022-12-24,2022-12-25,bear,-0.0003207184092367,0.3597155320165644,0.3748415599864795,0.015126027969915079,1.5126027969915079e-05,-0.0001304916761255548,0.8872335936255398,0.8871178170267927,0.35000000000000003,CASH,0.075000000000000011,0,0,
2022-12-25,2022-12-26,bear,0.0051271997053197,0.37198474291202294,0.3596416555436467,0.012343087368376249,1.2343087368376248e-05,0.0018948734356427632,0.8871178170267927,0.8887987930125621,0.35000000000000003,CASH,0.075000000000000011,0,0,
2022-12-26,2022-12-27,bear,-0.0125309579680933,0.3765180653971418,0.3731802386738827,0.003337826723259052,3.337826723259052e-06,-0.004721454130135361,0.8887987930125621,0.8846023702804336,0.40000000000000002,CASH,0.075000000000000011,0,0,
2022-12-27,2022-12-28,bear,-0.0095713541760193,0.393051549451681,0.3735624503155751,0.019489099136105914,1.9489099136105916e-05,-0.0037814513696866614,0.8846023702804336,0.8812572894357086,0.40000000000000002,CASH,0.075000000000000011,0,0,
2022-12-28,2022-12-29,bear,0.0054514027389975,0.3727806700755884,0.39075956525376454,0.017978895178176135,1.7978895178176136e-05,0.002014162134409636,0.8812572894357086,0.8830322844987625,0.35000000000000003,CASH,0.075000000000000011,0,0,
2022-12-29,2022-12-30,bear,-0.0017551874203554,0.36093759005919224,0.3740527061236369,0.013115116064444654,1.3115116064444655e-05,-0.0006466199250717564,0.8830322844987625,0.8824612982291239,0.35000000000000003,CASH,0.075000000000000011,0,0,
2022-12-30,2022-12-31,bear,-0.0042029962907653,0.3737219198266801,0.3605324789963539,0.013189440830326249,1.318944083032625e-05,-0.001583920566300967,0.8824612982291239,0.8810635496298941,0.35000000000000003,CASH,0.075000000000000011,0,0,
2022-12-31,2023-01-01,bear,0.0048979888011415,0.369945033919204,0.37273664475550317,0.002791610836299141,2.791610836299141e-06,0.0018091899639764986,0.8810635496298941,0.88265756096151,0.35000000000000003,CASH,0.075000000000000011,0,0,
2023-01-01,2023-01-02,mix,0.0033637413950799,0.4652473930023338,0.37108462018083405,0.09416277282149976,9.416277282149976e-05,0.0014706617798785349,0.88265756096151,0.883955651701137,0.45000000000000001,ABSTAIN,0.050000000000000003,0,0,
2023-01-02,2023-01-03,mix,-5.997253257894464e-06,0.4676571378676616,0.46608295817761625,0.001574179690045363,1.5741796900453632e-06,-4.378833568630114e-06,0.883955651701137,0.8839517810064561,0.45000000000000001,ABSTAIN,0.050000000000000003,0,0,
2023-01-03,2023-01-04,mix,0.0106691775317555,0.4762135320885109,0.46765564482365074,0.008557887264860176,8.557887264860177e-06,0.005072205348640724,0.8839517810064561,0.8884353659580175,0.45000000000000001,ABSTAIN,0.050000000000000003,0,0,
2023-01-04,2023-01-05,mix,-0.0013232772176761,0.4672221006346818,0.47886133690837107,0.01163923627368929,1.1639236273689292e-05,-0.0006298964015133413,0.8884353659580175,0.8878757437180234,0.45000000000000001,ABSTAIN,0.050000000000000003,0,0,
2023-01-05,2023-01-06,mix,0.0071955697631582,0.4713327067470823,0.4668924992662019,0.004440207480880365,4.440207480880365e-06,0.0033870521065795245,0.8878757437180234,0.8908830251261644,0.45000000000000001,ABSTAIN,0.050000000000000003,0,0,
2023-01-06,2023-01-07,mix,-0.0004306555994079,0.4719790141632322,0.4731196254221819,0.0011406112589497086,1.1406112589497087e-06,-0.0002044007846703222,0.8908830251261644,0.8907009279367791,0.45000000000000001,ABSTAIN,0.050000000000000003,0,0,
2023-01-07,2023-01-08,mix,0.0103519913123539,0.4765062341725479,0.4718716665841568,0.004634567588391092,4.634567588391092e-06,0.004928130967507105,0.8907009279367791,0.8950904187625317,0.45000000000000001,ABSTAIN,0.050000000000000003,0,0,
2023-01-08,2023-01-09,mix,0.0035691337110812,0.4767349354534947,0.4790758428105556,0.002340907357060884,2.340907357060884e-06,0.0016991858388943903,0.8950904187625317,0.8966113437266231,0.45000000000000001,ABSTAIN,0.050000000000000003,0,0,
2023-01-09,2023-01-10,mix,0.0150755816322372,0.4799126728041747,0.4776237746532183,0.0022888981509563977,2.2888981509563977e-06,0.007232657216960758,0.8966113437266231,0.9030962262326363,0.45000000000000001,ABSTAIN,0.050000000000000003,0,0,
2023-01-10,2023-01-11,mix,0.0288547000705312,0.4801034051078017,0.48364845694545855,0.003545051837656854,3.545051837656854e-06,0.013849645594935733,0.9030962262326363,0.9156037889040822,0.45000000000000001,ABSTAIN,0.050000000000000003,0,0,
2023-01-11,2023-01-12,mix,0.0506624011414367,0.4803879358819021,0.48720724607371096,0.0068193101918088694,6.819310191808869e-06,0.024330621035277167,0.9156037889040822,0.9378809977103714,0.45000000000000001,ABSTAIN,0.050000000000000003,0,0,
2023-01-12,2023-01-13,mix,0.0570623776609571,0.4803696432830019,0.4927335861568875,0.012363942873885592,1.2363942873885593e-05,0.027398331150541466,0.9378809977103714,0.9635773718654403,0.5,ABSTAIN,0.050000000000000003,0,0,
2023-01-13,2023-01-14,mix,0.0517488834244994,0.4800454883068046,0.49423323332144564,0.01418774501464104,1.418774501464104e-05,0.02482727781845151,0.9635773718654403,0.987500374976317,0.5,ABSTAIN,0.050000000000000003,0,0,
2023-01-14,2023-01-15,mix,-0.0037407792653949,0.4769504673106833,0.49264900928674044,0.015698541976057134,1.5698541976057134e-05,-0.0017998369519008905,0.987500374976317,0.9857230353114187,0.5,ABSTAIN,0.050000000000000003,0,0,
2023-01-15,2023-01-16,bull,0.014578683703867,0.4717945447670282,0.476015591925856,0.0042210471588278176,4.221047158827817e-06,0.0068738933612417785,0.9857230353114187,0.992498790339869,0.45000000000000001,BTC,0,0,0,
2023-01-16,2023-01-17,bull,-0.0022233551420399,0.4712451755036442,0.4754027995605907,0.0041576240569465295,4.1576240569465295e-06,-0.0010518986520430262,0.992498790339869,0.9914547822001561,0.45000000000000001,BTC,0,0,0,
2023-01-17,2023-01-18,bull,-0.0220701988446854,0.4712178333317051,0.4706905940167553,0.0005272393149498011,5.272393149498011e-07,-0.010400393036886557,0.9914547822001561,0.9811432627869737,0.45000000000000001,BTC,0,0,0,
2023-01-18,2023-01-19,bull,0.0198639613750932,0.4712407209473164,0.465660774162719,0.005579946784597389,5.5799467845973895e-06,0.009355075300234272,0.9811432627869737,0.9903219318906634,0.45000000000000001,BTC,0,0,0,
2023-01-19,2023-01-20,bull,0.0757072652410679,0.4716363424954861,0.47614438016595384,0.004508037670467757,4.508037670467757e-06,0.03570162867562732,0.9903219318906634,1.0256780377723538,0.45000000000000001,BTC,0,0,0,
2023-01-20,2023-01-21,bull,0.0043435697528795,0.4713129335380794,0.4898518443995609,0.018538910861481517,1.8538910861481517e-05,0.0020286037388965728,1.0256780377723538,1.0277587320746828,0.45000000000000001,BTC,0,0,0,
2023-01-21,2023-01-22,bull,-0.0029812475577041,0.4710848216814514,0.4723930402716511,0.0013082185901996946,1.3082185901996945e-06,-0.0014057268554105162,1.0277587320746828,1.0263139840241229,0.45000000000000001,BTC,0,0,0,
2023-01-22,2023-01-23,bull,0.0091466368384431,0.4710804316680529,0.47034095767811734,0.0007394739899355685,7.394739899355685e-07,0.00430805896992803,1.0263139840241229,1.0307354051889606,0.45000000000000001,BTC,0,0,0,
2023-01-23,2023-01-24,bull,-0.0123497196220898,0.471081109482213,0.473349663496506,0.0022685540142929894,2.2685540142929896e-06,-0.005819974977571474,1.0307354051889606,1.024736550922264,0.45000000000000001,BTC,0,0,0,
2023-01-24,2023-01-25,bull,0.0186722633381199,0.4710802939560405,0.46798600120256656,0.0030942927534739484,3.0942927534739484e-06,0.008793013791575044,1.024736550922264,1.0337470735472545,0.45000000000000001,BTC,0,0,0,
2023-01-25,2023-01-26,bull,-0.0016959371245407,0.471082741591409,0.4756921765114198,0.004609434920010813,4.609434920010813e-06,-0.0008035324625146334,1.0337470735472545,1.0329164242156297,0.45000000000000001,BTC,0,0,0,
2023-01-26,2023-01-27,bull,0.0025460549183176,0.4710796338610869,0.470659837596886,0.0004197962642009112,4.197962642009112e-07,0.001198974318945556,1.0329164242156297,1.0341548644818812,0.45000000000000001,BTC,0,0,0,
2023-01-27,2023-01-28,bull,-0.0020238704029538,0.4710787752151896,0.4717132581364146,0.0006344829212250325,6.344829212250325e-07,-0.0009540362686213388,1.0341548644818812,1.0331682432337943,0.45000000000000001,BTC,0,0,0,
2023-01-28,2023-01-29,bull,0.0314922333343463,0.4710778415758195,0.47057401921945824,0.0005038223563612609,5.03822356361261e-07,0.014834782008837255,1.0331682432337943,1.048495068900621,0.45000000000000001,BTC,0,0,0,
2023-01-29,2023-01-30,bull,-0.038769676379083,0.4710783112851387,0.47880985031436724,0.007731539029228518,7.731539029228519e-06,-0.01827114401138097,1.048495068900621,1.029337864501515,0.45000000000000001,BTC,0,0,0,
2023-01-30,2023-01-31,bull,0.0128283739630872,0.4710775481456146,0.46123861378857833,0.009838934357036255,9.838934357036255e-06,0.006033260560624809,1.029337864501515,1.0355481280429697,0.45000000000000001,BTC,0,0,0,
2023-01-31,2023-02-01,bull,0.025967455275869,0.4710792063012466,0.47425471049897916,0.0031755041977325482,3.175504197732548e-06,0.012229513871742093,1.0355481280429697,1.0482123782397277,0.45000000000000001,BTC,0,0,0,
2023-02-01,2023-02-02,bull,-0.0125602724483258,0.4710786297535455,0.4774711595935828,0.006392529840037298,6.3925298400372974e-06,-0.00592323064032263,1.0482123782397277,1.0420035745633727,0.45000000000000001,BTC,0,0,0,
2023-02-02,2023-02-03,bull,0.0001536649080573,0.4710776258067461,0.46793044017967717,0.003147185627068949,3.147185627068949e-06,6.924068661162686e-05,1.0420035745633727,1.0420757236063272,0.45000000000000001,BTC,0,0,0,
2023-02-03,2023-02-04,bull,-0.0045836320803032,0.4710779248198377,0.4711159107211196,3.79859012819006e-05,3.7985901281900603e-08,-0.002159285792407206,1.0420757236063272,1.0398255843017317,0.45000000000000001,BTC,0,0,0,
2023-02-04,2023-02-05,bull,-0.0166267932326635,0.4710789260665943,0.4699333795889365,0.0011455464776577995,1.1455464776577995e-06,-0.007833668473922861,1.0398255843017317,1.0316799354036088,0.45000000000000001,BTC,0,0,0,
2023-02-05,2023-02-06,bull,-0.0075950470875479,0.4710793388757524,0.4669034301776942,0.004175908698058173,4.175908698058173e-06,-0.0035820307285728825,1.0316799354036088,1.027984426172941,0.45000000000000001,BTC,0,0,0,
2023-02-06,2023-02-07,bull,0.0215229024066638,0.471084811358502,0.4691801345306938,0.001904676827808205,1.904676827808205e-06,0.01013718843157041,1.027984426172941,1.0384052980057759,0.45000000000000001,BTC,0,0,0,
2023-02-07,2023-02-08,bull,-0.0123474842699674,0.4710885745158873,0.4763937143525684,0.005305139836681072,5.305139836681072e-06,-0.005822033044714292,1.0384052980057759,1.0323596680469798,0.45000000000000001,BTC,0,0,0,
2023-02-08,2023-02-09,bull,-0.0510394258989923,0.4710791933038732,0.46799402409324614,0.00308516921062707,3.08516921062707e-06,-0.02404662256979062,1.0323596680469798,1.0075349047531796,0.45000000000000001,BTC,0,0,0,
2023-02-09,2023-02-10,bull,-0.007227257083859,0.471109915993463,0.4580487274108929,0.013061188582570105,1.3061188582570105e-05,-0.0034178491950634937,1.0075349047531796,1.0040913023899707,0.45000000000000001,BTC,0,0,0,
2023-02-10,2023-02-11,bull,0.0103905708342961,0.4717097409809078,0.46930298154925526,0.0024067594316525276,2.406759431652528e-06,0.004898914921127373,1.0040913023899707,1.0090102602534232,0.45000000000000001,BTC,0,0,0,
2023-02-11,2023-02-12,bull,-0.0033394633070751,0.4731599354923382,0.474286438459342,0.001126502967003784,1.1265029670037841e-06,-0.0015812249659340472,1.0090102602534232,1.007414788039027,0.45000000000000001,BTC,0,0,0,
2023-02-12,2023-02-13,bull,-0.0006517707969964,0.4727422664196459,0.47232615792627664,0.0004161084933692605,4.161084933692605e-07,-0.0003085355840403148,1.007414788039027,1.0071039647290285,0.45000000000000001,BTC,0,0,0,
2023-02-13,2023-02-14,mix,0.0195612834480034,0.4772199573491464,0.4725797579036371,0.004640199445509308,4.640199445509308e-06,0.00933035133688187,1.0071039647290285,1.0165005985527171,0.5,ABSTAIN,0.050000000000000003,0,0,
2023-02-14,2023-02-15,mix,0.0959254003648895,0.4771110911596596,0.4820549920501664,0.0049439008905067805,4.9439008905067805e-06,0.045761902269259025,1.0165005985527171,1.06301759960033,0.5,ABSTAIN,0.050000000000000003,0,0,
2023-02-15,2023-02-16,bull,-0.0324031256294214,0.4743429880613472,0.4999948625066975,0.025651874445350276,2.5651874445350276e-05,-0.015395453033708928,1.06301759960033,1.046651962071677,0.45000000000000001,BTC,0,0,0,
2023-02-16,2023-02-17,bull,0.0439217318900917,0.4714619729371332,0.46613741580763074,0.005324557129502472,5.324557129502472e-06,0.02070199155671415,1.046651962071677,1.068319742153303,0.45000000000000001,BTC,0,0,0,
2023-02-17,2023-02-18,bull,0.0023561967159746,0.4723449664672463,0.48218459726344226,0.009839630796195986,9.839630796195987e-06,0.0011030870771053802,1.068319742153303,1.069498191855089,0.45000000000000001,BTC,0,0,0,
2023-02-18,2023-02-19,bull,-0.0133366353516243,0.4712330675592379,0.4729315607820155,0.0016984932227775973,1.6984932227775973e-06,-0.00628635140642908,1.069498191855089,1.0627749503925474,0.45000000000000001,BTC,0,0,0,
2023-02-19,2023-02-20,bull,0.0220796695044622,0.4712190089657153,0.4678889284834847,0.003330080482230602,3.330080482230602e-06,0.010400995254344902,1.0627749503925474,1.073828867608017,0.45000000000000001,BTC,0,0,0,
2023-02-20,2023-02-21,bull,-0.0156524889792467,0.4716885885513593,0.47666398525476583,0.0049753967034065205,4.975396703406521e-06,-0.007388039096786425,1.073828867608017,1.065895377950871,0.45000000000000001,BTC,0,0,0,
2023-02-21,2023-02-22,bull,-0.0108013267513814,0.471359926668944,0.467758999791763,0.003600926877180999,3.6009268771809988e-06,-0.00509489517889139,1.065895377950871,1.0604647527285467,0.45000000000000001,BTC,0,0,0,
2023-02-22,2023-02-23,bull,-0.0103487054815476,0.4718140834752932,0.468654681561956,0.0031594019133371898,3.1594019133371897e-06,-0.004885808967544314,1.0604647527285467,1.0552835245299008,0.45000000000000001,BTC,0,0,0,
2023-02-23,2023-02-24,bull,-0.031115920171455,0.4729583137181794,0.4692224746336827,0.003735839084496706,3.7358390844967062e-06,-0.01472021399456569,1.0552835245299008,1.039749525223881,0.45000000000000001,BTC,0,0,0,
2023-02-24,2023-02-25,bull,-0.0010952288553996,0.4730617683423618,0.4650862376100925,0.00797553073226931,7.97553073226931e-06,-0.0005260822975978741,1.039749525223881,1.039202531404725,0.45000000000000001,ABSTAIN,0,0,0,
2023-02-25,2023-02-26,mix,0.0169471771251958,0.4778883383721576,0.47278861437735437,0.00509972399480324,5.0997239948032406e-06,0.008093717290521774,1.039202531404725,1.0476135429015094,0.5,ABSTAIN,0.050000000000000003,0,0,
2023-02-26,2023-02-27,mix,-0.0027420867874713,0.4763627728045383,0.48208287578087594,0.0057201029763376265,5.720102976337627e-06,-0.0013119406965679259,1.0476135429015094,1.0462391360603012,0.5,ABSTAIN,0.050000000000000003,0,0,
2023-02-27,2023-02-28,bull,-0.0154762259460885,0.4748252630894137,0.47567788854727494,0.0008526254578612447,8.526254578612447e-07,-0.007349349416419848,1.0462391360603012,1.0385499590762608,0.45000000000000001,ABSTAIN,0,0,0,
2023-02-28,2023-03-01,bull,0.0221223060461295,0.4701079890675903,0.47093744528904974,0.0008294562214594126,8.294562214594125e-07,0.010399034726422896,1.0385499590762608,1.04934987616582,0.45000000000000001,ABSTAIN,0,0,0,
2023-03-01,2023-03-02,mix,-0.007478153471335,0.4763850706526751,0.47556207676538553,0.0008229938872895692,8.229938872895693e-07,-0.003563300731780905,1.04934987616582,1.0456107269841841,0.5,ABSTAIN,0.050000000000000003,0,0,
2023-03-02,2023-03-03,bull,-0.0473463056244513,0.4719168380699063,0.47451303349226287,0.002596195422356562,2.596195422356562e-06,-0.022346057031863542,1.0456107269841841,1.0222454500458673,0.45000000000000001,ABSTAIN,0,0,0,
2023-03-03,2023-03-04,mix,-0.000326557635186,0.4730265250001646,0.45984794034608917,0.013178584654075454,1.3178584654075454e-05,-0.00016764697233695447,1.0222454500458673,1.022074073691182,0.45000000000000001,ABSTAIN,0.050000000000000003,0,0,
2023-03-04,2023-03-05,mix,0.0036335810910588,0.4801434776173574,0.47294511060825356,0.007198367009103812,7.198367009103812e-06,0.0017374293356957615,1.022074073691182,1.0238498551700672,0.5,ABSTAIN,0.050000000000000003,0,0,
2023-03-05,2023-03-06,mix,-0.0008159334412326,0.480047242857286,0.4810488606686644,0.001001617811378419,1.0016178113784192e-06,-0.00039268782430978977,1.0238498551700672,1.0234478017980206,0.5,ABSTAIN,0.050000000000000003,0,0,
2023-03-06,2023-03-07,mix,-0.0094689870593485,0.479807977182708,0.4798435045287213,3.552734601330876e-05,3.5527346013308756e-08,-0.004543330892850084,1.0234478017980206,1.0187979397828921,0.5,ABSTAIN,0.050000000000000003,0,0,
2023-03-07,2023-03-08,mix,-0.0219391110830803,0.4783384505853354,0.4774338045242861,0.0009046460610493412,9.046460610493413e-07,-0.010495215555115567,1.0187979397828921,1.008105435797763,0.5,ABSTAIN,0.050000000000000003,0,0,
2023-03-08,2023-03-09,mix,-0.0621349742985057,0.4786055375630574,0.47280590685748686,0.0057996307055705465,5.799630705570546e-06,-0.029743769936062647,1.008105435797763,0.9781205796441002,0.5,ABSTAIN,0.050000000000000003,0,0,
2023-03-09,2023-03-10,mix,-0.0100727833492126,0.480074548368014,0.46262500318369487,0.017449545184319126,1.7449545184319126e-05,-0.004853052081829068,0.9781205796441002,0.9733737095287786,0.5,ABSTAIN,0.050000000000000003,0,0,
2023-03-10,2023-03-11,mix,0.0154191906413252,0.4669625688475961,0.4775481347182135,0.010585565870617375,1.0585565870617375e-05,0.007189523087522076,0.9733737095287786,0.9803718022862227,0.45000000000000001,ABSTAIN,0.050000000000000003,0,0,
2023-03-11,2023-03-12,mix,0.0746207401978746,0.4606585328037691,0.47077310036390657,0.010114567560137455,1.0114567560137455e-05,0.03436421844369364,0.9803718022862227,1.014061513056024,0.45000000000000001,ABSTAIN,0.050000000000000003,0,0,
2023-03-12,2023-03-13,mix,0.0963682324913162,0.476745765649181,0.4785821064054122,0.0018363407562312362,1.8363407562312361e-06,0.04594122607530182,1.014061513056024,1.0606487422815933,0.5,ABSTAIN,0.050000000000000003,0,0,
2023-03-13,2023-03-14,mix,0.0242718043990313,0.4802443705336529,0.49972975494889665,0.01948538441524378,1.948538441524378e-05,0.011636684911528805,1.0606487422815933,1.0729911774973335,0.5,ABSTAIN,0.050000000000000003,0,0,
2023-03-14,2023-03-15,mix,-0.0168827961473215,0.4782930143837118,0.48623304237572346,0.007940027992011656,7.940027992011656e-06,-0.008082799373401728,1.0729911774973335,1.0643184050801926,0.5,ABSTAIN,0.050000000000000003,0,0,
2023-03-15,2023-03-16,mix,0.0297083932182169,0.4734501452018848,0.4740459758953096,0.000595830693424837,5.958306934248369e-07,0.014064838871563401,1.0643184050801926,1.0792878719556849,0.45000000000000001,ABSTAIN,0.050000000000000003,0,0,
2023-03-16,2023-03-17,mix,0.095492339256362,0.4784639206911267,0.4807535762215296,0.00228965553040289,2.28965553040289e-06,0.04568724476750119,1.0792878719556849,1.1285975611363197,0.5,ABSTAIN,0.050000000000000003,0,0,
2023-03-17,2023-03-18,mix,-0.0174249227871114,0.4773763707477741,0.5012515570208915,0.02387518627311741,2.387518627311741e-05,-0.008341922987262329,1.1285975611363197,1.1191828871977085,0.5,ABSTAIN,0.050000000000000003,0,0,
2023-03-18,2023-03-19,bull,0.0387969310223115,0.4707932067158094,0.47299259328372933,0.0021993865679199587,2.199386567919959e-06,0.018263092007633208,1.1191828871977085,1.1396226272399688,0.45000000000000001,ABSTAIN,0,0,0,
2023-03-19,2023-03-20,bull,-0.0085197094285499,0.4713955685818055,0.4802859560484682,0.008890387466662708,8.890387466662709e-06,-0.004025007952531023,1.1396226272399688,1.1350356371024435,0.45000000000000001,ABSTAIN,0,0,0,
2023-03-20,2023-03-21,bull,0.0141952706480763,0.4671172192943908,0.46926405166728413,0.0021468323728933147,2.146832372893315e-06,0.006628694284552816,1.1350356371024435,1.1425594413428681,0.45000000000000001,BTC,0,0,0,
2023-03-21,2023-03-22,bull,-0.030315856868464,0.4698279812528112,0.4706274123505463,0.0007994310977350594,7.994310977350594e-07,-0.014244025877070077,1.1425594413428681,1.1262847950942896,0.45000000000000001,ABSTAIN,0,0,0,
2023-03-22,2023-03-23,bull,0.0384788916318499,0.4674048757095836,0.46216750511412663,0.0052373705954569805,5.23737059545698e-06,0.01797988999476141,1.1262847950942896,1.1465352718128574,0.45000000000000001,BTC,0,0,0,
2023-03-23,2023-03-24,mix,-0.02997100036382,0.4747820651317704,0.4768144831474874,0.002032418015717019,2.032418015717019e-06,-0.014231696944129846,1.1465352718128574,1.1302181292886613,0.45000000000000001,ABSTAIN,0.050000000000000003,0,0,
2023-03-24,2023-03-25,bull,0.0004879434276932,0.4665541096568701,0.46720049145659226,0.000646381799722151,6.463817997221511e-07,0.00022700548252041486,1.1302181292886613,1.1304746950004538,0.45000000000000001,BTC,0,0,0,
2023-03-25,2023-03-26,bull,0.0181215332877171,0.469478034843603,0.4666755220470425,0.002802512796560519,2.802512796560519e-06,0.008504835480642514,1.1304746950004538,1.1400891962964623,0.45000000000000001,ABSTAIN,0,0,0,
2023-03-26,2023-03-27,bull,-0.0301606877938048,0.4675099795223958,0.47395346090833534,0.006443481385939531,6.443481385939531e-06,-0.014106775158438833,1.1400891962964623,1.1240062143437428,0.45000000000000001,BTC,0,0,0,
2023-03-27,2023-03-28,bull,0.0048802423902867,0.4653855665069347,0.45989426038134834,0.005491306125586348,5.491306125586349e-06,0.002265690591545466,1.1240062143437428,1.12655286464842,0.45000000000000001,BTC,0,0,0,
2023-03-28,2023-03-29,bull,0.0399160742713353,0.4662851649845156,0.46659702833285693,0.00031186334834132357,3.118633483413236e-07,0.018611955609309394,1.12655286464842,1.1475202165567966,0.45000000000000001,BTC,0,0,0,
2023-03-29,2023-03-30,bull,-0.01131906428128,0.4659409500312214,0.47603730190842564,0.010096351877204257,1.0096351877204257e-05,-0.005284058668244329,1.1475202165567966,1.141456652409514,0.45000000000000001,BTC,0,0,0,
2023-03-30,2023-03-31,bull,0.0158475891471485,0.464858200471137,0.46310938054769707,0.0017488199234399482,1.7488199234399483e-06,0.007365120069476427,1.141456652409514,1.1498636177086128,0.45000000000000001,BTC,0,0,0,
2023-03-31,2023-04-01,bull,-0.0006181142598258,0.4648733832364813,0.468771696576794,0.003898313340312709,3.8983133403127094e-06,-0.00029124206037201006,1.1498636177086128,1.1495287290594445,0.45000000000000001,BTC,0,0,0,
2023-04-01,2023-04-02,bull,-0.0090595689500668,0.4648328342829533,0.4647195731533186,0.00011326112963472301,1.1326112963472302e-07,-0.004211297896607347,1.1495287290594445,1.1446877211406667,0.45000000000000001,BTC,0,0,0,
2023-04-02,2023-04-03,bull,-0.0140504924055705,0.4648191069253048,0.46256961544855657,0.0022494914767482443,2.2494914767482446e-06,-0.006533172132006992,1.1446877211406667,1.13720927922106,0.45000000000000001,BTC,0,0,0,
2023-04-03,2023-04-04,bull,0.0130313897151654,0.4648132385821641,0.4613008968418725,0.0035123417402916357,3.5123417402916356e-06,0.006053628840167358,1.13720927922106,1.1440935221110584,0.45000000000000001,BTC,0,0,0,
2023-04-04,2023-04-05,bull,0.0003231029242589,0.4648281590333982,0.46803543437736556,0.003207275343967364,3.207275343967364e-06,0.00014697958042542147,1.1440935221110584,1.1442616804969057,0.45000000000000001,BTC,0,0,0,
2023-04-05,2023-04-06,bull,-0.0048556267414413,0.4647986194249292,0.4649085229976275,0.00010990357269829998,1.0990357269829998e-07,-0.0022569982613972472,1.1442616804969057,1.1416790838734407,0.45000000000000001,BTC,0,0,0,
2023-04-06,2023-04-07,bull,-0.0045048097671979,0.4647921712929043,0.46358799728795935,0.0012041740049449356,1.2041740049449357e-06,-0.0020950019656623686,1.1416790838734407,1.1392872639485703,0.45000000000000001,BTC,0,0,0,
2023-04-07,2023-04-08,bull,0.0011035313001603,0.464792930907817,0.46366920169957415,0.0011237292082428296,1.1237292082428297e-06,0.0005117892417658698,1.1392872639485703,1.13987033891354,0.45000000000000001,BTC,0,0,0,
2023-04-08,2023-04-09,bull,0.0137932515425249,0.4647907130145523,0.46506730513393424,0.0002765921193819132,2.765921193819132e-07,0.006410696853894615,1.13987033891354,1.1471777021090608,0.45000000000000001,BTC,0,0,0,
2023-04-09,2023-04-10,bull,0.0464016154427286,0.4647716265449193,0.4682000691925521,0.0034284426476327567,3.4284426476327568e-06,0.021562651902657937,1.1471777021090608,1.1719138955701294,0.45000000000000001,BTC,0,0,0,
2023-04-10,2023-04-11,bull,0.0191828885665126,0.4647686269939352,0.4760707652551308,0.011302138261195638,1.1302138261195639e-05,0.008904201877176554,1.1719138955701294,1.1823488534789541,0.45000000000000001,BTC,0,0,0,
2023-04-11,2023-04-12,bull,-0.010698585879985,0.4647672260830126,0.46949836986381854,0.004731143780805969,4.731143780805969e-06,-0.004977059701319675,1.1823488534789541,1.1764642326474024,0.45000000000000001,BTC,0,0,0,
2023-04-12,2023-04-13,bull,0.0167634777022325,0.464767333582939,0.4620925609080777,0.00267477267486127,2.67477267486127e-06,0.0077884212211023485,1.1764642326474024,1.1856270316428212,0.45000000000000001,BTC,0,0,0,
2023-04-13,2023-04-14,bull,0.0028005028399928,0.4647725892981804,0.46890515556546186,0.004132566267281479,4.132566267281479e-06,0.001297459011077473,1.1856270316428212,1.1871653341188033,0.45000000000000001,BTC,0,0,0,
2023-04-14,2023-04-15,bull,-0.0056739683321027,0.4647698139713009,0.4654683340875675,0.0006985201162665877,6.985201162665877e-07,-0.0026377858842469015,1.1871653341188033,1.1840338461581974,0.45000000000000001,BTC,0,0,0,
2023-04-15,2023-04-16,bull,0.0003531399754452,0.4647689818611861,0.4633546322644936,0.0014143495966925101,1.41434959669251e-06,0.0001627139251103582,1.1840338461581974,1.1842265049527694,0.45000000000000001,BTC,0,0,0,
2023-04-16,2023-04-17,bull,-0.0288812713829951,0.4647742050969277,0.4648568141132325,8.260901630480211e-05,8.260901630480211e-08,-0.01342335144935336,1.1842265049527694,1.1683302163811489,0.45000000000000001,BTC,0,0,0,
2023-04-17,2023-04-18,bull,0.0321828849427039,0.4648039182632513,0.45749197340634223,0.007311944856909058,7.311944856909058e-06,0.014951309700110826,1.1683302163811489,1.185798283278261,0.45000000000000001,BTC,0,0,0,
2023-04-18,2023-04-19,bull,-0.0516256228976176,0.4649031634981271,0.47269178009076573,0.007788616592638631,7.788616592638632e-06,-0.024008517085328585,1.185798283278261,1.1573290249344215,0.45000000000000001,BTC,0,0,0,
2023-04-19,2023-04-20,bull,-0.0198933146385226,0.4648197098612851,0.45174453035205914,0.013075179509225987,1.3075179509225987e-05,-0.009259759014334623,1.1573290249344215,1.1466124370632338,0.45000000000000001,BTC,0,0,0,
2023-04-20,2023-04-21,bull,-0.0345496715709707,0.4658749650076007,0.4598248154047729,0.006050149602827848,6.050149602827848e-06,-0.01610177980159133,1.1466124370632338,1.1281499360838756,0.45000000000000001,BTC,0,0,0,
2023-04-21,2023-04-22,bull,0.0201395205539744,0.4688073589340739,0.4571371382821261,0.011670220651947782,1.1670220651947783e-05,0.009429775035419974,1.1281499360838756,1.13878813618737,0.45000000000000001,ABSTAIN,0,0,0,
2023-04-22,2023-04-23,mix,-0.0079995973236403,0.4741894256408302,0.47377573451114297,0.00041369112968725474,4.1369112968725475e-07,-0.0037937365821199,1.13878813618737,1.1344678739758318,0.45000000000000001,ABSTAIN,0.050000000000000003,0,0,
2023-04-23,2023-04-24,bull,-0.0029755648499171,0.4716010637971304,0.47218726066628147,0.0005861968691510677,5.861968691510678e-07,-0.001403864922889353,1.1344678739758318,1.1328752343214123,0.45000000000000001,ABSTAIN,0,0,0,
2023-04-24,2023-04-25,bull,0.0286993852987897,0.4719982285632526,0.47085853039450726,0.0011396981687453178,1.1396981687453178e-06,0.0135449038852955,1.1328752343214123,1.1482199204843275,0.45000000000000001,ABSTAIN,0,0,0,
2023-04-25,2023-04-26,mix,0.0044454181802762,0.4767821849291111,0.4790549805439601,0.002272795614848999,2.2727956148489994e-06,0.0021172185801192622,1.1482199204843275,1.15065095303404,0.5,ABSTAIN,0.050000000000000003,0,0,
2023-04-26,2023-04-27,mix,0.0369855688382598,0.4737630358714041,0.4778887976348028,0.004125761763398683,4.125761763398683e-06,0.01751819732125237,1.15065095303404,1.1708082834771776,0.45000000000000001,ABSTAIN,0.050000000000000003,0,0,
2023-04-27,2023-04-28,bull,-0.0052279998235847,0.4693315456518625,0.4828251775883404,0.013493631936477901,1.34936319364779e-05,-0.0024671257609515385,1.1708082834771776,1.1679197521998756,0.45000000000000001,BTC,0,0,0,
2023-04-28,2023-04-29,bull,-0.0029909487139261,0.4662087624239479,0.46802626017900373,0.0018174977550558524,1.8174977550558525e-06,-0.001396221461817393,1.1679197521998756,1.1662890775761738,0.45000000000000001,BTC,0,0,0,
2023-04-29,2023-04-30,bull,0.0006157193140887,0.4675297730564178,0.46546340111683626,0.002066371939581535,2.066371939581535e-06,0.0002858001444021596,1.1662890775761738,1.1666224031629597,0.45000000000000001,BTC,0,0,0,
2023-04-30,2023-05-01,bull,-0.0401509635205677,0.4625834040409476,0.4676830096106745,0.005099605569726884,5.099605569726884e-06,-0.018578174270599823,1.1666224031629597,1.1449486888490124,0.45000000000000001,BTC,0,0,0,
2023-05-01,2023-05-02,bull,0.0210666153802319,0.466440566667971,0.4524129775216928,0.014027589146278219,1.4027589146278219e-05,0.00981215858694906,1.1449486888490124,1.1561831069579183,0.45000000000000001,ABSTAIN,0,0,0,
2023-05-02,2023-05-03,mix,0.0123652294630804,0.4753121692720971,0.4716324771469149,0.0036796921251821546,3.6796921251821547e-06,0.005873642720702232,1.1561831069579183,1.1629741134479006,0.5,ABSTAIN,0.050000000000000003,0,0,
2023-05-03,2023-05-04,mix,-0.0062535316087597,0.4713156037537832,0.4783779216850283,0.007062317931245121,7.062317931245121e-06,-0.00295442852832295,1.1629741134479006,1.159538189549429,0.45000000000000001,ABSTAIN,0.050000000000000003,0,0,
2023-05-04,2023-05-05,bull,0.0232680699394289,0.4641286111859736,0.4697527599179117,0.005624148731938117,5.624148731938117e-06,0.010793692099930974,1.159538189549429,1.1720538877455369,0.45000000000000001,BTC,0,0,0,
2023-05-05,2023-05-06,bull,-0.0222307306561132,0.4689644557679699,0.4698538592179337,0.0008894034499637993,8.894034499637993e-07,-0.01042630263451172,1.1720538877455369,1.1598336992079459,0.45000000000000001,ABSTAIN,0,0,0,
2023-05-06,2023-05-07,bull,-0.014980715317894,0.4629790666330994,0.4633698598285874,0.00039079319548801505,3.907931954880151e-07,-0.0069361456781233954,1.1598336992079459,1.151788923707843,0.45000000000000001,BTC,0,0,0,
2023-05-07,2023-05-08,bull,-0.0265366862739578,0.4693969296564399,0.4592284059422505,0.010168523714189415,1.0168523714189415e-05,-0.012466280922403872,1.151788923707843,1.1374303994215877,0.45000000000000001,ABSTAIN,0,0,0,
2023-05-08,2023-05-09,mix,-0.0012865687284291,0.4740933013958509,0.46270424528971005,0.011389056106140827,1.1389056106140827e-05,-0.0006213357252438101,1.1374303994215877,1.1367236732794488,0.45000000000000001,ABSTAIN,0.050000000000000003,0,0,
2023-05-09,2023-05-10,mix,-0.0011434816120197,0.4782489814457641,0.47377232692385374,0.004476654521910373,4.476654521910373e-06,-0.0005513431226289445,1.1367236732794488,1.1360969484998567,0.5,ABSTAIN,0.050000000000000003,0,0,
2023-05-10,2023-05-11,mix,-0.0224538370412232,0.4794385930929691,0.47796349590852844,0.0014750971844406657,1.4750971844406657e-06,-0.010766695257997894,1.1360969484998567,1.1238649388718174,0.5,ABSTAIN,0.050000000000000003,0,0,
2023-05-11,2023-05-12,mix,-0.00683009987585,0.4792926189636294,0.47377364213982814,0.005518976823801258,5.518976823801258e-06,-0.0032791173670897455,1.1238649388718174,1.1201796538324995,0.5,ABSTAIN,0.050000000000000003,0,0,
2023-05-12,2023-05-13,mix,-0.0008097256634527,0.480174517328861,0.47758242418988545,0.002592093138975571,2.592093138975571e-06,-0.00039140071492538286,1.1201796538324995,1.1197412147151447,0.5,ABSTAIN,0.050000000000000003,0,0,
2023-05-13,2023-05-14,mix,0.0053216319671365,0.4795577088537021,0.47997232556137187,0.0004146167076697904,4.146167076697904e-07,0.00255161395870096,1.1197412147151447,1.1225983620287445,0.5,ABSTAIN,0.050000000000000003,0,0,
2023-05-14,2023-05-15,mix,0.0098031203566122,0.479189637225581,0.480882512066189,0.001692874840607983,1.692874840607983e-06,0.004695852860152616,1.1225983620287445,1.1278699187578798,0.5,ABSTAIN,0.050000000000000003,0,0,
2023-05-15,2023-05-16,mix,-0.0054664709625918,0.4792932114739558,0.4816247328731111,0.0023315213991552675,2.3315213991552673e-06,-0.0026223678358039404,1.1278699187578798,1.1249122289599582,0.5,ABSTAIN,0.050000000000000003,0,0,
2023-05-16,2023-05-17,mix,0.0136044356822375,0.4797490245323984,0.4779253537527685,0.0018236707796299156,1.8236707796299157e-06,0.006524879174508502,1.1249122289599582,1.132252145335849,0.5,ABSTAIN,0.050000000000000003,0,0,
2023-05-17,2023-05-18,mix,-0.0209866766898635,0.478501639316926,0.4831225362975852,0.004620896980659206,4.620896980659206e-06,-0.010046733693111487,1.132252145335849,1.1208767095582055,0.5,ABSTAIN,0.050000000000000003,0,0,
2023-05-18,2023-05-19,mix,0.0020463694647383,0.4796941926929871,0.47321154579512403,0.0064826468978630425,6.4826468978630425e-06,0.0009751425378707879,1.1208767095582055,1.1219697241174043,0.5,ABSTAIN,0.050000000000000003,0,0,
2023-05-19,2023-05-20,mix,0.0086783791927209,0.4773264914160225,0.48020444041296434,0.002877948996941826,2.877948996941826e-06,0.004139530420568027,1.1219697241174043,1.1266141519213446,0.5,ABSTAIN,0.050000000000000003,0,0,
2023-05-20,2023-05-21,mix,-0.0135085299562622,0.4794122217105418,0.47948269287101486,7.047116047304014e-05,7.047116047304014e-08,-0.0064762243731534275,1.1266141519213446,1.119317945891532,0.5,ABSTAIN,0.050000000000000003,0,0,
2023-05-21,2023-05-22,mix,0.0036411351070471,0.4801503523533739,0.47601883882992385,0.004131513523450037,4.1315135234500364e-06,0.0017441535679980635,1.119317945891532,1.121270208280583,0.5,ABSTAIN,0.050000000000000003,0,0,
2023-05-22,2023-05-23,mix,0.0139082887292205,0.4803365060312044,0.4810576153310292,0.0007211092998247737,7.211092998247737e-07,0.006679932886281881,1.121270208280583,1.1287602180192846,0.5,ABSTAIN,0.050000000000000003,0,0,
2023-05-23,2023-05-24,mix,-0.0327802003622242,0.4803140033139165,0.4837851612431811,0.003471157929264612,3.4711579292646123e-06,-0.01574820577069147,1.1287602180192846,1.1109842698401464,0.5,ABSTAIN,0.050000000000000003,0,0,
2023-05-24,2023-05-25,mix,0.0055985171905621,0.4803596735023681,0.4720007666525619,0.00835890684980617,8.358906849806169e-06,0.0026809205032820582,1.1109842698401464,1.1139627303479847,0.5,ABSTAIN,0.050000000000000003,0,0,
2023-05-25,2023-05-26,mix,0.0089024694249089,0.4802806712702543,0.4817533950763488,0.001472723806094478,1.4727238060944781e-06,0.004274204970650564,1.1139627303479847,1.1187240353871575,0.5,ABSTAIN,0.050000000000000003,0,0,
2023-05-26,2023-05-27,mix,0.0054658106059188,0.4802423674554218,0.48249336610024113,0.002250998644819313,2.2509986448193132e-06,0.002622656918127131,1.1187240353871575,1.1216580647180407,0.5,ABSTAIN,0.050000000000000003,0,0,
2023-05-27,2023-05-28,mix,0.0451903565112166,0.4803914727085329,0.4816031146069599,0.0012116418984270405,1.2116418984270405e-06,0.02170782397113946,1.1216580647180407,1.146006820542749,0.5,ABSTAIN,0.050000000000000003,0,0,
2023-05-28,2023-05-29,mix,-0.0118199435720596,0.4802791624486817,0.49143200676254967,0.011152844313867982,1.1152844313867982e-05,-0.005687962130016988,1.146006820542749,1.1394883771467605,0.5,ABSTAIN,0.050000000000000003,0,0,
2023-05-29,2023-05-30,mix,-0.0014852520241966,0.4800166193399463,0.4773119288598125,0.002704690480133831,2.704690480133831e-06,-0.00071564841770555,1.1394883771467605,1.1386729040926615,0.5,ABSTAIN,0.050000000000000003,0,0,
2023-05-30,2023-05-31,mix,-0.017405463170892,0.4802011775711382,0.479645634956056,0.0005555426150822274,5.555426150822273e-07,-0.00835867481015462,1.1386729040926615,1.1291551075722166,0.5,ABSTAIN,0.050000000000000003,0,0,
2023-05-31,2023-06-01,mix,-0.0145906283413126,0.4760009135445244,0.47582001631592813,0.00018089722859626622,1.8089722859626624e-07,-0.006945332060523279,1.1291551075722166,1.1213127504022917,0.5,ABSTAIN,0.050000000000000003,0,0,
2023-06-01,2023-06-02,mix,0.015873075058727,0.4760713962323915,0.4723362080833308,0.003735188149060653,3.735188149060653e-06,0.0075529535918008595,1.1213127504022917,1.1297819735679748,0.5,ABSTAIN,0.050000000000000003,0,0,
2023-06-02,2023-06-03,mix,-0.0063388475556713,0.4761491952859918,0.4800008824072586,0.003851687121266767,3.851687121266767e-06,-0.00302207722448955,1.1297819735679748,1.1263676851970161,0.5,ABSTAIN,0.050000000000000003,0,0,
2023-06-03,2023-06-04,mix,0.0018580082742316,0.4760560077770951,0.47456330271962777,0.0014927050574673473,1.4927050574673474e-06,0.0008830219760684876,1.1263676851970161,1.1273622926161786,0.5,ABSTAIN,0.050000000000000003,0,0,
2023-06-04,2023-06-05,mix,-0.0506926035033901,0.4761075774853808,0.4765190350670315,0.00041145758165073154,4.1145758165073155e-07,-0.02413553417742431,1.1273622926161786,1.1001528014724014,0.5,ABSTAIN,0.050000000000000003,0,0,
2023-06-05,2023-06-06,mix,0.0575902809604076,0.4761348544278604,0.4631506471408294,0.012984207287031035,1.2984207287031035e-05,0.027407399797683585,1.1001528014724014,1.130305129140897,0.5,ABSTAIN,0.050000000000000003,0,0,
2023-06-06,2023-06-07,mix,-0.0325998340078296,0.4752724457352166,0.49011624434313317,0.01484379860791657,1.4843798607916569e-05,-0.015508416651182189,1.130305129140897,1.1127758862552117,0.5,ABSTAIN,0.050000000000000003,0,0,
2023-06-07,2023-06-08,mix,0.0060206890006642,0.4761202382916401,0.46701447306459193,0.009105765227048146,9.105765227048147e-06,0.002857440014118362,1.1127758862552117,1.1159555765993434,0.5,ABSTAIN,0.050000000000000003,0,0,
2023-06-08,2023-06-09,mix,-0.0008226073634679,0.4760793828463348,0.4776176847480263,0.001538301901691519,1.538301901691519e-06,-0.00039316410538658975,1.1159555765993434,1.1155168229234185,0.5,ABSTAIN,0.050000000000000003,0,0,
2023-06-09,2023-06-10,mix,-0.0239923260811274,0.4760501366720476,0.47587412131221213,0.00017601535983546857,1.7601535983546858e-07,-0.011421724114992649,1.1155168229234185,1.102775697526354,0.5,ABSTAIN,0.050000000000000003,0,0,
2023-06-10,2023-06-11,mix,0.0032657483361708,0.4760882619938896,0.46999667716178384,0.006091584832105756,6.091584832105757e-06,0.0015486833935434152,1.102775697526354,1.1044835479359163,0.5,ABSTAIN,0.050000000000000003,0,0,
2023-06-11,2023-06-12,mix,-0.0008330633590967,0.475996936495398,0.47690156730259337,0.0009046308071953835,9.046308071953835e-07,-0.0003974398789254874,1.1044835479359163,1.1040445821283495,0.5,ABSTAIN,0.050000000000000003,0,0,
2023-06-12,2023-06-13,mix,0.0008723578365525,0.4760747125179273,0.4757890681954445,0.00028564432248284755,2.8564432248284755e-07,0.00041502174329655084,1.1040445821283495,1.1045027846355016,0.5,ABSTAIN,0.050000000000000003,0,0,
2023-06-13,2023-06-14,mix,-0.0308491519279274,0.4760474725819721,0.4762922122932433,0.0002447397112712024,2.4473971127120244e-07,-0.014685901952133928,1.1045027846355016,1.0882821650344856,0.5,ABSTAIN,0.050000000000000003,0,0,
2023-06-14,2023-06-15,mix,0.0183768081338664,0.4761018099132582,0.4682381991447114,0.007863610768546803,7.863610768546803e-06,0.008741299201642017,1.0882821650344856,1.0977951650548627,0.5,ABSTAIN,0.050000000000000003,0,0,
2023-06-15,2023-06-16,mix,0.0293068347446201,0.4746248194073857,0.48064576044430496,0.006020941036919247,6.020941036919247e-06,0.013903646457239072,1.0977951650548627,1.1130585209122519,0.45000000000000001,ABSTAIN,0.050000000000000003,0,0,
2023-06-16,2023-06-17,mix,0.0065942075751765,0.4754996334148821,0.48183240175200703,0.006332768337124928,6.332768337124928e-06,0.0031291906596515595,1.1130585209122519,1.116541493239536,0.5,ABSTAIN,0.050000000000000003,0,0,
2023-06-17,2023-06-18,mix,-0.0066113520648689,0.475898679758213,0.4771390864412016,0.0012404066829886373,1.2404066829886373e-06,-0.003147570223037466,1.116541493239536,1.1130271004826295,0.5,ABSTAIN,0.050000000000000003,0,0,
2023-06-18,2023-06-19,mix,0.0192181383994503,0.4758169207420308,0.4742444774295529,0.0015724433124779114,1.5724433124779114e-06,0.009142728613390494,1.1130271004826295,1.1232032052016911,0.5,ABSTAIN,0.050000000000000003,0,0,
2023-06-19,2023-06-20,mix,0.0544515177364139,0.4758475481614312,0.48056678193574986,0.004719233774318654,4.719233774318654e-06,0.025905779696488107,1.1232032052016911,1.1523006599900354,0.5,ABSTAIN,0.050000000000000003,0,0,
2023-06-20,2023-06-21,mix,0.0596728098715191,0.4757895943692693,0.48908565619380406,0.013296061824534744,1.3296061824534744e-05,0.02837802844399495,1.1523006599900354,1.1850006808952667,0.5,ABSTAIN,0.050000000000000003,0,0,
2023-06-21,2023-06-22,mix,-0.00354703319343,0.47422857452031,0.4902619258698834,0.0160333513495734,1.6033351349573398e-05,-0.0016981108766737085,1.1850006808952667,1.1829884183501727,0.45000000000000001,ABSTAIN,0.050000000000000003,0,0,
2023-06-22,2023-06-23,mix,0.0263930011207573,0.467891135951637,0.4733426818781217,0.005451545926484669,5.451545926484669e-06,0.012343532408217284,1.1829884183501727,1.1975906742306237,0.45000000000000001,ABSTAIN,0.050000000000000003,0,0,
2023-06-23,2023-06-24,mix,-0.0047523745575207,0.4682001064527432,0.4743820193460906,0.006181912893347408,6.181912893347408e-06,-0.0022312304314867637,1.1975906742306237,1.1949185734738157,0.45000000000000001,ABSTAIN,0.050000000000000003,0,0,
2023-06-24,2023-06-25,bull,-0.0022368800272486,0.4616701470592924,0.46701417981180704,0.00534403275251466,5.34403275251466e-06,-0.00103803924509982,1.1949185734738157,1.1936782010998512,0.45000000000000001,BTC,0,0,0,
2023-06-25,2023-06-26,bull,-0.0065090447164478,0.4622606106282892,0.46111363872000044,0.0011469719082887742,1.1469719082887742e-06,-0.003010018506045209,1.1936782010998512,1.1900852076242778,0.45000000000000001,BTC,0,0,0,
2023-06-26,2023-06-27,bull,0.0139458816532858,0.465373419095978,0.460637737007192,0.004735682088785997,4.735682088785997e-06,0.0064852762104301576,1.1900852076242778,1.1978032389096684,0.45000000000000001,BTC,0,0,0,
2023-06-27,2023-06-28,mix,-0.0198930564923702,0.4688508990457151,0.46882079478058597,3.0104265129116126e-05,3.010426512911613e-08,-0.0093269072447012,1.1978032389096684,1.1866314392029553,0.45000000000000001,ABSTAIN,0.050000000000000003,0,0,
2023-06-28,2023-06-29,mix,0.0122046903778767,0.4686436911558277,0.463850296481578,0.004793394674249718,4.793394674249718e-06,0.0057148303368825815,1.1866314392029553,1.193412836550411,0.45000000000000001,ABSTAIN,0.050000000000000003,0,0,
2023-06-29,2023-06-30,mix,0.000893393812591,0.4697820496910508,0.4716655797293109,0.001883530038260084,1.883530038260084e-06,0.0004178160559038524,1.193412836550411,1.1939114635948436,0.45000000000000001,ABSTAIN,0.050000000000000003,0,0,
2023-06-30,2023-07-01,bull,0.0037377473099047,0.4633922574959594,0.4700044890065371,0.00661223151057766,6.61223151057766e-06,0.0017254194797051703,1.1939114635948436,1.1959714616911734,0.45000000000000001,ABSTAIN,0,0,0,
2023-07-01,2023-07-02,bull,0.0010102397112481,0.4605913855997464,0.4643200782424707,0.003728692642724296,3.7286926427242964e-06,0.00046157728075946203,1.1959714616911734,1.1965234949463268,0.45000000000000001,BTC,0,0,0,
2023-07-02,2023-07-03,bull,0.0174278276944381,0.4592831527505696,0.46084225985227617,0.0015591071017065916,1.5591071017065916e-06,0.008002736062420635,1.1965234949463268,1.2060989566688674,0.45000000000000001,BTC,0,0,0,
2023-07-03,2023-07-04,bull,-0.0122916218584777,0.4592764056687911,0.4635768486838016,0.0043004430150105355,4.300443015010536e-06,-0.005649528072932508,1.2060989566688674,1.199285066754432,0.45000000000000001,BTC,0,0,0,
2023-07-04,2023-07-05,bull,-0.008307224295056,0.4589613480621281,0.45620655468460947,0.0027547933775186606,2.7547933775186606e-06,-0.003815439151304334,1.199285066754432,1.1947092675571624,0.45000000000000001,BTC,0,0,0,
2023-07-05,2023-07-06,bull,-0.0196540468262499,0.459229742532469,0.45689063778779904,0.002339104744669973,2.339104744669973e-06,-0.00902804085637332,1.1947092675571624,1.1839233834781686,0.45000000000000001,BTC,0,0,0,
2023-07-06,2023-07-07,bull,0.0144852923969767,0.4590962645279589,0.4543044456913038,0.004791818836655082,4.791818836655082e-06,0.006645319944927008,1.1839233834781686,1.1917909331516616,0.45000000000000001,BTC,0,0,0,
2023-07-07,2023-07-08,bull,-0.0018980834629479,0.4598406859513241,0.46266958893831145,0.002828902986987347,2.828902986987347e-06,-0.0008756424354700032,1.1917909331516616,1.1907473504363857,0.45000000000000001,BTC,0,0,0,
2023-07-08,2023-07-09,bull,-0.0040245899474392,0.4590303098386753,0.4593688144015726,0.0003385045628973016,3.385045628973016e-07,-0.0018477466497532902,1.1907473504363857,1.1885471510089143,0.45000000000000001,BTC,0,0,0,
2023-07-09,2023-07-10,bull,0.0082341904537754,0.4590924012359122,0.4580290679854904,0.001063333250421794,1.063333250421794e-06,0.0037791869147369983,1.1885471510089143,1.193038892849555,0.45000000000000001,BTC,0,0,0,
2023-07-10,2023-07-11,bull,0.0068386634358366,0.4593140005990309,0.4611294688609655,0.0018154682619346274,1.8154682619346274e-06,0.0031392726906462887,1.193038892849555,1.1967841672647566,0.45000000000000001,BTC,0,0,0,
2023-07-11,2023-07-12,bull,-0.0077065502411562,0.4591874285420106,0.46100702811439326,0.0018195995723826464,1.8195995723826463e-06,-0.0035405641486289108,1.1967841672647566,1.1925468761484923,0.45000000000000001,BTC,0,0,0,
2023-07-12,2023-07-13,bull,0.0355016733964517,0.4591040320018255,0.45726683100391513,0.0018372009979103487,1.8372009979103487e-06,0.016297094253656885,1.1925468761484923,1.2119819249909884,0.45000000000000001,BTC,0,0,0,
2023-07-13,2023-07-14,bull,-0.0365059540267144,0.4592761212688155,0.46777868664400535,0.008502565375189841,8.502565375189842e-06,-0.016774672977310168,1.2119819249909884,1.1916513245448537,0.45000000000000001,BTC,0,0,0,
2023-07-14,2023-07-15,bull,-0.0008575933292432,0.4590113804544005,0.45005558102494087,0.008955799429459621,8.955799429459621e-06,-0.00040259737194736633,1.1916513245448537,1.1911715688533142,0.45000000000000001,BTC,0,0,0,
2023-07-15,2023-07-16,bull,-0.0018454082676931,0.4596149287204832,0.45879833907358825,0.0008165896468949607,8.165896468949607e-07,-0.0008489930864501449,1.1911715688533142,1.1901602724265818,0.45000000000000001,BTC,0,0,0,
2023-07-16,2023-07-17,bull,-0.0031684609151494,0.4607682192083026,0.45915619734403346,0.0016120218642691198,1.6120218642691198e-06,-0.0014615357619359726,1.1901602724265818,1.188420810625995,0.45000000000000001,BTC,0,0,0,
2023-07-17,2023-07-18,bull,-0.009054502864992,0.4622589470725616,0.45997982967061996,0.002279117401941644,2.279117401941644e-06,-0.004187794538735856,1.188420810625995,1.1834439484455355,0.45000000000000001,BTC,0,0,0,
2023-07-18,2023-07-19,mix,0.0014363775161718,0.465549824539801,0.4599987583970577,0.005551066142743255,5.551066142743255e-06,0.0006631505224565792,1.1834439484455355,1.1842287499182451,0.45000000000000001,ABSTAIN,0.050000000000000003,0,0,
2023-07-19,2023-07-20,mix,-0.0036342724935388,0.4662372727006739,0.4659069753763946,0.000330297324279305,3.3029732427930506e-07,-0.0016947630332960761,1.1842287499182451,1.1822217628099172,0.45000000000000001,ABSTAIN,0.050000000000000003,0,0,
2023-07-20,2023-07-21,mix,0.0034260595282036,0.4665941213602691,0.46533131227405566,0.0012628090862134567,1.2628090862134567e-06,0.0015973144075036583,1.1822217628099172,1.1841101426645178,0.45000000000000001,ABSTAIN,0.050000000000000003,0,0,
2023-07-21,2023-07-22,mix,-0.0038190020432663,0.4682155242250839,0.4674454520023575,0.0007700722227264034,7.700722227264035e-07,-0.0017888847389487816,1.1841101426645178,1.1819919061010706,0.45000000000000001,ABSTAIN,0.050000000000000003,0,0,
2023-07-22,2023-07-23,mix,0.0099701566690948,0.4695576019909219,0.46726292852049517,0.0022946734704267224,2.2946734704267224e-06,0.004679257440885598,1.1819919061010706,1.1875227505227606,0.45000000000000001,ABSTAIN,0.050000000000000003,0,0,
2023-07-23,2023-07-24,mix,-0.0301736029169811,0.4698493210798994,0.47202932986979623,0.0021800087898968257,2.1800087898968257e-06,-0.014179195947781276,1.1875227505227606,1.1706846327506502,0.45000000000000001,ABSTAIN,0.050000000000000003,0,0,
2023-07-24,2023-07-25,mix,0.0017307501173826,0.4695352020582106,0.46222526344769793,0.007309938610512656,7.309938610512657e-06,0.0008053322270591412,1.1706846327506502,1.1716274228131272,0.45000000000000001,ABSTAIN,0.050000000000000003,0,0,
2023-07-25,2023-07-26,mix,0.0042287348692719,0.4705621350603341,0.46996593323872077,0.0005962018216133513,5.962018216133513e-07,0.0019892851204954543,1.1716274228131272,1.1739581238120937,0.45000000000000001,ABSTAIN,0.050000000000000003,0,0,
2023-07-26,2023-07-27,mix,-0.004411935050865,0.4701295786080386,0.4716135619911563,0.0014839833831176708,1.4839833831176707e-06,-0.0020756620716418928,1.1739581238120937,1.1715213834608011,0.45000000000000001,ABSTAIN,0.050000000000000003,0,0,
2023-07-27,2023-07-28,mix,0.0031585034921481,0.4695348730877612,0.46902824699811996,0.0005066260896412489,5.066260896412489e-07,0.0014825201589030446,1.1715213834608011,1.1732581875283679,0.45000000000000001,ABSTAIN,0.050000000000000003,0,0,
2023-07-28,2023-07-29,mix,0.001313320825516,0.4707164418905841,0.4703204025162634,0.00039603937432070024,3.960393743207003e-07,0.0006178054218410889,1.1732581875283679,1.1739830327978424,0.45000000000000001,ABSTAIN,0.050000000000000003,0,0,
2023-07-29,2023-07-30,mix,-0.0024460456163659,0.4700550176194679,0.4710434437360916,0.0009884261166236974,9.884261166236975e-07,-0.0011507633049467891,1.1739830327978424,1.1726320562030685,0.45000000000000001,ABSTAIN,0.050000000000000003,0,0,
2023-07-30,2023-07-31,mix,-0.001683645416762,0.4700381684435668,0.4694449982036055,0.0005931702399612493,5.931702399612493e-07,-0.0007919703088214991,1.1726320562030685,1.1717033664313834,0.45000000000000001,ABSTAIN,0.050000000000000003,0,0,
2023-07-31,2023-08-01,mix,0.0164132948372353,0.4705533294716787,0.4696184363503967,0.0009348931212820322,9.348931212820322e-07,0.00772238841965156,1.1717033664313834,1.1807517149395799,0.45000000000000001,ABSTAIN,0.050000000000000003,0,0,
2023-08-01,2023-08-02,mix,-0.0181238683099871,0.4707990910837137,0.4746110817458681,0.003811990662154374,3.811990662154374e-06,-0.00853648019134945,1.1807517149395799,1.1706722513140964,0.45000000000000001,ABSTAIN,0.050000000000000003,0,0,
2023-08-02,2023-08-03,mix,0.0005347281969718,0.4704777735214706,0.46624471699221276,0.004233056529257817,4.233056529257817e-06,0.00024734361007827665,1.1706722513140964,1.1709618096149548,0.45000000000000001,ABSTAIN,0.050000000000000003,0,0,
2023-08-03,2023-08-04,mix,-0.0028709150270818,0.4706839736215955,0.47061095601626374,7.301760533173773e-05,7.301760533173774e-08,-0.0013513666118138978,1.1709618096149548,1.169379410921732,0.45000000000000001,ABSTAIN,0.050000000000000003,0,0,
2023-08-04,2023-08-05,mix,-0.001284980501967,0.470480059535309,0.46996774437755157,0.0005123151577574592,5.123151577574592e-07,-0.0006050697085008272,1.169379410921732,1.1686718548624386,0.45000000000000001,ABSTAIN,0.050000000000000003,0,0,
2023-08-05,2023-08-06,mix,0.0004541060475229,0.4704569300894629,0.47015974052504833,0.00029718956441454614,2.9718956441454617e-07,0.00021334008399742643,1.1686718548624386,1.1689211794141203,0.45000000000000001,ABSTAIN,0.050000000000000003,0,0,
2023-08-06,2023-08-07,mix,0.0042260834281824,0.4704416999778614,0.470570036097107,0.00012833611924562005,1.2833611924562005e-07,0.0019879972809346835,1.1689211794141203,1.1712449915404226,0.45000000000000001,ABSTAIN,0.050000000000000003,0,0,
2023-08-07,2023-08-08,mix,0.0196273138795104,0.4707723818726233,0.4714924395324815,0.0007200576598581643,7.200576598581643e-07,0.009239270593828008,1.1712449915404226,1.1820664409489303,0.45000000000000001,ABSTAIN,0.050000000000000003,0,0,
2023-08-08,2023-08-09,mix,-0.0066963536104562,0.4701816417121117,0.47561767315932574,0.005436031447214051,5.4360314472140515e-06,-0.003153921450137487,1.1820664409489303,1.1783382962453337,0.45000000000000001,ABSTAIN,0.050000000000000003,0,0,
2023-08-09,2023-08-10,mix,-0.0043613496517681,0.4687174940121631,0.46850823855437385,0.00020925545778927024,2.0925545778927024e-07,-0.002044449706976703,1.1783382962453337,1.1759292428608554,0.45000000000000001,ABSTAIN,0.050000000000000003,0,0,
2023-08-10,2023-08-11,mix,-0.0009575876939794,0.4700208510668791,0.467629199859577,0.002391651207302059,2.391651207302059e-06,-0.00045247675765347495,1.1759292428608554,1.1753971622098158,0.45000000000000001,ABSTAIN,0.050000000000000003,0,0,
2023-08-11,2023-08-12,mix,0.0002515227322166,0.4706349903275433,0.46978220736448856,0.0008527829630547434,8.527829630547435e-07,0.0001175225147325154,1.1753971622098158,1.1755352978401281,0.45000000000000001,ABSTAIN,0.050000000000000003,0,0,
2023-08-12,2023-08-13,mix,-0.0043529675617265,0.4706890611859193,0.4706976467046178,8.585518698478456e-06,8.585518698478456e-09,-0.0020489027829296846,1.1755352978401281,1.1731267402969514,0.45000000000000001,ABSTAIN,0.050000000000000003,0,0,
2023-08-13,2023-08-14,mix,0.0043208043658555,0.4707038409383029,0.4696023324732733,0.0011015084650295992,1.1015084650295992e-06,0.0020327154622172827,1.1731267402969514,1.1755113731610936,0.45000000000000001,ABSTAIN,0.050000000000000003,0,0,
2023-08-14,2023-08-15,mix,-0.0078636068604363,0.4705275419600565,0.4717781486871472,0.0012506067270907084,1.2506067270907084e-06,-0.003701289586408918,1.1755113731610936,1.1711604651569072,0.45000000000000001,ABSTAIN,0.050000000000000003,0,0,
2023-08-15,2023-08-16,mix,-0.0160642295163947,0.4695078721705646,0.4685611952078836,0.0009466769626810256,9.466769626810257e-07,-0.007543221755159868,1.1711604651569072,1.1623261420573525,0.45000000000000001,ABSTAIN,0.050000000000000003,0,0,
2023-08-16,2023-08-17,mix,-0.0727765149009791,0.470192648950627,0.4654763439039294,0.004716305046697622,4.716305046697622e-06,-0.03422353724057392,1.1623261420573525,1.12254723004896,0.45000000000000001,ABSTAIN,0.050000000000000003,0,0,
2023-08-17,2023-08-18,mix,-0.0218691455452644,0.4702436373036893,0.45142082795999633,0.01882280934369296,1.882280934369296e-05,-0.010302455784766185,1.12254723004896,1.1109822368450688,0.45000000000000001,ABSTAIN,0.050000000000000003,0,0,
2023-08-18,2023-08-19,mix,0.0017732946432684,0.4688667248622336,0.464739107124539,0.0041276177376946,4.1276177376946e-06,0.0008273078020055724,1.1109822368450688,1.1119013611175004,0.45000000000000001,ABSTAIN,0.050000000000000003,0,0,
2023-08-19,2023-08-20,mix,0.0035019962144722,0.4539762263673776,0.4693079628401656,0.015331736472788016,1.5331736472788017e-05,0.001574466914978423,1.1119013611175004,1.1136520130232994,0.45000000000000001,ABSTAIN,0.050000000000000003,0,0,
2023-08-20,2023-08-21,mix,-0.0024741512286756,0.4576755336022747,0.45484292963074574,0.0028326039715289575,2.8326039715289576e-06,-0.0011351878802451365,1.1136520130232994,1.1123878087553047,0.45000000000000001,ABSTAIN,0.050000000000000003,0,0,
2023-08-21,2023-08-22,mix,-0.0032955676337746,0.4568463992907452,0.45706073171564643,0.00021433242490120907,2.143324249012091e-07,-0.0015057822168418333,1.1123878087553047,1.1107127949746494,0.45000000000000001,ABSTAIN,0.050000000000000003,0,0,
2023-08-22,2023-08-23,mix,0.0152189524537345,0.4521657931913169,0.45602741145589437,0.003861618264577482,3.861618264577482e-06,0.006877601515832943,1.1107127949746494,1.118351834977022,0.45000000000000001,ABSTAIN,0.050000000000000003,0,0,
2023-08-23,2023-08-24,mix,-0.0098047374433541,0.439858339410237,0.45590994331649193,0.01605160390625493,1.605160390625493e-05,-0.004328677908412959,1.118351834977022,1.1135108500951238,0.45000000000000001,ABSTAIN,0.050000000000000003,0,0,
2023-08-24,2023-08-25,mix,-0.0045765366543147,0.4634730043465524,0.43743215558218934,0.026040848764363078,2.6040848764363078e-05,-0.002147086806166376,1.1135108500951238,1.1111200456403616,0.45000000000000001,ABSTAIN,0.050000000000000003,0,0,
2023-08-25,2023-08-26,mix,-0.0015389220637674,0.4567882117938691,0.46233255729256195,0.005544345498692871,5.544345498692871e-06,-0.0007085019056358721,1.1111200456403616,1.110332814970635,0.45000000000000001,ABSTAIN,0.050000000000000003,0,0,
2023-08-26,2023-08-27,mix,0.0032094276456637,0.446642120759622,0.4564060862238994,0.00976396546427738,9.76396546427738e-06,0.0014236876083113525,1.110332814970635,1.1119135820404102,0.45000000000000001,ABSTAIN,0.050000000000000003,0,0,
2023-08-27,2023-08-28,mix,0.0007011333072803,0.4493345868693823,0.447434204802244,0.0019003820671383287,1.9003820671383286e-06,0.00031314246419711367,1.1119135820404102,1.1122617693994645,0.45000000000000001,ABSTAIN,0.050000000000000003,0,0,
2023-08-28,2023-08-29,mix,0.0614497547752776,0.4425129039020896,0.4495080157605239,0.006995111858434322,6.995111858434322e-06,0.027185124104574854,1.1122617693994645,1.142498743637363,0.45000000000000001,ABSTAIN,0.050000000000000003,0,0,
2023-08-29,2023-08-30,mix,-0.0153333405473257,0.4332412407649891,0.45727095989704214,0.02402971913205304,2.402971913205304e-05,-0.006666905572650705,1.142498743637363,1.1348818123966606,0.45000000000000001,ABSTAIN,0.050000000000000003,0,0,
2023-08-30,2023-08-31,mix,-0.0498739871349656,0.4684026179899621,0.429451063937484,0.03895155405247808,3.895155405247808e-05,-0.02339914774627927,1.1348818123966606,1.108326545193826,0.45000000000000001,ABSTAIN,0.050000000000000003,0,0,
2023-08-31,2023-09-01,mix,-0.0051701603482242,0.4588989570657272,0.45568686097380656,0.0032120960919206354,3.2120960919206355e-06,-0.002375785666795749,1.108326545193826,1.1056933988736253,0.45000000000000001,ABSTAIN,0.050000000000000003,0,0,
2023-09-01,2023-09-02,mix,0.0025771997271655,0.4305557295133656,0.45761209773021655,0.027056368216850923,2.7056368216850924e-05,0.0010825417179078922,1.1056933988736253,1.1068903581051213,0.45000000000000001,ABSTAIN,0.050000000000000003,0,0,
2023-09-02,2023-09-03,mix,0.0039157779177956,0.4293082657100013,0.4311869005171096,0.0018786348071083148,1.8786348071083148e-06,0.0016791940338596323,1.1068903581051213,1.108749041790588,0.45000000000000001,ABSTAIN,0.050000000000000003,0,0,
2023-09-03,2023-09-04,mix,-0.0056871125486119,0.4399229903156538,0.43026603171179423,0.009656958603859567,9.656958603859567e-06,-0.0025115243565876355,1.108749041790588,1.1059643915667878,0.45000000000000001,ABSTAIN,0.050000000000000003,0,0,
2023-09-04,2023-09-05,mix,-0.0012817881525598,0.4527203633487967,0.4385182237994435,0.014202139549353177,1.4202139549353176e-05,-0.0005944854963302326,1.1059643915667878,1.1053069117765437,0.45000000000000001,ABSTAIN,0.050000000000000003,0,0,
2023-09-05,2023-09-06,mix,-0.0012485362657133,0.4540316574196579,0.45240259717676246,0.0016290602428954415,1.6290602428954415e-06,-0.0005685031268397589,1.1053069117765437,1.1046785413410811,0.45000000000000001,ABSTAIN,0.050000000000000003,0,0,
2023-09-06,2023-09-07,mix,0.0190930972901621,0.453699696029081,0.45372198607593905,2.229004685805336e-05,2.229004685805336e-08,0.00866250995366502,1.1046785413410811,1.1142478302010483,0.45000000000000001,ABSTAIN,0.050000000000000003,0,0,
2023-09-07,2023-09-08,mix,-0.0129639082964441,0.4567315144950238,0.4583913981109946,0.001659883615970803,1.659883615970803e-06,-0.005922675525412369,1.1142478302010483,1.1076485018478728,0.45000000000000001,ABSTAIN,0.050000000000000003,0,0,
2023-09-08,2023-09-09,mix,-0.000324205407283,0.4605556235581163,0.4534956483091915,0.007059975248924821,7.059975248924821e-06,-0.00015637354460351638,1.1076485018478728,1.107475294925464,0.45000000000000001,ABSTAIN,0.050000000000000003,0,0,
2023-09-09,2023-09-10,mix,-0.0023512514912493,0.4587497920286502,0.460475064595511,0.001725272566860836,1.725272566860836e-06,-0.0010803595442432368,1.107475294925464,1.1062788234205778,0.45000000000000001,ABSTAIN,0.050000000000000003,0,0,
2023-09-10,2023-09-11,mix,-0.0260756495692757,0.4582171608624288,0.4581653495968211,5.181126560771521e-05,5.1811265607715205e-08,-0.01194836130548571,1.1062788234205778,1.0930606043337412,0.45000000000000001,ABSTAIN,0.050000000000000003,0,0,
2023-09-11,2023-09-12,mix,0.026547301163456,0.4582348352403487,0.45166549009223905,0.00656934514810964,6.56934514810964e-06,0.012158248914149405,1.0930606043337412,1.1063503072394814,0.45000000000000001,ABSTAIN,0.050000000000000003,0,0,
2023-09-12,2023-09-13,mix,0.0150380305405561,0.4416429976061144,0.46474614389745816,0.023103146291343746,2.3103146291343747e-05,0.0066181843015518105,1.1063503072394814,1.1136723374748707,0.45000000000000001,ABSTAIN,0.050000000000000003,0,0,
2023-09-13,2023-09-14,mix,0.0115051672196164,0.4550659452846251,0.44532682669766493,0.009739118586960138,9.739118586960138e-06,0.005225819687640687,1.1136723374748707,1.1194921883016278,0.45000000000000001,ABSTAIN,0.050000000000000003,0,0,
2023-09-14,2023-09-15,mix,0.0028765641081709,0.4578687089793793,0.4579041476398581,3.5438660478781525e-05,3.5438660478781523e-08,0.0013170532091684173,1.1194921883016278,1.1209666190808694,0.45000000000000001,ABSTAIN,0.050000000000000003,0,0,
2023-09-15,2023-09-16,mix,-0.0014661102966053,0.4603213209945287,0.45858180476332466,0.0017395162312040524,1.7395162312040525e-06,-0.0006766201707202324,1.1209666190808694,1.120208150455695,0.45000000000000001,ABSTAIN,0.050000000000000003,0,0,
2023-09-16,2023-09-17,mix,-0.0012386115503351,0.4609638777473764,0.45995685568985095,0.001007022057525453,1.007022057525453e-06,-0.0005719616303582198,1.120208150455695,1.11956743437562,0.45000000000000001,ABSTAIN,0.050000000000000003,0,0,
2023-09-17,2023-09-18,mix,0.0088355805511683,0.461868189541712,0.4606559364587342,0.0012122530829777878,1.2122530829777878e-06,0.004079656392583342,1.11956743437562,1.1241348848161985,0.45000000000000001,ABSTAIN,0.050000000000000003,0,0,
2023-09-18,2023-09-19,mix,0.0166532777850429,0.4618074515099213,0.46405531206586004,0.00224786055593873,2.24786055593873e-06,0.007688342625227662,1.1241348848161985,1.1327776189676362,0.45000000000000001,ABSTAIN,0.050000000000000003,0,0,
2023-09-19,2023-09-20,mix,-0.003094541552122,0.4616254482064261,0.46591489060379276,0.004289442397366672,4.289442397366672e-06,-0.0014328024458385435,1.1327776189676362,1.1311545724245882,0.45000000000000001,ABSTAIN,0.050000000000000003,0,0,
2023-09-20,2023-09-21,mix,-0.0204608294930875,0.4618857184698961,0.4608552696447402,0.0010304488251559052,1.0304488251559052e-06,-0.009451585641406468,1.1311545724245882,1.1204633681096487,0.45000000000000001,ABSTAIN,0.050000000000000003,0,0,
2023-09-21,2023-09-22,mix,0.0004478735415882,0.4618185049761078,0.45675171528156194,0.005066789694545881,5.066789694545881e-06,0.00020176845170394309,1.1204633681096487,1.1206894422686233,0.45000000000000001,ABSTAIN,0.050000000000000003,0,0,
2023-09-22,2023-09-23,mix,-0.0001015728747757,0.4612463401895337,0.4619297974202433,0.0006834572307096165,6.834572307096165e-07,-4.753354196351811e-05,1.1206894422686233,1.120636171929991,0.45000000000000001,ABSTAIN,0.050000000000000003,0,0,
2023-09-23,2023-09-24,mix,-0.0123291897423549,0.4612658084482904,0.4612210983350868,4.471011320361651e-05,4.471011320361651e-08,-0.005687078129864909,1.120636171929991,1.1142630264650726,0.45000000000000001,ABSTAIN,0.050000000000000003,0,0,
2023-09-24,2023-09-25,mix,0.0019503647410623,0.4616658897510661,0.45818448537149176,0.0034814043795743377,3.4814043795743376e-06,0.000896932334426781,1.1142630264650726,1.1152624450025654,0.45000000000000001,ABSTAIN,0.050000000000000003,0,0,
2023-09-25,2023-09-26,mix,-0.0031859847087941,0.4614698767418273,0.46215017880549025,0.0006803020636629298,6.803020636629297e-07,-0.0014709152727276908,1.1152624450025654,1.1136219884391116,0.45000000000000001,ABSTAIN,0.050000000000000003,0,0,
2023-09-26,2023-09-27,mix,0.0056142706215744,0.461888293336922,0.46067694458583874,0.0012113487510832521,1.2113487510832522e-06,0.002591951385751301,1.1136219884391116,1.1165084424952496,0.45000000000000001,ABSTAIN,0.050000000000000003,0,0,
2023-09-27,2023-09-28,mix,0.0248993973321802,0.4618150195447703,0.4632800970740152,0.001465077529244907,1.465077529244907e-06,0.011497433741281426,1.1165084424952496,1.12934542433442,0.45000000000000001,ABSTAIN,0.050000000000000003,0,0,
2023-09-28,2023-09-29,mix,-0.0041742837476778,0.461882434654465,0.4679332106835936,0.006050776029128624,6.050776029128624e-06,-0.0019340674502774657,1.12934542433442,1.127161194109095,0.45000000000000001,ABSTAIN,0.050000000000000003,0,0,
2023-09-29,2023-09-30,mix,0.0019658265761917,0.4620374704334362,0.4608429245330829,0.0011945459003532832,1.1945459003532833e-06,0.0009070899076852879,1.127161194109095,1.1281836306526059,0.45000000000000001,ABSTAIN,0.050000000000000003,0,0,
2023-09-30,2023-10-01,mix,0.0375259154313181,0.4591833108518649,0.46252565061233963,0.0033423397604747107,3.3423397604747107e-06,0.01722787415796656,1.1281836306526059,1.1476198362685668,0.45000000000000001,ABSTAIN,0.050000000000000003,0,0,
2023-10-01,2023-10-02,mix,-0.0167724177375824,0.4593380010410743,0.46834441397638316,0.00900641293530885,9.00641293530885e-06,-0.007713145861856119,1.1476198362685668,1.138768077077468,0.45000000000000001,ABSTAIN,0.050000000000000003,0,0,
2023-10-02,2023-10-03,mix,-0.0027958248046738,0.4593168557429865,0.4551402880336499,0.004176567709336554,4.176567709336554e-06,-0.001288340662779608,1.138768077077468,1.1373009558582938,0.45000000000000001,ABSTAIN,0.050000000000000003,0,0,
2023-10-03,2023-10-04,mix,0.013216228434761,0.4593960192933707,0.45862163418011276,0.0007743851132579471,7.743851132579471e-07,0.0060707036462219754,1.1373009558582938,1.1442051729178746,0.45000000000000001,ABSTAIN,0.050000000000000003,0,0,
2023-10-04,2023-10-05,mix,-0.0136951304203895,0.4593707922728236,0.4626584790594856,0.0032876867866619697,3.28768678666197e-06,-0.00629440991497332,1.1442051729178746,1.1370030765326966,0.45000000000000001,ABSTAIN,0.050000000000000003,0,0,
2023-10-05,2023-10-06,mix,0.0192117561646534,0.4593628855368878,0.4559480839174764,0.003414801619411434,3.414801619411434e-06,0.008821722810209653,1.1370030765326966,1.1470334025082236,0.45000000000000001,ABSTAIN,0.050000000000000003,0,0,
2023-10-06,2023-10-07,mix,0.0008662378431392,0.4593779402442992,0.46409236035421075,0.004714420109911577,4.714420109911577e-06,0.00039321426002114634,1.1470334025082236,1.1474844323988105,0.45000000000000001,ABSTAIN,0.050000000000000003,0,0,
2023-10-07,2023-10-08,mix,-0.0013733365282481,0.4592994476862254,0.4595929847084377,0.00029353702221229794,2.935370222122979e-07,-0.0006310660607787844,1.1474844323988105,1.1467602939182515,0.45000000000000001,ABSTAIN,0.050000000000000003,0,0,
2023-10-08,2023-10-09,mix,-0.012223030007843,0.459273134596451,0.45895817326754285,0.00031496132890818096,3.1496132890818095e-07,-0.00561402249919607,1.1467602939182515,1.1403223558270097,0.45000000000000001,ABSTAIN,0.050000000000000003,0,0,
2023-10-09,2023-10-10,mix,-0.0069032028831024,0.4592483784161387,0.45622051463908564,0.0030278637770530525,3.0278637770530527e-06,-0.0031733029945291147,1.1403223558270097,1.1367037674805354,0.45000000000000001,ABSTAIN,0.050000000000000003,0,0,
2023-10-10,2023-10-11,mix,-0.0187798912051404,0.4593174577084038,0.45752858958727693,0.0017888681211268853,1.7888681211268853e-06,-0.008627705321852086,1.1367037674805354,1.1268966223364743,0.45000000000000001,ABSTAIN,0.050000000000000003,0,0,
2023-10-11,2023-10-12,mix,-0.0042974185722896,0.4593314435039471,0.45461298647914444,0.004718457024802669,4.718457024802669e-06,-0.001978648619226586,1.1268966223364743,1.124666889890677,0.45000000000000001,ABSTAIN,0.050000000000000003,0,0,
2023-10-12,2023-10-13,mix,0.0038264495854056,0.459333105933517,0.45826208564908244,0.001071020284434565,1.071020284434565e-06,0.0017565420700365042,1.124666889890677,1.126642414597547,0.45000000000000001,ABSTAIN,0.050000000000000003,0,0,
2023-10-13,2023-10-14,mix,-0.0003983099745007,0.4593641836021739,0.4602817228584945,0.0009175392563205986,9.175392563205987e-07,-0.0001838867076319195,1.126642414597547,1.1264352400332482,0.45000000000000001,ABSTAIN,0.050000000000000003,0,0,
2023-10-14,2023-10-15,mix,0.0114848358457964,0.4593650583966746,0.45926524572309274,9.981267358183388e-05,9.981267358183388e-08,0.005275631949722026,1.1264352400332482,1.1323778977748604,0.45000000000000001,ABSTAIN,0.050000000000000003,0,0,
2023-10-15,2023-10-16,mix,0.0496480273331074,0.4593711215854365,0.4622023349033632,0.002831213317926684,2.831213317926684e-06,0.022803974216081935,1.1323778977748604,1.1582006141585794,0.45000000000000001,ABSTAIN,0.050000000000000003,0,0,
2023-10-16,2023-10-17,mix,-0.0037215403880083,0.4593716959361323,0.4714262347355061,0.012054538799373793,1.2054538799373793e-05,-0.001721604250251807,1.1582006141585794,1.1562066510585998,0.45000000000000001,ABSTAIN,0.050000000000000003,0,0,
2023-10-17,2023-10-18,mix,-0.0028834373107633,0.4591634465999658,0.45844587107089396,0.0007175755290718122,7.175755290718123e-07,-0.001324685639146339,1.1562066510585998,1.154675040712057,0.45000000000000001,ABSTAIN,0.050000000000000003,0,0,
2023-10-18,2023-10-19,bull,0.014169347179018,0.4591042024051652,0.45844644647585964,0.000657755929305559,6.577559293055591e-07,0.006504544800457257,1.154675040712057,1.1621856762443383,0.45000000000000001,ABSTAIN,0,0,0,
2023-10-19,2023-10-20,mix,0.0331267625248059,0.4592660017659373,0.4626000999084897,0.003334098142552422,3.334098142552422e-06,0.015210610953119597,1.1621856762443383,1.179863230420979,0.45000000000000001,ABSTAIN,0.050000000000000003,0,0,
2023-10-20,2023-10-21,mix,0.0080338337629952,0.459173055754709,0.4673694408432327,0.008196385088523661,8.196385088523661e-06,0.003680693377482447,1.179863230420979,1.1842059451995246,0.45000000000000001,ABSTAIN,0.050000000000000003,0,0,
2023-10-21,2023-10-22,bull,0.002383587014298,0.4590142218930871,0.46116079049057956,0.0021465685974924598,2.1465685974924597e-06,0.0010919514215235182,1.1842059451995246,1.1854990405647619,0.45000000000000001,BTC,0,0,0,
2023-10-22,2023-10-23,bull,0.1019737061519068,0.458903639667098,0.45960546773386174,0.0007018280667637211,7.018280667637212e-07,0.046795370232566524,1.1854990405647619,1.2409749070783422,0.45000000000000001,BTC,0,0,0,
2023-10-23,2023-10-24,bull,0.0264876610838391,0.4589056532548821,0.4830928795032079,0.02418722624832581,2.418722624832581e-05,0.012130856182728689,1.2409749070783422,1.2560289952024848,0.45000000000000001,BTC,0,0,0,
2023-10-24,2023-10-25,bull,0.017094672288233,0.4588552016581557,0.46540384983970345,0.006548648181547767,6.548648181547767e-06,0.007837379284455048,1.2560289952024848,1.2658729708301597,0.45000000000000001,BTC,0,0,0,
2023-10-25,2023-10-26,bull,-0.0099458500498598,0.4588516138933156,0.4630668938285018,0.0042152799351862225,4.215279935186223e-06,-0.004567865389710435,1.2658729708301597,1.2600906334989348,0.45000000000000001,BTC,0,0,0,
2023-10-26,2023-10-27,bull,-0.0073754820121976,0.4588514517690376,0.4563706693810839,0.002480782387953684,2.480782387953684e-06,-0.0033867230155919525,1.2600906334989348,1.2558230555487322,0.45000000000000001,BTC,0,0,0,
2023-10-27,2023-10-28,bull,0.0053330501625281,0.4588514971733428,0.45701385055133986,0.0018376466220029197,1.8376466220029199e-06,0.002445235908089982,1.2558230555487322,1.2588938391783673,0.45000000000000001,BTC,0,0,0,
2023-10-28,2023-10-29,bull,0.0130301092052835,0.4588517407654396,0.4601724972070647,0.0013207564416251039,1.320756441625104e-06,0.005977559638111307,1.2588938391783673,1.2664189521801068,0.45000000000000001,BTC,0,0,0,
2023-10-29,2023-10-30,bull,-0.0014133989057742,0.4588518692440473,0.4620679762437418,0.00321610699969449,3.2161069996944904e-06,-0.000651754751125333,1.2664189521801068,1.2655935576111081,0.45000000000000001,BTC,0,0,0,
2023-10-30,2023-10-31,bull,0.0050090057689127,0.4588515059542903,0.45850068488297985,0.0003508210713104587,3.508210713104587e-07,0.0022980382130044497,1.2655935576111081,1.2685019399686308,0.45000000000000001,BTC,0,0,0,
2023-10-31,2023-11-01,bull,0.0223141879217099,0.45885156201039,0.4600924240416276,0.0012408620312375773,1.2408620312375774e-06,0.010237646415776513,1.2685019399686308,1.2814884143077563,0.45000000000000001,BTC,0,0,0,
2023-11-01,2023-11-02,bull,-0.0139002591478045,0.47238021417601117,0.46433617038624636,0.00804404378976481,8.04404378976481e-06,-0.006574198618271798,1.2814884143077563,1.273063654945083,0.45000000000000001,BTC,0.025000000000000001,0,0,
2023-11-02,2023-11-03,bull,-0.0060890774489429,0.47238011316232376,0.4688928545106422,0.003487258651681535,3.487258651681535e-06,-0.0028798363224293855,1.273063654945083,1.2693974399908072,0.45000000000000001,BTC,0.025000000000000001,0,0,
2023-11-03,2023-11-04,bull,0.0099974941458063,0.4723801170585406,0.47085811107790215,0.0015220059806384523,1.5220059806384522e-06,0.004721088261055328,1.2693974399908072,1.2753903773433615,0.45000000000000001,BTC,0.025000000000000001,0,0,
2023-11-04,2023-11-05,bull,-0.0013232266196693,0.47238014964649533,0.4748601516725093,0.00248000202601395,2.48000202601395e-06,-0.000627544440476635,1.2753903773433615,1.2745900132026222,0.45000000000000001,BTC,0.025000000000000001,0,0,
2023-11-05,2023-11-06,bull,0.0006453565737847,0.4723801073633643,0.4720501461491586,0.00032996121420569846,3.299612142056985e-07,0.00030452354580789986,1.2745900132026222,1.274978155872894,0.45000000000000001,BTC,0.025000000000000001,0,0,
2023-11-06,2023-11-07,bull,0.010961132355459,0.4723801154786516,0.4725409051712906,0.00016078969263899623,1.6078969263899622e-07,0.005177659345615648,1.274978155872894,1.2815795584371052,0.45000000000000001,BTC,0.025000000000000001,0,0,
2023-11-07,2023-11-08,bull,0.0059504150894398,0.4723801610787239,0.47509796424544787,0.0027178031667239866,2.7178031667239865e-06,0.002808132595909285,1.2815795584371052,1.2851784037694036,0.45000000000000001,BTC,0.025000000000000001,0,0,
2023-11-08,2023-11-09,bull,0.0298454691625813,0.4723801162661812,0.473859068545253,0.001478952279071799,1.4789522790717991e-06,0.014096906389889918,1.2851784037694036,1.303295443421649,0.45000000000000001,BTC,0.025000000000000001,0,0,
2023-11-09,2023-11-10,bull,0.0164166700726147,0.4723801015223722,0.4797153012846925,0.007335199762320277,7.335199762320277e-06,0.007747516191997317,1.303295443421649,1.3133927459725145,0.45000000000000001,BTC,0.025000000000000001,0,0,
2023-11-10,2023-11-11,bull,-0.0040881430447953,0.47238009297126937,0.4764402592883674,0.004060166317098046,4.060166317098046e-06,-0.0019352097170770577,1.3133927459725145,1.31085105556817,0.45000000000000001,BTC,0.025000000000000001,0,0,
2023-11-11,2023-11-12,bull,-0.0023176000323009,0.47238009213042664,0.47135920439133877,0.0010208877390878723,1.0208877390878724e-06,-0.0010958078868631427,1.31085105556817,1.3094146146429755,0.45000000000000001,BTC,0.025000000000000001,0,0,
2023-11-12,2023-11-13,bull,-0.015813017342787,0.47238009240622353,0.47180182704737333,0.000578265358850194,5.78265358850194e-07,-0.007470328539465498,1.3094146146429755,1.299632857277215,0.45000000000000001,BTC,0.025000000000000001,0,0,
2023-11-13,2023-11-14,bull,-0.0254671955655828,0.4723800927216084,0.4684092398839275,0.003970852837680894,3.970852837680894e-06,-0.01203411928532827,1.299632857277215,1.2839929204456089,0.45000000000000001,BTC,0.025000000000000001,0,0,
2023-11-14,2023-11-15,bull,0.0654190096570115,0.4723800954586763,0.46595543178503396,0.006424663673642361,6.424663673642361e-06,0.030896014823861506,1.2839929204456089,1.3236631847494296,0.45000000000000001,BTC,0.025000000000000001,0,0,
2023-11-15,2023-11-16,bull,-0.045246324082704,0.4723801297548899,0.48819618353938665,0.015816053784496742,1.5816053784496743e-05,-0.02138894245104095,1.3236631847494296,1.2953514290662624,0.45000000000000001,BTC,0.025000000000000001,0,0,
2023-11-16,2023-11-17,bull,0.0120073448889972,0.4723800977139039,0.46085677112383483,0.01152332659006905,1.152332659006905e-05,0.005660442064696181,1.2953514290662624,1.3026836907839134,0.45000000000000001,BTC,0.025000000000000001,0,0,
2023-11-17,2023-11-18,bull,-0.0007323324789455,0.4723801521825174,0.47535589521010096,0.0029757430275835772,2.9757430275835774e-06,-0.00034891404145342975,1.3026836907839134,1.3022291661526266,0.45000000000000001,BTC,0.025000000000000001,0,0,
2023-11-18,2023-11-19,bull,0.0214829115689416,0.4723801182001346,0.4721975645627633,0.0001825536373712966,1.825536373712966e-07,0.01014791590000974,1.3022291661526266,1.3154440782132832,0.45000000000000001,BTC,0.025000000000000001,0,0,
2023-11-19,2023-11-20,bull,0.0026743980596559,0.47238015039182574,0.477680667181455,0.005300516789629284,5.300516789629284e-06,0.0012580253445229062,1.3154440782132832,1.317098940202978,0.45000000000000001,BTC,0.025000000000000001,0,0,
2023-11-20,2023-11-21,bull,-0.0438002782071922,0.4723801302388673,0.47304586870227067,0.0006657384634033425,6.657384634033425e-07,-0.020691033088092947,1.317098940202978,1.289846802450946,0.45000000000000001,BTC,0.025000000000000001,0,0,
2023-11-21,2023-11-22,bull,0.0445975830410794,0.4723801294871349,0.46123283219998035,0.011147297287154578,1.1147297287154578e-05,0.02105562991422505,1.289846802450946,1.3170053393693997,0.45000000000000001,BTC,0.025000000000000001,0,0,
2023-11-22,2023-11-23,bull,-0.0031461503095363,0.47238116562700244,0.4832661673667704,0.010885001739767974,1.0885001739767974e-05,-0.0014970509751008887,1.3170053393693997,1.3150337152418836,0.45000000000000001,BTC,0.025000000000000001,0,0,
2023-11-23,2023-11-24,bull,0.011374758333311,0.47238056948098583,0.47159586082713634,0.0007847086538494974,7.847086538494974e-07,0.0053724258941361125,1.3150337152418836,1.3220986364253111,0.45000000000000001,BTC,0.025000000000000001,0,0,
2023-11-24,2023-11-25,bull,0.0018479583639336,0.47238103595780434,0.47520043030597453,0.00281939434817019,2.81939434817019e-06,0.0008701186308501807,1.3220986364253111,1.3232490190806865,0.45000000000000001,BTC,0.025000000000000001,0,0,
2023-11-25,2023-11-26,bull,-0.0088707756635879,0.4723811130545422,0.47284121420466646,0.0004601011501242369,4.601011501242369e-07,-0.004190845054771075,1.3232490190806865,1.3177034874728415,0.45000000000000001,BTC,0.025000000000000001,0,0,
2023-11-26,2023-11-27,bull,-0.0054256404231572,0.4723804120270095,0.4701608821657992,0.0022195298612102676,2.2195298612102678e-06,-0.0025651800998824914,1.3177034874728415,1.3143233407092305,0.45000000000000001,BTC,0.025000000000000001,0,0,
2023-11-27,2023-11-28,bull,0.015428767792615,0.47238052165235145,0.4710246660945775,0.001355855557773955,1.355855557773955e-06,0.007286883640957198,1.3143233407092305,1.3239006619595728,0.45000000000000001,BTC,0.025000000000000001,0,0,
2023-11-28,2023-11-29,bull,0.0008513270920305,0.47238113090968725,0.4761981203758892,0.0038169894662019588,3.816989466201959e-06,0.0003983323300356112,1.3239006619595728,1.324428014394987,0.45000000000000001,BTC,0.025000000000000001,0,0,
2023-11-29,2023-11-30,bull,-0.0037669559245023,0.4723805853020138,0.4725932279937226,0.00021264269170878647,2.1264269170878647e-07,-0.001779649108730741,1.324428014394987,1.3220709972595908,0.45000000000000001,BTC,0.025000000000000001,0,0,
2023-11-30,2023-12-01,bull,0.0258611774750814,0.46731143974595124,0.471440046245817,0.004128606499865739,4.128606499865739e-06,0.012081045577771343,1.3220709972595908,1.3380429972345336,0.45000000000000001,BTC,0.025000000000000001,0,0,
2023-12-01,2023-12-02,bull,0.0199078788881366,0.48097222124711564,0.4736722288001161,0.007299992446999526,7.299992446999526e-06,0.009567766838272984,1.3380429972345336,1.3508450806516574,0.5,BTC,0.050000000000000003,0,0,
2023-12-02,2023-12-03,bull,0.0129706222249252,0.4809689272490366,0.48589484836715824,0.004925921118121623,4.925921118121623e-06,0.006233509605964027,1.3508450806516574,1.3592655864380687,0.5,BTC,0.050000000000000003,0,0,
2023-12-03,2023-12-04,bull,0.0504776058163334,0.48096710418513455,0.4841868104272436,0.003219706242109044,3.219706242109044e-06,0.024274770021191827,1.3592655864380687,1.3922614459465732,0.5,BTC,0.050000000000000003,0,0,
2023-12-04,2023-12-05,bull,0.0497382573033118,0.480966879085443,0.4932695406812837,0.012302661595840703,1.2302661595840704e-05,0.023909857414865954,1.3922614459465732,1.4255502186033708,0.5,BTC,0.050000000000000003,0,0,
2023-12-05,2023-12-06,bull,-0.0068041255825137,0.4809666330603479,0.4930933307584957,0.012126697698147781,1.2126697698147781e-05,-0.0032846443847256435,1.4255502186033708,1.420867793082691,0.5,BTC,0.050000000000000003,0,0,
2023-12-06,2023-12-07,bull,-0.0111156036485496,0.4809665294525535,0.4792624896819017,0.0017040397706518107,1.7040397706518107e-06,-0.005347928239189503,1.420867793082691,1.4132690940879091,0.5,BTC,0.050000000000000003,0,0,
2023-12-07,2023-12-08,bull,0.0204621422647881,0.4809665302305612,0.478176740561211,0.0027897896693501734,2.7897896693501732e-06,0.009838788320500225,1.4132690940879091,1.4271739495445452,0.5,BTC,0.050000000000000003,0,0,
2023-12-08,2023-12-09,bull,-0.0103473644893662,0.480966540727562,0.48602487072372436,0.005058329996162347,5.058329996162348e-06,-0.004981769260120283,1.4271739495445452,1.4200640982338597,0.5,BTC,0.050000000000000003,0,0,
2023-12-09,2023-12-10,bull,0.0016606280193236,0.48096653227076896,0.47837052850380546,0.002596003766963506,2.596003766963506e-06,0.0007961084226337789,1.4200640982338597,1.4211946232231436,0.5,BTC,0.050000000000000003,0,0,
2023-12-10,2023-12-11,bull,-0.0578863236738142,0.48096655146655853,0.48138075683123294,0.0004142053646744026,4.142053646744026e-07,-0.02784178814778493,1.4211946232231436,1.3816260236065938,0.5,BTC,0.050000000000000003,0,0,
2023-12-11,2023-12-12,bull,0.005596748117248,0.4809665397806813,0.4661020940633636,0.01486444571731771,1.486444571731771e-05,0.002676944117422586,1.3816260236065938,1.3853245592629655,0.5,BTC,0.050000000000000003,0,0,
2023-12-12,2023-12-13,bull,0.0336852508014557,0.48096706136367745,0.4823599484164052,0.001392887052727776,1.3928870527277759e-06,0.01620008063536793,1.3853245592629655,1.407766928829181,0.5,BTC,0.050000000000000003,0,0,
2023-12-13,2023-12-14,bull,0.0032972286024088,0.48096674449196164,0.4892421034275619,0.008275358935600274,8.275358935600275e-06,0.0015775688242725128,1.407766928829181,1.4099877780479437,0.5,BTC,0.050000000000000003,0,0,
2023-12-14,2023-12-15,bull,-0.0254939466693318,0.48096656368886576,0.4817885539001986,0.0008219902113328348,8.219902113328348e-07,-0.012262547835600102,1.4099877780479437,1.3926977354720194,0.5,BTC,0.050000000000000003,0,0,
2023-12-15,2023-12-16,bull,0.0081733406472845,0.4809665387203607,0.4745233072479042,0.006443231472456512,6.443231472456512e-06,0.003924634800425375,1.3926977354720194,1.3981635654711264,0.5,BTC,0.050000000000000003,0,0,
2023-12-16,2023-12-17,bull,-0.0213618094375196,0.48096678263582326,0.48299892339021394,0.0020321407543906767,2.032140754390677e-06,-0.01027633201833178,1.3981635654711264,1.3837955724564106,0.5,BTC,0.050000000000000003,0,0,
2023-12-17,2023-12-18,bull,0.031207168704842,0.4809665954580093,0.4755787100917986,0.00538788536621071,5.38788536621071e-06,0.015004136930450551,1.3837955724564106,1.4045582307092979,0.5,BTC,0.050000000000000003,0,0,
2023-12-18,2023-12-19,bull,-0.0093859075427158,0.48096698297230045,0.4886418792152466,0.00767489624294615,7.67489624294615e-06,-0.004521951882646591,1.4045582307092979,1.3982068859736552,0.5,BTC,0.050000000000000003,0,0,
2023-12-19,2023-12-20,bull,0.0332116244234996,0.48096664991491267,0.47861328084056287,0.002353369074349798,2.3533690743497984e-06,0.015971292776155277,1.3982068859736552,1.4205380575111768,0.5,BTC,0.050000000000000003,0,0,
2023-12-20,2023-12-21,bull,0.0046515569317588,0.48096728475389294,0.4891271709166207,0.00815988616272778,8.159886162727782e-06,0.002229068565504866,1.4205380575111768,1.4237045342412782,0.5,BTC,0.050000000000000003,0,0,
2023-12-21,2023-12-22,bull,0.0023480653537257,0.4809667277859707,0.48212589688590485,0.001159169099934132,1.159169099934132e-06,0.0011281808316114805,1.4237045342412782,1.4253107304066877,0.5,BTC,0.050000000000000003,0,0,
2023-12-22,2023-12-23,bull,-0.0058791554939968,0.480966555063874,0.48155223226704985,0.0005856772031758717,5.856772031758717e-07,-0.0028282611857296525,1.4253107304066877,1.4212795793902744,0.5,BTC,0.050000000000000003,0,0,
2023-12-23,2023-12-24,bull,-0.0166756652878948,0.4809666223928608,0.47949473420972794,0.0014718881831328745,1.4718881831328745e-06,-0.008021898492667212,1.4212795793902744,1.4098782188747048,0.5,BTC,0.050000000000000003,0,0,
2023-12-24,2023-12-25,bull,0.0138896967299884,0.4809666913464351,0.4767700891185375,0.004196602227897583,4.196602227897583e-06,0.0066762568424765245,1.4098782188747048,1.4192909279805257,0.5,BTC,0.050000000000000003,0,0,
2023-12-25,2023-12-26,bull,-0.0244432460961253,0.48096756157984294,0.4844110736204214,0.003443512040578467,3.443512040578467e-06,-0.011759811500655859,1.4192909279805257,1.4026003342028839,0.5,BTC,0.050000000000000003,0,0,
2023-12-26,2023-12-27,bull,0.0219507777566079,0.4809667964321879,0.47479301371677585,0.0061737827154120795,6.17378271541208e-06,0.010551356293776237,1.4026003342028839,1.417399670066828,0.5,BTC,0.050000000000000003,0,0,
2023-12-27,2023-12-28,bull,-0.0199187506473479,0.48096756968383675,0.48638929042345014,0.005421720739613389,5.421720739613389e-06,-0.009585642869167632,1.417399670066828,1.4038129830266914,0.5,BTC,0.050000000000000003,0,0,
2023-12-28,2023-12-29,bull,-0.011946614812675,0.48096684656402144,0.4759469988188912,0.005019847745130257,5.019847745130257e-06,-0.0057509166576406034,1.4038129830266914,1.395739771558391,0.5,BTC,0.050000000000000003,0,0,
2023-12-29,2023-12-30,bull,0.0015283178520835,0.48096828987615353,0.4779672853971837,0.0030010044789698376,3.0010044789698376e-06,0.000732069213269293,1.395739771558391,1.3967615496748844,0.5,BTC,0.050000000000000003,0,0,
2023-12-30,2023-12-31,bull,0.0032228437442893,0.4809714774171369,0.4813495355301265,0.0003780581129895766,3.780581129895766e-07,0.0015497172730360997,1.3967615496748844,1.3989261351747282,0.5,BTC,0.050000000000000003,0,0,
2023-12-31,2024-01-01,bull,0.0452043290555326,0.47596545007075103,0.48177477622069453,0.005809326149943506,5.809326149943506e-06,0.021509764506201234,1.3989261351747282,1.4290167069039068,0.5,BTC,0.050000000000000003,0,0,
2024-01-01,2024-01-02,bull,0.0172078201315424,0.4897378349130784,0.4870029403047831,0.0027348946082952907,2.7348946082952907e-06,0.00842456263235336,1.4290167069039068,1.4410555476538982,0.5,BTC,0.075000000000000011,0,0,
2024-01-02,2024-01-03,bull,-0.046894225442053,0.4897383316680798,0.4940020419160437,0.004263710247963903,4.263710247963903e-06,-0.02297006552316383,1.4410555476538982,1.4079544073017694,0.5,BTC,0.075000000000000011,0,0,
2024-01-03,2024-01-04,bull,0.0308361405450077,0.48990162796621206,0.4777442586779687,0.012157369288243347,1.2157369288243347e-05,0.015094334426473566,1.4079544073017694,1.4292065419828097,0.5,BTC,0.075000000000000011,0,0,
2024-01-04,2024-01-05,bull,-2.264646601912723e-06,0.48980236810641015,0.4974928405371243,0.007690472430714135,7.690472430714135e-06,-8.799693168803913e-06,1.4292065419828097,1.4291939654037655,0.5,BTC,0.075000000000000011,0,0,
2024-01-05,2024-01-06,bull,-0.0042801917707085,0.4897904073331841,0.48980180217963637,1.1394846452295049e-05,1.139484645229505e-08,-0.002096408241797798,1.4291939654037655,1.4261977913955655,0.5,BTC,0.075000000000000011,0,0,
2024-01-06,2024-01-07,bull,-0.0009234009356825,0.4897926365793336,0.48871855851914536,0.0010740780601882216,1.0740780601882216e-06,-0.0004533485711892826,1.4261977913955655,1.4255512266646029,0.5,BTC,0.075000000000000011,0,0,
2024-01-07,2024-01-08,bull,0.069089154125111,0.4485732582260132,0.48956177814330964,0.04098851991729646,4.0988519917296466e-05,0.030949288156422616,1.4255512266646029,1.4696710223603875,0.45000000000000001,ABSTAIN,0.075000000000000011,0,0,
2024-01-08,2024-01-09,bull,-0.0177419286149285,0.48974918259496,0.46514911456601543,0.024600068028944544,2.4600068028944543e-05,-0.008713481352519259,1.4696710223603875,1.4568650713127123,0.5,BTC,0.075000000000000011,0,0,
2024-01-09,2024-01-10,bull,0.0108456719200502,0.48978164112075967,0.48527670294922076,0.004504938171538908,4.504938171538908e-06,0.005307482123606988,1.4568650713127123,1.464597356635212,0.5,BTC,0.075000000000000011,0,0,
2024-01-10,2024-01-11,bull,-0.0060283984533331,0.4897423245909615,0.49247760565821963,0.002735281067258122,2.7352810672581218e-06,-0.0029550890776236516,1.464597356635212,1.4602693409835028,0.5,BTC,0.075000000000000011,0,0,
2024-01-11,2024-01-12,bull,-0.0757807207183881,0.489751177792461,0.48823139848451136,0.0015197793079496646,1.5197793079496646e-06,-0.03711516060047104,1.4602693409835028,1.4060712098729562,0.5,BTC,0.075000000000000011,0,0,
2024-01-12,2024-01-13,bull,0.0003595115312156,0.4496599025512693,0.470084037193756,0.020424134642486713,2.0424134642486714e-05,0.00014123048372671754,1.4060712098729562,1.4062697899900807,0.45000000000000001,ABSTAIN,0.075000000000000011,0,0,
2024-01-13,2024-01-14,bull,-0.0257915162433812,0.449877242496729,0.4497488550068974,0.0001283874898316273,1.283874898316273e-07,-0.011603143105189617,1.4062697899900807,1.3899526403723208,0.45000000000000001,ABSTAIN,0.075000000000000011,0,0,
2024-01-14,2024-01-15,mix,0.0183154833625176,0.4539047297055675,0.44341922676415635,0.010485502941411151,1.0485502941411151e-05,0.00830291185108245,1.3899526403723208,1.4014932946225116,0.45000000000000001,ABSTAIN,0.050000000000000003,0,0,
2024-01-15,2024-01-16,bull,0.0149327110586277,0.4524269160726406,0.4584072526297315,0.005980336557090904,5.980336557090904e-06,0.006749939673384553,1.4014932946225116,1.4109532898138666,0.45000000000000001,ABSTAIN,0.075000000000000011,0,0,
2024-01-16,2024-01-17,bull,-0.0087332398512012,0.4916721966756164,0.4561014729897342,0.03557072368588221,3.557072368588221e-05,-0.004329309208602861,1.4109532898138666,1.404844836743367,0.5,BTC,0.075000000000000011,0,0,
2024-01-17,2024-01-18,bull,-0.0345112196536252,0.4525762160643535,0.48948007967119567,0.03690386360684217,3.690386360684217e-05,-0.015655284666344027,1.404844836743367,1.382851590912106,0.45000000000000001,ABSTAIN,0.075000000000000011,0,0,
2024-01-18,2024-01-19,mix,0.0086044264482585,0.4574314967999385,0.44389036345114147,0.01354113334879703,1.354113334879703e-05,0.0039223412389532974,1.382851590912106,1.3882756067344928,0.45000000000000001,ABSTAIN,0.050000000000000003,0,0,
2024-01-19,2024-01-20,mix,0.0011381098732232,0.4572053261329734,0.45955863922897944,0.00235331309600606,2.35331309600606e-06,0.000517995358120027,1.3882756067344928,1.3889947270545726,0.45000000000000001,ABSTAIN,0.050000000000000003,0,0,
2024-01-20,2024-01-21,mix,-0.0026909443247937,0.4566125283636342,0.4574876223921114,0.0008750940284771858,8.750940284771858e-07,-0.0012295929106137526,1.3889947270545726,1.3872868289853064,0.45000000000000001,ABSTAIN,0.050000000000000003,0,0,
2024-01-21,2024-01-22,mix,-0.0487408376459722,0.4583974994339434,0.4559440365230975,0.002453462910845916,2.453462910845916e-06,-0.022345076743208292,1.3872868289853064,1.3562877983267876,0.45000000000000001,ABSTAIN,0.050000000000000003,0,0,
2024-01-22,2024-01-23,mix,0.0084031913925433,0.4590366791334473,0.4460201049668815,0.01301657416656582,1.301657416656582e-05,0.0038443062870066047,1.3562877983267876,1.3615017840368857,0.45000000000000001,ABSTAIN,0.050000000000000003,0,0,
2024-01-23,2024-01-24,mix,0.0049437436072279,0.4592437213662845,0.46111535823892813,0.0018716368726436339,1.871636872643634e-06,0.0022685073254586907,1.3615017840368857,1.3645903608075984,0.45000000000000001,ABSTAIN,0.050000000000000003,0,0,
2024-01-24,2024-01-25,mix,-0.0037494387067804,0.4592106220443369,0.4604686642531309,0.0012580422087939969,1.258042208793997e-06,-0.001723037956991913,1.3645903608075984,1.3622391198201818,0.45000000000000001,ABSTAIN,0.050000000000000003,0,0,
2024-01-25,2024-01-26,mix,0.0469654970364863,0.4592077202718343,0.45827789463050717,0.0009298256413271533,9.298256413271533e-07,0.021565968946442915,1.3622391198201818,1.3916171263758534,0.45000000000000001,ABSTAIN,0.050000000000000003,0,0,
2024-01-26,2024-01-27,mix,0.0074046968164107,0.4590664649755394,0.4706247140912844,0.011558249115745045,1.1558249115745046e-05,0.0033876504532546203,1.3916171263758534,1.3963314387647774,0.45000000000000001,ABSTAIN,0.050000000000000003,0,0,
2024-01-27,2024-01-28,mix,-0.0021414547172544,0.4583510891029835,0.46089900295707464,0.002547913854091144,2.547913854091144e-06,-0.000984083514897871,1.3963314387647774,1.3949573320145554,0.45000000000000001,ABSTAIN,0.050000000000000003,0,0,
2024-01-28,2024-01-29,mix,0.0301945958549347,0.4584998669571591,0.4578189177125791,0.0006809492445800092,6.809492445800091e-07,0.013843527805858402,1.3949573320145554,1.4142684626282849,0.45000000000000001,ABSTAIN,0.050000000000000003,0,0,
2024-01-29,2024-01-30,mix,-0.0081663194749168,0.4567782995775276,0.465894144946964,0.009115845369436437,9.115845369436437e-06,-0.003739279365024939,1.4142684626282849,1.4089801177493735,0.45000000000000001,ABSTAIN,0.050000000000000003,0,0,
2024-01-30,2024-01-31,mix,-0.008515305195803,0.458734180225948,0.45474438844560056,0.003989791780347418,3.989791780347418e-06,-0.003910235754980618,1.4089801177493735,1.4034706733148932,0.45000000000000001,ABSTAIN,0.050000000000000003,0,0,
2024-01-31,2024-02-01,mix,0.0117636007092449,0.45915172026619,0.45661156286815074,0.0025401573980392556,2.5401573980392554e-06,0.005398723624681301,1.4034706733148932,1.4110476235954656,0.45000000000000001,ABSTAIN,0.050000000000000003,0,0,
2024-02-01,2024-02-02,mix,0.0026299052491329,0.4590460334191958,0.46205729807953194,0.0030112646603361326,3.0112646603361327e-06,0.0012042326728805008,1.4110476235954656,1.4127468532467897,0.45000000000000001,ABSTAIN,0.050000000000000003,0,0,
2024-02-02,2024-02-03,mix,-0.0043755368135443,0.4586643424048571,0.4596983113214774,0.0010339689166203314,1.0339689166203314e-06,-0.0020079346090940975,1.4127468532467897,1.4099101499462667,0.45000000000000001,ABSTAIN,0.050000000000000003,0,0,
2024-02-03,2024-02-04,mix,-0.0098661340240944,0.4591618508043902,0.45757574970411946,0.0015861011002707426,1.5861011002707426e-06,-0.004531731274608042,1.4099101499462667,1.4035208160253678,0.45000000000000001,ABSTAIN,0.050000000000000003,0,0,
2024-02-04,2024-02-05,mix,0.0027194972452759,0.4591999598338594,0.4567006218449133,0.0024993379889461376,2.4993379889461376e-06,0.0012462905666541513,1.4035208160253678,1.405270010778483,0.45000000000000001,ABSTAIN,0.050000000000000003,0,0,
2024-02-05,2024-02-06,mix,0.0091457987877425,0.4585100073400496,0.45987446483522915,0.0013644574951795496,1.3644574951795497e-06,0.004192070090032196,1.405270010778483,1.4111610011590867,0.45000000000000001,ABSTAIN,0.050000000000000003,0,0,
2024-02-06,2024-02-07,mix,0.0290593371194101,0.4567490261671171,0.4607712309744456,0.004022204807328511,4.022204807328511e-06,0.013268748339529068,1.4111610011590867,1.4298853413500245,0.45000000000000001,ABSTAIN,0.050000000000000003,0,0,
2024-02-07,2024-02-08,mix,0.0215043820675782,0.4550460808632469,0.4638650509487824,0.008818970085535505,8.818970085535506e-06,0.00977657951325428,1.4298853413500245,1.4438647290845699,0.45000000000000001,ABSTAIN,0.050000000000000003,0,0,
2024-02-08,2024-02-09,bull,0.0404960557080185,0.4511959831552444,0.46032704237691296,0.00913105922166857,9.131059221668569e-06,0.018262359770279124,1.4438647290845699,1.4702331062267289,0.45000000000000001,ABSTAIN,0.10000000000000001,0,0,
2024-02-09,2024-02-10,bull,0.013382844411437,0.5047448822486877,0.46104360981526776,0.04370127243341998,4.370127243341998e-05,0.006710925755473163,1.4702331062267289,1.480099731445855,0.5,BTC,0.10000000000000001,0,0,
2024-02-10,2024-02-11,bull,0.0108693376216022,0.5038373068822126,0.508067845691805,0.0042305388095923435,4.230538809592344e-06,0.0054721240880233335,1.480099731445855,1.4881990208389768,0.5,BTC,0.10000000000000001,0,0,
2024-02-11,2024-02-12,bull,0.0344675447881301,0.5035738405026808,0.5065396820102966,0.0029658415076158073,2.9658415076158073e-06,0.0173539365821751,1.4881990208389768,1.5140251322682714,0.5,BTC,0.10000000000000001,0,0,
2024-02-12,2024-02-13,bull,-0.0045112962618114,0.5035437715862368,0.512043282749993,0.008499511163756246,8.499511163756247e-06,-0.0022801153377910444,1.5140251322682714,1.5105729803423853,0.5,BTC,0.10000000000000001,0,0,
2024-02-13,2024-02-14,bull,0.0415640839971036,0.503537127149231,0.5024134364661001,0.0011236906831308957,1.1236906831308957e-06,0.020927912240018554,1.5105729803423853,1.542186119107134,0.5,BTC,0.10000000000000001,0,0,
2024-02-14,2024-02-15,bull,0.002296146953405,0.5035282054499095,0.5137146227192713,0.010186417269361758,1.0186417269361759e-05,0.0011459765603494265,1.542186119107134,1.543953428251327,0.5,BTC,0.10000000000000001,0,0,
2024-02-15,2024-02-16,bull,0.0044873635149793,0.5035275033231394,0.5041015507179621,0.0005740473948226965,5.740473948226965e-07,0.002258935602739598,1.543953428251327,1.5474411196193758,0.5,BTC,0.10000000000000001,0,0,
2024-02-16,2024-02-17,bull,-0.0093642944554629,0.5035257072636397,0.5046467593930224,0.001121052129382738,1.121052129382738e-06,-0.004716278754897774,1.5474411196193758,1.5401429559424598,0.5,BTC,0.10000000000000001,0,0,
2024-02-17,2024-02-18,bull,0.0091294582349068,0.5035254068575381,0.5011736597663754,0.0023517470911627036,2.3517470911627037e-06,0.004594551614249598,1.5401429559424598,1.5472192222468604,0.5,BTC,0.10000000000000001,0,0,
2024-02-18,2024-02-19,bull,-0.0064066772197438,0.5035252230687658,0.5057972146454359,0.0022719915766701293,2.2719915766701292e-06,-0.0032281882385065686,1.5472192222468604,1.5422245073512117,0.5,BTC,0.10000000000000001,0,0,
2024-02-19,2024-02-20,bull,0.0092674128488556,0.5035263355178797,0.501918450053924,0.0016078854639557383,1.6078854639557384e-06,0.004664771043036531,1.5422245073512117,1.549418631574965,0.5,BTC,0.10000000000000001,0,0,
2024-02-20,2024-02-21,bull,-0.0077549341318511,0.5035253087167362,0.5058323129078202,0.0023070041910839834,2.3070041910839835e-06,-0.003907103598606465,1.549418631574965,1.5433648924637906,0.5,BTC,0.10000000000000001,0,0,
2024-02-21,2024-02-22,bull,-0.0103705874866462,0.5035250121003048,0.5015790718840671,0.0019459402162376183,1.9459402162376182e-06,-0.0052237859685086985,1.5433648924637906,1.5353026845942492,0.5,BTC,0.10000000000000001,0,0,
2024-02-22,2024-02-23,bull,-0.0112996001590011,0.5035254178274926,0.5009188852867633,0.0026065325407292894,2.6065325407292893e-06,-0.0056922275936642786,1.5353026845942492,1.526563392288375,0.5,BTC,0.10000000000000001,0,0,
2024-02-23,2024-02-24,bull,0.0163794207782737,0.5035285255289428,0.5006844944057587,0.0028440311231840987,2.844031123184099e-06,0.008244638106216451,1.526563392288375,1.5391493550039907,0.5,BTC,0.10000000000000001,0,0,
2024-02-24,2024-02-25,bull,0.0029299071582034,0.5035253135619204,0.5075896823778299,0.004064368815909436,4.064368815909436e-06,0.0014712120556339414,1.5391493550039907,1.5414137700904937,0.5,BTC,0.10000000000000001,0,0,
2024-02-25,2024-02-26,bull,0.0536012234473453,0.5035255009996547,0.5042566749744316,0.0007311739747769552,7.311739747769553e-07,0.02698883198246338,1.5414137700904937,1.5830147273469215,0.5,BTC,0.10000000000000001,0,0,
2024-02-26,2024-02-27,bull,0.0469968859585541,0.5035250485811161,0.5165729942430474,0.013047945661931237,1.3047945661931238e-05,0.023650752571768185,1.5830147273469215,1.6204542169808687,0.5,BTC,0.10000000000000001,0,0,
2024-02-27,2024-02-28,bull,0.0948433299098081,0.5035248951704603,0.5150020920774072,0.01147719690694693,1.147719690694693e-05,0.047743952448786375,1.6204542169808687,1.6978211060618387,0.5,BTC,0.10000000000000001,0,0,
2024-02-28,2024-02-29,bull,-0.0207835742048677,0.5035248816085727,0.5261538799373127,0.02262899832873999,2.2628998328739993e-05,-0.010487438925712467,1.6978211060618387,1.6800153109052296,0.5,BTC,0.10000000000000001,0,0,
2024-02-29,2024-03-01,bull,0.0200819692231233,0.5028609708811071,0.49827429869328255,0.004586672187824603,4.586672187824603e-06,0.010093805550329238,1.6800153109052296,1.6969730587750829,0.5,BTC,0.10000000000000001,0,0,
2024-03-01,2024-03-02,bull,-0.0064617766359977,0.5166703867843994,0.5078311081867495,0.00883927859764988,8.83927859764988e-06,-0.003347418401541069,1.6969730587750829,1.6912925799312197,0.5,BTC,0.125,0,0,
2024-03-02,2024-03-03,bull,0.0184096976344676,0.5166703876506051,0.5150513329777119,0.0016190546728932498,1.6190546728932498e-06,0.00951011115862177,1.6912925799312197,1.707376960368118,0.5,BTC,0.125,0,0,
2024-03-03,2024-03-04,bull,0.0813215323160552,0.5166703868331214,0.521224379558113,0.0045539927249915735,4.553992724991573e-06,0.04201168222436791,1.707376960368118,1.7791067386643105,0.5,BTC,0.125,0,0,
2024-03-04,2024-03-05,bull,-0.0655850804378491,0.5166703864363774,0.5361593153585533,0.019488928922175908,1.948892892217591e-05,-0.03390469738391699,1.7791067386643105,1.7187866630762094,0.5,BTC,0.125,0,0,
2024-03-05,2024-03-06,bull,0.0358630938384703,0.5166703882475303,0.4997178925532933,0.016952495694237013,1.6952495694237013e-05,0.01851213200203561,1.7187866630762094,1.7506050686664145,0.5,BTC,0.125,0,0,
2024-03-06,2024-03-07,bull,0.011726623930848,0.51667038683632,0.5254632685039616,0.008792881667641583,8.792881667641584e-06,0.006049953166662236,1.7506050686664145,1.7611961473451678,0.5,BTC,0.125,0,0,
2024-03-07,2024-03-08,bull,0.0196947736379913,0.5166703866479398,0.5195811482498849,0.0029107616019450333,2.9107616019450335e-06,0.01017276592982741,1.7611961473451678,1.779112383508624,0.5,BTC,0.125,0,0,
2024-03-08,2024-03-09,bull,0.0028530775098281,0.5166703866357778,0.5215390646075333,0.004868677971755497,4.868677971755498e-06,0.0014692248052114998,1.779112383508624,1.7817262995537337,0.5,BTC,0.125,0,0,
2024-03-09,2024-03-10,bull,0.00875136214374,0.5166703865540042,0.5173818144217174,0.0007114278677131658,7.114278677131658e-07,0.004520855017041914,1.7817262995537337,1.7897812258340668,0.5,BTC,0.125,0,0,
2024-03-10,2024-03-11,bull,0.0454478226573555,0.5166703867044562,0.518845958072578,0.0021755713681218536,2.1755713681218536e-06,0.023479317450108228,1.7897812258340668,1.8318040674016687,0.5,BTC,0.125,0,0,
2024-03-11,2024-03-12,bull,-0.0087227163723265,0.5166703864581541,0.5277593268991129,0.011088940440958761,1.1088940440958762e-05,-0.004517808204200113,1.8318040674016687,1.8235283279574743,0.5,BTC,0.125,0,0,
2024-03-12,2024-03-13,bull,0.0223323846862049,0.516670386526525,0.5144822700879709,0.0021881164385540997,2.1881164385540997e-06,0.011536268463900212,1.8235283279574743,1.8445650403003189,0.5,BTC,0.125,0,0,
2024-03-13,2024-03-14,bull,-0.0229763926735033,0.516670386491322,0.5221836616634853,0.005513275172163268,5.513275172163268e-06,-0.011876669508655735,1.8445650403003189,1.8226577509294517,0.5,BTC,0.125,0,0,
2024-03-14,2024-03-15,bull,-0.0269486954999125,0.5166703866458257,0.5108637415339788,0.005806645111846809,5.806645111846809e-06,-0.013929318719289485,1.8226577509294517,1.797269370200572,0.5,BTC,0.125,0,0,
2024-03-15,2024-03-16,bull,-0.0597362363363886,0.5166703901002316,0.5098456773880633,0.006824712712168335,6.824712712168335e-06,-0.03087055860619914,1.797269370200572,1.7417866607766685,0.5,BTC,0.125,0,0,
2024-03-16,2024-03-17,bull,0.0471107354909039,0.5166708472435527,0.5012778575595473,0.015392989684005376,1.5392989684005376e-05,0.024324975953852856,1.7417866607766685,1.7841555794168027,0.5,BTC,0.125,0,0,
2024-03-17,2024-03-18,bull,-0.0116550082466748,0.5166704645565352,0.5281558839022595,0.011485419345724335,1.1485419345724335e-05,-0.00603321478168406,1.7841555794168027,1.7733913856022412,0.5,BTC,0.125,0,0,
2024-03-18,2024-03-19,bull,-0.0820204722009761,0.5166705021015733,0.5137423187688206,0.0029281833327526874,2.9281833327526873e-06,-0.04238036264875866,1.7733913856022412,1.6982344155622335,0.5,BTC,0.125,0,0,
2024-03-19,2024-03-20,bull,0.0935374697824336,0.5166935021817272,0.495281776010856,0.02141172617087117,2.1411726170871172e-05,0.0483077562878631,1.6982344155622335,1.7802723098288755,0.5,BTC,0.125,0,0,
2024-03-20,2024-03-21,bull,-0.0346361305155186,0.5166712804052266,0.5389749369943869,0.022303656589160337,2.2303656589160337e-05,-0.017917398423374253,1.7802723098288755,1.7483744615515708,0.5,BTC,0.125,0,0,
2024-03-21,2024-03-22,bull,-0.0262320659259462,0.5166770911059511,0.5078642684219453,0.008812822684005739,8.812822684005739e-06,-0.013562200894343013,1.7483744615515708,1.7246626558654696,0.5,BTC,0.125,0,0,
2024-03-22,2024-03-23,bull,0.0039554444191862,0.5166908165343604,0.5100363653003268,0.0066544512340336315,6.654451234033632e-06,0.0020370737554913365,1.7246626558654696,1.7281759208988092,0.5,BTC,0.125,0,0,
2024-03-23,2024-03-24,bull,0.0495660375590665,0.5166832459515156,0.5176765611107724,0.0009933151592568246,9.933151592568245e-07,0.025608922421071156,1.7281759208988092,1.7724326439870701,0.5,BTC,0.125,0,0,
2024-03-24,2024-03-25,bull,0.0398753792111219,0.5166712556768889,0.5287518825190204,0.012080626842131514,1.2080626842131515e-05,0.020590132730101907,1.7724326439870701,1.8089272673819294,0.5,BTC,0.125,0,0,
2024-03-25,2024-03-26,bull,0.001535225776913,0.5166708855709519,0.5264280048289228,0.009757119257970959,9.757119257970959e-06,0.0007834416030407798,1.8089272673819294,1.8103444562600712,0.5,BTC,0.125,0,0,
2024-03-26,2024-03-27,bull,-0.0079557938436528,0.5166716739437875,0.5170539614893553,0.0003822875455677943,3.822875455677943e-07,-0.004110914038891744,1.8103444562600712,1.8029022858196018,0.5,BTC,0.125,0,0,
2024-03-27,2024-03-28,bull,0.0190042394848106,0.5166734657563472,0.5146767364968512,0.0019967292594960107,1.996729259496011e-06,0.009816969943563958,1.8029022858196018,1.8206013233706755,0.5,BTC,0.125,0,0,
2024-03-28,2024-03-29,bull,-0.0125830070051624,0.5166717374990434,0.5213730967519473,0.004701359252903936,4.701359252903936e-06,-0.006505954886700693,1.8206013233706755,1.8087565732941584,0.5,BTC,0.125,0,0,
2024-03-29,2024-03-30,bull,-0.0037239683591496,0.516678048471326,0.5135089207846854,0.0031691276866406826,3.1691276866406827e-06,-0.001927255734365585,1.8087565732941584,1.8052706368162057,0.5,BTC,0.125,0,0,
2024-03-30,2024-03-31,bull,0.0247157438066984,0.5166794959027237,0.5157462994590489,0.0009331964436747331,9.331964436747331e-07,0.012769172937433515,1.8052706368162057,1.8283224497765826,0.5,BTC,0.125,0,0,
2024-03-31,2024-04-01,bull,-0.0233780070655527,0.5089834961975508,0.5227737316860857,0.013790235488534863,1.3790235488534863e-05,-0.01191264591555985,1.8283224497765826,1.8065422918129252,0.5,BTC,0.125,0,0,
2024-04-01,2024-04-02,bull,-0.0606507771544719,0.5230303659874432,0.5030705225205501,0.019959843466893168,1.995984346689317e-05,-0.03174152484588333,1.8065422918129252,1.7491998847722063,0.5,BTC,0.14999999999999999,0,0,
2024-04-02,2024-04-03,bull,0.0080043765816208,0.5238044741357274,0.5074041425793808,0.01640033155634657,1.6400331556346572e-05,0.004176259172430141,1.7491998847722063,1.7565049968354,0.5,BTC,0.14999999999999999,0,0,
2024-04-03,2024-04-04,bull,0.0384078953352637,0.4401930427256557,0.5257926965011078,0.08559965377545214,8.559965377545214e-05,0.0168198414347569,1.7565049968354,1.7860491323615297,0.45000000000000001,ABSTAIN,0.14999999999999999,0,0,
2024-04-04,2024-04-05,bull,-0.0097216646106004,0.5230862859835907,0.4495002800075309,0.07358600597605985,7.358600597605985e-05,-0.00515848123604612,1.7860491323615297,1.7768358314255863,0.5,BTC,0.14999999999999999,0,0,
2024-04-05,2024-04-06,bull,0.0156271653206665,0.5232061203783017,0.5206486552415907,0.002557465136711068,2.557465136711068e-06,0.008173650164380097,1.7768358314255863,1.7913590659111944,0.5,BTC,0.14999999999999999,0,0,
2024-04-06,2024-04-07,bull,0.0068195080315744,0.5231803123094445,0.527072880589337,0.0038925682798924832,3.8925682798924835e-06,0.003563925885444963,1.7913590659111944,1.7977433368563218,0.5,BTC,0.14999999999999999,0,0,
2024-04-07,2024-04-08,bull,0.0327232830260495,0.523318815315738,0.5248754769491468,0.0015566616334088401,1.55666163340884e-06,0.01712312638742186,1.7977433368563218,1.828526323225458,0.5,BTC,0.14999999999999999,0,0,
2024-04-08,2024-04-09,bull,-0.0346516338801705,0.5232943679763272,0.5313444063099761,0.008050038333648923,8.050038333648924e-06,-0.018140908917620324,1.828526323225458,1.7953551937423537,0.5,BTC,0.14999999999999999,0,0,
2024-04-09,2024-04-10,bull,0.0213180424596517,0.441866093841875,0.5144906241082357,0.07262453026636068,7.262453026636068e-05,0.009346411516983899,1.7953551937423537,1.812135322202224,0.45000000000000001,ABSTAIN,0.14999999999999999,0,0,
2024-04-10,2024-04-11,bull,-0.0086446027518297,0.4407112766093241,0.4470744973407243,0.006363220731400221,6.363220731400221e-06,-0.0038161128928383414,1.812135322202224,1.8052200092356003,0.45000000000000001,ABSTAIN,0.14999999999999999,0,0,
2024-04-11,2024-04-12,bull,-0.0408460883625001,0.4429806799315478,0.43857236424773355,0.004408315683814279,4.408315683814279e-06,-0.018098356546860872,1.8052200092356003,1.772548493862927,0.45000000000000001,ABSTAIN,0.14999999999999999,0,0,
2024-04-12,2024-04-13,mix,-0.0491721008638622,0.4562904090823296,0.43271623154378525,0.02357417753854435,2.357417753854435e-05,-0.022459803268030765,1.772548493862927,1.7327374034077214,0.45000000000000001,ABSTAIN,0.050000000000000003,0,0,
2024-04-13,2024-04-14,mix,0.0289350492326534,0.4587263006724455,0.44381133867549755,0.014914961996947973,1.4914961996947974e-05,0.013258155161984142,1.7327374034077214,1.7557103047570746,0.45000000000000001,ABSTAIN,0.050000000000000003,0,0,
2024-04-14,2024-04-15,mix,-0.0347882869032868,0.4566918898062911,0.4658166593641974,0.00912476955790631,9.124769557906309e-06,-0.015896508288507083,1.7557103047570746,1.7278006413452864,0.45000000000000001,ABSTAIN,0.050000000000000003,0,0,
2024-04-15,2024-04-16,mix,0.0062038828674113,0.4583776297062705,0.44792071442859666,0.01045691527767384,1.045691527767384e-05,0.0028332344719108615,1.7278006413452864,1.7326959056829356,0.45000000000000001,ABSTAIN,0.050000000000000003,0,0,
2024-04-16,2024-04-17,mix,-0.0395954568037452,0.4577062741226007,0.45991348513723257,0.0022072110146318935,2.2072110146318935e-06,-0.018125256215357544,1.7326959056829356,1.7012903484491315,0.45000000000000001,ABSTAIN,0.050000000000000003,0,0,
2024-04-17,2024-04-18,mix,0.0359422248114766,0.4588980115802346,0.44769683469966404,0.01120117688057054,1.120117688057054e-05,0.016482429570730872,1.7012903484491315,1.7293317467968086,0.45000000000000001,ABSTAIN,0.050000000000000003,0,0,
2024-04-18,2024-04-19,mix,0.0050046155251775,0.4549618656410306,0.46767803190735724,0.012716166266326656,1.2716166266326656e-05,0.002264164096328347,1.7293317467968086,1.7332472376485466,0.45000000000000001,ABSTAIN,0.050000000000000003,0,0,
2024-04-19,2024-04-20,mix,0.0182134230733661,0.4549121799221329,0.45620004876174736,0.0012878688396144589,1.2878688396144588e-06,0.008284209454662017,1.7332472376485466,1.7476058208019416,0.45000000000000001,ABSTAIN,0.050000000000000003,0,0,
2024-04-20,2024-04-21,bull,-0.0003217310051708,0.4458178673596064,0.45939139682544144,0.013573529465835066,1.3573529465835065e-05,-0.0001570050131567413,1.7476058208019416,1.7473314379270537,0.45000000000000001,ABSTAIN,0.14999999999999999,0,0,
2024-04-21,2024-04-22,bull,0.0290898395754863,0.4464944754689695,0.4457383677122436,0.0007561077567258545,7.561077567258545e-07,0.012987686734306836,1.7473314379270537,1.7700252312638562,0.45000000000000001,ABSTAIN,0.14999999999999999,0,0,
2024-04-22,2024-04-23,bull,-0.0061993766207337,0.5275618550144515,0.4535914767082582,0.0739703783061933,7.39703783061933e-05,-0.0033442830841103888,1.7700252312638562,1.7641057658244919,0.55000000000000004,BTC,0.14999999999999999,0,0,
2024-04-23,2024-04-24,bull,-0.0320605284950689,0.4482711944564795,0.5260116502225362,0.07774045576605665,7.774045576605665e-05,-0.014448434587987835,1.7641057658244919,1.7386171990606845,0.45000000000000001,ABSTAIN,0.14999999999999999,0,0,
2024-04-24,2024-04-25,mix,0.0032884451752099,0.4576319903594797,0.4402262314259683,0.017405758933511428,1.7405758933511427e-05,0.0014874657578989314,1.7386171990606845,1.7412033326103813,0.45000000000000001,ABSTAIN,0.050000000000000003,0,0,
2024-04-25,2024-04-26,mix,-0.0113291915450461,0.4576838949941208,0.45844697227114206,0.0007630772770212402,7.630772770212402e-07,-0.005185947634048671,1.7412033326103813,1.7321735433072327,0.45000000000000001,ABSTAIN,0.050000000000000003,0,0,
2024-04-26,2024-04-27,mix,-0.0048552215586892,0.4581962892346493,0.4548572269490955,0.0033390622855538066,3.3390622855538065e-06,-0.0022279761356623906,1.7321735433072327,1.7283143019899185,0.45000000000000001,ABSTAIN,0.050000000000000003,0,0,
2024-04-27,2024-04-28,mix,-0.0054698629618891,0.4587529616111791,0.4569882812001148,0.0017646804110643122,1.7646804110643123e-06,-0.0025110760856443815,1.7283143019899185,1.7239743732777144,0.45000000000000001,ABSTAIN,0.050000000000000003,0,0,
2024-04-28,2024-04-29,mix,0.011890406704516,0.4591470221259364,0.45739138522279355,0.0017556369031428432,1.7556369031428431e-06,0.0054576796085388235,1.7239743732777144,1.7333832730603957,0.45000000000000001,ABSTAIN,0.050000000000000003,0,0,
2024-04-29,2024-04-30,mix,-0.0500077513188986,0.4578017449120496,0.4620837462366494,0.004282001324599771,4.282001324599771e-06,-0.02289781978366534,1.7333832730603957,1.693692575257839,0.45000000000000001,ABSTAIN,0.050000000000000003,0,0,
2024-04-30,2024-05-01,mix,-0.0384956466985129,0.459178640844131,0.4450980210951332,0.014080619748997825,1.4080619748997826e-05,-0.017690210454820554,1.693692575257839,1.6637307971557607,0.45000000000000001,ABSTAIN,0.050000000000000003,0,0,
2024-05-01,2024-05-02,mix,0.0135450667910141,0.4569853789073956,0.4494468549413913,0.007538523966004296,7.538523966004296e-06,0.006182312293161019,1.6637307971557607,1.6740165005155272,0.45000000000000001,ABSTAIN,0.050000000000000003,0,0,
2024-05-02,2024-05-03,mix,0.0635337856237936,0.4588243269261595,0.46032590622040476,0.00150157929424527,1.50157929424527e-06,0.029149301074306466,1.6740165005155272,1.7228129114924111,0.45000000000000001,ABSTAIN,0.050000000000000003,0,0,
2024-05-03,2024-05-04,mix,0.0160757027553577,0.4592025943517154,0.4741532060598645,0.014950611708149097,1.4950611708149097e-05,0.007366943434097495,1.7228129114924111,1.7355047767589085,0.45000000000000001,ABSTAIN,0.050000000000000003,0,0,
2024-05-04,2024-05-05,mix,0.0018485387778357,0.459160345202027,0.4631655089329038,0.004005163730876837,4.005163730876837e-06,0.0008447671401339285,1.7355047767589085,1.7369708741658598,0.45000000000000001,ABSTAIN,0.050000000000000003,0,0,
2024-05-05,2024-05-06,mix,-0.0131752449755024,0.4590952048755423,0.4596190074590481,0.0005238025835058169,5.238025835058169e-07,-0.0060492124255768775,1.7369708741658598,1.7264635683709906,0.45000000000000001,ABSTAIN,0.050000000000000003,0,0,
2024-05-06,2024-05-07,mix,-0.0133843969026219,0.4591237178627913,0.4558035281433611,0.003320189719430211,3.320189719430211e-06,-0.0061483938541242455,1.7264635683709906,1.7158485903778489,0.45000000000000001,ABSTAIN,0.050000000000000003,0,0,
2024-05-07,2024-05-08,mix,-0.0178151632682207,0.458320620632007,0.4557794312746236,0.0025411893573834,2.5411893573834e-06,-0.00816757712615368,1.7158485903778489,1.7018342646791358,0.45000000000000001,ABSTAIN,0.050000000000000003,0,0,
2024-05-08,2024-05-09,mix,0.0305109667932852,0.4561595989247626,0.45386136774133623,0.002298231183426369,2.2982311834263693e-06,0.013915540157564354,1.7018342646791358,1.7255162077307973,0.45000000000000001,ABSTAIN,0.050000000000000003,0,0,
2024-05-09,2024-05-10,mix,-0.0361173206500198,0.4589500336885838,0.46362479943866425,0.004674765750080467,4.6747657500804675e-06,-0.01658064280568816,1.7255162077307973,1.6969060398349873,0.45000000000000001,ABSTAIN,0.050000000000000003,0,0,
2024-05-10,2024-05-11,mix,0.0004885117497765,0.4561359713782621,0.44983039730561236,0.0063055740726497556,6.305574072649756e-06,0.00021652080238410143,1.6969060398349873,1.6972734552923028,0.45000000000000001,ABSTAIN,0.050000000000000003,0,0,
2024-05-11,2024-05-12,mix,0.0107420108965485,0.457800782393361,0.45625713239516463,0.0015436499981963947,1.5436499981963948e-06,0.00491614975171073,1.6972734552923028,1.7056175057681233,0.45000000000000001,ABSTAIN,0.050000000000000003,0,0,
2024-05-12,2024-05-13,mix,0.0237020169160702,0.4588329323176317,0.460454107763338,0.00162117544570628,1.62117544570628e-06,0.010873627117282902,1.7056175057681233,1.724163754530556,0.45000000000000001,ABSTAIN,0.050000000000000003,0,0,
2024-05-13,2024-05-14,mix,-0.0217327748930679,0.4592283467808779,0.46465495207461843,0.005426605293740505,5.426605293740505e-06,-0.009985678731215364,1.724163754530556,1.7069468091978077,0.45000000000000001,ABSTAIN,0.050000000000000003,0,0,
2024-05-14,2024-05-15,mix,0.0756171084987022,0.4589474019448146,0.453776872670118,0.005170529274696578,5.170529274696578e-06,0.03469892551931131,1.7069468091978077,1.7661760293955886,0.45000000000000001,ABSTAIN,0.050000000000000003,0,0,
2024-05-15,2024-05-16,mix,-0.0150109248608156,0.45797104597908,0.47709445986392895,0.01912341388484895,1.912341388484895e-05,-0.006893560908278529,1.7661760293955886,1.7540007873622085,0.45000000000000001,ABSTAIN,0.050000000000000003,0,0,
2024-05-16,2024-05-17,mix,0.0276831567812849,0.4589983378939863,0.45421903711286404,0.004779300781122264,4.7793007811222644e-06,0.012701682921192115,1.7540007873622085,1.7762795492068046,0.45000000000000001,ABSTAIN,0.050000000000000003,0,0,
2024-05-17,2024-05-18,mix,-0.0017796195522459,0.4575841042123115,0.4657863360749964,0.008202231862684928,8.202231862684928e-06,-0.0008225211712282743,1.7762795492068046,1.7748185216715622,0.45000000000000001,ABSTAIN,0.050000000000000003,0,0,
2024-05-18,2024-05-19,mix,-0.0095401053536069,0.4584777191478093,0.45714204106906425,0.0013356780787450728,1.335678078745073e-06,-0.004375255578873416,1.7748185216715622,1.7670532370331309,0.45000000000000001,ABSTAIN,0.050000000000000003,0,0,
2024-05-19,2024-05-20,mix,0.077605157583612,0.4591569229426771,0.4560987354049732,0.003058187537703927,3.058187537703927e-06,0.035629778200805706,1.7670532370331309,1.8300129519376371,0.45000000000000001,ABSTAIN,0.050000000000000003,0,0,
2024-05-20,2024-05-21,mix,-0.0179606763675974,0.4574531943930878,0.47776567027903954,0.020312475885951753,2.0312475885951754e-05,-0.008236314362973673,1.8300129519376371,1.8149403899771652,0.45000000000000001,ABSTAIN,0.050000000000000003,0,0,
2024-05-21,2024-05-22,mix,-0.0140362332994486,0.4581407611232028,0.45295861000443216,0.005182151118770628,5.182151118770628e-06,-0.0064357194340424195,1.8149403899771652,1.8032599428377607,0.45000000000000001,ABSTAIN,0.050000000000000003,0,0,
2024-05-22,2024-05-23,mix,-0.0170586823299409,0.4588227369844465,0.4546337449131303,0.004188992071316178,4.188992071316178e-06,-0.007831067521173574,1.8032599428377607,1.7891384924671705,0.45000000000000001,ABSTAIN,0.050000000000000003,0,0,
2024-05-23,2024-05-24,mix,0.0084133006353741,0.4590010758945542,0.45455357619773223,0.004447499696821955,4.447499696821955e-06,0.0038572493687922815,1.7891384924671705,1.7960396457879215,0.45000000000000001,ABSTAIN,0.050000000000000003,0,0,
2024-05-24,2024-05-25,mix,0.0107487351854766,0.4580341252473847,0.4610822222451808,0.0030480969977961236,3.048096997796124e-06,0.0049202244145398755,1.7960396457879215,1.8048765639026088,0.45000000000000001,ABSTAIN,0.050000000000000003,0,0,
2024-05-25,2024-05-26,mix,-0.0111078395713897,0.4571089902891104,0.4606893068513927,0.003580316562282304,3.5803165622823042e-06,-0.005081055468300177,1.8048765639026088,1.7957058859679846,0.45000000000000001,ABSTAIN,0.050000000000000003,0,0,
2024-05-26,2024-05-27,mix,0.0133387238961508,0.4583091056125237,0.4543383971397293,0.003970708472794404,3.9707084727944044e-06,0.0061092636364166175,1.7957058859679846,1.8066763266388282,0.45000000000000001,ABSTAIN,0.050000000000000003,0,0,
2024-05-27,2024-05-28,mix,-0.0153063502557299,0.4551880686699515,0.4616004811117559,0.006412412441804405,6.412412441804405e-06,-0.006973635746737261,1.8066763266388282,1.7940772240245957,0.45000000000000001,ABSTAIN,0.050000000000000003,0,0,
2024-05-28,2024-05-29,mix,-0.0106807477401046,0.4562308493593738,0.4513655856650621,0.004865263694311728,4.865263694311728e-06,-0.004877728169077167,1.7940772240245957,1.7853262030114712,0.45000000000000001,ABSTAIN,0.050000000000000003,0,0,
2024-05-29,2024-05-30,mix,0.0106289864243491,0.4587495624824266,0.4535681489071238,0.0051814135753027735,5.1814135753027735e-06,0.00487083619343176,1.7853262030114712,1.7940222344981815,0.45000000000000001,ABSTAIN,0.050000000000000003,0,0,
2024-05-30,2024-05-31,mix,-0.0120635450086094,0.4570100018471146,0.46137591660484634,0.004365914757731737,4.365914757731737e-06,-0.00551750257143524,1.7940222344981815,1.7841237122061258,0.45000000000000001,ABSTAIN,0.050000000000000003,0,0,
2024-05-31,2024-06-01,mix,0.0034162543813796,0.4537211394638681,0.45399981507080983,0.0002786756069417251,2.786756069417251e-07,0.0015497477230563828,1.7841237122061258,1.786888653866768,0.45000000000000001,ABSTAIN,0.050000000000000003,0,0,
2024-06-01,2024-06-02,mix,0.0001874239973553,0.4521555734997479,0.45456657590553046,0.0024110024057825696,2.4110024057825695e-06,8.233359828602183e-05,1.786888653866768,1.7870357748393775,0.45000000000000001,ABSTAIN,0.050000000000000003,0,0,
2024-06-02,2024-06-03,mix,0.0152611271367126,0.4535147648038835,0.4522019965347374,0.0013127682691460585,1.3127682691460585e-06,0.0069198246299178034,1.7870357748393775,1.7994017490086553,0.45000000000000001,ABSTAIN,0.050000000000000003,0,0,
2024-06-03,2024-06-04,mix,0.0253081772706,0.4544823967683839,0.45727107122109295,0.002788674452709028,2.788674452709028e-06,0.011499300313657423,1.7994017490086553,1.8200936101054264,0.45000000000000001,ABSTAIN,0.050000000000000003,0,0,
2024-06-04,2024-06-05,mix,0.0075762730123092,0.4516953944218425,0.4606856556485483,0.00899026122670582,8.99026122670582e-06,0.003413146599134942,1.8200936101054264,1.826305856420865,0.45000000000000001,ABSTAIN,0.050000000000000003,0,0,
2024-06-05,2024-06-06,mix,-0.0041106470259707,0.4494053097089308,0.4535653852703925,0.004160075561461696,4.160075561461696e-06,-0.0018514989902704837,1.826305856420865,1.8229244529717767,0.45000000000000001,ABSTAIN,0.050000000000000003,0,0,
2024-06-06,2024-06-07,mix,-0.0203922787340289,0.4477392260495429,0.448386287993647,0.000647061944104077,6.47061944104077e-07,-0.009131064251755472,1.8229244529717767,1.8062792126655953,0.45000000000000001,ABSTAIN,0.050000000000000003,0,0,
2024-06-07,2024-06-08,mix,-0.000545077788945,0.4529712002551327,0.4426503882811774,0.01032081197395529,1.0320811973955291e-05,-0.000257222804009416,1.8062792126655953,1.8058145964616896,0.45000000000000001,ABSTAIN,0.050000000000000003,0,0,
2024-06-08,2024-06-09,mix,0.0049127039204963,0.4540719503341276,0.45283610300468136,0.0012358473294462602,1.2358473294462603e-06,0.002229482446433728,1.8058145964616896,1.8098406284060147,0.45000000000000001,ABSTAIN,0.050000000000000003,0,0,
2024-06-09,2024-06-10,mix,-0.0016137692999056,0.4481723748125185,0.45528705297159494,0.00711467815907646,7.11467815907646e-06,-0.0007303563520290046,1.8098406284060147,1.8085187998068981,0.45000000000000001,ABSTAIN,0.050000000000000003,0,0,
2024-06-10,2024-06-11,mix,-0.0319018898964884,0.4528091193320929,0.4477729783754655,0.005036140956627411,5.036140956627411e-06,-0.014450430060608643,1.8085187998068981,1.7823849253769926,0.45000000000000001,ABSTAIN,0.050000000000000003,0,0,
2024-06-11,2024-06-12,mix,0.0139676588462829,0.4548036917484762,0.4447888349531191,0.010014856795357074,1.0014856795357074e-05,0.006342464331771103,1.7823849253769926,1.7936896381916827,0.45000000000000001,ABSTAIN,0.050000000000000003,0,0,
2024-06-12,2024-06-13,mix,-0.02178432202707,0.4545259943272211,0.45824521222942954,0.0037192179022084715,3.7192179022084716e-06,-0.009905223022013465,1.7936896381916827,1.7759227422931194,0.45000000000000001,ABSTAIN,0.050000000000000003,0,0,
2024-06-13,2024-06-14,mix,-0.0110568477425789,0.4548832468228665,0.44907094793388685,0.005812298888979661,5.812298888979661e-06,-0.005035357866267298,1.7759227422931194,1.7669803357428309,0.45000000000000001,ABSTAIN,0.050000000000000003,0,0,
2024-06-14,2024-06-15,mix,0.0028500124176948,0.4549915606592033,0.4521276820183061,0.0028638786408972106,2.8638786408972106e-06,0.0012938640055022432,1.7669803357428309,1.7692665679976787,0.45000000000000001,ABSTAIN,0.050000000000000003,0,0,
2024-06-15,2024-06-16,mix,0.0068208930432025,0.4547532137125184,0.4556973750717269,0.0009441613592084952,9.441613592084953e-07,0.0031008759418049703,1.7692665679976787,1.7747528441330225,0.45000000000000001,ABSTAIN,0.050000000000000003,0,0,
2024-06-16,2024-06-17,mix,-0.0026381820990569,0.4546904937315804,0.4564392429877938,0.0017487492562134332,1.7487492562134333e-06,-0.0012013029727069302,1.7747528441330225,1.7726208282655453,0.45000000000000001,ABSTAIN,0.050000000000000003,0,0,
2024-06-17,2024-06-18,mix,-0.0201341979103382,0.4549452080765575,0.4540355786588245,0.0009096294177329822,9.096294177329822e-07,-0.009160858155024876,1.7726208282655453,1.756382100295162,0.45000000000000001,ABSTAIN,0.050000000000000003,0,0,
2024-06-18,2024-06-19,mix,-0.0027470883165873,0.4550573357364876,0.44990637419646085,0.005150961540026755,5.150961540026755e-06,-0.0012552272127912545,1.756382100295162,1.7541774416868121,0.45000000000000001,ABSTAIN,0.050000000000000003,0,0,
2024-06-19,2024-06-20,mix,-0.0019482647978097,0.4550642090194566,0.4543752596931875,0.0006889493262691171,6.889493262691171e-07,-0.0008872739176895017,1.7541774416868121,1.752621005795804,0.45000000000000001,ABSTAIN,0.050000000000000003,0,0,
2024-06-20,2024-06-21,mix,-0.0111912394397905,0.455059056346786,0.4545806480874475,0.00047840825933848086,4.784082593384809e-07,-0.005093150830703608,1.752621005795804,1.7436946426642266,0.45000000000000001,ABSTAIN,0.050000000000000003,0,0,
2024-06-21,2024-06-22,mix,0.0020661640300334,0.4549693443910498,0.4522696437320064,0.0026997006590434025,2.6997006590434025e-06,0.000937339055659514,1.7436946426642266,1.74532907575394,0.45000000000000001,ABSTAIN,0.050000000000000003,0,0,
2024-06-22,2024-06-23,mix,-0.0165699257714633,0.4550886127151503,0.45548121453482676,0.0003926018196764858,3.9260181967648576e-07,-0.00754117417342226,1.74532907575394,1.7321672452037413,0.45000000000000001,ABSTAIN,0.050000000000000003,0,0,
2024-06-23,2024-06-24,mix,-0.0459442181650162,0.4549497468066007,0.4509483323927181,0.004001414413882631,4.001414413882631e-06,-0.020906228197009047,1.7321672452037413,1.6959541615001275,0.45000000000000001,ABSTAIN,0.050000000000000003,0,0,
2024-06-24,2024-06-25,mix,0.0251556158539922,0.450577294229096,0.4433137173186594,0.007263576910436609,7.263576910436609e-06,0.01132720341987703,1.6959541615001275,1.7151645792782264,0.45000000000000001,ABSTAIN,0.050000000000000003,0,0,
2024-06-25,2024-06-26,mix,-0.0155316181681103,0.4538597104249909,0.45673495863759567,0.002875248212604764,2.875248212604764e-06,-0.007052030704292722,1.7151645792782264,1.703069186002241,0.45000000000000001,ABSTAIN,0.050000000000000003,0,0,
2024-06-26,2024-06-27,mix,0.0137371937932009,0.4519372877518876,0.4499825407030229,0.001954747048864669,1.954747048864669e-06,0.006206383221418532,1.703069186002241,1.7136390860231603,0.45000000000000001,ABSTAIN,0.050000000000000003,0,0,
2024-06-27,2024-06-28,mix,-0.0207829093803547,0.4537806906613823,0.45531885897056495,0.0015381683091826304,1.5381683091826303e-06,-0.009432406634594215,1.7136390860231603,1.6974753453388554,0.45000000000000001,ABSTAIN,0.050000000000000003,0,0,
2024-06-28,2024-06-29,mix,0.0094382260571856,0.4518319737996698,0.44858031615426147,0.0032516576454083013,3.2516576454083013e-06,0.004261226784271432,1.6974753453388554,1.7047086727460536,0.45000000000000001,ABSTAIN,0.050000000000000003,0,0,
2024-06-29,2024-06-30,mix,0.0292078184913422,0.4526932433328383,0.4541597055371228,0.0014664622042845354,1.4664622042845355e-06,0.013220696231488027,1.7047086727460536,1.7272461082716124,0.45000000000000001,ABSTAIN,0.050000000000000003,0,0,
2024-06-30,2024-07-01,mix,0.0021639951365881,0.4490978218119764,0.4598353980548308,0.01073757624285443,1.073757624285443e-05,0.0009610974907454661,1.7272461082716124,1.728906160172172,0.45000000000000001,ABSTAIN,0.050000000000000003,0,0,
2024-07-01,2024-07-02,mix,-0.0125107131329095,0.4485784001249865,0.44963269380309123,0.001054293678104723,1.054293678104723e-06,-0.005613084058527562,1.728906160172172,1.7192016645658195,0.45000000000000001,ABSTAIN,0.050000000000000003,0,0,
2024-07-02,2024-07-03,mix,-0.0306585962420676,0.4468934716245014,0.4454663374239708,0.0014271342005305887,1.4271342005305887e-06,-0.013702534090605734,1.7192016645658195,1.6956442451484801,0.45000000000000001,ABSTAIN,0.050000000000000003,0,0,
2024-07-03,2024-07-04,mix,-0.0527082540826886,0.4361300027680271,0.43921001712371205,0.0030800143556849457,3.080014355684946e-06,-0.022990660211041458,1.6956442451484801,1.6566602644694635,0.45000000000000001,ABSTAIN,0.050000000000000003,0,0,
2024-07-04,2024-07-05,bear,-0.0067425030205361,0.3910068438320408,0.42286297833541026,0.03185613450336944,3.1856134503369435e-05,-0.002668136975698787,1.6566602644694635,1.6522400679616616,0.40000000000000002,CASH,0,0,0,
2024-07-05,2024-07-06,bear,0.0285548834959339,0.3858499058731801,0.38939707174960053,0.003547165876420455,3.5471658764204553e-06,0.011014312860933462,1.6522400679616616,1.6704383569915613,0.40000000000000002,CASH,0,0,0,
2024-07-06,2024-07-07,bear,-0.0411625974953311,0.4029855449666061,0.3925428079285363,0.010442737038069805,1.0442737038069805e-05,-0.01659820129752554,1.6704383569915613,1.6427120848871075,0.40000000000000002,CASH,0,0,0,
2024-07-07,2024-07-08,bear,0.0154597743331226,0.3879414220123075,0.3929152647919294,0.004973842779621873,4.973842779621873e-06,0.00599248316544454,1.6427120848871075,1.6525560094014657,0.40000000000000002,CASH,0,0,0,
2024-07-08,2024-07-09,bear,0.0231768524117359,0.3984070536913736,0.391590350875519,0.006816702815854558,6.816702815854559e-06,0.009226941836166791,1.6525560094014657,1.667804047581221,0.40000000000000002,CASH,0,0,0,
2024-07-09,2024-07-10,bear,-0.0050431258765597,0.4061090722842815,0.4039112309727117,0.0021978413115698037,2.1978413115698037e-06,-0.00205025251114499,1.667804047581221,1.6643846281445698,0.40000000000000002,CASH,0,0,0,
2024-07-10,2024-07-11,bear,-0.0070895826081835,0.4059785713826062,0.4048902523076839,0.0010883190749222948,1.088319074922295e-06,-0.002879303805624067,1.6643846281445698,1.659592359150731,0.40000000000000002,CASH,0,0,0,
2024-07-11,2024-07-12,bear,0.009553990159983,0.4037256737206977,0.4042639126841016,0.0005382389634039364,5.382389634039364e-07,0.0038566507990061005,1.659592359150731,1.665992827348674,0.40000000000000002,CASH,0,0,0,
2024-07-12,2024-07-13,bear,0.0228849911289779,0.4001721116165852,0.4060167805167891,0.005844668900203853,5.844668900203853e-06,0.009152037030410565,1.665992827348674,1.6812400553969673,0.40000000000000002,CASH,0,0,0,
2024-07-13,2024-07-14,mix,0.02677090616756,0.4263657458951928,0.40561544685269796,0.02075029904249487,2.0750299042494868e-05,0.011393210229370565,1.6812400553969673,1.7003947767941436,0.45000000000000001,ABSTAIN,0.050000000000000003,0,0,
2024-07-14,2024-07-15,mix,0.0655893833199825,0.4398552640424462,0.4328394286012623,0.007015835441183893,7.015835441183893e-06,0.02884261727745252,1.7003947767941436,1.7494386125617964,0.45000000000000001,ABSTAIN,0.050000000000000003,0,0,
2024-07-15,2024-07-16,mix,0.0041261206747511,0.4487261821296537,0.4555622048817137,0.006836022752059967,6.836022752059967e-06,0.0018446496977500004,1.7494386125617964,1.7526657139696908,0.45000000000000001,ABSTAIN,0.050000000000000003,0,0,
2024-07-16,2024-07-17,mix,-0.0147656330467319,0.4485959564027103,0.4497449784092782,0.001149022006567857,1.149022006567857e-06,-0.006624944689601064,1.7526657139696908,1.7410544005552815,0.45000000000000001,ABSTAIN,0.050000000000000003,0,0,
2024-07-17,2024-07-18,mix,-0.0016960735974235,0.4481989478328177,0.4449192104490559,0.003279737383761805,3.279737383761805e-06,-0.0007634556460104358,1.7410544005552815,1.7397251827431663,0.45000000000000001,ABSTAIN,0.050000000000000003,0,0,
2024-07-18,2024-07-19,mix,0.0421519056587553,0.4485137306420768,0.4477791614783429,0.000734569163733878,7.34569163733878e-07,0.01890496000396702,1.7397251827431663,1.7726146177408202,0.45000000000000001,ABSTAIN,0.050000000000000003,0,0,
2024-07-19,2024-07-20,mix,0.0070653624766412,0.4493879663375784,0.4587465113027143,0.00935854496513594,9.35854496513594e-06,0.003165700615638478,1.7726146177408202,1.778226184927492,0.45000000000000001,ABSTAIN,0.050000000000000003,0,0,
2024-07-20,2024-07-21,mix,0.0150442675562372,0.4490184559832149,0.451130675224401,0.0021122192411860974,2.1122192411860975e-06,0.0067530273018932,1.778226184927492,1.7902345949032488,0.45000000000000001,ABSTAIN,0.050000000000000003,0,0,
2024-07-21,2024-07-22,mix,-0.0088778101695013,0.4466353761434139,0.4527154473032988,0.006080071159884903,6.0800711598849035e-06,-0.0039712000471867626,1.7902345949032488,1.7831252151954937,0.45000000000000001,ABSTAIN,0.050000000000000003,0,0,
2024-07-22,2024-07-23,mix,-0.02391878449113,0.4482262932411941,0.44443247084169546,0.0037938223994986586,3.7938223994986585e-06,-0.010724781260016969,1.7831252151954937,1.7640015873033013,0.45000000000000001,ABSTAIN,0.050000000000000003,0,0,
2024-07-23,2024-07-24,mix,-0.0086035627515629,0.4491850326397832,0.442246603397044,0.006938429242739186,6.938429242739186e-06,-0.0038715032304263985,1.7640015873033013,1.7571722494595792,0.45000000000000001,ABSTAIN,0.050000000000000003,0,0,
2024-07-24,2024-07-25,mix,0.0065595337346358,0.4491730064577467,0.4470480993608652,0.002124907096881512,2.124907096881512e-06,0.0029442343206975696,1.7571722494595792,1.7623457763038155,0.45000000000000001,ABSTAIN,0.050000000000000003,0,0,
2024-07-25,2024-07-26,mix,0.0320565720304015,0.4486256560144124,0.4507911763816615,0.0021655203672490964,2.1655203672490964e-06,0.014379203993128975,1.7623457763038155,1.7876869057277174,0.45000000000000001,ABSTAIN,0.050000000000000003,0,0,
2024-07-26,2024-07-27,mix,-0.0009645317382481,0.4447319388231251,0.4564427703143739,0.011710831491248797,1.1710831491248797e-05,-0.0004406638780430905,1.7876869057277174,1.7868991366831126,0.45000000000000001,ABSTAIN,0.050000000000000003,0,0,
2024-07-27,2024-07-28,mix,0.0060905235757209,0.447637983149336,0.44449364989130563,0.003144333258030374,3.144333258030374e-06,0.0027231967839491666,1.7868991366831126,1.7917652146653695,0.45000000000000001,ABSTAIN,0.050000000000000003,0,0,
2024-07-28,2024-07-29,mix,-0.0213548053439757,0.4443152701497981,0.4491398206284663,0.004824550478668199,4.824550478668199e-06,-0.009493044879264723,1.7917652146653695,1.7747559070694459,0.45000000000000001,ABSTAIN,0.050000000000000003,0,0,
2024-07-29,2024-07-30,mix,-0.0091888015784739,0.4490333336951926,0.438992279611566,0.0100410540836266,1.00410540836266e-05,-0.004136077829354989,1.7747559070694459,1.767415378509699,0.45000000000000001,ABSTAIN,0.050000000000000003,0,0,
2024-07-30,2024-07-31,mix,-0.0235537108917591,0.4492266477523677,0.4467505833349152,0.002476064417452517,2.476064417452517e-06,-0.010583404451325662,1.767415378509699,1.748710106725438,0.45000000000000001,ABSTAIN,0.050000000000000003,0,0,
2024-07-31,2024-08-01,mix,0.0115572679726425,0.443294739739184,0.4433366177854478,4.18780462638213e-05,4.18780462638213e-08,0.005123234005429689,1.748710106725438,1.7576691578098524,0.45000000000000001,ABSTAIN,0.050000000000000003,0,0,
2024-08-01,2024-08-02,mix,-0.059569026309067,0.4433446949248652,0.44613235659809636,0.0027876616732311343,2.7876616732311343e-06,-0.026412325836575268,1.7576691578098524,1.7112450273008797,0.45000000000000001,ABSTAIN,0.050000000000000003,0,0,
2024-08-02,2024-08-03,mix,-0.0127198525668239,0.4424061465033365,0.42824486373372406,0.014161282769612427,1.4161282769612427e-05,-0.005641422550582309,1.7112450273008797,1.7015911710142926,0.45000000000000001,ABSTAIN,0.050000000000000003,0,0,
2024-08-03,2024-08-04,mix,-0.0420928979664462,0.4425585424242739,0.439250618541783,0.003307923882490904,3.307923882490904e-06,-0.018631817872429735,1.7015911710142926,1.6698874342226198,0.45000000000000001,ABSTAIN,0.050000000000000003,0,0,
2024-08-04,2024-08-05,mix,-0.0715973705664427,0.4401269409231684,0.4319770869345826,0.008149853988585809,8.14985398858581e-06,-0.031519824721897294,1.6698874342226198,1.617252874990624,0.45000000000000001,ABSTAIN,0.050000000000000003,0,0,
2024-08-05,2024-08-06,bear,0.038511272902425,0.3979299895004535,0.42191021511371707,0.023980225613263573,2.3980225613263573e-05,0.015300442704166084,1.617252874990624,1.641997559942566,0.40000000000000002,CASH,0,0,0,
2024-08-06,2024-08-07,mix,-0.0167131068290229,0.4202646775757564,0.4070173247227824,0.013247352852974015,1.3247352852974014e-05,-0.007037082757182844,1.641997559942566,1.630442687226158,0.40000000000000002,ABSTAIN,0.050000000000000003,0,0,
2024-08-07,2024-08-08,bear,0.1193521876457024,0.4011424048644052,0.4161638542599263,0.01502144939552108,1.502144939552108e-05,0.04786148294333814,1.630442687226158,1.708478092090923,0.40000000000000002,CASH,0,0,0,
2024-08-08,2024-08-09,mix,-0.0137618173183986,0.4403388227241366,0.4285040444998241,0.011834778224312503,1.1834778224312504e-05,-0.006071625497624522,1.708478092090923,1.6981048529448508,0.45000000000000001,ABSTAIN,0.050000000000000003,0,0,
2024-08-09,2024-08-10,mix,0.0013327723966567,0.4256218933568847,0.4369266758380364,0.011304782481151687,1.1304782481151687e-05,0.0005559459156794233,1.6981048529448508,1.6990489074022408,0.45000000000000001,ABSTAIN,0.050000000000000003,0,0,
2024-08-10,2024-08-11,mix,-0.0364079781131987,0.4326810242092602,0.4259475287032454,0.006733495506014764,6.733495506014764e-06,-0.015759668681880612,1.6990489074022408,1.6722724595472702,0.45000000000000001,ABSTAIN,0.050000000000000003,0,0,
2024-08-11,2024-08-12,bear,0.0108442209857051,0.4056389442055619,0.4236009867719979,0.01796204256643602,1.796204256643602e-05,0.004380797296684946,1.6722724595472702,1.6795983462173756,0.40000000000000002,CASH,0,0,0,
2024-08-12,2024-08-13,bear,0.0209806234203875,0.4094579071507064,0.4082419920257712,0.0012159151249351852,1.2159151249351852e-06,0.008589455795763756,1.6795983462173756,1.6940251819668477,0.40000000000000002,ABSTAIN,0,0,0,
2024-08-13,2024-08-14,mix,-0.0311476816645541,0.4204226750725254,0.4144878558795742,0.005934819192951191,5.9348191929511905e-06,-0.013101048749317612,1.6940251819668477,1.6718316754753284,0.40000000000000002,ABSTAIN,0.050000000000000003,0,0,
2024-08-14,2024-08-15,bear,-0.0199837159627852,0.4095031031759774,0.4127322918862591,0.0032291887102817163,3.2291887102817162e-06,-0.008186596462735674,1.6718316754753284,1.6581450641945927,0.40000000000000002,ABSTAIN,0,0,0,
2024-08-15,2024-08-16,bear,0.0233355233198804,0.3972867043761396,0.40463096395740145,0.007344259581261836,7.3442595812618365e-06,0.009263480807220725,1.6581450641945927,1.6735052591723472,0.40000000000000002,CASH,0,0,0,
2024-08-16,2024-08-17,mix,0.0102909105731929,0.4152568909461472,0.40282306790798506,0.01243382303816215,1.243382303816215e-05,0.0042608845722451605,1.6735052591723472,1.6806358719127257,0.40000000000000002,ABSTAIN,0.050000000000000003,0,0,
2024-08-17,2024-08-18,mix,-0.0174301608355985,0.4236253250763809,0.41774508253343534,0.005880242542945557,5.880242542945558e-06,-0.007389694373783784,1.6806358719127257,1.668216486465673,0.40000000000000002,ABSTAIN,0.050000000000000003,0,0,
2024-08-18,2024-08-19,bear,0.0175306221266358,0.4042017041318775,0.41933779809276234,0.015136093960884833,1.5136093960884834e-05,0.007070663991158188,1.668216486465673,1.6800118847059822,0.40000000000000002,CASH,0,0,0,
2024-08-19,2024-08-20,bear,-0.0078206316030192,0.401614098807579,0.40839377105084107,0.0067796722432620915,6.779672243262091e-06,-0.0031476342914866784,1.6800118847059822,1.6747238216875764,0.40000000000000002,CASH,0,0,0,
2024-08-20,2024-08-21,bear,0.036476075233282,0.3942527209869189,0.39972872120653924,0.005476000219620358,5.476000219620358e-06,0.014375237162205678,1.6747238216875764,1.6987983738055308,0.40000000000000002,CASH,0,0,0,
2024-08-21,2024-08-22,mix,-0.0128503011048414,0.4165363808680108,0.40284034965653887,0.013696031211471948,1.3696031211471949e-05,-0.005366240636864306,1.6987983738055308,1.6896822129381766,0.40000000000000002,ABSTAIN,0.050000000000000003,0,0,
2024-08-22,2024-08-23,mix,0.0609701153842332,0.4150095866608046,0.41339651655335163,0.0016130701074529852,1.6130701074529851e-06,0.02530152849835754,1.6896822129381766,1.7324337556019997,0.40000000000000002,ABSTAIN,0.050000000000000003,0,0,
2024-08-23,2024-08-24,mix,0.0016579993786405,0.4412728177996898,0.42944640825278596,0.011826409546903838,1.1826409546903838e-05,0.0007197949956192495,1.7324337556019997,1.733680752749524,0.45000000000000001,ABSTAIN,0.050000000000000003,0,0,
2024-08-24,2024-08-25,mix,0.0017752687451388,0.4381101664943983,0.441681300542002,0.0035711340476036746,3.571134047603675e-06,0.0007741893739605654,1.733680752749524,1.7350229499661425,0.45000000000000001,ABSTAIN,0.050000000000000003,0,0,
2024-08-25,2024-08-26,mix,-0.0222020997865362,0.4386349931064911,0.4385468441455529,8.8148960938228e-05,8.8148960938228e-08,-0.009738705177328777,1.7350229499661425,1.718126072980523,0.45000000000000001,ABSTAIN,0.050000000000000003,0,0,
2024-08-26,2024-08-27,mix,-0.0540255417193082,0.4362772471821171,0.43311430998593964,0.00316293719617744,3.16293719617744e-06,-0.023573203005226362,1.718126072980523,1.6776243382735807,0.45000000000000001,ABSTAIN,0.050000000000000003,0,0,
2024-08-27,2024-08-28,bear,-0.0073152803405835,0.4051855963934375,0.4226695011513116,0.01748390475787409,1.748390475787409e-05,-0.0029814783092404484,1.6776243382735807,1.6726225376979642,0.40000000000000002,CASH,0,0,0,
2024-08-28,2024-08-29,bear,0.0060576792734172,0.4048921495240634,0.4034172976851991,0.001474851838864255,1.474851838864255e-06,0.002451228312923215,1.6726225376979642,1.6767225174192029,0.40000000000000002,CASH,0,0,0,
2024-08-29,2024-08-30,mix,-0.0042746343065509,0.4169914726274001,0.40634820331203036,0.010643269315369741,1.0643269315369742e-05,-0.0017931103522684788,1.6767225174192029,1.673715968915337,0.40000000000000002,ABSTAIN,0.050000000000000003,0,0,
2024-08-30,2024-08-31,mix,-0.0023866832883117,0.4190663860961205,0.4159504123823748,0.0031159737137457233,3.1159737137457233e-06,-0.0010032915975718426,1.673715968915337,1.6720367437470023,0.40000000000000002,ABSTAIN,0.050000000000000003,0,0,
2024-08-31,2024-09-01,mix,-0.0281949724137229,0.4059713269429142,0.41848476692278447,0.012513439979870256,1.2513439979870256e-05,-0.011458720570679537,1.6720367437470023,1.6528773419164964,0.40000000000000002,ABSTAIN,0.050000000000000003,0,0,
2024-09-01,2024-09-02,bear,0.0317242919479305,0.4017841172537012,0.39909313644659894,0.0026909808071022834,2.6909808071022836e-06,0.012743591354897443,1.6528773419164964,1.6739409353216492,0.40000000000000002,CASH,0,0,0,
2024-09-02,2024-09-03,mix,-0.0279737545236242,0.4247886475107574,0.4093131982612502,0.015475449249507223,1.5475449249507224e-05,-0.011898224905405708,1.6739409353216492,1.654024009594827,0.40000000000000002,ABSTAIN,0.050000000000000003,0,0,
2024-09-03,2024-09-04,mix,0.0085873646046088,0.4171369061957403,0.41787125037794476,0.0007343441822044716,7.343441822044716e-07,0.0035813697288598068,1.654024009594827,1.6599476811135974,0.40000000000000002,ABSTAIN,0.050000000000000003,0,0,
2024-09-04,2024-09-05,mix,-0.0308796793011968,0.4301565555363091,0.41921733168521136,0.010939223851097746,1.0939223851097746e-05,-0.01329389040135398,1.6599476811135974,1.6378805185688916,0.45000000000000001,ABSTAIN,0.050000000000000003,0,0,
2024-09-05,2024-09-06,mix,-0.0394495151575559,0.4213307368848481,0.42248537302512545,0.001154636140277332,1.154636140277332e-06,-0.01662242873567732,1.6378805185688916,1.610654966371426,0.40000000000000002,ABSTAIN,0.050000000000000003,0,0,
2024-09-06,2024-09-07,mix,0.0035151241133437,0.4150126923409672,0.41154993578029575,0.003462756560671465,3.462756560671465e-06,0.0014553533140884145,1.610654966371426,1.6129990384145876,0.40000000000000002,ABSTAIN,0.050000000000000003,0,0,
2024-09-07,2024-09-08,mix,0.0130141349607157,0.4192699148112027,0.41586484104905946,0.003405073762143218,3.405073762143218e-06,0.005453011602994051,1.6129990384145876,1.6217947408866806,0.40000000000000002,ABSTAIN,0.050000000000000003,0,0,
2024-09-08,2024-09-09,mix,0.039887862664574,0.4271081937473496,0.4224214348573423,0.004686758890007303,4.6867588900073035e-06,0.017031666370564746,1.6217947408866806,1.649416607834999,0.45000000000000001,ABSTAIN,0.050000000000000003,0,0,
2024-09-09,2024-09-10,mix,0.0102612463540499,0.4310052457483984,0.4367047357617408,0.005699490013342412,5.6994900133424125e-06,0.004416926309643632,1.649416607834999,1.6567019594457086,0.45000000000000001,ABSTAIN,0.050000000000000003,0,0,
2024-09-10,2024-09-11,mix,-0.0051409733668777,0.4315483261545468,0.43351063052847005,0.0019623043739232515,1.9623043739232514e-06,-0.0022205364021288254,1.6567019594457086,1.6530231924372814,0.45000000000000001,ABSTAIN,0.050000000000000003,0,0,
2024-09-11,2024-09-12,mix,0.0138789334254176,0.4289017283614823,0.4302843673285439,0.001382638967061589,1.3826389670615892e-06,0.0059513076645754115,1.6530231924372814,1.6628608420321542,0.45000000000000001,ABSTAIN,0.050000000000000003,0,0,
2024-09-12,2024-09-13,mix,0.0408896610446465,0.428793080293456,0.4322811873055192,0.003488107012063202,3.488107012063202e-06,0.017529654446786225,1.6628608420321542,1.6920102179860699,0.45000000000000001,ABSTAIN,0.050000000000000003,0,0,
2024-09-13,2024-09-14,mix,-0.0085305957865929,0.4324744133204822,0.43863559673232677,0.006161183411844573,6.161183411844573e-06,-0.0036954028612580236,1.6920102179860699,1.6857575585852462,0.45000000000000001,ABSTAIN,0.050000000000000003,0,0,
2024-09-14,2024-09-15,mix,-0.0142827616783953,0.432581651489648,0.4303729083654361,0.002208743124211876,2.2087431242118763e-06,-0.006180655731164997,1.6857575585852462,1.6753384714694217,0.45000000000000001,ABSTAIN,0.050000000000000003,0,0,
2024-09-15,2024-09-16,mix,-0.0156480127159126,0.4321029255684131,0.4290540846269884,0.003048840941424713,3.048840941424713e-06,-0.006764580299922107,1.6753384714694217,1.664005509849618,0.45000000000000001,ABSTAIN,0.050000000000000003,0,0,
2024-09-16,2024-09-17,mix,0.0360056413418972,0.4297159693816389,0.4282369197272281,0.0014790496544108134,1.4790496544108134e-06,0.015470697138635803,1.664005509849618,1.6897488351295227,0.45000000000000001,ABSTAIN,0.050000000000000003,0,0,
2024-09-17,2024-09-18,mix,0.0240179342752586,0.4329642342593773,0.4384050778157457,0.005440843556368424,5.440843556368424e-06,0.010393409099599404,1.6897488351295227,1.7073110860485954,0.45000000000000001,ABSTAIN,0.050000000000000003,0,0,
2024-09-18,2024-09-19,mix,0.0191231524541108,0.4331832353830438,0.43880009956415383,0.005616864181110015,5.616864181110015e-06,0.008278165657471082,1.7073110860485954,1.7214444900477426,0.45000000000000001,ABSTAIN,0.050000000000000003,0,0,
2024-09-19,2024-09-20,mix,0.004172320324888,0.433461180998999,0.43784007212476944,0.0043788911257704455,4.3788911257704455e-06,0.001804152085011168,1.7214444900477426,1.7245502377136932,0.45000000000000001,ABSTAIN,0.050000000000000003,0,0,
2024-09-20,2024-09-21,mix,0.0023243229558933,0.4335675053114994,0.43448393879174224,0.0009164334802428398,9.164334802428398e-07,0.001006833548508057,1.7245502377136932,1.7262865727491108,0.45000000000000001,ABSTAIN,0.050000000000000003,0,0,
2024-09-21,2024-09-22,mix,0.003545489130692,0.4339066927467623,0.4341377535028093,0.00023106075604700793,2.3106075604700794e-07,0.001538180046645632,1.7262865727491108,1.7289419123101057,0.45000000000000001,ABSTAIN,0.050000000000000003,0,0,
2024-09-22,2024-09-23,mix,-0.0037893624149988,0.434024466695753,0.4347762394590639,0.0007517727633108984,7.517727633108984e-07,-0.001645426537627448,1.7289419123101057,1.7260970654055743,0.45000000000000001,ABSTAIN,0.050000000000000003,0,0,
2024-09-23,2024-09-24,mix,0.0146056167675638,0.4336038425067999,0.4330920868560656,0.0005117556507343024,5.117556507343025e-07,0.006332536555971879,1.7260970654055743,1.737027638171411,0.45000000000000001,ABSTAIN,0.050000000000000003,0,0,
2024-09-24,2024-09-25,mix,-0.0171234795383523,0.4337044771659258,0.4371682847747582,0.0034638076088324143,3.4638076088324143e-06,-0.007429967823981198,1.737027638171411,1.7241215787104314,0.45000000000000001,ABSTAIN,0.050000000000000003,0,0,
2024-09-25,2024-09-26,mix,0.031971372701147,0.4335088944676985,0.4294673998429676,0.0040414946247309125,4.0414946247309125e-06,0.01385577692505624,1.7241215787104314,1.748010622696719,0.45000000000000001,ABSTAIN,0.050000000000000003,0,0,
2024-09-26,2024-09-27,mix,0.0092150909004431,0.4340674122204087,0.44125305693906586,0.00718564471865718,7.185644718657181e-06,0.003992756273444309,1.748010622696719,1.7549900030765386,0.45000000000000001,ABSTAIN,0.050000000000000003,0,0,
2024-09-27,2024-09-28,mix,0.0013713145920337,0.4349960997802576,0.4363221072533852,0.0013260074731276106,1.3260074731276106e-06,0.00059518970064798,1.7549900030765386,1.75603455505111,0.45000000000000001,ABSTAIN,0.050000000000000003,0,0,
2024-09-28,2024-09-29,mix,-0.0039382690745674,0.4358493301323798,0.43533293300222387,0.0005163971301559434,5.163971301559433e-07,-0.0017170074487699027,1.75603455505111,1.75301943063979,0.45000000000000001,ABSTAIN,0.050000000000000003,0,0,
2024-09-29,2024-09-30,bull,-0.0345679049980872,0.5492773858734403,0.43487930501542416,0.11439808085801617,0.00011439808085801618,-0.019099594454812685,1.75301943063979,1.7195374704431634,0.55000000000000004,BTC,0.20000000000000001,0,0,
2024-09-30,2024-10-01,mix,-0.0395284436810063,0.4313905039247411,0.5405537098600546,0.10916320593531348,0.00010916320593531348,-0.01715949697254493,1.7195374704431634,1.6900310724249163,0.45000000000000001,ABSTAIN,0.050000000000000003,0,0,
2024-10-01,2024-10-02,mix,-0.00311988888067,0.4298081003381005,0.42152625671363897,0.008281843624461549,8.281843624461549e-06,-0.0013492242511238262,1.6900310724249163,1.6877508415168478,0.45000000000000001,ABSTAIN,0.050000000000000003,0,0,
2024-10-02,2024-10-03,mix,0.0017396122066362,0.4295341037630471,0.42904247283623836,0.0004916309268087615,4.916309268087615e-07,0.0007467307717878846,1.6877508415168478,1.6890111370053194,0.45000000000000001,ABSTAIN,0.050000000000000003,0,0,
2024-10-03,2024-10-04,mix,0.0218892795533256,0.4299734781880189,0.4299600505930951,1.34275949237872e-05,1.3427594923787201e-08,0.00941179611060039,1.6890111370053194,1.7049077654553468,0.45000000000000001,ABSTAIN,0.050000000000000003,0,0,
2024-10-04,2024-10-05,mix,-0.0003157165638439,0.4314157977997144,0.4352884359442948,0.003872638144580387,3.872638144580387e-06,-0.00014007722394082656,1.7049077654553468,1.7046689467084868,0.45000000000000001,ABSTAIN,0.050000000000000003,0,0,
2024-10-05,2024-10-06,mix,0.0122137109378777,0.4313474153640013,0.43133834317433456,9.072189666725627e-06,9.072189666725627e-09,0.005268343525071328,1.7046689467084868,1.7136497283162686,0.45000000000000001,ABSTAIN,0.050000000000000003,0,0,
2024-10-06,2024-10-07,bull,-0.0091341209881024,0.5483984506606676,0.4343275771690583,0.11407087349160933,0.00011407087349160932,-0.0051226372747900095,1.7136497283162686,1.704871322342062,0.55000000000000004,BTC,0.20000000000000001,0,0,
2024-10-07,2024-10-08,mix,-0.0014233937820504,0.4313497622091345,0.5461249278813378,0.1147751656722033,0.0001147751656722033,-0.0007286852653679565,1.704871322342062,1.7036290077301228,0.45000000000000001,ABSTAIN,0.050000000000000003,0,0,
2024-10-08,2024-10-09,mix,-0.0245861286741637,0.4313971655924803,0.4310004075153426,0.0003967580771377377,3.967580771377377e-07,-0.010606778772834002,1.7036290077301228,1.6855589917341467,0.45000000000000001,ABSTAIN,0.050000000000000003,0,0,
2024-10-09,2024-10-10,mix,-0.0051559654817513,0.4297802069333885,0.4253016933909228,0.004478513542465701,4.478513542465701e-06,-0.0022204005011497996,1.6855589917341467,1.6818163757041826,0.45000000000000001,ABSTAIN,0.050000000000000003,0,0,
2024-10-10,2024-10-11,mix,0.0361959141988388,0.4294525992118934,0.4285138324977316,0.000938766714161765,9.387667141617651e-07,0.015543476074235008,1.6818163757041826,1.7079576483011971,0.45000000000000001,ABSTAIN,0.050000000000000003,0,0,
2024-10-11,2024-10-12,mix,0.0112913083965604,0.4300982467222731,0.43818568222923454,0.008087435506961449,8.087435506961449e-06,0.004848245233459281,1.7079576483011971,1.7162382458285237,0.45000000000000001,ABSTAIN,0.050000000000000003,0,0,
2024-10-12,2024-10-13,mix,-0.0052875479985,0.4303215984651558,0.4328525258043854,0.002530927339229605,2.530927339229605e-06,-0.0022778712752793417,1.7162382458285237,1.7123288760268152,0.45000000000000001,ABSTAIN,0.050000000000000003,0,0,
2024-10-13,2024-10-14,mix,0.0510697317837027,0.4299255866879147,0.42902242686712877,0.0009031598207859259,9.031598207859259e-07,0.021955261409338345,1.7123288760268152,1.7499235041187424,0.45000000000000001,ABSTAIN,0.050000000000000003,0,0,
2024-10-14,2024-10-15,mix,0.015069224914008,0.4339009097311505,0.4421733318759828,0.008272422144832314,8.272422144832315e-06,0.006530223887337261,1.7499235041187424,1.7613508963863516,0.45000000000000001,ABSTAIN,0.050000000000000003,0,0,
2024-10-15,2024-10-16,bull,0.0080563527263239,0.5495447151720831,0.43757833215193864,0.1119663830201445,0.0001119663830201445,0.004314863969607563,1.7613508963863516,1.768950885907005,0.55000000000000004,BTC,0.20000000000000001,0,0,
2024-10-16,2024-10-17,bull,-0.0029504021864033,0.550612092497933,0.5515302370426806,0.00091814454474759,9.181445447475901e-07,-0.001625443774560087,1.768950885907005,1.766075555702005,0.55000000000000004,BTC,0.20000000000000001,0,0,
2024-10-17,2024-10-18,bull,0.0149024598625895,0.55010911021215,0.5498808617499098,0.00022824846224023254,2.2824846224023255e-07,0.008197748815343076,1.766075555702005,1.7805533994965674,0.55000000000000004,BTC,0.20000000000000001,0,0,
2024-10-18,2024-10-19,bull,-0.0007468238065799,0.5500678182890728,0.5537673163527902,0.003699498063717388,3.699498063717388e-06,-0.00041450172022772236,1.7805533994965674,1.7798153570495188,0.55000000000000004,BTC,0.20000000000000001,0,0,
2024-10-19,2024-10-20,bull,0.0096311355525653,0.5494106817954776,0.5498829085035787,0.0004722267081010978,4.722267081010978e-07,0.0052909740249280635,1.7798153570495188,1.7892323138728359,0.55000000000000004,BTC,0.20000000000000001,0,0,
2024-10-20,2024-10-21,bull,-0.0240357523123836,0.548851076753953,0.5517824022430357,0.0029313254890827034,2.9313254890827033e-06,-0.013194941192544052,1.7892323138728359,1.7656234987114843,0.55000000000000004,BTC,0.20000000000000001,0,0,
2024-10-21,2024-10-22,mix,0.0008312144785687,0.4312069543708446,0.5428199351481676,0.11161298077732301,0.00011161298077732302,0.00024677247802085134,1.7656234987114843,1.766059205997513,0.45000000000000001,ABSTAIN,0.050000000000000003,0,0,
2024-10-22,2024-10-23,mix,-0.0113247898106554,0.4310940497019906,0.4314107512360062,0.0003167015340155843,3.167015340155843e-07,-0.004882364656880744,1.766059205997513,1.757436660948192,0.45000000000000001,ABSTAIN,0.050000000000000003,0,0,
2024-10-23,2024-10-24,mix,0.0229180198518834,0.4308861669750727,0.4283029966316877,0.0025831703433850106,2.5831703433850106e-06,0.009872449049336929,1.757436660948192,1.7747868648408398,0.45000000000000001,ABSTAIN,0.050000000000000003,0,0,
2024-10-24,2024-10-25,mix,-0.0219191541467778,0.4322496436490549,0.43645124347862274,0.004201599829567859,4.201599829567859e-06,-0.009478708360609822,1.7747868648408398,1.7579641777467725,0.45000000000000001,ABSTAIN,0.050000000000000003,0,0,
2024-10-25,2024-10-26,mix,0.0058473569946384,0.4305781784487101,0.42681901370188896,0.003759164746821142,3.759164746821142e-06,0.0025139756941281455,1.7579641777467725,1.7623836569607758,0.45000000000000001,ABSTAIN,0.050000000000000003,0,0,
2024-10-26,2024-10-27,mix,0.0136807837011156,0.4317141993777713,0.43200823648708425,0.00029403710931297233,2.940371093129723e-07,0.005905892808639734,1.7623836569607758,1.7727921059264846,0.45000000000000001,ABSTAIN,0.050000000000000003,0,0,
2024-10-27,2024-10-28,mix,0.0286671783967555,0.4322829606171944,0.43505089532940683,0.0027679347122124276,2.7679347122124277e-06,0.012389530514010483,1.7727921059264846,1.7947561678178576,0.45000000000000001,ABSTAIN,0.050000000000000003,0,0,
2024-10-28,2024-10-29,mix,0.0396874522008001,0.4331843479775955,0.43923218201311803,0.006047834035522559,6.047834035522559e-06,0.01718583129619944,1.7947561678178576,1.8256005445357888,0.45000000000000001,ABSTAIN,0.050000000000000003,0,0,
2024-10-29,2024-10-30,bull,-0.0052605237974765,0.5492221416318512,0.4427643341304472,0.10645780750140404,0.00010645780750140404,-0.0029953463761696053,1.8256005445357888,1.8201322385603802,0.55000000000000004,BTC,0.20000000000000001,0,0,
2024-10-30,2024-10-31,bull,-0.0285565006814305,0.5500632941807126,0.5479159822299716,0.0021473119507410265,2.1473119507410265e-06,-0.01570999641732751,1.8201322385603802,1.7915379676135343,0.55000000000000004,BTC,0.20000000000000001,0,0,
2024-10-31,2024-11-01,bull,-0.0110213454976965,0.5486445722308371,0.5428829531671344,0.00576161906370265,5.76161906370265e-06,-0.006052528165689575,1.7915379676135343,1.7806946336046512,0.55000000000000004,BTC,0.20000000000000001,0,0,
2024-11-01,2024-11-02,bull,-0.002609801574513,0.4344761062841441,0.5458987119327714,0.11142260564862727,0.00011142260564862727,-0.0012451926902229404,1.7806946336046512,1.7784773256633675,0.45000000000000001,ABSTAIN,0.20000000000000001,0,0,
2024-11-02,2024-11-03,mix,-0.0080229871130228,0.4337617163672931,0.43383413283068556,7.241646339245511e-05,7.241646339245512e-08,-0.0034801368249868236,1.7784773256633675,1.7722879812299224,0.45000000000000001,ABSTAIN,0.050000000000000003,0,0,
2024-11-03,2024-11-04,mix,-0.0133896372815895,0.4331462131941045,0.4317842889517118,0.0013619242423927314,1.3619242423927314e-06,-0.005801024710093361,1.7722879812299224,1.7620068948574061,0.45000000000000001,ABSTAIN,0.050000000000000003,0,0,
2024-11-04,2024-11-05,mix,0.0224749737651954,0.4327392106836611,0.42983946988208466,0.002899740801576456,2.899740801576456e-06,0.009722874464178854,1.7620068948574061,1.7791386667011222,0.45000000000000001,ABSTAIN,0.050000000000000003,0,0,
2024-11-05,2024-11-06,bull,0.0895526690950605,0.5485609620419543,0.43820313597619,0.11035782606576428,0.00011035782606576428,0.04900931914709039,1.7791386667011222,1.8663330414244064,0.55000000000000004,BTC,0.20000000000000001,0,0,
2024-11-06,2024-11-07,bull,0.0037348037938091,0.5509485275550947,0.5696995156399346,0.01875098808483988,1.875098808483988e-05,0.002038895079201186,1.8663330414244064,1.8701382986787172,0.55000000000000004,BTC,0.20000000000000001,0,0,
2024-11-07,2024-11-08,bull,0.0085503093506404,0.5510432207757585,0.5518706364680549,0.0008274156922963849,8.27415692296385e-07,0.004710758689070227,1.8701382986787172,1.878948068918981,0.55000000000000004,BTC,0.20000000000000001,0,0,
2024-11-08,2024-11-09,bull,0.0023916160136334,0.5510607318121676,0.5531486013585163,0.002087869546348653,2.087869546348653e-06,0.0013158350494832938,1.878948068918981,1.8814204546442235,0.55000000000000004,BTC,0.20000000000000001,0,0,
2024-11-09,2024-11-10,bull,0.0480858614633841,0.5510647397216311,0.5516516216494066,0.0005868819277755621,5.868819277755621e-07,0.026497820298236885,1.8814204546442235,1.9312739957568132,0.55000000000000004,BTC,0.20000000000000001,0,0,
2024-11-10,2024-11-11,bull,0.1029450729892957,0.5510659044136155,0.5626537261657847,0.011587821752169214,1.1587821752169215e-05,0.056717274558456765,1.9312739957568132,2.04081059322176,0.55000000000000004,BTC,0.20000000000000001,0,0,
2024-11-11,2024-11-12,bull,-0.0081521156815441,0.5510665689777745,0.5751665045830838,0.02409993560530932,2.409993560530932e-05,-0.004516350088595078,2.04081059322176,2.0315935781182572,0.55000000000000004,BTC,0.20000000000000001,0,0,
2024-11-12,2024-11-13,bull,0.0282108633827335,0.5510665348928743,0.5490406981617433,0.002025836731130992,2.025836731130992e-06,0.015544005400143224,2.0315935781182572,2.063172679667424,0.55000000000000004,BTC,0.20000000000000001,0,0,
2024-11-13,2024-11-14,bull,-0.0345954865066322,0.5510665769844696,0.5579388453340981,0.0068722683496285075,6.8722683496285074e-06,-0.019071157580886955,2.063172679667424,2.023825588376906,0.55000000000000004,BTC,0.20000000000000001,0,0,
2024-11-14,2024-11-15,bull,0.0429869177721264,0.5510662531165689,0.5423415864524395,0.00872466666412941,8.72466666412941e-06,0.023679708367566388,2.023825588376906,2.0717491880964896,0.55000000000000004,BTC,0.20000000000000001,0,0,
2024-11-15,2024-11-16,bull,-0.0055729764461016,0.5510665524052987,0.5614547925326847,0.01038824012738604,1.038824012738604e-05,-0.003081437253790398,2.0717491880964896,2.0653652229677792,0.55000000000000004,BTC,0.20000000000000001,0,0,
2024-11-16,2024-11-17,bull,-0.0077911090346602,0.551066538657595,0.5496835942851909,0.0013829443724041601,1.3829443724041602e-06,-0.004294796494846098,2.0653652229677792,2.0564948996476002,0.55000000000000004,BTC,0.20000000000000001,0,0,
2024-11-17,2024-11-18,bull,0.0071799335883973,0.5510664569020952,0.5491307679099848,0.0019356889921103848,1.9356889921103847e-06,0.003954677215571634,2.0564948996476002,2.064627673171176,0.55000000000000004,BTC,0.20000000000000001,0,0,
2024-11-18,2024-11-19,bull,0.0194576182018531,0.5510665552475897,0.5528357163021699,0.0017691610545801373,1.7691610545801374e-06,0.010720654505035343,2.064627673171176,2.086761833136779,0.55000000000000004,BTC,0.20000000000000001,0,0,
2024-11-19,2024-11-20,bull,0.022384192404097,0.5510665751061722,0.555829151689106,0.004762576582933775,4.762576582933775e-06,0.012330358920819906,2.086761833136779,2.1124923555216237,0.55000000000000004,BTC,0.20000000000000001,0,0,
2024-11-20,2024-11-21,bull,0.0431647047470995,0.5510665948753806,0.5565367739315968,0.005470179056216273,5.470179056216274e-06,0.023781026567621044,2.1124923555216237,2.16272959235218,0.55000000000000004,BTC,0.20000000000000001,0,0,
2024-11-21,2024-11-22,bull,0.0056437389770722,0.5510665980999132,0.5614970997424936,0.010430501642580414,1.0430501642580414e-05,0.003099613097363285,2.16272959235218,2.16943321732269,0.55000000000000004,BTC,0.20000000000000001,0,0,
2024-11-22,2024-11-23,bull,-0.012440146892187,0.5510665986376144,0.5524584862381691,0.0013918876005546421,1.3918876005546421e-06,-0.006856731780154446,2.16943321732269,2.1545579956365506,0.55000000000000004,BTC,0.20000000000000001,0,0,
2024-11-23,2024-11-24,bull,0.0024176296584406,0.5510665968525357,0.5479677596745554,0.003098837177980318,3.098837177980318e-06,0.0013291719826455939,2.1545579956365506,2.1574217737593355,0.55000000000000004,BTC,0.20000000000000001,0,0,
2024-11-24,2024-11-25,bull,-0.0497349267679036,0.551066597867983,0.551663903801931,0.0005973059339480224,5.973059339480225e-07,-0.02740783782461864,2.1574217737593355,2.0982915076648387,0.55000000000000004,BTC,0.20000000000000001,0,0,
2024-11-25,2024-11-26,bull,-0.0116779348494159,0.5510664584165942,0.5384158422814035,0.012650616135190695,1.2650616135190696e-05,-0.006447887404482322,2.0982915076648387,2.0847619602816345,0.55000000000000004,BTC,0.20000000000000001,0,0,
2024-11-26,2024-11-27,bull,0.0424994781338063,0.5510660440617192,0.5481587159784311,0.0029073280832880855,2.9073280832880857e-06,0.02341704387212107,2.0847619602816345,2.1335809225684788,0.55000000000000004,BTC,0.20000000000000001,0,0,
2024-11-27,2024-11-28,bull,-0.0025144285020013,0.5510664194730039,0.5613394818583083,0.010273062385304343,1.0273062385304343e-05,-0.0013958759394731013,2.1335809225684788,2.1306027082937464,0.55000000000000004,BTC,0.20000000000000001,0,0,
2024-11-28,2024-11-29,bull,0.0187410803435603,0.5510663384166771,0.5504435063026977,0.0006228321139793991,6.228321139793991e-07,0.010326949258436802,2.1306027082937464,2.152605334352184,0.55000000000000004,BTC,0.20000000000000001,0,0,
2024-11-29,2024-11-30,bull,-0.010594429278105,0.5510665262199539,0.5556553427555991,0.004588816535645246,4.588816535645246e-06,-0.005842797365513075,2.152605334352184,2.140028097575642,0.55000000000000004,BTC,0.20000000000000001,0,0,
2024-11-30,2024-12-01,bull,0.0082536613498993,0.5476177571184607,0.5484301551937225,0.0008123980752617888,8.123980752617888e-07,0.004519035446453046,2.140028097575642,2.1496989604049914,0.55000000000000004,BTC,0.20000000000000001,0,0,
2024-12-01,2024-12-02,bull,-0.0139380708508312,0.5476177904322486,0.5496532575253619,0.002035467093113308,2.035467093113308e-06,-0.007634755493131307,2.1496989604049914,2.1332865344584606,0.55000000000000004,BTC,0.20000000000000001,0,0,
2024-12-02,2024-12-03,bull,0.0005435769239596,0.5476177814167194,0.5441383187664437,0.0034794626502756554,3.4794626502756556e-06,0.0002941918907379826,2.1332865344584606,2.133914130057519,0.55000000000000004,BTC,0.20000000000000001,0,0,
2024-12-03,2024-12-04,bull,0.028541575641797,0.5476177859190092,0.5477524030393841,0.00013461712037488027,1.3461712037488027e-07,0.015629737738431793,2.133914130057519,2.1672666482666516,0.55000000000000004,BTC,0.20000000000000001,0,0,
2024-12-04,2024-12-05,bull,-0.0168802807905446,0.5476177946221314,0.5545796500701641,0.006961855448032628,6.961855448032628e-06,-0.009250839639579511,2.1672666482666516,2.147217612047328,0.55000000000000004,BTC,0.20000000000000001,0,0,
2024-12-05,2024-12-06,bull,0.0287705164853748,0.5476177677916402,0.5433969827501258,0.004220785041514352,4.220785041514352e-06,0.015750958731385323,2.147217612047328,2.181038348041989,0.55000000000000004,BTC,0.20000000000000001,0,0,
2024-12-06,2024-12-07,bull,0.0007648302387612,0.5476177852162147,0.5546346090923723,0.007016823876157541,7.016823876157541e-06,0.0004118148786518283,2.181038348041989,2.181936532084623,0.55000000000000004,BTC,0.20000000000000001,0,0,
2024-12-07,2024-12-08,bull,0.0128088784719091,0.5476177911562436,0.5478071792341513,0.00018938807790769285,1.8938807790769286e-07,0.007014179019459776,2.181936532084623,2.1972410255297636,0.55000000000000004,BTC,0.20000000000000001,0,0,
2024-12-08,2024-12-09,bull,-0.0371494860348234,0.5476177936088291,0.5507688644379878,0.003151070829158664,3.1510708291586643e-06,-0.020346806542419937,2.1972410255297636,2.1525341874562414,0.55000000000000004,BTC,0.20000000000000001,0,0,
2024-12-09,2024-12-10,bull,-0.0077968845329777,0.5476177437486072,0.5382235428578889,0.009394200890718296,9.394200890718296e-06,-0.004279066406573162,2.1525341874562414,2.143323350725697,0.55000000000000004,BTC,0.20000000000000001,0,0,
2024-12-10,2024-12-11,bull,0.046851821371155,0.5476175625815767,0.5456779191645343,0.001939643417042336,1.939643417042336e-06,0.025654890813163522,2.143323350725697,2.1983100772658686,0.55000000000000004,BTC,0.20000000000000001,0,0,
2024-12-11,2024-12-12,bull,-0.0110386823592699,0.5476177438922047,0.5589339416115418,0.011316197719337007,1.1316197719337007e-05,-0.0060562261206754675,2.1983100772658686,2.184996614354587,0.55000000000000004,BTC,0.20000000000000001,0,0,
2024-12-12,2024-12-13,bull,0.0141615980017979,0.5476176790849567,0.5448664715760231,0.0027512075089336507,2.7512075089336507e-06,0.007752368886366323,2.184996614354587,2.2019355141245254,0.55000000000000004,BTC,0.20000000000000001,0,0,
2024-12-13,2024-12-14,bull,-8.38047762806715e-05,0.5476176962369925,0.5510989700601585,0.0034812738231659868,3.4812738231659867e-06,-4.937409257765868e-05,2.2019355141245254,2.201826795556601,0.55000000000000004,BTC,0.20000000000000001,0,0,
2024-12-14,2024-12-15,bull,0.0298300986908597,0.5476176955184335,0.5475969341128072,2.0761405626346097e-05,2.0761405626346096e-08,0.01633546880162262,2.201826795556601,2.2377946684819925,0.55000000000000004,BTC,0.20000000000000001,0,0,
2024-12-15,2024-12-16,bull,0.0154591499669676,0.5476177586242388,0.5548888049505101,0.007271046326271291,7.271046326271291e-06,0.008458372454287044,2.2377946684819925,2.256722769264231,0.55000000000000004,BTC,0.20000000000000001,0,0,
2024-12-16,2024-12-17,bull,0.0007665645837733,0.547617785318482,0.55141534401408,0.003797558695597947,3.797558695597947e-06,0.0004159852468181846,2.256722769264231,2.2576615326424037,0.55000000000000004,BTC,0.20000000000000001,0,0,
2024-12-17,2024-12-18,bull,-0.0559747651426573,0.5476177907232758,0.5478076086300283,0.00018981790675254295,1.8981790675254297e-07,-0.030652961223136876,2.2576615326424037,2.1884575212273485,0.55000000000000004,BTC,0.20000000000000001,0,0,
2024-12-18,2024-12-19,bull,-0.0272630736403394,0.547617434074711,0.5333125234721892,0.014304910602521814,1.4304910602521815e-05,-0.014943825773998776,2.1884575212273485,2.1557535933163297,0.55000000000000004,BTC,0.20000000000000001,0,0,
2024-12-19,2024-12-20,bull,0.0033816886076285,0.5476139510273395,0.5407611195487652,0.006852831478574295,6.852831478574295e-06,0.0018449943376055433,2.1557535933163297,2.159730946489271,0.55000000000000004,BTC,0.20000000000000001,0,0,
2024-12-20,2024-12-21,bull,-0.0055462561237354,0.5476129178115496,0.5484501580542329,0.0008372402426832792,8.372402426832792e-07,-0.0030380361962242253,2.159730946489271,2.153169605699731,0.55000000000000004,BTC,0.20000000000000001,0,0,
2024-12-21,2024-12-22,bull,-0.0212794835753645,0.4345007892551804,0.5462347412876629,0.11173395203248254,0.00011173395203248255,-0.00935665327366808,2.153169605699731,2.133023144259798,0.45000000000000001,ABSTAIN,0.20000000000000001,0,0,
2024-12-22,2024-12-23,bull,-0.0034848367054056,0.4343768910522811,0.42922341612481935,0.005153474927461765,5.153474927461765e-06,-0.001518878207863783,2.133023144259798,2.129783341889113,0.45000000000000001,ABSTAIN,0.20000000000000001,0,0,
2024-12-23,2024-12-24,bull,0.0402310544521418,0.4343892569955519,0.43351939092448927,0.0008698660710626527,8.698660710626527e-07,0.017475052783817002,2.129783341889113,2.167001418206719,0.45000000000000001,ABSTAIN,0.20000000000000001,0,0,
2024-12-24,2024-12-25,bull,0.0073296232520945,0.5475914625026557,0.44410405989676044,0.10348740260589523,0.00010348740260589523,0.003909736352514903,2.167001418206719,2.175473822427433,0.55000000000000004,BTC,0.20000000000000001,0,0,
2024-12-25,2024-12-26,bull,-0.0363573069272663,0.5476106194829609,0.5494000082552851,0.001789388772324263,1.789388772324263e-06,-0.019911401131845308,2.175473822427433,2.1321570904972518,0.55000000000000004,BTC,0.20000000000000001,0,0,
2024-12-26,2024-12-27,bull,-0.015680059136939,0.5475669251906642,0.5384207391668495,0.009146186023814673,9.146186023814672e-06,-0.0085949494263734,2.1321570904972518,2.1138313081353446,0.55000000000000004,BTC,0.20000000000000001,0,0,
2024-12-27,2024-12-28,bull,0.0106983863320317,0.434172295130325,0.5436487472900253,0.10947645215970031,0.00010947645215970031,0.004534957983934884,2.1138313081353446,2.1234174443028646,0.45000000000000001,ABSTAIN,0.20000000000000001,0,0,
2024-12-28,2024-12-29,bull,-0.0164580808001301,0.4343756489742006,0.4367883809683603,0.0024127319941597003,2.4127319941597005e-06,-0.0071513850118247735,2.1234174443028646,2.1082320686178297,0.45000000000000001,ABSTAIN,0.20000000000000001,0,0,
2024-12-29,2024-12-30,bull,-0.0099929254569376,0.4333297436215477,0.43030289030259916,0.0030268533189485303,3.0268533189485304e-06,-0.004333245572626376,2.1082320686178297,2.0990965813404228,0.45000000000000001,ABSTAIN,0.20000000000000001,0,0,
2024-12-30,2024-12-31,bull,0.0083789790450075,0.4325905973572505,0.4308652582493752,0.0017253391078752567,1.7253391078752566e-06,0.003622935957435125,2.0990965813404228,2.1067014738230903,0.45000000000000001,ABSTAIN,0.20000000000000001,0,0,
2024-12-31,2025-01-01,bull,0.0107207141727199,0.4286417485790875,0.434639839983508,0.005998091404420536,5.998091404420536e-06,0.004589320014303455,2.1067014738230903,2.116369801061069,0.45000000000000001,ABSTAIN,0.20000000000000001,0,0,
2025-01-01,2025-01-02,bull,0.0253785419235577,0.4284047886035596,0.43125532694916485,0.0028505383456052247,2.8505383456052247e-06,0.010869407357606331,2.116369801061069,2.139373486548138,0.45000000000000001,ABSTAIN,0.20000000000000001,0,0,
2025-01-02,2025-01-03,bull,0.0124535891089108,0.5426779896799181,0.4345524972048496,0.10812549247506847,0.00010812549247506848,0.006649432466154348,2.139373486548138,2.1535991060668214,0.55000000000000004,BTC,0.20000000000000001,0,0,
2025-01-03,2025-01-04,bull,0.0005337815468458,0.428329571245449,0.5457479561357911,0.11741838489034206,0.00011741838489034207,0.00011118919032426788,2.1535991060668214,2.153838563007708,0.45000000000000001,ABSTAIN,0.20000000000000001,0,0,
2025-01-04,2025-01-05,bull,0.0013011619844858,0.542654283313069,0.42846024490649004,0.11419403840657893,0.00011419403840657894,0.0005918064555037184,2.153838563007708,2.1551132185734088,0.55000000000000004,BTC,0.20000000000000001,0,0,
2025-01-05,2025-01-06,bull,0.0396653912597855,0.4283231722482104,0.5429769786417591,0.11465380639354866,0.00011465380639354867,0.016873004483442866,2.1551132185734088,2.191476453572725,0.45000000000000001,ABSTAIN,0.20000000000000001,0,0,
2025-01-06,2025-01-07,bull,-0.0520192432764425,0.5426514122607273,0.43787348045704944,0.10477793180367789,0.0001047779318036779,-0.028330136055948696,2.191476453572725,2.1293916274796016,0.55000000000000004,BTC,0.20000000000000001,0,0,
2025-01-07,2025-01-08,bull,-0.0192221587169271,0.4285734411839552,0.5293662130840076,0.10079277190005237,0.00010079277190005237,-0.008338069138587256,2.1293916274796016,2.111636612866548,0.45000000000000001,ABSTAIN,0.20000000000000001,0,0,
2025-01-08,2025-01-09,bull,-0.0265792612757793,0.4287796336825732,0.4238268654188211,0.0049527682637521275,4.952768263752128e-06,-0.011401542236699647,2.111636612866548,2.0875606988363886,0.45000000000000001,ABSTAIN,0.20000000000000001,0,0,
2025-01-09,2025-01-10,mix,0.0236038979984829,0.4291085223758589,0.42219459001817383,0.00691393235768506,6.91393235768506e-06,0.010121649831392965,2.0875606988363886,2.1086902572317885,0.45000000000000001,ABSTAIN,0.050000000000000003,0,0,
2025-01-10,2025-01-11,mix,-0.0011834369500476,0.4290255764565757,0.4348328930338515,0.0058073165772757895,5.8073165772757894e-06,-0.0005135290877532617,2.1086902572317885,2.107607383447638,0.45000000000000001,ABSTAIN,0.050000000000000003,0,0,
2025-01-11,2025-01-12,mix,-0.000741977761806,0.4289235876954987,0.42873553136436643,0.00018805633113228026,1.8805633113228027e-07,-0.00031843976006606933,2.107607383447638,2.1069362374581395,0.45000000000000001,ABSTAIN,0.050000000000000003,0,0,
2025-01-12,2025-01-13,mix,-6.029079200942089e-05,0.4290781251394735,0.4287417837607187,0.00033634137875482306,3.3634137875482306e-07,-2.6205792676425865e-05,2.1069362374581395,2.1068810235239184,0.45000000000000001,ABSTAIN,0.050000000000000003,0,0,
2025-01-13,2025-01-14,bull,0.0212194071894229,0.4288082074068796,0.4290633553167822,0.0002551479099026088,2.5514790990260883e-07,0.009098798489618032,2.1068810235239184,2.1260511093985626,0.45000000000000001,ABSTAIN,0.20000000000000001,0,0,
2025-01-14,2025-01-15,bull,0.0409945505639508,0.4287614717953599,0.4339586493317929,0.005197177536433006,5.1971775364330064e-06,0.01757159530766672,2.1260511093985626,2.16340921909633,0.45000000000000001,ABSTAIN,0.20000000000000001,0,0,
2025-01-15,2025-01-16,bull,-0.0049283680166527,0.4284951641735809,0.43862863113442335,0.010133466960842441,1.0133466960842441e-05,-0.002121893929692642,2.16340921909633,2.1588186942068885,0.45000000000000001,ABSTAIN,0.20000000000000001,0,0,
2025-01-16,2025-01-17,bull,0.0408021639026243,0.4286420210203694,0.42728571653742525,0.0013563044829441595,1.3563044829441595e-06,0.017488141971625293,2.1588186942068885,2.1965724220221774,0.45000000000000001,ABSTAIN,0.20000000000000001,0,0,
2025-01-17,2025-01-18,bull,0.0043426087741833,0.5427013150037241,0.438463034137084,0.10423828086664011,0.00010423828086664011,0.002252255548956361,2.1965724220221774,2.2015196644483614,0.55000000000000004,BTC,0.20000000000000001,0,0,
2025-01-18,2025-01-19,bull,-0.0307776488493536,0.5426684943565859,0.5437765149083524,0.0011080205517665087,1.1080205517665088e-06,-0.01670314987524013,2.2015196644483614,2.164747351539792,0.55000000000000004,BTC,0.20000000000000001,0,0,
2025-01-19,2025-01-20,bull,0.0086676306140476,0.4287152130148678,0.534900372300917,0.10618515928604921,0.00010618515928604922,0.0036093653675266513,2.164747351539792,2.172560715659885,0.45000000000000001,ABSTAIN,0.20000000000000001,0,0,
2025-01-20,2025-01-21,bull,0.0387435333671892,0.5429233893023182,0.43083021668511096,0.11209317261720725,0.00011209317261720726,0.02092031942248962,2.172560715659885,2.218011379796242,0.55000000000000004,BTC,0.20000000000000001,0,0,
2025-01-21,2025-01-22,bull,-0.0232899888090492,0.5426643524640333,0.5523398184602811,0.0096754659962478,9.675465996247801e-06,-0.012648199877157151,2.218011379796242,2.1899575285347703,0.55000000000000004,BTC,0.20000000000000001,0,0,
2025-01-22,2025-01-23,bull,0.0021922210391494,0.5426805809769963,0.5368102609996148,0.005870319977381522,5.870319977381522e-06,0.0011837984834008886,2.1899575285347703,2.192549996935762,0.55000000000000004,BTC,0.20000000000000001,0,0,
2025-01-23,2025-01-24,bull,0.0091442671257726,0.5426838627157341,0.5432239963287177,0.000540133612983551,5.40133612983551e-07,0.004961903391521805,2.192549996935762,2.203429218201639,0.55000000000000004,BTC,0.20000000000000001,0,0,
2025-01-24,2025-01-25,bull,-0.0011386360970531,0.5426654852614736,0.544942063247264,0.0022765779857903956,2.2765779857903957e-06,-0.0006201736814352987,2.203429218201639,2.2020627093916048,0.55000000000000004,BTC,0.20000000000000001,0,0,
2025-01-25,2025-01-26,bull,-0.0200977822840496,0.5426552786371017,0.5423827242285585,0.0002725544085432352,2.725544085432352e-07,-0.010906437227223176,2.2020627093916048,2.1780460506812163,0.55000000000000004,BTC,0.20000000000000001,0,0,
2025-01-26,2025-01-27,bull,-0.0053206518456163,0.5426747940349193,0.5376124019759256,0.0050623920589936144,5.062392058993614e-06,-0.0028924314194422873,2.1780460506812163,2.1717462018512337,0.55000000000000004,BTC,0.20000000000000001,0,0,
2025-01-27,2025-01-28,bull,-0.0072718937974388,0.5427097093752913,0.5413504969613097,0.0013592124139816253,1.3592124139816253e-06,-0.003947881217660987,2.1717462018512337,2.1631724058114186,0.55000000000000004,BTC,0.20000000000000001,0,0,
2025-01-28,2025-01-29,bull,0.023411113840944,0.5427271825023825,0.5408978501756518,0.0018293323267306594,1.8293323267306595e-06,0.012703995278593005,2.1631724058114186,2.1906533378416295,0.55000000000000004,BTC,0.20000000000000001,0,0,
2025-01-29,2025-01-30,bull,0.009688397832668,0.5426778947583959,0.548464326075977,0.005786431317581053,5.786431317581054e-06,0.005251862484896286,2.1906533378416295,2.202158347924053,0.55000000000000004,BTC,0.20000000000000001,0,0,
2025-01-30,2025-01-31,bull,-0.0219876650602662,0.5426720458756153,0.5450697720189269,0.0023977261433115737,2.397726143311574e-06,-0.01193446029853873,2.202158347924053,2.1758767765496576,0.55000000000000004,BTC,0.20000000000000001,0,0,
2025-01-31,2025-02-01,bull,-0.0173416048160492,0.5390370909591551,0.5371492687465126,0.0018878222126424982,1.8878222126424983e-06,-0.009349638387894599,2.1758767765496576,2.1555331155123008,0.55000000000000004,BTC,0.20000000000000001,0,0,
2025-02-01,2025-02-02,mix,-0.0294402273269216,0.4264254476689718,0.5346874571622897,0.10826200949331793,0.00010826200949331793,-0.012660964998860047,2.1555331155123008,2.128241986182916,0.45000000000000001,ABSTAIN,0.050000000000000003,0,0,
2025-02-02,2025-02-03,mix,0.0373875593873773,0.4286267393672143,0.4191332099041982,0.00949352946301607,9.49352946301607e-06,0.016015662006916065,2.128241986182916,2.162327190502549,0.45000000000000001,ABSTAIN,0.050000000000000003,0,0,
2025-02-03,2025-02-04,mix,-0.0349694238339167,0.4274583248159539,0.4376387513994719,0.010180426583517976,1.0180426583517976e-05,-0.014957999581683978,2.162327190502549,2.129983101291548,0.45000000000000001,ABSTAIN,0.050000000000000003,0,0,
2025-02-04,2025-02-05,mix,-0.0122513380248563,0.4291425353362988,0.4187701171905177,0.010372418145781104,1.0372418145781104e-05,-0.0052678881456774684,2.129983101291548,2.1187625885617614,0.45000000000000001,ABSTAIN,0.050000000000000003,0,0,
2025-02-05,2025-02-06,mix,-0.0002743404699814,0.429242861376162,0.42612534903771493,0.0031175123384470926,3.1175123384470927e-06,-0.00012087583355047116,2.1187625885617614,2.118506481367773,0.45000000000000001,ABSTAIN,0.050000000000000003,0,0,
2025-02-06,2025-02-07,mix,-0.000572648722983,0.4292444359969261,0.4291756418484815,6.87941484445731e-05,6.87941484445731e-08,-0.0002458750553596678,2.118506481367773,2.117985593469387,0.45000000000000001,ABSTAIN,0.050000000000000003,0,0,
2025-02-07,2025-02-08,mix,-0.0006796976588767,0.4292562014722471,0.42910410620207695,0.00015209527017012725,1.5209527017012724e-07,-0.0002919164860931689,2.117985593469387,2.1173673185573456,0.45000000000000001,ABSTAIN,0.050000000000000003,0,0,
2025-02-08,2025-02-09,mix,0.0002208446218114,0.4291537824096434,0.4290896301306329,6.41522790105209e-05,6.41522790105209e-08,9.471214641609826e-05,2.1173673185573456,2.1175678589608373,0.45000000000000001,ABSTAIN,0.050000000000000003,0,0,
2025-02-09,2025-02-10,mix,0.0100083757302849,0.4291274977697539,0.429207879977574,8.038220782008443e-05,8.038220782008443e-08,0.004294788506437719,2.1175678589608373,2.1266623650631042,0.45000000000000001,ABSTAIN,0.050000000000000003,0,0,
2025-02-10,2025-02-11,mix,-0.0170678413337342,0.4288405506978643,0.43156883529064083,0.00272828459277652,2.7282845927765198e-06,-0.007322090792016733,2.1266623650631042,2.111090750142147,0.45000000000000001,ABSTAIN,0.050000000000000003,0,0,
2025-02-11,2025-02-12,mix,0.0220273838722713,0.4291147931139596,0.42462919168583757,0.0044856014281220435,4.4856014281220434e-06,0.009447748272619405,2.111090750142147,2.1310358041301454,0.45000000000000001,ABSTAIN,0.050000000000000003,0,0,
2025-02-12,2025-02-13,mix,-0.0129861372907797,0.4287595735366825,0.43446042937889245,0.005700855842209973,5.700855842209973e-06,-0.005573599800555495,2.1310358041301454,2.119158263397269,0.45000000000000001,ABSTAIN,0.050000000000000003,0,0,
2025-02-13,2025-02-14,mix,0.0092578216378809,0.4291681780753538,0.4255611377680376,0.0036070403073161783,3.6070403073161785e-06,0.003969541073611582,2.119158263397269,2.1275703491653077,0.45000000000000001,ABSTAIN,0.050000000000000003,0,0,
2025-02-14,2025-02-15,mix,0.0007056077354297,0.4291880033257996,0.43142721013146523,0.002239206805665639,2.239206805665639e-06,0.00030059849017693985,2.1275703491653077,2.1282098936000122,0.45000000000000001,ABSTAIN,0.050000000000000003,0,0,
2025-02-15,2025-02-16,mix,-0.0147714438566247,0.4291173716030282,0.4293608147694234,0.00024344316639518526,2.4344316639518524e-07,-0.006338925062593814,2.1282098936000122,2.114719330567011,0.45000000000000001,ABSTAIN,0.050000000000000003,0,0,
2025-02-16,2025-02-17,mix,-0.0036491452906989,0.4292391091932367,0.42547564373953284,0.0037634654537038736,3.7634654537038738e-06,-0.0015701134444238152,2.114719330567011,2.1113989813149048,0.45000000000000001,ABSTAIN,0.050000000000000003,0,0,
2025-02-17,2025-02-18,mix,-0.0014961166741316,0.4292224982681162,0.4283436919773155,0.0008788062908007266,8.788062908007266e-07,-0.0006430451785218727,2.1113989813149048,2.1100412563800344,0.45000000000000001,ABSTAIN,0.050000000000000003,0,0,
2025-02-18,2025-02-19,mix,0.0105271963027249,0.4292004380963325,0.42885572830081886,0.00034470979551365355,3.4470979551365356e-07,0.004517930997765651,2.1100412563800344,2.119574277178798,0.45000000000000001,ABSTAIN,0.050000000000000003,0,0,
2025-02-19,2025-02-20,mix,0.017233208615466,0.429186575735706,0.43176786841773473,0.002581292682028724,2.5812926820287243e-06,0.007393661410012298,2.119574277178798,2.1352456917176297,0.45000000000000001,ABSTAIN,0.050000000000000003,0,0,
2025-02-20,2025-02-21,mix,-0.0219173372474704,0.4291682919255039,0.4333774643481137,0.004209172422609819,4.209172422609819e-06,-0.009410395770046764,2.1352456917176297,2.1151521846922794,0.45000000000000001,ABSTAIN,0.050000000000000003,0,0,
2025-02-21,2025-02-22,mix,0.0041651240281377,0.429215006258754,0.42374793465639726,0.00546707160235671,5.46707160235671e-06,0.0017822568905350167,2.1151521846922794,2.1189219292479775,0.45000000000000001,ABSTAIN,0.050000000000000003,0,0,
2025-02-22,2025-02-23,mix,-0.0030790390249814,0.4291853587876582,0.4302335968791417,0.001048238091483522,1.0482380914835222e-06,-0.0013225253215252142,2.1189219292479775,2.116119601342212,0.45000000000000001,ABSTAIN,0.050000000000000003,0,0,
2025-02-23,2025-02-24,mix,-0.0493492543019443,0.4289942013874425,0.42843004139402874,0.0005641599934137487,5.641599934137487e-07,-0.02117109615474788,2.116119601342212,2.071319029787249,0.45000000000000001,ABSTAIN,0.050000000000000003,0,0,
2025-02-24,2025-02-25,mix,-0.0308441292338963,0.4268201491964787,0.4166442426957562,0.010175906500722531,1.0175906500722532e-05,-0.01317493778319867,2.071319029787249,2.0440295304406466,0.45000000000000001,ABSTAIN,0.050000000000000003,0,0,
2025-02-25,2025-02-26,mix,-0.0504397537379067,0.4206132017485406,0.41917363054057954,0.0014395712079610656,1.4395712079610656e-06,-0.021217035344911928,2.0440295304406466,2.0006612836472435,0.40000000000000002,ABSTAIN,0.050000000000000003,0,0,
2025-02-26,2025-02-27,bear,0.0059599086598578,0.3889785284585605,0.4080547117132598,0.019076183254699286,1.9076183254699286e-05,0.0022991560931369115,2.0006612836472435,2.005261116227844,0.40000000000000002,CASH,0,0,0,
2025-02-27,2025-02-28,bear,-0.003935567186766,0.3984522913375981,0.39039176889509547,0.008060522442502605,8.060522442502604e-06,-0.001576183645728979,2.005261116227844,2.00210045645103,0.40000000000000002,CASH,0,0,0,
2025-02-28,2025-03-01,bear,0.0200328983233233,0.3885145873243386,0.39750750130328383,0.00899291397894525,8.99291397894525e-06,0.00777401031850955,2.00210045645103,2.017664806058173,0.40000000000000002,CASH,0,0,0,
2025-03-01,2025-03-02,bear,0.0951940012733585,0.3925414278796403,0.39323706765697786,0.0006956397773375533,6.956397773375534e-07,0.03736686755126173,2.017664806058173,2.093058619628991,0.40000000000000002,CASH,0,0,0,
2025-03-02,2025-03-03,mix,-0.0854547441205706,0.4194688148492158,0.41442302761997923,0.0050457872292365424,5.045787229236543e-06,-0.03585046515745616,2.093058619628991,2.0180214945134685,0.40000000000000002,ABSTAIN,0.050000000000000003,0,0,
2025-03-03,2025-03-04,bear,0.0122561614296303,0.3835123879894995,0.3978856651019901,0.01437327711249059,1.437327711249059e-05,0.00468594890034546,2.0180214945134685,2.0274778401165574,0.40000000000000002,CASH,0,0,0,
2025-03-04,2025-03-05,bear,0.0383355315855031,0.3931917939851908,0.38639656328630023,0.006795230698890542,6.7952306988905424e-06,0.015066318780797783,2.0274778401165574,2.058024467576757,0.40000000000000002,CASH,0,0,0,
2025-03-05,2025-03-06,bear,-0.0075133785151365,0.3953077557434904,0.4022025247159267,0.006894768972436294,6.894768972436294e-06,-0.002976971089711067,2.058024467576757,2.051897788234863,0.40000000000000002,CASH,0,0,0,
2025-03-06,2025-03-07,bear,-0.0378034691079484,0.3980263471650193,0.3935064110764936,0.004519936088525689,4.519936088525689e-06,-0.01505122864482178,2.051897788234863,2.021014205468336,0.40000000000000002,ABSTAIN,0,0,0,
2025-03-07,2025-03-08,bear,-0.0035744332680004,0.3886574077356065,0.38883021182482524,0.00017280408921876989,1.728040892187699e-07,-0.0013894025320895231,2.021014205468336,2.0182062032138695,0.40000000000000002,CASH,0,0,0,
2025-03-08,2025-03-09,bear,-0.0641403170192258,0.393020682152718,0.38780693077760103,0.005213751375116982,5.2137513751169815e-06,-0.025213553469061734,2.0182062032138695,1.9673200531975445,0.40000000000000002,CASH,0,0,0,
2025-03-09,2025-03-10,bear,-0.0262195817160647,0.3805923913122721,0.37732397145228014,0.003268419859991989,3.268419859991989e-06,-0.009982209108910012,1.9673200531975445,1.9476818530423747,0.40000000000000002,CASH,0,0,0,
2025-03-10,2025-03-11,bear,0.0552993984160539,0.3783810265480137,0.3743490370550948,0.004031989492918886,4.031989492918886e-06,0.020920126784332638,1.9476818530423747,1.9884276043435651,0.40000000000000002,CASH,0,0,0,
2025-03-11,2025-03-12,bear,0.0089627368667322,0.3816775162815845,0.3911213514334682,0.00944383515188374,9.44383515188374e-06,0.0034113990050468335,1.9884276043435651,1.9952109242946305,0.40000000000000002,CASH,0,0,0,
2025-03-12,2025-03-13,bear,-0.030647480466579,0.3806886161270797,0.38378550911828074,0.003096892991201028,3.096892991201028e-06,-0.011670207687689227,1.9952109242946305,1.9719263984273658,0.40000000000000002,CASH,0,0,0,
2025-03-13,2025-03-14,bear,0.0354734020384661,0.3788807339855764,0.373377721941488,0.005503012044088429,5.503012044088429e-06,0.013434611627735737,1.9719263984273658,1.9984184637487172,0.40000000000000002,CASH,0,0,0,
2025-03-14,2025-03-15,bear,0.0043368966063366,0.3809736609900419,0.3871179838726724,0.006144322882630504,6.144322882630505e-06,0.0016460889026519432,1.9984184637487172,2.001708038204749,0.40000000000000002,CASH,0,0,0,
2025-03-15,2025-03-16,bear,-0.0209019780344861,0.3818194211682067,0.38199475606156935,0.00017533489336263308,1.7533489336263308e-07,-0.007980955089981978,2.001708038204749,1.985732496248581,0.40000000000000002,CASH,0,0,0,
2025-03-16,2025-03-17,bear,0.0174464508878835,0.3785105194021503,0.37684616679991256,0.0016643526022377397,1.6643526022377398e-06,0.006601989843867395,1.985732496248581,1.9988422820214515,0.40000000000000002,CASH,0,0,0,
2025-03-17,2025-03-18,bear,-0.0154726722852304,0.3790955637484552,0.382587703490817,0.0034921397423617884,3.4921397423617885e-06,-0.0058690930788372064,1.9988422820214515,1.9871108906183523,0.40000000000000002,CASH,0,0,0,
2025-03-18,2025-03-19,bear,0.0498300876097539,0.3787495774599085,0.3754320848051796,0.003317492654728915,3.3174926547289153e-06,0.018869744522877374,1.9871108906183523,2.024607165462948,0.40000000000000002,CASH,0,0,0,
2025-03-19,2025-03-20,bear,-0.0303186282976933,0.3886598799373212,0.39025732691935033,0.001597446982029127,1.597446982029127e-06,-0.011785213057296517,2.024607165462948,2.000746738660638,0.40000000000000002,CASH,0,0,0,
2025-03-20,2025-03-21,bear,-0.0016007961229382,0.3839584110180021,0.38137017219648794,0.002588238821514155,2.588238821514155e-06,-0.0006172257837157025,2.000746738660638,1.9995118261868514,0.40000000000000002,CASH,0,0,0,
2025-03-21,2025-03-22,bear,-0.0027690122785711,0.3822507369924325,0.3835795348760738,0.0013287978836413195,1.3287978836413195e-06,-0.0010597843756331438,1.9995118261868514,1.997392774794565,0.40000000000000002,CASH,0,0,0,
2025-03-22,2025-03-23,bear,0.0266804229459509,0.3798038226300659,0.3815961831534199,0.0017923605233540196,1.7923605233540196e-06,0.010131516101161253,1.997392774794565,2.0176293918527395,0.40000000000000002,CASH,0,0,0,
2025-03-23,2025-03-24,bear,0.0164108116648504,0.3849986524693332,0.38602542751207586,0.001026775042742678,1.026775042742678e-06,0.006317107114543807,2.0176293918527395,2.030374972838525,0.40000000000000002,CASH,0,0,0,
2025-03-24,2025-03-25,bear,-0.0009829694822265,0.3885905866544699,0.3888599212766542,0.00026933462218431403,2.6933462218431403e-07,-0.00038224191950553266,2.030374972838525,2.029598878411591,0.40000000000000002,CASH,0,0,0,
2025-03-25,2025-03-26,bear,-0.0056290329962015,0.3898902189416,0.3883569557168942,0.001533263224705761,1.533263224705761e-06,-0.0021962348054829217,2.029598878411591,2.0251414027136545,0.40000000000000002,CASH,0,0,0,
2025-03-26,2025-03-27,bear,0.0036381627393224,0.3933872144824005,0.38854826281340815,0.004838951668992342,4.838951668992342e-06,0.0014263608286466667,2.0251414027136545,2.0280299850829557,0.40000000000000002,CASH,0,0,0,
2025-03-27,2025-03-28,mix,-0.0323037733210131,0.4025367667956252,0.3942541619878077,0.008282604807817506,8.282604807817506e-06,-0.013011631370256183,2.0280299850829557,2.00164200650923,0.40000000000000002,ABSTAIN,0.050000000000000003,0,0,
2025-03-28,2025-03-29,bear,-0.0209061916541088,0.3979558938081795,0.3946653236836109,0.0032905701245685703,3.2905701245685704e-06,-0.008323005379265447,2.00164200650923,1.98498232932169,0.40000000000000002,ABSTAIN,0,0,0,
2025-03-29,2025-03-30,bear,-0.003316566984126,0.3876532538677185,0.3929050200930383,0.005251766225319809,5.251766225319809e-06,-0.0012909229972117853,1.98498232932169,1.9824198699837094,0.40000000000000002,CASH,0,0,0,
2025-03-30,2025-03-31,bear,0.002151226879167,0.3869947855152625,0.38686495964568823,0.00012982586957427378,1.2982586957427377e-07,0.0008323836507464488,1.9824198699837094,1.9840700038723988,0.40000000000000002,CASH,0,0,0,
2025-03-31,2025-04-01,bear,0.0316830771616303,0.383591836736441,0.3875046961762595,0.003912859439818506,3.912859439818506e-06,0.012149409348024776,1.9840700038723988,2.0081752825245816,0.40000000000000002,CASH,0,0,0,
2025-04-01,2025-04-02,bear,-0.0309895472510749,0.3960606173528953,0.39099332010467125,0.005067297248224023,5.067297248224023e-06,-0.012278744318310775,2.0081752825245816,1.9835174116841108,0.40000000000000002,CASH,0,0,0,
2025-04-02,2025-04-03,mix,0.0076873674644046,0.4018808579036564,0.3885559120726646,0.013324945830991808,1.3324945830991808e-05,0.003076039719619228,1.9835174116841108,1.9896187900270075,0.40000000000000002,ABSTAIN,0.050000000000000003,0,0,
2025-04-03,2025-04-04,mix,0.0085053523714697,0.4032887061941135,0.4037229995461169,0.0004342933520034009,4.3429335200340093e-07,0.0034296767705879194,1.9896187900270075,1.9964425393734884,0.40000000000000002,ABSTAIN,0.050000000000000003,0,0,
2025-04-04,2025-04-05,mix,-0.0037511908779049,0.3983504669834948,0.4053284963839441,0.0069780294004492815,6.978029400449281e-06,-0.0015012562401680585,1.9964425393734884,1.993445367553117,0.40000000000000002,ABSTAIN,0.050000000000000003,0,0,
2025-04-05,2025-04-06,mix,-0.0617674480952603,0.3983312017648437,0.39745008348945077,0.0008811182753929447,8.811182753929448e-07,-0.024604761269060416,1.993445367553117,1.9443971201815582,0.40000000000000002,ABSTAIN,0.050000000000000003,0,0,
2025-04-06,2025-04-07,bear,0.0098378263914489,0.3799277164845849,0.3831543930062681,0.0032266765216831805,3.2266765216831806e-06,0.003734424179324236,1.9443971201815582,1.9516583238013727,0.40000000000000002,CASH,0,0,0,
2025-04-07,2025-04-08,bear,-0.0360018948365703,0.3883428846621908,0.38223670743412075,0.006106177228070053,6.106177228070053e-06,-0.013987100500416183,1.9516583238013727,1.924360282683889,0.40000000000000002,CASH,0,0,0,
2025-04-08,2025-04-09,bear,0.0824832104832105,0.3810378486565061,0.37967000151673136,0.001367847139774725,1.367847139774725e-06,0.03142781423528884,1.924360282683889,1.9848387201698463,0.40000000000000002,CASH,0,0,0,
2025-04-09,2025-04-10,mix,-0.0363104821625286,0.4147675453555974,0.3998985715187545,0.01486897383684288,1.486897383684288e-05,-0.01507505459823133,1.9848387201698463,1.9549171680946023,0.40000000000000002,ABSTAIN,0.050000000000000003,0,0,
2025-04-10,2025-04-11,bear,0.0478045410294256,0.3921306095323865,0.4058189351680775,0.013688325635691001,1.3688325635691e-05,0.018731678890446135,1.9549171680946023,1.9915360487447706,0.40000000000000002,CASH,0,0,0,
2025-04-11,2025-04-12,mix,0.0225336308085899,0.4103424394151407,0.40331582658202386,0.007026612833116841,7.0266128331168415e-06,0.009239413450432776,1.9915360487447706,2.009936673700565,0.40000000000000002,ABSTAIN,0.050000000000000003,0,0,
2025-04-12,2025-04-13,mix,-0.0182700277983931,0.4162227032743265,0.41574475844780634,0.00047794482652013803,4.77944826520138e-07,-0.007604874669486894,2.009936673700565,1.9946513572034668,0.40000000000000002,ABSTAIN,0.050000000000000003,0,0,
2025-04-13,2025-04-14,mix,0.0101750296174571,0.4064372158556306,0.4117494102785821,0.0053121944229514995,5.312194422951499e-06,0.00413017654590786,1.9946513572034668,2.0028896194562518,0.40000000000000002,ABSTAIN,0.050000000000000003,0,0,
2025-04-14,2025-04-15,mix,-0.0111058042427623,0.4096228451570038,0.4088817915369953,0.000741053620008536,7.410536200085361e-07,-0.004549928814102544,2.0028896194562518,1.993776614265221,0.40000000000000002,ABSTAIN,0.050000000000000003,0,0,
2025-04-15,2025-04-16,mix,0.0046050665295827,0.4084112090417691,0.4069248328662612,0.0014863761755078975,1.4863761755078974e-06,0.0018792716173712254,1.993776614265221,1.997523462067788,0.40000000000000002,ABSTAIN,0.050000000000000003,0,0,
2025-04-16,2025-04-17,mix,0.0108030017064888,0.4114246078624862,0.4095217573673084,0.0019028504951777991,1.9028504951777991e-06,0.0044427094328860495,1.997523462067788,2.0063978783951275,0.40000000000000002,ABSTAIN,0.050000000000000003,0,0,
2025-04-17,2025-04-18,mix,-0.0054791617612431,0.4189260581804895,0.41402902660436475,0.004897031576124755,4.897031576124755e-06,-0.00230024942987872,2.0063978783951275,2.0017826628192394,0.40000000000000002,ABSTAIN,0.050000000000000003,0,0,
2025-04-18,2025-04-19,mix,0.0070257805304789,0.4165430804287226,0.41758921363864776,0.0010461332099251375,1.0461332099251375e-06,0.0029254910698208736,2.0017826628192394,2.0076388601230395,0.40000000000000002,ABSTAIN,0.050000000000000003,0,0,
2025-04-19,2025-04-20,mix,0.0013036614194978,0.4200533066803476,0.4182456080807716,0.0018076985995760242,1.8076985995760243e-06,0.0005457986015431349,2.0076388601230395,2.0087346266052983,0.40000000000000002,ABSTAIN,0.050000000000000003,0,0,
2025-04-20,2025-04-21,mix,0.0274363399429435,0.4204957478430674,0.42037071590184727,0.00012503194122015504,1.2503194122015504e-07,0.011536737807966713,2.0087346266052983,2.0319088713182274,0.40000000000000002,ABSTAIN,0.050000000000000003,0,0,
2025-04-21,2025-04-22,mix,0.0677121897710133,0.4220680025332243,0.4271051578846307,0.005037155351406419,5.037155351406419e-06,0.028573967570839187,2.0319088713182274,2.0899685695141748,0.40000000000000002,ABSTAIN,0.050000000000000003,0,0,
2025-04-22,2025-04-23,mix,0.0027375299517669,0.4224207180371342,0.43812588636828464,0.015705168331150432,1.5705168331150433e-05,0.0011406660382526912,2.0899685695141748,2.0923525256824353,0.40000000000000002,ABSTAIN,0.050000000000000003,0,0,
2025-04-23,2025-04-24,mix,0.0030160825719307,0.4223728487517539,0.42308785310999497,0.000715004358241067,7.15004358241067e-07,0.0012731954727664974,2.0923525256824353,2.0950164994455656,0.40000000000000002,ABSTAIN,0.050000000000000003,0,0,
2025-04-24,2025-04-25,mix,0.0074121917040059,0.4224463306980658,0.4231077583480298,0.0006614276499640193,6.614276499640193e-07,0.0031305896890403417,2.0950164994455656,2.1015751364970994,0.40000000000000002,ABSTAIN,0.050000000000000003,0,0,
2025-04-25,2025-04-26,mix,-0.0004805818525954,0.4224770263328199,0.42424915237506305,0.0017721260422431384,1.7721260422431384e-06,-0.0002048065582330727,2.1015751364970994,2.101144720126525,0.40000000000000002,ABSTAIN,0.050000000000000003,0,0,
2025-04-26,2025-04-27,mix,-0.0093932880629473,0.4224629505336331,0.42235974526385217,0.00010320526978091493,1.0320526978091493e-07,-0.003968418986003641,2.101144720126525,2.092806497526834,0.40000000000000002,ABSTAIN,0.050000000000000003,0,0,
2025-04-27,2025-04-28,mix,0.0133610688855108,0.4224724601676059,0.42016196989100857,0.0023104902765973545,2.3104902765973543e-06,0.005642360110267308,2.092806497526834,2.1046148654269876,0.40000000000000002,ABSTAIN,0.050000000000000003,0,0,
2025-04-28,2025-04-29,mix,-0.0076340860045265,0.4225056489036395,0.4257141222677774,0.003208473364137876,3.208473364137876e-06,-0.0032286425857401824,2.1046148654269876,2.097819816245888,0.40000000000000002,ABSTAIN,0.050000000000000003,0,0,
2025-04-29,2025-04-30,bull,-0.0009059104824663,0.4225264908199321,0.4206369455486769,0.0018895452712551775,1.8895452712551774e-06,-0.00038465999916126314,2.097819816245888,2.0970128688771306,0.40000000000000002,ABSTAIN,0.12500000000000003,0,0,
2025-04-30,2025-05-01,mix,0.0245783802837837,0.4192008302289723,0.42230536596482715,0.003104535735854841,3.104535735854841e-06,0.010300140898016785,2.0970128688771306,2.1186123968915194,0.40000000000000002,ABSTAIN,0.050000000000000003,0,0,
2025-05-01,2025-05-02,bull,0.0040943302179392,0.4198709750838906,0.42512393778050805,0.005252962696617458,5.252962696617458e-06,0.001713828427907238,2.1186123968915194,2.1222433350450287,0.40000000000000002,ABSTAIN,0.10000000000000003,0,0,
2025-05-02,2025-05-03,bull,-0.0104092702983865,0.4796031892239814,0.42086655783674876,0.05873663138723262,5.873663138723262e-05,-0.005050762631973349,2.1222433350450287,2.1115243877124286,0.5,BTC,0.10000000000000003,0,0,
2025-05-03,2025-05-04,bull,-0.0163621725010377,0.4784335780770552,0.4769921671613,0.0014414109157552257,1.4414109157552258e-06,-0.007829642862029917,2.1115243877124286,2.094991905862174,0.5,BTC,0.10000000000000003,0,0,
2025-05-04,2025-05-05,mix,0.0045410737630267,0.4184177395355296,0.4743184309235691,0.05590069138803955,5.590069138803955e-05,0.001844058912608748,2.094991905862174,2.0988551943580225,0.40000000000000002,ABSTAIN,0.050000000000000003,0,0,
2025-05-05,2025-05-06,bull,0.0219557296834034,0.4199147903187268,0.41952068843406665,0.0003941018846601585,3.941018846601585e-07,0.009219137890979834,2.0988551943580225,2.1182048298080085,0.40000000000000002,ABSTAIN,0.10000000000000003,0,0,
2025-05-06,2025-05-07,bull,0.0021657540273525,0.4797391876296918,0.42521404986350747,0.05452513776618434,5.452513776618434e-05,0.0009844152884628254,2.1182048298080085,2.120290023026567,0.5,BTC,0.10000000000000003,0,0,
2025-05-07,2025-05-08,bull,0.0642983827501595,0.47950956860596183,0.4802791760469925,0.0007696074410306619,7.69607441030662e-07,0.030830896438851063,2.120290023026567,2.1856604651468285,0.5,BTC,0.10000000000000003,0,0,
2025-05-08,2025-05-09,bull,-0.0028971389784292,0.48029351773942475,0.4950771919828612,0.014783674243436462,1.4783674243436462e-05,-0.001406240174429474,2.1856604651468285,2.182586901593077,0.5,BTC,0.10000000000000003,0,0,
2025-05-09,2025-05-10,bull,0.0177023377496112,0.480266004876101,0.4795693504233215,0.0006966544527794993,6.966544527794993e-07,0.00850112845068196,2.182586901593077,2.2011413531982953,0.5,BTC,0.10000000000000003,0,0,
2025-05-10,2025-05-11,bull,-0.0064772228477643,0.48031049570043977,0.4846474452167029,0.004336949516263122,4.336949516263122e-06,-0.0031154015736994944,2.2011413531982953,2.1942839139626065,0.5,BTC,0.10000000000000003,0,0,
2025-05-11,2025-05-12,bull,-0.0127181153908212,0.4803049673422091,0.47868865538418054,0.0016163119580285823,1.6163119580285823e-06,-0.006110180436039614,2.1942839139626065,2.1808764433203955,0.5,BTC,0.10000000000000003,0,0,
2025-05-12,2025-05-13,bull,0.0128819495111629,0.48028333476116997,0.4771108603401376,0.0031724744210323563,3.172474421032356e-06,0.006183793566971518,2.1808764433203955,2.1943625330409597,0.5,BTC,0.10000000000000003,0,0,
2025-05-13,2025-05-14,bull,-0.0058135291089443,0.48030558103810883,0.48347904252304863,0.003173461484939799,3.173461484939799e-06,-0.0027954350768756298,2.1943625330409597,2.1882283350447156,0.5,BTC,0.10000000000000003,0,0,
2025-05-14,2025-05-15,bull,0.0024296253933047,0.480279724150451,0.47885039036926963,0.0014293337811813744,1.4293337811813744e-06,0.001165468812014847,2.1882283350447156,2.1907786469227775,0.5,BTC,0.10000000000000003,0,0,
2025-05-15,2025-05-16,bull,-0.0027456165542656,0.4803066665571161,0.480885478788534,0.000578812231417869,5.78812231417869e-07,-0.001319315983753122,2.1907786469227775,2.1878883176370274,0.5,BTC,0.10000000000000003,0,0,
2025-05-16,2025-05-17,bull,-0.0035552592034246,0.48028534759899616,0.4796204222674529,0.0006649253315432757,6.649253315432757e-07,-0.0017082026922670135,2.1878883176370274,2.18415096092246,0.5,BTC,0.10000000000000003,0,0,
2025-05-17,2025-05-18,bull,0.0328951069025511,0.48027538528635716,0.47939639669366196,0.0008789885926951957,8.789885926951957e-07,0.015797817266179903,2.18415096092246,2.218655778684864,0.5,BTC,0.10000000000000003,0,0,
2025-05-18,2025-05-19,bull,-0.0086259266040401,0.48030977219073245,0.48835865853662647,0.008048886345894013,8.048886345894014e-06,-0.004151132380989742,2.218655778684864,2.2094458448396956,0.5,BTC,0.10000000000000003,0,0,
2025-05-19,2025-05-20,bull,0.0116492937497276,0.4802957350227523,0.4781476770423871,0.0021480579803652144,2.1480579803652146e-06,0.005592946027428658,2.2094458448396956,2.2218031562004104,0.5,BTC,0.10000000000000003,0,0,
2025-05-20,2025-05-21,bull,0.0264408448937329,0.48030158851344257,0.4831873565984836,0.0028857680850410405,2.8857680850410406e-06,0.012696657387970323,2.2218031562004104,2.250012629658198,0.5,BTC,0.10000000000000003,0,0,
2025-05-21,2025-05-22,bull,0.0188124600397117,0.48030503621339216,0.48681877444138877,0.006513738227996613,6.513738227996613e-06,0.009029146706098556,2.250012629658198,2.2703283237819565,0.5,BTC,0.10000000000000003,0,0,
2025-05-22,2025-05-23,bull,-0.0392944843768324,0.48030653753376246,0.48495880388970897,0.0046522663559465105,4.6522663559465106e-06,-0.018877962197493492,2.2703283237819565,2.227469151509702,0.5,BTC,0.10000000000000003,0,0,
2025-05-23,2025-05-24,bull,0.0041895979439661,0.47998204591926324,0.470309477628473,0.009672568290790218,9.672568290790218e-06,0.002001239773558039,2.227469151509702,2.2319268513700767,0.5,BTC,0.10000000000000003,0,0,
2025-05-24,2025-05-25,bull,0.0116746935404545,0.47980521964638073,0.48102566790328427,0.001220448256903539,1.220448256903539e-06,0.005600351613787913,2.2319268513700767,2.244426426514004,0.5,BTC,0.10000000000000003,0,0,
2025-05-25,2025-05-26,bull,0.0039827152725482,0.480112403161106,0.48270290016506207,0.0025904970039560826,2.5904970039560828e-06,0.0019095555501842387,2.244426426514004,2.248712283453734,0.5,BTC,0.10000000000000003,0,0,
2025-05-26,2025-05-27,bull,-0.004671313312375,0.48018942724126484,0.4811046095012599,0.0009151822599950399,9.151822599950399e-07,-0.002244028393334485,2.248712283453734,2.243666109241224,0.5,BTC,0.10000000000000003,0,0,
2025-05-27,2025-05-28,bull,-0.0106228888236158,0.4801505340087201,0.4790208108699353,0.0011297231387847884,1.1297231387847883e-06,-0.005101709702263424,2.243666109241224,2.232219576083068,0.5,BTC,0.10000000000000003,0,0,
