decision_date,return_date,hard_regime,asset_simple_return,desired_exposure_no_controller,counterfactual_pretrade_exposure,counterfactual_turnover,fee_fraction,counterfactual_net_return,wealth_before,wealth_after,original_controller_exposure,action,beta,retrieved_memory_count,cited_memory_count,projection_changes_selected_target
2021-01-01,2021-01-02,bull,0.0965057782894354,0.525,0.0,0.525,0.0005250000000000001,0.05011393419681265,1.0,1.0501139341968126,0.35000000000000003,BTC,0.050000000000000003,0,0,True
2021-01-02,2021-01-03,bull,0.0237813458079787,0.525,0.5479056038208686,0.022905603820868592,2.2905603820868592e-05,0.012462014964172985,1.0501139341968126,1.06320046975886,0.5,BTC,0.050000000000000003,0,0,True
2021-01-03,2021-01-04,bull,-0.0284081082803128,0.525,0.5308573429740049,0.005857342974004864,5.8573429740048646e-06,-0.014920026832220601,1.06320046975886,1.0473374902220283,0.5,BTC,0.050000000000000003,0,0,True
2021-01-04,2021-01-05,bull,0.0614847014296153,0.525,0.5178084716973679,0.007191528302632144,7.191528302632144e-06,0.03227204458353583,1.0473374902220283,1.081137212400482,0.5,BTC,0.050000000000000003,0,0,True
2021-01-05,2021-01-06,bull,0.0824235470632364,0.525,0.5398532910811406,0.01485329108114053,1.485329108114053e-05,0.043256866180126474,1.081137212400482,1.1279038201196447,0.5,BTC,0.050000000000000003,0,0,True
2021-01-06,2021-01-07,bull,0.0724862202798344,0.525,0.5447018274359238,0.019701827435923747,1.9701827435923747e-05,0.03803481406120035,1.1279038201196447,1.170803432196813,0.5,BTC,0.050000000000000003,0,0,True
2021-01-07,2021-01-08,bull,0.0288670609880337,0.525,0.5424135730345905,0.017413573034590457,1.741357303459046e-05,0.015137529539378747,1.170803432196813,1.1885265037364983,0.5,BTC,0.050000000000000003,0,0,True
2021-01-08,2021-01-09,bull,-0.0110198944316773,0.525,0.5320912539128199,0.007091253912819839,7.09125391281984e-06,-0.005792494804486958,1.1885265037364983,1.1816419701386096,0.5,BTC,0.050000000000000003,0,0,True
2021-01-09,2021-01-10,bull,-0.0488071548295349,0.525,0.5222359224083888,0.002764077591611236,2.764077591611236e-06,-0.025626449537046847,1.1816419701386096,1.151360681819996,0.5,BTC,0.050000000000000003,0,0,True
2021-01-10,2021-01-11,bull,-0.0693309105000495,0.525,0.5125086402053316,0.012491359794668422,1.2491359794668422e-05,-0.03641076470271298,1.151360681819996,1.1094387589462928,0.5,BTC,0.050000000000000003,0,0,True
2021-01-11,2021-01-12,bull,-0.0413062009942524,0.525,0.5070575207727885,0.017942479227211483,1.7942479227211485e-05,-0.021703308904991725,1.1094387589462928,1.0853602668497109,0.5,BTC,0.050000000000000003,0,0,True
2021-01-12,2021-01-13,bull,0.0970210792901768,0.525,0.5144709354064065,0.010529064593593485,1.0529064593593485e-05,0.050925001253613544,1.0853602668497109,1.1406322397996547,0.5,BTC,0.050000000000000003,0,0,True
2021-01-13,2021-01-14,bull,0.0479773796084768,0.525,0.548021982417668,0.023021982417667952,2.3021982417667953e-05,0.025164522431478042,1.1406322397996547,1.1693357053841602,0.5,BTC,0.050000000000000003,0,0,True
2021-01-14,2021-01-15,bull,-0.0594730917379905,0.525,0.5366704034667763,0.01167040346677628,1.167040346677628e-05,-0.03123467917654943,1.1693357053841602,1.1328118797768019,0.5,BTC,0.050000000000000003,0,0,True
2021-01-15,2021-01-16,bull,-0.0224258938603586,0.525,0.5096908958770242,0.015309104122975814,1.5309104122975814e-05,-0.011788723137630464,1.1328118797768019,1.1194574741590944,0.5,BTC,0.050000000000000003,0,0,True
2021-01-16,2021-01-17,bull,-0.0049945168589237,0.525,0.5193409149471839,0.005659085052816093,5.659085052816093e-06,-0.0026277655971800318,1.1194574741590944,1.1165158023209931,0.5,BTC,0.050000000000000003,0,0,True
2021-01-17,2021-01-18,bull,0.0215850623332849,0.525,0.523751217900099,0.0012487820999009802,1.2487820999009802e-06,0.011330894791478974,1.1165158023209931,1.129166925410116,0.5,BTC,0.050000000000000003,0,0,True
2021-01-18,2021-01-19,bull,-0.0166688516709819,0.525,0.530322459963571,0.005322459963570947,5.322459963570947e-06,-0.00875642300959889,1.129166925410116,1.1192794621627769,0.5,BTC,0.050000000000000003,0,0,True
2021-01-19,2021-01-20,bull,-0.0146265995239271,0.525,0.5208065072424506,0.004193492757549433,4.193492757549433e-06,-0.00768312604113619,1.1192794621627769,1.1106798969797251,0.5,BTC,0.050000000000000003,0,0,True
2021-01-20,2021-01-21,bull,-0.1306280530946013,0.525,0.5213242659112224,0.003675734088777638,3.675734088777638e-06,-0.06858315152791095,1.1106798969797251,1.0345059693061602,0.5,BTC,0.050000000000000003,0,0,True
2021-01-21,2021-01-22,bull,0.0699822645020928,0.525,0.4900261308290671,0.034973869170932925,3.4973869170932925e-05,0.03670443003038226,1.0345059693061602,1.0724769212725709,0.45000000000000001,BTC,0.050000000000000003,0,0,True
2021-01-22,2021-01-23,bull,-0.0276238238814563,0.525,0.5418333580399346,0.016833358039934576,1.6833358039934577e-05,-0.014519096769902706,1.0724769212725709,1.056905525069127,0.45000000000000001,BTC,0.050000000000000003,0,0,True
2021-01-23,2021-01-24,bull,0.0047493058347278,0.525,0.5180099354558204,0.006990064544179608,6.990064544179609e-06,0.0024863780697619298,1.056905525069127,1.059533391788469,0.45000000000000001,BTC,0.050000000000000003,0,0,True
2021-01-24,2021-01-25,bull,0.0003411773098478,0.525,0.5261814124258485,0.0011814124258484604,1.1814124258484605e-06,0.0001779364636318448,1.059533391788469,1.0597219214133038,0.45000000000000001,BTC,0.050000000000000003,0,0,True
2021-01-25,2021-01-26,bull,0.0077451840643922,0.525,0.5250850658548102,8.506585481016238e-05,8.506585481016239e-08,0.004066136222054428,1.0597219214133038,1.0640308951032675,0.45000000000000001,BTC,0.050000000000000003,0,0,True
2021-01-26,2021-01-27,bull,-0.0645527519760261,0.525,0.5269236333564883,0.0019236333564882635,1.9236333564882636e-06,-0.033892053228461116,1.0640308951032675,1.0279687033697005,0.45000000000000001,BTC,0.050000000000000003,0,0,True
2021-01-27,2021-01-28,bull,0.0977108275226945,0.525,0.5083374607760252,0.01666253922397487,1.666253922397487e-05,0.05128066715218016,1.0279687033697005,1.0806836242900604,0.45000000000000001,BTC,0.050000000000000003,0,0,True
2021-01-28,2021-01-29,bull,0.0277754473435045,0.525,0.5481776654558129,0.0231776654558129,2.3177665455812902e-05,0.014558594210620113,1.0806836242900604,1.0964168586461616,0.45000000000000001,BTC,0.050000000000000003,0,0,True
2021-01-29,2021-01-30,bull,-0.0005451608953467,0.525,0.5318269508342446,0.006826950834244561,6.826950834244561e-06,-0.00029303446695316815,1.0964168586461616,1.0960955707164297,0.45000000000000001,BTC,0.050000000000000003,0,0,True
2021-01-30,2021-01-31,bull,-0.0342734466836429,0.525,0.5248640115805494,0.00013598841945061668,1.3598841945061668e-07,-0.017993693050416315,1.0960955707164297,1.0763727634630373,0.45000000000000001,BTC,0.050000000000000003,0,0,True
2021-01-31,2021-02-01,bull,0.0123111866884537,0.5120196039795376,0.516296451413843,0.004276847434305342,4.276847434305342e-06,0.006299265125903286,1.0763727634630373,1.0831531208743923,0.45000000000000001,BTC,0.050000000000000003,0,0,True
2021-02-01,2021-02-02,bull,0.0587635048648842,0.5121188538995755,0.5150763536116623,0.0029574997120868085,2.9574997120868085e-06,0.03009085226011754,1.0831531208743923,1.1157461214097089,0.45000000000000001,BTC,0.050000000000000003,0,0,True
2021-02-02,2021-02-03,bull,0.0609155366180831,0.512766155518186,0.5263721621043225,0.013606006586136421,1.3606006586136421e-05,0.031221394526990354,1.1157461214097089,1.1505812712582006,0.45000000000000001,BTC,0.050000000000000003,0,0,True
2021-02-03,2021-02-04,bull,-0.0176562151364791,0.5121917734957467,0.5275241400529682,0.015332366557221477,1.5332366557221478e-05,-0.009058561854297653,1.1505812712582006,1.1401586596441118,0.45000000000000001,BTC,0.050000000000000003,0,0,True
2021-02-04,2021-02-05,bull,0.0355712628541915,0.5120372558217762,0.507740085869745,0.004297169952031221,4.297169952031221e-06,0.01820943638017858,1.1401586596441118,1.160920306220211,0.45000000000000001,BTC,0.050000000000000003,0,0,True
2021-02-05,2021-02-06,bull,0.0250407336229947,0.5120578133626759,0.520765934900266,0.008708121537590152,8.708121537590153e-06,0.012813483524274583,1.160920306220211,1.1757957394369594,0.45000000000000001,BTC,0.050000000000000003,0,0,True
2021-02-06,2021-02-07,bull,-0.0102836210981083,0.4863458650468502,0.5182351484109514,0.03188928336410124,3.188928336410124e-05,-0.0050331263911842505,1.1757957394369594,1.1698778108701573,0.45000000000000001,ABSTAIN,0.050000000000000003,0,0,True
2021-02-07,2021-02-08,bull,0.1941373745589132,0.4863207402236667,0.4837639638916938,0.002556776331972932,2.556776331972932e-06,0.09441023353123312,1.1698778108701573,1.2803262481974167,0.45000000000000001,ABSTAIN,0.050000000000000003,0,0,True
2021-02-08,2021-02-09,bull,0.0024334151656295,0.5120331228301722,0.5306349203662669,0.0186017975360947,1.86017975360947e-05,0.0012273641912252664,1.2803262481974167,1.28189767478754,0.45000000000000001,BTC,0.050000000000000003,0,0,True
2021-02-09,2021-02-10,bull,-0.0359632412070025,0.5119900406517027,0.5126403676522181,0.0006503270005153716,6.503270005153716e-07,-0.018413459680185817,1.28189767478754,1.2582935036387155,0.45000000000000001,BTC,0.050000000000000003,0,0,True
2021-02-10,2021-02-11,bull,0.0703608707288785,0.5119898856114216,0.5028358459120231,0.00915403969939843,9.15403969939843e-06,0.036014570350677344,1.2582935036387155,1.3036104035473124,0.5,BTC,0.050000000000000003,0,0,True
2021-02-11,2021-02-12,bull,-0.0128983323852329,0.5119898977559922,0.5289587028110674,0.016968805055075142,1.6968805055075142e-05,-0.006620672625328949,1.3036104035473124,1.2949796258344526,0.5,BTC,0.050000000000000003,0,0,True
2021-02-12,2021-02-13,bull,-0.0042852589204103,0.5119898806718349,0.5087457451068346,0.003244135565000361,3.2441355650003614e-06,-0.002197246221210536,1.2949796258344526,1.2921342367450432,0.5,BTC,0.050000000000000003,0,0,True
2021-02-13,2021-02-14,bull,0.0312643765887126,0.5119898833511396,0.5109168276906046,0.0010730556605349495,1.0730556605349496e-06,0.016005954290590596,1.2921342367450432,1.3128160782756915,0.5,BTC,0.050000000000000003,0,0,True
2021-02-14,2021-02-15,bull,-0.0145364016495557,0.5119899020100839,0.5196784123892395,0.007688510379155633,7.688510379155634e-06,-0.007450122144846194,1.3128160782756915,1.3030354381388196,0.5,BTC,0.050000000000000003,0,0,True
2021-02-15,2021-02-16,bull,0.0257299791598433,0.5119898848636114,0.5083306574237179,0.003659227439893553,3.6592274398935534e-06,0.013169781635358646,1.3030354381388196,1.3201961303222418,0.5,BTC,0.050000000000000003,0,0,True
2021-02-16,2021-02-17,bull,0.0591726205366311,0.5119898849668044,0.5183350922599672,0.006345207293162791,6.345207293162791e-06,0.03028924574141656,1.3201961303222418,1.3601838753404394,0.5,BTC,0.050000000000000003,0,0,True
2021-02-17,2021-02-18,bull,-0.0095431573449669,0.5119898819891752,0.5263397919322405,0.014349909943065287,1.4349909943065287e-05,-0.004900279799136875,1.3601838753404394,1.353518593772997,0.5,BTC,0.050000000000000003,0,0,True
2021-02-18,2021-02-19,bull,0.0838351214178534,0.5119898801745244,0.5095937570848924,0.0023961230896319963,2.3961230896319963e-06,0.042920234797900525,1.353518593772997,1.411611929621058,0.5,BTC,0.050000000000000003,0,0,True
2021-02-19,2021-02-20,bull,0.0003058672857945,0.5119898800418518,0.5320745209361796,0.02008464089432782,2.008464089432782e-05,0.00013651316879448316,1.411611929621058,1.4118046332386787,0.5,BTC,0.050000000000000003,0,0,True
2021-02-20,2021-02-21,bull,0.0270028628291763,0.5119898799586611,0.512066290926651,7.641096798993718e-05,7.641096798993718e-08,0.013825115031085966,1.4118046332386787,1.4313229946946235,0.5,BTC,0.050000000000000003,0,0,True
2021-02-21,2021-02-22,bull,-0.0578405050684439,0.5119898799570384,0.518644709509835,0.006654829552796615,6.654829552796615e-06,-0.02962021100171952,1.4313229946946235,1.3889269055801556,0.5,BTC,0.050000000000000003,0,0,True
2021-02-22,2021-02-23,bull,-0.0961084273670438,0.5119898799570252,0.4970970356641904,0.014892844292834773,1.4892844292834773e-05,-0.049220702209432976,1.3889269055801556,1.3205629479699255,0.5,BTC,0.050000000000000003,0,0,True
2021-02-23,2021-02-24,bull,0.0160760725559789,0.5119898799575843,0.48673382632723394,0.025256053630350328,2.5256053630350327e-05,0.008205322527310432,1.3205629479699255,1.3313985928756347,0.5,BTC,0.050000000000000003,0,0,True
2021-02-24,2021-02-25,bull,-0.0557170883847275,0.5119898810376281,0.5159737962805362,0.003983915242908087,3.983915242908087e-06,-0.028530455721603953,1.3313985928756347,1.2934131842737906,0.5,BTC,0.050000000000000003,0,0,True
2021-02-25,2021-02-26,bull,-0.0124210234718774,0.5119898811151076,0.49765983128795777,0.014330049827149804,1.4330049827149805e-05,-0.006373677249453591,1.2934131842737906,1.2851693860870415,0.5,BTC,0.050000000000000003,0,0,True
2021-02-26,2021-02-27,bull,-0.0045074397569564,0.5119899241557532,0.5088665482163485,0.0031233759394047045,3.1233759394047044e-06,-0.0023108799072264485,1.2851693860870415,1.2821995139753504,0.5,BTC,0.050000000000000003,0,0,True
2021-02-27,2021-02-28,bull,-0.0210829990007953,0.5119899998963336,0.5108611071553646,0.0011288927409690563,1.1288927409690563e-06,-0.010795401363382973,1.2821995139753504,1.268357655594052,0.5,BTC,0.050000000000000003,0,0,True
2021-02-28,2021-03-01,bull,0.0981201842175183,0.5031813105113957,0.5066647993091373,0.0034834887977416296,3.4834887977416295e-06,0.049368587405737685,1.268357655594052,1.3309746813759833,0.5,BTC,0.050000000000000003,0,0,True
2021-03-01,2021-03-02,bull,-0.0236170620318376,0.5032082470851995,0.526556288430072,0.02334804134487245,2.334804134487245e-05,-0.011907370952551566,1.3309746813759833,1.3151262721163854,0.5,BTC,0.050000000000000003,0,0,True
2021-03-02,2021-03-03,bull,0.0407007240181562,0.5031809274589121,0.49723321559505523,0.005947711863856842,5.947711863856842e-06,0.020473758539724995,1.3151262721163854,1.342051849860945,0.5,BTC,0.050000000000000003,0,0,True
2021-03-03,2021-03-04,bull,-0.0390335568338985,0.5031816769832249,0.5131515010093657,0.009969824026140772,9.969824026140773e-06,-0.019650744593306735,1.342051849860945,1.3156795317283527,0.5,BTC,0.050000000000000003,0,0,True
2021-03-04,2021-03-05,bull,0.007526637482448,0.5031821693509453,0.49322818670431795,0.009953982646627335,9.953982646627336e-06,0.003777278095272063,1.3156795317283527,1.320649219203948,0.5,BTC,0.050000000000000003,0,0,True
2021-03-05,2021-03-06,bull,0.0012932315417328,0.5031999070871845,0.5050566533287919,0.0018567462416073655,1.8567462416073655e-06,0.0006488960371155983,1.320649219203948,1.3215061832487094,0.5,BTC,0.050000000000000003,0,0,True
2021-03-06,2021-03-07,bull,0.0435303220101688,0.5032421751175556,0.503522991482236,0.00028081636468035853,2.8081636468035856e-07,0.021906006963954505,1.3215061832487094,1.3504551069018647,0.5,BTC,0.050000000000000003,0,0,True
2021-03-07,2021-03-08,bull,0.0260619862187465,0.5032386962461922,0.513891021288184,0.010652325041991761,1.0652325041991761e-05,0.013104607931762935,1.3504551069018647,1.3681522916072606,0.5,BTC,0.050000000000000003,0,0,True
2021-03-08,2021-03-09,bull,0.0490910133623903,0.5032520994310399,0.509669575874251,0.006417476443211112,6.417476443211112e-06,0.024698579516623242,1.3681522916072606,1.4019437097723728,0.5,BTC,0.050000000000000003,0,0,True
2021-03-09,2021-03-10,bull,0.0177280927130596,0.5031878385264021,0.5152284558300673,0.012040617303665124,1.2040617303665124e-05,0.0089084126271195,1.4019437097723728,1.4144328028190198,0.5,BTC,0.050000000000000003,0,0,True
2021-03-10,2021-03-11,bull,0.0348707922201392,0.5031801702847488,0.5075804965736732,0.004400326288924394,4.400326288924395e-06,0.01754181363159857,1.4144328028190198,1.4392445194404906,0.5,BTC,0.050000000000000003,0,0,True
2021-03-11,2021-03-12,bull,-0.0092457547210615,0.5031800571133166,0.511747196144446,0.008567139031129378,8.567139031129379e-06,-0.004660806670906181,1.4392445194404906,1.4325364789832171,0.5,BTC,0.050000000000000003,0,0,True
2021-03-12,2021-03-13,bull,0.0686316796792463,0.5031792358575663,0.5008579086497454,0.0023213272078208558,2.3213272078208556e-06,0.03453163464461895,1.4325364789832171,1.4820043052905545,0.5,BTC,0.050000000000000003,0,0,True
2021-03-13,2021-03-14,bull,-0.0340156842110423,0.5031792142071826,0.5197637324744125,0.016584518267229953,1.6584518267229953e-05,-0.0171322859099291,1.4820043052905545,1.4566141838125708,0.5,BTC,0.050000000000000003,0,0,True
2021-03-14,2021-03-15,bull,-0.0562035534909842,0.503179081803118,0.4945275552983608,0.008651526504757201,8.6515265047572e-06,-0.028288859297086688,1.4566141838125708,1.4154082301165563,0.5,BTC,0.050000000000000003,0,0,True
2021-03-15,2021-03-16,bull,0.0196876573946116,0.5031791690021093,0.4887198477747672,0.01445932122734217,1.445932122734217e-05,0.00989181652609572,1.4154082301165563,1.429409188638395,0.5,BTC,0.050000000000000003,0,0,True
2021-03-16,2021-03-17,bull,0.0355741021661215,0.5031829898937773,0.5080526060554873,0.00486961616171,4.8696161617099995e-06,0.01789532630706625,1.429409188638395,1.454988932495398,0.5,BTC,0.050000000000000003,0,0,True
2021-03-17,2021-03-18,bull,-0.0213448530472641,0.5031837708367051,0.5119197642840853,0.008735993447380186,8.735993447380187e-06,-0.01074902580980397,1.454988932495398,1.4393492189070258,0.5,BTC,0.050000000000000003,0,0,True
2021-03-18,2021-03-19,bull,0.0074927154155681,0.5031803242945474,0.49778984105963187,0.005390483234915533,5.390483234915533e-06,0.0037647761662877866,1.4393492189070258,1.444768046541332,0.5,BTC,0.050000000000000003,0,0,True
2021-03-19,2021-03-20,bull,9.29624018730646e-05,0.5031867680968977,0.5050463919397236,0.001859623842825897,1.8596238428258972e-06,4.4917739721705985e-05,1.444768046541332,1.4448329422564048,0.5,BTC,0.050000000000000003,0,0,True
2021-03-20,2021-03-21,bull,-0.0122148126981722,0.5031961881222075,0.503210006666246,1.381854403859073e-05,1.381854403859073e-08,-0.006146460921956143,1.4448329422564048,1.4359523330380708,0.5,BTC,0.050000000000000003,0,0,True
2021-03-21,2021-03-22,bull,-0.0562092437238383,0.5031859453255514,0.5001237249971952,0.0030622203283562355,3.0622203283562355e-06,-0.02828667704861665,1.4359523330380708,1.3953340131362153,0.5,BTC,0.050000000000000003,0,0,True
2021-03-22,2021-03-23,bull,0.0054322236850121,0.4770554538610598,0.4887252015734609,0.01166974771240109,1.166974771240109e-05,0.0025797719459921264,1.3953340131362153,1.3989336566785928,0.5,ABSTAIN,0.050000000000000003,0,0,True
2021-03-23,2021-03-24,bull,-0.0390634038841191,0.4774069544327175,0.4784071471011194,0.0010001926684019002,1.0001926684019002e-06,-0.018650122218027088,1.3989336566785928,1.3728433730066256,0.5,ABSTAIN,0.050000000000000003,0,0,True
2021-03-24,2021-03-25,bull,-0.0191704220130185,0.4777155176064449,0.46747583639109147,0.010239681215353402,1.0239681215353403e-05,-0.009168153980815275,1.3728433730066256,1.360256933571359,0.5,ABSTAIN,0.050000000000000003,0,0,True
2021-03-25,2021-03-26,bull,0.0723623064437874,0.5040141925619372,0.47288822370285505,0.031125968859082198,3.11259688590822e-05,0.036439368270523076,1.360256933571359,1.4098238369162983,0.5,BTC,0.050000000000000003,0,0,True
2021-03-26,2021-03-27,bull,0.0150228668092398,0.5042890453561439,0.5214670683275208,0.017178022971376827,1.717802297137683e-05,0.007558559000352627,1.4098238369162983,1.4204800735677336,0.5,BTC,0.050000000000000003,0,0,True
2021-03-27,2021-03-28,bull,-0.0017489245993316,0.5034491888782648,0.5080162489002125,0.004567060021947622,4.567060021947622e-06,-0.0008850577096927159,1.4204800735677336,1.4192228667271576,0.5,BTC,0.050000000000000003,0,0,True
2021-03-28,2021-03-29,bull,0.0331927438617631,0.5032385219628378,0.5030115932345876,0.000226928728250253,2.2692872825025302e-07,0.016703636641569153,1.4192228667271576,1.442929049806374,0.5,BTC,0.050000000000000003,0,0,True
2021-03-29,2021-03-30,bull,0.0200481808935681,0.5032070503484105,0.5114000310369293,0.008192980688518814,8.192980688518815e-06,0.010080110337663761,1.442929049806374,1.4574739338378426,0.5,BTC,0.050000000000000003,0,0,True
2021-03-30,2021-03-31,bull,-0.0001293148186275,0.5031907774581372,0.5081688329943719,0.004978055536234649,4.978055536234649e-06,-7.004775573604682e-05,1.4574739338378426,1.4573718410597336,0.5,BTC,0.050000000000000003,0,0,True
2021-03-31,2021-04-01,bull,-0.000772585797014,0.4975293954017906,0.5031584479663616,0.005629052564570969,5.629052564570969e-06,-0.00039001103333047293,1.4573718410597336,1.4568034499620552,0.5,BTC,0.050000000000000003,0,0,True
2021-04-01,2021-04-02,bull,0.0044108906422699,0.49754446091830634,0.49733617939914565,0.00020828151916069126,2.0828151916069127e-07,0.002194405468161076,1.4568034499620552,1.4600002674186878,0.5,BTC,0.050000000000000003,0,0,True
2021-04-02,2021-04-03,bull,-0.0325108134824755,0.4975416204147319,0.49864474228952055,0.0011031218747886706,1.1031218747886707e-06,-0.0161765680994177,1.4600002674186878,1.4363824736676214,0.5,BTC,0.050000000000000003,0,0,True
2021-04-03,2021-04-04,bull,0.0199790045198116,0.49755840699128406,0.4892804856845358,0.00827792130674826,8.277921306748259e-06,0.009932361452330785,1.4363824736676214,1.4506491435798812,0.5,BTC,0.050000000000000003,0,0,True
2021-04-04,2021-04-05,bull,0.0136340440447493,0.4976864034217853,0.5025038774733201,0.004817474051534876,4.817474051534876e-06,0.006780628181807913,1.4506491435798812,1.4604854560447544,0.5,BTC,0.050000000000000003,0,0,True
2021-04-05,2021-04-06,bull,-0.0169018907199788,0.4976676452380147,0.5010718694472256,0.003404224209210882,3.404224209210882e-06,-0.008414899744177085,1.4604854560447544,1.4481956173543091,0.5,BTC,0.050000000000000003,0,0,True
2021-04-06,2021-04-07,bull,-0.0353057005360687,0.49758305868204716,0.4934064211125964,0.004176637569450747,4.176637569450747e-06,-0.017571621726061304,1.4481956173543091,1.4227484717808194,0.5,BTC,0.050000000000000003,0,0,True
2021-04-07,2021-04-08,bull,0.0380473540940182,0.49843138342995885,0.48859901239091885,0.00983237103904,9.832371039040001e-06,0.01895397650485342,1.4227484717808194,1.4497152128872692,0.5,BTC,0.050000000000000003,0,0,True
2021-04-08,2021-04-09,bull,0.0007111199881537,0.4795224209248713,0.5077661047246402,0.028243683799768937,2.8243683799768938e-05,0.00031274466344877183,1.4497152128872692,1.4501686035836203,0.5,ABSTAIN,0.050000000000000003,0,0,True
2021-04-09,2021-04-10,bull,0.0280408887328864,0.5037863842699983,0.4796998422267747,0.024086542043223635,2.4086542043223636e-05,0.014102191143037679,1.4501686035836203,1.4706191584209887,0.5,BTC,0.050000000000000003,0,0,True
2021-04-10,2021-04-11,mix,0.0038544965220825,0.4856816249521291,0.5106985587906148,0.02501693383848569,2.5016933838485688e-05,0.0018469943672243527,1.4706191584209887,1.4733353837229244,0.5,ABSTAIN,0.050000000000000003,0,0,True
2021-04-11,2021-04-12,bull,-0.0019156800664235,0.4817128818244109,0.4866426597367292,0.0049297779123183005,4.929777912318301e-06,-0.0009277329941254076,1.4733353837229244,1.471968521876032,0.5,ABSTAIN,0.050000000000000003,0,0,True
2021-04-12,2021-04-13,bull,0.061424433463963,0.4732458489591251,0.4812341606794354,0.007988311720310337,7.988311720310338e-06,0.02906063763866573,1.471968521876032,1.5147448657057938,0.45000000000000001,ABSTAIN,0.050000000000000003,0,0,True
2021-04-13,2021-04-14,bull,-0.0088210900380699,0.5032029146187743,0.4881254574334674,0.015077457185306897,1.5077457185306897e-05,-0.004453808748666743,1.5147448657057938,1.5079984817709153,0.5,BTC,0.050000000000000003,0,0,True
2021-04-14,2021-04-15,bull,0.0037408463585495,0.49833780137207007,0.5009879006015677,0.00265009922949766,2.65009922949766e-06,0.0018615501100320841,1.5079984817709153,1.5108056965105843,0.5,BTC,0.050000000000000003,0,0,True
2021-04-15,2021-04-16,bull,-0.0290480258162491,0.4980739068475446,0.49927126246313414,0.0011973556155895348,1.197355615589535e-06,-0.014469243736705661,1.5108056965105843,1.4889454806489693,0.5,BTC,0.050000000000000003,0,0,True
2021-04-16,2021-04-17,bull,-0.0217954796129664,0.49812711908619617,0.49070540013229696,0.0074217189538992034,7.4217189538992035e-06,-0.010864260610657817,1.4889454806489693,1.4727691889121377,0.5,BTC,0.050000000000000003,0,0,True
2021-04-17,2021-04-18,bull,-0.0638687316690511,0.5002295440880715,0.49261851920933775,0.007611024878733774,7.611024878733774e-06,-0.03195639438433584,1.4727691889121377,1.425704795874163,0.5,BTC,0.050000000000000003,0,0,True
2021-04-18,2021-04-19,bull,-0.0099809454677434,0.4774241289388977,0.4837353924478337,0.006311263508936016,6.311263508936016e-06,-0.004771425385352246,1.425704795874163,1.4189021518191107,0.5,ABSTAIN,0.050000000000000003,0,0,True
2021-04-19,2021-04-20,mix,0.0150432824582495,0.4940080615065877,0.4749220568255723,0.0190860046810154,1.9086004681015402e-05,0.0074122749635177065,1.4189021518191107,1.4294194447147208,0.5,ABSTAIN,0.050000000000000003,0,0,True
2021-04-20,2021-04-21,mix,-0.0471467622231035,0.4991608381093423,0.49774060362007266,0.001420234489269645,1.4202344892696451e-06,-0.023535204156376444,1.4294194447147208,1.3957777662582656,0.5,ABSTAIN,0.050000000000000003,0,0,True
2021-04-21,2021-04-22,mix,-0.0388460094908602,0.4974060847862859,0.4870901104541065,0.0103159743321794,1.0315974332179401e-05,-0.019332358137004624,1.3957777662582656,1.3687940906012925,0.5,ABSTAIN,0.050000000000000003,0,0,True
2021-04-22,2021-04-23,mix,-0.0113262258479204,0.4978830239714925,0.4875035037222125,0.010379520249279961,1.0379520249279961e-05,-0.005649456564074118,1.3687940906012925,1.3610611478412793,0.5,ABSTAIN,0.050000000000000003,0,0,True
2021-04-23,2021-04-24,mix,-0.0206223261561563,0.4997736047749127,0.4950354604723536,0.004738144302559144,4.738144302559144e-06,-0.010311183592551676,1.3610611478412793,1.3470269964651989,0.5,ABSTAIN,0.050000000000000003,0,0,True
2021-04-24,2021-04-25,mix,-0.0224660553535813,0.4995953587872586,0.49456433498354924,0.005031023803709345,5.031023803709345e-06,-0.0112289115408164,1.3470269964651989,1.3319013494787995,0.5,ABSTAIN,0.050000000000000003,0,0,True
2021-04-25,2021-04-26,mix,0.1032787621825193,0.4998256885830921,0.4939150936898206,0.0059105948932715036,5.9105948932715035e-06,0.05161516271593802,1.3319013494787995,1.4006476543537252,0.5,ABSTAIN,0.050000000000000003,0,0,True
2021-04-26,2021-04-27,mix,0.0188076748641718,0.4999791634066346,0.5243779541962699,0.02439879078963525,2.439879078963525e-05,0.009378817320722543,1.4006476543537252,1.4137840728346074,0.5,ABSTAIN,0.050000000000000003,0,0,True
2021-04-27,2021-04-28,mix,-0.0035449201893288,0.4999701222475044,0.5046372797709416,0.004667157523437215,4.667157523437216e-06,-0.001777013066083577,1.4137840728346074,1.4112717600645595,0.5,ABSTAIN,0.050000000000000003,0,0,True
2021-04-28,2021-04-29,mix,-0.0233509720758404,0.4996982227857378,0.49908231870100966,0.0006159040847281139,6.159040847281139e-07,-0.011669047964062207,1.4112717600645595,1.3948035622060395,0.5,ABSTAIN,0.050000000000000003,0,0,True
2021-04-29,2021-04-30,mix,0.0776594076264731,0.4999380717736035,0.4937915603616935,0.006146511411909972,6.146511411909972e-06,0.03881850935479014,1.3948035622060395,1.4489477573336293,0.5,ABSTAIN,0.050000000000000003,0,0,True
2021-04-30,2021-05-01,mix,0.0015038036877839,0.4999817873713978,0.518627315467613,0.01864552809621517,1.864552809621517e-05,0.0007332149084813278,1.4489477573336293,1.450010147430917,0.5,ABSTAIN,0.050000000000000003,0,0,True
2021-05-01,2021-05-02,mix,-0.0208157821444078,0.4999725056177115,0.5003574558373216,0.0003849502196101029,3.849502196101029e-07,-0.010407699699051975,1.450010147430917,1.434918877255878,0.5,ABSTAIN,0.050000000000000003,0,0,True
2021-05-02,2021-05-03,mix,0.0099993286669799,0.4999146029512973,0.4947138313985165,0.005200771552780814,5.200771552780814e-06,0.004993583651108802,1.434918877255878,1.4420842647020105,0.5,ABSTAIN,0.050000000000000003,0,0,True
2021-05-03,2021-05-04,mix,-0.0599669755710182,0.4999806948205503,0.5024020010137665,0.0024213061932162327,2.4213061932162326e-06,-0.02998467882207634,1.4420842647020105,1.3988438311905504,0.5,ABSTAIN,0.050000000000000003,0,0,True
2021-05-04,2021-05-05,mix,0.0688443753895966,0.4999268609313126,0.484525570304993,0.01540129062631962,1.540129062631962e-05,0.034401221122103864,1.3988438311905504,1.4469657671426275,0.5,ABSTAIN,0.050000000000000003,0,0,True
2021-05-05,2021-05-06,mix,-0.0180340625995581,0.4999959372234452,0.5165653064925095,0.016569369269064327,1.6569369269064328e-05,-0.00903337799537407,1.4469657671426275,1.4338947784216618,0.5,ABSTAIN,0.050000000000000003,0,0,True
2021-05-06,2021-05-07,mix,0.0165196949228265,0.4999931185420043,0.4954463985747962,0.004546719967208068,4.546719967208069e-06,0.008255149507162773,1.4338947784216618,1.4457317941950727,0.5,ABSTAIN,0.050000000000000003,0,0,True
2021-05-07,2021-05-08,mix,0.0262116043336613,0.4999887219898302,0.504089209649832,0.0041004876600017615,4.1004876600017615e-06,0.013101352325462612,1.4457317941950727,1.4646728357989456,0.5,ABSTAIN,0.050000000000000003,0,0,True
2021-05-08,2021-05-09,mix,-0.0102277188515994,0.4999801523816481,0.5064568549115266,0.006476702529878475,6.476702529878475e-06,-0.005120100012837692,1.4646728357989456,1.4571735643935684,0.5,ABSTAIN,0.050000000000000003,0,0,True
2021-05-09,2021-05-10,mix,-0.0410279833030841,0.4999387945170253,0.49741008020667427,0.00252871431035101,2.52871431035101e-06,-0.020513957360644652,1.4571735643935684,1.42728116802654,0.5,ABSTAIN,0.050000000000000003,0,0,True
2021-05-10,2021-05-11,mix,0.0151623398133176,0.499985412291583,0.4894670069789148,0.010518405312668178,1.0518405312668178e-05,0.007570350578062657,1.42728116802654,1.4380861868419677,0.5,ABSTAIN,0.050000000000000003,0,0,True
2021-05-11,2021-05-12,mix,-0.128960397349358,0.4999985871978387,0.5037474772203686,0.003748890022529927,3.7488900225299273e-06,-0.064483523640683,1.4380861868419677,1.345353322215404,0.5,ABSTAIN,0.050000000000000003,0,0,True
2021-05-12,2021-05-13,mix,0.0064879050384536,0.4999991655732534,0.4655363630818494,0.03446280249140399,3.4462802491403986e-05,0.0032093725075454937,1.345353322215404,1.3496710621806571,0.5,ABSTAIN,0.050000000000000003,0,0,True
2021-05-13,2021-05-14,bear,0.0027200701745915,0.47499999832854206,0.5016158972408488,0.0266158989123067,2.66158989123067e-05,0.0012653830408437816,1.3496710621806571,1.3513789130534581,0.45000000000000001,CASH,0.050000000000000003,0,0,True
2021-05-14,2021-05-15,bear,-0.0628212793791307,0.47499999991941527,0.4756774405501751,0.0006774406307598069,6.774406307598068e-07,-0.02984076492575405,1.3513789130534581,1.311052732583409,0.45000000000000001,CASH,0.050000000000000003,0,0,True
2021-05-15,2021-05-16,bear,-0.0060459699242969,0.47499999976805185,0.45885208794195986,0.016147911826091987,1.6147911826091987e-05,-0.002887937250314998,1.311052732583409,1.307266494559854,0.45000000000000001,CASH,0.050000000000000003,0,0,True
2021-05-16,2021-05-17,bear,-0.0621435217893266,0.4749999999987472,0.4734879436414666,0.0015120563572805779,1.5120563572805778e-06,-0.029519640273068526,1.307266494559854,1.2686764578994119,0.45000000000000001,CASH,0.050000000000000003,0,0,True
2021-05-17,2021-05-18,bear,-0.0147905551740531,0.47499999999968145,0.459031601299601,0.015968398700080433,1.5968398700080434e-05,-0.007041369920166574,1.2686764578994119,1.2597432376503355,0.45000000000000001,CASH,0.050000000000000003,0,0,True
2021-05-18,2021-05-19,bear,-0.1439904143151201,0.47499999999999737,0.4712855090963941,0.0037144909036032625,3.7144909036032627e-06,-0.06839890723632036,1.2597432376503355,1.1735781767967084,0.45000000000000001,CASH,0.050000000000000003,0,0,True
2021-05-19,2021-05-20,bear,0.1088411105513269,0.4749999999999995,0.43645616780587543,0.03854383219412405,3.854383219412405e-05,0.05165899098177307,1.1735781767967084,1.2342040412482553,0.30000000000000004,CASH,0.050000000000000003,0,0,True
2021-05-20,2021-05-21,bear,-0.0839890758696569,0.475,0.5008079910028581,0.025807991002858133,2.5807991002858133e-05,-0.039919589424165514,1.2342040412482553,1.1849351226559792,0.30000000000000004,CASH,0.050000000000000003,0,0,True
2021-05-21,2021-05-22,bear,0.0040458584244478,0.475,0.45318491553238904,0.021815084467610935,2.1815084467610935e-05,0.001899925743292119,1.1849351226559792,1.1871864113996444,0.30000000000000004,CASH,0.050000000000000003,0,0,True
2021-05-22,2021-05-23,bear,-0.0739312598969781,0.475,0.4760070007080051,0.0010070007080051346,1.0070007080051346e-06,-0.03511832008857796,1.1871864113996444,1.1454944189993015,0.30000000000000004,CASH,0.050000000000000003,0,0,True
2021-05-23,2021-05-24,bear,0.1173856751932687,0.475,0.45589238322690073,0.019107616773099245,1.9107616773099246e-05,0.0557380226937938,1.1454944189993015,1.2093420129210988,0.30000000000000004,CASH,0.050000000000000003,0,0,True
2021-05-24,2021-05-25,bear,-0.0096075931727507,0.475,0.502727042868416,0.027727042868415985,2.7727042868415985e-05,-0.004591207264604824,1.2093420129210988,1.2037896730859836,0.30000000000000004,CASH,0.050000000000000003,0,0,True
2021-05-25,2021-05-26,bear,0.022692511132593,0.475,0.4725931224097108,0.0024068775902891804,2.4068775902891804e-06,0.010776509966795356,1.2037896730859836,1.21676232449592,0.30000000000000004,CASH,0.050000000000000003,0,0,True
2021-05-26,2021-05-27,bear,-0.0211953364654564,0.475,0.4805985979961965,0.005598597996196497,5.598597996196497e-06,-0.010073327053608083,1.21676232449592,1.2045054796547643,0.30000000000000004,CASH,0.050000000000000003,0,0,True
2021-05-27,2021-05-28,bear,-0.071707277710823,0.475,0.4696606576187462,0.0053393423812537755,5.3393423812537755e-06,-0.03406611439191132,1.2045054796547643,1.163472658199161,0.30000000000000004,CASH,0.050000000000000003,0,0,True
2021-05-28,2021-05-29,bear,-0.0302250262881178,0.475,0.45648744218684695,0.01851255781315303,1.851255781315303e-05,-0.014375134261959466,1.163472658199161,1.1467475825274291,0.30000000000000004,CASH,0.050000000000000003,0,0,True
2021-05-29,2021-05-30,bear,0.0308865795758808,0.475,0.4673528447214722,0.007647155278527773,7.647155278527773e-06,0.014663365950891682,1.1467475825274291,1.1635627619833293,0.30000000000000004,CASH,0.050000000000000003,0,0,True
2021-05-30,2021-05-31,bear,0.046161872279316,0.475,0.4825909726705478,0.007590972670547813,7.5909726705478135e-06,0.021919131913586964,1.1635627619833293,1.1890670476529794,0.30000000000000004,CASH,0.050000000000000003,0,0,True
2021-05-31,2021-06-01,bear,-0.0163813118991061,0.475,0.48626461884878236,0.011264618848782382,1.1264618848782382e-05,-0.007792300119537687,1.1890670476529794,1.1798014803554149,0.30000000000000004,CASH,0.050000000000000003,0,0,True
2021-06-01,2021-06-02,bear,0.0236646714421222,0.475,0.4708828744844916,0.0041171255155083575,4.117125515508357e-06,0.01123655553004177,1.1798014803554149,1.1930583852038539,0.30000000000000004,CASH,0.050000000000000003,0,0,True
2021-06-02,2021-06-03,bear,0.0434420249335654,0.475,0.4808357790883799,0.0058357790883799,5.8357790883799e-06,0.0206290056432763,1.1930583852038539,1.2176699933649824,0.30000000000000004,CASH,0.050000000000000003,0,0,True
2021-06-03,2021-06-04,bear,-0.0596111495305876,0.475,0.48561432870008775,0.010614328700087772,1.0614328700087772e-05,-0.02832560980786991,1.2176699933649824,1.1831787482581744,0.30000000000000004,CASH,0.050000000000000003,0,0,True
2021-06-04,2021-06-05,bear,-0.0361262696295653,0.475,0.4597012818526329,0.015298718147367052,1.5298718147367052e-05,-0.017175014266522903,1.1831787482581744,1.1628576363769936,0.30000000000000004,CASH,0.050000000000000003,0,0,True
2021-06-05,2021-06-06,bear,0.0083164414414413,0.475,0.4658337183184513,0.009166281681548705,9.166281681548705e-06,0.003941107193351723,1.1628576363769936,1.167440582972563,0.30000000000000004,CASH,0.050000000000000003,0,0,True
2021-06-06,2021-06-07,bear,-0.0624703339904063,0.475,0.477065752223445,0.0020657522234450165,2.0657522234450165e-06,-0.02967541309975652,1.167440582972563,1.1327963014034315,0.30000000000000004,CASH,0.050000000000000003,0,0,True
2021-06-07,2021-06-08,bear,-0.005810352016201,0.475,0.45894505553319914,0.016054944466800836,1.6054944466800834e-05,-0.002775927841844772,1.1327963014034315,1.129651740611227,0.30000000000000004,CASH,0.050000000000000003,0,0,True
2021-06-08,2021-06-09,bear,0.1183030833151101,0.475,0.473547033398434,0.0014529666015659637,1.4529666015659637e-06,0.05619242996012197,1.129651740611227,1.1931296169248533,0.30000000000000004,CASH,0.050000000000000003,0,0,True
2021-06-09,2021-06-10,bear,-0.0182898409415999,0.475,0.5029322097940464,0.027932209794046425,2.7932209794046426e-05,-0.008715363991108616,1.1931296169248533,1.1827310580247812,0.30000000000000004,CASH,0.050000000000000003,0,0,True
2021-06-10,2021-06-11,bear,0.0181503653538666,0.475,0.4703989989156361,0.004601001084363898,4.601001084363899e-06,0.008616782874823148,1.1827310580247812,1.1929223947510905,0.30000000000000004,CASH,0.050000000000000003,0,0,True
2021-06-11,2021-06-12,bear,-0.0495007316171149,0.475,0.47948755822003136,0.004487558220031385,4.487558220031385e-06,-0.02351722956107738,1.1929223947510905,1.1648681649451789,0.40000000000000002,CASH,0.050000000000000003,0,0,True
2021-06-12,2021-06-13,bear,0.1002438852470573,0.475,0.4623585178098416,0.01264148219015837,1.2641482190158371e-05,0.047602602075299316,1.1648681649451789,1.2203189206712484,0.40000000000000002,CASH,0.050000000000000003,0,0,True
2021-06-13,2021-06-14,bear,0.0386055367489346,0.475,0.4988621045978321,0.023862104597832112,2.3862104597832114e-05,0.01831333027670201,1.2203189206712484,1.2426670241084095,0.40000000000000002,CASH,0.050000000000000003,0,0,True
2021-06-14,2021-06-15,bear,-0.0092105977389254,0.475,0.4844538937220497,0.009453893722049744,9.453893722049745e-06,-0.004384446458605917,1.2426670241084095,1.237218617075331,0.40000000000000002,CASH,0.050000000000000003,0,0,True
2021-06-15,2021-06-16,bear,-0.045325616780514,0.475,0.4726930140470445,0.002306985952955476,2.306985952955476e-06,-0.021531925288055587,1.237218617075331,1.2105789182474735,0.40000000000000002,CASH,0.050000000000000003,0,0,True
2021-06-16,2021-06-17,bear,-0.0074081803005008,0.475,0.4634482182906873,0.011551781709312703,1.1551781709312703e-05,-0.0035303967750482945,1.2105789182474735,1.2063050943385512,0.40000000000000002,CASH,0.050000000000000003,0,0,True
2021-06-17,2021-06-18,bear,-0.0605119310417323,0.475,0.4731460612390742,0.0018539387609257663,1.8539387609257663e-06,-0.028744967895511953,1.2063050943385512,1.171629893129597,0.40000000000000002,CASH,0.050000000000000003,0,0,True
2021-06-18,2021-06-19,bear,-0.0066015093959619,0.475,0.4594632621417699,0.015536737858230065,1.5536737858230067e-05,-0.003151204982127731,1.171629893129597,1.1679378471731572,0.45000000000000001,CASH,0.050000000000000003,0,0,True
2021-06-19,2021-06-20,bear,0.0023202509475297,0.475,0.4733485701778754,0.0016514298221245727,1.6514298221245727e-06,0.0011004659501820946,1.1679378471731572,1.1692231230059003,0.45000000000000001,CASH,0.050000000000000003,0,0,True
2021-06-20,2021-06-21,bear,-0.1096702419948422,0.475,0.47557797558205406,0.00057797558205408,5.779755820540799e-07,-0.0520939128144392,1.1692231230059003,1.1083137155754046,0.45000000000000001,CASH,0.050000000000000003,0,0,True
2021-06-21,2021-06-22,bear,0.0253817998232992,0.475,0.4461479848477371,0.028852015152262878,2.885201515226288e-05,0.012027155050780003,1.1083137155754046,1.121643576477536,0.40000000000000002,CASH,0.050000000000000003,0,0,True
2021-06-22,2021-06-23,bear,0.0362470919855737,0.475,0.48125418367286493,0.006254183672864955,6.254183672864955e-06,0.017211006828888653,1.121643576477536,1.14094819173187,0.40000000000000002,CASH,0.050000000000000003,0,0,True
2021-06-23,2021-06-24,bear,0.0294438191736725,0.475,0.48388612290951666,0.00888612290951668,8.88612290951668e-06,0.013976803704921714,1.14094819173187,1.1568950006451917,0.40000000000000002,CASH,0.050000000000000003,0,0,True
2021-06-24,2021-06-25,bear,-0.0886118306803824,0.475,0.4822412772489302,0.0072412772489302,7.241277248930201e-06,-0.04209755606058463,1.1568950006451917,1.1081925484993207,0.40000000000000002,CASH,0.050000000000000003,0,0,True
2021-06-25,2021-06-26,bear,0.0205545356713301,0.475,0.45193145538874013,0.023068544611259845,2.3068544611259844e-05,0.009740110671739632,1.1081925484993207,1.1189864665673013,0.40000000000000002,CASH,0.050000000000000003,0,0,True
2021-06-26,2021-06-27,bear,0.0755224324978134,0.475,0.4800762260847241,0.005076226084724134,5.0762260847241335e-06,0.035867897110129165,1.1189864665673013,1.1591221580177642,0.40000000000000002,CASH,0.050000000000000003,0,0,True
2021-06-27,2021-06-28,bear,-0.0058422365442565,0.475,0.49318118995100985,0.01818118995100987,1.8181189951009868e-05,-0.002793193094536961,1.1591221580177642,1.1558845060102643,0.40000000000000002,CASH,0.050000000000000003,0,0,True
2021-06-28,2021-06-29,bear,0.0394130392535074,0.475,0.4735390380011257,0.0014609619988742995,1.4609619988742994e-06,0.018719705332464587,1.1558845060102643,1.1775223233611378,0.40000000000000002,CASH,0.050000000000000003,0,0,True
2021-06-29,2021-06-30,bear,-0.0225423960574525,0.475,0.4846480045032463,0.009648004503246321,9.648004503246322e-06,-0.01071718282445222,1.1775223233611378,1.1649026013418027,0.40000000000000002,CASH,0.050000000000000003,0,0,True
2021-06-30,2021-07-01,bear,-0.0423474529575841,0.4625643471330072,0.46931764538625786,0.006753298253250661,6.753298253250661e-06,-0.019595042941868313,1.1649026013418027,1.142076284845416,0.40000000000000002,CASH,0.050000000000000003,0,0,True
2021-07-01,2021-07-02,bear,0.008043263096388,0.46256433509051603,0.451826493190741,0.010737841899775058,1.0737841899775058e-05,0.003709748853812256,1.142076284845416,1.1463131010340875,0.40000000000000002,CASH,0.050000000000000003,0,0,True
2021-07-02,2021-07-03,bear,0.027486144546245,0.4625643284839103,0.4645564670224616,0.0019921385385512913,1.992138538551291e-06,0.012712092527838337,1.1463131010340875,1.1608851392403061,0.40000000000000002,CASH,0.050000000000000003,0,0,True
2021-07-03,2021-07-04,bear,0.0159860460296807,0.46256433136975955,0.4693115596869375,0.006747228317177945,6.747228317177944e-06,0.007387777571764564,1.1608851392403061,1.1694615004353803,0.40000000000000002,CASH,0.050000000000000003,0,0,True
2021-07-04,2021-07-05,bear,-0.0456227229717094,0.4625643338607054,0.46650926843234136,0.003944934571635972,3.944934571635972e-06,-0.021107306143184346,1.1694615004353803,1.144777318523023,0.40000000000000002,CASH,0.050000000000000003,0,0,True
2021-07-05,2021-07-06,bear,0.0159642363110679,0.4625643561564847,0.45097808027018893,0.011586275886295794,1.1586275886295794e-05,0.007372814856172694,1.144777318523023,1.1532175497440391,0.40000000000000002,CASH,0.050000000000000003,0,0,True
2021-07-06,2021-07-07,bear,-0.010454162965733,0.4625643491902418,0.46650395063261074,0.003939601442368934,3.939601442368934e-06,-0.004839643639193758,1.1532175497440391,1.1476363877648137,0.40000000000000002,CASH,0.050000000000000003,0,0,True
2021-07-07,2021-07-08,bear,-0.0295708608176498,0.46256437047127136,0.45995283062437364,0.0026115398468977147,2.6115398468977145e-06,-0.013681002436500611,1.1476363877648137,1.1319355715475865,0.40000000000000002,CASH,0.050000000000000003,0,0,True
2021-07-08,2021-07-09,bear,0.0283299306584556,0.46256438265980926,0.45511114829807703,0.0074532343617322305,7.453234361732231e-06,0.013096865981171657,1.1319355715475865,1.1467603800274662,0.40000000000000002,CASH,0.050000000000000003,0,0,True
2021-07-09,2021-07-10,bear,-0.0084858598590424,0.4625644021050132,0.4695160652914621,0.006951663186448909,6.951663186448909e-06,-0.0039321810681688385,1.1467603800274662,1.1422511105713962,0.40000000000000002,CASH,0.050000000000000003,0,0,True
2021-07-10,2021-07-11,bear,0.021399199059402,0.4625644920516471,0.46044651618194027,0.0021179758697068563,2.117975869706856e-06,0.009896370702550117,1.1422511105713962,1.1535552509970102,0.40000000000000002,CASH,0.050000000000000003,0,0,True
2021-07-11,2021-07-12,bear,-0.0325671897322927,0.4625644588098991,0.4678321605423327,0.005267701732433572,5.267701732433572e-06,-0.015069612840314717,1.1535552509970102,1.136171619974573,0.40000000000000002,CASH,0.050000000000000003,0,0,True
2021-07-12,2021-07-13,bear,-0.0116238335396974,0.4625649661293971,0.4543444723136191,0.008220493815778052,8.220493815778051e-06,-0.005384954461628011,1.136171619974573,1.130053387540416,0.40000000000000002,CASH,0.050000000000000003,0,0,True
2021-07-13,2021-07-14,bear,0.0028293729241843,0.46256469231540565,0.45965967607263924,0.0029050162427664006,2.9050162427664005e-06,0.001305859197885617,1.130053387540416,1.1315290781506373,0.40000000000000002,CASH,0.050000000000000003,0,0,True
2021-07-14,2021-07-15,bear,-0.0298652984244698,0.46256444345646175,0.46326715110124583,0.0007027076447840841,7.027076447840842e-07,-0.013815318144378086,1.1315290781506373,1.1158966439463713,0.40000000000000002,CASH,0.050000000000000003,0,0,True
2021-07-15,2021-07-16,bear,-0.0140230209952733,0.4625644827005889,0.4550359696601483,0.00752851304044061,7.52851304044061e-06,-0.0064940311315312416,1.1158966439463713,1.1086499764010123,0.40000000000000002,CASH,0.050000000000000003,0,0,True
2021-07-16,2021-07-17,bear,0.0039689112569281,0.46256444615798514,0.45905561914116505,0.003508827016820093,3.508827016820093e-06,0.0018323619686186898,1.1086499764010123,1.1106814244542795,0.40000000000000002,CASH,0.050000000000000003,0,0,True
2021-07-17,2021-07-18,bear,0.0084648429816045,0.46256442969845385,0.46354930378016845,0.000984874081714604,9.84874081714604e-07,0.003914546535881858,1.1106814244542795,1.1150292385768454,0.40000000000000002,CASH,0.050000000000000003,0,0,True
2021-07-18,2021-07-19,bear,-0.0298313061971848,0.46256447370941367,0.4646605701155927,0.0020960964061790266,2.0960964061790268e-06,-0.013800969623741444,1.1150292385768454,1.0996407539256627,0.40000000000000002,CASH,0.050000000000000003,0,0,True
2021-07-19,2021-07-20,bear,-0.0338357568131997,0.46256536698216166,0.45504468852614155,0.007520678456020113,7.520678456020113e-06,-0.01565865223785967,1.0996407539256627,1.082421861773363,0.40000000000000002,CASH,0.050000000000000003,0,0,True
2021-07-20,2021-07-21,bear,0.0784592767622793,0.4625646682647769,0.45402009946387123,0.00854456880090565,8.544568800905649e-06,0.036283634655364994,1.082421861773363,1.1216960611489277,0.40000000000000002,CASH,0.050000000000000003,0,0,True
2021-07-21,2021-07-22,bear,0.0052129692450375,0.46256443392279256,0.4813864451687618,0.018822011245969217,1.8822011245969217e-05,0.0023924667704831037,1.1216960611489277,1.1243796817018084,0.40000000000000002,CASH,0.050000000000000003,0,0,True
2021-07-22,2021-07-23,bear,0.0403852762787586,0.4625726327483858,0.46385725324690347,0.0012846204985176857,1.2846204985176858e-06,0.0186798149538836,1.1243796817018084,1.1453828860939046,0.40000000000000002,CASH,0.050000000000000003,0,0,True
2021-07-23,2021-07-24,bear,0.0065916145140507,0.462579797378395,0.4724282655137016,0.009848468135306598,9.848468135306598e-06,0.0030392692087368722,1.1453828860939046,1.148864013031824,0.40000000000000002,CASH,0.050000000000000003,0,0,True
2021-07-24,2021-07-25,bear,0.0463062604952577,0.46261750072667474,0.46421348958768843,0.0015959888610136974,1.5959888610136974e-06,0.02142045632004219,1.148864013031824,1.1734732044406406,0.40000000000000002,CASH,0.050000000000000003,0,0,True
2021-07-25,2021-07-26,bear,0.0532761061396791,0.46265780699870257,0.47388791922876433,0.011230112230061762,1.1230112230061762e-05,0.024637099513167282,1.1734732044406406,1.20238418055448,0.40000000000000002,CASH,0.050000000000000003,0,0,True
2021-07-26,2021-07-27,bear,0.058358326671424,0.46379884809183264,0.47558393225907314,0.0117850841672405,1.17850841672405e-05,0.027054420621334563,1.20238418055448,1.2349139879236395,0.40000000000000002,CASH,0.050000000000000003,0,0,True
2021-07-27,2021-07-28,bear,0.0139714082936226,0.4637716685725922,0.4779294826382412,0.014157814065648977,1.4157814065648977e-05,0.006465293786406701,1.2349139879236395,1.2428980696565088,0.40000000000000002,CASH,0.050000000000000003,0,0,True
2021-07-28,2021-07-29,bear,-4.499640028787777e-05,0.4675577995726593,0.4672238149523395,0.0003339846203198049,3.339846203198049e-07,-2.137239550104031e-05,1.2428980696565088,1.2428715059473967,0.40000000000000002,CASH,0.050000000000000003,0,0,True
2021-07-29,2021-07-30,mix,0.0550480733174338,0.4936729300492894,0.46754659759546335,0.026126332453826062,2.6126332453826062e-05,0.027148907313218507,1.2428715059473967,1.2766141092646028,0.40000000000000002,ABSTAIN,0.050000000000000003,0,0,True
2021-07-30,2021-07-31,bear,-0.0153944942824513,0.4676116005790595,0.5070687045700616,0.03945710399100211,3.945710399100211e-05,-0.007237817177863981,1.2766141092646028,1.267374209735064,0.40000000000000002,CASH,0.050000000000000003,0,0,True
2021-07-31,2021-08-01,mix,-0.0403189126359384,0.4980892605371445,0.4637513373010097,0.03433792323613477,3.433792323613477e-05,-0.02011606571522606,1.267374209735064,1.2418796268462506,0.40000000000000002,ABSTAIN,0.050000000000000003,0,0,True
2021-08-01,2021-08-02,mix,-0.0178016615552819,0.4975760443676513,0.4878031087868085,0.009772935580842801,9.772935580842801e-06,-0.0088673667098903,1.2418796268462506,1.2308674247854632,0.40000000000000002,ABSTAIN,0.050000000000000003,0,0,True
2021-08-02,2021-08-03,bear,-0.0265035079298617,0.46554404628116025,0.4930859618580076,0.027541915576847376,2.7541915576847376e-05,-0.012365752410578246,1.2308674247854632,1.2156468229603201,0.40000000000000002,CASH,0.050000000000000003,0,0,True
2021-08-03,2021-08-04,bear,0.0421344704867256,0.4613991542962916,0.45886725264689265,0.0025319016493989266,2.5319016493989265e-06,0.019438227925431262,1.2156468229603201,1.2392768429818493,0.40000000000000002,CASH,0.050000000000000003,0,0,True
2021-08-04,2021-08-05,bear,0.028444594319134,0.45921741851090464,0.4716703108972135,0.012452892386308867,1.2452892386308868e-05,0.013049637618603338,1.2392768429818493,1.2554489566918892,0.40000000000000002,CASH,0.050000000000000003,0,0,True
2021-08-05,2021-08-06,mix,0.0471820922402319,0.4912492007610367,0.4661901775583113,0.02505902320272535,2.505902320272535e-05,0.023152525257867707,1.2554489566918892,1.2845157703716619,0.40000000000000002,ABSTAIN,0.050000000000000003,0,0,True
2021-08-06,2021-08-07,mix,0.0424998948485115,0.496148112021006,0.5027739873752819,0.00662587535427589,6.62587535427589e-06,0.021079477000010893,1.2845157703716619,1.3115926910093625,0.40000000000000002,ABSTAIN,0.050000000000000003,0,0,True
2021-08-07,2021-08-08,mix,-0.0184111785037049,0.499412350486191,0.5065530540291313,0.00714070354294033,7.14070354294033e-06,-0.00920184497817278,1.3115926910093625,1.2995236183921899,0.40000000000000002,ABSTAIN,0.050000000000000003,0,0,True
2021-08-08,2021-08-09,mix,0.0568929139036553,0.4998877111721661,0.49476684789064956,0.005120863281516563,5.1208632815165635e-06,0.028434802012229143,1.2995236183921899,1.3364753151913875,0.40000000000000002,ABSTAIN,0.050000000000000003,0,0,True
2021-08-09,2021-08-10,mix,-0.0149186657246626,0.4997039563500247,0.5137176155040011,0.014013659153976399,1.40136591539764e-05,-0.007468825474575502,1.3364753151913875,1.3264934143111446,0.40000000000000002,ABSTAIN,0.050000000000000003,0,0,True
2021-08-10,2021-08-11,mix,-0.0006470177962792,0.4998317597968912,0.49594627804919567,0.0038854817476955406,3.8854817476955405e-06,-0.0003272842689168165,1.3264934143111446,1.3260592738838188,0.45000000000000001,ABSTAIN,0.050000000000000003,0,0,True
2021-08-11,2021-08-12,mix,-0.0254782801447625,0.4998581357178842,0.4996699530378221,0.00018818268006209893,1.8818268006209894e-07,-0.012735711400533756,1.3260592738838188,1.3091709656716333,0.45000000000000001,ABSTAIN,0.050000000000000003,0,0,True
2021-08-12,2021-08-13,mix,0.0766990816018593,0.4998266611178326,0.4934063999483049,0.006420261169527708,6.420261169527708e-06,0.038329579477981435,1.3091709656716333,1.35935093825061,0.45000000000000001,ABSTAIN,0.050000000000000003,0,0,True
2021-08-13,2021-08-14,mix,-0.0152188600078227,0.4998291996413876,0.5182934806786863,0.01846428103729869,1.8464281037298693e-05,-0.0076251544435432805,1.35935093825061,1.3489856774034736,0.45000000000000001,ABSTAIN,0.050000000000000003,0,0,True
2021-08-14,2021-08-15,mix,-0.0019158268109553,0.4993186093288023,0.4959953214211802,0.0033232879076220967,3.323287907622097e-06,-0.0009599280877848893,1.3489856774034736,1.3476907481617144,0.45000000000000001,ABSTAIN,0.050000000000000003,0,0,True
2021-08-15,2021-08-16,mix,-0.0211741322329878,0.4981153045699511,0.4988391949039048,0.0007238903339537028,7.238903339537028e-07,-0.010547875581586541,1.3476907481617144,1.3334754738276493,0.45000000000000001,ABSTAIN,0.050000000000000003,0,0,True
2021-08-16,2021-08-17,mix,-0.0283653250370139,0.4978410730677418,0.4927654206457237,0.005075652422018073,5.075652422018073e-06,-0.014126427831325117,1.3334754738276493,1.314638228781781,0.45000000000000001,ABSTAIN,0.050000000000000003,0,0,True
2021-08-17,2021-08-18,mix,0.0007204933365554,0.4991277368206963,0.490648301847197,0.008479434973499289,8.47943497349929e-06,0.00035113572413658645,1.314638228781781,1.3150998452282219,0.5,ABSTAIN,0.050000000000000003,0,0,True
2021-08-18,2021-08-19,mix,0.0454366578868521,0.4996444717257692,0.49930779485450527,0.0003366768712639301,3.366768712639301e-07,0.022701830606692175,1.3150998452282219,1.34495501914548,0.5,ABSTAIN,0.050000000000000003,0,0,True
2021-08-19,2021-08-20,mix,0.0549256885227318,0.499617106621374,0.5107514772714608,0.011134370650086767,1.1134370650086766e-05,0.027430373660940255,1.34495501914548,1.3818476378777975,0.5,ABSTAIN,0.050000000000000003,0,0,True
2021-08-20,2021-08-21,mix,-0.0090868542697266,0.494853040507002,0.5129817700959342,0.018128729588932135,1.8128729588932136e-05,-0.004514704674919989,1.3818476378777975,1.3756090038870434,0.5,ABSTAIN,0.050000000000000003,0,0,True
2021-08-21,2021-08-22,bull,0.0077482107709745,0.5080271408729256,0.4925713074893671,0.015455833383558437,1.545583338355844e-05,0.003920784692657442,1.3756090038870434,1.3810024706125654,0.5,BTC,0.050000000000000003,0,0,True
2021-08-22,2021-08-23,bull,0.0057903338781226,0.4841570685978965,0.5099561013400615,0.02579903274216505,2.5799032742165053e-05,0.0027775597180825784,1.3810024706125654,1.3848382874455114,0.5,ABSTAIN,0.050000000000000003,0,0,True
2021-08-23,2021-08-24,mix,-0.0368391411332729,0.487331057478431,0.48559915591006547,0.0017319015683655015,1.7319015683655016e-06,-0.017954558414061128,1.3848382874455114,1.3599741275195425,0.5,ABSTAIN,0.050000000000000003,0,0,True
2021-08-24,2021-08-25,mix,0.0268219228036643,0.4907817162026812,0.47795892845701904,0.012822787745662145,1.2822787745662146e-05,0.0131507177222423,1.3599741275195425,1.3778587633801047,0.5,ABSTAIN,0.050000000000000003,0,0,True
2021-08-25,2021-08-26,mix,-0.044145771464144,0.4984544368282547,0.4973978251289645,0.0010566116992901664,1.0566116992901663e-06,-0.022005689014831353,1.3778587633801047,1.347538031926802,0.5,ABSTAIN,0.050000000000000003,0,0,True
2021-08-26,2021-08-27,mix,0.0476750740952691,0.4976938854922142,0.4871697845280804,0.010524100964133809,1.0524100964133809e-05,0.023716819055056515,1.347538031926802,1.379497347599817,0.5,ABSTAIN,0.050000000000000003,0,0,True
2021-08-27,2021-08-28,mix,-0.0034077730651411,0.4996888011871082,0.5093361573846453,0.009647356197537149,9.64735619753715e-06,-0.0017124569660662559,1.379497347599817,1.3771350177572497,0.5,ABSTAIN,0.050000000000000003,0,0,True
2021-08-28,2021-08-29,mix,-0.002447997938528,0.4994793520528145,0.4988354050657117,0.0006439469871027947,6.439469871027947e-07,-0.001223367583779944,1.3771350177572497,1.3754502754180373,0.5,ABSTAIN,0.050000000000000003,0,0,True
2021-08-29,2021-08-30,mix,-0.0365886660625618,0.4995884359752101,0.49886660400977373,0.0007218319654363481,7.218319654363481e-07,-0.018279983090015328,1.3754502754180373,1.3503070676422386,0.5,ABSTAIN,0.050000000000000003,0,0,True
2021-08-30,2021-08-31,mix,0.0029302423567916,0.4998604801559042,0.4902709589371543,0.009589521218749897,9.589521218749897e-06,0.0014551087843301946,1.3503070676422386,1.352271911317908,0.5,ABSTAIN,0.050000000000000003,0,0,True
2021-08-31,2021-09-01,mix,0.035836742314939,0.4947632763813897,0.5005919692669267,0.005828692885537001,5.828692885537001e-06,0.0177247720028606,1.352271911317908,1.3762406226318904,0.5,ABSTAIN,0.050000000000000003,0,0,True
2021-09-01,2021-09-02,mix,0.0093180170178248,0.4948038113473741,0.5035654111527379,0.008761599805363784,8.761599805363785e-06,0.004601788338666646,1.3762406226318904,1.382573790680317,0.5,ABSTAIN,0.050000000000000003,0,0,True
2021-09-02,2021-09-03,mix,0.0147074641344473,0.4945445408039153,0.497122374068988,0.0025778332650727154,2.5778332650727152e-06,0.007270899513635021,1.382573790680317,1.3926263457825392,0.5,ABSTAIN,0.050000000000000003,0,0,True
2021-09-03,2021-09-04,mix,-0.0016120322406447,0.4943113105653402,0.4981944217188757,0.0038831111535354568,3.883111153535457e-06,-0.0008007257864595108,1.3926263457825392,1.3915112339565683,0.5,ABSTAIN,0.050000000000000003,0,0,True
2021-09-04,2021-09-05,mix,0.0370644892464502,0.4931401754490674,0.4939080333226919,0.000767857873624489,7.67857873624489e-07,0.01827720683715328,1.3915112339565683,1.416944172595815,0.5,ABSTAIN,0.050000000000000003,0,0,True
2021-09-05,2021-09-06,mix,0.0174526643563859,0.4938692102207585,0.5022382589423076,0.008369048721549033,8.369048721549033e-06,0.00861089237759205,1.416944172595815,1.4291453263710938,0.5,ABSTAIN,0.050000000000000003,0,0,True
2021-09-06,2021-09-07,mix,-0.1118713702320582,0.4919899505522507,0.49819443972797745,0.006204489175726746,6.2044891757267465e-06,-0.055045452905318815,1.4291453263710938,1.3504773746134773,0.5,ABSTAIN,0.050000000000000003,0,0,True
2021-09-07,2021-09-08,mix,-0.0153528461124079,0.4888666280908036,0.46240070586802967,0.02646592222277394,2.646592222277394e-05,-0.007531761392969294,1.3504773746134773,1.340305901261285,0.45000000000000001,ABSTAIN,0.050000000000000003,0,0,True
2021-09-08,2021-09-09,mix,0.0070384313112497,0.4945874373333762,0.4850013084443817,0.00958612888899446,9.586128888994461e-06,0.0034715002057268407,1.340305901261285,1.3449587734732504,0.45000000000000001,ABSTAIN,0.050000000000000003,0,0,True
2021-09-09,2021-09-10,mix,-0.0332603221689489,0.4937134004618031,0.4963407355235901,0.002627335061786973,2.627335061786973e-06,-0.016423650949904167,1.3449587734732504,1.3228696400357145,0.45000000000000001,ABSTAIN,0.050000000000000003,0,0,True
2021-09-10,2021-09-11,mix,0.0071159695647906,0.4932650025383887,0.485260834257945,0.008004168280443702,8.004168280443703e-06,0.003502026482058218,1.3228696400357145,1.3275023645474304,0.45000000000000001,ABSTAIN,0.050000000000000003,0,0,True
2021-09-11,2021-09-12,mix,0.0199371594197763,0.4928028086039337,0.4950374507505014,0.002234642146567656,2.234642146567656e-06,0.009822831559947343,1.3275023645474304,1.3405421966698117,0.45000000000000001,ABSTAIN,0.050000000000000003,0,0,True
2021-09-12,2021-09-13,mix,-0.0241585852204514,0.493049714445096,0.4977375811474349,0.004687866702338894,4.687866702338895e-06,-0.01191601557206512,1.3405421966698117,1.3245682749792838,0.45000000000000001,ABSTAIN,0.050000000000000003,0,0,True
2021-09-13,2021-09-14,mix,0.0473420171525822,0.493994365588428,0.4869384414392211,0.007055924149206916,7.055924149206916e-06,0.023379468790108326,1.3245682749792838,1.3555359776245295,0.45000000000000001,ABSTAIN,0.050000000000000003,0,0,True
2021-09-14,2021-09-15,mix,0.0223694971058361,0.4938016620737744,0.5055577334647742,0.011756071390999767,1.1756071390999768e-05,0.01103420892054574,1.3555359776245295,1.3704932448009548,0.45000000000000001,ABSTAIN,0.050000000000000003,0,0,True
2021-09-15,2021-09-16,mix,-0.0079492048717447,0.494634725340926,0.49933208732583334,0.004697361984907333,4.6973619849073335e-06,-0.003936631660593659,1.3704932448009548,1.3650981177028416,0.45000000000000001,ABSTAIN,0.050000000000000003,0,0,True
2021-09-16,2021-09-17,mix,-0.009742816453045,0.4946920442192714,0.49263980903347204,0.0020522351857993337,2.0522351857993336e-06,-0.0048217361316506,1.3650981177028416,1.3585159747854656,0.45000000000000001,ABSTAIN,0.050000000000000003,0,0,True
2021-09-17,2021-09-18,mix,0.0216548089368648,0.4946374568519764,0.4922448197313035,0.0023926371206728914,2.3926371206728916e-06,0.010708861355820165,1.3585159747854656,1.37306413400911,0.45000000000000001,ABSTAIN,0.050000000000000003,0,0,True
2021-09-18,2021-09-19,mix,-0.022108734399162,0.4945799285463802,0.4999931698224908,0.005413241276110592,5.413241276110592e-06,-0.010939890329381474,1.37306413400911,1.3580429629678432,0.45000000000000001,ABSTAIN,0.050000000000000003,0,0,True
2021-09-19,2021-09-20,mix,-0.0924686750482125,0.4943428943343792,0.4889922962709075,0.005350598063471712,5.350598063471712e-06,-0.04571633847423018,1.3580429629678432,1.2959582112102588,0.45000000000000001,ABSTAIN,0.050000000000000003,0,0,True
2021-09-20,2021-09-21,mix,-0.0517674116993929,0.4943314581966143,0.470121494808768,0.024209963387846256,2.4209963387846255e-05,-0.02561385053655274,1.2959582112102588,1.262763731286701,0.45000000000000001,ABSTAIN,0.050000000000000003,0,0,True
2021-09-21,2021-09-22,bear,0.0713458118190561,0.4626151228771275,0.48105142928709976,0.018436306409972236,1.8436306409972235e-05,0.03298660669272668,1.262763731286701,1.3044180218364954,0.45000000000000001,CASH,0.050000000000000003,0,0,True
2021-09-22,2021-09-23,bear,0.0302537679442316,0.4579965941708864,0.4797851528287377,0.021788558657851287,2.1788558657851288e-05,0.01383403221569468,1.3044180218364954,1.322463382773314,0.45000000000000001,CASH,0.050000000000000003,0,0,True
2021-09-23,2021-09-24,bear,-0.0456727554759165,0.45841147548043587,0.4654040216310244,0.00699254615058853,6.99254615058853e-06,-0.02094376137077658,1.322463382773314,1.2947660252629198,0.45000000000000001,CASH,0.050000000000000003,0,0,True
2021-09-24,2021-09-25,bear,-0.0031083678383181,0.461420177974192,0.4468297978519757,0.014590380122216307,1.4590380122216307e-05,-0.0014488330948364547,1.2947660252629198,1.292890125395449,0.45000000000000001,CASH,0.050000000000000003,0,0,True
2021-09-25,2021-09-26,bear,0.0121021018207032,0.4584965932014308,0.4606466030071457,0.002150009805714892,2.150009805714892e-06,0.005546610515648309,1.292890125395449,1.3000612833605452,0.45000000000000001,CASH,0.050000000000000003,0,0,True
2021-09-26,2021-09-27,bear,-0.0238592333010828,0.4581832416429799,0.461484692108653,0.0033014504656730947,3.301450465673095e-06,-0.010935166216342718,1.3000612833605452,1.2858448971355658,0.45000000000000001,CASH,0.050000000000000003,0,0,True
2021-09-27,2021-09-28,bear,-0.0272760038508413,0.4582277474720287,0.45219468828638526,0.006033059185643452,6.033059185643452e-06,-0.012504579458869958,1.2858448971355658,1.2697659474475518,0.45000000000000001,CASH,0.050000000000000003,0,0,True
2021-09-28,2021-09-29,bear,0.0125419588857766,0.45794592398656925,0.45137063654733023,0.006575287439239019,6.575287439239019e-06,0.005736925897689815,1.2697659474475518,1.2770505005954682,0.45000000000000001,CASH,0.050000000000000003,0,0,True
2021-09-29,2021-09-30,bear,0.0550475722732612,0.4578780453134694,0.46104145339174485,0.003163408078275476,3.163408078275476e-06,0.025201831649717343,1.2770505005954682,1.3092345123196625,0.45000000000000001,CASH,0.050000000000000003,0,0,True
2021-09-30,2021-10-01,bear,0.0986393083131575,0.45784076018572345,0.47120632933205003,0.013365569146326584,1.3365569146326585e-05,0.04514712672939347,1.3092345123196625,1.3683426887658539,0.45000000000000001,CASH,0.050000000000000003,0,0,True
2021-10-01,2021-10-02,bear,-0.0099509824284468,0.4577767047069792,0.4812672975105057,0.0234905928035265,2.34905928035265e-05,-0.004578711530141,1.3683426887658539,1.3620774423196176,0.45000000000000001,CASH,0.050000000000000003,0,0,True
2021-10-02,2021-10-03,bear,0.0111859592295702,0.4573034658674581,0.45529539660553425,0.0020080692619238727,2.008069261923873e-06,0.005113359583439614,1.3620774423196176,1.3690422340626895,0.45000000000000001,CASH,0.050000000000000003,0,0,True
2021-10-03,2021-10-04,bear,0.021311159105479,0.4576055953626084,0.46006543522093013,0.0024598398583217107,2.459839858321711e-06,0.009749621821853571,1.3690422340626895,1.3823898781029462,0.45000000000000001,CASH,0.050000000000000003,0,0,True
2021-10-04,2021-10-05,bear,0.0455438344170815,0.4576108736486991,0.4628439974501832,0.005233123801484052,5.233123801484052e-06,0.020836011667725973,1.3823898781029462,1.4111933697324455,0.45000000000000001,CASH,0.050000000000000003,0,0,True
2021-10-05,2021-10-06,bear,0.0748776455090702,0.4813166786811143,0.4686842139554178,0.012632464725696457,1.2632464725696458e-05,0.036026771906906285,1.4111933697324455,1.4620341113803348,0.45000000000000001,ABSTAIN,0.050000000000000003,0,0,True
2021-10-06,2021-10-07,mix,-0.0278237701362176,0.4810465141249958,0.49935968535306163,0.018313171228065805,1.8313171228065806e-05,-0.013402595691924368,1.4620341113803348,1.4424390592977023,0.45000000000000001,ABSTAIN,0.050000000000000003,0,0,True
2021-10-07,2021-10-08,mix,0.0024319545440176,0.4806901244173589,0.47400633741287235,0.006683787004486574,6.683787004486575e-06,0.0011623249318792883,1.4424390592977023,1.4441156421790406,0.5,ABSTAIN,0.050000000000000003,0,0,True
2021-10-08,2021-10-09,mix,0.0190634465182966,0.4805735013878771,0.4812964973872964,0.0007229959994193291,7.229959994193292e-07,0.009160657622172552,1.4441156421790406,1.4573446911438668,0.5,ABSTAIN,0.050000000000000003,0,0,True
2021-10-09,2021-10-10,mix,-0.0046375756472676,0.4804065934475833,0.4852889684654013,0.004882375017818019,4.882375017818019e-06,-0.0022327934160267793,1.4573446911438668,1.4540907415125992,0.5,ABSTAIN,0.050000000000000003,0,0,True
2021-10-10,2021-10-11,mix,0.0510096420218806,0.47989228560319,0.47924639507700656,0.000645890526183468,6.45890526183468e-07,0.024478471996314033,1.4540907415125992,1.4896846610088148,0.5,ABSTAIN,0.050000000000000003,0,0,True
2021-10-11,2021-10-12,mix,-0.0254256897940579,0.4792321681947614,0.49231985573042286,0.013087687535661474,1.3087687535661474e-05,-0.012197736664423697,1.4896846610088148,1.471513879800798,0.5,ABSTAIN,0.050000000000000003,0,0,True
2021-10-12,2021-10-13,mix,0.0243537995462002,0.4761707276149245,0.4728084400210932,0.003362287593831337,3.3622875938313368e-06,0.011593165171516873,1.471513879800798,1.4885733832615082,0.5,ABSTAIN,0.050000000000000003,0,0,True
2021-10-13,2021-10-14,mix,-0.0005977682158099,0.4778457685977324,0.4821757113872986,0.004329942789566166,4.329942789566166e-06,-0.0002899697185072547,1.4885733832615082,1.4881417420565866,0.5,ABSTAIN,0.050000000000000003,0,0,True
2021-10-14,2021-10-15,bull,0.07544929184003,0.5000400423477288,0.47769657731923154,0.022343465028497267,2.2343465028497266e-05,0.03770448065495602,1.4881417420565866,1.5442513535817917,0.5,BTC,0.050000000000000003,0,0,True
2021-10-15,2021-10-16,bull,-0.0131565932952288,0.4750768460808117,0.5182166058501599,0.04313975976934825,4.313975976934825e-05,-0.006293262967188573,1.5442513535817917,1.5345329737262645,0.5,ABSTAIN,0.050000000000000003,0,0,True
2021-10-16,2021-10-17,bull,0.0109495227657732,0.4985222306242411,0.4717752337799647,0.026746996844276394,2.6746996844276396e-05,0.005431687515984107,1.5345329737262645,1.5428680773225194,0.5,BTC,0.050000000000000003,0,0,True
2021-10-17,2021-10-18,bull,0.0085945309008168,0.4979028067819277,0.5012447264414752,0.0033419196595474987,3.3419196595474988e-06,0.0042758848379511605,1.5428680773225194,1.5494652035413017,0.5,BTC,0.050000000000000003,0,0,True
2021-10-18,2021-10-19,bull,0.0358094182218404,0.4976297203690387,0.5000422465280955,0.0024125261590567937,2.412526159056794e-06,0.01781737525934557,1.5494652035413017,1.5770726065240954,0.5,BTC,0.050000000000000003,0,0,True
2021-10-19,2021-10-20,bull,0.0264567468126979,0.4975468367273773,0.5064251408348046,0.008878304107427293,8.878304107427293e-06,0.013154475513351693,1.5770726065240954,1.5978181695093943,0.5,BTC,0.050000000000000003,0,0,True
2021-10-20,2021-10-21,bull,-0.0571226342887369,0.4975328078581256,0.5040749318251242,0.006542123966998603,6.542123966998603e-06,-0.0284267408242157,1.5978181695093943,1.552397406520528,0.5,BTC,0.050000000000000003,0,0,True
2021-10-21,2021-10-22,bull,-0.0244316848362485,0.4975237789640634,0.48283477319510654,0.014689005768956875,1.4689005768956875e-05,-0.012169854622037679,1.552397406520528,1.5335049557675449,0.5,BTC,0.050000000000000003,0,0,True
2021-10-22,2021-10-23,bull,0.010252050162876,0.49752505855299217,0.4913408519563117,0.006184206596680453,6.184206596680453e-06,0.005094436107491607,1.5335049557675449,1.5413172987852244,0.5,BTC,0.050000000000000003,0,0,True
2021-10-23,2021-10-24,bull,-0.0072742099898063,0.4975415441920155,0.5000750019230804,0.002533457731064892,2.533457731064892e-06,-0.003621745959691114,1.5413172987852244,1.535735039085747,0.5,BTC,0.050000000000000003,0,0,True
2021-10-24,2021-10-25,bull,0.0361528919849178,0.4975366774462273,0.4957164301676961,0.0018202472785311952,1.8202472785311953e-06,0.017985536769472565,1.535735039085747,1.563356058099391,0.5,BTC,0.050000000000000003,0,0,True
2021-10-25,2021-10-26,bull,-0.0437027288439277,0.49753565085120144,0.5064149835165467,0.008879332665345241,8.879332665345241e-06,-0.021752351902761924,1.563356058099391,1.5293493869742985,0.5,BTC,0.050000000000000003,0,0,True
2021-10-26,2021-10-27,bull,-0.0310508234014472,0.49752729559825104,0.48636739523165684,0.0111599003665942,1.11599003665942e-05,-0.015459619688191428,1.5293493869742985,1.505706227081307,0.5,BTC,0.050000000000000003,0,0,True
2021-10-27,2021-10-28,bull,0.0366952382093188,0.497554058352972,0.489642977673199,0.00791108067977303,7.91108067977303e-06,0.01824980917315533,1.505706227081307,1.5331850783963725,0.5,BTC,0.050000000000000003,0,0,True
2021-10-28,2021-10-29,bull,0.0274056039285273,0.49764536775449075,0.506563161387045,0.008917793632554294,8.917793632554293e-06,0.013629232428619575,1.5331850783963725,1.554081214185928,0.5,BTC,0.050000000000000003,0,0,True
2021-10-29,2021-10-30,bull,-0.0064698246222857,0.49755359643525005,0.5044044347981604,0.006850838362910394,6.850838362910394e-06,-0.0032259132940588575,1.554081214185928,1.5490678829370383,0.5,BTC,0.050000000000000003,0,0,True
2021-10-30,2021-10-31,bull,-0.0085785760372315,0.49753781880137893,0.495930955582838,0.0016068632185409215,1.6068632185409216e-06,-0.004269766014845522,1.5490678829370383,1.542453725535785,0.5,BTC,0.050000000000000003,0,0,True
2021-10-31,2021-11-01,bull,-0.0064312929785872,0.49754937936014565,0.4953840340875753,0.0021653452725703404,2.1653452725703405e-06,-0.0032020442463941423,1.542453725535785,1.537514720458604,0.5,BTC,0.050000000000000003,0,0,True
2021-11-01,2021-11-02,bull,0.0378624089514456,0.49767559559372304,0.4959364334962816,0.0017391620974414601,1.73916209744146e-06,0.018841424992052547,1.537514720458604,1.5664836887383013,0.5,BTC,0.050000000000000003,0,0,True
2021-11-02,2021-11-03,bull,-0.0047958216878065,0.49763828872295435,0.506965933597929,0.009327644874974617,9.327644874974617e-06,-0.002395889881402713,1.5664836887383013,1.562730566319071,0.5,BTC,0.050000000000000003,0,0,True
2021-11-03,2021-11-04,bull,-0.0239341370185239,0.4976193100106719,0.4964364918608016,0.0011828181498703128,1.1828181498703128e-06,-0.011911257479539472,1.562730566319071,1.544116480172498,0.5,BTC,0.050000000000000003,0,0,True
2021-11-04,2021-11-05,bull,-0.0071369718917615,0.49770962765709154,0.49156378962193575,0.006145838035155782,6.145838035155782e-06,-0.003558263630008107,1.544116480172498,1.538622106660604,0.5,BTC,0.050000000000000003,0,0,True
2021-11-05,2021-11-06,bull,0.0083576195216672,0.4988028084251474,0.4959190617833298,0.0028837466418176194,2.8837466418176194e-06,0.0041659083207399306,1.538622106660604,1.545031865297216,0.5,BTC,0.050000000000000003,0,0,True
2021-11-06,2021-11-07,bull,0.0291019274964665,0.4754070896740473,0.500883527217847,0.02547643754379969,2.5476437543799692e-05,0.013809433744251587,1.545031865297216,1.5663678804737953,0.5,ABSTAIN,0.050000000000000003,0,0,True
2021-11-07,2021-11-08,bull,0.0672433194464638,0.49863454026865583,0.4825659259945595,0.016068614274096338,1.6068614274096337e-05,0.033513234285959204,1.5663678804737953,1.618861934230115,0.5,BTC,0.050000000000000003,0,0,True
2021-11-08,2021-11-09,bull,-0.0092332206391728,0.49832430131889555,0.514899870798904,0.016575569480008434,1.6575569480008434e-05,-0.004617637526932672,1.618861934230115,1.6113866166116912,0.5,BTC,0.050000000000000003,0,0,True
2021-11-09,2021-11-10,bull,-0.0294719031932129,0.4978371692840802,0.49600535228061327,0.0018318170034669623,1.8318170034669624e-06,-0.014674013799325314,1.6113866166116912,1.5877411071634833,0.5,BTC,0.050000000000000003,0,0,True
2021-11-10,2021-11-11,bull,-0.0019389336019195,0.49768647921434156,0.4903596191735513,0.007326860040790251,7.326860040790251e-06,-0.0009723008275294154,1.5877411071634833,1.5861973451710858,0.5,BTC,0.050000000000000003,0,0,True
2021-11-11,2021-11-12,bull,-0.0103723843368046,0.4981485277185493,0.49720128799143826,0.0009472397271110267,9.472397271110267e-07,-0.005167930331660964,1.5861973451710858,1.577999987798976,0.5,BTC,0.050000000000000003,0,0,True
2021-11-12,2021-11-13,bull,0.0041179084580063,0.49901381921285803,0.49554199928927894,0.003471819923579089,3.4718199235790892e-06,0.0020514142726559825,1.577999987798976,1.5812371194961978,0.5,BTC,0.050000000000000003,0,0,True
2021-11-13,2021-11-14,bull,0.0172301882339056,0.4745488782903715,0.5000411812032816,0.025492302912910048,2.549230291291005e-05,0.00815086575670887,1.5812371194961978,1.5941255709867364,0.45000000000000001,ABSTAIN,0.050000000000000003,0,0,True
2021-11-14,2021-11-15,bull,-0.0291612347767149,0.4746928312711113,0.47881041955354664,0.004117588282435358,4.117588282435359e-06,-0.013846689689555491,1.5941255709867364,1.5720522088790976,0.45000000000000001,ABSTAIN,0.050000000000000003,0,0,True
2021-11-15,2021-11-16,bull,-0.0551716330256187,0.5002622059582384,0.46731912752503135,0.032943078433207096,3.29430784332071e-05,-0.02763231668386512,1.5720522088790976,1.5286127643997807,0.5,BTC,0.050000000000000003,0,0,True
2021-11-16,2021-11-17,bull,0.0046381124030814,0.4753711394790909,0.4860778081021974,0.010706668623106541,1.0706668623106541e-05,0.002194094503133348,1.5286127643997807,1.5319666852635696,0.5,ABSTAIN,0.050000000000000003,0,0,True
2021-11-17,2021-11-18,mix,-0.0565284804150557,0.4798930197481641,0.47652530944752136,0.0033677103006427567,3.3677103006427566e-06,-0.027130899520480645,1.5319666852635696,1.49040305105696,0.5,ABSTAIN,0.050000000000000003,0,0,True
2021-11-18,2021-11-19,mix,0.0198067607404401,0.4803142104530359,0.4653903300805366,0.01492388037249931,1.492388037249931e-05,0.009498402788436167,1.49040305105696,1.5045594995530132,0.5,ABSTAIN,0.050000000000000003,0,0,True
2021-11-19,2021-11-20,mix,0.0281354052965219,0.4805825227459411,0.4852116334379975,0.004629110692056404,4.6291106920564045e-06,0.013516692353206405,1.5045594995530132,1.5248961674355654,0.5,ABSTAIN,0.050000000000000003,0,0,True
2021-11-20,2021-11-21,mix,-0.0168007421597652,0.4805795799278891,0.48751206888653065,0.0069324889586415694,6.93248895864157e-06,-0.008080970125010634,1.5248961674355654,1.5125735270627754,0.5,ABSTAIN,0.050000000000000003,0,0,True
2021-11-21,2021-11-22,mix,-0.040969576406429,0.4802273707654481,0.4763515936767082,0.0038757770887398735,3.875777088739873e-06,-0.01967851148132449,1.5125735270627754,1.4828083315441232,0.5,ABSTAIN,0.050000000000000003,0,0,True
2021-11-22,2021-11-23,mix,0.022454749524053,0.4804957064096779,0.4697957549649262,0.01069995144475172,1.069995144475172e-05,0.010778595337196606,1.4828083315441232,1.498790922512461,0.5,ABSTAIN,0.050000000000000003,0,0,True
2021-11-23,2021-11-24,mix,-0.0069737308330959,0.4806164162631644,0.48604102093564794,0.005424604672483513,5.424604672483513e-06,-0.0033570959440683,1.498790922512461,1.493759337585488,0.5,ABSTAIN,0.050000000000000003,0,0,True
2021-11-24,2021-11-25,mix,0.0308439315255624,0.4805964330608293,0.47886974946337174,0.0017266835974575345,1.7266835974575346e-06,0.014821731193694676,1.493759337585488,1.5158994369552516,0.5,ABSTAIN,0.050000000000000003,0,0,True
2021-11-25,2021-11-26,mix,-0.0883039139663799,0.480613855034528,0.4881833388780525,0.0075694838435244605,7.569483843524461e-06,-0.042447332740328636,1.5158994369552516,1.4515535491539353,0.5,ABSTAIN,0.050000000000000003,0,0,True
2021-11-26,2021-11-27,mix,0.019262658916936,0.48060398336329,0.4575941029261507,0.023009880437139307,2.3009880437139308e-05,0.009234487706396566,1.4515535491539353,1.4649579025587736,0.5,ABSTAIN,0.050000000000000003,0,0,True
2021-11-27,2021-11-28,mix,0.0461162876899676,0.4807201077378703,0.4853682947589031,0.0046481870210328124,4.648187021032812e-06,0.022164275553988144,1.4649579025587736,1.4974276331860787,0.5,ABSTAIN,0.050000000000000003,0,0,True
2021-11-28,2021-11-29,mix,0.0087848982833405,0.4807703796062044,0.4919823643116089,0.01121198470540452,1.121198470540452e-05,0.004212259543749042,1.4974276331860787,1.5037351870250404,0.5,ABSTAIN,0.050000000000000003,0,0,True
2021-11-29,2021-11-30,mix,-0.0157782361042861,0.4806651146524186,0.4829541325903192,0.002289017937900595,2.289017937900595e-06,-0.007586319323996227,1.5037351870250404,1.4923273717175392,0.5,ABSTAIN,0.050000000000000003,0,0,True
2021-11-30,2021-12-01,mix,0.0057556840456447,0.4806574897399732,0.476696354863873,0.00396113487610017,3.96113487610017e-06,0.002762540551710213,1.4923273717175392,1.496449986598336,0.5,ABSTAIN,0.050000000000000003,0,0,True
2021-12-01,2021-12-02,mix,-0.0124855139721344,0.4807367091010386,0.4820902934920558,0.0013535843910171819,1.353584391017182e-06,-0.006003590358244937,1.496449986598336,1.4874659138871986,0.5,ABSTAIN,0.050000000000000003,0,0,True
2021-12-02,2021-12-03,mix,-0.050702704616256,0.4807292841590706,0.47760114322804975,0.003128140931020873,3.128140931020873e-06,-0.024377326789865705,1.4874659138871986,1.4512054712155842,0.5,ABSTAIN,0.050000000000000003,0,0,True
2021-12-03,2021-12-04,mix,-0.0827181786823042,0.4808693215950866,0.4677562281528628,0.013113093442223833,1.3113093442223834e-05,-0.03978922596525847,1.4512054712155842,1.393463128799368,0.5,ABSTAIN,0.050000000000000003,0,0,True
2021-12-04,2021-12-05,bear,0.004274807298273,0.45723482477744154,0.4593646675984535,0.0021298428210119735,2.1298428210119734e-06,0.001952456760191179,1.393463128799368,1.3961838053052695,0.45000000000000001,CASH,0.050000000000000003,0,0,True
2021-12-05,2021-12-06,bear,0.0234103490502068,0.4578103905528579,0.4582936390284708,0.0004832484756129296,4.832484756129296e-07,0.010717012613962185,1.3961838053052695,1.4111467247581357,0.45000000000000001,CASH,0.050000000000000003,0,0,True
2021-12-06,2021-12-07,bear,0.0006546405311487,0.45783534121765085,0.4635596901326465,0.005724348914995625,5.724348914995625e-06,0.000293991506350455,1.4111467247581357,1.411561589909429,0.45000000000000001,CASH,0.050000000000000003,0,0,True
2021-12-07,2021-12-08,bear,-0.0023974606286761,0.4578051773829436,0.4579977888038419,0.0001926114208983254,1.926114208983254e-07,-0.001097762288396198,1.411561589909429,1.4100120308282778,0.45000000000000001,CASH,0.050000000000000003,0,0,True
2021-12-08,2021-12-09,bear,-0.0570056999756309,0.45782837617363503,0.4572094267940965,0.000618949379538547,6.18949379538547e-07,-0.02609942984801128,1.4100120308282778,1.3732115207448232,0.45000000000000001,CASH,0.050000000000000003,0,0,True
2021-12-09,2021-12-10,bear,-0.0096519499291966,0.45782764656420516,0.44329913662032,0.01452850994388516,1.452850994388516e-05,-0.004433393830322041,1.3732115207448232,1.3671235332610259,0.45000000000000001,CASH,0.050000000000000003,0,0,True
2021-12-10,2021-12-11,bear,0.0461906943984793,0.4578471935088325,0.45542119118952895,0.0024260023193035662,2.4260023193035662e-06,0.021145802488472754,1.3671235332610259,1.3960324574727065,0.45000000000000001,CASH,0.050000000000000003,0,0,True
2021-12-11,2021-12-12,bear,0.0155430958440214,0.4578478465853588,0.4690753368363167,0.011227490250957872,1.1227490250957873e-05,0.007105065572196034,1.3960324574727065,1.4059513596239641,0.45000000000000001,CASH,0.050000000000000003,0,0,True
2021-12-12,2021-12-13,bear,-0.0674387492262534,0.4578458684036594,0.46167874143439164,0.0038328730307322645,3.832873030732264e-06,-0.030880267230675162,1.4059513596239641,1.362535205925445,0.45000000000000001,CASH,0.050000000000000003,0,0,True
2021-12-13,2021-12-14,bear,0.0356053923038053,0.4578418408842954,0.44057268131445926,0.017269159569836157,1.7269159569836155e-05,0.016284087682617798,1.362535205925445,1.3847228486893886,0.45000000000000001,CASH,0.050000000000000003,0,0,True
2021-12-14,2021-12-15,bear,0.0104411110996247,0.4578476609577501,0.46653814315229747,0.008690482194547378,8.690482194547378e-06,0.004771706268254627,1.3847228486893886,1.391330339386275,0.45000000000000001,CASH,0.050000000000000003,0,0,True
2021-12-15,2021-12-16,bear,-0.0254401849748832,0.4578473638336745,0.4604270561214851,0.0025796922878105755,2.5796922878105755e-06,-0.011650271270941426,1.391330339386275,1.375120963504934,0.45000000000000001,CASH,0.050000000000000003,0,0,True
2021-12-16,2021-12-17,bear,-0.030570124422086,0.4578461863582797,0.45145810048785484,0.006388085870424887,6.388085870424887e-06,-0.014002713558720403,1.375120963504934,1.3558655385443827,0.45000000000000001,CASH,0.050000000000000003,0,0,True
2021-12-17,2021-12-18,bear,0.0148141089226849,0.4578469954428431,0.45015026129192987,0.007696734150913209,7.696734150913209e-06,0.006774846322430861,1.3558655385443827,1.365051319201901,0.45000000000000001,CASH,0.050000000000000003,0,0,True
2021-12-18,2021-12-19,bear,-0.0032375651461278,0.4578478020841919,0.46149942687783185,0.0036516247936399515,3.6516247936399516e-06,-0.0014859582982050812,1.365051319201901,1.363022909866657,0.45000000000000001,CASH,0.050000000000000003,0,0,True
2021-12-19,2021-12-20,bear,0.0040831183290688,0.45784727469349673,0.4570429703167732,0.0008043043767235192,8.043043767235192e-07,0.0018686387912358882,1.363022909866657,1.3655699073493772,0.45000000000000001,CASH,0.050000000000000003,0,0,True
2021-12-20,2021-12-21,bear,0.042793292277248,0.4578477451794829,0.45885890798537693,0.001011162805894028,1.011162805894028e-06,0.019591781403615505,1.3655699073493772,1.3923238544655216,0.45000000000000001,CASH,0.050000000000000003,0,0,True
2021-12-21,2021-12-22,bear,-0.0061817512576173,0.45784706099176936,0.4682659114121422,0.010418850420372827,1.0418850420372827e-05,-0.0028406860070653295,1.3923238544655216,1.388368699574838,0.45000000000000001,CASH,0.050000000000000003,0,0,True
2021-12-22,2021-12-23,bear,0.0452945182789195,0.45784259531509414,0.45630825206162046,0.00153434325347368,1.53434325347368e-06,0.020736193640272127,1.388368699574838,1.4171581817733148,0.45000000000000001,CASH,0.050000000000000003,0,0,True
2021-12-23,2021-12-24,bear,-0.0002933013129663,0.4578445232367694,0.468857304945908,0.011012781709138608,1.1012781709138608e-05,-0.00014529770264204434,1.4171581817733148,1.4169522719452228,0.45000000000000001,CASH,0.050000000000000003,0,0,True
2021-12-24,2021-12-25,bear,-0.007476455171789,0.45781267122766883,0.4577717093517486,4.096187592023126e-05,4.096187592023126e-08,-0.003422856735181612,1.4169522719452228,1.4121022473177642,0.45000000000000001,CASH,0.050000000000000003,0,0,True
2021-12-25,2021-12-26,bear,0.0074097733621127,0.4578288848812499,0.45595048990678416,0.0018783949744657358,1.8783949744657358e-06,0.0033905235083417917,1.4121022473177642,1.4168900131834774,0.45000000000000001,CASH,0.050000000000000003,0,0,True
2021-12-26,2021-12-27,bear,-0.0020027609349368,0.457840593530632,0.4596619322140281,0.0018213386833961231,1.8213386833961233e-06,-0.0009187649237669682,1.4168900131834774,1.4155882243385287,0.45000000000000001,CASH,0.050000000000000003,0,0,True
2021-12-27,2021-12-28,bear,-0.0618214538006479,0.45779254200299463,0.4573430067755201,0.0004495352274745401,4.4953522747454013e-07,-0.028301837298470245,1.4155882243385287,1.3755244767316692,0.45000000000000001,CASH,0.050000000000000003,0,0,True
2021-12-28,2021-12-29,bear,-0.0227888409345212,0.4578269713649259,0.44200037103270856,0.015826600332217333,1.5826600332217332e-05,-0.010449007501903362,1.3755244767316692,1.3611516111552484,0.45000000000000001,CASH,0.050000000000000003,0,0,True
2021-12-29,2021-12-30,bear,0.0142396855904971,0.4578470702112172,0.45211065221554836,0.005736417995668819,5.736417995668819e-06,0.006513824511201083,1.3611516111552484,1.3700179138834523,0.45000000000000001,CASH,0.050000000000000003,0,0,True
2021-12-30,2021-12-31,bear,-0.019179471726301,0.45784785946197215,0.4613587945140772,0.0035109350521050353,3.5109350521050353e-06,-0.00878476018004637,1.3700179138834523,1.3579826350676187,0.45000000000000001,CASH,0.050000000000000003,0,0,True
2021-12-31,2022-01-01,bear,0.03285409837839,0.4493076099779099,0.45304489348292165,0.003737283505011735,3.7372835050117348e-06,0.014757803968597827,1.3579826350676187,1.3780234765887065,0.45000000000000001,CASH,0.050000000000000003,0,0,True
2022-01-01,2022-01-02,bear,-0.0089278981105198,0.44930514138507116,0.45731845591645637,0.008013314531385207,8.013314531385208e-06,-0.0040193316931366185,1.3780234765887065,1.3724847431553673,0.45000000000000001,CASH,0.050000000000000003,0,0,True
2022-01-02,2022-01-03,bear,-0.0186338291927173,0.449311058795757,0.4470872143934553,0.0022238444023017223,2.223844402301722e-06,-0.00837459074951874,1.3724847431553673,1.3609907451214827,0.45000000000000001,CASH,0.050000000000000003,0,0,True
2022-01-03,2022-01-04,bear,-0.0127697059241612,0.4493172075745198,0.4446615512061553,0.004655656368364514,4.655656368364513e-06,-0.005742277551239905,1.3609907451214827,1.3531755585183263,0.45000000000000001,CASH,0.050000000000000003,0,0,True
2022-01-04,2022-01-05,bear,-0.0526078106694766,0.44932279459210955,0.44613934978613107,0.003183444805978486,3.1834448059784858e-06,-0.023640996702274375,1.3531755585183263,1.3211851396017962,0.45000000000000001,CASH,0.050000000000000003,0,0,True
2022-01-05,2022-01-06,bear,-0.0075623072866654,0.4493068232090126,0.4359908081991833,0.013316015009829318,1.3316015009829318e-05,-0.0034110670330058657,1.3211851396017962,1.3166784885276033,0.45000000000000001,CASH,0.050000000000000003,0,0,True
2022-01-06,2022-01-07,bear,-0.0359835257265502,0.4493039427925333,0.44742930055132624,0.0018746422412070363,1.8746422412070363e-06,-0.016169384318403424,1.3166784885276033,1.2953886080228258,0.45000000000000001,CASH,0.050000000000000003,0,0,True
2022-01-07,2022-01-08,bear,0.0030158833312874,0.4493037268114562,0.44025423068598557,0.009049496125470624,9.049496125470624e-06,0.0013459858617523857,1.2953886080228258,1.2971321827746998,0.45000000000000001,CASH,0.050000000000000003,0,0,True
2022-01-08,2022-01-09,bear,0.0042306584757152,0.4493036212988235,0.45004893669111606,0.0007453153922925559,7.45315392292556e-07,0.0019001034414920515,1.2971321827746998,1.29959686809926,0.45000000000000001,CASH,0.050000000000000003,0,0,True
2022-01-09,2022-01-10,bear,-0.0003847229158653,0.44930379457355085,0.4503484265875736,0.0010446320140227727,1.0446320140227727e-06,-0.00017390191739918848,1.29959686809926,1.2993708657120515,0.45000000000000001,CASH,0.050000000000000003,0,0,True
2022-01-10,2022-01-11,bear,0.0215384321168861,0.4493038455264025,0.44920858616548415,9.525936091836495e-05,9.525936091836496e-08,0.00967720419551199,1.2993708657120515,1.3119451429052462,0.45000000000000001,CASH,0.050000000000000003,0,0,True
2022-01-11,2022-01-12,bear,0.0273276983703538,0.449303772248637,0.45458201915787927,0.005278246909242279,5.278246909242279e-06,0.012273094909136528,1.3119451429052462,1.328046770159703,0.45000000000000001,CASH,0.050000000000000003,0,0,True
2022-01-12,2022-01-13,bear,-0.0305460012300403,0.44930400141630567,0.4559834457616082,0.006679444345302543,6.679444345302543e-06,-0.013731028352632735,1.328046770159703,1.3098113223050178,0.45000000000000001,CASH,0.050000000000000003,0,0,True
2022-01-13,2022-01-14,bear,0.012060620300752,0.44930634908451744,0.44164083422334777,0.0076655148611696755,7.665514861169676e-06,0.005411206221404008,1.3098113223050178,1.3168989814811403,0.45000000000000001,CASH,0.050000000000000003,0,0,True
2022-01-14,2022-01-15,bear,0.0005502248492685,0.4493041388654833,0.45227442646601174,0.0029702876005284207,2.9702876005284207e-06,0.00024424728017291564,1.3168989814811403,1.3172206304756295,0.45000000000000001,CASH,0.050000000000000003,0,0,True
2022-01-15,2022-01-16,bear,-0.0004153421351834,0.4493050744403043,0.4494402473127379,0.00013517287243358656,1.3517287243358656e-07,-0.00018675047661387278,1.3172206304756295,1.3169746388950825,0.45000000000000001,CASH,0.050000000000000003,0,0,True
2022-01-16,2022-01-17,bear,-0.0201907653595362,0.4493052446695655,0.44920228714392557,0.0001029575256399351,1.029575256399351e-07,-0.009071918793446043,1.3169746388950825,1.3050271519179983,0.45000000000000001,CASH,0.050000000000000003,0,0,True
2022-01-17,2022-01-18,bear,0.0036792839492716,0.44930769188984576,0.444263706845668,0.005043985044177746,5.0439850441777455e-06,0.0016480782556445028,1.3050271519179983,1.3071779387901001,0.45000000000000001,CASH,0.050000000000000003,0,0,True
2022-01-18,2022-01-19,bear,-0.0162116484045641,0.4493057107488937,0.4502165557134538,0.0009108449645601202,9.108449645601202e-07,-0.007284890419206325,1.3071779387901001,1.2976552907476102,0.45000000000000001,CASH,0.050000000000000003,0,0,True
2022-01-19,2022-01-20,bear,-0.0230794331754555,0.4493074558906685,0.44526502886962777,0.00404242702104074,4.04242702104074e-06,-0.010373761911479873,1.2976552907476102,1.2841937237182224,0.45000000000000001,CASH,0.050000000000000003,0,0,True
2022-01-20,2022-01-21,bear,-0.1041460461392232,0.44930453178510943,0.44353706805654364,0.0057674637285657915,5.767463728565792e-06,-0.046798788082976994,1.2841937237182224,1.2240950137844442,0.45000000000000001,CASH,0.050000000000000003,0,0,True
2022-01-21,2022-01-22,bear,-0.0383901522940056,0.4493037309373906,0.4222706756832256,0.027033055254164995,2.7033055254164996e-05,-0.017275405423397117,1.2240950137844442,1.2029482761445591,0.45000000000000001,CASH,0.050000000000000003,0,0,True
2022-01-22,2022-01-23,bear,0.0340496989325791,0.44930357752596073,0.4396381396181551,0.009665437907805607,9.665437907805608e-06,0.01528883823801519,1.2029482761445591,1.2213399577472326,0.45000000000000001,CASH,0.050000000000000003,0,0,True
2022-01-23,2022-01-24,bear,0.0114917492659121,0.44930357525649656,0.45760154252492374,0.008297967268427187,8.297967268427186e-06,0.005154943219095154,1.2213399577472326,1.2276358958806317,0.45000000000000001,CASH,0.050000000000000003,0,0,True
2022-01-24,2022-01-25,bear,0.0072043242300257,0.44930357592334463,0.45213237143424073,0.0028287955108960983,2.828795510896098e-06,0.0032340906865415686,1.2276358958806317,1.2316061816979633,0.45000000000000001,CASH,0.050000000000000003,0,0,True
2022-01-25,2022-01-26,bear,-0.0040648866324226,0.4493035795908942,0.45108038953079543,0.0017768099399012582,1.7768099399012583e-06,-0.0018281416794094785,1.2316061816979633,1.2293546311045829,0.45000000000000001,CASH,0.050000000000000003,0,0,True
2022-01-26,2022-01-27,bear,0.0098884794730491,0.4493035811152019,0.44829596493256263,0.0010076161826392815,1.0076161826392815e-06,0.004441917146075225,1.2293546311045829,1.2348153225190932,0.45000000000000001,CASH,0.050000000000000003,0,0,True
2022-01-27,2022-01-28,bear,0.0156279009694786,0.44930357856281694,0.4517394638817254,0.0024358853189084817,2.435885318908482e-06,0.007019218841705976,1.2348153225190932,1.2434827614969464,0.45000000000000001,CASH,0.050000000000000003,0,0,True
2022-01-28,2022-01-29,bear,0.0112782851284007,0.4493036030481749,0.45314342596432694,0.003839822916152036,3.839822916152036e-06,0.005063514863659524,1.2434827614969464,1.2497791549424906,0.45000000000000001,CASH,0.050000000000000003,0,0,True
2022-01-29,2022-01-30,bear,-0.0066307229610069,0.44930363033059884,0.45208011809096077,0.0027764877603619342,2.7764877603619343e-06,-0.002981976114122875,1.2497791549424906,1.2460523433545234,0.45000000000000001,CASH,0.050000000000000003,0,0,True
2022-01-30,2022-01-31,bear,0.0153200220477507,0.44930364250466737,0.44765808894673903,0.0016455535579283365,1.6455535579283364e-06,0.006881684828840662,1.2460523433545234,1.2546272828617275,0.45000000000000001,CASH,0.050000000000000003,0,0,True
2022-01-31,2022-02-01,bear,0.005483316276436,0.4384551020458802,0.45306835987527716,0.014613257829396986,1.4613257829396986e-05,0.0023895396066859753,1.2546272828617275,1.2576252644457544,0.45000000000000001,CASH,0.050000000000000003,0,0,True
2022-02-01,2022-02-02,bear,-0.0470037225811618,0.438455487982315,0.4398019235375532,0.0013464355552382234,1.3464355552382234e-06,-0.020610358808119456,1.2576252644457544,1.2317051564993713,0.45000000000000001,CASH,0.050000000000000003,0,0,True
2022-02-02,2022-02-03,bear,0.0107779301819996,0.4384558421914685,0.4266390695629469,0.011816772628521599,1.18167726285216e-05,0.004713773840511193,1.2317051564993713,1.2375111360453008,0.45000000000000001,CASH,0.050000000000000003,0,0,True
2022-02-03,2022-02-04,bear,0.1147774875428422,0.43845517579813276,0.441097020077246,0.002641844279113237,2.641844279113237e-06,0.05032200868374459,1.2375111360453008,1.2997851821796031,0.45000000000000001,CASH,0.050000000000000003,0,0,True
2022-02-04,2022-02-05,bear,-0.0037408943504074,0.4384554668940252,0.46536077884190213,0.02690531194787693,2.690531194787693e-05,-0.0016670767604450853,1.2997851821796031,1.2976183405088206,0.45000000000000001,CASH,0.050000000000000003,0,0,True
2022-02-05,2022-02-06,bear,0.0236669958780162,0.43848326050028597,0.43753289959325803,0.0009503609070279362,9.503609070279362e-07,0.010376621295484556,1.2976183405088206,1.3110832346143557,0.45000000000000001,CASH,0.050000000000000003,0,0,True
2022-02-06,2022-02-07,bear,0.0340086147923439,0.43848985770642807,0.4442505952521037,0.0057607375456756316,5.7607375456756315e-06,0.01490658601693129,1.3110832346143557,1.3306270096264912,0.45000000000000001,CASH,0.050000000000000003,0,0,True
2022-02-07,2022-02-08,bear,0.0046607762485197,0.43861589613082436,0.4467403056426263,0.008124409511801933,8.124409511801933e-06,0.0020361495327443357,1.3306270096264912,1.333336365190399,0.45000000000000001,CASH,0.050000000000000003,0,0,True
2022-02-08,2022-02-09,bear,0.0079635407441722,0.43884299887477335,0.4397611870424065,0.0009181881676331716,9.181881676331715e-07,0.003493822704833782,1.333336365190399,1.3379948060562818,0.45000000000000001,CASH,0.050000000000000003,0,0,True
2022-02-09,2022-02-10,bear,-0.0195521853436332,0.43882017789606337,0.44079726931954827,0.0019770914234849,1.9770914234849e-06,-0.008581853578939702,1.3379948060562818,1.3265123305413251,0.45000000000000001,CASH,0.050000000000000003,0,0,True
2022-02-10,2022-02-11,bear,-0.0260242181935157,0.4390795407295097,0.4339636462919977,0.005115894437512036,5.115894437512036e-06,-0.011431759208890946,1.3265123305413251,1.311347960990952,0.45000000000000001,CASH,0.050000000000000003,0,0,True
2022-02-11,2022-02-12,bear,-0.0043219371337442,0.43856284202450807,0.43259598425723816,0.005966857767269906,5.966857767269906e-06,-0.0019013965803662547,1.311347960990952,1.3088545684622535,0.45000000000000001,CASH,0.050000000000000003,0,0,True
2022-02-12,2022-02-13,bear,-0.0034142712272421,0.4384961077414316,0.4374966500942195,0.0009994576472120986,9.994576472120987e-07,-0.0014981426052338431,1.3088545684622535,1.3068937176691853,0.45000000000000001,CASH,0.050000000000000003,0,0,True
2022-02-13,2022-02-14,bear,0.0116306991495707,0.4384981460151518,0.4376541947310427,0.000843951284109079,8.439512841090791e-07,0.005099191758477284,1.3068937176691853,1.3135578193435298,0.45000000000000001,CASH,0.050000000000000003,0,0,True
2022-02-14,2022-02-15,bear,0.0468645344451155,0.4384811922444096,0.44134729715356813,0.0028661049091585067,2.866104909158507e-06,0.020546291936352823,1.3135578193435298,1.340546561775041,0.45000000000000001,CASH,0.050000000000000003,0,0,True
2022-02-15,2022-02-16,bear,-0.0148346369016083,0.43857082682344195,0.449787625685873,0.011216798862431043,1.1216798862431044e-05,-0.006517182793495779,1.340546561775041,1.3318099747887606,0.45000000000000001,CASH,0.050000000000000003,0,0,True
2022-02-16,2022-02-17,bear,-0.0759007920954524,0.43900417877115727,0.4348942266388988,0.004109952132258454,4.109952132258454e-06,-0.03332473790732804,1.3318099747887606,1.28742775643656,0.45000000000000001,CASH,0.050000000000000003,0,0,True
2022-02-17,2022-02-18,bear,-0.0136291452131542,0.43928073343934565,0.41966704066842003,0.019613692770925617,1.9613692770925617e-05,-0.006006517170567993,1.28742775643656,1.2796947995116579,0.45000000000000001,CASH,0.050000000000000003,0,0,True
2022-02-18,2022-02-19,bear,0.0022549943625143,0.43851428445540247,0.43590347575604166,0.0026108086993608115,2.6108086993608114e-06,0.0009862338489385891,1.2796947995116579,1.280956877839247,0.45000000000000001,CASH,0.050000000000000003,0,0,True
2022-02-19,2022-02-20,bear,-0.0432847845987683,0.43847242573411704,0.43906895956618935,0.0005965338320723101,5.965338320723102e-07,-0.018979769712507144,1.280956877839247,1.256644611286206,0.45000000000000001,CASH,0.050000000000000003,0,0,True
2022-02-20,2022-02-21,bear,-0.0348663798722461,0.4384981436494825,0.4276089096234755,0.010889234026007,1.0889234026007e-05,-0.015299565599995901,1.256644611286206,1.2374184946199513,0.45000000000000001,CASH,0.050000000000000003,0,0,True
2022-02-21,2022-02-22,bear,0.0332408550504217,0.4385545568846179,0.42978014184839153,0.00877441503622639,8.774415036226391e-06,0.014569026129272578,1.2374184946199513,1.2554464770009146,0.45000000000000001,CASH,0.050000000000000003,0,0,True
2022-02-22,2022-02-23,bear,-0.0267620437040173,0.4384882851615094,0.44662166663807923,0.008133381476569834,8.133381476569834e-06,-0.011742880588716642,1.2554464770009146,1.2407039189359679,0.45000000000000001,CASH,0.050000000000000003,0,0,True
2022-02-23,2022-02-24,bear,0.0299425648630207,0.4385998459316157,0.4318207915527016,0.006779054378914129,6.779054378914129e-06,0.013125936253344683,1.2407039189359679,1.2569893194851962,0.45000000000000001,CASH,0.050000000000000003,0,0,True
2022-02-24,2022-02-25,bear,0.0227026124697438,0.43848813301410616,0.4458770344165511,0.007388901402444914,7.3889014024449145e-06,0.00994736369976934,1.2569893194851962,1.269493049412841,0.45000000000000001,CASH,0.050000000000000003,0,0,True
2022-02-25,2022-02-26,bear,-0.0023999224679669,0.43853220923484987,0.4440227894916376,0.005490580256787725,5.490580256787725e-06,-0.0010579281036022792,1.269493049412841,1.2681500170385394,0.45000000000000001,CASH,0.050000000000000003,0,0,True
2022-02-26,2022-02-27,bear,-0.0364663624394422,0.4386545753070246,0.43794067366159156,0.0007139016454330571,7.139016454330571e-07,-0.015996839210842717,1.2681500170385394,1.2478636251207464,0.45000000000000001,CASH,0.050000000000000003,0,0,True
2022-02-27,2022-02-28,bear,0.1459069067714537,0.43856716556289904,0.4295292471445296,0.009037918418369428,9.037918418369428e-06,0.0639803622841828,1.2478636251207464,1.3277023919372255,0.45000000000000001,CASH,0.050000000000000003,0,0,True
2022-02-28,2022-03-01,bear,0.0285286258746604,0.43107551698395663,0.47233259169590575,0.041257074711949115,4.125707471194912e-05,0.012256227693868249,1.3277023919372255,1.3439750147625016,0.45000000000000001,CASH,0.050000000000000003,0,0,True
2022-03-01,2022-03-02,bear,-0.0114249566076771,0.43246725753402215,0.4379871466415003,0.0055198891074781375,5.519889107478137e-06,-0.004946412267346156,1.3439750147625016,1.3373271602624737,0.45000000000000001,CASH,0.050000000000000003,0,0,True
2022-03-02,2022-03-03,bear,-0.0330154305806052,0.43727395479371317,0.4296492000583031,0.0076247547354100775,7.6247547354100775e-06,-0.01444430257696705,1.3373271602624737,1.3180104021152463,0.45000000000000001,CASH,0.050000000000000003,0,0,True
2022-03-03,2022-03-04,bear,-0.0781927795963545,0.4335415207551129,0.42903099639160197,0.004510524363510904,4.510524363510904e-06,-0.0339041741966879,1.3180104021152463,1.2733243478488843,0.45000000000000001,CASH,0.050000000000000003,0,0,True
2022-03-04,2022-03-05,bear,0.0064660843528936,0.4321534508814302,0.4136648673032974,0.018488583578132822,1.8488583578132822e-05,0.0027758004198144004,1.2733243478488843,1.276858842108203,0.45000000000000001,CASH,0.050000000000000003,0,0,True
2022-03-05,2022-03-06,bear,-0.025198117565832,0.43111796007790015,0.43373578600275253,0.0026178259248523794,2.6178259248523796e-06,-0.010865950430321236,1.276858842108203,1.2629845572233378,0.45000000000000001,CASH,0.050000000000000003,0,0,True
2022-03-06,2022-03-07,bear,-0.0098507672557682,0.4310865443591413,0.4248701165070213,0.00621642785212001,6.21642785212001e-06,-0.004252723245160128,1.2629845572233378,1.2576134334385558,0.45000000000000001,CASH,0.050000000000000003,0,0,True
2022-03-07,2022-03-08,bear,0.0189350108350339,0.43104349702773875,0.4286603314793928,0.0023831655483459446,2.3831655483459446e-06,0.008159410670090406,1.2576134334385558,1.2678748179062034,0.45000000000000001,CASH,0.050000000000000003,0,0,True
2022-03-08,2022-03-09,bear,0.0821839317792323,0.43104185430498043,0.4356496194619074,0.004607765156926957,4.607765156926958e-06,0.03541994335427301,1.2678748179062034,1.3127828721367503,0.45000000000000001,CASH,0.050000000000000003,0,0,True
2022-03-09,2022-03-10,bear,-0.0599274964821483,0.4310446730010005,0.4505074702092833,0.019462797208282756,1.9462797208282757e-05,-0.025850388170277405,1.3127828721367503,1.2788469253087236,0.45000000000000001,CASH,0.050000000000000003,0,0,True
2022-03-10,2022-03-11,bear,-0.017406504415686,0.43119272680256454,0.415958034959112,0.015234691843452552,1.5234691843452553e-05,-0.007520678450079199,1.2788469253087236,1.2692291287966042,0.45000000000000001,CASH,0.050000000000000003,0,0,True
2022-03-11,2022-03-12,bear,0.0021714321124084,0.43105718765600226,0.4268912255968852,0.004165962059117068,4.165962059117068e-06,0.0009318415581134332,1.2692291287966042,1.270411849245585,0.45000000000000001,CASH,0.050000000000000003,0,0,True
2022-03-12,2022-03-13,bear,-0.0263279255326001,0.431038984114467,0.4315892266308771,0.0005502425164101155,5.502425164101155e-07,-0.011348906273578319,1.270411849245585,1.2559940642396534,0.45000000000000001,CASH,0.050000000000000003,0,0,True
2022-03-13,2022-03-14,bear,0.0497110530159501,0.4310409883279714,0.424508093472626,0.006532894855345361,6.532894855345362e-06,0.021420828544350234,1.2559940642396534,1.2828984977424527,0.45000000000000001,CASH,0.050000000000000003,0,0,True
2022-03-14,2022-03-15,bear,-0.009714880605781,0.43104144982472314,0.4429766078556873,0.011935158030964177,1.1935158030964178e-05,-0.004199401400553082,1.2828984977424527,1.2775110919942656,0.45000000000000001,CASH,0.050000000000000003,0,0,True
2022-03-15,2022-03-16,bear,0.0466581987847995,0.431067755524255,0.4286489078583856,0.002418847665869417,2.418847665869417e-06,0.02011037752939404,1.2775110919942656,1.3032023223522586,0.45000000000000001,CASH,0.050000000000000003,0,0,True
2022-03-16,2022-03-17,bear,-0.0049588143594032,0.43107662848691175,0.44228499106811614,0.01120836258120439,1.120836258120439e-05,-0.0021488133786045083,1.3032023223522586,1.3004019837669596,0.45000000000000001,CASH,0.050000000000000003,0,0,True
2022-03-17,2022-03-18,bear,0.0208482016287505,0.4311787629826099,0.42985787616293347,0.0013208868196764034,1.3208868196764035e-06,0.008987969028026566,1.3004019837669596,1.3120899565210413,0.45000000000000001,CASH,0.050000000000000003,0,0,True
2022-03-18,2022-03-19,bear,0.0111377664133613,0.4311377766494715,0.4362465132097971,0.005108736560325622,5.108736560325622e-06,0.0047967785800349105,1.3120899565210413,1.3183837615195604,0.45000000000000001,CASH,0.050000000000000003,0,0,True
2022-03-19,2022-03-20,bear,-0.0226600052091966,0.4316135514433318,0.4338563485571734,0.0022427971138416214,2.2427971138416216e-06,-0.00978258618580452,1.3183837615195604,1.30548655874653,0.45000000000000001,CASH,0.050000000000000003,0,0,True
2022-03-20,2022-03-21,bear,-0.0061536970636689,0.43390835749036116,0.4259996180113293,0.007908739479031868,7.908739479031868e-06,-0.002678028207422578,1.30548655874653,1.301990428917796,0.45000000000000001,CASH,0.050000000000000003,0,0,True
2022-03-21,2022-03-22,bear,0.0329335478523717,0.4325023056212143,0.43239276637930973,0.00010953924190454378,1.0953924190454378e-07,0.014243724278936387,1.301990428917796,1.320535621601115,0.45000000000000001,CASH,0.050000000000000003,0,0,True
2022-03-22,2022-03-23,bear,0.0127203643829796,0.43230888761088454,0.4404721285123321,0.008163240901447544,8.163240901447544e-06,0.005490918444814641,1.320535621601115,1.3277865750027993,0.45000000000000001,CASH,0.050000000000000003,0,0,True
2022-03-23,2022-03-24,bear,0.0256571588366889,0.43927658496002026,0.43541361958013114,0.003862965379889116,3.862965379889116e-06,0.011266682610282075,1.3277865750027993,1.3427463249175493,0.45000000000000001,CASH,0.050000000000000003,0,0,True
2022-03-24,2022-03-25,mix,0.0072251380274011,0.4734118319943361,0.4455258354428272,0.027885996551508918,2.7885996551508918e-05,0.0033924844503141482,1.3427463249175493,1.3473015709455485,0.45000000000000001,ABSTAIN,0.050000000000000003,0,0,True
2022-03-25,2022-03-26,mix,0.0048949944733933,0.4763071018504102,0.47520686896683484,0.0011002328835753583,1.1002328835753584e-06,0.0023304178330965097,1.3473015709455485,1.350441346553039,0.5,ABSTAIN,0.050000000000000003,0,0,True
2022-03-26,2022-03-27,mix,0.0518766274580229,0.4778032206874374,0.4775252624802162,0.00027795820722120723,2.7795820722120725e-07,0.024786534829938534,1.350441346553039,1.383914108025165,0.5,ABSTAIN,0.050000000000000003,0,0,True
2022-03-27,2022-03-28,mix,0.0052497919289784,0.4775590662343866,0.49043374750202035,0.012874681267633747,1.2874681267633748e-05,0.002494178772330269,1.383914108025165,1.3873658372161297,0.5,ABSTAIN,0.050000000000000003,0,0,True
2022-03-28,2022-03-29,mix,0.0073028340940453,0.4797811443965173,0.478865594865707,0.0009155495308103001,9.155495308103002e-07,0.003502843341580464,1.3873658372161297,1.3922255624013584,0.5,ABSTAIN,0.050000000000000003,0,0,True
2022-03-29,2022-03-30,mix,-0.0078821471474636,0.4796613028561444,0.4815975034160641,0.0019362005599197207,1.936200559919721e-06,-0.0037826898503046102,1.3922255624013584,1.3869592048971282,0.5,ABSTAIN,0.050000000000000003,0,0,True
2022-03-30,2022-03-31,mix,-0.0329261816250663,0.4803131507078128,0.4776865605902883,0.0026265901175244744,2.6265901175244743e-06,-0.01581746308802834,1.3869592048971282,1.3650210288690667,0.5,ABSTAIN,0.050000000000000003,0,0,True
2022-03-31,2022-04-01,mix,0.0169577155409115,0.4790209245140693,0.4719622988653709,0.007058625648698413,7.058625648698414e-06,0.008115984612479421,1.3650210288690667,1.3760995185350788,0.5,ABSTAIN,0.050000000000000003,0,0,True
2022-04-01,2022-04-02,mix,-0.0104974404389053,0.4766596148296428,0.48321879025662956,0.006559175426986752,6.559175426986752e-06,-0.005010232271547843,1.3760995185350788,1.369204940318453,0.5,ABSTAIN,0.050000000000000003,0,0,True
2022-04-02,2022-04-03,mix,0.0130099757700115,0.4793857974176881,0.4740278046439273,0.005357992773760811,5.357992773760811e-06,0.006231406199401324,1.369204940318453,1.3777370124718042,0.5,ABSTAIN,0.050000000000000003,0,0,True
2022-04-03,2022-04-04,mix,0.0047837610705281,0.4777398256267229,0.4826126376818647,0.004872812055141784,4.872812055141784e-06,0.002280509231327388,1.3777370124718042,1.3808789544470876,0.5,ABSTAIN,0.050000000000000003,0,0,True
2022-04-04,2022-04-05,mix,-0.0240837247206674,0.4802462939935627,0.4789306739107047,0.0013156200828580156,1.3156200828580155e-06,-0.011567419946125312,1.3808789544470876,1.3649057476862316,0.5,ABSTAIN,0.050000000000000003,0,0,True
2022-04-05,2022-04-06,mix,-0.0512679646640002,0.480257934798712,0.4741644167782345,0.006093518020477473,6.093518020477473e-06,-0.024627790315219222,1.3649057476862316,1.3312911351321777,0.5,ABSTAIN,0.050000000000000003,0,0,True
2022-04-06,2022-04-07,mix,0.0063697218168763,0.4800274033263403,0.4671378854318435,0.012889517894496827,1.2889517894496827e-05,0.003044712094253166,1.3312911351321777,1.3353445333522866,0.5,ABSTAIN,0.050000000000000003,0,0,True
2022-04-07,2022-04-08,mix,-0.0269977904621616,0.4774647703199356,0.48161244637645767,0.004147676056522054,4.147676056522054e-06,-0.012894588032625665,1.3353445333522866,1.3181258157130902,0.5,ABSTAIN,0.050000000000000003,0,0,True
2022-04-08,2022-04-09,mix,0.0116380839739798,0.4776102175023441,0.47064107233313984,0.006969145169204272,6.969145169204272e-06,0.005551459935184688,1.3181258157130902,1.325443338368554,0.5,ABSTAIN,0.050000000000000003,0,0,True
2022-04-09,2022-04-10,mix,-0.014707601655482,0.4703219146064781,0.48049785346530305,0.010175938858824951,1.0175938858824951e-05,-0.006927412918637632,1.325443338368554,1.3162614450634176,0.45000000000000001,ABSTAIN,0.050000000000000003,0,0,True
2022-04-10,2022-04-11,mix,-0.0626750201718163,0.4790078131176236,0.466632447303357,0.01237536581426657,1.237536581426657e-05,-0.03003382818436018,1.3162614450634176,1.2767290749766853,0.5,ABSTAIN,0.050000000000000003,0,0,True
2022-04-11,2022-04-12,mix,0.0147099779730106,0.4774044427227636,0.4628825679165021,0.014521874806261492,1.4521874806261492e-05,0.007007984980416548,1.2767290749766853,1.285676373158183,0.5,ABSTAIN,0.050000000000000003,0,0,True
2022-04-12,2022-04-13,bear,0.0263236688457508,0.4612550214861916,0.4810488337685405,0.019793812282348944,1.9793812282348946e-05,0.012121890291786785,1.285676373158183,1.301261201104349,0.45000000000000001,ABSTAIN,0.050000000000000003,0,0,True
2022-04-13,2022-04-14,mix,-0.0291007220479906,0.4658804960490426,0.46771794991853916,0.0018374538694965747,1.8374538694965748e-06,-0.013559271365767511,1.301261201104349,1.2836170473608306,0.45000000000000001,ABSTAIN,0.050000000000000003,0,0,True
2022-04-14,2022-04-15,mix,0.015625,0.4715019814810665,0.4585396699196342,0.012962311561432294,1.2962311561432294e-05,0.007354160652899289,1.2836170473608306,1.2930569733439223,0.45000000000000001,ABSTAIN,0.050000000000000003,0,0,True
2022-04-15,2022-04-16,bear,-0.0043885601577908,0.4623451305044531,0.4753670669107819,0.013021936406328816,1.3021936406328816e-05,-0.0020420249333946705,1.2930569733439223,1.2904165187640542,0.45000000000000001,ABSTAIN,0.050000000000000003,0,0,True
2022-04-16,2022-04-17,mix,-0.0168144222673468,0.4650991998943516,0.4612519949528493,0.0038472049415023135,3.847204941502314e-06,-0.007824191461587526,1.2904165187640542,1.280320052856049,0.45000000000000001,ABSTAIN,0.050000000000000003,0,0,True
2022-04-17,2022-04-18,bear,0.0277057149333803,0.4613625575964686,0.46088310395250065,0.0004794536439679531,4.794536439679531e-07,0.012781893919500575,1.280320052856049,1.2966849679546644,0.45000000000000001,ABSTAIN,0.050000000000000003,0,0,True
2022-04-18,2022-04-19,bear,0.0171556013038256,0.428765307286798,0.46816072899239686,0.03939542170559884,3.9395421705598845e-05,0.007316041461065126,1.2966849679546644,1.3061715689421607,0.45000000000000001,CASH,0.050000000000000003,0,0,True
2022-04-19,2022-04-20,bear,-0.0032527769076934,0.4615140324285423,0.432936471603219,0.028577560825323256,2.8577560825323255e-05,-0.001529736847388552,1.3061715689421607,1.3041734701641385,0.45000000000000001,ABSTAIN,0.050000000000000003,0,0,True
2022-04-20,2022-04-21,mix,-0.0214175207890157,0.4715671394581677,0.4607044407554247,0.010862698702742979,1.0862698702742978e-05,-0.010110552000391015,1.3041734701641385,1.2909875564765136,0.45000000000000001,ABSTAIN,0.050000000000000003,0,0,True
2022-04-21,2022-04-22,mix,-0.0190949063781433,0.4710257411937536,0.46617562051727984,0.004850120676473779,4.850120676473779e-06,-0.008998998927548074,1.2909875564765136,1.2793699608403035,0.45000000000000001,ABSTAIN,0.050000000000000003,0,0,True
2022-04-22,2022-04-23,bear,-0.0073283134805711,0.43692383002916035,0.46622486491455783,0.02930103488539748,2.930103488539748e-05,-0.003231122009053844,1.2793699608403035,1.27523616040211,0.45000000000000001,CASH,0.050000000000000003,0,0,True
2022-04-23,2022-04-24,bear,0.0011669795524886,0.4294778385654811,0.435115116764857,0.0056372781993758725,5.637278199375873e-06,0.0004955517522955422,1.27523616040211,1.275868105915988,0.45000000000000001,CASH,0.050000000000000003,0,0,True
2022-04-24,2022-04-25,bear,0.0244019866207176,0.4240460675302291,0.4297636363868353,0.005717568856606181,5.7175688566061815e-06,0.010341789734660267,1.275868105915988,1.2890628655965304,0.40000000000000002,CASH,0.050000000000000003,0,0,True
2022-04-25,2022-04-26,bear,-0.0572389739530512,0.4245865161256408,0.4299447520974441,0.0053582359718032935,5.358235971803294e-06,-0.024308124552649635,1.2890628655965304,1.2577281649034144,0.40000000000000002,CASH,0.050000000000000003,0,0,True
2022-04-26,2022-04-27,bear,0.029648676304673,0.4340020027915592,0.41025397960876925,0.023748023182789957,2.3748023182789957e-05,0.012843531293459387,1.2577281649034144,1.2738818359480166,0.45000000000000001,CASH,0.050000000000000003,0,0,True
2022-04-27,2022-04-28,bear,0.0128685370639349,0.42345238190281703,0.4411925056656217,0.01774012376280465,1.774012376280465e-05,0.0054313758778579135,1.2738818359480166,1.2808007670230261,0.40000000000000002,CASH,0.050000000000000003,0,0,True
2022-04-28,2022-04-29,bear,-0.0293599677971219,0.42437192299308013,0.4265770853155454,0.0022051623224652595,2.2051623224652595e-06,-0.012461723680080583,1.2808007670230261,1.26483978177515,0.40000000000000002,CASH,0.050000000000000003,0,0,True
2022-04-29,2022-04-30,bear,-0.0241310489619243,0.4259599063500421,0.4171093703844501,0.008850535965591988,8.850535965591988e-06,-0.010287618918500607,1.26483978177515,1.251827592107288,0.45000000000000001,CASH,0.050000000000000003,0,0,True
2022-04-30,2022-05-01,bear,0.0215405046480743,0.4233655250960293,0.41999814889635734,0.0033673761996719787,3.3673761996719787e-06,0.009116108976154669,1.251827592107288,1.2632393888562952,0.40000000000000002,CASH,0.050000000000000003,0,0,True
2022-05-01,2022-05-02,bear,0.0013780192922701,0.42290571718793657,0.4285766246028784,0.005670907414941806,5.670907414941806e-06,0.0005770980248338553,1.2632393888562952,1.2639684018124964,0.40000000000000002,CASH,0.050000000000000003,0,0,True
2022-05-02,2022-05-03,bear,-0.0206678091083761,0.4243745602327275,0.42324183583353137,0.00113272439919615,1.13272439919615e-06,-0.008772015190736449,1.2639684018124964,1.2528808517911862,0.40000000000000002,CASH,0.050000000000000003,0,0,True
2022-05-03,2022-05-04,bear,0.0522297046502995,0.4248569266734943,0.41928113757496843,0.005575789098525852,5.575789098525852e-06,0.022184452282085543,1.2528808517911862,1.2806753272628866,0.40000000000000002,CASH,0.050000000000000003,0,0,True
2022-05-04,2022-05-05,bear,-0.0792178996170126,0.42333343091158165,0.4373423845706178,0.01400895365903615,1.400895365903615e-05,-0.03354912438967872,1.2806753272628866,1.2377097914057515,0.40000000000000002,CASH,0.050000000000000003,0,0,True
2022-05-05,2022-05-06,bear,-0.0146398861646234,0.43329605225581724,0.4033235365129024,0.029972515742914818,2.997251574291482e-05,-0.006373187268546188,1.2377097914057515,1.2298216351210094,0.45000000000000001,CASH,0.050000000000000003,0,0,True
2022-05-06,2022-05-07,bear,-0.0150240217723346,0.4231510398632807,0.4296782706141153,0.006527230750834612,6.527230750834612e-06,-0.006363916170227357,1.2298216351210094,1.2219951533307674,0.40000000000000002,CASH,0.050000000000000003,0,0,True
2022-05-07,2022-05-08,bear,-0.039697755723469,0.4229097912537852,0.4194602990995324,0.0034494921542527757,3.4494921542527757e-06,-0.016791961166371272,1.2219951533307674,1.2014754581705431,0.40000000000000002,CASH,0.050000000000000003,0,0,True
2022-05-08,2022-05-09,bear,-0.116412213740458,0.42267733588535616,0.4130558383527232,0.009621497532632972,9.621497532632972e-06,-0.04921395244196214,1.2014754581705431,1.1423461021119534,0.40000000000000002,CASH,0.050000000000000003,0,0,True
2022-05-09,2022-05-10,bear,0.0303206512709752,0.42254475501354627,0.3928001879194436,0.02974456709410267,2.974456709410267e-05,0.01278170651364996,1.1423461021119534,1.1569472347261605,0.40000000000000002,CASH,0.050000000000000003,0,0,True
2022-05-10,2022-05-11,bear,-0.0625429331613318,0.42252848795005843,0.4298494284440426,0.007320940493984185,7.320940493984185e-06,-0.026433298456687737,1.1569472347261605,1.1263653031720042,0.40000000000000002,CASH,0.050000000000000003,0,0,True
2022-05-11,2022-05-12,bear,-0.0031718510262073,0.42252853364062215,0.4068539079038392,0.015674625736782966,1.5674625736782965e-05,-0.0013558511816714747,1.1263653031720042,1.1248381194447048,0.40000000000000002,CASH,0.050000000000000003,0,0,True
2022-05-12,2022-05-13,bear,0.0106432909994478,0.42252844116741306,0.4217535691832107,0.000774871984202341,7.74871984202341e-07,0.004496314798231982,1.1248381194447048,1.1298957457267795,0.40000000000000002,CASH,0.050000000000000003,0,0,True
2022-05-13,2022-05-14,bear,0.0271817076668805,0.4225284215771377,0.42511375815047375,0.002585336573336039,2.585336573336039e-06,0.011482429006980377,1.1298957457267795,1.1428696934123763,0.40000000000000002,CASH,0.050000000000000003,0,0,True
2022-05-14,2022-05-15,bear,0.0408338984853924,0.4225284058825994,0.42908540088887176,0.006556995006272381,6.556995006272381e-06,0.017246811907003057,1.1428696934123763,1.162580552048874,0.40000000000000002,CASH,0.050000000000000003,0,0,True
2022-05-15,2022-05-16,bear,-0.0466228236879845,0.422528446636485,0.43232281401159695,0.009794367375111968,9.794367375111968e-06,-0.019709070694226782,1.162580552048874,1.1396671697608094,0.40000000000000002,CASH,0.050000000000000003,0,0,True
2022-05-16,2022-05-17,bear,0.0197159033803477,0.42252849938173487,0.41092396131429565,0.011604538067439218,1.160453806743922e-05,0.008318829859221166,1.1396671697608094,1.1491478670421897,0.40000000000000002,CASH,0.050000000000000003,0,0,True
2022-05-17,2022-05-18,bear,-0.0576197125256673,0.4225284287986541,0.42729939952735246,0.004770970728698365,4.770970728698365e-06,-0.024350621418134932,1.1491478670421897,1.1211654023783881,0.40000000000000002,CASH,0.050000000000000003,0,0,True
2022-05-18,2022-05-19,bear,0.0565547680389908,0.4225284530525575,0.40811850160684676,0.014409951445710723,1.4409951445710723e-05,0.0238812443606351,1.1211654023783881,1.1479402273212762,0.40000000000000002,CASH,0.050000000000000003,0,0,True
2022-05-19,2022-05-20,bear,-0.0371973774083594,0.42252840112974493,0.43600566101678323,0.013477259887038295,1.3477259887038296e-05,-0.015730213841062546,1.1479402273212762,1.1298828820687545,0.40000000000000002,CASH,0.050000000000000003,0,0,True
2022-05-20,2022-05-21,bear,0.0087735532205108,0.4225284236430584,0.4133073835488106,0.009221040094247845,9.221040094247846e-06,0.003697820388823825,1.1298828820687545,1.1340609860270514,0.40000000000000002,CASH,0.050000000000000003,0,0,True
2022-05-21,2022-05-22,bear,0.0289455266930755,0.42252841110805733,0.42466124789961457,0.0021328367915572355,2.1328367915572353e-06,0.012228148480269985,1.1340609860270514,1.1479284521498716,0.40000000000000002,CASH,0.050000000000000003,0,0,True
2022-05-22,2022-05-23,bear,-0.0394002628225023,0.4225284146678994,0.4295057313844817,0.006977316716582305,6.977316716582305e-06,-0.01665459174811823,1.1479284521498716,1.1288101724232662,0.40000000000000002,CASH,0.050000000000000003,0,0,True
2022-05-23,2022-05-24,bear,0.0190903060154743,0.42252846896622415,0.41275206932980585,0.009776399636418298,9.776399636418299e-06,0.008056342514805692,1.1288101724232662,1.137904253806505,0.40000000000000002,CASH,0.050000000000000003,0,0,True
2022-05-24,2022-05-25,bear,-0.0036460283250193,0.42252841668881724,0.427149196838838,0.004620780150020765,4.620780150020765e-06,-0.001545164236977481,1.137904253806505,1.1361460048484187,0.40000000000000002,CASH,0.050000000000000003,0,0,True
2022-05-25,2022-05-26,bear,-0.0114114134445474,0.4225284220741377,0.4216374198832442,0.0008910021908934973,8.910021908934973e-07,-0.004822533222453518,1.1361460048484187,1.1306669029944794,0.40000000000000002,CASH,0.050000000000000003,0,0,True
2022-05-26,2022-05-27,bear,-0.020624240245176,0.4225284066366981,0.4197305679887302,0.0027978386479678985,2.7978386479678984e-06,-0.008717100826252766,1.1306669029944794,1.1208107656001696,0.40000000000000002,CASH,0.050000000000000003,0,0,True
2022-05-27,2022-05-28,bear,0.0148909835950938,0.42252841897063687,0.4174518917129592,0.005076527257677654,5.076527257677655e-06,0.006286755287277179,1.1208107656001696,1.1278570286068437,0.40000000000000002,CASH,0.050000000000000003,0,0,True
2022-05-28,2022-05-29,bear,0.0150927925972625,0.4225284024375734,0.42613907373322796,0.003610671295654566,3.610671295654566e-06,0.00637349984741431,1.1278570286068437,1.1350454252065745,0.40000000000000002,CASH,0.050000000000000003,0,0,True
2022-05-29,2022-05-30,bear,0.0766361674110476,0.42252841365226385,0.42618768023019216,0.0036592665779283107,3.659266577928311e-06,0.03237718048744309,1.1350454252065745,1.1717949957999343,0.40000000000000002,CASH,0.050000000000000003,0,0,True
2022-05-30,2022-05-31,bear,0.0022097322787983,0.42252848299159235,0.44064099426083314,0.018112511269240794,1.8112511269240796e-05,0.0009155454051130718,1.1717949957999343,1.1728678273240734,0.40000000000000002,CASH,0.050000000000000003,0,0,True
2022-05-31,2022-06-01,bear,-0.0627457271005932,0.40979527456894976,0.4230671506702146,0.013271876101264846,1.3271876101264846e-05,-0.02572583308286147,1.1728678273240734,1.142694825370076,0.40000000000000002,CASH,0.050000000000000003,0,0,True
2022-06-01,2022-06-02,bear,0.022048089668943,0.4097954499080092,0.39421888381316805,0.015576566094841149,1.557656609484115e-05,0.009019489521905566,1.142694825370076,1.153001349374237,0.40000000000000002,CASH,0.050000000000000003,0,0,True
2022-06-02,2022-06-03,bear,-0.0247771338510285,0.4097944842193334,0.4150803201913833,0.0052858359720499015,5.285835972049902e-06,-0.01015876495297885,1.153001349374237,1.1412882796754766,0.40000000000000002,CASH,0.050000000000000003,0,0,True
2022-06-03,2022-06-04,bear,0.0055015167890535,0.40979472851932813,0.40374034223469835,0.006054386284629787,6.0543862846297874e-06,0.0022484245431610983,1.1412882796754766,1.143854380254321,0.40000000000000002,CASH,0.050000000000000003,0,0,True
2022-06-04,2022-06-05,bear,0.0016307095763168,0.4097944677999909,0.4111223488138749,0.0013278810138839803,1.3278810138839804e-06,0.0006669269945851486,1.143854380254321,1.1446172476183871,0.40000000000000002,CASH,0.050000000000000003,0,0,True
2022-06-05,2022-06-06,bear,0.0486276869588473,0.4097950720828335,0.410188612658643,0.0003935405758094812,3.935405758094812e-07,0.019926985099711247,1.1446172476183871,1.1674260184565513,0.40000000000000002,CASH,0.050000000000000003,0,0,True
2022-06-06,2022-06-07,bear,-0.0076129509430112,0.409796214238078,0.4213265221236607,0.01153030788558268,1.153030788558268e-05,-0.003131252811735985,1.1674260184565513,1.1637705124537654,0.40000000000000002,CASH,0.050000000000000003,0,0,True
2022-06-07,2022-06-08,bear,-0.0297859217187942,0.40981351457375725,0.4079491586076426,0.0018643559661146725,1.8643559661146724e-06,-0.012208514862779851,1.1637705124537654,1.1495626028556087,0.40000000000000002,CASH,0.050000000000000003,0,0,True
2022-06-08,2022-06-09,bear,-0.0034369040050857,0.4098401981930774,0.4025202747859673,0.007319923407110074,7.319923407110074e-06,-0.0014158910313138984,1.1495626028556087,1.1479349474762917,0.40000000000000002,CASH,0.050000000000000003,0,0,True
2022-06-09,2022-06-10,bear,-0.0337067825555356,0.4098748411548627,0.4090077374735374,0.0008671036813253097,8.671036813253097e-07,-0.01381641726994809,1.1479349474762917,1.1320745992432033,0.40000000000000002,CASH,0.050000000000000003,0,0,True
2022-06-10,2022-06-11,bear,-0.0233776772236987,0.40983521579492443,0.4016077153588405,0.008227500436083945,8.227500436083946e-06,-0.009589144062550958,1.1320745992432033,1.1212189728215056,0.40000000000000002,CASH,0.050000000000000003,0,0,True
2022-06-11,2022-06-12,bear,-0.0632705943654633,0.40982756894524297,0.4041261511966619,0.005701417748581072,5.701417748581073e-06,-0.02593558745431168,1.1212189728215056,1.09213950009646,0.40000000000000002,CASH,0.050000000000000003,0,0,True
2022-06-12,2022-06-13,bear,-0.1562900516043193,0.40981033127137584,0.3941170022906446,0.015693328980731225,1.5693328980731224e-05,-0.06406396600497943,1.09213950009646,1.0221727122895852,0.40000000000000002,CASH,0.050000000000000003,0,0,True
2022-06-13,2022-06-14,bear,-0.0129499287241625,0.4097956348376468,0.36942228394731125,0.04037335089033556,4.037335089033556e-05,-0.005346983359232671,1.0221727122895852,1.016707171806711,0.40000000000000002,CASH,0.050000000000000003,0,0,True
2022-06-14,2022-06-15,bear,0.0189824572488526,0.40979430903464276,0.4066468137525658,0.003147495282076973,3.1474952820769732e-06,0.0077757309727306545,1.016707171806711,1.024612813252726,0.40000000000000002,CASH,0.050000000000000003,0,0,True
2022-06-15,2022-06-16,bear,-0.0970550848395999,0.40979430844029213,0.41435002336675675,0.004555714926464616,4.555714926464616e-06,-0.03977699589465933,1.024612813252726,0.9838567935863569,0.40000000000000002,CASH,0.050000000000000003,0,0,True
2022-06-16,2022-06-17,bear,0.0028450060333748,0.409794308751689,0.38534798663698616,0.024446322114702823,2.4446322114702823e-05,0.0011413924575593981,0.9838567935863569,0.984979760309875,0.35000000000000003,CASH,0.050000000000000003,0,0,True
2022-06-17,2022-06-18,bear,-0.07131956604678,0.4097943083842194,0.4104816089552622,0.0006873005710428259,6.873005710428259e-07,-0.029227019455685288,0.984979760309875,0.9561917376918421,0.35000000000000003,CASH,0.050000000000000003,0,0,True
2022-06-18,2022-06-19,bear,0.0837805809390883,0.4097943083813346,0.3920254294303265,0.01776887895100815,1.776887895100815e-05,0.034314426287309185,0.9561917376918421,0.9890029085914028,0.35000000000000003,CASH,0.050000000000000003,0,0,True
2022-06-19,2022-06-20,bear,-0.0002381276364131,0.40979430837830766,0.42938511798226436,0.019590809603956705,1.9590809603956704e-05,-0.00011717224793683645,0.9890029085914028,0.9888870248973871,0.35000000000000003,CASH,0.050000000000000003,0,0,True
2022-06-20,2022-06-21,bear,0.0071990005978914,0.40979430838008407,0.4097367085089008,5.7599871183255935e-05,5.759987118325594e-08,0.002950051701243517,0.9888870248973871,0.9918042927475232,0.35000000000000003,CASH,0.050000000000000003,0,0,True
2022-06-21,2022-06-22,bear,-0.0364182158645587,0.40979430837973746,0.4115303582436495,0.0017360498639120148,1.736049863912015e-06,-0.014925687723735481,0.9918042927475232,0.9770009315909134,0.35000000000000003,CASH,0.050000000000000003,0,0,True
2022-06-22,2022-06-23,bear,0.0568422001622774,0.4097943083793787,0.4008526467105471,0.00894166166883159,8.94166166883159e-06,0.023284460157013243,0.9770009315909134,0.9997498708559068,0.35000000000000003,CASH,0.050000000000000003,0,0,True
2022-06-23,2022-06-24,bear,0.0059808442373949,0.40979430837884917,0.42322937835833924,0.013435069979490066,1.3435069979490067e-05,0.0024374479295783402,0.9997498708559068,1.0021867091087209,0.35000000000000003,CASH,0.050000000000000003,0,0,True
2022-06-24,2022-06-25,bear,0.0123899391809449,0.4097943083832071,0.41123731621821535,0.001443007835008281,1.443007835008281e-06,0.005075876223108233,1.0021867091087209,1.0072736847966008,0.35000000000000003,CASH,0.050000000000000003,0,0,True
2022-06-25,2022-06-26,bear,-0.0207725489648625,0.4097943083891855,0.41277583722013345,0.0029815288309479326,2.9815288309479327e-06,-0.008515428485185494,1.0072736847966008,0.9986963177687062,0.35000000000000003,CASH,0.050000000000000003,0,0,True
2022-06-26,2022-06-27,bear,-0.0148882077601159,0.4097943083946437,0.40472706398870056,0.005067244405943139,5.0672444059431386e-06,-0.006106139130919397,0.9986963177687062,0.9925981391028735,0.35000000000000003,CASH,0.050000000000000003,0,0,True
2022-06-27,2022-06-28,bear,-0.0218135859760156,0.4097943083837969,0.40617129843947103,0.00362300994432585,3.62300994432585e-06,-0.00894267400196802,0.9925981391028735,0.9837216575299165,0.35000000000000003,CASH,0.050000000000000003,0,0,True
2022-06-28,2022-06-29,bear,-0.0082207318275964,0.40979430838222203,0.40447082342007196,0.005323484962150071,5.323484962150072e-06,-0.003374114664843053,0.9837216575299165,0.9804024678591211,0.35000000000000003,CASH,0.050000000000000003,0,0,True
2022-06-29,2022-06-30,bear,-0.0091838916430067,0.4097943083791254,0.4077992972576927,0.0019950111214326882,1.995011121432688e-06,-0.0037654940269588044,0.9804024678591211,0.9767107682223819,0.35000000000000003,CASH,0.050000000000000003,0,0,True
2022-06-30,2022-07-01,bear,-0.0333072375618518,0.3921723731771206,0.407564674165254,0.015392300988133378,1.5392300988133378e-05,-0.013077369642612191,0.9767107682223819,0.9639379604724181,0.35000000000000003,CASH,0.050000000000000003,0,0,True
2022-07-01,2022-07-02,bear,-0.001022691287397,0.39217237317780757,0.3841277398442133,0.008044633333594287,8.044633333594286e-06,-0.00040911267606902335,0.9639379604724181,0.9635436012338447,0.35000000000000003,CASH,0.050000000000000003,0,0,True
2022-07-02,2022-07-03,bear,0.0034661594745157,0.39217237317672543,0.3919284931667935,0.00024388000993191827,2.4388000993191827e-07,0.0013590877754059427,0.9635436012338447,0.9648531415633523,0.35000000000000003,CASH,0.050000000000000003,0,0,True
2022-07-03,2022-07-04,bear,0.0469137592633828,0.39217237317701487,0.39299749110321547,0.0008251179262006025,8.251179262006026e-07,0.01839744000629895,0.9648531415633523,0.9826039693501532,0.35000000000000003,CASH,0.050000000000000003,0,0,True
2022-07-04,2022-07-05,bear,-0.0007518871377834,0.39217237317892284,0.4031533255918684,0.010980952412945555,1.0980952412945556e-05,-0.000305847077653687,0.9826039693501532,0.9823034427976365,0.35000000000000003,CASH,0.050000000000000003,0,0,True
2022-07-05,2022-07-06,bear,0.0178460045741215,0.39217237318877723,0.3919930905687254,0.00017928262005184603,1.7928262005184604e-07,0.0069985294284038435,0.9823034427976365,0.9891781223496782,0.35000000000000003,CASH,0.050000000000000003,0,0,True
2022-07-06,2022-07-07,bear,0.0523658753665903,0.39217237318817927,0.39639681680239347,0.004224443614214202,4.224443614214202e-06,0.020532138417904466,0.9891781223496782,1.0094880644777247,0.35000000000000003,CASH,0.050000000000000003,0,0,True
2022-07-07,2022-07-08,bear,-0.0012293301537124,0.392172373225405,0.4044038044499273,0.012231431224522304,1.2231431224522304e-05,-0.000494334858196388,1.0094880644777247,1.0089890393385201,0.35000000000000003,CASH,0.050000000000000003,0,0,True
2022-07-08,2022-07-09,bear,-0.0010966535870289,0.39217237338464667,0.3918791925140834,0.0002931808705632921,2.931808705632921e-07,-0.00043037029478598665,1.0089890393385201,1.008554800428224,0.35000000000000003,CASH,0.050000000000000003,0,0,True
2022-07-09,2022-07-10,bear,-0.0342837290098435,0.392172373341239,0.3919108480805116,0.0002615252607274243,2.615252607274243e-07,-0.013445389381797512,1.008554800428224,0.9949943884235856,0.35000000000000003,CASH,0.050000000000000003,0,0,True
2022-07-10,2022-07-11,bear,-0.0424129627675393,0.3921723735523222,0.3838886756450301,0.008283697907292109,8.28369790729211e-06,-0.016641338191499377,0.9949943884235856,0.9784363503071846,0.35000000000000003,CASH,0.050000000000000003,0,0,True
2022-07-11,2022-07-12,bear,-0.0316732788330528,0.39217237354104795,0.38189125189644385,0.010281121644604096,1.0281121644604097e-05,-0.012431538353660843,0.9784363503071846,0.9662728812917248,0.35000000000000003,CASH,0.050000000000000003,0,0,True
2022-07-12,2022-07-13,bear,0.0475456393649544,0.39217237330481136,0.38452735084724277,0.0076450224575685954,7.645022457568596e-06,0.018638298657843277,0.9662728812917248,0.9842825638382148,0.35000000000000003,CASH,0.050000000000000003,0,0,True
2022-07-13,2022-07-14,bear,0.0165925925925924,0.3921723732729832,0.40329852054433935,0.011126147271356135,1.1126147271356134e-05,0.0064959578689365305,0.9842825638382148,0.9906764219040366,0.40000000000000002,CASH,0.050000000000000003,0,0,True
2022-07-14,2022-07-15,bear,0.0116146895948703,0.39217238172290003,0.396102031811165,0.003929650088264958,3.929650088264958e-06,0.004551012931903298,0.9906764219040366,0.9951850031114535,0.40000000000000002,CASH,0.050000000000000003,0,0,True
2022-07-15,2022-07-16,bear,0.0184777023879838,0.39217241024155797,0.3949284586820187,0.0027560484404607344,2.7560484404607346e-06,0.007243669061227642,0.9951850031114535,1.0023937939286898,0.40000000000000002,CASH,0.050000000000000003,0,0,True
2022-07-16,2022-07-17,bear,-0.0200048090750075,0.39217243698192866,0.39654531150077343,0.0043728745188447715,4.3728745188447716e-06,-0.007849673294158421,1.0023937939286898,0.9945253301342576,0.40000000000000002,CASH,0.050000000000000003,0,0,True
2022-07-17,2022-07-18,bear,0.0837214225232854,0.39217362567272906,0.38736611912176433,0.004807506550964735,4.807506550964735e-06,0.03282836846441706,0.9945253301342576,1.027173974119101,0.40000000000000002,CASH,0.050000000000000003,0,0,True
2022-07-18,2022-07-19,bear,0.0392616466451802,0.39217280403897115,0.41149616842758585,0.019323364388614706,1.9323364388614705e-05,0.01537772916303326,1.027173974119101,1.0429695772964211,0.40000000000000002,CASH,0.050000000000000003,0,0,True
2022-07-19,2022-07-20,bear,-0.008329702437399,0.39218129986204375,0.4013898146105166,0.00920851474847284,9.20851474847284e-06,-0.0032759319621635807,1.0429695772964211,1.0395528799225915,0.40000000000000002,CASH,0.050000000000000003,0,0,True
2022-07-20,2022-07-21,bear,-0.002679279093008,0.39219852295407726,0.3901891982732591,0.0020093246808181586,2.0093246808181586e-06,-0.0010528165161233227,1.0395528799225915,1.0384584214812254,0.40000000000000002,CASH,0.050000000000000003,0,0,True
2022-07-21,2022-07-22,bear,-0.0206366345613958,0.3921807118931595,0.3915591676672224,0.0006215442259371318,6.215442259371318e-07,-0.008093906547255503,1.0384584214812254,1.0300532360645458,0.40000000000000002,CASH,0.050000000000000003,0,0,True
2022-07-22,2022-07-23,bear,-0.0094729043183742,0.392181107679809,0.3872213162795449,0.004959791400264091,4.959791400264091e-06,-0.003720035473833372,1.0300532360645458,1.0262214014864488,0.40000000000000002,CASH,0.050000000000000003,0,0,True
2022-07-23,2022-07-24,bear,0.0054184253174474,0.3921775050886785,0.38991458294119696,0.0022629221474815275,2.2629221474815276e-06,0.002122716791683743,1.0262214014864488,1.0283997788873693,0.40000000000000002,CASH,0.050000000000000003,0,0,True
2022-07-24,2022-07-25,bear,-0.0566909189136527,0.3921750396791098,0.3934663796443138,0.0012913399652039748,1.2913399652039747e-06,-0.022234026004316232,1.0283997788873693,1.0055343114607544,0.40000000000000002,CASH,0.050000000000000003,0,0,True
2022-07-25,2022-07-26,bear,-0.0024974298067308,0.3921750278096242,0.37835413424305736,0.01382089356656685,1.382089356656685e-05,-0.000993236960881605,1.0055343114607544,1.004535577617177,0.40000000000000002,CASH,0.050000000000000003,0,0,True
2022-07-26,2022-07-27,bear,0.0804566867620135,0.3921727919237464,0.3915791223904582,0.0005936695332881547,5.936695332881547e-07,0.03155231107485057,1.004535577617177,1.0362309966479089,0.40000000000000002,CASH,0.050000000000000003,0,0,True
2022-07-27,2022-07-28,bear,0.0388399837967097,0.3921730971629557,0.41076488249595505,0.018591785332999378,1.8591785332999378e-05,0.01521312176396794,1.0362309966479089,1.0519953049755113,0.40000000000000002,CASH,0.050000000000000003,0,0,True
2022-07-28,2022-07-29,bear,-0.0031740041928721,0.3921788280640996,0.40129260623262397,0.009113778168524378,9.113778168524378e-06,-0.0012538796781759176,1.0519953049755113,1.050676229441066,0.40000000000000002,CASH,0.050000000000000003,0,0,True
2022-07-29,2022-07-30,bear,-0.0058929179828637,0.39221898391870985,0.39142128312576774,0.0007977007929421132,7.977007929421132e-07,-0.0023121101606108363,1.050676229441066,1.0482469502554632,0.40000000000000002,CASH,0.050000000000000003,0,0,True
2022-07-30,2022-07-31,bear,-0.013996665848643,0.39221074422205743,0.3908109565690589,0.0013997876529985298,1.39978765299853e-06,-0.005491034832442732,1.0482469502554632,1.0424909897386085,0.40000000000000002,CASH,0.050000000000000003,0,0,True
2022-07-31,2022-08-01,bear,-0.0013817726168713,0.3868572540835701,0.38885578080269495,0.0019985267191248712,1.9985267191248713e-06,-0.0005365462187397751,1.0424909897386085,1.041931645139994,0.40000000000000002,CASH,0.050000000000000003,0,0,True
2022-08-01,2022-08-02,bear,-0.0121437656846231,0.38687441423684465,0.3865293240942654,0.00034509014257927406,3.450901425792741e-07,-0.004698455704738369,1.041931645139994,1.0370361754579387,0.40000000000000002,CASH,0.050000000000000003,0,0,True
2022-08-02,2022-08-03,bear,-0.0072992700729926,0.386878240779256,0.38398028447379506,0.0028979563054609137,2.8979563054609136e-06,-0.0028268185374953347,1.0370361754579387,1.034104662373101,0.40000000000000002,CASH,0.050000000000000003,0,0,True
2022-08-03,2022-08-04,bear,-0.0091451658136437,0.38684855487387076,0.38514192537604847,0.0017066294978222984,1.7066294978222986e-06,-0.0035394947708838886,1.034104662373101,1.0304444543280846,0.40000000000000002,CASH,0.050000000000000003,0,0,True
2022-08-04,2022-08-05,bear,0.0307844030408499,0.38683561286184104,0.3846716498183691,0.0021639630434719392,2.1639630434719395e-06,0.011906313684288294,1.0304444543280846,1.04271324923555,0.40000000000000002,CASH,0.050000000000000003,0,0,True
2022-08-05,2022-08-06,bear,-0.0156168215477814,0.38683913681169646,0.39405155202501224,0.0072124152133157815,7.212415213315781e-06,-0.006048366610872713,1.04271324923555,1.036406537234159,0.40000000000000002,CASH,0.050000000000000003,0,0,True
2022-08-06,2022-08-07,bear,0.0100722622710749,0.38691276302410144,0.3831123968005817,0.0038003662235197577,3.8003662235197577e-06,0.003893271648624408,1.036406537234159,1.0404415494220218,0.40000000000000002,CASH,0.050000000000000003,0,0,True
2022-08-07,2022-08-08,bear,0.0276587573839388,0.38685711524971805,0.38929274223240456,0.002435626982686512,2.435626982686512e-06,0.010697525404782526,1.0404415494220218,1.0515716993291553,0.40000000000000002,CASH,0.050000000000000003,0,0,True
2022-08-08,2022-08-09,bear,-0.0281151984145311,0.38704456251492886,0.3933482808149098,0.006303718299980943,6.303718299980943e-06,-0.010888069792652333,1.0515716993291553,1.0401221132748815,0.40000000000000002,CASH,0.050000000000000003,0,0,True
2022-08-09,2022-08-10,bear,0.0352620459935972,0.3876166693327777,0.38030110155665636,0.007315567776121357,7.315567776121357e-06,0.013660741263793463,1.0401221132748815,1.0543309523470796,0.40000000000000002,CASH,0.050000000000000003,0,0,True
2022-08-10,2022-08-11,bear,-0.0011517804606288,0.3877886325003081,0.39587395880403625,0.008085326303728158,8.085326303728158e-06,-0.00045472908478183527,1.0543309523470796,1.0538515173980616,0.40000000000000002,CASH,0.050000000000000003,0,0,True
2022-08-11,2022-08-12,bear,0.0193605260849039,0.3934016628366684,0.3875150677162812,0.005886595120387195,5.886595120387195e-06,0.007610531725038561,1.0538515173980616,1.0618718878046995,0.40000000000000002,CASH,0.050000000000000003,0,0,True
2022-08-12,2022-08-13,bear,0.0017951776119218,0.3926682762728332,0.3979868736325889,0.005318597359755706,5.3185973597557055e-06,0.0006995869519885733,1.0618718878046995,1.0626147595220912,0.40000000000000002,CASH,0.050000000000000003,0,0,True
2022-08-13,2022-08-14,bear,-0.0057154546384371,0.41265520714751364,0.39309608848334326,0.019559118664170372,1.9559118664170372e-05,-0.0023780251060122604,1.0626147595220912,1.0600878349459284,0.40000000000000002,CASH,0.050000000000000003,0,0,True
2022-08-14,2022-08-15,bear,-0.0082747666935496,0.4042197349927294,0.41126667246037846,0.0070469374676490615,7.046937467649062e-06,-0.0033518473666953597,1.0600878349459284,1.056534582327899,0.40000000000000002,CASH,0.050000000000000003,0,0,True
2022-08-15,2022-08-16,bear,-0.0101611089674172,0.39488189578675337,0.40222026699506486,0.007338371208311489,7.338371208311489e-06,-0.004019746898798582,1.056534582327899,1.052287580717113,0.40000000000000002,CASH,0.050000000000000003,0,0,True
2022-08-16,2022-08-17,bear,-0.0217464203078366,0.389652119228194,0.39244411548540264,0.002791996257208662,2.7919962572086623e-06,-0.008476307096744295,1.052287580717113,1.0433680680288646,0.40000000000000002,CASH,0.050000000000000003,0,0,True
2022-08-17,2022-08-18,bear,-0.0057588482303539,0.3890993398324271,0.3844361147884748,0.004663225043952335,4.663225043952335e-06,-0.0022454168204828484,1.0433680680288646,1.0410252718189579,0.40000000000000002,CASH,0.050000000000000003,0,0,True
2022-08-18,2022-08-19,bear,-0.1022384457584167,0.38735708353445447,0.38772738136307655,0.00037029782862207927,3.702978286220793e-07,-0.03960314180707869,1.0410252718189579,0.999797400354359,0.40000000000000002,CASH,0.050000000000000003,0,0,True
2022-08-19,2022-08-20,bear,0.0147662411851396,0.38695987055947484,0.3620942380445207,0.02486563251495416,2.486563251495416e-05,0.005688935064335432,0.999797400354359,1.0054851828424665,0.40000000000000002,CASH,0.050000000000000003,0,0,True
2022-08-20,2022-08-21,bear,0.0178959170060881,0.3868233679784376,0.3904428452613596,0.003619477282922001,3.6194772829220015e-06,0.0069189143560299815,1.0054851828424665,1.0124420487088106,0.40000000000000002,CASH,0.050000000000000003,0,0,True
2022-08-21,2022-08-22,bear,-0.0046892718383433,0.3868251326683431,0.39103893679976703,0.004213804131423915,4.213804131423915e-06,-0.0018181343615782941,1.0124420487088106,1.0106012930309465,0.40000000000000002,CASH,0.050000000000000003,0,0,True
2022-08-22,2022-08-23,bear,0.0047113647081895,0.38683641925143125,0.3857108562669668,0.0011255629844644788,1.1255629844644788e-06,0.00182139983914964,1.0106012930309465,1.0124420020635174,0.40000000000000002,CASH,0.050000000000000003,0,0,True
2022-08-23,2022-08-24,bear,-0.0070641161489413,0.38683754163457257,0.3879518937279769,0.001114352093404325,1.1143520934043249e-06,-0.0027337766318195067,1.0124420020635174,1.0096742117772035,0.40000000000000002,CASH,0.050000000000000003,0,0,True
2022-08-24,2022-08-25,bear,0.0093703779978657,0.3868435538684502,0.3851573825335651,0.0016861713348851337,1.6861713348851338e-06,0.0036231780422977256,1.0096742117772035,1.013332441211189,0.40000000000000002,CASH,0.050000000000000003,0,0,True
2022-08-25,2022-08-26,bear,-0.0610004915280959,0.3868396580635591,0.38905813889156216,0.0022184808280030777,2.2184808280030776e-06,-0.02359957541486557,1.013332441211189,0.9894182258444958,0.40000000000000002,CASH,0.050000000000000003,0,0,True
2022-08-26,2022-08-27,bear,-0.0106667193418239,0.3868538070631288,0.3720209801091548,0.014832826953973977,1.4832826953973976e-05,-0.004141232606130751,0.9894182258444958,0.9853208148265286,0.40000000000000002,CASH,0.050000000000000003,0,0,True
2022-08-27,2022-08-28,bear,-0.0241440757915334,0.3868222485117472,0.38431319950111575,0.0025090490106314256,2.5090490106314255e-06,-0.009341951301752527,0.9853208148265286,0.976115995757816,0.40000000000000002,CASH,0.050000000000000003,0,0,True
2022-08-28,2022-08-29,bear,0.0381377172612045,0.38682140503625884,0.3810415069044734,0.0057798981317854214,5.779898131785422e-06,0.014746620209860284,0.976115995757816,0.9905104076280261,0.40000000000000002,CASH,0.050000000000000003,0,0,True
2022-08-29,2022-08-30,bear,-0.0247933069896234,0.3868210924908601,0.39573580375452283,0.008914711263662722,8.914711263662723e-06,-0.009599403310252108,0.9905104076280261,0.9810020987422025,0.40000000000000002,CASH,0.050000000000000003,0,0,True
2022-08-30,2022-08-31,bear,0.0126966644099311,0.3868220946839018,0.3808834089502182,0.0059386857336835575,5.9386857336835575e-06,0.004905382469848396,0.9810020987422025,0.9858142892402569,0.40000000000000002,CASH,0.050000000000000003,0,0,True
2022-08-31,2022-09-01,bear,0.0041009983087121,0.376186750032544,0.38981890778795014,0.01363215775540616,1.363215775540616e-05,0.0015290880369962512,0.9858142892402569,0.9873216860766342,0.40000000000000002,CASH,0.050000000000000003,0,0,True
2022-09-01,2022-09-02,bear,-0.0086156781492687,0.37618729578119936,0.377147650030331,0.0009603542491316563,9.603542491316563e-07,-0.003242065905931235,0.9873216860766342,0.9841207241000186,0.40000000000000002,CASH,0.050000000000000003,0,0,True
2022-09-02,2022-09-03,bear,-0.0060793777283274,0.3761905855691664,0.3741588766939804,0.002031708875186,2.031708875186e-06,-0.002289031729863056,0.9841207241000186,0.9818680405365379,0.40000000000000002,CASH,0.050000000000000003,0,0,True
2022-09-03,2022-09-04,bear,0.0084966265619168,0.37618856944256046,0.3747606602809145,0.0014279091616459794,1.4279091616459793e-06,0.003194901318179122,0.9818680405365379,0.985005012033526,0.40000000000000002,CASH,0.050000000000000003,0,0,True
2022-09-04,2022-09-05,bear,-0.0103400517002586,0.3761894549262406,0.3781761261030061,0.0019866711767654865,1.9866711767654866e-06,-0.0038917973564160935,0.985005012033526,0.9811715721316373,0.40000000000000002,CASH,0.050000000000000003,0,0,True
2022-09-05,2022-09-06,bear,-0.0508611586866128,0.37619160180903344,0.37375346964135575,0.002438132167677687,2.438132167677687e-06,-0.019135932238246833,0.9811715721316373,0.9623959394132322,0.40000000000000002,CASH,0.050000000000000003,0,0,True
2022-09-06,2022-09-07,bear,0.0263541711024994,0.3761890713572561,0.3640231121044961,0.012165959252759984,1.2165959252759984e-05,0.009901864579027864,0.9623959394132322,0.9719254536767084,0.40000000000000002,CASH,0.050000000000000003,0,0,True
2022-09-07,2022-09-08,bear,0.001861888338563,0.37618657211215956,0.3823129144885442,0.0061263423763846525,6.126342376384653e-06,0.0006942867583663581,0.9719254536767084,0.9726002486493153,0.40000000000000002,CASH,0.050000000000000003,0,0,True
2022-09-08,2022-09-09,bear,0.1060080549142223,0.3761869917926663,0.3766231960672412,0.00043620427457491395,4.3620427457491397e-07,0.03987839768437307,0.9726002486493153,1.0113859881528728,0.40000000000000002,CASH,0.050000000000000003,0,0,True
2022-09-09,2022-09-10,bear,0.0133488102147416,0.37618843023022575,0.4001099191150095,0.023921488884783737,2.3921488884783737e-05,0.004997626345465855,1.0113859881528728,1.0164405174127007,0.40000000000000002,CASH,0.050000000000000003,0,0,True
2022-09-10,2022-09-11,bear,0.0085217825074825,0.37622225141515003,0.37930535265382503,0.003083101238675001,3.083101238675001e-06,0.003202991215114581,1.0164405174127007,1.0196961674606602,0.40000000000000002,CASH,0.050000000000000003,0,0,True
2022-09-11,2022-09-12,bear,0.02566533393787,0.37639586034779354,0.37821574409446135,0.0018198837466678053,1.8198837466678053e-06,0.00965848798424207,1.0196961674606602,1.0295448906416567,0.40000000000000002,CASH,0.050000000000000003,0,0,True
2022-09-12,2022-09-13,bear,-0.0991190115783222,0.3764936883495895,0.38236244018492216,0.005868751835332642,5.868751835332642e-06,-0.037323331998307285,1.0295448906416567,0.9911188448810772,0.40000000000000002,CASH,0.050000000000000003,0,0,True
2022-09-13,2022-09-14,bear,0.0023295581274318,0.37662072308932376,0.35232391812210895,0.024296804967214813,2.4296804967214815e-05,0.0008530417444232441,0.9911188448810772,0.9919643106294452,0.40000000000000002,CASH,0.050000000000000003,0,0,True
2022-09-14,2022-09-15,bear,-0.0257534923970824,0.3761933254211146,0.3771671716164438,0.0009738461953291977,9.738461953291977e-07,-0.009689256357354847,0.9919643106294452,0.9823529141264098,0.40000000000000002,CASH,0.050000000000000003,0,0,True
2022-09-15,2022-09-16,bear,0.0051112340559444,0.37619222634032906,0.3700905790513872,0.006101647288941858,6.101647288941858e-06,0.0019166931392760045,0.9823529141264098,0.9842357832172637,0.40000000000000002,CASH,0.050000000000000003,0,0,True
2022-09-16,2022-09-17,bear,0.0157102169434006,0.37618942249810144,0.37738938608746675,0.001199963589365305,1.1999635893653049e-06,0.005908810383862484,0.9842357832172637,0.9900514458333068,0.40000000000000002,CASH,0.050000000000000003,0,0,True
2022-09-17,2022-09-18,bear,-0.0345389912247993,0.3762002851081483,0.3798544932578251,0.0036542081496768186,3.6542081496768186e-06,-0.012997185073027051,0.9900514458333068,0.9771835639599933,0.40000000000000002,CASH,0.050000000000000003,0,0,True
2022-09-18,2022-09-19,bear,0.0061847282015368,0.3762175365814548,0.367988190141075,0.008229346440379814,8.229346440379814e-06,0.002318554713897969,0.9771835639599933,0.9794492175185563,0.40000000000000002,CASH,0.050000000000000003,0,0,True
2022-09-19,2022-09-20,bear,-0.0341114392314818,0.3762117481600857,0.3776655862919734,0.001453838131887708,1.453838131887708e-06,-0.012834559366378895,0.9794492175185563,0.966878418389961,0.40000000000000002,CASH,0.050000000000000003,0,0,True
2022-09-20,2022-09-21,bear,-0.0203153811915813,0.3762679146320232,0.3681025294479677,0.008165385184055518,8.165385184055518e-06,-0.007652129084677384,0.966878418389961,0.9594797399232523,0.40000000000000002,CASH,0.050000000000000003,0,0,True
2022-09-21,2022-09-22,bear,0.0494888852831414,0.3761955362405265,0.3714633641729545,0.0047321720675719825,4.7321720675719825e-06,0.018612677463766936,0.9594797399232523,0.9773382268554628,0.40000000000000002,CASH,0.050000000000000003,0,0,True
2022-09-22,2022-09-23,bear,-0.0056947021232734,0.3761901307224425,0.3875969486629488,0.011406817940506297,1.1406817940506298e-05,-0.002153673117399668,0.9773382268554628,0.9752333597896771,0.40000000000000002,CASH,0.050000000000000003,0,0,True
2022-09-23,2022-09-24,bear,-0.019089330603571,0.3762109876300274,0.374850879552978,0.0013601080770493934,1.3601080770493933e-06,-0.007182966259868806,0.9752333597896771,0.9682282914708094,0.40000000000000002,CASH,0.050000000000000003,0,0,True
2022-09-24,2022-09-25,bear,-0.0064464312134085,0.3762331440937759,0.371698769510864,0.004534374582911893,4.534374582911893e-06,-0.0024298844606921444,0.9682282914708094,0.9658756085909619,0.40000000000000002,CASH,0.050000000000000003,0,0,True
2022-09-25,2022-09-26,bear,0.0224695796460177,0.3762117056171487,0.3747166060839475,0.0014950995332011496,1.4950995332011496e-06,0.008451811145042232,0.9658756085909619,0.9740390068243754,0.40000000000000002,CASH,0.050000000000000003,0,0,True
2022-09-26,2022-09-27,bear,-0.0075263839548105,0.37621699126938984,0.38144058559527316,0.005223594325883318,5.223594325883319e-06,-0.0028367623300559197,0.9740390068243754,0.9712758896618109,0.40000000000000002,CASH,0.050000000000000003,0,0,True
2022-09-27,2022-09-28,bear,0.017294691053928,0.37633275197925653,0.3744457007873639,0.0018870511918926414,1.8870511918926414e-06,0.006506659345780541,0.9712758896618109,0.9775956510066102,0.40000000000000002,CASH,0.050000000000000003,0,0,True
2022-09-28,2022-09-29,bear,0.0093761269383338,0.3762998706460942,0.3803656783213967,0.004065807675302513,4.065807675302513e-06,0.0035241552012548194,0.9775956510066102,0.9810408498048292,0.40000000000000002,CASH,0.050000000000000003,0,0,True
2022-09-29,2022-09-30,bear,-0.0086765681620987,0.37646468474768263,0.37849269469348096,0.002028009945798326,2.028009945798326e-06,-0.0032684428834467427,0.9810408498048292,0.9778343738209141,0.40000000000000002,CASH,0.050000000000000003,0,0,True
2022-09-30,2022-10-01,bear,-0.0057200226535549,0.3675392866522584,0.37442128097125826,0.0068819943189998845,6.8819943189998846e-06,-0.0021092005717971984,0.9778343738209141,0.9757719250005281,0.35000000000000003,CASH,0.050000000000000003,0,0,True
2022-10-01,2022-10-02,bear,-0.013447666982534,0.3669073332823748,0.3662068423527839,0.0007004909295909023,7.004909295909023e-07,-0.004934744666104995,0.9757719250005281,0.9709567396982968,0.35000000000000003,CASH,0.050000000000000003,0,0,True
2022-10-02,2022-10-03,bear,0.030237977766347,0.3668729691828378,0.36376813495561167,0.0031048342272261276,3.104834227226128e-06,0.011090357407528728,0.9709567396982968,0.9817249969687997,0.35000000000000003,CASH,0.050000000000000003,0,0,True
2022-10-03,2022-10-04,bear,0.0362690604891917,0.3668581951504163,0.3738195004786303,0.006961305328213985,6.961305328213985e-06,0.013298548141179367,0.9817249969687997,0.9947805141023884,0.35000000000000003,CASH,0.050000000000000003,0,0,True
2022-10-04,2022-10-05,bear,-0.0089822125642815,0.3691607627406328,0.3751719090907537,0.0060111463501208995,6.011146350120899e-06,-0.0033218716554361816,0.9947805141023884,0.9914759809092115,0.35000000000000003,CASH,0.050000000000000003,0,0,True
2022-10-05,2022-10-06,bear,-0.0099615527719211,0.3750900345932671,0.3670620160591092,0.00802801853415791,8.02801853415791e-06,-0.0037444771958327072,0.9914759809092115,0.9877634217084811,0.40000000000000002,CASH,0.050000000000000003,0,0,True
2022-10-06,2022-10-07,bear,-0.0213161494635887,0.37481156309921176,0.37274631425979543,0.0020652488394163337,2.0652488394163336e-06,-0.007991588048156806,0.9877634217084811,0.9798696233531491,0.35000000000000003,CASH,0.050000000000000003,0,0,True
2022-10-07,2022-10-08,bear,-0.0059545447563653,0.37034732185208963,0.3697763666126613,0.0005709552394283501,5.709552394283501e-07,-0.0022058193995089237,0.9798696233531491,0.9777082079289672,0.35000000000000003,CASH,0.050000000000000003,0,0,True
2022-10-08,2022-10-09,bear,0.0013391707442698,0.36767258232245204,0.36895571162233254,0.0012831292998805033,1.2831292998805034e-06,0.0004910926046337583,0.9777082079289672,0.9781883531993708,0.35000000000000003,CASH,0.050000000000000003,0,0,True
2022-10-09,2022-10-10,bear,-0.0157605061468032,0.36742197505790947,0.36798377217578193,0.0005617971178724646,5.617971178724646e-07,-0.005791314840258299,0.9781883531993708,0.9725233564729194,0.35000000000000003,CASH,0.050000000000000003,0,0,True
2022-10-10,2022-10-11,bear,-0.0039457318156638,0.36713567003107195,0.3637375341778052,0.0033981358532667594,3.3981358532667595e-06,-0.0014520121071561753,0.9725233564729194,0.9711112407848286,0.35000000000000003,CASH,0.050000000000000003,0,0,True
2022-10-11,2022-10-12,bear,0.005021223457561,0.36694893093808295,0.3662175608150424,0.0007313701230405312,7.313701230405312e-07,0.0018417998620570142,0.9711112407848286,0.9728998333341481,0.35000000000000003,CASH,0.050000000000000003,0,0,True
2022-10-12,2022-10-13,bear,0.0117464029903731,0.3669067721142979,0.3681132029483665,0.001206430834068628,1.2064308340686281e-06,0.004308623174799742,0.9728998333341481,0.9770916921028104,0.35000000000000003,CASH,0.050000000000000003,0,0,True
2022-10-13,2022-10-14,bear,-0.010216823703031,0.3669905850977065,0.3696235903051472,0.0026330052074406973,2.6330052074406972e-06,-0.0037521012414275523,0.9770916921028104,0.973425545151883,0.35000000000000003,CASH,0.050000000000000003,0,0,True
2022-10-14,2022-10-15,bear,-0.0058962141196341,0.3750468465763607,0.36460819744362766,0.010438649132733069,1.0438649132733069e-05,-0.00222177207786578,0.973425545151883,0.9712628154557832,0.40000000000000002,CASH,0.050000000000000003,0,0,True
2022-10-15,2022-10-16,bear,0.0101317866451304,0.369029975864582,0.3736617894956547,0.004631813631072679,4.631813631072679e-06,0.00373428384944563,0.9712628154557832,0.9748897865011068,0.35000000000000003,CASH,0.050000000000000003,0,0,True
2022-10-16,2022-10-17,bear,0.0148635389032234,0.3716502225346323,0.3713803426340863,0.00026987990054599953,2.6987990054599954e-07,0.005523766170307809,0.9748897865011068,0.9802748497235603,0.35000000000000003,CASH,0.050000000000000003,0,0,True
2022-10-17,2022-10-18,bear,-0.0112542331263236,0.37641985997925886,0.3751021815430992,0.0013176784361596527,1.3176784361596528e-06,-0.004237628953917438,0.9802748497235603,0.9761208086375747,0.40000000000000002,CASH,0.050000000000000003,0,0,True
2022-10-18,2022-10-19,bear,-0.0105700479092724,0.38884641628604805,0.37376693830321595,0.015079477982832101,1.50794779828321e-05,-0.004125142748932054,0.9761208086375747,0.9720941709617417,0.40000000000000002,CASH,0.050000000000000003,0,0,True
2022-10-19,2022-10-20,bear,-0.0042355377302746,0.3936922932648941,0.3863241316043509,0.00736816166054316,7.36816166054316e-06,-0.0016748544375033703,0.9720941709617417,0.9704660547258352,0.40000000000000002,CASH,0.050000000000000003,0,0,True
2022-10-20,2022-10-21,bear,0.0062858073087606,0.3752413100711768,0.3926795873499801,0.017438277278803316,1.7438277278803316e-05,0.002341215160545529,0.9704660547258352,0.9727381245659542,0.40000000000000002,CASH,0.050000000000000003,0,0,True
2022-10-21,2022-10-22,bear,0.0022022063811799,0.3787364929076208,0.37671145737183953,0.002025035535781261,2.025035535781261e-06,0.0008320291969381444,0.9727381245659542,0.9735474710865679,0.40000000000000002,CASH,0.050000000000000003,0,0,True
2022-10-22,2022-10-23,bear,0.0190785636924102,0.4066940097115208,0.3792542295931542,0.02743978011836662,2.743978011836662e-05,0.007731484878455763,0.9735474710865679,0.9810744386377326,0.40000000000000002,CASH,0.050000000000000003,0,0,True
2022-10-23,2022-10-24,bear,-0.0122475882930019,0.40296039328034916,0.41126210800675694,0.008301714726407783,8.301714726407784e-06,-0.004943553738615769,0.9810744386377326,0.9762244444287447,0.40000000000000002,CASH,0.050000000000000003,0,0,True
2022-10-24,2022-10-25,mix,0.0388588573054342,0.4560472798842763,0.3999992136020747,0.0560480662822016,5.6048066282201606e-05,0.017664434852801003,0.9762244444287447,0.9934688975290681,0.45000000000000001,ABSTAIN,0.050000000000000003,0,0,True
2022-10-25,2022-10-26,mix,0.0341985888351665,0.4499940868588618,0.4655190709339398,0.015524984075078019,1.552498407507802e-05,0.01537339885416067,0.9934688975290681,1.0087418911399857,0.45000000000000001,ABSTAIN,0.050000000000000003,0,0,True
2022-10-26,2022-10-27,mix,-0.022947109944871,0.4760628595904118,0.4583299356386898,0.01773292395172199,1.773292395172199e-05,-0.010941805984450492,1.0087418911399857,0.9977044330787442,0.5,ABSTAIN,0.050000000000000003,0,0,True
2022-10-27,2022-10-28,mix,0.0148574131839214,0.4777622890172344,0.47027601344164693,0.007486275575587453,7.486275575587454e-06,0.007090772316131977,0.9977044330787442,1.0047789280525012,0.5,ABSTAIN,0.050000000000000003,0,0,True
2022-10-28,2022-10-29,mix,0.0104591539447616,0.4728101746833848,0.48144316706795026,0.008632992384565441,8.632992384565442e-06,0.004936518719452998,1.0047789280525012,1.0097390380397444,0.45000000000000001,ABSTAIN,0.050000000000000003,0,0,True
2022-10-29,2022-10-30,mix,-0.008817960768484,0.4764393509007472,0.4754044018992987,0.0010349490014484597,1.0349490014484597e-06,-0.004202254105754255,1.0097390380397444,1.0054958580214015,0.5,ABSTAIN,0.050000000000000003,0,0,True
2022-10-30,2022-10-31,mix,-0.0063026330461595,0.4768613455678593,0.4742304756167985,0.0026308699510608213,2.6308699510608212e-06,-0.0030081050379306973,1.0054958580214015,1.0024712208652689,0.5,ABSTAIN,0.050000000000000003,0,0,True
2022-10-31,2022-11-01,mix,-0.0006245029590705,0.4766477058216989,0.47528432200316195,0.0013633838185369562,1.3633838185369563e-06,-0.0002990308807027109,1.0024712208652689,1.0021714510132145,0.5,ABSTAIN,0.050000000000000003,0,0,True
2022-11-01,2022-11-02,mix,-0.0160665901823418,0.4755435500769045,0.4764918742558519,0.0009483241789473573,9.483241789473574e-07,-0.007641304411579286,1.0021714510132145,0.9945135538834284,0.5,ABSTAIN,0.050000000000000003,0,0,True
2022-11-02,2022-11-03,mix,0.0025800817687453,0.4756422263034072,0.47150566130990956,0.004136564993497627,4.136564993497627e-06,0.0012230541951618878,0.9945135538834284,0.9957298978576509,0.5,ABSTAIN,0.050000000000000003,0,0,True
2022-11-03,2022-11-04,mix,0.0464951698471771,0.4647007972464028,0.47628492726020194,0.011584130013799154,1.1584130013799155e-05,0.02159450807539587,0.9957298978576509,1.017232195177851,0.45000000000000001,ABSTAIN,0.050000000000000003,0,0,True
2022-11-04,2022-11-05,mix,0.0073631294955522,0.4651883040311538,0.4760220444151697,0.01083374038401591,1.083374038401591e-05,0.003414370873834116,1.017232195177851,1.0207054031569924,0.45000000000000001,ABSTAIN,0.050000000000000003,0,0,True
2022-11-05,2022-11-06,mix,-0.0180878431667104,0.4780875618793872,0.46701391022331457,0.011073651656072658,1.1073651656072659e-05,-0.008658550730676118,1.0207054031569924,1.0118675736426823,0.5,ABSTAIN,0.050000000000000003,0,0,True
2022-11-06,2022-11-07,mix,-0.0156480830739662,0.4796793041364424,0.473534916724451,0.006144387411991359,6.144387411991359e-06,-0.007512159867250956,1.0118675736426823,1.0042662626649912,0.5,ABSTAIN,0.050000000000000003,0,0,True
2022-11-07,2022-11-08,mix,-0.1001311379863032,0.4789315530570239,0.47574420786653737,0.0031873451904865235,3.1873451904865236e-06,-0.047958995918134795,1.0042662626649912,0.9561026610731204,0.5,ABSTAIN,0.050000000000000003,0,0,True
2022-11-08,2022-11-09,mix,-0.1425186480563922,0.4786510847331482,0.45268451265869875,0.025966572074449468,2.596657207444947e-05,-0.06824090070496858,0.9561026610731204,0.8908573543150733,0.5,ABSTAIN,0.050000000000000003,0,0,True
2022-11-09,2022-11-10,bear,0.1071448803731376,0.38573518064197065,0.4404826547794276,0.05474747413745695,5.474747413745695e-05,0.04127253962299915,0.8908573543150733,0.9276252997694824,0.40000000000000002,CASH,0.050000000000000003,0,0,True
2022-11-10,2022-11-11,bear,-0.0306553490514009,0.36449623167910383,0.410114867589704,0.04561863591060017,4.561863591060017e-05,-0.011218868114300729,0.9276252997694824,0.9172183938718799,0.35000000000000003,CASH,0.050000000000000003,0,0,True
2022-11-11,2022-11-12,bear,-0.0149385040381468,0.3645852862806312,0.3573150245151233,0.007270261765507879,7.27026176550788e-06,-0.005453589436663742,0.9172183938718799,0.9122162613279465,0.35000000000000003,CASH,0.050000000000000003,0,0,True
2022-11-12,2022-11-13,bear,-0.0280258645327237,0.36453493315944424,0.3611056383702013,0.0034292947892429204,3.4292947892429206e-06,-0.010219800913891297,0.9122162613279465,0.9028935927467607,0.35000000000000003,CASH,0.050000000000000003,0,0,True
2022-11-13,2022-11-14,bear,0.0177157033906092,0.3644961203334878,0.3579757523637535,0.00652036796973432,6.5203679697343196e-06,0.006450742682880373,0.9028935927467607,0.9087179269835914,0.35000000000000003,CASH,0.050000000000000003,0,0,True
2022-11-14,2022-11-15,bear,0.0169378284187144,0.36448526915111507,0.3685734343507676,0.004088165199652549,4.08816519965255e-06,0.006169475546179193,0.9087179269835914,0.9143242400124914,0.35000000000000003,CASH,0.050000000000000003,0,0,True
2022-11-15,2022-11-16,bear,-0.0209883338956264,0.36450019728790733,0.36838460298678505,0.003884405698877713,3.884405698877713e-06,-0.00765410653471732,0.9143242400124914,0.9073259048721612,0.35000000000000003,CASH,0.050000000000000003,0,0,True
2022-11-16,2022-11-17,bear,0.0091109700432272,0.36449713373894044,0.35960098353017445,0.0048961502087659925,4.896150208765993e-06,0.0033160100563938144,0.9073259048721612,0.9103346066971439,0.35000000000000003,CASH,0.050000000000000003,0,0,True
2022-11-17,2022-11-18,bear,-0.0031693347392638,0.36448541137744844,0.3666006040232045,0.0021151926457560477,2.1151926457560476e-06,-0.001157289025458752,0.9103346066971439,0.909281086447318,0.35000000000000003,CASH,0.050000000000000003,0,0,True
2022-11-18,2022-11-19,bear,0.0036602297109682,0.364511896777293,0.36375043096954074,0.0007614658077522707,7.614658077522707e-07,0.001333434792832433,0.909281086447318,0.9104935534844513,0.35000000000000003,CASH,0.050000000000000003,0,0,True
2022-11-19,2022-11-20,bear,-0.0247017821212992,0.36449491554756996,0.3653586335587382,0.0008637180111682463,8.637180111682464e-07,-0.009004529929553362,0.9104935534844513,0.9022949870314352,0.35000000000000003,CASH,0.050000000000000003,0,0,True
2022-11-20,2022-11-21,bear,-0.0313445940552721,0.3645331722621939,0.3587210489367158,0.005812123325478091,5.812123325478091e-06,-0.011431890017404744,0.9022949870314352,0.8919800499764362,0.35000000000000003,CASH,0.050000000000000003,0,0,True
2022-11-21,2022-11-22,bear,0.0276809371077952,0.36449248495102765,0.35718831316800015,0.007304171783027502,7.3041717830275024e-06,0.010082115685016158,0.8919800499764362,0.9009730960290251,0.35000000000000003,CASH,0.050000000000000003,0,0,True
2022-11-22,2022-11-23,bear,0.0253501841126511,0.36447893617905297,0.3708403868115926,0.0063614506325396225,6.361450632539622e-06,0.00923318790937877,0.9009730960290251,0.9092919499259559,0.35000000000000003,CASH,0.050000000000000003,0,0,True
2022-11-23,2022-11-24,bear,-0.0013655038829637,0.36448568000333326,0.3702971438131718,0.005811463809838546,5.811463809838546e-06,-0.0005035151827350592,0.9092919499259559,0.9088341076236294,0.35000000000000003,CASH,0.050000000000000003,0,0,True
2022-11-24,2022-11-25,bear,-0.0053550345758138,0.3645297734620478,0.36416922282184505,0.0003605506402027392,3.605506402027392e-07,-0.001952429387623189,0.9088341076236294,0.9070596732034307,0.35000000000000003,CASH,0.050000000000000003,0,0,True
2022-11-25,2022-11-26,bear,-0.0033792990679675,0.3644869981980701,0.36328686514526876,0.0012001330528013665,1.2001330528013664e-06,-0.0012329092281332388,0.9070596732034307,0.9059413509618707,0.35000000000000003,CASH,0.050000000000000003,0,0,True
2022-11-26,2022-11-27,bear,-0.0018776775134445,0.36448219760222755,0.3637032647815472,0.000778932820680367,7.789328206803669e-07,-0.0006851584262231869,0.9059413509618707,0.9053206376115951,0.35000000000000003,CASH,0.050000000000000003,0,0,True
2022-11-27,2022-11-28,bear,-0.0130223553477497,0.36448042123874586,0.36404696404663633,0.00043345719210952094,4.3345719210952093e-07,-0.004746824962502227,0.9053206376115951,0.901023239009912,0.35000000000000003,CASH,0.050000000000000003,0,0,True
2022-11-28,2022-11-29,bear,0.0141070954927613,0.3644789452815634,0.36144960977715274,0.0030293355044106463,3.0293355044106462e-06,0.005138694374630104,0.901023239009912,0.9056533220596232,0.35000000000000003,CASH,0.050000000000000003,0,0,True
2022-11-29,2022-11-30,bear,0.044007445074329,0.3644795917125987,0.3677299132262097,0.0032503215136109875,3.2503215136109878e-06,0.016036513156934884,0.9056533220596232,0.9201768434744542,0.35000000000000003,CASH,0.050000000000000003,0,0,True
2022-11-30,2022-12-01,bear,-0.0111804426732853,0.3609164155464248,0.3745122991031866,0.013595883556761834,1.3595883556761834e-05,-0.004048746315239771,0.9201768434744542,0.916451280870068,0.35000000000000003,CASH,0.050000000000000003,0,0,True
2022-12-01,2022-12-02,bear,0.007164741927881,0.3610077340991217,0.3583271337998046,0.002680600299317104,2.6806002993171043e-06,0.002583839715044167,0.916451280870068,0.9188192440864832,0.35000000000000003,CASH,0.050000000000000003,0,0,True
2022-12-02,2022-12-03,bear,-0.0122326484766227,0.36096842137649227,0.3626562410983666,0.0016878197218743174,1.6878197218743174e-06,-0.004417280176845506,0.9188192440864832,0.9147605620534758,0.35000000000000003,CASH,0.050000000000000003,0,0,True
2022-12-03,2022-12-04,bear,0.0135094317273238,0.3610675561547603,0.35813419886705394,0.002933357287706384,2.9333572877063843e-06,0.004874869833155104,0.9147605620534758,0.9192199007219902,0.35000000000000003,CASH,0.050000000000000003,0,0,True
2022-12-04,2022-12-05,bear,-0.0085375688089477,0.3609314072291006,0.36416902361765274,0.0032376163885521336,3.2376163885521336e-06,-0.0030847043642777683,0.9192199007219902,0.9163843790825021,0.35000000000000003,CASH,0.050000000000000003,0,0,True
2022-12-05,2022-12-06,bear,0.0072377921197652,0.3609888454482582,0.35895604520299373,0.0020328002452644767,2.032800245264477e-06,0.0026107241094395217,0.9163843790825021,0.9187768058744866,0.35000000000000003,CASH,0.050000000000000003,0,0,True
2022-12-06,2022-12-07,bear,-0.0148689530876043,0.3609827425241101,0.3626540787928385,0.0016713362687283961,1.671336268728396e-06,-0.0053690978295048986,0.9187768058744866,0.9138438033202665,0.35000000000000003,CASH,0.050000000000000003,0,0,True
2022-12-07,2022-12-08,bear,0.0231954476335296,0.36122245097993805,0.3575343496077765,0.003688101372161523,3.688101372161523e-06,0.008374997442832433,0.9138438033202665,0.921497242836222,0.35000000000000003,CASH,0.050000000000000003,0,0,True
2022-12-08,2022-12-09,bear,-0.0058052793210144,0.3610738170969535,0.36653011551893355,0.0054562984219800326,5.456298421980033e-06,-0.0021015792250400622,0.921497242836222,0.9195606433747457,0.35000000000000003,CASH,0.050000000000000003,0,0,True
2022-12-09,2022-12-10,bear,8.75876606503123e-05,0.36324271678437325,0.3597317287716112,0.003510988012762062,3.510988012762062e-06,2.8304480094387685e-05,0.9195606433747457,0.9195866710606717,0.35000000000000003,CASH,0.050000000000000003,0,0,True
2022-12-10,2022-12-11,bear,-0.0019793077677613,0.39902765598058665,0.3632629749420129,0.035764681038573776,3.576468103857377e-05,-0.0008255349731797201,0.9195866710606717,0.9188275201028412,0.40000000000000002,CASH,0.050000000000000003,0,0,True
2022-12-11,2022-12-12,bear,0.0068506373842383,0.3895757794675442,0.39855263372940025,0.008976854261856071,8.976854261856071e-06,0.00265984158674315,0.9188275201028412,0.9212714557518548,0.40000000000000002,CASH,0.050000000000000003,0,0,True
2022-12-12,2022-12-13,bear,0.0330149212104307,0.387376360101978,0.3912005692008349,0.00382420909885689,3.82420909885689e-06,0.012785326889876325,0.9212714557518548,0.9330502124679545,0.40000000000000002,CASH,0.050000000000000003,0,0,True
2022-12-13,2022-12-14,mix,0.0010012036943292,0.4538087618902313,0.395112388744415,0.05869637314581627,5.869637314581627e-05,0.0003956319667866026,0.9330502124679545,0.9334193569586239,0.45000000000000001,ABSTAIN,0.050000000000000003,0,0,True
2022-12-14,2022-12-15,mix,-0.0247409588456093,0.4686633653837218,0.4540568139114183,0.014606551472303497,1.4606551472303497e-05,-0.01160961822126716,0.9334193569586239,0.9225827145839935,0.45000000000000001,ABSTAIN,0.050000000000000003,0,0,True
2022-12-15,2022-12-16,mix,-0.0418584820322538,0.4595437148346723,0.4624301456028109,0.0028864307681386037,2.8864307681386036e-06,-0.019238633238398806,0.9225827145839935,0.9048334841060257,0.45000000000000001,ABSTAIN,0.050000000000000003,0,0,True
2022-12-16,2022-12-17,mix,0.0088697262712271,0.4338628378223297,0.44894370486857843,0.015080867046248725,1.5080867046248725e-05,0.003833105708830331,0.9048334841060257,0.9083018064994933,0.45000000000000001,ABSTAIN,0.050000000000000003,0,0,True
2022-12-17,2022-12-18,bear,-0.0021457820481489,0.3783652910077306,0.43603312032766567,0.05766782931993508,5.766782931993508e-05,-0.0008695104585048075,0.9083018064994933,0.9075120285792632,0.40000000000000002,CASH,0.050000000000000003,0,0,True
2022-12-18,2022-12-19,bear,-0.0179080227703077,0.38851578359177374,0.3778601822538456,0.010655601337928144,1.0655601337928144e-05,-0.006968130963649566,0.9075120285792632,0.9011883659130355,0.40000000000000002,CASH,0.050000000000000003,0,0,True
2022-12-19,2022-12-20,bear,0.0280695565435822,0.376606087974535,0.3842315440796711,0.007625456105136097,7.6254561051360974e-06,0.01056345981499196,0.9011883659130355,0.9107080330020961,0.40000000000000002,CASH,0.050000000000000003,0,0,True
2022-12-20,2022-12-21,bear,-0.0042004874931963,0.368419653360534,0.3831271531659386,0.014707499805404589,1.470749980540459e-05,-0.0015622268855182142,0.9107080330020961,0.9092853004280829,0.35000000000000003,CASH,0.050000000000000003,0,0,True
2022-12-21,2022-12-22,bear,-0.0006654071459974,0.384928371666189,0.3674407412476529,0.01748763041853607,1.7487630418536073e-05,-0.00027361724044405733,0.9092853004280829,0.9090365042934034,0.40000000000000002,CASH,0.050000000000000003,0,0,True
2022-12-22,2022-12-23,bear,-0.0024672128223726,0.3914245121277821,0.38477079049296026,0.006653721634821863,6.653721634821863e-06,-0.0009723748712650027,0.9090365042934034,0.908152580039566,0.40000000000000002,CASH,0.050000000000000003,0,0,True
2022-12-23,2022-12-24,bear,0.0034626410236544,0.3841408635158393,0.3908362258732264,0.006695362357387102,6.6953623573871025e-06,0.001323437644732417,0.908152580039566,0.9093544633511512,0.40000000000000002,CASH,0.050000000000000003,0,0,True
2022-12-24,2022-12-25,bear,-0.0003207184092367,0.3694375734224175,0.3849589553874151,0.015521381964997583,1.5521381964997584e-05,-0.0001340049737676985,0.9093544633511512,0.9092326053301443,0.35000000000000003,CASH,0.050000000000000003,0,0,True
2022-12-25,2022-12-26,bear,0.0051271997053197,0.38203838461234785,0.369362852108233,0.01267553250411485,1.267553250411485e-05,0.0019460867318317199,0.9092326053301443,0.911002050839526,0.40000000000000002,CASH,0.050000000000000003,0,0,True
2022-12-26,2022-12-27,bear,-0.0125309579680933,0.38669422932679426,0.3832464734597004,0.003447755867093838,3.447755867093838e-06,-0.004849080183450205,0.911002050839526,0.9065845288477176,0.40000000000000002,CASH,0.050000000000000003,0,0,True
2022-12-27,2022-12-28,bear,-0.0095713541760193,0.40367456430172644,0.38370789401702454,0.019966670284701893,1.9966670284701893e-05,-0.003883601751598631,0.9065845288477176,0.9030637155835124,0.40000000000000002,CASH,0.050000000000000003,0,0,True
2022-12-28,2022-12-29,bear,0.0054514027389975,0.38285582332087453,0.4013615977876773,0.018505774466802793,1.8505774466802795e-05,0.0020685568860001613,0.9030637155835124,0.9049317542508796,0.40000000000000002,CASH,0.050000000000000003,0,0,True
2022-12-29,2022-12-30,bear,-0.0017551874203554,0.370692660060792,0.38414118304843076,0.013448522987638767,1.3448522987638767e-05,-0.0006640748666634222,0.9049317542508796,0.9043308118168359,0.35000000000000003,CASH,0.050000000000000003,0,0,True
2022-12-30,2022-12-31,bear,-0.0042029962907653,0.3838225122544282,0.37028294404505047,0.01353956820937774,1.353956820937774e-05,-0.0016267223214332382,0.9043308118168359,0.9028597166992937,0.40000000000000002,CASH,0.050000000000000003,0,0,True
2022-12-31,2023-01-01,bear,0.0048979888011415,0.37994354834945276,0.38282688575041435,0.002883337400961583,2.8833374009615833e-06,0.0018580705417070575,0.9028597166992937,0.9045372937421866,0.40000000000000002,CASH,0.050000000000000003,0,0,True
2023-01-01,2023-01-02,mix,0.0033637413950799,0.4652473930023338,0.38109530476375336,0.08415208823858045,8.415208823858045e-05,0.0014806881309017417,0.9045372937421866,0.9058766313769886,0.45000000000000001,ABSTAIN,0.050000000000000003,0,0,True
2023-01-02,2023-01-03,mix,-5.997253257894464e-06,0.4676571378676616,0.46608295817761625,0.001574179690045363,1.5741796900453632e-06,-4.378833568630114e-06,0.9058766313769886,0.9058726646939861,0.45000000000000001,ABSTAIN,0.050000000000000003,0,0,True
2023-01-03,2023-01-04,mix,0.0106691775317555,0.4762135320885109,0.46765564482365074,0.008557887264860176,8.557887264860177e-06,0.005072205348640724,0.9058726646939861,0.9104674368690343,0.45000000000000001,ABSTAIN,0.050000000000000003,0,0,True
2023-01-04,2023-01-05,mix,-0.0013232772176761,0.4672221006346818,0.47886133690837107,0.01163923627368929,1.1639236273689292e-05,-0.0006298964015133413,0.9104674368690343,0.9098939367068555,0.45000000000000001,ABSTAIN,0.050000000000000003,0,0,True
2023-01-05,2023-01-06,mix,0.0071955697631582,0.4713327067470823,0.4668924992662019,0.004440207480880365,4.440207480880365e-06,0.0033870521065795245,0.9098939367068555,0.9129757948819424,0.45000000000000001,ABSTAIN,0.050000000000000003,0,0,True
2023-01-06,2023-01-07,mix,-0.0004306555994079,0.4719790141632322,0.4731196254221819,0.0011406112589497086,1.1406112589497087e-06,-0.0002044007846703222,0.9129757948819424,0.9127891819130834,0.45000000000000001,ABSTAIN,0.050000000000000003,0,0,True
2023-01-07,2023-01-08,mix,0.0103519913123539,0.4765062341725479,0.4718716665841568,0.004634567588391092,4.634567588391092e-06,0.004928130967507105,0.9127891819130834,0.9172875265472747,0.45000000000000001,ABSTAIN,0.050000000000000003,0,0,True
2023-01-08,2023-01-09,mix,0.0035691337110812,0.4767349354534947,0.4790758428105556,0.002340907357060884,2.340907357060884e-06,0.0016991858388943903,0.9172875265472747,0.9188461685225784,0.45000000000000001,ABSTAIN,0.050000000000000003,0,0,True
2023-01-09,2023-01-10,mix,0.0150755816322372,0.4799126728041747,0.4776237746532183,0.0022888981509563977,2.2888981509563977e-06,0.007232657216960758,0.9188461685225784,0.9254918678946199,0.45000000000000001,ABSTAIN,0.050000000000000003,0,0,True
2023-01-10,2023-01-11,mix,0.0288547000705312,0.4801034051078017,0.48364845694545855,0.003545051837656854,3.545051837656854e-06,0.013849645594935733,0.9254918678946199,0.9383096022659555,0.45000000000000001,ABSTAIN,0.050000000000000003,0,0,True
2023-01-11,2023-01-12,mix,0.0506624011414367,0.4803879358819021,0.48720724607371096,0.0068193101918088694,6.819310191808869e-06,0.024330621035277167,0.9383096022659555,0.9611392576124501,0.45000000000000001,ABSTAIN,0.050000000000000003,0,0,True
2023-01-12,2023-01-13,mix,0.0570623776609571,0.4803696432830019,0.4927335861568875,0.012363942873885592,1.2363942873885593e-05,0.027398331150541466,0.9611392576124501,0.9874728692743016,0.5,ABSTAIN,0.050000000000000003,0,0,True
2023-01-13,2023-01-14,mix,0.0517488834244994,0.4800454883068046,0.49423323332144564,0.01418774501464104,1.418774501464104e-05,0.02482727781845151,0.9874728692743016,1.0119891325379582,0.5,ABSTAIN,0.050000000000000003,0,0,True
2023-01-14,2023-01-15,mix,-0.0037407792653949,0.4769504673106833,0.49264900928674044,0.015698541976057134,1.5698541976057134e-05,-0.0017998369519008905,1.0119891325379582,1.0101677171022942,0.5,ABSTAIN,0.050000000000000003,0,0,True
2023-01-15,2023-01-16,bull,0.014578683703867,0.49820481752867674,0.476015591925856,0.022189225602820717,2.2189225602820717e-05,0.007240820064762898,1.0101677171022942,1.0174821597770642,0.5,BTC,0.050000000000000003,0,0,True
2023-01-16,2023-01-17,bull,-0.0022233551420399,0.49768291672846193,0.5018231608280632,0.004140244099601287,4.140244099601287e-06,-0.001110661534825974,1.0174821597770642,1.0163520814798281,0.5,BTC,0.050000000000000003,0,0,True
2023-01-17,2023-01-18,bull,-0.0220701988446854,0.4976569416651198,0.49712647416177125,0.000530467503348564,5.30467503348564e-07,-0.010983912300160381,1.0163520814798281,1.0051885593507683,0.5,BTC,0.050000000000000003,0,0,True
2023-01-18,2023-01-19,bull,0.0198639613750932,0.49767868489995054,0.49207824007543327,0.00560044482451727,5.60044482451727e-06,0.009880214363964912,1.0051885593507683,1.015120037793359,0.5,BTC,0.050000000000000003,0,0,True
2023-01-19,2023-01-20,bull,0.0757072652410679,0.49805452537071176,0.5025959566961052,0.004541431325393475,4.541431325393475e-06,0.03770163338464805,1.015120037793359,1.0533917212996542,0.5,BTC,0.050000000000000003,0,0,True
2023-01-20,2023-01-21,bull,0.0043435697528795,0.4977472868611754,0.5162933362249713,0.01854604936379589,1.8546049363795893e-05,0.0021434139138643005,1.0533917212996542,1.0556495757718374,0.5,BTC,0.050000000000000003,0,0,True
2023-01-21,2023-01-22,bull,-0.0029812475577041,0.49753058059737876,0.49883081466982326,0.001300234072444506,1.3002340724445062e-06,-0.001484560133773849,1.0556495757718374,1.0540824004964113,0.5,BTC,0.050000000000000003,0,0,True
2023-01-22,2023-01-23,bull,0.0091466368384431,0.49752641008465026,0.49678417977985506,0.0007422303047951995,7.422303047951995e-07,0.004549947782611197,1.0540824004964113,1.0588784203772394,0.5,BTC,0.050000000000000003,0,0,True
2023-01-23,2023-01-24,bull,-0.0123497196220898,0.4975270540081023,0.4998026548372674,0.0022756008291650587,2.2756008291650586e-06,-0.006146581240214721,1.0588784203772394,1.0523699381428806,0.5,BTC,0.050000000000000003,0,0,True
2023-01-24,2023-01-25,bull,0.0186722633381199,0.49752627925823845,0.49442061265828097,0.0031056665999574795,3.1056665999574795e-06,0.009286807185882928,1.0523699381428806,1.062143094846633,0.5,BTC,0.050000000000000003,0,0,True
2023-01-25,2023-01-26,bull,-0.0016959371245407,0.4975286045118385,0.5021512649839206,0.004622660472082096,4.6226604720820965e-06,-0.0008483959908889283,1.062143094846633,1.0612419769032149,0.5,BTC,0.050000000000000003,0,0,True
2023-01-26,2023-01-27,bull,0.0025460549183176,0.4975256521680325,0.49710427254749084,0.0004213796205416731,4.213796205416731e-07,0.0012663057202977335,1.0612419769032149,1.0625858336891876,0.5,BTC,0.050000000000000003,0,0,True
2023-01-27,2023-01-28,bull,-0.0020238704029538,0.4975248364544301,0.49816134505989984,0.0006365086054697655,6.365086054697655e-07,-0.0010075616589230174,1.0625858336891876,1.0615152129438477,0.5,BTC,0.050000000000000003,0,0,True
2023-01-28,2023-01-29,bull,0.0314922333343463,0.4975239494970285,0.4970183712799547,0.0005055782170738099,5.055782170738099e-07,0.015667626807298607,1.0615152129438477,1.078146637150522,0.5,BTC,0.050000000000000003,0,0,True
2023-01-29,2023-01-30,bull,-0.038769676379083,0.49752439572088175,0.5052753644993747,0.0077509687784929615,7.750968778492962e-06,-0.019296461274225685,1.078146637150522,1.0573422223188103,0.5,BTC,0.050000000000000003,0,0,True
2023-01-30,2023-01-31,bull,0.0128283739630872,0.4975236707383338,0.4876415861012821,0.009882084637051702,9.882084637051702e-06,0.006372474547470475,1.0573422223188103,1.0640801087185028,0.5,BTC,0.050000000000000003,0,0,True
2023-01-31,2023-02-01,bull,0.025967455275869,0.49752524598618425,0.5007103468584079,0.003185100872223623,3.185100872223623e-06,0.012916238323091855,1.0640801087185028,1.0778240209975725,0.5,BTC,0.050000000000000003,0,0,True
2023-02-01,2023-02-02,bull,-0.0125602724483258,0.49752469826586815,0.5039341511466976,0.006409452880829447,6.409452880829447e-06,-0.0062554151599069074,1.0778240209975725,1.0710817842769125,0.5,BTC,0.050000000000000003,0,0,True
2023-02-02,2023-02-03,bull,0.0001536649080573,0.4975237445164088,0.49436496177414024,0.003158782742268551,3.158782742268551e-06,7.329291622015788e-05,1.0710817842769125,1.0711602869843924,0.5,BTC,0.050000000000000003,0,0,True
2023-02-03,2023-02-04,bull,-0.0045836320803032,0.49752402857884576,0.49756215686447575,3.8128285629990266e-05,3.812828562999027e-08,-0.0022805051394509945,1.0711602869843924,1.0687175004447487,0.5,BTC,0.050000000000000003,0,0,True
2023-02-04,2023-02-05,bull,-0.0166267932326635,0.49752497976326454,0.4963755295441653,0.001149450219099235,1.1494502190992351e-06,-0.008273384908294323,1.0687175004447487,1.059875589205339,0.5,BTC,0.050000000000000003,0,0,True
2023-02-05,2023-02-06,bull,-0.0075950470875479,0.4975253719319647,0.49333371211354543,0.004191659818419291,4.191659818419291e-06,-0.003782904447746538,1.059875589205339,1.0558661811248762,0.5,BTC,0.050000000000000003,0,0,True
2023-02-06,2023-02-07,bull,0.0215229024066638,0.4975305707905769,0.4956194547266014,0.001911116063975482,1.9111160639754823e-06,0.01070637033858568,1.0558661811248762,1.0671706754879873,0.5,BTC,0.050000000000000003,0,0,True
2023-02-07,2023-02-08,bull,-0.0123474842699674,0.4975341457900929,0.5028541585587326,0.0053200127686396925,5.3200127686396924e-06,-0.006148582369275513,1.0671706754879873,1.060609088687674,0.5,BTC,0.050000000000000003,0,0,True
2023-02-08,2023-02-09,bull,-0.0510394258989923,0.4975252336386795,0.494428269486212,0.0030969641524675184,3.0969641524675187e-06,-0.02539642061687597,1.060609088687674,1.0336734141612802,0.5,BTC,0.050000000000000003,0,0,True
2023-02-09,2023-02-10,bull,-0.007227257083859,0.4975544201937898,0.4844332394787403,0.01312118071504953,1.312118071504953e-05,-0.003609027705507528,1.0336734141612802,1.0299428581711256,0.5,BTC,0.050000000000000003,0,0,True
2023-02-10,2023-02-11,bull,0.0103905708342961,0.4981242539318624,0.49574112863553965,0.00238312529632273,2.38312529632273e-06,0.005173399884894847,1.0299428581711256,1.0352711644350363,0.5,BTC,0.050000000000000003,0,0,True
2023-02-11,2023-02-12,bull,-0.0033394633070751,0.49950193871772125,0.5007084846327782,0.0012065459150569224,1.2065459150569225e-06,-0.0016692729294747188,1.0352711644350363,1.033543014305579,0.5,BTC,0.050000000000000003,0,0,True
2023-02-12,2023-02-13,bull,-0.0006517707969964,0.49910515309866355,0.49866567878058443,0.00043947431807911386,4.394743180791139e-07,-0.000325741494776155,1.033543014305579,1.0332063464591836,0.5,BTC,0.050000000000000003,0,0,True
2023-02-13,2023-02-14,mix,0.0195612834480034,0.4772199573491464,0.49894215789862933,0.02172220054948293,2.1722200549482928e-05,0.00931310987470213,1.0332063464591836,1.0428287106869976,0.5,ABSTAIN,0.050000000000000003,0,0,True
2023-02-14,2023-02-15,mix,0.0959254003648895,0.4771110911596596,0.4820549920501664,0.0049439008905067805,4.9439008905067805e-06,0.045761902269259025,1.0428287106869976,1.0905505362290333,0.5,ABSTAIN,0.050000000000000003,0,0,True
2023-02-15,2023-02-16,bull,-0.0324031256294214,0.5006258386582798,0.4999948625066975,0.0006309761515823076,6.309761515823076e-07,-0.016222462683934902,1.0905505362290333,1.0728591208501126,0.5,BTC,0.050000000000000003,0,0,True
2023-02-16,2023-02-17,bull,0.0439217318900917,0.4978888742902765,0.49239149369996615,0.005497380590310352,5.497380590310352e-06,0.02186252404954936,1.0728591208501126,1.0963145291814766,0.5,BTC,0.050000000000000003,0,0,True
2023-02-17,2023-02-18,bull,0.0023561967159746,0.49872771814388395,0.5086341326776946,0.009906414533810692,9.906414533810693e-06,0.001165182556088551,1.0963145291814766,1.0975919357468653,0.5,BTC,0.050000000000000003,0,0,True
2023-02-18,2023-02-19,bull,-0.0133366353516243,0.497671414181276,0.499316072133766,0.0016446579524900251,1.6446579524900251e-06,-0.0066388959177894336,1.0975919357468653,1.0903051371252368,0.5,BTC,0.050000000000000003,0,0,True
2023-02-19,2023-02-20,bull,0.0220796695044622,0.4976580585174295,0.4943150505936783,0.0033430079237511956,3.3430079237511955e-06,0.010984745716982935,1.0903051371252368,1.1022818618104777,0.5,BTC,0.050000000000000003,0,0,True
2023-02-20,2023-02-21,bull,-0.0156524889792467,0.4981041591237913,0.5031178617900672,0.005013702666275932,5.013702666275932e-06,-0.007801544474185351,1.1022818618104777,1.0936823608424755,0.5,BTC,0.050000000000000003,0,0,True
2023-02-21,2023-02-22,bull,-0.0108013267513814,0.4977919303354968,0.4941603449143497,0.00363158542114711,3.63158542114711e-06,-0.005380425352819018,1.0936823608424755,1.0877978845402676,0.5,BTC,0.050000000000000003,0,0,True
2023-02-22,2023-02-23,bull,-0.0103487054815476,0.4982233793015285,0.49507705392672835,0.0031463253748001407,3.146325374800141e-06,-0.005159097119437739,1.0877978845402676,1.0821858296076055,0.5,BTC,0.050000000000000003,0,0,True
2023-02-23,2023-02-24,bull,-0.031115920171455,0.4993103980322704,0.4956228272349201,0.0036875707973502703,3.6875707973502705e-06,-0.015540132764794046,1.0821858296076055,1.0653685181393244,0.5,BTC,0.050000000000000003,0,0,True
2023-02-24,2023-02-25,bull,-0.0010952288553996,0.4730617683423618,0.49140866753103385,0.01834689918867205,1.834689918867205e-05,-0.0005364482925351854,1.0653685181393244,1.0647970030168479,0.45000000000000001,ABSTAIN,0.050000000000000003,0,0,True
2023-02-25,2023-02-26,mix,0.0169471771251958,0.4778883383721576,0.47278861437735437,0.00509972399480324,5.0997239948032406e-06,0.008093717290521774,1.0647970030168479,1.0734151689310611,0.5,ABSTAIN,0.050000000000000003,0,0,True
2023-02-26,2023-02-27,mix,-0.0027420867874713,0.4763627728045383,0.48208287578087594,0.0057201029763376265,5.720102976337627e-06,-0.0013119406965679259,1.0734151689310611,1.0720069118866271,0.5,ABSTAIN,0.050000000000000003,0,0,True
2023-02-27,2023-02-28,bull,-0.0154762259460885,0.4748252630894137,0.47567788854727494,0.0008526254578612447,8.526254578612447e-07,-0.007349349416419848,1.0720069118866271,1.064128358514355,0.45000000000000001,ABSTAIN,0.050000000000000003,0,0,True
2023-02-28,2023-03-01,bull,0.0221223060461295,0.4701079890675903,0.47093744528904974,0.0008294562214594126,8.294562214594125e-07,0.010399034726422896,1.064128358514355,1.0751942662679173,0.45000000000000001,ABSTAIN,0.050000000000000003,0,0,True
2023-03-01,2023-03-02,mix,-0.007478153471335,0.4763850706526751,0.47556207676538553,0.0008229938872895692,8.229938872895693e-07,-0.003563300731780905,1.0751942662679173,1.071363025752118,0.5,ABSTAIN,0.050000000000000003,0,0,True
2023-03-02,2023-03-03,bull,-0.0473463056244513,0.4719168380699063,0.47451303349226287,0.002596195422356562,2.596195422356562e-06,-0.022346057031863542,1.071363025752118,1.0474222864768314,0.45000000000000001,ABSTAIN,0.050000000000000003,0,0,True
2023-03-03,2023-03-04,mix,-0.000326557635186,0.4730265250001646,0.45984794034608917,0.013178584654075454,1.3178584654075454e-05,-0.00016764697233695447,1.0474222864768314,1.0472466893017454,0.45000000000000001,ABSTAIN,0.050000000000000003,0,0,True
2023-03-04,2023-03-05,mix,0.0036335810910588,0.4801434776173574,0.47294511060825356,0.007198367009103812,7.198367009103812e-06,0.0017374293356957615,1.0472466893017454,1.0490662064214484,0.5,ABSTAIN,0.050000000000000003,0,0,True
2023-03-05,2023-03-06,mix,-0.0008159334412326,0.480047242857286,0.4810488606686644,0.001001617811378419,1.0016178113784192e-06,-0.00039268782430978977,1.0490662064214484,1.0486542508952919,0.5,ABSTAIN,0.050000000000000003,0,0,True
2023-03-06,2023-03-07,mix,-0.0094689870593485,0.479807977182708,0.4798435045287213,3.552734601330876e-05,3.5527346013308756e-08,-0.004543330892850084,1.0486542508952919,1.0438898676412807,0.5,ABSTAIN,0.050000000000000003,0,0,True
2023-03-07,2023-03-08,mix,-0.0219391110830803,0.4783384505853354,0.4774338045242861,0.0009046460610493412,9.046460610493413e-07,-0.010495215555115567,1.0438898676412807,1.0329340184645843,0.5,ABSTAIN,0.050000000000000003,0,0,True
2023-03-08,2023-03-09,mix,-0.0621349742985057,0.4786055375630574,0.47280590685748686,0.0057996307055705465,5.799630705570546e-06,-0.029743769936062647,1.0329340184645843,1.002210666660241,0.5,ABSTAIN,0.050000000000000003,0,0,True
2023-03-09,2023-03-10,mix,-0.0100727833492126,0.480074548368014,0.46262500318369487,0.017449545184319126,1.7449545184319126e-05,-0.004853052081829068,1.002210666660241,0.9973468860979743,0.5,ABSTAIN,0.050000000000000003,0,0,True
2023-03-10,2023-03-11,mix,0.0154191906413252,0.4669625688475961,0.4775481347182135,0.010585565870617375,1.0585565870617375e-05,0.007189523087522076,0.9973468860979743,1.0045173345618439,0.45000000000000001,ABSTAIN,0.050000000000000003,0,0,True
2023-03-11,2023-03-12,mix,0.0746207401978746,0.4606585328037691,0.47077310036390657,0.010114567560137455,1.0114567560137455e-05,0.03436421844369364,1.0045173345618439,1.039036787677204,0.45000000000000001,ABSTAIN,0.050000000000000003,0,0,True
2023-03-12,2023-03-13,mix,0.0963682324913162,0.476745765649181,0.4785821064054122,0.0018363407562312362,1.8363407562312361e-06,0.04594122607530182,1.039036787677204,1.086771411640438,0.5,ABSTAIN,0.050000000000000003,0,0,True
2023-03-13,2023-03-14,mix,0.0242718043990313,0.4802443705336529,0.49972975494889665,0.01948538441524378,1.948538441524378e-05,0.011636684911528805,1.086771411640438,1.099417828128555,0.5,ABSTAIN,0.050000000000000003,0,0,True
2023-03-14,2023-03-15,mix,-0.0168827961473215,0.4782930143837118,0.48623304237572346,0.007940027992011656,7.940027992011656e-06,-0.008082799373401728,1.099417828128555,1.0905314543962508,0.5,ABSTAIN,0.050000000000000003,0,0,True
2023-03-15,2023-03-16,mix,0.0297083932182169,0.4734501452018848,0.4740459758953096,0.000595830693424837,5.958306934248369e-07,0.014064838871563401,1.0905314543962508,1.1058696035867057,0.45000000000000001,ABSTAIN,0.050000000000000003,0,0,True
2023-03-16,2023-03-17,mix,0.095492339256362,0.4784639206911267,0.4807535762215296,0.00228965553040289,2.28965553040289e-06,0.04568724476750119,1.1058696035867057,1.1563937388467112,0.5,ABSTAIN,0.050000000000000003,0,0,True
2023-03-17,2023-03-18,mix,-0.0174249227871114,0.4773763707477741,0.5012515570208915,0.02387518627311741,2.387518627311741e-05,-0.008341922987262329,1.1563937388467112,1.1467471913342995,0.5,ABSTAIN,0.050000000000000003,0,0,True
2023-03-18,2023-03-19,bull,0.0387969310223115,0.4707932067158094,0.47299259328372933,0.0021993865679199587,2.199386567919959e-06,0.018263092007633208,1.1467471913342995,1.1676903407991328,0.45000000000000001,ABSTAIN,0.050000000000000003,0,0,True
2023-03-19,2023-03-20,bull,-0.0085197094285499,0.4713955685818055,0.4802859560484682,0.008890387466662708,8.890387466662709e-06,-0.004025007952531023,1.1676903407991328,1.1629903778913226,0.45000000000000001,ABSTAIN,0.050000000000000003,0,0,True
2023-03-20,2023-03-21,bull,0.0141952706480763,0.4937613583296712,0.46926405166728413,0.024497306662387086,2.4497306662387086e-05,0.0069844071069018465,1.1629903778913226,1.1711131761519253,0.5,BTC,0.050000000000000003,0,0,True
2023-03-21,2023-03-22,bull,-0.030315856868464,0.4963365821901706,0.49728492654470857,0.0009483443545379444,9.483443545379444e-07,-0.015047802859001314,1.1711131761519253,1.1534904959516123,0.5,BTC,0.050000000000000003,0,0,True
2023-03-22,2023-03-23,bull,0.0384788916318499,0.4940346319241044,0.48864224921225313,0.0053923827118512735,5.392382711851274e-06,0.019004410172793307,1.1534904959516123,1.1754119024670955,0.5,BTC,0.050000000000000003,0,0,True
2023-03-23,2023-03-24,mix,-0.02997100036382,0.4747820651317704,0.5034735525519506,0.028691487420180184,2.8691487420180186e-05,-0.014257976663149097,1.1754119024670955,1.1586529069921319,0.45000000000000001,ABSTAIN,0.050000000000000003,0,0,True
2023-03-24,2023-03-25,bull,0.0004879434276932,0.4932264041740266,0.46720049145659226,0.02602591271743432,2.6025912717434318e-05,0.00021463440599656103,1.1586529069921319,1.1589015937705802,0.5,BTC,0.050000000000000003,0,0,True
2023-03-25,2023-03-26,bull,0.0181215332877171,0.49600413310142283,0.4933483382978557,0.0026557948035671464,2.6557948035671465e-06,0.008985675742811727,1.1589015937705802,1.1693151077100303,0.5,BTC,0.050000000000000003,0,0,True
2023-03-26,2023-03-27,bull,-0.0301606877938048,0.494134480546276,0.5004938717113759,0.006359391165099926,6.359391165099926e-06,-0.014909700410297266,1.1693151077100303,1.1518809697688392,0.5,BTC,0.050000000000000003,0,0,True
2023-03-27,2023-03-28,bull,0.0048802423902867,0.4921162881815879,0.48648128738278695,0.005635000798800971,5.635000798800971e-06,0.002395998236454089,1.1518809697688392,1.1546408745410104,0.5,BTC,0.050000000000000003,0,0,True
2023-03-28,2023-03-29,bull,0.0399160742713353,0.4929709067352898,0.49333312305035076,0.0003622163150609481,3.622163150609481e-07,0.01967709398303996,1.1546408745410104,1.1773608515460132,0.5,BTC,0.050000000000000003,0,0,True
2023-03-29,2023-03-30,bull,-0.01131906428128,0.4926439025296603,0.5027554187473651,0.010111516217704786,1.0111516217704786e-05,-0.005586323132207305,1.1773608515460132,1.1707837333860664,0.5,BTC,0.050000000000000003,0,0,True
2023-03-30,2023-03-31,bull,0.0158475891471485,0.4916152904475801,0.48979888437477287,0.0018164060728072529,1.816406072807253e-06,0.007789086583927407,1.1707837333860664,1.1799030692564643,0.5,BTC,0.050000000000000003,0,0,True
2023-03-31,2023-04-01,bull,-0.0006181142598258,0.4916297140746572,0.4955454540169714,0.0039157399423142,3.9157399423142e-06,-0.00030779788683776843,1.1799030692564643,1.1795398975850737,0.5,BTC,0.050000000000000003,0,0,True
2023-04-01,2023-04-02,bull,-0.0090595689500668,0.4915911925688056,0.49147518185606204,0.0001160107127435861,1.160107127435861e-07,-0.004453719798369504,1.1795398975850737,1.1742865573902324,0.5,BTC,0.050000000000000003,0,0,True
2023-04-02,2023-04-03,bull,-0.0140504924055705,0.49157815157903956,0.48931681172335156,0.0022613398556879938,2.2613398556879937e-06,-0.0069091608064789645,1.1742865573902324,1.1661732227323367,0.5,BTC,0.050000000000000003,0,0,True
2023-04-03,2023-04-04,bull,0.0130313897151654,0.49157257665305587,0.4880421018491577,0.003530474803898176,3.530474803898176e-06,0.006402320729073985,1.1661732227323367,1.1736394377299268,0.5,BTC,0.050000000000000003,0,0,True
2023-04-04,2023-04-05,bull,0.0003231029242589,0.4915867510817282,0.4948087679404251,0.0032220168586968856,3.2220168586968855e-06,0.00015561058817969986,1.1736394377299268,1.1738220684531429,0.5,BTC,0.050000000000000003,0,0,True
2023-04-05,2023-04-06,bull,-0.0048556267414413,0.4915586884536827,0.4916674911184854,0.00010880266480267631,1.088026648026763e-07,-0.0023869340556152974,1.1738220684531429,1.1710202325827193,0.5,BTC,0.050000000000000003,0,0,True
2023-04-06,2023-04-07,bull,-0.0045048097671979,0.49155256272825903,0.49034222427185764,0.0012103384564013941,1.2103384564013941e-06,-0.002215558444011889,1.1710202325827193,1.168425768818312,0.5,BTC,0.050000000000000003,0,0,True
2023-04-07,2023-04-08,bull,0.0011035313001603,0.4915532843624261,0.49042418311778774,0.0011291012446383863,1.1291012446383865e-06,0.0005413147212713909,1.168425768818312,1.1690582548876862,0.5,BTC,0.050000000000000003,0,0,True
2023-04-08,2023-04-09,bull,0.0137932515425249,0.4915511773638247,0.4918289389265287,0.000277761562703982,2.77761562703982e-07,0.006779809390592639,1.1690582548876862,1.1769842470223235,0.5,BTC,0.050000000000000003,0,0,True
2023-04-09,2023-04-10,bull,0.0464016154427286,0.4915330452176733,0.4949752898636282,0.003442244645954884,3.442244645954884e-06,0.022804406586472092,1.1769842470223235,1.2038246743372933,0.5,BTC,0.050000000000000003,0,0,True
2023-04-10,2023-04-11,bull,0.0191828885665126,0.4915301956442384,0.5028715155699848,0.011341319925746385,1.1341319925746385e-05,0.00941752071324009,1.2038246743372933,1.2151617181429744,0.5,BTC,0.050000000000000003,0,0,True
2023-04-11,2023-04-12,bull,-0.010698585879985,0.49152886477886193,0.4962797581740366,0.004750893395174649,4.750893395174649e-06,-0.005263389682372388,1.2151617181429744,1.2087658484932868,0.5,BTC,0.050000000000000003,0,0,True
2023-04-12,2023-04-13,bull,0.0167634777022325,0.491528966903792,0.4888408506784305,0.00268811622536147,2.68811622536147e-06,0.008237024611102761,1.2087658484932868,1.2187224825363865,0.5,BTC,0.050000000000000003,0,0,True
2023-04-13,2023-04-14,bull,0.0028005028399928,0.4915339598332713,0.49568439379311546,0.0041504339598441575,4.1504339598441574e-06,0.001372386103258405,1.2187224825363865,1.220395040335148,0.5,BTC,0.050000000000000003,0,0,True
2023-04-14,2023-04-15,bull,-0.0056739683321027,0.49153132327273585,0.4922329226686137,0.0007015993958778277,7.015993958778277e-07,-0.0027896328051681962,1.220395040335148,1.2169905862953645,0.5,BTC,0.050000000000000003,0,0,True
2023-04-15,2023-04-16,bull,0.0003531399754452,0.49153053276812675,0.4901092721124863,0.0014212606556404661,1.4212606556404661e-06,0.00017215757291566547,1.2169905862953645,1.2172001004409623,0.5,BTC,0.050000000000000003,0,0,True
2023-04-16,2023-04-17,bull,-0.0288812713829951,0.49153549484208126,0.4916187771132231,8.328227114184905e-05,8.328227114184906e-08,-0.014196252120890818,1.2172001004409623,1.1999204209335288,0.5,BTC,0.050000000000000003,0,0,True
2023-04-17,2023-04-18,bull,0.0321828849427039,0.4915637223500887,0.4842132991421799,0.007350423207908796,7.350423207908796e-06,0.015812472011947465,1.1999204209335288,1.2188941290061044,0.5,BTC,0.050000000000000003,0,0,True
2023-04-18,2023-04-19,bull,-0.0516256228976176,0.49165800532322074,0.4994818882061173,0.007823882882896538,7.823882882896538e-06,-0.02538977607331938,1.2188941290061044,1.1879466800135556,0.5,BTC,0.050000000000000003,0,0,True
2023-04-19,2023-04-20,bull,-0.0198933146385226,0.4915787243682208,0.47841916184660255,0.013159562521618262,1.3159562521618262e-05,-0.009792161106906394,1.1879466800135556,1.1763141147364484,0.5,BTC,0.050000000000000003,0,0,True
2023-04-20,2023-04-21,bull,-0.0345496715709707,0.49258121675722066,0.48655770530099235,0.006023511456228314,6.023511456228314e-06,-0.017024440261201534,1.1763141147364484,1.1562880253617096,0.5,BTC,0.050000000000000003,0,0,True
2023-04-21,2023-04-22,bull,0.0201395205539744,0.49536699098737014,0.48379619231351123,0.011570798673858906,1.1570798673858907e-05,0.009964767462539603,1.1562880253617096,1.167810166654158,0.5,BTC,0.050000000000000003,0,0,True
2023-04-22,2023-04-23,mix,-0.0079995973236403,0.4741894256408302,0.5003517090269236,0.026162283386093388,2.6162283386093388e-05,-0.003819387501611593,1.167810166654158,1.1633498470993842,0.45000000000000001,ABSTAIN,0.050000000000000003,0,0,True
2023-04-23,2023-04-24,bull,-0.0029755648499171,0.4716010637971304,0.47218726066628147,0.0005861968691510677,5.861968691510678e-07,-0.001403864922889353,1.1633498470993842,1.1617166610559926,0.45000000000000001,ABSTAIN,0.050000000000000003,0,0,True
2023-04-24,2023-04-25,bull,0.0286993852987897,0.4719982285632526,0.47085853039450726,0.0011396981687453178,1.1396981687453178e-06,0.0135449038852955,1.1617166610559926,1.1774520015719425,0.45000000000000001,ABSTAIN,0.050000000000000003,0,0,True
2023-04-25,2023-04-26,mix,0.0044454181802762,0.4767821849291111,0.4790549805439601,0.002272795614848999,2.2727956148489994e-06,0.0021172185801192622,1.1774520015719425,1.1799449248268692,0.5,ABSTAIN,0.050000000000000003,0,0,True
2023-04-26,2023-04-27,mix,0.0369855688382598,0.4737630358714041,0.4778887976348028,0.004125761763398683,4.125761763398683e-06,0.01751819732125237,1.1799449248268692,1.2006154328481966,0.45000000000000001,ABSTAIN,0.050000000000000003,0,0,True
2023-04-27,2023-04-28,bull,-0.0052279998235847,0.49586496836926935,0.4828251775883404,0.013039790780928928,1.3039790780928928e-05,-0.0026053879538188163,1.2006154328481966,1.197487363862285,0.5,BTC,0.050000000000000003,0,0,True
2023-04-28,2023-04-29,bull,-0.0029909487139261,0.49289832430275043,0.4945546609870289,0.0016563366842784477,1.6563366842784477e-06,-0.0014758875040267183,1.197487363862285,1.1957200072257308,0.5,BTC,0.050000000000000003,0,0,True
2023-04-29,2023-04-30,bull,0.0006157193140887,0.49415328440359685,0.49214963422509594,0.002003650178500904,2.0036501785009042e-06,0.00030225546151907423,1.1957200072257308,1.1960814201283625,0.5,BTC,0.050000000000000003,0,0,True
2023-04-30,2023-05-01,bull,-0.0401509635205677,0.4894542338389002,0.49430714637031964,0.004852912531419451,4.852912531419451e-06,-0.019656816630660656,1.1960814201283625,1.172570266977559,0.5,BTC,0.050000000000000003,0,0,True
2023-05-01,2023-05-02,bull,0.0210666153802319,0.466440566667971,0.47921983118965716,0.012779264521686151,1.2779264521686152e-05,0.009813419178015925,1.172570266977559,1.1840771905230878,0.45000000000000001,ABSTAIN,0.050000000000000003,0,0,True
2023-05-02,2023-05-03,mix,0.0123652294630804,0.4753121692720971,0.4716324771469149,0.0036796921251821546,3.6796921251821547e-06,0.005873642720702232,1.1840771905230878,1.1910320368939533,0.5,ABSTAIN,0.050000000000000003,0,0,True
2023-05-03,2023-05-04,mix,-0.0062535316087597,0.4713156037537832,0.4783779216850283,0.007062317931245121,7.062317931245121e-06,-0.00295442852832295,1.1910320368939533,1.1875132178660073,0.45000000000000001,ABSTAIN,0.050000000000000003,0,0,True
2023-05-04,2023-05-05,bull,0.0232680699394289,0.49092218062667486,0.4697527599179117,0.021169420708763154,2.1169420708763152e-05,0.011401400398624473,1.1875132178660073,1.2010525315415566,0.5,BTC,0.050000000000000003,0,0,True
2023-05-05,2023-05-06,bull,-0.0222307306561132,0.4689644557679699,0.4966716060605076,0.027707150292537674,2.7707150292537676e-05,-0.010452840795012852,1.2010525315415566,1.1884981206429055,0.45000000000000001,ABSTAIN,0.050000000000000003,0,0,True
2023-05-06,2023-05-07,bull,-0.014980715317894,0.4898301133014444,0.4633698598285874,0.026460253472856965,2.6460253472856966e-05,-0.00736427156948849,1.1884981206429055,1.1797456977226644,0.5,BTC,0.050000000000000003,0,0,True
2023-05-07,2023-05-08,bull,-0.0265366862739578,0.4693969296564399,0.48605881003229234,0.016661880375852423,1.6661880375852424e-05,-0.012472693396262668,1.1797456977226644,1.1650310913494095,0.45000000000000001,ABSTAIN,0.050000000000000003,0,0,True
2023-05-08,2023-05-09,mix,-0.0012865687284291,0.4740933013958509,0.46270424528971005,0.011389056106140827,1.1389056106140827e-05,-0.0006213357252438101,1.1650310913494095,1.1643072159113343,0.45000000000000001,ABSTAIN,0.050000000000000003,0,0,True
2023-05-09,2023-05-10,mix,-0.0011434816120197,0.4782489814457641,0.47377232692385374,0.004476654521910373,4.476654521910373e-06,-0.0005513431226289445,1.1643072159113343,1.1636652831352143,0.5,ABSTAIN,0.050000000000000003,0,0,True
2023-05-10,2023-05-11,mix,-0.0224538370412232,0.4794385930929691,0.47796349590852844,0.0014750971844406657,1.4750971844406657e-06,-0.010766695257997894,1.1636652831352143,1.1511364536493855,0.5,ABSTAIN,0.050000000000000003,0,0,True
2023-05-11,2023-05-12,mix,-0.00683009987585,0.4792926189636294,0.47377364213982814,0.005518976823801258,5.518976823801258e-06,-0.0032791173670897455,1.1511364536493855,1.1473617421123337,0.5,ABSTAIN,0.050000000000000003,0,0,True
2023-05-12,2023-05-13,mix,-0.0008097256634527,0.480174517328861,0.47758242418988545,0.002592093138975571,2.592093138975571e-06,-0.00039140071492538286,1.1473617421123337,1.1469126639061928,0.5,ABSTAIN,0.050000000000000003,0,0,True
2023-05-13,2023-05-14,mix,0.0053216319671365,0.4795577088537021,0.47997232556137187,0.0004146167076697904,4.146167076697904e-07,0.00255161395870096,1.1469126639061928,1.1498391422688268,0.5,ABSTAIN,0.050000000000000003,0,0,True
2023-05-14,2023-05-15,mix,0.0098031203566122,0.479189637225581,0.480882512066189,0.001692874840607983,1.692874840607983e-06,0.004695852860152616,1.1498391422688268,1.1552386176937652,0.5,ABSTAIN,0.050000000000000003,0,0,True
2023-05-15,2023-05-16,mix,-0.0054664709625918,0.4792932114739558,0.4816247328731111,0.0023315213991552675,2.3315213991552673e-06,-0.0026223678358039404,1.1552386176937652,1.1522091571000466,0.5,ABSTAIN,0.050000000000000003,0,0,True
2023-05-16,2023-05-17,mix,0.0136044356822375,0.4797490245323984,0.4779253537527685,0.0018236707796299156,1.8236707796299157e-06,0.006524879174508502,1.1522091571000466,1.1597271826338866,0.5,ABSTAIN,0.050000000000000003,0,0,True
2023-05-17,2023-05-18,mix,-0.0209866766898635,0.478501639316926,0.4831225362975852,0.004620896980659206,4.620896980659206e-06,-0.010046733693111487,1.1597271826338866,1.1480757124733014,0.5,ABSTAIN,0.050000000000000003,0,0,True
2023-05-18,2023-05-19,mix,0.0020463694647383,0.4796941926929871,0.47321154579512403,0.0064826468978630425,6.4826468978630425e-06,0.0009751425378707879,1.1480757124733014,1.1491952499372304,0.5,ABSTAIN,0.050000000000000003,0,0,True
2023-05-19,2023-05-20,mix,0.0086783791927209,0.4773264914160225,0.48020444041296434,0.002877948996941826,2.877948996941826e-06,0.004139530420568027,1.1491952499372304,1.153952378633518,0.5,ABSTAIN,0.050000000000000003,0,0,True
2023-05-20,2023-05-21,mix,-0.0135085299562622,0.4794122217105418,0.47948269287101486,7.047116047304014e-05,7.047116047304014e-08,-0.0064762243731534275,1.153952378633518,1.1464791241135532,0.5,ABSTAIN,0.050000000000000003,0,0,True
2023-05-21,2023-05-22,mix,0.0036411351070471,0.4801503523533739,0.47601883882992385,0.004131513523450037,4.1315135234500364e-06,0.0017441535679980635,1.1464791241135532,1.148478759768511,0.5,ABSTAIN,0.050000000000000003,0,0,True
2023-05-22,2023-05-23,mix,0.0139082887292205,0.4803365060312044,0.4810576153310292,0.0007211092998247737,7.211092998247737e-07,0.006679932886281881,1.148478759768511,1.156150520805085,0.5,ABSTAIN,0.050000000000000003,0,0,True
2023-05-23,2023-05-24,mix,-0.0327802003622242,0.4803140033139165,0.4837851612431811,0.003471157929264612,3.4711579292646123e-06,-0.01574820577069147,1.156150520805085,1.1379432245015544,0.5,ABSTAIN,0.050000000000000003,0,0,True
2023-05-24,2023-05-25,mix,0.0055985171905621,0.4803596735023681,0.4720007666525619,0.00835890684980617,8.358906849806169e-06,0.0026809205032820582,1.1379432245015544,1.1409939598236916,0.5,ABSTAIN,0.050000000000000003,0,0,True
2023-05-25,2023-05-26,mix,0.0089024694249089,0.4802806712702543,0.4817533950763488,0.001472723806094478,1.4727238060944781e-06,0.004274204970650564,1.1409939598236916,1.1458708018782522,0.5,ABSTAIN,0.050000000000000003,0,0,True
2023-05-26,2023-05-27,mix,0.0054658106059188,0.4802423674554218,0.48249336610024113,0.002250998644819313,2.2509986448193132e-06,0.002622656918127131,1.1458708018782522,1.1488760278640782,0.5,ABSTAIN,0.050000000000000003,0,0,True
2023-05-27,2023-05-28,mix,0.0451903565112166,0.4803914727085329,0.4816031146069599,0.0012116418984270405,1.2116418984270405e-06,0.02170782397113946,1.1488760278640782,1.1738156264416135,0.5,ABSTAIN,0.050000000000000003,0,0,True
2023-05-28,2023-05-29,mix,-0.0118199435720596,0.4802791624486817,0.49143200676254967,0.011152844313867982,1.1152844313867982e-05,-0.005687962130016988,1.1738156264416135,1.1671390076107915,0.5,ABSTAIN,0.050000000000000003,0,0,True
2023-05-29,2023-05-30,mix,-0.0014852520241966,0.4800166193399463,0.4773119288598125,0.002704690480133831,2.704690480133831e-06,-0.00071564841770555,1.1671390076107915,1.1663037464267525,0.5,ABSTAIN,0.050000000000000003,0,0,True
2023-05-30,2023-05-31,mix,-0.017405463170892,0.4802011775711382,0.479645634956056,0.0005555426150822274,5.555426150822273e-07,-0.00835867481015462,1.1663037464267525,1.1565549926805063,0.5,ABSTAIN,0.050000000000000003,0,0,True
2023-05-31,2023-06-01,mix,-0.0145906283413126,0.4760009135445244,0.47582001631592813,0.00018089722859626622,1.8089722859626624e-07,-0.006945332060523279,1.1565549926805063,1.148522334210084,0.5,ABSTAIN,0.050000000000000003,0,0,True
2023-06-01,2023-06-02,mix,0.015873075058727,0.4760713962323915,0.4723362080833308,0.003735188149060653,3.735188149060653e-06,0.0075529535918008595,1.148522334210084,1.1571970700995196,0.5,ABSTAIN,0.050000000000000003,0,0,True
2023-06-02,2023-06-03,mix,-0.0063388475556713,0.4761491952859918,0.4800008824072586,0.003851687121266767,3.851687121266767e-06,-0.00302207722448955,1.1571970700995196,1.1536999311897258,0.5,ABSTAIN,0.050000000000000003,0,0,True
2023-06-03,2023-06-04,mix,0.0018580082742316,0.4760560077770951,0.47456330271962777,0.0014927050574673473,1.4927050574673474e-06,0.0008830219760684876,1.1536999311897258,1.154718673582755,0.5,ABSTAIN,0.050000000000000003,0,0,True
2023-06-04,2023-06-05,mix,-0.0506926035033901,0.4761075774853808,0.4765190350670315,0.00041145758165073154,4.1145758165073155e-07,-0.02413553417742431,1.154718673582755,1.1268489215711883,0.5,ABSTAIN,0.050000000000000003,0,0,True
2023-06-05,2023-06-06,mix,0.0575902809604076,0.4761348544278604,0.4631506471408294,0.012984207287031035,1.2984207287031035e-05,0.027407399797683585,1.1268489215711883,1.1577329204762785,0.5,ABSTAIN,0.050000000000000003,0,0,True
2023-06-06,2023-06-07,mix,-0.0325998340078296,0.4752724457352166,0.49011624434313317,0.01484379860791657,1.4843798607916569e-05,-0.015508416651182189,1.1577329204762785,1.1397783159747423,0.5,ABSTAIN,0.050000000000000003,0,0,True
2023-06-07,2023-06-08,mix,0.0060206890006642,0.4761202382916401,0.46701447306459193,0.009105765227048146,9.105765227048147e-06,0.002857440014118362,1.1397783159747423,1.143035164142033,0.5,ABSTAIN,0.050000000000000003,0,0,True
2023-06-08,2023-06-09,mix,-0.0008226073634679,0.4760793828463348,0.4776176847480263,0.001538301901691519,1.538301901691519e-06,-0.00039316410538658975,1.143035164142033,1.1425857637442978,0.5,ABSTAIN,0.050000000000000003,0,0,True
2023-06-09,2023-06-10,mix,-0.0239923260811274,0.4760501366720476,0.47587412131221213,0.00017601535983546857,1.7601535983546858e-07,-0.011421724114992649,1.1425857637442978,1.1295354643730922,0.5,ABSTAIN,0.050000000000000003,0,0,True
2023-06-10,2023-06-11,mix,0.0032657483361708,0.4760882619938896,0.46999667716178384,0.006091584832105756,6.091584832105757e-06,0.0015486833935434152,1.1295354643730922,1.131284757189185,0.5,ABSTAIN,0.050000000000000003,0,0,True
2023-06-11,2023-06-12,mix,-0.0008330633590967,0.475996936495398,0.47690156730259337,0.0009046308071953835,9.046308071953835e-07,-0.0003974398789254874,1.131284757189185,1.1308351395122576,0.5,ABSTAIN,0.050000000000000003,0,0,True
2023-06-12,2023-06-13,mix,0.0008723578365525,0.4760747125179273,0.4757890681954445,0.00028564432248284755,2.8564432248284755e-07,0.00041502174329655084,1.1308351395122576,1.131304460683239,0.5,ABSTAIN,0.050000000000000003,0,0,True
2023-06-13,2023-06-14,mix,-0.0308491519279274,0.4760474725819721,0.4762922122932433,0.0002447397112712024,2.4473971127120244e-07,-0.014685901952133928,1.131304460683239,1.114690234295633,0.5,ABSTAIN,0.050000000000000003,0,0,True
2023-06-14,2023-06-15,mix,0.0183768081338664,0.4761018099132582,0.4682381991447114,0.007863610768546803,7.863610768546803e-06,0.008741299201642017,1.114690234295633,1.1244340751507595,0.5,ABSTAIN,0.050000000000000003,0,0,True
2023-06-15,2023-06-16,mix,0.0293068347446201,0.4746248194073857,0.48064576044430496,0.006020941036919247,6.020941036919247e-06,0.013903646457239072,1.1244340751507595,1.1400678089961283,0.45000000000000001,ABSTAIN,0.050000000000000003,0,0,True
2023-06-16,2023-06-17,mix,0.0065942075751765,0.4754996334148821,0.48183240175200703,0.006332768337124928,6.332768337124928e-06,0.0031291906596515595,1.1400678089961283,1.1436352985354084,0.5,ABSTAIN,0.050000000000000003,0,0,True
2023-06-17,2023-06-18,mix,-0.0066113520648689,0.475898679758213,0.4771390864412016,0.0012404066829886373,1.2404066829886373e-06,-0.003147570223037466,1.1436352985354084,1.1400356261237237,0.5,ABSTAIN,0.050000000000000003,0,0,True
2023-06-18,2023-06-19,mix,0.0192181383994503,0.4758169207420308,0.4742444774295529,0.0015724433124779114,1.5724433124779114e-06,0.009142728613390494,1.1400356261237237,1.1504586624629696,0.5,ABSTAIN,0.050000000000000003,0,0,True
2023-06-19,2023-06-20,mix,0.0544515177364139,0.4758475481614312,0.48056678193574986,0.004719233774318654,4.719233774318654e-06,0.025905779696488107,1.1504586624629696,1.1802621911226516,0.5,ABSTAIN,0.050000000000000003,0,0,True
2023-06-20,2023-06-21,mix,0.0596728098715191,0.4757895943692693,0.48908565619380406,0.013296061824534744,1.3296061824534744e-05,0.02837802844399495,1.1802621911226516,1.213755705153702,0.5,ABSTAIN,0.050000000000000003,0,0,True
2023-06-21,2023-06-22,mix,-0.00354703319343,0.47422857452031,0.4902619258698834,0.0160333513495734,1.6033351349573398e-05,-0.0016981108766737085,1.213755705153702,1.2116946133891557,0.45000000000000001,ABSTAIN,0.050000000000000003,0,0,True
2023-06-22,2023-06-23,mix,0.0263930011207573,0.467891135951637,0.4733426818781217,0.005451545926484669,5.451545926484669e-06,0.012343532408217284,1.2116946133891557,1.226651205118387,0.45000000000000001,ABSTAIN,0.050000000000000003,0,0,True
2023-06-23,2023-06-24,mix,-0.0047523745575207,0.4682001064527432,0.4743820193460906,0.006181912893347408,6.181912893347408e-06,-0.0022312304314867637,1.226651205118387,1.223914263620707,0.45000000000000001,ABSTAIN,0.050000000000000003,0,0,True
2023-06-24,2023-06-25,bull,-0.0022368800272486,0.4885866397063277,0.46701417981180704,0.021572459894520668,2.157245989452067e-05,-0.0011144585790835437,1.223914263620707,1.222550261869552,0.5,BTC,0.050000000000000003,0,0,True
2023-06-25,2023-06-26,bull,-0.0065090447164478,0.4891475800968747,0.4880270995593778,0.0011204805374969151,1.1204805374969152e-06,-0.0031850003848508113,1.222550261869552,1.218656438814998,0.5,BTC,0.050000000000000003,0,0,True
2023-06-26,2023-06-27,bull,0.0139458816532858,0.4921047481411791,0.4875158904107972,0.004588857730381923,4.588857730381924e-06,0.006858214228294912,1.218656438814998,1.2270142457430824,0.5,BTC,0.050000000000000003,0,0,True
2023-06-27,2023-06-28,mix,-0.0198930564923702,0.4688508990457151,0.49556659118181606,0.026715692136100977,2.6715692136100977e-05,-0.009353343939365266,1.2270142457430824,1.2155375594841464,0.45000000000000001,ABSTAIN,0.050000000000000003,0,0,True
2023-06-28,2023-06-29,mix,0.0122046903778767,0.4686436911558277,0.463850296481578,0.004793394674249718,4.793394674249718e-06,0.0057148303368825815,1.2155375594841464,1.2224841504047066,0.45000000000000001,ABSTAIN,0.050000000000000003,0,0,True
2023-06-29,2023-06-30,mix,0.000893393812591,0.4697820496910508,0.4716655797293109,0.001883530038260084,1.883530038260084e-06,0.0004178160559038524,1.2224841504047066,1.2229949239108338,0.45000000000000001,ABSTAIN,0.050000000000000003,0,0,True
2023-06-30,2023-07-01,bull,0.0037377473099047,0.4633922574959594,0.4700044890065371,0.00661223151057766,6.61223151057766e-06,0.0017254194797051703,1.2229949239108338,1.22510510317613,0.45000000000000001,ABSTAIN,0.050000000000000003,0,0,True
2023-07-01,2023-07-02,bull,0.0010102397112481,0.48756181631975903,0.4643200782424707,0.023241738077288354,2.3241738077288353e-05,0.0004693011226390986,1.22510510317613,1.2256800463764015,0.5,BTC,0.050000000000000003,0,0,True
2023-07-02,2023-07-03,bull,0.0174278276944381,0.48631899511304105,0.4878140956936957,0.0014951005806546624,1.4951005806546625e-06,0.008473975879081053,1.2256800463764015,1.236066429524866,0.5,BTC,0.050000000000000003,0,0,True
2023-07-03,2023-07-04,bull,-0.0122916218584777,0.4863125853853515,0.4906361005157144,0.004323515130362887,4.323515130362887e-06,-0.005981868075589647,1.236066429524866,1.2286724432107832,0.5,BTC,0.050000000000000003,0,0,True
2023-07-04,2023-07-05,bull,-0.008307224295056,0.48601328065902166,0.48322351757824666,0.0027897630807749985,2.7897630807749986e-06,-0.004040199832442304,1.2286724432107832,1.2237083610115964,0.5,BTC,0.050000000000000003,0,0,True
2023-07-05,2023-07-06,bull,-0.0196540468262499,0.4862682554058455,0.4839296873695774,0.002338568036268085,2.338568036268085e-06,-0.009559455279881557,1.2237083610115964,1.212010375658889,0.5,BTC,0.050000000000000003,0,0,True
2023-07-06,2023-07-07,bull,0.0144852923969767,0.4861414513015609,0.481311073202593,0.0048303780989679135,4.830378098967913e-06,0.00703703667525013,1.212010375658889,1.2205393371231843,0.5,BTC,0.050000000000000003,0,0,True
2023-07-07,2023-07-08,bull,-0.0018980834629479,0.48684865165375785,0.4897346891392753,0.0028860374855174675,2.8860374855174676e-06,-0.0009269627452203055,1.2205393371231843,1.2194079426285953,0.5,BTC,0.050000000000000003,0,0,True
2023-07-08,2023-07-09,bull,-0.0040245899474392,0.4860787943467415,0.4863740204797924,0.0002952261330508854,2.9522613305088543e-07,-0.001956562477983037,1.2194079426285953,1.2170220948026937,0.5,BTC,0.050000000000000003,0,0,True
2023-07-09,2023-07-10,bull,0.0082341904537754,0.4861377811741166,0.48507145620207437,0.0010663249720422319,1.0663249720422318e-06,0.004001880483544884,1.2170220948026937,1.2218924717719275,0.5,BTC,0.050000000000000003,0,0,True
2023-07-10,2023-07-11,bull,0.0068386634358366,0.4863483005690793,0.48818654539343836,0.0018382448243590699,1.83824482435907e-06,0.0033241279814073543,1.2218924717719275,1.2259541987276155,0.5,BTC,0.050000000000000003,0,0,True
2023-07-11,2023-07-12,bull,-0.0077065502411562,0.4862280571149101,0.48805102868725064,0.0018229715723405704,1.8229715723405705e-06,-0.0037489570914568393,1.2259541987276155,1.2213581490404943,0.5,BTC,0.050000000000000003,0,0,True
2023-07-12,2023-07-13,bull,0.0355016733964517,0.4861488304017342,0.48429564018975085,0.0018531902119833243,1.8531902119833244e-06,0.017257211824387886,1.2213581490404943,1.2424353853319285,0.5,BTC,0.050000000000000003,0,0,True
2023-07-13,2023-07-14,bull,-0.0365059540267144,0.4863123152053747,0.49486697035772353,0.008554655152348822,8.554655152348823e-06,-0.01776169780334813,1.2424353853319285,1.2203676234774765,0.5,BTC,0.050000000000000003,0,0,True
2023-07-14,2023-07-15,bull,-0.0008575933292432,0.48606081143168045,0.47702783609146776,0.00903297534021269,9.03297534021269e-06,-0.0004258717195023687,1.2203676234774765,1.219847903419241,0.5,BTC,0.050000000000000003,0,0,True
2023-07-15,2023-07-16,bull,-0.0018454082676931,0.48663418228445904,0.4858464903924724,0.0007876918919866305,7.876918919866304e-07,-0.0008988257278439438,1.219847903419241,1.2187514727395914,0.5,BTC,0.050000000000000003,0,0,True
2023-07-16,2023-07-17,bull,-0.0031684609151494,0.4877298082478874,0.4861727455025416,0.0015570627453458386,1.5570627453458386e-06,-0.0015469074911207414,1.2187514727395914,1.216866176956596,0.5,BTC,0.050000000000000003,0,0,True
2023-07-17,2023-07-18,bull,-0.009054502864992,0.48914599971893347,0.48693694480121424,0.002209054917719222,2.209054917719222e-06,-0.004431173126925758,1.216866176956596,1.211474032254201,0.5,BTC,0.050000000000000003,0,0,True
2023-07-18,2023-07-19,mix,0.0014363775161718,0.465549824539801,0.4868733753134539,0.021323550773652944,2.1323550773652945e-05,0.0006473674906815052,1.211474032254201,1.2122583011584873,0.45000000000000001,ABSTAIN,0.050000000000000003,0,0,True
2023-07-19,2023-07-20,mix,-0.0036342724935388,0.4662372727006739,0.4659069753763946,0.000330297324279305,3.3029732427930506e-07,-0.0016947630332960761,1.2122583011584873,1.2102038106028776,0.45000000000000001,ABSTAIN,0.050000000000000003,0,0,True
2023-07-20,2023-07-21,mix,0.0034260595282036,0.4665941213602691,0.46533131227405566,0.0012628090862134567,1.2628090862134567e-06,0.0015973144075036583,1.2102038106028776,1.2121368865855695,0.45000000000000001,ABSTAIN,0.050000000000000003,0,0,True
2023-07-21,2023-07-22,mix,-0.0038190020432663,0.4682155242250839,0.4674454520023575,0.0007700722227264034,7.700722227264035e-07,-0.0017888847389487816,1.2121368865855695,1.2099685134076397,0.45000000000000001,ABSTAIN,0.050000000000000003,0,0,True
2023-07-22,2023-07-23,mix,0.0099701566690948,0.4695576019909219,0.46726292852049517,0.0022946734704267224,2.2946734704267224e-06,0.004679257440885598,1.2099685134076397,1.2156302675772397,0.45000000000000001,ABSTAIN,0.050000000000000003,0,0,True
2023-07-23,2023-07-24,mix,-0.0301736029169811,0.4698493210798994,0.47202932986979623,0.0021800087898968257,2.1800087898968257e-06,-0.014179195947781276,1.2156302675772397,1.1983936078132083,0.45000000000000001,ABSTAIN,0.050000000000000003,0,0,True
2023-07-24,2023-07-25,mix,0.0017307501173826,0.4695352020582106,0.46222526344769793,0.007309938610512656,7.309938610512657e-06,0.0008053322270591412,1.1983936078132083,1.199358712806282,0.45000000000000001,ABSTAIN,0.050000000000000003,0,0,True
2023-07-25,2023-07-26,mix,0.0042287348692719,0.4705621350603341,0.46996593323872077,0.0005962018216133513,5.962018216133513e-07,0.0019892851204954543,1.199358712806282,1.201744579247804,0.45000000000000001,ABSTAIN,0.050000000000000003,0,0,True
2023-07-26,2023-07-27,mix,-0.004411935050865,0.4701295786080386,0.4716135619911563,0.0014839833831176708,1.4839833831176707e-06,-0.0020756620716418928,1.201744579247804,1.1992501636048583,0.45000000000000001,ABSTAIN,0.050000000000000003,0,0,True
2023-07-27,2023-07-28,mix,0.0031585034921481,0.4695348730877612,0.46902824699811996,0.0005066260896412489,5.066260896412489e-07,0.0014825201589030446,1.1992501636048583,1.2010280761479701,0.45000000000000001,ABSTAIN,0.050000000000000003,0,0,True
2023-07-28,2023-07-29,mix,0.001313320825516,0.4707164418905841,0.4703204025162634,0.00039603937432070024,3.960393743207003e-07,0.0006178054218410889,1.2010280761479701,1.2017700778051976,0.45000000000000001,ABSTAIN,0.050000000000000003,0,0,True
2023-07-29,2023-07-30,mix,-0.0024460456163659,0.4700550176194679,0.4710434437360916,0.0009884261166236974,9.884261166236975e-07,-0.0011507633049467891,1.2017700778051976,1.2003871248986764,0.45000000000000001,ABSTAIN,0.050000000000000003,0,0,True
2023-07-30,2023-07-31,mix,-0.001683645416762,0.4700381684435668,0.4694449982036055,0.0005931702399612493,5.931702399612493e-07,-0.0007919703088214991,1.2003871248986764,1.199436453936665,0.45000000000000001,ABSTAIN,0.050000000000000003,0,0,True
2023-07-31,2023-08-01,mix,0.0164132948372353,0.4705533294716787,0.4696184363503967,0.0009348931212820322,9.348931212820322e-07,0.00772238841965156,1.199436453936665,1.2086989681186535,0.45000000000000001,ABSTAIN,0.050000000000000003,0,0,True
2023-08-01,2023-08-02,mix,-0.0181238683099871,0.4707990910837137,0.4746110817458681,0.003811990662154374,3.811990662154374e-06,-0.00853648019134945,1.2086989681186535,1.1983809333200042,0.45000000000000001,ABSTAIN,0.050000000000000003,0,0,True
2023-08-02,2023-08-03,mix,0.0005347281969718,0.4704777735214706,0.46624471699221276,0.004233056529257817,4.233056529257817e-06,0.00024734361007827665,1.1983809333200042,1.1986773451863004,0.45000000000000001,ABSTAIN,0.050000000000000003,0,0,True
2023-08-03,2023-08-04,mix,-0.0028709150270818,0.4706839736215955,0.47061095601626374,7.301760533173773e-05,7.301760533173774e-08,-0.0013513666118138978,1.1986773451863004,1.197057492643678,0.45000000000000001,ABSTAIN,0.050000000000000003,0,0,True
2023-08-04,2023-08-05,mix,-0.001284980501967,0.470480059535309,0.46996774437755157,0.0005123151577574592,5.123151577574592e-07,-0.0006050697085008272,1.197057492643678,1.1963331894155453,0.45000000000000001,ABSTAIN,0.050000000000000003,0,0,True
2023-08-05,2023-08-06,mix,0.0004541060475229,0.4704569300894629,0.47015974052504833,0.00029718956441454614,2.9718956441454617e-07,0.00021334008399742643,1.1963331894155453,1.196588415238664,0.45000000000000001,ABSTAIN,0.050000000000000003,0,0,True
2023-08-06,2023-08-07,mix,0.0042260834281824,0.4704416999778614,0.470570036097107,0.00012833611924562005,1.2833611924562005e-07,0.0019879972809346835,1.196588415238664,1.1989672297545566,0.45000000000000001,ABSTAIN,0.050000000000000003,0,0,True
2023-08-07,2023-08-08,mix,0.0196273138795104,0.4707723818726233,0.4714924395324815,0.0007200576598581643,7.200576598581643e-07,0.009239270593828008,1.1989672297545566,1.2100448124233913,0.45000000000000001,ABSTAIN,0.050000000000000003,0,0,True
2023-08-08,2023-08-09,mix,-0.0066963536104562,0.4701816417121117,0.47561767315932574,0.005436031447214051,5.4360314472140515e-06,-0.003153921450137487,1.2100448124233913,1.2062284261338616,0.45000000000000001,ABSTAIN,0.050000000000000003,0,0,True
2023-08-09,2023-08-10,mix,-0.0043613496517681,0.4687174940121631,0.46850823855437385,0.00020925545778927024,2.0925545778927024e-07,-0.002044449706976703,1.2062284261338616,1.2037623527815053,0.45000000000000001,ABSTAIN,0.050000000000000003,0,0,True
2023-08-10,2023-08-11,mix,-0.0009575876939794,0.4700208510668791,0.467629199859577,0.002391651207302059,2.391651207302059e-06,-0.00045247675765347495,1.2037623527815053,1.2032176782951334,0.45000000000000001,ABSTAIN,0.050000000000000003,0,0,True
2023-08-11,2023-08-12,mix,0.0002515227322166,0.4706349903275433,0.46978220736448856,0.0008527829630547434,8.527829630547435e-07,0.0001175225147325154,1.2032176782951334,1.2033590834624572,0.45000000000000001,ABSTAIN,0.050000000000000003,0,0,True
2023-08-12,2023-08-13,mix,-0.0043529675617265,0.4706890611859193,0.4706976467046178,8.585518698478456e-06,8.585518698478456e-09,-0.0020489027829296846,1.2033590834624572,1.2008935176874873,0.45000000000000001,ABSTAIN,0.050000000000000003,0,0,True
2023-08-13,2023-08-14,mix,0.0043208043658555,0.4707038409383029,0.4696023324732733,0.0011015084650295992,1.1015084650295992e-06,0.0020327154622172827,1.2008935176874873,1.2033345925093673,0.45000000000000001,ABSTAIN,0.050000000000000003,0,0,True
2023-08-14,2023-08-15,mix,-0.0078636068604363,0.4705275419600565,0.4717781486871472,0.0012506067270907084,1.2506067270907084e-06,-0.003701289586408918,1.2033345925093673,1.1988807027131467,0.45000000000000001,ABSTAIN,0.050000000000000003,0,0,True
2023-08-15,2023-08-16,mix,-0.0160642295163947,0.4695078721705646,0.4685611952078836,0.0009466769626810256,9.466769626810257e-07,-0.007543221755159868,1.1988807027131467,1.1898372797145995,0.45000000000000001,ABSTAIN,0.050000000000000003,0,0,True
2023-08-16,2023-08-17,mix,-0.0727765149009791,0.470192648950627,0.4654763439039294,0.004716305046697622,4.716305046697622e-06,-0.03422353724057392,1.1898372797145995,1.1491168392620636,0.45000000000000001,ABSTAIN,0.050000000000000003,0,0,True
2023-08-17,2023-08-18,mix,-0.0218691455452644,0.4702436373036893,0.45142082795999633,0.01882280934369296,1.882280934369296e-05,-0.010302455784766185,1.1491168392620636,1.137278113834036,0.45000000000000001,ABSTAIN,0.050000000000000003,0,0,True
2023-08-18,2023-08-19,mix,0.0017732946432684,0.4688667248622336,0.464739107124539,0.0041276177376946,4.1276177376946e-06,0.0008273078020055724,1.137278113834036,1.138218992890661,0.45000000000000001,ABSTAIN,0.050000000000000003,0,0,True
2023-08-19,2023-08-20,mix,0.0035019962144722,0.4539762263673776,0.4693079628401656,0.015331736472788016,1.5331736472788017e-05,0.001574466914978423,1.138218992890661,1.1400110810369675,0.45000000000000001,ABSTAIN,0.050000000000000003,0,0,True
2023-08-20,2023-08-21,mix,-0.0024741512286756,0.4576755336022747,0.45484292963074574,0.0028326039715289575,2.8326039715289576e-06,-0.0011351878802451365,1.1400110810369675,1.138716954274429,0.45000000000000001,ABSTAIN,0.050000000000000003,0,0,True
2023-08-21,2023-08-22,mix,-0.0032955676337746,0.4568463992907452,0.45706073171564643,0.00021433242490120907,2.143324249012091e-07,-0.0015057822168418333,1.138716954274429,1.1370022945346663,0.45000000000000001,ABSTAIN,0.050000000000000003,0,0,True
2023-08-22,2023-08-23,mix,0.0152189524537345,0.4521657931913169,0.45602741145589437,0.003861618264577482,3.861618264577482e-06,0.006877601515832943,1.1370022945346663,1.1448221432390635,0.45000000000000001,ABSTAIN,0.050000000000000003,0,0,True
2023-08-23,2023-08-24,mix,-0.0098047374433541,0.439858339410237,0.45590994331649193,0.01605160390625493,1.605160390625493e-05,-0.004328677908412959,1.1448221432390635,1.1398665769185625,0.45000000000000001,ABSTAIN,0.050000000000000003,0,0,True
2023-08-24,2023-08-25,mix,-0.0045765366543147,0.4634730043465524,0.43743215558218934,0.026040848764363078,2.6040848764363078e-05,-0.002147086806166376,1.1398665769185625,1.1374191844304706,0.45000000000000001,ABSTAIN,0.050000000000000003,0,0,True
2023-08-25,2023-08-26,mix,-0.0015389220637674,0.4567882117938691,0.46233255729256195,0.005544345498692871,5.544345498692871e-06,-0.0007085019056358721,1.1374191844304706,1.136613320770795,0.45000000000000001,ABSTAIN,0.050000000000000003,0,0,True
2023-08-26,2023-08-27,mix,0.0032094276456637,0.446642120759622,0.4564060862238994,0.00976396546427738,9.76396546427738e-06,0.0014236876083113525,1.136613320770795,1.138231503071018,0.45000000000000001,ABSTAIN,0.050000000000000003,0,0,True
2023-08-27,2023-08-28,mix,0.0007011333072803,0.4493345868693823,0.447434204802244,0.0019003820671383287,1.9003820671383286e-06,0.00031314246419711367,1.138231503071018,1.1385879316887164,0.45000000000000001,ABSTAIN,0.050000000000000003,0,0,True
2023-08-28,2023-08-29,mix,0.0614497547752776,0.4425129039020896,0.4495080157605239,0.006995111858434322,6.995111858434322e-06,0.027185124104574854,1.1385879316887164,1.1695405859156454,0.45000000000000001,ABSTAIN,0.050000000000000003,0,0,True
2023-08-29,2023-08-30,mix,-0.0153333405473257,0.4332412407649891,0.45727095989704214,0.02402971913205304,2.402971913205304e-05,-0.006666905572650705,1.1695405859156454,1.161743369265963,0.45000000000000001,ABSTAIN,0.050000000000000003,0,0,True
2023-08-30,2023-08-31,mix,-0.0498739871349656,0.4684026179899621,0.429451063937484,0.03895155405247808,3.895155405247808e-05,-0.02339914774627927,1.161743369265963,1.1345595645252486,0.45000000000000001,ABSTAIN,0.050000000000000003,0,0,True
2023-08-31,2023-09-01,mix,-0.0051701603482242,0.4588989570657272,0.45568686097380656,0.0032120960919206354,3.2120960919206355e-06,-0.002375785666795749,1.1345595645252486,1.1318640941737235,0.45000000000000001,ABSTAIN,0.050000000000000003,0,0,True
2023-09-01,2023-09-02,mix,0.0025771997271655,0.4305557295133656,0.45761209773021655,0.027056368216850923,2.7056368216850924e-05,0.0010825417179078922,1.1318640941737235,1.1330893842746685,0.45000000000000001,ABSTAIN,0.050000000000000003,0,0,True
2023-09-02,2023-09-03,mix,0.0039157779177956,0.4293082657100013,0.4311869005171096,0.0018786348071083148,1.8786348071083148e-06,0.0016791940338596323,1.1330893842746685,1.1349920612085722,0.45000000000000001,ABSTAIN,0.050000000000000003,0,0,True
2023-09-03,2023-09-04,mix,-0.0056871125486119,0.4399229903156538,0.43026603171179423,0.009656958603859567,9.656958603859567e-06,-0.0025115243565876355,1.1349920612085722,1.1321415010023133,0.45000000000000001,ABSTAIN,0.050000000000000003,0,0,True
2023-09-04,2023-09-05,mix,-0.0012817881525598,0.4527203633487967,0.4385182237994435,0.014202139549353177,1.4202139549353176e-05,-0.0005944854963302326,1.1321415010023133,1.1314684593001738,0.45000000000000001,ABSTAIN,0.050000000000000003,0,0,True
2023-09-05,2023-09-06,mix,-0.0012485362657133,0.4540316574196579,0.45240259717676246,0.0016290602428954415,1.6290602428954415e-06,-0.0005685031268397589,1.1314684593001738,1.1308252159431411,0.45000000000000001,ABSTAIN,0.050000000000000003,0,0,True
2023-09-06,2023-09-07,mix,0.0190930972901621,0.453699696029081,0.45372198607593905,2.229004685805336e-05,2.229004685805336e-08,0.00866250995366502,1.1308252159431411,1.140621000632104,0.45000000000000001,ABSTAIN,0.050000000000000003,0,0,True
2023-09-07,2023-09-08,mix,-0.0129639082964441,0.4567315144950238,0.4583913981109946,0.001659883615970803,1.659883615970803e-06,-0.005922675525412369,1.140621000632104,1.133865472547889,0.45000000000000001,ABSTAIN,0.050000000000000003,0,0,True
2023-09-08,2023-09-09,mix,-0.000324205407283,0.4605556235581163,0.4534956483091915,0.007059975248924821,7.059975248924821e-06,-0.00015637354460351638,1.133865472547889,1.133688165984843,0.45000000000000001,ABSTAIN,0.050000000000000003,0,0,True
2023-09-09,2023-09-10,mix,-0.0023512514912493,0.4587497920286502,0.460475064595511,0.001725272566860836,1.725272566860836e-06,-0.0010803595442432368,1.133688165984843,1.1324633751545257,0.45000000000000001,ABSTAIN,0.050000000000000003,0,0,True
2023-09-10,2023-09-11,mix,-0.0260756495692757,0.4582171608624288,0.4581653495968211,5.181126560771521e-05,5.1811265607715205e-08,-0.01194836130548571,1.1324633751545257,1.1189322935829495,0.45000000000000001,ABSTAIN,0.050000000000000003,0,0,True
2023-09-11,2023-09-12,mix,0.026547301163456,0.4582348352403487,0.45166549009223905,0.00656934514810964,6.56934514810964e-06,0.012158248914149405,1.1189322935829495,1.1325365509264111,0.45000000000000001,ABSTAIN,0.050000000000000003,0,0,True
2023-09-12,2023-09-13,mix,0.0150380305405561,0.4416429976061144,0.46474614389745816,0.023103146291343746,2.3103146291343747e-05,0.0066181843015518105,1.1325365509264111,1.140031886548686,0.45000000000000001,ABSTAIN,0.050000000000000003,0,0,True
2023-09-13,2023-09-14,mix,0.0115051672196164,0.4550659452846251,0.44532682669766493,0.009739118586960138,9.739118586960138e-06,0.005225819687640687,1.140031886548686,1.1459894876259502,0.45000000000000001,ABSTAIN,0.050000000000000003,0,0,True
2023-09-14,2023-09-15,mix,0.0028765641081709,0.4578687089793793,0.4579041476398581,3.5438660478781525e-05,3.5438660478781523e-08,0.0013170532091684173,1.1459894876259502,1.1474988167583013,0.45000000000000001,ABSTAIN,0.050000000000000003,0,0,True
2023-09-15,2023-09-16,mix,-0.0014661102966053,0.4603213209945287,0.45858180476332466,0.0017395162312040524,1.7395162312040525e-06,-0.0006766201707202324,1.1474988167583013,1.146722395913005,0.45000000000000001,ABSTAIN,0.050000000000000003,0,0,True
2023-09-16,2023-09-17,mix,-0.0012386115503351,0.4609638777473764,0.45995685568985095,0.001007022057525453,1.007022057525453e-06,-0.0005719616303582198,1.146722395913005,1.1460665147018705,0.45000000000000001,ABSTAIN,0.050000000000000003,0,0,True
2023-09-17,2023-09-18,mix,0.0088355805511683,0.461868189541712,0.4606559364587342,0.0012122530829777878,1.2122530829777878e-06,0.004079656392583342,1.1460665147018705,1.1507420722848998,0.45000000000000001,ABSTAIN,0.050000000000000003,0,0,True
2023-09-18,2023-09-19,mix,0.0166532777850429,0.4618074515099213,0.46405531206586004,0.00224786055593873,2.24786055593873e-06,0.007688342625227662,1.1507420722848998,1.1595893716098906,0.45000000000000001,ABSTAIN,0.050000000000000003,0,0,True
2023-09-19,2023-09-20,mix,-0.003094541552122,0.4616254482064261,0.46591489060379276,0.004289442397366672,4.289442397366672e-06,-0.0014328024458385435,1.1595893716098906,1.1579279091220795,0.45000000000000001,ABSTAIN,0.050000000000000003,0,0,True
2023-09-20,2023-09-21,mix,-0.0204608294930875,0.4618857184698961,0.4608552696447402,0.0010304488251559052,1.0304488251559052e-06,-0.009451585641406468,1.1579279091220795,1.1469836543224374,0.45000000000000001,ABSTAIN,0.050000000000000003,0,0,True
2023-09-21,2023-09-22,mix,0.0004478735415882,0.4618185049761078,0.45675171528156194,0.005066789694545881,5.066789694545881e-06,0.00020176845170394309,1.1469836543224374,1.1472150794384999,0.45000000000000001,ABSTAIN,0.050000000000000003,0,0,True
2023-09-22,2023-09-23,mix,-0.0001015728747757,0.4612463401895337,0.4619297974202433,0.0006834572307096165,6.834572307096165e-07,-4.753354196351811e-05,1.1472150794384999,1.1471605482423801,0.45000000000000001,ABSTAIN,0.050000000000000003,0,0,True
2023-09-23,2023-09-24,mix,-0.0123291897423549,0.4612658084482904,0.4612210983350868,4.471011320361651e-05,4.471011320361651e-08,-0.005687078129864909,1.1471605482423801,1.1406365565770271,0.45000000000000001,ABSTAIN,0.050000000000000003,0,0,True
2023-09-24,2023-09-25,mix,0.0019503647410623,0.4616658897510661,0.45818448537149176,0.0034814043795743377,3.4814043795743376e-06,0.000896932334426781,1.1406365565770271,1.1416596303864504,0.45000000000000001,ABSTAIN,0.050000000000000003,0,0,True
2023-09-25,2023-09-26,mix,-0.0031859847087941,0.4614698767418273,0.46215017880549025,0.0006803020636629298,6.803020636629297e-07,-0.0014709152727276908,1.1416596303864504,1.1399803457998583,0.45000000000000001,ABSTAIN,0.050000000000000003,0,0,True
2023-09-26,2023-09-27,mix,0.0056142706215744,0.461888293336922,0.46067694458583874,0.0012113487510832521,1.2113487510832522e-06,0.002591951385751301,1.1399803457998583,1.1429351194368835,0.45000000000000001,ABSTAIN,0.050000000000000003,0,0,True
2023-09-27,2023-09-28,mix,0.0248993973321802,0.4618150195447703,0.4632800970740152,0.001465077529244907,1.465077529244907e-06,0.011497433741281426,1.1429351194368835,1.1560759402431926,0.45000000000000001,ABSTAIN,0.050000000000000003,0,0,True
2023-09-28,2023-09-29,mix,-0.0041742837476778,0.461882434654465,0.4679332106835936,0.006050776029128624,6.050776029128624e-06,-0.0019340674502774657,1.1560759402431926,1.1538400113971192,0.45000000000000001,ABSTAIN,0.050000000000000003,0,0,True
2023-09-29,2023-09-30,mix,0.0019658265761917,0.4620374704334362,0.4608429245330829,0.0011945459003532832,1.1945459003532833e-06,0.0009070899076852879,1.1538400113971192,1.154886648026541,0.45000000000000001,ABSTAIN,0.050000000000000003,0,0,True
2023-09-30,2023-10-01,mix,0.0375259154313181,0.4591833108518649,0.46252565061233963,0.0033423397604747107,3.3423397604747107e-06,0.01722787415796656,1.154886648026541,1.174782889865458,0.45000000000000001,ABSTAIN,0.050000000000000003,0,0,True
2023-10-01,2023-10-02,mix,-0.0167724177375824,0.4593380010410743,0.46834441397638316,0.00900641293530885,9.00641293530885e-06,-0.007713145861856119,1.174782889865458,1.1657216180799128,0.45000000000000001,ABSTAIN,0.050000000000000003,0,0,True
2023-10-02,2023-10-03,mix,-0.0027958248046738,0.4593168557429865,0.4551402880336499,0.004176567709336554,4.176567709336554e-06,-0.001288340662779608,1.1657216180799128,1.1642197715178593,0.45000000000000001,ABSTAIN,0.050000000000000003,0,0,True
2023-10-03,2023-10-04,mix,0.013216228434761,0.4593960192933707,0.45862163418011276,0.0007743851132579471,7.743851132579471e-07,0.0060707036462219754,1.1642197715178593,1.1712874047298165,0.45000000000000001,ABSTAIN,0.050000000000000003,0,0,True
2023-10-04,2023-10-05,mix,-0.0136951304203895,0.4593707922728236,0.4626584790594856,0.0032876867866619697,3.28768678666197e-06,-0.00629440991497332,1.1712874047298165,1.1639148416762017,0.45000000000000001,ABSTAIN,0.050000000000000003,0,0,True
2023-10-05,2023-10-06,mix,0.0192117561646534,0.4593628855368878,0.4559480839174764,0.003414801619411434,3.414801619411434e-06,0.008821722810209653,1.1639148416762017,1.1741825757841582,0.45000000000000001,ABSTAIN,0.050000000000000003,0,0,True
2023-10-06,2023-10-07,mix,0.0008662378431392,0.4593779402442992,0.46409236035421075,0.004714420109911577,4.714420109911577e-06,0.00039321426002114634,1.1741825757841582,1.174644281116825,0.45000000000000001,ABSTAIN,0.050000000000000003,0,0,True
2023-10-07,2023-10-08,mix,-0.0013733365282481,0.4592994476862254,0.4595929847084377,0.00029353702221229794,2.935370222122979e-07,-0.0006310660607787844,1.174644281116825,1.1739030029775241,0.45000000000000001,ABSTAIN,0.050000000000000003,0,0,True
2023-10-08,2023-10-09,mix,-0.012223030007843,0.459273134596451,0.45895817326754285,0.00031496132890818096,3.1496132890818095e-07,-0.00561402249919607,1.1739030029775241,1.1673126851069344,0.45000000000000001,ABSTAIN,0.050000000000000003,0,0,True
2023-10-09,2023-10-10,mix,-0.0069032028831024,0.4592483784161387,0.45622051463908564,0.0030278637770530525,3.0278637770530527e-06,-0.0031733029945291147,1.1673126851069344,1.1636084482677327,0.45000000000000001,ABSTAIN,0.050000000000000003,0,0,True
2023-10-10,2023-10-11,mix,-0.0187798912051404,0.4593174577084038,0.45752858958727693,0.0017888681211268853,1.7888681211268853e-06,-0.008627705321852086,1.1636084482677327,1.153569177466061,0.45000000000000001,ABSTAIN,0.050000000000000003,0,0,True
2023-10-11,2023-10-12,mix,-0.0042974185722896,0.4593314435039471,0.45461298647914444,0.004718457024802669,4.718457024802669e-06,-0.001978648619226586,1.153569177466061,1.1512866694058854,0.45000000000000001,ABSTAIN,0.050000000000000003,0,0,True
2023-10-12,2023-10-13,mix,0.0038264495854056,0.459333105933517,0.45826208564908244,0.001071020284434565,1.071020284434565e-06,0.0017565420700365042,1.1512866694058854,1.153308952875369,0.45000000000000001,ABSTAIN,0.050000000000000003,0,0,True
2023-10-13,2023-10-14,mix,-0.0003983099745007,0.4593641836021739,0.4602817228584945,0.0009175392563205986,9.175392563205987e-07,-0.0001838867076319195,1.153308952875369,1.1530968746891423,0.45000000000000001,ABSTAIN,0.050000000000000003,0,0,True
2023-10-14,2023-10-15,mix,0.0114848358457964,0.4593650583966746,0.45926524572309274,9.981267358183388e-05,9.981267358183388e-08,0.005275631949722026,1.1530968746891423,1.159180189402377,0.45000000000000001,ABSTAIN,0.050000000000000003,0,0,True
2023-10-15,2023-10-16,mix,0.0496480273331074,0.4593711215854365,0.4622023349033632,0.002831213317926684,2.831213317926684e-06,0.022803974216081935,1.159180189402377,1.1856141045533017,0.45000000000000001,ABSTAIN,0.050000000000000003,0,0,True
2023-10-16,2023-10-17,mix,-0.0037215403880083,0.4593716959361323,0.4714262347355061,0.012054538799373793,1.2054538799373793e-05,-0.001721604250251807,1.1856141045533017,1.1835729462717444,0.45000000000000001,ABSTAIN,0.050000000000000003,0,0,True
2023-10-17,2023-10-18,mix,-0.0028834373107633,0.4591634465999658,0.45844587107089396,0.0007175755290718122,7.175755290718123e-07,-0.001324685639146339,1.1835729462717444,1.182005084186936,0.45000000000000001,ABSTAIN,0.050000000000000003,0,0,True
2023-10-18,2023-10-19,bull,0.014169347179018,0.4591042024051652,0.45844644647585964,0.000657755929305559,6.577559293055591e-07,0.006504544800457257,1.182005084186936,1.1896934892113982,0.45000000000000001,ABSTAIN,0.050000000000000003,0,0,True
2023-10-19,2023-10-20,mix,0.0331267625248059,0.4592660017659373,0.4626000999084897,0.003334098142552422,3.334098142552422e-06,0.015210610953119597,1.1896934892113982,1.2077894540292522,0.45000000000000001,ABSTAIN,0.050000000000000003,0,0,True
2023-10-20,2023-10-21,mix,0.0080338337629952,0.459173055754709,0.4673694408432327,0.008196385088523661,8.196385088523661e-06,0.003680693377482447,1.2077894540292522,1.2122349566740909,0.45000000000000001,ABSTAIN,0.050000000000000003,0,0,True
2023-10-21,2023-10-22,bull,0.002383587014298,0.48606351079843274,0.46116079049057956,0.024902720307853177,2.490272030785318e-05,0.0011336431004942416,1.2122349566740909,1.2136091984689024,0.5,BTC,0.050000000000000003,0,0,True
2023-10-22,2023-10-23,bull,0.1019737061519068,0.4859584576837431,0.4866582555418801,0.0006997978581370079,6.997978581370079e-07,0.049554250489545426,1.2136091984689024,1.273748692686247,0.5,BTC,0.050000000000000003,0,0,True
2023-10-23,2023-10-24,bull,0.0264876610838391,0.4859603705921379,0.5102290497596275,0.024268679167489537,2.4268679167489537e-05,0.012847372531941792,1.273748692686247,1.290113016653261,0.5,BTC,0.050000000000000003,0,0,True
2023-10-24,2023-10-25,bull,0.017094672288233,0.4859124415752479,0.4924929774364341,0.006580535861186232,6.580535861186232e-06,0.008299878752329848,1.290113016653261,1.3008207982682856,0.5,BTC,0.050000000000000003,0,0,True
2023-10-25,2023-10-26,bull,-0.0099458500498598,0.48590903319864975,0.49014753816169676,0.004238504963047007,4.238504963047007e-06,-0.004836996403273952,1.3008207982682856,1.294528732745758,0.5,BTC,0.050000000000000003,0,0,True
2023-10-26,2023-10-27,bull,-0.0073754820121976,0.4859088791805857,0.48341248020051764,0.0024963989800680375,2.4963989800680375e-06,-0.0035862996503185363,1.294528732745758,1.2898861648041846,0.5,BTC,0.050000000000000003,0,0,True
2023-10-27,2023-10-28,bull,0.0053330501625281,0.4859089223146756,0.4840598465652872,0.0018490757493883625,1.8490757493883625e-06,0.00258952278972302,1.2898861648041846,1.2932263544240934,0.5,BTC,0.050000000000000003,0,0,True
2023-10-28,2023-10-29,bull,0.0130301092052835,0.4859091537271676,0.487237682614601,0.0013285288874334,1.3285288874334e-06,0.006330112396511156,1.2932263544240934,1.3014126226017282,0.5,BTC,0.050000000000000003,0,0,True
2023-10-29,2023-10-30,bull,-0.0014133989057742,0.4859092757818449,0.4891436150469359,0.0032343392650909797,3.23433926509098e-06,-0.0006900157566693821,1.3014126226017282,1.3005146273862045,0.5,BTC,0.050000000000000003,0,0,True
2023-10-30,2023-10-31,bull,0.0050090057689127,0.48590893065657575,0.4855559640349196,0.0003529666216561811,3.529666216561811e-07,0.002433566811110399,1.3005146273862045,1.303679516620775,0.5,BTC,0.050000000000000003,0,0,True
2023-10-31,2023-11-01,bull,0.0223141879217099,0.4859089839098705,0.487157149453968,0.0012481655440975126,1.2481655440975127e-06,0.010841402680827672,1.303679516620775,1.3178132312272077,0.5,BTC,0.050000000000000003,0,0,True
2023-11-01,2023-11-02,bull,-0.0139002591478045,0.4859089266330365,0.49142331026803004,0.005514383634993569,5.5143836349935695e-06,-0.006759737140484834,1.3178132312272077,1.3089051601838588,0.5,BTC,0.050000000000000003,0,0,True
2023-11-02,2023-11-03,bull,-0.0060890774489429,0.4859088282094436,0.48241300952549604,0.003495818683947549,3.4958186839475492e-06,-0.0029622219635700997,1.3089051601838588,1.305027892570132,0.5,BTC,0.050000000000000003,0,0,True
2023-11-03,2023-11-04,bull,0.0099974941458063,0.48590883200575746,0.48438325412956523,0.00152557787619223,1.5255778761922302e-06,0.004856337714436831,1.305027892570132,1.3113655487432123,0.5,BTC,0.050000000000000003,0,0,True
2023-11-04,2023-11-05,bull,-0.0013232266196693,0.48590886375812364,0.48839414709028184,0.0024852833321581946,2.4852833321581947e-06,-0.0006454512286335756,1.3113655487432123,1.3105191262385882,0.5,BTC,0.050000000000000003,0,0,True
2023-11-05,2023-11-06,bull,0.0006453565737847,0.48590882255917545,0.4855781071774974,0.00033071538167805947,3.3071538167805947e-07,0.00031325363380974025,1.3105191262385882,1.3109296511170596,0.5,BTC,0.050000000000000003,0,0,True
2023-11-06,2023-11-07,bull,0.010961132355459,0.48590883046637845,0.4860699830223776,0.00016115255599913336,1.6115255599913337e-07,0.005325948992555896,1.3109296511170596,1.3179115955717382,0.5,BTC,0.050000000000000003,0,0,True
2023-11-07,2023-11-08,bull,0.0059504150894398,0.48590887489721807,0.4886324309029427,0.002723556005724659,2.7235560057246587e-06,0.0028886280704958356,1.3179115955717382,1.3217185520011387,0.5,BTC,0.050000000000000003,0,0,True
2023-11-08,2023-11-09,bull,0.0298454691625813,0.485908831233715,0.48739101176579114,0.0014821805320761605,1.4821805320761606e-06,0.014500673363035066,1.3217185520011387,1.340884361001571,0.5,BTC,0.050000000000000003,0,0,True
2023-11-09,2023-11-10,bull,0.0164166700726147,0.48590881686795234,0.493257697812885,0.007348880944932634,7.3488809449326345e-06,0.007969597228892678,1.340884361001571,1.3515706692892746,0.5,BTC,0.050000000000000003,0,0,True
2023-11-10,2023-11-11,bull,-0.0040881430447953,0.48590880853610857,0.4899772705938,0.004068462057691402,4.0684620576914025e-06,-0.001990525096223106,1.3515706692892746,1.3488803339527353,0.5,BTC,0.050000000000000003,0,0,True
2023-11-11,2023-11-12,bull,-0.0023176000323009,0.48590880771682593,0.48488555186016585,0.001023255856660077,1.0232558566600769e-06,-0.0011271643719849012,1.3488803339527353,1.3473599240982328,0.5,BTC,0.050000000000000003,0,0,True
2023-11-12,2023-11-13,bull,-0.015813017342787,0.4859088079855511,0.48532921519171196,0.0005795927938391232,5.795927938391232e-07,-0.007684259547074301,1.3473599240982328,1.3370064607381356,0.5,BTC,0.050000000000000003,0,0,True
2023-11-13,2023-11-14,bull,-0.0254671955655828,0.4859088082928492,0.4819281070597041,0.00398070123314509,3.9807012331450895e-06,-0.012378666088945,1.3370064607381356,1.320456104201896,0.5,BTC,0.050000000000000003,0,0,True
2023-11-14,2023-11-15,bull,0.0654190096570115,0.48590881095973587,0.4794673549346305,0.006441456025105374,6.441456025105374e-06,0.03178102698167784,1.320456104201896,1.3624215552776577,0.5,BTC,0.050000000000000003,0,0,True
2023-11-15,2023-11-16,bull,-0.045246324082704,0.48590884437655935,0.5017471109656234,0.015838266589064065,1.5838266589064066e-05,-0.022001079100282483,1.3624215552776577,1.3324468108720642,0.5,BTC,0.050000000000000003,0,0,True
2023-11-16,2023-11-17,bull,0.0120073448889972,0.4859088131571371,0.47435216713968115,0.01155664601745593,1.1556646017455929e-05,0.005822850631204579,1.3324468108720642,1.3402054496257971,0.5,BTC,0.050000000000000003,0,0,True
2023-11-17,2023-11-18,bull,-0.0007323324789455,0.4859088662291195,0.4888908664678066,0.0029820002386871103,2.9820002386871104e-06,-0.00035882778365048384,1.3402054496257971,1.3397245466746717,0.5,BTC,0.050000000000000003,0,0,True
2023-11-18,2023-11-19,bull,0.0214829115689416,0.4859088331180798,0.48572586340037827,0.00018296971770154213,1.8296971770154213e-07,0.010438551612752756,1.3397245466746717,1.353709330502007,0.5,BTC,0.050000000000000003,0,0,True
2023-11-19,2023-11-20,bull,0.0026743980596559,0.48590886448434295,0.491219854984484,0.005310990500141055,5.310990500141055e-06,0.0012941958321412983,1.353709330502007,1.3554612954754734,0.5,BTC,0.050000000000000003,0,0,True
2023-11-20,2023-11-21,bull,-0.0438002782071922,0.48590884484812713,0.4865760659330709,0.0006672210849437699,6.672210849437699e-07,-0.021283595608340256,1.3554612954754734,1.3266122053998164,0.5,BTC,0.050000000000000003,0,0,True
2023-11-21,2023-11-22,bull,0.0445975830410794,0.4859088441156699,0.4747295438876824,0.011179300227987521,1.1179300227987522e-05,0.021658938466154742,1.3266122053998164,1.355345217525021,0.5,BTC,0.050000000000000003,0,0,True
2023-11-22,2023-11-23,bull,-0.0031461503095363,0.4859098536878485,0.4968130857086567,0.010903232020808173,1.0903232020808174e-05,-0.001539632000341351,1.355345217525021,1.3532584846566098,0.5,BTC,0.050000000000000003,0,0,True
2023-11-23,2023-11-24,bull,0.011374758333311,0.4859092728276272,0.4851227374222805,0.0007865354053466778,7.865354053466778e-07,0.005526309667663654,1.3532584846566098,1.3607370101032155,0.5,BTC,0.050000000000000003,0,0,True
2023-11-24,2023-11-25,bull,0.0018479583639336,0.48590972734350163,0.48873508541837524,0.0028253580748736074,2.8253580748736076e-06,0.0008951130496817061,1.3607370101032155,1.3619550235581437,0.5,BTC,0.050000000000000003,0,0,True
2023-11-25,2023-11-26,bull,-0.0088707756635879,0.48590980246340004,0.4863709359105669,0.00046113344716686155,4.611334471668616e-07,-0.004310855996170204,1.3619550235581437,1.356083831578324,0.5,BTC,0.050000000000000003,0,0,True
2023-11-26,2023-11-27,bull,-0.0054256404231572,0.48590911941093223,0.48368427679629544,0.0022248426146367906,2.2248426146367905e-06,-0.0026385871373670877,1.356083831578324,1.35250568622313,0.5,BTC,0.050000000000000003,0,0,True
2023-11-27,2023-11-28,bull,0.015428767792615,0.48590922622536803,0.48455020398049564,0.0013590222448723877,1.3590222448723877e-06,0.007495611408912195,1.35250568622313,1.3626435432754027,0.5,BTC,0.050000000000000003,0,0,True
2023-11-28,2023-11-29,bull,0.0008513270920305,0.4859098198607209,0.48973467547425287,0.0038248556135319633,3.824855613531963e-06,0.0004098417560964851,1.3626435432754027,1.3632020114981123,0.5,BTC,0.050000000000000003,0,0,True
2023-11-29,2023-11-30,bull,-0.0037669559245023,0.4859092882429878,0.4861223946816146,0.00021310643862682,2.1310643862682e-07,-0.0018306115884865193,1.3632020114981123,1.3607065180984157,0.5,BTC,0.050000000000000003,0,0,True
2023-11-30,2023-12-01,bull,0.0258611774750814,0.4809701207781063,0.4849665716366086,0.0039964508585023095,3.996450858502309e-06,0.012434407493126631,1.3607065180984157,1.3776260974230048,0.5,BTC,0.050000000000000003,0,0,True
2023-12-01,2023-12-02,bull,0.0199078788881366,0.48097222124711564,0.4873467346594393,0.006374513412323646,6.374513412323646e-06,0.009568701178895855,1.3776260974230048,1.390808189885494,0.5,BTC,0.050000000000000003,0,0,True
2023-12-02,2023-12-03,bull,0.0129706222249252,0.4809689272490366,0.48589484836715824,0.004925921118121623,4.925921118121623e-06,0.006233509605964027,1.390808189885494,1.3994778060971986,0.5,BTC,0.050000000000000003,0,0,True
2023-12-03,2023-12-04,bull,0.0504776058163334,0.48096710418513455,0.4841868104272436,0.003219706242109044,3.219706242109044e-06,0.024274770021191827,1.3994778060971986,1.4334498079899702,0.5,BTC,0.050000000000000003,0,0,True
2023-12-04,2023-12-05,bull,0.0497382573033118,0.480966879085443,0.4932695406812837,0.012302661595840703,1.2302661595840704e-05,0.023909857414865954,1.4334498079899702,1.4677233885103773,0.5,BTC,0.050000000000000003,0,0,True
2023-12-05,2023-12-06,bull,-0.0068041255825137,0.4809666330603479,0.4930933307584957,0.012126697698147781,1.2126697698147781e-05,-0.0032846443847256435,1.4677233885103773,1.4629024391239762,0.5,BTC,0.050000000000000003,0,0,True
2023-12-06,2023-12-07,bull,-0.0111156036485496,0.4809665294525535,0.4792624896819017,0.0017040397706518107,1.7040397706518107e-06,-0.005347928239189503,1.4629024391239762,1.4550789418586059,0.5,BTC,0.050000000000000003,0,0,True
2023-12-07,2023-12-08,bull,0.0204621422647881,0.4809665302305612,0.478176740561211,0.0027897896693501734,2.7897896693501732e-06,0.009838788320500225,1.4550789418586059,1.46939515555717,0.5,BTC,0.050000000000000003,0,0,True
2023-12-08,2023-12-09,bull,-0.0103473644893662,0.480966540727562,0.48602487072372436,0.005058329996162347,5.058329996162348e-06,-0.004981769260120283,1.46939515555717,1.4620749679402456,0.5,BTC,0.050000000000000003,0,0,True
2023-12-09,2023-12-10,bull,0.0016606280193236,0.48096653227076896,0.47837052850380546,0.002596003766963506,2.596003766963506e-06,0.0007961084226337789,1.4620749679402456,1.4632389381367448,0.5,BTC,0.050000000000000003,0,0,True
2023-12-10,2023-12-11,bull,-0.0578863236738142,0.48096655146655853,0.48138075683123294,0.0004142053646744026,4.142053646744026e-07,-0.02784178814778493,1.4632389381367448,1.4224997496115517,0.5,BTC,0.050000000000000003,0,0,True
2023-12-11,2023-12-12,bull,0.005596748117248,0.4809665397806813,0.4661020940633636,0.01486444571731771,1.486444571731771e-05,0.002676944117422586,1.4224997496115517,1.4263077019483095,0.5,BTC,0.050000000000000003,0,0,True
2023-12-12,2023-12-13,bull,0.0336852508014557,0.48096706136367745,0.4823599484164052,0.001392887052727776,1.3928870527277759e-06,0.01620008063536793,1.4263077019483095,1.4494140017307184,0.5,BTC,0.050000000000000003,0,0,True
2023-12-13,2023-12-14,bull,0.0032972286024088,0.48096674449196164,0.4892421034275619,0.008275358935600274,8.275358935600275e-06,0.0015775688242725128,1.4494140017307184,1.4517005520733128,0.5,BTC,0.050000000000000003,0,0,True
2023-12-14,2023-12-15,bull,-0.0254939466693318,0.48096656368886576,0.4817885539001986,0.0008219902113328348,8.219902113328348e-07,-0.012262547835600102,1.4517005520733128,1.4338990046105469,0.5,BTC,0.050000000000000003,0,0,True
2023-12-15,2023-12-16,bull,0.0081733406472845,0.4809665387203607,0.4745233072479042,0.006443231472456512,6.443231472456512e-06,0.003924634800425375,1.4338990046105469,1.4395265345443367,0.5,BTC,0.050000000000000003,0,0,True
2023-12-16,2023-12-17,bull,-0.0213618094375196,0.48096678263582326,0.48299892339021394,0.0020321407543906767,2.032140754390677e-06,-0.01027633201833178,1.4395265345443367,1.4247334819261606,0.5,BTC,0.050000000000000003,0,0,True
2023-12-17,2023-12-18,bull,0.031207168704842,0.4809665954580093,0.4755787100917986,0.00538788536621071,5.38788536621071e-06,0.015004136930450551,1.4247334819261606,1.4461103781783782,0.5,BTC,0.050000000000000003,0,0,True
2023-12-18,2023-12-19,bull,-0.0093859075427158,0.48096698297230045,0.4886418792152466,0.00767489624294615,7.67489624294615e-06,-0.004521951882646591,1.4461103781783782,1.4395711366312596,0.5,BTC,0.050000000000000003,0,0,True
2023-12-19,2023-12-20,bull,0.0332116244234996,0.48096664991491267,0.47861328084056287,0.002353369074349798,2.3533690743497984e-06,0.015971292776155277,1.4395711366312596,1.4625629487265,0.5,BTC,0.050000000000000003,0,0,True
2023-12-20,2023-12-21,bull,0.0046515569317588,0.48096728475389294,0.4891271709166207,0.00815988616272778,8.159886162727782e-06,0.002229068565504866,1.4625629487265,1.4658231018205783,0.5,BTC,0.050000000000000003,0,0,True
2023-12-21,2023-12-22,bull,0.0023480653537257,0.4809667277859707,0.48212589688590485,0.001159169099934132,1.159169099934132e-06,0.0011281808316114805,1.4658231018205783,1.4674768153465856,0.5,BTC,0.050000000000000003,0,0,True
2023-12-22,2023-12-23,bull,-0.0058791554939968,0.480966555063874,0.48155223226704985,0.0005856772031758717,5.856772031758717e-07,-0.0028282611857296525,1.4674768153465856,1.4633264076287826,0.5,BTC,0.050000000000000003,0,0,True
2023-12-23,2023-12-24,bull,-0.0166756652878948,0.4809666223928608,0.47949473420972794,0.0014718881831328745,1.4718881831328745e-06,-0.008021898492667212,1.4633264076287826,1.4515877517251452,0.5,BTC,0.050000000000000003,0,0,True
2023-12-24,2023-12-25,bull,0.0138896967299884,0.4809666913464351,0.4767700891185375,0.004196602227897583,4.196602227897583e-06,0.0066762568424765245,1.4515877517251452,1.4612789243850552,0.5,BTC,0.050000000000000003,0,0,True
2023-12-25,2023-12-26,bull,-0.0244432460961253,0.48096756157984294,0.4844110736204214,0.003443512040578467,3.443512040578467e-06,-0.011759811500655859,1.4612789243850552,1.444094559684406,0.5,BTC,0.050000000000000003,0,0,True
2023-12-26,2023-12-27,bull,0.0219507777566079,0.4809667964321879,0.47479301371677585,0.0061737827154120795,6.17378271541208e-06,0.010551356293776237,1.444094559684406,1.45933171590554,0.5,BTC,0.050000000000000003,0,0,True
2023-12-27,2023-12-28,bull,-0.0199187506473479,0.48096756968383675,0.48638929042345014,0.005421720739613389,5.421720739613389e-06,-0.009585642869167632,1.45933171590554,1.4453430832492198,0.5,BTC,0.050000000000000003,0,0,True
2023-12-28,2023-12-29,bull,-0.011946614812675,0.48096684656402144,0.4759469988188912,0.005019847745130257,5.019847745130257e-06,-0.0057509166576406034,1.4453430832492198,1.4370310356357563,0.5,BTC,0.050000000000000003,0,0,True
2023-12-29,2023-12-30,bull,0.0015283178520835,0.48096828987615353,0.4779672853971837,0.0030010044789698376,3.0010044789698376e-06,0.000732069213269293,1.4370310356357563,1.4380830418154578,0.5,BTC,0.050000000000000003,0,0,True
2023-12-30,2023-12-31,bull,0.0032228437442893,0.4809714774171369,0.4813495355301265,0.0003780581129895766,3.780581129895766e-07,0.0015497172730360997,1.4380830418154578,1.4403116639454194,0.5,BTC,0.050000000000000003,0,0,True
2023-12-31,2024-01-01,bull,0.0452043290555326,0.47596545007075103,0.48177477622069453,0.005809326149943506,5.809326149943506e-06,0.021509764506201234,1.4403116639454194,1.4712924286524203,0.5,BTC,0.050000000000000003,0,0,True
2024-01-01,2024-01-02,bull,0.0172078201315424,0.47594696558640476,0.4870029403047831,0.011055974718378325,1.1055974718378325e-05,0.008178863252704671,1.4712924286524203,1.4833259282311082,0.5,BTC,0.050000000000000003,0,0,True
2024-01-02,2024-01-03,bull,-0.046894225442053,0.47594747576721697,0.4802040990963122,0.0042566233290952105,4.25662332909521e-06,-0.022323349846155804,1.4833259282311082,1.4502131245993313,0.5,BTC,0.050000000000000003,0,0,True
2024-01-03,2024-01-04,bull,0.0308361405450077,0.4761151854788123,0.4639840345413591,0.012131150937453206,1.2131150937453206e-05,0.014669245519942642,1.4502131245993313,1.471486656980322,0.5,BTC,0.050000000000000003,0,0,True
2024-01-04,2024-01-05,bull,-2.264646601912723e-06,0.47601324292009684,0.48369534061616304,0.0076820976960662035,7.682097696066203e-06,-8.76009118788712e-06,1.471486656980322,1.471473766623025,0.5,BTC,0.050000000000000003,0,0,True
2024-01-05,2024-01-06,bull,-0.0042801917707085,0.47600095888272953,0.4760126780608347,1.1719178105162875e-05,1.1719178105162875e-08,-0.0020373870823608975,1.471473766623025,1.4684758049788744,0.5,BTC,0.050000000000000003,0,0,True
2024-01-06,2024-01-07,bull,-0.0009234009356825,0.47600324837877495,0.47493119662622313,0.001072051752551817,1.072051752551817e-06,-0.00044061342548185056,1.4684758049788744,1.4678287748242054,0.5,BTC,0.050000000000000003,0,0,True
2024-01-07,2024-01-08,bull,0.069089154125111,0.4485732582260132,0.47577282860069,0.027199570374676796,2.7199570374676795e-05,0.030963504446842816,1.4678287748242054,1.5132778976206784,0.45000000000000001,ABSTAIN,0.050000000000000003,0,0,True
2024-01-08,2024-01-09,bull,-0.0177419286149285,0.4759586199623913,0.46514911456601543,0.010809505396375874,1.0809505396375874e-05,-0.008455142084383693,1.5132778976206784,1.5004829179831383,0.5,BTC,0.050000000000000003,0,0,True
2024-01-09,2024-01-10,bull,0.0108456719200502,0.475991955745645,0.47149570568991805,0.004496250055726958,4.496250055726958e-06,0.005157933126866743,1.5004829179831383,1.5082223085321012,0.5,BTC,0.050000000000000003,0,0,True
2024-01-10,2024-01-11,bull,-0.0060283984533331,0.4759515766069334,0.478683228860296,0.0027316522533626375,2.7316522533626376e-06,-0.0028719495628050096,1.5082223085321012,1.5038907701324997,0.5,BTC,0.050000000000000003,0,0,True
2024-01-11,2024-01-12,bull,-0.0757807207183881,0.47596066908414913,0.4744436367573458,0.0015170323268033359,1.517032326803336e-06,-0.03607010485183315,1.5038907701324997,1.4496452723681164,0.5,BTC,0.050000000000000003,0,0,True
2024-01-12,2024-01-13,bull,0.0003595115312156,0.4496599025512693,0.45635202459335,0.006692122042080695,6.692122042080695e-06,0.00015496471621578856,1.4496452723681164,1.4498699162363624,0.45000000000000001,ABSTAIN,0.050000000000000003,0,0,True
2024-01-13,2024-01-14,bull,-0.0257915162433812,0.449877242496729,0.4497488550068974,0.0001283874898316273,1.283874898316273e-07,-0.011603143105189617,1.4498699162363624,1.4330468681143627,0.45000000000000001,ABSTAIN,0.050000000000000003,0,0,True
2024-01-14,2024-01-15,mix,0.0183154833625176,0.4539047297055675,0.44341922676415635,0.010485502941411151,1.0485502941411151e-05,0.00830291185108245,1.4330468681143627,1.444945329938786,0.45000000000000001,ABSTAIN,0.050000000000000003,0,0,True
2024-01-15,2024-01-16,bull,0.0149327110586277,0.4524269160726406,0.4584072526297315,0.005980336557090904,5.980336557090904e-06,0.006749939673384553,1.444945329938786,1.4546986237472115,0.45000000000000001,ABSTAIN,0.050000000000000003,0,0,True
2024-01-16,2024-01-17,bull,-0.0087332398512012,0.4779336073965789,0.4561014729897342,0.021832134406844728,2.1832134406844728e-05,-0.0041956498354125404,1.4546986237472115,1.4485952177059116,0.5,BTC,0.050000000000000003,0,0,True
2024-01-17,2024-01-18,bull,-0.0345112196536252,0.4525762160643535,0.47574541656352204,0.02316920049916854,2.3169200499168542e-05,-0.01564176452435162,1.4485952177059116,1.4259366324194538,0.45000000000000001,ABSTAIN,0.050000000000000003,0,0,True
2024-01-18,2024-01-19,mix,0.0086044264482585,0.4574314967999385,0.44389036345114147,0.01354113334879703,1.354113334879703e-05,0.0039223412389532974,1.4259366324194538,1.4315296424769268,0.45000000000000001,ABSTAIN,0.050000000000000003,0,0,True
2024-01-19,2024-01-20,mix,0.0011381098732232,0.4572053261329734,0.45955863922897944,0.00235331309600606,2.35331309600606e-06,0.000517995358120027,1.4315296424769268,1.432271168186741,0.45000000000000001,ABSTAIN,0.050000000000000003,0,0,True
2024-01-20,2024-01-21,mix,-0.0026909443247937,0.4566125283636342,0.4574876223921114,0.0008750940284771858,8.750940284771858e-07,-0.0012295929106137526,1.432271168186741,1.4305100577122623,0.45000000000000001,ABSTAIN,0.050000000000000003,0,0,True
2024-01-21,2024-01-22,mix,-0.0487408376459722,0.4583974994339434,0.4559440365230975,0.002453462910845916,2.453462910845916e-06,-0.022345076743208292,1.4305100577122623,1.3985452006907504,0.45000000000000001,ABSTAIN,0.050000000000000003,0,0,True
2024-01-22,2024-01-23,mix,0.0084031913925433,0.4590366791334473,0.4460201049668815,0.01301657416656582,1.301657416656582e-05,0.0038443062870066047,1.3985452006907504,1.4039216367984289,0.45000000000000001,ABSTAIN,0.050000000000000003,0,0,True
2024-01-23,2024-01-24,mix,0.0049437436072279,0.4592437213662845,0.46111535823892813,0.0018716368726436339,1.871636872643634e-06,0.0022685073254586907,1.4039216367984289,1.407106443315876,0.45000000000000001,ABSTAIN,0.050000000000000003,0,0,True
2024-01-24,2024-01-25,mix,-0.0037494387067804,0.4592106220443369,0.4604686642531309,0.0012580422087939969,1.258042208793997e-06,-0.001723037956991913,1.407106443315876,1.4046819455045148,0.45000000000000001,ABSTAIN,0.050000000000000003,0,0,True
2024-01-25,2024-01-26,mix,0.0469654970364863,0.4592077202718343,0.45827789463050717,0.0009298256413271533,9.298256413271533e-07,0.021565968946442915,1.4046819455045148,1.4349752727208942,0.45000000000000001,ABSTAIN,0.050000000000000003,0,0,True
2024-01-26,2024-01-27,mix,0.0074046968164107,0.4590664649755394,0.4706247140912844,0.011558249115745045,1.1558249115745046e-05,0.0033876504532546203,1.4349752727208942,1.4398364673539363,0.45000000000000001,ABSTAIN,0.050000000000000003,0,0,True
2024-01-27,2024-01-28,mix,-0.0021414547172544,0.4583510891029835,0.46089900295707464,0.002547913854091144,2.547913854091144e-06,-0.000984083514897871,1.4398364673539363,1.4384195480222646,0.45000000000000001,ABSTAIN,0.050000000000000003,0,0,True
2024-01-28,2024-01-29,mix,0.0301945958549347,0.4584998669571591,0.4578189177125791,0.0006809492445800092,6.809492445800091e-07,0.013843527805858402,1.4384195480222646,1.458332349031801,0.45000000000000001,ABSTAIN,0.050000000000000003,0,0,True
2024-01-29,2024-01-30,mix,-0.0081663194749168,0.4567782995775276,0.465894144946964,0.009115845369436437,9.115845369436437e-06,-0.003739279365024939,1.458332349031801,1.452879236971718,0.45000000000000001,ABSTAIN,0.050000000000000003,0,0,True
2024-01-30,2024-01-31,mix,-0.008515305195803,0.458734180225948,0.45474438844560056,0.003989791780347418,3.989791780347418e-06,-0.003910235754980618,1.452879236971718,1.4471981366316422,0.45000000000000001,ABSTAIN,0.050000000000000003,0,0,True
2024-01-31,2024-02-01,mix,0.0117636007092449,0.45915172026619,0.45661156286815074,0.0025401573980392556,2.5401573980392554e-06,0.005398723624681301,1.4471981366316422,1.4550111594014703,0.45000000000000001,ABSTAIN,0.050000000000000003,0,0,True
2024-02-01,2024-02-02,mix,0.0026299052491329,0.4590460334191958,0.46205729807953194,0.0030112646603361326,3.0112646603361327e-06,0.0012042326728805008,1.4550111594014703,1.4567633313790274,0.45000000000000001,ABSTAIN,0.050000000000000003,0,0,True
2024-02-02,2024-02-03,mix,-0.0043755368135443,0.4586643424048571,0.4596983113214774,0.0010339689166203314,1.0339689166203314e-06,-0.0020079346090940975,1.4567633313790274,1.4538382458686923,0.45000000000000001,ABSTAIN,0.050000000000000003,0,0,True
2024-02-03,2024-02-04,mix,-0.0098661340240944,0.4591618508043902,0.45757574970411946,0.0015861011002707426,1.5861011002707426e-06,-0.004531731274608042,1.4538382458686923,1.447249841621668,0.45000000000000001,ABSTAIN,0.050000000000000003,0,0,True
2024-02-04,2024-02-05,mix,0.0027194972452759,0.4591999598338594,0.4567006218449133,0.0024993379889461376,2.4993379889461376e-06,0.0012462905666541513,1.447249841621668,1.4490535354468728,0.45000000000000001,ABSTAIN,0.050000000000000003,0,0,True
2024-02-05,2024-02-06,mix,0.0091457987877425,0.4585100073400496,0.45987446483522915,0.0013644574951795496,1.3644574951795497e-06,0.004192070090032196,1.4490535354468728,1.455128069431675,0.45000000000000001,ABSTAIN,0.050000000000000003,0,0,True
2024-02-06,2024-02-07,mix,0.0290593371194101,0.4567490261671171,0.4607712309744456,0.004022204807328511,4.022204807328511e-06,0.013268748339529068,1.455128069431675,1.4744357975867488,0.45000000000000001,ABSTAIN,0.050000000000000003,0,0,True
2024-02-07,2024-02-08,mix,0.0215043820675782,0.4550460808632469,0.4638650509487824,0.008818970085535505,8.818970085535506e-06,0.00977657951325428,1.4744357975867488,1.4888507363990442,0.45000000000000001,ABSTAIN,0.050000000000000003,0,0,True
2024-02-08,2024-02-09,bull,0.0404960557080185,0.4511959831552444,0.46032704237691296,0.00913105922166857,9.131059221668569e-06,0.018262359770279124,1.4888507363990442,1.5160406641914086,0.45000000000000001,ABSTAIN,0.050000000000000003,0,0,True
2024-02-09,2024-02-10,bull,0.013382844411437,0.4772307090402814,0.46104360981526776,0.016187099225013657,1.618709922501366e-05,0.006370413846004341,1.5160406641914086,1.5256984706296792,0.5,BTC,0.050000000000000003,0,0,True
2024-02-10,2024-02-11,bull,0.0108693376216022,0.47627271282011324,0.48054829350207084,0.0042755806819576025,4.275580681957603e-06,0.0051724712012231056,1.5256984706296792,1.5335901020307614,0.5,BTC,0.050000000000000003,0,0,True
2024-02-11,2024-02-12,bull,0.0344675447881301,0.4759946094194964,0.47896996490986093,0.0029753554903645396,2.9753554903645397e-06,0.016403341348814937,1.5335901020307614,1.558746103963536,0.5,BTC,0.050000000000000003,0,0,True
2024-02-12,2024-02-13,bull,-0.0045112962618114,0.47596287000769427,0.48445286417219957,0.008489994164505299,8.4899941645053e-06,-0.0021556812805949566,1.558746103963536,1.5553859441660214,0.5,BTC,0.050000000000000003,0,0,True
2024-02-13,2024-02-14,bull,0.0415640839971036,0.47595585643529936,0.4748352312185798,0.001120625216719573,1.120625216719573e-06,0.019781526401615457,1.5553859441660214,1.5861538522852432,0.5,BTC,0.050000000000000003,0,0,True
2024-02-14,2024-02-15,bull,0.002296146953405,0.4759464390860156,0.48612174005862785,0.010175300972612267,1.0175300972612267e-05,0.0010826565451125258,1.5861538522852432,1.5878711121349753,0.5,BTC,0.050000000000000003,0,0,True
2024-02-15,2024-02-16,bull,0.0044873635149793,0.47594569795220276,0.4765185221369774,0.0005728241847746118,5.728241847746118e-07,0.0021351673125129533,1.5878711121349753,1.5912614826300895,0.5,BTC,0.050000000000000003,0,0,True
2024-02-16,2024-02-17,bull,-0.0093642944554629,0.4759438021116196,0.47706255707779777,0.0011187549661781926,1.1187549661781925e-06,-0.004457991676037776,1.5912614826300895,1.584167652186125,0.5,BTC,0.050000000000000003,0,0,True
2024-02-17,2024-02-18,bull,0.0091294582349068,0.47594348501629014,0.4735976912916246,0.0023457937246655347,2.3457937246655347e-06,0.004342750182184663,1.584167652186125,1.5910472965462674,0.5,BTC,0.050000000000000003,0,0,True
2024-02-18,2024-02-19,bull,-0.0064066772197438,0.4759432910170305,0.4782107148578874,0.0022674238408569303,2.2674238408569303e-06,-0.00305147555042673,1.5910472965462674,1.5861922546212839,0.5,BTC,0.050000000000000003,0,0,True
2024-02-19,2024-02-20,bull,0.0092674128488556,0.47594446526887296,0.4743404419865804,0.0016040232822925882,1.6040232822925882e-06,0.0044091627545082,1.5861922546212839,1.5931860344318494,0.5,BTC,0.050000000000000003,0,0,True
2024-02-20,2024-02-21,bull,-0.0077549341318511,0.4759433814232215,0.47824580502962366,0.0023024236064021486,2.302423606402149e-06,-0.0036932034989966,1.5931860344318494,1.587302074194933,0.5,BTC,0.050000000000000003,0,0,True
2024-02-21,2024-02-22,bull,-0.0103705874866462,0.47594306832809935,0.47400197025964874,0.0019410980684506085,1.9410980684506085e-06,-0.004937740745938113,1.587302074194933,1.5794643880670687,0.5,BTC,0.050000000000000003,0,0,True
2024-02-22,2024-02-23,bull,-0.0112996001590011,0.4759434965956865,0.47334359277292265,0.0025999038227638716,2.5999038227638717e-06,-0.005380557131423047,1.5794643880670687,1.5709659896900257,0.5,BTC,0.050000000000000003,0,0,True
2024-02-23,2024-02-24,bull,0.0163794207782737,0.47594677694721726,0.47310989678988974,0.002836880157327526,2.836880157327526e-06,0.00779287353196545,1.5709659896900257,1.5832083289706989,0.5,BTC,0.050000000000000003,0,0,True
2024-02-24,2024-02-25,bull,0.0029299071582034,0.4759433865375826,0.48000055354631277,0.004057167008730156,4.057167008730156e-06,0.0013904071105099725,1.5832083289706989,1.5854096330887184,0.5,BTC,0.050000000000000003,0,0,True
2024-02-25,2024-02-26,bull,0.0536012234473453,0.47594358438852424,0.4766731500960127,0.0007295657074884443,7.295657074884443e-07,0.025510410237365777,1.5854096330887184,1.6258540832230832,0.5,BTC,0.050000000000000003,0,0,True
2024-02-26,2024-02-27,bull,0.0469968859585541,0.4759431068356225,0.4889802891843999,0.013037182348777376,1.3037182348777377e-05,0.02235451511870501,1.6258540832230832,1.662199262907302,0.5,BTC,0.050000000000000003,0,0,True
2024-02-27,2024-02-28,bull,0.0948433299098081,0.47594294490215244,0.48740866970372504,0.011465724801572597,1.1465724801572597e-05,0.04512803045382374,1.662199262907302,1.737211041864106,0.5,BTC,0.050000000000000003,0,0,True
2024-02-28,2024-02-29,bull,-0.0207835742048677,0.47594293058682663,0.4985771779785527,0.022634247391726092,2.2634247391726093e-05,-0.009914205569185097,1.737211041864106,1.719987974478007,0.5,BTC,0.050000000000000003,0,0,True
2024-02-29,2024-03-01,bull,0.0200819692231233,0.47524213593005743,0.4707072753456861,0.004534860584371303,4.534860584371303e-06,0.009539219806901311,1.719987974478007,1.7363953178317797,0.5,BTC,0.050000000000000003,0,0,True
2024-03-01,2024-03-02,bull,-0.0064617766359977,0.4752421342230621,0.4802029737224468,0.004960839499384695,4.960839499384695e-06,-0.003075854124579447,1.7363953178317797,1.7310544191315265,0.5,BTC,0.050000000000000003,0,0,True
2024-03-02,2024-03-03,bull,0.0184096976344676,0.47524213516351405,0.4736256868604674,0.001616448303046636,1.616448303046636e-06,0.008747433420806416,1.7310544191315265,1.7461967024106722,0.5,BTC,0.050000000000000003,0,0,True
2024-03-03,2024-03-04,bull,0.0813215323160552,0.4752421342759603,0.47979345552037744,0.00455132124441715,4.5513212444171505e-06,0.03864269136241183,1.7461967024106722,1.8136744426399891,0.5,BTC,0.050000000000000003,0,0,True
2024-03-04,2024-03-05,bull,-0.0655850804378491,0.4752421338452097,0.4947680451165712,0.019525911271361496,1.9525911271361495e-05,-0.03118771088786676,1.8136744426399891,1.7571100884782203,0.5,BTC,0.050000000000000003,0,0,True
2024-03-05,2024-03-06,bull,0.0358630938384703,0.47524213581160424,0.45835986426208425,0.01688227154951999,1.688227154951999e-05,0.017026483305473628,1.7571100884782203,1.787027494065574,0.5,BTC,0.050000000000000003,0,0,True
2024-03-06,2024-03-07,bull,0.011726623930848,0.47524213427943324,0.48403604655590726,0.008793912276474025,8.793912276474026e-06,0.005564142864163735,1.787027494065574,1.7969707703447433,0.5,BTC,0.050000000000000003,0,0,True
2024-03-07,2024-03-08,bull,0.0196947736379913,0.4752421340749061,0.47815039471150356,0.0029082606365974373,2.9082606365974374e-06,0.009356850772506586,1.7969707703447433,1.8137847576854154,0.5,BTC,0.050000000000000003,0,0,True
2024-03-08,2024-03-09,bull,0.0028530775098281,0.4752421340617015,0.4801082101034646,0.00486607604176309,4.86607604176309e-06,0.001351029970446893,1.8137847576854154,1.816235235252988,0.5,BTC,0.050000000000000003,0,0,True
2024-03-09,2024-03-10,bull,0.00875136214374,0.47524213397291887,0.47595269119351036,0.0007105572205914901,7.1055722059149e-07,0.004158302507921263,1.816235235252988,1.8237876907867154,0.5,BTC,0.050000000000000003,0,0,True
2024-03-10,2024-03-11,bull,0.0454478226573555,0.47524213413626665,0.4774155709851826,0.002173436848915966,2.1734368489159662e-06,0.021596499851224804,1.8237876907867154,1.8631751213794563,0.5,BTC,0.050000000000000003,0,0,True
2024-03-11,2024-03-12,bull,-0.0087227163723265,0.475242133868853,0.48633660607483364,0.011094472205980643,1.1094472205980644e-05,-0.004156450823072033,1.8631751213794563,1.8554309256126713,0.5,BTC,0.050000000000000003,0,0,True
2024-03-12,2024-03-13,bull,0.0223323846862049,0.47524213394308423,0.47305774621596147,0.0021843877271227607,2.1843877271227608e-06,0.010611082583041886,1.8554309256126713,1.8751190563914772,0.5,BTC,0.050000000000000003,0,0,True
2024-03-13,2024-03-14,bull,-0.0229763926735033,0.47524213390486386,0.4807530524590758,0.00551091855421193,5.51091855421193e-06,-0.010924800626498032,1.8751190563914772,1.8546337545494533,0.5,BTC,0.050000000000000003,0,0,True
2024-03-14,2024-03-15,bull,-0.0269486954999125,0.4752421340726106,0.4694488603802171,0.005793273692393519,5.79327369239352e-06,-0.012812874638186367,1.8546337545494533,1.8308705647526622,0.5,BTC,0.050000000000000003,0,0,True
2024-03-15,2024-03-16,bull,-0.0597362363363886,0.4752421378231086,0.4684342893257222,0.006807848497386415,6.807848497386415e-06,-0.028395791241295543,1.8308705647526622,1.7788815464061127,0.5,BTC,0.050000000000000003,0,0,True
2024-03-16,2024-03-17,bull,0.0471107354909039,0.4752426341501429,0.45990941066910374,0.01533322348103916,1.533322348103916e-05,0.022373353511965677,1.7788815464061127,1.818681092099769,0.5,BTC,0.050000000000000003,0,0,True
2024-03-17,2024-03-18,bull,-0.0116550082466748,0.475242218661381,0.4867341584898304,0.011491939828449427,1.1491939828449426e-05,-0.0055503802641919675,1.818681092099769,1.8085867204593193,0.5,BTC,0.050000000000000003,0,0,True
2024-03-18,2024-03-19,bull,-0.0820204722009761,0.4752422594245652,0.4723194212762831,0.002922838148282092,2.922838148282092e-06,-0.03898240343496395,1.8085867204593193,1.7380836632752559,0.5,BTC,0.050000000000000003,0,0,True
2024-03-19,2024-03-20,bull,0.0935374697824336,0.4752672309401608,0.4539577540836635,0.02130947685649731,2.130947685649731e-05,0.044433037456725666,1.7380836632752559,1.8153119997884883,0.5,BTC,0.050000000000000003,0,0,True
2024-03-20,2024-03-21,bull,-0.0346361305155186,0.47524310443996026,0.49760150391567637,0.022358399475716106,2.2358399475716105e-05,-0.01648257255918617,1.8153119997884883,1.7853909880344132,0.5,BTC,0.050000000000000003,0,0,True
2024-03-21,2024-03-22,bull,-0.0262320659259462,0.4752494132007468,0.4664607375578819,0.008788675642864896,8.788675642864896e-06,-0.012475453047559704,1.7853909880344132,1.7631174265916536,0.5,BTC,0.050000000000000003,0,0,True
2024-03-22,2024-03-23,bull,0.0039554444191862,0.47526431509444844,0.46862487969949734,0.006639435394951099,6.639435394951099e-06,0.0018732296660315395,1.7631174265916536,1.7664201504598422,0.5,BTC,0.050000000000000003,0,0,True
2024-03-23,2024-03-24,bull,0.0495660375590665,0.4752560956045026,0.47624890513165163,0.00099280952714903,9.928095271490301e-07,0.02355554528820214,1.7664201504598422,1.808029140311992,0.5,BTC,0.050000000000000003,0,0,True
2024-03-24,2024-03-25,bull,0.0398753792111219,0.47524307759205076,0.487332772666482,0.01208969507443125,1.208969507443125e-05,0.018938179135627786,1.808029140311992,1.8422699200536554,0.5,BTC,0.050000000000000003,0,0,True
2024-03-25,2024-03-26,bull,0.001535225776913,0.4752426757627477,0.4850025359713985,0.009759860208650772,9.759860208650773e-06,0.0007198378250705684,1.8422699200536554,1.8435960556260997,0.5,BTC,0.050000000000000003,0,0,True
2024-03-26,2024-03-27,bull,-0.0079557938436528,0.4752435317103978,0.4756252620917335,0.0003817303813357098,3.8173038133570983e-07,-0.003781319850899245,1.8435960556260997,1.8366248292639211,0.5,BTC,0.050000000000000003,0,0,True
2024-03-27,2024-03-28,bull,0.0190042394848106,0.4752454771068913,0.47325192908892566,0.0019935480179656406,1.9935480179656405e-06,0.009029667307909106,1.8366248292639211,1.8532089404416197,0.5,BTC,0.050000000000000003,0,0,True
2024-03-28,2024-03-29,bull,-0.0125830070051624,0.47524360071324706,0.4799424697097243,0.004698868996477257,4.698868996477257e-06,-0.00598466432672351,1.8532089404416197,1.8421181070057937,0.5,BTC,0.050000000000000003,0,0,True
2024-03-29,2024-03-30,bull,-0.0037239683591496,0.4752504526260111,0.47208668247583324,0.0031637701501778803,3.1637701501778803e-06,-0.0017729758191047384,1.8421181070057937,1.8388520761461373,0.5,BTC,0.050000000000000003,0,0,True
2024-03-30,2024-03-31,bull,0.0247157438066984,0.47525202412295703,0.47432009505290496,0.0009319290700520733,9.319290700520733e-07,0.01174526439613599,1.8388520761461373,1.8604498799658573,0.5,BTC,0.050000000000000003,0,0,True
2024-03-31,2024-04-01,bull,-0.0233780070655527,0.466896367300198,0.4813442619251127,0.014447894624914692,1.4447894624914692e-05,-0.010929396767940247,1.8604498799658573,1.8401162850608437,0.45000000000000001,BTC,0.050000000000000003,0,0,True
2024-04-01,2024-04-02,bull,-0.0606507771544719,0.46691629139773067,0.461013269697173,0.005903021700557676,5.903021700557676e-06,-0.02832457179435377,1.8401162850608437,1.7879957792346783,0.45000000000000001,BTC,0.050000000000000003,0,0,True
2024-04-02,2024-04-03,bull,0.0080043765816208,0.46778147109287177,0.4513800119634727,0.016401459129399054,1.6401459129399055e-05,0.003727836181434574,1.7879957792346783,1.7946611345927617,0.45000000000000001,BTC,0.050000000000000003,0,0,True
2024-04-03,2024-04-04,bull,0.0384078953352637,0.4401930427256557,0.4697668226763458,0.029573779950690104,2.9573779950690106e-05,0.01687681453177281,1.7946611345927617,1.8249492977086648,0.45000000000000001,ABSTAIN,0.050000000000000003,0,0,True
2024-04-04,2024-04-05,bull,-0.0097216646106004,0.4669787902169544,0.4495002800075309,0.01747851020942348,1.747851020942348e-05,-0.0045572103398264785,1.8249492977086648,1.8166326198994878,0.45000000000000001,BTC,0.050000000000000003,0,0,True
2024-04-05,2024-04-06,bull,0.0156271653206665,0.46711272277574895,0.4645479389645793,0.0025647838111696464,2.5647838111696465e-06,0.007297064236373885,1.8166326198994878,1.8298887048207866,0.45000000000000001,BTC,0.050000000000000003,0,0,True
2024-04-06,2024-04-07,bull,0.0068195080315744,0.4670838784634968,0.47097442313349036,0.0038905446699935564,3.8905446699935565e-06,0.0031813793234478638,1.8298887048207866,1.8357102749105143,0.45000000000000001,BTC,0.050000000000000003,0,0,True
2024-04-07,2024-04-08,bull,0.0327232830260495,0.4672386759411189,0.46877597692061657,0.0015373009794976689,1.5373009794976688e-06,0.01528802262786666,1.8357102749105143,1.8637746551315535,0.45000000000000001,BTC,0.050000000000000003,0,0,True
2024-04-08,2024-04-09,bull,-0.0346516338801705,0.4672113524441305,0.475261705869992,0.008050353425861523,8.050353425861523e-06,-0.016197556750681685,1.8637746551315535,1.8335860593845779,0.45000000000000001,BTC,0.050000000000000003,0,0,True
2024-04-09,2024-04-10,bull,0.0213180424596517,0.441866093841875,0.4584437535454102,0.016577659703535252,1.6577659703535253e-05,0.009402986333382879,1.8335860593845779,1.8508272440420523,0.45000000000000001,ABSTAIN,0.050000000000000003,0,0,True
2024-04-10,2024-04-11,bull,-0.0086446027518297,0.4407112766093241,0.4470744973407243,0.006363220731400221,6.363220731400221e-06,-0.0038161128928383414,1.8508272440420523,1.843764278333647,0.45000000000000001,ABSTAIN,0.050000000000000003,0,0,True
2024-04-11,2024-04-12,bull,-0.0408460883625001,0.4429806799315478,0.43857236424773355,0.004408315683814279,4.408315683814279e-06,-0.018098356546860872,1.843764278333647,1.810395175035999,0.45000000000000001,ABSTAIN,0.050000000000000003,0,0,True
2024-04-12,2024-04-13,mix,-0.0491721008638622,0.4562904090823296,0.43271623154378525,0.02357417753854435,2.357417753854435e-05,-0.022459803268030765,1.810395175035999,1.7697340555672982,0.45000000000000001,ABSTAIN,0.050000000000000003,0,0,True
2024-04-13,2024-04-14,mix,0.0289350492326534,0.4587263006724455,0.44381133867549755,0.014914961996947973,1.4914961996947974e-05,0.013258155161984142,1.7697340555672982,1.793197464271457,0.45000000000000001,ABSTAIN,0.050000000000000003,0,0,True
2024-04-14,2024-04-15,mix,-0.0347882869032868,0.4566918898062911,0.4658166593641974,0.00912476955790631,9.124769557906309e-06,-0.015896508288507083,1.793197464271457,1.7646918859177358,0.45000000000000001,ABSTAIN,0.050000000000000003,0,0,True
2024-04-15,2024-04-16,mix,0.0062038828674113,0.4583776297062705,0.44792071442859666,0.01045691527767384,1.045691527767384e-05,0.0028332344719108615,1.7646918859177358,1.7696916718012194,0.45000000000000001,ABSTAIN,0.050000000000000003,0,0,True
2024-04-16,2024-04-17,mix,-0.0395954568037452,0.4577062741226007,0.45991348513723257,0.0022072110146318935,2.2072110146318935e-06,-0.018125256215357544,1.7696916718012194,1.737615556827638,0.45000000000000001,ABSTAIN,0.050000000000000003,0,0,True
2024-04-17,2024-04-18,mix,0.0359422248114766,0.4588980115802346,0.44769683469966404,0.01120117688057054,1.120117688057054e-05,0.016482429570730872,1.737615556827638,1.7662556828640557,0.45000000000000001,ABSTAIN,0.050000000000000003,0,0,True
2024-04-18,2024-04-19,mix,0.0050046155251775,0.4549618656410306,0.46767803190735724,0.012716166266326656,1.2716166266326656e-05,0.002264164096328347,1.7662556828640557,1.7702547755661324,0.45000000000000001,ABSTAIN,0.050000000000000003,0,0,True
2024-04-19,2024-04-20,mix,0.0182134230733661,0.4549121799221329,0.45620004876174736,0.0012878688396144589,1.2878688396144588e-06,0.008284209454662017,1.7702547755661324,1.784919936915038,0.45000000000000001,ABSTAIN,0.050000000000000003,0,0,True
2024-04-20,2024-04-21,bull,-0.0003217310051708,0.4458178673596064,0.45939139682544144,0.013573529465835066,1.3573529465835065e-05,-0.0001570050131567413,1.784919936915038,1.7846396955368589,0.45000000000000001,ABSTAIN,0.050000000000000003,0,0,True
2024-04-21,2024-04-22,bull,0.0290898395754863,0.4464944754689695,0.4457383677122436,0.0007561077567258545,7.561077567258545e-07,0.012987686734306836,1.7846396955368589,1.8078180368361003,0.45000000000000001,ABSTAIN,0.050000000000000003,0,0,True
2024-04-22,2024-04-23,bull,-0.0061993766207337,0.47198089678085753,0.4535914767082582,0.018389420072599305,1.8389420072599304e-05,-0.002944322949798517,1.8078180368361003,1.8024952367011842,0.45000000000000001,BTC,0.050000000000000003,0,0,True
2024-04-23,2024-04-24,bull,-0.0320605284950689,0.4482711944564795,0.4704313857214396,0.022160191264960105,2.2160191264960106e-05,-0.014393653112566018,1.8024952367011842,1.7765507455270548,0.45000000000000001,ABSTAIN,0.050000000000000003,0,0,True
2024-04-24,2024-04-25,mix,0.0032884451752099,0.4576319903594797,0.4402262314259683,0.017405758933511428,1.7405758933511427e-05,0.0014874657578989314,1.7765507455270548,1.7791933039281962,0.45000000000000001,ABSTAIN,0.050000000000000003,0,0,True
2024-04-25,2024-04-26,mix,-0.0113291915450461,0.4576838949941208,0.45844697227114206,0.0007630772770212402,7.630772770212402e-07,-0.005185947634048671,1.7791933039281962,1.7699665006231746,0.45000000000000001,ABSTAIN,0.050000000000000003,0,0,True
2024-04-26,2024-04-27,mix,-0.0048552215586892,0.4581962892346493,0.4548572269490955,0.0033390622855538066,3.3390622855538065e-06,-0.0022279761356623906,1.7699665006231746,1.7660230574988642,0.45000000000000001,ABSTAIN,0.050000000000000003,0,0,True
2024-04-27,2024-04-28,mix,-0.0054698629618891,0.4587529616111791,0.4569882812001148,0.0017646804110643122,1.7646804110643123e-06,-0.0025110760856443815,1.7660230574988642,1.7615884392324823,0.45000000000000001,ABSTAIN,0.050000000000000003,0,0,True
2024-04-28,2024-04-29,mix,0.011890406704516,0.4591470221259364,0.45739138522279355,0.0017556369031428432,1.7556369031428431e-06,0.0054576796085388235,1.7615884392324823,1.7712026245359191,0.45000000000000001,ABSTAIN,0.050000000000000003,0,0,True
2024-04-29,2024-04-30,mix,-0.0500077513188986,0.4578017449120496,0.4620837462366494,0.004282001324599771,4.282001324599771e-06,-0.02289781978366534,1.7712026245359191,1.7306459460389405,0.45000000000000001,ABSTAIN,0.050000000000000003,0,0,True
2024-04-30,2024-05-01,mix,-0.0384956466985129,0.459178640844131,0.4450980210951332,0.014080619748997825,1.4080619748997826e-05,-0.017690210454820554,1.7306459460389405,1.7000304550307297,0.45000000000000001,ABSTAIN,0.050000000000000003,0,0,True
2024-05-01,2024-05-02,mix,0.0135450667910141,0.4569853789073956,0.4494468549413913,0.007538523966004296,7.538523966004296e-06,0.006182312293161019,1.7000304550307297,1.7105405742116142,0.45000000000000001,ABSTAIN,0.050000000000000003,0,0,True
2024-05-02,2024-05-03,mix,0.0635337856237936,0.4588243269261595,0.46032590622040476,0.00150157929424527,1.50157929424527e-06,0.029149301074306466,1.7105405742116142,1.7604016364091255,0.45000000000000001,ABSTAIN,0.050000000000000003,0,0,True
2024-05-03,2024-05-04,mix,0.0160757027553577,0.4592025943517154,0.4741532060598645,0.014950611708149097,1.4950611708149097e-05,0.007366943434097495,1.7604016364091255,1.7733704156858443,0.45000000000000001,ABSTAIN,0.050000000000000003,0,0,True
2024-05-04,2024-05-05,mix,0.0018485387778357,0.459160345202027,0.4631655089329038,0.004005163730876837,4.005163730876837e-06,0.0008447671401339285,1.7733704156858443,1.7748685007403013,0.45000000000000001,ABSTAIN,0.050000000000000003,0,0,True
2024-05-05,2024-05-06,mix,-0.0131752449755024,0.4590952048755423,0.4596190074590481,0.0005238025835058169,5.238025835058169e-07,-0.0060492124255768775,1.7748685007403013,1.7641319441518581,0.45000000000000001,ABSTAIN,0.050000000000000003,0,0,True
2024-05-06,2024-05-07,mix,-0.0133843969026219,0.4591237178627913,0.4558035281433611,0.003320189719430211,3.320189719430211e-06,-0.0061483938541242455,1.7641319441518581,1.7532853661485706,0.45000000000000001,ABSTAIN,0.050000000000000003,0,0,True
2024-05-07,2024-05-08,mix,-0.0178151632682207,0.458320620632007,0.4557794312746236,0.0025411893573834,2.5411893573834e-06,-0.00816757712615368,1.7532853661485706,1.7389652726963956,0.45000000000000001,ABSTAIN,0.050000000000000003,0,0,True
2024-05-08,2024-05-09,mix,0.0305109667932852,0.4561595989247626,0.45386136774133623,0.002298231183426369,2.2982311834263693e-06,0.013915540157564354,1.7389652726963956,1.763163913781212,0.45000000000000001,ABSTAIN,0.050000000000000003,0,0,True
2024-05-09,2024-05-10,mix,-0.0361173206500198,0.4589500336885838,0.46362479943866425,0.004674765750080467,4.6747657500804675e-06,-0.01658064280568816,1.763163913781212,1.7339295227189266,0.45000000000000001,ABSTAIN,0.050000000000000003,0,0,True
2024-05-10,2024-05-11,mix,0.0004885117497765,0.4561359713782621,0.44983039730561236,0.0063055740726497556,6.305574072649756e-06,0.00021652080238410143,1.7339295227189266,1.7343049545304632,0.45000000000000001,ABSTAIN,0.050000000000000003,0,0,True
2024-05-11,2024-05-12,mix,0.0107420108965485,0.457800782393361,0.45625713239516463,0.0015436499981963947,1.5436499981963948e-06,0.00491614975171073,1.7343049545304632,1.742831057402069,0.45000000000000001,ABSTAIN,0.050000000000000003,0,0,True
2024-05-12,2024-05-13,mix,0.0237020169160702,0.4588329323176317,0.460454107763338,0.00162117544570628,1.62117544570628e-06,0.010873627117282902,1.742831057402069,1.7617819524486789,0.45000000000000001,ABSTAIN,0.050000000000000003,0,0,True
2024-05-13,2024-05-14,mix,-0.0217327748930679,0.4592283467808779,0.46465495207461843,0.005426605293740505,5.426605293740505e-06,-0.009985678731215364,1.7617819524486789,1.744189363877073,0.45000000000000001,ABSTAIN,0.050000000000000003,0,0,True
2024-05-14,2024-05-15,mix,0.0756171084987022,0.4589474019448146,0.453776872670118,0.005170529274696578,5.170529274696578e-06,0.03469892551931131,1.744189363877073,1.8047108607058184,0.45000000000000001,ABSTAIN,0.050000000000000003,0,0,True
2024-05-15,2024-05-16,mix,-0.0150109248608156,0.45797104597908,0.47709445986392895,0.01912341388484895,1.912341388484895e-05,-0.006893560908278529,1.8047108607058184,1.792269976465711,0.45000000000000001,ABSTAIN,0.050000000000000003,0,0,True
2024-05-16,2024-05-17,mix,0.0276831567812849,0.4589983378939863,0.45421903711286404,0.004779300781122264,4.7793007811222644e-06,0.012701682921192115,1.792269976465711,1.815034821415951,0.45000000000000001,ABSTAIN,0.050000000000000003,0,0,True
2024-05-17,2024-05-18,mix,-0.0017796195522459,0.4575841042123115,0.4657863360749964,0.008202231862684928,8.202231862684928e-06,-0.0008225211712282743,1.815034821415951,1.8135419168488198,0.45000000000000001,ABSTAIN,0.050000000000000003,0,0,True
2024-05-18,2024-05-19,mix,-0.0095401053536069,0.4584777191478093,0.45714204106906425,0.0013356780787450728,1.335678078745073e-06,-0.004375255578873416,1.8135419168488198,1.8056072074596063,0.45000000000000001,ABSTAIN,0.050000000000000003,0,0,True
2024-05-19,2024-05-20,mix,0.077605157583612,0.4591569229426771,0.4560987354049732,0.003058187537703927,3.058187537703927e-06,0.035629778200805706,1.8056072074596063,1.8699405917791683,0.45000000000000001,ABSTAIN,0.050000000000000003,0,0,True
2024-05-20,2024-05-21,mix,-0.0179606763675974,0.4574531943930878,0.47776567027903954,0.020312475885951753,2.0312475885951754e-05,-0.008236314362973673,1.8699405917791683,1.85453917322519,0.45000000000000001,ABSTAIN,0.050000000000000003,0,0,True
2024-05-21,2024-05-22,mix,-0.0140362332994486,0.4581407611232028,0.45295861000443216,0.005182151118770628,5.182151118770628e-06,-0.0064357194340424195,1.85453917322519,1.8426038794268715,0.45000000000000001,ABSTAIN,0.050000000000000003,0,0,True
2024-05-22,2024-05-23,mix,-0.0170586823299409,0.4588227369844465,0.4546337449131303,0.004188992071316178,4.188992071316178e-06,-0.007831067521173574,1.8426038794268715,1.8281743240323034,0.45000000000000001,ABSTAIN,0.050000000000000003,0,0,True
2024-05-23,2024-05-24,mix,0.0084133006353741,0.4590010758945542,0.45455357619773223,0.004447499696821955,4.447499696821955e-06,0.0038572493687922815,1.8281743240323034,1.8352260482897194,0.45000000000000001,ABSTAIN,0.050000000000000003,0,0,True
2024-05-24,2024-05-25,mix,0.0107487351854766,0.4580341252473847,0.4610822222451808,0.0030480969977961236,3.048096997796124e-06,0.0049202244145398755,1.8352260482897194,1.844255772298714,0.45000000000000001,ABSTAIN,0.050000000000000003,0,0,True
2024-05-25,2024-05-26,mix,-0.0111078395713897,0.4571089902891104,0.4606893068513927,0.003580316562282304,3.5803165622823042e-06,-0.005081055468300177,1.844255772298714,1.8348850064219315,0.45000000000000001,ABSTAIN,0.050000000000000003,0,0,True
2024-05-26,2024-05-27,mix,0.0133387238961508,0.4583091056125237,0.4543383971397293,0.003970708472794404,3.9707084727944044e-06,0.0061092636364166175,1.8348850064219315,1.8460948026686712,0.45000000000000001,ABSTAIN,0.050000000000000003,0,0,True
2024-05-27,2024-05-28,mix,-0.0153063502557299,0.4551880686699515,0.4616004811117559,0.006412412441804405,6.412412441804405e-06,-0.006973635746737261,1.8460948026686712,1.833220809960915,0.45000000000000001,ABSTAIN,0.050000000000000003,0,0,True
2024-05-28,2024-05-29,mix,-0.0106807477401046,0.4562308493593738,0.4513655856650621,0.004865263694311728,4.865263694311728e-06,-0.004877728169077167,1.833220809960915,1.8242788571760302,0.45000000000000001,ABSTAIN,0.050000000000000003,0,0,True
2024-05-29,2024-05-30,mix,0.0106289864243491,0.4587495624824266,0.4535681489071238,0.0051814135753027735,5.1814135753027735e-06,0.00487083619343176,1.8242788571760302,1.8331646206604755,0.45000000000000001,ABSTAIN,0.050000000000000003,0,0,True
2024-05-30,2024-05-31,mix,-0.0120635450086094,0.4570100018471146,0.46137591660484634,0.004365914757731737,4.365914757731737e-06,-0.00551750257143524,1.8331646206604755,1.8230501301521171,0.45000000000000001,ABSTAIN,0.050000000000000003,0,0,True
2024-05-31,2024-06-01,mix,0.0034162543813796,0.4537211394638681,0.45399981507080983,0.0002786756069417251,2.786756069417251e-07,0.0015497477230563828,1.8230501301521171,1.825875397940338,0.45000000000000001,ABSTAIN,0.050000000000000003,0,0,True
2024-06-01,2024-06-02,mix,0.0001874239973553,0.4521555734997479,0.45456657590553046,0.0024110024057825696,2.4110024057825695e-06,8.233359828602183e-05,1.825875397940338,1.8260257288318722,0.45000000000000001,ABSTAIN,0.050000000000000003,0,0,True
2024-06-02,2024-06-03,mix,0.0152611271367126,0.4535147648038835,0.4522019965347374,0.0013127682691460585,1.3127682691460585e-06,0.0069198246299178034,1.8260257288318722,1.8386615066451066,0.45000000000000001,ABSTAIN,0.050000000000000003,0,0,True
2024-06-03,2024-06-04,mix,0.0253081772706,0.4544823967683839,0.45727107122109295,0.002788674452709028,2.788674452709028e-06,0.011499300313657423,1.8386615066451066,1.8598048274851806,0.45000000000000001,ABSTAIN,0.050000000000000003,0,0,True
2024-06-04,2024-06-05,mix,0.0075762730123092,0.4516953944218425,0.4606856556485483,0.00899026122670582,8.99026122670582e-06,0.003413146599134942,1.8598048274851806,1.8661526140071665,0.45000000000000001,ABSTAIN,0.050000000000000003,0,0,True
2024-06-05,2024-06-06,mix,-0.0041106470259707,0.4494053097089308,0.4535653852703925,0.004160075561461696,4.160075561461696e-06,-0.0018514989902704837,1.8661526140071665,1.8626974343266416,0.45000000000000001,ABSTAIN,0.050000000000000003,0,0,True
2024-06-06,2024-06-07,mix,-0.0203922787340289,0.4477392260495429,0.448386287993647,0.000647061944104077,6.47061944104077e-07,-0.009131064251755472,1.8626974343266416,1.845689024372225,0.45000000000000001,ABSTAIN,0.050000000000000003,0,0,True
2024-06-07,2024-06-08,mix,-0.000545077788945,0.4529712002551327,0.4426503882811774,0.01032081197395529,1.0320811973955291e-05,-0.000257222804009416,1.845689024372225,1.8452142710660466,0.45000000000000001,ABSTAIN,0.050000000000000003,0,0,True
2024-06-08,2024-06-09,mix,0.0049127039204963,0.4540719503341276,0.45283610300468136,0.0012358473294462602,1.2358473294462603e-06,0.002229482446433728,1.8452142710660466,1.8493281438932974,0.45000000000000001,ABSTAIN,0.050000000000000003,0,0,True
2024-06-09,2024-06-10,mix,-0.0016137692999056,0.4481723748125185,0.45528705297159494,0.00711467815907646,7.11467815907646e-06,-0.0007303563520290046,1.8493281438932974,1.8479774753364189,0.45000000000000001,ABSTAIN,0.050000000000000003,0,0,True
2024-06-10,2024-06-11,mix,-0.0319018898964884,0.4528091193320929,0.4477729783754655,0.005036140956627411,5.036140956627411e-06,-0.014450430060608643,1.8479774753364189,1.8212734060754898,0.45000000000000001,ABSTAIN,0.050000000000000003,0,0,True
2024-06-11,2024-06-12,mix,0.0139676588462829,0.4548036917484762,0.4447888349531191,0.010014856795357074,1.0014856795357074e-05,0.006342464331771103,1.8212734060754898,1.832824767691927,0.45000000000000001,ABSTAIN,0.050000000000000003,0,0,True
2024-06-12,2024-06-13,mix,-0.02178432202707,0.4545259943272211,0.45824521222942954,0.0037192179022084715,3.7192179022084716e-06,-0.009905223022013465,1.832824767691927,1.8146702296076684,0.45000000000000001,ABSTAIN,0.050000000000000003,0,0,True
2024-06-13,2024-06-14,mix,-0.0110568477425789,0.4548832468228665,0.44907094793388685,0.005812298888979661,5.812298888979661e-06,-0.005035357866267298,1.8146702296076684,1.8055327155923324,0.45000000000000001,ABSTAIN,0.050000000000000003,0,0,True
2024-06-14,2024-06-15,mix,0.0028500124176948,0.4549915606592033,0.4521276820183061,0.0028638786408972106,2.8638786408972106e-06,0.0012938640055022432,1.8055327155923324,1.8078688293837941,0.45000000000000001,ABSTAIN,0.050000000000000003,0,0,True
2024-06-15,2024-06-16,mix,0.0068208930432025,0.4547532137125184,0.4556973750717269,0.0009441613592084952,9.441613592084953e-07,0.0031008759418049703,1.8078688293837941,1.8134748063427695,0.45000000000000001,ABSTAIN,0.050000000000000003,0,0,True
2024-06-16,2024-06-17,mix,-0.0026381820990569,0.4546904937315804,0.4564392429877938,0.0017487492562134332,1.7487492562134333e-06,-0.0012013029727069302,1.8134748063427695,1.8112962736669809,0.45000000000000001,ABSTAIN,0.050000000000000003,0,0,True
2024-06-17,2024-06-18,mix,-0.0201341979103382,0.4549452080765575,0.4540355786588245,0.0009096294177329822,9.096294177329822e-07,-0.009160858155024876,1.8112962736669809,1.7947032454271925,0.45000000000000001,ABSTAIN,0.050000000000000003,0,0,True
2024-06-18,2024-06-19,mix,-0.0027470883165873,0.4550573357364876,0.44990637419646085,0.005150961540026755,5.150961540026755e-06,-0.0012552272127912545,1.7947032454271925,1.7924504850746474,0.45000000000000001,ABSTAIN,0.050000000000000003,0,0,True
2024-06-19,2024-06-20,mix,-0.0019482647978097,0.4550642090194566,0.4543752596931875,0.0006889493262691171,6.889493262691171e-07,-0.0008872739176895017,1.7924504850746474,1.7908600905104908,0.45000000000000001,ABSTAIN,0.050000000000000003,0,0,True
2024-06-20,2024-06-21,mix,-0.0111912394397905,0.455059056346786,0.4545806480874475,0.00047840825933848086,4.784082593384809e-07,-0.005093150830703608,1.7908600905104908,1.7817389699528334,0.45000000000000001,ABSTAIN,0.050000000000000003,0,0,True
2024-06-21,2024-06-22,mix,0.0020661640300334,0.4549693443910498,0.4522696437320064,0.0026997006590434025,2.6997006590434025e-06,0.000937339055659514,1.7817389699528334,1.7834090634763609,0.45000000000000001,ABSTAIN,0.050000000000000003,0,0,True
2024-06-22,2024-06-23,mix,-0.0165699257714633,0.4550886127151503,0.45548121453482676,0.0003926018196764858,3.9260181967648576e-07,-0.00754117417342226,1.7834090634763609,1.7699600651062257,0.45000000000000001,ABSTAIN,0.050000000000000003,0,0,True
2024-06-23,2024-06-24,mix,-0.0459442181650162,0.4549497468066007,0.4509483323927181,0.004001414413882631,4.001414413882631e-06,-0.020906228197009047,1.7699600651062257,1.732956876085522,0.45000000000000001,ABSTAIN,0.050000000000000003,0,0,True
2024-06-24,2024-06-25,mix,0.0251556158539922,0.450577294229096,0.4433137173186594,0.007263576910436609,7.263576910436609e-06,0.01132720341987703,1.732956876085522,1.7525864311388175,0.45000000000000001,ABSTAIN,0.050000000000000003,0,0,True
2024-06-25,2024-06-26,mix,-0.0155316181681103,0.4538597104249909,0.45673495863759567,0.002875248212604764,2.875248212604764e-06,-0.007052030704292722,1.7525864311388175,1.7402271378144998,0.45000000000000001,ABSTAIN,0.050000000000000003,0,0,True
2024-06-26,2024-06-27,mix,0.0137371937932009,0.4519372877518876,0.4499825407030229,0.001954747048864669,1.954747048864669e-06,0.006206383221418532,1.7402271378144998,1.7510276543240888,0.45000000000000001,ABSTAIN,0.050000000000000003,0,0,True
2024-06-27,2024-06-28,mix,-0.0207829093803547,0.4537806906613823,0.45531885897056495,0.0015381683091826304,1.5381683091826303e-06,-0.009432406634594215,1.7510276543240888,1.7345112494600843,0.45000000000000001,ABSTAIN,0.050000000000000003,0,0,True
2024-06-28,2024-06-29,mix,0.0094382260571856,0.4518319737996698,0.44858031615426147,0.0032516576454083013,3.2516576454083013e-06,0.004261226784271432,1.7345112494600843,1.7419023952539037,0.45000000000000001,ABSTAIN,0.050000000000000003,0,0,True
2024-06-29,2024-06-30,mix,0.0292078184913422,0.4526932433328383,0.4541597055371228,0.0014664622042845354,1.4664622042845355e-06,0.013220696231488027,1.7419023952539037,1.7649315576864568,0.45000000000000001,ABSTAIN,0.050000000000000003,0,0,True
2024-06-30,2024-07-01,mix,0.0021639951365881,0.4490978218119764,0.4598353980548308,0.01073757624285443,1.073757624285443e-05,0.0009610974907454661,1.7649315576864568,1.7666278289778867,0.45000000000000001,ABSTAIN,0.050000000000000003,0,0,True
2024-07-01,2024-07-02,mix,-0.0125107131329095,0.4485784001249865,0.44963269380309123,0.001054293678104723,1.054293678104723e-06,-0.005613084058527562,1.7666278289778867,1.7567115984736998,0.45000000000000001,ABSTAIN,0.050000000000000003,0,0,True
2024-07-02,2024-07-03,mix,-0.0306585962420676,0.4468934716245014,0.4454663374239708,0.0014271342005305887,1.4271342005305887e-06,-0.013702534090605734,1.7567115984736998,1.7326401979082515,0.45000000000000001,ABSTAIN,0.050000000000000003,0,0,True
2024-07-03,2024-07-04,mix,-0.0527082540826886,0.4361300027680271,0.43921001712371205,0.0030800143556849457,3.080014355684946e-06,-0.022990660211041458,1.7326401979082515,1.6928056558501512,0.45000000000000001,ABSTAIN,0.050000000000000003,0,0,True
2024-07-04,2024-07-05,bear,-0.0067425030205361,0.37145650164043875,0.42286297833541026,0.051406476694971504,5.14064766949715e-05,-0.0025558243110878065,1.6928056558501512,1.6884791420009824,0.35000000000000003,CASH,0.050000000000000003,0,0,True
2024-07-05,2024-07-06,bear,0.0285548834959339,0.36655741057952107,0.36987833257057967,0.0033209219910586008,3.320921991058601e-06,0.010463648471574105,1.6884791420009824,1.7061467941944657,0.35000000000000003,CASH,0.050000000000000003,0,0,True
2024-07-06,2024-07-07,bear,-0.0411625974953311,0.3828362677182758,0.3731189768526609,0.009717290865614903,9.717290865614902e-06,-0.01576809935529766,1.7061467941944657,1.6792441020288849,0.40000000000000002,CASH,0.050000000000000003,0,0,True
2024-07-07,2024-07-08,bear,0.0154597743331226,0.36854435091169213,0.3729549563289215,0.004410605417229374,4.410605417229374e-06,0.0056931767615042705,1.6792441020288849,1.688804335527449,0.35000000000000003,CASH,0.050000000000000003,0,0,True
2024-07-08,2024-07-09,bear,0.0231768524117359,0.37848670100680487,0.37212175783077067,0.006364943176034199,6.3649431760341995e-06,0.008765709631751939,1.688804335527449,1.7036079039575263,0.40000000000000002,CASH,0.050000000000000003,0,0,True
2024-07-09,2024-07-10,bear,-0.0050431258765597,0.3858036186700674,0.38389128698353087,0.0019123316865365392,1.9123316865365393e-06,-0.0019475648235318666,1.7036079039575263,1.7002900171306878,0.40000000000000002,CASH,0.050000000000000003,0,0,True
2024-07-10,2024-07-11,bear,-0.0070895826081835,0.38567964281347583,0.38460627404397496,0.001073368769500871,1.073368769500871e-06,-0.002735378121869858,1.7002900171306878,1.6956390810169948,0.40000000000000002,CASH,0.050000000000000003,0,0,True
2024-07-11,2024-07-12,bear,0.009553990159983,0.38353939003466275,0.3839952964166108,0.0004559063819480347,4.559063819480347e-07,0.0036638739813830146,1.6956390810169948,1.701851688927749,0.40000000000000002,CASH,0.050000000000000003,0,0,True
2024-07-12,2024-07-13,bear,0.0228849911289779,0.38016350603575594,0.38579005890527274,0.005626552869516799,5.626552869516799e-06,0.008694362959093649,1.701851688927749,1.7166482052138334,0.40000000000000002,CASH,0.050000000000000003,0,0,True
2024-07-13,2024-07-14,mix,0.02677090616756,0.4263657458951928,0.38550959618421404,0.040856149710978784,4.0856149710978786e-05,0.01137287488655403,1.7166482052138334,1.736171430475958,0.45000000000000001,ABSTAIN,0.050000000000000003,0,0,True
2024-07-14,2024-07-15,mix,0.0655893833199825,0.4398552640424462,0.4328394286012623,0.007015835441183893,7.015835441183893e-06,0.02884261727745252,1.736171430475958,1.7862471585732231,0.45000000000000001,ABSTAIN,0.050000000000000003,0,0,True
2024-07-15,2024-07-16,mix,0.0041261206747511,0.4487261821296537,0.4555622048817137,0.006836022752059967,6.836022752059967e-06,0.0018446496977500004,1.7862471585732231,1.789542158854392,0.45000000000000001,ABSTAIN,0.050000000000000003,0,0,True
2024-07-16,2024-07-17,mix,-0.0147656330467319,0.4485959564027103,0.4497449784092782,0.001149022006567857,1.149022006567857e-06,-0.006624944689601064,1.789542158854392,1.7776865410322724,0.45000000000000001,ABSTAIN,0.050000000000000003,0,0,True
2024-07-17,2024-07-18,mix,-0.0016960735974235,0.4481989478328177,0.4449192104490559,0.003279737383761805,3.279737383761805e-06,-0.0007634556460104358,1.7776865410322724,1.7763293562056846,0.45000000000000001,ABSTAIN,0.050000000000000003,0,0,True
2024-07-18,2024-07-19,mix,0.0421519056587553,0.4485137306420768,0.4477791614783429,0.000734569163733878,7.34569163733878e-07,0.01890496000396702,1.7763293562056846,1.8099107916386254,0.45000000000000001,ABSTAIN,0.050000000000000003,0,0,True
2024-07-19,2024-07-20,mix,0.0070653624766412,0.4493879663375784,0.4587465113027143,0.00935854496513594,9.35854496513594e-06,0.003165700615638478,1.8099107916386254,1.8156404273459665,0.45000000000000001,ABSTAIN,0.050000000000000003,0,0,True
2024-07-20,2024-07-21,mix,0.0150442675562372,0.4490184559832149,0.451130675224401,0.0021122192411860974,2.1122192411860975e-06,0.0067530273018932,1.8156404273459665,1.8279014967222549,0.45000000000000001,ABSTAIN,0.050000000000000003,0,0,True
2024-07-21,2024-07-22,mix,-0.0088778101695013,0.4466353761434139,0.4527154473032988,0.006080071159884903,6.0800711598849035e-06,-0.0039712000471867626,1.8279014967222549,1.8206425342122188,0.45000000000000001,ABSTAIN,0.050000000000000003,0,0,True
2024-07-22,2024-07-23,mix,-0.02391878449113,0.4482262932411941,0.44443247084169546,0.0037938223994986586,3.7938223994986585e-06,-0.010724781260016969,1.8206425342122188,1.8011165412801098,0.45000000000000001,ABSTAIN,0.050000000000000003,0,0,True
2024-07-23,2024-07-24,mix,-0.0086035627515629,0.4491850326397832,0.442246603397044,0.006938429242739186,6.938429242739186e-06,-0.0038715032304263985,1.8011165412801098,1.7941435127721694,0.45000000000000001,ABSTAIN,0.050000000000000003,0,0,True
2024-07-24,2024-07-25,mix,0.0065595337346358,0.4491730064577467,0.4470480993608652,0.002124907096881512,2.124907096881512e-06,0.0029442343206975696,1.7941435127721694,1.7994258916787302,0.45000000000000001,ABSTAIN,0.050000000000000003,0,0,True
2024-07-25,2024-07-26,mix,0.0320565720304015,0.4486256560144124,0.4507911763816615,0.0021655203672490964,2.1655203672490964e-06,0.014379203993128975,1.7994258916787302,1.8253002036456967,0.45000000000000001,ABSTAIN,0.050000000000000003,0,0,True
2024-07-26,2024-07-27,mix,-0.0009645317382481,0.4447319388231251,0.4564427703143739,0.011710831491248797,1.1710831491248797e-05,-0.0004406638780430905,1.8253002036456967,1.8244958597793652,0.45000000000000001,ABSTAIN,0.050000000000000003,0,0,True
2024-07-27,2024-07-28,mix,0.0060905235757209,0.447637983149336,0.44449364989130563,0.003144333258030374,3.144333258030374e-06,0.0027231967839491666,1.8244958597793652,1.829464321037045,0.45000000000000001,ABSTAIN,0.050000000000000003,0,0,True
2024-07-28,2024-07-29,mix,-0.0213548053439757,0.4443152701497981,0.4491398206284663,0.004824550478668199,4.824550478668199e-06,-0.009493044879264723,1.829464321037045,1.8120971341324268,0.45000000000000001,ABSTAIN,0.050000000000000003,0,0,True
2024-07-29,2024-07-30,mix,-0.0091888015784739,0.4490333336951926,0.438992279611566,0.0100410540836266,1.00410540836266e-05,-0.004136077829354989,1.8120971341324268,1.804602159351304,0.45000000000000001,ABSTAIN,0.050000000000000003,0,0,True
2024-07-30,2024-07-31,mix,-0.0235537108917591,0.4492266477523677,0.4467505833349152,0.002476064417452517,2.476064417452517e-06,-0.010583404451325662,1.804602159351304,1.7855033248251535,0.45000000000000001,ABSTAIN,0.050000000000000003,0,0,True
2024-07-31,2024-08-01,mix,0.0115572679726425,0.443294739739184,0.4433366177854478,4.18780462638213e-05,4.18780462638213e-08,0.005123234005429689,1.7855033248251535,1.7946508761757054,0.45000000000000001,ABSTAIN,0.050000000000000003,0,0,True
2024-08-01,2024-08-02,mix,-0.059569026309067,0.4433446949248652,0.44613235659809636,0.0027876616732311343,2.7876616732311343e-06,-0.026412325836575268,1.7946508761757054,1.7472499724712574,0.45000000000000001,ABSTAIN,0.050000000000000003,0,0,True
2024-08-02,2024-08-03,mix,-0.0127198525668239,0.4424061465033365,0.42824486373372406,0.014161282769612427,1.4161282769612427e-05,-0.005641422550582309,1.7472499724712574,1.7373929970750537,0.45000000000000001,ABSTAIN,0.050000000000000003,0,0,True
2024-08-03,2024-08-04,mix,-0.0420928979664462,0.4425585424242739,0.439250618541783,0.003307923882490904,3.307923882490904e-06,-0.018631817872429735,1.7373929970750537,1.7050222071807164,0.45000000000000001,ABSTAIN,0.050000000000000003,0,0,True
2024-08-04,2024-08-05,mix,-0.0715973705664427,0.4401269409231684,0.4319770869345826,0.008149853988585809,8.14985398858581e-06,-0.031519824721897294,1.7050222071807164,1.6512802060634377,0.45000000000000001,ABSTAIN,0.050000000000000003,0,0,True
2024-08-05,2024-08-06,bear,0.038511272902425,0.3780334900254308,0.42191021511371707,0.04387672508828627,4.387672508828627e-05,0.014514035394001867,1.6512802060634377,1.6752469454196572,0.40000000000000002,CASH,0.050000000000000003,0,0,True
2024-08-06,2024-08-07,mix,-0.0167131068290229,0.4202646775757564,0.38695848610960065,0.033306191466155766,3.3306191466155765e-05,-0.007057000703948657,1.6752469454196572,1.663424726546543,0.40000000000000002,ABSTAIN,0.050000000000000003,0,0,True
2024-08-07,2024-08-08,bear,0.1193521876457024,0.38108528462118496,0.4161638542599263,0.03507856963874134,3.507856963874134e-05,0.045446688338189434,1.663424726546543,1.7390218716679418,0.40000000000000002,CASH,0.050000000000000003,0,0,True
2024-08-08,2024-08-09,mix,-0.0137618173183986,0.4403388227241366,0.4080109376790463,0.03232788504509032,3.232788504509032e-05,-0.006091994419037072,1.7390218716679418,1.7284277601311573,0.45000000000000001,ABSTAIN,0.050000000000000003,0,0,True
2024-08-09,2024-08-10,mix,0.0013327723966567,0.4256218933568847,0.4369266758380364,0.011304782481151687,1.1304782481151687e-05,0.0005559459156794233,1.7284277601311573,1.7293886724849492,0.45000000000000001,ABSTAIN,0.050000000000000003,0,0,True
2024-08-10,2024-08-11,mix,-0.0364079781131987,0.4326810242092602,0.4259475287032454,0.006733495506014764,6.733495506014764e-06,-0.015759668681880612,1.7293886724849492,1.7021340799843891,0.45000000000000001,ABSTAIN,0.050000000000000003,0,0,True
2024-08-11,2024-08-12,bear,0.0108442209857051,0.3853569969952838,0.4236009867719979,0.038243989776714116,3.8243989776714113e-05,0.004140492626355297,1.7021340799843891,1.7091817535916325,0.40000000000000002,CASH,0.050000000000000003,0,0,True
2024-08-12,2024-08-13,bear,0.0209806234203875,0.4094579071507064,0.38791483749804795,0.021543069652658453,2.1543069652658455e-05,0.008568954017112329,1.7091817535916325,1.7238276534450465,0.40000000000000002,ABSTAIN,0.050000000000000003,0,0,True
2024-08-13,2024-08-14,mix,-0.0311476816645541,0.4204226750725254,0.4144878558795742,0.005934819192951191,5.9348191929511905e-06,-0.013101048749317612,1.7238276534450465,1.7012437033218413,0.40000000000000002,ABSTAIN,0.050000000000000003,0,0,True
2024-08-14,2024-08-15,bear,-0.0199837159627852,0.4095031031759774,0.4127322918862591,0.0032291887102817163,3.2291887102817162e-06,-0.008186596462735674,1.7012437033218413,1.6873163076379754,0.40000000000000002,ABSTAIN,0.050000000000000003,0,0,True
2024-08-15,2024-08-16,bear,0.0233355233198804,0.3774223691573326,0.40463096395740145,0.02720859480006882,2.720859480006882e-05,0.008779900266538743,1.6873163076379754,1.7021307765371412,0.40000000000000002,CASH,0.050000000000000003,0,0,True
2024-08-16,2024-08-17,mix,0.0102909105731929,0.4152568909461472,0.38285775597265,0.03239913497349722,3.239913497349722e-05,0.004240833941114186,1.7021307765371412,1.709349230506495,0.40000000000000002,ABSTAIN,0.050000000000000003,0,0,True
2024-08-17,2024-08-18,mix,-0.0174301608355985,0.4236253250763809,0.41774508253343534,0.005880242542945557,5.880242542945558e-06,-0.007389694373783784,1.709349230506495,1.6967176621149895,0.40000000000000002,ABSTAIN,0.050000000000000003,0,0,True
2024-08-18,2024-08-19,bear,0.0175306221266358,0.3839916189252836,0.41933779809276234,0.03534617916747873,3.534617916747873e-05,0.0066960278552439245,1.6967176621149895,1.7080789308429958,0.40000000000000002,CASH,0.050000000000000003,0,0,True
2024-08-19,2024-08-20,bear,-0.0078206316030192,0.38153339386720003,0.3881106207953719,0.006577226928171864,6.577226928171864e-06,-0.002990389719272346,1.7080789308429958,1.7029711091684971,0.40000000000000002,CASH,0.050000000000000003,0,0,True
2024-08-20,2024-08-21,bear,0.036476075233282,0.3745400849375729,0.3796824704995135,0.005142385561940577,5.1423855619405764e-06,0.013656539676502932,1.7029711091684971,1.7262278016887949,0.35000000000000003,CASH,0.050000000000000003,0,0,True
2024-08-21,2024-08-22,mix,-0.0128503011048414,0.4165363808680108,0.3829697987190042,0.033566582149006596,3.3566582149006596e-05,-0.005386004828334956,1.7262278016887949,1.716930330414093,0.40000000000000002,ABSTAIN,0.050000000000000003,0,0,True
2024-08-22,2024-08-23,mix,0.0609701153842332,0.4150095866608046,0.41339651655335163,0.0016130701074529852,1.6130701074529851e-06,0.02530152849835754,1.716930330414093,1.7603712920987598,0.40000000000000002,ABSTAIN,0.050000000000000003,0,0,True
2024-08-23,2024-08-24,mix,0.0016579993786405,0.4412728177996898,0.42944640825278596,0.011826409546903838,1.1826409546903838e-05,0.0007197949956192495,1.7603712920987598,1.7616383985452442,0.45000000000000001,ABSTAIN,0.050000000000000003,0,0,True
2024-08-24,2024-08-25,mix,0.0017752687451388,0.4381101664943983,0.441681300542002,0.0035711340476036746,3.571134047603675e-06,0.0007741893739605654,1.7616383985452442,1.7630022402741587,0.45000000000000001,ABSTAIN,0.050000000000000003,0,0,True
2024-08-25,2024-08-26,mix,-0.0222020997865362,0.4386349931064911,0.4385468441455529,8.8148960938228e-05,8.8148960938228e-08,-0.009738705177328777,1.7630022402741587,1.7458328812291586,0.45000000000000001,ABSTAIN,0.050000000000000003,0,0,True
2024-08-26,2024-08-27,mix,-0.0540255417193082,0.4362772471821171,0.43311430998593964,0.00316293719617744,3.16293719617744e-06,-0.023573203005226362,1.7458328812291586,1.7046780083067443,0.45000000000000001,ABSTAIN,0.050000000000000003,0,0,True
2024-08-27,2024-08-28,bear,-0.0073152803405835,0.3849263165737656,0.4226695011513116,0.037743184577545996,3.7743184577546e-05,-0.0028534808218660945,1.7046780083067443,1.699813742302584,0.40000000000000002,CASH,0.050000000000000003,0,0,True
2024-08-28,2024-08-29,bear,0.0060576792734172,0.38464754204786017,0.38318947440782547,0.0014580676400346992,1.4580676400346993e-06,0.0023286099779922242,1.699813742302584,1.7037719455436382,0.40000000000000002,CASH,0.050000000000000003,0,0,True
2024-08-29,2024-08-30,mix,-0.0042746343065509,0.4169914726274001,0.38607802411212766,0.030913448515272446,3.091344851527245e-05,-0.00181334440015668,1.7037719455436382,1.7006824202270425,0.40000000000000002,ABSTAIN,0.050000000000000003,0,0,True
2024-08-30,2024-08-31,mix,-0.0023866832883117,0.4190663860961205,0.4159504123823748,0.0031159737137457233,3.1159737137457233e-06,-0.0010032915975718426,1.7006824202270425,1.6989761398446905,0.40000000000000002,ABSTAIN,0.050000000000000003,0,0,True
2024-08-31,2024-09-01,mix,-0.0281949724137229,0.4059713269429142,0.41848476692278447,0.012513439979870256,1.2513439979870256e-05,-0.011458720570679537,1.6989761398446905,1.6795080470019585,0.40000000000000002,ABSTAIN,0.050000000000000003,0,0,True
2024-09-01,2024-09-02,bear,0.0317242919479305,0.38169491139101613,0.39909313644659894,0.017398225055582806,1.7398225055582807e-05,0.012091391903831461,1.6795080470019585,1.699815637003898,0.40000000000000002,CASH,0.050000000000000003,0,0,True
2024-09-02,2024-09-03,mix,-0.0279737545236242,0.4247886475107574,0.3890923921061771,0.035696255404580324,3.569625540458032e-05,-0.011918205429068962,1.699815637003898,1.6795568850505418,0.40000000000000002,ABSTAIN,0.050000000000000003,0,0,True
2024-09-03,2024-09-04,mix,0.0085873646046088,0.4171369061957403,0.41787125037794476,0.0007343441822044716,7.343441822044716e-07,0.0035813697288598068,1.6795568850505418,1.6855719992365599,0.40000000000000002,ABSTAIN,0.050000000000000003,0,0,True
2024-09-04,2024-09-05,mix,-0.0308796793011968,0.4301565555363091,0.41921733168521136,0.010939223851097746,1.0939223851097746e-05,-0.01329389040135398,1.6855719992365599,1.663164189815118,0.45000000000000001,ABSTAIN,0.050000000000000003,0,0,True
2024-09-05,2024-09-06,mix,-0.0394495151575559,0.4213307368848481,0.42248537302512545,0.001154636140277332,1.154636140277332e-06,-0.01662242873567732,1.663164189815118,1.6355183615941857,0.40000000000000002,ABSTAIN,0.050000000000000003,0,0,True
2024-09-06,2024-09-07,mix,0.0035151241133437,0.4150126923409672,0.41154993578029575,0.003462756560671465,3.462756560671465e-06,0.0014553533140884145,1.6355183615941857,1.6378986186619844,0.40000000000000002,ABSTAIN,0.050000000000000003,0,0,True
2024-09-07,2024-09-08,mix,0.0130141349607157,0.4192699148112027,0.41586484104905946,0.003405073762143218,3.405073762143218e-06,0.005453011602994051,1.6378986186619844,1.646830098834076,0.40000000000000002,ABSTAIN,0.050000000000000003,0,0,True
2024-09-08,2024-09-09,mix,0.039887862664574,0.4271081937473496,0.4224214348573423,0.004686758890007303,4.6867588900073035e-06,0.017031666370564746,1.646830098834076,1.6748783596464223,0.45000000000000001,ABSTAIN,0.050000000000000003,0,0,True
2024-09-09,2024-09-10,mix,0.0102612463540499,0.4310052457483984,0.4367047357617408,0.005699490013342412,5.6994900133424125e-06,0.004416926309643632,1.6748783596464223,1.6822761739385974,0.45000000000000001,ABSTAIN,0.050000000000000003,0,0,True
2024-09-10,2024-09-11,mix,-0.0051409733668777,0.4315483261545468,0.43351063052847005,0.0019623043739232515,1.9623043739232514e-06,-0.0022205364021288254,1.6822761739385974,1.6785406184559328,0.45000000000000001,ABSTAIN,0.050000000000000003,0,0,True
2024-09-11,2024-09-12,mix,0.0138789334254176,0.4289017283614823,0.4302843673285439,0.001382638967061589,1.3826389670615892e-06,0.0059513076645754115,1.6785406184559328,1.6885301301038507,0.45000000000000001,ABSTAIN,0.050000000000000003,0,0,True
2024-09-12,2024-09-13,mix,0.0408896610446465,0.428793080293456,0.4322811873055192,0.003488107012063202,3.488107012063202e-06,0.017529654446786225,1.6885301301038507,1.7181294798075581,0.45000000000000001,ABSTAIN,0.050000000000000003,0,0,True
2024-09-13,2024-09-14,mix,-0.0085305957865929,0.4324744133204822,0.43863559673232677,0.006161183411844573,6.161183411844573e-06,-0.0036954028612580236,1.7181294798075581,1.7117802992118656,0.45000000000000001,ABSTAIN,0.050000000000000003,0,0,True
2024-09-14,2024-09-15,mix,-0.0142827616783953,0.432581651489648,0.4303729083654361,0.002208743124211876,2.2087431242118763e-06,-0.006180655731164997,1.7117802992118656,1.7012003744950464,0.45000000000000001,ABSTAIN,0.050000000000000003,0,0,True
2024-09-15,2024-09-16,mix,-0.0156480127159126,0.4321029255684131,0.4290540846269884,0.003048840941424713,3.048840941424713e-06,-0.006764580299922107,1.7012003744950464,1.689692467955517,0.45000000000000001,ABSTAIN,0.050000000000000003,0,0,True
2024-09-16,2024-09-17,mix,0.0360056413418972,0.4297159693816389,0.4282369197272281,0.0014790496544108134,1.4790496544108134e-06,0.015470697138635803,1.689692467955517,1.715833188384691,0.45000000000000001,ABSTAIN,0.050000000000000003,0,0,True
2024-09-17,2024-09-18,mix,0.0240179342752586,0.4329642342593773,0.4384050778157457,0.005440843556368424,5.440843556368424e-06,0.010393409099599404,1.715833188384691,1.733666544658243,0.45000000000000001,ABSTAIN,0.050000000000000003,0,0,True
2024-09-18,2024-09-19,mix,0.0191231524541108,0.4331832353830438,0.43880009956415383,0.005616864181110015,5.616864181110015e-06,0.008278165657471082,1.733666544658243,1.7480181235097396,0.45000000000000001,ABSTAIN,0.050000000000000003,0,0,True
2024-09-19,2024-09-20,mix,0.004172320324888,0.433461180998999,0.43784007212476944,0.0043788911257704455,4.3788911257704455e-06,0.001804152085011168,1.7480181235097396,1.751171814051907,0.45000000000000001,ABSTAIN,0.050000000000000003,0,0,True
2024-09-20,2024-09-21,mix,0.0023243229558933,0.4335675053114994,0.43448393879174224,0.0009164334802428398,9.164334802428398e-07,0.001006833548508057,1.751171814051907,1.7529349525834963,0.45000000000000001,ABSTAIN,0.050000000000000003,0,0,True
2024-09-21,2024-09-22,mix,0.003545489130692,0.4339066927467623,0.4341377535028093,0.00023106075604700793,2.3106075604700794e-07,0.001538180046645632,1.7529349525834963,1.755631282150628,0.45000000000000001,ABSTAIN,0.050000000000000003,0,0,True
2024-09-22,2024-09-23,mix,-0.0037893624149988,0.434024466695753,0.4347762394590639,0.0007517727633108984,7.517727633108984e-07,-0.001645426537627448,1.755631282150628,1.7527425198486883,0.45000000000000001,ABSTAIN,0.050000000000000003,0,0,True
2024-09-23,2024-09-24,mix,0.0146056167675638,0.4336038425067999,0.4330920868560656,0.0005117556507343024,5.117556507343025e-07,0.006332536555971879,1.7527425198486883,1.7638418259288364,0.45000000000000001,ABSTAIN,0.050000000000000003,0,0,True
2024-09-24,2024-09-25,mix,-0.0171234795383523,0.4337044771659258,0.4371682847747582,0.0034638076088324143,3.4638076088324143e-06,-0.007429967823981198,1.7638418259288364,1.750736537915593,0.45000000000000001,ABSTAIN,0.050000000000000003,0,0,True
2024-09-25,2024-09-26,mix,0.031971372701147,0.4335088944676985,0.4294673998429676,0.0040414946247309125,4.0414946247309125e-06,0.01385577692505624,1.750736537915593,1.7749943528394967,0.45000000000000001,ABSTAIN,0.050000000000000003,0,0,True
2024-09-26,2024-09-27,mix,0.0092150909004431,0.4340674122204087,0.44125305693906586,0.00718564471865718,7.185644718657181e-06,0.003992756273444309,1.7749943528394967,1.7820814726771248,0.45000000000000001,ABSTAIN,0.050000000000000003,0,0,True
2024-09-27,2024-09-28,mix,0.0013713145920337,0.4349960997802576,0.4363221072533852,0.0013260074731276106,1.3260074731276106e-06,0.00059518970064798,1.7820814726771248,1.7831421492153778,0.45000000000000001,ABSTAIN,0.050000000000000003,0,0,True
2024-09-28,2024-09-29,mix,-0.0039382690745674,0.4358493301323798,0.43533293300222387,0.0005163971301559434,5.163971301559433e-07,-0.0017170074487699027,1.7831421492153778,1.7800804808629596,0.45000000000000001,ABSTAIN,0.050000000000000003,0,0,True
2024-09-29,2024-09-30,bull,-0.0345679049980872,0.4365967323418004,0.43487930501542416,0.001717427326376253,1.717427326376253e-06,-0.015093925873577274,1.7800804808629596,1.7532120780358122,0.45000000000000001,ABSTAIN,0.050000000000000003,0,0,True
2024-09-30,2024-10-01,mix,-0.0395284436810063,0.4313905039247411,0.4279634222443494,0.003427081680391686,3.427081680391686e-06,-0.017055563881324676,1.7532120780358122,1.7233100574413625,0.45000000000000001,ABSTAIN,0.050000000000000003,0,0,True
2024-10-01,2024-10-02,mix,-0.00311988888067,0.4298081003381005,0.42152625671363897,0.008281843624461549,8.281843624461549e-06,-0.0013492242511238262,1.7233100574413625,1.720984925719657,0.45000000000000001,ABSTAIN,0.050000000000000003,0,0,True
2024-10-02,2024-10-03,mix,0.0017396122066362,0.4295341037630471,0.42904247283623836,0.0004916309268087615,4.916309268087615e-07,0.0007467307717878846,1.720984925719657,1.722270038121475,0.45000000000000001,ABSTAIN,0.050000000000000003,0,0,True
2024-10-03,2024-10-04,mix,0.0218892795533256,0.4299734781880189,0.4299600505930951,1.34275949237872e-05,1.3427594923787201e-08,0.00941179611060039,1.722270038121475,1.7384796925676704,0.45000000000000001,ABSTAIN,0.050000000000000003,0,0,True
2024-10-04,2024-10-05,mix,-0.0003157165638439,0.4314157977997144,0.4352884359442948,0.003872638144580387,3.872638144580387e-06,-0.00014007722394082656,1.7384796925676704,1.738236171158458,0.45000000000000001,ABSTAIN,0.050000000000000003,0,0,True
2024-10-05,2024-10-06,mix,0.0122137109378777,0.4313474153640013,0.43133834317433456,9.072189666725627e-06,9.072189666725627e-09,0.005268343525071328,1.738236171158458,1.7473937964358255,0.45000000000000001,ABSTAIN,0.050000000000000003,0,0,True
2024-10-06,2024-10-07,bull,-0.0091341209881024,0.4637231601595427,0.4343275771690583,0.029395582990484392,2.939558299048439e-05,-0.004264974521900666,1.7473937964358255,1.7399412064142994,0.45000000000000001,BTC,0.050000000000000003,0,0,True
2024-10-07,2024-10-08,mix,-0.0014233937820504,0.4313497622091345,0.4614419881307061,0.03009222592157157,3.009222592157157e-05,-0.0006440543192969272,1.7399412064142994,1.7388205897649855,0.45000000000000001,ABSTAIN,0.050000000000000003,0,0,True
2024-10-08,2024-10-09,mix,-0.0245861286741637,0.4313971655924803,0.4310004075153426,0.0003967580771377377,3.967580771377377e-07,-0.010606778772834002,1.7388205897649855,1.7203773044436996,0.45000000000000001,ABSTAIN,0.050000000000000003,0,0,True
2024-10-09,2024-10-10,mix,-0.0051559654817513,0.4297802069333885,0.4253016933909228,0.004478513542465701,4.478513542465701e-06,-0.0022204005011497996,1.7203773044436996,1.716557377814746,0.45000000000000001,ABSTAIN,0.050000000000000003,0,0,True
2024-10-10,2024-10-11,mix,0.0361959141988388,0.4294525992118934,0.4285138324977316,0.000938766714161765,9.387667141617651e-07,0.015543476074235008,1.716557377814746,1.7432386463468612,0.45000000000000001,ABSTAIN,0.050000000000000003,0,0,True
2024-10-11,2024-10-12,mix,0.0112913083965604,0.4300982467222731,0.43818568222923454,0.008087435506961449,8.087435506961449e-06,0.004848245233459281,1.7432386463468612,1.7516902948047943,0.45000000000000001,ABSTAIN,0.050000000000000003,0,0,True
2024-10-12,2024-10-13,mix,-0.0052875479985,0.4303215984651558,0.4328525258043854,0.002530927339229605,2.530927339229605e-06,-0.0022778712752793417,1.7516902948047943,1.7477001697990728,0.45000000000000001,ABSTAIN,0.050000000000000003,0,0,True
2024-10-13,2024-10-14,mix,0.0510697317837027,0.4299255866879147,0.42902242686712877,0.0009031598207859259,9.031598207859259e-07,0.021955261409338345,1.7477001697990728,1.7860713838921565,0.45000000000000001,ABSTAIN,0.050000000000000003,0,0,True
2024-10-14,2024-10-15,mix,0.015069224914008,0.4339009097311505,0.4421733318759828,0.008272422144832314,8.272422144832315e-06,0.006530223887337261,1.7860713838921565,1.7977348299077385,0.45000000000000001,ABSTAIN,0.050000000000000003,0,0,True
2024-10-15,2024-10-16,bull,0.0080563527263239,0.46508434926684866,0.43757833215193864,0.02750601711491002,2.750601711491002e-05,0.003719274486228219,1.7977348299077385,1.8044210991936183,0.45000000000000001,BTC,0.050000000000000003,0,0,True
2024-10-16,2024-10-17,bull,-0.0029504021864033,0.4663518598412953,0.4670811342066676,0.00072927436537229,7.2927436537229e-07,-0.0013766538178471288,1.8044210991936183,1.8019370359984095,0.45000000000000001,BTC,0.050000000000000003,0,0,True
2024-10-17,2024-10-18,bull,0.0149024598625895,0.4657545683769282,0.4656165880529529,0.00013798032397527304,1.3798032397527305e-07,0.00694074982302495,1.8019370359984095,1.8144438301621175,0.45000000000000001,BTC,0.050000000000000003,0,0,True
2024-10-18,2024-10-19,bull,-0.0007468238065799,0.46570553421827393,0.4694371461264125,0.003731611908138588,3.731611908138588e-06,-0.00035153029386381096,1.8144438301621175,1.8138059981893013,0.45000000000000001,BTC,0.050000000000000003,0,0,True
2024-10-19,2024-10-20,bull,0.0096311355525653,0.46492518463212956,0.46551964196053885,0.0005944573284092924,5.944573284092924e-07,0.004477160355829346,1.8138059981893013,1.82192669849756,0.45000000000000001,BTC,0.050000000000000003,0,0,True
2024-10-20,2024-10-21,bull,-0.0240357523123836,0.464260653645319,0.46731043929442995,0.0030497856491109587,3.0497856491109587e-06,-0.011161869832940319,1.82192669849756,1.8015905898437714,0.45000000000000001,BTC,0.050000000000000003,0,0,True
2024-10-21,2024-10-22,mix,0.0008312144785687,0.4312069543708446,0.4582149533675442,0.02700799899669959,2.700799899669959e-05,0.0003314077843812324,1.8015905898437714,1.8021876509895136,0.45000000000000001,ABSTAIN,0.050000000000000003,0,0,True
2024-10-22,2024-10-23,mix,-0.0113247898106554,0.4310940497019906,0.4314107512360062,0.0003167015340155843,3.167015340155843e-07,-0.004882364656880744,1.8021876509895136,1.7933887136972555,0.45000000000000001,ABSTAIN,0.050000000000000003,0,0,True
2024-10-23,2024-10-24,mix,0.0229180198518834,0.4308861669750727,0.4283029966316877,0.0025831703433850106,2.5831703433850106e-06,0.009872449049336929,1.7933887136972555,1.8110938523988875,0.45000000000000001,ABSTAIN,0.050000000000000003,0,0,True
2024-10-24,2024-10-25,mix,-0.0219191541467778,0.4322496436490549,0.43645124347862274,0.004201599829567859,4.201599829567859e-06,-0.009478708360609822,1.8110938523988875,1.7939270219583052,0.45000000000000001,ABSTAIN,0.050000000000000003,0,0,True
2024-10-25,2024-10-26,mix,0.0058473569946384,0.4305781784487101,0.42681901370188896,0.003759164746821142,3.759164746821142e-06,0.0025139756941281455,1.7939270219583052,1.798436910888548,0.45000000000000001,ABSTAIN,0.050000000000000003,0,0,True
2024-10-26,2024-10-27,mix,0.0136807837011156,0.4317141993777713,0.43200823648708425,0.00029403710931297233,2.940371093129723e-07,0.005905892808639734,1.798436910888548,1.809058286507357,0.45000000000000001,ABSTAIN,0.050000000000000003,0,0,True
2024-10-27,2024-10-28,mix,0.0286671783967555,0.4322829606171944,0.43505089532940683,0.0027679347122124276,2.7679347122124277e-06,0.012389530514010483,1.809058286507357,1.8314716693496633,0.45000000000000001,ABSTAIN,0.050000000000000003,0,0,True
2024-10-28,2024-10-29,mix,0.0396874522008001,0.4331843479775955,0.43923218201311803,0.006047834035522559,6.047834035522559e-06,0.01718583129619944,1.8314716693496633,1.8629470324828754,0.45000000000000001,ABSTAIN,0.050000000000000003,0,0,True
2024-10-29,2024-10-30,bull,-0.0052605237974765,0.4647012931878234,0.4427643341304472,0.021936959057376193,2.1936959057376194e-05,-0.0024664555441095137,1.8629470324828754,1.8583521564462258,0.45000000000000001,BTC,0.050000000000000003,0,0,True
2024-10-30,2024-10-31,bull,-0.0285565006814305,0.4657001618395961,0.4633895100957866,0.002310651743809511,2.310651743809511e-06,-0.01330104691183942,1.8583521564462258,1.8336341272346166,0.45000000000000001,BTC,0.050000000000000003,0,0,True
2024-10-31,2024-11-01,bull,-0.0110213454976965,0.4640154295241189,0.45849886441319454,0.005516565110924354,5.516565110924354e-06,-0.005119562718034154,1.8336341272346166,1.8242467223183112,0.45000000000000001,BTC,0.050000000000000003,0,0,True
2024-11-01,2024-11-02,bull,-0.002609801574513,0.4344761062841441,0.4612602745045299,0.026784168220385762,2.678416822038576e-05,-0.0011606502240164573,1.8242467223183112,1.8221294099513912,0.45000000000000001,ABSTAIN,0.050000000000000003,0,0,True
2024-11-02,2024-11-03,mix,-0.0080229871130228,0.4337617163672931,0.43383413283068556,7.241646339245511e-05,7.241646339245512e-08,-0.0034801368249868236,1.8221294099513912,1.8157881502919277,0.45000000000000001,ABSTAIN,0.050000000000000003,0,0,True
2024-11-03,2024-11-04,mix,-0.0133896372815895,0.4331462131941045,0.4317842889517118,0.0013619242423927314,1.3619242423927314e-06,-0.005801024710093361,1.8157881502919277,1.8052547183637895,0.45000000000000001,ABSTAIN,0.050000000000000003,0,0,True
2024-11-04,2024-11-05,mix,0.0224749737651954,0.4327392106836611,0.42983946988208466,0.002899740801576456,2.899740801576456e-06,0.009722874464178854,1.8052547183637895,1.8228069833663072,0.45000000000000001,ABSTAIN,0.050000000000000003,0,0,True
2024-11-05,2024-11-06,bull,0.0895526690950605,0.46391614242482054,0.43820313597619,0.02571300644863056,2.571300644863056e-05,0.04151814753895633,1.8228069833663072,1.8984865526367494,0.45000000000000001,BTC,0.050000000000000003,0,0,True
2024-11-06,2024-11-07,bull,0.0037348037938091,0.4667513764716749,0.4852993445057167,0.018547968034041795,1.8547968034041795e-05,0.0017246445102998553,1.8984865526367494,1.9017607670476324,0.45000000000000001,BTC,0.050000000000000003,0,0,True
2024-11-07,2024-11-08,bull,0.0085503093506404,0.4668638246712131,0.46767933106948856,0.000815506398275434,8.15506398275434e-07,0.003991011363800645,1.9017607670476324,1.9093507158801497,0.45000000000000001,BTC,0.050000000000000003,0,0,True
2024-11-08,2024-11-09,bull,0.0023916160136334,0.466884619026949,0.46898355212500953,0.002098933098060529,2.0989330980605293e-06,0.0011145074545988454,1.9093507158801497,1.9114787014864418,0.45000000000000001,BTC,0.050000000000000003,0,0,True
2024-11-09,2024-11-10,bull,0.0480858614633841,0.4668893784194369,0.46747923636127126,0.0005898579418343597,5.898579418343597e-07,0.022450174868690942,1.9114787014864418,1.9543917325925908,0.45000000000000001,BTC,0.050000000000000003,0,0,True
2024-11-10,2024-11-11,bull,0.1029450729892957,0.46689076149116826,0.47859531914159614,0.011704557650427883,1.1704557650427883e-05,0.048051836393015135,1.9543917325925908,2.0483038443749915,0.45000000000000001,BTC,0.050000000000000003,0,0,True
2024-11-11,2024-11-12,bull,-0.0081521156815441,0.46689155066110716,0.4913390920283602,0.024447541367253023,2.4447541367253023e-05,-0.0038305084219864005,2.0483038443749915,2.040457799248326,0.45000000000000001,BTC,0.050000000000000003,0,0,True
2024-11-12,2024-11-13,bull,0.0282108633827335,0.46689151018528824,0.46485470529361644,0.002036804891671795,2.036804891671795e-06,0.013169348975905937,2.040457799248326,2.0673293000772364,0.45000000000000001,BTC,0.050000000000000003,0,0,True
2024-11-13,2024-11-14,bull,-0.0345954865066322,0.46689156016905753,0.4738220174982716,0.006930457329214046,6.930457329214046e-06,-0.016159159184110594,2.0673293000772364,2.033922996831312,0.45000000000000001,BTC,0.050000000000000003,0,0,True
2024-11-14,2024-11-15,bull,0.0429869177721264,0.4668911755759254,0.45813924058738004,0.008751934988545373,8.751934988545374e-06,0.02006128498482962,2.033922996831312,2.074726105707944,0.45000000000000001,BTC,0.050000000000000003,0,0,True
2024-11-15,2024-11-16,bull,-0.0055729764461016,0.4668915309812922,0.4773802647571026,0.010488733775810388,1.0488733775810389e-05,-0.0026124369473905507,2.074726105707944,2.0693060145736766,0.45000000000000001,BTC,0.050000000000000003,0,0,True
2024-11-16,2024-11-17,bull,-0.0077911090346602,0.46689151465589396,0.46550077709583104,0.0013907375600629157,1.3907375600629157e-06,-0.003638988376651109,2.0693060145736766,2.0617758340389085,0.45000000000000001,BTC,0.050000000000000003,0,0,True
2024-11-17,2024-11-18,bull,0.0071799335883973,0.46689141757123803,0.46494519786404404,0.0019462197071939968,1.946219707193997e-06,0.0033502966272331847,2.0617758340389085,2.0686833946618,0.45000000000000001,BTC,0.050000000000000003,0,0,True
2024-11-18,2024-11-19,bull,0.0194576182018531,0.46689153435651276,0.4686725596490315,0.001781025292518723,1.7810252925187232e-06,0.009082800011996683,2.0686833946618,2.0874728322236518,0.45000000000000001,BTC,0.050000000000000003,0,0,True
2024-11-19,2024-11-20,bull,0.022384192404097,0.4668915579385794,0.4716910087482529,0.004799450809673533,4.799450809673534e-06,0.01044614085492146,2.0874728322236518,2.109278867459882,0.45000000000000001,BTC,0.050000000000000003,0,0,True
2024-11-20,2024-11-21,bull,0.0431647047470995,0.4668915814145143,0.47240544361659415,0.005513862202079833,5.5138622020798334e-06,0.020147612276288696,2.109278867459882,2.151775800264033,0.45000000000000001,BTC,0.050000000000000003,0,0,True
2024-11-21,2024-11-22,bull,0.0056437389770722,0.4668915852436468,0.47742319573773134,0.01053161049408452,1.053161049408452e-05,0.0026244548762688336,2.151775800264033,2.1574230387556734,0.45000000000000001,BTC,0.050000000000000003,0,0,True
2024-11-22,2024-11-23,bull,-0.012440146892187,0.46689158588216706,0.4682926417030527,0.0014010558208856216,1.4010558208856217e-06,-0.005809592829308929,2.1574230387556734,2.1448892893399325,0.45000000000000001,BTC,0.050000000000000003,0,0,True
2024-11-23,2024-11-24,bull,0.0024176296584406,0.466891583762386,0.463777096059168,0.003114487703217983,3.114487703217983e-06,0.0011256529369336743,2.1448892893399325,2.1473036902678757,0.45000000000000001,BTC,0.050000000000000003,0,0,True
2024-11-24,2024-11-25,bull,-0.0497349267679036,0.46689158496822963,0.4674926625703094,0.0006010776020797803,6.010776020797804e-07,-0.023221405907033366,2.1473036902678757,2.0974402796704945,0.45000000000000001,BTC,0.050000000000000003,0,0,True
2024-11-25,2024-11-26,bull,-0.0116779348494159,0.4668914193697055,0.4542180819520467,0.012673337417658803,1.2673337417658803e-05,-0.005464931815381213,2.0974402796704945,2.0859779115552612,0.45000000000000001,BTC,0.050000000000000003,0,0,True
2024-11-26,2024-11-27,bull,0.0424994781338063,0.46689092732329146,0.46396880168491905,0.002922125638372408,2.922125638372408e-06,0.019839640648379397,2.0859779115552612,2.1273629637209748,0.45000000000000001,BTC,0.050000000000000003,0,0,True
2024-11-27,2024-11-28,bull,-0.0025144285020013,0.4668913731241921,0.47726339159940145,0.010372018475209355,1.0372018475209355e-05,-0.0011843248180107846,2.1273629637209748,2.124843474966123,0.45000000000000001,BTC,0.050000000000000003,0,0,True
2024-11-28,2024-11-29,bull,0.0187410803435603,0.466891276869804,0.466264786677335,0.0006264901924689648,6.264901924689648e-07,0.008749414959513313,2.124843474966123,2.143434612252616,0.45000000000000001,BTC,0.050000000000000003,0,0,True
2024-11-29,2024-11-30,bull,-0.010594429278105,0.46689149988619527,0.4715155406913361,0.004624040805140839,4.6240408051408385e-06,-0.0049510501443158494,2.143434612252616,2.132822360006291,0.45000000000000001,BTC,0.050000000000000003,0,0,True
2024-11-30,2024-12-01,bull,0.0082536613498993,0.46279608657817206,0.46424139729440933,0.0014453107162372691,1.4453107162372692e-06,0.0038183113412155745,2.132822360006291,2.140966139812301,0.45000000000000001,BTC,0.050000000000000003,0,0,True
2024-12-01,2024-12-02,bull,-0.0139380708508312,0.462796126138295,0.4648402694731773,0.002044143334882287,2.0441433348822868e-06,-0.006452516153224397,2.140966139812301,2.1271515212116556,0.45000000000000001,BTC,0.050000000000000003,0,0,True
2024-12-02,2024-12-03,bull,0.0005435769239596,0.4627961154323541,0.4593084029964351,0.0034877124359189993,3.4877124359189994e-06,0.00024807669902360274,2.1271515212116556,2.127679217939361,0.45000000000000001,BTC,0.050000000000000003,0,0,True
2024-12-03,2024-12-04,bull,0.028541575641797,0.4627961207788233,0.462931223294297,0.0001351025154736618,1.351025154736618e-07,0.0132087936008638,2.127679217939361,2.155783293577969,0.45000000000000001,BTC,0.050000000000000003,0,0,True
2024-12-04,2024-12-05,bull,-0.0168802807905446,0.46279613111378104,0.4697995022976444,0.0070033711838633494,7.003371183863349e-06,-0.007819077301925548,2.155783293577969,2.1389270573592833,0.45000000000000001,BTC,0.050000000000000003,0,0,True
2024-12-05,2024-12-06,bull,0.0287705164853748,0.46279609925257265,0.4585663820391794,0.004229717213393269,4.229717213393269e-06,0.013310596767510896,2.1389270573592833,2.1673974529349116,0.45000000000000001,BTC,0.050000000000000003,0,0,True
2024-12-06,2024-12-07,bull,0.0007648302387612,0.46279611994425496,0.469854918876276,0.007058798932021049,7.058798932021049e-06,0.00034689916944685706,2.1673974529349116,2.168149321311196,0.45000000000000001,BTC,0.050000000000000003,0,0,True
2024-12-07,2024-12-08,bull,0.0128088784719091,0.46279612699803935,0.46298620159907666,0.00019007460103731555,1.9007460103731555e-07,0.005927708146644006,2.168149321311196,2.181001477706273,0.45000000000000001,BTC,0.050000000000000003,0,0,True
2024-12-08,2024-12-09,bull,-0.0371494860348234,0.4627961299104845,0.4659618513909795,0.0031657214804949874,3.1657214804949874e-06,-0.017195749659455806,2.181001477706273,2.1434975222887327,0.45000000000000001,BTC,0.050000000000000003,0,0,True
2024-12-09,2024-12-10,bull,-0.0077968845329777,0.46279607070147094,0.4533986098803067,0.009397460821164216,9.397460821164217e-06,-0.003617731076903885,2.1434975222887327,2.1357429246890822,0.45000000000000001,BTC,0.050000000000000003,0,0,True
2024-12-10,2024-12-11,bull,0.046851821371155,0.46279585556562225,0.46085062159299306,0.00194523397262919,1.94523397262919e-06,0.021680841344123625,2.1357429246890822,2.1820476281911008,0.45000000000000001,BTC,0.050000000000000003,0,0,True
2024-12-11,2024-12-12,bull,-0.0110386823592699,0.46279607087199304,0.4741967572379246,0.011400686365931556,1.1400686365931556e-05,-0.00512000126762302,2.1820476281911008,2.1708755415687486,0.45000000000000001,BTC,0.050000000000000003,0,0,True
2024-12-12,2024-12-13,bull,0.0141615980017979,0.4627959939133861,0.4600375871271257,0.002758406786260381,2.7584067862603813e-06,0.006551154337450349,2.1708755415687486,2.1850972822889614,0.45000000000000001,BTC,0.050000000000000003,0,0,True
2024-12-13,2024-12-14,bull,-8.38047762806715e-05,0.4627960142814285,0.4662938669887625,0.0034978527073339927,3.497852707333993e-06,-4.2282233485346765e-05,2.1850972822889614,2.1850048914954834,0.45000000000000001,BTC,0.050000000000000003,0,0,True
2024-12-14,2024-12-15,bull,0.0298300986908597,0.4627960134281398,0.46277517827649817,2.0835151641640515e-05,2.0835151641640517e-08,0.01380522963151165,2.1850048914954834,2.215169385768555,0.45000000000000001,BTC,0.050000000000000003,0,0,True
2024-12-15,2024-12-16,bull,0.0154591499669676,0.4627960883662835,0.4701112603508748,0.007315171984591307,7.315171984591307e-06,0.007147066626279619,2.215169385768555,2.2310013489571374,0.45000000000000001,BTC,0.050000000000000003,0,0,True
2024-12-16,2024-12-17,bull,0.0007665645837733,0.46279612006569737,0.4666121764180743,0.0038160563523769175,3.816056352376918e-06,0.00035094570500171507,2.2310013489571374,2.231784309298407,0.45000000000000001,BTC,0.050000000000000003,0,0,True
2024-12-17,2024-12-18,bull,-0.0559747651426573,0.46279612648388985,0.46298663260079315,0.00019050611690329955,1.9050611690329954e-07,-0.02590509005994146,2.231784309298407,2.1739697357716676,0.45000000000000001,BTC,0.050000000000000003,0,0,True
2024-12-18,2024-12-19,bull,-0.0272630736403394,0.46279570296371925,0.44850982620518637,0.014285876758532878,1.4285876758532879e-05,-0.012631338958850602,2.1739697357716676,2.146509587152853,0.45000000000000001,BTC,0.050000000000000003,0,0,True
2024-12-19,2024-12-20,bull,0.0033816886076285,0.4627915668449656,0.4559310581769507,0.0068605086680149086,6.860508668014909e-06,0.0015581457238256213,2.146509587152853,2.149854161887226,0.45000000000000001,BTC,0.050000000000000003,0,0,True
2024-12-20,2024-12-21,bull,-0.0055462561237354,0.4627903399012152,0.4636309934420387,0.0008406535408234661,8.406535408234661e-07,-0.002567592252472828,2.149854161887226,2.144334212997218,0.45000000000000001,BTC,0.050000000000000003,0,0,True
2024-12-21,2024-12-22,bull,-0.0212794835753645,0.4345007892551804,0.4614079066222182,0.026907117367037825,2.6907117367037826e-05,-0.009272610743878973,2.144334212997218,2.1244506365353124,0.45000000000000001,ABSTAIN,0.050000000000000003,0,0,True
2024-12-22,2024-12-23,bull,-0.0034848367054056,0.4343768910522811,0.42922341612481935,0.005153474927461765,5.153474927461765e-06,-0.001518878207863783,2.1244506365353124,2.121223854759797,0.45000000000000001,ABSTAIN,0.050000000000000003,0,0,True
2024-12-23,2024-12-24,bull,0.0402310544521418,0.4343892569955519,0.43351939092448927,0.0008698660710626527,8.698660710626527e-07,0.017475052783817002,2.121223854759797,2.158292353588016,0.45000000000000001,ABSTAIN,0.050000000000000003,0,0,True
2024-12-24,2024-12-25,bull,0.0073296232520945,0.4344893281283196,0.44410405989676044,0.009614731768440854,9.614731768440854e-06,0.0031749977309787347,2.158292353588016,2.1651449269134466,0.45000000000000001,ABSTAIN,0.050000000000000003,0,0,True
2024-12-25,2024-12-26,bull,-0.0363573069272663,0.4627876106360159,0.43628456060274584,0.02650305003327008,2.6503050033270082e-05,-0.016851768319397276,2.1651449269134466,2.1286584062271827,0.45000000000000001,BTC,0.050000000000000003,0,0,True
2024-12-26,2024-12-27,bull,-0.015680059136939,0.4627357236639137,0.45359394007263915,0.009141783591274544,9.141783591274543e-06,-0.007264798965161523,2.1286584062271827,2.113194130840441,0.45000000000000001,BTC,0.050000000000000003,0,0,True
2024-12-27,2024-12-28,bull,0.0106983863320317,0.434172295130325,0.45880899133797665,0.02463669620765163,2.463669620765163e-05,0.004620191815713159,2.113194130840441,2.122957493068763,0.45000000000000001,ABSTAIN,0.050000000000000003,0,0,True
2024-12-28,2024-12-29,bull,-0.0164580808001301,0.4343756489742006,0.4367883809683603,0.0024127319941597003,2.4127319941597005e-06,-0.0071513850118247735,2.122957493068763,2.10777540667209,0.45000000000000001,ABSTAIN,0.050000000000000003,0,0,True
2024-12-29,2024-12-30,bull,-0.0099929254569376,0.4333297436215477,0.43030289030259916,0.0030268533189485303,3.0268533189485304e-06,-0.004333245572626376,2.10777540667209,2.0986418982230375,0.45000000000000001,ABSTAIN,0.050000000000000003,0,0,True
2024-12-30,2024-12-31,bull,0.0083789790450075,0.4325905973572505,0.4308652582493752,0.0017253391078752567,1.7253391078752566e-06,0.003622935957435125,2.0986418982230375,2.1062451434178895,0.45000000000000001,ABSTAIN,0.050000000000000003,0,0,True
2024-12-31,2025-01-01,bull,0.0107207141727199,0.4286417485790875,0.434639839983508,0.005998091404420536,5.998091404420536e-06,0.004589320014303455,2.1062451434178895,2.1159113764096067,0.45000000000000001,ABSTAIN,0.050000000000000003,0,0,True
2025-01-01,2025-01-02,bull,0.0253785419235577,0.4284047886035596,0.43125532694916485,0.0028505383456052247,2.8505383456052247e-06,0.010869407357606331,2.1159113764096067,2.1389100790923963,0.45000000000000001,ABSTAIN,0.050000000000000003,0,0,True
2025-01-02,2025-01-03,bull,0.0124535891089108,0.4569301127449027,0.4345524972048496,0.022377615540053075,2.2377615540053074e-05,0.005667914922045103,2.1389100790923963,2.1510332394465967,0.45000000000000001,BTC,0.050000000000000003,0,0,True
2025-01-03,2025-01-04,bull,0.0005337815468458,0.428329571245449,0.46000292284551564,0.031673351600066624,3.167335160006663e-05,0.00019695382788076365,2.1510332394465967,2.1514568936770044,0.45000000000000001,ABSTAIN,0.050000000000000003,0,0,True
2025-01-04,2025-01-05,bull,0.0013011619844858,0.4569019614342694,0.42846024490649004,0.02844171652777938,2.844171652777938e-05,0.0005660448376283433,2.1514568936770044,2.15267471474505,0.45000000000000001,BTC,0.050000000000000003,0,0,True
2025-01-05,2025-01-06,bull,0.0396653912597855,0.4283231722482104,0.4572246432634019,0.02890147101519147,2.8901471015191473e-05,0.01696021371723111,2.15267471474505,2.1891845379708057,0.45000000000000001,ABSTAIN,0.050000000000000003,0,0,True
2025-01-06,2025-01-07,bull,-0.0520192432764425,0.4568985520596136,0.43787348045704944,0.01902507160256417,1.902507160256417e-05,-0.023786089825134415,2.1891845379708057,2.137112397906837,0.45000000000000001,BTC,0.050000000000000003,0,0,True
2025-01-07,2025-01-08,bull,-0.0192221587169271,0.4285734411839552,0.4436761146958354,0.015102673511880216,1.5102673511880216e-05,-0.008253084964373492,2.137112397906837,2.1194746277084957,0.45000000000000001,ABSTAIN,0.050000000000000003,0,0,True
2025-01-08,2025-01-09,bull,-0.0265792612757793,0.4287796336825732,0.4238268654188211,0.0049527682637521275,4.952768263752128e-06,-0.011401542236699647,2.1194746277084957,2.095309348221064,0.45000000000000001,ABSTAIN,0.050000000000000003,0,0,True
2025-01-09,2025-01-10,mix,0.0236038979984829,0.4291085223758589,0.42219459001817383,0.00691393235768506,6.91393235768506e-06,0.010121649831392965,2.095309348221064,2.1165173357322016,0.45000000000000001,ABSTAIN,0.050000000000000003,0,0,True
2025-01-10,2025-01-11,mix,-0.0011834369500476,0.4290255764565757,0.4348328930338515,0.0058073165772757895,5.8073165772757894e-06,-0.0005135290877532617,2.1165173357322016,2.115430442515569,0.45000000000000001,ABSTAIN,0.050000000000000003,0,0,True
2025-01-11,2025-01-12,mix,-0.000741977761806,0.4289235876954987,0.42873553136436643,0.00018805633113228026,1.8805633113228027e-07,-0.00031843976006606933,2.115430442515569,2.114756805353018,0.45000000000000001,ABSTAIN,0.050000000000000003,0,0,True
2025-01-12,2025-01-13,mix,-6.029079200942089e-05,0.4290781251394735,0.4287417837607187,0.00033634137875482306,3.3634137875482306e-07,-2.6205792676425865e-05,2.114756805353018,2.1147013864746156,0.45000000000000001,ABSTAIN,0.050000000000000003,0,0,True
2025-01-13,2025-01-14,bull,0.0212194071894229,0.4288082074068796,0.4290633553167822,0.0002551479099026088,2.5514790990260883e-07,0.009098798489618032,2.1147013864746156,2.133942628255864,0.45000000000000001,ABSTAIN,0.050000000000000003,0,0,True
2025-01-14,2025-01-15,bull,0.0409945505639508,0.4287614717953599,0.4339586493317929,0.005197177536433006,5.1971775364330064e-06,0.01757159530766672,2.133942628255864,2.171439404529355,0.45000000000000001,ABSTAIN,0.050000000000000003,0,0,True
2025-01-15,2025-01-16,bull,-0.0049283680166527,0.4284951641735809,0.43862863113442335,0.010133466960842441,1.0133466960842441e-05,-0.002121893929692642,2.171439404529355,2.1668318404381886,0.45000000000000001,ABSTAIN,0.050000000000000003,0,0,True
2025-01-16,2025-01-17,bull,0.0408021639026243,0.4286420210203694,0.42728571653742525,0.0013563044829441595,1.3563044829441595e-06,0.017488141971625293,2.1668318404381886,2.20472570329241,0.45000000000000001,ABSTAIN,0.050000000000000003,0,0,True
2025-01-17,2025-01-18,bull,0.0043426087741833,0.45695781156692233,0.438463034137084,0.01849477742983835,1.849477742983835e-05,0.001965857523679393,2.20472570329241,2.2090598799038768,0.45000000000000001,BTC,0.050000000000000003,0,0,True
2025-01-18,2025-01-19,bull,-0.0307776488493536,0.4569188370484457,0.45803328435686325,0.0011144473084175321,1.1144473084175321e-06,-0.014063986294293285,2.2090598799038768,2.1779916920296354,0.45000000000000001,BTC,0.050000000000000003,0,0,True
2025-01-19,2025-01-20,bull,0.0086676306140476,0.4287152130148678,0.4491726134690939,0.02045740045422606,2.045740045422606e-05,0.0036954116860044017,2.1779916920296354,2.186040267980382,0.45000000000000001,ABSTAIN,0.050000000000000003,0,0,True
2025-01-20,2025-01-21,bull,0.0387435333671892,0.4572215247965028,0.43083021668511096,0.026391308111391842,2.6391308111391844e-05,0.01768751858844686,2.186040267980382,2.2247058958553785,0.45000000000000001,BTC,0.050000000000000003,0,0,True
2025-01-21,2025-01-22,bull,-0.0232899888090492,0.4569139185510396,0.4666691487753072,0.009755230224267608,9.755230224267609e-06,-0.010651171469498788,2.2247058958553785,2.201010171889418,0.45000000000000001,BTC,0.050000000000000003,0,0,True
2025-01-22,2025-01-23,bull,0.0021922210391494,0.456933189910183,0.4510724955061072,0.005860694404075828,5.860694404075828e-06,0.0009958319873535348,2.201010171889418,2.203202008223076,0.45000000000000001,BTC,0.050000000000000003,0,0,True
2025-01-23,2025-01-24,bull,0.0091442671257726,0.4569370869749342,0.4574766347797709,0.0005395478048367264,5.395478048367264e-07,0.0041778129807441555,2.203202008223076,2.212406574172232,0.45000000000000001,BTC,0.050000000000000003,0,0,True
2025-01-24,2025-01-25,bull,-0.0011386360970531,0.4569152637479998,0.45919675480115707,0.0022814910531572807,2.2814910531572806e-06,-0.0005225405166822128,2.212406574172232,2.211250502097853,0.45000000000000001,BTC,0.050000000000000003,0,0,True
2025-01-25,2025-01-26,bull,-0.0200977822840496,0.45690314338155824,0.4566325712940224,0.0002705720875358364,2.705720875358364e-07,-0.00918300798807492,2.211250502097853,2.1909445710734534,0.45000000000000001,BTC,0.050000000000000003,0,0,True
2025-01-26,2025-01-27,bull,-0.0053206518456163,0.45692631791646654,0.45186980638190855,0.005056511534557995,5.056511534557995e-06,-0.0024361900751503907,2.1909445710734534,2.1856070136541996,0.45000000000000001,BTC,0.050000000000000003,0,0,True
2025-01-27,2025-01-28,bull,-0.0072718937974388,0.45696777988315834,0.45560280894100647,0.0013649709421518774,1.3649709421518774e-06,-0.0033243815992765047,2.1856070136541996,2.1783412219147578,0.45000000000000001,BTC,0.050000000000000003,0,0,True
2025-01-28,2025-01-29,bull,0.023411113840944,0.45698852922157907,0.45515725591341866,0.0018312733081604082,1.8312733081604082e-06,0.010696759616224183,2.1783412219147578,2.201642414327692,0.45000000000000001,BTC,0.050000000000000003,0,0,True
2025-01-29,2025-01-30,bull,0.009688397832668,0.45693000002559514,0.4627365021114767,0.005806502085881571,5.806502085881571e-06,0.0044210874149248625,2.201642414327692,2.2113760678978407,0.45000000000000001,BTC,0.050000000000000003,0,0,True
2025-01-30,2025-01-31,bull,-0.0219876650602662,0.4569230544772931,0.4593235312940249,0.0024004768167318336,2.4004768167318334e-06,-0.010049047440176206,2.2113760678978407,2.189153844883465,0.45000000000000001,BTC,0.050000000000000003,0,0,True
2025-01-31,2025-02-01,bull,-0.0173416048160492,0.4526065455139967,0.451411566931877,0.001194978582119699,1.1949785821196991e-06,-0.007850109448747089,2.189153844883465,2.1719687476009844,0.45000000000000001,BTC,0.050000000000000003,0,0,True
2025-02-01,2025-02-02,mix,-0.0294402273269216,0.4264254476689718,0.4482761066894743,0.02185065902050254,2.185065902050254e-05,-0.012575638461848726,2.1719687476009844,2.14465485388072,0.45000000000000001,ABSTAIN,0.050000000000000003,0,0,True
2025-02-02,2025-02-03,mix,0.0373875593873773,0.4286267393672143,0.4191332099041982,0.00949352946301607,9.49352946301607e-06,0.016015662006916065,2.14465485388072,2.1790029211419655,0.45000000000000001,ABSTAIN,0.050000000000000003,0,0,True
2025-02-03,2025-02-04,mix,-0.0349694238339167,0.4274583248159539,0.4376387513994719,0.010180426583517976,1.0180426583517976e-05,-0.014957999581683978,2.1790029211419655,2.1464093963590356,0.45000000000000001,ABSTAIN,0.050000000000000003,0,0,True
2025-02-04,2025-02-05,mix,-0.0122513380248563,0.4291425353362988,0.4187701171905177,0.010372418145781104,1.0372418145781104e-05,-0.0052678881456774684,2.1464093963590356,2.135102351744185,0.45000000000000001,ABSTAIN,0.050000000000000003,0,0,True
2025-02-05,2025-02-06,mix,-0.0002743404699814,0.429242861376162,0.42612534903771493,0.0031175123384470926,3.1175123384470927e-06,-0.00012087583355047116,2.135102351744185,2.1348442694677026,0.45000000000000001,ABSTAIN,0.050000000000000003,0,0,True
2025-02-06,2025-02-07,mix,-0.000572648722983,0.4292444359969261,0.4291756418484815,6.87941484445731e-05,6.87941484445731e-08,-0.0002458750553596678,2.1348442694677026,2.134319364514763,0.45000000000000001,ABSTAIN,0.050000000000000003,0,0,True
2025-02-07,2025-02-08,mix,-0.0006796976588767,0.4292562014722471,0.42910410620207695,0.00015209527017012725,1.5209527017012724e-07,-0.0002919164860931689,2.134319364514763,2.1336963215056732,0.45000000000000001,ABSTAIN,0.050000000000000003,0,0,True
2025-02-08,2025-02-09,mix,0.0002208446218114,0.4291537824096434,0.4290896301306329,6.41522790105209e-05,6.41522790105209e-08,9.471214641609826e-05,2.1336963215056732,2.1338984084640833,0.45000000000000001,ABSTAIN,0.050000000000000003,0,0,True
2025-02-09,2025-02-10,mix,0.0100083757302849,0.4291274977697539,0.429207879977574,8.038220782008443e-05,8.038220782008443e-08,0.004294788506437719,2.1338984084640833,2.1430630508226605,0.45000000000000001,ABSTAIN,0.050000000000000003,0,0,True
2025-02-10,2025-02-11,mix,-0.0170678413337342,0.4288405506978643,0.43156883529064083,0.00272828459277652,2.7282845927765198e-06,-0.007322090792016733,2.1430630508226605,2.1273713485915207,0.45000000000000001,ABSTAIN,0.050000000000000003,0,0,True
2025-02-11,2025-02-12,mix,0.0220273838722713,0.4291147931139596,0.42462919168583757,0.0044856014281220435,4.4856014281220434e-06,0.009447748272619405,2.1273713485915207,2.147470217575396,0.45000000000000001,ABSTAIN,0.050000000000000003,0,0,True
2025-02-12,2025-02-13,mix,-0.0129861372907797,0.4287595735366825,0.43446042937889245,0.005700855842209973,5.700855842209973e-06,-0.005573599800555495,2.147470217575396,2.135501077999019,0.45000000000000001,ABSTAIN,0.050000000000000003,0,0,True
2025-02-13,2025-02-14,mix,0.0092578216378809,0.4291681780753538,0.4255611377680376,0.0036070403073161783,3.6070403073161785e-06,0.003969541073611582,2.135501077999019,2.1439780372408777,0.45000000000000001,ABSTAIN,0.050000000000000003,0,0,True
2025-02-14,2025-02-15,mix,0.0007056077354297,0.4291880033257996,0.43142721013146523,0.002239206805665639,2.239206805665639e-06,0.00030059849017693985,2.1439780372408777,2.1446225138018447,0.45000000000000001,ABSTAIN,0.050000000000000003,0,0,True
2025-02-15,2025-02-16,mix,-0.0147714438566247,0.4291173716030282,0.4293608147694234,0.00024344316639518526,2.4344316639518524e-07,-0.006338925062593814,2.1446225138018447,2.1310279123993032,0.45000000000000001,ABSTAIN,0.050000000000000003,0,0,True
2025-02-16,2025-02-17,mix,-0.0036491452906989,0.4292391091932367,0.42547564373953284,0.0037634654537038736,3.7634654537038738e-06,-0.0015701134444238152,2.1310279123993032,2.1276819568236025,0.45000000000000001,ABSTAIN,0.050000000000000003,0,0,True
2025-02-17,2025-02-18,mix,-0.0014961166741316,0.4292224982681162,0.4283436919773155,0.0008788062908007266,8.788062908007266e-07,-0.0006430451785218727,2.1276819568236025,2.1263137611998393,0.45000000000000001,ABSTAIN,0.050000000000000003,0,0,True
2025-02-18,2025-02-19,mix,0.0105271963027249,0.4292004380963325,0.42885572830081886,0.00034470979551365355,3.4470979551365356e-07,0.004517930997765651,2.1263137611998393,2.1359203000525397,0.45000000000000001,ABSTAIN,0.050000000000000003,0,0,True
2025-02-19,2025-02-20,mix,0.017233208615466,0.429186575735706,0.43176786841773473,0.002581292682028724,2.5812926820287243e-06,0.007393661410012298,2.1359203000525397,2.1517125715499,0.45000000000000001,ABSTAIN,0.050000000000000003,0,0,True
2025-02-20,2025-02-21,mix,-0.0219173372474704,0.4291682919255039,0.4333774643481137,0.004209172422609819,4.209172422609819e-06,-0.009410395770046764,2.1517125715499,2.1314641046682303,0.45000000000000001,ABSTAIN,0.050000000000000003,0,0,True
2025-02-21,2025-02-22,mix,0.0041651240281377,0.429215006258754,0.42374793465639726,0.00546707160235671,5.46707160235671e-06,0.0017822568905350167,2.1314641046682303,2.1352629212557033,0.45000000000000001,ABSTAIN,0.050000000000000003,0,0,True
2025-02-22,2025-02-23,mix,-0.0030790390249814,0.4291853587876582,0.4302335968791417,0.001048238091483522,1.0482380914835222e-06,-0.0013225253215252142,2.1352629212557033,2.1324389819742287,0.45000000000000001,ABSTAIN,0.050000000000000003,0,0,True
2025-02-23,2025-02-24,mix,-0.0493492543019443,0.4289942013874425,0.42843004139402874,0.0005641599934137487,5.641599934137487e-07,-0.02117109615474788,2.1324389819742287,2.0872929112427197,0.45000000000000001,ABSTAIN,0.050000000000000003,0,0,True
2025-02-24,2025-02-25,mix,-0.0308441292338963,0.4268201491964787,0.4166442426957562,0.010175906500722531,1.0175906500722532e-05,-0.01317493778319867,2.0872929112427197,2.059792957001785,0.45000000000000001,ABSTAIN,0.050000000000000003,0,0,True
2025-02-25,2025-02-26,mix,-0.0504397537379067,0.4206132017485406,0.41917363054057954,0.0014395712079610656,1.4395712079610656e-06,-0.021217035344911928,2.059792957001785,2.0160902570298775,0.40000000000000002,ABSTAIN,0.050000000000000003,0,0,True
2025-02-26,2025-02-27,bear,0.0059599086598578,0.36952960203563245,0.4080547117132598,0.038525109677627345,3.8525109677627347e-05,0.002163752719304579,2.0160902570298775,2.0204525778058895,0.35000000000000003,CASH,0.050000000000000003,0,0,True
2025-02-27,2025-02-28,bear,-0.003935567186766,0.37852967677071814,0.3709150751935861,0.007614601577132063,7.6146015771320635e-06,-0.0014973322330005256,2.0204525778058895,2.0174272890358917,0.40000000000000002,CASH,0.050000000000000003,0,0,True
2025-02-28,2025-03-01,bear,0.0200328983233233,0.36908885795812163,0.3776024731409156,0.008513615182793977,8.513615182793976e-06,0.007385342999577826,2.0174272890358917,2.03232668154213,0.35000000000000003,CASH,0.050000000000000003,0,0,True
2025-03-01,2025-03-02,bear,0.0951940012733585,0.3729143564856583,0.37371952541157355,0.0008051689259152561,8.051689259152561e-07,0.035498375974363006,2.03232668154213,2.1044709781862423,0.35000000000000003,CASH,0.050000000000000003,0,0,True
2025-03-02,2025-03-03,mix,-0.0854547441205706,0.4194688148492158,0.3944122432694253,0.025056571579790465,2.5056571579790465e-05,-0.03586975864323039,2.1044709781862423,2.0289841121270187,0.40000000000000002,ABSTAIN,0.050000000000000003,0,0,True
2025-03-03,2025-03-04,bear,0.0122561614296303,0.3643367685900245,0.3978856651019901,0.033548896511965576,3.3548896511965574e-05,0.004431671545832794,2.0289841121270187,2.037975903283679,0.35000000000000003,CASH,0.050000000000000003,0,0,True
2025-03-04,2025-03-05,bear,0.0383355315855031,0.3735322042859312,0.3671626217921348,0.006369582493796377,6.369582493796378e-06,0.0143130948235215,2.037975903283679,2.06714564563543,0.35000000000000003,CASH,0.050000000000000003,0,0,True
2025-03-05,2025-03-06,bear,-0.0075133785151365,0.3755423679563159,0.3823763011905494,0.00683393323423348,6.83393323423348e-06,-0.0028284066095896065,2.06714564563543,2.0612989172283305,0.40000000000000002,CASH,0.050000000000000003,0,0,True
2025-03-06,2025-03-07,bear,-0.0378034691079484,0.3781250298067683,0.37377541771044565,0.004349612096322675,4.349612096322675e-06,-0.014298725320078587,2.0612989172283305,2.0318249702083073,0.40000000000000002,CASH,0.050000000000000003,0,0,True
2025-03-07,2025-03-08,bear,-0.0035744332680004,0.36922453734882615,0.36910676565750167,0.0001177716913244864,1.1777169132448639e-07,-0.0013198860859217065,2.0318249702083073,2.029143192701101,0.35000000000000003,CASH,0.050000000000000003,0,0,True
2025-03-08,2025-03-09,bear,-0.0641403170192258,0.3733696480450821,0.3683909596522219,0.004978688392860198,4.978688392860198e-06,-0.02395290704949471,2.029143192701101,1.980539314416217,0.35000000000000003,CASH,0.050000000000000003,0,0,True
2025-03-09,2025-03-10,bear,-0.0262195817160647,0.3615627717466585,0.35799487885013986,0.003567892896518654,3.567892896518654e-06,-0.009483558708482276,1.980539314416217,1.9617567535534934,0.35000000000000003,CASH,0.050000000000000003,0,0,True
2025-03-10,2025-03-11,bear,0.0552993984160539,0.359461975220613,0.35545244504448065,0.00400953017613237,4.00953017613237e-06,0.01987394175140511,1.9617567535534934,2.000744593004041,0.35000000000000003,CASH,0.050000000000000003,0,0,True
2025-03-11,2025-03-12,bear,0.0089627368667322,0.36259364046750525,0.3719464432801652,0.009352802812659933,9.352802812659934e-06,0.00324044819121605,2.000744593004041,2.0072279022015262,0.35000000000000003,CASH,0.050000000000000003,0,0,True
2025-03-12,2025-03-13,bear,-0.030647480466579,0.3616541853207257,0.3646583935628809,0.003004208242155193,3.004208242155193e-06,-0.011086760490503611,2.0072279022015262,1.9849742471999618,0.35000000000000003,CASH,0.050000000000000003,0,0,True
2025-03-13,2025-03-14,bear,0.0354734020384661,0.35993669728629757,0.35449959465388814,0.00543710263240943,5.43710263240943e-06,0.01276267264670139,1.9849742471999618,2.0103078237291077,0.35000000000000003,CASH,0.050000000000000003,0,0,True
2025-03-14,2025-03-15,bear,0.0043368966063366,0.36192497794053974,0.3680061085277411,0.006081130587201389,6.081130587201389e-06,0.00156354053285912,2.0103078237291077,2.013451021495032,0.35000000000000003,CASH,0.050000000000000003,0,0,True
2025-03-15,2025-03-16,bear,-0.0209019780344861,0.3627284501097964,0.36292495081993964,0.00019650071014326587,1.9650071014326588e-07,-0.007581937107570602,2.013451021495032,1.9981851624808828,0.35000000000000003,CASH,0.050000000000000003,0,0,True
2025-03-16,2025-03-17,bear,0.0174464508878835,0.35958499343204275,0.35785990955409797,0.0017250838779447886,1.7250838779447887e-06,0.006271746021771385,1.9981851624808828,2.010717272324435,0.35000000000000003,CASH,0.050000000000000003,0,0,True
2025-03-17,2025-03-18,bear,-0.0154726722852304,0.3601407855610324,0.3635775779950217,0.0034367924339893108,3.436792433989311e-06,-0.005575757992988151,2.010717272324435,1.9995059994216329,0.35000000000000003,CASH,0.050000000000000003,0,0,True
2025-03-18,2025-03-19,bear,0.0498300876097539,0.35981209858691304,0.35655529265431074,0.0032568059326023024,3.2568059326023025e-06,0.017926153196903716,1.9995059994216329,2.035349450285393,0.35000000000000003,CASH,0.050000000000000003,0,0,True
2025-03-19,2025-03-20,bear,-0.0303186282976933,0.3692268859404551,0.3710881536595154,0.001861267719060311,1.861267719060311e-06,-0.011196293144189018,2.035349450285393,2.012561081189134,0.35000000000000003,CASH,0.050000000000000003,0,0,True
2025-03-20,2025-03-21,bear,-0.0016007961229382,0.36476049046710196,0.36208578543092995,0.0026747050361720093,2.674705036172009e-06,-0.0005865803221973831,2.012561081189134,2.011380552461688,0.35000000000000003,CASH,0.050000000000000003,0,0,True
2025-03-21,2025-03-22,bear,-0.0027690122785711,0.36313820014281084,0.3643893528472183,0.0012511527044074544,1.2511527044074543e-06,-0.0010067840296413832,2.011380552461688,2.009355526643938,0.35000000000000003,CASH,0.050000000000000003,0,0,True
2025-03-22,2025-03-23,bear,0.0266804229459509,0.3608136314985626,0.36249716928535947,0.0016835377867968626,1.6835377867968627e-06,0.009624960548412886,2.009355526643938,2.0286954943156212,0.35000000000000003,CASH,0.050000000000000003,0,0,True
2025-03-23,2025-03-24,bear,0.0164108116648504,0.3657487198458665,0.36690819127546387,0.0011594714295973807,1.1594714295973807e-06,0.006001066927203036,2.0286954943156212,2.0408698317519245,0.35000000000000003,CASH,0.050000000000000003,0,0,True
2025-03-24,2025-03-25,bear,-0.0009829694822265,0.36916105732174637,0.3695329303226364,0.00037187300089003283,3.718730008900328e-07,-0.00036324579143154345,2.0408698317519245,2.040128494374681,0.35000000000000003,CASH,0.050000000000000003,0,0,True
2025-03-25,2025-03-26,bear,-0.0056290329962015,0.37039570799452,0.3689320591400923,0.0014636488544276793,1.4636488544276795e-06,-0.002086430259143568,2.040128494374681,2.0358719085514765,0.35000000000000003,CASH,0.050000000000000003,0,0,True
2025-03-26,2025-03-27,bear,0.0036381627393224,0.3737178537582804,0.3690802594764013,0.004637594281879154,4.6375942818791535e-06,0.0013550024707928987,2.0358719085514765,2.0386305200177817,0.35000000000000003,CASH,0.050000000000000003,0,0,True
2025-03-27,2025-03-28,mix,-0.0323037733210131,0.4025367667956252,0.3745682198082529,0.027968546987372334,2.7968546987372335e-05,-0.0130310613271436,2.0386305200177817,2.012065000688043,0.40000000000000002,ABSTAIN,0.050000000000000003,0,0,True
2025-03-28,2025-03-29,bear,-0.0209061916541088,0.3780580991177705,0.3946653236836109,0.016607224565840406,1.6607224565840406e-05,-0.007920231041674608,2.012065000688043,1.9961289810117266,0.40000000000000002,CASH,0.050000000000000003,0,0,True
2025-03-29,2025-03-30,bear,-0.003316566984126,0.36827059117433253,0.37310326083311124,0.00483266965877871,4.83266965877871e-06,-0.0012262208509780104,1.9961289810117266,1.9936812860339685,0.35000000000000003,CASH,0.050000000000000003,0,0,True
2025-03-30,2025-03-31,bear,0.002151226879167,0.36764504623949934,0.3674980570431413,0.0001469891963580272,1.469891963580272e-07,0.0007907408000147331,1.9936812860339685,1.9952577711690616,0.35000000000000003,CASH,0.050000000000000003,0,0,True
2025-03-31,2025-04-01,bear,0.0316830771616303,0.36441224489961893,0.36814477289661895,0.0037325279970000236,3.732527997000024e-06,0.011541925651147311,1.9952577711690616,2.0182868880187685,0.35000000000000003,CASH,0.050000000000000003,0,0,True
2025-04-01,2025-04-02,bear,-0.0309895472510749,0.3960606173528953,0.3716667924148046,0.02439382493809067,2.439382493809067e-05,-0.012297833637239797,2.0182868880187685,1.9934663316376913,0.40000000000000002,ABSTAIN,0.050000000000000003,0,0,True
2025-04-02,2025-04-03,mix,0.0076873674644046,0.4018808579036564,0.3885559120726646,0.013324945830991808,1.3324945830991808e-05,0.003076039719619228,1.9934663316376913,1.9995983132535324,0.40000000000000002,ABSTAIN,0.050000000000000003,0,0,True
2025-04-03,2025-04-04,mix,0.0085053523714697,0.4032887061941135,0.4037229995461169,0.0004342933520034009,4.3429335200340093e-07,0.0034296767705879194,1.9995983132535324,2.0064562891390048,0.40000000000000002,ABSTAIN,0.050000000000000003,0,0,True
2025-04-04,2025-04-05,mix,-0.0037511908779049,0.3983504669834948,0.4053284963839441,0.0069780294004492815,6.978029400449281e-06,-0.0015012562401680585,2.0064562891390048,2.00344408411431,0.40000000000000002,ABSTAIN,0.050000000000000003,0,0,True
2025-04-05,2025-04-06,mix,-0.0617674480952603,0.3983312017648437,0.39745008348945077,0.0008811182753929447,8.811182753929448e-07,-0.024604761269060416,2.00344408411431,1.9541498207087662,0.40000000000000002,ABSTAIN,0.050000000000000003,0,0,True
2025-04-06,2025-04-07,bear,0.0098378263914489,0.36093133066035565,0.3831543930062681,0.022223062345912425,2.2223062345912426e-05,0.003528477798725005,1.9541498207087662,1.9610449949665196,0.35000000000000003,CASH,0.050000000000000003,0,0,True
2025-04-07,2025-04-08,bear,-0.0360018948365703,0.3689257404290812,0.36319249387067654,0.005733246558404681,5.733246558404681e-06,-0.013287682806861767,1.9610449949665196,1.9349872511034207,0.35000000000000003,CASH,0.050000000000000003,0,0,True
2025-04-08,2025-04-09,bear,0.0824832104832105,0.36198595622368074,0.3604309681044887,0.0015549881191920245,1.5549881191920246e-06,0.029856162402577047,1.9349872511034207,1.9927585447192806,0.35000000000000003,CASH,0.050000000000000003,0,0,True
2025-04-09,2025-04-10,mix,-0.0363104821625286,0.4147675453555974,0.3804833383881251,0.03428420696747231,3.428420696747231e-05,-0.015094177429999411,1.9927585447192806,1.9626794936701404,0.40000000000000002,ABSTAIN,0.050000000000000003,0,0,True
2025-04-10,2025-04-11,bear,0.0478045410294256,0.3725240790557671,0.4058189351680775,0.03329485611231037,3.329485611231037e-05,0.017774454839352805,1.9626794936701404,1.997565051694504,0.35000000000000003,CASH,0.050000000000000003,0,0,True
2025-04-11,2025-04-12,mix,0.0225336308085899,0.4103424394151407,0.38350287115157594,0.02683956826356476,2.6839568263564763e-05,0.009219417294410226,1.997565051694504,2.0159814374788056,0.40000000000000002,ABSTAIN,0.050000000000000003,0,0,True
2025-04-12,2025-04-13,mix,-0.0182700277983931,0.4162227032743265,0.41574475844780634,0.00047794482652013803,4.77944826520138e-07,-0.007604874669486894,2.0159814374788056,2.0006501513107673,0.40000000000000002,ABSTAIN,0.050000000000000003,0,0,True
2025-04-13,2025-04-14,mix,0.0101750296174571,0.4064372158556306,0.4117494102785821,0.0053121944229514995,5.312194422951499e-06,0.00413017654590786,2.0006501513107673,2.008913189642278,0.40000000000000002,ABSTAIN,0.050000000000000003,0,0,True
2025-04-14,2025-04-15,mix,-0.0111058042427623,0.4096228451570038,0.4088817915369953,0.000741053620008536,7.410536200085361e-07,-0.004549928814102544,2.008913189642278,1.999772777635694,0.40000000000000002,ABSTAIN,0.050000000000000003,0,0,True
2025-04-15,2025-04-16,mix,0.0046050665295827,0.4084112090417691,0.4069248328662612,0.0014863761755078975,1.4863761755078974e-06,0.0018792716173712254,1.999772777635694,2.003530893857896,0.40000000000000002,ABSTAIN,0.050000000000000003,0,0,True
2025-04-16,2025-04-17,mix,0.0108030017064888,0.4114246078624862,0.4095217573673084,0.0019028504951777991,1.9028504951777991e-06,0.0044427094328860495,2.003530893857896,2.012431999459117,0.40000000000000002,ABSTAIN,0.050000000000000003,0,0,True
2025-04-17,2025-04-18,mix,-0.0054791617612431,0.4189260581804895,0.41402902660436475,0.004897031576124755,4.897031576124755e-06,-0.00230024942987872,2.012431999459117,2.0078029038996914,0.40000000000000002,ABSTAIN,0.050000000000000003,0,0,True
2025-04-18,2025-04-19,mix,0.0070257805304789,0.4165430804287226,0.41758921363864776,0.0010461332099251375,1.0461332099251375e-06,0.0029254910698208736,2.0078029038996914,2.0136767133650104,0.40000000000000002,ABSTAIN,0.050000000000000003,0,0,True
2025-04-19,2025-04-20,mix,0.0013036614194978,0.4200533066803476,0.4182456080807716,0.0018076985995760242,1.8076985995760243e-06,0.0005457986015431349,2.0136767133650104,2.014775775299125,0.40000000000000002,ABSTAIN,0.050000000000000003,0,0,True
2025-04-20,2025-04-21,mix,0.0274363399429435,0.4204957478430674,0.42037071590184727,0.00012503194122015504,1.2503194122015504e-07,0.011536737807966713,2.014775775299125,2.038019715160594,0.40000000000000002,ABSTAIN,0.050000000000000003,0,0,True
2025-04-21,2025-04-22,mix,0.0677121897710133,0.4220680025332243,0.4271051578846307,0.005037155351406419,5.037155351406419e-06,0.028573967570839187,2.038019715160594,2.096254024410324,0.40000000000000002,ABSTAIN,0.050000000000000003,0,0,True
2025-04-22,2025-04-23,mix,0.0027375299517669,0.4224207180371342,0.43812588636828464,0.015705168331150432,1.5705168331150433e-05,0.0011406660382526912,2.096254024410324,2.0986451501835193,0.40000000000000002,ABSTAIN,0.050000000000000003,0,0,True
2025-04-23,2025-04-24,mix,0.0030160825719307,0.4223728487517539,0.42308785310999497,0.000715004358241067,7.15004358241067e-07,0.0012731954727664974,2.0986451501835193,2.101317135687676,0.40000000000000002,ABSTAIN,0.050000000000000003,0,0,True
2025-04-24,2025-04-25,mix,0.0074121917040059,0.4224463306980658,0.4231077583480298,0.0006614276499640193,6.614276499640193e-07,0.0031305896890403417,2.101317135687676,2.1078954974460635,0.40000000000000002,ABSTAIN,0.050000000000000003,0,0,True
2025-04-25,2025-04-26,mix,-0.0004805818525954,0.4224770263328199,0.42424915237506305,0.0017721260422431384,1.7721260422431384e-06,-0.0002048065582330727,2.1078954974460635,2.1074637866241166,0.40000000000000002,ABSTAIN,0.050000000000000003,0,0,True
2025-04-26,2025-04-27,mix,-0.0093932880629473,0.4224629505336331,0.42235974526385217,0.00010320526978091493,1.0320526978091493e-07,-0.003968418986003641,2.1074637866241166,2.099100487320962,0.40000000000000002,ABSTAIN,0.050000000000000003,0,0,True
2025-04-27,2025-04-28,mix,0.0133610688855108,0.4224724601676059,0.42016196989100857,0.0023104902765973545,2.3104902765973543e-06,0.005642360110267308,2.099100487320962,2.110944368178065,0.40000000000000002,ABSTAIN,0.050000000000000003,0,0,True
2025-04-28,2025-04-29,mix,-0.0076340860045265,0.4225056489036395,0.4257141222677774,0.003208473364137876,3.208473364137876e-06,-0.0032286425857401824,2.110944368178065,2.1041288832948366,0.40000000000000002,ABSTAIN,0.050000000000000003,0,0,True
2025-04-29,2025-04-30,bull,-0.0009059104824663,0.4225264908199321,0.4206369455486769,0.0018895452712551775,1.8895452712551774e-06,-0.00038465999916126314,2.1041288832948366,2.1033195090803534,0.40000000000000002,ABSTAIN,0.050000000000000003,0,0,True
2025-04-30,2025-05-01,mix,0.0245783802837837,0.4192008302289723,0.42230536596482715,0.003104535735854841,3.104535735854841e-06,0.010300140898016785,2.1033195090803534,2.1249839963774284,0.40000000000000002,ABSTAIN,0.050000000000000003,0,0,True
2025-05-01,2025-05-02,bull,0.0040943302179392,0.4198709750838906,0.42512393778050805,0.005252962696617458,5.252962696617458e-06,0.001713828427907238,2.1249839963774284,2.1286258543592678,0.40000000000000002,ABSTAIN,0.050000000000000003,0,0,True
2025-05-02,2025-05-03,bull,-0.0104092702983865,0.4506922552919803,0.42086655783674876,0.02982569745523156,2.982569745523156e-05,-0.004721063280572757,2.1286258543592678,2.1185764770001745,0.45000000000000001,BTC,0.050000000000000003,0,0,True
2025-05-03,2025-05-04,bull,-0.0163621725010377,0.4494576657480027,0.44810309858264047,0.0013545671653622526,1.3545671653622526e-06,-0.007355448464420267,2.1185764770001745,2.1029933969056667,0.45000000000000001,BTC,0.050000000000000003,0,0,True
2025-05-04,2025-05-05,mix,0.0045410737630267,0.4184177395355296,0.44537892475835056,0.026961185222820983,2.6961185222820983e-05,0.0018730534057405102,2.1029933969056667,2.1069324158499905,0.40000000000000002,ABSTAIN,0.050000000000000003,0,0,True
2025-05-05,2025-05-06,bull,0.0219557296834034,0.4199147903187268,0.41952068843406665,0.0003941018846601585,3.941018846601585e-07,0.009219137890979834,2.1069324158499905,2.126356516318687,0.40000000000000002,ABSTAIN,0.050000000000000003,0,0,True
2025-05-06,2025-05-07,bull,0.0021657540273525,0.4508358091646747,0.42521404986350747,0.025621759301167224,2.5621759301167223e-05,0.0009507526929999344,2.126356516318687,2.1283781555028547,0.45000000000000001,BTC,0.050000000000000003,0,0,True
2025-05-07,2025-05-08,bull,0.0642983827501595,0.4505934335285153,0.45137148975096475,0.0007780562224494747,7.780562224494747e-07,0.02897162845532386,2.1283781555028547,2.190040736636511,0.45000000000000001,BTC,0.050000000000000003,0,0,True
2025-05-08,2025-05-09,bull,-0.0028971389784292,0.451420935391615,0.4660628886074858,0.014641953215870807,1.4641953215870807e-05,-0.001322451991644047,2.190040736636511,2.1871445129025644,0.45000000000000001,BTC,0.050000000000000003,0,0,True
2025-05-09,2025-05-10,bull,0.0177023377496112,0.45139189403588437,0.450702548151412,0.0006893458844723921,6.893458844723921e-07,0.00798999691142499,2.1871445129025644,2.204619790805496,0.45000000000000001,BTC,0.050000000000000003,0,0,True
2025-05-10,2025-05-11,bull,-0.0064772228477643,0.4514388565726864,0.45574090073873685,0.004302044166050456,4.302044166050456e-06,-0.0029283595408486907,2.204619790805496,2.1981638714071465,0.45000000000000001,BTC,0.050000000000000003,0,0,True
2025-05-11,2025-05-12,bull,-0.0127181153908212,0.45143302108344296,0.44983012129355565,0.0016028997898873132,1.6028997898873133e-06,-0.0057429709503037385,2.1981638714071465,2.185539880149648,0.45000000000000001,BTC,0.050000000000000003,0,0,True
2025-05-12,2025-05-13,bull,0.0128819495111629,0.45141018669234606,0.44826530405022397,0.0031448826421220932,3.144882642122093e-06,0.0058118800635247325,2.185539880149648,2.1982419758071283,0.45000000000000001,BTC,0.050000000000000003,0,0,True
2025-05-13,2025-05-14,bull,-0.0058135291089443,0.4514336688735593,0.4545818170069489,0.0031481481333895944,3.1481481333895945e-06,-0.002627562660815652,2.1982419758071283,2.1924659572720597,0.45000000000000001,BTC,0.050000000000000003,0,0,True
2025-05-14,2025-05-15,bull,0.0024296253933047,0.4514063754921427,0.4499902106560675,0.0014161648360752066,1.4161648360752066e-06,0.001095330674582895,2.1924659572720597,2.1948674324880386,0.45000000000000001,BTC,0.050000000000000003,0,0,True
2025-05-15,2025-05-16,bull,-0.0027456165542656,0.45143481469917807,0.4520073855112373,0.0005725708120592476,5.725708120592477e-07,-0.0012400387615394415,2.1948674324880386,2.192145711795313,0.45000000000000001,BTC,0.050000000000000003,0,0,True
2025-05-16,2025-05-17,bull,-0.0035552592034246,0.4514123113544959,0.4507540425146911,0.0006582688398047987,6.582688398047987e-07,-0.0016055449868743743,2.192145711795313,2.188626123237242,0.45000000000000001,BTC,0.050000000000000003,0,0,True
2025-05-17,2025-05-18,bull,0.0328951069025511,0.4514017955800437,0.45053047443045874,0.000871321149584936,8.713211495849361e-07,0.014848026062289854,2.188626123237242,2.221122900955677,0.45000000000000001,BTC,0.050000000000000003,0,0,True
2025-05-18,2025-05-19,bull,-0.0086259266040401,0.45143809286799536,0.45942869047757695,0.007990597609581596,7.990597609581595e-06,-0.003902031336995515,2.221122900955677,2.2124560097928296,0.45000000000000001,BTC,0.050000000000000003,0,0,True
2025-05-19,2025-05-20,bull,0.0116492937497276,0.4514232758573496,0.449293602585263,0.002129673272086574,2.129673272086574e-06,0.005256621473208822,2.2124560097928296,2.2240860535624365,0.45000000000000001,BTC,0.050000000000000003,0,0,True
2025-05-20,2025-05-21,bull,0.0264408448937329,0.4514294545419671,0.4542930191799951,0.0028635646380280044,2.8635646380280044e-06,0.011933278443356343,2.2240860535624365,2.2506266917215827,0.45000000000000001,BTC,0.050000000000000003,0,0,True
2025-05-21,2025-05-22,bull,0.0188124600397117,0.45143309378080276,0.45790005499703124,0.006466961216228473,6.466961216228473e-06,0.008486045155037036,2.2506266917215827,2.2697256114546636,0.45000000000000001,BTC,0.050000000000000003,0,0,True
2025-05-22,2025-05-23,bull,-0.0392944843768324,0.45143467850786034,0.45605260351028626,0.0046179250024259155,4.617925002425915e-06,-0.017743428929912652,2.2697256114546636,2.229452896377415,0.45000000000000001,BTC,0.050000000000000003,0,0,True
2025-05-23,2025-05-24,bull,0.0041895979439661,0.4510921595814445,0.44152800356325195,0.009564156018192549,9.564156018192549e-06,0.0018803125530548748,2.229452896377415,2.233644964644918,0.45000000000000001,BTC,0.050000000000000003,0,0,True
2025-05-24,2025-05-25,bull,0.0116746935404545,0.4509055096267352,0.45212758080894744,0.0012220711822122365,1.2220711822122366e-06,0.005262955136205338,2.233644964644918,2.245400537884055,0.45000000000000001,BTC,0.050000000000000003,0,0,True
2025-05-25,2025-05-26,bull,0.0039827152725482,0.4512297588922785,0.4537809072390279,0.00255114834674941,2.55114834674941e-06,0.0017945639191028206,2.245400537884055,2.249430052673276,0.45000000000000001,BTC,0.050000000000000003,0,0,True
2025-05-26,2025-05-27,bull,-0.004671313312375,0.45131106208800176,0.4522141955266765,0.0009031334386747636,9.031334386747636e-07,-0.002109116601792582,2.249430052673276,2.2446857424046116,0.45000000000000001,BTC,0.050000000000000003,0,0,True
2025-05-27,2025-05-28,bull,-0.0106228888236158,0.4512700081203156,0.4501518637947938,0.0011181443255217638,1.1181443255217637e-06,-0.004794903909869586,2.2446857424046116,2.2339226899619273,0.45000000000000001,BTC,0.050000000000000003,0,0,True
