decision_date,return_date,prob_bear,prob_bull,prob_mix,canonical_asset_simple_return,exposure_cash,exposure_buy_and_hold,exposure_trend,exposure_volatility_target,exposure_drawdown_control,exposure_specialist_atp
2021-01-01,2021-01-02,1.3822076509313222e-26,0.99999999999949363,5.0625768357105111e-13,0.096505778289435407,0,1,1,0.33976369755308516,1,0
2021-01-02,2021-01-03,8.6867971685061611e-27,0.99999999999962563,3.7433930129560642e-13,0.023781345807978749,0,1,1,0.34148747167390475,1,0
2021-01-03,2021-01-04,6.4694897100760068e-30,0.99999999999999323,6.7728504697806055e-15,-0.028408108280312816,0,1,1,0.30892404739393065,1,0
2021-01-04,2021-01-05,4.9827050240378674e-32,0.99999999999999956,3.1440605277355787e-16,0.061484701429615374,0,1,1,0.31212501926524722,1,0
2021-01-05,2021-01-06,5.6192631318445794e-30,0.99999999999999556,4.3429553039174635e-15,0.082423547063236402,0,1,1,0.31052239606631732,1,0
2021-01-06,2021-01-07,1.3258353997919832e-31,0.99999999999999922,6.6289381864454449e-16,0.072486220279834424,0,1,1,0.29855191122339308,1,0
2021-01-07,2021-01-08,3.9985980558053269e-36,1,2.1968043081084025e-18,0.02886706098803371,0,1,1,0.28116312139953437,1,0
2021-01-08,2021-01-09,2.516241381163636e-40,1,1.0941871716125954e-20,-0.011019894431677391,0,1,1,0.27430072544747175,1,0
2021-01-09,2021-01-10,5.9332842790265787e-42,1,1.2451458892065317e-21,-0.048807154829534904,0,1,1,0.2727312758370482,1,0
2021-01-10,2021-01-11,2.9054209572251585e-41,1,2.3009882999314254e-21,-0.069330910500049581,0,1,1,0.27311986466234434,1,0
2021-01-11,2021-01-12,4.954340585009968e-38,1,1.5056677068369944e-19,-0.041306200994252418,0,1,1,0.26709536869277578,1,0
2021-01-12,2021-01-13,1.4216618415499967e-31,0.99999999999999922,6.9670035617936204e-16,0.097021079290176893,0,1,1,0.25932294942518913,0.5,0
2021-01-13,2021-01-14,1.0984709243755711e-26,0.99999999999968681,3.1338396009295272e-13,0.047977379608476811,0,1,1,0.25666257996514513,0.5,0
2021-01-14,2021-01-15,6.2380434256043657e-30,0.99999999999999156,8.4852120064043066e-15,-0.059473091737990535,0,1,1,0.24096550101130523,1,0
2021-01-15,2021-01-16,1.652325844557015e-32,0.99999999999999956,2.6615127419984834e-16,-0.022425893860358648,0,1,1,0.23778777847207097,1,0
2021-01-16,2021-01-17,3.0511112292999927e-28,0.99999999999992994,7.0014541659307168e-14,-0.0049945168589237143,0,1,1,0.24604540182204651,0.5,0
2021-01-17,2021-01-18,1.1220003877802323e-24,0.99999999999232003,7.6800174196007312e-12,0.021585062333284943,0,1,1,0.25300247461699232,0.5,0
2021-01-18,2021-01-19,9.45363257858568e-24,0.99999999996670963,3.3290539747094999e-11,-0.016668851670981977,0,1,1,0.25332355354500746,0.5,0
2021-01-19,2021-01-20,9.966876365844089e-24,0.99999999995576683,4.4233128743336766e-11,-0.014626599523927197,0,1,1,0.25411853249669791,0.5,0
2021-01-20,2021-01-21,7.8973783340714613e-22,0.99999999945296736,5.470325472945287e-10,-0.13062805309460135,0,1,1,0.25388262731321515,0.5,0
2021-01-21,2021-01-22,3.6584205405918443e-22,0.99999999959248043,4.0751973137974237e-10,0.069982264502092884,0,1,1,0.25557412952489406,0.5,0
2021-01-22,2021-01-23,1.5729985705437694e-13,0.99998800005799804,1.1999941844788204e-05,-0.027623823881456344,0,1,1,0.22695475345479055,0.20000000000000001,0
2021-01-23,2021-01-24,2.5682694058980109e-14,0.99998923125743244,1.0768742541831724e-05,0.0047493058347278794,0,1,1,0.22169930428360796,0.20000000000000001,0
2021-01-24,2021-01-25,9.9435340127836527e-13,0.99994054763358442,5.9452365421230682e-05,0.00034117730984783989,0,1,1,0.2213136539336924,0.20000000000000001,0
2021-01-25,2021-01-26,6.2121846605775831e-12,0.99975597394498839,0.00024402604879940001,0.0077451840643922854,0,1,1,0.22335670068054808,0.20000000000000001,0
2021-01-26,2021-01-27,5.4366370740328064e-11,0.99955673288273195,0.00044326706290139997,-0.064552751976026168,0,1,1,0.22973410146706019,0.20000000000000001,0
2021-01-27,2021-01-28,6.8289999250882927e-12,0.99985830794348418,0.00014169204968660001,0.097710827522694554,0,1,1,0.22974113137710539,0.20000000000000001,0
2021-01-28,2021-01-29,3.3017673296720925e-08,0.99221638081704444,0.0077835861652823003,0.027775447343504567,0,1,1,0.22495516727042156,0.20000000000000001,0
2021-01-29,2021-01-30,4.9416659070427356e-09,0.99217690364015221,0.0078230914181818007,-0.00054516089534673018,0,1,1,0.21391776024704529,0.5,0
2021-01-30,2021-01-31,1.0974394855376775e-09,0.99855326090885677,0.0014467379937034,-0.034273446683642961,0,1,1,0.21666489784753262,0.5,0
2021-01-31,2021-02-01,1.1553993054078034e-09,0.99771531527533242,0.0022846835692681001,0.012311186688453768,0,1,1,0.21667698456998447,0.5,0
2021-02-01,2021-02-02,3.6430535304816106e-08,0.99008664469351138,0.0099133188759533003,0.058763504864884242,0,1,1,0.2154740381089531,0.20000000000000001,0
2021-02-02,2021-02-03,4.5983316544060341e-07,0.94033294399962164,0.059666596167213003,0.060915536618083133,0,1,1,0.22566664783678267,0.5,0
2021-02-03,2021-02-04,2.8358253182073616e-08,0.98448180815624364,0.0155181634855029,-0.017656215136479192,0,1,1,0.22229429594741851,0.5,0
2021-02-04,2021-02-05,6.316668263074005e-10,0.9963585374608076,0.0036414619075255,0.035571262854191543,0,1,1,0.21931810564912219,1,0
2021-02-05,2021-02-06,5.8373227163090593e-09,0.9947784182281072,0.0052215759345700004,0.025040733622994749,0,1,1,0.22365132710389235,1,0
2021-02-06,2021-02-07,1.3344731874477851e-09,0.99702601994673723,0.0029739787187893999,-0.01028362109810832,0,1,1,0.23050562412623182,1,0
2021-02-07,2021-02-08,5.564989538147515e-10,0.99886063653332324,0.0011393629101776001,0.19413737455891322,0,1,0,0.23676924037962985,1,0
2021-02-08,2021-02-09,2.8160845853092085e-09,0.99667621259295835,0.0033237845909570001,0.00243341516562956,0,1,0,0.23787513287825129,1,0
2021-02-09,2021-02-10,2.2868976029907903e-14,0.99998764848496124,1.2351515015879152e-05,-0.035963241207002561,0,1,1,0.20016514583377312,1,0
2021-02-10,2021-02-11,3.9587897624899452e-16,0.99999956538354118,4.3461645824264516e-07,0.070360870728878533,0,1,1,0.20278950197332138,1,0
2021-02-11,2021-02-12,7.8282889509070246e-15,0.9999986319124714,1.3680875206419412e-06,-0.012898332385232969,0,1,1,0.20691829048405547,1,0
2021-02-12,2021-02-13,1.7288527535588828e-17,0.99999994505618117,5.4943818623794801e-08,-0.0042852589204103175,0,1,1,0.20403764066058799,1,0
2021-02-13,2021-02-14,4.9561613304088333e-16,0.99999973911614115,2.608838582153161e-07,0.031264376588712617,0,1,1,0.21317527319571114,1,0
2021-02-14,2021-02-15,1.0113868455664308e-14,0.99999830492919761,1.6950707921269093e-06,-0.014536401649555719,0,1,1,0.21552104469699332,1,0
2021-02-15,2021-02-16,6.2263528352724891e-16,0.99999962286264443,3.7713735507953125e-07,0.025729979159843319,0,1,1,0.21912547555198825,1,0
2021-02-16,2021-02-17,1.1792955289323429e-15,0.99999961493090417,3.8506909445590483e-07,0.059172620536631193,0,1,1,0.21938214854204549,1,0
2021-02-17,2021-02-18,2.0485777045587335e-16,0.99999984380114337,1.5619885624288761e-07,-0.0095431573449669127,0,1,1,0.21864026684489668,1,0
2021-02-18,2021-02-19,2.4777518600789408e-18,0.99999998328109085,1.6718909219558103e-08,0.083835121417853431,0,1,1,0.21505253696531557,1,0
2021-02-19,2021-02-20,8.2800156035231526e-19,0.99999999347872237,6.5212775225151475e-09,0.00030586728579451439,0,1,1,0.21532981025796674,1,0
2021-02-20,2021-02-21,2.5381512067422239e-22,0.99999999987304222,1.2695780810048259e-10,0.0270028628291763,0,1,1,0.20809726499471812,1,0
2021-02-21,2021-02-22,2.0905820942210246e-25,0.99999999999776645,2.2336264023085048e-12,-0.057840505068443959,0,1,1,0.23269569797701631,1,0
2021-02-22,2021-02-23,5.4116575827448126e-26,0.99999999999878275,1.217358247908393e-12,-0.096108427367043836,0,1,1,0.23858860697690523,1,0
2021-02-23,2021-02-24,2.6075988640516209e-23,0.9999999999558018,4.4198179157461722e-11,0.016076072555978982,0,1,1,0.23428371427532188,1,0
2021-02-24,2021-02-25,3.5207916341070148e-17,0.99999991694013657,8.3059863374814564e-08,-0.055717088384727553,0,1,1,0.22004942976787067,0.5,0
2021-02-25,2021-02-26,5.596896478529478e-17,0.99999991098481156,8.9015188053607551e-08,-0.012421023471877457,0,1,1,0.21967102298420296,0.5,0
2021-02-26,2021-02-27,3.9786650509220453e-14,0.999996602741277,3.3972586832794957e-06,-0.0045074397569564439,0,1,1,0.21610933619331538,0.5,0
2021-02-27,2021-02-28,1.1315930259447481e-13,0.99999078107472961,9.2189251571484515e-06,-0.021082999000795355,0,1,1,0.22106207239725156,0.20000000000000001,0
2021-02-28,2021-03-01,1.4404292729418336e-11,0.99989625785300196,0.00010374213259350001,0.098120184217518336,0,1,1,0.23349859631035233,0.20000000000000001,0
2021-03-01,2021-03-02,8.446421974897408e-10,0.99866182168946438,0.0013381774658932999,-0.023617062031837666,0,1,1,0.23371690624467042,0.20000000000000001,0
2021-03-02,2021-03-03,3.0301963414300923e-12,0.99991381219535602,8.6187801613719285e-05,0.040700724018156276,0,1,1,0.22200278762509684,0.5,0
2021-03-03,2021-03-04,8.2789718622032167e-12,0.99987946336079558,0.0001205366309254,-0.039033556833898531,0,1,1,0.22291110282571733,0.5,0
2021-03-04,2021-03-05,8.6338643269224928e-12,0.9998568993731084,0.0001431006182575,0.0075266374824480842,0,1,1,0.22128493736196642,0.5,0
2021-03-05,2021-03-06,5.4026284766558954e-10,0.99904402304990658,0.00095597640983039996,0.0012932315417328866,0,1,1,0.22338186058171114,0.5,0
2021-03-06,2021-03-07,1.5656669085262931e-09,0.99710698437410161,0.0028930140602312,0.04353032201016882,0,1,1,0.22797507935717792,0.5,0
2021-03-07,2021-03-08,1.195844056231556e-09,0.99726641239381075,0.0027335864103451,0.026061986218746558,0,1,1,0.22843616415509266,0.5,0
2021-03-08,2021-03-09,1.290083480742732e-09,0.99665217777722537,0.0033478209326908998,0.049091013362390301,0,1,1,0.22778919091215855,0.5,0
2021-03-09,2021-03-10,4.2035794111622246e-11,0.99959709516591622,0.00040290479204790002,0.01772809271305964,0,1,1,0.22753881434039636,1,0
2021-03-10,2021-03-11,9.2236190813692258e-13,0.99994851160353004,5.1488395547624527e-05,0.034870792220139224,0,1,1,0.22478834702271769,1,0
2021-03-11,2021-03-12,1.6310857655168297e-12,0.99995369796871503,4.6302029653797103e-05,-0.0092457547210615942,0,1,1,0.28236198675373436,1,0
2021-03-12,2021-03-13,6.5896349705284623e-14,0.99999133407660035,8.66592333360947e-06,0.068631679679246327,0,1,1,0.27944154836785462,1,0
2021-03-13,2021-03-14,5.5512275328841896e-14,0.99999232625982315,7.6737401211420814e-06,-0.034015684211042396,0,1,1,0.28260085352489489,1,0
2021-03-14,2021-03-15,1.9582455291584919e-15,0.99999839400870738,1.6059912904993366e-06,-0.05620355349098427,0,1,1,0.28316089355061758,1,0
2021-03-15,2021-03-16,1.0389378886231656e-13,0.99999439789586164,5.6021040343411528e-06,0.019687657394611646,0,1,1,0.28024206281798786,1,0
2021-03-16,2021-03-17,5.884183555188156e-11,0.99981929593648877,0.00018070400466939999,0.035574102166121557,0,1,1,0.27184908223892285,1,0
2021-03-17,2021-03-18,3.8845409459982711e-11,0.99978350726497178,0.00021649269618269999,-0.02134485304726419,0,1,1,0.27276098199671334,1,0
2021-03-18,2021-03-19,2.1194699448095346e-12,0.99994145371761123,5.8546280269476096e-05,0.0074927154155681741,0,1,1,0.2705263282463693,1,0
2021-03-19,2021-03-20,1.00156119345284e-10,0.99964615028705039,0.0003538496127934,9.2962401873064593e-05,0,1,1,0.27092271129317652,1,0
2021-03-20,2021-03-21,2.8146149165337843e-10,0.99921445396261455,0.00078554575592369995,-0.012214812698172262,0,1,1,0.27928532190029565,1,0
2021-03-21,2021-03-22,1.2213190503920144e-10,0.99968385585092245,0.00031614402694569999,-0.056209243723838398,0,1,1,0.27961400481663928,1,0
2021-03-22,2021-03-23,5.076508753212763e-10,0.99891689382729765,0.0010831056650512001,0.0054322236850121719,0,1,1,0.29784179526124033,1,0
2021-03-23,2021-03-24,5.1365115386005001e-08,0.98361391694151723,0.0163860316933673,-0.039063403884119108,0,1,0,0.28759741089851726,0.5,0
2021-03-24,2021-03-25,1.2173737714347557e-07,0.97018026847521843,0.029819609787404101,-0.019170422013018551,0,1,0,0.28961427669698458,0.5,0
2021-03-25,2021-03-26,3.7141172033022681e-07,0.96172734555401795,0.038272283034261501,0.072362306443787494,0,1,0,0.2954756821582194,0.5,0
2021-03-26,2021-03-27,2.9551366365606956e-07,0.94913152578531645,0.050868178701019902,0.01502286680923981,0,1,1,0.33160774660500542,0.5,0
2021-03-27,2021-03-28,1.0982973172275966e-08,0.98762005873792003,0.0123799302791069,-0.0017489245993316249,0,1,1,0.31347026924809535,0.5,0
2021-03-28,2021-03-29,5.7185143872994715e-10,0.9972743993663522,0.0027256000617963002,0.033192743861763185,0,1,1,0.32413275103642181,1,0
2021-03-29,2021-03-30,1.5833368562328836e-10,0.99871666515920765,0.0012833346824585,0.02004818089356819,0,1,1,0.32521715152169972,1,0
2021-03-30,2021-03-31,2.8931505717056817e-11,0.99946241123608881,0.00053758873497970002,-0.00012931481862754612,0,1,1,0.3213122656732848,1,0
2021-03-31,2021-04-01,5.8045945312685126e-12,0.99978520462260279,0.00021479537159250001,-0.00077258579701400265,0,1,1,0.32117460628875616,1,0
2021-04-01,2021-04-02,4.1535287590946301e-11,0.99923689923461945,0.00076310072384529995,0.0044108906422699601,0,1,1,0.36013291465204622,1,0
2021-04-02,2021-04-03,4.1583414891450032e-11,0.99934027859189756,0.00065972136651899999,-0.032510813482475531,0,1,1,0.36294188667274641,1,0
2021-04-03,2021-04-04,2.2099343515450876e-10,0.9987293356906134,0.0012706640883932,0.019979004519811605,0,1,1,0.37093695941150212,1,0
2021-04-04,2021-04-05,4.4188651786434355e-09,0.99407094031376642,0.0059290552673684997,0.013634044044749327,0,1,1,0.37426836433238936,1,0
2021-04-05,2021-04-06,2.0174102215832536e-09,0.99475363932508065,0.0052463586575090997,-0.016901890719978829,0,1,1,0.37224779039235878,1,0
2021-04-06,2021-04-07,6.9313828738580567e-10,0.99783214409056464,0.0021678552162970001,-0.03530570053606874,0,1,1,0.37087861550687445,1,0
2021-04-07,2021-04-08,1.4630850596507789e-07,0.96695759494676525,0.033042258744728797,0.038047354094018271,0,1,1,0.37911406428144412,1,0
2021-04-08,2021-04-09,2.0543250764352608e-05,0.70801214028542903,0.29196731646380653,0.00071111998815376332,0,1,1,0.37574232703721511,1,0
2021-04-09,2021-04-10,5.9786673408385454e-06,0.77206379159152005,0.22793022974113911,0.02804088873288646,0,1,1,0.380315011454749,1,0
2021-04-10,2021-04-11,5.6241507915286353e-05,0.49505770803567722,0.50488605045640744,0.0038544965220825844,0,1,1,0.38209610188097348,1,0
2021-04-11,2021-04-12,2.1727388325494177e-05,0.63227697139633743,0.36770130121533701,-0.0019156800664235085,0,1,1,0.38438441345816315,1,0
2021-04-12,2021-04-13,1.7155091109613853e-06,0.92502456811293421,0.074973716377954705,0.061424433463963091,0,1,1,0.38480117900042243,1,0
2021-04-13,2021-04-14,1.9715227242028275e-05,0.79329901131719538,0.2066812734555625,-0.0088210900380699675,0,1,0,0.41691425885916178,1,0
2021-04-14,2021-04-15,2.5551589238507005e-07,0.97036348856518884,0.029636255918918698,0.0037408463585495433,0,1,1,0.39825362042777929,1,0
2021-04-15,2021-04-16,2.6090462994847173e-07,0.97996785821996923,0.020031880875400799,-0.029048025816249101,0,1,1,0.42551233117037257,1,0
2021-04-16,2021-04-17,3.6278761705637853e-07,0.97803121322482856,0.021968423987554199,-0.021795479612966462,0,1,1,0.42993558502393459,1,0
2021-04-17,2021-04-18,7.0350424704101135e-06,0.9015140254363736,0.098478939521155703,-0.06386873166905116,0,1,1,0.43318015387327702,1,0
2021-04-18,2021-04-19,4.3817695916973059e-05,0.78056056969119347,0.2193956126128894,-0.0099809454677434184,0,1,1,0.43250900897177857,1,0
2021-04-19,2021-04-20,0.0012863761159934001,0.20717122769322199,0.79154239619078448,0.015043282458249596,0,1,0,0.39849391474265616,0.5,0
2021-04-20,2021-04-21,0.0098767025258565001,0.029014015966962299,0.96110928150718122,-0.047146762223103544,0,1,0,0.39770333469961811,0.5,0
2021-04-21,2021-04-22,0.0025970908521526,0.089684598723451095,0.90771831042439621,-0.038846009490860256,0,1,0,0.39744005884412237,0.5,0
2021-04-22,2021-04-23,0.0070528512799309002,0.073194430033818397,0.91975271868625041,-0.011326225847920424,0,1,0,0.4059918942948712,0.5,0
2021-04-23,2021-04-24,0.039264085383619002,0.0078276131800728999,0.952908301436308,-0.020622326156156334,0,1,0,0.39420539163558804,0.20000000000000001,0
2021-04-24,2021-04-25,0.014421341050214399,0.0139904668432547,0.9715881921065308,-0.022466055353581371,0,1,0,0.404644768885353,0.20000000000000001,0
2021-04-25,2021-04-26,0.0260194654946873,0.0060268159096500996,0.96795371859566237,0.1032787621825193,0,1,0,0.40394298949697427,0.20000000000000001,0
2021-04-26,2021-04-27,0.1001898253766173,0.00072042505663179996,0.89908974956675092,0.018807674864171897,0,1,0,0.44426306210998218,0.20000000000000001,0
2021-04-27,2021-04-28,0.0091629346905625006,0.0010330230645788001,0.98980404224485841,-0.0035449201893288373,0,1,0,0.37391379290572002,0.5,0
2021-04-28,2021-04-29,0.0010333155760546,0.0104339448806523,0.98853273954329302,-0.02335097207584047,0,1,0,0.37183114836575681,0.5,0
2021-04-29,2021-04-30,0.0048293883101910001,0.0021411679551683999,0.99302944373464042,0.077659407626473165,0,1,0,0.37796914433596129,0.5,0
2021-04-30,2021-05-01,0.017379775976920898,0.00062970149496210004,0.9819905225281168,0.0015038036877839112,0,1,0,0.37682731404318137,0.5,0
2021-05-01,2021-05-02,0.0038290658011327001,0.0009506180578519,0.99522031614101525,-0.020815782144407824,0,1,0,0.34609160277271184,1,0
2021-05-02,2021-05-03,0.0022781690804152999,0.0029526023073455998,0.99476922861223915,0.0099993286669799453,0,1,0,0.34608723149454051,1,0
2021-05-03,2021-05-04,0.0085750774630829994,0.00066747643217930001,0.99075744610473759,-0.059966975571018266,0,1,0,0.34399797646096786,0.5,0
2021-05-04,2021-05-05,0.0077168098939085,0.0025287827418392001,0.98975440736425224,0.068844375389596646,0,1,1,0.34883667208796698,0.5,0
2021-05-05,2021-05-06,0.1960603273922093,0.0001404704683812,0.80379920213940936,-0.018034062599558198,0,1,0,0.3273416034207729,0.5,0
2021-05-06,2021-05-07,0.027813339326299601,0.0002379263576977,0.97194873431600237,0.016519694922826567,0,1,0,0.30633519497598666,0.5,0
2021-05-07,2021-05-08,0.049854311349469702,0.00038993711557239999,0.94975575153495762,0.02621160433366132,0,1,0,0.30636602808245833,0.5,0
2021-05-08,2021-05-09,0.018735700733268801,0.00068623125308620004,0.98057806801364478,-0.010227718851599454,0,1,1,0.30999242623905693,0.5,0
2021-05-09,2021-05-10,0.0117634486181205,0.0021161791068712,0.98612037227500815,-0.041027983303084103,0,1,1,0.31236901718695131,1,0
2021-05-10,2021-05-11,0.023774214696394898,0.0005043699072192,0.97572141539638557,0.015162339813317605,0,1,1,0.31189664679661355,1,0
2021-05-11,2021-05-12,0.17965316407733531,4.8847623946093504e-05,0.82029798829871847,-0.12896039734935805,0,1,0,0.30839883127999845,0.5,0
2021-05-12,2021-05-13,0.1358797936171133,2.8850298394621949e-05,0.86409135608449195,0.0064879050384536452,0,1,0,0.30761014306965423,0.5,0
2021-05-13,2021-05-14,0.9518697355496244,6.0832256750352991e-08,0.048130203618118698,0.0027200701745915268,0,1,0,0.25774156726732589,0.20000000000000001,0
2021-05-14,2021-05-15,0.97923998846195237,2.9328579789154027e-09,0.0207600086051896,-0.062821279379130734,0,1,0,0.26523788680635557,0.20000000000000001,0
2021-05-15,2021-05-16,0.96961539588707624,8.4416882004391587e-09,0.030384595671235401,-0.0060459699242969567,0,1,0,0.26538850068309183,0.20000000000000001,0
2021-05-16,2021-05-17,0.99772532127359925,4.5593367180638874e-11,0.0022746786808074001,-0.062143521789326694,0,1,0,0.25654884664280725,0.20000000000000001,0
2021-05-17,2021-05-18,0.99892110998796835,1.1591513153607559e-11,0.0010788900004402001,-0.014790555174053144,0,1,0,0.25813561258861595,0.20000000000000001,0
2021-05-18,2021-05-19,0.99992978483336925,9.4924716416521471e-14,7.0215166535955698e-05,-0.14399041431512016,0,1,0,0.25147492472162586,0.20000000000000001,0
2021-05-19,2021-05-20,0.99997142061905164,1.5565066490969526e-14,2.8579380932839091e-05,0.10884111055132695,0,1,0,0.25895708259415473,0.20000000000000001,0
2021-05-20,2021-05-21,0.99999969061345917,2.9601831363721697e-18,3.0938654091760889e-07,-0.083989075869656982,0,1,0,0.22176745997655239,0.20000000000000001,0
2021-05-21,2021-05-22,0.99999990252925042,2.5290146869555014e-20,9.7470749593950384e-08,0.0040458584244478235,0,1,0,0.21039338797787702,0.20000000000000001,0
2021-05-22,2021-05-23,0.99999991303787017,8.5395602971142e-20,8.6962129670405679e-08,-0.07393125989697813,0,1,0,0.20539698686308777,0.20000000000000001,0
2021-05-23,2021-05-24,0.99999995067826919,3.6432704201165972e-21,4.9321730825561486e-08,0.1173856751932687,0,1,0,0.20702061375870603,0.20000000000000001,0
2021-05-24,2021-05-25,0.99999998800681245,5.5941438575678576e-22,1.1993187517585773e-08,-0.009607593172750728,0,1,0,0.20121879509509635,0.20000000000000001,0
2021-05-25,2021-05-26,0.99999996532853919,2.6208926387230025e-22,3.4671460808704046e-08,0.022692511132593074,0,1,0,0.19059759572775922,0.20000000000000001,0
2021-05-26,2021-05-27,0.99999996467738916,1.0355823682473293e-21,3.5322610743618893e-08,-0.02119533646545646,0,1,0,0.19081221992031738,0.20000000000000001,0
2021-05-27,2021-05-28,0.99999997259674556,1.4860068510599281e-22,2.7403254206088584e-08,-0.071707277710823081,0,1,0,0.19816977454864149,0.20000000000000001,0
2021-05-28,2021-05-29,0.99999998608857399,1.2954750414323761e-22,1.3911425996322618e-08,-0.030225026288117851,0,1,0,0.19809646135952652,0.20000000000000001,0
2021-05-29,2021-05-30,0.99999999783297877,3.6385521524899372e-24,2.1670209798587234e-09,0.030886579575880813,0,1,0,0.19312959303071042,0.20000000000000001,0
2021-05-30,2021-05-31,0.99999999925523742,4.4746044616998735e-25,7.4476258637346553e-10,0.046161872279316007,0,1,0,0.19285658244347487,0.20000000000000001,0
2021-05-31,2021-06-01,0.99999999887499835,2.7494534106699969e-25,1.1250017142039239e-09,-0.016381311899106188,0,1,0,0.19693313235011661,0.20000000000000001,0
2021-06-01,2021-06-02,0.99999999658381755,2.3142392967825558e-24,3.4161823797518313e-09,0.023664671442122254,0,1,0,0.19512371330608572,0.20000000000000001,0
2021-06-02,2021-06-03,0.99999999724839239,1.5708058860238895e-24,2.7516076870476067e-09,0.043442024933565415,0,1,0,0.19525687950540033,0.20000000000000001,0
2021-06-03,2021-06-04,0.99999999540189477,6.3370636753428521e-24,4.5981052726306008e-09,-0.059611149530587659,0,1,0,0.19485223693323545,0.20000000000000001,0
2021-06-04,2021-06-05,0.999999973408085,1.4554352639924666e-22,2.6591914979558011e-08,-0.036126269629565333,0,1,0,0.19783841483074785,0.20000000000000001,0
2021-06-05,2021-06-06,0.99999999647335835,4.5402292588723728e-24,3.5266413827299521e-09,0.0083164414414413912,0,1,0,0.19984127069455671,0.20000000000000001,0
2021-06-06,2021-06-07,0.99999999914034565,2.4740769794883133e-25,8.5965443150540989e-10,-0.062470333990406357,0,1,0,0.19887540503190546,0.20000000000000001,0
2021-06-07,2021-06-08,0.99999999909897441,2.4574791630570454e-25,9.0102546476859612e-10,-0.0058103520162010591,0,1,0,0.19906625867650823,0.20000000000000001,0
2021-06-08,2021-06-09,0.99999999984678922,1.1516766510005567e-26,1.5321083424782159e-10,0.11830308331511019,0,1,0,0.19606702480106084,0.20000000000000001,0
2021-06-09,2021-06-10,0.99999999978170118,1.0587456238744903e-26,2.1829881552423926e-10,-0.018289840941599911,0,1,0,0.19616149978938266,0.20000000000000001,0
2021-06-10,2021-06-11,0.99999999772212356,2.7049537457409805e-25,2.2778763563450718e-09,0.018150365353866604,0,1,0,0.18727149628830686,0.20000000000000001,0
2021-06-11,2021-06-12,0.9999999981636456,4.9203859645201753e-25,1.8363544454526486e-09,-0.04950073161711499,0,1,0,0.18719289036039952,0.20000000000000001,0
2021-06-12,2021-06-13,0.99999997683013997,3.1287208728262205e-23,2.3169859848805056e-08,0.1002438852470573,0,1,0,0.20361953240074371,0.20000000000000001,0
2021-06-13,2021-06-14,0.9999999931186544,8.6187739647889601e-24,6.8813455656791091e-09,0.038605536748934632,0,1,0,0.20131657559343111,0.20000000000000001,0
2021-06-14,2021-06-15,0.99999994630184041,7.4997125516329114e-23,5.3698159751164067e-08,-0.0092105977389254079,0,1,0,0.19359853497175752,0.20000000000000001,0
2021-06-15,2021-06-16,0.99999952009384085,8.7272752970395715e-21,4.7990615918709248e-07,-0.045325616780514055,0,1,0,0.19604324855695432,0.20000000000000001,0
2021-06-16,2021-06-17,0.99999935284565644,1.9240637720551167e-20,6.4715434348833705e-07,-0.0074081803005008329,0,1,0,0.19600138851809742,0.20000000000000001,0
2021-06-17,2021-06-18,0.99999959955887818,3.2349480705184873e-20,4.0044112172404948e-07,-0.060511931041732359,0,1,0,0.19765229388460728,0.20000000000000001,0
2021-06-18,2021-06-19,0.99999960425393319,2.8445092497525326e-20,3.9574606662084482e-07,-0.0066015093959619353,0,1,0,0.19785729252918832,0.20000000000000001,0
2021-06-19,2021-06-20,0.99999873253650717,4.0368587940288971e-19,1.2674634928619683e-06,0.002320250947529745,0,1,0,0.21841530434495601,0.20000000000000001,0
2021-06-20,2021-06-21,0.99999966482540681,1.4613329663060746e-20,3.3517459324121448e-07,-0.10967024199484221,0,1,0,0.23139571804709239,0.20000000000000001,0
2021-06-21,2021-06-22,0.99999832637707764,6.7952399261188646e-19,1.6736229223219508e-06,0.025381799823299245,0,1,0,0.2424547136687317,0.20000000000000001,0
2021-06-22,2021-06-23,0.99999997804567464,9.5471522480701147e-22,2.1954325366927999e-08,0.036247091985573743,0,1,0,0.22238599069709722,0.20000000000000001,0
2021-06-23,2021-06-24,0.99999991645089681,4.716244053925184e-21,8.3549103120951797e-08,0.029443819173672559,0,1,0,0.22929901954330212,0.20000000000000001,0
2021-06-24,2021-06-25,0.99999992121891357,4.8804566455078763e-21,7.878108630586503e-08,-0.088611830680382475,0,1,0,0.24732449765360706,0.20000000000000001,0
2021-06-25,2021-06-26,0.99999953314458645,6.918350820372185e-20,4.6685541366580106e-07,0.020554535671330143,0,1,0,0.24607091195485203,0.20000000000000001,0
2021-06-26,2021-06-27,0.99999997590870404,6.3573835827381526e-22,2.4091296013112906e-08,0.07552243249781343,0,1,0,0.23341192261116753,0.20000000000000001,0
2021-06-27,2021-06-28,0.99999994224568123,1.430057010073524e-21,5.7754318653478776e-08,-0.0058422365442565294,0,1,0,0.23339265993122496,0.20000000000000001,0
2021-06-28,2021-06-29,0.99999901472397035,1.6399154061266768e-19,9.852760295032355e-07,0.039413039253507476,0,1,0,0.23409518620636494,0.20000000000000001,0
2021-06-29,2021-06-30,0.99999905243925635,1.4129743877568777e-19,9.4756074362150507e-07,-0.022542396057452563,0,1,0,0.235400568043619,0.20000000000000001,0
2021-06-30,2021-07-01,0.99999812936170884,5.1966427314799538e-19,1.870638291013456e-06,-0.042347452957584131,0,1,0,0.23428361719776053,0.20000000000000001,0
2021-07-01,2021-07-02,0.99999909774420404,2.7377361849949375e-19,9.0225579607459722e-07,0.0080432630963880314,0,1,0,0.23650980124758414,0.20000000000000001,0
2021-07-02,2021-07-03,0.99999962900649364,9.2118751546031675e-20,3.7099350652599844e-07,0.027486144546245095,0,1,0,0.23418907396077415,0.20000000000000001,0
2021-07-03,2021-07-04,0.99999939694437479,7.8958638762816607e-20,6.030556252960888e-07,0.015986046029680789,0,1,0,0.23497824352878788,0.20000000000000001,0
2021-07-04,2021-07-05,0.99999919663794523,1.4410345791247491e-19,8.033620548015153e-07,-0.04562272297170944,0,1,0,0.2367209445144933,0.20000000000000001,0
2021-07-05,2021-07-06,0.99999740374956081,1.933704449237961e-18,2.5962504392418278e-06,0.015964236311067914,0,1,0,0.24222656956696678,0.20000000000000001,0
2021-07-06,2021-07-07,0.99999796393164841,3.3316454533753051e-18,2.0360683514346185e-06,-0.010454162965733094,0,1,0,0.2410657497010267,0.20000000000000001,0
2021-07-07,2021-07-08,0.99999625264314285,5.8963735775415437e-18,3.7473568573290562e-06,-0.029570860817649813,0,1,0,0.24075446937397829,0.20000000000000001,0
2021-07-08,2021-07-09,0.99999527251647358,1.3056839454158596e-17,4.7274835263821006e-06,0.028329930658455682,0,1,0,0.24749988526693759,0.20000000000000001,0
2021-07-09,2021-07-10,0.99999370885368644,1.0894116612080379e-17,6.2911463137512593e-06,-0.0084858598590424883,0,1,0,0.24603556084928588,0.20000000000000001,0
2021-07-10,2021-07-11,0.99998647590285183,3.3099238095184188e-17,1.3524097148186168e-05,0.021399199059402019,0,1,0,0.26962834829343962,0.20000000000000001,0
2021-07-11,2021-07-12,0.99998914899821123,3.8833620200987192e-17,1.0851001788913654e-05,-0.032567189732292778,0,1,0,0.27023189851088136,0.20000000000000001,0
2021-07-12,2021-07-13,0.99994835350846822,3.1219508420843924e-16,5.164649153135958e-05,-0.011623833539697426,0,1,0,0.26980982303582879,0.20000000000000001,0
2021-07-13,2021-07-14,0.99997037193260163,2.0063079517122255e-16,2.96280673982071e-05,0.0028293729241843923,0,1,0,0.27272791731698115,0.20000000000000001,0
2021-07-14,2021-07-15,0.99999038362648018,1.2947055489458156e-17,9.6163735196895493e-06,-0.029865298424469833,0,1,0,0.29533373883209935,0.20000000000000001,0
2021-07-15,2021-07-16,0.99998722785700178,2.740457388812403e-17,1.2772142998118006e-05,-0.014023020995273305,0,1,0,0.29975568456579965,0.20000000000000001,0
2021-07-16,2021-07-17,0.99999016638671456,1.6620728070656945e-17,9.8336132853706591e-06,0.0039689112569281093,0,1,0,0.29720457516857746,0.20000000000000001,0
2021-07-17,2021-07-18,0.99999148996020715,2.1149033951571009e-17,8.5100397926005211e-06,0.0084648429816045478,0,1,0,0.30325291839305757,0.20000000000000001,0
2021-07-18,2021-07-19,0.99998795087159575,6.2823710368884167e-17,1.20491284040373e-05,-0.029831306197184881,0,1,0,0.30333275659209741,0.20000000000000001,0
2021-07-19,2021-07-20,0.99991611941355285,2.179255114127605e-15,8.3880586444794571e-05,-0.033835756813199724,0,1,0,0.31593512706761595,0.20000000000000001,0
2021-07-20,2021-07-21,0.99997230593510644,6.0999713305105975e-16,2.7694064892921622e-05,0.078459276762279373,0,1,0,0.31295230299338478,0.20000000000000001,0
2021-07-21,2021-07-22,0.99999115026507124,7.2024799272930011e-17,8.8497349285132382e-06,0.0052129692450375575,0,1,0,0.30885372765937052,0.20000000000000001,0
2021-07-22,2021-07-23,0.99933185152574444,6.7250347250421103e-14,0.00066814847418820002,0.040385276278758653,0,1,0,0.3408640612737176,0.20000000000000001,0
2021-07-23,2021-07-24,0.99875571638469041,4.9348454213437281e-13,0.0012442836148160001,0.0065916145140507698,0,1,0,0.34450057196559353,0.20000000000000001,0
2021-07-24,2021-07-25,0.99572384679303116,1.5670063566488478e-12,0.0042761532054017004,0.046306260495257767,0,1,0,0.3415133117569058,0.20000000000000001,0
2021-07-25,2021-07-26,0.99248266619466319,7.7952652504007919e-12,0.0075173337975412997,0.053276106139679147,0,1,0,0.34394721083959834,0.20000000000000001,0
2021-07-26,2021-07-27,0.90072721142989498,9.341487351031891e-10,0.099272787635956095,0.058358326671424043,0,1,0,0.38554749751661271,0.20000000000000001,0
2021-07-27,2021-07-28,0.90291281270639279,4.1957425577477341e-09,0.097087183097864599,0.013971408293622645,0,1,0,0.37182931465345032,0.20000000000000001,0
2021-07-28,2021-07-29,0.59845544294660613,8.5921897529190534e-08,0.40154447113149633,-4.4996400287877769e-05,0,1,0,0.38454246480850429,0.20000000000000001,0
2021-07-29,2021-07-30,0.4833425026464202,9.3281772383685204e-07,0.51665656453585584,0.055048073317433888,0,1,0,0.38348479311604888,0.20000000000000001,0
2021-07-30,2021-07-31,0.59412788621900303,6.3502725622832169e-07,0.40587147875374058,-0.015394494282451321,0,1,0,0.39458808966446152,0.20000000000000001,0
2021-07-31,2021-08-01,0.1058028204785456,1.752060902516351e-05,0.89417965891242923,-0.040318912635938453,0,1,0,0.37948655137029269,0.20000000000000001,0
2021-08-01,2021-08-02,0.1342205282275756,2.2514915379529173e-05,0.86575695685704468,-0.017801661555281956,0,1,0,0.38953886571563312,0.20000000000000001,0
2021-08-02,2021-08-03,0.55130401477239888,1.2225768896196009e-06,0.4486947626507114,-0.02650350792986178,0,1,0,0.37906383236207103,0.20000000000000001,0
2021-08-03,2021-08-04,0.79296332152503557,1.9864210918919546e-07,0.207036479832855,0.042134470486725695,0,1,0,0.38138396047578643,0.20000000000000001,0
2021-08-04,2021-08-05,0.9201642862370224,3.5933240533002131e-08,0.079835677829736995,0.028444594319134042,0,1,0,0.37910303311075089,0.20000000000000001,0
2021-08-05,2021-08-06,0.48468156794539557,1.5198063967845869e-06,0.51531691224820753,0.047182092240231954,0,1,0,0.3822939156202651,0.20000000000000001,0
2021-08-06,2021-08-07,0.2133302342102989,9.8750668347362752e-06,0.78665989072286635,0.042499894848511577,0,1,0,0.37868434143177176,0.20000000000000001,0
2021-08-07,2021-08-08,0.032370771763625503,0.0001108685872465,0.96751835964912802,-0.018411178503704995,0,1,0,0.36623362019377276,0.20000000000000001,0
2021-08-08,2021-08-09,0.0029012816187667001,0.0020712912725230001,0.99502742710871017,0.056892913903655362,0,1,0,0.36206906794070282,0.20000000000000001,0
2021-08-09,2021-08-10,0.0154293190929918,0.00060411913011170003,0.98396656177689645,-0.014918665724662605,0,1,0,0.36474784982384589,0.20000000000000001,0
2021-08-10,2021-08-11,0.0010941996220809999,0.0051338613001712004,0.99377193907774763,-0.00064701779627929223,0,1,0,0.34980114088852243,1,0
2021-08-11,2021-08-12,0.0023262303805283002,0.0034528319781978001,0.99422093764127384,-0.0254782801447625,0,1,0,0.35108138307659204,1,0
2021-08-12,2021-08-13,0.0018444205130681999,0.0048418307035659001,0.99331374878336576,0.076699081601859342,0,1,0,0.35709648805870509,1,0
2021-08-13,2021-08-14,0.0030403379713155,0.0040075225584558999,0.99295213947022842,-0.015218860007822799,0,1,0,0.35468810226034975,1,0
2021-08-14,2021-08-15,0.0002172020712169,0.023423491182517599,0.97635930674626537,-0.0019158268109553678,0,1,1,0.32939845429357717,1,0
2021-08-15,2021-08-16,0.00016618365341259999,0.065059591741915196,0.93477422460467197,-0.021174132232987808,0,1,1,0.33218736568628543,1,0
2021-08-16,2021-08-17,5.4431261483907431e-05,0.0746109040767408,0.92533466466177516,-0.028365325037013944,0,1,1,0.33307480063128431,1,0
2021-08-17,2021-08-18,0.0003731771530042,0.029925540913477901,0.96970128193351757,0.0007204933365554389,0,1,1,0.33079888447087324,1,0
2021-08-18,2021-08-19,0.0010247962504734999,0.011652669244441,0.98732253450508545,0.045436657886852139,0,1,1,0.32797208433364972,1,0
2021-08-19,2021-08-20,0.00066231928886140005,0.0128250898956867,0.98651259081545162,0.05492568852273183,0,1,1,0.33177623253573535,1,0
2021-08-20,2021-08-21,2.5841844396640648e-05,0.1779399537051829,0.82203420445042041,-0.009086854269726663,0,1,1,0.32839673019982596,1,0
2021-08-21,2021-08-22,1.7243869738623281e-06,0.61772152864488794,0.38227674696813813,0.0077482107709745396,0,1,1,0.34081428147168669,1,0
2021-08-22,2021-08-23,5.0936495601136312e-06,0.54776605269502321,0.45222885365541671,0.0057903338781226665,0,1,1,0.34050868187440742,1,0
2021-08-23,2021-08-24,6.1618998008160531e-06,0.43802474452320789,0.56196909357699132,-0.036839141133272912,0,1,1,0.34848507333454154,1,0
2021-08-24,2021-08-25,1.9626041859358629e-05,0.31870984061262858,0.68127053334551202,0.026821922803664355,0,1,1,0.34997660398398639,1,0
2021-08-25,2021-08-26,0.00020918989927900001,0.053307250308441301,0.94648355979227961,-0.044145771464144001,0,1,1,0.34814834500150943,1,0
2021-08-26,2021-08-27,0.00011652919913310001,0.079661149402638395,0.92022232139822835,0.047675074095269165,0,1,1,0.35795211673067767,1,0
2021-08-27,2021-08-28,0.0024553393773336998,0.0092269771741801,0.98831768344848603,-0.0034077730651411731,0,1,1,0.36459326495987893,1,0
2021-08-28,2021-08-29,0.00049754413853470003,0.017690812182005002,0.98181164367946006,-0.0024479979385280126,0,1,1,0.35392025694777857,1,0
2021-08-29,2021-08-30,0.000872072720407,0.0136854409265364,0.98544248635305642,-0.036588666062561837,0,1,1,0.35386204602395654,1,0
2021-08-30,2021-08-31,0.0020498326048514,0.0035443114137715002,0.99440585598137721,0.0029302423567916236,0,1,1,0.36943953443030558,1,0
2021-08-31,2021-09-01,0.0083188006681733997,0.0014427105560680001,0.9902384887757586,0.035836742314939052,0,1,1,0.36316104731352794,1,0
2021-09-01,2021-09-02,0.0045865688824233003,0.0017715317193179999,0.99364189939825864,0.0093180170178248645,0,1,1,0.37260027194774409,1,0
2021-09-02,2021-09-03,0.00064308550730200005,0.014797265287669101,0.98455964920502881,0.014707464134447346,0,1,1,0.36698315165082429,1,0
2021-09-03,2021-09-04,0.00042303107462290002,0.024704984564971201,0.97487198436040556,-0.0016120322406447674,0,1,1,0.37034492840361771,1,0
2021-09-04,2021-09-05,0.00016969239302979999,0.073992095086915594,0.92583821252005438,0.037064489246450227,0,1,1,0.37875850924727816,1,0
2021-09-05,2021-09-06,0.00043753300738730001,0.043250832386106601,0.95631163460650603,0.017452664356385927,0,1,1,0.38399719460643511,1,0
2021-09-06,2021-09-07,9.1747135289118979e-05,0.12230626466823789,0.87760198819647295,-0.11187137023205829,0,1,1,0.38969277341841413,1,0
2021-09-07,2021-09-08,3.8468888207215295e-05,0.2534124954686478,0.7465490356431449,-0.015352846112407947,0,1,1,0.3990413857346245,1,0
2021-09-08,2021-09-09,0.0055978161157145996,0.0103021362031739,0.98410004768111115,0.0070384313112497043,0,1,1,0.32605150416647266,0.5,0
2021-09-09,2021-09-10,0.091363045274394802,0.0003353210609899,0.90830163366461525,-0.033260322168948919,0,1,0,0.33719020996865573,0.5,0
2021-09-10,2021-09-11,0.1256329914815475,0.0005139126648259,0.87385309585362636,0.0071159695647906585,0,1,1,0.33798605427179446,0.5,0
2021-09-11,2021-09-12,0.1615342607267215,0.00038420772651190003,0.83808153154676646,0.019937159419776362,0,1,0,0.33304510755741412,0.5,0
2021-09-12,2021-09-13,0.1426289450923475,0.00030485658086899998,0.85706619832678343,-0.024158585220451445,0,1,1,0.33538915489799509,0.5,0
2021-09-13,2021-09-14,0.068998079309002605,0.00070830042837029998,0.93029362026262696,0.047342017152582239,0,1,0,0.36031352500417146,0.5,0
2021-09-14,2021-09-15,0.083760860526661193,0.00076605495566799998,0.91547308451767084,0.022369497105836134,0,1,0,0.35870030761238758,0.5,0
2021-09-15,2021-09-16,0.018144214437399199,0.0014935981031528999,0.98036218745944781,-0.007949204871744775,0,1,1,0.34781162331246723,0.5,0
2021-09-16,2021-09-17,0.0054008148835312996,0.0060192219722798998,0.98857996314418883,-0.0097428164530450889,0,1,1,0.34817204491946185,1,0
2021-09-17,2021-09-18,0.0094232974266119998,0.0061222739499523001,0.98445442862343557,0.021654808936864889,0,1,1,0.3515326015006362,1,0
2021-09-18,2021-09-19,0.017457275347819799,0.0041668952612323,0.9783758293909478,-0.022108734399162056,0,1,1,0.35107366795329858,0.5,0
2021-09-19,2021-09-20,0.0051916796416889002,0.020785831006902601,0.97402248935140845,-0.092468675048212545,0,1,1,0.35904632811748938,1,0
2021-09-20,2021-09-21,0.036291445313556797,0.0043506006840354,0.95935795400240764,-0.051767411699392918,0,1,0,0.37262139752564116,0.5,0
2021-09-21,2021-09-22,0.6125581811100923,0.0001407871974064,0.38730103169250107,0.071345811819056193,0,1,0,0.32975244299413631,0.20000000000000001,0
2021-09-22,2021-09-23,0.98793752786338518,1.9184990954666345e-07,0.012062280286705199,0.030253767944231624,0,1,0,0.31673460206651355,0.20000000000000001,0
2021-09-23,2021-09-24,0.954239761372496,6.006737138225094e-07,0.045759637953790101,-0.045672755475916538,0,1,0,0.2997055623130781,0.5,0
2021-09-24,2021-09-25,0.70981654950568174,2.9874352651427241e-05,0.29015357614166681,-0.0031083678383181379,0,1,0,0.3013818893845871,0.5,0
2021-09-25,2021-09-26,0.94732569905221276,9.967495074537666e-07,0.052673304198279501,0.012102101820703259,0,1,0,0.29675793070669149,0.20000000000000001,0
2021-09-26,2021-09-27,0.97277776711745956,2.4265550219758893e-07,0.027221990227038001,-0.023859233301082861,0,1,0,0.30304412858477953,0.20000000000000001,0
2021-09-27,2021-09-28,0.96916295985861756,2.4578538789058e-07,0.030836794355994301,-0.02727600385084139,0,1,0,0.30991465860952622,0.5,0
2021-09-28,2021-09-29,0.99205333364966997,1.2322399730114568e-08,0.0079466540279301001,0.012541958885776694,0,1,0,0.30802441185570523,0.20000000000000001,0
2021-09-29,2021-09-30,0.99756651862561119,8.5407449640978304e-10,0.0024334805203142002,0.055047572273261292,0,1,0,0.30553587090330425,0.20000000000000001,0
2021-09-30,2021-10-01,0.99418281793989682,5.996987256035587e-09,0.0058171760631159,0.098639308313157592,0,1,0,0.30984203900396978,0.20000000000000001,0
2021-10-01,2021-10-02,0.94330666520855722,2.9676390103717933e-07,0.056693038027541602,-0.0099509824284468307,0,1,0,0.3004025556639433,0.5,0
2021-10-02,2021-10-03,0.56751356998492641,1.3209044824502159e-05,0.43247322097024909,0.011185959229570219,0,1,0,0.27893434396780004,1,0
2021-10-03,2021-10-04,0.80742732285988794,4.4747615261700329e-06,0.1925682023785858,0.021311159105479094,0,1,0,0.27886124095101672,0.5,0
2021-10-04,2021-10-05,0.81163080118660302,6.0051441178129909e-06,0.1883631936692792,0.045543834417081541,0,1,0,0.27910444407556984,1,0
2021-10-05,2021-10-06,0.52623142383955057,8.4587468606075583e-05,0.47368398869184319,0.074877645509070279,0,1,0,0.27804465632780329,1,0
2021-10-06,2021-10-07,0.32364953740702113,0.00026181390839470002,0.67608864868458407,-0.027823770136217618,0,1,0,0.27640168527402792,1,0
2021-10-07,2021-10-08,0.070594752002625993,0.0024652444399487,0.92694000355742523,0.0024319545440176782,0,1,1,0.2651789827556168,1,0
2021-10-08,2021-10-09,0.04431413544085,0.0110366290943671,0.94464923546478285,0.019063446518296612,0,1,1,0.29859747732212427,1,0
2021-10-09,2021-10-10,0.046505552784251399,0.0288315478594664,0.92466289935628199,-0.0046375756472676333,0,1,1,0.29942684845893441,1,0
2021-10-10,2021-10-11,0.0155025227732955,0.078421208185147598,0.9060762690415568,0.05100964202188063,0,1,1,0.29847384813784267,1,0
2021-10-11,2021-10-12,0.0089523878058265002,0.146686439979514,0.84436117221465945,-0.025425689794057904,0,1,1,0.30194951348206328,1,0
2021-10-12,2021-10-13,0.0015509680718869001,0.46647241961749392,0.5319766123106191,0.024353799546200205,0,1,1,0.29461330104580402,1,0
2021-10-13,2021-10-14,0.0077798070023746002,0.29180690196479198,0.70041329103283334,-0.00059776821580992401,0,1,1,0.29362634299434914,1,0
2021-10-14,2021-10-15,0.0005508708481736,0.72248316719527594,0.27696596195655032,0.075449291840030019,0,1,1,0.2934840973660317,1,0
2021-10-15,2021-10-16,0.0031340696083655001,0.58132208674305308,0.41554384364858121,-0.013156593295228891,0,1,1,0.29994960834626344,1,0
2021-10-16,2021-10-17,6.2880540148183716e-05,0.88984089008399181,0.11009622937586,0.010949522765773212,0,1,1,0.28624927903776287,1,0
2021-10-17,2021-10-18,2.5248854872457203e-05,0.95816254575818882,0.041812205386938799,0.0085945309008168547,0,1,1,0.28598137888610176,1,0
2021-10-18,2021-10-19,1.0794451191883722e-06,0.98828257449273638,0.011716346062144299,0.035809418221840472,0,1,1,0.28590680199533675,1,0
2021-10-19,2021-10-20,1.0527742608477957e-07,0.99742509791640277,0.002574796806171,0.02645674681269794,0,1,1,0.2869733879802619,1,0
2021-10-20,2021-10-21,1.0659534678409676e-08,0.99897256943204082,0.0010274199084244001,-0.057122634288736984,0,1,1,0.28505128733307356,1,0
2021-10-21,2021-10-22,1.1596188479625258e-11,0.99996851957060962,3.1480417794384318e-05,-0.024431684836248579,0,1,1,0.30922089216921189,1,0
2021-10-22,2021-10-23,3.7103437315875392e-10,0.999827371806155,0.00017262782281059999,0.010252050162876003,0,1,1,0.3090259570949066,1,0
2021-10-23,2021-10-24,2.8375504091585503e-08,0.99800889175535001,0.0019910798691459,-0.0072742099898063239,0,1,1,0.32545144225337569,1,0
2021-10-24,2021-10-25,6.1218706170108091e-09,0.99854572554712495,0.0014542683310044,0.03615289198491789,0,1,1,0.32858151117266787,1,0
2021-10-25,2021-10-26,2.9948775380979951e-09,0.99865896588956982,0.0013410311155525,-0.043702728843927785,0,1,1,0.33776084071708601,1,0
2021-10-26,2021-10-27,1.7916848618224782e-10,0.99958060968126239,0.00041939013956899997,-0.031050823401447269,0,1,1,0.33236103416338109,1,0
2021-10-27,2021-10-28,1.5983190577449282e-08,0.9966284885413198,0.0033714954754895999,0.036695238209318859,0,1,1,0.32459481296868636,1,0
2021-10-28,2021-10-29,2.132537560705714e-07,0.98655643562606865,0.013443351120175201,0.027405603928527311,0,1,1,0.32295221226069626,0.5,0
2021-10-29,2021-10-30,6.6696842660120931e-09,0.99667944007767062,0.0033205532526449999,-0.0064698246222857358,0,1,1,0.3209234911992086,1,0
2021-10-30,2021-10-31,1.1578498533406535e-09,0.99841982521806283,0.0015801736240871999,-0.0085785760372315556,0,1,1,0.31853859396822121,1,0
2021-10-31,2021-11-01,4.2182996058615239e-09,0.99714461329467285,0.0028553824870276002,-0.0064312929785872441,0,1,1,0.32975704122595123,1,0
2021-11-01,2021-11-02,8.9471611966630175e-08,0.98322207148646201,0.016777839041926101,0.037862408951445659,0,1,1,0.37383780007416456,1,0
2021-11-02,2021-11-03,6.6716976267786985e-08,0.98733728310491964,0.012662650178104201,-0.0047958216878065674,0,1,1,0.37415177490492124,1,0
2021-11-03,2021-11-04,2.1846471191917867e-08,0.98943076463200075,0.0105692135215279,-0.023934137018523982,0,1,1,0.36659376500071827,1,0
2021-11-04,2021-11-05,2.804457295142056e-08,0.97946808286482956,0.020531889090597201,-0.0071369718917615455,0,1,1,0.36889036522321911,1,0
2021-11-05,2021-11-06,8.7142921109745507e-07,0.85888253950420645,0.14111658906658231,0.0083576195216672478,0,1,1,0.37761895560290415,1,0
2021-11-06,2021-11-07,1.3444628904672882e-05,0.54628188651515308,0.45370466885594207,0.029101927496466562,0,1,1,0.41436653110865251,1,0
2021-11-07,2021-11-08,4.2840702333845622e-07,0.8774436596081433,0.1225559119848334,0.067243319446463889,0,1,1,0.42065084557464694,1,0
2021-11-08,2021-11-09,1.7989241410165989e-07,0.91166520103114124,0.088334619076444604,-0.0092332206391728677,0,1,1,0.41406357313574332,1,0
2021-11-09,2021-11-10,1.8341330741409885e-08,0.9653993274928736,0.0346006541657954,-0.029471903193212912,0,1,1,0.38538538922594306,1,0
2021-11-10,2021-11-11,1.3555691063664113e-08,0.9820215197163944,0.017978466727914501,-0.0019389336019195458,0,1,1,0.38498624324635344,1,0
2021-11-11,2021-11-12,3.2060237068218569e-07,0.93105430636062203,0.068945373037007401,-0.010372384336804652,0,1,1,0.39526828974559935,1,0
2021-11-12,2021-11-13,1.6569796066056145e-06,0.8356066489198799,0.16439169410051341,0.004117908458006303,0,1,1,0.40027227199869048,1,0
2021-11-13,2021-11-14,6.9284298929668898e-06,0.63621449493200233,0.36377857663810481,0.017230188233905652,0,1,1,0.4039311533547888,1,0
2021-11-14,2021-11-15,6.436511550115824e-06,0.62112933503730938,0.37886422845114032,-0.02916123477671495,0,1,1,0.40380731731009889,1,0
2021-11-15,2021-11-16,2.7721164119391592e-06,0.69790081349276256,0.3020964143908253,-0.055171633025618783,0,1,1,0.44736109116824063,1,0
2021-11-16,2021-11-17,2.0877235777268681e-05,0.55005020427025408,0.44992891849396849,0.0046381124030814291,0,1,1,0.44023286494471775,1,0
2021-11-17,2021-11-18,0.00040171091687999998,0.076247132417451902,0.92335115666566803,-0.05652848041505576,0,1,0,0.41316650335969834,0.5,0
2021-11-18,2021-11-19,0.00054136304653000001,0.032129195803701598,0.96732944114976838,0.019806760740440188,0,1,0,0.41357216557754117,0.5,0
2021-11-19,2021-11-20,0.014224219031583499,0.0059124914620015999,0.97986328950641477,0.02813540529652192,0,1,0,0.39627736635489541,0.5,0
2021-11-20,2021-11-21,0.0044721298957075004,0.0048665415549244001,0.99066132854936795,-0.016800742159765236,0,1,0,0.39829592420627524,0.5,0
2021-11-21,2021-11-22,0.00038509161111280002,0.041207580359893699,0.95840732802899364,-0.040969576406429065,0,1,0,0.4195408856738651,0.5,0
2021-11-22,2021-11-23,0.0015544568834244001,0.013250602928085199,0.98519494018849041,0.022454749524053019,0,1,0,0.42187023050317829,0.5,0
2021-11-23,2021-11-24,0.012803600549201899,0.0021634387760387,0.98503296067475921,-0.0069737308330959369,0,1,0,0.40852170462291537,0.5,0
2021-11-24,2021-11-25,0.0037674094483060002,0.0030026025647757002,0.99322998798691842,0.030843931525562418,0,1,0,0.40493242176351996,0.5,0
2021-11-25,2021-11-26,0.0077621689556301998,0.0017316996562353,0.99050613138813437,-0.088303913966379932,0,1,0,0.41449644451997286,0.5,0
2021-11-26,2021-11-27,0.0018456702747324,0.0019445089622507001,0.99620982076301678,0.019262658916936015,0,1,0,0.42346767904036953,0.5,0
2021-11-27,2021-11-28,0.079965842551778493,0.00062465985764159995,0.91940949759057977,0.046116287689967672,0,1,0,0.36959268924999211,0.20000000000000001,0
2021-11-28,2021-11-29,0.1148995130623487,0.00020803590039700001,0.88489245103725422,0.0087848982833405032,0,1,0,0.37525528998830532,0.20000000000000001,0
2021-11-29,2021-11-30,0.038493973153802,0.00062802841328130001,0.96087799843291644,-0.015778236104286192,0,1,0,0.3674384760736652,0.5,0
2021-11-30,2021-12-01,0.031553795148043497,0.00046323113069669997,0.96798297372125985,0.0057556840456447489,0,1,0,0.36719742395062782,0.5,0
2021-12-01,2021-12-02,0.090267749253249402,0.00031566284868639999,0.90941658789806401,-0.012485513972134488,0,1,0,0.3663759736707361,0.5,0
2021-12-02,2021-12-03,0.085210420046445495,0.00039139319033780002,0.91439818676321638,-0.050702704616256034,0,1,0,0.36653196063930704,0.5,0
2021-12-03,2021-12-04,0.18984992925191049,0.0002485561886601,0.80990151455942927,-0.082718178682304244,0,1,0,0.37395676308293962,0.5,0
2021-12-04,2021-12-05,0.51307001621785908,2.3898438864977109e-05,0.48690608534327567,0.004274807298273009,0,1,0,0.35936394062874044,0.20000000000000001,0
2021-12-05,2021-12-06,0.97006098651812245,4.5467515766504481e-08,0.029938968014361699,0.023410349050206891,0,1,0,0.32632587924008555,0.20000000000000001,0
2021-12-06,2021-12-07,0.98987859595204197,2.9465716024647263e-09,0.0101214011013862,0.00065464053114872023,0,1,0,0.32643388274912216,0.20000000000000001,0
2021-12-07,2021-12-08,0.96592011765928643,2.7269854574311408e-08,0.034079855070858797,-0.0023974606286761846,0,1,0,0.32480648880156632,0.20000000000000001,0
2021-12-08,2021-12-09,0.98434638639445959,4.8852620262362148e-09,0.015653608720278399,-0.057005699975630986,0,1,0,0.32798922009761922,0.20000000000000001,0
2021-12-09,2021-12-10,0.98376685187666724,2.4730590632767797e-09,0.016233145650273499,-0.0096519499291966016,0,1,0,0.34679580199944793,0.20000000000000001,0
2021-12-10,2021-12-11,0.9992926609188304,1.2538074292938696e-11,0.00070733906863149998,0.046190694398479337,0,1,0,0.33090009173387358,0.20000000000000001,0
2021-12-11,2021-12-12,0.99981138911780076,9.8333627061791983e-13,0.00018861088121569999,0.015543095844021471,0,1,0,0.33453285291577561,0.20000000000000001,0
2021-12-12,2021-12-13,0.99824015101476515,1.6375994445318645e-11,0.0017598489688589001,-0.06743874922625348,0,1,0,0.32544184726725156,0.20000000000000001,0
2021-12-13,2021-12-14,0.99504115702462337,8.4076028607376626e-11,0.0049588428913003996,0.035605392303805328,0,1,0,0.32502010446688834,0.20000000000000001,0
2021-12-14,2021-12-15,0.99966394806856718,1.4780092287728362e-12,0.00033605192995479999,0.010441111099624756,0,1,0,0.3070870790390311,0.20000000000000001,0
2021-12-15,2021-12-16,0.99942794714884764,1.5697367641158948e-12,0.00057205284958239996,-0.025440184974883207,0,1,0,0.30397393567506847,0.20000000000000001,0
2021-12-16,2021-12-17,0.99849269731299395,1.7483365719318023e-11,0.0015073026695226,-0.030570124422086065,0,1,0,0.30650685735809124,0.20000000000000001,0
2021-12-17,2021-12-18,0.99913534018714123,2.6465608880306058e-12,0.00086465981021199997,0.014814108922684976,0,1,0,0.31520746872687727,0.20000000000000001,0
2021-12-18,2021-12-19,0.99977604254430885,2.1829763173001243e-13,0.00022395745547279999,-0.0032375651461278299,0,1,0,0.3118438017292906,0.20000000000000001,0
2021-12-19,2021-12-20,0.999357144534888,2.8677629969618577e-12,0.00064285546224400003,0.0040831183290688244,0,1,0,0.32398451717732535,0.20000000000000001,0
2021-12-20,2021-12-21,0.99973084404407475,7.4014985147372722e-13,0.0002691559551848,0.042793292277248041,0,1,0,0.325685656393221,0.20000000000000001,0
2021-12-21,2021-12-22,0.99918740465250355,2.2846374780539266e-12,0.00081259534521169999,-0.0061817512576173295,0,1,0,0.328742533983371,0.20000000000000001,0
2021-12-22,2021-12-23,0.99564038904548402,3.6094026766025928e-11,0.0043596109184218003,0.045294518278919504,0,1,0,0.32301777643654683,0.20000000000000001,0
2021-12-23,2021-12-24,0.99717170650494502,3.3622083354558494e-11,0.0028282934614329001,-0.0002933013129663431,0,1,0,0.32977861764316169,0.20000000000000001,0
2021-12-24,2021-12-25,0.97187217383942437,1.533637203717736e-09,0.028127824626938198,-0.0074764551717890759,0,1,0,0.32371184471497144,0.20000000000000001,0
2021-12-25,2021-12-26,0.98475042027113402,1.4857366457005702e-09,0.015249578243129299,0.0074097733621127926,0,1,0,0.32389786620261607,0.20000000000000001,0
2021-12-26,2021-12-27,0.99405040441226244,1.5819693270262347e-10,0.0059495954295404998,-0.002002760934936898,0,1,0,0.32751144209855104,0.20000000000000001,0
2021-12-27,2021-12-28,0.95588390849108684,9.4742305055189209e-09,0.044116082034682501,-0.061821453800647963,0,1,0,0.36855526286722734,0.20000000000000001,0
2021-12-28,2021-12-29,0.98323055214600297,2.5149735927296167e-09,0.0167694453390233,-0.022788840934521271,0,1,0,0.37046722184698005,0.20000000000000001,0
2021-12-29,2021-12-30,0.99919472761812156,1.6861511882879941e-11,0.00080527236501689995,0.014239685590497153,0,1,0,0.35876993559997045,0.20000000000000001,0
2021-12-30,2021-12-31,0.99982161680293002,4.6510796085905649e-13,0.00017838319660509999,-0.019179471726301078,0,1,0,0.35648839284474082,0.20000000000000001,0
2021-12-31,2022-01-01,0.9994461744170664,4.0396240902602933e-12,0.00055382557889390002,0.03285409837839004,0,1,0,0.35663001503657987,0.20000000000000001,0
2022-01-01,2022-01-02,0.99978501022406441,9.2822056445468734e-13,0.0002149897750072,-0.0089278981105198607,0,1,0,0.35465823688469328,0.20000000000000001,0
2022-01-02,2022-01-03,0.99897279421853802,5.038252488050799e-12,0.0010272057764234999,-0.018633829192717388,0,1,0,0.34983554900256364,0.20000000000000001,0
2022-01-03,2022-01-04,0.99812882091913757,2.2174699232946896e-11,0.0018711790586874999,-0.012769705924161268,0,1,0,0.36295869174517797,0.20000000000000001,0
2022-01-04,2022-01-05,0.99736195419846341,5.5659944593787614e-11,0.0026380457458767001,-0.052607810669476618,0,1,0,0.41166663714976331,0.20000000000000001,0
2022-01-05,2022-01-06,0.99955416528009555,4.0555236279590683e-12,0.00044583471584879998,-0.007562307286665404,0,1,0,0.41038722272565215,0.20000000000000001,0
2022-01-06,2022-01-07,0.99994952745895538,5.3053091326934981e-14,5.047254099149413e-05,-0.035983525726550281,0,1,0,0.39258658893114068,0.20000000000000001,0
2022-01-07,2022-01-08,0.99997917273731696,5.5582322093760299e-15,2.0827262677461009e-05,0.0030158833312874389,0,1,0,0.39217365750784716,0.20000000000000001,0
2022-01-08,2022-01-09,0.99999365526235962,7.8074428435396173e-16,6.3447376397489163e-06,0.0042306584757152432,0,1,0,0.38301112159282635,0.20000000000000001,0
2022-01-09,2022-01-10,0.99996987180140284,7.7284343859049253e-15,3.0128198589236933e-05,-0.00038472291586533203,0,1,0,0.4088389276012,0.20000000000000001,0
2022-01-10,2022-01-11,0.9999628780800448,1.907006356181696e-14,3.712191993593802e-05,0.021538432116886108,0,1,0,0.40940103925376664,0.20000000000000001,0
2022-01-11,2022-01-12,0.99997293608967919,7.3462084582984627e-15,2.7063910313407961e-05,0.02732769837035387,0,1,0,0.4279746593941593,0.20000000000000001,0
2022-01-12,2022-01-13,0.99994148083718482,1.6733639549397873e-14,5.85191627984937e-05,-0.030546001230040365,0,1,0,0.4258860395261897,0.20000000000000001,0
2022-01-13,2022-01-14,0.99961924298838645,6.3080205638705609e-13,0.00038075701098259999,0.012060620300752056,0,1,0,0.46888683599607867,0.20000000000000001,0
2022-01-14,2022-01-15,0.99992261474399324,2.3763418181158999e-14,7.7385255982996063e-05,0.00055022484926858795,0,1,0,0.47171341504079745,0.20000000000000001,0
2022-01-15,2022-01-16,0.99979419897571997,4.7926526584827098e-14,0.0002058010242321,-0.00041534213518346075,0,1,0,0.47106975198619072,0.20000000000000001,0
2022-01-16,2022-01-17,0.99977083353136997,9.5676359207954484e-14,0.00022916646853409999,-0.020190765359536234,0,1,0,0.4789074357305238,0.20000000000000001,0
2022-01-17,2022-01-18,0.99943493129720884,3.2594900480798975e-13,0.00056506870246510004,0.0036792839492716389,0,1,0,0.49156827022853733,0.20000000000000001,0
2022-01-18,2022-01-19,0.99970686009640142,8.9407768469360569e-14,0.00029313990350920001,-0.016211648404564127,0,1,0,0.48895917124326299,0.20000000000000001,0
2022-01-19,2022-01-20,0.99946732423375795,1.908550266669065e-13,0.00053267576605100001,-0.023079433175455577,0,1,0,0.48904014755743508,0.20000000000000001,0
2022-01-20,2022-01-21,0.99986868311340804,2.3362600508309321e-14,0.00013131688656850001,-0.10414604613922329,0,1,0,0.48565597771747382,0.20000000000000001,0
2022-01-21,2022-01-22,0.99997860641698155,1.3913042387772748e-15,2.1393583016881134e-05,-0.038390152294005664,0,1,0,0.50297941612218966,0.20000000000000001,0
2022-01-22,2022-01-23,0.99999966346790115,1.8786420839363727e-18,3.3653209867230905e-07,0.034049698932579142,0,1,0,0.3851717260823741,0.20000000000000001,0
2022-01-23,2022-01-24,0.99999997497154502,9.2173700916130779e-21,2.5028455026080151e-08,0.011491749265912121,0,1,0,0.3883398300356613,0.20000000000000001,0
2022-01-24,2022-01-25,0.99999988344086821,7.9925139835961761e-20,1.1655913181252253e-07,0.0072043242300257049,0,1,0,0.38086605145415448,0.20000000000000001,0
2022-01-25,2022-01-26,0.99999938003782995,2.2423345654858175e-18,6.1996216980049143e-07,-0.0040648866324226596,0,1,0,0.38037178057729276,0.20000000000000001,0
2022-01-26,2022-01-27,0.99999917081336864,1.984122359992057e-18,8.2918663138743619e-07,0.009888479473049161,0,1,0,0.38037925405068546,0.20000000000000001,0
2022-01-27,2022-01-28,0.99999952115036761,1.3331660098053868e-18,4.7884963234061727e-07,0.015627900969478636,0,1,0,0.38029198232982281,0.20000000000000001,0
2022-01-28,2022-01-29,0.9999961603223636,2.1531423534892735e-17,3.8396776365043705e-06,0.011278285128400789,0,1,0,0.4092187577024673,0.20000000000000001,0
2022-01-29,2022-01-30,0.99999241557277896,7.1227778450212512e-17,7.5844272208140256e-06,-0.006630722961006974,0,1,0,0.41162509838122974,0.20000000000000001,0
2022-01-30,2022-01-31,0.99999074457615156,6.4922468834406973e-17,9.2554238480650865e-06,0.015320022047750737,0,1,0,0.4121611756537808,0.20000000000000001,0
2022-01-31,2022-02-01,0.99998791634398476,8.1817878950249583e-17,1.2083656015083214e-05,0.0054833162764360566,0,1,0,0.4151009189371539,0.20000000000000001,0
2022-02-01,2022-02-02,0.99996663410858555,5.2936809530682706e-16,3.3365891413791093e-05,-0.047003722581161811,0,1,0,0.42275115727928902,0.20000000000000001,0
2022-02-02,2022-02-03,0.99994710145526644,2.476987096092565e-15,5.2898544731143874e-05,0.010777930181999684,0,1,0,0.42311606167693316,0.20000000000000001,0
2022-02-03,2022-02-04,0.99998384931983642,3.2415506270523087e-16,1.615068016345007e-05,0.11477748754284223,0,1,0,0.40728556656988352,0.20000000000000001,0
2022-02-04,2022-02-05,0.99996779700979399,6.8441011658521125e-16,3.2202990205335392e-05,-0.0037408943504074754,0,1,0,0.40780603616497813,0.20000000000000001,0
2022-02-05,2022-02-06,0.99843513510558879,5.576198120278602e-13,0.0015648648938534999,0.023666995878016239,0,1,0,0.35232542548837903,0.20000000000000001,0
2022-02-06,2022-02-07,0.99807133609247545,7.0923241901847704e-13,0.0019286639068153001,0.034008614792343961,0,1,0,0.35256720112815765,0.20000000000000001,0
2022-02-07,2022-02-08,0.9911210220599268,8.3177463932408937e-12,0.0088789779317552994,0.0046607762485197934,0,1,0,0.35670804811347551,0.20000000000000001,0
2022-02-08,2022-02-09,0.97859757611842102,1.233081891261302e-10,0.021402423758270801,0.0079635407441722705,0,1,0,0.35099645703395166,0.20000000000000001,0
2022-02-09,2022-02-10,0.97985602540057404,1.8318060462403559e-10,0.020143974416245301,-0.019552185343633233,0,1,0,0.35096649767310334,0.20000000000000001,0
2022-02-10,2022-02-11,0.96555361588668076,5.0638067493536925e-10,0.034446383606938497,-0.026024218193515747,0,1,0,0.35068233904848684,0.20000000000000001,0
2022-02-11,2022-02-12,0.99404665918466995,1.0122986057346544e-10,0.0059533407140997998,-0.0043219371337442913,0,1,0,0.35079483409822731,0.20000000000000001,0
2022-02-12,2022-02-13,0.9977266816177176,1.6485317877288788e-11,0.0022733183657967998,-0.0034142712272421383,0,1,0,0.35122558836183615,0.20000000000000001,0
2022-02-13,2022-02-14,0.99761428222424164,1.688346762074409e-11,0.0023857177588746999,0.011630699149570711,0,1,0,0.35622409138030836,0.20000000000000001,0
2022-02-14,2022-02-15,0.99854918784352842,7.6091885931566494e-12,0.0014508121488623999,0.046864534445115513,0,1,0,0.35694988043737991,0.20000000000000001,0
2022-02-15,2022-02-16,0.99360634216657961,1.5120502292493379e-10,0.0063936576822151998,-0.014834636901608356,0,1,0,0.35632234222687698,0.20000000000000001,0
2022-02-16,2022-02-17,0.96970940517620863,2.7631350927396849e-09,0.030290592060656301,-0.075900792095452418,0,1,0,0.34533968037966395,0.20000000000000001,0
2022-02-17,2022-02-18,0.95445895979035256,7.806090913860344e-09,0.045541032403556399,-0.013629145213154281,0,1,0,0.34611521926746031,0.20000000000000001,0
2022-02-18,2022-02-19,0.99672433751341682,4.030017469051554e-11,0.0032756624462830998,0.0022549943625143065,0,1,0,0.31944046006429333,0.20000000000000001,0
2022-02-19,2022-02-20,0.99903261184674441,4.2574497864579512e-12,0.00096738814899789997,-0.043284784598768389,0,1,0,0.31974303869165605,0.20000000000000001,0
2022-02-20,2022-02-21,0.99761441267410522,2.4023675253236824e-11,0.0023855873018712001,-0.034866379872246167,0,1,0,0.32173065540932205,0.20000000000000001,0
2022-02-21,2022-02-22,0.99450353828708116,1.2982311116211322e-10,0.0054964615830954003,0.033240855050421736,0,1,0,0.36970094199130776,0.20000000000000001,0
2022-02-22,2022-02-23,0.99815805313356243,2.9000372019645318e-11,0.0018419468374371,-0.026762043704017358,0,1,0,0.3718067166883931,0.20000000000000001,0
2022-02-23,2022-02-24,0.9920061006672124,1.9233690001854159e-10,0.0079938991404505996,0.029942564863020715,0,1,0,0.37259301051851224,0.20000000000000001,0
2022-02-24,2022-02-25,0.99816644321758663,1.7262688976148307e-11,0.0018335567651507,0.02270261246974381,0,1,0,0.36931155261857218,0.20000000000000001,0
2022-02-25,2022-02-26,0.99573588615187525,1.3784474892309002e-10,0.0042641137102798999,-0.0023999224679669418,0,1,0,0.36471384889730513,0.20000000000000001,0
2022-02-26,2022-02-27,0.98898808162957763,4.8773283731233206e-10,0.0110119178826894,-0.036466362439442235,0,1,0,0.36210605732296564,0.20000000000000001,0
2022-02-27,2022-02-28,0.9938082402134274,1.3216430029856155e-10,0.0061917596544083997,0.14590690677145379,0,1,0,0.36265761165393046,0.20000000000000001,0
2022-02-28,2022-03-01,0.99846906411294123,1.3005786176027065e-11,0.0015309358740530001,0.028528625874660429,0,1,0,0.35628726867341748,0.20000000000000001,0
2022-03-01,2022-03-02,0.94400354573538958,2.3494819146166758e-09,0.055996451915128302,-0.011424956607677172,0,1,0,0.28763286059519588,0.20000000000000001,0
2022-03-02,2022-03-03,0.75589429562583621,3.7328507378507361e-08,0.24410566704565639,-0.033015430580605298,0,1,0,0.28548041286599035,0.20000000000000001,0
2022-03-03,2022-03-04,0.90196244630743605,3.408848936966005e-09,0.0980375502837149,-0.078192779596354511,0,1,0,0.28568377924570404,0.20000000000000001,0
2022-03-04,2022-03-05,0.95628431349584575,8.6184098602035297e-10,0.0437156856423132,0.0064660843528936418,0,1,0,0.28275085700311914,0.5,0
2022-03-05,2022-03-06,0.99680806122198384,1.122744725163041e-11,0.0031919387667886001,-0.025198117565832012,0,1,0,0.27223666674643066,0.20000000000000001,0
2022-03-06,2022-03-07,0.99803750976103522,1.8056557666623361e-12,0.0019624902371589998,-0.0098507672557682779,0,1,0,0.27241540619703536,0.20000000000000001,0
2022-03-07,2022-03-08,0.99972215937813735,7.7850434371184251e-14,0.0002778406217846,0.018935010835033905,0,1,0,0.30264832846229195,0.20000000000000001,0
2022-03-08,2022-03-09,0.99978644703953723,4.4974927521200639e-14,0.00021355296041779999,0.082183931779232333,0,1,0,0.30230009934141605,0.20000000000000001,0
2022-03-09,2022-03-10,0.99967613787483622,6.8836550166724455e-14,0.00032386212509500002,-0.059927496482148346,0,1,0,0.30291483443539768,0.20000000000000001,0
2022-03-10,2022-03-11,0.99388207882140722,1.4058733192392982e-11,0.0061179211645340003,-0.01740650441568603,0,1,0,0.28748014980572306,0.5,0
2022-03-11,2022-03-12,0.9991863790890948,5.845806406992553e-13,0.00081362091032059997,0.0021714321124084446,0,1,0,0.27757640170177283,0.20000000000000001,0
2022-03-12,2022-03-13,0.99989877143203076,1.0207524938866613e-14,0.0001012285679588,-0.026327925532600105,0,1,0,0.27689344088524703,0.20000000000000001,0
2022-03-13,2022-03-14,0.99982033689493122,4.1278584766341089e-14,0.00017966310502750001,0.049711053015950135,0,1,0,0.27791957897810204,0.20000000000000001,0
2022-03-14,2022-03-15,0.99980227630208163,3.4892042281280197e-14,0.0001977236978833,-0.0097148806057810733,0,1,0,0.27780164421849091,0.20000000000000001,0
2022-03-15,2022-03-16,0.99877280745470598,9.1896265264081456e-13,0.0012271925443750999,0.046658198784799598,0,1,0,0.27219431272601341,0.20000000000000001,0
2022-03-16,2022-03-17,0.99842556564772245,1.2607661896865464e-12,0.0015744343510168,-0.004958814359403263,0,1,0,0.27203221024599727,0.20000000000000001,0
2022-03-17,2022-03-18,0.99442855041370537,2.686717198827496e-11,0.0055714495594272996,0.020848201628750562,0,1,0,0.26754640666093876,0.20000000000000001,0
2022-03-18,2022-03-19,0.99603254323822277,8.4549115977480223e-12,0.0039674567533222,0.011137766413361394,0,1,0,0.27251226958910868,0.20000000000000001,0
2022-03-19,2022-03-20,0.97741318170877245,1.5565311009201751e-10,0.022586818135574199,-0.022660005209196643,0,1,0,0.27212299936559259,0.5,0
2022-03-20,2022-03-21,0.88760635509998964,6.7155063082579742e-09,0.112393638184504,-0.0061536970636689725,0,1,0,0.28777178297845174,0.5,0
2022-03-21,2022-03-22,0.9426319450740136,2.4526302436410128e-09,0.057368052473356197,0.032933547852371792,0,1,0,0.28674698596154108,0.20000000000000001,0
2022-03-22,2022-03-23,0.95020132486478359,9.1781740094148554e-10,0.049798674217399003,0.012720364382979632,0,1,0,0.28670450263333785,0.20000000000000001,0
2022-03-23,2022-03-24,0.67752170614908913,8.2536588435447933e-08,0.32247821131432242,0.025657158836688954,0,1,0,0.28921369323167578,0.5,0
2022-03-24,2022-03-25,0.26798898160119072,9.4351520006656167e-07,0.73201007488360914,0.0072251380274011012,0,1,0,0.29213351706366364,0.5,0
2022-03-25,2022-03-26,0.16034706035591639,4.7390411826063853e-06,0.83964820060290091,0.0048949944733933659,0,1,0,0.29318556487813074,0.5,0
2022-03-26,2022-03-27,0.1047192111546015,1.8897699627163968e-05,0.89526189114577126,0.051876627458022906,0,1,0,0.29510181040648192,0.5,0
2022-03-27,2022-03-28,0.1137974371288967,1.5988412791105341e-05,0.88618657445831217,0.0052497919289784534,0,1,0,0.29759145711008583,0.5,0
2022-03-28,2022-03-29,0.031163755629200901,7.5409850014379151e-05,0.96876083452078465,0.0073028340940453074,0,1,0,0.29134963994574098,1,0
2022-03-29,2022-03-30,0.035534077016011002,0.00031543718083610001,0.96415048580315277,-0.0078821471474636029,0,1,0,0.29125571225337477,1,0
2022-03-30,2022-03-31,0.0109885761174233,0.0011921744789856999,0.98781924940359078,-0.032926181625066331,0,1,1,0.29519668663263132,1,0
2022-03-31,2022-04-01,0.044429045915702702,0.00065371204970160002,0.9549172420345956,0.016957715540911522,0,1,0,0.37138137677272204,1,0
2022-04-01,2022-04-02,0.1103607704687197,0.00038500633606759998,0.88925422319521263,-0.010497440438905326,0,1,0,0.36968163127631193,1,0
2022-04-02,2022-04-03,0.0341219724095718,0.0011431228266187,0.96473490476380919,0.013009975770011506,0,1,0,0.36872213288429384,1,0
2022-04-03,2022-04-04,0.0799594814366371,0.0014096154721751999,0.91863090309118756,0.0047837610705281364,0,1,0,0.37485227667941123,1,0
2022-04-04,2022-04-05,0.0050749782300791996,0.020103707363857699,0.97482131440606279,-0.024083724720667443,0,1,0,0.42112102729438983,1,0
2022-04-05,2022-04-06,0.0031934256876332001,0.0259530991351829,0.97085347517718401,-0.051267964664000298,0,1,1,0.42129230979852045,1,0
2022-04-06,2022-04-07,0.013727722064454301,0.0105321006304762,0.97574017730506934,0.0063697218168763392,0,1,1,0.42185752464551729,1,0
2022-04-07,2022-04-08,0.087521549219251302,0.0018214227665253001,0.91065702801422321,-0.026997790462161664,0,1,1,0.40096891124475253,1,0
2022-04-08,2022-04-09,0.083591703406319107,0.0013447243742648999,0.91506357221941603,0.011638083973979807,0,1,1,0.4034693797876614,1,0
2022-04-09,2022-04-10,0.2871755534521368,0.00020645316279449999,0.7126179933850687,-0.014707601655482017,0,1,1,0.45402898617908122,0.5,0
2022-04-10,2022-04-11,0.044755624417477803,0.00080067833053139997,0.95444369725199085,-0.062675020171816365,0,1,1,0.500283656839695,0.5,0
2022-04-11,2022-04-12,0.089480981456572906,0.00078140267064540005,0.90973761587278157,0.014709977973010657,0,1,1,0.50190341550965145,0.5,0
2022-04-12,2022-04-13,0.54010975556850171,3.3762304448281391e-05,0.45985648212704988,0.026323668845750881,0,1,0,0.4510991443738257,0.5,0
2022-04-13,2022-04-14,0.41109184906443458,6.0056146408646832e-05,0.58884809478915667,-0.029100722047990635,0,1,0,0.45670850948175268,0.5,0
2022-04-14,2022-04-15,0.25428372276290451,0.0001242733097328,0.74559200392736247,0.015625,0,1,0,0.47639997002355133,0.5,0
2022-04-15,2022-04-16,0.50970574169088856,3.1356673681361817e-05,0.4902629016354299,-0.0043885601577908773,0,1,0,0.46703348111366272,0.5,0
2022-04-16,2022-04-17,0.43289407259040408,1.952066860472542e-05,0.5670864067409912,-0.016814422267346862,0,1,0,0.49077943976955607,0.5,0
2022-04-17,2022-04-18,0.53711531589832373,1.5383280129704299e-05,0.46286930082154659,0.027705714933380365,0,1,0,0.49080683447514656,0.5,0
2022-04-18,2022-04-19,0.81688800507302606,1.1506672132209988e-06,0.1831108442597606,0.017155601303825652,0,1,0,0.49209869967033976,0.5,0
2022-04-19,2022-04-20,0.53289290628990238,6.2392163142482654e-06,0.4671008544937833,-0.0032527769076934332,0,1,0,0.4831265104459011,0.5,0
2022-04-20,2022-04-21,0.25249212821853728,2.7519827444756256e-05,0.74748035195401785,-0.021417520789015709,0,1,0,0.48687990491647892,0.5,0
2022-04-21,2022-04-22,0.26759370188682607,2.2919850519841569e-05,0.73238337826265387,-0.019094906378143373,0,1,1,0.48706122941545804,0.5,0
2022-04-22,2022-04-23,0.57735576952436285,1.3395745920609318e-05,0.42263083472971652,-0.0073283134805711692,0,1,0,0.49470757147082883,0.5,0
2022-04-23,2022-04-24,0.7959683446675464,1.9046928088596932e-06,0.20402975063964471,0.0011669795524886784,0,1,0,0.49207421416247293,0.5,0
2022-04-24,2022-04-25,0.95544213266054556,7.641795733838632e-08,0.044557790921496997,0.024401986620717686,0,1,0,0.50029814930083372,0.5,0
2022-04-25,2022-04-26,0.93957488536293343,1.6809836952545299e-07,0.0604249465386969,-0.05723897395305122,0,1,0,0.50092446552754444,0.5,0
2022-04-26,2022-04-27,0.66314106981571486,4.6293669059730323e-06,0.33685430081737899,0.029648676304673049,0,1,0,0.49282479083843006,0.5,0
2022-04-27,2022-04-28,0.97287236491192841,6.0027553749507314e-08,0.027127575060518001,0.012868537063934982,0,1,0,0.48156612396893939,0.20000000000000001,0
2022-04-28,2022-04-29,0.94587522264144464,8.9079655079106703e-08,0.054124688278900199,-0.029359967797121911,0,1,0,0.47157317354696998,0.5,0
2022-04-29,2022-04-30,0.89925296139463218,4.3476772393734129e-07,0.10074660383764381,-0.024131048961924306,0,1,0,0.47015957988274515,0.5,0
2022-04-30,2022-05-01,0.97542243394707595,2.5859605066685754e-08,0.024577540193318901,0.021540504648074332,0,1,0,0.46071203983377751,0.20000000000000001,0
2022-05-01,2022-05-02,0.98892210359886334,5.4571869530797106e-09,0.011077890943949601,0.0013780192922701051,0,1,0,0.4664361813776981,0.20000000000000001,0
2022-05-02,2022-05-03,0.945797807107152,4.3527109227602122e-08,0.054202149365738701,-0.020667809108376178,0,1,0,0.46409887929954113,0.20000000000000001,0
2022-05-03,2022-05-04,0.93163581784965321,1.2256506373877957e-07,0.068364059585282799,0.052229704650299524,0,1,0,0.46539193276081747,0.20000000000000001,0
2022-05-04,2022-05-05,0.97636470029550582,1.9281602125113684e-08,0.023635280422892101,-0.079217899617012644,0,1,0,0.46225504372241683,0.20000000000000001,0
2022-05-05,2022-05-06,0.68386827209545553,1.0640580420003222e-06,0.3161306638465024,-0.014639886164623417,0,1,0,0.4357441501438159,0.5,0
2022-05-06,2022-05-07,0.98171958679832738,9.0524414027036074e-09,0.0182804041492311,-0.015024021772334639,0,1,0,0.385750201757253,0.20000000000000001,0
2022-05-07,2022-05-08,0.98880249257387365,1.9780391071933695e-09,0.0111975054480871,-0.039697755723469008,0,1,0,0.40363582359551614,0.20000000000000001,0
2022-05-08,2022-05-09,0.99562723299813882,3.6435762017337077e-10,0.0043727666375036004,-0.11641221374045807,0,1,0,0.40208480786229234,0.20000000000000001,0
2022-05-09,2022-05-10,0.99951972215266816,6.5225260127887282e-12,0.00048027784080910001,0.030320651270975274,0,1,0,0.39493974638083035,0.20000000000000001,0
2022-05-10,2022-05-11,0.99999731266793923,2.2845508864661733e-16,2.6873320605107968e-06,-0.06254293316133186,0,1,0,0.31790924250662111,0.20000000000000001,0
2022-05-11,2022-05-12,0.99999597122240036,4.2465066731905344e-16,4.0287775990081366e-06,-0.0031718510262073174,0,1,0,0.31540856814201823,0.20000000000000001,0
2022-05-12,2022-05-13,0.99999868617629795,1.056724109185674e-16,1.3138237016984017e-06,0.01064329099944783,0,1,0,0.31410336549621704,0.20000000000000001,0
2022-05-13,2022-05-14,0.99999926133417283,1.4933327372439394e-17,7.3866582706453304e-07,0.02718170766688055,0,1,0,0.31480157478199905,0.20000000000000001,0
2022-05-14,2022-05-15,0.99999972211571664,2.6387006909288648e-18,2.7788428346563325e-07,0.040833898485392428,0,1,0,0.31673141242851977,0.20000000000000001,0
2022-05-15,2022-05-16,0.99999852560786895,1.8922787858300458e-17,1.4743921309890436e-06,-0.046622823687984538,0,1,0,0.31723171326218957,0.20000000000000001,0
2022-05-16,2022-05-17,0.99999697704128077,3.9222127476564667e-17,3.022958719268661e-06,0.019715903380347788,0,1,0,0.31194125188223287,0.20000000000000001,0
2022-05-17,2022-05-18,0.99999904931510064,4.1190024844507324e-18,9.5068489926671079e-07,-0.057619712525667333,0,1,0,0.30424754432067663,0.20000000000000001,0
2022-05-18,2022-05-19,0.9999983372361092,6.2871254846036662e-18,1.6627638907545e-06,0.056554768038990844,0,1,0,0.30399414127466406,0.20000000000000001,0
2022-05-19,2022-05-20,0.9999998616564636,9.3288796454582152e-20,1.3834353625533397e-07,-0.037197377408359489,0,1,0,0.29556021717591058,0.20000000000000001,0
2022-05-20,2022-05-21,0.99999920068006876,5.8076340006579448e-19,7.9931993092246313e-07,0.0087735532205108768,0,1,0,0.28781478737783045,0.20000000000000001,0
2022-05-21,2022-05-22,0.9999995686996348,2.4818038901347684e-19,4.3130036522299948e-07,0.028945526693075596,0,1,0,0.28404543984717912,0.20000000000000001,0
2022-05-22,2022-05-23,0.99999946418496122,1.5584917907326018e-19,5.3581503880232416e-07,-0.039400262822502308,0,1,0,0.28516509284597802,0.20000000000000001,0
2022-05-23,2022-05-24,0.99999787002109963,1.9730934804424426e-18,2.129978900502571e-06,0.019090306015474345,0,1,0,0.28395367104119995,0.20000000000000001,0
2022-05-24,2022-05-25,0.99999940485211836,2.1676588465534805e-19,5.9514788167370171e-07,-0.0036460283250193681,0,1,0,0.27998314094383697,0.20000000000000001,0
2022-05-25,2022-05-26,0.99999924674257501,2.1423813572282276e-19,7.5325742488310065e-07,-0.011411413444547436,0,1,0,0.27909783557481832,0.20000000000000001,0
2022-05-26,2022-05-27,0.99999969997586324,4.4549471954472241e-20,3.0002413690673752e-07,-0.020624240245176062,0,1,0,0.28056105687628963,0.20000000000000001,0
2022-05-27,2022-05-28,0.99999933785936235,9.9756841930518762e-20,6.6214063766282806e-07,0.014890983595093887,0,1,0,0.28943839836003948,0.20000000000000001,0
2022-05-28,2022-05-29,0.99999982325946324,8.2466358713607432e-21,1.7674053677055709e-07,0.015092792597262594,0,1,0,0.29060475301492639,0.20000000000000001,0
2022-05-29,2022-05-30,0.99999949400336996,1.0721706635899312e-19,5.059966298143388e-07,0.076636167411047618,0,1,0,0.29044857191181606,0.20000000000000001,0
2022-05-30,2022-05-31,0.99999745824531316,1.3775317219185937e-18,2.5417546866618585e-06,0.0022097322787983931,0,1,0,0.2923197295237791,0.20000000000000001,0
2022-05-31,2022-06-01,0.99997935257729875,8.8453669344054261e-17,2.0647422701133787e-05,-0.062745727100593229,0,1,0,0.27899181727769812,0.20000000000000001,0
2022-06-01,2022-06-02,0.9999756055982888,2.0731715322321526e-16,2.4394401711003648e-05,0.022048089668943005,0,1,0,0.2802468943499889,0.20000000000000001,0
2022-06-02,2022-06-03,0.99999624227337225,1.2052240829113904e-17,3.757726627707473e-06,-0.024777133851028532,0,1,0,0.27030163215304837,0.20000000000000001,0
2022-06-03,2022-06-04,0.99999102160573838,3.4040911273895604e-17,8.9783942615235067e-06,0.0055015167890535288,0,1,0,0.27022138078547697,0.20000000000000001,0
2022-06-04,2022-06-05,0.99999659315315881,7.0932429675686824e-18,3.4068468412507947e-06,0.0016307095763168356,0,1,0,0.27466788970301442,0.20000000000000001,0
2022-06-05,2022-06-06,0.99998367968632995,6.5075947303862498e-17,1.6320313669858655e-05,0.048627686958847338,0,1,0,0.29261056806820557,0.20000000000000001,0
2022-06-06,2022-06-07,0.99995927193747236,4.7351216103039235e-16,4.072806252725513e-05,-0.0076129509430112874,0,1,0,0.29319198012952752,0.20000000000000001,0
2022-06-07,2022-06-08,0.99958956541071164,4.6644735727348766e-14,0.00041043458924170002,-0.029785921718794239,0,1,0,0.28741781784688097,0.20000000000000001,0
2022-06-08,2022-06-09,0.99901933900563655,3.5490234570395441e-13,0.00098066099400840006,-0.0034369040050857835,0,1,0,0.29208122096315242,0.20000000000000001,0
2022-06-09,2022-06-10,0.99827902220949083,1.655897442356402e-12,0.0017209777888529999,-0.033706782555535608,0,1,0,0.34457196943515767,0.20000000000000001,0
2022-06-10,2022-06-11,0.99912581237986675,6.2812666336761539e-13,0.00087418761950489997,-0.023377677223698767,0,1,0,0.34888129423180819,0.20000000000000001,0
2022-06-11,2022-06-12,0.99928922482966398,8.2551308672944778e-13,0.00071077516951040004,-0.06327059436546334,0,1,0,0.36604422604248332,0.20000000000000001,0
2022-06-12,2022-06-13,0.9996575922795532,3.0658524732723666e-13,0.00034240772014009998,-0.1562900516043193,0,1,0,0.36302352121724668,0.20000000000000001,0
2022-06-13,2022-06-14,0.99997165366953522,2.9791654093543165e-15,2.834633046184019e-05,-0.012949928724162563,0,1,0,0.34187955831238304,0.20000000000000001,0
2022-06-14,2022-06-15,0.99999998595353679,2.7162938489972391e-21,1.4046463105000232e-08,0.018982457248852613,0,1,0,0.25816815255728676,0.20000000000000001,0
2022-06-15,2022-06-16,0.99999999865475198,1.7067412030211086e-23,1.3452479936256356e-09,-0.097055084839599903,0,1,0,0.26108544021354202,0.20000000000000001,0
2022-06-16,2022-06-17,0.9999999920002296,4.4355123045720806e-22,7.9997704522218709e-09,0.0028450060333748972,0,1,0,0.26502480662028371,0.20000000000000001,0
2022-06-17,2022-06-18,0.99999999985302079,1.7595641288856137e-25,1.4697906349168787e-10,-0.071319566046780025,0,1,0,0.24602073111198397,0.20000000000000001,0
2022-06-18,2022-06-19,0.99999999991466837,3.8787244242874013e-26,8.5331468044717473e-11,0.083780580939088356,0,1,0,0.25224108746120472,0.20000000000000001,0
2022-06-19,2022-06-20,0.9999999999793544,2.4391479498068735e-27,2.0645452555862056e-11,-0.0002381276364131768,0,1,0,0.2473697743199221,0.20000000000000001,0
2022-06-20,2022-06-21,0.99999999994139421,4.0620139363146931e-27,5.8605852405297176e-11,0.0071990005978914695,0,1,0,0.23884211151852364,0.20000000000000001,0
2022-06-21,2022-06-22,0.99999999994879962,1.972953918288531e-27,5.1200534240524004e-11,-0.036418215864558734,0,1,0,0.23895184636301042,0.20000000000000001,0
2022-06-22,2022-06-23,0.99999999995646882,9.5073218344040503e-28,4.3531294503927898e-11,0.056842200162277479,0,1,0,0.24013132704459542,0.20000000000000001,0
2022-06-23,2022-06-24,0.99999999996778521,7.2427146785671627e-28,3.2214964129647527e-11,0.0059808442373949777,0,1,0,0.24050788242265744,0.20000000000000001,0
2022-06-24,2022-06-25,0.99999999987465615,3.5502040774768425e-27,1.2534378311338596e-10,0.012389939180944998,0,1,0,0.23630750652052798,0.20000000000000001,0
2022-06-25,2022-06-26,0.99999999974689635,1.1941311380977904e-26,2.5310364456550207e-10,-0.020772548964862581,0,1,0,0.23628270916294922,0.20000000000000001,0
2022-06-26,2022-06-27,0.99999999963025366,1.1581119368435215e-26,3.6974637491536544e-10,-0.014888207760115901,0,1,0,0.23622573910716221,0.20000000000000001,0
2022-06-27,2022-06-28,0.99999999986205201,5.3038137620728106e-27,1.379479563609533e-10,-0.021813585976015681,0,1,0,0.23616143546658122,0.20000000000000001,0
2022-06-28,2022-06-29,0.99999999989570476,1.7090854554300671e-27,1.0429507994529636e-10,-0.008220731827596417,0,1,0,0.23610874293788434,0.20000000000000001,0
2022-06-29,2022-06-30,0.99999999996188083,2.287766728786356e-28,3.8119050519978045e-11,-0.009183891643006703,0,1,0,0.23575378555353343,0.20000000000000001,0
2022-06-30,2022-07-01,0.99999999998067324,3.7459638718425464e-29,1.9326748338951069e-11,-0.033307237561851832,0,1,0,0.24456904164195428,0.20000000000000001,0
2022-07-01,2022-07-02,0.99999999997000955,4.4039368357594337e-29,2.9990525336679018e-11,-0.0010226912873970706,0,1,0,0.24445102490695533,0.20000000000000001,0
2022-07-02,2022-07-03,0.999999999986808,2.1236781559261457e-29,1.3191988684134019e-11,0.0034661594745157842,0,1,0,0.24950193944667209,0.20000000000000001,0
2022-07-03,2022-07-04,0.99999999998231481,4.9882775611796421e-29,1.7685205170896966e-11,0.046913759263382815,0,1,0,0.2503426765317488,0.20000000000000001,0
2022-07-04,2022-07-05,0.9999999999526954,4.2580397508243736e-28,4.7304599323074103e-11,-0.00075188713778340244,0,1,0,0.25151472933498148,0.20000000000000001,0
2022-07-05,2022-07-06,0.99999999979971643,2.5066521345898529e-27,2.0028348459960343e-10,0.017846004574121554,0,1,0,0.24771905899397892,0.20000000000000001,0
2022-07-06,2022-07-07,0.99999999980899956,5.2255316322356964e-27,1.9100034160696228e-10,0.05236587536659032,0,1,0,0.24771431918026671,0.20000000000000001,0
2022-07-07,2022-07-08,0.99999999923110916,1.6564096821793626e-26,7.6889084823153415e-10,-0.0012293301537124046,0,1,0,0.25119044288390119,0.20000000000000001,0
2022-07-08,2022-07-09,0.9999999967590536,5.0771074910804155e-25,3.2409464079353684e-09,-0.0010966535870289285,0,1,0,0.24647603343652588,0.20000000000000001,0
2022-07-09,2022-07-10,0.99999999743291201,1.809299350145509e-24,2.5670878730110478e-09,-0.034283729009843555,0,1,0,0.24807492344011825,0.20000000000000001,0
2022-07-10,2022-07-11,0.99999999415607399,5.9466430342424288e-24,5.843925994348121e-09,-0.042412962767539364,0,1,0,0.24809299377758451,0.20000000000000001,0
2022-07-11,2022-07-12,0.99999999433109477,4.8635597075088062e-24,5.6689052348636368e-09,-0.03167327883305282,0,1,0,0.2481045911616685,0.20000000000000001,0
2022-07-12,2022-07-13,0.99999999799841199,6.2872347360786044e-25,2.0015881026397804e-09,0.047545639364954484,0,1,0,0.24562781613396115,0.20000000000000001,0
2022-07-13,2022-07-14,0.99999999849250965,3.8588386273850326e-25,1.5074903420010314e-09,0.016592592592592492,0,1,0,0.25148058222301267,0.20000000000000001,0
2022-07-14,2022-07-15,0.99999986731666923,1.6514599200190266e-21,1.3268333056883009e-07,0.011614689594870331,0,1,0,0.32125991895419176,0.20000000000000001,0
2022-07-15,2022-07-16,0.99999942459527602,2.4049266986361431e-20,5.7540472406254408e-07,0.018477702387983852,0,1,0,0.32112826303811159,0.20000000000000001,0
2022-07-16,2022-07-17,0.99999900947987641,5.1063018540919775e-20,9.9052012363453094e-07,-0.020004809075007568,0,1,0,0.32215016128467422,0.20000000000000001,0
2022-07-17,2022-07-18,0.99998055633783156,1.632016668006522e-17,1.9443662168287795e-05,0.083721422523285405,0,1,0,0.36937040591508624,0.20000000000000001,0
2022-07-18,2022-07-19,0.99999331131535618,4.1488637448607899e-18,6.6886846436960047e-06,0.039261646645180281,0,1,0,0.3673835485893498,0.20000000000000001,0
2022-07-19,2022-07-20,0.99986142282939461,1.7399560161510722e-15,0.0001385771706037,-0.0083297024373990558,0,1,0,0.36719588424431121,0.20000000000000001,0
2022-07-20,2022-07-21,0.99959405290978764,2.7384270281096836e-14,0.0004059470901849,-0.0026792790930080246,0,1,0,0.39781914705689692,0.20000000000000001,0
2022-07-21,2022-07-22,0.99987055041188555,9.7584599276026853e-15,0.0001294495881046,-0.020636634561395861,0,1,0,0.39730235148702209,0.20000000000000001,0
2022-07-22,2022-07-23,0.99986440625121664,7.0867191976115085e-15,0.00013559374877619999,-0.0094729043183742201,0,1,0,0.39769479124628321,0.20000000000000001,0
2022-07-23,2022-07-24,0.99992033259121804,6.1993976138430063e-15,7.9667408775716193e-05,0.0054184253174474062,0,1,0,0.40452581564458934,0.20000000000000001,0
2022-07-24,2022-07-25,0.99995860541452364,8.5518610027607707e-16,4.1394585475532703e-05,-0.056690918913652744,0,1,0,0.42913184928471609,0.20000000000000001,0
2022-07-25,2022-07-26,0.99995878967547958,7.6009735537912828e-16,4.1210324519657193e-05,-0.0024974298067308442,0,1,0,0.42914493830676492,0.20000000000000001,0
2022-07-26,2022-07-27,0.99999349939114879,1.7475618182057239e-17,6.5006088512504432e-06,0.080456686762013563,0,1,0,0.40188642907772776,0.20000000000000001,0
2022-07-27,2022-07-28,0.99998876088178679,2.1325522979039632e-17,1.1239118213260632e-05,0.038839983796709721,0,1,0,0.40538455673528401,0.20000000000000001,0
2022-07-28,2022-07-29,0.9998997948253352,2.9892660397019921e-15,0.0001002051746617,-0.0031740041928721707,0,1,0,0.36731530090008058,0.20000000000000001,0
2022-07-29,2022-07-30,0.99927641851182081,1.8675157902834049e-13,0.00072358148799230005,-0.0058929179828637324,0,1,0,0.36188475427792954,0.20000000000000001,0
2022-07-30,2022-07-31,0.9994043309114824,1.5338486139039361e-13,0.00059566908836420002,-0.013996665848643008,0,1,0,0.36222178001621058,0.20000000000000001,0
2022-07-31,2022-08-01,0.99947998238051639,2.3966587484042429e-13,0.00052001761924370005,-0.0013817726168713351,0,1,0,0.36241734920869267,0.20000000000000001,0
2022-08-01,2022-08-02,0.99923402255732718,7.3768364780230484e-13,0.00076597744193519996,-0.012143765684623165,0,1,0,0.36827138023737876,0.20000000000000001,0
2022-08-02,2022-08-03,0.99917917597878425,6.1704597049060043e-13,0.00082082402059860003,-0.0072992700729926918,0,1,0,0.36825664559833132,0.20000000000000001,0
2022-08-03,2022-08-04,0.99960466984949936,1.4652569426214829e-13,0.00039533015035399997,-0.0091451658136437741,0,1,0,0.36747280679964633,0.20000000000000001,0
2022-08-04,2022-08-05,0.99979017023163519,3.6116099577023186e-14,0.0002098297683285,0.03078440304084995,0,1,0,0.38012903135762249,0.20000000000000001,0
2022-08-05,2022-08-06,0.99973966077118637,4.3217924875219048e-14,0.00026033922877039998,-0.015616821547781434,0,1,0,0.37955714158295284,0.20000000000000001,0
2022-08-06,2022-08-07,0.99868436191157983,4.4023945369750222e-13,0.0013156380879800001,0.010072262271074939,0,1,0,0.37574005303337082,0.20000000000000001,0
2022-08-07,2022-08-08,0.99948197231321123,8.7491184612286284e-14,0.00051802768670120003,0.027658757383938859,0,1,0,0.39172016254397063,0.20000000000000001,0
2022-08-08,2022-08-09,0.99679525410842185,1.6336008995478157e-12,0.0032047458899445999,-0.02811519841453114,0,1,0,0.39107688807287549,0.20000000000000001,0
2022-08-09,2022-08-10,0.98859513552461042,2.0364283798345483e-11,0.0114048644550252,0.03526204599359728,0,1,0,0.38613422216725946,0.20000000000000001,0
2022-08-10,2022-08-11,0.98613035391161274,1.9368168297073392e-11,0.013869646069019,-0.001151780460628804,0,1,0,0.38888803364676044,0.20000000000000001,0
2022-08-11,2022-08-12,0.90567769541449439,1.1122305747280207e-09,0.094322303473274999,0.019360526084903906,0,1,0,0.39461827367402863,0.20000000000000001,0
2022-08-12,2022-08-13,0.9161894677897644,3.0744564674208665e-09,0.083810529135779105,0.0017951776119218277,0,1,0,0.40211622522462304,0.20000000000000001,0
2022-08-13,2022-08-14,0.62971288690246963,2.7684301744829308e-08,0.37028708541322852,-0.0057154546384371452,0,1,0,0.41622421237898921,0.20000000000000001,0
2022-08-14,2022-08-15,0.75062015545964078,1.8134811821563423e-08,0.24937982640554729,-0.0082747666935496511,0,1,0,0.41859504447310975,0.20000000000000001,0
2022-08-15,2022-08-16,0.8844612273923369,4.978144106568219e-09,0.11553876762951901,-0.010161108967417287,0,1,0,0.41965468943845841,0.20000000000000001,0
2022-08-16,2022-08-17,0.95942063503824981,1.7249216967177287e-09,0.040579363236828501,-0.021746420307836689,0,1,0,0.42153553806897354,0.20000000000000001,0
2022-08-17,2022-08-18,0.96734373002411556,8.4720982393926686e-10,0.032656269128674399,-0.0057588482303539967,0,1,0,0.42370931793585837,0.20000000000000001,0
2022-08-18,2022-08-19,0.99231582938112795,9.904567422392408e-11,0.0076841705198261003,-0.10223844575841678,0,1,0,0.47874061633256459,0.20000000000000001,0
2022-08-19,2022-08-20,0.99800916042053223,4.6414011960753251e-12,0.0019908395748263002,0.014766241185139695,0,1,0,0.50272870965443583,0.20000000000000001,0
2022-08-20,2022-08-21,0.99996567853322083,2.0878162369479638e-15,3.4321466777098072e-05,0.017895917006088169,0,1,0,0.38913086245257417,0.20000000000000001,0
2022-08-21,2022-08-22,0.99994038488868919,2.513717160169773e-15,5.9615111308316992e-05,-0.0046892718383433341,0,1,0,0.38772490281138705,0.20000000000000001,0
2022-08-22,2022-08-23,0.99977861209239005,4.4099855259266871e-14,0.0002213879075657,0.0047113647081895582,0,1,0,0.3886919616204309,0.20000000000000001,0
2022-08-23,2022-08-24,0.99976252475596517,2.2633188206257198e-14,0.0002374752440119,-0.0070641161489413129,0,1,0,0.3891445108430861,0.20000000000000001,0
2022-08-24,2022-08-25,0.99967635023540757,3.2859106353974701e-14,0.0003236497645596,0.0093703779978657753,0,1,0,0.38918573742500623,0.20000000000000001,0
2022-08-25,2022-08-26,0.99973218956659282,5.1097353912754655e-14,0.00026781043335600001,-0.061000491528095946,0,1,0,0.41471905877942566,0.20000000000000001,0
2022-08-26,2022-08-27,0.99952938919668077,1.7750281061419997e-13,0.00047061080314159999,-0.010666719341823949,0,1,0,0.41405141198136908,0.20000000000000001,0
2022-08-27,2022-08-28,0.99998172406759123,9.2255295396234246e-16,1.8275932407786035e-05,-0.024144075791533437,0,1,0,0.43140372434577151,0.20000000000000001,0
2022-08-28,2022-08-29,0.99999381376624397,5.5406712022676491e-17,6.1862337560817101e-06,0.038137717261204518,0,1,0,0.44424807819375828,0.20000000000000001,0
2022-08-29,2022-08-30,0.99999829354039116,7.5801042078170082e-18,1.7064596087957982e-06,-0.024793306989623454,0,1,0,0.43828827167633966,0.20000000000000001,0
2022-08-30,2022-08-31,0.99998392891209642,2.0502343785884042e-16,1.6071087903327652e-05,0.012696664409931113,0,1,0,0.42558551233165198,0.20000000000000001,0
2022-08-31,2022-09-01,0.99999371762360123,1.1430311748792985e-16,6.282376398515873e-06,0.0041009983087121338,0,1,0,0.42213343599149927,0.20000000000000001,0
2022-09-01,2022-09-02,0.99998692994507998,4.5077966773938542e-16,1.307005491949172e-05,-0.0086156781492687795,0,1,0,0.42090257003329412,0.20000000000000001,0
2022-09-02,2022-09-03,0.99994601363149205,8.3261725753005999e-15,5.3986368499540182e-05,-0.0060793777283274508,0,1,0,0.42208182342203898,0.20000000000000001,0
2022-09-03,2022-09-04,0.99997108894615405,2.6421214715591376e-15,2.891105384327436e-05,0.0084966265619168535,0,1,0,0.42191778097921162,0.20000000000000001,0
2022-09-04,2022-09-05,0.99996007585707325,4.0147276417836256e-15,3.9924142922718229e-05,-0.010340051700258646,0,1,0,0.42242726769088645,0.20000000000000001,0
2022-09-05,2022-09-06,0.99993337427920181,4.2476391483520553e-15,6.6625720793929975e-05,-0.050861158686612895,0,1,0,0.43039793120625891,0.20000000000000001,0
2022-09-06,2022-09-07,0.99996484644685402,1.9797719512662467e-15,3.5153553144165848e-05,0.026354171102499491,0,1,0,0.43170305856529767,0.20000000000000001,0
2022-09-07,2022-09-08,0.99999593048543722,7.8409809202242271e-17,4.0695145625794e-06,0.0018618883385630447,0,1,0,0.40923690514807554,0.20000000000000001,0
2022-09-08,2022-09-09,0.99999071076325596,2.3199753735298993e-16,9.2892367435439704e-06,0.10600805491422238,0,1,0,0.40981706740073015,0.20000000000000001,0
2022-09-09,2022-09-10,0.99997282038161384,2.277552100836436e-15,2.7179618383871278e-05,0.013348810214741658,0,1,0,0.41614449965973388,0.20000000000000001,0
2022-09-10,2022-09-11,0.99955217375570082,2.1225287594601391e-13,0.00044782624408669998,0.0085217825074825893,0,1,0,0.35669517997693168,0.20000000000000001,0
2022-09-11,2022-09-12,0.99739293504355442,1.0362036191575903e-11,0.0026070649460834998,0.025665333937870072,0,1,0,0.3556723294248918,0.5,0
2022-09-12,2022-09-13,0.99617621188596961,2.1228257048086167e-11,0.0038237880928019999,-0.099119011578322258,0,1,0,0.35717673230580671,0.5,0
2022-09-13,2022-09-14,0.99459623368411521,1.0028461100820451e-10,0.0054037662155999996,0.0023295581274318522,0,1,0,0.35379263998633342,1,0
2022-09-14,2022-09-15,0.9999119370762124,7.8170674013537726e-14,8.8062923709456321e-05,-0.025753492397082467,0,1,0,0.30841827185886883,0.5,0
2022-09-15,2022-09-16,0.99992560675175002,2.8530961988027423e-14,7.4393248221361628e-05,0.0051112340559444913,0,1,0,0.30864782132142188,0.5,0
2022-09-16,2022-09-17,0.99996047917787145,2.0254618361407117e-14,3.9520822108328002e-05,0.01571021694340069,0,1,0,0.30651033453323573,0.20000000000000001,0
2022-09-17,2022-09-18,0.99982537686625217,1.3349669356335061e-13,0.00017462313361429999,-0.034538991224799309,0,1,0,0.30807857239691661,0.20000000000000001,0
2022-09-18,2022-09-19,0.99961081389171702,5.6907451811903093e-13,0.00038918610771379998,0.0061847282015368155,0,1,0,0.30737463307716734,0.5,0
2022-09-19,2022-09-20,0.99968280663599385,7.6763674551477609e-13,0.00031719336323860002,-0.034111439231481855,0,1,0,0.34907058431966392,0.20000000000000001,0
2022-09-20,2022-09-21,0.9989842433841376,4.3894709655035486e-12,0.0010157566114728999,-0.020315381191581383,0,1,0,0.34992913137097742,0.20000000000000001,0
2022-09-21,2022-09-22,0.99988444029487522,1.7474560053636821e-13,0.00011555970495,0.049488885283141437,0,1,0,0.34562948721448244,0.20000000000000001,0
2022-09-22,2022-09-23,0.99995167072895441,8.5904065206564704e-14,4.8329270959559061e-05,-0.0056947021232734985,0,1,0,0.34343380921541555,0.20000000000000001,0
2022-09-23,2022-09-24,0.99969226563050362,8.6367171600666022e-13,0.0003077343686328,-0.019089330603571097,0,1,0,0.33260354599189673,0.20000000000000001,0
2022-09-24,2022-09-25,0.99941669746966744,3.3532792612965439e-12,0.00058330252697920003,-0.0064464312134085988,0,1,0,0.33267122856699866,0.20000000000000001,0
2022-09-25,2022-09-26,0.99968333575818735,1.6362005864392061e-12,0.00031666424017629999,0.022469579646017701,0,1,0,0.33142041279822404,0.20000000000000001,0
2022-09-26,2022-09-27,0.99961759614001044,2.2465919997979829e-12,0.00038240385774270002,-0.0075263839548105338,0,1,0,0.34947606748466786,0.20000000000000001,0
2022-09-27,2022-09-28,0.99817783723691156,2.6451131009200488e-11,0.0018221627366372,0.017294691053928002,0,1,0,0.3476382211169507,0.20000000000000001,0
2022-09-28,2022-09-29,0.99858679457493116,5.1125132470087999e-11,0.0014132053739436001,0.0093761269383338952,0,1,0,0.35032040638955947,0.20000000000000001,0
2022-09-29,2022-09-30,0.99653694043431085,1.1034454481755739e-10,0.0034630594553445998,-0.008676568162098719,0,1,0,0.35586948487395931,0.20000000000000001,0
2022-09-30,2022-10-01,0.99054026995953603,8.6436803196074654e-10,0.0094597291760959001,-0.0057200226535549792,0,1,0,0.35848276560887055,0.20000000000000001,0
2022-10-01,2022-10-02,0.99756976643135964,6.2934244703178759e-11,0.0024302335057063001,-0.013447666982534079,0,1,0,0.35886517579948041,0.20000000000000001,0
2022-10-02,2022-10-03,0.99795201349005602,1.2781905732488572e-11,0.0020479864971619998,0.030237977766347068,0,1,0,0.35874623767079517,0.20000000000000001,0
2022-10-03,2022-10-04,0.9981163515711664,6.6595774616599284e-11,0.0018836483622377,0.036269060489191762,0,1,0,0.35813828275609066,0.20000000000000001,0
2022-10-04,2022-10-05,0.97250387496391544,5.3633258066136335e-09,0.027496119672758699,-0.0089822125642815553,0,1,0,0.35355447036908377,0.20000000000000001,0
2022-10-05,2022-10-06,0.9065499599088902,6.4783687172890591e-08,0.093449975307422606,-0.0099615527719211228,0,1,0,0.34766437465930861,0.5,0
2022-10-06,2022-10-07,0.90964752179567365,5.9914201284939691e-08,0.090352418290125094,-0.021316149463588729,0,1,0,0.34783320805043044,0.5,0
2022-10-07,2022-10-08,0.95930525125737598,3.2627828923786769e-08,0.040694716114795103,-0.0059545447563653653,0,1,0,0.36125820210609788,0.20000000000000001,0
2022-10-08,2022-10-09,0.98905756322701477,2.1762627863461177e-09,0.0109424345967222,0.0013391707442698131,0,1,0,0.36237822650575291,0.20000000000000001,0
2022-10-09,2022-10-10,0.99184517864074395,7.1715164107118816e-10,0.0081548206421040992,-0.015760506146803244,0,1,0,0.36222746903825398,0.20000000000000001,0
2022-10-10,2022-10-11,0.99502987590063485,5.1997936316575921e-10,0.0049701235793856999,-0.0039457318156638221,0,1,0,0.43559572208604191,0.20000000000000001,0
2022-10-11,2022-10-12,0.99710705732918636,1.5267075437887582e-10,0.0028929425181427001,0.0050212234575610637,0,1,0,0.43493314959378132,0.20000000000000001,0
2022-10-12,2022-10-13,0.99757600855131445,6.6548583824558458e-11,0.0024239913821369002,0.011746402990373106,0,1,0,0.43533296853850245,0.20000000000000001,0
2022-10-13,2022-10-14,0.99664371972388055,9.4975725806961332e-11,0.0033562801811435998,-0.010216823703031008,0,1,0,0.44146260240026303,0.20000000000000001,0
2022-10-14,2022-10-15,0.90703035842080437,7.3421949658006951e-08,0.092969568157245899,-0.0058962141196341467,0,1,0,0.61657332736568971,0.20000000000000001,0
2022-10-15,2022-10-16,0.97395867444872442,1.2209143552554581e-08,0.026041313342132,0.010131786645130481,0,1,0,0.61399392079941084,0.20000000000000001,0
2022-10-16,2022-10-17,0.94481251220382556,2.6946709106432244e-08,0.055187460849465103,0.01486353890322345,0,1,0,0.63368601783334366,0.20000000000000001,0
2022-10-17,2022-10-18,0.89175772467307901,6.7198463429259743e-08,0.1082422081284575,-0.011254233126323676,0,1,0,0.63148455914985013,0.20000000000000001,0
2022-10-18,2022-10-19,0.75353163704176906,2.1114514270876619e-07,0.2464681518130879,-0.010570047909272406,0,1,0,0.63241078699336983,0.20000000000000001,0
2022-10-19,2022-10-20,0.69962877159093595,5.6788773597582979e-07,0.3003706605213281,-0.00423553773027463,0,1,0,0.66786811187734652,0.20000000000000001,0
2022-10-20,2022-10-21,0.90486725598117035,6.4652280668215198e-08,0.095132679366548997,0.0062858073087606048,0,1,0,0.66513785198676789,0.20000000000000001,0
2022-10-21,2022-10-22,0.86598878599868645,1.4290316606367293e-07,0.13401107109814731,0.0022022063811799608,0,1,0,0.70863561860822422,0.20000000000000001,0
2022-10-22,2022-10-23,0.55500486210164857,1.3231308704145439e-06,0.4449938147674809,0.019078563692410233,0,1,0,0.72775703590761998,0.20000000000000001,0
2022-10-23,2022-10-24,0.59653556353026127,9.544758254510171e-07,0.40346348199391308,-0.012247588293001987,0,1,0,0.869710046526605,0.20000000000000001,0
2022-10-24,2022-10-25,0.25966702018285559,5.172306319877113e-06,0.7403278075108245,0.038858857305434258,0,1,0,0.84572922495935432,0.20000000000000001,0
2022-10-25,2022-10-26,0.32363258371113529,6.7442049165477934e-06,0.67636067208394812,0.034198588835166577,0,1,0,0.86203544036717072,0.20000000000000001,0
2022-10-26,2022-10-27,0.048152536459139202,4.9388176285995278e-05,0.95179807536457484,-0.022947109944871036,0,1,0,0.77210397409342901,0.5,0
2022-10-27,2022-10-28,0.030192255580450099,6.8746724846050636e-05,0.96973899769470395,0.01485741318392142,0,1,0,0.73937896887813548,0.5,0
2022-10-28,2022-10-29,0.082521809207939598,7.6413642772962353e-05,0.91740177714928717,0.010459153944761601,0,1,0,0.71781333668286484,0.5,0
2022-10-29,2022-10-30,0.0441639870324581,0.00014919206463649999,0.95568682090290524,-0.0088179607684840677,0,1,0,0.72165002604696971,0.5,0
2022-10-30,2022-10-31,0.039681704939919099,0.00037678604381960001,0.95994150901626119,-0.0063026330461595226,0,1,0,0.72031979398985235,0.5,0
2022-10-31,2022-11-01,0.040931155863293898,0.00038232043990070003,0.9586865236968054,-0.00062450295907057196,0,1,0,0.71973886284287658,0.5,0
2022-11-01,2022-11-02,0.052319995047146101,0.00036962069590589999,0.94731038425694802,-0.0160665901823418,0,1,0,0.71948309637896946,0.5,0
2022-11-02,2022-11-03,0.051292814334298401,0.00046608953148649998,0.94824109613421503,0.002580081768745357,0,1,0,0.72756537043853231,0.5,0
2022-11-03,2022-11-04,0.16415425864033401,0.00028101671804010002,0.83556472464162568,0.046495169847177165,0,1,0,0.7587623121999717,0.5,0
2022-11-04,2022-11-05,0.15914055812278011,0.00013726956690370001,0.84072217231031621,0.0073631294955522897,0,1,0,0.83072837231270147,0.5,0
2022-11-05,2022-11-06,0.0259555250286478,0.0016608796622689999,0.97238359530908303,-0.018087843166710416,0,1,0,0.72300263300326251,0.5,0
2022-11-06,2022-11-07,0.0091681181177771,0.0054320175393615996,0.9853998643428612,-0.015648083073966257,0,1,0,0.72573294202777139,0.5,0
2022-11-07,2022-11-08,0.017187945652216499,0.0023027224909082998,0.98050933185687517,-0.10013113798630324,0,1,0,0.73028514012631296,0.5,0
2022-11-08,2022-11-09,0.020108103416451601,0.0020225048729848,0.97786939171056364,-0.14251864805639225,0,1,0,0.72141739440052932,0.5,0
2022-11-09,2022-11-10,0.7692034755723649,7.6523413969758059e-06,0.23078887208623819,0.10714488037313763,0,1,0,0.47452816309195062,0.20000000000000001,0
2022-11-10,2022-11-11,0.99977851624419356,3.4082997098497761e-12,0.00022148375239780001,-0.030655349051400993,0,1,0,0.31648173002270363,0.20000000000000001,0
2022-11-11,2022-11-12,0.99881172163521836,3.1089448376777102e-11,0.0011882783336922,-0.014938504038146894,0,1,0,0.28505676221544179,0.20000000000000001,0
2022-11-12,2022-11-13,0.99935836521526655,5.1688568272953051e-12,0.00064163477956449995,-0.02802586453272371,0,1,0,0.28250423851582623,0.20000000000000001,0
2022-11-13,2022-11-14,0.99977972503483437,2.3416009843020041e-13,0.0002202749649313,0.017715703390609239,0,1,0,0.28240618587747274,0.20000000000000001,0
2022-11-14,2022-11-15,0.99989752764593642,1.068511358042501e-13,0.0001024723539568,0.016937828418714496,0,1,0,0.2805195874411448,0.20000000000000001,0
2022-11-15,2022-11-16,0.99973546480033437,7.10226376376681e-13,0.00026453519895529998,-0.020988333895626488,0,1,0,0.27987915950177328,0.20000000000000001,0
2022-11-16,2022-11-17,0.99976872330206956,4.5321410058894966e-13,0.00023127669747709999,0.0091109700432272511,0,1,0,0.27941488771733436,0.20000000000000001,0
2022-11-17,2022-11-18,0.99989598360835563,5.748016121834457e-14,0.000104016391587,-0.0031693347392638405,0,1,0,0.27951709483702247,0.20000000000000001,0
2022-11-18,2022-11-19,0.99960845279828336,4.7661107579203689e-13,0.00039154720123999999,0.0036602297109682436,0,1,0,0.27981167991208533,0.20000000000000001,0
2022-11-19,2022-11-20,0.99979280443227325,2.3419467372564558e-13,0.00020719556749269999,-0.024701782121299254,0,1,0,0.28010873121789193,0.20000000000000001,0
2022-11-20,2022-11-21,0.99937748186912678,1.9495907325388978e-12,0.00062251812892359995,-0.031344594055272124,0,1,0,0.28015640871622716,0.20000000000000001,0
2022-11-21,2022-11-22,0.99981919147556675,3.4910725781023565e-13,0.00018080852408399999,0.027680937107795289,0,1,0,0.27850812320193036,0.20000000000000001,0
2022-11-22,2022-11-23,0.99996627966017215,1.1023075017985096e-14,3.3720339816698119e-05,0.025350184112651108,0,1,0,0.27620620425921422,0.20000000000000001,0
2022-11-23,2022-11-24,0.99989306735190275,3.3206762491168384e-14,0.0001069326480639,-0.0013655038829637478,0,1,0,0.27531503725419831,0.20000000000000001,0
2022-11-24,2022-11-25,0.99941437992498516,5.021450215248963e-13,0.0005856200745126,-0.0053550345758138773,0,1,0,0.27421505011710651,0.20000000000000001,0
2022-11-25,2022-11-26,0.99987875676559201,2.7766253604119549e-14,0.0001212432343802,-0.0033792990679675228,0,1,0,0.27778507863323038,0.20000000000000001,0
2022-11-26,2022-11-27,0.99993087299639904,3.5992993457815924e-15,6.9127003597386444e-05,-0.0018776775134445867,0,1,0,0.28057803750627663,0.20000000000000001,0
2022-11-27,2022-11-28,0.9999501575544506,1.5010205571460322e-15,4.9842445547911677e-05,-0.013022355347749759,0,1,0,0.28195167828109102,0.20000000000000001,0
2022-11-28,2022-11-29,0.99996618084149602,9.2730292959660233e-16,3.3819158503212267e-05,0.014107095492761346,0,1,0,0.2825143987293266,0.20000000000000001,0
2022-11-29,2022-11-30,0.99995916305659105,2.9520238077140088e-15,4.0836943406039466e-05,0.044007445074329077,0,1,0,0.28236548823506458,0.20000000000000001,0
2022-11-30,2022-12-01,0.99982971991023917,2.4634746816208336e-14,0.0001702800897359,-0.011180442673285329,0,1,0,0.2821010653442767,0.20000000000000001,0
2022-12-01,2022-12-02,0.99887539303680717,1.8367051595060478e-12,0.0011246069613559001,0.0071647419278810798,0,1,0,0.27734079057932565,0.20000000000000001,0
2022-12-02,2022-12-03,0.99928623165136765,9.8434715588867022e-13,0.00071376834764789998,-0.012232648476622754,0,1,0,0.27702772206721726,0.20000000000000001,0
2022-12-03,2022-12-04,0.99825022111238282,3.6478529237701728e-12,0.0017497788839691,0.013509431727323884,0,1,0,0.27754467363754232,0.20000000000000001,0
2022-12-04,2022-12-05,0.99967304894652764,3.6260073293183061e-13,0.00032695105310960002,-0.0085375688089477375,0,1,0,0.27718930082863896,0.20000000000000001,0
2022-12-05,2022-12-06,0.99907278936633759,1.6379949033543949e-12,0.00092721063202430001,0.0072377921197652739,0,1,0,0.28200629732333576,0.20000000000000001,0
2022-12-06,2022-12-07,0.99913656813145002,1.3171441316678257e-12,0.00086343186723300005,-0.014868953087604386,0,1,0,0.2819419668408123,0.20000000000000001,0
2022-12-07,2022-12-08,0.99663148877499663,1.033770654539862e-11,0.0033685112146655,0.023195447633529653,0,1,0,0.28272267938106871,0.20000000000000001,0
2022-12-08,2022-12-09,0.99818479097553436,5.1327987189357533e-12,0.0018152090193327001,-0.0058052793210144893,0,1,0,0.28276044960363078,0.20000000000000001,0
2022-12-09,2022-12-10,0.97551864920609399,5.2515712877622858e-10,0.024481350268748699,8.7587660650312316e-05,0,1,0,0.31449295665647226,0.20000000000000001,0
2022-12-10,2022-12-11,0.60154719332494633,3.4359817922048378e-07,0.39845246307687449,-0.0019793077677613402,0,1,0,0.47065866559563346,0.20000000000000001,0
2022-12-11,2022-12-12,0.70032428133263813,2.3294173719786094e-07,0.29967548572562458,0.0068506373842383006,0,1,0,0.6759902436533971,0.20000000000000001,0
2022-12-12,2022-12-13,0.72330933414591625,6.0854616621137225e-07,0.27669005730791751,0.033014921210430703,0,1,0,0.71429255569294969,0.20000000000000001,0
2022-12-13,2022-12-14,0.26618239646990449,5.1054622747227984e-06,0.73381249806782056,0.0010012036943292113,0,1,0,0.71943619117820234,0.20000000000000001,0
2022-12-14,2022-12-15,0.1187031977616143,3.3659769329055767e-05,0.88126314246905657,-0.02474095884560934,0,1,0,0.71088902511163599,0.5,0
2022-12-15,2022-12-16,0.20924188309594441,4.6317190619044296e-05,0.79071179971343653,-0.041858482032253841,0,1,0,0.72302909996091946,0.5,0
2022-12-16,2022-12-17,0.464205303217325,7.3637290405781006e-06,0.53578733305363435,0.0088697262712271741,0,1,0,0.70863999068709382,0.20000000000000001,0
2022-12-17,2022-12-18,0.81747975387558625,4.8797419475487779e-07,0.18251975815021901,-0.0021457820481489698,0,1,0,0.64855620212963272,0.20000000000000001,0
2022-12-18,2022-12-19,0.71140175951329865,6.1146421730568264e-07,0.28859762902248393,-0.017908022770307785,0,1,0,0.64620759761520563,0.20000000000000001,0
2022-12-19,2022-12-20,0.83586436520566898,3.297989314791625e-07,0.16413530499539949,0.02806955654358223,0,1,0,0.64609484913269466,0.20000000000000001,0
2022-12-20,2022-12-21,0.92141693614138565,5.1348598853102438e-08,0.078583012510015607,-0.0042004874931963476,0,1,0,0.63594085752601814,0.20000000000000001,0
2022-12-21,2022-12-22,0.74889209662398826,6.439405844219819e-07,0.25110725943542722,-0.00066540714599749862,0,1,0,0.63472644084408159,0.20000000000000001,0
2022-12-22,2022-12-23,0.68100399559303804,8.4234681291681835e-07,0.31899516206014888,-0.0024672128223726109,0,1,0,0.66375811796303152,0.20000000000000001,0
2022-12-23,2022-12-24,0.75712200562291754,2.7547215634137821e-07,0.2428777189049261,0.0034626410236544558,0,1,0,0.6898372727772677,0.20000000000000001,0
2022-12-24,2022-12-25,0.91077913458897597,7.1201415362974211e-08,0.0892207942096086,-0.00032071840923675321,0,1,0,0.71411164439330732,0.20000000000000001,0
2022-12-25,2022-12-26,0.77909401583009985,2.6924227684290106e-07,0.2209057149276232,0.0051271997053197182,0,1,0,0.71359719748881001,0.20000000000000001,0
2022-12-26,2022-12-27,0.7304379910758676,2.7292034105410254e-07,0.2695617360037913,-0.012530957968093337,0,1,0,0.71463939113351993,0.20000000000000001,0
2022-12-27,2022-12-28,0.55298448822685564,1.0898428543182853e-06,0.44701442193029001,-0.0095713541760193976,0,1,0,0.71391861538701329,0.20000000000000001,0
2022-12-28,2022-12-29,0.77055133050845015,4.9266239962911809e-07,0.2294481768291502,0.0054514027389975794,0,1,0,0.70713723634215342,0.20000000000000001,0
2022-12-29,2022-12-30,0.8976628083674113,1.8909761641101234e-07,0.1023370025349722,-0.0017551874203554085,0,1,0,0.71040651885730977,0.20000000000000001,0
2022-12-30,2022-12-31,0.76044893300398753,3.8765259732819684e-07,0.23955067934341509,-0.0042029962907653706,0,1,0,0.71714862377920296,0.20000000000000001,0
2022-12-31,2023-01-01,0.78099431709874423,2.3765029106308117e-07,0.21900544525096469,0.0048979888011415618,0,1,0,0.81633508700435797,0.20000000000000001,0
2023-01-01,2023-01-02,0.14881049979735539,4.4004855549309226e-06,0.85118509971708955,0.0033637413950799999,0,1,0,0.82317528640353343,0.20000000000000001,0
2023-01-02,2023-01-03,0.12548341144657321,7.2318388193338083e-06,0.87450935671460728,-5.9972532578944637e-06,0,1,0,0.82449642032572334,0.20000000000000001,0
2023-01-03,2023-01-04,0.042654824172600497,1.7280459702066077e-05,0.95732789536769725,0.010669177531755558,0,1,0,0.83367592403702628,0.20000000000000001,0
2023-01-04,2023-01-05,0.12969503772810401,3.1590023540730744e-06,0.87030180326954176,-0.001323277217676111,0,1,0,0.84600517408169973,0.20000000000000001,0
2023-01-05,2023-01-06,0.089898787459083807,5.4429541725394107e-05,0.91004678299919084,0.0071955697631582716,0,1,0,0.84316918283391284,0.20000000000000001,0
2023-01-06,2023-01-07,0.083642035116834795,5.8363351175465291e-05,0.91629960153198964,-0.0004306555994079142,0,1,0,0.84644738916749906,0.20000000000000001,0
2023-01-07,2023-01-08,0.039802590719587798,0.0002209811030731,0.95997642817733875,0.010351991312353981,0,1,0,0.85827833155673805,0.20000000000000001,0
2023-01-08,2023-01-09,0.0375933130766712,0.00017120737404500001,0.96223547954928357,0.0035691337110812515,0,1,0,0.90010374868260168,0.20000000000000001,0
2023-01-09,2023-01-10,0.0067182506523656999,0.0014043264533489001,0.99187742289428515,0.015075581632237212,0,1,0,0.89426941047239761,0.20000000000000001,0
2023-01-10,2023-01-11,0.0049096620308866998,0.00099578379868379995,0.99409455417042936,0.028854700070531258,0,1,0,0.89325787802132273,0.20000000000000001,0
2023-01-11,2023-01-12,0.0015968280660228001,0.0070419409569799996,0.99136123097699724,0.050662401141436719,0,1,0,0.87462181186487498,0.5,0
2023-01-12,2023-01-13,0.00027332819453209999,0.023286229057912,0.97644044274755581,0.05706237766095712,0,1,0,0.82488834942320199,0.5,0
2023-01-13,2023-01-14,3.7777115609173582e-05,0.059804938842441299,0.94015728404194943,0.051748883424499459,0,1,0,0.74267529266095678,0.5,0
2023-01-14,2023-01-15,4.6880588368021658e-06,0.38449595295049188,0.61549935899067121,-0.0037407792653949556,0,1,1,0.62894116929430777,1,0
2023-01-15,2023-01-16,8.7455089487593447e-08,0.92484414628920464,0.075155766255705803,0.014578683703867057,0,1,1,0.58035967870000249,1,0
2023-01-16,2023-01-17,2.0875950634057033e-08,0.98241425952627903,0.017585719597770302,-0.0022233551420399733,0,1,1,0.62671400699609026,1,0
2023-01-17,2023-01-18,2.0243230590549695e-08,0.98527950171540035,0.014720478041369001,-0.022070198844685418,0,1,1,0.62303284501069511,1,0
2023-01-18,2023-01-19,3.5361379578083701e-08,0.98288090367996295,0.017119060958657301,0.019863961375093275,0,1,1,0.62294575979784717,1,0
2023-01-19,2023-01-20,4.4549770329772493e-07,0.94141857071837465,0.058580983783922,0.075707265241067967,0,1,1,0.61852942816910816,1,0
2023-01-20,2023-01-21,1.0463171321748677e-07,0.97531286662907524,0.024687028739211501,0.0043435697528795281,0,1,1,0.62800190390673727,1,0
2023-01-21,2023-01-22,8.9044961547638916e-11,0.99921824978428442,0.00078175012667050005,-0.0029812475577041253,0,1,1,0.51588435420573131,1,0
2023-01-22,2023-01-23,2.2139769432908159e-11,0.99967828790277202,0.0003217120750881,0.0091466368384431895,0,1,1,0.5155461099301385,1,0
2023-01-23,2023-01-24,5.1970518886567151e-11,0.99960725821577145,0.000392741732258,-0.012349719622089861,0,1,1,0.51551175571332231,1,0
2023-01-24,2023-01-25,3.7229338973003432e-11,0.99969271882871935,0.00030728113405120001,0.018672263338119999,0,1,1,0.51443747021788955,1,0
2023-01-25,2023-01-26,1.2258524375605635e-10,0.99943622579530123,0.00056377408211340002,-0.0016959371245407473,0,1,1,0.5119951140276624,1,0
2023-01-26,2023-01-27,3.0674726605594433e-11,0.99976189143625205,0.00023810853307320001,0.0025460549183176084,0,1,1,0.50731644449220892,1,0
2023-01-27,2023-01-28,1.5685209081214046e-11,0.99985187064533843,0.0001481293389764,-0.0020238704029538201,0,1,1,0.50979820224151207,1,0
2023-01-28,2023-01-29,3.260027182649836e-12,0.99994970852748954,5.0291469250346137e-05,0.031492233334346365,0,1,1,0.51107032555913601,1,0
2023-01-29,2023-01-30,1.1493104696619114e-11,0.99990048675458243,9.9513233924651765e-05,-0.038769676379083018,0,1,1,0.51143309100538614,1,0
2023-01-30,2023-01-31,4.7102508769600359e-13,0.99998045763622778,1.9542363301105183e-05,0.012828373963087225,0,1,1,0.49765567589187343,1,0
2023-01-31,2023-02-01,3.954612146882109e-11,0.99980669610433037,0.00019330385612340001,0.025967455275869078,0,1,1,0.47724914460212464,1,0
2023-02-01,2023-02-02,1.633713799016378e-11,0.99986711382540683,0.0001328861582559,-0.012560272448325804,0,1,1,0.47551774334908264,1,0
2023-02-02,2023-02-03,7.1810061804848641e-13,0.999972319383996,2.7680615285939626e-05,0.00015366490805734934,0,1,1,0.46749618224112416,1,0
2023-02-03,2023-02-04,2.5921275310660813e-12,0.99994098524442876,5.9014752978866366e-05,-0.0045836320803032127,0,1,1,0.46631014437108514,1,0
2023-02-04,2023-02-05,2.5754094455570562e-11,0.99983606254652824,0.00016393742771760001,-0.016626793232663584,0,1,1,0.46756667018954146,1,0
2023-02-05,2023-02-06,3.2419243547587406e-11,0.99979280346074084,0.00020719650683990001,-0.0075950470875479903,0,1,1,0.46735483306104314,1,0
2023-02-06,2023-02-07,3.922254978393708e-10,0.99921932826267601,0.00078067134509839998,0.02152290240666388,0,1,1,0.4646062750935484,1,0
2023-02-07,2023-02-08,6.2563187629763609e-10,0.99882497771002166,0.0011750216643465,-0.012347484269967457,0,1,1,0.46393565236847817,1,0
2023-02-08,2023-02-09,1.5907305521501357e-11,0.99980805837835485,0.00019194160573800001,-0.051039425898992352,0,1,1,0.45997206372019889,1,0
2023-02-09,2023-02-10,1.2754170661466206e-09,0.99658855888358644,0.0034114398409963,-0.0072272570838590733,0,1,1,0.45833222874317397,1,0
2023-02-10,2023-02-11,6.7845242455069915e-07,0.93372448969098365,0.066274831856591901,0.010390570834296176,0,1,1,0.43329834225036185,1,0
2023-02-11,2023-02-12,9.519120907958304e-06,0.78166029690443628,0.2183301839746557,-0.0033394633070751301,0,1,1,0.4399698027999106,1,0
2023-02-12,2023-02-13,6.1719068961650992e-06,0.82546482453504355,0.17452900355806039,-0.00065177079699640927,0,1,1,0.46582809436001438,1,0
2023-02-13,2023-02-14,6.6753632901912779e-05,0.35558372475569022,0.6443495216114079,0.019561283448003453,0,1,1,0.50664817973673937,1,0
2023-02-14,2023-02-15,6.2507352886189145e-05,0.36703797596341481,0.63289951668369893,0.095925400364889502,0,1,1,0.54972247677098651,1,0
2023-02-15,2023-02-16,7.1191306312867046e-06,0.6577120726723914,0.34228080819697732,-0.032403125629421492,0,1,1,0.54305182623845272,1,0
2023-02-16,2023-02-17,2.4499106131303872e-08,0.95969562759815763,0.040304347902736203,0.043921731890091742,0,1,1,0.43568496215873564,1,0
2023-02-17,2023-02-18,5.3381533845135519e-07,0.86715963503423921,0.13283983115042219,0.0023561967159746455,0,1,1,0.42514534818838257,1,0
2023-02-18,2023-02-19,1.2861458006304536e-08,0.98368315954210583,0.016316827596436101,-0.013336635351624326,0,1,1,0.41283494075686938,1,0
2023-02-19,2023-02-20,1.0603712350372888e-08,0.98515640926583403,0.014843580130453501,0.022079669504462274,0,1,1,0.41605722622664321,1,0
2023-02-20,2023-02-21,1.7004874908608002e-07,0.93594659445782635,0.064053235493424496,-0.015652488979246759,0,1,1,0.46643998987383112,1,0
2023-02-21,2023-02-22,6.4198229248481351e-08,0.97038880969220798,0.029611126109562701,-0.010801326751381457,0,1,1,0.46096624580605666,1,0
2023-02-22,2023-02-23,3.7270667599099876e-07,0.92279356197957285,0.077206065313751196,-0.010348705481547649,0,1,1,0.45820407329763774,1,0
2023-02-23,2023-02-24,2.9827745413122548e-06,0.8028593633519846,0.1971376538734739,-0.031115920171455036,0,1,1,0.4578108185407106,1,0
2023-02-24,2023-02-25,2.3541494550297795e-06,0.7920249724427344,0.2079726734078105,-0.0010952288553996992,0,1,1,0.45836109784594736,1,0
2023-02-25,2023-02-26,5.556156075572181e-05,0.28566403437569032,0.71428040406355375,0.016947177125195889,0,1,1,0.45096478495916054,1,0
2023-02-26,2023-02-27,7.4179643133708028e-05,0.4453292445090018,0.55459657584786437,-0.0027420867874713428,0,1,1,0.4509880315018065,1,0
2023-02-27,2023-02-28,1.896786481435302e-05,0.60704533877314615,0.39293569336203948,-0.015476225946088551,0,1,1,0.44799641393125944,1,0
2023-02-28,2023-03-01,1.6567884262110616e-05,0.66297999622764592,0.33700343588809201,0.022122306046129525,0,1,1,0.44795584599528715,1,0
2023-03-01,2023-03-02,0.0001219017292085,0.26634461191848707,0.73353348635230431,-0.0074781534713350695,0,1,0,0.45536559566747736,1,0
2023-03-02,2023-03-03,2.8264697961979376e-05,0.54880426259333304,0.45116747270870489,-0.047346305624451301,0,1,1,0.46777305437213451,1,0
2023-03-03,2023-03-04,5.3589818413067925e-05,0.47864183105507441,0.52130457912651251,-0.0003265576351860755,0,1,1,0.46914189281115048,1,0
2023-03-04,2023-03-05,0.0017324302383426001,0.018775284727046801,0.97949228503461061,0.003633581091058824,0,1,0,0.45046048681670064,0.5,0
2023-03-05,2023-03-06,0.0013003233335044,0.027661341834005301,0.97103833483249002,-0.00081593344123265243,0,1,0,0.45152665181095558,0.5,0
2023-03-06,2023-03-07,0.00048373272210399998,0.048074964066711599,0.95144130321118436,-0.0094689870593485104,0,1,0,0.45146644246619355,0.5,0
2023-03-07,2023-03-08,0.00023693261948739999,0.14237873204056359,0.85738433533994896,-0.021939111083080332,0,1,0,0.45166793267666705,0.5,0
2023-03-08,2023-03-09,0.00039405797352619999,0.1245074152321393,0.87509852679433431,-0.062134974298505785,0,1,0,0.45384289420916674,0.5,0
2023-03-09,2023-03-10,0.0016684368402955999,0.023540235781668299,0.97479132737803598,-0.010072783349212688,0,1,0,0.44902410893714295,0.5,0
2023-03-10,2023-03-11,0.13216384884320301,0.00028542339036780002,0.86755072776642905,0.015419190641325242,0,1,0,0.41555178694279005,0.5,0
2023-03-11,2023-03-12,0.1932050165362432,0.00017595126850379999,0.80661903219525288,0.07462074019787468,0,1,0,0.41643612149580378,0.20000000000000001,0
2023-03-12,2023-03-13,0.037348814526559797,0.0010131146380019001,0.96163807083543795,0.096368232491316208,0,1,0,0.43713074616982472,0.5,0
2023-03-13,2023-03-14,0.0016857335652864999,0.012715395681340899,0.98559887075337238,0.024271804399031316,0,1,1,0.393465415008387,0.5,0
2023-03-14,2023-03-15,9.6892021438236962e-05,0.14615731804913551,0.85374578992942618,-0.016882796147321577,0,1,1,0.3491762256750866,1,0
2023-03-15,2023-03-16,4.2778266628027778e-05,0.45199094715432447,0.54796627457904745,0.029708393218216944,0,1,1,0.34685724528071971,1,0
2023-03-16,2023-03-17,0.00059900160066020001,0.1321049363699959,0.86729606202934384,0.095492339256362024,0,1,1,0.34569453990323984,1,0
2023-03-17,2023-03-18,0.00037805276015900001,0.20214573012866069,0.79747621711118033,-0.017424922787111496,0,1,1,0.34381779477491664,1,0
2023-03-18,2023-03-19,7.0621881316451428e-06,0.6198194238138417,0.38017351399802668,0.03879693102231152,0,1,1,0.343069861831306,1,0
2023-03-19,2023-03-20,1.6145067918358592e-05,0.58176414378502572,0.41821971114705597,-0.0085197094285499597,0,1,1,0.34701774190266366,1,0
2023-03-20,2023-03-21,2.015249186337389e-06,0.85172814973819455,0.14826983501261901,0.014195270648076352,0,1,1,0.34904603514358756,1,0
2023-03-21,2023-03-22,1.1897889181456712e-05,0.68067290501861832,0.31931519709220019,-0.030315856868464053,0,1,1,0.34871547005183995,1,0
2023-03-22,2023-03-23,2.642995465078757e-06,0.83357911881978952,0.1664182381847453,0.038478891631849921,0,1,1,0.34879608592541106,1,0
2023-03-23,2023-03-24,7.9882786142115901e-05,0.36773362998263798,0.63218648723121973,-0.029971000363820055,0,1,1,0.34640708287983779,1,0
2023-03-24,2023-03-25,1.8861477434375761e-06,0.88724911242214632,0.1127490014301103,0.00048794342769320487,0,1,1,0.34124642596949351,1,0
2023-03-25,2023-03-26,1.3714767839250826e-05,0.70273516669240055,0.29725111853976011,0.018121533287717151,0,1,1,0.337576240334169,1,0
2023-03-26,2023-03-27,4.3297664796868324e-06,0.82693833466742495,0.17305733556609529,-0.030160687793804875,0,1,1,0.3380537897827019,1,0
2023-03-27,2023-03-28,2.3552710250343958e-07,0.96096983842030725,0.0390299260525903,0.0048802423902867265,0,1,1,0.3411454056249017,1,0
2023-03-28,2023-03-29,3.5272729356849454e-06,0.90420304982786182,0.095793422899202396,0.039916074271335367,0,1,1,0.33674685164540907,1,0
2023-03-29,2023-03-30,1.923827580953434e-06,0.9259260673987052,0.074072008773713796,-0.011319064281280045,0,1,1,0.33795469495449842,1,0
2023-03-30,2023-03-31,1.1804802475772956e-08,0.99423676425012864,0.0057632239450687997,0.015847589147148566,0,1,1,0.33143608937041075,1,0
2023-03-31,2023-04-01,1.875794432592468e-08,0.99327901260415841,0.0067209686378972002,-0.00061811425982583046,0,1,1,0.33190252874037995,1,0
2023-04-01,2023-04-02,8.8291727935038459e-09,0.9958368451989642,0.0041631459718628003,-0.0090595689500668763,0,1,1,0.33281341195026348,1,0
2023-04-02,2023-04-03,4.5075133248821248e-09,0.99670277473698266,0.0032972207555038999,-0.014050492405570547,0,1,1,0.33303050093538022,1,0
2023-04-03,2023-04-04,4.0806189277730155e-09,0.99707294390738721,0.0029270520119937002,0.013031389715165487,0,1,1,0.34301877544318893,1,0
2023-04-04,2023-04-05,6.8600905695315845e-09,0.99613176584337004,0.0038682272965393002,0.00032310292425896669,0,1,1,0.34220735043287992,1,0
2023-04-05,2023-04-06,1.460027253121397e-09,0.99799511575714184,0.0020048827828308999,-0.0048556267414413545,0,1,1,0.34149483746979953,1,0
2023-04-06,2023-04-07,5.5812877432058149e-10,0.99840186024637878,0.0015981391954924,-0.0045048097671979148,0,1,1,0.34149873728718194,1,0
2023-04-07,2023-04-08,6.7020606053632967e-10,0.99835394413307443,0.0016460551967195001,0.0011035313001603875,0,1,1,0.34179458645348409,1,0
2023-04-08,2023-04-09,4.1176831286240654e-10,0.99849384723743118,0.0015061523508004999,0.013793251542524976,0,1,1,0.34409218415436743,1,0
2023-04-09,2023-04-10,2.1909796607845311e-11,0.99969779599689002,0.00030220398120030001,0.046401615442728694,0,1,1,0.36488936107197739,1,0
2023-04-10,2023-04-11,4.2211486435438974e-12,0.99988700334301162,0.0001129966527671,0.019182888566512624,0,1,1,0.36420989745305626,1,0
2023-04-11,2023-04-12,4.9903309854609576e-14,0.99997537075509202,2.462924485813772e-05,-0.010698585879985067,0,1,1,0.35522612381553859,1,0
2023-04-12,2023-04-13,4.4801372869522805e-14,0.99996858981908265,3.1410180872486631e-05,0.016763477702232521,0,1,1,0.38413657754847208,1,0
2023-04-13,2023-04-14,4.083108928260377e-12,0.99963706706409561,0.00036293293182120001,0.0028005028399928911,0,1,1,0.44548787143138757,1,0
2023-04-14,2023-04-15,2.7821212906648441e-12,0.99981213057920915,0.0001878694180086,-0.0056739683321027634,0,1,1,0.44760871236974331,1,0
2023-04-15,2023-04-16,2.2641859185638263e-12,0.99986461885547595,0.00013538114225969999,0.00035313997544528242,0,1,1,0.4500532607460867,1,0
2023-04-16,2023-04-17,2.1528673279388787e-11,0.99953514475999916,0.00046485521847189999,-0.028881271382995122,0,1,1,0.45798251986762162,1,0
2023-04-17,2023-04-18,4.0399071534168391e-10,0.99766087976984197,0.002339119826167,0.032182884942703938,0,1,1,0.59706333037536885,1,0
2023-04-18,2023-04-19,3.5521906261951057e-09,0.9914006169170192,0.0085993795307901001,-0.051625622897617629,0,1,1,0.58390824561085908,1,0
2023-04-19,2023-04-20,6.5445933106723085e-10,0.99666476753628741,0.0033352318092532002,-0.019893314638522619,0,1,1,0.59631867675102745,1,0
2023-04-20,2023-04-21,1.1793272741975697e-07,0.93010007254057603,0.069899809526696305,-0.034549671570970775,0,1,1,0.53880177587697298,1,0
2023-04-21,2023-04-22,2.5174419909017592e-06,0.74511337358047225,0.25488410897753672,0.020139520553974499,0,1,1,0.5344217192785814,1,0
2023-04-22,2023-04-23,3.0036344067419448e-05,0.40544126203927472,0.59452870161665794,-0.0079995973236403062,0,1,0,0.5297004971728041,0.5,0
2023-04-23,2023-04-24,9.5506119757198726e-06,0.56884478117688275,0.43114566821114148,-0.0029755648499171228,0,1,0,0.54652376906827449,1,0
2023-04-24,2023-04-25,7.9139839979814582e-06,0.54380288096854945,0.45618920504745231,0.028699385298789792,0,1,1,0.56360713881850366,1,0
2023-04-25,2023-04-26,3.6972352749228913e-05,0.24184865182512921,0.7581143758221216,0.0044454181802762172,0,1,1,0.56341564559593948,0.5,0
2023-04-26,2023-04-27,1.0111320361601812e-05,0.43246713298100953,0.56752275569862876,0.036985568838259875,0,1,1,0.55400407025179499,1,0
2023-04-27,2023-04-28,2.4677920547023831e-06,0.71204877577735015,0.28794875643059492,-0.0052279998235847946,0,1,1,0.57385907061907859,1,0
2023-04-28,2023-04-29,3.8566361583291673e-07,0.90904288159415758,0.090956732742226501,-0.0029909487139261337,0,1,1,0.54718881794875673,1,0
2023-04-29,2023-04-30,2.1483898597336506e-06,0.82570400224188045,0.1742938493682597,0.00061571931408876956,0,1,1,0.57771228364234728,1,0
2023-04-30,2023-05-01,2.7080539312010342e-06,0.82854720545519922,0.17145008649086951,-0.040150963520567795,0,1,1,0.5803049137591616,1,0
2023-05-01,2023-05-02,9.8593887633185242e-06,0.65132493677058212,0.34866520384065453,0.021066615380231912,0,1,1,0.5857874654867623,1,0
2023-05-02,2023-05-03,0.0002161007785422,0.24280714755949009,0.75697675166196765,0.012365229463080496,0,1,0,0.55123661425424497,1,0
2023-05-03,2023-05-04,4.9078461288224496e-05,0.42719190258770562,0.57275901895100623,-0.0062535316087597437,0,1,1,0.54459835001596024,1,0
2023-05-04,2023-05-05,5.8690990019075115e-06,0.75754928199699956,0.24244484890399851,0.023268069939428981,0,1,1,0.54506559040399682,1,0
2023-05-05,2023-05-06,1.9428500445007416e-05,0.53533842081863203,0.46464215068092302,-0.022230730656113251,0,1,1,0.54747384754907025,1,0
2023-05-06,2023-05-07,3.7541712564794934e-06,0.81036649858818732,0.1896297472405562,-0.014980715317894022,0,1,1,0.53699142524623389,1,0
2023-05-07,2023-05-08,2.5856195097795329e-05,0.51544115744428365,0.48453298636061848,-0.026536686273957888,0,1,1,0.52907870769174359,1,0
2023-05-08,2023-05-09,4.6304166584508309e-05,0.2996046374632288,0.70034905837018657,-0.0012865687284291383,0,1,1,0.52541891971828159,1,0
2023-05-09,2023-05-10,0.00046823339223670002,0.1067008994040584,0.89283086720370475,-0.0011434816120197144,0,1,0,0.51289155306284517,1,0
2023-05-10,2023-05-11,0.00058867810896860002,0.051481566681254802,0.9479297552097764,-0.022453837041223279,0,1,0,0.51559170612811733,1,0
2023-05-11,2023-05-12,0.00046601158267020002,0.058769365156261598,0.94076462326106802,-0.0068300998758500375,0,1,0,0.55148882584309611,1,0
2023-05-12,2023-05-13,0.0032477894949167999,0.0050562313893715996,0.99169597911571161,-0.00080972566345272057,0,1,0,0.54890658583115282,0.5,0
2023-05-13,2023-05-14,0.0096641924147023994,0.0029417770639646999,0.98739403052133279,0.0053216319671365309,0,1,0,0.55054678720974726,0.5,0
2023-05-14,2023-05-15,0.013593609371228299,0.0012029866814807001,0.985203403947291,0.0098031203566122382,0,1,0,0.55607532843611807,0.5,0
2023-05-15,2023-05-16,0.012548393061588101,0.0014051274362012001,0.98604647950221036,-0.0054664709625918961,0,1,0,0.55566998106706156,0.5,0
2023-05-16,2023-05-17,0.0076460280582535001,0.0037304288322648001,0.98862354310948164,0.01360443568223757,0,1,0,0.55479015783111374,0.5,0
2023-05-17,2023-05-18,0.020269988513501699,0.0011250767092112,0.97860493477728705,-0.020986676689863537,0,1,0,0.55434300266790215,0.5,0
2023-05-18,2023-05-19,0.0081723127750740997,0.0037517778516461,0.9880759093732796,0.0020463694647383512,0,1,0,0.56845095202954432,0.5,0
2023-05-19,2023-05-20,0.031747427864208602,0.00064214767654150004,0.96761042445924983,0.0086783791927209641,0,1,0,0.58016967406983666,0.5,0
2023-05-20,2023-05-21,0.011464492046011,0.0010817563091191,0.98745375164486981,-0.013508529956262283,0,1,0,0.65606163134891937,0.5,0
2023-05-21,2023-05-22,0.0038245940573148002,0.0034290796998282,0.99274632624285675,0.003641135107047111,0,1,0,0.6681048393723843,0.5,0
2023-05-22,2023-05-23,0.0022420160017694001,0.0023877831786817002,0.99537020081954874,0.013908288729220564,0,1,0,0.70858981851009561,0.5,0
2023-05-23,2023-05-24,0.0023508796246573,0.0029048882845184999,0.99474423209082397,-0.032780200362224288,0,1,0,0.72576675264328649,0.5,0
2023-05-24,2023-05-25,0.00067379933268430002,0.0087655102542896993,0.99056069041302597,0.0055985171905621467,0,1,0,0.7203587957870986,0.5,0
2023-05-25,2023-05-26,0.0030797346038531001,0.00097729237390769999,0.99594297302223922,0.0089024694249089098,0,1,0,0.67618466684689604,0.5,0
2023-05-26,2023-05-27,0.0032775620803532001,0.0017980815445531001,0.99492435637509335,0.005465810605918886,0,1,0,0.70529687245771278,0.5,0
2023-05-27,2023-05-28,0.0014183022553021,0.0037716914249506998,0.99481000631974725,0.045190356511216612,0,1,0,0.70283061068657393,0.5,0
2023-05-28,2023-05-29,0.0020972710763029999,0.0057088908459662999,0.99219383807773065,-0.011819943572059621,0,1,0,0.76170801579864589,0.5,0
2023-05-29,2023-05-30,0.00012499523891020001,0.027128907432388001,0.97274609732870165,-0.0014852520241966927,0,1,0,0.68054404333991425,1,0
2023-05-30,2023-05-31,0.00015656092894090001,0.0185009721472678,0.98134246692379123,-0.017405463170892088,0,1,0,0.6760183011433154,1,0
2023-05-31,2023-06-01,0.0001887866484887,0.017766491890375002,0.98204472146113642,-0.014590628341312639,0,1,0,0.67593834151049115,1,0
2023-06-01,2023-06-02,0.0003334626624482,0.0129144567712156,0.98675208056633601,0.015873075058727038,0,1,0,0.72841207886052839,0.5,0
2023-06-02,2023-06-03,0.00066703513099789999,0.0065737759111563999,0.99275918895784565,-0.0063388475556713786,0,1,0,0.73925032225976162,0.5,0
2023-06-03,2023-06-04,0.00059243655300799997,0.012327831197854799,0.98707973224913725,0.0018580082742316595,0,1,0,0.73473644702291219,0.5,0
2023-06-04,2023-06-05,0.00058377110780950001,0.0094264987259809006,0.98998973016620961,-0.05069260350339011,0,1,0,0.73464644107526855,0.5,0
2023-06-05,2023-06-06,0.00056806110173160005,0.0079549167033415996,0.99147702219492684,0.057590280960407636,0,1,0,0.76203114343546086,0.5,0
2023-06-06,2023-06-07,0.0105675049798022,0.00065047668755189995,0.98878201833264601,-0.03259983400782962,0,1,0,0.66677824789983964,0.5,0
2023-06-07,2023-06-08,0.00060178429749420002,0.0086001041314203008,0.99079811157108544,0.0060206890006642144,0,1,0,0.58372394696081675,0.5,0
2023-06-08,2023-06-09,0.0012997228163934,0.0069838581755482,0.99171641900805818,-0.00082260736346795316,0,1,0,0.57642469628675164,0.5,0
2023-06-09,2023-06-10,0.00074763736637979998,0.011784549609852899,0.98746781302376718,-0.023992326081127446,0,1,0,0.57563974216277547,0.5,0
2023-06-10,2023-06-11,0.00076775746052780002,0.0094893369071128008,0.98974290563235923,0.0032657483361708817,0,1,0,0.57564808988532123,0.5,0
2023-06-11,2023-06-12,0.0026907697397381999,0.0038208052347636001,0.99348842502549795,-0.00083306335909671958,0,1,0,0.57461988700012334,0.5,0
2023-06-12,2023-06-13,0.0017864527820219999,0.0044938325536218997,0.99371971466435605,0.00087235783655259524,0,1,0,0.57537355698370896,0.5,0
2023-06-13,2023-06-14,0.0021726284497858,0.0038646851153159001,0.99396268643489805,-0.030849151927927476,0,1,0,0.57534822805791441,0.5,0
2023-06-14,2023-06-15,0.0016511733724700001,0.0037098590574877002,0.99463896757004222,0.01837680813386644,0,1,0,0.5759569911156065,0.5,0
2023-06-15,2023-06-16,0.017118563956300601,0.00059224393185199997,0.98228919211184718,0.029306834744620147,0,1,0,0.55652876274031782,0.5,0
2023-06-16,2023-06-17,0.0079990409004921,0.0022023760728434,0.98979858302666435,0.0065942075751765916,0,1,0,0.5508918927055042,0.5,0
2023-06-17,2023-06-18,0.0031195084471619,0.0070135797988208999,0.98986691175401698,-0.0066113520648689583,0,1,0,0.53826160792954891,0.5,0
2023-06-18,2023-06-19,0.0024068012752445,0.0157285397181555,0.98186465900660003,0.019218138399450302,0,1,0,0.54607922189385516,0.5,0
2023-06-19,2023-06-20,0.0039116289346287003,0.0054517342732612996,0.99063663679210978,0.05445151773641399,0,1,0,0.54547437590302195,0.5,0
2023-06-20,2023-06-21,0.0019318240739215999,0.019982592470934001,0.97808558345514418,0.059672809871519128,0,1,0,0.54012825316210133,0.5,0
2023-06-21,2023-06-22,9.6909152548933924e-05,0.11968651072662501,0.88021658012082604,-0.0035470331934300825,0,1,1,0.49715671049127536,1,0
2023-06-22,2023-06-23,4.9973043729707597e-06,0.48278646489885468,0.51720853779677223,0.026393001120757376,0,1,1,0.45530779105415203,1,0
2023-06-23,2023-06-24,1.460327915621929e-05,0.46505514304924012,0.53493025367160374,-0.0047523745575207554,0,1,1,0.45718937781629176,1,0
2023-06-24,2023-06-25,1.6189483006955895e-06,0.83872254377269284,0.16127583727900649,-0.0022368800272486444,0,1,1,0.46153802689891527,1,0
2023-06-25,2023-06-26,6.1025847833232347e-06,0.80491537948276171,0.19507851793245501,-0.0065090447164478649,0,1,1,0.46157790684122851,1,0
2023-06-26,2023-06-27,2.5235139575439319e-05,0.62671613644220692,0.37325862841821772,0.013945881653285808,0,1,1,0.46244544464288073,1,0
2023-06-27,2023-06-28,0.0001014813178401,0.4273296704710855,0.57256884821107434,-0.019893056492370276,0,1,1,0.46231236998823333,1,0
2023-06-28,2023-06-29,9.6630137615044402e-05,0.43921198665653471,0.56069138320585021,0.012204690377876748,0,1,1,0.48329547664040334,1,0
2023-06-29,2023-06-30,0.0001167595214428,0.37396987370383478,0.6259133667747222,0.00089339381259101458,0,1,1,0.4796990381705139,1,0
2023-06-30,2023-07-01,3.0316372811722688e-05,0.62604100556060704,0.3739286780665812,0.0037377473099047265,0,1,1,0.47788145195438164,1,0
2023-07-01,2023-07-02,7.6513538061320614e-06,0.8567341399754681,0.1432582086707257,0.0010102397112481398,0,1,1,0.48189529910368578,1,0
2023-07-02,2023-07-03,1.2408714039937617e-06,0.96445422291443483,0.035544536214161301,0.01742782769443818,0,1,1,0.48444480433628295,1,0
2023-07-03,2023-07-04,9.2688734929734756e-07,0.96501194466608475,0.034987128446565798,-0.012291621858477764,0,1,1,0.48772089193157919,1,0
2023-07-04,2023-07-05,6.3902929637346838e-08,0.99094858422604881,0.0090513518710215006,-0.0083072242950560371,0,1,1,0.48418216087015453,1,0
2023-07-05,2023-07-06,4.8873913093101927e-07,0.96885580939743055,0.031143701863438299,-0.019654046826249938,0,1,1,0.48218533990431334,1,0
2023-07-06,2023-07-07,1.9568376265135513e-07,0.97984362418350601,0.020156180132731301,0.014485292396976712,0,1,1,0.52112771354586196,1,0
2023-07-07,2023-07-08,2.0001817498731145e-06,0.91856206837239196,0.081435931445857798,-0.0018980834629479526,0,1,1,0.57444105479351815,1,0
2023-07-08,2023-07-09,1.2076891099434561e-07,0.98527242859403319,0.014727450637055699,-0.004024589947439261,0,1,1,0.59500633920510582,1,0
2023-07-09,2023-07-10,2.0514176972579851e-07,0.98016150932180501,0.019838285536425301,0.0082341904537754917,0,1,1,0.5958439372375417,1,0
2023-07-10,2023-07-11,3.2233233604582645e-07,0.96192245449965519,0.038077223168008503,0.0068386634358366116,0,1,1,0.59544256399768802,1,0
2023-07-11,2023-07-12,7.6336197152240331e-08,0.97234153063783835,0.027658393025964501,-0.0077065502411562958,0,1,1,0.60814691295784506,1,0
2023-07-12,2023-07-13,4.4847114647615618e-08,0.97920550575763476,0.020794449395250401,0.035501673396451716,0,1,1,0.60730467691968315,1,0
2023-07-13,2023-07-14,8.7789345308430584e-08,0.96504182133169503,0.0349580908789595,-0.036505954026714416,0,1,0,0.60576608932585085,1,0
2023-07-14,2023-07-15,6.5371762465545429e-09,0.98683124243509601,0.0131687510277277,-0.00085759332924328913,0,1,1,0.57620322734570273,1,0
2023-07-15,2023-07-16,1.1075879428494723e-07,0.9371569903529452,0.062842898888260501,-0.0018454082676931938,0,1,0,0.5683509678750257,1,0
2023-07-16,2023-07-17,4.5341316992471269e-07,0.84223581594506303,0.15776373064176699,-0.0031684609151494403,0,1,0,0.57502352547730584,1,0
2023-07-17,2023-07-18,1.4951714445609332e-06,0.71953735764411098,0.28046114718444431,-0.0090545028649920978,0,1,1,0.59481916203586394,1,0
2023-07-18,2023-07-19,7.9609354143005851e-06,0.44864051141027911,0.55135152765430662,0.0014363775161718717,0,1,0,0.59561558084614141,1,0
2023-07-19,2023-07-20,9.2869019285863164e-06,0.3920516794526801,0.60793903364539115,-0.0036342724935388704,0,1,1,0.59437527278812285,1,0
2023-07-20,2023-07-21,1.0687815942210896e-05,0.3626713897715414,0.63731792241251628,0.0034260595282036288,0,1,1,0.60315770423752679,1,0
2023-07-21,2023-07-22,2.4871646535228844e-05,0.22911673802863339,0.77085839032483128,-0.0038190020432663507,0,1,1,0.69148128375805462,1,0
2023-07-22,2023-07-23,3.9399081601469912e-05,0.1185485526087391,0.88141204830965925,0.0099701566690948429,0,1,0,0.87284875197996192,1,0
2023-07-23,2023-07-24,4.2940756557994162e-05,0.094512074126430798,0.90544498511701121,-0.030173602916981124,0,1,0,0.87286106427500587,1,0
2023-07-24,2023-07-25,3.013433401998743e-05,0.1204635559531094,0.87950630971287047,0.0017307501173826623,0,1,0,0.92738712384604427,1,0
2023-07-25,2023-07-26,0.00026910949112919999,0.034101922323652202,0.96562896818521837,0.0042287348692719995,0,1,0,0.85337206264011622,1,0
2023-07-26,2023-07-27,0.00015726734926399999,0.070564700700331801,0.92927803195040404,-0.0044119350508650124,0,1,0,0.85357525071873908,1,0
2023-07-27,2023-07-28,6.7022717125834176e-05,0.1202062026623185,0.8797267746205556,0.0031585034921481903,0,1,0,0.85537774251099274,1,0
2023-07-28,2023-07-29,0.00027392330516079998,0.021364988594948099,0.97836108809989097,0.0013133208255160511,0,1,0,0.86799343634631621,1,0
2023-07-29,2023-07-30,0.0001079852991231,0.077081236106688295,0.92281077859418836,-0.0024460456163659661,0,1,0,0.90004294136688878,1,0
2023-07-30,2023-07-31,0.0001098572913869,0.078453529078261197,0.92143661363035156,-0.0016836454167620252,0,1,0,0.91238806441188558,1,0
2023-07-31,2023-08-01,0.00016707164126210001,0.035613407186392498,0.96421952117234522,0.016413294837235304,0,1,0,0.9117769711717626,1,0
2023-08-01,2023-08-02,0.00025508881147709997,0.014707988298256499,0.98503692289026645,-0.018123868309987134,0,1,0,0.91296707493231,1,0
2023-08-02,2023-08-03,0.0001011219543217,0.042340346307180102,0.95755853173849803,0.00053472819697186758,0,1,0,0.89183944053536646,1,0
2023-08-03,2023-08-04,0.0010184578423249001,0.0182964610582157,0.98068508109945918,-0.0028709150270818107,0,1,0,0.89029619754687495,1,0
2023-08-04,2023-08-05,0.00051353826601420005,0.038972260872401202,0.96051420086158446,-0.0012849805019670146,0,1,0,0.9033210897311249,1,0
2023-08-05,2023-08-06,0.00039671214829799998,0.041776658152080801,0.95782662969962118,0.0004541060475229397,0,1,0,0.9090153299737459,1,0
2023-08-06,2023-08-07,0.00036833649790779998,0.043248923130361099,0.95638274037173121,0.0042260834281824255,0,1,0,0.9439013865536624,1,0
2023-08-07,2023-08-08,0.00047186547662819998,0.0152347603154461,0.98429337420792562,0.019627313879510444,0,1,0,0.96496267460976271,1,0
2023-08-08,2023-08-09,0.00016507810537540001,0.066219559278255402,0.93361536261636924,-0.0066963536104562849,0,1,0,0.96294030650877394,1,0
2023-08-09,2023-08-10,4.4399286549971969e-05,0.18765287028909261,0.81230273042435752,-0.0043613496517681538,0,1,0,0.92647619143632465,1,0
2023-08-10,2023-08-11,8.6227461854564331e-05,0.080060988194656096,0.91985278434348916,-0.00095758769397946697,0,1,0,0.92881352666011308,1,0
2023-08-11,2023-08-12,0.0002149668179545,0.028523229429754601,0.97126180375229076,0.00025152273221662469,0,1,0,0.9306515752555361,1,0
2023-08-12,2023-08-13,0.00019894422965059999,0.024196612382385099,0.97560444338796404,-0.0043529675617265395,0,1,0,0.93636437248043702,1,0
2023-08-13,2023-08-14,0.00034831550460290002,0.021828474765838799,0.97782320972955805,0.0043208043658555795,0,1,0,1,1,0
2023-08-14,2023-08-15,9.4919816725363518e-05,0.038292107867965698,0.96161297231530884,-0.0078636068604363007,0,1,0,1,1,0
2023-08-15,2023-08-16,6.5935055675567941e-05,0.1224368283777494,0.87749723656657486,-0.016064229516394746,0,1,0,1,1,0
2023-08-16,2023-08-17,8.9813731707266855e-05,0.065893964426447599,0.93401622184184496,-0.072776514900979139,0,1,0,1,1,0
2023-08-17,2023-08-18,0.0002104665741478,0.060767207243898801,0.93902232618195325,-0.021869145545264423,0,1,0,1,1,0
2023-08-18,2023-08-19,0.022505139794303599,0.0021870000211807999,0.97530786018451565,0.0017732946432684749,0,1,0,0.72893373551803364,0.5,0
2023-08-19,2023-08-20,0.18170730691848941,0.00017992521970670001,0.81811276786180376,0.003501996214472225,0,1,0,0.70749017641221468,0.5,0
2023-08-20,2023-08-21,0.14221957646721409,0.00018883447487920001,0.85759158905790656,-0.0024741512286756695,0,1,0,0.70794993945269713,0.5,0
2023-08-21,2023-08-22,0.15107985233196031,0.0001112804431202,0.84880886722491944,-0.0032955676337746986,0,1,0,0.70788701537384968,0.5,0
2023-08-22,2023-08-23,0.201044868572715,8.0344322373547441e-05,0.79887478710491144,0.015218952453734502,0,1,0,0.70827055740602352,0.5,0
2023-08-23,2023-08-24,0.33242384547016168,1.3639697577041096e-05,0.66756251483226114,-0.0098047374433541945,0,1,0,0.71190219454998482,0.5,0
2023-08-24,2023-08-25,0.080352609431376107,6.9310621590101479e-05,0.91957807994703356,-0.004576536654314789,0,1,0,0.74398643185738311,0.5,0
2023-08-25,2023-08-26,0.15171169339695159,2.8430552908587801e-05,0.84825987605013975,-0.0015389220637674894,0,1,0,0.73938636963242532,0.5,0
2023-08-26,2023-08-27,0.26001388775531842,1.0282984564306396e-05,0.73997582926011707,0.0032094276456637871,0,1,0,0.73931969242415607,0.5,0
2023-08-27,2023-08-28,0.23127487656666071,6.4626120436977336e-06,0.76871866082129536,0.00070113330728038825,0,1,0,0.74020465630717092,0.5,0
2023-08-28,2023-08-29,0.30408913116395792,1.1875906155908192e-05,0.69589899292988622,0.061449754775277698,0,1,0,0.74026578919727282,0.5,0
2023-08-29,2023-08-30,0.40305578895028249,8.0168316912565603e-06,0.59693619421802624,-0.015333340547325713,0,1,0,0.74035501214932697,0.5,0
2023-08-30,2023-08-31,0.0277195049221753,0.00017866520393790001,0.97210182987388682,-0.049873987134965603,0,1,0,0.61257670236470874,0.5,0
2023-08-31,2023-09-01,0.040213819756275297,0.00015971468439970001,0.95962646555932485,-0.005170160348224262,0,1,0,0.60636544403188786,0.5,0
2023-09-01,2023-09-02,0.37366497645592722,6.7719968695854312e-06,0.62632825154720306,0.0025771997271655245,0,1,0,0.55267329429783352,0.5,0
2023-09-02,2023-09-03,0.38834089723869941,4.6137670256187854e-06,0.61165448899427488,0.0039157779177956265,0,1,0,0.5586287303925348,0.5,0
2023-09-03,2023-09-04,0.26346359108081591,4.5367492462382206e-06,0.73653187216993765,-0.0056871125486119833,0,1,0,0.55847548311196327,0.5,0
2023-09-04,2023-09-05,0.1129083029770183,7.7956441043018845e-06,0.88708390137887727,-0.0012817881525598596,0,1,0,0.55840833304593296,0.5,0
2023-09-05,2023-09-06,0.097481667582226095,4.5869151035761716e-06,0.90251374550267016,-0.001248536265713307,0,1,0,0.55774292620251453,0.5,0
2023-09-06,2023-09-07,0.1013870195897647,5.0701972968758055e-06,0.8986079102129384,0.019093097290162175,0,1,0,0.55770500147691571,0.5,0
2023-09-07,2023-09-08,0.065719201250757406,2.1516364443332168e-06,0.93427864711279796,-0.012963908296444115,0,1,0,0.55812615272377863,0.20000000000000001,0
2023-09-08,2023-09-09,0.0207301735146826,6.0545005647287212e-06,0.97926377198475256,-0.00032420540728306246,0,1,0,0.55864605861720085,0.5,0
2023-09-09,2023-09-10,0.0419749675141909,5.4650338466127372e-06,0.95801956745196237,-0.0023512514912493732,0,1,0,0.55620000489734811,0.5,0
2023-09-10,2023-09-11,0.048241113504146803,5.7719719724494936e-06,0.95175311452388056,-0.026075649569275772,0,1,0,0.55665979631321028,0.5,0
2023-09-11,2023-09-12,0.0480331076887624,7.6101437946771042e-06,0.95195928216744286,0.02654730116345605,0,1,0,0.55655583003132281,0.5,0
2023-09-12,2023-09-13,0.24322861853178571,1.7151229871431716e-06,0.75676966634522702,0.015038030540556191,0,1,0,0.54284862038836801,0.20000000000000001,0
2023-09-13,2023-09-14,0.085313770588169704,4.101790744247097e-06,0.91468212762108603,0.011505167219616474,0,1,0,0.53015763470114097,0.5,0
2023-09-14,2023-09-15,0.052340185729235801,1.3189374437789858e-05,0.94764662489632645,0.0028765641081709425,0,1,0,0.52678499016787816,0.5,0
2023-09-15,2023-09-16,0.023483434338751899,8.4526852769101763e-05,0.97643203880847884,-0.0014661102966053718,0,1,0,0.52565446433914409,0.5,0
2023-09-16,2023-09-17,0.0159177746537204,0.00023846620397319999,0.98384375914230637,-0.0012386115503351114,0,1,0,0.53001735244782411,0.5,0
2023-09-17,2023-09-18,0.0052551681564927,0.0008220321633253,0.99392279968018182,0.0088355805511683982,0,1,0,0.66264985686779143,0.5,0
2023-09-18,2023-09-19,0.0059630141869191997,0.00098654203653790007,0.99305044377654283,0.016653277785042997,0,1,0,0.68020949671879005,0.5,0
2023-09-19,2023-09-20,0.0080575267503790998,0.0021310181063623002,0.98981145514325841,-0.0030945415521220765,0,1,0,0.67750714856453564,0.5,0
2023-09-20,2023-09-21,0.0048904049606978998,0.0047097985638777,0.99039979647542442,-0.020460829493087584,0,1,0,0.66842853852233963,0.5,0
2023-09-21,2023-09-22,0.0056249112093150998,0.0060886407042796001,0.9882864480864052,0.00044787354158826176,0,1,0,0.6683090472386165,0.5,0
2023-09-22,2023-09-23,0.012515587836584499,0.0021792968093390999,0.98530511535407606,-0.00010157287477574606,0,1,0,0.65383880128520855,0.5,0
2023-09-23,2023-09-24,0.0122468931146529,0.0031518225006603,0.98460128438468675,-0.012329189742354973,0,1,0,0.66105380936361213,0.5,0
2023-09-24,2023-09-25,0.0074173944924924998,0.0061613236961197996,0.98642128181138755,0.0019503647410623604,0,1,0,0.66442284867743562,0.5,0
2023-09-25,2023-09-26,0.0098640342207003996,0.0027126405340372,0.98742332524526244,-0.0031859847087941651,0,1,0,0.65973009515448533,0.5,0
2023-09-26,2023-09-27,0.0045119055726272001,0.0132484559058904,0.98223963852148222,0.0056142706215744909,0,1,0,0.65969298547569943,0.5,0
2023-09-27,2023-09-28,0.0056797783627153004,0.0057487035237538996,0.98857151811353083,0.024899397332180273,0,1,0,0.65964036482114718,0.5,0
2023-09-28,2023-09-29,0.0048560946887218999,0.0064984857554111998,0.98864541955586682,-0.0041742837476778094,0,1,0,0.65852581463608062,0.5,0
2023-09-29,2023-09-30,0.0027345723312355999,0.0137961232057208,0.98346930446304337,0.0019658265761917093,0,1,0,0.78874821756084079,0.5,0
2023-09-30,2023-10-01,0.0030588750416492999,0.015585179086617801,0.9813559458717328,0.037525915431318113,0,1,0,0.80164126213885256,0.5,0
2023-10-01,2023-10-02,0.00075136306689540004,0.074363678079844897,0.92488495885325961,-0.016772417737582423,0,1,0,1,0.5,0
2023-10-02,2023-10-03,6.8098903789608973e-05,0.2047857218496526,0.79514617924655773,-0.0027958248046738854,0,1,0,0.88955864462857503,0.5,0
2023-10-03,2023-10-04,0.00024405863513690001,0.046755339513331003,0.95300060185153201,0.013216228434761002,0,1,0,0.86596910220587575,0.5,0
2023-10-04,2023-10-05,0.00070878246683650004,0.024912285946105499,0.97437893158705802,-0.013695130420389501,0,1,0,0.86657215024837886,0.5,0
2023-10-05,2023-10-06,0.00028644323477630001,0.096812119073642899,0.90290143769158082,0.019211756164653426,0,1,0,0.85684977568160337,0.5,0
2023-10-06,2023-10-07,0.00033705954911609999,0.064380972254986596,0.93528196819589715,0.00086623784313921703,0,1,0,0.84399142417338135,0.5,0
2023-10-07,2023-10-08,0.00014958991041030001,0.22287437326618381,0.77697603682340566,-0.0013733365282481147,0,1,0,0.81961429051528056,0.5,0
2023-10-08,2023-10-09,0.00012559804545140001,0.27061956029085321,0.72925484166369525,-0.012223030007843083,0,1,0,0.84390260825234642,0.5,0
2023-10-09,2023-10-10,0.0001065810313113,0.31504683034049491,0.6848465886281937,-0.0069032028831024217,0,1,0,0.85563228387340795,0.5,0
2023-10-10,2023-10-11,0.00014072817803569999,0.19370032734968859,0.80615894447227565,-0.018779891205140453,0,1,0,0.84503174162727857,0.5,0
2023-10-11,2023-10-12,0.00013437190902549999,0.1709722034079619,0.82889342468301241,-0.0042974185722896019,0,1,0,0.84180589922285887,0.5,0
2023-10-12,2023-10-13,0.0002940689154548,0.14602569771492799,0.85368023336961707,0.0038264495854056779,0,1,0,0.86667600526025212,0.5,0
2023-10-13,2023-10-14,0.00048328494919940002,0.067331005047071804,0.93218571000372885,-0.00039830997450074346,0,1,0,0.92577020208148864,0.5,0
2023-10-14,2023-10-15,0.00035132531512620002,0.084148966031672504,0.91549970865320118,0.011484835845796404,0,1,0,0.94452166989413999,0.5,0
2023-10-15,2023-10-16,0.00050418599916799995,0.052721339898724497,0.94677447410210724,0.04964802733310747,0,1,0,0.95763965661452399,0.5,0
2023-10-16,2023-10-17,0.00051074464336340003,0.050842500349163301,0.9486467550074732,-0.0037215403880083153,0,1,0,0.94461257325706904,0.5,0
2023-10-17,2023-10-18,2.8339096186935943e-05,0.46926713486095861,0.53070452604285445,-0.0028834373107633482,0,1,0,0.77621082639396499,1,0
2023-10-18,2023-10-19,3.0200023743404838e-05,0.56901895293835825,0.43095084703789832,0.014169347179018077,0,1,0,0.77550284671121672,1,0
2023-10-19,2023-10-20,0.0001330726415655,0.28162418662989191,0.71824274072854255,0.033126762524805953,0,1,0,0.77929786619146801,1,0
2023-10-20,2023-10-21,0.0001004094704654,0.44305423641373048,0.55684535411580405,0.0080338337629952683,0,1,0,0.78310952102667697,1,0
2023-10-21,2023-10-22,8.4341612152952224e-06,0.72393217171934177,0.2760593941194428,0.0023835870142980831,0,1,0,0.73014503372821105,1,0
2023-10-22,2023-10-23,1.0304647322185674e-06,0.91163188529132555,0.088367084243942101,0.10197370615190682,0,1,0,0.74782805612030023,1,0
2023-10-23,2023-10-24,1.3892420921316446e-06,0.90818301793094358,0.091815592826964096,0.026487661083839154,0,1,1,0.74754717672997373,1,0
2023-10-24,2023-10-25,1.3655337183127072e-09,0.99354250693260837,0.0064574917018576997,0.017094672288233026,0,1,1,0.50067418198941682,1,0
2023-10-25,2023-10-26,3.9479595306495473e-11,0.99959917777960716,0.00040082218091309999,-0.0099458500498598168,0,1,1,0.49394663530224814,1,0
2023-10-26,2023-10-27,1.2366373833773683e-11,0.99987286268175901,0.00012713730587470001,-0.0073754820121976206,0,1,1,0.49001852465829226,1,0
2023-10-27,2023-10-28,4.1941953342514e-11,0.99979621181201217,0.0002037881460457,0.0053330501625281634,0,1,1,0.48889765109785327,1,0
2023-10-28,2023-10-29,4.0575485224667245e-10,0.99938495483281164,0.00061504476143339998,0.01303010920528358,0,1,1,0.4885730370852463,1,0
2023-10-29,2023-10-30,5.1549588010158417e-10,0.99916805555486843,0.00083194392963559997,-0.0014133989057742991,0,1,1,0.49675250520916475,1,0
2023-10-30,2023-10-31,5.8467739719678074e-11,0.99978138644946124,0.00021861349207100001,0.0050090057689127221,0,1,1,0.49461677309093571,1,0
2023-10-31,2023-11-01,1.0042571635894963e-10,0.99968675262471396,0.00031324727486010002,0.022314187921709916,0,1,1,0.49465342234508547,1,0
2023-11-01,2023-11-02,5.0107505015449184e-11,0.99978853720394545,0.0002114627459471,-0.013900259147804572,0,1,1,0.51518787168795843,1,0
2023-11-02,2023-11-03,1.3267299807346097e-12,0.99996343696762358,3.6563031049561118e-05,-0.0060890774489429367,0,1,1,0.5122886249136509,1,0
2023-11-03,2023-11-04,4.9440596264834818e-12,0.99995669063702475,4.3309358031141845e-05,0.0099974941458063071,0,1,1,0.50924323752170175,1,0
2023-11-04,2023-11-05,3.2206719949991534e-11,0.99990026474926097,9.9735218532267904e-05,-0.0013232266196693265,0,1,1,0.51122567394034679,1,0
2023-11-05,2023-11-06,1.9033487362801308e-12,0.99997347708562045,2.6522912476218128e-05,0.00064535657378472777,0,1,1,0.51241786798469835,1,0
2023-11-06,2023-11-07,3.5645040238545878e-12,0.99995942621542278,4.0573781012709007e-05,0.010961132355459036,0,1,1,0.51822391334957807,1,0
2023-11-07,2023-11-08,2.5677321878344596e-11,0.99988047213133202,0.0001195278429906,0.0059504150894398311,0,1,1,0.51823469586263304,1,0
2023-11-08,2023-11-09,3.5096209864607509e-12,0.99995806271058496,4.1937285905245166e-05,0.029845469162581351,0,1,1,0.51647712952017999,1,0
2023-11-09,2023-11-10,6.0702963042319469e-13,0.99998359023768923,1.6409761703744683e-05,0.016416670072614714,0,1,1,0.51821801568742321,1,0
2023-11-10,2023-11-11,1.0010573727080344e-14,0.99999839552233283,1.6044776570690679e-06,-0.0040881430447953226,0,1,1,0.50586203921449535,1,0
2023-11-11,2023-11-12,1.7581084764105902e-16,0.99999985134134917,1.4865865035916728e-07,-0.0023176000323009704,0,1,1,0.50710289457839919,1,0
2023-11-12,2023-11-13,8.1527833228398584e-16,0.99999937383242155,6.261675775493996e-07,-0.015813017342787061,0,1,1,0.50709157007431527,1,0
2023-11-13,2023-11-14,2.3108453789179938e-15,0.99999882778120996,1.1722187876864078e-06,-0.025467195565582856,0,1,1,0.50730266092656173,1,0
2023-11-14,2023-11-15,2.0871027212064039e-14,0.99999408887621644,5.9111237628486081e-06,0.065419009657011529,0,1,1,0.50331939585736818,1,0
2023-11-15,2023-11-16,1.3133086783514905e-12,0.99993470894494818,6.5291053738479753e-05,-0.045246324082704015,0,1,1,0.49589778720843453,1,0
2023-11-16,2023-11-17,2.0241866555551783e-14,0.99999018422213815,9.8157778415820282e-06,0.01200734488899724,0,1,1,0.4742564886367121,1,0
2023-11-17,2023-11-18,1.1443970142253834e-12,0.99989587823972637,0.0001041217591292,-0.00073233247894555209,0,1,1,0.45002215870780249,1,0
2023-11-18,2023-11-19,2.6446598052421882e-13,0.99995471475392317,4.5285245812444873e-05,0.021482911568941665,0,1,1,0.44842942109385336,1,0
2023-11-19,2023-11-20,1.090744535806331e-12,0.99989897861361998,0.0001010213852891,0.0026743980596559691,0,1,1,0.45053782809788584,1,0
2023-11-20,2023-11-21,5.7932689755923916e-13,0.99993387109829723,6.6128901123434499e-05,-0.043800278207192234,0,1,1,0.45657090845818477,1,0
2023-11-21,2023-11-22,6.4070817699287273e-13,0.99993517262353837,6.4827375820667333e-05,0.044597583041079414,0,1,1,0.45725776298119286,1,0
2023-11-22,2023-11-23,2.4401442930301736e-10,0.99814118783166283,0.0018588119243225999,-0.0031461503095363552,0,1,1,0.43464411066983921,1,0
2023-11-23,2023-11-24,3.0801405942553286e-11,0.99917337222534042,0.00082662774385810003,0.01137475833331103,0,1,1,0.52898738329095629,1,0
2023-11-24,2023-11-25,1.3807580519518314e-10,0.99836570907572142,0.0016342907862027,0.0018479583639336994,0,1,1,0.53998862768840716,1,0
2023-11-25,2023-11-26,1.6507629595207287e-10,0.99823222164148462,0.0017677781934390001,-0.0088707756635879598,0,1,1,0.54270326793702617,1,0
2023-11-26,2023-11-27,4.1343546498789568e-11,0.99944598330885204,0.00055401664980430005,-0.0054256404231572963,0,1,1,0.5444002813746095,1,0
2023-11-27,2023-11-28,8.8777793359907824e-11,0.99925617369185682,0.00074382621936529996,0.015428767792615039,0,1,1,0.54387649628511681,1,0
2023-11-28,2023-11-29,5.947613343636064e-10,0.99820124804314081,0.0017987513620978,0.00085132709203050716,0,1,1,0.54378182138928888,1,0
2023-11-29,2023-11-30,1.3906217200123978e-10,0.99914596501683561,0.00085403484410200004,-0.0037669559245023798,0,1,1,0.54220816691274754,1,0
2023-11-30,2023-12-01,7.2459318394865233e-11,0.99934686242851456,0.00065313749902579999,0.025861177475081432,0,1,1,0.54222938382097041,1,0
2023-12-01,2023-12-02,2.5317946421121804e-10,0.998965306539638,0.0010346932071822999,0.01990787888813661,0,1,1,0.54238680396630501,1,0
2023-12-02,2023-12-03,6.1038966120035592e-11,0.99956366892556758,0.00043633101339330001,0.012970622224925288,0,1,1,0.53919144870762092,1,0
2023-12-03,2023-12-04,4.0262394977765338e-12,0.99989483200981522,0.0001051679861585,0.050477605816333426,0,1,1,0.5359429985565165,1,0
2023-12-04,2023-12-05,1.266679407442408e-12,0.99993572174352119,6.427825521212686e-05,0.049738257303311828,0,1,1,0.53361228579183295,1,0
2023-12-05,2023-12-06,3.4325384101010706e-14,0.99998041258636705,1.9587413598635803e-05,-0.0068041255825137537,0,1,1,0.49772512751824588,1,0
2023-12-06,2023-12-07,8.9120881049637535e-17,0.99999923309720462,7.66902795186206e-07,-0.011115603648549688,0,1,1,0.46713477013780957,1,0
2023-12-07,2023-12-08,3.262251207461873e-16,0.99999909177095481,9.0822904478802276e-07,0.020462142264788152,0,1,1,0.4665443854752665,1,0
2023-12-08,2023-12-09,3.9933567077383804e-15,0.99999718497502277,2.8150249732671542e-06,-0.01034736448936624,0,1,1,0.46646711070246422,1,0
2023-12-09,2023-12-10,1.1873009478613385e-15,0.99999872116412925,1.2788358694785788e-06,0.0016606280193236511,0,1,1,0.46201147034595164,1,0
2023-12-10,2023-12-11,1.0971972410423575e-14,0.99999523422019743,4.7657797914725481e-06,-0.057886323673814299,0,1,1,0.47055279736280337,1,0
2023-12-11,2023-12-12,4.6190620484975247e-15,0.99999735697731218,2.6430226830503749e-06,0.0055967481172480849,0,1,1,0.47400689133525009,1,0
2023-12-12,2023-12-13,2.6166126528487369e-12,0.99990261061130403,9.7389386079269221e-05,0.033685250801455791,0,1,1,0.43538246641950945,1,0
2023-12-13,2023-12-14,4.3138695334650846e-13,0.99996017086195355,3.9829137615054485e-05,0.0032972286024088859,0,1,1,0.43515219850024744,1,0
2023-12-14,2023-12-15,1.5430755467241323e-14,0.99999301401980301,6.9859801814956317e-06,-0.025493946669331802,0,1,1,0.42696763159053097,1,0
2023-12-15,2023-12-16,3.5137117326945735e-15,0.99999754958615239,2.4504138439829256e-06,0.0081733406472845882,0,1,1,0.43287727983557617,1,0
2023-12-16,2023-12-17,5.9875524339355649e-13,0.99995324197024815,4.6758029153001331e-05,-0.021361809437519641,0,1,1,0.4675466081220469,1,0
2023-12-17,2023-12-18,5.1629622712435084e-14,0.9999872431069956,1.2756892952728461e-05,0.031207168704842081,0,1,1,0.49429696147454671,1,0
2023-12-18,2023-12-19,1.0569940875552045e-12,0.9999168505439352,8.3149455007764782e-05,-0.0093859075427158434,0,1,1,0.49008794318718912,1,0
2023-12-19,2023-12-20,1.3073918109147406e-13,0.99997735092818918,2.2649071679949715e-05,0.033211624423499675,0,1,1,0.47744976383937471,1,0
2023-12-20,2023-12-21,2.648275695877737e-12,0.99986203144511998,0.00013796855223150001,0.0046515569317588934,0,1,1,0.48289631442388348,1,0
2023-12-21,2023-12-22,2.6274975997905609e-13,0.99996320553250662,3.6794467230680138e-05,0.0023480653537257812,0,1,1,0.46951901032502164,1,0
2023-12-22,2023-12-23,1.6820301282898913e-14,0.9999945807624202,5.4192375628691933e-06,-0.0058791554939968682,0,1,1,0.49817427562057287,1,0
2023-12-23,2023-12-24,1.2554566205599281e-13,0.99998235035001504,1.7649649859327809e-05,-0.016675665287894881,0,1,1,0.53064487007952144,1,0
2023-12-24,2023-12-25,3.3335913809830413e-13,0.99996982482747365,3.0175172192772768e-05,0.01388969672998841,0,1,1,0.53018259520825484,1,0
2023-12-25,2023-12-26,6.6786931334058642e-12,0.99981174554140084,0.0001882544519204,-0.024443246096125359,0,1,1,0.52812960369605599,1,0
2023-12-26,2023-12-27,9.659271533342688e-13,0.99995073583481398,4.9264164220044255e-05,0.02195077775660792,0,1,1,0.52536891356369075,1,0
2023-12-27,2023-12-28,7.9933915870359402e-12,0.99981027342020479,0.00018972657180169999,-0.019918750647347938,0,1,1,0.51646076815862396,1,0
2023-12-28,2023-12-29,7.0077454062427414e-13,0.99994162931625996,5.8370683039134488e-05,-0.011946614812675005,0,1,1,0.50917066932465693,1,0
2023-12-29,2023-12-30,1.6371073881550506e-11,0.99967944929324115,0.0003205506903875,0.0015283178520835161,0,1,1,0.5065442290882386,1,0
2023-12-30,2023-12-31,1.2625355294817595e-10,0.99910042616328865,0.00089957371045779999,0.0032228437442893831,0,1,1,0.5043718030376233,1,0
