cohort,decision_date,return_date,regime,eligible_episodes,eligible_actions,filtered_episodes,filtered_actions,retrieved_episodes,retrieved_actions
adaptive_memory,2021-12-31,2022-01-01,bear,364,3,123,1,5,1
adaptive_memory,2022-01-01,2022-01-02,bear,365,3,124,1,5,1
adaptive_memory,2022-01-02,2022-01-03,bear,366,3,125,1,5,1
adaptive_memory,2022-01-03,2022-01-04,bear,367,3,126,1,5,1
adaptive_memory,2022-01-04,2022-01-05,bear,368,3,127,1,5,1
adaptive_memory,2022-01-05,2022-01-06,bear,369,3,128,1,5,1
adaptive_memory,2022-01-06,2022-01-07,bear,370,3,129,1,5,1
adaptive_memory,2022-01-07,2022-01-08,bear,371,3,130,1,5,1
adaptive_memory,2022-01-08,2022-01-09,bear,372,3,131,1,5,1
adaptive_memory,2022-01-09,2022-01-10,bear,373,3,132,1,5,1
adaptive_memory,2022-01-10,2022-01-11,bear,374,3,133,1,5,1
adaptive_memory,2022-01-11,2022-01-12,bear,375,3,134,1,5,1
adaptive_memory,2022-01-12,2022-01-13,bear,376,3,135,1,5,1
adaptive_memory,2022-01-13,2022-01-14,bear,377,3,136,1,5,1
adaptive_memory,2022-01-14,2022-01-15,bear,378,3,137,1,5,1
adaptive_memory,2022-01-15,2022-01-16,bear,379,3,138,1,5,1
adaptive_memory,2022-01-16,2022-01-17,bear,380,3,139,1,5,1
adaptive_memory,2022-01-17,2022-01-18,bear,381,3,140,1,5,1
adaptive_memory,2022-01-18,2022-01-19,bear,382,3,141,1,5,1
adaptive_memory,2022-01-19,2022-01-20,bear,383,3,142,1,5,1
adaptive_memory,2022-01-20,2022-01-21,bear,384,3,143,1,5,1
adaptive_memory,2022-01-21,2022-01-22,bear,385,3,144,1,5,1
adaptive_memory,2022-01-22,2022-01-23,bear,386,3,145,1,5,1
adaptive_memory,2022-01-23,2022-01-24,bear,387,3,146,1,5,1
adaptive_memory,2022-01-24,2022-01-25,bear,388,3,147,1,5,1
adaptive_memory,2022-01-25,2022-01-26,bear,389,3,148,1,5,1
adaptive_memory,2022-01-26,2022-01-27,bear,390,3,149,1,5,1
adaptive_memory,2022-01-27,2022-01-28,bear,391,3,150,1,5,1
adaptive_memory,2022-01-28,2022-01-29,bear,392,3,151,1,5,1
adaptive_memory,2022-01-29,2022-01-30,bear,393,3,152,1,5,1
adaptive_memory,2022-01-30,2022-01-31,bear,394,3,153,1,5,1
adaptive_memory,2022-01-31,2022-02-01,bear,395,3,154,1,5,1
adaptive_memory,2022-02-01,2022-02-02,bear,396,3,155,1,5,1
adaptive_memory,2022-02-02,2022-02-03,bear,397,3,156,1,5,1
adaptive_memory,2022-02-03,2022-02-04,bear,398,3,157,1,5,1
adaptive_memory,2022-02-04,2022-02-05,bear,399,3,158,1,5,1
adaptive_memory,2022-02-05,2022-02-06,bear,400,3,159,1,5,1
adaptive_memory,2022-02-06,2022-02-07,bear,401,3,160,1,5,1
adaptive_memory,2022-02-07,2022-02-08,bear,402,3,161,1,5,1
adaptive_memory,2022-02-08,2022-02-09,bear,403,3,162,1,5,1
adaptive_memory,2022-02-09,2022-02-10,bear,404,3,163,1,5,1
adaptive_memory,2022-02-10,2022-02-11,bear,405,3,164,1,5,1
adaptive_memory,2022-02-11,2022-02-12,bear,406,3,165,1,5,1
adaptive_memory,2022-02-12,2022-02-13,bear,407,3,166,1,5,1
adaptive_memory,2022-02-13,2022-02-14,bear,408,3,167,1,5,1
adaptive_memory,2022-02-14,2022-02-15,bear,409,3,168,1,5,1
adaptive_memory,2022-02-15,2022-02-16,bear,410,3,169,1,5,1
adaptive_memory,2022-02-16,2022-02-17,bear,411,3,170,1,5,1
adaptive_memory,2022-02-17,2022-02-18,bear,412,3,171,1,5,1
adaptive_memory,2022-02-18,2022-02-19,bear,413,3,172,1,5,1
adaptive_memory,2022-02-19,2022-02-20,bear,414,3,173,1,5,1
adaptive_memory,2022-02-20,2022-02-21,bear,415,3,174,1,5,1
adaptive_memory,2022-02-21,2022-02-22,bear,416,3,175,1,5,1
adaptive_memory,2022-02-22,2022-02-23,bear,417,3,176,1,5,1
adaptive_memory,2022-02-23,2022-02-24,bear,418,3,177,1,5,1
adaptive_memory,2022-02-24,2022-02-25,bear,419,3,178,1,5,1
adaptive_memory,2022-02-25,2022-02-26,bear,420,3,179,1,5,1
adaptive_memory,2022-02-26,2022-02-27,bear,421,3,180,1,5,1
adaptive_memory,2022-02-27,2022-02-28,bear,422,3,181,1,5,1
adaptive_memory,2022-02-28,2022-03-01,bear,423,3,182,1,5,1
adaptive_memory,2022-03-01,2022-03-02,bear,424,3,183,1,5,1
adaptive_memory,2022-03-02,2022-03-03,bear,425,3,184,1,5,1
adaptive_memory,2022-03-03,2022-03-04,bear,426,3,185,1,5,1
adaptive_memory,2022-03-04,2022-03-05,bear,427,3,186,1,5,1
adaptive_memory,2022-03-05,2022-03-06,bear,428,3,187,1,5,1
adaptive_memory,2022-03-06,2022-03-07,bear,429,3,188,1,5,1
adaptive_memory,2022-03-07,2022-03-08,bear,430,3,189,1,5,1
adaptive_memory,2022-03-08,2022-03-09,bear,431,3,190,1,5,1
adaptive_memory,2022-03-09,2022-03-10,bear,432,3,191,1,5,1
adaptive_memory,2022-03-10,2022-03-11,bear,433,3,192,1,5,1
adaptive_memory,2022-03-11,2022-03-12,bear,434,3,193,1,5,1
adaptive_memory,2022-03-12,2022-03-13,bear,435,3,194,1,5,1
adaptive_memory,2022-03-13,2022-03-14,bear,436,3,195,1,5,1
adaptive_memory,2022-03-14,2022-03-15,bear,437,3,196,1,5,1
adaptive_memory,2022-03-15,2022-03-16,bear,438,3,197,1,5,1
adaptive_memory,2022-03-16,2022-03-17,bear,439,3,198,1,5,1
adaptive_memory,2022-03-17,2022-03-18,bear,440,3,199,1,5,1
adaptive_memory,2022-03-18,2022-03-19,bear,441,3,200,1,5,1
adaptive_memory,2022-03-19,2022-03-20,bear,442,3,201,1,5,1
adaptive_memory,2022-03-20,2022-03-21,bear,443,3,202,1,5,1
adaptive_memory,2022-03-21,2022-03-22,bear,444,3,203,1,5,1
adaptive_memory,2022-03-22,2022-03-23,bear,445,3,204,1,5,1
adaptive_memory,2022-03-23,2022-03-24,bear,446,3,205,1,5,1
adaptive_memory,2022-03-24,2022-03-25,mix,447,3,98,1,5,1
adaptive_memory,2022-03-25,2022-03-26,mix,448,3,99,1,5,1
adaptive_memory,2022-03-26,2022-03-27,mix,449,3,100,1,5,1
adaptive_memory,2022-03-27,2022-03-28,mix,450,3,101,1,5,1
adaptive_memory,2022-03-28,2022-03-29,mix,451,3,102,1,5,1
adaptive_memory,2022-03-29,2022-03-30,mix,452,3,103,1,5,1
adaptive_memory,2022-03-30,2022-03-31,mix,453,3,104,1,5,1
adaptive_memory,2022-03-31,2022-04-01,mix,454,3,105,1,5,1
adaptive_memory,2022-04-01,2022-04-02,mix,455,3,106,1,5,1
adaptive_memory,2022-04-02,2022-04-03,mix,456,3,107,1,5,1
adaptive_memory,2022-04-03,2022-04-04,mix,457,3,108,1,5,1
adaptive_memory,2022-04-04,2022-04-05,mix,458,3,109,1,5,1
adaptive_memory,2022-04-05,2022-04-06,mix,459,3,110,1,5,1
adaptive_memory,2022-04-06,2022-04-07,mix,460,3,111,1,5,1
adaptive_memory,2022-04-07,2022-04-08,mix,461,3,112,1,5,1
adaptive_memory,2022-04-08,2022-04-09,mix,462,3,113,1,5,1
adaptive_memory,2022-04-09,2022-04-10,mix,463,3,114,1,5,1
adaptive_memory,2022-04-10,2022-04-11,mix,464,3,115,1,5,1
adaptive_memory,2022-04-11,2022-04-12,mix,465,3,116,1,5,1
adaptive_memory,2022-04-12,2022-04-13,bear,466,3,206,1,5,1
adaptive_memory,2022-04-13,2022-04-14,mix,467,3,117,1,5,1
adaptive_memory,2022-04-14,2022-04-15,mix,468,3,118,1,5,1
adaptive_memory,2022-04-15,2022-04-16,bear,469,3,207,1,5,1
adaptive_memory,2022-04-16,2022-04-17,mix,470,3,119,1,5,1
adaptive_memory,2022-04-17,2022-04-18,bear,471,3,208,1,5,1
adaptive_memory,2022-04-18,2022-04-19,bear,472,3,209,1,5,1
adaptive_memory,2022-04-19,2022-04-20,bear,473,3,210,1,5,1
adaptive_memory,2022-04-20,2022-04-21,mix,474,3,120,1,5,1
adaptive_memory,2022-04-21,2022-04-22,mix,475,3,121,1,5,1
adaptive_memory,2022-04-22,2022-04-23,bear,476,3,211,1,5,1
adaptive_memory,2022-04-23,2022-04-24,bear,477,3,212,1,5,1
adaptive_memory,2022-04-24,2022-04-25,bear,478,3,213,1,5,1
adaptive_memory,2022-04-25,2022-04-26,bear,479,3,214,1,5,1
adaptive_memory,2022-04-26,2022-04-27,bear,480,3,215,1,5,1
adaptive_memory,2022-04-27,2022-04-28,bear,481,3,216,1,5,1
adaptive_memory,2022-04-28,2022-04-29,bear,482,3,217,1,5,1
adaptive_memory,2022-04-29,2022-04-30,bear,483,3,218,1,5,1
adaptive_memory,2022-04-30,2022-05-01,bear,484,3,219,1,5,1
adaptive_memory,2022-05-01,2022-05-02,bear,485,3,220,1,5,1
adaptive_memory,2022-05-02,2022-05-03,bear,486,3,221,1,5,1
adaptive_memory,2022-05-03,2022-05-04,bear,487,3,222,1,5,1
adaptive_memory,2022-05-04,2022-05-05,bear,488,3,223,1,5,1
adaptive_memory,2022-05-05,2022-05-06,bear,489,3,224,1,5,1
adaptive_memory,2022-05-06,2022-05-07,bear,490,3,225,1,5,1
adaptive_memory,2022-05-07,2022-05-08,bear,491,3,226,1,5,1
adaptive_memory,2022-05-08,2022-05-09,bear,492,3,227,1,5,1
adaptive_memory,2022-05-09,2022-05-10,bear,493,3,228,1,5,1
adaptive_memory,2022-05-10,2022-05-11,bear,494,3,229,1,5,1
adaptive_memory,2022-05-11,2022-05-12,bear,495,3,230,1,5,1
adaptive_memory,2022-05-12,2022-05-13,bear,496,3,231,1,5,1
adaptive_memory,2022-05-13,2022-05-14,bear,497,3,232,1,5,1
adaptive_memory,2022-05-14,2022-05-15,bear,498,3,233,1,5,1
adaptive_memory,2022-05-15,2022-05-16,bear,499,3,234,1,5,1
adaptive_memory,2022-05-16,2022-05-17,bear,500,3,235,1,5,1
adaptive_memory,2022-05-17,2022-05-18,bear,501,3,236,1,5,1
adaptive_memory,2022-05-18,2022-05-19,bear,502,3,237,1,5,1
adaptive_memory,2022-05-19,2022-05-20,bear,503,3,238,1,5,1
adaptive_memory,2022-05-20,2022-05-21,bear,504,3,239,1,5,1
adaptive_memory,2022-05-21,2022-05-22,bear,505,3,240,1,5,1
adaptive_memory,2022-05-22,2022-05-23,bear,506,3,241,1,5,1
adaptive_memory,2022-05-23,2022-05-24,bear,507,3,242,1,5,1
adaptive_memory,2022-05-24,2022-05-25,bear,508,3,243,1,5,1
adaptive_memory,2022-05-25,2022-05-26,bear,509,3,244,1,5,1
adaptive_memory,2022-05-26,2022-05-27,bear,510,3,245,1,5,1
adaptive_memory,2022-05-27,2022-05-28,bear,511,3,246,1,5,1
adaptive_memory,2022-05-28,2022-05-29,bear,512,3,247,1,5,1
adaptive_memory,2022-05-29,2022-05-30,bear,513,3,248,1,5,1
adaptive_memory,2022-05-30,2022-05-31,bear,514,3,249,1,5,1
adaptive_memory,2022-05-31,2022-06-01,bear,515,3,250,1,5,1
adaptive_memory,2022-06-01,2022-06-02,bear,516,3,251,1,5,1
adaptive_memory,2022-06-02,2022-06-03,bear,517,3,252,1,5,1
adaptive_memory,2022-06-03,2022-06-04,bear,518,3,253,1,5,1
adaptive_memory,2022-06-04,2022-06-05,bear,519,3,254,1,5,1
adaptive_memory,2022-06-05,2022-06-06,bear,520,3,255,1,5,1
adaptive_memory,2022-06-06,2022-06-07,bear,521,3,256,1,5,1
adaptive_memory,2022-06-07,2022-06-08,bear,522,3,257,1,5,1
adaptive_memory,2022-06-08,2022-06-09,bear,523,3,258,1,5,1
adaptive_memory,2022-06-09,2022-06-10,bear,524,3,259,1,5,1
adaptive_memory,2022-06-10,2022-06-11,bear,525,3,260,1,5,1
adaptive_memory,2022-06-11,2022-06-12,bear,526,3,261,1,5,1
adaptive_memory,2022-06-12,2022-06-13,bear,527,3,262,1,5,1
adaptive_memory,2022-06-13,2022-06-14,bear,528,3,263,1,5,1
adaptive_memory,2022-06-14,2022-06-15,bear,529,3,264,1,5,1
adaptive_memory,2022-06-15,2022-06-16,bear,530,3,265,1,5,1
adaptive_memory,2022-06-16,2022-06-17,bear,531,3,266,1,5,1
adaptive_memory,2022-06-17,2022-06-18,bear,532,3,267,1,5,1
adaptive_memory,2022-06-18,2022-06-19,bear,533,3,268,1,5,1
adaptive_memory,2022-06-19,2022-06-20,bear,534,3,269,1,5,1
adaptive_memory,2022-06-20,2022-06-21,bear,535,3,270,1,5,1
adaptive_memory,2022-06-21,2022-06-22,bear,536,3,271,1,5,1
adaptive_memory,2022-06-22,2022-06-23,bear,537,3,272,1,5,1
adaptive_memory,2022-06-23,2022-06-24,bear,538,3,273,1,5,1
adaptive_memory,2022-06-24,2022-06-25,bear,539,3,274,1,5,1
adaptive_memory,2022-06-25,2022-06-26,bear,540,3,275,1,5,1
adaptive_memory,2022-06-26,2022-06-27,bear,541,3,276,1,5,1
adaptive_memory,2022-06-27,2022-06-28,bear,542,3,277,1,5,1
adaptive_memory,2022-06-28,2022-06-29,bear,543,3,278,1,5,1
adaptive_memory,2022-06-29,2022-06-30,bear,544,3,279,1,5,1
adaptive_memory,2022-06-30,2022-07-01,bear,545,3,280,1,5,1
adaptive_memory,2022-07-01,2022-07-02,bear,546,3,281,1,5,1
adaptive_memory,2022-07-02,2022-07-03,bear,547,3,282,1,5,1
adaptive_memory,2022-07-03,2022-07-04,bear,548,3,283,1,5,1
adaptive_memory,2022-07-04,2022-07-05,bear,549,3,284,1,5,1
adaptive_memory,2022-07-05,2022-07-06,bear,550,3,285,1,5,1
adaptive_memory,2022-07-06,2022-07-07,bear,551,3,286,1,5,1
adaptive_memory,2022-07-07,2022-07-08,bear,552,3,287,1,5,1
adaptive_memory,2022-07-08,2022-07-09,bear,553,3,288,1,5,1
adaptive_memory,2022-07-09,2022-07-10,bear,554,3,289,1,5,1
adaptive_memory,2022-07-10,2022-07-11,bear,555,3,290,1,5,1
adaptive_memory,2022-07-11,2022-07-12,bear,556,3,291,1,5,1
adaptive_memory,2022-07-12,2022-07-13,bear,557,3,292,1,5,1
adaptive_memory,2022-07-13,2022-07-14,bear,558,3,293,1,5,1
adaptive_memory,2022-07-14,2022-07-15,bear,559,3,294,1,5,1
adaptive_memory,2022-07-15,2022-07-16,bear,560,3,295,1,5,1
adaptive_memory,2022-07-16,2022-07-17,bear,561,3,296,1,5,1
adaptive_memory,2022-07-17,2022-07-18,bear,562,3,297,1,5,1
adaptive_memory,2022-07-18,2022-07-19,bear,563,3,298,1,5,1
adaptive_memory,2022-07-19,2022-07-20,bear,564,3,299,1,5,1
adaptive_memory,2022-07-20,2022-07-21,bear,565,3,300,1,5,1
adaptive_memory,2022-07-21,2022-07-22,bear,566,3,301,1,5,1
adaptive_memory,2022-07-22,2022-07-23,bear,567,3,302,1,5,1
adaptive_memory,2022-07-23,2022-07-24,bear,568,3,303,1,5,1
adaptive_memory,2022-07-24,2022-07-25,bear,569,3,304,1,5,1
adaptive_memory,2022-07-25,2022-07-26,bear,570,3,305,1,5,1
adaptive_memory,2022-07-26,2022-07-27,bear,571,3,306,1,5,1
adaptive_memory,2022-07-27,2022-07-28,bear,572,3,307,1,5,1
adaptive_memory,2022-07-28,2022-07-29,bear,573,3,308,1,5,1
adaptive_memory,2022-07-29,2022-07-30,bear,574,3,309,1,5,1
adaptive_memory,2022-07-30,2022-07-31,bear,575,3,310,1,5,1
adaptive_memory,2022-07-31,2022-08-01,bear,576,3,311,1,5,1
adaptive_memory,2022-08-01,2022-08-02,bear,577,3,312,1,5,1
adaptive_memory,2022-08-02,2022-08-03,bear,578,3,313,1,5,1
adaptive_memory,2022-08-03,2022-08-04,bear,579,3,314,1,5,1
adaptive_memory,2022-08-04,2022-08-05,bear,580,3,315,1,5,1
adaptive_memory,2022-08-05,2022-08-06,bear,581,3,316,1,5,1
adaptive_memory,2022-08-06,2022-08-07,bear,582,3,317,1,5,1
adaptive_memory,2022-08-07,2022-08-08,bear,583,3,318,1,5,1
adaptive_memory,2022-08-08,2022-08-09,bear,584,3,319,1,5,1
adaptive_memory,2022-08-09,2022-08-10,bear,585,3,320,1,5,1
adaptive_memory,2022-08-10,2022-08-11,bear,586,3,321,1,5,1
adaptive_memory,2022-08-11,2022-08-12,bear,587,3,322,1,5,1
adaptive_memory,2022-08-12,2022-08-13,bear,588,3,323,1,5,1
adaptive_memory,2022-08-13,2022-08-14,bear,589,3,324,1,5,1
adaptive_memory,2022-08-14,2022-08-15,bear,590,3,325,1,5,1
adaptive_memory,2022-08-15,2022-08-16,bear,591,3,326,1,5,1
adaptive_memory,2022-08-16,2022-08-17,bear,592,3,327,1,5,1
adaptive_memory,2022-08-17,2022-08-18,bear,593,3,328,1,5,1
adaptive_memory,2022-08-18,2022-08-19,bear,594,3,329,1,5,1
adaptive_memory,2022-08-19,2022-08-20,bear,595,3,330,1,5,1
adaptive_memory,2022-08-20,2022-08-21,bear,596,3,331,1,5,1
adaptive_memory,2022-08-21,2022-08-22,bear,597,3,332,1,5,1
adaptive_memory,2022-08-22,2022-08-23,bear,598,3,333,1,5,1
adaptive_memory,2022-08-23,2022-08-24,bear,599,3,334,1,5,1
adaptive_memory,2022-08-24,2022-08-25,bear,600,3,335,1,5,1
adaptive_memory,2022-08-25,2022-08-26,bear,601,3,336,1,5,1
adaptive_memory,2022-08-26,2022-08-27,bear,602,3,337,1,5,1
adaptive_memory,2022-08-27,2022-08-28,bear,603,3,338,1,5,1
adaptive_memory,2022-08-28,2022-08-29,bear,604,3,339,1,5,1
adaptive_memory,2022-08-29,2022-08-30,bear,605,3,340,1,5,1
adaptive_memory,2022-08-30,2022-08-31,bear,606,3,341,1,5,1
adaptive_memory,2022-08-31,2022-09-01,bear,607,3,342,1,5,1
adaptive_memory,2022-09-01,2022-09-02,bear,608,3,343,1,5,1
adaptive_memory,2022-09-02,2022-09-03,bear,609,3,344,1,5,1
adaptive_memory,2022-09-03,2022-09-04,bear,610,3,345,1,5,1
adaptive_memory,2022-09-04,2022-09-05,bear,611,3,346,1,5,1
adaptive_memory,2022-09-05,2022-09-06,bear,612,3,347,1,5,1
adaptive_memory,2022-09-06,2022-09-07,bear,613,3,348,1,5,1
adaptive_memory,2022-09-07,2022-09-08,bear,614,3,349,1,5,1
adaptive_memory,2022-09-08,2022-09-09,bear,615,3,350,1,5,1
adaptive_memory,2022-09-09,2022-09-10,bear,616,3,351,1,5,1
adaptive_memory,2022-09-10,2022-09-11,bear,617,3,352,1,5,1
adaptive_memory,2022-09-11,2022-09-12,bear,618,3,353,1,5,1
adaptive_memory,2022-09-12,2022-09-13,bear,619,3,354,1,5,1
adaptive_memory,2022-09-13,2022-09-14,bear,620,3,355,1,5,1
adaptive_memory,2022-09-14,2022-09-15,bear,621,3,356,1,5,1
adaptive_memory,2022-09-15,2022-09-16,bear,622,3,357,1,5,1
adaptive_memory,2022-09-16,2022-09-17,bear,623,3,358,1,5,1
adaptive_memory,2022-09-17,2022-09-18,bear,624,3,359,1,5,1
adaptive_memory,2022-09-18,2022-09-19,bear,625,3,360,1,5,1
adaptive_memory,2022-09-19,2022-09-20,bear,626,3,361,1,5,1
adaptive_memory,2022-09-20,2022-09-21,bear,627,3,362,1,5,1
adaptive_memory,2022-09-21,2022-09-22,bear,628,3,363,1,5,1
adaptive_memory,2022-09-22,2022-09-23,bear,629,3,364,1,5,1
adaptive_memory,2022-09-23,2022-09-24,bear,630,3,365,1,5,1
adaptive_memory,2022-09-24,2022-09-25,bear,631,3,366,1,5,1
adaptive_memory,2022-09-25,2022-09-26,bear,632,3,367,1,5,1
adaptive_memory,2022-09-26,2022-09-27,bear,633,3,368,1,5,1
adaptive_memory,2022-09-27,2022-09-28,bear,634,3,369,1,5,1
adaptive_memory,2022-09-28,2022-09-29,bear,635,3,370,1,5,1
adaptive_memory,2022-09-29,2022-09-30,bear,636,3,371,1,5,1
adaptive_memory,2022-09-30,2022-10-01,bear,637,3,372,1,5,1
adaptive_memory,2022-10-01,2022-10-02,bear,638,3,373,1,5,1
adaptive_memory,2022-10-02,2022-10-03,bear,639,3,374,1,5,1
adaptive_memory,2022-10-03,2022-10-04,bear,640,3,375,1,5,1
adaptive_memory,2022-10-04,2022-10-05,bear,641,3,376,1,5,1
adaptive_memory,2022-10-05,2022-10-06,bear,642,3,377,1,5,1
adaptive_memory,2022-10-06,2022-10-07,bear,643,3,378,1,5,1
adaptive_memory,2022-10-07,2022-10-08,bear,644,3,379,1,5,1
adaptive_memory,2022-10-08,2022-10-09,bear,645,3,380,1,5,1
adaptive_memory,2022-10-09,2022-10-10,bear,646,3,381,1,5,1
adaptive_memory,2022-10-10,2022-10-11,bear,647,3,382,1,5,1
adaptive_memory,2022-10-11,2022-10-12,bear,648,3,383,1,5,1
adaptive_memory,2022-10-12,2022-10-13,bear,649,3,384,1,5,1
adaptive_memory,2022-10-13,2022-10-14,bear,650,3,385,1,5,1
adaptive_memory,2022-10-14,2022-10-15,bear,651,3,386,1,5,1
adaptive_memory,2022-10-15,2022-10-16,bear,652,3,387,1,5,1
adaptive_memory,2022-10-16,2022-10-17,bear,653,3,388,1,5,1
adaptive_memory,2022-10-17,2022-10-18,bear,654,3,389,1,5,1
adaptive_memory,2022-10-18,2022-10-19,bear,655,3,390,1,5,1
adaptive_memory,2022-10-19,2022-10-20,bear,656,3,391,1,5,1
adaptive_memory,2022-10-20,2022-10-21,bear,657,3,392,1,5,1
adaptive_memory,2022-10-21,2022-10-22,bear,658,3,393,1,5,1
adaptive_memory,2022-10-22,2022-10-23,bear,659,3,394,1,5,1
adaptive_memory,2022-10-23,2022-10-24,bear,660,3,395,1,5,1
adaptive_memory,2022-10-24,2022-10-25,mix,661,3,122,1,5,1
adaptive_memory,2022-10-25,2022-10-26,mix,662,3,123,1,5,1
adaptive_memory,2022-10-26,2022-10-27,mix,663,3,124,1,5,1
adaptive_memory,2022-10-27,2022-10-28,mix,664,3,125,1,5,1
adaptive_memory,2022-10-28,2022-10-29,mix,665,3,126,1,5,1
adaptive_memory,2022-10-29,2022-10-30,mix,666,3,127,1,5,1
adaptive_memory,2022-10-30,2022-10-31,mix,667,3,128,1,5,1
adaptive_memory,2022-10-31,2022-11-01,mix,668,3,129,1,5,1
adaptive_memory,2022-11-01,2022-11-02,mix,669,3,130,1,5,1
adaptive_memory,2022-11-02,2022-11-03,mix,670,3,131,1,5,1
adaptive_memory,2022-11-03,2022-11-04,mix,671,3,132,1,5,1
adaptive_memory,2022-11-04,2022-11-05,mix,672,3,133,1,5,1
adaptive_memory,2022-11-05,2022-11-06,mix,673,3,134,1,5,1
adaptive_memory,2022-11-06,2022-11-07,mix,674,3,135,1,5,1
adaptive_memory,2022-11-07,2022-11-08,mix,675,3,136,1,5,1
adaptive_memory,2022-11-08,2022-11-09,mix,676,3,137,1,5,1
adaptive_memory,2022-11-09,2022-11-10,bear,677,3,396,1,5,1
adaptive_memory,2022-11-10,2022-11-11,bear,678,3,397,1,5,1
adaptive_memory,2022-11-11,2022-11-12,bear,679,3,398,1,5,1
adaptive_memory,2022-11-12,2022-11-13,bear,680,3,399,1,5,1
adaptive_memory,2022-11-13,2022-11-14,bear,681,3,400,1,5,1
adaptive_memory,2022-11-14,2022-11-15,bear,682,3,401,1,5,1
adaptive_memory,2022-11-15,2022-11-16,bear,683,3,402,1,5,1
adaptive_memory,2022-11-16,2022-11-17,bear,684,3,403,1,5,1
adaptive_memory,2022-11-17,2022-11-18,bear,685,3,404,1,5,1
adaptive_memory,2022-11-18,2022-11-19,bear,686,3,405,1,5,1
adaptive_memory,2022-11-19,2022-11-20,bear,687,3,406,1,5,1
adaptive_memory,2022-11-20,2022-11-21,bear,688,3,407,1,5,1
adaptive_memory,2022-11-21,2022-11-22,bear,689,3,408,1,5,1
adaptive_memory,2022-11-22,2022-11-23,bear,690,3,409,1,5,1
adaptive_memory,2022-11-23,2022-11-24,bear,691,3,410,1,5,1
adaptive_memory,2022-11-24,2022-11-25,bear,692,3,411,1,5,1
adaptive_memory,2022-11-25,2022-11-26,bear,693,3,412,1,5,1
adaptive_memory,2022-11-26,2022-11-27,bear,694,3,413,1,5,1
adaptive_memory,2022-11-27,2022-11-28,bear,695,3,414,1,5,1
adaptive_memory,2022-11-28,2022-11-29,bear,696,3,415,1,5,1
adaptive_memory,2022-11-29,2022-11-30,bear,697,3,416,1,5,1
adaptive_memory,2022-11-30,2022-12-01,bear,698,3,417,1,5,1
adaptive_memory,2022-12-01,2022-12-02,bear,699,3,418,1,5,1
adaptive_memory,2022-12-02,2022-12-03,bear,700,3,419,1,5,1
adaptive_memory,2022-12-03,2022-12-04,bear,701,3,420,1,5,1
adaptive_memory,2022-12-04,2022-12-05,bear,702,3,421,1,5,1
adaptive_memory,2022-12-05,2022-12-06,bear,703,3,422,1,5,1
adaptive_memory,2022-12-06,2022-12-07,bear,704,3,423,1,5,1
adaptive_memory,2022-12-07,2022-12-08,bear,705,3,424,1,5,1
adaptive_memory,2022-12-08,2022-12-09,bear,706,3,425,1,5,1
adaptive_memory,2022-12-09,2022-12-10,bear,707,3,426,1,5,1
adaptive_memory,2022-12-10,2022-12-11,bear,708,3,427,1,5,1
adaptive_memory,2022-12-11,2022-12-12,bear,709,3,428,1,5,1
adaptive_memory,2022-12-12,2022-12-13,bear,710,3,429,1,5,1
adaptive_memory,2022-12-13,2022-12-14,mix,711,3,138,1,5,1
adaptive_memory,2022-12-14,2022-12-15,mix,712,3,139,1,5,1
adaptive_memory,2022-12-15,2022-12-16,mix,713,3,140,1,5,1
adaptive_memory,2022-12-16,2022-12-17,mix,714,3,141,1,5,1
adaptive_memory,2022-12-17,2022-12-18,bear,715,3,430,1,5,1
adaptive_memory,2022-12-18,2022-12-19,bear,716,3,431,1,5,1
adaptive_memory,2022-12-19,2022-12-20,bear,717,3,432,1,5,1
adaptive_memory,2022-12-20,2022-12-21,bear,718,3,433,1,5,1
adaptive_memory,2022-12-21,2022-12-22,bear,719,3,434,1,5,1
adaptive_memory,2022-12-22,2022-12-23,bear,720,3,435,1,5,1
adaptive_memory,2022-12-23,2022-12-24,bear,721,3,436,1,5,1
adaptive_memory,2022-12-24,2022-12-25,bear,722,3,437,1,5,1
adaptive_memory,2022-12-25,2022-12-26,bear,723,3,438,1,5,1
adaptive_memory,2022-12-26,2022-12-27,bear,724,3,439,1,5,1
adaptive_memory,2022-12-27,2022-12-28,bear,725,3,440,1,5,1
adaptive_memory,2022-12-28,2022-12-29,bear,726,3,441,1,5,1
adaptive_memory,2022-12-29,2022-12-30,bear,727,3,442,1,5,1
adaptive_memory,2022-12-30,2022-12-31,bear,728,3,443,1,5,1
adaptive_memory,2022-12-31,2023-01-01,bear,729,3,444,1,5,1
adaptive_memory,2023-01-01,2023-01-02,mix,730,3,142,1,5,1
adaptive_memory,2023-01-02,2023-01-03,mix,731,3,143,1,5,1
adaptive_memory,2023-01-03,2023-01-04,mix,732,3,144,1,5,1
adaptive_memory,2023-01-04,2023-01-05,mix,733,3,145,1,5,1
adaptive_memory,2023-01-05,2023-01-06,mix,734,3,146,1,5,1
adaptive_memory,2023-01-06,2023-01-07,mix,735,3,147,1,5,1
adaptive_memory,2023-01-07,2023-01-08,mix,736,3,148,1,5,1
adaptive_memory,2023-01-08,2023-01-09,mix,737,3,149,1,5,1
adaptive_memory,2023-01-09,2023-01-10,mix,738,3,150,1,5,1
adaptive_memory,2023-01-10,2023-01-11,mix,739,3,151,1,5,1
adaptive_memory,2023-01-11,2023-01-12,mix,740,3,152,1,5,1
adaptive_memory,2023-01-12,2023-01-13,mix,741,3,153,1,5,1
adaptive_memory,2023-01-13,2023-01-14,mix,742,3,154,1,5,1
adaptive_memory,2023-01-14,2023-01-15,mix,743,3,155,1,5,1
adaptive_memory,2023-01-15,2023-01-16,bull,744,3,143,2,5,2
adaptive_memory,2023-01-16,2023-01-17,bull,745,3,144,2,5,2
adaptive_memory,2023-01-17,2023-01-18,bull,746,3,145,2,5,2
adaptive_memory,2023-01-18,2023-01-19,bull,747,3,146,2,5,2
adaptive_memory,2023-01-19,2023-01-20,bull,748,3,147,2,5,2
adaptive_memory,2023-01-20,2023-01-21,bull,749,3,148,2,5,2
adaptive_memory,2023-01-21,2023-01-22,bull,750,3,149,2,5,2
adaptive_memory,2023-01-22,2023-01-23,bull,751,3,150,2,5,2
adaptive_memory,2023-01-23,2023-01-24,bull,752,3,151,2,5,2
adaptive_memory,2023-01-24,2023-01-25,bull,753,3,152,2,5,2
adaptive_memory,2023-01-25,2023-01-26,bull,754,3,153,2,5,1
adaptive_memory,2023-01-26,2023-01-27,bull,755,3,154,2,5,1
adaptive_memory,2023-01-27,2023-01-28,bull,756,3,155,2,5,1
adaptive_memory,2023-01-28,2023-01-29,bull,757,3,156,2,5,1
adaptive_memory,2023-01-29,2023-01-30,bull,758,3,157,2,5,1
adaptive_memory,2023-01-30,2023-01-31,bull,759,3,158,2,5,1
adaptive_memory,2023-01-31,2023-02-01,bull,760,3,159,2,5,1
adaptive_memory,2023-02-01,2023-02-02,bull,761,3,160,2,5,1
adaptive_memory,2023-02-02,2023-02-03,bull,762,3,161,2,5,1
adaptive_memory,2023-02-03,2023-02-04,bull,763,3,162,2,5,1
adaptive_memory,2023-02-04,2023-02-05,bull,764,3,163,2,5,1
adaptive_memory,2023-02-05,2023-02-06,bull,765,3,164,2,5,1
adaptive_memory,2023-02-06,2023-02-07,bull,766,3,165,2,5,1
adaptive_memory,2023-02-07,2023-02-08,bull,767,3,166,2,5,1
adaptive_memory,2023-02-08,2023-02-09,bull,768,3,167,2,5,1
adaptive_memory,2023-02-09,2023-02-10,bull,769,3,168,2,5,2
adaptive_memory,2023-02-10,2023-02-11,bull,770,3,169,2,5,1
adaptive_memory,2023-02-11,2023-02-12,bull,771,3,170,2,5,2
adaptive_memory,2023-02-12,2023-02-13,bull,772,3,171,2,5,2
adaptive_memory,2023-02-13,2023-02-14,mix,773,3,156,1,5,1
adaptive_memory,2023-02-14,2023-02-15,mix,774,3,157,1,5,1
adaptive_memory,2023-02-15,2023-02-16,bull,775,3,172,2,5,1
adaptive_memory,2023-02-16,2023-02-17,bull,776,3,173,2,5,2
adaptive_memory,2023-02-17,2023-02-18,bull,777,3,174,2,5,2
adaptive_memory,2023-02-18,2023-02-19,bull,778,3,175,2,5,2
adaptive_memory,2023-02-19,2023-02-20,bull,779,3,176,2,5,2
adaptive_memory,2023-02-20,2023-02-21,bull,780,3,177,2,5,2
adaptive_memory,2023-02-21,2023-02-22,bull,781,3,178,2,5,2
adaptive_memory,2023-02-22,2023-02-23,bull,782,3,179,2,5,2
adaptive_memory,2023-02-23,2023-02-24,bull,783,3,180,2,5,2
adaptive_memory,2023-02-24,2023-02-25,bull,784,3,181,2,5,2
adaptive_memory,2023-02-25,2023-02-26,mix,785,3,158,1,5,1
adaptive_memory,2023-02-26,2023-02-27,mix,786,3,159,1,5,1
adaptive_memory,2023-02-27,2023-02-28,bull,787,3,182,2,5,1
adaptive_memory,2023-02-28,2023-03-01,bull,788,3,183,2,5,1
adaptive_memory,2023-03-01,2023-03-02,mix,789,3,160,1,5,1
adaptive_memory,2023-03-02,2023-03-03,bull,790,3,184,2,5,1
adaptive_memory,2023-03-03,2023-03-04,mix,791,3,161,1,5,1
adaptive_memory,2023-03-04,2023-03-05,mix,792,3,162,1,5,1
adaptive_memory,2023-03-05,2023-03-06,mix,793,3,163,1,5,1
adaptive_memory,2023-03-06,2023-03-07,mix,794,3,164,1,5,1
adaptive_memory,2023-03-07,2023-03-08,mix,795,3,165,1,5,1
adaptive_memory,2023-03-08,2023-03-09,mix,796,3,166,1,5,1
adaptive_memory,2023-03-09,2023-03-10,mix,797,3,167,1,5,1
adaptive_memory,2023-03-10,2023-03-11,mix,798,3,168,1,5,1
adaptive_memory,2023-03-11,2023-03-12,mix,799,3,169,1,5,1
adaptive_memory,2023-03-12,2023-03-13,mix,800,3,170,1,5,1
adaptive_memory,2023-03-13,2023-03-14,mix,801,3,171,1,5,1
adaptive_memory,2023-03-14,2023-03-15,mix,802,3,172,1,5,1
adaptive_memory,2023-03-15,2023-03-16,mix,803,3,173,1,5,1
adaptive_memory,2023-03-16,2023-03-17,mix,804,3,174,1,5,1
adaptive_memory,2023-03-17,2023-03-18,mix,805,3,175,1,5,1
adaptive_memory,2023-03-18,2023-03-19,bull,806,3,185,2,5,1
adaptive_memory,2023-03-19,2023-03-20,bull,807,3,186,2,5,1
adaptive_memory,2023-03-20,2023-03-21,bull,808,3,187,2,5,2
adaptive_memory,2023-03-21,2023-03-22,bull,809,3,188,2,5,1
adaptive_memory,2023-03-22,2023-03-23,bull,810,3,189,2,5,2
adaptive_memory,2023-03-23,2023-03-24,mix,811,3,176,1,5,1
adaptive_memory,2023-03-24,2023-03-25,bull,812,3,190,2,5,2
adaptive_memory,2023-03-25,2023-03-26,bull,813,3,191,2,5,1
adaptive_memory,2023-03-26,2023-03-27,bull,814,3,192,2,5,2
adaptive_memory,2023-03-27,2023-03-28,bull,815,3,193,2,5,2
adaptive_memory,2023-03-28,2023-03-29,bull,816,3,194,2,5,2
adaptive_memory,2023-03-29,2023-03-30,bull,817,3,195,2,5,2
adaptive_memory,2023-03-30,2023-03-31,bull,818,3,196,2,5,2
adaptive_memory,2023-03-31,2023-04-01,bull,819,3,197,2,5,2
adaptive_memory,2023-04-01,2023-04-02,bull,820,3,198,2,5,2
adaptive_memory,2023-04-02,2023-04-03,bull,821,3,199,2,5,2
adaptive_memory,2023-04-03,2023-04-04,bull,822,3,200,2,5,2
adaptive_memory,2023-04-04,2023-04-05,bull,823,3,201,2,5,2
adaptive_memory,2023-04-05,2023-04-06,bull,824,3,202,2,5,2
adaptive_memory,2023-04-06,2023-04-07,bull,825,3,203,2,5,2
adaptive_memory,2023-04-07,2023-04-08,bull,826,3,204,2,5,1
adaptive_memory,2023-04-08,2023-04-09,bull,827,3,205,2,5,2
adaptive_memory,2023-04-09,2023-04-10,bull,828,3,206,2,5,2
adaptive_memory,2023-04-10,2023-04-11,bull,829,3,207,2,5,2
adaptive_memory,2023-04-11,2023-04-12,bull,830,3,208,2,5,2
adaptive_memory,2023-04-12,2023-04-13,bull,831,3,209,2,5,1
adaptive_memory,2023-04-13,2023-04-14,bull,832,3,210,2,5,1
adaptive_memory,2023-04-14,2023-04-15,bull,833,3,211,2,5,1
adaptive_memory,2023-04-15,2023-04-16,bull,834,3,212,2,5,1
adaptive_memory,2023-04-16,2023-04-17,bull,835,3,213,2,5,2
adaptive_memory,2023-04-17,2023-04-18,bull,836,3,214,2,5,2
adaptive_memory,2023-04-18,2023-04-19,bull,837,3,215,2,5,2
adaptive_memory,2023-04-19,2023-04-20,bull,838,3,216,2,5,2
adaptive_memory,2023-04-20,2023-04-21,bull,839,3,217,2,5,2
adaptive_memory,2023-04-21,2023-04-22,bull,840,3,218,2,5,2
adaptive_memory,2023-04-22,2023-04-23,mix,841,3,177,1,5,1
adaptive_memory,2023-04-23,2023-04-24,bull,842,3,219,2,5,1
adaptive_memory,2023-04-24,2023-04-25,bull,843,3,220,2,5,1
adaptive_memory,2023-04-25,2023-04-26,mix,844,3,178,1,5,1
adaptive_memory,2023-04-26,2023-04-27,mix,845,3,179,1,5,1
adaptive_memory,2023-04-27,2023-04-28,bull,846,3,221,2,5,1
adaptive_memory,2023-04-28,2023-04-29,bull,847,3,222,2,5,2
adaptive_memory,2023-04-29,2023-04-30,bull,848,3,223,2,5,2
adaptive_memory,2023-04-30,2023-05-01,bull,849,3,224,2,5,2
adaptive_memory,2023-05-01,2023-05-02,bull,850,3,225,2,5,2
adaptive_memory,2023-05-02,2023-05-03,mix,851,3,180,1,5,1
adaptive_memory,2023-05-03,2023-05-04,mix,852,3,181,1,5,1
adaptive_memory,2023-05-04,2023-05-05,bull,853,3,226,2,5,2
adaptive_memory,2023-05-05,2023-05-06,bull,854,3,227,2,5,1
adaptive_memory,2023-05-06,2023-05-07,bull,855,3,228,2,5,2
adaptive_memory,2023-05-07,2023-05-08,bull,856,3,229,2,5,1
adaptive_memory,2023-05-08,2023-05-09,mix,857,3,182,1,5,1
adaptive_memory,2023-05-09,2023-05-10,mix,858,3,183,1,5,1
adaptive_memory,2023-05-10,2023-05-11,mix,859,3,184,1,5,1
adaptive_memory,2023-05-11,2023-05-12,mix,860,3,185,1,5,1
adaptive_memory,2023-05-12,2023-05-13,mix,861,3,186,1,5,1
adaptive_memory,2023-05-13,2023-05-14,mix,862,3,187,1,5,1
adaptive_memory,2023-05-14,2023-05-15,mix,863,3,188,1,5,1
adaptive_memory,2023-05-15,2023-05-16,mix,864,3,189,1,5,1
adaptive_memory,2023-05-16,2023-05-17,mix,865,3,190,1,5,1
adaptive_memory,2023-05-17,2023-05-18,mix,866,3,191,1,5,1
adaptive_memory,2023-05-18,2023-05-19,mix,867,3,192,1,5,1
adaptive_memory,2023-05-19,2023-05-20,mix,868,3,193,1,5,1
adaptive_memory,2023-05-20,2023-05-21,mix,869,3,194,1,5,1
adaptive_memory,2023-05-21,2023-05-22,mix,870,3,195,1,5,1
adaptive_memory,2023-05-22,2023-05-23,mix,871,3,196,1,5,1
adaptive_memory,2023-05-23,2023-05-24,mix,872,3,197,1,5,1
adaptive_memory,2023-05-24,2023-05-25,mix,873,3,198,1,5,1
adaptive_memory,2023-05-25,2023-05-26,mix,874,3,199,1,5,1
adaptive_memory,2023-05-26,2023-05-27,mix,875,3,200,1,5,1
adaptive_memory,2023-05-27,2023-05-28,mix,876,3,201,1,5,1
adaptive_memory,2023-05-28,2023-05-29,mix,877,3,202,1,5,1
adaptive_memory,2023-05-29,2023-05-30,mix,878,3,203,1,5,1
adaptive_memory,2023-05-30,2023-05-31,mix,879,3,204,1,5,1
adaptive_memory,2023-05-31,2023-06-01,mix,880,3,205,1,5,1
adaptive_memory,2023-06-01,2023-06-02,mix,881,3,206,1,5,1
adaptive_memory,2023-06-02,2023-06-03,mix,882,3,207,1,5,1
adaptive_memory,2023-06-03,2023-06-04,mix,883,3,208,1,5,1
adaptive_memory,2023-06-04,2023-06-05,mix,884,3,209,1,5,1
adaptive_memory,2023-06-05,2023-06-06,mix,885,3,210,1,5,1
adaptive_memory,2023-06-06,2023-06-07,mix,886,3,211,1,5,1
adaptive_memory,2023-06-07,2023-06-08,mix,887,3,212,1,5,1
adaptive_memory,2023-06-08,2023-06-09,mix,888,3,213,1,5,1
adaptive_memory,2023-06-09,2023-06-10,mix,889,3,214,1,5,1
adaptive_memory,2023-06-10,2023-06-11,mix,890,3,215,1,5,1
adaptive_memory,2023-06-11,2023-06-12,mix,891,3,216,1,5,1
adaptive_memory,2023-06-12,2023-06-13,mix,892,3,217,1,5,1
adaptive_memory,2023-06-13,2023-06-14,mix,893,3,218,1,5,1
adaptive_memory,2023-06-14,2023-06-15,mix,894,3,219,1,5,1
adaptive_memory,2023-06-15,2023-06-16,mix,895,3,220,1,5,1
adaptive_memory,2023-06-16,2023-06-17,mix,896,3,221,1,5,1
adaptive_memory,2023-06-17,2023-06-18,mix,897,3,222,1,5,1
adaptive_memory,2023-06-18,2023-06-19,mix,898,3,223,1,5,1
adaptive_memory,2023-06-19,2023-06-20,mix,899,3,224,1,5,1
adaptive_memory,2023-06-20,2023-06-21,mix,900,3,225,1,5,1
adaptive_memory,2023-06-21,2023-06-22,mix,901,3,226,1,5,1
adaptive_memory,2023-06-22,2023-06-23,mix,902,3,227,1,5,1
adaptive_memory,2023-06-23,2023-06-24,mix,903,3,228,1,5,1
adaptive_memory,2023-06-24,2023-06-25,bull,904,3,230,2,5,2
adaptive_memory,2023-06-25,2023-06-26,bull,905,3,231,2,5,2
adaptive_memory,2023-06-26,2023-06-27,bull,906,3,232,2,5,1
adaptive_memory,2023-06-27,2023-06-28,mix,907,3,229,1,5,1
adaptive_memory,2023-06-28,2023-06-29,mix,908,3,230,1,5,1
adaptive_memory,2023-06-29,2023-06-30,mix,909,3,231,1,5,1
adaptive_memory,2023-06-30,2023-07-01,bull,910,3,233,2,5,1
adaptive_memory,2023-07-01,2023-07-02,bull,911,3,234,2,5,2
adaptive_memory,2023-07-02,2023-07-03,bull,912,3,235,2,5,2
adaptive_memory,2023-07-03,2023-07-04,bull,913,3,236,2,5,2
adaptive_memory,2023-07-04,2023-07-05,bull,914,3,237,2,5,2
adaptive_memory,2023-07-05,2023-07-06,bull,915,3,238,2,5,2
adaptive_memory,2023-07-06,2023-07-07,bull,916,3,239,2,5,1
adaptive_memory,2023-07-07,2023-07-08,bull,917,3,240,2,5,2
adaptive_memory,2023-07-08,2023-07-09,bull,918,3,241,2,5,1
adaptive_memory,2023-07-09,2023-07-10,bull,919,3,242,2,5,1
adaptive_memory,2023-07-10,2023-07-11,bull,920,3,243,2,5,1
adaptive_memory,2023-07-11,2023-07-12,bull,921,3,244,2,5,1
adaptive_memory,2023-07-12,2023-07-13,bull,922,3,245,2,5,1
adaptive_memory,2023-07-13,2023-07-14,bull,923,3,246,2,5,2
adaptive_memory,2023-07-14,2023-07-15,bull,924,3,247,2,5,1
adaptive_memory,2023-07-15,2023-07-16,bull,925,3,248,2,5,1
adaptive_memory,2023-07-16,2023-07-17,bull,926,3,249,2,5,2
adaptive_memory,2023-07-17,2023-07-18,bull,927,3,250,2,5,2
adaptive_memory,2023-07-18,2023-07-19,mix,928,3,232,1,5,1
adaptive_memory,2023-07-19,2023-07-20,mix,929,3,233,1,5,1
adaptive_memory,2023-07-20,2023-07-21,mix,930,3,234,1,5,1
adaptive_memory,2023-07-21,2023-07-22,mix,931,3,235,1,5,1
adaptive_memory,2023-07-22,2023-07-23,mix,932,3,236,1,5,1
adaptive_memory,2023-07-23,2023-07-24,mix,933,3,237,1,5,1
adaptive_memory,2023-07-24,2023-07-25,mix,934,3,238,1,5,1
adaptive_memory,2023-07-25,2023-07-26,mix,935,3,239,1,5,1
adaptive_memory,2023-07-26,2023-07-27,mix,936,3,240,1,5,1
adaptive_memory,2023-07-27,2023-07-28,mix,937,3,241,1,5,1
adaptive_memory,2023-07-28,2023-07-29,mix,938,3,242,1,5,1
adaptive_memory,2023-07-29,2023-07-30,mix,939,3,243,1,5,1
adaptive_memory,2023-07-30,2023-07-31,mix,940,3,244,1,5,1
adaptive_memory,2023-07-31,2023-08-01,mix,941,3,245,1,5,1
adaptive_memory,2023-08-01,2023-08-02,mix,942,3,246,1,5,1
adaptive_memory,2023-08-02,2023-08-03,mix,943,3,247,1,5,1
adaptive_memory,2023-08-03,2023-08-04,mix,944,3,248,1,5,1
adaptive_memory,2023-08-04,2023-08-05,mix,945,3,249,1,5,1
adaptive_memory,2023-08-05,2023-08-06,mix,946,3,250,1,5,1
adaptive_memory,2023-08-06,2023-08-07,mix,947,3,251,1,5,1
adaptive_memory,2023-08-07,2023-08-08,mix,948,3,252,1,5,1
adaptive_memory,2023-08-08,2023-08-09,mix,949,3,253,1,5,1
adaptive_memory,2023-08-09,2023-08-10,mix,950,3,254,1,5,1
adaptive_memory,2023-08-10,2023-08-11,mix,951,3,255,1,5,1
adaptive_memory,2023-08-11,2023-08-12,mix,952,3,256,1,5,1
adaptive_memory,2023-08-12,2023-08-13,mix,953,3,257,1,5,1
adaptive_memory,2023-08-13,2023-08-14,mix,954,3,258,1,5,1
adaptive_memory,2023-08-14,2023-08-15,mix,955,3,259,1,5,1
adaptive_memory,2023-08-15,2023-08-16,mix,956,3,260,1,5,1
adaptive_memory,2023-08-16,2023-08-17,mix,957,3,261,1,5,1
adaptive_memory,2023-08-17,2023-08-18,mix,958,3,262,1,5,1
adaptive_memory,2023-08-18,2023-08-19,mix,959,3,263,1,5,1
adaptive_memory,2023-08-19,2023-08-20,mix,960,3,264,1,5,1
adaptive_memory,2023-08-20,2023-08-21,mix,961,3,265,1,5,1
adaptive_memory,2023-08-21,2023-08-22,mix,962,3,266,1,5,1
adaptive_memory,2023-08-22,2023-08-23,mix,963,3,267,1,5,1
adaptive_memory,2023-08-23,2023-08-24,mix,964,3,268,1,5,1
adaptive_memory,2023-08-24,2023-08-25,mix,965,3,269,1,5,1
adaptive_memory,2023-08-25,2023-08-26,mix,966,3,270,1,5,1
adaptive_memory,2023-08-26,2023-08-27,mix,967,3,271,1,5,1
adaptive_memory,2023-08-27,2023-08-28,mix,968,3,272,1,5,1
adaptive_memory,2023-08-28,2023-08-29,mix,969,3,273,1,5,1
adaptive_memory,2023-08-29,2023-08-30,mix,970,3,274,1,5,1
adaptive_memory,2023-08-30,2023-08-31,mix,971,3,275,1,5,1
adaptive_memory,2023-08-31,2023-09-01,mix,972,3,276,1,5,1
adaptive_memory,2023-09-01,2023-09-02,mix,973,3,277,1,5,1
adaptive_memory,2023-09-02,2023-09-03,mix,974,3,278,1,5,1
adaptive_memory,2023-09-03,2023-09-04,mix,975,3,279,1,5,1
adaptive_memory,2023-09-04,2023-09-05,mix,976,3,280,1,5,1
adaptive_memory,2023-09-05,2023-09-06,mix,977,3,281,1,5,1
adaptive_memory,2023-09-06,2023-09-07,mix,978,3,282,1,5,1
adaptive_memory,2023-09-07,2023-09-08,mix,979,3,283,1,5,1
adaptive_memory,2023-09-08,2023-09-09,mix,980,3,284,1,5,1
adaptive_memory,2023-09-09,2023-09-10,mix,981,3,285,1,5,1
adaptive_memory,2023-09-10,2023-09-11,mix,982,3,286,1,5,1
adaptive_memory,2023-09-11,2023-09-12,mix,983,3,287,1,5,1
adaptive_memory,2023-09-12,2023-09-13,mix,984,3,288,1,5,1
adaptive_memory,2023-09-13,2023-09-14,mix,985,3,289,1,5,1
adaptive_memory,2023-09-14,2023-09-15,mix,986,3,290,1,5,1
adaptive_memory,2023-09-15,2023-09-16,mix,987,3,291,1,5,1
adaptive_memory,2023-09-16,2023-09-17,mix,988,3,292,1,5,1
adaptive_memory,2023-09-17,2023-09-18,mix,989,3,293,1,5,1
adaptive_memory,2023-09-18,2023-09-19,mix,990,3,294,1,5,1
adaptive_memory,2023-09-19,2023-09-20,mix,991,3,295,1,5,1
adaptive_memory,2023-09-20,2023-09-21,mix,992,3,296,1,5,1
adaptive_memory,2023-09-21,2023-09-22,mix,993,3,297,1,5,1
adaptive_memory,2023-09-22,2023-09-23,mix,994,3,298,1,5,1
adaptive_memory,2023-09-23,2023-09-24,mix,995,3,299,1,5,1
adaptive_memory,2023-09-24,2023-09-25,mix,996,3,300,1,5,1
adaptive_memory,2023-09-25,2023-09-26,mix,997,3,301,1,5,1
adaptive_memory,2023-09-26,2023-09-27,mix,998,3,302,1,5,1
adaptive_memory,2023-09-27,2023-09-28,mix,999,3,303,1,5,1
adaptive_memory,2023-09-28,2023-09-29,mix,1000,3,304,1,5,1
adaptive_memory,2023-09-29,2023-09-30,mix,1001,3,305,1,5,1
adaptive_memory,2023-09-30,2023-10-01,mix,1002,3,306,1,5,1
adaptive_memory,2023-10-01,2023-10-02,mix,1003,3,307,1,5,1
adaptive_memory,2023-10-02,2023-10-03,mix,1004,3,308,1,5,1
adaptive_memory,2023-10-03,2023-10-04,mix,1005,3,309,1,5,1
adaptive_memory,2023-10-04,2023-10-05,mix,1006,3,310,1,5,1
adaptive_memory,2023-10-05,2023-10-06,mix,1007,3,311,1,5,1
adaptive_memory,2023-10-06,2023-10-07,mix,1008,3,312,1,5,1
adaptive_memory,2023-10-07,2023-10-08,mix,1009,3,313,1,5,1
adaptive_memory,2023-10-08,2023-10-09,mix,1010,3,314,1,5,1
adaptive_memory,2023-10-09,2023-10-10,mix,1011,3,315,1,5,1
adaptive_memory,2023-10-10,2023-10-11,mix,1012,3,316,1,5,1
adaptive_memory,2023-10-11,2023-10-12,mix,1013,3,317,1,5,1
adaptive_memory,2023-10-12,2023-10-13,mix,1014,3,318,1,5,1
adaptive_memory,2023-10-13,2023-10-14,mix,1015,3,319,1,5,1
adaptive_memory,2023-10-14,2023-10-15,mix,1016,3,320,1,5,1
adaptive_memory,2023-10-15,2023-10-16,mix,1017,3,321,1,5,1
adaptive_memory,2023-10-16,2023-10-17,mix,1018,3,322,1,5,1
adaptive_memory,2023-10-17,2023-10-18,mix,1019,3,323,1,5,1
adaptive_memory,2023-10-18,2023-10-19,bull,1020,3,251,2,5,1
adaptive_memory,2023-10-19,2023-10-20,mix,1021,3,324,1,5,1
adaptive_memory,2023-10-20,2023-10-21,mix,1022,3,325,1,5,1
adaptive_memory,2023-10-21,2023-10-22,bull,1023,3,252,2,5,2
adaptive_memory,2023-10-22,2023-10-23,bull,1024,3,253,2,5,1
adaptive_memory,2023-10-23,2023-10-24,bull,1025,3,254,2,5,1
adaptive_memory,2023-10-24,2023-10-25,bull,1026,3,255,2,5,2
adaptive_memory,2023-10-25,2023-10-26,bull,1027,3,256,2,5,1
adaptive_memory,2023-10-26,2023-10-27,bull,1028,3,257,2,5,1
adaptive_memory,2023-10-27,2023-10-28,bull,1029,3,258,2,5,2
adaptive_memory,2023-10-28,2023-10-29,bull,1030,3,259,2,5,2
adaptive_memory,2023-10-29,2023-10-30,bull,1031,3,260,2,5,1
adaptive_memory,2023-10-30,2023-10-31,bull,1032,3,261,2,5,1
adaptive_memory,2023-10-31,2023-11-01,bull,1033,3,262,2,5,2
adaptive_memory,2023-11-01,2023-11-02,bull,1034,3,263,2,5,1
adaptive_memory,2023-11-02,2023-11-03,bull,1035,3,264,2,5,1
adaptive_memory,2023-11-03,2023-11-04,bull,1036,3,265,2,5,1
adaptive_memory,2023-11-04,2023-11-05,bull,1037,3,266,2,5,1
adaptive_memory,2023-11-05,2023-11-06,bull,1038,3,267,2,5,1
adaptive_memory,2023-11-06,2023-11-07,bull,1039,3,268,2,5,1
adaptive_memory,2023-11-07,2023-11-08,bull,1040,3,269,2,5,1
adaptive_memory,2023-11-08,2023-11-09,bull,1041,3,270,2,5,1
adaptive_memory,2023-11-09,2023-11-10,bull,1042,3,271,2,5,1
adaptive_memory,2023-11-10,2023-11-11,bull,1043,3,272,2,5,1
adaptive_memory,2023-11-11,2023-11-12,bull,1044,3,273,2,5,1
adaptive_memory,2023-11-12,2023-11-13,bull,1045,3,274,2,5,1
adaptive_memory,2023-11-13,2023-11-14,bull,1046,3,275,2,5,1
adaptive_memory,2023-11-14,2023-11-15,bull,1047,3,276,2,5,1
adaptive_memory,2023-11-15,2023-11-16,bull,1048,3,277,2,5,1
adaptive_memory,2023-11-16,2023-11-17,bull,1049,3,278,2,5,2
adaptive_memory,2023-11-17,2023-11-18,bull,1050,3,279,2,5,1
adaptive_memory,2023-11-18,2023-11-19,bull,1051,3,280,2,5,1
adaptive_memory,2023-11-19,2023-11-20,bull,1052,3,281,2,5,1
adaptive_memory,2023-11-20,2023-11-21,bull,1053,3,282,2,5,1
adaptive_memory,2023-11-21,2023-11-22,bull,1054,3,283,2,5,2
adaptive_memory,2023-11-22,2023-11-23,bull,1055,3,284,2,5,1
adaptive_memory,2023-11-23,2023-11-24,bull,1056,3,285,2,5,1
adaptive_memory,2023-11-24,2023-11-25,bull,1057,3,286,2,5,1
adaptive_memory,2023-11-25,2023-11-26,bull,1058,3,287,2,5,1
adaptive_memory,2023-11-26,2023-11-27,bull,1059,3,288,2,5,1
adaptive_memory,2023-11-27,2023-11-28,bull,1060,3,289,2,5,1
adaptive_memory,2023-11-28,2023-11-29,bull,1061,3,290,2,5,1
adaptive_memory,2023-11-29,2023-11-30,bull,1062,3,291,2,5,1
adaptive_memory,2023-11-30,2023-12-01,bull,1063,3,292,2,5,1
adaptive_memory,2023-12-01,2023-12-02,bull,1064,3,293,2,5,1
adaptive_memory,2023-12-02,2023-12-03,bull,1065,3,294,2,5,1
adaptive_memory,2023-12-03,2023-12-04,bull,1066,3,295,2,5,1
adaptive_memory,2023-12-04,2023-12-05,bull,1067,3,296,2,5,1
adaptive_memory,2023-12-05,2023-12-06,bull,1068,3,297,2,5,1
adaptive_memory,2023-12-06,2023-12-07,bull,1069,3,298,2,5,1
adaptive_memory,2023-12-07,2023-12-08,bull,1070,3,299,2,5,1
adaptive_memory,2023-12-08,2023-12-09,bull,1071,3,300,2,5,1
adaptive_memory,2023-12-09,2023-12-10,bull,1072,3,301,2,5,1
adaptive_memory,2023-12-10,2023-12-11,bull,1073,3,302,2,5,1
adaptive_memory,2023-12-11,2023-12-12,bull,1074,3,303,2,5,2
adaptive_memory,2023-12-12,2023-12-13,bull,1075,3,304,2,5,2
adaptive_memory,2023-12-13,2023-12-14,bull,1076,3,305,2,5,2
adaptive_memory,2023-12-14,2023-12-15,bull,1077,3,306,2,5,1
adaptive_memory,2023-12-15,2023-12-16,bull,1078,3,307,2,5,1
adaptive_memory,2023-12-16,2023-12-17,bull,1079,3,308,2,5,1
adaptive_memory,2023-12-17,2023-12-18,bull,1080,3,309,2,5,1
adaptive_memory,2023-12-18,2023-12-19,bull,1081,3,310,2,5,1
adaptive_memory,2023-12-19,2023-12-20,bull,1082,3,311,2,5,1
adaptive_memory,2023-12-20,2023-12-21,bull,1083,3,312,2,5,1
adaptive_memory,2023-12-21,2023-12-22,bull,1084,3,313,2,5,1
adaptive_memory,2023-12-22,2023-12-23,bull,1085,3,314,2,5,1
adaptive_memory,2023-12-23,2023-12-24,bull,1086,3,315,2,5,1
adaptive_memory,2023-12-24,2023-12-25,bull,1087,3,316,2,5,1
adaptive_memory,2023-12-25,2023-12-26,bull,1088,3,317,2,5,1
adaptive_memory,2023-12-26,2023-12-27,bull,1089,3,318,2,5,1
adaptive_memory,2023-12-27,2023-12-28,bull,1090,3,319,2,5,1
adaptive_memory,2023-12-28,2023-12-29,bull,1091,3,320,2,5,1
adaptive_memory,2023-12-29,2023-12-30,bull,1092,3,321,2,5,1
adaptive_memory,2023-12-30,2023-12-31,bull,1093,3,322,2,5,1
adaptive_memory,2023-12-31,2024-01-01,bull,1094,3,323,2,5,1
adaptive_memory,2024-01-01,2024-01-02,bull,1095,3,324,2,5,1
adaptive_memory,2024-01-02,2024-01-03,bull,1096,3,325,2,5,1
adaptive_memory,2024-01-03,2024-01-04,bull,1097,3,326,2,5,1
adaptive_memory,2024-01-04,2024-01-05,bull,1098,3,327,2,5,2
adaptive_memory,2024-01-05,2024-01-06,bull,1099,3,328,2,5,2
adaptive_memory,2024-01-06,2024-01-07,bull,1100,3,329,2,5,2
adaptive_memory,2024-01-07,2024-01-08,bull,1101,3,330,2,5,2
adaptive_memory,2024-01-08,2024-01-09,bull,1102,3,331,2,5,1
adaptive_memory,2024-01-09,2024-01-10,bull,1103,3,332,2,5,1
adaptive_memory,2024-01-10,2024-01-11,bull,1104,3,333,2,5,1
adaptive_memory,2024-01-11,2024-01-12,bull,1105,3,334,2,5,1
adaptive_memory,2024-01-12,2024-01-13,bull,1106,3,335,2,5,2
adaptive_memory,2024-01-13,2024-01-14,bull,1107,3,336,2,5,2
adaptive_memory,2024-01-14,2024-01-15,mix,1108,3,326,1,5,1
adaptive_memory,2024-01-15,2024-01-16,bull,1109,3,337,2,5,1
adaptive_memory,2024-01-16,2024-01-17,bull,1110,3,338,2,5,2
adaptive_memory,2024-01-17,2024-01-18,bull,1111,3,339,2,5,1
adaptive_memory,2024-01-18,2024-01-19,mix,1112,3,327,1,5,1
adaptive_memory,2024-01-19,2024-01-20,mix,1113,3,328,1,5,1
adaptive_memory,2024-01-20,2024-01-21,mix,1114,3,329,1,5,1
adaptive_memory,2024-01-21,2024-01-22,mix,1115,3,330,1,5,1
adaptive_memory,2024-01-22,2024-01-23,mix,1116,3,331,1,5,1
adaptive_memory,2024-01-23,2024-01-24,mix,1117,3,332,1,5,1
adaptive_memory,2024-01-24,2024-01-25,mix,1118,3,333,1,5,1
adaptive_memory,2024-01-25,2024-01-26,mix,1119,3,334,1,5,1
adaptive_memory,2024-01-26,2024-01-27,mix,1120,3,335,1,5,1
adaptive_memory,2024-01-27,2024-01-28,mix,1121,3,336,1,5,1
adaptive_memory,2024-01-28,2024-01-29,mix,1122,3,337,1,5,1
adaptive_memory,2024-01-29,2024-01-30,mix,1123,3,338,1,5,1
adaptive_memory,2024-01-30,2024-01-31,mix,1124,3,339,1,5,1
adaptive_memory,2024-01-31,2024-02-01,mix,1125,3,340,1,5,1
adaptive_memory,2024-02-01,2024-02-02,mix,1126,3,341,1,5,1
adaptive_memory,2024-02-02,2024-02-03,mix,1127,3,342,1,5,1
adaptive_memory,2024-02-03,2024-02-04,mix,1128,3,343,1,5,1
adaptive_memory,2024-02-04,2024-02-05,mix,1129,3,344,1,5,1
adaptive_memory,2024-02-05,2024-02-06,mix,1130,3,345,1,5,1
adaptive_memory,2024-02-06,2024-02-07,mix,1131,3,346,1,5,1
adaptive_memory,2024-02-07,2024-02-08,mix,1132,3,347,1,5,1
adaptive_memory,2024-02-08,2024-02-09,bull,1133,3,340,2,5,2
adaptive_memory,2024-02-09,2024-02-10,bull,1134,3,341,2,5,2
adaptive_memory,2024-02-10,2024-02-11,bull,1135,3,342,2,5,2
adaptive_memory,2024-02-11,2024-02-12,bull,1136,3,343,2,5,1
adaptive_memory,2024-02-12,2024-02-13,bull,1137,3,344,2,5,1
adaptive_memory,2024-02-13,2024-02-14,bull,1138,3,345,2,5,1
adaptive_memory,2024-02-14,2024-02-15,bull,1139,3,346,2,5,1
adaptive_memory,2024-02-15,2024-02-16,bull,1140,3,347,2,5,1
adaptive_memory,2024-02-16,2024-02-17,bull,1141,3,348,2,5,1
adaptive_memory,2024-02-17,2024-02-18,bull,1142,3,349,2,5,1
adaptive_memory,2024-02-18,2024-02-19,bull,1143,3,350,2,5,1
adaptive_memory,2024-02-19,2024-02-20,bull,1144,3,351,2,5,1
adaptive_memory,2024-02-20,2024-02-21,bull,1145,3,352,2,5,1
adaptive_memory,2024-02-21,2024-02-22,bull,1146,3,353,2,5,1
adaptive_memory,2024-02-22,2024-02-23,bull,1147,3,354,2,5,1
adaptive_memory,2024-02-23,2024-02-24,bull,1148,3,355,2,5,1
adaptive_memory,2024-02-24,2024-02-25,bull,1149,3,356,2,5,1
adaptive_memory,2024-02-25,2024-02-26,bull,1150,3,357,2,5,1
adaptive_memory,2024-02-26,2024-02-27,bull,1151,3,358,2,5,1
adaptive_memory,2024-02-27,2024-02-28,bull,1152,3,359,2,5,1
adaptive_memory,2024-02-28,2024-02-29,bull,1153,3,360,2,5,1
adaptive_memory,2024-02-29,2024-03-01,bull,1154,3,361,2,5,1
adaptive_memory,2024-03-01,2024-03-02,bull,1155,3,362,2,5,1
adaptive_memory,2024-03-02,2024-03-03,bull,1156,3,363,2,5,1
adaptive_memory,2024-03-03,2024-03-04,bull,1157,3,364,2,5,1
adaptive_memory,2024-03-04,2024-03-05,bull,1158,3,365,2,5,1
adaptive_memory,2024-03-05,2024-03-06,bull,1159,3,366,2,5,2
adaptive_memory,2024-03-06,2024-03-07,bull,1160,3,367,2,5,2
adaptive_memory,2024-03-07,2024-03-08,bull,1161,3,368,2,5,2
adaptive_memory,2024-03-08,2024-03-09,bull,1162,3,369,2,5,2
adaptive_memory,2024-03-09,2024-03-10,bull,1163,3,370,2,5,2
adaptive_memory,2024-03-10,2024-03-11,bull,1164,3,371,2,5,2
adaptive_memory,2024-03-11,2024-03-12,bull,1165,3,372,2,5,2
adaptive_memory,2024-03-12,2024-03-13,bull,1166,3,373,2,5,1
adaptive_memory,2024-03-13,2024-03-14,bull,1167,3,374,2,5,1
adaptive_memory,2024-03-14,2024-03-15,bull,1168,3,375,2,5,2
adaptive_memory,2024-03-15,2024-03-16,bull,1169,3,376,2,5,2
adaptive_memory,2024-03-16,2024-03-17,bull,1170,3,377,2,5,2
adaptive_memory,2024-03-17,2024-03-18,bull,1171,3,378,2,5,2
adaptive_memory,2024-03-18,2024-03-19,bull,1172,3,379,2,5,2
adaptive_memory,2024-03-19,2024-03-20,bull,1173,3,380,2,5,2
adaptive_memory,2024-03-20,2024-03-21,bull,1174,3,381,2,5,2
adaptive_memory,2024-03-21,2024-03-22,bull,1175,3,382,2,5,2
adaptive_memory,2024-03-22,2024-03-23,bull,1176,3,383,2,5,1
adaptive_memory,2024-03-23,2024-03-24,bull,1177,3,384,2,5,2
adaptive_memory,2024-03-24,2024-03-25,bull,1178,3,385,2,5,2
adaptive_memory,2024-03-25,2024-03-26,bull,1179,3,386,2,5,2
adaptive_memory,2024-03-26,2024-03-27,bull,1180,3,387,2,5,2
adaptive_memory,2024-03-27,2024-03-28,bull,1181,3,388,2,5,2
adaptive_memory,2024-03-28,2024-03-29,bull,1182,3,389,2,5,1
adaptive_memory,2024-03-29,2024-03-30,bull,1183,3,390,2,5,1
adaptive_memory,2024-03-30,2024-03-31,bull,1184,3,391,2,5,1
adaptive_memory,2024-03-31,2024-04-01,bull,1185,3,392,2,5,1
adaptive_memory,2024-04-01,2024-04-02,bull,1186,3,393,2,5,1
adaptive_memory,2024-04-02,2024-04-03,bull,1187,3,394,2,5,1
adaptive_memory,2024-04-03,2024-04-04,bull,1188,3,395,2,5,2
adaptive_memory,2024-04-04,2024-04-05,bull,1189,3,396,2,5,2
adaptive_memory,2024-04-05,2024-04-06,bull,1190,3,397,2,5,2
adaptive_memory,2024-04-06,2024-04-07,bull,1191,3,398,2,5,2
adaptive_memory,2024-04-07,2024-04-08,bull,1192,3,399,2,5,2
adaptive_memory,2024-04-08,2024-04-09,bull,1193,3,400,2,5,2
adaptive_memory,2024-04-09,2024-04-10,bull,1194,3,401,2,5,2
adaptive_memory,2024-04-10,2024-04-11,bull,1195,3,402,2,5,2
adaptive_memory,2024-04-11,2024-04-12,bull,1196,3,403,2,5,2
adaptive_memory,2024-04-12,2024-04-13,mix,1197,3,348,1,5,1
adaptive_memory,2024-04-13,2024-04-14,mix,1198,3,349,1,5,1
adaptive_memory,2024-04-14,2024-04-15,mix,1199,3,350,1,5,1
adaptive_memory,2024-04-15,2024-04-16,mix,1200,3,351,1,5,1
adaptive_memory,2024-04-16,2024-04-17,mix,1201,3,352,1,5,1
adaptive_memory,2024-04-17,2024-04-18,mix,1202,3,353,1,5,1
adaptive_memory,2024-04-18,2024-04-19,mix,1203,3,354,1,5,1
adaptive_memory,2024-04-19,2024-04-20,mix,1204,3,355,1,5,1
adaptive_memory,2024-04-20,2024-04-21,bull,1205,3,404,2,5,2
adaptive_memory,2024-04-21,2024-04-22,bull,1206,3,405,2,5,1
adaptive_memory,2024-04-22,2024-04-23,bull,1207,3,406,2,5,2
adaptive_memory,2024-04-23,2024-04-24,bull,1208,3,407,2,5,1
adaptive_memory,2024-04-24,2024-04-25,mix,1209,3,356,1,5,1
adaptive_memory,2024-04-25,2024-04-26,mix,1210,3,357,1,5,1
adaptive_memory,2024-04-26,2024-04-27,mix,1211,3,358,1,5,1
adaptive_memory,2024-04-27,2024-04-28,mix,1212,3,359,1,5,1
adaptive_memory,2024-04-28,2024-04-29,mix,1213,3,360,1,5,1
adaptive_memory,2024-04-29,2024-04-30,mix,1214,3,361,1,5,1
adaptive_memory,2024-04-30,2024-05-01,mix,1215,3,362,1,5,1
adaptive_memory,2024-05-01,2024-05-02,mix,1216,3,363,1,5,1
adaptive_memory,2024-05-02,2024-05-03,mix,1217,3,364,1,5,1
adaptive_memory,2024-05-03,2024-05-04,mix,1218,3,365,1,5,1
adaptive_memory,2024-05-04,2024-05-05,mix,1219,3,366,1,5,1
adaptive_memory,2024-05-05,2024-05-06,mix,1220,3,367,1,5,1
adaptive_memory,2024-05-06,2024-05-07,mix,1221,3,368,1,5,1
adaptive_memory,2024-05-07,2024-05-08,mix,1222,3,369,1,5,1
adaptive_memory,2024-05-08,2024-05-09,mix,1223,3,370,1,5,1
adaptive_memory,2024-05-09,2024-05-10,mix,1224,3,371,1,5,1
adaptive_memory,2024-05-10,2024-05-11,mix,1225,3,372,1,5,1
adaptive_memory,2024-05-11,2024-05-12,mix,1226,3,373,1,5,1
adaptive_memory,2024-05-12,2024-05-13,mix,1227,3,374,1,5,1
adaptive_memory,2024-05-13,2024-05-14,mix,1228,3,375,1,5,1
adaptive_memory,2024-05-14,2024-05-15,mix,1229,3,376,1,5,1
adaptive_memory,2024-05-15,2024-05-16,mix,1230,3,377,1,5,1
adaptive_memory,2024-05-16,2024-05-17,mix,1231,3,378,1,5,1
adaptive_memory,2024-05-17,2024-05-18,mix,1232,3,379,1,5,1
adaptive_memory,2024-05-18,2024-05-19,mix,1233,3,380,1,5,1
adaptive_memory,2024-05-19,2024-05-20,mix,1234,3,381,1,5,1
adaptive_memory,2024-05-20,2024-05-21,mix,1235,3,382,1,5,1
adaptive_memory,2024-05-21,2024-05-22,mix,1236,3,383,1,5,1
adaptive_memory,2024-05-22,2024-05-23,mix,1237,3,384,1,5,1
adaptive_memory,2024-05-23,2024-05-24,mix,1238,3,385,1,5,1
adaptive_memory,2024-05-24,2024-05-25,mix,1239,3,386,1,5,1
adaptive_memory,2024-05-25,2024-05-26,mix,1240,3,387,1,5,1
adaptive_memory,2024-05-26,2024-05-27,mix,1241,3,388,1,5,1
adaptive_memory,2024-05-27,2024-05-28,mix,1242,3,389,1,5,1
adaptive_memory,2024-05-28,2024-05-29,mix,1243,3,390,1,5,1
adaptive_memory,2024-05-29,2024-05-30,mix,1244,3,391,1,5,1
adaptive_memory,2024-05-30,2024-05-31,mix,1245,3,392,1,5,1
adaptive_memory,2024-05-31,2024-06-01,mix,1246,3,393,1,5,1
adaptive_memory,2024-06-01,2024-06-02,mix,1247,3,394,1,5,1
adaptive_memory,2024-06-02,2024-06-03,mix,1248,3,395,1,5,1
adaptive_memory,2024-06-03,2024-06-04,mix,1249,3,396,1,5,1
adaptive_memory,2024-06-04,2024-06-05,mix,1250,3,397,1,5,1
adaptive_memory,2024-06-05,2024-06-06,mix,1251,3,398,1,5,1
adaptive_memory,2024-06-06,2024-06-07,mix,1252,3,399,1,5,1
adaptive_memory,2024-06-07,2024-06-08,mix,1253,3,400,1,5,1
adaptive_memory,2024-06-08,2024-06-09,mix,1254,3,401,1,5,1
adaptive_memory,2024-06-09,2024-06-10,mix,1255,3,402,1,5,1
adaptive_memory,2024-06-10,2024-06-11,mix,1256,3,403,1,5,1
adaptive_memory,2024-06-11,2024-06-12,mix,1257,3,404,1,5,1
adaptive_memory,2024-06-12,2024-06-13,mix,1258,3,405,1,5,1
adaptive_memory,2024-06-13,2024-06-14,mix,1259,3,406,1,5,1
adaptive_memory,2024-06-14,2024-06-15,mix,1260,3,407,1,5,1
adaptive_memory,2024-06-15,2024-06-16,mix,1261,3,408,1,5,1
adaptive_memory,2024-06-16,2024-06-17,mix,1262,3,409,1,5,1
adaptive_memory,2024-06-17,2024-06-18,mix,1263,3,410,1,5,1
adaptive_memory,2024-06-18,2024-06-19,mix,1264,3,411,1,5,1
adaptive_memory,2024-06-19,2024-06-20,mix,1265,3,412,1,5,1
adaptive_memory,2024-06-20,2024-06-21,mix,1266,3,413,1,5,1
adaptive_memory,2024-06-21,2024-06-22,mix,1267,3,414,1,5,1
adaptive_memory,2024-06-22,2024-06-23,mix,1268,3,415,1,5,1
adaptive_memory,2024-06-23,2024-06-24,mix,1269,3,416,1,5,1
adaptive_memory,2024-06-24,2024-06-25,mix,1270,3,417,1,5,1
adaptive_memory,2024-06-25,2024-06-26,mix,1271,3,418,1,5,1
adaptive_memory,2024-06-26,2024-06-27,mix,1272,3,419,1,5,1
adaptive_memory,2024-06-27,2024-06-28,mix,1273,3,420,1,5,1
adaptive_memory,2024-06-28,2024-06-29,mix,1274,3,421,1,5,1
adaptive_memory,2024-06-29,2024-06-30,mix,1275,3,422,1,5,1
adaptive_memory,2024-06-30,2024-07-01,mix,1276,3,423,1,5,1
adaptive_memory,2024-07-01,2024-07-02,mix,1277,3,424,1,5,1
adaptive_memory,2024-07-02,2024-07-03,mix,1278,3,425,1,5,1
adaptive_memory,2024-07-03,2024-07-04,mix,1279,3,426,1,5,1
adaptive_memory,2024-07-04,2024-07-05,bear,1280,3,445,1,5,1
adaptive_memory,2024-07-05,2024-07-06,bear,1281,3,446,1,5,1
adaptive_memory,2024-07-06,2024-07-07,bear,1282,3,447,1,5,1
adaptive_memory,2024-07-07,2024-07-08,bear,1283,3,448,1,5,1
adaptive_memory,2024-07-08,2024-07-09,bear,1284,3,449,1,5,1
adaptive_memory,2024-07-09,2024-07-10,bear,1285,3,450,1,5,1
adaptive_memory,2024-07-10,2024-07-11,bear,1286,3,451,1,5,1
adaptive_memory,2024-07-11,2024-07-12,bear,1287,3,452,1,5,1
adaptive_memory,2024-07-12,2024-07-13,bear,1288,3,453,1,5,1
adaptive_memory,2024-07-13,2024-07-14,mix,1289,3,427,1,5,1
adaptive_memory,2024-07-14,2024-07-15,mix,1290,3,428,1,5,1
adaptive_memory,2024-07-15,2024-07-16,mix,1291,3,429,1,5,1
adaptive_memory,2024-07-16,2024-07-17,mix,1292,3,430,1,5,1
adaptive_memory,2024-07-17,2024-07-18,mix,1293,3,431,1,5,1
adaptive_memory,2024-07-18,2024-07-19,mix,1294,3,432,1,5,1
adaptive_memory,2024-07-19,2024-07-20,mix,1295,3,433,1,5,1
adaptive_memory,2024-07-20,2024-07-21,mix,1296,3,434,1,5,1
adaptive_memory,2024-07-21,2024-07-22,mix,1297,3,435,1,5,1
adaptive_memory,2024-07-22,2024-07-23,mix,1298,3,436,1,5,1
adaptive_memory,2024-07-23,2024-07-24,mix,1299,3,437,1,5,1
adaptive_memory,2024-07-24,2024-07-25,mix,1300,3,438,1,5,1
adaptive_memory,2024-07-25,2024-07-26,mix,1301,3,439,1,5,1
adaptive_memory,2024-07-26,2024-07-27,mix,1302,3,440,1,5,1
adaptive_memory,2024-07-27,2024-07-28,mix,1303,3,441,1,5,1
adaptive_memory,2024-07-28,2024-07-29,mix,1304,3,442,1,5,1
adaptive_memory,2024-07-29,2024-07-30,mix,1305,3,443,1,5,1
adaptive_memory,2024-07-30,2024-07-31,mix,1306,3,444,1,5,1
adaptive_memory,2024-07-31,2024-08-01,mix,1307,3,445,1,5,1
adaptive_memory,2024-08-01,2024-08-02,mix,1308,3,446,1,5,1
adaptive_memory,2024-08-02,2024-08-03,mix,1309,3,447,1,5,1
adaptive_memory,2024-08-03,2024-08-04,mix,1310,3,448,1,5,1
adaptive_memory,2024-08-04,2024-08-05,mix,1311,3,449,1,5,1
adaptive_memory,2024-08-05,2024-08-06,bear,1312,3,454,1,5,1
adaptive_memory,2024-08-06,2024-08-07,mix,1313,3,450,1,5,1
adaptive_memory,2024-08-07,2024-08-08,bear,1314,3,455,1,5,1
adaptive_memory,2024-08-08,2024-08-09,mix,1315,3,451,1,5,1
adaptive_memory,2024-08-09,2024-08-10,mix,1316,3,452,1,5,1
adaptive_memory,2024-08-10,2024-08-11,mix,1317,3,453,1,5,1
adaptive_memory,2024-08-11,2024-08-12,bear,1318,3,456,1,5,1
adaptive_memory,2024-08-12,2024-08-13,bear,1319,3,457,1,5,1
adaptive_memory,2024-08-13,2024-08-14,mix,1320,3,454,1,5,1
adaptive_memory,2024-08-14,2024-08-15,bear,1321,3,458,2,5,2
adaptive_memory,2024-08-15,2024-08-16,bear,1322,3,459,2,5,1
adaptive_memory,2024-08-16,2024-08-17,mix,1323,3,455,1,5,1
adaptive_memory,2024-08-17,2024-08-18,mix,1324,3,456,1,5,1
adaptive_memory,2024-08-18,2024-08-19,bear,1325,3,460,2,5,1
adaptive_memory,2024-08-19,2024-08-20,bear,1326,3,461,2,5,1
adaptive_memory,2024-08-20,2024-08-21,bear,1327,3,462,2,5,1
adaptive_memory,2024-08-21,2024-08-22,mix,1328,3,457,1,5,1
adaptive_memory,2024-08-22,2024-08-23,mix,1329,3,458,1,5,1
adaptive_memory,2024-08-23,2024-08-24,mix,1330,3,459,1,5,1
adaptive_memory,2024-08-24,2024-08-25,mix,1331,3,460,1,5,1
adaptive_memory,2024-08-25,2024-08-26,mix,1332,3,461,1,5,1
adaptive_memory,2024-08-26,2024-08-27,mix,1333,3,462,1,5,1
adaptive_memory,2024-08-27,2024-08-28,bear,1334,3,463,2,5,1
adaptive_memory,2024-08-28,2024-08-29,bear,1335,3,464,2,5,1
adaptive_memory,2024-08-29,2024-08-30,mix,1336,3,463,1,5,1
adaptive_memory,2024-08-30,2024-08-31,mix,1337,3,464,1,5,1
adaptive_memory,2024-08-31,2024-09-01,mix,1338,3,465,1,5,1
adaptive_memory,2024-09-01,2024-09-02,bear,1339,3,465,2,5,1
adaptive_memory,2024-09-02,2024-09-03,mix,1340,3,466,1,5,1
adaptive_memory,2024-09-03,2024-09-04,mix,1341,3,467,1,5,1
adaptive_memory,2024-09-04,2024-09-05,mix,1342,3,468,1,5,1
adaptive_memory,2024-09-05,2024-09-06,mix,1343,3,469,1,5,1
adaptive_memory,2024-09-06,2024-09-07,mix,1344,3,470,1,5,1
adaptive_memory,2024-09-07,2024-09-08,mix,1345,3,471,1,5,1
adaptive_memory,2024-09-08,2024-09-09,mix,1346,3,472,1,5,1
adaptive_memory,2024-09-09,2024-09-10,mix,1347,3,473,1,5,1
adaptive_memory,2024-09-10,2024-09-11,mix,1348,3,474,1,5,1
adaptive_memory,2024-09-11,2024-09-12,mix,1349,3,475,1,5,1
adaptive_memory,2024-09-12,2024-09-13,mix,1350,3,476,1,5,1
adaptive_memory,2024-09-13,2024-09-14,mix,1351,3,477,1,5,1
adaptive_memory,2024-09-14,2024-09-15,mix,1352,3,478,1,5,1
adaptive_memory,2024-09-15,2024-09-16,mix,1353,3,479,1,5,1
adaptive_memory,2024-09-16,2024-09-17,mix,1354,3,480,1,5,1
adaptive_memory,2024-09-17,2024-09-18,mix,1355,3,481,1,5,1
adaptive_memory,2024-09-18,2024-09-19,mix,1356,3,482,1,5,1
adaptive_memory,2024-09-19,2024-09-20,mix,1357,3,483,1,5,1
adaptive_memory,2024-09-20,2024-09-21,mix,1358,3,484,1,5,1
adaptive_memory,2024-09-21,2024-09-22,mix,1359,3,485,1,5,1
adaptive_memory,2024-09-22,2024-09-23,mix,1360,3,486,1,5,1
adaptive_memory,2024-09-23,2024-09-24,mix,1361,3,487,1,5,1
adaptive_memory,2024-09-24,2024-09-25,mix,1362,3,488,1,5,1
adaptive_memory,2024-09-25,2024-09-26,mix,1363,3,489,1,5,1
adaptive_memory,2024-09-26,2024-09-27,mix,1364,3,490,1,5,1
adaptive_memory,2024-09-27,2024-09-28,mix,1365,3,491,1,5,1
adaptive_memory,2024-09-28,2024-09-29,mix,1366,3,492,1,5,1
adaptive_memory,2024-09-29,2024-09-30,bull,1367,3,408,2,5,1
adaptive_memory,2024-09-30,2024-10-01,mix,1368,3,493,1,5,1
adaptive_memory,2024-10-01,2024-10-02,mix,1369,3,494,1,5,1
adaptive_memory,2024-10-02,2024-10-03,mix,1370,3,495,1,5,1
adaptive_memory,2024-10-03,2024-10-04,mix,1371,3,496,1,5,1
adaptive_memory,2024-10-04,2024-10-05,mix,1372,3,497,1,5,1
adaptive_memory,2024-10-05,2024-10-06,mix,1373,3,498,1,5,1
adaptive_memory,2024-10-06,2024-10-07,bull,1374,3,409,2,5,2
adaptive_memory,2024-10-07,2024-10-08,mix,1375,3,499,1,5,1
adaptive_memory,2024-10-08,2024-10-09,mix,1376,3,500,1,5,1
adaptive_memory,2024-10-09,2024-10-10,mix,1377,3,501,1,5,1
adaptive_memory,2024-10-10,2024-10-11,mix,1378,3,502,1,5,1
adaptive_memory,2024-10-11,2024-10-12,mix,1379,3,503,1,5,1
adaptive_memory,2024-10-12,2024-10-13,mix,1380,3,504,1,5,1
adaptive_memory,2024-10-13,2024-10-14,mix,1381,3,505,1,5,1
adaptive_memory,2024-10-14,2024-10-15,mix,1382,3,506,1,5,1
adaptive_memory,2024-10-15,2024-10-16,bull,1383,3,410,2,5,2
adaptive_memory,2024-10-16,2024-10-17,bull,1384,3,411,2,5,1
adaptive_memory,2024-10-17,2024-10-18,bull,1385,3,412,2,5,1
adaptive_memory,2024-10-18,2024-10-19,bull,1386,3,413,2,5,1
adaptive_memory,2024-10-19,2024-10-20,bull,1387,3,414,2,5,2
adaptive_memory,2024-10-20,2024-10-21,bull,1388,3,415,2,5,2
adaptive_memory,2024-10-21,2024-10-22,mix,1389,3,507,1,5,1
adaptive_memory,2024-10-22,2024-10-23,mix,1390,3,508,1,5,1
adaptive_memory,2024-10-23,2024-10-24,mix,1391,3,509,1,5,1
adaptive_memory,2024-10-24,2024-10-25,mix,1392,3,510,1,5,1
adaptive_memory,2024-10-25,2024-10-26,mix,1393,3,511,1,5,1
adaptive_memory,2024-10-26,2024-10-27,mix,1394,3,512,1,5,1
adaptive_memory,2024-10-27,2024-10-28,mix,1395,3,513,1,5,1
adaptive_memory,2024-10-28,2024-10-29,mix,1396,3,514,1,5,1
adaptive_memory,2024-10-29,2024-10-30,bull,1397,3,416,2,5,2
adaptive_memory,2024-10-30,2024-10-31,bull,1398,3,417,2,5,1
adaptive_memory,2024-10-31,2024-11-01,bull,1399,3,418,2,5,2
adaptive_memory,2024-11-01,2024-11-02,bull,1400,3,419,2,5,1
adaptive_memory,2024-11-02,2024-11-03,mix,1401,3,515,1,5,1
adaptive_memory,2024-11-03,2024-11-04,mix,1402,3,516,1,5,1
adaptive_memory,2024-11-04,2024-11-05,mix,1403,3,517,1,5,1
adaptive_memory,2024-11-05,2024-11-06,bull,1404,3,420,2,5,2
adaptive_memory,2024-11-06,2024-11-07,bull,1405,3,421,2,5,1
adaptive_memory,2024-11-07,2024-11-08,bull,1406,3,422,2,5,1
adaptive_memory,2024-11-08,2024-11-09,bull,1407,3,423,2,5,1
adaptive_memory,2024-11-09,2024-11-10,bull,1408,3,424,2,5,1
adaptive_memory,2024-11-10,2024-11-11,bull,1409,3,425,2,5,1
adaptive_memory,2024-11-11,2024-11-12,bull,1410,3,426,2,5,2
adaptive_memory,2024-11-12,2024-11-13,bull,1411,3,427,2,5,1
adaptive_memory,2024-11-13,2024-11-14,bull,1412,3,428,2,5,1
adaptive_memory,2024-11-14,2024-11-15,bull,1413,3,429,2,5,1
adaptive_memory,2024-11-15,2024-11-16,bull,1414,3,430,2,5,1
adaptive_memory,2024-11-16,2024-11-17,bull,1415,3,431,2,5,1
adaptive_memory,2024-11-17,2024-11-18,bull,1416,3,432,2,5,1
adaptive_memory,2024-11-18,2024-11-19,bull,1417,3,433,2,5,2
adaptive_memory,2024-11-19,2024-11-20,bull,1418,3,434,2,5,1
adaptive_memory,2024-11-20,2024-11-21,bull,1419,3,435,2,5,2
adaptive_memory,2024-11-21,2024-11-22,bull,1420,3,436,2,5,1
adaptive_memory,2024-11-22,2024-11-23,bull,1421,3,437,2,5,2
adaptive_memory,2024-11-23,2024-11-24,bull,1422,3,438,2,5,2
adaptive_memory,2024-11-24,2024-11-25,bull,1423,3,439,2,5,1
adaptive_memory,2024-11-25,2024-11-26,bull,1424,3,440,2,5,2
adaptive_memory,2024-11-26,2024-11-27,bull,1425,3,441,2,5,2
adaptive_memory,2024-11-27,2024-11-28,bull,1426,3,442,2,5,2
adaptive_memory,2024-11-28,2024-11-29,bull,1427,3,443,2,5,2
adaptive_memory,2024-11-29,2024-11-30,bull,1428,3,444,2,5,2
adaptive_memory,2024-11-30,2024-12-01,bull,1429,3,445,2,5,2
adaptive_memory,2024-12-01,2024-12-02,bull,1430,3,446,2,5,2
adaptive_memory,2024-12-02,2024-12-03,bull,1431,3,447,2,5,2
adaptive_memory,2024-12-03,2024-12-04,bull,1432,3,448,2,5,2
adaptive_memory,2024-12-04,2024-12-05,bull,1433,3,449,2,5,2
adaptive_memory,2024-12-05,2024-12-06,bull,1434,3,450,2,5,2
adaptive_memory,2024-12-06,2024-12-07,bull,1435,3,451,2,5,1
adaptive_memory,2024-12-07,2024-12-08,bull,1436,3,452,2,5,1
adaptive_memory,2024-12-08,2024-12-09,bull,1437,3,453,2,5,1
adaptive_memory,2024-12-09,2024-12-10,bull,1438,3,454,2,5,2
adaptive_memory,2024-12-10,2024-12-11,bull,1439,3,455,2,5,2
adaptive_memory,2024-12-11,2024-12-12,bull,1440,3,456,2,5,1
adaptive_memory,2024-12-12,2024-12-13,bull,1441,3,457,2,5,1
adaptive_memory,2024-12-13,2024-12-14,bull,1442,3,458,2,5,1
adaptive_memory,2024-12-14,2024-12-15,bull,1443,3,459,2,5,1
adaptive_memory,2024-12-15,2024-12-16,bull,1444,3,460,2,5,1
adaptive_memory,2024-12-16,2024-12-17,bull,1445,3,461,2,5,1
adaptive_memory,2024-12-17,2024-12-18,bull,1446,3,462,2,5,1
adaptive_memory,2024-12-18,2024-12-19,bull,1447,3,463,2,5,1
adaptive_memory,2024-12-19,2024-12-20,bull,1448,3,464,2,5,1
adaptive_memory,2024-12-20,2024-12-21,bull,1449,3,465,2,5,1
adaptive_memory,2024-12-21,2024-12-22,bull,1450,3,466,2,5,1
adaptive_memory,2024-12-22,2024-12-23,bull,1451,3,467,2,5,2
adaptive_memory,2024-12-23,2024-12-24,bull,1452,3,468,2,5,2
adaptive_memory,2024-12-24,2024-12-25,bull,1453,3,469,2,5,2
adaptive_memory,2024-12-25,2024-12-26,bull,1454,3,470,2,5,1
adaptive_memory,2024-12-26,2024-12-27,bull,1455,3,471,2,5,1
adaptive_memory,2024-12-27,2024-12-28,bull,1456,3,472,2,5,2
adaptive_memory,2024-12-28,2024-12-29,bull,1457,3,473,2,5,2
adaptive_memory,2024-12-29,2024-12-30,bull,1458,3,474,2,5,2
adaptive_memory,2024-12-30,2024-12-31,bull,1459,3,475,2,5,1
adaptive_memory,2024-12-31,2025-01-01,bull,1460,3,476,2,5,1
adaptive_memory,2025-01-01,2025-01-02,bull,1461,3,477,2,5,2
adaptive_memory,2025-01-02,2025-01-03,bull,1462,3,478,2,5,2
adaptive_memory,2025-01-03,2025-01-04,bull,1463,3,479,2,5,2
adaptive_memory,2025-01-04,2025-01-05,bull,1464,3,480,2,5,2
adaptive_memory,2025-01-05,2025-01-06,bull,1465,3,481,2,5,2
adaptive_memory,2025-01-06,2025-01-07,bull,1466,3,482,2,5,1
adaptive_memory,2025-01-07,2025-01-08,bull,1467,3,483,2,5,2
adaptive_memory,2025-01-08,2025-01-09,bull,1468,3,484,2,5,1
adaptive_memory,2025-01-09,2025-01-10,mix,1469,3,518,1,5,1
adaptive_memory,2025-01-10,2025-01-11,mix,1470,3,519,1,5,1
adaptive_memory,2025-01-11,2025-01-12,mix,1471,3,520,1,5,1
adaptive_memory,2025-01-12,2025-01-13,mix,1472,3,521,1,5,1
adaptive_memory,2025-01-13,2025-01-14,bull,1473,3,485,2,5,1
adaptive_memory,2025-01-14,2025-01-15,bull,1474,3,486,2,5,1
adaptive_memory,2025-01-15,2025-01-16,bull,1475,3,487,2,5,2
adaptive_memory,2025-01-16,2025-01-17,bull,1476,3,488,2,5,2
adaptive_memory,2025-01-17,2025-01-18,bull,1477,3,489,2,5,1
adaptive_memory,2025-01-18,2025-01-19,bull,1478,3,490,2,5,2
adaptive_memory,2025-01-19,2025-01-20,bull,1479,3,491,2,5,2
adaptive_memory,2025-01-20,2025-01-21,bull,1480,3,492,2,5,2
adaptive_memory,2025-01-21,2025-01-22,bull,1481,3,493,2,5,1
adaptive_memory,2025-01-22,2025-01-23,bull,1482,3,494,2,5,2
adaptive_memory,2025-01-23,2025-01-24,bull,1483,3,495,2,5,2
adaptive_memory,2025-01-24,2025-01-25,bull,1484,3,496,2,5,1
adaptive_memory,2025-01-25,2025-01-26,bull,1485,3,497,2,5,1
adaptive_memory,2025-01-26,2025-01-27,bull,1486,3,498,2,5,1
adaptive_memory,2025-01-27,2025-01-28,bull,1487,3,499,2,5,2
adaptive_memory,2025-01-28,2025-01-29,bull,1488,3,500,2,5,2
adaptive_memory,2025-01-29,2025-01-30,bull,1489,3,501,2,5,1
adaptive_memory,2025-01-30,2025-01-31,bull,1490,3,502,2,5,1
adaptive_memory,2025-01-31,2025-02-01,bull,1491,3,503,2,5,1
adaptive_memory,2025-02-01,2025-02-02,mix,1492,3,522,1,5,1
adaptive_memory,2025-02-02,2025-02-03,mix,1493,3,523,1,5,1
adaptive_memory,2025-02-03,2025-02-04,mix,1494,3,524,1,5,1
adaptive_memory,2025-02-04,2025-02-05,mix,1495,3,525,1,5,1
adaptive_memory,2025-02-05,2025-02-06,mix,1496,3,526,1,5,1
adaptive_memory,2025-02-06,2025-02-07,mix,1497,3,527,1,5,1
adaptive_memory,2025-02-07,2025-02-08,mix,1498,3,528,1,5,1
adaptive_memory,2025-02-08,2025-02-09,mix,1499,3,529,1,5,1
adaptive_memory,2025-02-09,2025-02-10,mix,1500,3,530,1,5,1
adaptive_memory,2025-02-10,2025-02-11,mix,1501,3,531,1,5,1
adaptive_memory,2025-02-11,2025-02-12,mix,1502,3,532,1,5,1
adaptive_memory,2025-02-12,2025-02-13,mix,1503,3,533,1,5,1
adaptive_memory,2025-02-13,2025-02-14,mix,1504,3,534,1,5,1
adaptive_memory,2025-02-14,2025-02-15,mix,1505,3,535,1,5,1
adaptive_memory,2025-02-15,2025-02-16,mix,1506,3,536,1,5,1
adaptive_memory,2025-02-16,2025-02-17,mix,1507,3,537,1,5,1
adaptive_memory,2025-02-17,2025-02-18,mix,1508,3,538,1,5,1
adaptive_memory,2025-02-18,2025-02-19,mix,1509,3,539,1,5,1
adaptive_memory,2025-02-19,2025-02-20,mix,1510,3,540,1,5,1
adaptive_memory,2025-02-20,2025-02-21,mix,1511,3,541,1,5,1
adaptive_memory,2025-02-21,2025-02-22,mix,1512,3,542,1,5,1
adaptive_memory,2025-02-22,2025-02-23,mix,1513,3,543,1,5,1
adaptive_memory,2025-02-23,2025-02-24,mix,1514,3,544,1,5,1
adaptive_memory,2025-02-24,2025-02-25,mix,1515,3,545,1,5,1
adaptive_memory,2025-02-25,2025-02-26,mix,1516,3,546,1,5,1
adaptive_memory,2025-02-26,2025-02-27,bear,1517,3,466,2,5,1
adaptive_memory,2025-02-27,2025-02-28,bear,1518,3,467,2,5,1
adaptive_memory,2025-02-28,2025-03-01,bear,1519,3,468,2,5,1
adaptive_memory,2025-03-01,2025-03-02,bear,1520,3,469,2,5,1
adaptive_memory,2025-03-02,2025-03-03,mix,1521,3,547,1,5,1
adaptive_memory,2025-03-03,2025-03-04,bear,1522,3,470,2,5,1
adaptive_memory,2025-03-04,2025-03-05,bear,1523,3,471,2,5,1
adaptive_memory,2025-03-05,2025-03-06,bear,1524,3,472,2,5,2
adaptive_memory,2025-03-06,2025-03-07,bear,1525,3,473,2,5,2
adaptive_memory,2025-03-07,2025-03-08,bear,1526,3,474,2,5,1
adaptive_memory,2025-03-08,2025-03-09,bear,1527,3,475,2,5,1
adaptive_memory,2025-03-09,2025-03-10,bear,1528,3,476,2,5,1
adaptive_memory,2025-03-10,2025-03-11,bear,1529,3,477,2,5,1
adaptive_memory,2025-03-11,2025-03-12,bear,1530,3,478,2,5,1
adaptive_memory,2025-03-12,2025-03-13,bear,1531,3,479,2,5,1
adaptive_memory,2025-03-13,2025-03-14,bear,1532,3,480,2,5,1
adaptive_memory,2025-03-14,2025-03-15,bear,1533,3,481,2,5,1
adaptive_memory,2025-03-15,2025-03-16,bear,1534,3,482,2,5,1
adaptive_memory,2025-03-16,2025-03-17,bear,1535,3,483,2,5,1
adaptive_memory,2025-03-17,2025-03-18,bear,1536,3,484,2,5,1
adaptive_memory,2025-03-18,2025-03-19,bear,1537,3,485,2,5,1
adaptive_memory,2025-03-19,2025-03-20,bear,1538,3,486,2,5,1
adaptive_memory,2025-03-20,2025-03-21,bear,1539,3,487,2,5,1
adaptive_memory,2025-03-21,2025-03-22,bear,1540,3,488,2,5,1
adaptive_memory,2025-03-22,2025-03-23,bear,1541,3,489,2,5,1
adaptive_memory,2025-03-23,2025-03-24,bear,1542,3,490,2,5,1
adaptive_memory,2025-03-24,2025-03-25,bear,1543,3,491,2,5,1
adaptive_memory,2025-03-25,2025-03-26,bear,1544,3,492,2,5,1
adaptive_memory,2025-03-26,2025-03-27,bear,1545,3,493,2,5,1
adaptive_memory,2025-03-27,2025-03-28,mix,1546,3,548,1,5,1
adaptive_memory,2025-03-28,2025-03-29,bear,1547,3,494,2,5,2
adaptive_memory,2025-03-29,2025-03-30,bear,1548,3,495,2,5,1
adaptive_memory,2025-03-30,2025-03-31,bear,1549,3,496,2,5,1
adaptive_memory,2025-03-31,2025-04-01,bear,1550,3,497,2,5,1
adaptive_memory,2025-04-01,2025-04-02,bear,1551,3,498,2,5,1
adaptive_memory,2025-04-02,2025-04-03,mix,1552,3,549,1,5,1
adaptive_memory,2025-04-03,2025-04-04,mix,1553,3,550,1,5,1
adaptive_memory,2025-04-04,2025-04-05,mix,1554,3,551,1,5,1
adaptive_memory,2025-04-05,2025-04-06,mix,1555,3,552,1,5,1
adaptive_memory,2025-04-06,2025-04-07,bear,1556,3,499,2,5,1
adaptive_memory,2025-04-07,2025-04-08,bear,1557,3,500,2,5,1
adaptive_memory,2025-04-08,2025-04-09,bear,1558,3,501,2,5,1
adaptive_memory,2025-04-09,2025-04-10,mix,1559,3,553,1,5,1
adaptive_memory,2025-04-10,2025-04-11,bear,1560,3,502,2,5,1
adaptive_memory,2025-04-11,2025-04-12,mix,1561,3,554,1,5,1
adaptive_memory,2025-04-12,2025-04-13,mix,1562,3,555,1,5,1
adaptive_memory,2025-04-13,2025-04-14,mix,1563,3,556,1,5,1
adaptive_memory,2025-04-14,2025-04-15,mix,1564,3,557,1,5,1
adaptive_memory,2025-04-15,2025-04-16,mix,1565,3,558,1,5,1
adaptive_memory,2025-04-16,2025-04-17,mix,1566,3,559,1,5,1
adaptive_memory,2025-04-17,2025-04-18,mix,1567,3,560,1,5,1
adaptive_memory,2025-04-18,2025-04-19,mix,1568,3,561,1,5,1
adaptive_memory,2025-04-19,2025-04-20,mix,1569,3,562,1,5,1
adaptive_memory,2025-04-20,2025-04-21,mix,1570,3,563,1,5,1
adaptive_memory,2025-04-21,2025-04-22,mix,1571,3,564,1,5,1
adaptive_memory,2025-04-22,2025-04-23,mix,1572,3,565,1,5,1
adaptive_memory,2025-04-23,2025-04-24,mix,1573,3,566,1,5,1
adaptive_memory,2025-04-24,2025-04-25,mix,1574,3,567,1,5,1
adaptive_memory,2025-04-25,2025-04-26,mix,1575,3,568,1,5,1
adaptive_memory,2025-04-26,2025-04-27,mix,1576,3,569,1,5,1
adaptive_memory,2025-04-27,2025-04-28,mix,1577,3,570,1,5,1
adaptive_memory,2025-04-28,2025-04-29,mix,1578,3,571,1,5,1
adaptive_memory,2025-04-29,2025-04-30,bull,1579,3,504,2,5,1
adaptive_memory,2025-04-30,2025-05-01,mix,1580,3,572,1,5,1
adaptive_memory,2025-05-01,2025-05-02,bull,1581,3,505,2,5,1
adaptive_memory,2025-05-02,2025-05-03,bull,1582,3,506,2,5,1
adaptive_memory,2025-05-03,2025-05-04,bull,1583,3,507,2,5,2
adaptive_memory,2025-05-04,2025-05-05,mix,1584,3,573,1,5,1
adaptive_memory,2025-05-05,2025-05-06,bull,1585,3,508,2,5,1
adaptive_memory,2025-05-06,2025-05-07,bull,1586,3,509,2,5,1
adaptive_memory,2025-05-07,2025-05-08,bull,1587,3,510,2,5,2
adaptive_memory,2025-05-08,2025-05-09,bull,1588,3,511,2,5,1
adaptive_memory,2025-05-09,2025-05-10,bull,1589,3,512,2,5,1
adaptive_memory,2025-05-10,2025-05-11,bull,1590,3,513,2,5,1
adaptive_memory,2025-05-11,2025-05-12,bull,1591,3,514,2,5,1
adaptive_memory,2025-05-12,2025-05-13,bull,1592,3,515,2,5,1
adaptive_memory,2025-05-13,2025-05-14,bull,1593,3,516,2,5,1
adaptive_memory,2025-05-14,2025-05-15,bull,1594,3,517,2,5,1
adaptive_memory,2025-05-15,2025-05-16,bull,1595,3,518,2,5,1
adaptive_memory,2025-05-16,2025-05-17,bull,1596,3,519,2,5,1
adaptive_memory,2025-05-17,2025-05-18,bull,1597,3,520,2,5,1
adaptive_memory,2025-05-18,2025-05-19,bull,1598,3,521,2,5,1
adaptive_memory,2025-05-19,2025-05-20,bull,1599,3,522,2,5,1
adaptive_memory,2025-05-20,2025-05-21,bull,1600,3,523,2,5,1
adaptive_memory,2025-05-21,2025-05-22,bull,1601,3,524,2,5,1
adaptive_memory,2025-05-22,2025-05-23,bull,1602,3,525,2,5,1
adaptive_memory,2025-05-23,2025-05-24,bull,1603,3,526,2,5,2
adaptive_memory,2025-05-24,2025-05-25,bull,1604,3,527,2,5,1
adaptive_memory,2025-05-25,2025-05-26,bull,1605,3,528,2,5,1
adaptive_memory,2025-05-26,2025-05-27,bull,1606,3,529,2,5,1
adaptive_memory,2025-05-27,2025-05-28,bull,1607,3,530,2,5,1
fixed_memory,2021-12-31,2022-01-01,bear,364,3,123,1,5,1
fixed_memory,2022-01-01,2022-01-02,bear,365,3,124,1,5,1
fixed_memory,2022-01-02,2022-01-03,bear,366,3,125,1,5,1
fixed_memory,2022-01-03,2022-01-04,bear,367,3,126,1,5,1
fixed_memory,2022-01-04,2022-01-05,bear,368,3,127,1,5,1
fixed_memory,2022-01-05,2022-01-06,bear,369,3,128,1,5,1
fixed_memory,2022-01-06,2022-01-07,bear,370,3,129,1,5,1
fixed_memory,2022-01-07,2022-01-08,bear,371,3,130,1,5,1
fixed_memory,2022-01-08,2022-01-09,bear,372,3,131,1,5,1
fixed_memory,2022-01-09,2022-01-10,bear,373,3,132,1,5,1
fixed_memory,2022-01-10,2022-01-11,bear,374,3,133,1,5,1
fixed_memory,2022-01-11,2022-01-12,bear,375,3,134,1,5,1
fixed_memory,2022-01-12,2022-01-13,bear,376,3,135,1,5,1
fixed_memory,2022-01-13,2022-01-14,bear,377,3,136,1,5,1
fixed_memory,2022-01-14,2022-01-15,bear,378,3,137,1,5,1
fixed_memory,2022-01-15,2022-01-16,bear,379,3,138,1,5,1
fixed_memory,2022-01-16,2022-01-17,bear,380,3,139,1,5,1
fixed_memory,2022-01-17,2022-01-18,bear,381,3,140,1,5,1
fixed_memory,2022-01-18,2022-01-19,bear,382,3,141,1,5,1
fixed_memory,2022-01-19,2022-01-20,bear,383,3,142,1,5,1
fixed_memory,2022-01-20,2022-01-21,bear,384,3,143,1,5,1
fixed_memory,2022-01-21,2022-01-22,bear,385,3,144,1,5,1
fixed_memory,2022-01-22,2022-01-23,bear,386,3,145,1,5,1
fixed_memory,2022-01-23,2022-01-24,bear,387,3,146,1,5,1
fixed_memory,2022-01-24,2022-01-25,bear,388,3,147,1,5,1
fixed_memory,2022-01-25,2022-01-26,bear,389,3,148,1,5,1
fixed_memory,2022-01-26,2022-01-27,bear,390,3,149,1,5,1
fixed_memory,2022-01-27,2022-01-28,bear,391,3,150,1,5,1
fixed_memory,2022-01-28,2022-01-29,bear,392,3,151,1,5,1
fixed_memory,2022-01-29,2022-01-30,bear,393,3,152,1,5,1
fixed_memory,2022-01-30,2022-01-31,bear,394,3,153,1,5,1
fixed_memory,2022-01-31,2022-02-01,bear,395,3,154,1,5,1
fixed_memory,2022-02-01,2022-02-02,bear,396,3,155,1,5,1
fixed_memory,2022-02-02,2022-02-03,bear,397,3,156,1,5,1
fixed_memory,2022-02-03,2022-02-04,bear,398,3,157,1,5,1
fixed_memory,2022-02-04,2022-02-05,bear,399,3,158,1,5,1
fixed_memory,2022-02-05,2022-02-06,bear,400,3,159,1,5,1
fixed_memory,2022-02-06,2022-02-07,bear,401,3,160,1,5,1
fixed_memory,2022-02-07,2022-02-08,bear,402,3,161,1,5,1
fixed_memory,2022-02-08,2022-02-09,bear,403,3,162,1,5,1
fixed_memory,2022-02-09,2022-02-10,bear,404,3,163,1,5,1
fixed_memory,2022-02-10,2022-02-11,bear,405,3,164,1,5,1
fixed_memory,2022-02-11,2022-02-12,bear,406,3,165,1,5,1
fixed_memory,2022-02-12,2022-02-13,bear,407,3,166,1,5,1
fixed_memory,2022-02-13,2022-02-14,bear,408,3,167,1,5,1
fixed_memory,2022-02-14,2022-02-15,bear,409,3,168,1,5,1
fixed_memory,2022-02-15,2022-02-16,bear,410,3,169,1,5,1
fixed_memory,2022-02-16,2022-02-17,bear,411,3,170,1,5,1
fixed_memory,2022-02-17,2022-02-18,bear,412,3,171,1,5,1
fixed_memory,2022-02-18,2022-02-19,bear,413,3,172,1,5,1
fixed_memory,2022-02-19,2022-02-20,bear,414,3,173,1,5,1
fixed_memory,2022-02-20,2022-02-21,bear,415,3,174,1,5,1
fixed_memory,2022-02-21,2022-02-22,bear,416,3,175,1,5,1
fixed_memory,2022-02-22,2022-02-23,bear,417,3,176,1,5,1
fixed_memory,2022-02-23,2022-02-24,bear,418,3,177,1,5,1
fixed_memory,2022-02-24,2022-02-25,bear,419,3,178,1,5,1
fixed_memory,2022-02-25,2022-02-26,bear,420,3,179,1,5,1
fixed_memory,2022-02-26,2022-02-27,bear,421,3,180,1,5,1
fixed_memory,2022-02-27,2022-02-28,bear,422,3,181,1,5,1
fixed_memory,2022-02-28,2022-03-01,bear,423,3,182,1,5,1
fixed_memory,2022-03-01,2022-03-02,bear,424,3,183,1,5,1
fixed_memory,2022-03-02,2022-03-03,bear,425,3,184,1,5,1
fixed_memory,2022-03-03,2022-03-04,bear,426,3,185,1,5,1
fixed_memory,2022-03-04,2022-03-05,bear,427,3,186,1,5,1
fixed_memory,2022-03-05,2022-03-06,bear,428,3,187,1,5,1
fixed_memory,2022-03-06,2022-03-07,bear,429,3,188,1,5,1
fixed_memory,2022-03-07,2022-03-08,bear,430,3,189,1,5,1
fixed_memory,2022-03-08,2022-03-09,bear,431,3,190,1,5,1
fixed_memory,2022-03-09,2022-03-10,bear,432,3,191,1,5,1
fixed_memory,2022-03-10,2022-03-11,bear,433,3,192,1,5,1
fixed_memory,2022-03-11,2022-03-12,bear,434,3,193,1,5,1
fixed_memory,2022-03-12,2022-03-13,bear,435,3,194,1,5,1
fixed_memory,2022-03-13,2022-03-14,bear,436,3,195,1,5,1
fixed_memory,2022-03-14,2022-03-15,bear,437,3,196,1,5,1
fixed_memory,2022-03-15,2022-03-16,bear,438,3,197,1,5,1
fixed_memory,2022-03-16,2022-03-17,bear,439,3,198,1,5,1
fixed_memory,2022-03-17,2022-03-18,bear,440,3,199,1,5,1
fixed_memory,2022-03-18,2022-03-19,bear,441,3,200,1,5,1
fixed_memory,2022-03-19,2022-03-20,bear,442,3,201,1,5,1
fixed_memory,2022-03-20,2022-03-21,bear,443,3,202,1,5,1
fixed_memory,2022-03-21,2022-03-22,bear,444,3,203,1,5,1
fixed_memory,2022-03-22,2022-03-23,bear,445,3,204,1,5,1
fixed_memory,2022-03-23,2022-03-24,bear,446,3,205,1,5,1
fixed_memory,2022-03-24,2022-03-25,mix,447,3,98,1,5,1
fixed_memory,2022-03-25,2022-03-26,mix,448,3,99,1,5,1
fixed_memory,2022-03-26,2022-03-27,mix,449,3,100,1,5,1
fixed_memory,2022-03-27,2022-03-28,mix,450,3,101,1,5,1
fixed_memory,2022-03-28,2022-03-29,mix,451,3,102,1,5,1
fixed_memory,2022-03-29,2022-03-30,mix,452,3,103,1,5,1
fixed_memory,2022-03-30,2022-03-31,mix,453,3,104,1,5,1
fixed_memory,2022-03-31,2022-04-01,mix,454,3,105,1,5,1
fixed_memory,2022-04-01,2022-04-02,mix,455,3,106,1,5,1
fixed_memory,2022-04-02,2022-04-03,mix,456,3,107,1,5,1
fixed_memory,2022-04-03,2022-04-04,mix,457,3,108,1,5,1
fixed_memory,2022-04-04,2022-04-05,mix,458,3,109,1,5,1
fixed_memory,2022-04-05,2022-04-06,mix,459,3,110,1,5,1
fixed_memory,2022-04-06,2022-04-07,mix,460,3,111,1,5,1
fixed_memory,2022-04-07,2022-04-08,mix,461,3,112,1,5,1
fixed_memory,2022-04-08,2022-04-09,mix,462,3,113,1,5,1
fixed_memory,2022-04-09,2022-04-10,mix,463,3,114,1,5,1
fixed_memory,2022-04-10,2022-04-11,mix,464,3,115,1,5,1
fixed_memory,2022-04-11,2022-04-12,mix,465,3,116,1,5,1
fixed_memory,2022-04-12,2022-04-13,bear,466,3,206,1,5,1
fixed_memory,2022-04-13,2022-04-14,mix,467,3,117,1,5,1
fixed_memory,2022-04-14,2022-04-15,mix,468,3,118,1,5,1
fixed_memory,2022-04-15,2022-04-16,bear,469,3,207,1,5,1
fixed_memory,2022-04-16,2022-04-17,mix,470,3,119,1,5,1
fixed_memory,2022-04-17,2022-04-18,bear,471,3,208,1,5,1
fixed_memory,2022-04-18,2022-04-19,bear,472,3,209,1,5,1
fixed_memory,2022-04-19,2022-04-20,bear,473,3,210,1,5,1
fixed_memory,2022-04-20,2022-04-21,mix,474,3,120,1,5,1
fixed_memory,2022-04-21,2022-04-22,mix,475,3,121,1,5,1
fixed_memory,2022-04-22,2022-04-23,bear,476,3,211,1,5,1
fixed_memory,2022-04-23,2022-04-24,bear,477,3,212,1,5,1
fixed_memory,2022-04-24,2022-04-25,bear,478,3,213,1,5,1
fixed_memory,2022-04-25,2022-04-26,bear,479,3,214,1,5,1
fixed_memory,2022-04-26,2022-04-27,bear,480,3,215,1,5,1
fixed_memory,2022-04-27,2022-04-28,bear,481,3,216,1,5,1
fixed_memory,2022-04-28,2022-04-29,bear,482,3,217,1,5,1
fixed_memory,2022-04-29,2022-04-30,bear,483,3,218,1,5,1
fixed_memory,2022-04-30,2022-05-01,bear,484,3,219,1,5,1
fixed_memory,2022-05-01,2022-05-02,bear,485,3,220,1,5,1
fixed_memory,2022-05-02,2022-05-03,bear,486,3,221,1,5,1
fixed_memory,2022-05-03,2022-05-04,bear,487,3,222,1,5,1
fixed_memory,2022-05-04,2022-05-05,bear,488,3,223,1,5,1
fixed_memory,2022-05-05,2022-05-06,bear,489,3,224,1,5,1
fixed_memory,2022-05-06,2022-05-07,bear,490,3,225,1,5,1
fixed_memory,2022-05-07,2022-05-08,bear,491,3,226,1,5,1
fixed_memory,2022-05-08,2022-05-09,bear,492,3,227,1,5,1
fixed_memory,2022-05-09,2022-05-10,bear,493,3,228,1,5,1
fixed_memory,2022-05-10,2022-05-11,bear,494,3,229,1,5,1
fixed_memory,2022-05-11,2022-05-12,bear,495,3,230,1,5,1
fixed_memory,2022-05-12,2022-05-13,bear,496,3,231,1,5,1
fixed_memory,2022-05-13,2022-05-14,bear,497,3,232,1,5,1
fixed_memory,2022-05-14,2022-05-15,bear,498,3,233,1,5,1
fixed_memory,2022-05-15,2022-05-16,bear,499,3,234,1,5,1
fixed_memory,2022-05-16,2022-05-17,bear,500,3,235,1,5,1
fixed_memory,2022-05-17,2022-05-18,bear,501,3,236,1,5,1
fixed_memory,2022-05-18,2022-05-19,bear,502,3,237,1,5,1
fixed_memory,2022-05-19,2022-05-20,bear,503,3,238,1,5,1
fixed_memory,2022-05-20,2022-05-21,bear,504,3,239,1,5,1
fixed_memory,2022-05-21,2022-05-22,bear,505,3,240,1,5,1
fixed_memory,2022-05-22,2022-05-23,bear,506,3,241,1,5,1
fixed_memory,2022-05-23,2022-05-24,bear,507,3,242,1,5,1
fixed_memory,2022-05-24,2022-05-25,bear,508,3,243,1,5,1
fixed_memory,2022-05-25,2022-05-26,bear,509,3,244,1,5,1
fixed_memory,2022-05-26,2022-05-27,bear,510,3,245,1,5,1
fixed_memory,2022-05-27,2022-05-28,bear,511,3,246,1,5,1
fixed_memory,2022-05-28,2022-05-29,bear,512,3,247,1,5,1
fixed_memory,2022-05-29,2022-05-30,bear,513,3,248,1,5,1
fixed_memory,2022-05-30,2022-05-31,bear,514,3,249,1,5,1
fixed_memory,2022-05-31,2022-06-01,bear,515,3,250,1,5,1
fixed_memory,2022-06-01,2022-06-02,bear,516,3,251,1,5,1
fixed_memory,2022-06-02,2022-06-03,bear,517,3,252,1,5,1
fixed_memory,2022-06-03,2022-06-04,bear,518,3,253,1,5,1
fixed_memory,2022-06-04,2022-06-05,bear,519,3,254,1,5,1
fixed_memory,2022-06-05,2022-06-06,bear,520,3,255,1,5,1
fixed_memory,2022-06-06,2022-06-07,bear,521,3,256,1,5,1
fixed_memory,2022-06-07,2022-06-08,bear,522,3,257,1,5,1
fixed_memory,2022-06-08,2022-06-09,bear,523,3,258,1,5,1
fixed_memory,2022-06-09,2022-06-10,bear,524,3,259,1,5,1
fixed_memory,2022-06-10,2022-06-11,bear,525,3,260,1,5,1
fixed_memory,2022-06-11,2022-06-12,bear,526,3,261,1,5,1
fixed_memory,2022-06-12,2022-06-13,bear,527,3,262,1,5,1
fixed_memory,2022-06-13,2022-06-14,bear,528,3,263,1,5,1
fixed_memory,2022-06-14,2022-06-15,bear,529,3,264,1,5,1
fixed_memory,2022-06-15,2022-06-16,bear,530,3,265,1,5,1
fixed_memory,2022-06-16,2022-06-17,bear,531,3,266,1,5,1
fixed_memory,2022-06-17,2022-06-18,bear,532,3,267,1,5,1
fixed_memory,2022-06-18,2022-06-19,bear,533,3,268,1,5,1
fixed_memory,2022-06-19,2022-06-20,bear,534,3,269,1,5,1
fixed_memory,2022-06-20,2022-06-21,bear,535,3,270,1,5,1
fixed_memory,2022-06-21,2022-06-22,bear,536,3,271,1,5,1
fixed_memory,2022-06-22,2022-06-23,bear,537,3,272,1,5,1
fixed_memory,2022-06-23,2022-06-24,bear,538,3,273,1,5,1
fixed_memory,2022-06-24,2022-06-25,bear,539,3,274,1,5,1
fixed_memory,2022-06-25,2022-06-26,bear,540,3,275,1,5,1
fixed_memory,2022-06-26,2022-06-27,bear,541,3,276,1,5,1
fixed_memory,2022-06-27,2022-06-28,bear,542,3,277,1,5,1
fixed_memory,2022-06-28,2022-06-29,bear,543,3,278,1,5,1
fixed_memory,2022-06-29,2022-06-30,bear,544,3,279,1,5,1
fixed_memory,2022-06-30,2022-07-01,bear,545,3,280,1,5,1
fixed_memory,2022-07-01,2022-07-02,bear,546,3,281,1,5,1
fixed_memory,2022-07-02,2022-07-03,bear,547,3,282,1,5,1
fixed_memory,2022-07-03,2022-07-04,bear,548,3,283,1,5,1
fixed_memory,2022-07-04,2022-07-05,bear,549,3,284,1,5,1
fixed_memory,2022-07-05,2022-07-06,bear,550,3,285,1,5,1
fixed_memory,2022-07-06,2022-07-07,bear,551,3,286,1,5,1
fixed_memory,2022-07-07,2022-07-08,bear,552,3,287,1,5,1
fixed_memory,2022-07-08,2022-07-09,bear,553,3,288,1,5,1
fixed_memory,2022-07-09,2022-07-10,bear,554,3,289,1,5,1
fixed_memory,2022-07-10,2022-07-11,bear,555,3,290,1,5,1
fixed_memory,2022-07-11,2022-07-12,bear,556,3,291,1,5,1
fixed_memory,2022-07-12,2022-07-13,bear,557,3,292,1,5,1
fixed_memory,2022-07-13,2022-07-14,bear,558,3,293,1,5,1
fixed_memory,2022-07-14,2022-07-15,bear,559,3,294,1,5,1
fixed_memory,2022-07-15,2022-07-16,bear,560,3,295,1,5,1
fixed_memory,2022-07-16,2022-07-17,bear,561,3,296,1,5,1
fixed_memory,2022-07-17,2022-07-18,bear,562,3,297,1,5,1
fixed_memory,2022-07-18,2022-07-19,bear,563,3,298,1,5,1
fixed_memory,2022-07-19,2022-07-20,bear,564,3,299,1,5,1
fixed_memory,2022-07-20,2022-07-21,bear,565,3,300,1,5,1
fixed_memory,2022-07-21,2022-07-22,bear,566,3,301,1,5,1
fixed_memory,2022-07-22,2022-07-23,bear,567,3,302,1,5,1
fixed_memory,2022-07-23,2022-07-24,bear,568,3,303,1,5,1
fixed_memory,2022-07-24,2022-07-25,bear,569,3,304,1,5,1
fixed_memory,2022-07-25,2022-07-26,bear,570,3,305,1,5,1
fixed_memory,2022-07-26,2022-07-27,bear,571,3,306,1,5,1
fixed_memory,2022-07-27,2022-07-28,bear,572,3,307,1,5,1
fixed_memory,2022-07-28,2022-07-29,bear,573,3,308,1,5,1
fixed_memory,2022-07-29,2022-07-30,bear,574,3,309,1,5,1
fixed_memory,2022-07-30,2022-07-31,bear,575,3,310,1,5,1
fixed_memory,2022-07-31,2022-08-01,bear,576,3,311,1,5,1
fixed_memory,2022-08-01,2022-08-02,bear,577,3,312,1,5,1
fixed_memory,2022-08-02,2022-08-03,bear,578,3,313,1,5,1
fixed_memory,2022-08-03,2022-08-04,bear,579,3,314,1,5,1
fixed_memory,2022-08-04,2022-08-05,bear,580,3,315,1,5,1
fixed_memory,2022-08-05,2022-08-06,bear,581,3,316,1,5,1
fixed_memory,2022-08-06,2022-08-07,bear,582,3,317,1,5,1
fixed_memory,2022-08-07,2022-08-08,bear,583,3,318,1,5,1
fixed_memory,2022-08-08,2022-08-09,bear,584,3,319,1,5,1
fixed_memory,2022-08-09,2022-08-10,bear,585,3,320,1,5,1
fixed_memory,2022-08-10,2022-08-11,bear,586,3,321,1,5,1
fixed_memory,2022-08-11,2022-08-12,bear,587,3,322,1,5,1
fixed_memory,2022-08-12,2022-08-13,bear,588,3,323,1,5,1
fixed_memory,2022-08-13,2022-08-14,bear,589,3,324,1,5,1
fixed_memory,2022-08-14,2022-08-15,bear,590,3,325,1,5,1
fixed_memory,2022-08-15,2022-08-16,bear,591,3,326,1,5,1
fixed_memory,2022-08-16,2022-08-17,bear,592,3,327,1,5,1
fixed_memory,2022-08-17,2022-08-18,bear,593,3,328,1,5,1
fixed_memory,2022-08-18,2022-08-19,bear,594,3,329,1,5,1
fixed_memory,2022-08-19,2022-08-20,bear,595,3,330,1,5,1
fixed_memory,2022-08-20,2022-08-21,bear,596,3,331,1,5,1
fixed_memory,2022-08-21,2022-08-22,bear,597,3,332,1,5,1
fixed_memory,2022-08-22,2022-08-23,bear,598,3,333,1,5,1
fixed_memory,2022-08-23,2022-08-24,bear,599,3,334,1,5,1
fixed_memory,2022-08-24,2022-08-25,bear,600,3,335,1,5,1
fixed_memory,2022-08-25,2022-08-26,bear,601,3,336,1,5,1
fixed_memory,2022-08-26,2022-08-27,bear,602,3,337,1,5,1
fixed_memory,2022-08-27,2022-08-28,bear,603,3,338,1,5,1
fixed_memory,2022-08-28,2022-08-29,bear,604,3,339,1,5,1
fixed_memory,2022-08-29,2022-08-30,bear,605,3,340,1,5,1
fixed_memory,2022-08-30,2022-08-31,bear,606,3,341,1,5,1
fixed_memory,2022-08-31,2022-09-01,bear,607,3,342,1,5,1
fixed_memory,2022-09-01,2022-09-02,bear,608,3,343,1,5,1
fixed_memory,2022-09-02,2022-09-03,bear,609,3,344,1,5,1
fixed_memory,2022-09-03,2022-09-04,bear,610,3,345,1,5,1
fixed_memory,2022-09-04,2022-09-05,bear,611,3,346,1,5,1
fixed_memory,2022-09-05,2022-09-06,bear,612,3,347,1,5,1
fixed_memory,2022-09-06,2022-09-07,bear,613,3,348,1,5,1
fixed_memory,2022-09-07,2022-09-08,bear,614,3,349,1,5,1
fixed_memory,2022-09-08,2022-09-09,bear,615,3,350,1,5,1
fixed_memory,2022-09-09,2022-09-10,bear,616,3,351,1,5,1
fixed_memory,2022-09-10,2022-09-11,bear,617,3,352,1,5,1
fixed_memory,2022-09-11,2022-09-12,bear,618,3,353,1,5,1
fixed_memory,2022-09-12,2022-09-13,bear,619,3,354,1,5,1
fixed_memory,2022-09-13,2022-09-14,bear,620,3,355,1,5,1
fixed_memory,2022-09-14,2022-09-15,bear,621,3,356,1,5,1
fixed_memory,2022-09-15,2022-09-16,bear,622,3,357,1,5,1
fixed_memory,2022-09-16,2022-09-17,bear,623,3,358,1,5,1
fixed_memory,2022-09-17,2022-09-18,bear,624,3,359,1,5,1
fixed_memory,2022-09-18,2022-09-19,bear,625,3,360,1,5,1
fixed_memory,2022-09-19,2022-09-20,bear,626,3,361,1,5,1
fixed_memory,2022-09-20,2022-09-21,bear,627,3,362,1,5,1
fixed_memory,2022-09-21,2022-09-22,bear,628,3,363,1,5,1
fixed_memory,2022-09-22,2022-09-23,bear,629,3,364,1,5,1
fixed_memory,2022-09-23,2022-09-24,bear,630,3,365,1,5,1
fixed_memory,2022-09-24,2022-09-25,bear,631,3,366,1,5,1
fixed_memory,2022-09-25,2022-09-26,bear,632,3,367,1,5,1
fixed_memory,2022-09-26,2022-09-27,bear,633,3,368,1,5,1
fixed_memory,2022-09-27,2022-09-28,bear,634,3,369,1,5,1
fixed_memory,2022-09-28,2022-09-29,bear,635,3,370,1,5,1
fixed_memory,2022-09-29,2022-09-30,bear,636,3,371,1,5,1
fixed_memory,2022-09-30,2022-10-01,bear,637,3,372,1,5,1
fixed_memory,2022-10-01,2022-10-02,bear,638,3,373,1,5,1
fixed_memory,2022-10-02,2022-10-03,bear,639,3,374,1,5,1
fixed_memory,2022-10-03,2022-10-04,bear,640,3,375,1,5,1
fixed_memory,2022-10-04,2022-10-05,bear,641,3,376,1,5,1
fixed_memory,2022-10-05,2022-10-06,bear,642,3,377,1,5,1
fixed_memory,2022-10-06,2022-10-07,bear,643,3,378,1,5,1
fixed_memory,2022-10-07,2022-10-08,bear,644,3,379,1,5,1
fixed_memory,2022-10-08,2022-10-09,bear,645,3,380,1,5,1
fixed_memory,2022-10-09,2022-10-10,bear,646,3,381,1,5,1
fixed_memory,2022-10-10,2022-10-11,bear,647,3,382,1,5,1
fixed_memory,2022-10-11,2022-10-12,bear,648,3,383,1,5,1
fixed_memory,2022-10-12,2022-10-13,bear,649,3,384,1,5,1
fixed_memory,2022-10-13,2022-10-14,bear,650,3,385,1,5,1
fixed_memory,2022-10-14,2022-10-15,bear,651,3,386,1,5,1
fixed_memory,2022-10-15,2022-10-16,bear,652,3,387,1,5,1
fixed_memory,2022-10-16,2022-10-17,bear,653,3,388,1,5,1
fixed_memory,2022-10-17,2022-10-18,bear,654,3,389,1,5,1
fixed_memory,2022-10-18,2022-10-19,bear,655,3,390,1,5,1
fixed_memory,2022-10-19,2022-10-20,bear,656,3,391,1,5,1
fixed_memory,2022-10-20,2022-10-21,bear,657,3,392,1,5,1
fixed_memory,2022-10-21,2022-10-22,bear,658,3,393,1,5,1
fixed_memory,2022-10-22,2022-10-23,bear,659,3,394,1,5,1
fixed_memory,2022-10-23,2022-10-24,bear,660,3,395,1,5,1
fixed_memory,2022-10-24,2022-10-25,mix,661,3,122,1,5,1
fixed_memory,2022-10-25,2022-10-26,mix,662,3,123,1,5,1
fixed_memory,2022-10-26,2022-10-27,mix,663,3,124,1,5,1
fixed_memory,2022-10-27,2022-10-28,mix,664,3,125,1,5,1
fixed_memory,2022-10-28,2022-10-29,mix,665,3,126,1,5,1
fixed_memory,2022-10-29,2022-10-30,mix,666,3,127,1,5,1
fixed_memory,2022-10-30,2022-10-31,mix,667,3,128,1,5,1
fixed_memory,2022-10-31,2022-11-01,mix,668,3,129,1,5,1
fixed_memory,2022-11-01,2022-11-02,mix,669,3,130,1,5,1
fixed_memory,2022-11-02,2022-11-03,mix,670,3,131,1,5,1
fixed_memory,2022-11-03,2022-11-04,mix,671,3,132,1,5,1
fixed_memory,2022-11-04,2022-11-05,mix,672,3,133,1,5,1
fixed_memory,2022-11-05,2022-11-06,mix,673,3,134,1,5,1
fixed_memory,2022-11-06,2022-11-07,mix,674,3,135,1,5,1
fixed_memory,2022-11-07,2022-11-08,mix,675,3,136,1,5,1
fixed_memory,2022-11-08,2022-11-09,mix,676,3,137,1,5,1
fixed_memory,2022-11-09,2022-11-10,bear,677,3,396,1,5,1
fixed_memory,2022-11-10,2022-11-11,bear,678,3,397,1,5,1
fixed_memory,2022-11-11,2022-11-12,bear,679,3,398,1,5,1
fixed_memory,2022-11-12,2022-11-13,bear,680,3,399,1,5,1
fixed_memory,2022-11-13,2022-11-14,bear,681,3,400,1,5,1
fixed_memory,2022-11-14,2022-11-15,bear,682,3,401,1,5,1
fixed_memory,2022-11-15,2022-11-16,bear,683,3,402,1,5,1
fixed_memory,2022-11-16,2022-11-17,bear,684,3,403,1,5,1
fixed_memory,2022-11-17,2022-11-18,bear,685,3,404,1,5,1
fixed_memory,2022-11-18,2022-11-19,bear,686,3,405,1,5,1
fixed_memory,2022-11-19,2022-11-20,bear,687,3,406,1,5,1
fixed_memory,2022-11-20,2022-11-21,bear,688,3,407,1,5,1
fixed_memory,2022-11-21,2022-11-22,bear,689,3,408,1,5,1
fixed_memory,2022-11-22,2022-11-23,bear,690,3,409,1,5,1
fixed_memory,2022-11-23,2022-11-24,bear,691,3,410,1,5,1
fixed_memory,2022-11-24,2022-11-25,bear,692,3,411,1,5,1
fixed_memory,2022-11-25,2022-11-26,bear,693,3,412,1,5,1
fixed_memory,2022-11-26,2022-11-27,bear,694,3,413,1,5,1
fixed_memory,2022-11-27,2022-11-28,bear,695,3,414,1,5,1
fixed_memory,2022-11-28,2022-11-29,bear,696,3,415,1,5,1
fixed_memory,2022-11-29,2022-11-30,bear,697,3,416,1,5,1
fixed_memory,2022-11-30,2022-12-01,bear,698,3,417,1,5,1
fixed_memory,2022-12-01,2022-12-02,bear,699,3,418,1,5,1
fixed_memory,2022-12-02,2022-12-03,bear,700,3,419,1,5,1
fixed_memory,2022-12-03,2022-12-04,bear,701,3,420,1,5,1
fixed_memory,2022-12-04,2022-12-05,bear,702,3,421,1,5,1
fixed_memory,2022-12-05,2022-12-06,bear,703,3,422,1,5,1
fixed_memory,2022-12-06,2022-12-07,bear,704,3,423,1,5,1
fixed_memory,2022-12-07,2022-12-08,bear,705,3,424,1,5,1
fixed_memory,2022-12-08,2022-12-09,bear,706,3,425,1,5,1
fixed_memory,2022-12-09,2022-12-10,bear,707,3,426,1,5,1
fixed_memory,2022-12-10,2022-12-11,bear,708,3,427,1,5,1
fixed_memory,2022-12-11,2022-12-12,bear,709,3,428,1,5,1
fixed_memory,2022-12-12,2022-12-13,bear,710,3,429,1,5,1
fixed_memory,2022-12-13,2022-12-14,mix,711,3,138,1,5,1
fixed_memory,2022-12-14,2022-12-15,mix,712,3,139,1,5,1
fixed_memory,2022-12-15,2022-12-16,mix,713,3,140,1,5,1
fixed_memory,2022-12-16,2022-12-17,mix,714,3,141,1,5,1
fixed_memory,2022-12-17,2022-12-18,bear,715,3,430,1,5,1
fixed_memory,2022-12-18,2022-12-19,bear,716,3,431,1,5,1
fixed_memory,2022-12-19,2022-12-20,bear,717,3,432,1,5,1
fixed_memory,2022-12-20,2022-12-21,bear,718,3,433,1,5,1
fixed_memory,2022-12-21,2022-12-22,bear,719,3,434,1,5,1
fixed_memory,2022-12-22,2022-12-23,bear,720,3,435,1,5,1
fixed_memory,2022-12-23,2022-12-24,bear,721,3,436,1,5,1
fixed_memory,2022-12-24,2022-12-25,bear,722,3,437,1,5,1
fixed_memory,2022-12-25,2022-12-26,bear,723,3,438,1,5,1
fixed_memory,2022-12-26,2022-12-27,bear,724,3,439,1,5,1
fixed_memory,2022-12-27,2022-12-28,bear,725,3,440,1,5,1
fixed_memory,2022-12-28,2022-12-29,bear,726,3,441,1,5,1
fixed_memory,2022-12-29,2022-12-30,bear,727,3,442,1,5,1
fixed_memory,2022-12-30,2022-12-31,bear,728,3,443,1,5,1
fixed_memory,2022-12-31,2023-01-01,bear,729,3,444,1,5,1
fixed_memory,2023-01-01,2023-01-02,mix,730,3,142,1,5,1
fixed_memory,2023-01-02,2023-01-03,mix,731,3,143,1,5,1
fixed_memory,2023-01-03,2023-01-04,mix,732,3,144,1,5,1
fixed_memory,2023-01-04,2023-01-05,mix,733,3,145,1,5,1
fixed_memory,2023-01-05,2023-01-06,mix,734,3,146,1,5,1
fixed_memory,2023-01-06,2023-01-07,mix,735,3,147,1,5,1
fixed_memory,2023-01-07,2023-01-08,mix,736,3,148,1,5,1
fixed_memory,2023-01-08,2023-01-09,mix,737,3,149,1,5,1
fixed_memory,2023-01-09,2023-01-10,mix,738,3,150,1,5,1
fixed_memory,2023-01-10,2023-01-11,mix,739,3,151,1,5,1
fixed_memory,2023-01-11,2023-01-12,mix,740,3,152,1,5,1
fixed_memory,2023-01-12,2023-01-13,mix,741,3,153,1,5,1
fixed_memory,2023-01-13,2023-01-14,mix,742,3,154,1,5,1
fixed_memory,2023-01-14,2023-01-15,mix,743,3,155,1,5,1
fixed_memory,2023-01-15,2023-01-16,bull,744,3,143,2,5,2
fixed_memory,2023-01-16,2023-01-17,bull,745,3,144,2,5,1
fixed_memory,2023-01-17,2023-01-18,bull,746,3,145,2,5,1
fixed_memory,2023-01-18,2023-01-19,bull,747,3,146,2,5,1
fixed_memory,2023-01-19,2023-01-20,bull,748,3,147,2,5,2
fixed_memory,2023-01-20,2023-01-21,bull,749,3,148,2,5,1
fixed_memory,2023-01-21,2023-01-22,bull,750,3,149,2,5,1
fixed_memory,2023-01-22,2023-01-23,bull,751,3,150,2,5,1
fixed_memory,2023-01-23,2023-01-24,bull,752,3,151,2,5,1
fixed_memory,2023-01-24,2023-01-25,bull,753,3,152,2,5,1
fixed_memory,2023-01-25,2023-01-26,bull,754,3,153,2,5,1
fixed_memory,2023-01-26,2023-01-27,bull,755,3,154,2,5,1
fixed_memory,2023-01-27,2023-01-28,bull,756,3,155,2,5,1
fixed_memory,2023-01-28,2023-01-29,bull,757,3,156,2,5,1
fixed_memory,2023-01-29,2023-01-30,bull,758,3,157,2,5,1
fixed_memory,2023-01-30,2023-01-31,bull,759,3,158,2,5,1
fixed_memory,2023-01-31,2023-02-01,bull,760,3,159,2,5,1
fixed_memory,2023-02-01,2023-02-02,bull,761,3,160,2,5,1
fixed_memory,2023-02-02,2023-02-03,bull,762,3,161,2,5,1
fixed_memory,2023-02-03,2023-02-04,bull,763,3,162,2,5,1
fixed_memory,2023-02-04,2023-02-05,bull,764,3,163,2,5,1
fixed_memory,2023-02-05,2023-02-06,bull,765,3,164,2,5,1
fixed_memory,2023-02-06,2023-02-07,bull,766,3,165,2,5,1
fixed_memory,2023-02-07,2023-02-08,bull,767,3,166,2,5,1
fixed_memory,2023-02-08,2023-02-09,bull,768,3,167,2,5,1
fixed_memory,2023-02-09,2023-02-10,bull,769,3,168,2,5,2
fixed_memory,2023-02-10,2023-02-11,bull,770,3,169,2,5,1
fixed_memory,2023-02-11,2023-02-12,bull,771,3,170,2,5,1
fixed_memory,2023-02-12,2023-02-13,bull,772,3,171,2,5,2
fixed_memory,2023-02-13,2023-02-14,mix,773,3,156,1,5,1
fixed_memory,2023-02-14,2023-02-15,mix,774,3,157,1,5,1
fixed_memory,2023-02-15,2023-02-16,bull,775,3,172,2,5,1
fixed_memory,2023-02-16,2023-02-17,bull,776,3,173,2,5,2
fixed_memory,2023-02-17,2023-02-18,bull,777,3,174,2,5,2
fixed_memory,2023-02-18,2023-02-19,bull,778,3,175,2,5,2
fixed_memory,2023-02-19,2023-02-20,bull,779,3,176,2,5,2
fixed_memory,2023-02-20,2023-02-21,bull,780,3,177,2,5,1
fixed_memory,2023-02-21,2023-02-22,bull,781,3,178,2,5,2
fixed_memory,2023-02-22,2023-02-23,bull,782,3,179,2,5,2
fixed_memory,2023-02-23,2023-02-24,bull,783,3,180,2,5,2
fixed_memory,2023-02-24,2023-02-25,bull,784,3,181,2,5,2
fixed_memory,2023-02-25,2023-02-26,mix,785,3,158,1,5,1
fixed_memory,2023-02-26,2023-02-27,mix,786,3,159,1,5,1
fixed_memory,2023-02-27,2023-02-28,bull,787,3,182,2,5,1
fixed_memory,2023-02-28,2023-03-01,bull,788,3,183,2,5,1
fixed_memory,2023-03-01,2023-03-02,mix,789,3,160,1,5,1
fixed_memory,2023-03-02,2023-03-03,bull,790,3,184,2,5,1
fixed_memory,2023-03-03,2023-03-04,mix,791,3,161,1,5,1
fixed_memory,2023-03-04,2023-03-05,mix,792,3,162,1,5,1
fixed_memory,2023-03-05,2023-03-06,mix,793,3,163,1,5,1
fixed_memory,2023-03-06,2023-03-07,mix,794,3,164,1,5,1
fixed_memory,2023-03-07,2023-03-08,mix,795,3,165,1,5,1
fixed_memory,2023-03-08,2023-03-09,mix,796,3,166,1,5,1
fixed_memory,2023-03-09,2023-03-10,mix,797,3,167,1,5,1
fixed_memory,2023-03-10,2023-03-11,mix,798,3,168,1,5,1
fixed_memory,2023-03-11,2023-03-12,mix,799,3,169,1,5,1
fixed_memory,2023-03-12,2023-03-13,mix,800,3,170,1,5,1
fixed_memory,2023-03-13,2023-03-14,mix,801,3,171,1,5,1
fixed_memory,2023-03-14,2023-03-15,mix,802,3,172,1,5,1
fixed_memory,2023-03-15,2023-03-16,mix,803,3,173,1,5,1
fixed_memory,2023-03-16,2023-03-17,mix,804,3,174,1,5,1
fixed_memory,2023-03-17,2023-03-18,mix,805,3,175,1,5,1
fixed_memory,2023-03-18,2023-03-19,bull,806,3,185,2,5,2
fixed_memory,2023-03-19,2023-03-20,bull,807,3,186,2,5,2
fixed_memory,2023-03-20,2023-03-21,bull,808,3,187,2,5,2
fixed_memory,2023-03-21,2023-03-22,bull,809,3,188,2,5,2
fixed_memory,2023-03-22,2023-03-23,bull,810,3,189,2,5,2
fixed_memory,2023-03-23,2023-03-24,mix,811,3,176,1,5,1
fixed_memory,2023-03-24,2023-03-25,bull,812,3,190,2,5,2
fixed_memory,2023-03-25,2023-03-26,bull,813,3,191,2,5,1
fixed_memory,2023-03-26,2023-03-27,bull,814,3,192,2,5,2
fixed_memory,2023-03-27,2023-03-28,bull,815,3,193,2,5,2
fixed_memory,2023-03-28,2023-03-29,bull,816,3,194,2,5,2
fixed_memory,2023-03-29,2023-03-30,bull,817,3,195,2,5,2
fixed_memory,2023-03-30,2023-03-31,bull,818,3,196,2,5,2
fixed_memory,2023-03-31,2023-04-01,bull,819,3,197,2,5,1
fixed_memory,2023-04-01,2023-04-02,bull,820,3,198,2,5,1
fixed_memory,2023-04-02,2023-04-03,bull,821,3,199,2,5,2
fixed_memory,2023-04-03,2023-04-04,bull,822,3,200,2,5,2
fixed_memory,2023-04-04,2023-04-05,bull,823,3,201,2,5,2
fixed_memory,2023-04-05,2023-04-06,bull,824,3,202,2,5,2
fixed_memory,2023-04-06,2023-04-07,bull,825,3,203,2,5,2
fixed_memory,2023-04-07,2023-04-08,bull,826,3,204,2,5,2
fixed_memory,2023-04-08,2023-04-09,bull,827,3,205,2,5,1
fixed_memory,2023-04-09,2023-04-10,bull,828,3,206,2,5,1
fixed_memory,2023-04-10,2023-04-11,bull,829,3,207,2,5,1
fixed_memory,2023-04-11,2023-04-12,bull,830,3,208,2,5,1
fixed_memory,2023-04-12,2023-04-13,bull,831,3,209,2,5,1
fixed_memory,2023-04-13,2023-04-14,bull,832,3,210,2,5,1
fixed_memory,2023-04-14,2023-04-15,bull,833,3,211,2,5,1
fixed_memory,2023-04-15,2023-04-16,bull,834,3,212,2,5,1
fixed_memory,2023-04-16,2023-04-17,bull,835,3,213,2,5,1
fixed_memory,2023-04-17,2023-04-18,bull,836,3,214,2,5,1
fixed_memory,2023-04-18,2023-04-19,bull,837,3,215,2,5,2
fixed_memory,2023-04-19,2023-04-20,bull,838,3,216,2,5,2
fixed_memory,2023-04-20,2023-04-21,bull,839,3,217,2,5,2
fixed_memory,2023-04-21,2023-04-22,bull,840,3,218,2,5,2
fixed_memory,2023-04-22,2023-04-23,mix,841,3,177,1,5,1
fixed_memory,2023-04-23,2023-04-24,bull,842,3,219,2,5,1
fixed_memory,2023-04-24,2023-04-25,bull,843,3,220,2,5,1
fixed_memory,2023-04-25,2023-04-26,mix,844,3,178,1,5,1
fixed_memory,2023-04-26,2023-04-27,mix,845,3,179,1,5,1
fixed_memory,2023-04-27,2023-04-28,bull,846,3,221,2,5,1
fixed_memory,2023-04-28,2023-04-29,bull,847,3,222,2,5,2
fixed_memory,2023-04-29,2023-04-30,bull,848,3,223,2,5,2
fixed_memory,2023-04-30,2023-05-01,bull,849,3,224,2,5,2
fixed_memory,2023-05-01,2023-05-02,bull,850,3,225,2,5,2
fixed_memory,2023-05-02,2023-05-03,mix,851,3,180,1,5,1
fixed_memory,2023-05-03,2023-05-04,mix,852,3,181,1,5,1
fixed_memory,2023-05-04,2023-05-05,bull,853,3,226,2,5,2
fixed_memory,2023-05-05,2023-05-06,bull,854,3,227,2,5,1
fixed_memory,2023-05-06,2023-05-07,bull,855,3,228,2,5,2
fixed_memory,2023-05-07,2023-05-08,bull,856,3,229,2,5,1
fixed_memory,2023-05-08,2023-05-09,mix,857,3,182,1,5,1
fixed_memory,2023-05-09,2023-05-10,mix,858,3,183,1,5,1
fixed_memory,2023-05-10,2023-05-11,mix,859,3,184,1,5,1
fixed_memory,2023-05-11,2023-05-12,mix,860,3,185,1,5,1
fixed_memory,2023-05-12,2023-05-13,mix,861,3,186,1,5,1
fixed_memory,2023-05-13,2023-05-14,mix,862,3,187,1,5,1
fixed_memory,2023-05-14,2023-05-15,mix,863,3,188,1,5,1
fixed_memory,2023-05-15,2023-05-16,mix,864,3,189,1,5,1
fixed_memory,2023-05-16,2023-05-17,mix,865,3,190,1,5,1
fixed_memory,2023-05-17,2023-05-18,mix,866,3,191,1,5,1
fixed_memory,2023-05-18,2023-05-19,mix,867,3,192,1,5,1
fixed_memory,2023-05-19,2023-05-20,mix,868,3,193,1,5,1
fixed_memory,2023-05-20,2023-05-21,mix,869,3,194,1,5,1
fixed_memory,2023-05-21,2023-05-22,mix,870,3,195,1,5,1
fixed_memory,2023-05-22,2023-05-23,mix,871,3,196,1,5,1
fixed_memory,2023-05-23,2023-05-24,mix,872,3,197,1,5,1
fixed_memory,2023-05-24,2023-05-25,mix,873,3,198,1,5,1
fixed_memory,2023-05-25,2023-05-26,mix,874,3,199,1,5,1
fixed_memory,2023-05-26,2023-05-27,mix,875,3,200,1,5,1
fixed_memory,2023-05-27,2023-05-28,mix,876,3,201,1,5,1
fixed_memory,2023-05-28,2023-05-29,mix,877,3,202,1,5,1
fixed_memory,2023-05-29,2023-05-30,mix,878,3,203,1,5,1
fixed_memory,2023-05-30,2023-05-31,mix,879,3,204,1,5,1
fixed_memory,2023-05-31,2023-06-01,mix,880,3,205,1,5,1
fixed_memory,2023-06-01,2023-06-02,mix,881,3,206,1,5,1
fixed_memory,2023-06-02,2023-06-03,mix,882,3,207,1,5,1
fixed_memory,2023-06-03,2023-06-04,mix,883,3,208,1,5,1
fixed_memory,2023-06-04,2023-06-05,mix,884,3,209,1,5,1
fixed_memory,2023-06-05,2023-06-06,mix,885,3,210,1,5,1
fixed_memory,2023-06-06,2023-06-07,mix,886,3,211,1,5,1
fixed_memory,2023-06-07,2023-06-08,mix,887,3,212,1,5,1
fixed_memory,2023-06-08,2023-06-09,mix,888,3,213,1,5,1
fixed_memory,2023-06-09,2023-06-10,mix,889,3,214,1,5,1
fixed_memory,2023-06-10,2023-06-11,mix,890,3,215,1,5,1
fixed_memory,2023-06-11,2023-06-12,mix,891,3,216,1,5,1
fixed_memory,2023-06-12,2023-06-13,mix,892,3,217,1,5,1
fixed_memory,2023-06-13,2023-06-14,mix,893,3,218,1,5,1
fixed_memory,2023-06-14,2023-06-15,mix,894,3,219,1,5,1
fixed_memory,2023-06-15,2023-06-16,mix,895,3,220,1,5,1
fixed_memory,2023-06-16,2023-06-17,mix,896,3,221,1,5,1
fixed_memory,2023-06-17,2023-06-18,mix,897,3,222,1,5,1
fixed_memory,2023-06-18,2023-06-19,mix,898,3,223,1,5,1
fixed_memory,2023-06-19,2023-06-20,mix,899,3,224,1,5,1
fixed_memory,2023-06-20,2023-06-21,mix,900,3,225,1,5,1
fixed_memory,2023-06-21,2023-06-22,mix,901,3,226,1,5,1
fixed_memory,2023-06-22,2023-06-23,mix,902,3,227,1,5,1
fixed_memory,2023-06-23,2023-06-24,mix,903,3,228,1,5,1
fixed_memory,2023-06-24,2023-06-25,bull,904,3,230,2,5,1
fixed_memory,2023-06-25,2023-06-26,bull,905,3,231,2,5,2
fixed_memory,2023-06-26,2023-06-27,bull,906,3,232,2,5,1
fixed_memory,2023-06-27,2023-06-28,mix,907,3,229,1,5,1
fixed_memory,2023-06-28,2023-06-29,mix,908,3,230,1,5,1
fixed_memory,2023-06-29,2023-06-30,mix,909,3,231,1,5,1
fixed_memory,2023-06-30,2023-07-01,bull,910,3,233,2,5,1
fixed_memory,2023-07-01,2023-07-02,bull,911,3,234,2,5,2
fixed_memory,2023-07-02,2023-07-03,bull,912,3,235,2,5,2
fixed_memory,2023-07-03,2023-07-04,bull,913,3,236,2,5,2
fixed_memory,2023-07-04,2023-07-05,bull,914,3,237,2,5,1
fixed_memory,2023-07-05,2023-07-06,bull,915,3,238,2,5,2
fixed_memory,2023-07-06,2023-07-07,bull,916,3,239,2,5,1
fixed_memory,2023-07-07,2023-07-08,bull,917,3,240,2,5,2
fixed_memory,2023-07-08,2023-07-09,bull,918,3,241,2,5,1
fixed_memory,2023-07-09,2023-07-10,bull,919,3,242,2,5,1
fixed_memory,2023-07-10,2023-07-11,bull,920,3,243,2,5,1
fixed_memory,2023-07-11,2023-07-12,bull,921,3,244,2,5,1
fixed_memory,2023-07-12,2023-07-13,bull,922,3,245,2,5,1
fixed_memory,2023-07-13,2023-07-14,bull,923,3,246,2,5,2
fixed_memory,2023-07-14,2023-07-15,bull,924,3,247,2,5,1
fixed_memory,2023-07-15,2023-07-16,bull,925,3,248,2,5,1
fixed_memory,2023-07-16,2023-07-17,bull,926,3,249,2,5,2
fixed_memory,2023-07-17,2023-07-18,bull,927,3,250,2,5,2
fixed_memory,2023-07-18,2023-07-19,mix,928,3,232,1,5,1
fixed_memory,2023-07-19,2023-07-20,mix,929,3,233,1,5,1
fixed_memory,2023-07-20,2023-07-21,mix,930,3,234,1,5,1
fixed_memory,2023-07-21,2023-07-22,mix,931,3,235,1,5,1
fixed_memory,2023-07-22,2023-07-23,mix,932,3,236,1,5,1
fixed_memory,2023-07-23,2023-07-24,mix,933,3,237,1,5,1
fixed_memory,2023-07-24,2023-07-25,mix,934,3,238,1,5,1
fixed_memory,2023-07-25,2023-07-26,mix,935,3,239,1,5,1
fixed_memory,2023-07-26,2023-07-27,mix,936,3,240,1,5,1
fixed_memory,2023-07-27,2023-07-28,mix,937,3,241,1,5,1
fixed_memory,2023-07-28,2023-07-29,mix,938,3,242,1,5,1
fixed_memory,2023-07-29,2023-07-30,mix,939,3,243,1,5,1
fixed_memory,2023-07-30,2023-07-31,mix,940,3,244,1,5,1
fixed_memory,2023-07-31,2023-08-01,mix,941,3,245,1,5,1
fixed_memory,2023-08-01,2023-08-02,mix,942,3,246,1,5,1
fixed_memory,2023-08-02,2023-08-03,mix,943,3,247,1,5,1
fixed_memory,2023-08-03,2023-08-04,mix,944,3,248,1,5,1
fixed_memory,2023-08-04,2023-08-05,mix,945,3,249,1,5,1
fixed_memory,2023-08-05,2023-08-06,mix,946,3,250,1,5,1
fixed_memory,2023-08-06,2023-08-07,mix,947,3,251,1,5,1
fixed_memory,2023-08-07,2023-08-08,mix,948,3,252,1,5,1
fixed_memory,2023-08-08,2023-08-09,mix,949,3,253,1,5,1
fixed_memory,2023-08-09,2023-08-10,mix,950,3,254,1,5,1
fixed_memory,2023-08-10,2023-08-11,mix,951,3,255,1,5,1
fixed_memory,2023-08-11,2023-08-12,mix,952,3,256,1,5,1
fixed_memory,2023-08-12,2023-08-13,mix,953,3,257,1,5,1
fixed_memory,2023-08-13,2023-08-14,mix,954,3,258,1,5,1
fixed_memory,2023-08-14,2023-08-15,mix,955,3,259,1,5,1
fixed_memory,2023-08-15,2023-08-16,mix,956,3,260,1,5,1
fixed_memory,2023-08-16,2023-08-17,mix,957,3,261,1,5,1
fixed_memory,2023-08-17,2023-08-18,mix,958,3,262,1,5,1
fixed_memory,2023-08-18,2023-08-19,mix,959,3,263,1,5,1
fixed_memory,2023-08-19,2023-08-20,mix,960,3,264,1,5,1
fixed_memory,2023-08-20,2023-08-21,mix,961,3,265,1,5,1
fixed_memory,2023-08-21,2023-08-22,mix,962,3,266,1,5,1
fixed_memory,2023-08-22,2023-08-23,mix,963,3,267,1,5,1
fixed_memory,2023-08-23,2023-08-24,mix,964,3,268,1,5,1
fixed_memory,2023-08-24,2023-08-25,mix,965,3,269,1,5,1
fixed_memory,2023-08-25,2023-08-26,mix,966,3,270,1,5,1
fixed_memory,2023-08-26,2023-08-27,mix,967,3,271,1,5,1
fixed_memory,2023-08-27,2023-08-28,mix,968,3,272,1,5,1
fixed_memory,2023-08-28,2023-08-29,mix,969,3,273,1,5,1
fixed_memory,2023-08-29,2023-08-30,mix,970,3,274,1,5,1
fixed_memory,2023-08-30,2023-08-31,mix,971,3,275,1,5,1
fixed_memory,2023-08-31,2023-09-01,mix,972,3,276,1,5,1
fixed_memory,2023-09-01,2023-09-02,mix,973,3,277,1,5,1
fixed_memory,2023-09-02,2023-09-03,mix,974,3,278,1,5,1
fixed_memory,2023-09-03,2023-09-04,mix,975,3,279,1,5,1
fixed_memory,2023-09-04,2023-09-05,mix,976,3,280,1,5,1
fixed_memory,2023-09-05,2023-09-06,mix,977,3,281,1,5,1
fixed_memory,2023-09-06,2023-09-07,mix,978,3,282,1,5,1
fixed_memory,2023-09-07,2023-09-08,mix,979,3,283,1,5,1
fixed_memory,2023-09-08,2023-09-09,mix,980,3,284,1,5,1
fixed_memory,2023-09-09,2023-09-10,mix,981,3,285,1,5,1
fixed_memory,2023-09-10,2023-09-11,mix,982,3,286,1,5,1
fixed_memory,2023-09-11,2023-09-12,mix,983,3,287,1,5,1
fixed_memory,2023-09-12,2023-09-13,mix,984,3,288,1,5,1
fixed_memory,2023-09-13,2023-09-14,mix,985,3,289,1,5,1
fixed_memory,2023-09-14,2023-09-15,mix,986,3,290,1,5,1
fixed_memory,2023-09-15,2023-09-16,mix,987,3,291,1,5,1
fixed_memory,2023-09-16,2023-09-17,mix,988,3,292,1,5,1
fixed_memory,2023-09-17,2023-09-18,mix,989,3,293,1,5,1
fixed_memory,2023-09-18,2023-09-19,mix,990,3,294,1,5,1
fixed_memory,2023-09-19,2023-09-20,mix,991,3,295,1,5,1
fixed_memory,2023-09-20,2023-09-21,mix,992,3,296,1,5,1
fixed_memory,2023-09-21,2023-09-22,mix,993,3,297,1,5,1
fixed_memory,2023-09-22,2023-09-23,mix,994,3,298,1,5,1
fixed_memory,2023-09-23,2023-09-24,mix,995,3,299,1,5,1
fixed_memory,2023-09-24,2023-09-25,mix,996,3,300,1,5,1
fixed_memory,2023-09-25,2023-09-26,mix,997,3,301,1,5,1
fixed_memory,2023-09-26,2023-09-27,mix,998,3,302,1,5,1
fixed_memory,2023-09-27,2023-09-28,mix,999,3,303,1,5,1
fixed_memory,2023-09-28,2023-09-29,mix,1000,3,304,1,5,1
fixed_memory,2023-09-29,2023-09-30,mix,1001,3,305,1,5,1
fixed_memory,2023-09-30,2023-10-01,mix,1002,3,306,1,5,1
fixed_memory,2023-10-01,2023-10-02,mix,1003,3,307,1,5,1
fixed_memory,2023-10-02,2023-10-03,mix,1004,3,308,1,5,1
fixed_memory,2023-10-03,2023-10-04,mix,1005,3,309,1,5,1
fixed_memory,2023-10-04,2023-10-05,mix,1006,3,310,1,5,1
fixed_memory,2023-10-05,2023-10-06,mix,1007,3,311,1,5,1
fixed_memory,2023-10-06,2023-10-07,mix,1008,3,312,1,5,1
fixed_memory,2023-10-07,2023-10-08,mix,1009,3,313,1,5,1
fixed_memory,2023-10-08,2023-10-09,mix,1010,3,314,1,5,1
fixed_memory,2023-10-09,2023-10-10,mix,1011,3,315,1,5,1
fixed_memory,2023-10-10,2023-10-11,mix,1012,3,316,1,5,1
fixed_memory,2023-10-11,2023-10-12,mix,1013,3,317,1,5,1
fixed_memory,2023-10-12,2023-10-13,mix,1014,3,318,1,5,1
fixed_memory,2023-10-13,2023-10-14,mix,1015,3,319,1,5,1
fixed_memory,2023-10-14,2023-10-15,mix,1016,3,320,1,5,1
fixed_memory,2023-10-15,2023-10-16,mix,1017,3,321,1,5,1
fixed_memory,2023-10-16,2023-10-17,mix,1018,3,322,1,5,1
fixed_memory,2023-10-17,2023-10-18,mix,1019,3,323,1,5,1
fixed_memory,2023-10-18,2023-10-19,bull,1020,3,251,2,5,1
fixed_memory,2023-10-19,2023-10-20,mix,1021,3,324,1,5,1
fixed_memory,2023-10-20,2023-10-21,mix,1022,3,325,1,5,1
fixed_memory,2023-10-21,2023-10-22,bull,1023,3,252,2,5,2
fixed_memory,2023-10-22,2023-10-23,bull,1024,3,253,2,5,1
fixed_memory,2023-10-23,2023-10-24,bull,1025,3,254,2,5,1
fixed_memory,2023-10-24,2023-10-25,bull,1026,3,255,2,5,1
fixed_memory,2023-10-25,2023-10-26,bull,1027,3,256,2,5,1
fixed_memory,2023-10-26,2023-10-27,bull,1028,3,257,2,5,1
fixed_memory,2023-10-27,2023-10-28,bull,1029,3,258,2,5,1
fixed_memory,2023-10-28,2023-10-29,bull,1030,3,259,2,5,1
fixed_memory,2023-10-29,2023-10-30,bull,1031,3,260,2,5,1
fixed_memory,2023-10-30,2023-10-31,bull,1032,3,261,2,5,1
fixed_memory,2023-10-31,2023-11-01,bull,1033,3,262,2,5,1
fixed_memory,2023-11-01,2023-11-02,bull,1034,3,263,2,5,1
fixed_memory,2023-11-02,2023-11-03,bull,1035,3,264,2,5,1
fixed_memory,2023-11-03,2023-11-04,bull,1036,3,265,2,5,1
fixed_memory,2023-11-04,2023-11-05,bull,1037,3,266,2,5,1
fixed_memory,2023-11-05,2023-11-06,bull,1038,3,267,2,5,1
fixed_memory,2023-11-06,2023-11-07,bull,1039,3,268,2,5,1
fixed_memory,2023-11-07,2023-11-08,bull,1040,3,269,2,5,1
fixed_memory,2023-11-08,2023-11-09,bull,1041,3,270,2,5,1
fixed_memory,2023-11-09,2023-11-10,bull,1042,3,271,2,5,1
fixed_memory,2023-11-10,2023-11-11,bull,1043,3,272,2,5,1
fixed_memory,2023-11-11,2023-11-12,bull,1044,3,273,2,5,1
fixed_memory,2023-11-12,2023-11-13,bull,1045,3,274,2,5,1
fixed_memory,2023-11-13,2023-11-14,bull,1046,3,275,2,5,1
fixed_memory,2023-11-14,2023-11-15,bull,1047,3,276,2,5,1
fixed_memory,2023-11-15,2023-11-16,bull,1048,3,277,2,5,1
fixed_memory,2023-11-16,2023-11-17,bull,1049,3,278,2,5,1
fixed_memory,2023-11-17,2023-11-18,bull,1050,3,279,2,5,1
fixed_memory,2023-11-18,2023-11-19,bull,1051,3,280,2,5,1
fixed_memory,2023-11-19,2023-11-20,bull,1052,3,281,2,5,1
fixed_memory,2023-11-20,2023-11-21,bull,1053,3,282,2,5,1
fixed_memory,2023-11-21,2023-11-22,bull,1054,3,283,2,5,1
fixed_memory,2023-11-22,2023-11-23,bull,1055,3,284,2,5,1
fixed_memory,2023-11-23,2023-11-24,bull,1056,3,285,2,5,1
fixed_memory,2023-11-24,2023-11-25,bull,1057,3,286,2,5,1
fixed_memory,2023-11-25,2023-11-26,bull,1058,3,287,2,5,1
fixed_memory,2023-11-26,2023-11-27,bull,1059,3,288,2,5,1
fixed_memory,2023-11-27,2023-11-28,bull,1060,3,289,2,5,1
fixed_memory,2023-11-28,2023-11-29,bull,1061,3,290,2,5,1
fixed_memory,2023-11-29,2023-11-30,bull,1062,3,291,2,5,1
fixed_memory,2023-11-30,2023-12-01,bull,1063,3,292,2,5,1
fixed_memory,2023-12-01,2023-12-02,bull,1064,3,293,2,5,1
fixed_memory,2023-12-02,2023-12-03,bull,1065,3,294,2,5,1
fixed_memory,2023-12-03,2023-12-04,bull,1066,3,295,2,5,1
fixed_memory,2023-12-04,2023-12-05,bull,1067,3,296,2,5,1
fixed_memory,2023-12-05,2023-12-06,bull,1068,3,297,2,5,1
fixed_memory,2023-12-06,2023-12-07,bull,1069,3,298,2,5,1
fixed_memory,2023-12-07,2023-12-08,bull,1070,3,299,2,5,1
fixed_memory,2023-12-08,2023-12-09,bull,1071,3,300,2,5,1
fixed_memory,2023-12-09,2023-12-10,bull,1072,3,301,2,5,1
fixed_memory,2023-12-10,2023-12-11,bull,1073,3,302,2,5,1
fixed_memory,2023-12-11,2023-12-12,bull,1074,3,303,2,5,1
fixed_memory,2023-12-12,2023-12-13,bull,1075,3,304,2,5,1
fixed_memory,2023-12-13,2023-12-14,bull,1076,3,305,2,5,2
fixed_memory,2023-12-14,2023-12-15,bull,1077,3,306,2,5,2
fixed_memory,2023-12-15,2023-12-16,bull,1078,3,307,2,5,1
fixed_memory,2023-12-16,2023-12-17,bull,1079,3,308,2,5,1
fixed_memory,2023-12-17,2023-12-18,bull,1080,3,309,2,5,1
fixed_memory,2023-12-18,2023-12-19,bull,1081,3,310,2,5,2
fixed_memory,2023-12-19,2023-12-20,bull,1082,3,311,2,5,1
fixed_memory,2023-12-20,2023-12-21,bull,1083,3,312,2,5,2
fixed_memory,2023-12-21,2023-12-22,bull,1084,3,313,2,5,1
fixed_memory,2023-12-22,2023-12-23,bull,1085,3,314,2,5,1
fixed_memory,2023-12-23,2023-12-24,bull,1086,3,315,2,5,1
fixed_memory,2023-12-24,2023-12-25,bull,1087,3,316,2,5,1
fixed_memory,2023-12-25,2023-12-26,bull,1088,3,317,2,5,1
fixed_memory,2023-12-26,2023-12-27,bull,1089,3,318,2,5,1
fixed_memory,2023-12-27,2023-12-28,bull,1090,3,319,2,5,1
fixed_memory,2023-12-28,2023-12-29,bull,1091,3,320,2,5,1
fixed_memory,2023-12-29,2023-12-30,bull,1092,3,321,2,5,1
fixed_memory,2023-12-30,2023-12-31,bull,1093,3,322,2,5,1
fixed_memory,2023-12-31,2024-01-01,bull,1094,3,323,2,5,1
fixed_memory,2024-01-01,2024-01-02,bull,1095,3,324,2,5,1
fixed_memory,2024-01-02,2024-01-03,bull,1096,3,325,2,5,1
fixed_memory,2024-01-03,2024-01-04,bull,1097,3,326,2,5,1
fixed_memory,2024-01-04,2024-01-05,bull,1098,3,327,2,5,2
fixed_memory,2024-01-05,2024-01-06,bull,1099,3,328,2,5,2
fixed_memory,2024-01-06,2024-01-07,bull,1100,3,329,2,5,2
fixed_memory,2024-01-07,2024-01-08,bull,1101,3,330,2,5,2
fixed_memory,2024-01-08,2024-01-09,bull,1102,3,331,2,5,1
fixed_memory,2024-01-09,2024-01-10,bull,1103,3,332,2,5,1
fixed_memory,2024-01-10,2024-01-11,bull,1104,3,333,2,5,1
fixed_memory,2024-01-11,2024-01-12,bull,1105,3,334,2,5,1
fixed_memory,2024-01-12,2024-01-13,bull,1106,3,335,2,5,2
fixed_memory,2024-01-13,2024-01-14,bull,1107,3,336,2,5,2
fixed_memory,2024-01-14,2024-01-15,mix,1108,3,326,1,5,1
fixed_memory,2024-01-15,2024-01-16,bull,1109,3,337,2,5,1
fixed_memory,2024-01-16,2024-01-17,bull,1110,3,338,2,5,2
fixed_memory,2024-01-17,2024-01-18,bull,1111,3,339,2,5,1
fixed_memory,2024-01-18,2024-01-19,mix,1112,3,327,1,5,1
fixed_memory,2024-01-19,2024-01-20,mix,1113,3,328,1,5,1
fixed_memory,2024-01-20,2024-01-21,mix,1114,3,329,1,5,1
fixed_memory,2024-01-21,2024-01-22,mix,1115,3,330,1,5,1
fixed_memory,2024-01-22,2024-01-23,mix,1116,3,331,1,5,1
fixed_memory,2024-01-23,2024-01-24,mix,1117,3,332,1,5,1
fixed_memory,2024-01-24,2024-01-25,mix,1118,3,333,1,5,1
fixed_memory,2024-01-25,2024-01-26,mix,1119,3,334,1,5,1
fixed_memory,2024-01-26,2024-01-27,mix,1120,3,335,1,5,1
fixed_memory,2024-01-27,2024-01-28,mix,1121,3,336,1,5,1
fixed_memory,2024-01-28,2024-01-29,mix,1122,3,337,1,5,1
fixed_memory,2024-01-29,2024-01-30,mix,1123,3,338,1,5,1
fixed_memory,2024-01-30,2024-01-31,mix,1124,3,339,1,5,1
fixed_memory,2024-01-31,2024-02-01,mix,1125,3,340,1,5,1
fixed_memory,2024-02-01,2024-02-02,mix,1126,3,341,1,5,1
fixed_memory,2024-02-02,2024-02-03,mix,1127,3,342,1,5,1
fixed_memory,2024-02-03,2024-02-04,mix,1128,3,343,1,5,1
fixed_memory,2024-02-04,2024-02-05,mix,1129,3,344,1,5,1
fixed_memory,2024-02-05,2024-02-06,mix,1130,3,345,1,5,1
fixed_memory,2024-02-06,2024-02-07,mix,1131,3,346,1,5,1
fixed_memory,2024-02-07,2024-02-08,mix,1132,3,347,1,5,1
fixed_memory,2024-02-08,2024-02-09,bull,1133,3,340,2,5,2
fixed_memory,2024-02-09,2024-02-10,bull,1134,3,341,2,5,2
fixed_memory,2024-02-10,2024-02-11,bull,1135,3,342,2,5,1
fixed_memory,2024-02-11,2024-02-12,bull,1136,3,343,2,5,1
fixed_memory,2024-02-12,2024-02-13,bull,1137,3,344,2,5,1
fixed_memory,2024-02-13,2024-02-14,bull,1138,3,345,2,5,1
fixed_memory,2024-02-14,2024-02-15,bull,1139,3,346,2,5,1
fixed_memory,2024-02-15,2024-02-16,bull,1140,3,347,2,5,1
fixed_memory,2024-02-16,2024-02-17,bull,1141,3,348,2,5,1
fixed_memory,2024-02-17,2024-02-18,bull,1142,3,349,2,5,1
fixed_memory,2024-02-18,2024-02-19,bull,1143,3,350,2,5,1
fixed_memory,2024-02-19,2024-02-20,bull,1144,3,351,2,5,1
fixed_memory,2024-02-20,2024-02-21,bull,1145,3,352,2,5,1
fixed_memory,2024-02-21,2024-02-22,bull,1146,3,353,2,5,1
fixed_memory,2024-02-22,2024-02-23,bull,1147,3,354,2,5,1
fixed_memory,2024-02-23,2024-02-24,bull,1148,3,355,2,5,1
fixed_memory,2024-02-24,2024-02-25,bull,1149,3,356,2,5,1
fixed_memory,2024-02-25,2024-02-26,bull,1150,3,357,2,5,1
fixed_memory,2024-02-26,2024-02-27,bull,1151,3,358,2,5,1
fixed_memory,2024-02-27,2024-02-28,bull,1152,3,359,2,5,1
fixed_memory,2024-02-28,2024-02-29,bull,1153,3,360,2,5,1
fixed_memory,2024-02-29,2024-03-01,bull,1154,3,361,2,5,1
fixed_memory,2024-03-01,2024-03-02,bull,1155,3,362,2,5,1
fixed_memory,2024-03-02,2024-03-03,bull,1156,3,363,2,5,1
fixed_memory,2024-03-03,2024-03-04,bull,1157,3,364,2,5,1
fixed_memory,2024-03-04,2024-03-05,bull,1158,3,365,2,5,1
fixed_memory,2024-03-05,2024-03-06,bull,1159,3,366,2,5,1
fixed_memory,2024-03-06,2024-03-07,bull,1160,3,367,2,5,2
fixed_memory,2024-03-07,2024-03-08,bull,1161,3,368,2,5,2
fixed_memory,2024-03-08,2024-03-09,bull,1162,3,369,2,5,2
fixed_memory,2024-03-09,2024-03-10,bull,1163,3,370,2,5,2
fixed_memory,2024-03-10,2024-03-11,bull,1164,3,371,2,5,2
fixed_memory,2024-03-11,2024-03-12,bull,1165,3,372,2,5,1
fixed_memory,2024-03-12,2024-03-13,bull,1166,3,373,2,5,2
fixed_memory,2024-03-13,2024-03-14,bull,1167,3,374,2,5,2
fixed_memory,2024-03-14,2024-03-15,bull,1168,3,375,2,5,1
fixed_memory,2024-03-15,2024-03-16,bull,1169,3,376,2,5,1
fixed_memory,2024-03-16,2024-03-17,bull,1170,3,377,2,5,2
fixed_memory,2024-03-17,2024-03-18,bull,1171,3,378,2,5,2
fixed_memory,2024-03-18,2024-03-19,bull,1172,3,379,2,5,2
fixed_memory,2024-03-19,2024-03-20,bull,1173,3,380,2,5,2
fixed_memory,2024-03-20,2024-03-21,bull,1174,3,381,2,5,1
fixed_memory,2024-03-21,2024-03-22,bull,1175,3,382,2,5,1
fixed_memory,2024-03-22,2024-03-23,bull,1176,3,383,2,5,1
fixed_memory,2024-03-23,2024-03-24,bull,1177,3,384,2,5,2
fixed_memory,2024-03-24,2024-03-25,bull,1178,3,385,2,5,2
fixed_memory,2024-03-25,2024-03-26,bull,1179,3,386,2,5,2
fixed_memory,2024-03-26,2024-03-27,bull,1180,3,387,2,5,2
fixed_memory,2024-03-27,2024-03-28,bull,1181,3,388,2,5,2
fixed_memory,2024-03-28,2024-03-29,bull,1182,3,389,2,5,1
fixed_memory,2024-03-29,2024-03-30,bull,1183,3,390,2,5,1
fixed_memory,2024-03-30,2024-03-31,bull,1184,3,391,2,5,1
fixed_memory,2024-03-31,2024-04-01,bull,1185,3,392,2,5,1
fixed_memory,2024-04-01,2024-04-02,bull,1186,3,393,2,5,1
fixed_memory,2024-04-02,2024-04-03,bull,1187,3,394,2,5,1
fixed_memory,2024-04-03,2024-04-04,bull,1188,3,395,2,5,2
fixed_memory,2024-04-04,2024-04-05,bull,1189,3,396,2,5,1
fixed_memory,2024-04-05,2024-04-06,bull,1190,3,397,2,5,2
fixed_memory,2024-04-06,2024-04-07,bull,1191,3,398,2,5,2
fixed_memory,2024-04-07,2024-04-08,bull,1192,3,399,2,5,2
fixed_memory,2024-04-08,2024-04-09,bull,1193,3,400,2,5,2
fixed_memory,2024-04-09,2024-04-10,bull,1194,3,401,2,5,2
fixed_memory,2024-04-10,2024-04-11,bull,1195,3,402,2,5,2
fixed_memory,2024-04-11,2024-04-12,bull,1196,3,403,2,5,2
fixed_memory,2024-04-12,2024-04-13,mix,1197,3,348,1,5,1
fixed_memory,2024-04-13,2024-04-14,mix,1198,3,349,1,5,1
fixed_memory,2024-04-14,2024-04-15,mix,1199,3,350,1,5,1
fixed_memory,2024-04-15,2024-04-16,mix,1200,3,351,1,5,1
fixed_memory,2024-04-16,2024-04-17,mix,1201,3,352,1,5,1
fixed_memory,2024-04-17,2024-04-18,mix,1202,3,353,1,5,1
fixed_memory,2024-04-18,2024-04-19,mix,1203,3,354,1,5,1
fixed_memory,2024-04-19,2024-04-20,mix,1204,3,355,1,5,1
fixed_memory,2024-04-20,2024-04-21,bull,1205,3,404,2,5,2
fixed_memory,2024-04-21,2024-04-22,bull,1206,3,405,2,5,1
fixed_memory,2024-04-22,2024-04-23,bull,1207,3,406,2,5,2
fixed_memory,2024-04-23,2024-04-24,bull,1208,3,407,2,5,1
fixed_memory,2024-04-24,2024-04-25,mix,1209,3,356,1,5,1
fixed_memory,2024-04-25,2024-04-26,mix,1210,3,357,1,5,1
fixed_memory,2024-04-26,2024-04-27,mix,1211,3,358,1,5,1
fixed_memory,2024-04-27,2024-04-28,mix,1212,3,359,1,5,1
fixed_memory,2024-04-28,2024-04-29,mix,1213,3,360,1,5,1
fixed_memory,2024-04-29,2024-04-30,mix,1214,3,361,1,5,1
fixed_memory,2024-04-30,2024-05-01,mix,1215,3,362,1,5,1
fixed_memory,2024-05-01,2024-05-02,mix,1216,3,363,1,5,1
fixed_memory,2024-05-02,2024-05-03,mix,1217,3,364,1,5,1
fixed_memory,2024-05-03,2024-05-04,mix,1218,3,365,1,5,1
fixed_memory,2024-05-04,2024-05-05,mix,1219,3,366,1,5,1
fixed_memory,2024-05-05,2024-05-06,mix,1220,3,367,1,5,1
fixed_memory,2024-05-06,2024-05-07,mix,1221,3,368,1,5,1
fixed_memory,2024-05-07,2024-05-08,mix,1222,3,369,1,5,1
fixed_memory,2024-05-08,2024-05-09,mix,1223,3,370,1,5,1
fixed_memory,2024-05-09,2024-05-10,mix,1224,3,371,1,5,1
fixed_memory,2024-05-10,2024-05-11,mix,1225,3,372,1,5,1
fixed_memory,2024-05-11,2024-05-12,mix,1226,3,373,1,5,1
fixed_memory,2024-05-12,2024-05-13,mix,1227,3,374,1,5,1
fixed_memory,2024-05-13,2024-05-14,mix,1228,3,375,1,5,1
fixed_memory,2024-05-14,2024-05-15,mix,1229,3,376,1,5,1
fixed_memory,2024-05-15,2024-05-16,mix,1230,3,377,1,5,1
fixed_memory,2024-05-16,2024-05-17,mix,1231,3,378,1,5,1
fixed_memory,2024-05-17,2024-05-18,mix,1232,3,379,1,5,1
fixed_memory,2024-05-18,2024-05-19,mix,1233,3,380,1,5,1
fixed_memory,2024-05-19,2024-05-20,mix,1234,3,381,1,5,1
fixed_memory,2024-05-20,2024-05-21,mix,1235,3,382,1,5,1
fixed_memory,2024-05-21,2024-05-22,mix,1236,3,383,1,5,1
fixed_memory,2024-05-22,2024-05-23,mix,1237,3,384,1,5,1
fixed_memory,2024-05-23,2024-05-24,mix,1238,3,385,1,5,1
fixed_memory,2024-05-24,2024-05-25,mix,1239,3,386,1,5,1
fixed_memory,2024-05-25,2024-05-26,mix,1240,3,387,1,5,1
fixed_memory,2024-05-26,2024-05-27,mix,1241,3,388,1,5,1
fixed_memory,2024-05-27,2024-05-28,mix,1242,3,389,1,5,1
fixed_memory,2024-05-28,2024-05-29,mix,1243,3,390,1,5,1
fixed_memory,2024-05-29,2024-05-30,mix,1244,3,391,1,5,1
fixed_memory,2024-05-30,2024-05-31,mix,1245,3,392,1,5,1
fixed_memory,2024-05-31,2024-06-01,mix,1246,3,393,1,5,1
fixed_memory,2024-06-01,2024-06-02,mix,1247,3,394,1,5,1
fixed_memory,2024-06-02,2024-06-03,mix,1248,3,395,1,5,1
fixed_memory,2024-06-03,2024-06-04,mix,1249,3,396,1,5,1
fixed_memory,2024-06-04,2024-06-05,mix,1250,3,397,1,5,1
fixed_memory,2024-06-05,2024-06-06,mix,1251,3,398,1,5,1
fixed_memory,2024-06-06,2024-06-07,mix,1252,3,399,1,5,1
fixed_memory,2024-06-07,2024-06-08,mix,1253,3,400,1,5,1
fixed_memory,2024-06-08,2024-06-09,mix,1254,3,401,1,5,1
fixed_memory,2024-06-09,2024-06-10,mix,1255,3,402,1,5,1
fixed_memory,2024-06-10,2024-06-11,mix,1256,3,403,1,5,1
fixed_memory,2024-06-11,2024-06-12,mix,1257,3,404,1,5,1
fixed_memory,2024-06-12,2024-06-13,mix,1258,3,405,1,5,1
fixed_memory,2024-06-13,2024-06-14,mix,1259,3,406,1,5,1
fixed_memory,2024-06-14,2024-06-15,mix,1260,3,407,1,5,1
fixed_memory,2024-06-15,2024-06-16,mix,1261,3,408,1,5,1
fixed_memory,2024-06-16,2024-06-17,mix,1262,3,409,1,5,1
fixed_memory,2024-06-17,2024-06-18,mix,1263,3,410,1,5,1
fixed_memory,2024-06-18,2024-06-19,mix,1264,3,411,1,5,1
fixed_memory,2024-06-19,2024-06-20,mix,1265,3,412,1,5,1
fixed_memory,2024-06-20,2024-06-21,mix,1266,3,413,1,5,1
fixed_memory,2024-06-21,2024-06-22,mix,1267,3,414,1,5,1
fixed_memory,2024-06-22,2024-06-23,mix,1268,3,415,1,5,1
fixed_memory,2024-06-23,2024-06-24,mix,1269,3,416,1,5,1
fixed_memory,2024-06-24,2024-06-25,mix,1270,3,417,1,5,1
fixed_memory,2024-06-25,2024-06-26,mix,1271,3,418,1,5,1
fixed_memory,2024-06-26,2024-06-27,mix,1272,3,419,1,5,1
fixed_memory,2024-06-27,2024-06-28,mix,1273,3,420,1,5,1
fixed_memory,2024-06-28,2024-06-29,mix,1274,3,421,1,5,1
fixed_memory,2024-06-29,2024-06-30,mix,1275,3,422,1,5,1
fixed_memory,2024-06-30,2024-07-01,mix,1276,3,423,1,5,1
fixed_memory,2024-07-01,2024-07-02,mix,1277,3,424,1,5,1
fixed_memory,2024-07-02,2024-07-03,mix,1278,3,425,1,5,1
fixed_memory,2024-07-03,2024-07-04,mix,1279,3,426,1,5,1
fixed_memory,2024-07-04,2024-07-05,bear,1280,3,445,1,5,1
fixed_memory,2024-07-05,2024-07-06,bear,1281,3,446,1,5,1
fixed_memory,2024-07-06,2024-07-07,bear,1282,3,447,1,5,1
fixed_memory,2024-07-07,2024-07-08,bear,1283,3,448,1,5,1
fixed_memory,2024-07-08,2024-07-09,bear,1284,3,449,1,5,1
fixed_memory,2024-07-09,2024-07-10,bear,1285,3,450,1,5,1
fixed_memory,2024-07-10,2024-07-11,bear,1286,3,451,1,5,1
fixed_memory,2024-07-11,2024-07-12,bear,1287,3,452,1,5,1
fixed_memory,2024-07-12,2024-07-13,bear,1288,3,453,1,5,1
fixed_memory,2024-07-13,2024-07-14,mix,1289,3,427,1,5,1
fixed_memory,2024-07-14,2024-07-15,mix,1290,3,428,1,5,1
fixed_memory,2024-07-15,2024-07-16,mix,1291,3,429,1,5,1
fixed_memory,2024-07-16,2024-07-17,mix,1292,3,430,1,5,1
fixed_memory,2024-07-17,2024-07-18,mix,1293,3,431,1,5,1
fixed_memory,2024-07-18,2024-07-19,mix,1294,3,432,1,5,1
fixed_memory,2024-07-19,2024-07-20,mix,1295,3,433,1,5,1
fixed_memory,2024-07-20,2024-07-21,mix,1296,3,434,1,5,1
fixed_memory,2024-07-21,2024-07-22,mix,1297,3,435,1,5,1
fixed_memory,2024-07-22,2024-07-23,mix,1298,3,436,1,5,1
fixed_memory,2024-07-23,2024-07-24,mix,1299,3,437,1,5,1
fixed_memory,2024-07-24,2024-07-25,mix,1300,3,438,1,5,1
fixed_memory,2024-07-25,2024-07-26,mix,1301,3,439,1,5,1
fixed_memory,2024-07-26,2024-07-27,mix,1302,3,440,1,5,1
fixed_memory,2024-07-27,2024-07-28,mix,1303,3,441,1,5,1
fixed_memory,2024-07-28,2024-07-29,mix,1304,3,442,1,5,1
fixed_memory,2024-07-29,2024-07-30,mix,1305,3,443,1,5,1
fixed_memory,2024-07-30,2024-07-31,mix,1306,3,444,1,5,1
fixed_memory,2024-07-31,2024-08-01,mix,1307,3,445,1,5,1
fixed_memory,2024-08-01,2024-08-02,mix,1308,3,446,1,5,1
fixed_memory,2024-08-02,2024-08-03,mix,1309,3,447,1,5,1
fixed_memory,2024-08-03,2024-08-04,mix,1310,3,448,1,5,1
fixed_memory,2024-08-04,2024-08-05,mix,1311,3,449,1,5,1
fixed_memory,2024-08-05,2024-08-06,bear,1312,3,454,1,5,1
fixed_memory,2024-08-06,2024-08-07,mix,1313,3,450,1,5,1
fixed_memory,2024-08-07,2024-08-08,bear,1314,3,455,1,5,1
fixed_memory,2024-08-08,2024-08-09,mix,1315,3,451,1,5,1
fixed_memory,2024-08-09,2024-08-10,mix,1316,3,452,1,5,1
fixed_memory,2024-08-10,2024-08-11,mix,1317,3,453,1,5,1
fixed_memory,2024-08-11,2024-08-12,bear,1318,3,456,1,5,1
fixed_memory,2024-08-12,2024-08-13,bear,1319,3,457,1,5,1
fixed_memory,2024-08-13,2024-08-14,mix,1320,3,454,1,5,1
fixed_memory,2024-08-14,2024-08-15,bear,1321,3,458,1,5,1
fixed_memory,2024-08-15,2024-08-16,bear,1322,3,459,1,5,1
fixed_memory,2024-08-16,2024-08-17,mix,1323,3,455,1,5,1
fixed_memory,2024-08-17,2024-08-18,mix,1324,3,456,1,5,1
fixed_memory,2024-08-18,2024-08-19,bear,1325,3,460,1,5,1
fixed_memory,2024-08-19,2024-08-20,bear,1326,3,461,1,5,1
fixed_memory,2024-08-20,2024-08-21,bear,1327,3,462,1,5,1
fixed_memory,2024-08-21,2024-08-22,mix,1328,3,457,1,5,1
fixed_memory,2024-08-22,2024-08-23,mix,1329,3,458,1,5,1
fixed_memory,2024-08-23,2024-08-24,mix,1330,3,459,1,5,1
fixed_memory,2024-08-24,2024-08-25,mix,1331,3,460,1,5,1
fixed_memory,2024-08-25,2024-08-26,mix,1332,3,461,1,5,1
fixed_memory,2024-08-26,2024-08-27,mix,1333,3,462,1,5,1
fixed_memory,2024-08-27,2024-08-28,bear,1334,3,463,1,5,1
fixed_memory,2024-08-28,2024-08-29,bear,1335,3,464,1,5,1
fixed_memory,2024-08-29,2024-08-30,mix,1336,3,463,1,5,1
fixed_memory,2024-08-30,2024-08-31,mix,1337,3,464,1,5,1
fixed_memory,2024-08-31,2024-09-01,mix,1338,3,465,1,5,1
fixed_memory,2024-09-01,2024-09-02,bear,1339,3,465,1,5,1
fixed_memory,2024-09-02,2024-09-03,mix,1340,3,466,1,5,1
fixed_memory,2024-09-03,2024-09-04,mix,1341,3,467,1,5,1
fixed_memory,2024-09-04,2024-09-05,mix,1342,3,468,1,5,1
fixed_memory,2024-09-05,2024-09-06,mix,1343,3,469,1,5,1
fixed_memory,2024-09-06,2024-09-07,mix,1344,3,470,1,5,1
fixed_memory,2024-09-07,2024-09-08,mix,1345,3,471,1,5,1
fixed_memory,2024-09-08,2024-09-09,mix,1346,3,472,1,5,1
fixed_memory,2024-09-09,2024-09-10,mix,1347,3,473,1,5,1
fixed_memory,2024-09-10,2024-09-11,mix,1348,3,474,1,5,1
fixed_memory,2024-09-11,2024-09-12,mix,1349,3,475,1,5,1
fixed_memory,2024-09-12,2024-09-13,mix,1350,3,476,1,5,1
fixed_memory,2024-09-13,2024-09-14,mix,1351,3,477,1,5,1
fixed_memory,2024-09-14,2024-09-15,mix,1352,3,478,1,5,1
fixed_memory,2024-09-15,2024-09-16,mix,1353,3,479,1,5,1
fixed_memory,2024-09-16,2024-09-17,mix,1354,3,480,1,5,1
fixed_memory,2024-09-17,2024-09-18,mix,1355,3,481,1,5,1
fixed_memory,2024-09-18,2024-09-19,mix,1356,3,482,1,5,1
fixed_memory,2024-09-19,2024-09-20,mix,1357,3,483,1,5,1
fixed_memory,2024-09-20,2024-09-21,mix,1358,3,484,1,5,1
fixed_memory,2024-09-21,2024-09-22,mix,1359,3,485,1,5,1
fixed_memory,2024-09-22,2024-09-23,mix,1360,3,486,1,5,1
fixed_memory,2024-09-23,2024-09-24,mix,1361,3,487,1,5,1
fixed_memory,2024-09-24,2024-09-25,mix,1362,3,488,1,5,1
fixed_memory,2024-09-25,2024-09-26,mix,1363,3,489,1,5,1
fixed_memory,2024-09-26,2024-09-27,mix,1364,3,490,1,5,1
fixed_memory,2024-09-27,2024-09-28,mix,1365,3,491,1,5,1
fixed_memory,2024-09-28,2024-09-29,mix,1366,3,492,1,5,1
fixed_memory,2024-09-29,2024-09-30,bull,1367,3,408,2,5,1
fixed_memory,2024-09-30,2024-10-01,mix,1368,3,493,1,5,1
fixed_memory,2024-10-01,2024-10-02,mix,1369,3,494,1,5,1
fixed_memory,2024-10-02,2024-10-03,mix,1370,3,495,1,5,1
fixed_memory,2024-10-03,2024-10-04,mix,1371,3,496,1,5,1
fixed_memory,2024-10-04,2024-10-05,mix,1372,3,497,1,5,1
fixed_memory,2024-10-05,2024-10-06,mix,1373,3,498,1,5,1
fixed_memory,2024-10-06,2024-10-07,bull,1374,3,409,2,5,2
fixed_memory,2024-10-07,2024-10-08,mix,1375,3,499,1,5,1
fixed_memory,2024-10-08,2024-10-09,mix,1376,3,500,1,5,1
fixed_memory,2024-10-09,2024-10-10,mix,1377,3,501,1,5,1
fixed_memory,2024-10-10,2024-10-11,mix,1378,3,502,1,5,1
fixed_memory,2024-10-11,2024-10-12,mix,1379,3,503,1,5,1
fixed_memory,2024-10-12,2024-10-13,mix,1380,3,504,1,5,1
fixed_memory,2024-10-13,2024-10-14,mix,1381,3,505,1,5,1
fixed_memory,2024-10-14,2024-10-15,mix,1382,3,506,1,5,1
fixed_memory,2024-10-15,2024-10-16,bull,1383,3,410,2,5,2
fixed_memory,2024-10-16,2024-10-17,bull,1384,3,411,2,5,1
fixed_memory,2024-10-17,2024-10-18,bull,1385,3,412,2,5,1
fixed_memory,2024-10-18,2024-10-19,bull,1386,3,413,2,5,1
fixed_memory,2024-10-19,2024-10-20,bull,1387,3,414,2,5,2
fixed_memory,2024-10-20,2024-10-21,bull,1388,3,415,2,5,2
fixed_memory,2024-10-21,2024-10-22,mix,1389,3,507,1,5,1
fixed_memory,2024-10-22,2024-10-23,mix,1390,3,508,1,5,1
fixed_memory,2024-10-23,2024-10-24,mix,1391,3,509,1,5,1
fixed_memory,2024-10-24,2024-10-25,mix,1392,3,510,1,5,1
fixed_memory,2024-10-25,2024-10-26,mix,1393,3,511,1,5,1
fixed_memory,2024-10-26,2024-10-27,mix,1394,3,512,1,5,1
fixed_memory,2024-10-27,2024-10-28,mix,1395,3,513,1,5,1
fixed_memory,2024-10-28,2024-10-29,mix,1396,3,514,1,5,1
fixed_memory,2024-10-29,2024-10-30,bull,1397,3,416,2,5,2
fixed_memory,2024-10-30,2024-10-31,bull,1398,3,417,2,5,1
fixed_memory,2024-10-31,2024-11-01,bull,1399,3,418,2,5,2
fixed_memory,2024-11-01,2024-11-02,bull,1400,3,419,2,5,2
fixed_memory,2024-11-02,2024-11-03,mix,1401,3,515,1,5,1
fixed_memory,2024-11-03,2024-11-04,mix,1402,3,516,1,5,1
fixed_memory,2024-11-04,2024-11-05,mix,1403,3,517,1,5,1
fixed_memory,2024-11-05,2024-11-06,bull,1404,3,420,2,5,2
fixed_memory,2024-11-06,2024-11-07,bull,1405,3,421,2,5,1
fixed_memory,2024-11-07,2024-11-08,bull,1406,3,422,2,5,1
fixed_memory,2024-11-08,2024-11-09,bull,1407,3,423,2,5,1
fixed_memory,2024-11-09,2024-11-10,bull,1408,3,424,2,5,1
fixed_memory,2024-11-10,2024-11-11,bull,1409,3,425,2,5,1
fixed_memory,2024-11-11,2024-11-12,bull,1410,3,426,2,5,1
fixed_memory,2024-11-12,2024-11-13,bull,1411,3,427,2,5,1
fixed_memory,2024-11-13,2024-11-14,bull,1412,3,428,2,5,1
fixed_memory,2024-11-14,2024-11-15,bull,1413,3,429,2,5,1
fixed_memory,2024-11-15,2024-11-16,bull,1414,3,430,2,5,1
fixed_memory,2024-11-16,2024-11-17,bull,1415,3,431,2,5,1
fixed_memory,2024-11-17,2024-11-18,bull,1416,3,432,2,5,1
fixed_memory,2024-11-18,2024-11-19,bull,1417,3,433,2,5,2
fixed_memory,2024-11-19,2024-11-20,bull,1418,3,434,2,5,2
fixed_memory,2024-11-20,2024-11-21,bull,1419,3,435,2,5,1
fixed_memory,2024-11-21,2024-11-22,bull,1420,3,436,2,5,2
fixed_memory,2024-11-22,2024-11-23,bull,1421,3,437,2,5,1
fixed_memory,2024-11-23,2024-11-24,bull,1422,3,438,2,5,1
fixed_memory,2024-11-24,2024-11-25,bull,1423,3,439,2,5,2
fixed_memory,2024-11-25,2024-11-26,bull,1424,3,440,2,5,2
fixed_memory,2024-11-26,2024-11-27,bull,1425,3,441,2,5,2
fixed_memory,2024-11-27,2024-11-28,bull,1426,3,442,2,5,2
fixed_memory,2024-11-28,2024-11-29,bull,1427,3,443,2,5,2
fixed_memory,2024-11-29,2024-11-30,bull,1428,3,444,2,5,2
fixed_memory,2024-11-30,2024-12-01,bull,1429,3,445,2,5,1
fixed_memory,2024-12-01,2024-12-02,bull,1430,3,446,2,5,1
fixed_memory,2024-12-02,2024-12-03,bull,1431,3,447,2,5,2
fixed_memory,2024-12-03,2024-12-04,bull,1432,3,448,2,5,2
fixed_memory,2024-12-04,2024-12-05,bull,1433,3,449,2,5,2
fixed_memory,2024-12-05,2024-12-06,bull,1434,3,450,2,5,2
fixed_memory,2024-12-06,2024-12-07,bull,1435,3,451,2,5,2
fixed_memory,2024-12-07,2024-12-08,bull,1436,3,452,2,5,1
fixed_memory,2024-12-08,2024-12-09,bull,1437,3,453,2,5,1
fixed_memory,2024-12-09,2024-12-10,bull,1438,3,454,2,5,2
fixed_memory,2024-12-10,2024-12-11,bull,1439,3,455,2,5,2
fixed_memory,2024-12-11,2024-12-12,bull,1440,3,456,2,5,1
fixed_memory,2024-12-12,2024-12-13,bull,1441,3,457,2,5,1
fixed_memory,2024-12-13,2024-12-14,bull,1442,3,458,2,5,1
fixed_memory,2024-12-14,2024-12-15,bull,1443,3,459,2,5,1
fixed_memory,2024-12-15,2024-12-16,bull,1444,3,460,2,5,1
fixed_memory,2024-12-16,2024-12-17,bull,1445,3,461,2,5,1
fixed_memory,2024-12-17,2024-12-18,bull,1446,3,462,2,5,1
fixed_memory,2024-12-18,2024-12-19,bull,1447,3,463,2,5,1
fixed_memory,2024-12-19,2024-12-20,bull,1448,3,464,2,5,1
fixed_memory,2024-12-20,2024-12-21,bull,1449,3,465,2,5,1
fixed_memory,2024-12-21,2024-12-22,bull,1450,3,466,2,5,1
fixed_memory,2024-12-22,2024-12-23,bull,1451,3,467,2,5,2
fixed_memory,2024-12-23,2024-12-24,bull,1452,3,468,2,5,2
fixed_memory,2024-12-24,2024-12-25,bull,1453,3,469,2,5,2
fixed_memory,2024-12-25,2024-12-26,bull,1454,3,470,2,5,1
fixed_memory,2024-12-26,2024-12-27,bull,1455,3,471,2,5,1
fixed_memory,2024-12-27,2024-12-28,bull,1456,3,472,2,5,2
fixed_memory,2024-12-28,2024-12-29,bull,1457,3,473,2,5,2
fixed_memory,2024-12-29,2024-12-30,bull,1458,3,474,2,5,2
fixed_memory,2024-12-30,2024-12-31,bull,1459,3,475,2,5,1
fixed_memory,2024-12-31,2025-01-01,bull,1460,3,476,2,5,1
fixed_memory,2025-01-01,2025-01-02,bull,1461,3,477,2,5,2
fixed_memory,2025-01-02,2025-01-03,bull,1462,3,478,2,5,2
fixed_memory,2025-01-03,2025-01-04,bull,1463,3,479,2,5,2
fixed_memory,2025-01-04,2025-01-05,bull,1464,3,480,2,5,2
fixed_memory,2025-01-05,2025-01-06,bull,1465,3,481,2,5,2
fixed_memory,2025-01-06,2025-01-07,bull,1466,3,482,2,5,1
fixed_memory,2025-01-07,2025-01-08,bull,1467,3,483,2,5,2
fixed_memory,2025-01-08,2025-01-09,bull,1468,3,484,2,5,1
fixed_memory,2025-01-09,2025-01-10,mix,1469,3,518,1,5,1
fixed_memory,2025-01-10,2025-01-11,mix,1470,3,519,1,5,1
fixed_memory,2025-01-11,2025-01-12,mix,1471,3,520,1,5,1
fixed_memory,2025-01-12,2025-01-13,mix,1472,3,521,1,5,1
fixed_memory,2025-01-13,2025-01-14,bull,1473,3,485,2,5,1
fixed_memory,2025-01-14,2025-01-15,bull,1474,3,486,2,5,1
fixed_memory,2025-01-15,2025-01-16,bull,1475,3,487,2,5,2
fixed_memory,2025-01-16,2025-01-17,bull,1476,3,488,2,5,2
fixed_memory,2025-01-17,2025-01-18,bull,1477,3,489,2,5,1
fixed_memory,2025-01-18,2025-01-19,bull,1478,3,490,2,5,1
fixed_memory,2025-01-19,2025-01-20,bull,1479,3,491,2,5,2
fixed_memory,2025-01-20,2025-01-21,bull,1480,3,492,2,5,2
fixed_memory,2025-01-21,2025-01-22,bull,1481,3,493,2,5,1
fixed_memory,2025-01-22,2025-01-23,bull,1482,3,494,2,5,2
fixed_memory,2025-01-23,2025-01-24,bull,1483,3,495,2,5,2
fixed_memory,2025-01-24,2025-01-25,bull,1484,3,496,2,5,1
fixed_memory,2025-01-25,2025-01-26,bull,1485,3,497,2,5,1
fixed_memory,2025-01-26,2025-01-27,bull,1486,3,498,2,5,1
fixed_memory,2025-01-27,2025-01-28,bull,1487,3,499,2,5,2
fixed_memory,2025-01-28,2025-01-29,bull,1488,3,500,2,5,2
fixed_memory,2025-01-29,2025-01-30,bull,1489,3,501,2,5,1
fixed_memory,2025-01-30,2025-01-31,bull,1490,3,502,2,5,1
fixed_memory,2025-01-31,2025-02-01,bull,1491,3,503,2,5,2
fixed_memory,2025-02-01,2025-02-02,mix,1492,3,522,1,5,1
fixed_memory,2025-02-02,2025-02-03,mix,1493,3,523,1,5,1
fixed_memory,2025-02-03,2025-02-04,mix,1494,3,524,1,5,1
fixed_memory,2025-02-04,2025-02-05,mix,1495,3,525,1,5,1
fixed_memory,2025-02-05,2025-02-06,mix,1496,3,526,1,5,1
fixed_memory,2025-02-06,2025-02-07,mix,1497,3,527,1,5,1
fixed_memory,2025-02-07,2025-02-08,mix,1498,3,528,1,5,1
fixed_memory,2025-02-08,2025-02-09,mix,1499,3,529,1,5,1
fixed_memory,2025-02-09,2025-02-10,mix,1500,3,530,1,5,1
fixed_memory,2025-02-10,2025-02-11,mix,1501,3,531,1,5,1
fixed_memory,2025-02-11,2025-02-12,mix,1502,3,532,1,5,1
fixed_memory,2025-02-12,2025-02-13,mix,1503,3,533,1,5,1
fixed_memory,2025-02-13,2025-02-14,mix,1504,3,534,1,5,1
fixed_memory,2025-02-14,2025-02-15,mix,1505,3,535,1,5,1
fixed_memory,2025-02-15,2025-02-16,mix,1506,3,536,1,5,1
fixed_memory,2025-02-16,2025-02-17,mix,1507,3,537,1,5,1
fixed_memory,2025-02-17,2025-02-18,mix,1508,3,538,1,5,1
fixed_memory,2025-02-18,2025-02-19,mix,1509,3,539,1,5,1
fixed_memory,2025-02-19,2025-02-20,mix,1510,3,540,1,5,1
fixed_memory,2025-02-20,2025-02-21,mix,1511,3,541,1,5,1
fixed_memory,2025-02-21,2025-02-22,mix,1512,3,542,1,5,1
fixed_memory,2025-02-22,2025-02-23,mix,1513,3,543,1,5,1
fixed_memory,2025-02-23,2025-02-24,mix,1514,3,544,1,5,1
fixed_memory,2025-02-24,2025-02-25,mix,1515,3,545,1,5,1
fixed_memory,2025-02-25,2025-02-26,mix,1516,3,546,1,5,1
fixed_memory,2025-02-26,2025-02-27,bear,1517,3,466,1,5,1
fixed_memory,2025-02-27,2025-02-28,bear,1518,3,467,1,5,1
fixed_memory,2025-02-28,2025-03-01,bear,1519,3,468,1,5,1
fixed_memory,2025-03-01,2025-03-02,bear,1520,3,469,1,5,1
fixed_memory,2025-03-02,2025-03-03,mix,1521,3,547,1,5,1
fixed_memory,2025-03-03,2025-03-04,bear,1522,3,470,1,5,1
fixed_memory,2025-03-04,2025-03-05,bear,1523,3,471,1,5,1
fixed_memory,2025-03-05,2025-03-06,bear,1524,3,472,1,5,1
fixed_memory,2025-03-06,2025-03-07,bear,1525,3,473,1,5,1
fixed_memory,2025-03-07,2025-03-08,bear,1526,3,474,1,5,1
fixed_memory,2025-03-08,2025-03-09,bear,1527,3,475,1,5,1
fixed_memory,2025-03-09,2025-03-10,bear,1528,3,476,1,5,1
fixed_memory,2025-03-10,2025-03-11,bear,1529,3,477,1,5,1
fixed_memory,2025-03-11,2025-03-12,bear,1530,3,478,1,5,1
fixed_memory,2025-03-12,2025-03-13,bear,1531,3,479,1,5,1
fixed_memory,2025-03-13,2025-03-14,bear,1532,3,480,1,5,1
fixed_memory,2025-03-14,2025-03-15,bear,1533,3,481,1,5,1
fixed_memory,2025-03-15,2025-03-16,bear,1534,3,482,1,5,1
fixed_memory,2025-03-16,2025-03-17,bear,1535,3,483,1,5,1
fixed_memory,2025-03-17,2025-03-18,bear,1536,3,484,1,5,1
fixed_memory,2025-03-18,2025-03-19,bear,1537,3,485,1,5,1
fixed_memory,2025-03-19,2025-03-20,bear,1538,3,486,1,5,1
fixed_memory,2025-03-20,2025-03-21,bear,1539,3,487,1,5,1
fixed_memory,2025-03-21,2025-03-22,bear,1540,3,488,1,5,1
fixed_memory,2025-03-22,2025-03-23,bear,1541,3,489,1,5,1
fixed_memory,2025-03-23,2025-03-24,bear,1542,3,490,1,5,1
fixed_memory,2025-03-24,2025-03-25,bear,1543,3,491,1,5,1
fixed_memory,2025-03-25,2025-03-26,bear,1544,3,492,1,5,1
fixed_memory,2025-03-26,2025-03-27,bear,1545,3,493,1,5,1
fixed_memory,2025-03-27,2025-03-28,mix,1546,3,548,1,5,1
fixed_memory,2025-03-28,2025-03-29,bear,1547,3,494,1,5,1
fixed_memory,2025-03-29,2025-03-30,bear,1548,3,495,1,5,1
fixed_memory,2025-03-30,2025-03-31,bear,1549,3,496,1,5,1
fixed_memory,2025-03-31,2025-04-01,bear,1550,3,497,1,5,1
fixed_memory,2025-04-01,2025-04-02,bear,1551,3,498,1,5,1
fixed_memory,2025-04-02,2025-04-03,mix,1552,3,549,1,5,1
fixed_memory,2025-04-03,2025-04-04,mix,1553,3,550,1,5,1
fixed_memory,2025-04-04,2025-04-05,mix,1554,3,551,1,5,1
fixed_memory,2025-04-05,2025-04-06,mix,1555,3,552,1,5,1
fixed_memory,2025-04-06,2025-04-07,bear,1556,3,499,1,5,1
fixed_memory,2025-04-07,2025-04-08,bear,1557,3,500,1,5,1
fixed_memory,2025-04-08,2025-04-09,bear,1558,3,501,1,5,1
fixed_memory,2025-04-09,2025-04-10,mix,1559,3,553,1,5,1
fixed_memory,2025-04-10,2025-04-11,bear,1560,3,502,1,5,1
fixed_memory,2025-04-11,2025-04-12,mix,1561,3,554,1,5,1
fixed_memory,2025-04-12,2025-04-13,mix,1562,3,555,1,5,1
fixed_memory,2025-04-13,2025-04-14,mix,1563,3,556,1,5,1
fixed_memory,2025-04-14,2025-04-15,mix,1564,3,557,1,5,1
fixed_memory,2025-04-15,2025-04-16,mix,1565,3,558,1,5,1
fixed_memory,2025-04-16,2025-04-17,mix,1566,3,559,1,5,1
fixed_memory,2025-04-17,2025-04-18,mix,1567,3,560,1,5,1
fixed_memory,2025-04-18,2025-04-19,mix,1568,3,561,1,5,1
fixed_memory,2025-04-19,2025-04-20,mix,1569,3,562,1,5,1
fixed_memory,2025-04-20,2025-04-21,mix,1570,3,563,1,5,1
fixed_memory,2025-04-21,2025-04-22,mix,1571,3,564,1,5,1
fixed_memory,2025-04-22,2025-04-23,mix,1572,3,565,1,5,1
fixed_memory,2025-04-23,2025-04-24,mix,1573,3,566,1,5,1
fixed_memory,2025-04-24,2025-04-25,mix,1574,3,567,1,5,1
fixed_memory,2025-04-25,2025-04-26,mix,1575,3,568,1,5,1
fixed_memory,2025-04-26,2025-04-27,mix,1576,3,569,1,5,1
fixed_memory,2025-04-27,2025-04-28,mix,1577,3,570,1,5,1
fixed_memory,2025-04-28,2025-04-29,mix,1578,3,571,1,5,1
fixed_memory,2025-04-29,2025-04-30,bull,1579,3,504,2,5,2
fixed_memory,2025-04-30,2025-05-01,mix,1580,3,572,1,5,1
fixed_memory,2025-05-01,2025-05-02,bull,1581,3,505,2,5,2
fixed_memory,2025-05-02,2025-05-03,bull,1582,3,506,2,5,1
fixed_memory,2025-05-03,2025-05-04,bull,1583,3,507,2,5,2
fixed_memory,2025-05-04,2025-05-05,mix,1584,3,573,1,5,1
fixed_memory,2025-05-05,2025-05-06,bull,1585,3,508,2,5,1
fixed_memory,2025-05-06,2025-05-07,bull,1586,3,509,2,5,1
fixed_memory,2025-05-07,2025-05-08,bull,1587,3,510,2,5,2
fixed_memory,2025-05-08,2025-05-09,bull,1588,3,511,2,5,1
fixed_memory,2025-05-09,2025-05-10,bull,1589,3,512,2,5,1
fixed_memory,2025-05-10,2025-05-11,bull,1590,3,513,2,5,1
fixed_memory,2025-05-11,2025-05-12,bull,1591,3,514,2,5,1
fixed_memory,2025-05-12,2025-05-13,bull,1592,3,515,2,5,1
fixed_memory,2025-05-13,2025-05-14,bull,1593,3,516,2,5,1
fixed_memory,2025-05-14,2025-05-15,bull,1594,3,517,2,5,1
fixed_memory,2025-05-15,2025-05-16,bull,1595,3,518,2,5,1
fixed_memory,2025-05-16,2025-05-17,bull,1596,3,519,2,5,1
fixed_memory,2025-05-17,2025-05-18,bull,1597,3,520,2,5,1
fixed_memory,2025-05-18,2025-05-19,bull,1598,3,521,2,5,1
fixed_memory,2025-05-19,2025-05-20,bull,1599,3,522,2,5,1
fixed_memory,2025-05-20,2025-05-21,bull,1600,3,523,2,5,1
fixed_memory,2025-05-21,2025-05-22,bull,1601,3,524,2,5,1
fixed_memory,2025-05-22,2025-05-23,bull,1602,3,525,2,5,1
fixed_memory,2025-05-23,2025-05-24,bull,1603,3,526,2,5,1
fixed_memory,2025-05-24,2025-05-25,bull,1604,3,527,2,5,1
fixed_memory,2025-05-25,2025-05-26,bull,1605,3,528,2,5,1
fixed_memory,2025-05-26,2025-05-27,bull,1606,3,529,2,5,1
fixed_memory,2025-05-27,2025-05-28,bull,1607,3,530,2,5,1
