arm,scope,period,observations,first_return_date,last_return_date,calendar_days,is_conditional_noncontiguous_selection,net_compounded_return_after_trading_costs,cumulative_net_log_return_after_trading_costs,conditional_log_growth_contribution,mean_daily_net_log_return_bps,mean_daily_net_simple_return_after_trading_costs,daily_net_return_volatility,annualized_net_return_volatility,net_cagr_after_trading_costs,annualized_sharpe_rf_zero,downside_rms_zero_threshold,annualized_sortino_threshold_zero,maximum_drawdown,calmar,expected_shortfall_95_daily_loss,turnover_sum,mean_daily_turnover,trading_days_with_nonzero_turnover,cost_fraction_sum_not_compounded_drag,mean_daily_cost_fraction,mean_btc_exposure,annualization_status,cagr_status,drawdown_status,trading_cost_sum_per_full_run_initial_unit
adaptive_memory,FULL,FULL,1608,2021-01-02,2025-05-28,1608,False,1.1629568240247419,0.7714761856180854,,4.7977374727492874,0.00058358978094023818,0.014412089732629018,0.27543686699679176,0.19152900579475954,0.77388393867733318,0.0097311788321412102,1.1461391224277782,0.45612406323456905,0.41990550648993646,0.033002809365950916,15.555316752778335,0.0096737044482452326,1608,0.015555316752778338,9.6737044482452341e-06,0.44965796019900511,365_25_CALENDAR_DAYS_PER_YEAR,REPORTED,RESET_REPORTING_HIGH_WATER_MARK_TO_GROUP_INITIAL_WEALTH_NOT_PORTFOLIO_STATE,0.021449947918142989
adaptive_memory,REGIME,FULL:BEAR,503,2021-05-14,2025-04-11,1429,True,,0.025712267897567045,0.025712267897567045,0.51117828822200884,0.00016032178124230888,0.01478260607097439,,,,0.010430518033094683,,,,0.035421675999231933,4.3632188306740947,0.0086743913134673858,503,0.0043632188306740941,8.6743913134673831e-06,0.4042743538767396,NOT_APPLICABLE_CONDITIONAL_SELECTION,NOT_APPLICABLE_CONDITIONAL_SELECTION,NOT_APPLICABLE_CONDITIONAL_SELECTION,0.0049352665574151928
adaptive_memory,REGIME,FULL:BULL,531,2021-01-02,2025-05-28,1608,True,,0.87143245821146709,0.87143245821146709,16.411157405112373,0.0017570759563357895,0.015203980102449381,,,,0.009154286480032062,,,,0.030646154165602877,6.610837205791265,0.012449787581527805,531,0.0066108372057912656,1.2449787581527807e-05,0.48201506591337101,NOT_APPLICABLE_CONDITIONAL_SELECTION,NOT_APPLICABLE_CONDITIONAL_SELECTION,NOT_APPLICABLE_CONDITIONAL_SELECTION,0.010440727128955753
adaptive_memory,REGIME,FULL:MIX,574,2021-04-11,2025-05-05,1486,True,,-0.12566854049094861,-0.12566854049094861,-2.1893473953126938,-0.00013107460109282673,0.013240800558266949,,,,0.0096134671133318444,,,,0.032695168099760662,4.5812607163129773,0.0079812904465382875,574,0.004581260716312977,7.9812904465382873e-06,0.45949477351916379,NOT_APPLICABLE_CONDITIONAL_SELECTION,NOT_APPLICABLE_CONDITIONAL_SELECTION,NOT_APPLICABLE_CONDITIONAL_SELECTION,0.0060739542317720437
adaptive_memory,POST2021,POST2021,1244,2022-01-01,2025-05-28,1244,False,0.67730394132337901,0.51718770751810028,,4.1574574559332822,0.00049687428391384514,0.012743100892798644,0.24353996199385358,0.16398694496199767,0.74518912918329261,0.0085789888849038837,1.1068927101781472,0.37086594603711481,0.44217309977979619,0.029232989664381894,11.380187421674508,0.0091480606283557142,1244,0.011380187421674509,9.1480606283557153e-06,0.44883440514469453,365_25_CALENDAR_DAYS_PER_YEAR,REPORTED,RESET_REPORTING_HIGH_WATER_MARK_TO_GROUP_INITIAL_WEALTH_NOT_PORTFOLIO_STATE,0.016234370002587192
adaptive_memory,REGIME,POST2021:BEAR,380,2022-01-01,2025-04-11,1197,True,,-0.012965993555488609,-0.012965993555488609,-0.3412103567233844,6.1343578947895509e-05,0.01383320796629393,,,,0.0097282163060342895,,,,0.033961605776242743,3.1225440692567563,0.008217221234886201,380,0.0031225440692567562,8.217221234886201e-06,0.40500000000000003,NOT_APPLICABLE_CONDITIONAL_SELECTION,NOT_APPLICABLE_CONDITIONAL_SELECTION,NOT_APPLICABLE_CONDITIONAL_SELECTION,0.0034622357869346868
adaptive_memory,REGIME,POST2021:BULL,388,2023-01-16,2025-05-28,864,True,,0.52229271549224299,0.52229271549224299,13.461152461140284,0.0014288561151350903,0.012844070924272902,,,,0.0077922542478541298,,,,0.026045317706941334,4.5254258432910888,0.011663468668276002,388,0.0045254258432910893,1.1663468668276004e-05,0.48402061855670109,NOT_APPLICABLE_CONDITIONAL_SELECTION,NOT_APPLICABLE_CONDITIONAL_SELECTION,NOT_APPLICABLE_CONDITIONAL_SELECTION,0.0078251217254075717
adaptive_memory,REGIME,POST2021:MIX,476,2022-03-25,2025-05-05,1138,True,,0.0078609855813458751,0.0078609855813458751,0.16514675591062764,8.488419436178148e-05,0.011696934655147165,,,,0.0082037659955231865,,,,0.027542875506970082,3.7322175091266629,0.0078407930864005521,476,0.0037322175091266631,7.8407930864005526e-06,0.45514705882352946,NOT_APPLICABLE_CONDITIONAL_SELECTION,NOT_APPLICABLE_CONDITIONAL_SELECTION,NOT_APPLICABLE_CONDITIONAL_SELECTION,0.0049470124902449347
adaptive_memory,YEAR,2021,364,2021-01-02,2021-12-31,364,False,0.2895437557478025,0.25428847809998512,,6.9859472005490417,0.00087994713890956013,0.019061983447924452,0.36430337980439798,,0.88223362808021022,0.01291494731127329,1.3021441288411495,0.27318749422616673,,0.041536724851708055,4.1751293311038271,0.011470135525010514,364,0.0041751293311038272,1.1470135525010514e-05,0.45247252747252759,365_25_CALENDAR_DAYS_PER_YEAR,NOT_APPLICABLE_REQUIRES_365_CALENDAR_DAYS_AND_CONTIGUOUS_DAILY_RECORDS,RESET_REPORTING_HIGH_WATER_MARK_TO_GROUP_INITIAL_WEALTH_NOT_PORTFOLIO_STATE,0.0052155779155557951
adaptive_memory,YEAR_REGIME,2021:BEAR,123,2021-05-14,2021-12-31,232,True,,0.038678261453055647,0.038678261453055647,3.1445741018744426,0.00046610809727382996,0.017452512046336834,,,,0.012350480452066577,,,,0.039083445590406302,1.2406747614173377,0.010086786678189737,123,0.0012406747614173378,1.0086786678189738e-05,0.40203252032520326,NOT_APPLICABLE_CONDITIONAL_SELECTION,NOT_APPLICABLE_CONDITIONAL_SELECTION,NOT_APPLICABLE_CONDITIONAL_SELECTION,0.001473030770480507
adaptive_memory,YEAR_REGIME,2021:BULL,143,2021-01-02,2021-11-17,320,True,,0.34913974271922399,0.34913974271922399,24.415366623721955,0.0026476304905027228,0.020299981723889415,,,,0.012100757208821946,,,,0.037587602810547759,2.0854113625001753,0.014583296241259968,143,0.0020854113625001754,1.4583296241259968e-05,0.47657342657342672,NOT_APPLICABLE_CONDITIONAL_SELECTION,NOT_APPLICABLE_CONDITIONAL_SELECTION,NOT_APPLICABLE_CONDITIONAL_SELECTION,0.0026156054035481793
adaptive_memory,YEAR_REGIME,2021:MIX,98,2021-04-11,2021-12-04,238,True,,-0.13352952607229446,-0.13352952607229446,-13.625461844111678,-0.0011800173218723519,0.019087147294669905,,,,0.014642932698976775,,,,0.049680266155044728,0.84904320718631388,0.0086637061957787129,98,0.00084904320718631385,8.6637061957787124e-06,0.48061224489795917,NOT_APPLICABLE_CONDITIONAL_SELECTION,NOT_APPLICABLE_CONDITIONAL_SELECTION,NOT_APPLICABLE_CONDITIONAL_SELECTION,0.001126941741527109
adaptive_memory,YEAR,2022,365,2022-01-01,2022-12-31,365,False,-0.34576364982891095,-0.42428660111227667,,-11.624290441432239,-0.0010585210078618286,0.014345853712151061,0.27417099630758285,-0.34595374803940626,-1.410159365244426,0.011090516443794596,-1.8240755574493968,0.37086594603711481,-0.93282694659914811,0.038683247891432959,3.3723838141544618,0.0092394077100122242,365,0.0033723838141544614,9.2394077100122229e-06,0.41520547945205483,365_25_CALENDAR_DAYS_PER_YEAR,REPORTED,RESET_REPORTING_HIGH_WATER_MARK_TO_GROUP_INITIAL_WEALTH_NOT_PORTFOLIO_STATE,0.0034226178499384701
adaptive_memory,YEAR_REGIME,2022:BEAR,321,2022-01-01,2022-12-31,365,True,,-0.22124913952271677,-0.22124913952271677,-6.8924965583400857,-0.00059226158915857779,0.013918152784160259,,,,0.010251063580819409,,,,0.035685648863451117,2.6847693184289394,0.0083637673471306517,321,0.0026847693184289399,8.3637673471306537e-06,0.40607476635514028,NOT_APPLICABLE_CONDITIONAL_SELECTION,NOT_APPLICABLE_CONDITIONAL_SELECTION,NOT_APPLICABLE_CONDITIONAL_SELECTION,0.0026932267501951191
adaptive_memory,YEAR_REGIME,2022:MIX,44,2022-03-25,2022-12-17,268,True,,-0.20303746158955996,-0.20303746158955996,-46.144877633990902,-0.0044600954034014545,0.01694367709866363,,,,0.015927945577934248,,,,0.05801409605715456,0.68761449572552191,0.015627602175580044,44,0.00068761449572552185,1.5627602175580041e-05,0.4818181818181817,NOT_APPLICABLE_CONDITIONAL_SELECTION,NOT_APPLICABLE_CONDITIONAL_SELECTION,NOT_APPLICABLE_CONDITIONAL_SELECTION,0.00072939109974335097
adaptive_memory,YEAR,2023,365,2023-01-01,2023-12-31,365,False,0.59283377892863498,0.4655146808060594,,12.753826871398889,0.0013343120887020833,0.010837761707292937,0.20712604384888392,0.59334172805930696,2.3529512819450393,0.006123717990040003,4.1642553337801882,0.093718692041957194,6.3310927108721504,0.020932066411443576,2.4706555683148128,0.0067689193652460625,365,0.0024706555683148132,6.7689193652460634e-06,0.46246575342465757,365_25_CALENDAR_DAYS_PER_YEAR,REPORTED,RESET_REPORTING_HIGH_WATER_MARK_TO_GROUP_INITIAL_WEALTH_NOT_PORTFOLIO_STATE,0.0026429208233655832
adaptive_memory,YEAR_REGIME,2023:BEAR,1,2023-01-01,2023-01-01,1,True,,0.0017118707612717623,0.0017118707612717623,17.118707612717625,0.0017133368484879999,,,,,0,,,,-0.0017133368484879999,0.00095759031814335316,0.00095759031814335316,1,9.575903181433531e-07,9.575903181433531e-07,0.34999999999999998,NOT_APPLICABLE_CONDITIONAL_SELECTION,NOT_APPLICABLE_CONDITIONAL_SELECTION,NOT_APPLICABLE_CONDITIONAL_SELECTION,8.0788677652301068e-07
adaptive_memory,YEAR_REGIME,2023:BULL,180,2023-01-16,2023-12-31,350,True,,0.15652739642769561,0.15652739642769561,8.6959664682053113,0.00092370457211376209,0.010417760511676928,,,,0.0064229442296641296,,,,0.02095018284451184,0.99221976714165439,0.0055123320396758581,180,0.00099221976714165458,5.512332039675859e-06,0.45833333333333343,NOT_APPLICABLE_CONDITIONAL_SELECTION,NOT_APPLICABLE_CONDITIONAL_SELECTION,NOT_APPLICABLE_CONDITIONAL_SELECTION,0.0011147669822530733
adaptive_memory,YEAR_REGIME,2023:MIX,184,2023-01-02,2023-10-21,293,True,,0.30727541361709204,0.30727541361709204,16.699750740059351,0.001733933437757039,0.011275893966296725,,,,0.0058336138372210508,,,,0.020568252567012179,1.4774782108550153,0.0080297728850816045,184,0.0014774782108550153,8.0297728850816052e-06,0.4671195652173914,NOT_APPLICABLE_CONDITIONAL_SELECTION,NOT_APPLICABLE_CONDITIONAL_SELECTION,NOT_APPLICABLE_CONDITIONAL_SELECTION,0.0015273459543359868
adaptive_memory,YEAR,2024,366,2024-01-01,2024-12-31,366,False,0.50732168842530778,0.41033435965493475,,11.211321302047397,0.0012090362126272157,0.013264781202494179,0.25351006298143902,0.50605479105312212,1.7419445660996216,0.0081987758283283679,2.8182882444898216,0.1253210595036609,4.0380666510271492,0.026994333645129837,3.6701764776333183,0.010027804583697592,366,0.0036701764776333181,1.002780458369759e-05,0.46994535519125685,365_25_CALENDAR_DAYS_PER_YEAR,REPORTED,RESET_REPORTING_HIGH_WATER_MARK_TO_GROUP_INITIAL_WEALTH_NOT_PORTFOLIO_STATE,0.0063448655735889575
adaptive_memory,YEAR_REGIME,2024:BEAR,21,2024-07-05,2024-09-02,60,True,,0.12161213099127291,0.12161213099127291,57.910538567272809,0.005880818604549377,0.012489320599377948,,,,0.0042174963187924961,,,,0.016068336186350698,0.21621925063311476,0.010296154792053083,21,0.00021621925063311474,1.0296154792053083e-05,0.40000000000000008,NOT_APPLICABLE_CONDITIONAL_SELECTION,NOT_APPLICABLE_CONDITIONAL_SELECTION,NOT_APPLICABLE_CONDITIONAL_SELECTION,0.00034352832127542533
adaptive_memory,YEAR_REGIME,2024:BULL,153,2024-01-01,2024-12-31,366,True,,0.29715148927388657,0.29715148927388657,19.421665965613503,0.0020678754331393441,0.015836572706651553,,,,0.0094530956154122246,,,,0.032066220863854862,2.2385041080435366,0.014630745804206122,153,0.0022385041080435365,1.4630745804206121e-05,0.5091503267973857,NOT_APPLICABLE_CONDITIONAL_SELECTION,NOT_APPLICABLE_CONDITIONAL_SELECTION,NOT_APPLICABLE_CONDITIONAL_SELECTION,0.0040202123797746132
adaptive_memory,YEAR_REGIME,2024:MIX,192,2024-01-15,2024-11-05,296,True,,-0.0084292606102247258,-0.0084292606102247258,-0.43902399011587112,1.3672509665127466e-05,0.01076571387512348,,,,0.0074150481300428537,,,,0.023330675594630441,1.2154531189566664,0.0063304849945659712,192,0.0012154531189566666,6.3304849945659715e-06,0.44635416666666677,NOT_APPLICABLE_CONDITIONAL_SELECTION,NOT_APPLICABLE_CONDITIONAL_SELECTION,NOT_APPLICABLE_CONDITIONAL_SELECTION,0.0019811248725389178
adaptive_memory,YEAR,2025,148,2025-01-01,2025-05-28,148,False,0.067826493605692595,0.065625268169382772,,4.434139741174512,0.00050635547878762988,0.011258165836684072,0.21516060361226425,,0.85957343269248843,0.0075213286220828434,1.2866370744189028,0.13037521345149158,,0.024610116547558361,1.8669715615719165,0.01261467271332376,148,0.0018669715615719164,1.261467271332376e-05,0.44594594594594594,365_25_CALENDAR_DAYS_PER_YEAR,NOT_APPLICABLE_REQUIRES_365_CALENDAR_DAYS_AND_CONTIGUOUS_DAILY_RECORDS,RESET_REPORTING_HIGH_WATER_MARK_TO_GROUP_INITIAL_WEALTH_NOT_PORTFOLIO_STATE,0.0038239657556941821
adaptive_memory,YEAR_REGIME,2025:BEAR,37,2025-02-27,2025-04-11,44,True,,0.084959144214683494,0.084959144214683494,22.961930868833374,0.0023842162858399673,0.013297239480366634,,,,0.0070842776300734794,,,,0.020817112139642307,0.22059790987655858,0.0059621056723394208,37,0.00022059790987655857,5.9621056723394208e-06,0.40000000000000008,NOT_APPLICABLE_CONDITIONAL_SELECTION,NOT_APPLICABLE_CONDITIONAL_SELECTION,NOT_APPLICABLE_CONDITIONAL_SELECTION,0.00042467282868761898
adaptive_memory,YEAR_REGIME,2025:BULL,55,2025-01-01,2025-05-28,148,True,,0.06861382979066083,0.06861382979066083,12.475241780120152,0.001304443789483966,0.010703252463070695,,,,0.0066892939822226416,,,,0.022198812478466484,1.294701968105898,0.023540035783743599,55,0.0012947019681058983,2.3540035783743605e-05,0.49818181818181817,NOT_APPLICABLE_CONDITIONAL_SELECTION,NOT_APPLICABLE_CONDITIONAL_SELECTION,NOT_APPLICABLE_CONDITIONAL_SELECTION,0.0026901423633798843
adaptive_memory,YEAR_REGIME,2025:MIX,56,2025-01-10,2025-05-05,116,True,,-0.087947705835961565,-0.087947705835961565,-15.704947470707422,-0.0015182107167344232,0.010166831926151431,,,,0.0085088528329219752,,,,0.027384764632245262,0.3516716835894596,0.0062798514926689216,56,0.00035167168358945958,6.279851492668921e-06,0.42499999999999993,NOT_APPLICABLE_CONDITIONAL_SELECTION,NOT_APPLICABLE_CONDITIONAL_SELECTION,NOT_APPLICABLE_CONDITIONAL_SELECTION,0.00070915056362667872
adaptive_memory,MONTH,2021-01,30,2021-01-02,2021-01-31,30,False,0.054680006040882988,0.05323740911010983,,17.745803036703276,0.0021188428937800939,0.026601248556076543,0.50839015690419842,,1.5222705562708507,0.017417791292933374,2.3248813099159631,0.12817436724554626,,0.055104155928685908,0.75372791509143555,0.025124263836381184,30,0.0007537279150914355,2.5124263836381184e-05,0.47833333333333317,365_25_CALENDAR_DAYS_PER_YEAR,NOT_APPLICABLE_REQUIRES_365_CALENDAR_DAYS_AND_CONTIGUOUS_DAILY_RECORDS,RESET_REPORTING_HIGH_WATER_MARK_TO_GROUP_INITIAL_WEALTH_NOT_PORTFOLIO_STATE,0.00078134487380568537
adaptive_memory,MONTH,2021-02,28,2021-02-01,2021-02-28,28,False,0.16113175551992606,0.14939518079016109,,53.355421710771815,0.0056593411028590156,0.025580795630128588,0.48888775565252779,,4.2281164007887488,0.012744240295561109,8.4868598708582184,0.11129940232640975,,0.042599340832591703,0.31141978487640037,0.011122135174157156,28,0.00031141978487640037,1.1122135174157156e-05,0.48214285714285715,365_25_CALENDAR_DAYS_PER_YEAR,NOT_APPLICABLE_REQUIRES_365_CALENDAR_DAYS_AND_CONTIGUOUS_DAILY_RECORDS,RESET_REPORTING_HIGH_WATER_MARK_TO_GROUP_INITIAL_WEALTH_NOT_PORTFOLIO_STATE,0.00038383633322876883
adaptive_memory,MONTH,2021-03,31,2021-03-01,2021-03-31,31,False,0.14641080700398704,0.13663602439247496,,44.076136900798375,0.0045806906218043286,0.018441373445052665,0.35244258251621091,,4.7471484225010618,0.009900362470104021,8.8424981532534659,0.082903460674266891,,0.028109270374793365,0.23017818289164588,0.0074251026739240609,31,0.00023017818289164591,7.4251026739240614e-06,0.5,365_25_CALENDAR_DAYS_PER_YEAR,NOT_APPLICABLE_REQUIRES_365_CALENDAR_DAYS_AND_CONTIGUOUS_DAILY_RECORDS,RESET_REPORTING_HIGH_WATER_MARK_TO_GROUP_INITIAL_WEALTH_NOT_PORTFOLIO_STATE,0.00030972359847699347
adaptive_memory,MONTH,2021-04,30,2021-04-01,2021-04-30,30,False,-0.0015642024786099277,-0.0015654271205321965,,-0.52180904017739882,9.1039961616820128e-05,0.017319755517594251,0.33100676483550701,,0.10045820663836952,0.010004056839461484,0.17392060107549159,0.11611958808228207,,0.027023155613486533,0.41995938046217052,0.013998646015405684,30,0.00041995938046217053,1.3998646015405684e-05,0.47833333333333328,365_25_CALENDAR_DAYS_PER_YEAR,NOT_APPLICABLE_REQUIRES_365_CALENDAR_DAYS_AND_CONTIGUOUS_DAILY_RECORDS,RESET_REPORTING_HIGH_WATER_MARK_TO_GROUP_INITIAL_WEALTH_NOT_PORTFOLIO_STATE,0.00058784764240801747
adaptive_memory,MONTH,2021-05,31,2021-05-01,2021-05-31,31,False,-0.17622754996346021,-0.19386094007816693,,-62.53578712198933,-0.0059669958824534958,0.023299469140089141,0.44528815055219034,,-4.8944604597348151,0.020673292573931176,-5.5162151859050779,0.20453649074036087,,0.064687211506818942,0.44669990005660587,0.014409674195374382,31,0.00044669990005660591,1.4409674195374384e-05,0.41290322580645172,365_25_CALENDAR_DAYS_PER_YEAR,NOT_APPLICABLE_REQUIRES_365_CALENDAR_DAYS_AND_CONTIGUOUS_DAILY_RECORDS,RESET_REPORTING_HIGH_WATER_MARK_TO_GROUP_INITIAL_WEALTH_NOT_PORTFOLIO_STATE,0.00055237525963222698
adaptive_memory,MONTH,2021-06,30,2021-06-01,2021-06-30,30,False,-0.022420472956237676,-0.022675632842438734,,-7.5585442808129111,-0.00057165782996663008,0.019474955085415718,0.37219589338843456,,-0.56098959205174204,0.014105021045447171,-0.77456439613890715,0.097053248255337565,,0.044718592491829162,0.41261366519058362,0.01375378883968612,30,0.00041261366519058365,1.3753788839686121e-05,0.3683333333333334,365_25_CALENDAR_DAYS_PER_YEAR,NOT_APPLICABLE_REQUIRES_365_CALENDAR_DAYS_AND_CONTIGUOUS_DAILY_RECORDS,RESET_REPORTING_HIGH_WATER_MARK_TO_GROUP_INITIAL_WEALTH_NOT_PORTFOLIO_STATE,0.00047118454624896878
adaptive_memory,MONTH,2021-07,31,2021-07-01,2021-07-31,31,False,0.074506717764170505,0.071861689071736512,,23.181190023140811,0.0023991603528869454,0.012758349520647151,0.24383138637147758,,3.5938495528911201,0.0070000082703258306,6.5502192211370254,0.064593456704160002,,0.01778853119461369,0.19108407528761001,0.0061640024286325808,31,0.00019108407528761002,6.1640024286325817e-06,0.40000000000000013,365_25_CALENDAR_DAYS_PER_YEAR,NOT_APPLICABLE_REQUIRES_365_CALENDAR_DAYS_AND_CONTIGUOUS_DAILY_RECORDS,RESET_REPORTING_HIGH_WATER_MARK_TO_GROUP_INITIAL_WEALTH_NOT_PORTFOLIO_STATE,0.00021478286916881402
adaptive_memory,MONTH,2021-08,31,2021-08-01,2021-08-31,31,False,0.060193348649214669,0.058451295876369998,,18.855256734312903,0.001996618169946794,0.015076263539144485,0.28813023456539505,,2.5310248598973391,0.0082964633034053221,4.599357149723815,0.033506805157894545,,0.020781225475239432,0.30510128228779881,0.0098419768479935093,31,0.00030510128228779877,9.841976847993509e-06,0.45645161290322583,365_25_CALENDAR_DAYS_PER_YEAR,NOT_APPLICABLE_REQUIRES_365_CALENDAR_DAYS_AND_CONTIGUOUS_DAILY_RECORDS,RESET_REPORTING_HIGH_WATER_MARK_TO_GROUP_INITIAL_WEALTH_NOT_PORTFOLIO_STATE,0.00038427857629928466
adaptive_memory,MONTH,2021-09,30,2021-09-01,2021-09-30,30,False,-0.026979290462323315,-0.027349912811253548,,-9.1166376037511831,-0.00074139908156601697,0.018622867240062423,0.35591120387537906,,-0.76085273965358458,0.014852555507103444,-0.95399472185307332,0.11181589344348758,,0.051165245958094824,0.20117418009703464,0.0067058060032344881,30,0.00020117418009703463,6.7058060032344876e-06,0.4616666666666665,365_25_CALENDAR_DAYS_PER_YEAR,NOT_APPLICABLE_REQUIRES_365_CALENDAR_DAYS_AND_CONTIGUOUS_DAILY_RECORDS,RESET_REPORTING_HIGH_WATER_MARK_TO_GROUP_INITIAL_WEALTH_NOT_PORTFOLIO_STATE,0.00025492330709308929
adaptive_memory,MONTH,2021-10,31,2021-10-01,2021-10-31,31,False,0.17139639617327238,0.15819653815632506,,51.031141340750018,0.0052402794692116813,0.016090414691187195,0.30751219937147151,,6.2241825854117092,0.0075938480632499116,13.188264774167653,0.052207236284951448,,0.023569459858362941,0.38276777356531128,0.01234734753436488,31,0.00038276777356531131,1.2347347534364882e-05,0.46290322580645143,365_25_CALENDAR_DAYS_PER_YEAR,NOT_APPLICABLE_REQUIRES_365_CALENDAR_DAYS_AND_CONTIGUOUS_DAILY_RECORDS,RESET_REPORTING_HIGH_WATER_MARK_TO_GROUP_INITIAL_WEALTH_NOT_PORTFOLIO_STATE,0.0005412605634424702
adaptive_memory,MONTH,2021-11,30,2021-11-01,2021-11-30,30,False,-0.030884364183614961,-0.031371339003422608,,-10.45711300114087,-0.00092381799362810683,0.015789814007114687,0.30176726493281247,,-1.1181614488496374,0.012190636534639174,-1.4482887138086784,0.10043858259028804,,0.038861265164774159,0.33091523481948848,0.011030507827316283,30,0.00033091523481948849,1.1030507827316283e-05,0.47499999999999998,365_25_CALENDAR_DAYS_PER_YEAR,NOT_APPLICABLE_REQUIRES_365_CALENDAR_DAYS_AND_CONTIGUOUS_DAILY_RECORDS,RESET_REPORTING_HIGH_WATER_MARK_TO_GROUP_INITIAL_WEALTH_NOT_PORTFOLIO_STATE,0.00048327952254697767
adaptive_memory,MONTH,2021-12,31,2021-12-01,2021-12-31,31,False,-0.092141189432703996,-0.096666407441378291,,-31.182712077863965,-0.0030030117902368099,0.015030698863186668,0.28725942458402703,,-3.8183257450031971,0.013062484896704895,-4.3936590081090552,0.096140341566888651,,0.037461086844389729,0.18948795647774214,0.0061125147250884557,31,0.00018948795647774215,6.1125147250884568e-06,0.45645161290322567,365_25_CALENDAR_DAYS_PER_YEAR,NOT_APPLICABLE_REQUIRES_365_CALENDAR_DAYS_AND_CONTIGUOUS_DAILY_RECORDS,RESET_REPORTING_HIGH_WATER_MARK_TO_GROUP_INITIAL_WEALTH_NOT_PORTFOLIO_STATE,0.00025074082320449914
adaptive_memory,MONTH,2022-01,31,2022-01-01,2022-01-31,31,False,-0.076225804217901968,-0.079287614064544432,,-25.576649698240139,-0.0024787294114835389,0.012410036441691216,0.23717459578930239,,-3.8172550248537118,0.011210039591450647,-4.2258792735925752,0.12723327021192304,,0.038640878987419608,0.14893017360647864,0.0048041991485960854,31,0.00014893017360647864,4.8041991485960854e-06,0.44999999999999984,365_25_CALENDAR_DAYS_PER_YEAR,NOT_APPLICABLE_REQUIRES_365_CALENDAR_DAYS_AND_CONTIGUOUS_DAILY_RECORDS,RESET_REPORTING_HIGH_WATER_MARK_TO_GROUP_INITIAL_WEALTH_NOT_PORTFOLIO_STATE,0.00018141545093892532
adaptive_memory,MONTH,2022-02,28,2022-02-01,2022-02-28,28,False,0.059756093482595481,0.058038781158679303,,20.728136128099752,0.0022706836647786964,0.020340854120573862,0.38874453566059153,,2.1334504603417241,0.010285716091415872,4.2190747053089712,0.078840441091806199,,0.030442947547441122,0.17658593740111178,0.0063066406214682775,28,0.0001765859374011118,6.3066406214682785e-06,0.4499999999999999,365_25_CALENDAR_DAYS_PER_YEAR,NOT_APPLICABLE_REQUIRES_365_CALENDAR_DAYS_AND_CONTIGUOUS_DAILY_RECORDS,RESET_REPORTING_HIGH_WATER_MARK_TO_GROUP_INITIAL_WEALTH_NOT_PORTFOLIO_STATE,0.00021521107352997078
adaptive_memory,MONTH,2022-03,31,2022-03-01,2022-03-31,31,False,0.029202830892216702,0.02878455199708382,,9.2853393538980065,0.0010372005356233036,0.014961667217193527,0.2859401252562595,,1.3248839955459117,0.0098163240387904981,2.0193377240209802,0.067905196088367023,,0.032282133073633153,0.26004877692763462,0.0083886702234720837,31,0.00026004877692763461,8.3886702234720836e-06,0.45967741935483869,365_25_CALENDAR_DAYS_PER_YEAR,NOT_APPLICABLE_REQUIRES_365_CALENDAR_DAYS_AND_CONTIGUOUS_DAILY_RECORDS,RESET_REPORTING_HIGH_WATER_MARK_TO_GROUP_INITIAL_WEALTH_NOT_PORTFOLIO_STATE,0.00032539454967861134
adaptive_memory,MONTH,2022-04,30,2022-04-01,2022-04-30,30,False,-0.085073206010885721,-0.088911223476586032,,-29.637074492195342,-0.0028902079368159864,0.011909476930321992,0.2276081452526505,,-4.638008221323731,0.010663476309705416,-5.1799479185061967,0.09601842274858341,,0.029514114607420663,0.30886286256198514,0.010295428752066172,30,0.00030886286256198513,1.0295428752066171e-05,0.46833333333333316,365_25_CALENDAR_DAYS_PER_YEAR,NOT_APPLICABLE_REQUIRES_365_CALENDAR_DAYS_AND_CONTIGUOUS_DAILY_RECORDS,RESET_REPORTING_HIGH_WATER_MARK_TO_GROUP_INITIAL_WEALTH_NOT_PORTFOLIO_STATE,0.00038340916857660117
adaptive_memory,MONTH,2022-05,31,2022-05-01,2022-05-31,31,False,-0.067156735998763525,-0.069518083671116865,,-22.42518828100544,-0.0020674022509490136,0.0188011259311784,0.3593179974984283,,-2.1015331194548086,0.01516607629631248,-2.605234739391288,0.13235312609977454,,0.046456841971724401,0.2536175141210591,0.0081812101329373898,31,0.00025361751412105913,8.1812101329373906e-06,0.44999999999999984,365_25_CALENDAR_DAYS_PER_YEAR,NOT_APPLICABLE_REQUIRES_365_CALENDAR_DAYS_AND_CONTIGUOUS_DAILY_RECORDS,RESET_REPORTING_HIGH_WATER_MARK_TO_GROUP_INITIAL_WEALTH_NOT_PORTFOLIO_STATE,0.00028018287036855747
adaptive_memory,MONTH,2022-06,30,2022-06-01,2022-06-30,30,False,-0.1653124052213219,-0.18069776212796834,,-60.232587375989446,-0.0058503123358534959,0.017736459133944886,0.33897060218894781,,-6.3038699134132781,0.016679922395881796,-6.7031685430721373,0.18041584391511575,,0.054629210564630479,0.24950195584329321,0.0083167318614431069,30,0.0002495019558432932,8.3167318614431064e-06,0.37833333333333324,365_25_CALENDAR_DAYS_PER_YEAR,NOT_APPLICABLE_REQUIRES_365_CALENDAR_DAYS_AND_CONTIGUOUS_DAILY_RECORDS,RESET_REPORTING_HIGH_WATER_MARK_TO_GROUP_INITIAL_WEALTH_NOT_PORTFOLIO_STATE,0.00024789221570081652
adaptive_memory,MONTH,2022-07,31,2022-07-01,2022-07-31,31,False,0.067730830885120122,0.065535677766409853,,21.14054121497092,0.0021943745024240258,0.012751750923625389,0.24370527718648316,,3.2887892140188315,0.0065672789252760105,6.3858747853794373,0.038267974188544308,,0.019900908697312526,0.2025566460030665,0.006534085354937629,31,0.00020255664600306653,6.5340853549376298e-06,0.37903225806451618,365_25_CALENDAR_DAYS_PER_YEAR,NOT_APPLICABLE_REQUIRES_365_CALENDAR_DAYS_AND_CONTIGUOUS_DAILY_RECORDS,RESET_REPORTING_HIGH_WATER_MARK_TO_GROUP_INITIAL_WEALTH_NOT_PORTFOLIO_STATE,0.00019280170706431314
adaptive_memory,MONTH,2022-08,31,2022-08-01,2022-08-31,31,False,-0.055849125805911649,-0.057469301249043973,,-18.538484273885153,-0.0017928948757963065,0.01099486999989522,0.21012862131657875,,-3.1164476751503538,0.0095297275051357665,-3.5955841372471298,0.083588066211157414,,0.035043882132115935,0.14161708361335845,0.0045682930197857565,31,0.00014161708361335845,4.5682930197857562e-06,0.40000000000000013,365_25_CALENDAR_DAYS_PER_YEAR,NOT_APPLICABLE_REQUIRES_365_CALENDAR_DAYS_AND_CONTIGUOUS_DAILY_RECORDS,RESET_REPORTING_HIGH_WATER_MARK_TO_GROUP_INITIAL_WEALTH_NOT_PORTFOLIO_STATE,0.00013658589156224723
adaptive_memory,MONTH,2022-09,30,2022-09-01,2022-09-30,30,False,-0.0090156419555351124,-0.009056528788357757,,-3.0188429294525858,-0.00021334974610008007,0.013536715741889409,0.25870714397030226,,-0.30121315386636399,0.0094207893270707253,-0.43281265508086603,0.072229950018510777,,0.033217941554367088,0.2574089386748456,0.0085802979558281863,30,0.00025740893867484557,8.5802979558281866e-06,0.39833333333333343,365_25_CALENDAR_DAYS_PER_YEAR,NOT_APPLICABLE_REQUIRES_365_CALENDAR_DAYS_AND_CONTIGUOUS_DAILY_RECORDS,RESET_REPORTING_HIGH_WATER_MARK_TO_GROUP_INITIAL_WEALTH_NOT_PORTFOLIO_STATE,0.0002402510472201256
adaptive_memory,MONTH,2022-10,31,2022-10-01,2022-10-31,31,False,0.023879923584908314,0.023599257617462673,,7.6126637475686048,0.00078363313049780955,0.0067692496456801506,0.1293706151512537,,2.2124189529414262,0.0035063646510850584,4.2712089881068955,0.023414557768635151,,0.010076994393480022,0.46852715760250691,0.015113779277500223,31,0.00046852715760250694,1.5113779277500223e-05,0.38548387096774184,365_25_CALENDAR_DAYS_PER_YEAR,NOT_APPLICABLE_REQUIRES_365_CALENDAR_DAYS_AND_CONTIGUOUS_DAILY_RECORDS,RESET_REPORTING_HIGH_WATER_MARK_TO_GROUP_INITIAL_WEALTH_NOT_PORTFOLIO_STATE,0.0004369215777714457
adaptive_memory,MONTH,2022-11,30,2022-11-01,2022-11-30,30,False,-0.091940847183076366,-0.096445756228625154,,-32.148585409541717,-0.0030318469570754301,0.018939241787606829,0.36195760074008015,,-3.0594249127731561,0.016646381905689012,-3.480827754782934,0.13341799852766803,,0.064212303695258821,0.35277618244537384,0.011759206081512461,30,0.00035277618244537387,1.1759206081512463e-05,0.39166666666666655,365_25_CALENDAR_DAYS_PER_YEAR,NOT_APPLICABLE_REQUIRES_365_CALENDAR_DAYS_AND_CONTIGUOUS_DAILY_RECORDS,RESET_REPORTING_HIGH_WATER_MARK_TO_GROUP_INITIAL_WEALTH_NOT_PORTFOLIO_STATE,0.00031230053051733167
adaptive_memory,MONTH,2022-12,31,2022-12-01,2022-12-31,31,False,-0.018681889230896677,-0.018858600045669815,,-6.0834193695709082,-0.00059127199186534884,0.0058994443482843452,0.11274731829031953,,-1.915452165990551,0.0045880463949455668,-2.4629444609607161,0.033755522122415386,,0.016107041695556053,0.55195058535374786,0.017804857592056383,31,0.00055195058535374784,1.7804857592056381e-05,0.37419354838709673,365_25_CALENDAR_DAYS_PER_YEAR,NOT_APPLICABLE_REQUIRES_365_CALENDAR_DAYS_AND_CONTIGUOUS_DAILY_RECORDS,RESET_REPORTING_HIGH_WATER_MARK_TO_GROUP_INITIAL_WEALTH_NOT_PORTFOLIO_STATE,0.00047025176700952445
adaptive_memory,MONTH,2023-01,31,2023-01-01,2023-01-31,31,False,0.17068387661538162,0.15758808797795071,,50.834867089661522,0.0051523297988524319,0.010810096888043715,0.20659732724487978,,9.1089680787605172,0.0037775565653672943,26.066804236437537,0.017453905702002701,,0.014784890235190282,0.29635872789794315,0.0095599589644497791,31,0.00029635872789794324,9.5599589644497827e-06,0.45161290322580633,365_25_CALENDAR_DAYS_PER_YEAR,NOT_APPLICABLE_REQUIRES_365_CALENDAR_DAYS_AND_CONTIGUOUS_DAILY_RECORDS,RESET_REPORTING_HIGH_WATER_MARK_TO_GROUP_INITIAL_WEALTH_NOT_PORTFOLIO_STATE,0.00026793709418625259
adaptive_memory,MONTH,2023-02,28,2023-02-01,2023-02-28,28,False,0.0084393438723914214,0.0084039317073599865,,3.001404181199995,0.00037890221471837234,0.012870498660185456,0.24597472631758421,,0.56263517800280605,0.0067317082307359931,1.0757143738932669,0.040230267184264493,,0.020594310840942764,0.32306155375019696,0.011537912633935606,28,0.00032306155375019698,1.1537912633935607e-05,0.45714285714285713,365_25_CALENDAR_DAYS_PER_YEAR,NOT_APPLICABLE_REQUIRES_365_CALENDAR_DAYS_AND_CONTIGUOUS_DAILY_RECORDS,RESET_REPORTING_HIGH_WATER_MARK_TO_GROUP_INITIAL_WEALTH_NOT_PORTFOLIO_STATE,0.00032190496638499452
adaptive_memory,MONTH,2023-03,31,2023-03-01,2023-03-31,31,False,0.10638417393770584,0.10109719716063477,,32.611999084075734,0.0034141278817300647,0.017575933573227922,0.33590271555092044,,3.7124147887779375,0.0086982608336197247,7.5014025184936868,0.07372785842519404,,0.027623854895408272,0.51832443221687419,0.016720142974737878,31,0.00051832443221687429,1.672014297473788e-05,0.46935483870967726,365_25_CALENDAR_DAYS_PER_YEAR,NOT_APPLICABLE_REQUIRES_365_CALENDAR_DAYS_AND_CONTIGUOUS_DAILY_RECORDS,RESET_REPORTING_HIGH_WATER_MARK_TO_GROUP_INITIAL_WEALTH_NOT_PORTFOLIO_STATE,0.00052576679144933391
adaptive_memory,MONTH,2023-04,30,2023-04-01,2023-04-30,30,False,0.013800230318066755,0.01370587423902828,,4.5686247463427598,0.00049900198414888663,0.009324481215308069,0.17820496124862717,,1.022757578876244,0.0061880043847166531,1.5411566054477157,0.048108035812802277,,0.020676880649189995,0.19862725856025926,0.0066209086186753089,30,0.00019862725856025924,6.6209086186753082e-06,0.45166666666666655,365_25_CALENDAR_DAYS_PER_YEAR,NOT_APPLICABLE_REQUIRES_365_CALENDAR_DAYS_AND_CONTIGUOUS_DAILY_RECORDS,RESET_REPORTING_HIGH_WATER_MARK_TO_GROUP_INITIAL_WEALTH_NOT_PORTFOLIO_STATE,0.00021979398209767646
adaptive_memory,MONTH,2023-05,31,2023-05-01,2023-05-31,31,False,-0.031144336633361077,-0.031639632400146431,,-10.206333032305301,-0.0009845314136651415,0.0085759601768449698,0.16389959030379531,,-2.1940268317611893,0.0064885420733645531,-2.8998635630879943,0.051965546392525694,,0.017473875054377738,0.2415141708848948,0.007790779705964348,31,0.00024151417088489488,7.7907797059643508e-06,0.48709677419354835,365_25_CALENDAR_DAYS_PER_YEAR,NOT_APPLICABLE_REQUIRES_365_CALENDAR_DAYS_AND_CONTIGUOUS_DAILY_RECORDS,RESET_REPORTING_HIGH_WATER_MARK_TO_GROUP_INITIAL_WEALTH_NOT_PORTFOLIO_STATE,0.00026519494512869266
adaptive_memory,MONTH,2023-06,30,2023-06-01,2023-06-30,30,False,0.057918782913653849,0.056303565757648638,,18.767855252549545,0.001952368897118667,0.012391021441010298,0.23681119032134748,,3.011271294675427,0.0069814591788509217,5.3445456345364404,0.039050622747778867,,0.022335730535817229,0.27146651355112217,0.0090488837850374055,30,0.00027146651355112219,9.0488837850374056e-06,0.48333333333333323,365_25_CALENDAR_DAYS_PER_YEAR,NOT_APPLICABLE_REQUIRES_365_CALENDAR_DAYS_AND_CONTIGUOUS_DAILY_RECORDS,RESET_REPORTING_HIGH_WATER_MARK_TO_GROUP_INITIAL_WEALTH_NOT_PORTFOLIO_STATE,0.0002953467356236515
adaptive_memory,MONTH,2023-07,31,2023-07-01,2023-07-31,31,False,-0.017964754652422442,-0.018128079879106616,,-5.8477677029376176,-0.00056798234439849017,0.0058571260438463656,0.11193855138647323,,-1.8532985171060348,0.0044879255583961343,-2.4187128040160486,0.033121368655400968,,0.015422893701310572,0.065261657708658938,0.0021052147647954494,31,6.5261657708658936e-05,2.1052147647954494e-06,0.44999999999999984,365_25_CALENDAR_DAYS_PER_YEAR,NOT_APPLICABLE_REQUIRES_365_CALENDAR_DAYS_AND_CONTIGUOUS_DAILY_RECORDS,RESET_REPORTING_HIGH_WATER_MARK_TO_GROUP_INITIAL_WEALTH_NOT_PORTFOLIO_STATE,7.4544307989522527e-05
adaptive_memory,MONTH,2023-08,31,2023-08-01,2023-08-31,31,False,-0.050780036416114969,-0.052114722631705516,,-16.811200848937261,-0.0016347468159651482,0.0096155504413425116,0.18376773508541505,,-3.249162723008709,0.0078282756178383543,-3.9909795695015546,0.0587441716128176,,0.029096239867837898,0.081358255549028369,0.0026244598564202698,31,8.1358255549028379e-05,2.6244598564202703e-06,0.44999999999999984,365_25_CALENDAR_DAYS_PER_YEAR,NOT_APPLICABLE_REQUIRES_365_CALENDAR_DAYS_AND_CONTIGUOUS_DAILY_RECORDS,RESET_REPORTING_HIGH_WATER_MARK_TO_GROUP_INITIAL_WEALTH_NOT_PORTFOLIO_STATE,8.9302773686527394e-05
adaptive_memory,MONTH,2023-09,30,2023-09-01,2023-09-30,30,False,0.018028673336405846,0.017868084073912459,,5.9560280246374866,0.0006090799943353171,0.0052480664340589615,0.10029849960728345,,2.21804382719619,0.003211888236956506,3.6241738503984036,0.018690498229485101,,0.010892456406811832,0.072200604463638907,0.0024066868154546304,30,7.2200604463638898e-05,2.40668681545463e-06,0.4499999999999999,365_25_CALENDAR_DAYS_PER_YEAR,NOT_APPLICABLE_REQUIRES_365_CALENDAR_DAYS_AND_CONTIGUOUS_DAILY_RECORDS,RESET_REPORTING_HIGH_WATER_MARK_TO_GROUP_INITIAL_WEALTH_NOT_PORTFOLIO_STATE,7.7438164322278738e-05
adaptive_memory,MONTH,2023-10,31,2023-10-01,2023-10-31,31,False,0.1218219915572015,0.11495414171274945,,37.081981197661115,0.0037682688554168254,0.010583761437883012,0.20227171392723356,,6.8045114797224455,0.0028301544162083665,25.446429986390012,0.019597840980703062,,0.0081347156695777342,0.11258257119346127,0.0036316958449503635,31,0.00011258257119346128,3.6316958449503638e-06,0.44999999999999984,365_25_CALENDAR_DAYS_PER_YEAR,NOT_APPLICABLE_REQUIRES_365_CALENDAR_DAYS_AND_CONTIGUOUS_DAILY_RECORDS,RESET_REPORTING_HIGH_WATER_MARK_TO_GROUP_INITIAL_WEALTH_NOT_PORTFOLIO_STATE,0.00012884660550155147
adaptive_memory,MONTH,2023-11,30,2023-11-01,2023-11-30,30,False,0.040558483023482451,0.039757571926012904,,13.252523975337633,0.0013736885625523867,0.0099356313025352732,0.18988496521845885,,2.6423353049306337,0.0059561575992092119,4.4077526375306935,0.024330500546846125,,0.020154426951927935,0.11171914542750905,0.0037239715142503016,30,0.00011171914542750907,3.7239715142503025e-06,0.4499999999999999,365_25_CALENDAR_DAYS_PER_YEAR,NOT_APPLICABLE_REQUIRES_365_CALENDAR_DAYS_AND_CONTIGUOUS_DAILY_RECORDS,RESET_REPORTING_HIGH_WATER_MARK_TO_GROUP_INITIAL_WEALTH_NOT_PORTFOLIO_STATE,0.00013972193247415267
adaptive_memory,MONTH,2023-12,31,2023-12-01,2023-12-31,31,False,0.05941689865959255,0.057718661161720787,,18.618922955393803,0.0019296458838194027,0.011685856822633841,0.22333442624300109,,3.1558195971908471,0.0071131774291970599,5.1845263720628312,0.033172801594263224,,0.023196675374663526,0.17818067711122582,0.0057477637777814776,31,0.00017818067711122582,5.7477637777814782e-06,0.49838709677419352,365_25_CALENDAR_DAYS_PER_YEAR,NOT_APPLICABLE_REQUIRES_365_CALENDAR_DAYS_AND_CONTIGUOUS_DAILY_RECORDS,RESET_REPORTING_HIGH_WATER_MARK_TO_GROUP_INITIAL_WEALTH_NOT_PORTFOLIO_STATE,0.00023712252452094869
adaptive_memory,MONTH,2024-01,31,2024-01-01,2024-01-31,31,False,0.0029559499565191502,0.0029515897267471986,,0.95212571830554782,0.00018575466967740034,0.013654770069678487,0.26096334100937696,,0.25998629860135258,0.0098215760405982386,0.36145452766377062,0.077792358968226547,,0.032767753304297036,0.31559193580159411,0.010180385025857875,31,0.00031559193580159409,1.0180385025857873e-05,0.4693548387096772,365_25_CALENDAR_DAYS_PER_YEAR,NOT_APPLICABLE_REQUIRES_365_CALENDAR_DAYS_AND_CONTIGUOUS_DAILY_RECORDS,RESET_REPORTING_HIGH_WATER_MARK_TO_GROUP_INITIAL_WEALTH_NOT_PORTFOLIO_STATE,0.00042937237612759551
adaptive_memory,MONTH,2024-02,29,2024-02-01,2024-02-29,29,False,0.19539319890162651,0.17847516800052085,,61.543161379489952,0.0062443229594291473,0.012239280142561506,0.23391118424213636,,9.7504485231050673,0.0028964920388144457,41.201035387189968,0.014648124063204938,,0.0089363899135740978,0.16004398749121468,0.0055187581893522304,29,0.00016004398749121468,5.5187581893522304e-06,0.48448275862068968,365_25_CALENDAR_DAYS_PER_YEAR,NOT_APPLICABLE_REQUIRES_365_CALENDAR_DAYS_AND_CONTIGUOUS_DAILY_RECORDS,RESET_REPORTING_HIGH_WATER_MARK_TO_GROUP_INITIAL_WEALTH_NOT_PORTFOLIO_STATE,0.00023536248477589209
adaptive_memory,MONTH,2024-03,31,2024-03-01,2024-03-31,31,False,0.085798090019389039,0.082315283433871206,,26.553317236732649,0.0028401652769070762,0.019374289194175373,0.37027201571274221,,2.8016439897394343,0.012129065776900675,4.4751889283764079,0.076818204351015162,,0.038102797630046911,0.22688780223574445,0.0073189613624433693,31,0.00022688780223574444,7.3189613624433692e-06,0.5,365_25_CALENDAR_DAYS_PER_YEAR,NOT_APPLICABLE_REQUIRES_365_CALENDAR_DAYS_AND_CONTIGUOUS_DAILY_RECORDS,RESET_REPORTING_HIGH_WATER_MARK_TO_GROUP_INITIAL_WEALTH_NOT_PORTFOLIO_STATE,0.00038318064369102653
adaptive_memory,MONTH,2024-04,30,2024-04-01,2024-04-30,30,False,-0.071288662305588182,-0.07395731214029895,,-24.652437380099649,-0.0023814932267803663,0.012887639456091754,0.24630231289315022,,-3.5315965606010327,0.010865605055472237,-4.1888089015786241,0.071933617219063203,,0.027722865058282063,0.2863004770538275,0.0095433492351275837,30,0.00028630047705382745,9.5433492351275824e-06,0.45999999999999985,365_25_CALENDAR_DAYS_PER_YEAR,NOT_APPLICABLE_REQUIRES_365_CALENDAR_DAYS_AND_CONTIGUOUS_DAILY_RECORDS,RESET_REPORTING_HIGH_WATER_MARK_TO_GROUP_INITIAL_WEALTH_NOT_PORTFOLIO_STATE,0.0004853859067120871
adaptive_memory,MONTH,2024-05,31,2024-05-01,2024-05-31,31,False,0.052327457536884801,0.051004337303513732,,16.453012033391527,0.0017251127774216707,0.012806121477833304,0.24474438084082709,,2.5745123944768222,0.0060936457672046149,5.4104750635976089,0.024721274867308515,,0.01695390377564477,0.1690475238777368,0.0054531459315398968,31,0.00016904752387773676,5.4531459315398956e-06,0.44999999999999984,365_25_CALENDAR_DAYS_PER_YEAR,NOT_APPLICABLE_REQUIRES_365_CALENDAR_DAYS_AND_CONTIGUOUS_DAILY_RECORDS,RESET_REPORTING_HIGH_WATER_MARK_TO_GROUP_INITIAL_WEALTH_NOT_PORTFOLIO_STATE,0.00028337192304126596
adaptive_memory,MONTH,2024-06,30,2024-06-01,2024-06-30,30,False,-0.031507872453509569,-0.032014924669423468,,-10.671641556474489,-0.001037886606855504,0.0076958179695713084,0.14707873943618999,,-2.5774499061330332,0.0061811687111910886,-3.2090347683563287,0.070832315369679197,,0.018571377880591898,0.092404477844595323,0.0030801492614865107,30,9.2404477844595318e-05,3.0801492614865106e-06,0.4499999999999999,365_25_CALENDAR_DAYS_PER_YEAR,NOT_APPLICABLE_REQUIRES_365_CALENDAR_DAYS_AND_CONTIGUOUS_DAILY_RECORDS,RESET_REPORTING_HIGH_WATER_MARK_TO_GROUP_INITIAL_WEALTH_NOT_PORTFOLIO_STATE,0.00015540133680508279
adaptive_memory,MONTH,2024-07,31,2024-07-01,2024-07-31,31,False,0.013443622448013618,0.013354058769720236,,4.3077608934581404,0.00048708679325677393,0.010792252871091378,0.20625630104984702,,0.86256007855993022,0.0069323130115762164,1.3428370110787322,0.050238696935573847,,0.021152040492552437,0.20476203451084435,0.0066052269197046567,31,0.00020476203451084434,6.6052269197046558e-06,0.43548387096774183,365_25_CALENDAR_DAYS_PER_YEAR,NOT_APPLICABLE_REQUIRES_365_CALENDAR_DAYS_AND_CONTIGUOUS_DAILY_RECORDS,RESET_REPORTING_HIGH_WATER_MARK_TO_GROUP_INITIAL_WEALTH_NOT_PORTFOLIO_STATE,0.00033453322553085119
adaptive_memory,MONTH,2024-08,31,2024-08-01,2024-08-31,31,False,-0.046175024635322449,-0.047275088343750306,,-15.250028497983969,-0.0014108224175068229,0.01532570861263108,0.29289750779249557,,-1.7593283462126126,0.010639608443792132,-2.5342054390853681,0.081319448407783684,,0.030305774779117434,0.28240839135795476,0.0091099481083211208,31,0.00028240839135795478,9.1099481083211215e-06,0.41935483870967744,365_25_CALENDAR_DAYS_PER_YEAR,NOT_APPLICABLE_REQUIRES_365_CALENDAR_DAYS_AND_CONTIGUOUS_DAILY_RECORDS,RESET_REPORTING_HIGH_WATER_MARK_TO_GROUP_INITIAL_WEALTH_NOT_PORTFOLIO_STATE,0.00045550029893861026
adaptive_memory,MONTH,2024-09,30,2024-09-01,2024-09-30,30,False,0.036322472884012663,0.035678362666247701,,11.8927875554159,0.0012352502877065999,0.0096822295844121772,0.18504207451861737,,2.4382301633753145,0.0060990153186885662,3.8707074811077509,0.037120457578906543,,0.0157330988063209,0.2477198663329816,0.0082573288777660538,30,0.00024771986633298162,8.2573288777660534e-06,0.43833333333333319,365_25_CALENDAR_DAYS_PER_YEAR,NOT_APPLICABLE_REQUIRES_365_CALENDAR_DAYS_AND_CONTIGUOUS_DAILY_RECORDS,RESET_REPORTING_HIGH_WATER_MARK_TO_GROUP_INITIAL_WEALTH_NOT_PORTFOLIO_STATE,0.00039386527360366601
adaptive_memory,MONTH,2024-10,31,2024-10-01,2024-10-31,31,False,0.044869023640068284,0.043891541331933001,,14.158561719978387,0.001460531895460735,0.0095086204736250617,0.1817241414190863,,2.9355443401809067,0.0057798915987471054,4.8293253493420139,0.022523760896044649,,0.01705508655245563,0.56984991250042061,0.018382255241949051,31,0.00056984991250042059,1.8382255241949051e-05,0.47903225806451605,365_25_CALENDAR_DAYS_PER_YEAR,NOT_APPLICABLE_REQUIRES_365_CALENDAR_DAYS_AND_CONTIGUOUS_DAILY_RECORDS,RESET_REPORTING_HIGH_WATER_MARK_TO_GROUP_INITIAL_WEALTH_NOT_PORTFOLIO_STATE,0.00096323079402748854
adaptive_memory,MONTH,2024-11,30,2024-11-01,2024-11-30,30,False,0.19435378241680337,0.17760527126375808,,59.201757087919361,0.0060853784712251871,0.017634137934924073,0.33701508907402172,,6.5952076291955306,0.0067595627410306676,17.205373409251699,0.038954389203227489,,0.024581281384474293,0.35528964057410728,0.01184298801913691,30,0.00035528964057410722,1.1842988019136907e-05,0.53666666666666685,365_25_CALENDAR_DAYS_PER_YEAR,NOT_APPLICABLE_REQUIRES_365_CALENDAR_DAYS_AND_CONTIGUOUS_DAILY_RECORDS,RESET_REPORTING_HIGH_WATER_MARK_TO_GROUP_INITIAL_WEALTH_NOT_PORTFOLIO_STATE,0.00064945580024849297
adaptive_memory,MONTH,2024-12,31,2024-12-01,2024-12-31,31,False,-0.021460306872687893,-0.021693927687904492,,-6.9980411896466101,-0.00063026705201560081,0.011951440263204438,0.22841012811234063,,-1.0078582882956695,0.0088860441451374048,-1.35553660657117,0.070520700143388085,,0.02711336786759664,0.75987042805229676,0.024511949292009574,31,0.00075987042805229679,2.4511949292009573e-05,0.51774193548387104,365_25_CALENDAR_DAYS_PER_YEAR,NOT_APPLICABLE_REQUIRES_365_CALENDAR_DAYS_AND_CONTIGUOUS_DAILY_RECORDS,RESET_REPORTING_HIGH_WATER_MARK_TO_GROUP_INITIAL_WEALTH_NOT_PORTFOLIO_STATE,0.0015762055100868979
adaptive_memory,MONTH,2025-01,31,2025-01-01,2025-01-31,31,False,0.035905485509148863,0.035275909472038916,,11.379325636141585,0.0012005306317709474,0.01130521932969937,0.21605986714294065,,2.0295014481529798,0.0076048415407050348,3.0170199968669995,0.048704104926790871,,0.024522046574577367,0.9288019912441029,0.029961354556261383,31,0.00092880199124410312,2.9961354556261392e-05,0.50161290322580665,365_25_CALENDAR_DAYS_PER_YEAR,NOT_APPLICABLE_REQUIRES_365_CALENDAR_DAYS_AND_CONTIGUOUS_DAILY_RECORDS,RESET_REPORTING_HIGH_WATER_MARK_TO_GROUP_INITIAL_WEALTH_NOT_PORTFOLIO_STATE,0.0019335502871584106
adaptive_memory,MONTH,2025-02,28,2025-02-01,2025-02-28,28,False,-0.081634431422197729,-0.085159744779685936,,-30.414194564173549,-0.0029983467653813957,0.008910214060196325,0.17028768836034369,,-6.4311528719453239,0.0082048601942333477,-6.9840250030285276,0.082361376309612447,,0.021639166868507784,0.23532884450515251,0.0084046015894697328,28,0.00023532884450515248,8.404601589469732e-06,0.44821428571428573,365_25_CALENDAR_DAYS_PER_YEAR,NOT_APPLICABLE_REQUIRES_365_CALENDAR_DAYS_AND_CONTIGUOUS_DAILY_RECORDS,RESET_REPORTING_HIGH_WATER_MARK_TO_GROUP_INITIAL_WEALTH_NOT_PORTFOLIO_STATE,0.00047946401480664482
adaptive_memory,MONTH,2025-03,31,2025-03-01,2025-03-31,31,False,-0.0045318518033835463,-0.0045421517741755062,,-1.4652102497340342,-5.1250015246403179e-05,0.014040260403128155,0.2683306452430258,,-0.069761200968286682,0.0095545808842575075,-0.10251265225495193,0.068506542802351758,,0.031170634842432418,0.18651070843823481,0.0060164744657495101,31,0.00018651070843823483,6.0164744657495106e-06,0.40000000000000013,365_25_CALENDAR_DAYS_PER_YEAR,NOT_APPLICABLE_REQUIRES_365_CALENDAR_DAYS_AND_CONTIGUOUS_DAILY_RECORDS,RESET_REPORTING_HIGH_WATER_MARK_TO_GROUP_INITIAL_WEALTH_NOT_PORTFOLIO_STATE,0.00036256110656410358
adaptive_memory,MONTH,2025-04,30,2025-04-01,2025-04-30,30,False,0.057076300389798038,0.055506890082072435,,18.502296694024146,0.0019157438859652097,0.011520120985070619,0.22016696332163502,,3.1781582658547447,0.0065503528722690952,5.5894344085414032,0.042223692797993075,,0.021319598475017427,0.14069078335954061,0.0046896927786513531,30,0.00014069078335954066,4.6896927786513548e-06,0.40000000000000013,365_25_CALENDAR_DAYS_PER_YEAR,NOT_APPLICABLE_REQUIRES_365_CALENDAR_DAYS_AND_CONTIGUOUS_DAILY_RECORDS,RESET_REPORTING_HIGH_WATER_MARK_TO_GROUP_INITIAL_WEALTH_NOT_PORTFOLIO_STATE,0.00027256577275749369
adaptive_memory,MONTH,2025-05,28,2025-05-01,2025-05-28,28,False,0.066672900318547224,0.064544365169132811,,23.051558988976005,0.0023497965928582542,0.0093652087818187624,0.17898332674094794,,4.7952131696808111,0.0045411537625606379,9.8891547909325066,0.019651809934912202,,0.015934611582623447,0.37563923402488547,0.013415686929460196,28,0.0003756392340248855,1.3415686929460196e-05,0.48214285714285715,365_25_CALENDAR_DAYS_PER_YEAR,NOT_APPLICABLE_REQUIRES_365_CALENDAR_DAYS_AND_CONTIGUOUS_DAILY_RECORDS,RESET_REPORTING_HIGH_WATER_MARK_TO_GROUP_INITIAL_WEALTH_NOT_PORTFOLIO_STATE,0.0007758245744075294
adaptive_no_memory,FULL,FULL,1608,2021-01-02,2025-05-28,1608,False,1.1634093366683333,0.77168537394308334,,4.799038395168429,0.00058382488882629873,0.01441936900302941,0.27557598488117235,0.19158562406014037,0.77380487539854026,0.0097362714008653248,1.1460011307535125,0.45612406323456905,0.42002963558099854,0.033002809365950916,15.550177180241178,0.0096705081966673989,1608,0.015550177180241178,9.6705081966673998e-06,0.45009328358208961,365_25_CALENDAR_DAYS_PER_YEAR,REPORTED,RESET_REPORTING_HIGH_WATER_MARK_TO_GROUP_INITIAL_WEALTH_NOT_PORTFOLIO_STATE,0.021296463037493385
adaptive_no_memory,REGIME,FULL:BEAR,503,2021-05-14,2025-04-11,1429,True,,0.025712267897567045,0.025712267897567045,0.51117828822200884,0.00016032178124230888,0.01478260607097439,,,,0.010430518033094683,,,,0.035421675999231933,4.3632188306740947,0.0086743913134673858,503,0.0043632188306740941,8.6743913134673831e-06,0.4042743538767396,NOT_APPLICABLE_CONDITIONAL_SELECTION,NOT_APPLICABLE_CONDITIONAL_SELECTION,NOT_APPLICABLE_CONDITIONAL_SELECTION,0.0049358810182290568
adaptive_no_memory,REGIME,FULL:BULL,531,2021-01-02,2025-05-28,1608,True,,0.87181616606115742,0.87181616606115742,16.418383541641383,0.0017581141149107709,0.015224640849158005,,,,0.0091703723883684637,,,,0.030646154165602877,6.4311868255024436,0.012111462948215525,531,0.0064311868255024426,1.2111462948215522e-05,0.48333333333333328,NOT_APPLICABLE_CONDITIONAL_SELECTION,NOT_APPLICABLE_CONDITIONAL_SELECTION,NOT_APPLICABLE_CONDITIONAL_SELECTION,0.0099651608031494192
adaptive_no_memory,REGIME,FULL:MIX,574,2021-04-11,2025-05-05,1486,True,,-0.12584306001564097,-0.12584306001564097,-2.1923878051505397,-0.00013137635844915008,0.013240966830098486,,,,0.0096137293195968469,,,,0.032695168099760662,4.7557715240646408,0.0082853162440150539,574,0.0047557715240646404,8.2853162440150528e-06,0.45949477351916379,NOT_APPLICABLE_CONDITIONAL_SELECTION,NOT_APPLICABLE_CONDITIONAL_SELECTION,NOT_APPLICABLE_CONDITIONAL_SELECTION,0.006395421216114909
adaptive_no_memory,POST2021,POST2021,1244,2022-01-01,2025-05-28,1244,False,0.67765485042714102,0.51739689584309823,,4.1591390341085068,0.00049717818542573046,0.012753744703702705,0.24374338134404563,0.16405843881998053,0.745022618564671,0.0085864543456082871,1.1066067428073838,0.37086594603711481,0.44236587525229992,0.029233237709842826,11.375047849137351,0.0091439291391779351,1244,0.011375047849137352,9.1439291391779351e-06,0.44939710610932471,365_25_CALENDAR_DAYS_PER_YEAR,REPORTED,RESET_REPORTING_HIGH_WATER_MARK_TO_GROUP_INITIAL_WEALTH_NOT_PORTFOLIO_STATE,0.016080885121937588
adaptive_no_memory,REGIME,POST2021:BEAR,380,2022-01-01,2025-04-11,1197,True,,-0.012965993555488609,-0.012965993555488609,-0.3412103567233844,6.1343578947895509e-05,0.01383320796629393,,,,0.0097282163060342895,,,,0.033961605776242743,3.1225440692567563,0.008217221234886201,380,0.0031225440692567562,8.217221234886201e-06,0.40500000000000003,NOT_APPLICABLE_CONDITIONAL_SELECTION,NOT_APPLICABLE_CONDITIONAL_SELECTION,NOT_APPLICABLE_CONDITIONAL_SELECTION,0.0034628502477485508
adaptive_no_memory,REGIME,POST2021:BULL,388,2023-01-16,2025-05-28,864,True,,0.52267642334193321,0.52267642334193321,13.471041838709619,0.0014302768940096134,0.012877580233738278,,,,0.0078180965750129245,,,,0.026062725324080747,4.3457754630022682,0.011200452224232649,388,0.0043457754630022681,1.120045222423265e-05,0.48582474226804129,NOT_APPLICABLE_CONDITIONAL_SELECTION,NOT_APPLICABLE_CONDITIONAL_SELECTION,NOT_APPLICABLE_CONDITIONAL_SELECTION,0.0073495553996012399
adaptive_no_memory,REGIME,POST2021:MIX,476,2022-03-25,2025-05-05,1138,True,,0.0076864660566535042,0.0076864660566535042,0.16148037934146017,8.4520310490920949e-05,0.011697168435938638,,,,0.0082041365148789337,,,,0.02754608954464707,3.9067283168783273,0.0082074124304166544,476,0.0039067283168783273,8.2074124304166546e-06,0.45514705882352946,NOT_APPLICABLE_CONDITIONAL_SELECTION,NOT_APPLICABLE_CONDITIONAL_SELECTION,NOT_APPLICABLE_CONDITIONAL_SELECTION,0.0052684794745878
adaptive_no_memory,YEAR,2021,364,2021-01-02,2021-12-31,364,False,0.2895437557478025,0.25428847809998512,,6.9859472005490417,0.00087994713890956013,0.019061983447924452,0.36430337980439798,,0.88223362808021022,0.01291494731127329,1.3021441288411495,0.27318749422616673,,0.041536724851708055,4.1751293311038271,0.011470135525010514,364,0.0041751293311038272,1.1470135525010514e-05,0.45247252747252759,365_25_CALENDAR_DAYS_PER_YEAR,NOT_APPLICABLE_REQUIRES_365_CALENDAR_DAYS_AND_CONTIGUOUS_DAILY_RECORDS,RESET_REPORTING_HIGH_WATER_MARK_TO_GROUP_INITIAL_WEALTH_NOT_PORTFOLIO_STATE,0.0052155779155557951
adaptive_no_memory,YEAR_REGIME,2021:BEAR,123,2021-05-14,2021-12-31,232,True,,0.038678261453055647,0.038678261453055647,3.1445741018744426,0.00046610809727382996,0.017452512046336834,,,,0.012350480452066577,,,,0.039083445590406302,1.2406747614173377,0.010086786678189737,123,0.0012406747614173378,1.0086786678189738e-05,0.40203252032520326,NOT_APPLICABLE_CONDITIONAL_SELECTION,NOT_APPLICABLE_CONDITIONAL_SELECTION,NOT_APPLICABLE_CONDITIONAL_SELECTION,0.001473030770480507
adaptive_no_memory,YEAR_REGIME,2021:BULL,143,2021-01-02,2021-11-17,320,True,,0.34913974271922399,0.34913974271922399,24.415366623721955,0.0026476304905027228,0.020299981723889415,,,,0.012100757208821946,,,,0.037587602810547759,2.0854113625001753,0.014583296241259968,143,0.0020854113625001754,1.4583296241259968e-05,0.47657342657342672,NOT_APPLICABLE_CONDITIONAL_SELECTION,NOT_APPLICABLE_CONDITIONAL_SELECTION,NOT_APPLICABLE_CONDITIONAL_SELECTION,0.0026156054035481793
adaptive_no_memory,YEAR_REGIME,2021:MIX,98,2021-04-11,2021-12-04,238,True,,-0.13352952607229446,-0.13352952607229446,-13.625461844111678,-0.0011800173218723519,0.019087147294669905,,,,0.014642932698976775,,,,0.049680266155044728,0.84904320718631388,0.0086637061957787129,98,0.00084904320718631385,8.6637061957787124e-06,0.48061224489795917,NOT_APPLICABLE_CONDITIONAL_SELECTION,NOT_APPLICABLE_CONDITIONAL_SELECTION,NOT_APPLICABLE_CONDITIONAL_SELECTION,0.001126941741527109
adaptive_no_memory,YEAR,2022,365,2022-01-01,2022-12-31,365,False,-0.34576364982891095,-0.42428660111227667,,-11.624290441432239,-0.0010585210078618286,0.014345853712151061,0.27417099630758285,-0.34595374803940626,-1.410159365244426,0.011090516443794596,-1.8240755574493968,0.37086594603711481,-0.93282694659914811,0.038683247891432959,3.3723838141544618,0.0092394077100122242,365,0.0033723838141544614,9.2394077100122229e-06,0.41520547945205483,365_25_CALENDAR_DAYS_PER_YEAR,REPORTED,RESET_REPORTING_HIGH_WATER_MARK_TO_GROUP_INITIAL_WEALTH_NOT_PORTFOLIO_STATE,0.0034226178499384701
adaptive_no_memory,YEAR_REGIME,2022:BEAR,321,2022-01-01,2022-12-31,365,True,,-0.22124913952271677,-0.22124913952271677,-6.8924965583400857,-0.00059226158915857779,0.013918152784160259,,,,0.010251063580819409,,,,0.035685648863451117,2.6847693184289394,0.0083637673471306517,321,0.0026847693184289399,8.3637673471306537e-06,0.40607476635514028,NOT_APPLICABLE_CONDITIONAL_SELECTION,NOT_APPLICABLE_CONDITIONAL_SELECTION,NOT_APPLICABLE_CONDITIONAL_SELECTION,0.0026932267501951191
adaptive_no_memory,YEAR_REGIME,2022:MIX,44,2022-03-25,2022-12-17,268,True,,-0.20303746158955996,-0.20303746158955996,-46.144877633990902,-0.0044600954034014545,0.01694367709866363,,,,0.015927945577934248,,,,0.05801409605715456,0.68761449572552191,0.015627602175580044,44,0.00068761449572552185,1.5627602175580041e-05,0.4818181818181817,NOT_APPLICABLE_CONDITIONAL_SELECTION,NOT_APPLICABLE_CONDITIONAL_SELECTION,NOT_APPLICABLE_CONDITIONAL_SELECTION,0.00072939109974335097
adaptive_no_memory,YEAR,2023,365,2023-01-01,2023-12-31,365,False,0.59283377892863498,0.4655146808060594,,12.753826871398889,0.0013343120887020833,0.010837761707292937,0.20712604384888392,0.59334172805930696,2.3529512819450393,0.006123717990040003,4.1642553337801882,0.093718692041957194,6.3310927108721504,0.020932066411443576,2.4706555683148128,0.0067689193652460625,365,0.0024706555683148132,6.7689193652460634e-06,0.46246575342465757,365_25_CALENDAR_DAYS_PER_YEAR,REPORTED,RESET_REPORTING_HIGH_WATER_MARK_TO_GROUP_INITIAL_WEALTH_NOT_PORTFOLIO_STATE,0.0026429208233655832
adaptive_no_memory,YEAR_REGIME,2023:BEAR,1,2023-01-01,2023-01-01,1,True,,0.0017118707612717623,0.0017118707612717623,17.118707612717625,0.0017133368484879999,,,,,0,,,,-0.0017133368484879999,0.00095759031814335316,0.00095759031814335316,1,9.575903181433531e-07,9.575903181433531e-07,0.34999999999999998,NOT_APPLICABLE_CONDITIONAL_SELECTION,NOT_APPLICABLE_CONDITIONAL_SELECTION,NOT_APPLICABLE_CONDITIONAL_SELECTION,8.0788677652301068e-07
adaptive_no_memory,YEAR_REGIME,2023:BULL,180,2023-01-16,2023-12-31,350,True,,0.15652739642769561,0.15652739642769561,8.6959664682053113,0.00092370457211376209,0.010417760511676928,,,,0.0064229442296641296,,,,0.02095018284451184,0.99221976714165439,0.0055123320396758581,180,0.00099221976714165458,5.512332039675859e-06,0.45833333333333343,NOT_APPLICABLE_CONDITIONAL_SELECTION,NOT_APPLICABLE_CONDITIONAL_SELECTION,NOT_APPLICABLE_CONDITIONAL_SELECTION,0.0011147669822530733
adaptive_no_memory,YEAR_REGIME,2023:MIX,184,2023-01-02,2023-10-21,293,True,,0.30727541361709204,0.30727541361709204,16.699750740059351,0.001733933437757039,0.011275893966296725,,,,0.0058336138372210508,,,,0.020568252567012179,1.4774782108550153,0.0080297728850816045,184,0.0014774782108550153,8.0297728850816052e-06,0.4671195652173914,NOT_APPLICABLE_CONDITIONAL_SELECTION,NOT_APPLICABLE_CONDITIONAL_SELECTION,NOT_APPLICABLE_CONDITIONAL_SELECTION,0.0015273459543359868
adaptive_no_memory,YEAR,2024,366,2024-01-01,2024-12-31,366,False,0.51011990813649244,0.41218905703599201,,11.261996093879564,0.0012145340499390654,0.013296786725920986,0.25412173701780821,0.50884492433163808,1.7456537443278874,0.0082214977176780623,2.823279447700048,0.12576386170702025,4.0460345080452784,0.026995598270348711,3.6678821161538711,0.010021535836485986,366,0.0036678821161538712,1.0021535836485987e-05,0.47158469945355191,365_25_CALENDAR_DAYS_PER_YEAR,REPORTED,RESET_REPORTING_HIGH_WATER_MARK_TO_GROUP_INITIAL_WEALTH_NOT_PORTFOLIO_STATE,0.0061922298490312659
adaptive_no_memory,YEAR_REGIME,2024:BEAR,21,2024-07-05,2024-09-02,60,True,,0.12161213099127291,0.12161213099127291,57.910538567272809,0.005880818604549377,0.012489320599377948,,,,0.0042174963187924961,,,,0.016068336186350698,0.21621925063311476,0.010296154792053083,21,0.00021621925063311474,1.0296154792053083e-05,0.40000000000000008,NOT_APPLICABLE_CONDITIONAL_SELECTION,NOT_APPLICABLE_CONDITIONAL_SELECTION,NOT_APPLICABLE_CONDITIONAL_SELECTION,0.00034335441163780352
adaptive_no_memory,YEAR_REGIME,2024:BULL,153,2024-01-01,2024-12-31,366,True,,0.29908877866723427,0.29908877866723427,19.548286187400929,0.0020815573108080468,0.015899507355157546,,,,0.009499190267846909,,,,0.032066220863854862,2.1536218626565358,0.014075959886644025,153,0.0021536218626565361,1.4075959886644028e-05,0.51307189542483655,NOT_APPLICABLE_CONDITIONAL_SELECTION,NOT_APPLICABLE_CONDITIONAL_SELECTION,NOT_APPLICABLE_CONDITIONAL_SELECTION,0.0037339356274271613
adaptive_no_memory,YEAR_REGIME,2024:MIX,192,2024-01-15,2024-11-05,296,True,,-0.0085118526225151231,-0.0085118526225151231,-0.44332565742266267,1.325001577359361e-05,0.010766418046152297,,,,0.0074160643692868806,,,,0.023334300293059378,1.2980410028642204,0.0067606302232511477,192,0.0012980410028642206,6.7606302232511488e-06,0.44635416666666677,NOT_APPLICABLE_CONDITIONAL_SELECTION,NOT_APPLICABLE_CONDITIONAL_SELECTION,NOT_APPLICABLE_CONDITIONAL_SELECTION,0.0021149398099663003
adaptive_no_memory,YEAR,2025,148,2025-01-01,2025-05-28,148,False,0.066070820324459212,0.063979759113323403,,4.3229566968461759,0.00049531389111633528,0.011265466744320191,0.21530013501699682,,0.84028465061556645,0.0075315904245052733,1.2568658482108286,0.13037521345149158,,0.024610116547558361,1.8641263505142054,0.012595448314285171,148,0.0018641263505142056,1.2595448314285173e-05,0.44662162162162156,365_25_CALENDAR_DAYS_PER_YEAR,NOT_APPLICABLE_REQUIRES_365_CALENDAR_DAYS_AND_CONTIGUOUS_DAILY_RECORDS,RESET_REPORTING_HIGH_WATER_MARK_TO_GROUP_INITIAL_WEALTH_NOT_PORTFOLIO_STATE,0.003823116599602272
adaptive_no_memory,YEAR_REGIME,2025:BEAR,37,2025-02-27,2025-04-11,44,True,,0.084959144214683494,0.084959144214683494,22.961930868833374,0.0023842162858399673,0.013297239480366634,,,,0.0070842776300734794,,,,0.020817112139642307,0.22059790987655858,0.0059621056723394208,37,0.00022059790987655857,5.9621056723394208e-06,0.40000000000000008,NOT_APPLICABLE_CONDITIONAL_SELECTION,NOT_APPLICABLE_CONDITIONAL_SELECTION,NOT_APPLICABLE_CONDITIONAL_SELECTION,0.00042546119913910475
adaptive_no_memory,YEAR_REGIME,2025:BULL,55,2025-01-01,2025-05-28,148,True,,0.067060248247003407,0.067060248247003407,12.192772408546075,0.0012764062425749388,0.010726447522348647,,,,0.0067202915804453608,,,,0.022198812478466484,1.1999338332040774,0.021816978785528681,55,0.0011999338332040774,2.181697878552868e-05,0.5,NOT_APPLICABLE_CONDITIONAL_SELECTION,NOT_APPLICABLE_CONDITIONAL_SELECTION,NOT_APPLICABLE_CONDITIONAL_SELECTION,0.0025008527899210054
adaptive_no_memory,YEAR_REGIME,2025:MIX,56,2025-01-10,2025-05-05,116,True,,-0.088039633348363511,-0.088039633348363511,-15.721363097922056,-0.0015198551791514787,0.01016629083421618,,,,0.0085088528329219752,,,,0.027384764632245262,0.44359460743356949,0.0079213322755994544,56,0.00044359460743356954,7.9213322755994564e-06,0.42499999999999993,NOT_APPLICABLE_CONDITIONAL_SELECTION,NOT_APPLICABLE_CONDITIONAL_SELECTION,NOT_APPLICABLE_CONDITIONAL_SELECTION,0.00089680261054216157
adaptive_no_memory,MONTH,2021-01,30,2021-01-02,2021-01-31,30,False,0.054680006040882988,0.05323740911010983,,17.745803036703276,0.0021188428937800939,0.026601248556076543,0.50839015690419842,,1.5222705562708507,0.017417791292933374,2.3248813099159631,0.12817436724554626,,0.055104155928685908,0.75372791509143555,0.025124263836381184,30,0.0007537279150914355,2.5124263836381184e-05,0.47833333333333317,365_25_CALENDAR_DAYS_PER_YEAR,NOT_APPLICABLE_REQUIRES_365_CALENDAR_DAYS_AND_CONTIGUOUS_DAILY_RECORDS,RESET_REPORTING_HIGH_WATER_MARK_TO_GROUP_INITIAL_WEALTH_NOT_PORTFOLIO_STATE,0.00078134487380568537
adaptive_no_memory,MONTH,2021-02,28,2021-02-01,2021-02-28,28,False,0.16113175551992606,0.14939518079016109,,53.355421710771815,0.0056593411028590156,0.025580795630128588,0.48888775565252779,,4.2281164007887488,0.012744240295561109,8.4868598708582184,0.11129940232640975,,0.042599340832591703,0.31141978487640037,0.011122135174157156,28,0.00031141978487640037,1.1122135174157156e-05,0.48214285714285715,365_25_CALENDAR_DAYS_PER_YEAR,NOT_APPLICABLE_REQUIRES_365_CALENDAR_DAYS_AND_CONTIGUOUS_DAILY_RECORDS,RESET_REPORTING_HIGH_WATER_MARK_TO_GROUP_INITIAL_WEALTH_NOT_PORTFOLIO_STATE,0.00038383633322876883
adaptive_no_memory,MONTH,2021-03,31,2021-03-01,2021-03-31,31,False,0.14641080700398704,0.13663602439247496,,44.076136900798375,0.0045806906218043286,0.018441373445052665,0.35244258251621091,,4.7471484225010618,0.009900362470104021,8.8424981532534659,0.082903460674266891,,0.028109270374793365,0.23017818289164588,0.0074251026739240609,31,0.00023017818289164591,7.4251026739240614e-06,0.5,365_25_CALENDAR_DAYS_PER_YEAR,NOT_APPLICABLE_REQUIRES_365_CALENDAR_DAYS_AND_CONTIGUOUS_DAILY_RECORDS,RESET_REPORTING_HIGH_WATER_MARK_TO_GROUP_INITIAL_WEALTH_NOT_PORTFOLIO_STATE,0.00030972359847699347
adaptive_no_memory,MONTH,2021-04,30,2021-04-01,2021-04-30,30,False,-0.0015642024786099277,-0.0015654271205321965,,-0.52180904017739882,9.1039961616820128e-05,0.017319755517594251,0.33100676483550701,,0.10045820663836952,0.010004056839461484,0.17392060107549159,0.11611958808228207,,0.027023155613486533,0.41995938046217052,0.013998646015405684,30,0.00041995938046217053,1.3998646015405684e-05,0.47833333333333328,365_25_CALENDAR_DAYS_PER_YEAR,NOT_APPLICABLE_REQUIRES_365_CALENDAR_DAYS_AND_CONTIGUOUS_DAILY_RECORDS,RESET_REPORTING_HIGH_WATER_MARK_TO_GROUP_INITIAL_WEALTH_NOT_PORTFOLIO_STATE,0.00058784764240801747
adaptive_no_memory,MONTH,2021-05,31,2021-05-01,2021-05-31,31,False,-0.17622754996346021,-0.19386094007816693,,-62.53578712198933,-0.0059669958824534958,0.023299469140089141,0.44528815055219034,,-4.8944604597348151,0.020673292573931176,-5.5162151859050779,0.20453649074036087,,0.064687211506818942,0.44669990005660587,0.014409674195374382,31,0.00044669990005660591,1.4409674195374384e-05,0.41290322580645172,365_25_CALENDAR_DAYS_PER_YEAR,NOT_APPLICABLE_REQUIRES_365_CALENDAR_DAYS_AND_CONTIGUOUS_DAILY_RECORDS,RESET_REPORTING_HIGH_WATER_MARK_TO_GROUP_INITIAL_WEALTH_NOT_PORTFOLIO_STATE,0.00055237525963222698
adaptive_no_memory,MONTH,2021-06,30,2021-06-01,2021-06-30,30,False,-0.022420472956237676,-0.022675632842438734,,-7.5585442808129111,-0.00057165782996663008,0.019474955085415718,0.37219589338843456,,-0.56098959205174204,0.014105021045447171,-0.77456439613890715,0.097053248255337565,,0.044718592491829162,0.41261366519058362,0.01375378883968612,30,0.00041261366519058365,1.3753788839686121e-05,0.3683333333333334,365_25_CALENDAR_DAYS_PER_YEAR,NOT_APPLICABLE_REQUIRES_365_CALENDAR_DAYS_AND_CONTIGUOUS_DAILY_RECORDS,RESET_REPORTING_HIGH_WATER_MARK_TO_GROUP_INITIAL_WEALTH_NOT_PORTFOLIO_STATE,0.00047118454624896878
adaptive_no_memory,MONTH,2021-07,31,2021-07-01,2021-07-31,31,False,0.074506717764170505,0.071861689071736512,,23.181190023140811,0.0023991603528869454,0.012758349520647151,0.24383138637147758,,3.5938495528911201,0.0070000082703258306,6.5502192211370254,0.064593456704160002,,0.01778853119461369,0.19108407528761001,0.0061640024286325808,31,0.00019108407528761002,6.1640024286325817e-06,0.40000000000000013,365_25_CALENDAR_DAYS_PER_YEAR,NOT_APPLICABLE_REQUIRES_365_CALENDAR_DAYS_AND_CONTIGUOUS_DAILY_RECORDS,RESET_REPORTING_HIGH_WATER_MARK_TO_GROUP_INITIAL_WEALTH_NOT_PORTFOLIO_STATE,0.00021478286916881402
adaptive_no_memory,MONTH,2021-08,31,2021-08-01,2021-08-31,31,False,0.060193348649214669,0.058451295876369998,,18.855256734312903,0.001996618169946794,0.015076263539144485,0.28813023456539505,,2.5310248598973391,0.0082964633034053221,4.599357149723815,0.033506805157894545,,0.020781225475239432,0.30510128228779881,0.0098419768479935093,31,0.00030510128228779877,9.841976847993509e-06,0.45645161290322583,365_25_CALENDAR_DAYS_PER_YEAR,NOT_APPLICABLE_REQUIRES_365_CALENDAR_DAYS_AND_CONTIGUOUS_DAILY_RECORDS,RESET_REPORTING_HIGH_WATER_MARK_TO_GROUP_INITIAL_WEALTH_NOT_PORTFOLIO_STATE,0.00038427857629928466
adaptive_no_memory,MONTH,2021-09,30,2021-09-01,2021-09-30,30,False,-0.026979290462323315,-0.027349912811253548,,-9.1166376037511831,-0.00074139908156601697,0.018622867240062423,0.35591120387537906,,-0.76085273965358458,0.014852555507103444,-0.95399472185307332,0.11181589344348758,,0.051165245958094824,0.20117418009703464,0.0067058060032344881,30,0.00020117418009703463,6.7058060032344876e-06,0.4616666666666665,365_25_CALENDAR_DAYS_PER_YEAR,NOT_APPLICABLE_REQUIRES_365_CALENDAR_DAYS_AND_CONTIGUOUS_DAILY_RECORDS,RESET_REPORTING_HIGH_WATER_MARK_TO_GROUP_INITIAL_WEALTH_NOT_PORTFOLIO_STATE,0.00025492330709308929
adaptive_no_memory,MONTH,2021-10,31,2021-10-01,2021-10-31,31,False,0.17139639617327238,0.15819653815632506,,51.031141340750018,0.0052402794692116813,0.016090414691187195,0.30751219937147151,,6.2241825854117092,0.0075938480632499116,13.188264774167653,0.052207236284951448,,0.023569459858362941,0.38276777356531128,0.01234734753436488,31,0.00038276777356531131,1.2347347534364882e-05,0.46290322580645143,365_25_CALENDAR_DAYS_PER_YEAR,NOT_APPLICABLE_REQUIRES_365_CALENDAR_DAYS_AND_CONTIGUOUS_DAILY_RECORDS,RESET_REPORTING_HIGH_WATER_MARK_TO_GROUP_INITIAL_WEALTH_NOT_PORTFOLIO_STATE,0.0005412605634424702
adaptive_no_memory,MONTH,2021-11,30,2021-11-01,2021-11-30,30,False,-0.030884364183614961,-0.031371339003422608,,-10.45711300114087,-0.00092381799362810683,0.015789814007114687,0.30176726493281247,,-1.1181614488496374,0.012190636534639174,-1.4482887138086784,0.10043858259028804,,0.038861265164774159,0.33091523481948848,0.011030507827316283,30,0.00033091523481948849,1.1030507827316283e-05,0.47499999999999998,365_25_CALENDAR_DAYS_PER_YEAR,NOT_APPLICABLE_REQUIRES_365_CALENDAR_DAYS_AND_CONTIGUOUS_DAILY_RECORDS,RESET_REPORTING_HIGH_WATER_MARK_TO_GROUP_INITIAL_WEALTH_NOT_PORTFOLIO_STATE,0.00048327952254697767
adaptive_no_memory,MONTH,2021-12,31,2021-12-01,2021-12-31,31,False,-0.092141189432703996,-0.096666407441378291,,-31.182712077863965,-0.0030030117902368099,0.015030698863186668,0.28725942458402703,,-3.8183257450031971,0.013062484896704895,-4.3936590081090552,0.096140341566888651,,0.037461086844389729,0.18948795647774214,0.0061125147250884557,31,0.00018948795647774215,6.1125147250884568e-06,0.45645161290322567,365_25_CALENDAR_DAYS_PER_YEAR,NOT_APPLICABLE_REQUIRES_365_CALENDAR_DAYS_AND_CONTIGUOUS_DAILY_RECORDS,RESET_REPORTING_HIGH_WATER_MARK_TO_GROUP_INITIAL_WEALTH_NOT_PORTFOLIO_STATE,0.00025074082320449914
adaptive_no_memory,MONTH,2022-01,31,2022-01-01,2022-01-31,31,False,-0.076225804217901968,-0.079287614064544432,,-25.576649698240139,-0.0024787294114835389,0.012410036441691216,0.23717459578930239,,-3.8172550248537118,0.011210039591450647,-4.2258792735925752,0.12723327021192304,,0.038640878987419608,0.14893017360647864,0.0048041991485960854,31,0.00014893017360647864,4.8041991485960854e-06,0.44999999999999984,365_25_CALENDAR_DAYS_PER_YEAR,NOT_APPLICABLE_REQUIRES_365_CALENDAR_DAYS_AND_CONTIGUOUS_DAILY_RECORDS,RESET_REPORTING_HIGH_WATER_MARK_TO_GROUP_INITIAL_WEALTH_NOT_PORTFOLIO_STATE,0.00018141545093892532
adaptive_no_memory,MONTH,2022-02,28,2022-02-01,2022-02-28,28,False,0.059756093482595481,0.058038781158679303,,20.728136128099752,0.0022706836647786964,0.020340854120573862,0.38874453566059153,,2.1334504603417241,0.010285716091415872,4.2190747053089712,0.078840441091806199,,0.030442947547441122,0.17658593740111178,0.0063066406214682775,28,0.0001765859374011118,6.3066406214682785e-06,0.4499999999999999,365_25_CALENDAR_DAYS_PER_YEAR,NOT_APPLICABLE_REQUIRES_365_CALENDAR_DAYS_AND_CONTIGUOUS_DAILY_RECORDS,RESET_REPORTING_HIGH_WATER_MARK_TO_GROUP_INITIAL_WEALTH_NOT_PORTFOLIO_STATE,0.00021521107352997078
adaptive_no_memory,MONTH,2022-03,31,2022-03-01,2022-03-31,31,False,0.029202830892216702,0.02878455199708382,,9.2853393538980065,0.0010372005356233036,0.014961667217193527,0.2859401252562595,,1.3248839955459117,0.0098163240387904981,2.0193377240209802,0.067905196088367023,,0.032282133073633153,0.26004877692763462,0.0083886702234720837,31,0.00026004877692763461,8.3886702234720836e-06,0.45967741935483869,365_25_CALENDAR_DAYS_PER_YEAR,NOT_APPLICABLE_REQUIRES_365_CALENDAR_DAYS_AND_CONTIGUOUS_DAILY_RECORDS,RESET_REPORTING_HIGH_WATER_MARK_TO_GROUP_INITIAL_WEALTH_NOT_PORTFOLIO_STATE,0.00032539454967861134
adaptive_no_memory,MONTH,2022-04,30,2022-04-01,2022-04-30,30,False,-0.085073206010885721,-0.088911223476586032,,-29.637074492195342,-0.0028902079368159864,0.011909476930321992,0.2276081452526505,,-4.638008221323731,0.010663476309705416,-5.1799479185061967,0.09601842274858341,,0.029514114607420663,0.30886286256198514,0.010295428752066172,30,0.00030886286256198513,1.0295428752066171e-05,0.46833333333333316,365_25_CALENDAR_DAYS_PER_YEAR,NOT_APPLICABLE_REQUIRES_365_CALENDAR_DAYS_AND_CONTIGUOUS_DAILY_RECORDS,RESET_REPORTING_HIGH_WATER_MARK_TO_GROUP_INITIAL_WEALTH_NOT_PORTFOLIO_STATE,0.00038340916857660117
adaptive_no_memory,MONTH,2022-05,31,2022-05-01,2022-05-31,31,False,-0.067156735998763525,-0.069518083671116865,,-22.42518828100544,-0.0020674022509490136,0.0188011259311784,0.3593179974984283,,-2.1015331194548086,0.01516607629631248,-2.605234739391288,0.13235312609977454,,0.046456841971724401,0.2536175141210591,0.0081812101329373898,31,0.00025361751412105913,8.1812101329373906e-06,0.44999999999999984,365_25_CALENDAR_DAYS_PER_YEAR,NOT_APPLICABLE_REQUIRES_365_CALENDAR_DAYS_AND_CONTIGUOUS_DAILY_RECORDS,RESET_REPORTING_HIGH_WATER_MARK_TO_GROUP_INITIAL_WEALTH_NOT_PORTFOLIO_STATE,0.00028018287036855747
adaptive_no_memory,MONTH,2022-06,30,2022-06-01,2022-06-30,30,False,-0.1653124052213219,-0.18069776212796834,,-60.232587375989446,-0.0058503123358534959,0.017736459133944886,0.33897060218894781,,-6.3038699134132781,0.016679922395881796,-6.7031685430721373,0.18041584391511575,,0.054629210564630479,0.24950195584329321,0.0083167318614431069,30,0.0002495019558432932,8.3167318614431064e-06,0.37833333333333324,365_25_CALENDAR_DAYS_PER_YEAR,NOT_APPLICABLE_REQUIRES_365_CALENDAR_DAYS_AND_CONTIGUOUS_DAILY_RECORDS,RESET_REPORTING_HIGH_WATER_MARK_TO_GROUP_INITIAL_WEALTH_NOT_PORTFOLIO_STATE,0.00024789221570081652
adaptive_no_memory,MONTH,2022-07,31,2022-07-01,2022-07-31,31,False,0.067730830885120122,0.065535677766409853,,21.14054121497092,0.0021943745024240258,0.012751750923625389,0.24370527718648316,,3.2887892140188315,0.0065672789252760105,6.3858747853794373,0.038267974188544308,,0.019900908697312526,0.2025566460030665,0.006534085354937629,31,0.00020255664600306653,6.5340853549376298e-06,0.37903225806451618,365_25_CALENDAR_DAYS_PER_YEAR,NOT_APPLICABLE_REQUIRES_365_CALENDAR_DAYS_AND_CONTIGUOUS_DAILY_RECORDS,RESET_REPORTING_HIGH_WATER_MARK_TO_GROUP_INITIAL_WEALTH_NOT_PORTFOLIO_STATE,0.00019280170706431314
adaptive_no_memory,MONTH,2022-08,31,2022-08-01,2022-08-31,31,False,-0.055849125805911649,-0.057469301249043973,,-18.538484273885153,-0.0017928948757963065,0.01099486999989522,0.21012862131657875,,-3.1164476751503538,0.0095297275051357665,-3.5955841372471298,0.083588066211157414,,0.035043882132115935,0.14161708361335845,0.0045682930197857565,31,0.00014161708361335845,4.5682930197857562e-06,0.40000000000000013,365_25_CALENDAR_DAYS_PER_YEAR,NOT_APPLICABLE_REQUIRES_365_CALENDAR_DAYS_AND_CONTIGUOUS_DAILY_RECORDS,RESET_REPORTING_HIGH_WATER_MARK_TO_GROUP_INITIAL_WEALTH_NOT_PORTFOLIO_STATE,0.00013658589156224723
adaptive_no_memory,MONTH,2022-09,30,2022-09-01,2022-09-30,30,False,-0.0090156419555351124,-0.009056528788357757,,-3.0188429294525858,-0.00021334974610008007,0.013536715741889409,0.25870714397030226,,-0.30121315386636399,0.0094207893270707253,-0.43281265508086603,0.072229950018510777,,0.033217941554367088,0.2574089386748456,0.0085802979558281863,30,0.00025740893867484557,8.5802979558281866e-06,0.39833333333333343,365_25_CALENDAR_DAYS_PER_YEAR,NOT_APPLICABLE_REQUIRES_365_CALENDAR_DAYS_AND_CONTIGUOUS_DAILY_RECORDS,RESET_REPORTING_HIGH_WATER_MARK_TO_GROUP_INITIAL_WEALTH_NOT_PORTFOLIO_STATE,0.0002402510472201256
adaptive_no_memory,MONTH,2022-10,31,2022-10-01,2022-10-31,31,False,0.023879923584908314,0.023599257617462673,,7.6126637475686048,0.00078363313049780955,0.0067692496456801506,0.1293706151512537,,2.2124189529414262,0.0035063646510850584,4.2712089881068955,0.023414557768635151,,0.010076994393480022,0.46852715760250691,0.015113779277500223,31,0.00046852715760250694,1.5113779277500223e-05,0.38548387096774184,365_25_CALENDAR_DAYS_PER_YEAR,NOT_APPLICABLE_REQUIRES_365_CALENDAR_DAYS_AND_CONTIGUOUS_DAILY_RECORDS,RESET_REPORTING_HIGH_WATER_MARK_TO_GROUP_INITIAL_WEALTH_NOT_PORTFOLIO_STATE,0.0004369215777714457
adaptive_no_memory,MONTH,2022-11,30,2022-11-01,2022-11-30,30,False,-0.091940847183076366,-0.096445756228625154,,-32.148585409541717,-0.0030318469570754301,0.018939241787606829,0.36195760074008015,,-3.0594249127731561,0.016646381905689012,-3.480827754782934,0.13341799852766803,,0.064212303695258821,0.35277618244537384,0.011759206081512461,30,0.00035277618244537387,1.1759206081512463e-05,0.39166666666666655,365_25_CALENDAR_DAYS_PER_YEAR,NOT_APPLICABLE_REQUIRES_365_CALENDAR_DAYS_AND_CONTIGUOUS_DAILY_RECORDS,RESET_REPORTING_HIGH_WATER_MARK_TO_GROUP_INITIAL_WEALTH_NOT_PORTFOLIO_STATE,0.00031230053051733167
adaptive_no_memory,MONTH,2022-12,31,2022-12-01,2022-12-31,31,False,-0.018681889230896677,-0.018858600045669815,,-6.0834193695709082,-0.00059127199186534884,0.0058994443482843452,0.11274731829031953,,-1.915452165990551,0.0045880463949455668,-2.4629444609607161,0.033755522122415386,,0.016107041695556053,0.55195058535374786,0.017804857592056383,31,0.00055195058535374784,1.7804857592056381e-05,0.37419354838709673,365_25_CALENDAR_DAYS_PER_YEAR,NOT_APPLICABLE_REQUIRES_365_CALENDAR_DAYS_AND_CONTIGUOUS_DAILY_RECORDS,RESET_REPORTING_HIGH_WATER_MARK_TO_GROUP_INITIAL_WEALTH_NOT_PORTFOLIO_STATE,0.00047025176700952445
adaptive_no_memory,MONTH,2023-01,31,2023-01-01,2023-01-31,31,False,0.17068387661538162,0.15758808797795071,,50.834867089661522,0.0051523297988524319,0.010810096888043715,0.20659732724487978,,9.1089680787605172,0.0037775565653672943,26.066804236437537,0.017453905702002701,,0.014784890235190282,0.29635872789794315,0.0095599589644497791,31,0.00029635872789794324,9.5599589644497827e-06,0.45161290322580633,365_25_CALENDAR_DAYS_PER_YEAR,NOT_APPLICABLE_REQUIRES_365_CALENDAR_DAYS_AND_CONTIGUOUS_DAILY_RECORDS,RESET_REPORTING_HIGH_WATER_MARK_TO_GROUP_INITIAL_WEALTH_NOT_PORTFOLIO_STATE,0.00026793709418625259
adaptive_no_memory,MONTH,2023-02,28,2023-02-01,2023-02-28,28,False,0.0084393438723914214,0.0084039317073599865,,3.001404181199995,0.00037890221471837234,0.012870498660185456,0.24597472631758421,,0.56263517800280605,0.0067317082307359931,1.0757143738932669,0.040230267184264493,,0.020594310840942764,0.32306155375019696,0.011537912633935606,28,0.00032306155375019698,1.1537912633935607e-05,0.45714285714285713,365_25_CALENDAR_DAYS_PER_YEAR,NOT_APPLICABLE_REQUIRES_365_CALENDAR_DAYS_AND_CONTIGUOUS_DAILY_RECORDS,RESET_REPORTING_HIGH_WATER_MARK_TO_GROUP_INITIAL_WEALTH_NOT_PORTFOLIO_STATE,0.00032190496638499452
adaptive_no_memory,MONTH,2023-03,31,2023-03-01,2023-03-31,31,False,0.10638417393770584,0.10109719716063477,,32.611999084075734,0.0034141278817300647,0.017575933573227922,0.33590271555092044,,3.7124147887779375,0.0086982608336197247,7.5014025184936868,0.07372785842519404,,0.027623854895408272,0.51832443221687419,0.016720142974737878,31,0.00051832443221687429,1.672014297473788e-05,0.46935483870967726,365_25_CALENDAR_DAYS_PER_YEAR,NOT_APPLICABLE_REQUIRES_365_CALENDAR_DAYS_AND_CONTIGUOUS_DAILY_RECORDS,RESET_REPORTING_HIGH_WATER_MARK_TO_GROUP_INITIAL_WEALTH_NOT_PORTFOLIO_STATE,0.00052576679144933391
adaptive_no_memory,MONTH,2023-04,30,2023-04-01,2023-04-30,30,False,0.013800230318066755,0.01370587423902828,,4.5686247463427598,0.00049900198414888663,0.009324481215308069,0.17820496124862717,,1.022757578876244,0.0061880043847166531,1.5411566054477157,0.048108035812802277,,0.020676880649189995,0.19862725856025926,0.0066209086186753089,30,0.00019862725856025924,6.6209086186753082e-06,0.45166666666666655,365_25_CALENDAR_DAYS_PER_YEAR,NOT_APPLICABLE_REQUIRES_365_CALENDAR_DAYS_AND_CONTIGUOUS_DAILY_RECORDS,RESET_REPORTING_HIGH_WATER_MARK_TO_GROUP_INITIAL_WEALTH_NOT_PORTFOLIO_STATE,0.00021979398209767646
adaptive_no_memory,MONTH,2023-05,31,2023-05-01,2023-05-31,31,False,-0.031144336633361077,-0.031639632400146431,,-10.206333032305301,-0.0009845314136651415,0.0085759601768449698,0.16389959030379531,,-2.1940268317611893,0.0064885420733645531,-2.8998635630879943,0.051965546392525694,,0.017473875054377738,0.2415141708848948,0.007790779705964348,31,0.00024151417088489488,7.7907797059643508e-06,0.48709677419354835,365_25_CALENDAR_DAYS_PER_YEAR,NOT_APPLICABLE_REQUIRES_365_CALENDAR_DAYS_AND_CONTIGUOUS_DAILY_RECORDS,RESET_REPORTING_HIGH_WATER_MARK_TO_GROUP_INITIAL_WEALTH_NOT_PORTFOLIO_STATE,0.00026519494512869266
adaptive_no_memory,MONTH,2023-06,30,2023-06-01,2023-06-30,30,False,0.057918782913653849,0.056303565757648638,,18.767855252549545,0.001952368897118667,0.012391021441010298,0.23681119032134748,,3.011271294675427,0.0069814591788509217,5.3445456345364404,0.039050622747778867,,0.022335730535817229,0.27146651355112217,0.0090488837850374055,30,0.00027146651355112219,9.0488837850374056e-06,0.48333333333333323,365_25_CALENDAR_DAYS_PER_YEAR,NOT_APPLICABLE_REQUIRES_365_CALENDAR_DAYS_AND_CONTIGUOUS_DAILY_RECORDS,RESET_REPORTING_HIGH_WATER_MARK_TO_GROUP_INITIAL_WEALTH_NOT_PORTFOLIO_STATE,0.0002953467356236515
adaptive_no_memory,MONTH,2023-07,31,2023-07-01,2023-07-31,31,False,-0.017964754652422442,-0.018128079879106616,,-5.8477677029376176,-0.00056798234439849017,0.0058571260438463656,0.11193855138647323,,-1.8532985171060348,0.0044879255583961343,-2.4187128040160486,0.033121368655400968,,0.015422893701310572,0.065261657708658938,0.0021052147647954494,31,6.5261657708658936e-05,2.1052147647954494e-06,0.44999999999999984,365_25_CALENDAR_DAYS_PER_YEAR,NOT_APPLICABLE_REQUIRES_365_CALENDAR_DAYS_AND_CONTIGUOUS_DAILY_RECORDS,RESET_REPORTING_HIGH_WATER_MARK_TO_GROUP_INITIAL_WEALTH_NOT_PORTFOLIO_STATE,7.4544307989522527e-05
adaptive_no_memory,MONTH,2023-08,31,2023-08-01,2023-08-31,31,False,-0.050780036416114969,-0.052114722631705516,,-16.811200848937261,-0.0016347468159651482,0.0096155504413425116,0.18376773508541505,,-3.249162723008709,0.0078282756178383543,-3.9909795695015546,0.0587441716128176,,0.029096239867837898,0.081358255549028369,0.0026244598564202698,31,8.1358255549028379e-05,2.6244598564202703e-06,0.44999999999999984,365_25_CALENDAR_DAYS_PER_YEAR,NOT_APPLICABLE_REQUIRES_365_CALENDAR_DAYS_AND_CONTIGUOUS_DAILY_RECORDS,RESET_REPORTING_HIGH_WATER_MARK_TO_GROUP_INITIAL_WEALTH_NOT_PORTFOLIO_STATE,8.9302773686527394e-05
adaptive_no_memory,MONTH,2023-09,30,2023-09-01,2023-09-30,30,False,0.018028673336405846,0.017868084073912459,,5.9560280246374866,0.0006090799943353171,0.0052480664340589615,0.10029849960728345,,2.21804382719619,0.003211888236956506,3.6241738503984036,0.018690498229485101,,0.010892456406811832,0.072200604463638907,0.0024066868154546304,30,7.2200604463638898e-05,2.40668681545463e-06,0.4499999999999999,365_25_CALENDAR_DAYS_PER_YEAR,NOT_APPLICABLE_REQUIRES_365_CALENDAR_DAYS_AND_CONTIGUOUS_DAILY_RECORDS,RESET_REPORTING_HIGH_WATER_MARK_TO_GROUP_INITIAL_WEALTH_NOT_PORTFOLIO_STATE,7.7438164322278738e-05
adaptive_no_memory,MONTH,2023-10,31,2023-10-01,2023-10-31,31,False,0.1218219915572015,0.11495414171274945,,37.081981197661115,0.0037682688554168254,0.010583761437883012,0.20227171392723356,,6.8045114797224455,0.0028301544162083665,25.446429986390012,0.019597840980703062,,0.0081347156695777342,0.11258257119346127,0.0036316958449503635,31,0.00011258257119346128,3.6316958449503638e-06,0.44999999999999984,365_25_CALENDAR_DAYS_PER_YEAR,NOT_APPLICABLE_REQUIRES_365_CALENDAR_DAYS_AND_CONTIGUOUS_DAILY_RECORDS,RESET_REPORTING_HIGH_WATER_MARK_TO_GROUP_INITIAL_WEALTH_NOT_PORTFOLIO_STATE,0.00012884660550155147
adaptive_no_memory,MONTH,2023-11,30,2023-11-01,2023-11-30,30,False,0.040558483023482451,0.039757571926012904,,13.252523975337633,0.0013736885625523867,0.0099356313025352732,0.18988496521845885,,2.6423353049306337,0.0059561575992092119,4.4077526375306935,0.024330500546846125,,0.020154426951927935,0.11171914542750905,0.0037239715142503016,30,0.00011171914542750907,3.7239715142503025e-06,0.4499999999999999,365_25_CALENDAR_DAYS_PER_YEAR,NOT_APPLICABLE_REQUIRES_365_CALENDAR_DAYS_AND_CONTIGUOUS_DAILY_RECORDS,RESET_REPORTING_HIGH_WATER_MARK_TO_GROUP_INITIAL_WEALTH_NOT_PORTFOLIO_STATE,0.00013972193247415267
adaptive_no_memory,MONTH,2023-12,31,2023-12-01,2023-12-31,31,False,0.05941689865959255,0.057718661161720787,,18.618922955393803,0.0019296458838194027,0.011685856822633841,0.22333442624300109,,3.1558195971908471,0.0071131774291970599,5.1845263720628312,0.033172801594263224,,0.023196675374663526,0.17818067711122582,0.0057477637777814776,31,0.00017818067711122582,5.7477637777814782e-06,0.49838709677419352,365_25_CALENDAR_DAYS_PER_YEAR,NOT_APPLICABLE_REQUIRES_365_CALENDAR_DAYS_AND_CONTIGUOUS_DAILY_RECORDS,RESET_REPORTING_HIGH_WATER_MARK_TO_GROUP_INITIAL_WEALTH_NOT_PORTFOLIO_STATE,0.00023712252452094869
adaptive_no_memory,MONTH,2024-01,31,2024-01-01,2024-01-31,31,False,0.0029559499565191502,0.0029515897267471986,,0.95212571830554782,0.00018575466967740034,0.013654770069678487,0.26096334100937696,,0.25998629860135258,0.0098215760405982386,0.36145452766377062,0.077792358968226547,,0.032767753304297036,0.31559193580159411,0.010180385025857875,31,0.00031559193580159409,1.0180385025857873e-05,0.4693548387096772,365_25_CALENDAR_DAYS_PER_YEAR,NOT_APPLICABLE_REQUIRES_365_CALENDAR_DAYS_AND_CONTIGUOUS_DAILY_RECORDS,RESET_REPORTING_HIGH_WATER_MARK_TO_GROUP_INITIAL_WEALTH_NOT_PORTFOLIO_STATE,0.00042937237612759551
adaptive_no_memory,MONTH,2024-02,29,2024-02-01,2024-02-29,29,False,0.19539319890162651,0.17847516800052085,,61.543161379489952,0.0062443229594291473,0.012239280142561506,0.23391118424213636,,9.7504485231050673,0.0028964920388144457,41.201035387189968,0.014648124063204938,,0.0089363899135740978,0.16004398749121468,0.0055187581893522304,29,0.00016004398749121468,5.5187581893522304e-06,0.48448275862068968,365_25_CALENDAR_DAYS_PER_YEAR,NOT_APPLICABLE_REQUIRES_365_CALENDAR_DAYS_AND_CONTIGUOUS_DAILY_RECORDS,RESET_REPORTING_HIGH_WATER_MARK_TO_GROUP_INITIAL_WEALTH_NOT_PORTFOLIO_STATE,0.00023536248477589209
adaptive_no_memory,MONTH,2024-03,31,2024-03-01,2024-03-31,31,False,0.085798090019389039,0.082315283433871206,,26.553317236732649,0.0028401652769070762,0.019374289194175373,0.37027201571274221,,2.8016439897394343,0.012129065776900675,4.4751889283764079,0.076818204351015162,,0.038102797630046911,0.22688780223574445,0.0073189613624433693,31,0.00022688780223574444,7.3189613624433692e-06,0.5,365_25_CALENDAR_DAYS_PER_YEAR,NOT_APPLICABLE_REQUIRES_365_CALENDAR_DAYS_AND_CONTIGUOUS_DAILY_RECORDS,RESET_REPORTING_HIGH_WATER_MARK_TO_GROUP_INITIAL_WEALTH_NOT_PORTFOLIO_STATE,0.00038318064369102653
adaptive_no_memory,MONTH,2024-04,30,2024-04-01,2024-04-30,30,False,-0.071758818162298899,-0.074463685740928653,,-24.821228580309551,-0.0023979742553447733,0.012916412910570099,0.24685221719580297,,-3.5481151707458509,0.010884014476490587,-4.2106633263490743,0.072680023119965312,,0.027722865058282063,0.4580627551024487,0.015268758503414958,30,0.00045806275510244869,1.5268758503414957e-05,0.46666666666666651,365_25_CALENDAR_DAYS_PER_YEAR,NOT_APPLICABLE_REQUIRES_365_CALENDAR_DAYS_AND_CONTIGUOUS_DAILY_RECORDS,RESET_REPORTING_HIGH_WATER_MARK_TO_GROUP_INITIAL_WEALTH_NOT_PORTFOLIO_STATE,0.00077592206576363864
adaptive_no_memory,MONTH,2024-05,31,2024-05-01,2024-05-31,31,False,0.052327457536884801,0.051004337303513732,,16.453012033391527,0.0017251127774216707,0.012806121477833304,0.24474438084082709,,2.5745123944768222,0.0060936457672046149,5.4104750635976089,0.024721274867308515,,0.01695390377564477,0.1690475238777368,0.0054531459315398968,31,0.00016904752387773676,5.4531459315398956e-06,0.44999999999999984,365_25_CALENDAR_DAYS_PER_YEAR,NOT_APPLICABLE_REQUIRES_365_CALENDAR_DAYS_AND_CONTIGUOUS_DAILY_RECORDS,RESET_REPORTING_HIGH_WATER_MARK_TO_GROUP_INITIAL_WEALTH_NOT_PORTFOLIO_STATE,0.0002832284673044426
adaptive_no_memory,MONTH,2024-06,30,2024-06-01,2024-06-30,30,False,-0.031507872453509569,-0.032014924669423468,,-10.671641556474489,-0.001037886606855504,0.0076958179695713084,0.14707873943618999,,-2.5774499061330332,0.0061811687111910886,-3.2090347683563287,0.070832315369679197,,0.018571377880591898,0.092404477844595323,0.0030801492614865107,30,9.2404477844595318e-05,3.0801492614865106e-06,0.4499999999999999,365_25_CALENDAR_DAYS_PER_YEAR,NOT_APPLICABLE_REQUIRES_365_CALENDAR_DAYS_AND_CONTIGUOUS_DAILY_RECORDS,RESET_REPORTING_HIGH_WATER_MARK_TO_GROUP_INITIAL_WEALTH_NOT_PORTFOLIO_STATE,0.00015532266559081616
adaptive_no_memory,MONTH,2024-07,31,2024-07-01,2024-07-31,31,False,0.013443622448013618,0.013354058769720236,,4.3077608934581404,0.00048708679325677393,0.010792252871091378,0.20625630104984702,,0.86256007855993022,0.0069323130115762164,1.3428370110787322,0.050238696935573847,,0.021152040492552437,0.20476203451084435,0.0066052269197046567,31,0.00020476203451084434,6.6052269197046558e-06,0.43548387096774183,365_25_CALENDAR_DAYS_PER_YEAR,NOT_APPLICABLE_REQUIRES_365_CALENDAR_DAYS_AND_CONTIGUOUS_DAILY_RECORDS,RESET_REPORTING_HIGH_WATER_MARK_TO_GROUP_INITIAL_WEALTH_NOT_PORTFOLIO_STATE,0.00033436386961920896
adaptive_no_memory,MONTH,2024-08,31,2024-08-01,2024-08-31,31,False,-0.046175024635322449,-0.047275088343750306,,-15.250028497983969,-0.0014108224175068229,0.01532570861263108,0.29289750779249557,,-1.7593283462126126,0.010639608443792132,-2.5342054390853681,0.081319448407783684,,0.030305774779117434,0.28240839135795476,0.0091099481083211208,31,0.00028240839135795478,9.1099481083211215e-06,0.41935483870967744,365_25_CALENDAR_DAYS_PER_YEAR,NOT_APPLICABLE_REQUIRES_365_CALENDAR_DAYS_AND_CONTIGUOUS_DAILY_RECORDS,RESET_REPORTING_HIGH_WATER_MARK_TO_GROUP_INITIAL_WEALTH_NOT_PORTFOLIO_STATE,0.00045526970400067065
adaptive_no_memory,MONTH,2024-09,30,2024-09-01,2024-09-30,30,False,0.032580248769320697,0.032060765611795168,,10.68692187059839,0.0011167540913851503,0.0099138063590214869,0.18946785748631578,,2.1528423727907837,0.0064269747826813661,3.3208256025613077,0.037120457578906543,,0.018014732585573397,0.34771986633298163,0.011590662211099388,30,0.00034771986633298167,1.1590662211099389e-05,0.44166666666666654,365_25_CALENDAR_DAYS_PER_YEAR,NOT_APPLICABLE_REQUIRES_365_CALENDAR_DAYS_AND_CONTIGUOUS_DAILY_RECORDS,RESET_REPORTING_HIGH_WATER_MARK_TO_GROUP_INITIAL_WEALTH_NOT_PORTFOLIO_STATE,0.0005620740544407249
adaptive_no_memory,MONTH,2024-10,31,2024-10-01,2024-10-31,31,False,0.044782729368483772,0.043808949319642604,,14.131919135368582,0.0014579151591002672,0.009514106117388595,0.1818289803813547,,2.9285953798153566,0.0057879612816485182,4.8139519016480659,0.022604489291792075,,0.017107421279664987,0.6524377964079745,0.021046380529289501,31,0.00065243779640797447,2.10463805292895e-05,0.47903225806451605,365_25_CALENDAR_DAYS_PER_YEAR,NOT_APPLICABLE_REQUIRES_365_CALENDAR_DAYS_AND_CONTIGUOUS_DAILY_RECORDS,RESET_REPORTING_HIGH_WATER_MARK_TO_GROUP_INITIAL_WEALTH_NOT_PORTFOLIO_STATE,0.0010956152411551322
adaptive_no_memory,MONTH,2024-11,30,2024-11-01,2024-11-30,30,False,0.19435378241680337,0.17760527126375808,,59.201757087919361,0.0060853784712251871,0.017634137934924073,0.33701508907402172,,6.5952076291955306,0.0067595627410306676,17.205373409251699,0.038954389203227489,,0.024581281384474293,0.35528964057410728,0.01184298801913691,30,0.00035528964057410722,1.1842988019136907e-05,0.53666666666666685,365_25_CALENDAR_DAYS_PER_YEAR,NOT_APPLICABLE_REQUIRES_365_CALENDAR_DAYS_AND_CONTIGUOUS_DAILY_RECORDS,RESET_REPORTING_HIGH_WATER_MARK_TO_GROUP_INITIAL_WEALTH_NOT_PORTFOLIO_STATE,0.0006467295617916197
adaptive_no_memory,MONTH,2024-12,31,2024-12-01,2024-12-31,31,False,-0.015511111729394034,-0.01563266763947458,,-5.0427960127337359,-0.00043211724459988465,0.012188483428580851,0.23294038208838019,,-0.67755887654646796,0.0088831544121962622,-0.9296714607747858,0.070520700143388085,,0.02711336786759664,0.40322590461667462,0.013007287245699181,31,0.00040322590461667459,1.300728724569918e-05,0.52741935483870972,365_25_CALENDAR_DAYS_PER_YEAR,NOT_APPLICABLE_REQUIRES_365_CALENDAR_DAYS_AND_CONTIGUOUS_DAILY_RECORDS,RESET_REPORTING_HIGH_WATER_MARK_TO_GROUP_INITIAL_WEALTH_NOT_PORTFOLIO_STATE,0.00083578871477049752
adaptive_no_memory,MONTH,2025-01,31,2025-01-01,2025-01-31,31,False,0.035905485509148863,0.035275909472038916,,11.379325636141585,0.0012005306317709474,0.01130521932969937,0.21605986714294065,,2.0295014481529798,0.0076048415407050348,3.0170199968669995,0.048704104926790871,,0.024522046574577367,0.9288019912441029,0.029961354556261383,31,0.00092880199124410312,2.9961354556261392e-05,0.50161290322580665,365_25_CALENDAR_DAYS_PER_YEAR,NOT_APPLICABLE_REQUIRES_365_CALENDAR_DAYS_AND_CONTIGUOUS_DAILY_RECORDS,RESET_REPORTING_HIGH_WATER_MARK_TO_GROUP_INITIAL_WEALTH_NOT_PORTFOLIO_STATE,0.0019371397654812138
adaptive_no_memory,MONTH,2025-02,28,2025-02-01,2025-02-28,28,False,-0.081634431422197729,-0.085159744779685936,,-30.414194564173549,-0.0029983467653813957,0.008910214060196325,0.17028768836034369,,-6.4311528719453239,0.0082048601942333477,-6.9840250030285276,0.082361376309612447,,0.021639166868507784,0.23532884450515251,0.0084046015894697328,28,0.00023532884450515248,8.404601589469732e-06,0.44821428571428573,365_25_CALENDAR_DAYS_PER_YEAR,NOT_APPLICABLE_REQUIRES_365_CALENDAR_DAYS_AND_CONTIGUOUS_DAILY_RECORDS,RESET_REPORTING_HIGH_WATER_MARK_TO_GROUP_INITIAL_WEALTH_NOT_PORTFOLIO_STATE,0.00048035410062398424
adaptive_no_memory,MONTH,2025-03,31,2025-03-01,2025-03-31,31,False,-0.0045318518033835463,-0.0045421517741755062,,-1.4652102497340342,-5.1250015246403179e-05,0.014040260403128155,0.2683306452430258,,-0.069761200968286682,0.0095545808842575075,-0.10251265225495193,0.068506542802351758,,0.031170634842432418,0.18651070843823481,0.0060164744657495101,31,0.00018651070843823483,6.0164744657495106e-06,0.40000000000000013,365_25_CALENDAR_DAYS_PER_YEAR,NOT_APPLICABLE_REQUIRES_365_CALENDAR_DAYS_AND_CONTIGUOUS_DAILY_RECORDS,RESET_REPORTING_HIGH_WATER_MARK_TO_GROUP_INITIAL_WEALTH_NOT_PORTFOLIO_STATE,0.00036323417167202782
adaptive_no_memory,MONTH,2025-04,30,2025-04-01,2025-04-30,30,False,0.057076300389798038,0.055506890082072435,,18.502296694024146,0.0019157438859652097,0.011520120985070619,0.22016696332163502,,3.1781582658547447,0.0065503528722690952,5.5894344085414032,0.042223692797993075,,0.021319598475017427,0.14069078335954061,0.0046896927786513531,30,0.00014069078335954066,4.6896927786513548e-06,0.40000000000000013,365_25_CALENDAR_DAYS_PER_YEAR,NOT_APPLICABLE_REQUIRES_365_CALENDAR_DAYS_AND_CONTIGUOUS_DAILY_RECORDS,RESET_REPORTING_HIGH_WATER_MARK_TO_GROUP_INITIAL_WEALTH_NOT_PORTFOLIO_STATE,0.0002730717688721792
adaptive_no_memory,MONTH,2025-05,28,2025-05-01,2025-05-28,28,False,0.06491912372457885,0.062898856113073442,,22.463877183240516,0.0022914339151671255,0.0094245805122379726,0.1801180104487396,,4.6466549093544529,0.004630179500818456,9.458115673065338,0.019651809934912202,,0.016375201605479592,0.37279402296717457,0.013314072248827663,28,0.00037279402296717457,1.3314072248827663e-05,0.48571428571428571,365_25_CALENDAR_DAYS_PER_YEAR,NOT_APPLICABLE_REQUIRES_365_CALENDAR_DAYS_AND_CONTIGUOUS_DAILY_RECORDS,RESET_REPORTING_HIGH_WATER_MARK_TO_GROUP_INITIAL_WEALTH_NOT_PORTFOLIO_STATE,0.00076931679295286659
buy_hold,FULL,FULL,1608,2021-01-02,2025-05-28,1608,False,2.6675504105940933,1.2995239761604651,,8.0816167671670716,0.0013189721085735781,0.031984472923171602,0.61127172935628538,0.34336955698008226,0.78811850690988572,0.021498335515185926,1.1725351958854506,0.76637508348400951,0.44804373782494811,0.072759424714026202,1,0.00062189054726368158,1,0.001,6.2189054726368161e-07,1,365_25_CALENDAR_DAYS_PER_YEAR,REPORTED,RESET_REPORTING_HIGH_WATER_MARK_TO_GROUP_INITIAL_WEALTH_NOT_PORTFOLIO_STATE,0.001
buy_hold,REGIME,FULL:BEAR,503,2021-05-14,2025-04-11,1429,True,,-0.048743460578782372,-0.048743460578782372,-0.96905488228195569,0.00056120227309360525,0.036275186257079817,,,,0.025181744770238389,,,,0.084705247516713059,0,0,0,0,0,1,NOT_APPLICABLE_CONDITIONAL_SELECTION,NOT_APPLICABLE_CONDITIONAL_SELECTION,NOT_APPLICABLE_CONDITIONAL_SELECTION,0
buy_hold,REGIME,FULL:BULL,531,2021-01-02,2025-05-28,1608,True,,1.7241768475480321,1.7241768475480321,32.4703737767991,0.0037391337220842422,0.031452471993279628,,,,0.018731490434484962,,,,0.062230259245730231,1,0.0018832391713747645,1,0.001,1.8832391713747646e-06,1,NOT_APPLICABLE_CONDITIONAL_SELECTION,NOT_APPLICABLE_CONDITIONAL_SELECTION,NOT_APPLICABLE_CONDITIONAL_SELECTION,0.001
buy_hold,REGIME,FULL:MIX,574,2021-04-11,2025-05-05,1486,True,,-0.37590941080878448,-0.37590941080878448,-6.5489444391774301,-0.000255849475969517,0.02815643857802555,,,,0.020358679285518596,,,,0.069031141972629981,0,0,0,0,0,1,NOT_APPLICABLE_CONDITIONAL_SELECTION,NOT_APPLICABLE_CONDITIONAL_SELECTION,NOT_APPLICABLE_CONDITIONAL_SELECTION,0
buy_hold,POST2021,POST2021,1244,2022-01-01,2025-05-28,1244,False,1.332061143024073,0.84675248728006769,,6.8066920199362348,0.0010784791948855717,0.028212716827548886,0.53918775671057362,0.28224753646792433,0.7305702346342432,0.019060043898005051,1.0813915887428345,0.66952532573630807,0.42156364459779566,0.064569680033113586,0,0,0,0,0,1,365_25_CALENDAR_DAYS_PER_YEAR,REPORTED,RESET_REPORTING_HIGH_WATER_MARK_TO_GROUP_INITIAL_WEALTH_NOT_PORTFOLIO_STATE,0
buy_hold,REGIME,POST2021:BEAR,380,2022-01-01,2025-04-11,1197,True,,-0.10427095993242724,-0.10427095993242724,-2.7439726298007172,0.00028055670498412479,0.033319115499016901,,,,0.023220126568310812,,,,0.080266792424482494,0,0,0,0,0,1,NOT_APPLICABLE_CONDITIONAL_SELECTION,NOT_APPLICABLE_CONDITIONAL_SELECTION,NOT_APPLICABLE_CONDITIONAL_SELECTION,0
buy_hold,REGIME,POST2021:BULL,388,2023-01-16,2025-05-28,864,True,,1.0247940125021204,1.0247940125021204,26.412216817064959,0.0029814312485828341,0.026108314834121793,,,,0.015829546284793817,,,,0.052539264686330578,0,0,0,0,0,1,NOT_APPLICABLE_CONDITIONAL_SELECTION,NOT_APPLICABLE_CONDITIONAL_SELECTION,NOT_APPLICABLE_CONDITIONAL_SELECTION,0
buy_hold,REGIME,POST2021:MIX,476,2022-03-25,2025-05-05,1138,True,,-0.073770565289624807,-0.073770565289624807,-1.5498017917988405,0.00016433034893601723,0.025247493500973599,,,,0.017741001667173888,,,,0.059916669890358785,0,0,0,0,0,1,NOT_APPLICABLE_CONDITIONAL_SELECTION,NOT_APPLICABLE_CONDITIONAL_SELECTION,NOT_APPLICABLE_CONDITIONAL_SELECTION,0
buy_hold,YEAR,2021,364,2021-01-02,2021-12-31,364,False,0.57266477406258698,0.45277148888039703,,12.438777167043874,0.0021408764619468734,0.042454921194452259,0.81137785701688769,,0.96373732776123833,0.028286992468241949,1.4464384062106086,0.53110830976583479,,0.090300308008590735,1,0.0027472527472527475,1,0.001,2.7472527472527472e-06,1,365_25_CALENDAR_DAYS_PER_YEAR,NOT_APPLICABLE_REQUIRES_365_CALENDAR_DAYS_AND_CONTIGUOUS_DAILY_RECORDS,RESET_REPORTING_HIGH_WATER_MARK_TO_GROUP_INITIAL_WEALTH_NOT_PORTFOLIO_STATE,0.001
buy_hold,YEAR_REGIME,2021:BEAR,123,2021-05-14,2021-12-31,232,True,,0.055527499353644837,0.055527499353644837,4.5144308417597427,0.0014282373615619188,0.044325731902307375,,,,0.030454053098209383,,,,0.094636733797030914,0,0,0,0,0,1,NOT_APPLICABLE_CONDITIONAL_SELECTION,NOT_APPLICABLE_CONDITIONAL_SELECTION,NOT_APPLICABLE_CONDITIONAL_SELECTION,0
buy_hold,YEAR_REGIME,2021:BULL,143,2021-01-02,2021-11-17,320,True,,0.69938283504591203,0.69938283504591203,48.90789056265119,0.0057949977760600908,0.042763953546999911,,,,0.024959880801085861,,,,0.076974946371540745,1,0.006993006993006993,1,0.001,6.9930069930069932e-06,1,NOT_APPLICABLE_CONDITIONAL_SELECTION,NOT_APPLICABLE_CONDITIONAL_SELECTION,NOT_APPLICABLE_CONDITIONAL_SELECTION,0.001
buy_hold,YEAR_REGIME,2021:MIX,98,2021-04-11,2021-12-04,238,True,,-0.30213884551915982,-0.30213884551915982,-30.830494440730593,-0.0022967229112249689,0.039453944685723198,,,,0.029981522755133452,,,,0.1012348402877719,0,0,0,0,0,1,NOT_APPLICABLE_CONDITIONAL_SELECTION,NOT_APPLICABLE_CONDITIONAL_SELECTION,NOT_APPLICABLE_CONDITIONAL_SELECTION,0
buy_hold,YEAR,2022,365,2022-01-01,2022-12-31,365,False,-0.64219863910254038,-1.0277773044003311,,-28.158282312337835,-0.0022453360926876723,0.033500337758102211,0.64024220266513643,-0.64245042726141399,-1.2809355653849499,0.025450839247383835,-1.6860651890358573,0.66952532573630807,-0.95956105402716685,0.088170348931479403,0,0,0,0,0,1,365_25_CALENDAR_DAYS_PER_YEAR,REPORTED,RESET_REPORTING_HIGH_WATER_MARK_TO_GROUP_INITIAL_WEALTH_NOT_PORTFOLIO_STATE,0
buy_hold,YEAR_REGIME,2022:BEAR,321,2022-01-01,2022-12-31,365,True,,-0.60798264771744659,-0.60798264771744659,-18.940269399297403,-0.0013354056943123156,0.033308717838317993,,,,0.024390335476586412,,,,0.084103476316317149,0,0,0,0,0,1,NOT_APPLICABLE_CONDITIONAL_SELECTION,NOT_APPLICABLE_CONDITIONAL_SELECTION,NOT_APPLICABLE_CONDITIONAL_SELECTION,0
buy_hold,YEAR_REGIME,2022:MIX,44,2022-03-25,2022-12-17,268,True,,-0.41979465668288451,-0.41979465668288451,-95.407876518837384,-0.008883691953562433,0.034530693168913412,,,,0.03214590584655494,,,,0.11599308639866296,0,0,0,0,0,1,NOT_APPLICABLE_CONDITIONAL_SELECTION,NOT_APPLICABLE_CONDITIONAL_SELECTION,NOT_APPLICABLE_CONDITIONAL_SELECTION,0
buy_hold,YEAR,2023,365,2023-01-01,2023-12-31,365,False,1.5561756987192636,0.93851227387084402,,25.712665037557372,0.0028353410144281799,0.023034381048638017,0.44022191555490536,1.5578193791931905,2.3524687638835404,0.013128557950805879,4.1274648834517036,0.2002059359119803,7.7810848719194778,0.04487725993823885,0,0,0,0,0,1,365_25_CALENDAR_DAYS_PER_YEAR,REPORTED,RESET_REPORTING_HIGH_WATER_MARK_TO_GROUP_INITIAL_WEALTH_NOT_PORTFOLIO_STATE,0
buy_hold,YEAR_REGIME,2023:BEAR,1,2023-01-01,2023-01-01,1,True,,0.0048860326787357189,0.0048860326787357189,48.860326787357188,0.0048979888011415618,,,,,0,,,,-0.0048979888011415618,0,0,0,0,0,1,NOT_APPLICABLE_CONDITIONAL_SELECTION,NOT_APPLICABLE_CONDITIONAL_SELECTION,NOT_APPLICABLE_CONDITIONAL_SELECTION,0
buy_hold,YEAR_REGIME,2023:BULL,180,2023-01-16,2023-12-31,350,True,,0.31501571429060049,0.31501571429060049,17.500873016144471,0.002005223400831215,0.022688695085263139,,,,0.013974882999453301,,,,0.0458189860345707,0,0,0,0,0,1,NOT_APPLICABLE_CONDITIONAL_SELECTION,NOT_APPLICABLE_CONDITIONAL_SELECTION,NOT_APPLICABLE_CONDITIONAL_SELECTION,0
buy_hold,YEAR_REGIME,2023:MIX,184,2023-01-02,2023-10-21,293,True,,0.61861052690150786,0.61861052690150786,33.620137331603686,0.0036362025506278565,0.023462647766173364,,,,0.01228234936477539,,,,0.043159456448964933,0,0,0,0,0,1,NOT_APPLICABLE_CONDITIONAL_SELECTION,NOT_APPLICABLE_CONDITIONAL_SELECTION,NOT_APPLICABLE_CONDITIONAL_SELECTION,0
buy_hold,YEAR,2024,366,2024-01-01,2024-12-31,366,False,1.213192974155779,0.79443625751833447,,21.705908675364331,0.0025545856352461736,0.027800420693443319,0.5313081530195265,1.2095929529224492,1.7561605218570269,0.017221166825031522,2.8349996146531695,0.26139957819131204,4.6273714796784304,0.055937247368440954,0,0,0,0,0,1,365_25_CALENDAR_DAYS_PER_YEAR,REPORTED,RESET_REPORTING_HIGH_WATER_MARK_TO_GROUP_INITIAL_WEALTH_NOT_PORTFOLIO_STATE,0
buy_hold,YEAR_REGIME,2024:BEAR,21,2024-07-05,2024-09-02,60,True,,0.29782620412819055,0.29782620412819055,141.82200196580501,0.014727883403720068,0.031218839827655612,,,,0.010532355112478518,,,,0.040154079327114539,0,0,0,0,0,1,NOT_APPLICABLE_CONDITIONAL_SELECTION,NOT_APPLICABLE_CONDITIONAL_SELECTION,NOT_APPLICABLE_CONDITIONAL_SELECTION,0
buy_hold,YEAR_REGIME,2024:BULL,153,2024-01-01,2024-12-31,366,True,,0.55288357645274711,0.55288357645274711,36.13618146749981,0.0040947514229131912,0.031063852430144361,,,,0.018630703432343101,,,,0.062740421607316146,0,0,0,0,0,1,NOT_APPLICABLE_CONDITIONAL_SELECTION,NOT_APPLICABLE_CONDITIONAL_SELECTION,NOT_APPLICABLE_CONDITIONAL_SELECTION,0
buy_hold,YEAR_REGIME,2024:MIX,192,2024-01-15,2024-11-05,296,True,,-0.056273523062603262,-0.056273523062603262,-2.9309126595105863,-4.1884202278130722e-06,0.024128415323664471,,,,0.01663138760390822,,,,0.051834924241661293,0,0,0,0,0,1,NOT_APPLICABLE_CONDITIONAL_SELECTION,NOT_APPLICABLE_CONDITIONAL_SELECTION,NOT_APPLICABLE_CONDITIONAL_SELECTION,0
buy_hold,YEAR,2025,148,2025-01-01,2025-05-28,148,False,0.15209411996083924,0.14158126029122076,,9.5663013710284304,0.001292553915555853,0.026039905957608807,0.49766204949561466,,0.94864641202852129,0.017251072283787212,1.4319494434825135,0.2811368423432406,,0.056430626023156981,0,0,0,0,0,1,365_25_CALENDAR_DAYS_PER_YEAR,NOT_APPLICABLE_REQUIRES_365_CALENDAR_DAYS_AND_CONTIGUOUS_DAILY_RECORDS,RESET_REPORTING_HIGH_WATER_MARK_TO_GROUP_INITIAL_WEALTH_NOT_PORTFOLIO_STATE,0
buy_hold,YEAR_REGIME,2025:BEAR,37,2025-02-27,2025-04-11,44,True,,0.20099945097809294,0.20099945097809294,54.324175940025114,0.0059754928510529128,0.03324414236854991,,,,0.017704395421462609,,,,0.052039603114044264,0,0,0,0,0,1,NOT_APPLICABLE_CONDITIONAL_SELECTION,NOT_APPLICABLE_CONDITIONAL_SELECTION,NOT_APPLICABLE_CONDITIONAL_SELECTION,0
buy_hold,YEAR_REGIME,2025:BULL,55,2025-01-01,2025-05-28,148,True,,0.15689472175877284,0.15689472175877284,28.526313047049605,0.0030792389926327761,0.021350313155817657,,,,0.012765450563233154,,,,0.041598896105559981,0,0,0,0,0,1,NOT_APPLICABLE_CONDITIONAL_SELECTION,NOT_APPLICABLE_CONDITIONAL_SELECTION,NOT_APPLICABLE_CONDITIONAL_SELECTION,0
buy_hold,YEAR_REGIME,2025:MIX,56,2025-01-10,2025-05-05,116,True,,-0.21631291244564493,-0.21631291244564493,-38.627305793865169,-0.0035563107246695397,0.02448460979222843,,,,0.020478480590608417,,,,0.066990712573627209,0,0,0,0,0,1,NOT_APPLICABLE_CONDITIONAL_SELECTION,NOT_APPLICABLE_CONDITIONAL_SELECTION,NOT_APPLICABLE_CONDITIONAL_SELECTION,0
buy_hold,MONTH,2021-01,30,2021-01-02,2021-01-31,30,False,0.12653625863848272,0.11914766735706586,,39.715889119021952,0.0054885138889986772,0.055849333861271361,1.0673653736542685,,1.8781569530342519,0.035378460991896059,2.9649060974671992,0.25112009320357742,,0.11019567222975057,1,0.033333333333333333,1,0.001,3.3333333333333335e-05,1,365_25_CALENDAR_DAYS_PER_YEAR,NOT_APPLICABLE_REQUIRES_365_CALENDAR_DAYS_AND_CONTIGUOUS_DAILY_RECORDS,RESET_REPORTING_HIGH_WATER_MARK_TO_GROUP_INITIAL_WEALTH_NOT_PORTFOLIO_STATE,0.001
buy_hold,MONTH,2021-02,28,2021-02-01,2021-02-28,28,False,0.36413747693162768,0.3105223438816625,,110.90083710059375,0.012502752667300677,0.054138862411265858,1.0346756731308016,,4.4135863346564523,0.025707001701204598,9.2949985412344738,0.21363378359084675,,0.085174735281729447,0,0,0,0,0,1,365_25_CALENDAR_DAYS_PER_YEAR,NOT_APPLICABLE_REQUIRES_365_CALENDAR_DAYS_AND_CONTIGUOUS_DAILY_RECORDS,RESET_REPORTING_HIGH_WATER_MARK_TO_GROUP_INITIAL_WEALTH_NOT_PORTFOLIO_STATE,0
buy_hold,MONTH,2021-03,31,2021-03-01,2021-03-31,31,False,0.30111814719688218,0.26322400801044482,,84.910970325949933,0.0091762527890953318,0.036880339552381992,0.7048391571617646,,4.7551647736390619,0.019792135860435638,8.8606956174902809,0.16133591958859522,,0.056207224608954567,0,0,0,0,0,1,365_25_CALENDAR_DAYS_PER_YEAR,NOT_APPLICABLE_REQUIRES_365_CALENDAR_DAYS_AND_CONTIGUOUS_DAILY_RECORDS,RESET_REPORTING_HIGH_WATER_MARK_TO_GROUP_INITIAL_WEALTH_NOT_PORTFOLIO_STATE,0
buy_hold,MONTH,2021-04,30,2021-04-01,2021-04-30,30,False,-0.017755859484681304,-0.017915385931359579,,-5.9717953104531922,1.3599698502227604e-05,0.035928587152741907,0.68664972703907801,,0.0072340957584855169,0.021226409653605095,0.012244691597473441,0.22941601393747926,,0.058294741853735274,0,0,0,0,0,1,365_25_CALENDAR_DAYS_PER_YEAR,NOT_APPLICABLE_REQUIRES_365_CALENDAR_DAYS_AND_CONTIGUOUS_DAILY_RECORDS,RESET_REPORTING_HIGH_WATER_MARK_TO_GROUP_INITIAL_WEALTH_NOT_PORTFOLIO_STATE,0
buy_hold,MONTH,2021-05,31,2021-05-01,2021-05-31,31,False,-0.35380446740574728,-0.43665313896405378,,-140.85585127872704,-0.012323145181312622,0.058109850093576838,1.1105672632048156,,-4.0529096495115535,0.04775176480568849,-4.9320474988574983,0.41222737554830735,,0.13865718248855929,0,0,0,0,0,1,365_25_CALENDAR_DAYS_PER_YEAR,NOT_APPLICABLE_REQUIRES_365_CALENDAR_DAYS_AND_CONTIGUOUS_DAILY_RECORDS,RESET_REPORTING_HIGH_WATER_MARK_TO_GROUP_INITIAL_WEALTH_NOT_PORTFOLIO_STATE,0
buy_hold,MONTH,2021-06,30,2021-06-01,2021-06-30,30,False,-0.060905771262191752,-0.062839454715095444,,-20.946484905031816,-0.00081018507747750992,0.051541847537059718,0.98504278478734819,,-0.30041344814534521,0.035669500878604557,-0.43409253734967118,0.22046711769727659,,0.10265077155668891,0,0,0,0,0,1,365_25_CALENDAR_DAYS_PER_YEAR,NOT_APPLICABLE_REQUIRES_365_CALENDAR_DAYS_AND_CONTIGUOUS_DAILY_RECORDS,RESET_REPORTING_HIGH_WATER_MARK_TO_GROUP_INITIAL_WEALTH_NOT_PORTFOLIO_STATE,0
buy_hold,MONTH,2021-07,31,2021-07-01,2021-07-31,31,False,0.18633678686951952,0.17087022895673665,,55.119428695721503,0.0060133646008039884,0.031897407269743938,0.60960777282756273,,3.6029419543916115,0.017493361913540378,6.569606657455676,0.15593996294428558,,0.044460530386051994,0,0,0,0,0,1,365_25_CALENDAR_DAYS_PER_YEAR,NOT_APPLICABLE_REQUIRES_365_CALENDAR_DAYS_AND_CONTIGUOUS_DAILY_RECORDS,RESET_REPORTING_HIGH_WATER_MARK_TO_GROUP_INITIAL_WEALTH_NOT_PORTFOLIO_STATE,0
buy_hold,MONTH,2021-08,31,2021-08-01,2021-08-31,31,False,0.13420465566243195,0.12593166138784234,,40.623116576723341,0.0046010354431752819,0.033339447000956847,0.63716733657014324,,2.6374989726655094,0.018040409283888503,4.8742107693083616,0.08238496210927021,,0.042787853815425859,0,0,0,0,0,1,365_25_CALENDAR_DAYS_PER_YEAR,NOT_APPLICABLE_REQUIRES_365_CALENDAR_DAYS_AND_CONTIGUOUS_DAILY_RECORDS,RESET_REPORTING_HIGH_WATER_MARK_TO_GROUP_INITIAL_WEALTH_NOT_PORTFOLIO_STATE,0
buy_hold,MONTH,2021-09,30,2021-09-01,2021-09-30,30,False,-0.07016914772630789,-0.072752588652476566,,-24.250862884158856,-0.001635996186935033,0.039811100781844265,0.76085044393103585,,-0.78536802080407675,0.031479905479309588,-0.99321662346218687,0.22821949381171433,,0.10540380517077629,0,0,0,0,0,1,365_25_CALENDAR_DAYS_PER_YEAR,NOT_APPLICABLE_REQUIRES_365_CALENDAR_DAYS_AND_CONTIGUOUS_DAILY_RECORDS,RESET_REPORTING_HIGH_WATER_MARK_TO_GROUP_INITIAL_WEALTH_NOT_PORTFOLIO_STATE,0
buy_hold,MONTH,2021-10,31,2021-10-01,2021-10-31,31,False,0.39901833043152812,0.33577079812182997,,108.31316068446128,0.01148255427402708,0.035337580533331733,0.6753546952536349,,6.2100744661489307,0.016672325690690083,13.162471189491363,0.11429376878435703,,0.052360732356707802,0,0,0,0,0,1,365_25_CALENDAR_DAYS_PER_YEAR,NOT_APPLICABLE_REQUIRES_365_CALENDAR_DAYS_AND_CONTIGUOUS_DAILY_RECORDS,RESET_REPORTING_HIGH_WATER_MARK_TO_GROUP_INITIAL_WEALTH_NOT_PORTFOLIO_STATE,0
buy_hold,MONTH,2021-11,30,2021-11-01,2021-11-30,30,False,-0.072202395709643347,-0.074941668807990608,,-24.980556269330201,-0.0019682012182425305,0.032802737010981894,0.62690999562465266,,-1.1467124467313481,0.025099153895272574,-1.4986683206254552,0.20431554957284292,,0.077712102782605152,0,0,0,0,0,1,365_25_CALENDAR_DAYS_PER_YEAR,NOT_APPLICABLE_REQUIRES_365_CALENDAR_DAYS_AND_CONTIGUOUS_DAILY_RECORDS,RESET_REPORTING_HIGH_WATER_MARK_TO_GROUP_INITIAL_WEALTH_NOT_PORTFOLIO_STATE,0
buy_hold,MONTH,2021-12,31,2021-12-01,2021-12-31,31,False,-0.18746231292708304,-0.20759298176420918,,-66.96547798845458,-0.0061574804961481528,0.032361555366638671,0.61847834607564423,,-3.6363758981838985,0.027745963665841273,-4.2412936663600496,0.19293903370546889,,0.07729644564951195,0,0,0,0,0,1,365_25_CALENDAR_DAYS_PER_YEAR,NOT_APPLICABLE_REQUIRES_365_CALENDAR_DAYS_AND_CONTIGUOUS_DAILY_RECORDS,RESET_REPORTING_HIGH_WATER_MARK_TO_GROUP_INITIAL_WEALTH_NOT_PORTFOLIO_STATE,0
buy_hold,MONTH,2022-01,31,2022-01-01,2022-01-31,31,False,-0.16704854011834788,-0.182779909963739,,-58.961261278625486,-0.0054976593012345878,0.027576253559184888,0.52702397950345392,,-3.8101113760854473,0.02490419883658428,-4.2189109589552958,0.26525619003728607,,0.08585828516608715,0,0,0,0,0,1,365_25_CALENDAR_DAYS_PER_YEAR,NOT_APPLICABLE_REQUIRES_365_CALENDAR_DAYS_AND_CONTIGUOUS_DAILY_RECORDS,RESET_REPORTING_HIGH_WATER_MARK_TO_GROUP_INITIAL_WEALTH_NOT_PORTFOLIO_STATE,0
buy_hold,MONTH,2022-02,28,2022-02-01,2022-02-28,28,False,0.1218122217431286,0.11494543279396488,,41.051940283558885,0.0050600190233503605,0.045202595730662966,0.86389007972858212,,2.1393600779156761,0.022851209733275132,4.2319260053669732,0.16897073481739519,,0.067644486519940761,0,0,0,0,0,1,365_25_CALENDAR_DAYS_PER_YEAR,NOT_APPLICABLE_REQUIRES_365_CALENDAR_DAYS_AND_CONTIGUOUS_DAILY_RECORDS,RESET_REPORTING_HIGH_WATER_MARK_TO_GROUP_INITIAL_WEALTH_NOT_PORTFOLIO_STATE,0
buy_hold,MONTH,2022-03,31,2022-03-01,2022-03-31,31,False,0.054107371921035319,0.052694315823506435,,16.998166394679494,0.0022213244452813329,0.032787535646109131,0.62661947451409161,,1.2947870065292091,0.021605455521825655,1.9649146063044047,0.14920880768477418,,0.071711550104216717,0,0,0,0,0,1,365_25_CALENDAR_DAYS_PER_YEAR,NOT_APPLICABLE_REQUIRES_365_CALENDAR_DAYS_AND_CONTIGUOUS_DAILY_RECORDS,RESET_REPORTING_HIGH_WATER_MARK_TO_GROUP_INITIAL_WEALTH_NOT_PORTFOLIO_STATE,0
buy_hold,MONTH,2022-04,30,2022-04-01,2022-04-30,30,False,-0.17298187808896143,-0.18992867136776825,,-63.309557122589418,-0.0059997118027864194,0.025176421437983317,0.48115955227292434,,-4.5544034730598719,0.02232266462412609,-5.1366439969018343,0.19256256835874569,,0.06086300476556121,0,0,0,0,0,1,365_25_CALENDAR_DAYS_PER_YEAR,NOT_APPLICABLE_REQUIRES_365_CALENDAR_DAYS_AND_CONTIGUOUS_DAILY_RECORDS,RESET_REPORTING_HIGH_WATER_MARK_TO_GROUP_INITIAL_WEALTH_NOT_PORTFOLIO_STATE,0
buy_hold,MONTH,2022-05,31,2022-05-01,2022-05-31,31,False,-0.15555378486055693,-0.16907423317047618,,-54.540075216282638,-0.0045760876944879753,0.04178044999858635,0.79848769073875991,,-2.09322704632471,0.033692486774599392,-2.5957112791861587,0.27934892158838875,,0.10321423130955798,0,0,0,0,0,1,365_25_CALENDAR_DAYS_PER_YEAR,NOT_APPLICABLE_REQUIRES_365_CALENDAR_DAYS_AND_CONTIGUOUS_DAILY_RECORDS,RESET_REPORTING_HIGH_WATER_MARK_TO_GROUP_INITIAL_WEALTH_NOT_PORTFOLIO_STATE,0
buy_hold,MONTH,2022-06,30,2022-06-01,2022-06-30,30,False,-0.37324727773688815,-0.46720319849387415,,-155.73439949795804,-0.014401186708588505,0.045645964891222482,0.87236353602625083,,-6.0296346971036954,0.041992635295091792,-6.5542086548462368,0.40281630778715044,,0.13654506268274613,0,0,0,0,0,1,365_25_CALENDAR_DAYS_PER_YEAR,NOT_APPLICABLE_REQUIRES_365_CALENDAR_DAYS_AND_CONTIGUOUS_DAILY_RECORDS,RESET_REPORTING_HIGH_WATER_MARK_TO_GROUP_INITIAL_WEALTH_NOT_PORTFOLIO_STATE,0
buy_hold,MONTH,2022-07,31,2022-07-01,2022-07-31,31,False,0.16946192526572584,0.15654375009119786,,50.497983900386409,0.0055925016482416649,0.033377876519753054,0.63790178288943422,,3.2021563221972005,0.017546522158225115,6.0913027297060722,0.10661435081200452,,0.051624547377935044,0,0,0,0,0,1,365_25_CALENDAR_DAYS_PER_YEAR,NOT_APPLICABLE_REQUIRES_365_CALENDAR_DAYS_AND_CONTIGUOUS_DAILY_RECORDS,RESET_REPORTING_HIGH_WATER_MARK_TO_GROUP_INITIAL_WEALTH_NOT_PORTFOLIO_STATE,0
buy_hold,MONTH,2022-08,31,2022-08-01,2022-08-31,31,False,-0.13987229331342169,-0.15067440461186105,,-48.60464664898744,-0.0044708176093786762,0.02748906792244895,0.52535772991195295,,-3.1082937184520674,0.023820228203302814,-3.5870394028216306,0.20015546691214023,,0.087605623289593135,0,0,0,0,0,1,365_25_CALENDAR_DAYS_PER_YEAR,NOT_APPLICABLE_REQUIRES_365_CALENDAR_DAYS_AND_CONTIGUOUS_DAILY_RECORDS,RESET_REPORTING_HIGH_WATER_MARK_TO_GROUP_INITIAL_WEALTH_NOT_PORTFOLIO_STATE,0
buy_hold,MONTH,2022-09,30,2022-09-01,2022-09-30,30,False,-0.030977005472986277,-0.031466937210889799,,-10.488979070296599,-0.00049484372697179051,0.033843918646048757,0.64680855390854552,,-0.27943611781918726,0.023545946967468204,-0.40164930513547159,0.17442499095792408,,0.083033060614419035,0,0,0,0,0,1,365_25_CALENDAR_DAYS_PER_YEAR,NOT_APPLICABLE_REQUIRES_365_CALENDAR_DAYS_AND_CONTIGUOUS_DAILY_RECORDS,RESET_REPORTING_HIGH_WATER_MARK_TO_GROUP_INITIAL_WEALTH_NOT_PORTFOLIO_STATE,0
buy_hold,MONTH,2022-10,31,2022-10-01,2022-10-31,31,False,0.05525922874942147,0.053786451199605338,,17.350468128904946,0.0018701037371602193,0.016698066826908053,0.31912535218913241,,2.1403983898870913,0.0086821905963318895,4.116531992011434,0.063780100490653288,,0.022368382032157959,0,0,0,0,0,1,365_25_CALENDAR_DAYS_PER_YEAR,NOT_APPLICABLE_REQUIRES_365_CALENDAR_DAYS_AND_CONTIGUOUS_DAILY_RECORDS,RESET_REPORTING_HIGH_WATER_MARK_TO_GROUP_INITIAL_WEALTH_NOT_PORTFOLIO_STATE,0
buy_hold,MONTH,2022-11,30,2022-11-01,2022-11-30,30,False,-0.16258544225055147,-0.1774360410850441,,-59.145347028348034,-0.0049915594470262611,0.042577278271876164,0.81371628611951974,,-2.2405439329729138,0.034339001478702745,-2.7780732813013489,0.25938896608705403,,0.12838947803302916,0,0,0,0,0,1,365_25_CALENDAR_DAYS_PER_YEAR,NOT_APPLICABLE_REQUIRES_365_CALENDAR_DAYS_AND_CONTIGUOUS_DAILY_RECORDS,RESET_REPORTING_HIGH_WATER_MARK_TO_GROUP_INITIAL_WEALTH_NOT_PORTFOLIO_STATE,0
buy_hold,MONTH,2022-12,31,2022-12-01,2022-12-31,31,False,-0.03650102832106901,-0.037183858404952884,,-11.994793033855769,-0.0010944992876342726,0.014661802502917209,0.28020925631529225,,-1.4266690189513238,0.010760504896644976,-1.9439180218594436,0.076144613517340545,,0.035784522191831515,0,0,0,0,0,1,365_25_CALENDAR_DAYS_PER_YEAR,NOT_APPLICABLE_REQUIRES_365_CALENDAR_DAYS_AND_CONTIGUOUS_DAILY_RECORDS,RESET_REPORTING_HIGH_WATER_MARK_TO_GROUP_INITIAL_WEALTH_NOT_PORTFOLIO_STATE,0
buy_hold,MONTH,2023-01,31,2023-01-01,2023-01-31,31,False,0.39835161512692163,0.33529412515385937,,108.15939521092237,0.011129544338729638,0.023219015191842812,0.44375055372524852,,9.1607008387823115,0.0083847604652974687,25.367743398745688,0.038769676379082893,,0.032844055318490238,0,0,0,0,0,1,365_25_CALENDAR_DAYS_PER_YEAR,NOT_APPLICABLE_REQUIRES_365_CALENDAR_DAYS_AND_CONTIGUOUS_DAILY_RECORDS,RESET_REPORTING_HIGH_WATER_MARK_TO_GROUP_INITIAL_WEALTH_NOT_PORTFOLIO_STATE,0
buy_hold,MONTH,2023-02,28,2023-02-01,2023-02-28,28,False,0.00023351250373063493,0.0002334852439295227,,0.083387587117686679,0.00035297008264777364,0.027068488291916288,0.5173198160558995,,0.24921203225891594,0.014937039703099014,0.45161511996286452,0.088115790538489086,,0.045714768679114837,0,0,0,0,0,1,365_25_CALENDAR_DAYS_PER_YEAR,NOT_APPLICABLE_REQUIRES_365_CALENDAR_DAYS_AND_CONTIGUOUS_DAILY_RECORDS,RESET_REPORTING_HIGH_WATER_MARK_TO_GROUP_INITIAL_WEALTH_NOT_PORTFOLIO_STATE,0
buy_hold,MONTH,2023-03,31,2023-03-01,2023-03-31,31,False,0.23100235619636389,0.20782876125114583,,67.041535887466395,0.0073607812753235012,0.036623513821986059,0.6999308284005118,,3.8411300827479633,0.018270293765783215,7.6996945139998401,0.1474270583955801,,0.056887382188357344,0,0,0,0,0,1,365_25_CALENDAR_DAYS_PER_YEAR,NOT_APPLICABLE_REQUIRES_365_CALENDAR_DAYS_AND_CONTIGUOUS_DAILY_RECORDS,RESET_REPORTING_HIGH_WATER_MARK_TO_GROUP_INITIAL_WEALTH_NOT_PORTFOLIO_STATE,0
buy_hold,MONTH,2023-04,30,2023-04-01,2023-04-30,30,False,0.027337507945928825,0.026970511763993732,,8.9901705879979108,0.0011072079866583169,0.020724828519554404,0.39608286809011661,,1.0210179477768766,0.01374564187819759,1.5394277015630937,0.10526540323242231,,0.04593363912206859,0,0,0,0,0,1,365_25_CALENDAR_DAYS_PER_YEAR,NOT_APPLICABLE_REQUIRES_365_CALENDAR_DAYS_AND_CONTIGUOUS_DAILY_RECORDS,RESET_REPORTING_HIGH_WATER_MARK_TO_GROUP_INITIAL_WEALTH_NOT_PORTFOLIO_STATE,0
buy_hold,MONTH,2023-05,31,2023-05-01,2023-05-31,31,False,-0.069601840551617347,-0.072142656016545098,,-23.271824521466161,-0.0021699499361708227,0.017861656064302237,0.34136330518309949,,-2.3217908959525517,0.013679139993876677,-3.0316986634610577,0.10791103641760187,,0.037535531432123098,0,0,0,0,0,1,365_25_CALENDAR_DAYS_PER_YEAR,NOT_APPLICABLE_REQUIRES_365_CALENDAR_DAYS_AND_CONTIGUOUS_DAILY_RECORDS,RESET_REPORTING_HIGH_WATER_MARK_TO_GROUP_INITIAL_WEALTH_NOT_PORTFOLIO_STATE,0
buy_hold,MONTH,2023-06,30,2023-06-01,2023-06-30,30,False,0.11966446331399361,0.11302905409526331,,37.676351365087768,0.0040756213233533812,0.02507483476835121,0.4792180771273209,,3.106353368968005,0.014066758321695938,5.53725994843089,0.077637118412021325,,0.044661680338203232,0,0,0,0,0,1,365_25_CALENDAR_DAYS_PER_YEAR,NOT_APPLICABLE_REQUIRES_365_CALENDAR_DAYS_AND_CONTIGUOUS_DAILY_RECORDS,RESET_REPORTING_HIGH_WATER_MARK_TO_GROUP_INITIAL_WEALTH_NOT_PORTFOLIO_STATE,0
buy_hold,MONTH,2023-07,31,2023-07-01,2023-07-31,31,False,-0.040708301474424904,-0.041560080874845452,,-13.40647770156305,-0.0012575161985960784,0.013014327390932487,0.24872351124163289,,-1.8466601297333882,0.0099692063034400157,-2.4107274718388796,0.072713173860122562,,0.034258990729712238,0,0,0,0,0,1,365_25_CALENDAR_DAYS_PER_YEAR,NOT_APPLICABLE_REQUIRES_365_CALENDAR_DAYS_AND_CONTIGUOUS_DAILY_RECORDS,RESET_REPORTING_HIGH_WATER_MARK_TO_GROUP_INITIAL_WEALTH_NOT_PORTFOLIO_STATE,0
buy_hold,MONTH,2023-08,31,2023-08-01,2023-08-31,31,False,-0.11272081662812393,-0.11959559605858811,,-38.579224535028423,-0.0036269790115814847,0.021364630854157969,0.40831045991127107,,-3.2444774602835698,0.01739078931705907,-3.9858491750917575,0.12896021815202019,,0.064649811500135532,0,0,0,0,0,1,365_25_CALENDAR_DAYS_PER_YEAR,NOT_APPLICABLE_REQUIRES_365_CALENDAR_DAYS_AND_CONTIGUOUS_DAILY_RECORDS,RESET_REPORTING_HIGH_WATER_MARK_TO_GROUP_INITIAL_WEALTH_NOT_PORTFOLIO_STATE,0
buy_hold,MONTH,2023-09,30,2023-09-01,2023-09-30,30,False,0.039533798814835187,0.038772342279731857,,12.924114093243952,0.0013588664356872634,0.011663161280552026,0.22290068005339361,,2.2266686917055751,0.0071353843423728166,3.6396071779199746,0.041272695411012049,,0.024204042877212853,0,0,0,0,0,1,365_25_CALENDAR_DAYS_PER_YEAR,NOT_APPLICABLE_REQUIRES_365_CALENDAR_DAYS_AND_CONTIGUOUS_DAILY_RECORDS,RESET_REPORTING_HIGH_WATER_MARK_TO_GROUP_INITIAL_WEALTH_NOT_PORTFOLIO_STATE,0
buy_hold,MONTH,2023-10,31,2023-10-01,2023-10-31,31,False,0.28513094015065182,0.25086061210576138,,80.922778098632705,0.0083820295154718779,0.023519308925218686,0.44948962187110947,,6.8111389708659269,0.0062846976606208823,25.489417349722732,0.04337521671522284,,0.018067561910200466,0,0,0,0,0,1,365_25_CALENDAR_DAYS_PER_YEAR,NOT_APPLICABLE_REQUIRES_365_CALENDAR_DAYS_AND_CONTIGUOUS_DAILY_RECORDS,RESET_REPORTING_HIGH_WATER_MARK_TO_GROUP_INITIAL_WEALTH_NOT_PORTFOLIO_STATE,0
buy_hold,MONTH,2023-11,30,2023-11-01,2023-11-30,30,False,0.088376536048437176,0.084687169488432662,,28.229056496144224,0.0030609269275820934,0.022079196790070241,0.42196689740934673,,2.6495053691730539,0.013230275540885206,4.4215972873385478,0.05442390606971912,,0.044764308790866715,0,0,0,0,0,1,365_25_CALENDAR_DAYS_PER_YEAR,NOT_APPLICABLE_REQUIRES_365_CALENDAR_DAYS_AND_CONTIGUOUS_DAILY_RECORDS,RESET_REPORTING_HIGH_WATER_MARK_TO_GROUP_INITIAL_WEALTH_NOT_PORTFOLIO_STATE,0
buy_hold,MONTH,2023-12,31,2023-12-01,2023-12-31,31,False,0.12090292711512393,0.11413454543870512,,36.817595302808101,0.0039542715572658373,0.023451302626826868,0.44818991848925477,,3.2225126597218932,0.014223677969123901,5.313120823317802,0.066086405360437459,,0.04639225441415909,0,0,0,0,0,1,365_25_CALENDAR_DAYS_PER_YEAR,NOT_APPLICABLE_REQUIRES_365_CALENDAR_DAYS_AND_CONTIGUOUS_DAILY_RECORDS,RESET_REPORTING_HIGH_WATER_MARK_TO_GROUP_INITIAL_WEALTH_NOT_PORTFOLIO_STATE,0
buy_hold,MONTH,2024-01,31,2024-01-01,2024-01-31,31,False,0.0072860606777461895,0.007259645568103686,,2.3418211510011893,0.00063721536655697759,0.028783875938980994,0.55010347255248671,,0.42308933545721161,0.020308369614820115,0.59966167515580548,0.15769704145035782,,0.066185923499143678,0,0,0,0,0,1,365_25_CALENDAR_DAYS_PER_YEAR,NOT_APPLICABLE_REQUIRES_365_CALENDAR_DAYS_AND_CONTIGUOUS_DAILY_RECORDS,RESET_REPORTING_HIGH_WATER_MARK_TO_GROUP_INITIAL_WEALTH_NOT_PORTFOLIO_STATE,0
buy_hold,MONTH,2024-02,29,2024-02-01,2024-02-29,29,False,0.43655663977642295,0.36224902767238093,,124.91345781806238,0.012855203508689104,0.024745140731444494,0.4729171246438294,,9.9285114386266695,0.0058513165311588587,41.987544425991892,0.029140796157930464,,0.017840271914771132,0,0,0,0,0,1,365_25_CALENDAR_DAYS_PER_YEAR,NOT_APPLICABLE_REQUIRES_365_CALENDAR_DAYS_AND_CONTIGUOUS_DAILY_RECORDS,RESET_REPORTING_HIGH_WATER_MARK_TO_GROUP_INITIAL_WEALTH_NOT_PORTFOLIO_STATE,0
buy_hold,MONTH,2024-03,31,2024-03-01,2024-03-31,31,False,0.16614053127958103,0.15369960491933635,,49.580517715914951,0.0056950086792309958,0.038748903000621365,0.74055023525771602,,2.8088599814774655,0.024248899152773368,4.4884611989550578,0.15077128580480961,,0.076188558994705127,0,0,0,0,0,1,365_25_CALENDAR_DAYS_PER_YEAR,NOT_APPLICABLE_REQUIRES_365_CALENDAR_DAYS_AND_CONTIGUOUS_DAILY_RECORDS,RESET_REPORTING_HIGH_WATER_MARK_TO_GROUP_INITIAL_WEALTH_NOT_PORTFOLIO_STATE,0
buy_hold,MONTH,2024-04,30,2024-04-01,2024-04-30,30,False,-0.14951774799528916,-0.16195173508328331,,-53.983911694427775,-0.0050074708060463729,0.027751431555393221,0.53037189638001614,,-3.4484834592328362,0.023243908733184878,-4.1172228727682176,0.15305716451603427,,0.057103101875947318,0,0,0,0,0,1,365_25_CALENDAR_DAYS_PER_YEAR,NOT_APPLICABLE_REQUIRES_365_CALENDAR_DAYS_AND_CONTIGUOUS_DAILY_RECORDS,RESET_REPORTING_HIGH_WATER_MARK_TO_GROUP_INITIAL_WEALTH_NOT_PORTFOLIO_STATE,0
buy_hold,MONTH,2024-05,31,2024-05-01,2024-05-31,31,False,0.11313473970850449,0.10718012490200834,,34.574233839357532,0.0038456934703611761,0.028455804282635357,0.54383352621918657,,2.5828483760732577,0.013531544062772764,5.4315329825118885,0.054500879972333709,,0.037651724552273426,0,0,0,0,0,1,365_25_CALENDAR_DAYS_PER_YEAR,NOT_APPLICABLE_REQUIRES_365_CALENDAR_DAYS_AND_CONTIGUOUS_DAILY_RECORDS,RESET_REPORTING_HIGH_WATER_MARK_TO_GROUP_INITIAL_WEALTH_NOT_PORTFOLIO_STATE,0
buy_hold,MONTH,2024-06,30,2024-06-01,2024-06-30,30,False,-0.070721056240105953,-0.073346322848475962,,-24.448774282825323,-0.0022995644770575658,0.017103560278051932,0.32687494630371283,,-2.5695328893909037,0.013732820865547129,-3.2002282044172969,0.15180695433692906,,0.041263442075506911,0,0,0,0,0,1,365_25_CALENDAR_DAYS_PER_YEAR,NOT_APPLICABLE_REQUIRES_365_CALENDAR_DAYS_AND_CONTIGUOUS_DAILY_RECORDS,RESET_REPORTING_HIGH_WATER_MARK_TO_GROUP_INITIAL_WEALTH_NOT_PORTFOLIO_STATE,0
buy_hold,MONTH,2024-07,31,2024-07-01,2024-07-31,31,False,0.029825844603477605,0.029389705036172747,,9.4805500116686279,0.0012390314772240216,0.024557589541544186,0.46933273729223624,,0.96425459188516749,0.015793178029723548,1.4993669061729464,0.1117663988449689,,0.048611408196852064,0,0,0,0,0,1,365_25_CALENDAR_DAYS_PER_YEAR,NOT_APPLICABLE_REQUIRES_365_CALENDAR_DAYS_AND_CONTIGUOUS_DAILY_RECORDS,RESET_REPORTING_HIGH_WATER_MARK_TO_GROUP_INITIAL_WEALTH_NOT_PORTFOLIO_STATE,0
buy_hold,MONTH,2024-08,31,2024-08-01,2024-08-31,31,False,-0.087385881843220631,-0.091442140351233811,,-29.497464629430258,-0.0023105239007596263,0.036558285125951891,0.69868420920737273,,-1.2078687962761361,0.023956492808198452,-1.8432419220350797,0.17429087588281972,,0.067329248410599646,0,0,0,0,0,1,365_25_CALENDAR_DAYS_PER_YEAR,NOT_APPLICABLE_REQUIRES_365_CALENDAR_DAYS_AND_CONTIGUOUS_DAILY_RECORDS,RESET_REPORTING_HIGH_WATER_MARK_TO_GROUP_INITIAL_WEALTH_NOT_PORTFOLIO_STATE,0
buy_hold,MONTH,2024-09,30,2024-09-01,2024-09-30,30,False,0.073935291783799567,0.071329744535830117,,23.776581511943373,0.002619719786311018,0.022257858237630358,0.42538138831816052,,2.2493994289059707,0.014321763560510506,3.495855339104001,0.087381202015760745,,0.037822311771066312,0,0,0,0,0,1,365_25_CALENDAR_DAYS_PER_YEAR,NOT_APPLICABLE_REQUIRES_365_CALENDAR_DAYS_AND_CONTIGUOUS_DAILY_RECORDS,RESET_REPORTING_HIGH_WATER_MARK_TO_GROUP_INITIAL_WEALTH_NOT_PORTFOLIO_STATE,0
buy_hold,MONTH,2024-10,31,2024-10-01,2024-10-31,31,False,0.10960984666683615,0.10400846404799668,,33.551117434837643,0.0035595349343353444,0.020323193400014827,0.38840701253730198,,3.3473137528409662,0.011853455136972607,5.7390949713326265,0.047727157905372124,,0.03563517358438259,0,0,0,0,0,1,365_25_CALENDAR_DAYS_PER_YEAR,NOT_APPLICABLE_REQUIRES_365_CALENDAR_DAYS_AND_CONTIGUOUS_DAILY_RECORDS,RESET_REPORTING_HIGH_WATER_MARK_TO_GROUP_INITIAL_WEALTH_NOT_PORTFOLIO_STATE,0
buy_hold,MONTH,2024-11,30,2024-11-01,2024-11-30,30,False,0.37170220455366737,0.31605245366989637,,105.35081788996546,0.011076804608494395,0.032211669870596656,0.61561380719169556,,6.5719820380714067,0.012396578281709258,17.076850643390472,0.070273133346204344,,0.044688446680813128,0,0,0,0,0,1,365_25_CALENDAR_DAYS_PER_YEAR,NOT_APPLICABLE_REQUIRES_365_CALENDAR_DAYS_AND_CONTIGUOUS_DAILY_RECORDS,RESET_REPORTING_HIGH_WATER_MARK_TO_GROUP_INITIAL_WEALTH_NOT_PORTFOLIO_STATE,0
buy_hold,MONTH,2024-12,31,2024-12-01,2024-12-31,31,False,-0.029547008112591588,-0.029992314550397636,,-9.674940177547624,-0.00071458043349497335,0.022807587844019039,0.43588755385613054,,-0.59877943525817001,0.0164145538664641,-0.83198816610814474,0.12586431553370142,,0.049294827394716113,0,0,0,0,0,1,365_25_CALENDAR_DAYS_PER_YEAR,NOT_APPLICABLE_REQUIRES_365_CALENDAR_DAYS_AND_CONTIGUOUS_DAILY_RECORDS,RESET_REPORTING_HIGH_WATER_MARK_TO_GROUP_INITIAL_WEALTH_NOT_PORTFOLIO_STATE,0
buy_hold,MONTH,2025-01,31,2025-01-01,2025-01-31,31,False,0.094776243837994489,0.09054999886053533,,29.209677051785594,0.003169160281040299,0.022452917393280772,0.42910926426870732,,2.6975315823643524,0.014219189067258496,4.2595575245607424,0.094953774473416117,,0.044481903318443157,0,0,0,0,0,1,365_25_CALENDAR_DAYS_PER_YEAR,NOT_APPLICABLE_REQUIRES_365_CALENDAR_DAYS_AND_CONTIGUOUS_DAILY_RECORDS,RESET_REPORTING_HIGH_WATER_MARK_TO_GROUP_INITIAL_WEALTH_NOT_PORTFOLIO_STATE,0
buy_hold,MONTH,2025-02,28,2025-02-01,2025-02-28,28,False,-0.17615954042111098,-0.19377838483477092,,-69.206566012418179,-0.0066990005514741945,0.020133612101421648,0.38478382673327055,,-6.3589209873991424,0.018584937511905857,-6.8888070493573794,0.17780465944571652,,0.050128182470488829,0,0,0,0,0,1,365_25_CALENDAR_DAYS_PER_YEAR,NOT_APPLICABLE_REQUIRES_365_CALENDAR_DAYS_AND_CONTIGUOUS_DAILY_RECORDS,RESET_REPORTING_HIGH_WATER_MARK_TO_GROUP_INITIAL_WEALTH_NOT_PORTFOLIO_STATE,0
buy_hold,MONTH,2025-03,31,2025-03-01,2025-03-31,31,False,-0.0217157376287598,-0.02195499435852136,,-7.0822562446843103,-0.00011312375496089658,0.03509803766520557,0.67077666817136383,,-0.061597925897016764,0.02387572511421596,-0.090550813132991265,0.16643699524001951,,0.077891560310415942,0,0,0,0,0,1,365_25_CALENDAR_DAYS_PER_YEAR,NOT_APPLICABLE_REQUIRES_365_CALENDAR_DAYS_AND_CONTIGUOUS_DAILY_RECORDS,RESET_REPORTING_HIGH_WATER_MARK_TO_GROUP_INITIAL_WEALTH_NOT_PORTFOLIO_STATE,0
buy_hold,MONTH,2025-04,30,2025-04-01,2025-04-30,30,False,0.1409541992130717,0.1318649291567171,,43.954976385572365,0.0048011174970861124,0.028801477382723595,0.55043986280601853,,3.1858306134864627,0.016369633922239796,5.6052950722898069,0.10393686549042913,,0.053281792784349774,0,0,0,0,0,1,365_25_CALENDAR_DAYS_PER_YEAR,NOT_APPLICABLE_REQUIRES_365_CALENDAR_DAYS_AND_CONTIGUOUS_DAILY_RECORDS,RESET_REPORTING_HIGH_WATER_MARK_TO_GROUP_INITIAL_WEALTH_NOT_PORTFOLIO_STATE,0
buy_hold,MONTH,2025-05,28,2025-05-01,2025-05-28,28,False,0.1444220061921084,0.1348997114672606,,48.1784683811645,0.0050035477758035296,0.019131655532241446,0.36563491887870458,,4.9982803357972143,0.0092490874694297967,10.338898616118685,0.039294484376832362,,0.032742395269462397,0,0,0,0,0,1,365_25_CALENDAR_DAYS_PER_YEAR,NOT_APPLICABLE_REQUIRES_365_CALENDAR_DAYS_AND_CONTIGUOUS_DAILY_RECORDS,RESET_REPORTING_HIGH_WATER_MARK_TO_GROUP_INITIAL_WEALTH_NOT_PORTFOLIO_STATE,0
cash,FULL,FULL,1608,2021-01-02,2025-05-28,1608,False,0,0,,0,0,0,0,0,,0,,-0,,-0,0,0,0,0,0,0,365_25_CALENDAR_DAYS_PER_YEAR,REPORTED,RESET_REPORTING_HIGH_WATER_MARK_TO_GROUP_INITIAL_WEALTH_NOT_PORTFOLIO_STATE,0
cash,REGIME,FULL:BEAR,503,2021-05-14,2025-04-11,1429,True,,0,0,0,0,0,,,,0,,,,-0,0,0,0,0,0,0,NOT_APPLICABLE_CONDITIONAL_SELECTION,NOT_APPLICABLE_CONDITIONAL_SELECTION,NOT_APPLICABLE_CONDITIONAL_SELECTION,0
cash,REGIME,FULL:BULL,531,2021-01-02,2025-05-28,1608,True,,0,0,0,0,0,,,,0,,,,-0,0,0,0,0,0,0,NOT_APPLICABLE_CONDITIONAL_SELECTION,NOT_APPLICABLE_CONDITIONAL_SELECTION,NOT_APPLICABLE_CONDITIONAL_SELECTION,0
cash,REGIME,FULL:MIX,574,2021-04-11,2025-05-05,1486,True,,0,0,0,0,0,,,,0,,,,-0,0,0,0,0,0,0,NOT_APPLICABLE_CONDITIONAL_SELECTION,NOT_APPLICABLE_CONDITIONAL_SELECTION,NOT_APPLICABLE_CONDITIONAL_SELECTION,0
cash,POST2021,POST2021,1244,2022-01-01,2025-05-28,1244,False,0,0,,0,0,0,0,0,,0,,-0,,-0,0,0,0,0,0,0,365_25_CALENDAR_DAYS_PER_YEAR,REPORTED,RESET_REPORTING_HIGH_WATER_MARK_TO_GROUP_INITIAL_WEALTH_NOT_PORTFOLIO_STATE,0
cash,REGIME,POST2021:BEAR,380,2022-01-01,2025-04-11,1197,True,,0,0,0,0,0,,,,0,,,,-0,0,0,0,0,0,0,NOT_APPLICABLE_CONDITIONAL_SELECTION,NOT_APPLICABLE_CONDITIONAL_SELECTION,NOT_APPLICABLE_CONDITIONAL_SELECTION,0
cash,REGIME,POST2021:BULL,388,2023-01-16,2025-05-28,864,True,,0,0,0,0,0,,,,0,,,,-0,0,0,0,0,0,0,NOT_APPLICABLE_CONDITIONAL_SELECTION,NOT_APPLICABLE_CONDITIONAL_SELECTION,NOT_APPLICABLE_CONDITIONAL_SELECTION,0
cash,REGIME,POST2021:MIX,476,2022-03-25,2025-05-05,1138,True,,0,0,0,0,0,,,,0,,,,-0,0,0,0,0,0,0,NOT_APPLICABLE_CONDITIONAL_SELECTION,NOT_APPLICABLE_CONDITIONAL_SELECTION,NOT_APPLICABLE_CONDITIONAL_SELECTION,0
cash,YEAR,2021,364,2021-01-02,2021-12-31,364,False,0,0,,0,0,0,0,,,0,,-0,,-0,0,0,0,0,0,0,365_25_CALENDAR_DAYS_PER_YEAR,NOT_APPLICABLE_REQUIRES_365_CALENDAR_DAYS_AND_CONTIGUOUS_DAILY_RECORDS,RESET_REPORTING_HIGH_WATER_MARK_TO_GROUP_INITIAL_WEALTH_NOT_PORTFOLIO_STATE,0
cash,YEAR_REGIME,2021:BEAR,123,2021-05-14,2021-12-31,232,True,,0,0,0,0,0,,,,0,,,,-0,0,0,0,0,0,0,NOT_APPLICABLE_CONDITIONAL_SELECTION,NOT_APPLICABLE_CONDITIONAL_SELECTION,NOT_APPLICABLE_CONDITIONAL_SELECTION,0
cash,YEAR_REGIME,2021:BULL,143,2021-01-02,2021-11-17,320,True,,0,0,0,0,0,,,,0,,,,-0,0,0,0,0,0,0,NOT_APPLICABLE_CONDITIONAL_SELECTION,NOT_APPLICABLE_CONDITIONAL_SELECTION,NOT_APPLICABLE_CONDITIONAL_SELECTION,0
cash,YEAR_REGIME,2021:MIX,98,2021-04-11,2021-12-04,238,True,,0,0,0,0,0,,,,0,,,,-0,0,0,0,0,0,0,NOT_APPLICABLE_CONDITIONAL_SELECTION,NOT_APPLICABLE_CONDITIONAL_SELECTION,NOT_APPLICABLE_CONDITIONAL_SELECTION,0
cash,YEAR,2022,365,2022-01-01,2022-12-31,365,False,0,0,,0,0,0,0,0,,0,,-0,,-0,0,0,0,0,0,0,365_25_CALENDAR_DAYS_PER_YEAR,REPORTED,RESET_REPORTING_HIGH_WATER_MARK_TO_GROUP_INITIAL_WEALTH_NOT_PORTFOLIO_STATE,0
cash,YEAR_REGIME,2022:BEAR,321,2022-01-01,2022-12-31,365,True,,0,0,0,0,0,,,,0,,,,-0,0,0,0,0,0,0,NOT_APPLICABLE_CONDITIONAL_SELECTION,NOT_APPLICABLE_CONDITIONAL_SELECTION,NOT_APPLICABLE_CONDITIONAL_SELECTION,0
cash,YEAR_REGIME,2022:MIX,44,2022-03-25,2022-12-17,268,True,,0,0,0,0,0,,,,0,,,,-0,0,0,0,0,0,0,NOT_APPLICABLE_CONDITIONAL_SELECTION,NOT_APPLICABLE_CONDITIONAL_SELECTION,NOT_APPLICABLE_CONDITIONAL_SELECTION,0
cash,YEAR,2023,365,2023-01-01,2023-12-31,365,False,0,0,,0,0,0,0,0,,0,,-0,,-0,0,0,0,0,0,0,365_25_CALENDAR_DAYS_PER_YEAR,REPORTED,RESET_REPORTING_HIGH_WATER_MARK_TO_GROUP_INITIAL_WEALTH_NOT_PORTFOLIO_STATE,0
cash,YEAR_REGIME,2023:BEAR,1,2023-01-01,2023-01-01,1,True,,0,0,0,0,,,,,0,,,,-0,0,0,0,0,0,0,NOT_APPLICABLE_CONDITIONAL_SELECTION,NOT_APPLICABLE_CONDITIONAL_SELECTION,NOT_APPLICABLE_CONDITIONAL_SELECTION,0
cash,YEAR_REGIME,2023:BULL,180,2023-01-16,2023-12-31,350,True,,0,0,0,0,0,,,,0,,,,-0,0,0,0,0,0,0,NOT_APPLICABLE_CONDITIONAL_SELECTION,NOT_APPLICABLE_CONDITIONAL_SELECTION,NOT_APPLICABLE_CONDITIONAL_SELECTION,0
cash,YEAR_REGIME,2023:MIX,184,2023-01-02,2023-10-21,293,True,,0,0,0,0,0,,,,0,,,,-0,0,0,0,0,0,0,NOT_APPLICABLE_CONDITIONAL_SELECTION,NOT_APPLICABLE_CONDITIONAL_SELECTION,NOT_APPLICABLE_CONDITIONAL_SELECTION,0
cash,YEAR,2024,366,2024-01-01,2024-12-31,366,False,0,0,,0,0,0,0,0,,0,,-0,,-0,0,0,0,0,0,0,365_25_CALENDAR_DAYS_PER_YEAR,REPORTED,RESET_REPORTING_HIGH_WATER_MARK_TO_GROUP_INITIAL_WEALTH_NOT_PORTFOLIO_STATE,0
cash,YEAR_REGIME,2024:BEAR,21,2024-07-05,2024-09-02,60,True,,0,0,0,0,0,,,,0,,,,-0,0,0,0,0,0,0,NOT_APPLICABLE_CONDITIONAL_SELECTION,NOT_APPLICABLE_CONDITIONAL_SELECTION,NOT_APPLICABLE_CONDITIONAL_SELECTION,0
cash,YEAR_REGIME,2024:BULL,153,2024-01-01,2024-12-31,366,True,,0,0,0,0,0,,,,0,,,,-0,0,0,0,0,0,0,NOT_APPLICABLE_CONDITIONAL_SELECTION,NOT_APPLICABLE_CONDITIONAL_SELECTION,NOT_APPLICABLE_CONDITIONAL_SELECTION,0
cash,YEAR_REGIME,2024:MIX,192,2024-01-15,2024-11-05,296,True,,0,0,0,0,0,,,,0,,,,-0,0,0,0,0,0,0,NOT_APPLICABLE_CONDITIONAL_SELECTION,NOT_APPLICABLE_CONDITIONAL_SELECTION,NOT_APPLICABLE_CONDITIONAL_SELECTION,0
cash,YEAR,2025,148,2025-01-01,2025-05-28,148,False,0,0,,0,0,0,0,,,0,,-0,,-0,0,0,0,0,0,0,365_25_CALENDAR_DAYS_PER_YEAR,NOT_APPLICABLE_REQUIRES_365_CALENDAR_DAYS_AND_CONTIGUOUS_DAILY_RECORDS,RESET_REPORTING_HIGH_WATER_MARK_TO_GROUP_INITIAL_WEALTH_NOT_PORTFOLIO_STATE,0
cash,YEAR_REGIME,2025:BEAR,37,2025-02-27,2025-04-11,44,True,,0,0,0,0,0,,,,0,,,,-0,0,0,0,0,0,0,NOT_APPLICABLE_CONDITIONAL_SELECTION,NOT_APPLICABLE_CONDITIONAL_SELECTION,NOT_APPLICABLE_CONDITIONAL_SELECTION,0
cash,YEAR_REGIME,2025:BULL,55,2025-01-01,2025-05-28,148,True,,0,0,0,0,0,,,,0,,,,-0,0,0,0,0,0,0,NOT_APPLICABLE_CONDITIONAL_SELECTION,NOT_APPLICABLE_CONDITIONAL_SELECTION,NOT_APPLICABLE_CONDITIONAL_SELECTION,0
cash,YEAR_REGIME,2025:MIX,56,2025-01-10,2025-05-05,116,True,,0,0,0,0,0,,,,0,,,,-0,0,0,0,0,0,0,NOT_APPLICABLE_CONDITIONAL_SELECTION,NOT_APPLICABLE_CONDITIONAL_SELECTION,NOT_APPLICABLE_CONDITIONAL_SELECTION,0
cash,MONTH,2021-01,30,2021-01-02,2021-01-31,30,False,0,0,,0,0,0,0,,,0,,-0,,-0,0,0,0,0,0,0,365_25_CALENDAR_DAYS_PER_YEAR,NOT_APPLICABLE_REQUIRES_365_CALENDAR_DAYS_AND_CONTIGUOUS_DAILY_RECORDS,RESET_REPORTING_HIGH_WATER_MARK_TO_GROUP_INITIAL_WEALTH_NOT_PORTFOLIO_STATE,0
cash,MONTH,2021-02,28,2021-02-01,2021-02-28,28,False,0,0,,0,0,0,0,,,0,,-0,,-0,0,0,0,0,0,0,365_25_CALENDAR_DAYS_PER_YEAR,NOT_APPLICABLE_REQUIRES_365_CALENDAR_DAYS_AND_CONTIGUOUS_DAILY_RECORDS,RESET_REPORTING_HIGH_WATER_MARK_TO_GROUP_INITIAL_WEALTH_NOT_PORTFOLIO_STATE,0
cash,MONTH,2021-03,31,2021-03-01,2021-03-31,31,False,0,0,,0,0,0,0,,,0,,-0,,-0,0,0,0,0,0,0,365_25_CALENDAR_DAYS_PER_YEAR,NOT_APPLICABLE_REQUIRES_365_CALENDAR_DAYS_AND_CONTIGUOUS_DAILY_RECORDS,RESET_REPORTING_HIGH_WATER_MARK_TO_GROUP_INITIAL_WEALTH_NOT_PORTFOLIO_STATE,0
cash,MONTH,2021-04,30,2021-04-01,2021-04-30,30,False,0,0,,0,0,0,0,,,0,,-0,,-0,0,0,0,0,0,0,365_25_CALENDAR_DAYS_PER_YEAR,NOT_APPLICABLE_REQUIRES_365_CALENDAR_DAYS_AND_CONTIGUOUS_DAILY_RECORDS,RESET_REPORTING_HIGH_WATER_MARK_TO_GROUP_INITIAL_WEALTH_NOT_PORTFOLIO_STATE,0
cash,MONTH,2021-05,31,2021-05-01,2021-05-31,31,False,0,0,,0,0,0,0,,,0,,-0,,-0,0,0,0,0,0,0,365_25_CALENDAR_DAYS_PER_YEAR,NOT_APPLICABLE_REQUIRES_365_CALENDAR_DAYS_AND_CONTIGUOUS_DAILY_RECORDS,RESET_REPORTING_HIGH_WATER_MARK_TO_GROUP_INITIAL_WEALTH_NOT_PORTFOLIO_STATE,0
cash,MONTH,2021-06,30,2021-06-01,2021-06-30,30,False,0,0,,0,0,0,0,,,0,,-0,,-0,0,0,0,0,0,0,365_25_CALENDAR_DAYS_PER_YEAR,NOT_APPLICABLE_REQUIRES_365_CALENDAR_DAYS_AND_CONTIGUOUS_DAILY_RECORDS,RESET_REPORTING_HIGH_WATER_MARK_TO_GROUP_INITIAL_WEALTH_NOT_PORTFOLIO_STATE,0
cash,MONTH,2021-07,31,2021-07-01,2021-07-31,31,False,0,0,,0,0,0,0,,,0,,-0,,-0,0,0,0,0,0,0,365_25_CALENDAR_DAYS_PER_YEAR,NOT_APPLICABLE_REQUIRES_365_CALENDAR_DAYS_AND_CONTIGUOUS_DAILY_RECORDS,RESET_REPORTING_HIGH_WATER_MARK_TO_GROUP_INITIAL_WEALTH_NOT_PORTFOLIO_STATE,0
cash,MONTH,2021-08,31,2021-08-01,2021-08-31,31,False,0,0,,0,0,0,0,,,0,,-0,,-0,0,0,0,0,0,0,365_25_CALENDAR_DAYS_PER_YEAR,NOT_APPLICABLE_REQUIRES_365_CALENDAR_DAYS_AND_CONTIGUOUS_DAILY_RECORDS,RESET_REPORTING_HIGH_WATER_MARK_TO_GROUP_INITIAL_WEALTH_NOT_PORTFOLIO_STATE,0
cash,MONTH,2021-09,30,2021-09-01,2021-09-30,30,False,0,0,,0,0,0,0,,,0,,-0,,-0,0,0,0,0,0,0,365_25_CALENDAR_DAYS_PER_YEAR,NOT_APPLICABLE_REQUIRES_365_CALENDAR_DAYS_AND_CONTIGUOUS_DAILY_RECORDS,RESET_REPORTING_HIGH_WATER_MARK_TO_GROUP_INITIAL_WEALTH_NOT_PORTFOLIO_STATE,0
cash,MONTH,2021-10,31,2021-10-01,2021-10-31,31,False,0,0,,0,0,0,0,,,0,,-0,,-0,0,0,0,0,0,0,365_25_CALENDAR_DAYS_PER_YEAR,NOT_APPLICABLE_REQUIRES_365_CALENDAR_DAYS_AND_CONTIGUOUS_DAILY_RECORDS,RESET_REPORTING_HIGH_WATER_MARK_TO_GROUP_INITIAL_WEALTH_NOT_PORTFOLIO_STATE,0
cash,MONTH,2021-11,30,2021-11-01,2021-11-30,30,False,0,0,,0,0,0,0,,,0,,-0,,-0,0,0,0,0,0,0,365_25_CALENDAR_DAYS_PER_YEAR,NOT_APPLICABLE_REQUIRES_365_CALENDAR_DAYS_AND_CONTIGUOUS_DAILY_RECORDS,RESET_REPORTING_HIGH_WATER_MARK_TO_GROUP_INITIAL_WEALTH_NOT_PORTFOLIO_STATE,0
cash,MONTH,2021-12,31,2021-12-01,2021-12-31,31,False,0,0,,0,0,0,0,,,0,,-0,,-0,0,0,0,0,0,0,365_25_CALENDAR_DAYS_PER_YEAR,NOT_APPLICABLE_REQUIRES_365_CALENDAR_DAYS_AND_CONTIGUOUS_DAILY_RECORDS,RESET_REPORTING_HIGH_WATER_MARK_TO_GROUP_INITIAL_WEALTH_NOT_PORTFOLIO_STATE,0
cash,MONTH,2022-01,31,2022-01-01,2022-01-31,31,False,0,0,,0,0,0,0,,,0,,-0,,-0,0,0,0,0,0,0,365_25_CALENDAR_DAYS_PER_YEAR,NOT_APPLICABLE_REQUIRES_365_CALENDAR_DAYS_AND_CONTIGUOUS_DAILY_RECORDS,RESET_REPORTING_HIGH_WATER_MARK_TO_GROUP_INITIAL_WEALTH_NOT_PORTFOLIO_STATE,0
cash,MONTH,2022-02,28,2022-02-01,2022-02-28,28,False,0,0,,0,0,0,0,,,0,,-0,,-0,0,0,0,0,0,0,365_25_CALENDAR_DAYS_PER_YEAR,NOT_APPLICABLE_REQUIRES_365_CALENDAR_DAYS_AND_CONTIGUOUS_DAILY_RECORDS,RESET_REPORTING_HIGH_WATER_MARK_TO_GROUP_INITIAL_WEALTH_NOT_PORTFOLIO_STATE,0
cash,MONTH,2022-03,31,2022-03-01,2022-03-31,31,False,0,0,,0,0,0,0,,,0,,-0,,-0,0,0,0,0,0,0,365_25_CALENDAR_DAYS_PER_YEAR,NOT_APPLICABLE_REQUIRES_365_CALENDAR_DAYS_AND_CONTIGUOUS_DAILY_RECORDS,RESET_REPORTING_HIGH_WATER_MARK_TO_GROUP_INITIAL_WEALTH_NOT_PORTFOLIO_STATE,0
cash,MONTH,2022-04,30,2022-04-01,2022-04-30,30,False,0,0,,0,0,0,0,,,0,,-0,,-0,0,0,0,0,0,0,365_25_CALENDAR_DAYS_PER_YEAR,NOT_APPLICABLE_REQUIRES_365_CALENDAR_DAYS_AND_CONTIGUOUS_DAILY_RECORDS,RESET_REPORTING_HIGH_WATER_MARK_TO_GROUP_INITIAL_WEALTH_NOT_PORTFOLIO_STATE,0
cash,MONTH,2022-05,31,2022-05-01,2022-05-31,31,False,0,0,,0,0,0,0,,,0,,-0,,-0,0,0,0,0,0,0,365_25_CALENDAR_DAYS_PER_YEAR,NOT_APPLICABLE_REQUIRES_365_CALENDAR_DAYS_AND_CONTIGUOUS_DAILY_RECORDS,RESET_REPORTING_HIGH_WATER_MARK_TO_GROUP_INITIAL_WEALTH_NOT_PORTFOLIO_STATE,0
cash,MONTH,2022-06,30,2022-06-01,2022-06-30,30,False,0,0,,0,0,0,0,,,0,,-0,,-0,0,0,0,0,0,0,365_25_CALENDAR_DAYS_PER_YEAR,NOT_APPLICABLE_REQUIRES_365_CALENDAR_DAYS_AND_CONTIGUOUS_DAILY_RECORDS,RESET_REPORTING_HIGH_WATER_MARK_TO_GROUP_INITIAL_WEALTH_NOT_PORTFOLIO_STATE,0
cash,MONTH,2022-07,31,2022-07-01,2022-07-31,31,False,0,0,,0,0,0,0,,,0,,-0,,-0,0,0,0,0,0,0,365_25_CALENDAR_DAYS_PER_YEAR,NOT_APPLICABLE_REQUIRES_365_CALENDAR_DAYS_AND_CONTIGUOUS_DAILY_RECORDS,RESET_REPORTING_HIGH_WATER_MARK_TO_GROUP_INITIAL_WEALTH_NOT_PORTFOLIO_STATE,0
cash,MONTH,2022-08,31,2022-08-01,2022-08-31,31,False,0,0,,0,0,0,0,,,0,,-0,,-0,0,0,0,0,0,0,365_25_CALENDAR_DAYS_PER_YEAR,NOT_APPLICABLE_REQUIRES_365_CALENDAR_DAYS_AND_CONTIGUOUS_DAILY_RECORDS,RESET_REPORTING_HIGH_WATER_MARK_TO_GROUP_INITIAL_WEALTH_NOT_PORTFOLIO_STATE,0
cash,MONTH,2022-09,30,2022-09-01,2022-09-30,30,False,0,0,,0,0,0,0,,,0,,-0,,-0,0,0,0,0,0,0,365_25_CALENDAR_DAYS_PER_YEAR,NOT_APPLICABLE_REQUIRES_365_CALENDAR_DAYS_AND_CONTIGUOUS_DAILY_RECORDS,RESET_REPORTING_HIGH_WATER_MARK_TO_GROUP_INITIAL_WEALTH_NOT_PORTFOLIO_STATE,0
cash,MONTH,2022-10,31,2022-10-01,2022-10-31,31,False,0,0,,0,0,0,0,,,0,,-0,,-0,0,0,0,0,0,0,365_25_CALENDAR_DAYS_PER_YEAR,NOT_APPLICABLE_REQUIRES_365_CALENDAR_DAYS_AND_CONTIGUOUS_DAILY_RECORDS,RESET_REPORTING_HIGH_WATER_MARK_TO_GROUP_INITIAL_WEALTH_NOT_PORTFOLIO_STATE,0
cash,MONTH,2022-11,30,2022-11-01,2022-11-30,30,False,0,0,,0,0,0,0,,,0,,-0,,-0,0,0,0,0,0,0,365_25_CALENDAR_DAYS_PER_YEAR,NOT_APPLICABLE_REQUIRES_365_CALENDAR_DAYS_AND_CONTIGUOUS_DAILY_RECORDS,RESET_REPORTING_HIGH_WATER_MARK_TO_GROUP_INITIAL_WEALTH_NOT_PORTFOLIO_STATE,0
cash,MONTH,2022-12,31,2022-12-01,2022-12-31,31,False,0,0,,0,0,0,0,,,0,,-0,,-0,0,0,0,0,0,0,365_25_CALENDAR_DAYS_PER_YEAR,NOT_APPLICABLE_REQUIRES_365_CALENDAR_DAYS_AND_CONTIGUOUS_DAILY_RECORDS,RESET_REPORTING_HIGH_WATER_MARK_TO_GROUP_INITIAL_WEALTH_NOT_PORTFOLIO_STATE,0
cash,MONTH,2023-01,31,2023-01-01,2023-01-31,31,False,0,0,,0,0,0,0,,,0,,-0,,-0,0,0,0,0,0,0,365_25_CALENDAR_DAYS_PER_YEAR,NOT_APPLICABLE_REQUIRES_365_CALENDAR_DAYS_AND_CONTIGUOUS_DAILY_RECORDS,RESET_REPORTING_HIGH_WATER_MARK_TO_GROUP_INITIAL_WEALTH_NOT_PORTFOLIO_STATE,0
cash,MONTH,2023-02,28,2023-02-01,2023-02-28,28,False,0,0,,0,0,0,0,,,0,,-0,,-0,0,0,0,0,0,0,365_25_CALENDAR_DAYS_PER_YEAR,NOT_APPLICABLE_REQUIRES_365_CALENDAR_DAYS_AND_CONTIGUOUS_DAILY_RECORDS,RESET_REPORTING_HIGH_WATER_MARK_TO_GROUP_INITIAL_WEALTH_NOT_PORTFOLIO_STATE,0
cash,MONTH,2023-03,31,2023-03-01,2023-03-31,31,False,0,0,,0,0,0,0,,,0,,-0,,-0,0,0,0,0,0,0,365_25_CALENDAR_DAYS_PER_YEAR,NOT_APPLICABLE_REQUIRES_365_CALENDAR_DAYS_AND_CONTIGUOUS_DAILY_RECORDS,RESET_REPORTING_HIGH_WATER_MARK_TO_GROUP_INITIAL_WEALTH_NOT_PORTFOLIO_STATE,0
cash,MONTH,2023-04,30,2023-04-01,2023-04-30,30,False,0,0,,0,0,0,0,,,0,,-0,,-0,0,0,0,0,0,0,365_25_CALENDAR_DAYS_PER_YEAR,NOT_APPLICABLE_REQUIRES_365_CALENDAR_DAYS_AND_CONTIGUOUS_DAILY_RECORDS,RESET_REPORTING_HIGH_WATER_MARK_TO_GROUP_INITIAL_WEALTH_NOT_PORTFOLIO_STATE,0
cash,MONTH,2023-05,31,2023-05-01,2023-05-31,31,False,0,0,,0,0,0,0,,,0,,-0,,-0,0,0,0,0,0,0,365_25_CALENDAR_DAYS_PER_YEAR,NOT_APPLICABLE_REQUIRES_365_CALENDAR_DAYS_AND_CONTIGUOUS_DAILY_RECORDS,RESET_REPORTING_HIGH_WATER_MARK_TO_GROUP_INITIAL_WEALTH_NOT_PORTFOLIO_STATE,0
cash,MONTH,2023-06,30,2023-06-01,2023-06-30,30,False,0,0,,0,0,0,0,,,0,,-0,,-0,0,0,0,0,0,0,365_25_CALENDAR_DAYS_PER_YEAR,NOT_APPLICABLE_REQUIRES_365_CALENDAR_DAYS_AND_CONTIGUOUS_DAILY_RECORDS,RESET_REPORTING_HIGH_WATER_MARK_TO_GROUP_INITIAL_WEALTH_NOT_PORTFOLIO_STATE,0
cash,MONTH,2023-07,31,2023-07-01,2023-07-31,31,False,0,0,,0,0,0,0,,,0,,-0,,-0,0,0,0,0,0,0,365_25_CALENDAR_DAYS_PER_YEAR,NOT_APPLICABLE_REQUIRES_365_CALENDAR_DAYS_AND_CONTIGUOUS_DAILY_RECORDS,RESET_REPORTING_HIGH_WATER_MARK_TO_GROUP_INITIAL_WEALTH_NOT_PORTFOLIO_STATE,0
cash,MONTH,2023-08,31,2023-08-01,2023-08-31,31,False,0,0,,0,0,0,0,,,0,,-0,,-0,0,0,0,0,0,0,365_25_CALENDAR_DAYS_PER_YEAR,NOT_APPLICABLE_REQUIRES_365_CALENDAR_DAYS_AND_CONTIGUOUS_DAILY_RECORDS,RESET_REPORTING_HIGH_WATER_MARK_TO_GROUP_INITIAL_WEALTH_NOT_PORTFOLIO_STATE,0
cash,MONTH,2023-09,30,2023-09-01,2023-09-30,30,False,0,0,,0,0,0,0,,,0,,-0,,-0,0,0,0,0,0,0,365_25_CALENDAR_DAYS_PER_YEAR,NOT_APPLICABLE_REQUIRES_365_CALENDAR_DAYS_AND_CONTIGUOUS_DAILY_RECORDS,RESET_REPORTING_HIGH_WATER_MARK_TO_GROUP_INITIAL_WEALTH_NOT_PORTFOLIO_STATE,0
cash,MONTH,2023-10,31,2023-10-01,2023-10-31,31,False,0,0,,0,0,0,0,,,0,,-0,,-0,0,0,0,0,0,0,365_25_CALENDAR_DAYS_PER_YEAR,NOT_APPLICABLE_REQUIRES_365_CALENDAR_DAYS_AND_CONTIGUOUS_DAILY_RECORDS,RESET_REPORTING_HIGH_WATER_MARK_TO_GROUP_INITIAL_WEALTH_NOT_PORTFOLIO_STATE,0
cash,MONTH,2023-11,30,2023-11-01,2023-11-30,30,False,0,0,,0,0,0,0,,,0,,-0,,-0,0,0,0,0,0,0,365_25_CALENDAR_DAYS_PER_YEAR,NOT_APPLICABLE_REQUIRES_365_CALENDAR_DAYS_AND_CONTIGUOUS_DAILY_RECORDS,RESET_REPORTING_HIGH_WATER_MARK_TO_GROUP_INITIAL_WEALTH_NOT_PORTFOLIO_STATE,0
cash,MONTH,2023-12,31,2023-12-01,2023-12-31,31,False,0,0,,0,0,0,0,,,0,,-0,,-0,0,0,0,0,0,0,365_25_CALENDAR_DAYS_PER_YEAR,NOT_APPLICABLE_REQUIRES_365_CALENDAR_DAYS_AND_CONTIGUOUS_DAILY_RECORDS,RESET_REPORTING_HIGH_WATER_MARK_TO_GROUP_INITIAL_WEALTH_NOT_PORTFOLIO_STATE,0
cash,MONTH,2024-01,31,2024-01-01,2024-01-31,31,False,0,0,,0,0,0,0,,,0,,-0,,-0,0,0,0,0,0,0,365_25_CALENDAR_DAYS_PER_YEAR,NOT_APPLICABLE_REQUIRES_365_CALENDAR_DAYS_AND_CONTIGUOUS_DAILY_RECORDS,RESET_REPORTING_HIGH_WATER_MARK_TO_GROUP_INITIAL_WEALTH_NOT_PORTFOLIO_STATE,0
cash,MONTH,2024-02,29,2024-02-01,2024-02-29,29,False,0,0,,0,0,0,0,,,0,,-0,,-0,0,0,0,0,0,0,365_25_CALENDAR_DAYS_PER_YEAR,NOT_APPLICABLE_REQUIRES_365_CALENDAR_DAYS_AND_CONTIGUOUS_DAILY_RECORDS,RESET_REPORTING_HIGH_WATER_MARK_TO_GROUP_INITIAL_WEALTH_NOT_PORTFOLIO_STATE,0
cash,MONTH,2024-03,31,2024-03-01,2024-03-31,31,False,0,0,,0,0,0,0,,,0,,-0,,-0,0,0,0,0,0,0,365_25_CALENDAR_DAYS_PER_YEAR,NOT_APPLICABLE_REQUIRES_365_CALENDAR_DAYS_AND_CONTIGUOUS_DAILY_RECORDS,RESET_REPORTING_HIGH_WATER_MARK_TO_GROUP_INITIAL_WEALTH_NOT_PORTFOLIO_STATE,0
cash,MONTH,2024-04,30,2024-04-01,2024-04-30,30,False,0,0,,0,0,0,0,,,0,,-0,,-0,0,0,0,0,0,0,365_25_CALENDAR_DAYS_PER_YEAR,NOT_APPLICABLE_REQUIRES_365_CALENDAR_DAYS_AND_CONTIGUOUS_DAILY_RECORDS,RESET_REPORTING_HIGH_WATER_MARK_TO_GROUP_INITIAL_WEALTH_NOT_PORTFOLIO_STATE,0
cash,MONTH,2024-05,31,2024-05-01,2024-05-31,31,False,0,0,,0,0,0,0,,,0,,-0,,-0,0,0,0,0,0,0,365_25_CALENDAR_DAYS_PER_YEAR,NOT_APPLICABLE_REQUIRES_365_CALENDAR_DAYS_AND_CONTIGUOUS_DAILY_RECORDS,RESET_REPORTING_HIGH_WATER_MARK_TO_GROUP_INITIAL_WEALTH_NOT_PORTFOLIO_STATE,0
cash,MONTH,2024-06,30,2024-06-01,2024-06-30,30,False,0,0,,0,0,0,0,,,0,,-0,,-0,0,0,0,0,0,0,365_25_CALENDAR_DAYS_PER_YEAR,NOT_APPLICABLE_REQUIRES_365_CALENDAR_DAYS_AND_CONTIGUOUS_DAILY_RECORDS,RESET_REPORTING_HIGH_WATER_MARK_TO_GROUP_INITIAL_WEALTH_NOT_PORTFOLIO_STATE,0
cash,MONTH,2024-07,31,2024-07-01,2024-07-31,31,False,0,0,,0,0,0,0,,,0,,-0,,-0,0,0,0,0,0,0,365_25_CALENDAR_DAYS_PER_YEAR,NOT_APPLICABLE_REQUIRES_365_CALENDAR_DAYS_AND_CONTIGUOUS_DAILY_RECORDS,RESET_REPORTING_HIGH_WATER_MARK_TO_GROUP_INITIAL_WEALTH_NOT_PORTFOLIO_STATE,0
cash,MONTH,2024-08,31,2024-08-01,2024-08-31,31,False,0,0,,0,0,0,0,,,0,,-0,,-0,0,0,0,0,0,0,365_25_CALENDAR_DAYS_PER_YEAR,NOT_APPLICABLE_REQUIRES_365_CALENDAR_DAYS_AND_CONTIGUOUS_DAILY_RECORDS,RESET_REPORTING_HIGH_WATER_MARK_TO_GROUP_INITIAL_WEALTH_NOT_PORTFOLIO_STATE,0
cash,MONTH,2024-09,30,2024-09-01,2024-09-30,30,False,0,0,,0,0,0,0,,,0,,-0,,-0,0,0,0,0,0,0,365_25_CALENDAR_DAYS_PER_YEAR,NOT_APPLICABLE_REQUIRES_365_CALENDAR_DAYS_AND_CONTIGUOUS_DAILY_RECORDS,RESET_REPORTING_HIGH_WATER_MARK_TO_GROUP_INITIAL_WEALTH_NOT_PORTFOLIO_STATE,0
cash,MONTH,2024-10,31,2024-10-01,2024-10-31,31,False,0,0,,0,0,0,0,,,0,,-0,,-0,0,0,0,0,0,0,365_25_CALENDAR_DAYS_PER_YEAR,NOT_APPLICABLE_REQUIRES_365_CALENDAR_DAYS_AND_CONTIGUOUS_DAILY_RECORDS,RESET_REPORTING_HIGH_WATER_MARK_TO_GROUP_INITIAL_WEALTH_NOT_PORTFOLIO_STATE,0
cash,MONTH,2024-11,30,2024-11-01,2024-11-30,30,False,0,0,,0,0,0,0,,,0,,-0,,-0,0,0,0,0,0,0,365_25_CALENDAR_DAYS_PER_YEAR,NOT_APPLICABLE_REQUIRES_365_CALENDAR_DAYS_AND_CONTIGUOUS_DAILY_RECORDS,RESET_REPORTING_HIGH_WATER_MARK_TO_GROUP_INITIAL_WEALTH_NOT_PORTFOLIO_STATE,0
cash,MONTH,2024-12,31,2024-12-01,2024-12-31,31,False,0,0,,0,0,0,0,,,0,,-0,,-0,0,0,0,0,0,0,365_25_CALENDAR_DAYS_PER_YEAR,NOT_APPLICABLE_REQUIRES_365_CALENDAR_DAYS_AND_CONTIGUOUS_DAILY_RECORDS,RESET_REPORTING_HIGH_WATER_MARK_TO_GROUP_INITIAL_WEALTH_NOT_PORTFOLIO_STATE,0
cash,MONTH,2025-01,31,2025-01-01,2025-01-31,31,False,0,0,,0,0,0,0,,,0,,-0,,-0,0,0,0,0,0,0,365_25_CALENDAR_DAYS_PER_YEAR,NOT_APPLICABLE_REQUIRES_365_CALENDAR_DAYS_AND_CONTIGUOUS_DAILY_RECORDS,RESET_REPORTING_HIGH_WATER_MARK_TO_GROUP_INITIAL_WEALTH_NOT_PORTFOLIO_STATE,0
cash,MONTH,2025-02,28,2025-02-01,2025-02-28,28,False,0,0,,0,0,0,0,,,0,,-0,,-0,0,0,0,0,0,0,365_25_CALENDAR_DAYS_PER_YEAR,NOT_APPLICABLE_REQUIRES_365_CALENDAR_DAYS_AND_CONTIGUOUS_DAILY_RECORDS,RESET_REPORTING_HIGH_WATER_MARK_TO_GROUP_INITIAL_WEALTH_NOT_PORTFOLIO_STATE,0
cash,MONTH,2025-03,31,2025-03-01,2025-03-31,31,False,0,0,,0,0,0,0,,,0,,-0,,-0,0,0,0,0,0,0,365_25_CALENDAR_DAYS_PER_YEAR,NOT_APPLICABLE_REQUIRES_365_CALENDAR_DAYS_AND_CONTIGUOUS_DAILY_RECORDS,RESET_REPORTING_HIGH_WATER_MARK_TO_GROUP_INITIAL_WEALTH_NOT_PORTFOLIO_STATE,0
cash,MONTH,2025-04,30,2025-04-01,2025-04-30,30,False,0,0,,0,0,0,0,,,0,,-0,,-0,0,0,0,0,0,0,365_25_CALENDAR_DAYS_PER_YEAR,NOT_APPLICABLE_REQUIRES_365_CALENDAR_DAYS_AND_CONTIGUOUS_DAILY_RECORDS,RESET_REPORTING_HIGH_WATER_MARK_TO_GROUP_INITIAL_WEALTH_NOT_PORTFOLIO_STATE,0
cash,MONTH,2025-05,28,2025-05-01,2025-05-28,28,False,0,0,,0,0,0,0,,,0,,-0,,-0,0,0,0,0,0,0,365_25_CALENDAR_DAYS_PER_YEAR,NOT_APPLICABLE_REQUIRES_365_CALENDAR_DAYS_AND_CONTIGUOUS_DAILY_RECORDS,RESET_REPORTING_HIGH_WATER_MARK_TO_GROUP_INITIAL_WEALTH_NOT_PORTFOLIO_STATE,0
fixed_memory,FULL,FULL,1608,2021-01-02,2025-05-28,1608,False,1.1677890039035856,0.77370775591851648,,4.8116153975032114,0.0005831173316088495,0.014282333361090957,0.27295702617479073,0.19213313446511079,0.78028255346592934,0.0096351340711007399,1.1566269303786176,0.44959379770199348,0.42734827625994826,0.032524434976977233,15.405861682046883,0.0095807597525167185,1608,0.015405861682046882,9.5807597525167176e-06,0.44732587064676621,365_25_CALENDAR_DAYS_PER_YEAR,REPORTED,RESET_REPORTING_HIGH_WATER_MARK_TO_GROUP_INITIAL_WEALTH_NOT_PORTFOLIO_STATE,0.020191683215608179
fixed_memory,REGIME,FULL:BEAR,503,2021-05-14,2025-04-11,1429,True,,0.025579582308150564,0.025579582308150564,0.50854040374056786,0.00015637774211601089,0.014533707953178231,,,,0.010224387426376292,,,,0.034625569139254797,5.1448424728506659,0.010228315055369117,503,0.0051448424728506659,1.0228315055369117e-05,0.39870775347912535,NOT_APPLICABLE_CONDITIONAL_SELECTION,NOT_APPLICABLE_CONDITIONAL_SELECTION,NOT_APPLICABLE_CONDITIONAL_SELECTION,0.0062506770679426026
fixed_memory,REGIME,FULL:BULL,531,2021-01-02,2025-05-28,1608,True,,0.87374667486060353,0.87374667486060353,16.454739639559389,0.0017592841631784125,0.015058849076680477,,,,0.0090662442984603599,,,,0.030200369673396538,5.7297880768226328,0.010790561349948461,531,0.0057297880768226329,1.0790561349948462e-05,0.48022598870056499,NOT_APPLICABLE_CONDITIONAL_SELECTION,NOT_APPLICABLE_CONDITIONAL_SELECTION,NOT_APPLICABLE_CONDITIONAL_SELECTION,0.0078950661132593906
fixed_memory,REGIME,FULL:MIX,574,2021-04-11,2025-05-05,1486,True,,-0.12561850125023757,-0.12561850125023757,-2.1884756315372398,-0.00013098471377188229,0.013241004577435591,,,,0.0096136901119777147,,,,0.032695404779863046,4.5312311323735841,0.0078941308926369063,574,0.0045312311323735836,7.8941308926369046e-06,0.45949477351916379,NOT_APPLICABLE_CONDITIONAL_SELECTION,NOT_APPLICABLE_CONDITIONAL_SELECTION,NOT_APPLICABLE_CONDITIONAL_SELECTION,0.0060459400344061859
fixed_memory,POST2021,POST2021,1244,2022-01-01,2025-05-28,1244,False,0.68624681620102201,0.52250524044376712,,4.2002028974579346,0.0004983234209823725,0.012519096413490074,0.23925889706027126,0.16580567069854657,0.76073505207190306,0.0084122656662689779,1.132122526776252,0.36253333512241231,0.45735289595523937,0.028572428482208246,11.094296837936238,0.0089182450465725375,1244,0.011094296837936238,8.9182450465725381e-06,0.44457395498392288,365_25_CALENDAR_DAYS_PER_YEAR,REPORTED,RESET_REPORTING_HIGH_WATER_MARK_TO_GROUP_INITIAL_WEALTH_NOT_PORTFOLIO_STATE,0.014784063828293788
fixed_memory,REGIME,POST2021:BEAR,380,2022-01-01,2025-04-11,1197,True,,-0.013098679144905173,-0.013098679144905173,-0.3447020827606625,5.6122916630717058e-05,0.013479307905421947,,,,0.0094341117099540003,,,,0.032657962723834748,3.904167711433328,0.010274125556403495,380,0.0039041677114333281,1.0274125556403496e-05,0.3976315789473685,NOT_APPLICABLE_CONDITIONAL_SELECTION,NOT_APPLICABLE_CONDITIONAL_SELECTION,NOT_APPLICABLE_CONDITIONAL_SELECTION,0.00478296173683269
fixed_memory,REGIME,POST2021:BULL,388,2023-01-16,2025-05-28,864,True,,0.52769289476661529,0.52769289476661529,13.600332339345755,0.0014384823596494043,0.012499211157543849,,,,0.0075597494269824374,,,,0.025247012167000024,3.5079412013156386,0.0090410855704011299,388,0.0035079412013156392,9.0410855704011325e-06,0.47757731958762895,NOT_APPLICABLE_CONDITIONAL_SELECTION,NOT_APPLICABLE_CONDITIONAL_SELECTION,NOT_APPLICABLE_CONDITIONAL_SELECTION,0.0050780500780879057
fixed_memory,REGIME,POST2021:MIX,476,2022-03-25,2025-05-05,1138,True,,0.0079110248220569529,0.0079110248220569529,0.16619800046338137,8.4992587895861457e-05,0.011697211244014486,,,,0.0082040811116593573,,,,0.027543160915328838,3.6821879251872698,0.0077356889184606505,476,0.0036821879251872705,7.7356889184606522e-06,0.45514705882352946,NOT_APPLICABLE_CONDITIONAL_SELECTION,NOT_APPLICABLE_CONDITIONAL_SELECTION,NOT_APPLICABLE_CONDITIONAL_SELECTION,0.0049230520133731904
fixed_memory,YEAR,2021,364,2021-01-02,2021-12-31,364,False,0.28557040587180443,0.25120251547474948,,6.9011680075480628,0.00087290750968395229,0.019137881065451837,0.36575389824912669,,0.87170490714742455,0.012971525282628233,1.2860927665538187,0.27411416796461607,,0.041553120586790185,4.3115648441106451,0.011844958362941332,364,0.0043115648441106455,1.1844958362941334e-05,0.45673076923076933,365_25_CALENDAR_DAYS_PER_YEAR,NOT_APPLICABLE_REQUIRES_365_CALENDAR_DAYS_AND_CONTIGUOUS_DAILY_RECORDS,RESET_REPORTING_HIGH_WATER_MARK_TO_GROUP_INITIAL_WEALTH_NOT_PORTFOLIO_STATE,0.0054076193873143939
fixed_memory,YEAR_REGIME,2021:BEAR,123,2021-05-14,2021-12-31,232,True,,0.038678261453055647,0.038678261453055647,3.1445741018744426,0.00046610809727382996,0.017452512046336834,,,,0.012350480452066577,,,,0.039083445590406302,1.2406747614173377,0.010086786678189737,123,0.0012406747614173378,1.0086786678189738e-05,0.40203252032520326,NOT_APPLICABLE_CONDITIONAL_SELECTION,NOT_APPLICABLE_CONDITIONAL_SELECTION,NOT_APPLICABLE_CONDITIONAL_SELECTION,0.0014677153311099132
fixed_memory,YEAR_REGIME,2021:BULL,143,2021-01-02,2021-11-17,320,True,,0.34605378009398835,0.34605378009398835,24.199565041537646,0.0026297114342920848,0.02048327109238951,,,,0.012253832388398377,,,,0.037597200163889441,2.2218468755069933,0.015537390737811142,143,0.0022218468755069933,1.5537390737811143e-05,0.48741258741258753,NOT_APPLICABLE_CONDITIONAL_SELECTION,NOT_APPLICABLE_CONDITIONAL_SELECTION,NOT_APPLICABLE_CONDITIONAL_SELECTION,0.002817016035171485
fixed_memory,YEAR_REGIME,2021:MIX,98,2021-04-11,2021-12-04,238,True,,-0.13352952607229446,-0.13352952607229446,-13.625461844111678,-0.0011800173218723519,0.019087147294669905,,,,0.014642932698976775,,,,0.049680266155044728,0.84904320718631388,0.0086637061957787129,98,0.00084904320718631385,8.6637061957787124e-06,0.48061224489795917,NOT_APPLICABLE_CONDITIONAL_SELECTION,NOT_APPLICABLE_CONDITIONAL_SELECTION,NOT_APPLICABLE_CONDITIONAL_SELECTION,0.0011228880210329957
fixed_memory,YEAR,2022,365,2022-01-01,2022-12-31,365,False,-0.33308735657486155,-0.40509621102135474,,-11.098526329352184,-0.0010089593007875724,0.014143166560903449,0.27029733780587695,-0.33327237459414338,-1.3633962790907228,0.01086385606744425,-1.7749444160513821,0.36253333512241231,-0.91928753112210015,0.037713646496965264,3.6353331783228686,0.0099598169269119689,365,0.0036353331783228688,9.9598169269119687e-06,0.4123287671232877,365_25_CALENDAR_DAYS_PER_YEAR,REPORTED,RESET_REPORTING_HIGH_WATER_MARK_TO_GROUP_INITIAL_WEALTH_NOT_PORTFOLIO_STATE,0.0037753329961917317
fixed_memory,YEAR_REGIME,2022:BEAR,321,2022-01-01,2022-12-31,365,True,,-0.20205874943179503,-0.20205874943179503,-6.2946650913331785,-0.0005359063770647973,0.013678214200655009,,,,0.009971259906595021,,,,0.034456233727729546,2.9477186825973467,0.0091829242448515473,321,0.0029477186825973469,9.1829242448515485e-06,0.40280373831775707,NOT_APPLICABLE_CONDITIONAL_SELECTION,NOT_APPLICABLE_CONDITIONAL_SELECTION,NOT_APPLICABLE_CONDITIONAL_SELECTION,0.0030430652444915149
fixed_memory,YEAR_REGIME,2022:MIX,44,2022-03-25,2022-12-17,268,True,,-0.20303746158955996,-0.20303746158955996,-46.144877633990902,-0.0044600954034014545,0.01694367709866363,,,,0.015927945577934248,,,,0.05801409605715456,0.68761449572552191,0.015627602175580044,44,0.00068761449572552185,1.5627602175580041e-05,0.4818181818181817,NOT_APPLICABLE_CONDITIONAL_SELECTION,NOT_APPLICABLE_CONDITIONAL_SELECTION,NOT_APPLICABLE_CONDITIONAL_SELECTION,0.00073226775170021736
fixed_memory,YEAR,2023,365,2023-01-01,2023-12-31,365,False,0.61317663652509047,0.47820530122257188,,13.101515101988271,0.0013731699839170774,0.01120916573373088,0.21422413741684559,0.6137050995178297,2.3412410136107886,0.0063540232091054546,4.1301955753897932,0.096118760850035734,6.3848627894332823,0.021902959774407173,3.5070328933962451,0.0096083092969760139,365,0.0035070328933962452,9.6083092969760147e-06,0.48027397260273974,365_25_CALENDAR_DAYS_PER_YEAR,REPORTED,RESET_REPORTING_HIGH_WATER_MARK_TO_GROUP_INITIAL_WEALTH_NOT_PORTFOLIO_STATE,0.0038919072490587207
fixed_memory,YEAR_REGIME,2023:BEAR,1,2023-01-01,2023-01-01,1,True,,0.001956268381658069,0.001956268381658069,19.562683816580691,0.0019581831230277001,,,,,0,,,,-0.0019581831230277001,0.0010104178227281491,0.0010104178227281491,1,1.0104178227281491e-06,1.0104178227281491e-06,0.40000000000000002,NOT_APPLICABLE_CONDITIONAL_SELECTION,NOT_APPLICABLE_CONDITIONAL_SELECTION,NOT_APPLICABLE_CONDITIONAL_SELECTION,8.6629501507954422e-07
fixed_memory,YEAR_REGIME,2023:BULL,180,2023-01-16,2023-12-31,350,True,,0.16906919065459405,0.16906919065459405,9.3927328141441144,0.0010016602236041883,0.011190127733582302,,,,0.0068605418853446018,,,,0.022656534227654273,1.9329736600833582,0.010738742556018657,180,0.0019329736600833584,1.0738742556018657e-05,0.4941666666666667,NOT_APPLICABLE_CONDITIONAL_SELECTION,NOT_APPLICABLE_CONDITIONAL_SELECTION,NOT_APPLICABLE_CONDITIONAL_SELECTION,0.0022029907098109125
fixed_memory,YEAR_REGIME,2023:MIX,184,2023-01-02,2023-10-21,293,True,,0.30717984218631988,0.30717984218631988,16.694556640560865,0.0017334240258584329,0.011276859831618885,,,,0.0058348194436099827,,,,0.020573622276620289,1.573048815490159,0.0085491783450552111,184,0.001573048815490159,8.5491783450552112e-06,0.4671195652173914,NOT_APPLICABLE_CONDITIONAL_SELECTION,NOT_APPLICABLE_CONDITIONAL_SELECTION,NOT_APPLICABLE_CONDITIONAL_SELECTION,0.0016880502442327288
fixed_memory,YEAR,2024,366,2024-01-01,2024-12-31,366,False,0.48467744279678027,0.39519753842324423,,10.79774695145476,0.0011606031658366743,0.01271482748018242,0.24299961424867619,0.48347559166074161,1.7444896265885932,0.0078972346872473644,2.8086900695581467,0.12314682519492569,3.9260093867256547,0.025902676273512944,2.7200028928188669,0.0074317018929477233,366,0.0027200028928188675,7.4317018929477257e-06,0.4527322404371586,365_25_CALENDAR_DAYS_PER_YEAR,REPORTED,RESET_REPORTING_HIGH_WATER_MARK_TO_GROUP_INITIAL_WEALTH_NOT_PORTFOLIO_STATE,0.0046344387452478125
fixed_memory,YEAR_REGIME,2024:BEAR,21,2024-07-05,2024-09-02,60,True,,0.1177640915270951,0.1177640915270951,56.07813882242624,0.0056954137586064388,0.012394998876946995,,,,0.0042158339981045569,,,,0.016102799501383172,0.42188628280851576,0.020089822990881703,21,0.00042188628280851576,2.0089822990881702e-05,0.39047619047619053,NOT_APPLICABLE_CONDITIONAL_SELECTION,NOT_APPLICABLE_CONDITIONAL_SELECTION,NOT_APPLICABLE_CONDITIONAL_SELECTION,0.00069335479601797699
fixed_memory,YEAR_REGIME,2024:BULL,153,2024-01-01,2024-12-31,366,True,,0.28571246167936215,0.28571246167936215,18.674017103226284,0.0019764808373939576,0.014737277858726704,,,,0.0088176515197521121,,,,0.029957388794130135,1.2329009841334226,0.0080581763668851145,153,0.0012329009841334226,8.0581763668851158e-06,0.46928104575163404,NOT_APPLICABLE_CONDITIONAL_SELECTION,NOT_APPLICABLE_CONDITIONAL_SELECTION,NOT_APPLICABLE_CONDITIONAL_SELECTION,0.002155664149377904
fixed_memory,YEAR_REGIME,2024:MIX,192,2024-01-15,2024-11-05,296,True,,-0.0082790147832129748,-0.0082790147832129748,-0.43119868662567573,1.4455737730271228e-05,0.010765777590989879,,,,0.0074151216142424332,,,,0.023330675594630441,1.0652156258769288,0.0055479980514423375,192,0.0010652156258769286,5.5479980514423366e-06,0.44635416666666677,NOT_APPLICABLE_CONDITIONAL_SELECTION,NOT_APPLICABLE_CONDITIONAL_SELECTION,NOT_APPLICABLE_CONDITIONAL_SELECTION,0.001785419799851932
fixed_memory,YEAR,2025,148,2025-01-01,2025-05-28,148,False,0.05569425469120981,0.054198611819305659,,3.6620683661693012,0.00042024782205121096,0.010429111435988958,0.19931611811892355,,0.77011090950818373,0.0070673405044587179,1.1364349132838036,0.13382429806884696,,0.02313461370196385,1.2319278733982566,0.0083238369824206529,148,0.0012319278733982563,8.3238369824206505e-06,0.41587837837837843,365_25_CALENDAR_DAYS_PER_YEAR,NOT_APPLICABLE_REQUIRES_365_CALENDAR_DAYS_AND_CONTIGUOUS_DAILY_RECORDS,RESET_REPORTING_HIGH_WATER_MARK_TO_GROUP_INITIAL_WEALTH_NOT_PORTFOLIO_STATE,0.0024823848377955211
fixed_memory,YEAR_REGIME,2025:BEAR,37,2025-02-27,2025-04-11,44,True,,0.069239710378136685,0.069239710378136685,18.713435237334238,0.0019402914406407943,0.011788885104928584,,,,0.0064345858155719872,,,,0.019083567827096633,0.53355232820473764,0.01442033319472264,37,0.00053355232820473744,1.4420333194722634e-05,0.35675675675675672,NOT_APPLICABLE_CONDITIONAL_SELECTION,NOT_APPLICABLE_CONDITIONAL_SELECTION,NOT_APPLICABLE_CONDITIONAL_SELECTION,0.0010456754013081187
fixed_memory,YEAR_REGIME,2025:BULL,55,2025-01-01,2025-05-28,148,True,,0.072911242432659035,0.072911242432659035,13.256589533210732,0.0013714681304352635,0.0095796543066351617,,,,0.0057305573999517989,,,,0.018724866152589732,0.34206655709885808,0.0062193919472519647,55,0.00034206655709885812,6.2193919472519659e-06,0.4463636363636363,NOT_APPLICABLE_CONDITIONAL_SELECTION,NOT_APPLICABLE_CONDITIONAL_SELECTION,NOT_APPLICABLE_CONDITIONAL_SELECTION,0.00071939521889908978
fixed_memory,YEAR_REGIME,2025:MIX,56,2025-01-10,2025-05-05,116,True,,-0.087952340991490033,-0.087952340991490033,-15.705775177051791,-0.0015183009431083874,0.010166062374091449,,,,0.0085084996580521727,,,,0.027387190603294698,0.35630898809466066,0.006362660501690369,56,0.00035630898809466062,6.3626605016903681e-06,0.42499999999999993,NOT_APPLICABLE_CONDITIONAL_SELECTION,NOT_APPLICABLE_CONDITIONAL_SELECTION,NOT_APPLICABLE_CONDITIONAL_SELECTION,0.00071731421758831231
fixed_memory,MONTH,2021-01,30,2021-01-02,2021-01-31,30,False,0.054680006040882988,0.05323740911010983,,17.745803036703276,0.0021188428937800939,0.026601248556076543,0.50839015690419842,,1.5222705562708507,0.017417791292933374,2.3248813099159631,0.12817436724554626,,0.055104155928685908,0.75372791509143555,0.025124263836381184,30,0.0007537279150914355,2.5124263836381184e-05,0.47833333333333317,365_25_CALENDAR_DAYS_PER_YEAR,NOT_APPLICABLE_REQUIRES_365_CALENDAR_DAYS_AND_CONTIGUOUS_DAILY_RECORDS,RESET_REPORTING_HIGH_WATER_MARK_TO_GROUP_INITIAL_WEALTH_NOT_PORTFOLIO_STATE,0.00078134487380568537
fixed_memory,MONTH,2021-02,28,2021-02-01,2021-02-28,28,False,0.16113175551992606,0.14939518079016109,,53.355421710771815,0.0056593411028590156,0.025580795630128588,0.48888775565252779,,4.2281164007887488,0.012744240295561109,8.4868598708582184,0.11129940232640975,,0.042599340832591703,0.31141978487640037,0.011122135174157156,28,0.00031141978487640037,1.1122135174157156e-05,0.48214285714285715,365_25_CALENDAR_DAYS_PER_YEAR,NOT_APPLICABLE_REQUIRES_365_CALENDAR_DAYS_AND_CONTIGUOUS_DAILY_RECORDS,RESET_REPORTING_HIGH_WATER_MARK_TO_GROUP_INITIAL_WEALTH_NOT_PORTFOLIO_STATE,0.00038383633322876883
fixed_memory,MONTH,2021-03,31,2021-03-01,2021-03-31,31,False,0.14641080700398704,0.13663602439247496,,44.076136900798375,0.0045806906218043286,0.018441373445052665,0.35244258251621091,,4.7471484225010618,0.009900362470104021,8.8424981532534659,0.082903460674266891,,0.028109270374793365,0.23017818289164588,0.0074251026739240609,31,0.00023017818289164591,7.4251026739240614e-06,0.5,365_25_CALENDAR_DAYS_PER_YEAR,NOT_APPLICABLE_REQUIRES_365_CALENDAR_DAYS_AND_CONTIGUOUS_DAILY_RECORDS,RESET_REPORTING_HIGH_WATER_MARK_TO_GROUP_INITIAL_WEALTH_NOT_PORTFOLIO_STATE,0.00030972359847699347
fixed_memory,MONTH,2021-04,30,2021-04-01,2021-04-30,30,False,-0.0052598245802759755,-0.0052737061554128731,,-1.7579020518042909,-2.9329084141916741e-05,0.017510217399246748,0.33464677991575642,,-0.032011208909680317,0.010273275790831499,-0.05456129462828712,0.11724652076319662,,0.027023155613486533,0.39217659253538489,0.01307255308451283,30,0.0003921765925353849,1.307255308451283e-05,0.49333333333333335,365_25_CALENDAR_DAYS_PER_YEAR,NOT_APPLICABLE_REQUIRES_365_CALENDAR_DAYS_AND_CONTIGUOUS_DAILY_RECORDS,RESET_REPORTING_HIGH_WATER_MARK_TO_GROUP_INITIAL_WEALTH_NOT_PORTFOLIO_STATE,0.00054519074575044445
fixed_memory,MONTH,2021-05,31,2021-05-01,2021-05-31,31,False,-0.17622754996346021,-0.19386094007816693,,-62.53578712198933,-0.0059669958824534958,0.023299469140089141,0.44528815055219034,,-4.8944604597348151,0.020673292573931176,-5.5162151859050779,0.20453649074036087,,0.064687211506818942,0.44669990005660587,0.014409674195374382,31,0.00044669990005660591,1.4409674195374384e-05,0.41290322580645172,365_25_CALENDAR_DAYS_PER_YEAR,NOT_APPLICABLE_REQUIRES_365_CALENDAR_DAYS_AND_CONTIGUOUS_DAILY_RECORDS,RESET_REPORTING_HIGH_WATER_MARK_TO_GROUP_INITIAL_WEALTH_NOT_PORTFOLIO_STATE,0.00055033069129545645
fixed_memory,MONTH,2021-06,30,2021-06-01,2021-06-30,30,False,-0.022420472956237676,-0.022675632842438734,,-7.5585442808129111,-0.00057165782996663008,0.019474955085415718,0.37219589338843456,,-0.56098959205174204,0.014105021045447171,-0.77456439613890715,0.097053248255337565,,0.044718592491829162,0.41261366519058362,0.01375378883968612,30,0.00041261366519058365,1.3753788839686121e-05,0.3683333333333334,365_25_CALENDAR_DAYS_PER_YEAR,NOT_APPLICABLE_REQUIRES_365_CALENDAR_DAYS_AND_CONTIGUOUS_DAILY_RECORDS,RESET_REPORTING_HIGH_WATER_MARK_TO_GROUP_INITIAL_WEALTH_NOT_PORTFOLIO_STATE,0.00046944049818157776
fixed_memory,MONTH,2021-07,31,2021-07-01,2021-07-31,31,False,0.074506717764170505,0.071861689071736512,,23.181190023140811,0.0023991603528869454,0.012758349520647151,0.24383138637147758,,3.5938495528911201,0.0070000082703258306,6.5502192211370254,0.064593456704160002,,0.01778853119461369,0.19108407528761001,0.0061640024286325808,31,0.00019108407528761002,6.1640024286325817e-06,0.40000000000000013,365_25_CALENDAR_DAYS_PER_YEAR,NOT_APPLICABLE_REQUIRES_365_CALENDAR_DAYS_AND_CONTIGUOUS_DAILY_RECORDS,RESET_REPORTING_HIGH_WATER_MARK_TO_GROUP_INITIAL_WEALTH_NOT_PORTFOLIO_STATE,0.00021398786930970436
fixed_memory,MONTH,2021-08,31,2021-08-01,2021-08-31,31,False,0.060193348649214669,0.058451295876369998,,18.855256734312903,0.001996618169946794,0.015076263539144485,0.28813023456539505,,2.5310248598973391,0.0082964633034053221,4.599357149723815,0.033506805157894545,,0.020781225475239432,0.30510128228779881,0.0098419768479935093,31,0.00030510128228779877,9.841976847993509e-06,0.45645161290322583,365_25_CALENDAR_DAYS_PER_YEAR,NOT_APPLICABLE_REQUIRES_365_CALENDAR_DAYS_AND_CONTIGUOUS_DAILY_RECORDS,RESET_REPORTING_HIGH_WATER_MARK_TO_GROUP_INITIAL_WEALTH_NOT_PORTFOLIO_STATE,0.00038285620301970678
fixed_memory,MONTH,2021-09,30,2021-09-01,2021-09-30,30,False,-0.026979290462323315,-0.027349912811253548,,-9.1166376037511831,-0.00074139908156601697,0.018622867240062423,0.35591120387537906,,-0.76085273965358458,0.014852555507103444,-0.95399472185307332,0.11181589344348758,,0.051165245958094824,0.20117418009703464,0.0067058060032344881,30,0.00020117418009703463,6.7058060032344876e-06,0.4616666666666665,365_25_CALENDAR_DAYS_PER_YEAR,NOT_APPLICABLE_REQUIRES_365_CALENDAR_DAYS_AND_CONTIGUOUS_DAILY_RECORDS,RESET_REPORTING_HIGH_WATER_MARK_TO_GROUP_INITIAL_WEALTH_NOT_PORTFOLIO_STATE,0.0002539797309410104
fixed_memory,MONTH,2021-10,31,2021-10-01,2021-10-31,31,False,0.17189570703256832,0.15862270002165091,,51.168612910209966,0.0052637300643662635,0.01669113383047361,0.31899285212479545,,6.0270234684055941,0.0082612326808273115,12.177099858720933,0.057930907311358068,,0.026187538730148317,0.3403173980450046,0.010977980582096923,31,0.00034031739804500459,1.0977980582096922e-05,0.48709677419354835,365_25_CALENDAR_DAYS_PER_YEAR,NOT_APPLICABLE_REQUIRES_365_CALENDAR_DAYS_AND_CONTIGUOUS_DAILY_RECORDS,RESET_REPORTING_HIGH_WATER_MARK_TO_GROUP_INITIAL_WEALTH_NOT_PORTFOLIO_STATE,0.00047768578053401545
fixed_memory,MONTH,2021-11,30,2021-11-01,2021-11-30,30,False,-0.030694249102319774,-0.031175184459103382,,-10.391728153034462,-0.0009130953974664835,0.016069030010082436,0.30710350572089806,,-1.0859794424741347,0.012246997800799625,-1.4248909435020951,0.10153738828330633,,0.038861265164774159,0.537583911273399,0.017919463709113299,30,0.00053758391127339898,1.7919463709113299e-05,0.48666666666666664,365_25_CALENDAR_DAYS_PER_YEAR,NOT_APPLICABLE_REQUIRES_365_CALENDAR_DAYS_AND_CONTIGUOUS_DAILY_RECORDS,RESET_REPORTING_HIGH_WATER_MARK_TO_GROUP_INITIAL_WEALTH_NOT_PORTFOLIO_STATE,0.00078927482367959249
fixed_memory,MONTH,2021-12,31,2021-12-01,2021-12-31,31,False,-0.092141189432703996,-0.096666407441378291,,-31.182712077863965,-0.0030030117902368099,0.015030698863186668,0.28725942458402703,,-3.8183257450031971,0.013062484896704895,-4.3936590081090552,0.096140341566888651,,0.037461086844389729,0.18948795647774214,0.0061125147250884557,31,0.00018948795647774215,6.1125147250884568e-06,0.45645161290322567,365_25_CALENDAR_DAYS_PER_YEAR,NOT_APPLICABLE_REQUIRES_365_CALENDAR_DAYS_AND_CONTIGUOUS_DAILY_RECORDS,RESET_REPORTING_HIGH_WATER_MARK_TO_GROUP_INITIAL_WEALTH_NOT_PORTFOLIO_STATE,0.00024996823909143848
fixed_memory,MONTH,2022-01,31,2022-01-01,2022-01-31,31,False,-0.076225804217901968,-0.079287614064544432,,-25.576649698240139,-0.0024787294114835389,0.012410036441691216,0.23717459578930239,,-3.8172550248537118,0.011210039591450647,-4.2258792735925752,0.12723327021192304,,0.038640878987419608,0.14893017360647864,0.0048041991485960854,31,0.00014893017360647864,4.8041991485960854e-06,0.44999999999999984,365_25_CALENDAR_DAYS_PER_YEAR,NOT_APPLICABLE_REQUIRES_365_CALENDAR_DAYS_AND_CONTIGUOUS_DAILY_RECORDS,RESET_REPORTING_HIGH_WATER_MARK_TO_GROUP_INITIAL_WEALTH_NOT_PORTFOLIO_STATE,0.00018085647257446165
fixed_memory,MONTH,2022-02,28,2022-02-01,2022-02-28,28,False,0.059756093482595481,0.058038781158679303,,20.728136128099752,0.0022706836647786964,0.020340854120573862,0.38874453566059153,,2.1334504603417241,0.010285716091415872,4.2190747053089712,0.078840441091806199,,0.030442947547441122,0.17658593740111178,0.0063066406214682775,28,0.0001765859374011118,6.3066406214682785e-06,0.4499999999999999,365_25_CALENDAR_DAYS_PER_YEAR,NOT_APPLICABLE_REQUIRES_365_CALENDAR_DAYS_AND_CONTIGUOUS_DAILY_RECORDS,RESET_REPORTING_HIGH_WATER_MARK_TO_GROUP_INITIAL_WEALTH_NOT_PORTFOLIO_STATE,0.00021454796389254111
fixed_memory,MONTH,2022-03,31,2022-03-01,2022-03-31,31,False,0.029202830892216702,0.02878455199708382,,9.2853393538980065,0.0010372005356233036,0.014961667217193527,0.2859401252562595,,1.3248839955459117,0.0098163240387904981,2.0193377240209802,0.067905196088367023,,0.032282133073633153,0.26004877692763462,0.0083886702234720837,31,0.00026004877692763461,8.3886702234720836e-06,0.45967741935483869,365_25_CALENDAR_DAYS_PER_YEAR,NOT_APPLICABLE_REQUIRES_365_CALENDAR_DAYS_AND_CONTIGUOUS_DAILY_RECORDS,RESET_REPORTING_HIGH_WATER_MARK_TO_GROUP_INITIAL_WEALTH_NOT_PORTFOLIO_STATE,0.00032439194206033305
fixed_memory,MONTH,2022-04,30,2022-04-01,2022-04-30,30,False,-0.082899203827115811,-0.08653789327577241,,-28.845964425257471,-0.0028146573656918539,0.011620640759157733,0.22208804847718308,,-4.6290361407024108,0.010386584913347053,-5.1790233749628287,0.093870428028193009,,0.029472968650546962,0.50787914437715265,0.016929304812571756,30,0.00050787914437715252,1.6929304812571752e-05,0.46166666666666667,365_25_CALENDAR_DAYS_PER_YEAR,NOT_APPLICABLE_REQUIRES_365_CALENDAR_DAYS_AND_CONTIGUOUS_DAILY_RECORDS,RESET_REPORTING_HIGH_WATER_MARK_TO_GROUP_INITIAL_WEALTH_NOT_PORTFOLIO_STATE,0.00062175453978551183
fixed_memory,MONTH,2022-05,31,2022-05-01,2022-05-31,31,False,-0.060248653004706103,-0.062139963183948599,,-20.045149414176965,-0.0018661716664190515,0.016718567963180525,0.31951715995951974,,-2.1332788550258588,0.013493663106462309,-2.6431197548636813,0.11891066348129592,,0.041295866477989079,0.37660921044284851,0.012148684207833823,31,0.00037660921044284856,1.2148684207833824e-05,0.40161290322580662,365_25_CALENDAR_DAYS_PER_YEAR,NOT_APPLICABLE_REQUIRES_365_CALENDAR_DAYS_AND_CONTIGUOUS_DAILY_RECORDS,RESET_REPORTING_HIGH_WATER_MARK_TO_GROUP_INITIAL_WEALTH_NOT_PORTFOLIO_STATE,0.00042732604657720879
fixed_memory,MONTH,2022-06,30,2022-06-01,2022-06-30,30,False,-0.16260209696866632,-0.17745592954241518,,-59.15197651413839,-0.0057451111002901588,0.017609240284113047,0.33653925725072664,,-6.2352364075542024,0.016511881242290357,-6.6496224456639661,0.17775457793263563,,0.054629210564630479,0.23091291146194454,0.007697097048731485,30,0.00023091291146194452,7.6970970487314839e-06,0.37666666666666659,365_25_CALENDAR_DAYS_PER_YEAR,NOT_APPLICABLE_REQUIRES_365_CALENDAR_DAYS_AND_CONTIGUOUS_DAILY_RECORDS,RESET_REPORTING_HIGH_WATER_MARK_TO_GROUP_INITIAL_WEALTH_NOT_PORTFOLIO_STATE,0.00023012628896542322
fixed_memory,MONTH,2022-07,31,2022-07-01,2022-07-31,31,False,0.067730830885120122,0.065535677766409853,,21.14054121497092,0.0021943745024240258,0.012751750923625389,0.24370527718648316,,3.2887892140188315,0.0065672789252760105,6.3858747853794373,0.038267974188544308,,0.019900908697312526,0.2025566460030665,0.006534085354937629,31,0.00020255664600306653,6.5340853549376298e-06,0.37903225806451618,365_25_CALENDAR_DAYS_PER_YEAR,NOT_APPLICABLE_REQUIRES_365_CALENDAR_DAYS_AND_CONTIGUOUS_DAILY_RECORDS,RESET_REPORTING_HIGH_WATER_MARK_TO_GROUP_INITIAL_WEALTH_NOT_PORTFOLIO_STATE,0.00019472134894973775
fixed_memory,MONTH,2022-08,31,2022-08-01,2022-08-31,31,False,-0.055849125805911649,-0.057469301249043973,,-18.538484273885153,-0.0017928948757963065,0.01099486999989522,0.21012862131657875,,-3.1164476751503538,0.0095297275051357665,-3.5955841372471298,0.083588066211157414,,0.035043882132115935,0.14161708361335845,0.0045682930197857565,31,0.00014161708361335845,4.5682930197857562e-06,0.40000000000000013,365_25_CALENDAR_DAYS_PER_YEAR,NOT_APPLICABLE_REQUIRES_365_CALENDAR_DAYS_AND_CONTIGUOUS_DAILY_RECORDS,RESET_REPORTING_HIGH_WATER_MARK_TO_GROUP_INITIAL_WEALTH_NOT_PORTFOLIO_STATE,0.00013794581727241478
fixed_memory,MONTH,2022-09,30,2022-09-01,2022-09-30,30,False,-0.0087155032638190893,-0.0087537053915356881,,-2.9179017971785628,-0.00020324837686078043,0.013537433986502903,0.25872087071290162,,-0.28693653296636845,0.0094202007505601558,-0.41234624146595278,0.072229950018510777,,0.033217941554367088,0.15932320625360724,0.0053107735417869083,30,0.00015932320625360724,5.3107735417869085e-06,0.40000000000000013,365_25_CALENDAR_DAYS_PER_YEAR,NOT_APPLICABLE_REQUIRES_365_CALENDAR_DAYS_AND_CONTIGUOUS_DAILY_RECORDS,RESET_REPORTING_HIGH_WATER_MARK_TO_GROUP_INITIAL_WEALTH_NOT_PORTFOLIO_STATE,0.00015018939682166251
fixed_memory,MONTH,2022-10,31,2022-10-01,2022-10-31,31,False,0.022829901938931748,0.022573199379989441,,7.2816772193514323,0.00075075035404450965,0.0068058674081717388,0.13007043606301788,,2.1081775007035746,0.0035568771596989242,4.0338690088172493,0.024923668496153441,,0.010092957637110314,0.55764801291600807,0.017988645577935745,31,0.000557648012916008,1.7988645577935742e-05,0.39354838709677409,365_25_CALENDAR_DAYS_PER_YEAR,NOT_APPLICABLE_REQUIRES_365_CALENDAR_DAYS_AND_CONTIGUOUS_DAILY_RECORDS,RESET_REPORTING_HIGH_WATER_MARK_TO_GROUP_INITIAL_WEALTH_NOT_PORTFOLIO_STATE,0.00052555926366849685
fixed_memory,MONTH,2022-11,30,2022-11-01,2022-11-30,30,False,-0.087253048638341976,-0.091296598510409763,,-30.432199503469924,-0.0028532411494863702,0.019359079461059678,0.36998133467238203,,-2.816753798600991,0.016647474240280409,-3.275557590437201,0.13264849579960888,,0.064212303695258821,0.35393975966071328,0.011797991988690443,30,0.00035393975966071335,1.1797991988690444e-05,0.39333333333333326,365_25_CALENDAR_DAYS_PER_YEAR,NOT_APPLICABLE_REQUIRES_365_CALENDAR_DAYS_AND_CONTIGUOUS_DAILY_RECORDS,RESET_REPORTING_HIGH_WATER_MARK_TO_GROUP_INITIAL_WEALTH_NOT_PORTFOLIO_STATE,0.00031841038589624902
fixed_memory,MONTH,2022-12,31,2022-12-01,2022-12-31,31,False,-0.016942254201215548,-0.017087416105847256,,-5.5120697115636306,-0.00053361162005076488,0.0059972656182790979,0.11461683094482387,,-1.7004626861247525,0.0045877552717149541,-2.2229011354501318,0.033762669665197621,,0.016107041695556053,0.51928231565894456,0.016751042440611114,31,0.00051928231565894455,1.6751042440611114e-05,0.38548387096774195,365_25_CALENDAR_DAYS_PER_YEAR,NOT_APPLICABLE_REQUIRES_365_CALENDAR_DAYS_AND_CONTIGUOUS_DAILY_RECORDS,RESET_REPORTING_HIGH_WATER_MARK_TO_GROUP_INITIAL_WEALTH_NOT_PORTFOLIO_STATE,0.00044950352972769137
fixed_memory,MONTH,2023-01,31,2023-01-01,2023-01-31,31,False,0.17709269909000364,0.16304758396187921,,52.59599482641265,0.0053360742290782508,0.011442826120705902,0.21868974137322048,,8.9121743888508469,0.0041935893714433138,24.318180168872821,0.019392438947491812,,0.016427126647763572,0.19880074583825585,0.0064129272851050278,31,0.00019880074583825588,6.4129272851050285e-06,0.4790322580645161,365_25_CALENDAR_DAYS_PER_YEAR,NOT_APPLICABLE_REQUIRES_365_CALENDAR_DAYS_AND_CONTIGUOUS_DAILY_RECORDS,RESET_REPORTING_HIGH_WATER_MARK_TO_GROUP_INITIAL_WEALTH_NOT_PORTFOLIO_STATE,0.00018411413494269347
fixed_memory,MONTH,2023-02,28,2023-02-01,2023-02-28,28,False,0.0067332525451369264,0.0067106854435779956,,2.3966733727064269,0.00032482429865211766,0.013376301089652067,0.2556413769613306,,0.46409574417459137,0.0072044798229772616,0.86167003878706905,0.044641783344249612,,0.022417164827133195,0.36837302640745462,0.01315617951455195,28,0.00036837302640745464,1.3156179514551952e-05,0.49107142857142849,365_25_CALENDAR_DAYS_PER_YEAR,NOT_APPLICABLE_REQUIRES_365_CALENDAR_DAYS_AND_CONTIGUOUS_DAILY_RECORDS,RESET_REPORTING_HIGH_WATER_MARK_TO_GROUP_INITIAL_WEALTH_NOT_PORTFOLIO_STATE,0.00037725346869813198
fixed_memory,MONTH,2023-03,31,2023-03-01,2023-03-31,31,False,0.10897195361542431,0.10343341825170577,,33.365618790872823,0.0034927769021122225,0.017754180815286069,0.33930929036513091,,3.7598049912623028,0.008796406627282715,7.5885825284666639,0.07372785842519404,,0.027623854895408272,0.90405471987514596,0.029163055479843419,31,0.00090405471987514609,2.9163055479843422e-05,0.48064516129032253,365_25_CALENDAR_DAYS_PER_YEAR,NOT_APPLICABLE_REQUIRES_365_CALENDAR_DAYS_AND_CONTIGUOUS_DAILY_RECORDS,RESET_REPORTING_HIGH_WATER_MARK_TO_GROUP_INITIAL_WEALTH_NOT_PORTFOLIO_STATE,0.00096576066664668921
fixed_memory,MONTH,2023-04,30,2023-04-01,2023-04-30,30,False,0.012732821380794603,0.012652440607548183,,4.2174802025160609,0.00047184494483244331,0.010167962534167877,0.19432516700276437,,0.88687105616946804,0.0068468519204832592,1.3170537024163609,0.053379312960591063,,0.022973607673791162,0.41915667935801643,0.013971889311933881,30,0.00041915667935801647,1.3971889311933882e-05,0.49166666666666664,365_25_CALENDAR_DAYS_PER_YEAR,NOT_APPLICABLE_REQUIRES_365_CALENDAR_DAYS_AND_CONTIGUOUS_DAILY_RECORDS,RESET_REPORTING_HIGH_WATER_MARK_TO_GROUP_INITIAL_WEALTH_NOT_PORTFOLIO_STATE,0.00047243066324271723
fixed_memory,MONTH,2023-05,31,2023-05-01,2023-05-31,31,False,-0.032956809370782887,-0.033512119966587699,,-10.810361279544418,-0.0010430746490685322,0.0087876718896208426,0.16794572184719594,,-2.2684889581106189,0.006708506460260822,-2.9715610720793597,0.052815507266900721,,0.018769068198583611,0.46369672055966016,0.014957958727730973,31,0.00046369672055966016,1.4957958727730972e-05,0.49193548387096775,365_25_CALENDAR_DAYS_PER_YEAR,NOT_APPLICABLE_REQUIRES_365_CALENDAR_DAYS_AND_CONTIGUOUS_DAILY_RECORDS,RESET_REPORTING_HIGH_WATER_MARK_TO_GROUP_INITIAL_WEALTH_NOT_PORTFOLIO_STATE,0.00052195615209285097
fixed_memory,MONTH,2023-06,30,2023-06-01,2023-06-30,30,False,0.058081951302332673,0.056457789134194573,,18.819263044731525,0.0019577170962692936,0.012407518452414274,0.23712647319983485,,3.015505437934618,0.0069892270331302284,5.3532299333210416,0.039050622747778867,,0.022335730535817229,0.37152127543173713,0.012384042514391238,30,0.00037152127543173719,1.2384042514391239e-05,0.48833333333333329,365_25_CALENDAR_DAYS_PER_YEAR,NOT_APPLICABLE_REQUIRES_365_CALENDAR_DAYS_AND_CONTIGUOUS_DAILY_RECORDS,RESET_REPORTING_HIGH_WATER_MARK_TO_GROUP_INITIAL_WEALTH_NOT_PORTFOLIO_STATE,0.00041813948186848271
fixed_memory,MONTH,2023-07,31,2023-07-01,2023-07-31,31,False,-0.019221026811121956,-0.019408152458954449,,-6.2606943415982101,-0.00060620577057707075,0.0063715553838971694,0.12177007535999024,,-1.8183174893232061,0.004835589316075202,-2.3958838998624925,0.035681914949262379,,0.016600540618056377,0.15934324646836306,0.0051401047247859053,31,0.0001593432464683631,5.1401047247859067e-06,0.47741935483870945,365_25_CALENDAR_DAYS_PER_YEAR,NOT_APPLICABLE_REQUIRES_365_CALENDAR_DAYS_AND_CONTIGUOUS_DAILY_RECORDS,RESET_REPORTING_HIGH_WATER_MARK_TO_GROUP_INITIAL_WEALTH_NOT_PORTFOLIO_STATE,0.00018540009372438265
fixed_memory,MONTH,2023-08,31,2023-08-01,2023-08-31,31,False,-0.050780036416114969,-0.052114722631705516,,-16.811200848937261,-0.0016347468159651482,0.0096155504413425116,0.18376773508541505,,-3.249162723008709,0.0078282756178383543,-3.9909795695015546,0.0587441716128176,,0.029096239867837898,0.081358255549028369,0.0026244598564202698,31,8.1358255549028379e-05,2.6244598564202703e-06,0.44999999999999984,365_25_CALENDAR_DAYS_PER_YEAR,NOT_APPLICABLE_REQUIRES_365_CALENDAR_DAYS_AND_CONTIGUOUS_DAILY_RECORDS,RESET_REPORTING_HIGH_WATER_MARK_TO_GROUP_INITIAL_WEALTH_NOT_PORTFOLIO_STATE,9.0938883918267914e-05
fixed_memory,MONTH,2023-09,30,2023-09-01,2023-09-30,30,False,0.018028673336405846,0.017868084073912459,,5.9560280246374866,0.0006090799943353171,0.0052480664340589615,0.10029849960728345,,2.21804382719619,0.003211888236956506,3.6241738503984036,0.018690498229485101,,0.010892456406811832,0.072200604463638907,0.0024066868154546304,30,7.2200604463638898e-05,2.40668681545463e-06,0.4499999999999999,365_25_CALENDAR_DAYS_PER_YEAR,NOT_APPLICABLE_REQUIRES_365_CALENDAR_DAYS_AND_CONTIGUOUS_DAILY_RECORDS,RESET_REPORTING_HIGH_WATER_MARK_TO_GROUP_INITIAL_WEALTH_NOT_PORTFOLIO_STATE,7.8856903827723661e-05
fixed_memory,MONTH,2023-10,31,2023-10-01,2023-10-31,31,False,0.13005763215685837,0.12226863333242029,,39.441494623361379,0.0040128624062631965,0.01134413902917754,0.21680368155761598,,6.760484800614976,0.0028719303084723366,26.703948649649696,0.019597840980703062,,0.0081347156695777342,0.15893943694160556,0.0051270786110195346,31,0.00015893943694160554,5.1270786110195335e-06,0.46612903225806451,365_25_CALENDAR_DAYS_PER_YEAR,NOT_APPLICABLE_REQUIRES_365_CALENDAR_DAYS_AND_CONTIGUOUS_DAILY_RECORDS,RESET_REPORTING_HIGH_WATER_MARK_TO_GROUP_INITIAL_WEALTH_NOT_PORTFOLIO_STATE,0.00018532981006225024
fixed_memory,MONTH,2023-11,30,2023-11-01,2023-11-30,30,False,0.042652921241124929,0.041768350975173771,,13.922783658391257,0.0014504898535275769,0.010900238237906097,0.20832006499169975,,2.543160780129635,0.0066179135277367037,4.1887912654840367,0.027050487735981087,,0.022392691065582671,0.16868812184612803,0.0056229373948709343,30,0.000168688121846128,5.6229373948709336e-06,0.49833333333333329,365_25_CALENDAR_DAYS_PER_YEAR,NOT_APPLICABLE_REQUIRES_365_CALENDAR_DAYS_AND_CONTIGUOUS_DAILY_RECORDS,RESET_REPORTING_HIGH_WATER_MARK_TO_GROUP_INITIAL_WEALTH_NOT_PORTFOLIO_STATE,0.00021691586578470947
fixed_memory,MONTH,2023-12,31,2023-12-01,2023-12-31,31,False,0.060810576281705976,0.059033310499407306,,19.043003386905582,0.0019725719916582128,0.0117247571758526,0.22407787092135234,,3.2153193753168043,0.0071131774291970599,5.2998592111119427,0.033172801594263224,,0.023196675374663526,0.140900060657211,0.0045451632470068061,31,0.00014090006065721098,4.5451632470068062e-06,0.5,365_25_CALENDAR_DAYS_PER_YEAR,NOT_APPLICABLE_REQUIRES_365_CALENDAR_DAYS_AND_CONTIGUOUS_DAILY_RECORDS,RESET_REPORTING_HIGH_WATER_MARK_TO_GROUP_INITIAL_WEALTH_NOT_PORTFOLIO_STATE,0.00019481112424982091
fixed_memory,MONTH,2024-01,31,2024-01-01,2024-01-31,31,False,0.003484424176062781,0.0034783676351042747,,1.1220540758400885,0.00020265983514381654,0.013647932835537833,0.26083267110754016,,0.28378923726069671,0.0098127095612575658,0.39470611306731979,0.077306432379553772,,0.032767753304297036,0.22729717956795181,0.0073321670828371552,31,0.00022729717956795182,7.3321670828371554e-06,0.46774193548387077,365_25_CALENDAR_DAYS_PER_YEAR,NOT_APPLICABLE_REQUIRES_365_CALENDAR_DAYS_AND_CONTIGUOUS_DAILY_RECORDS,RESET_REPORTING_HIGH_WATER_MARK_TO_GROUP_INITIAL_WEALTH_NOT_PORTFOLIO_STATE,0.00031906474824302595
fixed_memory,MONTH,2024-02,29,2024-02-01,2024-02-29,29,False,0.19539319890162651,0.17847516800052085,,61.543161379489952,0.0062443229594291473,0.012239280142561506,0.23391118424213636,,9.7504485231050673,0.0028964920388144457,41.201035387189968,0.014648124063204938,,0.0089363899135740978,0.16004398749121468,0.0055187581893522304,29,0.00016004398749121468,5.5187581893522304e-06,0.48448275862068968,365_25_CALENDAR_DAYS_PER_YEAR,NOT_APPLICABLE_REQUIRES_365_CALENDAR_DAYS_AND_CONTIGUOUS_DAILY_RECORDS,RESET_REPORTING_HIGH_WATER_MARK_TO_GROUP_INITIAL_WEALTH_NOT_PORTFOLIO_STATE,0.00024236591749828893
fixed_memory,MONTH,2024-03,31,2024-03-01,2024-03-31,31,False,0.087604451564164548,0.083977526783768158,,27.089524768957471,0.0028899528109100222,0.019164264196493901,0.36625811984992201,,2.8819982601816716,0.011901339991897613,4.6407695359983538,0.073605569798526269,,0.038133713598918269,0.46155036411584749,0.014888721423091854,31,0.00046155036411584742,1.4888721423091852e-05,0.49516129032258072,365_25_CALENDAR_DAYS_PER_YEAR,NOT_APPLICABLE_REQUIRES_365_CALENDAR_DAYS_AND_CONTIGUOUS_DAILY_RECORDS,RESET_REPORTING_HIGH_WATER_MARK_TO_GROUP_INITIAL_WEALTH_NOT_PORTFOLIO_STATE,0.00080357892720636897
fixed_memory,MONTH,2024-04,30,2024-04-01,2024-04-30,30,False,-0.067760706121356748,-0.070165744163306301,,-23.388581387768767,-0.0022603717940480562,0.012489071040660379,0.23868506670145115,,-3.4589545512234303,0.010464352421785806,-4.1282181042286377,0.07026706249377257,,0.025701141608948194,0.21113579326134718,0.0070378597753782395,30,0.00021113579326134722,7.0378597753782412e-06,0.4499999999999999,365_25_CALENDAR_DAYS_PER_YEAR,NOT_APPLICABLE_REQUIRES_365_CALENDAR_DAYS_AND_CONTIGUOUS_DAILY_RECORDS,RESET_REPORTING_HIGH_WATER_MARK_TO_GROUP_INITIAL_WEALTH_NOT_PORTFOLIO_STATE,0.00037185474082997372
fixed_memory,MONTH,2024-05,31,2024-05-01,2024-05-31,31,False,0.052327457536884801,0.051004337303513732,,16.453012033391527,0.0017251127774216707,0.012806121477833304,0.24474438084082709,,2.5745123944768222,0.0060936457672046149,5.4104750635976089,0.024721274867308515,,0.01695390377564477,0.1690475238777368,0.0054531459315398968,31,0.00016904752387773676,5.4531459315398956e-06,0.44999999999999984,365_25_CALENDAR_DAYS_PER_YEAR,NOT_APPLICABLE_REQUIRES_365_CALENDAR_DAYS_AND_CONTIGUOUS_DAILY_RECORDS,RESET_REPORTING_HIGH_WATER_MARK_TO_GROUP_INITIAL_WEALTH_NOT_PORTFOLIO_STATE,0.00029339971303139588
fixed_memory,MONTH,2024-06,30,2024-06-01,2024-06-30,30,False,-0.031507872453509569,-0.032014924669423468,,-10.671641556474489,-0.001037886606855504,0.0076958179695713084,0.14707873943618999,,-2.5774499061330332,0.0061811687111910886,-3.2090347683563287,0.070832315369679197,,0.018571377880591898,0.092404477844595323,0.0030801492614865107,30,9.2404477844595318e-05,3.0801492614865106e-06,0.4499999999999999,365_25_CALENDAR_DAYS_PER_YEAR,NOT_APPLICABLE_REQUIRES_365_CALENDAR_DAYS_AND_CONTIGUOUS_DAILY_RECORDS,RESET_REPORTING_HIGH_WATER_MARK_TO_GROUP_INITIAL_WEALTH_NOT_PORTFOLIO_STATE,0.00016090058300047909
fixed_memory,MONTH,2024-07,31,2024-07-01,2024-07-31,31,False,0.011416120876818765,0.011351448706995977,,3.6617576474180575,0.00042183270086960315,0.010731706347409742,0.2050991652631706,,0.7512190202964687,0.0069316280206489179,1.1630546106044239,0.051341061524900644,,0.021164880856701634,0.36419474986404132,0.011748217737549719,31,0.00036419474986404139,1.1748217737549723e-05,0.43064516129032238,365_25_CALENDAR_DAYS_PER_YEAR,NOT_APPLICABLE_REQUIRES_365_CALENDAR_DAYS_AND_CONTIGUOUS_DAILY_RECORDS,RESET_REPORTING_HIGH_WATER_MARK_TO_GROUP_INITIAL_WEALTH_NOT_PORTFOLIO_STATE,0.00060756865920813801
fixed_memory,MONTH,2024-08,31,2024-08-01,2024-08-31,31,False,-0.047965205976101356,-0.049153696514214855,,-15.856031133617694,-0.0014722299108796972,0.015264439048284539,0.29172655360341204,,-1.8432740122787372,0.01064012533741422,-2.6443808618285933,0.081319448407783684,,0.030305774779117434,0.36182064050793622,0.011671633564772136,31,0.00036182064050793619,1.1671633564772135e-05,0.41774193548387095,365_25_CALENDAR_DAYS_PER_YEAR,NOT_APPLICABLE_REQUIRES_365_CALENDAR_DAYS_AND_CONTIGUOUS_DAILY_RECORDS,RESET_REPORTING_HIGH_WATER_MARK_TO_GROUP_INITIAL_WEALTH_NOT_PORTFOLIO_STATE,0.00060280695119075572
fixed_memory,MONTH,2024-09,30,2024-09-01,2024-09-30,30,False,0.036322472884012663,0.035678362666247701,,11.8927875554159,0.0012352502877065999,0.0096822295844121772,0.18504207451861737,,2.4382301633753145,0.0060990153186885662,3.8707074811077509,0.037120457578906543,,0.0157330988063209,0.2477198663329816,0.0082573288777660538,30,0.00024771986633298162,8.2573288777660534e-06,0.43833333333333319,365_25_CALENDAR_DAYS_PER_YEAR,NOT_APPLICABLE_REQUIRES_365_CALENDAR_DAYS_AND_CONTIGUOUS_DAILY_RECORDS,RESET_REPORTING_HIGH_WATER_MARK_TO_GROUP_INITIAL_WEALTH_NOT_PORTFOLIO_STATE,0.00040622342841942525
fixed_memory,MONTH,2024-10,31,2024-10-01,2024-10-31,31,False,0.049430023893881507,0.048247182394726182,,15.563607224105219,0.0015979436632420061,0.0091457594884603709,0.17478931831131342,,3.3391566981205245,0.0053360483714331025,5.7231722671003258,0.021441039278945938,,0.016041792448926975,0.11916520880814091,0.0038440389938109972,31,0.00011916520880814092,3.844038993810997e-06,0.44999999999999984,365_25_CALENDAR_DAYS_PER_YEAR,NOT_APPLICABLE_REQUIRES_365_CALENDAR_DAYS_AND_CONTIGUOUS_DAILY_RECORDS,RESET_REPORTING_HIGH_WATER_MARK_TO_GROUP_INITIAL_WEALTH_NOT_PORTFOLIO_STATE,0.00020722604730058169
fixed_memory,MONTH,2024-11,30,2024-11-01,2024-11-30,30,False,0.15720228485760163,0.14600526858868668,,48.668422862895561,0.0049787877702219012,0.01449503632314016,0.27702210199340227,,6.5644662284630977,0.0055808445370103465,17.049780869648171,0.031927234609693649,,0.020112453005528733,0.172319955603709,0.0057439985201236336,30,0.000172319955603709,5.743998520123633e-06,0.4499999999999999,365_25_CALENDAR_DAYS_PER_YEAR,NOT_APPLICABLE_REQUIRES_365_CALENDAR_DAYS_AND_CONTIGUOUS_DAILY_RECORDS,RESET_REPORTING_HIGH_WATER_MARK_TO_GROUP_INITIAL_WEALTH_NOT_PORTFOLIO_STATE,0.00033947336936148413
fixed_memory,MONTH,2024-12,31,2024-12-01,2024-12-31,31,False,-0.011617745022476417,-0.011685758309374688,,-3.7695994546369964,-0.00032585241986776779,0.010264144060089922,0.19616334166406699,,-0.60672700284909398,0.0073888966744872601,-0.84282317600845835,0.057826983098971066,,0.02218389137068812,0.13330314554336475,0.0043001014691407989,31,0.00013330314554336472,4.3001014691407971e-06,0.44999999999999984,365_25_CALENDAR_DAYS_PER_YEAR,NOT_APPLICABLE_REQUIRES_365_CALENDAR_DAYS_AND_CONTIGUOUS_DAILY_RECORDS,RESET_REPORTING_HIGH_WATER_MARK_TO_GROUP_INITIAL_WEALTH_NOT_PORTFOLIO_STATE,0.00027997565995789542
fixed_memory,MONTH,2025-01,31,2025-01-01,2025-01-31,31,False,0.043439591995677609,0.042522556061334524,,13.716953568172427,0.0014220364686820246,0.010104927133813876,0.19312046501259519,,2.689506884483913,0.0064015156183305543,4.2454432221924732,0.043462220600498397,,0.02002330879165785,0.12682565500653437,0.0040911501615011085,31,0.00012682565500653437,4.0911501615011088e-06,0.44999999999999984,365_25_CALENDAR_DAYS_PER_YEAR,NOT_APPLICABLE_REQUIRES_365_CALENDAR_DAYS_AND_CONTIGUOUS_DAILY_RECORDS,RESET_REPORTING_HIGH_WATER_MARK_TO_GROUP_INITIAL_WEALTH_NOT_PORTFOLIO_STATE,0.00026869436345106529
fixed_memory,MONTH,2025-02,28,2025-02-01,2025-02-28,28,False,-0.080282665469659717,-0.08368890122420658,,-29.888893294359491,-0.0029464248627612201,0.008857842073430126,0.16928678035734807,,-6.3571513313196677,0.0081341742732332772,-6.9227238854500968,0.080670735673964142,,0.021639166868507784,0.21648614076412592,0.0077316478844330688,28,0.00021648614076412594,7.7316478844330696e-06,0.44285714285714289,365_25_CALENDAR_DAYS_PER_YEAR,NOT_APPLICABLE_REQUIRES_365_CALENDAR_DAYS_AND_CONTIGUOUS_DAILY_RECORDS,RESET_REPORTING_HIGH_WATER_MARK_TO_GROUP_INITIAL_WEALTH_NOT_PORTFOLIO_STATE,0.00043926622021680048
fixed_memory,MONTH,2025-03,31,2025-03-01,2025-03-31,31,False,-0.013193148251383912,-0.01328095094952462,,-4.2841777256531035,-0.00034906026329442261,0.012794319664295792,0.24451883030610533,,-0.52140876434212391,0.0090772903345720489,-0.73491869939985954,0.066443805070025938,,0.030037029281737689,0.39563233128463837,0.012762333267246399,31,0.00039563233128463838,1.27623332672464e-05,0.35806451612903223,365_25_CALENDAR_DAYS_PER_YEAR,NOT_APPLICABLE_REQUIRES_365_CALENDAR_DAYS_AND_CONTIGUOUS_DAILY_RECORDS,RESET_REPORTING_HIGH_WATER_MARK_TO_GROUP_INITIAL_WEALTH_NOT_PORTFOLIO_STATE,0.00078273754553430765
fixed_memory,MONTH,2025-04,30,2025-04-01,2025-04-30,30,False,0.050010451524813822,0.048800117953048956,,16.266705984349652,0.0016851504037420466,0.010895315980642821,0.20822599319889931,,2.9559286787929988,0.0064286497408013931,5.0097265009306637,0.040997141977470938,,0.021323736783291095,0.26799135400332735,0.0089330451334442458,30,0.00026799135400332739,8.9330451334442459e-06,0.39166666666666677,365_25_CALENDAR_DAYS_PER_YEAR,NOT_APPLICABLE_REQUIRES_365_CALENDAR_DAYS_AND_CONTIGUOUS_DAILY_RECORDS,RESET_REPORTING_HIGH_WATER_MARK_TO_GROUP_INITIAL_WEALTH_NOT_PORTFOLIO_STATE,0.00052145538960413128
fixed_memory,MONTH,2025-05,28,2025-05-01,2025-05-28,28,False,0.061672813333825745,0.059845789978653384,,21.373496420947639,0.002174278547914868,0.0085039774964829964,0.16252389223885433,,4.886390724994266,0.0041191440193273114,10.087959189919397,0.0176870533275892,,0.014517029599372452,0.22499239233963031,0.0080354425835582246,28,0.0002249923923396303,8.0354425835582254e-06,0.4410714285714285,365_25_CALENDAR_DAYS_PER_YEAR,NOT_APPLICABLE_REQUIRES_365_CALENDAR_DAYS_AND_CONTIGUOUS_DAILY_RECORDS,RESET_REPORTING_HIGH_WATER_MARK_TO_GROUP_INITIAL_WEALTH_NOT_PORTFOLIO_STATE,0.00047023131898921605
fixed_no_memory,FULL,FULL,1608,2021-01-02,2025-05-28,1608,False,1.1565098179245845,0.76849108980793346,,4.7791734440791878,0.00058029407812888419,0.014311854714607502,0.27352122396102108,0.19072136202832191,0.77490298181314021,0.0096589587311229838,1.1481878329069539,0.45180855200200831,0.4221287117811664,0.032635183328665773,14.253975593984485,0.0088644126828261727,1608,0.014253975593984483,8.8644126828261716e-06,0.44804104477611945,365_25_CALENDAR_DAYS_PER_YEAR,REPORTED,RESET_REPORTING_HIGH_WATER_MARK_TO_GROUP_INITIAL_WEALTH_NOT_PORTFOLIO_STATE,0.018581226984075536
fixed_no_memory,REGIME,FULL:BEAR,503,2021-05-14,2025-04-11,1429,True,,0.025579582308150564,0.025579582308150564,0.50854040374056786,0.00015637774211601089,0.014533707953178231,,,,0.010224387426376292,,,,0.034625569139254797,5.1448424728506659,0.010228315055369117,503,0.0051448424728506659,1.0228315055369117e-05,0.39870775347912535,NOT_APPLICABLE_CONDITIONAL_SELECTION,NOT_APPLICABLE_CONDITIONAL_SELECTION,NOT_APPLICABLE_CONDITIONAL_SELECTION,0.0062380498821487766
fixed_no_memory,REGIME,FULL:BULL,531,2021-01-02,2025-05-28,1608,True,,0.86857197732841396,0.86857197732841396,16.357287708633031,0.0017508138282765562,0.015144257516867012,,,,0.0091426908762627986,,,,0.030535743212973136,4.5359344569247124,0.0085422494480691391,531,0.0045359344569247126,8.5422494480691382e-06,0.482391713747646,NOT_APPLICABLE_CONDITIONAL_SELECTION,NOT_APPLICABLE_CONDITIONAL_SELECTION,NOT_APPLICABLE_CONDITIONAL_SELECTION,0.0062325936183279078
fixed_no_memory,REGIME,FULL:MIX,574,2021-04-11,2025-05-05,1486,True,,-0.12566046982863105,-0.12566046982863105,-2.1892067914395654,-0.00013105796074557307,0.013240993924101708,,,,0.0096136901119777147,,,,0.032695404779863046,4.5731986642091069,0.0079672450595977464,574,0.0045731986642091067,7.9672450595977467e-06,0.45949477351916379,NOT_APPLICABLE_CONDITIONAL_SELECTION,NOT_APPLICABLE_CONDITIONAL_SELECTION,NOT_APPLICABLE_CONDITIONAL_SELECTION,0.0061105834835988495
fixed_no_memory,POST2021,POST2021,1244,2022-01-01,2025-05-28,1244,False,0.67852057222523188,0.51791279367814502,,4.1632861228146707,0.0004948455767482975,0.012536200506285809,0.23958578218379456,0.16423477491759128,0.75439512837477951,0.0084282484072030258,1.1220894465081284,0.36253333512241231,0.45301978882062277,0.028619108658465679,10.406163859997374,0.0083650834887438706,1244,0.010406163859997375,8.3650834887438711e-06,0.44509646302250805,365_25_CALENDAR_DAYS_PER_YEAR,REPORTED,RESET_REPORTING_HIGH_WATER_MARK_TO_GROUP_INITIAL_WEALTH_NOT_PORTFOLIO_STATE,0.0138459960272398
fixed_no_memory,REGIME,POST2021:BEAR,380,2022-01-01,2025-04-11,1197,True,,-0.013098679144905173,-0.013098679144905173,-0.3447020827606625,5.6122916630717058e-05,0.013479307905421947,,,,0.0094341117099540003,,,,0.032657962723834748,3.904167711433328,0.010274125556403495,380,0.0039041677114333281,1.0274125556403496e-05,0.3976315789473685,NOT_APPLICABLE_CONDITIONAL_SELECTION,NOT_APPLICABLE_CONDITIONAL_SELECTION,NOT_APPLICABLE_CONDITIONAL_SELECTION,0.004773434797375178
fixed_no_memory,REGIME,POST2021:BULL,388,2023-01-16,2025-05-28,864,True,,0.52314241657938654,0.52314241657938654,13.483051973695529,0.0014274401058754591,0.012554988714153536,,,,0.0076166121423237266,,,,0.025396677474382113,2.777840691541253,0.0071593832256217861,388,0.0027778406915412533,7.1593832256217866e-06,0.47925257731958776,NOT_APPLICABLE_CONDITIONAL_SELECTION,NOT_APPLICABLE_CONDITIONAL_SELECTION,NOT_APPLICABLE_CONDITIONAL_SELECTION,0.0040825371125490307
fixed_no_memory,REGIME,POST2021:MIX,476,2022-03-25,2025-05-05,1138,True,,0.0078690562436634914,0.0078690562436634914,0.16531630763998933,8.4904260662881415e-05,0.011697198330871163,,,,0.0082040811116593573,,,,0.027543160915328838,3.7241554570227926,0.0078238560021487245,476,0.0037241554570227927,7.8238560021487238e-06,0.45514705882352946,NOT_APPLICABLE_CONDITIONAL_SELECTION,NOT_APPLICABLE_CONDITIONAL_SELECTION,NOT_APPLICABLE_CONDITIONAL_SELECTION,0.0049900241173155913
fixed_no_memory,YEAR,2021,364,2021-01-02,2021-12-31,364,False,0.28476817836416346,0.25057829612978844,,6.8840191244447375,0.00087232137405594454,0.019197040228961276,0.36688451948126483,,0.8684350659559622,0.01301427113035474,1.281007805232564,0.27723567194882137,,0.041728586428913,3.8478117339871107,0.010570911357107447,364,0.0038478117339871103,1.0570911357107446e-05,0.4581043956043957,365_25_CALENDAR_DAYS_PER_YEAR,NOT_APPLICABLE_REQUIRES_365_CALENDAR_DAYS_AND_CONTIGUOUS_DAILY_RECORDS,RESET_REPORTING_HIGH_WATER_MARK_TO_GROUP_INITIAL_WEALTH_NOT_PORTFOLIO_STATE,0.0047352309568357348
fixed_no_memory,YEAR_REGIME,2021:BEAR,123,2021-05-14,2021-12-31,232,True,,0.038678261453055647,0.038678261453055647,3.1445741018744426,0.00046610809727382996,0.017452512046336834,,,,0.012350480452066577,,,,0.039083445590406302,1.2406747614173377,0.010086786678189737,123,0.0012406747614173378,1.0086786678189738e-05,0.40203252032520326,NOT_APPLICABLE_CONDITIONAL_SELECTION,NOT_APPLICABLE_CONDITIONAL_SELECTION,NOT_APPLICABLE_CONDITIONAL_SELECTION,0.0014646150847735986
fixed_no_memory,YEAR_REGIME,2021:BULL,143,2021-01-02,2021-11-17,320,True,,0.34542956074902731,0.34542956074902731,24.15591333909282,0.0026282194526935196,0.020624429543564964,,,,0.012368664465771298,,,,0.03804384048929297,1.758093765383459,0.012294361995688525,143,0.0017580937653834589,1.2294361995688524e-05,0.49090909090909102,NOT_APPLICABLE_CONDITIONAL_SELECTION,NOT_APPLICABLE_CONDITIONAL_SELECTION,NOT_APPLICABLE_CONDITIONAL_SELECTION,0.0021500565057788789
fixed_no_memory,YEAR_REGIME,2021:MIX,98,2021-04-11,2021-12-04,238,True,,-0.13352952607229446,-0.13352952607229446,-13.625461844111678,-0.0011800173218723519,0.019087147294669905,,,,0.014642932698976775,,,,0.049680266155044728,0.84904320718631388,0.0086637061957787129,98,0.00084904320718631385,8.6637061957787124e-06,0.48061224489795917,NOT_APPLICABLE_CONDITIONAL_SELECTION,NOT_APPLICABLE_CONDITIONAL_SELECTION,NOT_APPLICABLE_CONDITIONAL_SELECTION,0.0011205593662832578
fixed_no_memory,YEAR,2022,365,2022-01-01,2022-12-31,365,False,-0.33308735657486155,-0.40509621102135474,,-11.098526329352184,-0.0010089593007875724,0.014143166560903449,0.27029733780587695,-0.33327237459414338,-1.3633962790907228,0.01086385606744425,-1.7749444160513821,0.36253333512241231,-0.91928753112210015,0.037713646496965264,3.6353331783228686,0.0099598169269119689,365,0.0036353331783228688,9.9598169269119687e-06,0.4123287671232877,365_25_CALENDAR_DAYS_PER_YEAR,REPORTED,RESET_REPORTING_HIGH_WATER_MARK_TO_GROUP_INITIAL_WEALTH_NOT_PORTFOLIO_STATE,0.0037729770956776753
fixed_no_memory,YEAR_REGIME,2022:BEAR,321,2022-01-01,2022-12-31,365,True,,-0.20205874943179503,-0.20205874943179503,-6.2946650913331785,-0.0005359063770647973,0.013678214200655009,,,,0.009971259906595021,,,,0.034456233727729546,2.9477186825973467,0.0091829242448515473,321,0.0029477186825973469,9.1829242448515485e-06,0.40280373831775707,NOT_APPLICABLE_CONDITIONAL_SELECTION,NOT_APPLICABLE_CONDITIONAL_SELECTION,NOT_APPLICABLE_CONDITIONAL_SELECTION,0.0030411662970394526
fixed_no_memory,YEAR_REGIME,2022:MIX,44,2022-03-25,2022-12-17,268,True,,-0.20303746158955996,-0.20303746158955996,-46.144877633990902,-0.0044600954034014545,0.01694367709866363,,,,0.015927945577934248,,,,0.05801409605715456,0.68761449572552191,0.015627602175580044,44,0.00068761449572552185,1.5627602175580041e-05,0.4818181818181817,NOT_APPLICABLE_CONDITIONAL_SELECTION,NOT_APPLICABLE_CONDITIONAL_SELECTION,NOT_APPLICABLE_CONDITIONAL_SELECTION,0.00073181079863822321
fixed_no_memory,YEAR,2023,365,2023-01-01,2023-12-31,365,False,0.61062589415663582,0.47662285758561784,,13.058160481797749,0.001369215616592207,0.01124371006477533,0.21488433191270984,0.61115177527501685,2.327326517986692,0.0063860643388262087,4.0976387342685721,0.096430234982085902,6.3377609251761351,0.021981178300157972,2.9681233512729253,0.0081318447980080148,365,0.0029681233512729257,8.1318447980080162e-06,0.48136986301369866,365_25_CALENDAR_DAYS_PER_YEAR,REPORTED,RESET_REPORTING_HIGH_WATER_MARK_TO_GROUP_INITIAL_WEALTH_NOT_PORTFOLIO_STATE,0.0032769690108818278
fixed_no_memory,YEAR_REGIME,2023:BEAR,1,2023-01-01,2023-01-01,1,True,,0.001956268381658069,0.001956268381658069,19.562683816580691,0.0019581831230277001,,,,,0,,,,-0.0019581831230277001,0.0010104178227281491,0.0010104178227281491,1,1.0104178227281491e-06,1.0104178227281491e-06,0.40000000000000002,NOT_APPLICABLE_CONDITIONAL_SELECTION,NOT_APPLICABLE_CONDITIONAL_SELECTION,NOT_APPLICABLE_CONDITIONAL_SELECTION,8.6575442571341169e-07
fixed_no_memory,YEAR_REGIME,2023:BULL,180,2023-01-16,2023-12-31,350,True,,0.16748674701763999,0.16748674701763999,9.3048192787577779,0.00099364164541764551,0.011260114220036895,,,,0.0069206060163715258,,,,0.022656534227654273,1.3940641179600386,0.0077448006553335474,180,0.0013940641179600384,7.7448006553335475e-06,0.49638888888888888,NOT_APPLICABLE_CONDITIONAL_SELECTION,NOT_APPLICABLE_CONDITIONAL_SELECTION,NOT_APPLICABLE_CONDITIONAL_SELECTION,0.0015950755075177922
fixed_no_memory,YEAR_REGIME,2023:MIX,184,2023-01-02,2023-10-21,293,True,,0.30717984218631988,0.30717984218631988,16.694556640560865,0.0017334240258584329,0.011276859831618885,,,,0.0058348194436099827,,,,0.020573622276620289,1.573048815490159,0.0085491783450552111,184,0.001573048815490159,8.5491783450552112e-06,0.4671195652173914,NOT_APPLICABLE_CONDITIONAL_SELECTION,NOT_APPLICABLE_CONDITIONAL_SELECTION,NOT_APPLICABLE_CONDITIONAL_SELECTION,0.0016810277489383214
fixed_no_memory,YEAR,2024,366,2024-01-01,2024-12-31,366,False,0.48143100686783852,0.39300851716499019,,10.737937627458749,0.0011549543306357171,0.012741105703724357,0.24350183090822458,0.48023842362163027,1.7324184696733926,0.007927456416873634,2.7843643262687312,0.12539947117989977,3.8296686509361253,0.026061337856202151,2.5736350871724065,0.0070317898556623128,366,0.0025736350871724068,7.031789855662314e-06,0.45327868852459025,365_25_CALENDAR_DAYS_PER_YEAR,REPORTED,RESET_REPORTING_HIGH_WATER_MARK_TO_GROUP_INITIAL_WEALTH_NOT_PORTFOLIO_STATE,0.0043312409119040949
fixed_no_memory,YEAR_REGIME,2024:BEAR,21,2024-07-05,2024-09-02,60,True,,0.1177640915270951,0.1177640915270951,56.07813882242624,0.0056954137586064388,0.012394998876946995,,,,0.0042158339981045569,,,,0.016102799501383172,0.42188628280851576,0.020089822990881703,21,0.00042188628280851576,2.0089822990881702e-05,0.39047619047619053,NOT_APPLICABLE_CONDITIONAL_SELECTION,NOT_APPLICABLE_CONDITIONAL_SELECTION,NOT_APPLICABLE_CONDITIONAL_SELECTION,0.00069031371597873031
fixed_no_memory,YEAR_REGIME,2024:BULL,153,2024-01-01,2024-12-31,366,True,,0.28352344042110811,0.28352344042110811,18.530943818373078,0.0019629679375014726,0.01479242288460185,,,,0.0088822872185804272,,,,0.030336932188014119,1.0865331784869618,0.0071015240423984438,153,0.001086533178486962,7.1015240423984446e-06,0.47058823529411764,NOT_APPLICABLE_CONDITIONAL_SELECTION,NOT_APPLICABLE_CONDITIONAL_SELECTION,NOT_APPLICABLE_CONDITIONAL_SELECTION,0.0018631577756006439
fixed_no_memory,YEAR_REGIME,2024:MIX,192,2024-01-15,2024-11-05,296,True,,-0.0082790147832129748,-0.0082790147832129748,-0.43119868662567573,1.4455737730271228e-05,0.010765777590989879,,,,0.0074151216142424332,,,,0.023330675594630441,1.0652156258769288,0.0055479980514423375,192,0.0010652156258769286,5.5479980514423366e-06,0.44635416666666677,NOT_APPLICABLE_CONDITIONAL_SELECTION,NOT_APPLICABLE_CONDITIONAL_SELECTION,NOT_APPLICABLE_CONDITIONAL_SELECTION,0.0017777694203247212
fixed_no_memory,YEAR,2025,148,2025-01-01,2025-05-28,148,False,0.054827904524958899,0.053377629948891683,,3.6065966181683571,0.00041473687292917444,0.010432805177150364,0.19938671110799516,,0.75974292366622365,0.0070724999773238506,1.1207140237174704,0.13382429806884696,,0.02313461370196385,1.2290722432291736,0.0083045421839809033,148,0.0012290722432291737,8.3045421839809024e-06,0.41621621621621624,365_25_CALENDAR_DAYS_PER_YEAR,NOT_APPLICABLE_REQUIRES_365_CALENDAR_DAYS_AND_CONTIGUOUS_DAILY_RECORDS,RESET_REPORTING_HIGH_WATER_MARK_TO_GROUP_INITIAL_WEALTH_NOT_PORTFOLIO_STATE,0.0024648090087762021
fixed_no_memory,YEAR_REGIME,2025:BEAR,37,2025-02-27,2025-04-11,44,True,,0.069239710378136685,0.069239710378136685,18.713435237334238,0.0019402914406407943,0.011788885104928584,,,,0.0064345858155719872,,,,0.019083567827096633,0.53355232820473764,0.01442033319472264,37,0.00053355232820473744,1.4420333194722634e-05,0.35675675675675672,NOT_APPLICABLE_CONDITIONAL_SELECTION,NOT_APPLICABLE_CONDITIONAL_SELECTION,NOT_APPLICABLE_CONDITIONAL_SELECTION,0.0010410890299312821
fixed_no_memory,YEAR_REGIME,2025:BULL,55,2025-01-01,2025-05-28,148,True,,0.072132229140638521,0.072132229140638521,13.114950752843367,0.0013574030993959382,0.0095921226744931174,,,,0.0057476604829881858,,,,0.018724866152589732,0.29724339509425268,0.0054044253653500489,55,0.00029724339509425271,5.4044253653500489e-06,0.44727272727272721,NOT_APPLICABLE_CONDITIONAL_SELECTION,NOT_APPLICABLE_CONDITIONAL_SELECTION,NOT_APPLICABLE_CONDITIONAL_SELECTION,0.00062430382943059375
fixed_no_memory,YEAR_REGIME,2025:MIX,56,2025-01-10,2025-05-05,116,True,,-0.087994309569883494,-0.087994309569883494,-15.713269566050624,-0.0015190517245887178,0.010165813467901703,,,,0.0085084996580521727,,,,0.027387190603294698,0.39827651993018331,0.0071120807130389879,56,0.0003982765199301833,7.1120807130389879e-06,0.42499999999999993,NOT_APPLICABLE_CONDITIONAL_SELECTION,NOT_APPLICABLE_CONDITIONAL_SELECTION,NOT_APPLICABLE_CONDITIONAL_SELECTION,0.00079941614941432548
fixed_no_memory,MONTH,2021-01,30,2021-01-02,2021-01-31,30,False,0.054680006040882988,0.05323740911010983,,17.745803036703276,0.0021188428937800939,0.026601248556076543,0.50839015690419842,,1.5222705562708507,0.017417791292933374,2.3248813099159631,0.12817436724554626,,0.055104155928685908,0.75372791509143555,0.025124263836381184,30,0.0007537279150914355,2.5124263836381184e-05,0.47833333333333317,365_25_CALENDAR_DAYS_PER_YEAR,NOT_APPLICABLE_REQUIRES_365_CALENDAR_DAYS_AND_CONTIGUOUS_DAILY_RECORDS,RESET_REPORTING_HIGH_WATER_MARK_TO_GROUP_INITIAL_WEALTH_NOT_PORTFOLIO_STATE,0.00078134487380568537
fixed_no_memory,MONTH,2021-02,28,2021-02-01,2021-02-28,28,False,0.16113175551992606,0.14939518079016109,,53.355421710771815,0.0056593411028590156,0.025580795630128588,0.48888775565252779,,4.2281164007887488,0.012744240295561109,8.4868598708582184,0.11129940232640975,,0.042599340832591703,0.31141978487640037,0.011122135174157156,28,0.00031141978487640037,1.1122135174157156e-05,0.48214285714285715,365_25_CALENDAR_DAYS_PER_YEAR,NOT_APPLICABLE_REQUIRES_365_CALENDAR_DAYS_AND_CONTIGUOUS_DAILY_RECORDS,RESET_REPORTING_HIGH_WATER_MARK_TO_GROUP_INITIAL_WEALTH_NOT_PORTFOLIO_STATE,0.00038383633322876883
fixed_no_memory,MONTH,2021-03,31,2021-03-01,2021-03-31,31,False,0.14641080700398704,0.13663602439247496,,44.076136900798375,0.0045806906218043286,0.018441373445052665,0.35244258251621091,,4.7471484225010618,0.009900362470104021,8.8424981532534659,0.082903460674266891,,0.028109270374793365,0.23017818289164588,0.0074251026739240609,31,0.00023017818289164591,7.4251026739240614e-06,0.5,365_25_CALENDAR_DAYS_PER_YEAR,NOT_APPLICABLE_REQUIRES_365_CALENDAR_DAYS_AND_CONTIGUOUS_DAILY_RECORDS,RESET_REPORTING_HIGH_WATER_MARK_TO_GROUP_INITIAL_WEALTH_NOT_PORTFOLIO_STATE,0.00030972359847699347
fixed_no_memory,MONTH,2021-04,30,2021-04-01,2021-04-30,30,False,-0.0076220143378055603,-0.0076512103385947064,,-2.5504034461982354,-0.00010374400505448698,0.017788393399417093,0.33996314467493155,,-0.11146060518525823,0.01061665389047768,-0.18675423669512439,0.12104259775065102,,0.029152141164576661,0.24375692755552569,0.0081252309185175231,30,0.00024375692755552569,8.1252309185175222e-06,0.49833333333333329,365_25_CALENDAR_DAYS_PER_YEAR,NOT_APPLICABLE_REQUIRES_365_CALENDAR_DAYS_AND_CONTIGUOUS_DAILY_RECORDS,RESET_REPORTING_HIGH_WATER_MARK_TO_GROUP_INITIAL_WEALTH_NOT_PORTFOLIO_STATE,0.00033878857939002567
fixed_no_memory,MONTH,2021-05,31,2021-05-01,2021-05-31,31,False,-0.17622754996346021,-0.19386094007816693,,-62.53578712198933,-0.0059669958824534958,0.023299469140089141,0.44528815055219034,,-4.8944604597348151,0.020673292573931176,-5.5162151859050779,0.20453649074036087,,0.064687211506818942,0.44669990005660587,0.014409674195374382,31,0.00044669990005660591,1.4409674195374384e-05,0.41290322580645172,365_25_CALENDAR_DAYS_PER_YEAR,NOT_APPLICABLE_REQUIRES_365_CALENDAR_DAYS_AND_CONTIGUOUS_DAILY_RECORDS,RESET_REPORTING_HIGH_WATER_MARK_TO_GROUP_INITIAL_WEALTH_NOT_PORTFOLIO_STATE,0.00054902383192216965
fixed_no_memory,MONTH,2021-06,30,2021-06-01,2021-06-30,30,False,-0.022420472956237676,-0.022675632842438734,,-7.5585442808129111,-0.00057165782996663008,0.019474955085415718,0.37219589338843456,,-0.56098959205174204,0.014105021045447171,-0.77456439613890715,0.097053248255337565,,0.044718592491829162,0.41261366519058362,0.01375378883968612,30,0.00041261366519058365,1.3753788839686121e-05,0.3683333333333334,365_25_CALENDAR_DAYS_PER_YEAR,NOT_APPLICABLE_REQUIRES_365_CALENDAR_DAYS_AND_CONTIGUOUS_DAILY_RECORDS,RESET_REPORTING_HIGH_WATER_MARK_TO_GROUP_INITIAL_WEALTH_NOT_PORTFOLIO_STATE,0.00046832572714490355
fixed_no_memory,MONTH,2021-07,31,2021-07-01,2021-07-31,31,False,0.074506717764170505,0.071861689071736512,,23.181190023140811,0.0023991603528869454,0.012758349520647151,0.24383138637147758,,3.5938495528911201,0.0070000082703258306,6.5502192211370254,0.064593456704160002,,0.01778853119461369,0.19108407528761001,0.0061640024286325808,31,0.00019108407528761002,6.1640024286325817e-06,0.40000000000000013,365_25_CALENDAR_DAYS_PER_YEAR,NOT_APPLICABLE_REQUIRES_365_CALENDAR_DAYS_AND_CONTIGUOUS_DAILY_RECORDS,RESET_REPORTING_HIGH_WATER_MARK_TO_GROUP_INITIAL_WEALTH_NOT_PORTFOLIO_STATE,0.00021347971656227388
fixed_no_memory,MONTH,2021-08,31,2021-08-01,2021-08-31,31,False,0.060193348649214669,0.058451295876369998,,18.855256734312903,0.001996618169946794,0.015076263539144485,0.28813023456539505,,2.5310248598973391,0.0082964633034053221,4.599357149723815,0.033506805157894545,,0.020781225475239432,0.30510128228779881,0.0098419768479935093,31,0.00030510128228779877,9.841976847993509e-06,0.45645161290322583,365_25_CALENDAR_DAYS_PER_YEAR,NOT_APPLICABLE_REQUIRES_365_CALENDAR_DAYS_AND_CONTIGUOUS_DAILY_RECORDS,RESET_REPORTING_HIGH_WATER_MARK_TO_GROUP_INITIAL_WEALTH_NOT_PORTFOLIO_STATE,0.00038194704199079977
fixed_no_memory,MONTH,2021-09,30,2021-09-01,2021-09-30,30,False,-0.026979290462323315,-0.027349912811253548,,-9.1166376037511831,-0.00074139908156601697,0.018622867240062423,0.35591120387537906,,-0.76085273965358458,0.014852555507103444,-0.95399472185307332,0.11181589344348758,,0.051165245958094824,0.20117418009703464,0.0067058060032344881,30,0.00020117418009703463,6.7058060032344876e-06,0.4616666666666665,365_25_CALENDAR_DAYS_PER_YEAR,NOT_APPLICABLE_REQUIRES_365_CALENDAR_DAYS_AND_CONTIGUOUS_DAILY_RECORDS,RESET_REPORTING_HIGH_WATER_MARK_TO_GROUP_INITIAL_WEALTH_NOT_PORTFOLIO_STATE,0.00025337661031325873
fixed_no_memory,MONTH,2021-10,31,2021-10-01,2021-10-31,31,False,0.17624611926215036,0.16232811266622904,,52.363907311686788,0.0053875211886852672,0.016922024487498983,0.3234055223460971,,6.0845965149025272,0.0082608801481450864,12.464009811938887,0.057930907311358068,,0.026187538730148317,0.27685349419915117,0.0089307578773919725,31,0.00027685349419915119,8.9307578773919735e-06,0.48870967741935478,365_25_CALENDAR_DAYS_PER_YEAR,NOT_APPLICABLE_REQUIRES_365_CALENDAR_DAYS_AND_CONTIGUOUS_DAILY_RECORDS,RESET_REPORTING_HIGH_WATER_MARK_TO_GROUP_INITIAL_WEALTH_NOT_PORTFOLIO_STATE,0.00038690998168221686
fixed_no_memory,MONTH,2021-11,30,2021-11-01,2021-11-30,30,False,-0.032584612096110403,-0.033127312265460764,,-11.042437421820255,-0.00097370975063671035,0.016346327768815151,0.31240308595579286,,-1.1384250105339386,0.012501973961170408,-1.4884904112104278,0.10515267082262764,,0.038861265164774159,0.28571436997557698,0.0095238123325192322,30,0.00028571436997557704,9.5238123325192342e-06,0.4966666666666667,365_25_CALENDAR_DAYS_PER_YEAR,NOT_APPLICABLE_REQUIRES_365_CALENDAR_DAYS_AND_CONTIGUOUS_DAILY_RECORDS,RESET_REPORTING_HIGH_WATER_MARK_TO_GROUP_INITIAL_WEALTH_NOT_PORTFOLIO_STATE,0.00041866240954776331
fixed_no_memory,MONTH,2021-12,31,2021-12-01,2021-12-31,31,False,-0.092141189432703996,-0.096666407441378291,,-31.182712077863965,-0.0030030117902368099,0.015030698863186668,0.28725942458402703,,-3.8183257450031971,0.013062484896704895,-4.3936590081090552,0.096140341566888651,,0.037461086844389729,0.18948795647774214,0.0061125147250884557,31,0.00018948795647774215,6.1125147250884568e-06,0.45645161290322567,365_25_CALENDAR_DAYS_PER_YEAR,NOT_APPLICABLE_REQUIRES_365_CALENDAR_DAYS_AND_CONTIGUOUS_DAILY_RECORDS,RESET_REPORTING_HIGH_WATER_MARK_TO_GROUP_INITIAL_WEALTH_NOT_PORTFOLIO_STATE,0.0002498122527708762
fixed_no_memory,MONTH,2022-01,31,2022-01-01,2022-01-31,31,False,-0.076225804217901968,-0.079287614064544432,,-25.576649698240139,-0.0024787294114835389,0.012410036441691216,0.23717459578930239,,-3.8172550248537118,0.011210039591450647,-4.2258792735925752,0.12723327021192304,,0.038640878987419608,0.14893017360647864,0.0048041991485960854,31,0.00014893017360647864,4.8041991485960854e-06,0.44999999999999984,365_25_CALENDAR_DAYS_PER_YEAR,NOT_APPLICABLE_REQUIRES_365_CALENDAR_DAYS_AND_CONTIGUOUS_DAILY_RECORDS,RESET_REPORTING_HIGH_WATER_MARK_TO_GROUP_INITIAL_WEALTH_NOT_PORTFOLIO_STATE,0.00018074361369363215
fixed_no_memory,MONTH,2022-02,28,2022-02-01,2022-02-28,28,False,0.059756093482595481,0.058038781158679303,,20.728136128099752,0.0022706836647786964,0.020340854120573862,0.38874453566059153,,2.1334504603417241,0.010285716091415872,4.2190747053089712,0.078840441091806199,,0.030442947547441122,0.17658593740111178,0.0063066406214682775,28,0.0001765859374011118,6.3066406214682785e-06,0.4499999999999999,365_25_CALENDAR_DAYS_PER_YEAR,NOT_APPLICABLE_REQUIRES_365_CALENDAR_DAYS_AND_CONTIGUOUS_DAILY_RECORDS,RESET_REPORTING_HIGH_WATER_MARK_TO_GROUP_INITIAL_WEALTH_NOT_PORTFOLIO_STATE,0.00021441408069364598
fixed_no_memory,MONTH,2022-03,31,2022-03-01,2022-03-31,31,False,0.029202830892216702,0.02878455199708382,,9.2853393538980065,0.0010372005356233036,0.014961667217193527,0.2859401252562595,,1.3248839955459117,0.0098163240387904981,2.0193377240209802,0.067905196088367023,,0.032282133073633153,0.26004877692763462,0.0083886702234720837,31,0.00026004877692763461,8.3886702234720836e-06,0.45967741935483869,365_25_CALENDAR_DAYS_PER_YEAR,NOT_APPLICABLE_REQUIRES_365_CALENDAR_DAYS_AND_CONTIGUOUS_DAILY_RECORDS,RESET_REPORTING_HIGH_WATER_MARK_TO_GROUP_INITIAL_WEALTH_NOT_PORTFOLIO_STATE,0.00032418951352122756
fixed_no_memory,MONTH,2022-04,30,2022-04-01,2022-04-30,30,False,-0.082899203827115811,-0.08653789327577241,,-28.845964425257471,-0.0028146573656918539,0.011620640759157733,0.22208804847718308,,-4.6290361407024108,0.010386584913347053,-5.1790233749628287,0.093870428028193009,,0.029472968650546962,0.50787914437715265,0.016929304812571756,30,0.00050787914437715252,1.6929304812571752e-05,0.46166666666666667,365_25_CALENDAR_DAYS_PER_YEAR,NOT_APPLICABLE_REQUIRES_365_CALENDAR_DAYS_AND_CONTIGUOUS_DAILY_RECORDS,RESET_REPORTING_HIGH_WATER_MARK_TO_GROUP_INITIAL_WEALTH_NOT_PORTFOLIO_STATE,0.00062136654968202292
fixed_no_memory,MONTH,2022-05,31,2022-05-01,2022-05-31,31,False,-0.060248653004706103,-0.062139963183948599,,-20.045149414176965,-0.0018661716664190515,0.016718567963180525,0.31951715995951974,,-2.1332788550258588,0.013493663106462309,-2.6431197548636813,0.11891066348129592,,0.041295866477989079,0.37660921044284851,0.012148684207833823,31,0.00037660921044284856,1.2148684207833824e-05,0.40161290322580662,365_25_CALENDAR_DAYS_PER_YEAR,NOT_APPLICABLE_REQUIRES_365_CALENDAR_DAYS_AND_CONTIGUOUS_DAILY_RECORDS,RESET_REPORTING_HIGH_WATER_MARK_TO_GROUP_INITIAL_WEALTH_NOT_PORTFOLIO_STATE,0.00042705938462876171
fixed_no_memory,MONTH,2022-06,30,2022-06-01,2022-06-30,30,False,-0.16260209696866632,-0.17745592954241518,,-59.15197651413839,-0.0057451111002901588,0.017609240284113047,0.33653925725072664,,-6.2352364075542024,0.016511881242290357,-6.6496224456639661,0.17775457793263563,,0.054629210564630479,0.23091291146194454,0.007697097048731485,30,0.00023091291146194452,7.6970970487314839e-06,0.37666666666666659,365_25_CALENDAR_DAYS_PER_YEAR,NOT_APPLICABLE_REQUIRES_365_CALENDAR_DAYS_AND_CONTIGUOUS_DAILY_RECORDS,RESET_REPORTING_HIGH_WATER_MARK_TO_GROUP_INITIAL_WEALTH_NOT_PORTFOLIO_STATE,0.00022998268450906967
fixed_no_memory,MONTH,2022-07,31,2022-07-01,2022-07-31,31,False,0.067730830885120122,0.065535677766409853,,21.14054121497092,0.0021943745024240258,0.012751750923625389,0.24370527718648316,,3.2887892140188315,0.0065672789252760105,6.3858747853794373,0.038267974188544308,,0.019900908697312526,0.2025566460030665,0.006534085354937629,31,0.00020255664600306653,6.5340853549376298e-06,0.37903225806451618,365_25_CALENDAR_DAYS_PER_YEAR,NOT_APPLICABLE_REQUIRES_365_CALENDAR_DAYS_AND_CONTIGUOUS_DAILY_RECORDS,RESET_REPORTING_HIGH_WATER_MARK_TO_GROUP_INITIAL_WEALTH_NOT_PORTFOLIO_STATE,0.00019459983804552046
fixed_no_memory,MONTH,2022-08,31,2022-08-01,2022-08-31,31,False,-0.055849125805911649,-0.057469301249043973,,-18.538484273885153,-0.0017928948757963065,0.01099486999989522,0.21012862131657875,,-3.1164476751503538,0.0095297275051357665,-3.5955841372471298,0.083588066211157414,,0.035043882132115935,0.14161708361335845,0.0045682930197857565,31,0.00014161708361335845,4.5682930197857562e-06,0.40000000000000013,365_25_CALENDAR_DAYS_PER_YEAR,NOT_APPLICABLE_REQUIRES_365_CALENDAR_DAYS_AND_CONTIGUOUS_DAILY_RECORDS,RESET_REPORTING_HIGH_WATER_MARK_TO_GROUP_INITIAL_WEALTH_NOT_PORTFOLIO_STATE,0.00013785973569440513
fixed_no_memory,MONTH,2022-09,30,2022-09-01,2022-09-30,30,False,-0.0087155032638190893,-0.0087537053915356881,,-2.9179017971785628,-0.00020324837686078043,0.013537433986502903,0.25872087071290162,,-0.28693653296636845,0.0094202007505601558,-0.41234624146595278,0.072229950018510777,,0.033217941554367088,0.15932320625360724,0.0053107735417869083,30,0.00015932320625360724,5.3107735417869085e-06,0.40000000000000013,365_25_CALENDAR_DAYS_PER_YEAR,NOT_APPLICABLE_REQUIRES_365_CALENDAR_DAYS_AND_CONTIGUOUS_DAILY_RECORDS,RESET_REPORTING_HIGH_WATER_MARK_TO_GROUP_INITIAL_WEALTH_NOT_PORTFOLIO_STATE,0.00015009567494930453
fixed_no_memory,MONTH,2022-10,31,2022-10-01,2022-10-31,31,False,0.022829901938931748,0.022573199379989441,,7.2816772193514323,0.00075075035404450965,0.0068058674081717388,0.13007043606301788,,2.1081775007035746,0.0035568771596989242,4.0338690088172493,0.024923668496153441,,0.010092957637110314,0.55764801291600807,0.017988645577935745,31,0.000557648012916008,1.7988645577935742e-05,0.39354838709677409,365_25_CALENDAR_DAYS_PER_YEAR,NOT_APPLICABLE_REQUIRES_365_CALENDAR_DAYS_AND_CONTIGUOUS_DAILY_RECORDS,RESET_REPORTING_HIGH_WATER_MARK_TO_GROUP_INITIAL_WEALTH_NOT_PORTFOLIO_STATE,0.00052523130177991836
fixed_no_memory,MONTH,2022-11,30,2022-11-01,2022-11-30,30,False,-0.087253048638341976,-0.091296598510409763,,-30.432199503469924,-0.0028532411494863702,0.019359079461059678,0.36998133467238203,,-2.816753798600991,0.016647474240280409,-3.275557590437201,0.13264849579960888,,0.064212303695258821,0.35393975966071328,0.011797991988690443,30,0.00035393975966071335,1.1797991988690444e-05,0.39333333333333326,365_25_CALENDAR_DAYS_PER_YEAR,NOT_APPLICABLE_REQUIRES_365_CALENDAR_DAYS_AND_CONTIGUOUS_DAILY_RECORDS,RESET_REPORTING_HIGH_WATER_MARK_TO_GROUP_INITIAL_WEALTH_NOT_PORTFOLIO_STATE,0.00031821168999510049
fixed_no_memory,MONTH,2022-12,31,2022-12-01,2022-12-31,31,False,-0.016942254201215548,-0.017087416105847256,,-5.5120697115636306,-0.00053361162005076488,0.0059972656182790979,0.11461683094482387,,-1.7004626861247525,0.0045877552717149541,-2.2229011354501318,0.033762669665197621,,0.016107041695556053,0.51928231565894456,0.016751042440611114,31,0.00051928231565894455,1.6751042440611114e-05,0.38548387096774195,365_25_CALENDAR_DAYS_PER_YEAR,NOT_APPLICABLE_REQUIRES_365_CALENDAR_DAYS_AND_CONTIGUOUS_DAILY_RECORDS,RESET_REPORTING_HIGH_WATER_MARK_TO_GROUP_INITIAL_WEALTH_NOT_PORTFOLIO_STATE,0.0004492230284850662
fixed_no_memory,MONTH,2023-01,31,2023-01-01,2023-01-31,31,False,0.17709269909000364,0.16304758396187921,,52.59599482641265,0.0053360742290782508,0.011442826120705902,0.21868974137322048,,8.9121743888508469,0.0041935893714433138,24.318180168872821,0.019392438947491812,,0.016427126647763572,0.19880074583825585,0.0064129272851050278,31,0.00019880074583825588,6.4129272851050285e-06,0.4790322580645161,365_25_CALENDAR_DAYS_PER_YEAR,NOT_APPLICABLE_REQUIRES_365_CALENDAR_DAYS_AND_CONTIGUOUS_DAILY_RECORDS,RESET_REPORTING_HIGH_WATER_MARK_TO_GROUP_INITIAL_WEALTH_NOT_PORTFOLIO_STATE,0.00018399924320053611
fixed_no_memory,MONTH,2023-02,28,2023-02-01,2023-02-28,28,False,0.0030809751157259394,0.003076238638046941,,1.0986566564453362,0.00019685968970776737,0.013518579813707094,0.25836053890946181,,0.2783048911775155,0.0074463280563940313,0.50525397960377272,0.044641783344249612,,0.022865978620417338,0.25821363198903785,0.0092219154281799227,28,0.00025821363198903785,9.2219154281799236e-06,0.49642857142857139,365_25_CALENDAR_DAYS_PER_YEAR,NOT_APPLICABLE_REQUIRES_365_CALENDAR_DAYS_AND_CONTIGUOUS_DAILY_RECORDS,RESET_REPORTING_HIGH_WATER_MARK_TO_GROUP_INITIAL_WEALTH_NOT_PORTFOLIO_STATE,0.00026238253594676345
fixed_no_memory,MONTH,2023-03,31,2023-03-01,2023-03-31,31,False,0.10939582976606514,0.10381556963253161,,33.4888934298489,0.0035062714180614323,0.017818928504804585,0.34054671679510135,,3.7606165976267016,0.0088714384478759626,7.5534715909724346,0.07372785842519404,,0.027623854895408272,0.66877363286103653,0.021573342995517306,31,0.00066877363286103647,2.1573342995517305e-05,0.48548387096774198,365_25_CALENDAR_DAYS_PER_YEAR,NOT_APPLICABLE_REQUIRES_365_CALENDAR_DAYS_AND_CONTIGUOUS_DAILY_RECORDS,RESET_REPORTING_HIGH_WATER_MARK_TO_GROUP_INITIAL_WEALTH_NOT_PORTFOLIO_STATE,0.00070079223154888152
fixed_no_memory,MONTH,2023-04,30,2023-04-01,2023-04-30,30,False,0.012156077680645765,0.012082785930679161,,4.0275953102263875,0.00045301456527640328,0.01018482680770094,0.19464746881688694,,0.85006792522365049,0.00686818839931493,1.2605645171364444,0.053379312960591056,,0.022973607673791162,0.28157018267037465,0.0093856727556791541,30,0.00028157018267037468,9.3856727556791554e-06,0.49333333333333329,365_25_CALENDAR_DAYS_PER_YEAR,NOT_APPLICABLE_REQUIRES_365_CALENDAR_DAYS_AND_CONTIGUOUS_DAILY_RECORDS,RESET_REPORTING_HIGH_WATER_MARK_TO_GROUP_INITIAL_WEALTH_NOT_PORTFOLIO_STATE,0.00031688493766701404
fixed_no_memory,MONTH,2023-05,31,2023-05-01,2023-05-31,31,False,-0.032956809370782887,-0.033512119966587699,,-10.810361279544418,-0.0010430746490685322,0.0087876718896208426,0.16794572184719594,,-2.2684889581106189,0.006708506460260822,-2.9715610720793597,0.052815507266900721,,0.018769068198583611,0.46369672055966016,0.014957958727730973,31,0.00046369672055966016,1.4957958727730972e-05,0.49193548387096775,365_25_CALENDAR_DAYS_PER_YEAR,NOT_APPLICABLE_REQUIRES_365_CALENDAR_DAYS_AND_CONTIGUOUS_DAILY_RECORDS,RESET_REPORTING_HIGH_WATER_MARK_TO_GROUP_INITIAL_WEALTH_NOT_PORTFOLIO_STATE,0.00051964059808429653
fixed_no_memory,MONTH,2023-06,30,2023-06-01,2023-06-30,30,False,0.058081951302332673,0.056457789134194573,,18.819263044731525,0.0019577170962692936,0.012407518452414274,0.23712647319983485,,3.015505437934618,0.0069892270331302284,5.3532299333210416,0.039050622747778867,,0.022335730535817229,0.37152127543173713,0.012384042514391238,30,0.00037152127543173719,1.2384042514391239e-05,0.48833333333333329,365_25_CALENDAR_DAYS_PER_YEAR,NOT_APPLICABLE_REQUIRES_365_CALENDAR_DAYS_AND_CONTIGUOUS_DAILY_RECORDS,RESET_REPORTING_HIGH_WATER_MARK_TO_GROUP_INITIAL_WEALTH_NOT_PORTFOLIO_STATE,0.00041628448974032561
fixed_no_memory,MONTH,2023-07,31,2023-07-01,2023-07-31,31,False,-0.019221026811121956,-0.019408152458954449,,-6.2606943415982101,-0.00060620577057707075,0.0063715553838971694,0.12177007535999024,,-1.8183174893232061,0.004835589316075202,-2.3958838998624925,0.035681914949262379,,0.016600540618056377,0.15934324646836306,0.0051401047247859053,31,0.0001593432464683631,5.1401047247859067e-06,0.47741935483870945,365_25_CALENDAR_DAYS_PER_YEAR,NOT_APPLICABLE_REQUIRES_365_CALENDAR_DAYS_AND_CONTIGUOUS_DAILY_RECORDS,RESET_REPORTING_HIGH_WATER_MARK_TO_GROUP_INITIAL_WEALTH_NOT_PORTFOLIO_STATE,0.00018457760331309331
fixed_no_memory,MONTH,2023-08,31,2023-08-01,2023-08-31,31,False,-0.050780036416114969,-0.052114722631705516,,-16.811200848937261,-0.0016347468159651482,0.0096155504413425116,0.18376773508541505,,-3.249162723008709,0.0078282756178383543,-3.9909795695015546,0.0587441716128176,,0.029096239867837898,0.081358255549028369,0.0026244598564202698,31,8.1358255549028379e-05,2.6244598564202703e-06,0.44999999999999984,365_25_CALENDAR_DAYS_PER_YEAR,NOT_APPLICABLE_REQUIRES_365_CALENDAR_DAYS_AND_CONTIGUOUS_DAILY_RECORDS,RESET_REPORTING_HIGH_WATER_MARK_TO_GROUP_INITIAL_WEALTH_NOT_PORTFOLIO_STATE,9.0535451759558622e-05
fixed_no_memory,MONTH,2023-09,30,2023-09-01,2023-09-30,30,False,0.018028673336405846,0.017868084073912459,,5.9560280246374866,0.0006090799943353171,0.0052480664340589615,0.10029849960728345,,2.21804382719619,0.003211888236956506,3.6241738503984036,0.018690498229485101,,0.010892456406811832,0.072200604463638907,0.0024066868154546304,30,7.2200604463638898e-05,2.40668681545463e-06,0.4499999999999999,365_25_CALENDAR_DAYS_PER_YEAR,NOT_APPLICABLE_REQUIRES_365_CALENDAR_DAYS_AND_CONTIGUOUS_DAILY_RECORDS,RESET_REPORTING_HIGH_WATER_MARK_TO_GROUP_INITIAL_WEALTH_NOT_PORTFOLIO_STATE,7.8507070955693441e-05
fixed_no_memory,MONTH,2023-10,31,2023-10-01,2023-10-31,31,False,0.13005763215685837,0.12226863333242029,,39.441494623361379,0.0040128624062631965,0.01134413902917754,0.21680368155761598,,6.760484800614976,0.0028719303084723366,26.703948649649696,0.019597840980703062,,0.0081347156695777342,0.15893943694160556,0.0051270786110195346,31,0.00015893943694160554,5.1270786110195335e-06,0.46612903225806451,365_25_CALENDAR_DAYS_PER_YEAR,NOT_APPLICABLE_REQUIRES_365_CALENDAR_DAYS_AND_CONTIGUOUS_DAILY_RECORDS,RESET_REPORTING_HIGH_WATER_MARK_TO_GROUP_INITIAL_WEALTH_NOT_PORTFOLIO_STATE,0.00018450763145036198
fixed_no_memory,MONTH,2023-11,30,2023-11-01,2023-11-30,30,False,0.044990565806641437,0.044007857439793976,,14.669285813264658,0.0015266980658315702,0.011039577099449685,0.21098304171377602,,2.6429918917439283,0.006617686304737567,4.40902022527714,0.027050487735981087,,0.022392691065582671,0.11280555784297636,0.0037601852614325454,30,0.00011280555784297636,3.7601852614325452e-06,0.5,365_25_CALENDAR_DAYS_PER_YEAR,NOT_APPLICABLE_REQUIRES_365_CALENDAR_DAYS_AND_CONTIGUOUS_DAILY_RECORDS,RESET_REPORTING_HIGH_WATER_MARK_TO_GROUP_INITIAL_WEALTH_NOT_PORTFOLIO_STATE,0.00014447550150761655
fixed_no_memory,MONTH,2023-12,31,2023-12-01,2023-12-31,31,False,0.060810576281705976,0.059033310499407306,,19.043003386905582,0.0019725719916582128,0.0117247571758526,0.22407787092135234,,3.2153193753168043,0.0071131774291970599,5.2998592111119427,0.033172801594263224,,0.023196675374663526,0.140900060657211,0.0045451632470068061,31,0.00014090006065721098,4.5451632470068062e-06,0.5,365_25_CALENDAR_DAYS_PER_YEAR,NOT_APPLICABLE_REQUIRES_365_CALENDAR_DAYS_AND_CONTIGUOUS_DAILY_RECORDS,RESET_REPORTING_HIGH_WATER_MARK_TO_GROUP_INITIAL_WEALTH_NOT_PORTFOLIO_STATE,0.00019438171570768602
fixed_no_memory,MONTH,2024-01,31,2024-01-01,2024-01-31,31,False,0.0029559499565191502,0.0029515897267471986,,0.95212571830554782,0.00018575466967740034,0.013654770069678487,0.26096334100937696,,0.25998629860135258,0.0098215760405982386,0.36145452766377062,0.077792358968226547,,0.032767753304297036,0.31559193580159411,0.010180385025857875,31,0.00031559193580159409,1.0180385025857873e-05,0.4693548387096772,365_25_CALENDAR_DAYS_PER_YEAR,NOT_APPLICABLE_REQUIRES_365_CALENDAR_DAYS_AND_CONTIGUOUS_DAILY_RECORDS,RESET_REPORTING_HIGH_WATER_MARK_TO_GROUP_INITIAL_WEALTH_NOT_PORTFOLIO_STATE,0.00044094181895991793
fixed_no_memory,MONTH,2024-02,29,2024-02-01,2024-02-29,29,False,0.19539319890162651,0.17847516800052085,,61.543161379489952,0.0062443229594291473,0.012239280142561506,0.23391118424213636,,9.7504485231050673,0.0028964920388144457,41.201035387189968,0.014648124063204938,,0.0089363899135740978,0.16004398749121468,0.0055187581893522304,29,0.00016004398749121468,5.5187581893522304e-06,0.48448275862068968,365_25_CALENDAR_DAYS_PER_YEAR,NOT_APPLICABLE_REQUIRES_365_CALENDAR_DAYS_AND_CONTIGUOUS_DAILY_RECORDS,RESET_REPORTING_HIGH_WATER_MARK_TO_GROUP_INITIAL_WEALTH_NOT_PORTFOLIO_STATE,0.00024170432920716687
fixed_no_memory,MONTH,2024-03,31,2024-03-01,2024-03-31,31,False,0.085798090019389039,0.082315283433871206,,26.553317236732649,0.0028401652769070762,0.019374289194175373,0.37027201571274221,,2.8016439897394343,0.012129065776900675,4.4751889283764079,0.076818204351015162,,0.038102797630046911,0.22688780223574445,0.0073189613624433693,31,0.00022688780223574444,7.3189613624433692e-06,0.5,365_25_CALENDAR_DAYS_PER_YEAR,NOT_APPLICABLE_REQUIRES_365_CALENDAR_DAYS_AND_CONTIGUOUS_DAILY_RECORDS,RESET_REPORTING_HIGH_WATER_MARK_TO_GROUP_INITIAL_WEALTH_NOT_PORTFOLIO_STATE,0.00039350544984557626
fixed_no_memory,MONTH,2024-04,30,2024-04-01,2024-04-30,30,False,-0.067760706121356748,-0.070165744163306301,,-23.388581387768767,-0.0022603717940480562,0.012489071040660379,0.23868506670145115,,-3.4589545512234303,0.010464352421785806,-4.1282181042286377,0.07026706249377257,,0.025701141608948194,0.21113579326134718,0.0070378597753782395,30,0.00021113579326134722,7.0378597753782412e-06,0.4499999999999999,365_25_CALENDAR_DAYS_PER_YEAR,NOT_APPLICABLE_REQUIRES_365_CALENDAR_DAYS_AND_CONTIGUOUS_DAILY_RECORDS,RESET_REPORTING_HIGH_WATER_MARK_TO_GROUP_INITIAL_WEALTH_NOT_PORTFOLIO_STATE,0.00037022377204410544
fixed_no_memory,MONTH,2024-05,31,2024-05-01,2024-05-31,31,False,0.052327457536884801,0.051004337303513732,,16.453012033391527,0.0017251127774216707,0.012806121477833304,0.24474438084082709,,2.5745123944768222,0.0060936457672046149,5.4104750635976089,0.024721274867308515,,0.01695390377564477,0.1690475238777368,0.0054531459315398968,31,0.00016904752387773676,5.4531459315398956e-06,0.44999999999999984,365_25_CALENDAR_DAYS_PER_YEAR,NOT_APPLICABLE_REQUIRES_365_CALENDAR_DAYS_AND_CONTIGUOUS_DAILY_RECORDS,RESET_REPORTING_HIGH_WATER_MARK_TO_GROUP_INITIAL_WEALTH_NOT_PORTFOLIO_STATE,0.00029211285092855204
fixed_no_memory,MONTH,2024-06,30,2024-06-01,2024-06-30,30,False,-0.031507872453509569,-0.032014924669423468,,-10.671641556474489,-0.001037886606855504,0.0076958179695713084,0.14707873943618999,,-2.5774499061330332,0.0061811687111910886,-3.2090347683563287,0.070832315369679197,,0.018571377880591898,0.092404477844595323,0.0030801492614865107,30,9.2404477844595318e-05,3.0801492614865106e-06,0.4499999999999999,365_25_CALENDAR_DAYS_PER_YEAR,NOT_APPLICABLE_REQUIRES_365_CALENDAR_DAYS_AND_CONTIGUOUS_DAILY_RECORDS,RESET_REPORTING_HIGH_WATER_MARK_TO_GROUP_INITIAL_WEALTH_NOT_PORTFOLIO_STATE,0.00016019486703215219
fixed_no_memory,MONTH,2024-07,31,2024-07-01,2024-07-31,31,False,0.011416120876818765,0.011351448706995977,,3.6617576474180575,0.00042183270086960315,0.010731706347409742,0.2050991652631706,,0.7512190202964687,0.0069316280206489179,1.1630546106044239,0.051341061524900644,,0.021164880856701634,0.36419474986404132,0.011748217737549719,31,0.00036419474986404139,1.1748217737549723e-05,0.43064516129032238,365_25_CALENDAR_DAYS_PER_YEAR,NOT_APPLICABLE_REQUIRES_365_CALENDAR_DAYS_AND_CONTIGUOUS_DAILY_RECORDS,RESET_REPORTING_HIGH_WATER_MARK_TO_GROUP_INITIAL_WEALTH_NOT_PORTFOLIO_STATE,0.00060490384036993115
fixed_no_memory,MONTH,2024-08,31,2024-08-01,2024-08-31,31,False,-0.047965205976101356,-0.049153696514214855,,-15.856031133617694,-0.0014722299108796972,0.015264439048284539,0.29172655360341204,,-1.8432740122787372,0.01064012533741422,-2.6443808618285933,0.081319448407783684,,0.030305774779117434,0.36182064050793622,0.011671633564772136,31,0.00036182064050793619,1.1671633564772135e-05,0.41774193548387095,365_25_CALENDAR_DAYS_PER_YEAR,NOT_APPLICABLE_REQUIRES_365_CALENDAR_DAYS_AND_CONTIGUOUS_DAILY_RECORDS,RESET_REPORTING_HIGH_WATER_MARK_TO_GROUP_INITIAL_WEALTH_NOT_PORTFOLIO_STATE,0.00060016301738181183
fixed_no_memory,MONTH,2024-09,30,2024-09-01,2024-09-30,30,False,0.036322472884012663,0.035678362666247701,,11.8927875554159,0.0012352502877065999,0.0096822295844121772,0.18504207451861737,,2.4382301633753145,0.0060990153186885662,3.8707074811077509,0.037120457578906543,,0.0157330988063209,0.2477198663329816,0.0082573288777660538,30,0.00024771986633298162,8.2573288777660534e-06,0.43833333333333319,365_25_CALENDAR_DAYS_PER_YEAR,NOT_APPLICABLE_REQUIRES_365_CALENDAR_DAYS_AND_CONTIGUOUS_DAILY_RECORDS,RESET_REPORTING_HIGH_WATER_MARK_TO_GROUP_INITIAL_WEALTH_NOT_PORTFOLIO_STATE,0.00040444171728576693
fixed_no_memory,MONTH,2024-10,31,2024-10-01,2024-10-31,31,False,0.049430023893881507,0.048247182394726182,,15.563607224105219,0.0015979436632420061,0.0091457594884603709,0.17478931831131342,,3.3391566981205245,0.0053360483714331025,5.7231722671003258,0.021441039278945938,,0.016041792448926975,0.11916520880814091,0.0038440389938109972,31,0.00011916520880814092,3.844038993810997e-06,0.44999999999999984,365_25_CALENDAR_DAYS_PER_YEAR,NOT_APPLICABLE_REQUIRES_365_CALENDAR_DAYS_AND_CONTIGUOUS_DAILY_RECORDS,RESET_REPORTING_HIGH_WATER_MARK_TO_GROUP_INITIAL_WEALTH_NOT_PORTFOLIO_STATE,0.00020631714611510347
fixed_no_memory,MONTH,2024-11,30,2024-11-01,2024-11-30,30,False,0.15720228485760163,0.14600526858868668,,48.668422862895561,0.0049787877702219012,0.01449503632314016,0.27702210199340227,,6.5644662284630977,0.0055808445370103465,17.049780869648171,0.031927234609693649,,0.020112453005528733,0.172319955603709,0.0057439985201236336,30,0.000172319955603709,5.743998520123633e-06,0.4499999999999999,365_25_CALENDAR_DAYS_PER_YEAR,NOT_APPLICABLE_REQUIRES_365_CALENDAR_DAYS_AND_CONTIGUOUS_DAILY_RECORDS,RESET_REPORTING_HIGH_WATER_MARK_TO_GROUP_INITIAL_WEALTH_NOT_PORTFOLIO_STATE,0.00033798442648065314
fixed_no_memory,MONTH,2024-12,31,2024-12-01,2024-12-31,31,False,-0.011617745022476417,-0.011685758309374688,,-3.7695994546369964,-0.00032585241986776779,0.010264144060089922,0.19616334166406699,,-0.60672700284909398,0.0073888966744872601,-0.84282317600845835,0.057826983098971066,,0.02218389137068812,0.13330314554336475,0.0043001014691407989,31,0.00013330314554336472,4.3001014691407971e-06,0.44999999999999984,365_25_CALENDAR_DAYS_PER_YEAR,NOT_APPLICABLE_REQUIRES_365_CALENDAR_DAYS_AND_CONTIGUOUS_DAILY_RECORDS,RESET_REPORTING_HIGH_WATER_MARK_TO_GROUP_INITIAL_WEALTH_NOT_PORTFOLIO_STATE,0.00027874767625335814
fixed_no_memory,MONTH,2025-01,31,2025-01-01,2025-01-31,31,False,0.043439591995677609,0.042522556061334524,,13.716953568172427,0.0014220364686820246,0.010104927133813876,0.19312046501259519,,2.689506884483913,0.0064015156183305543,4.2454432221924732,0.043462220600498397,,0.02002330879165785,0.12682565500653437,0.0040911501615011085,31,0.00012682565500653437,4.0911501615011088e-06,0.44999999999999984,365_25_CALENDAR_DAYS_PER_YEAR,NOT_APPLICABLE_REQUIRES_365_CALENDAR_DAYS_AND_CONTIGUOUS_DAILY_RECORDS,RESET_REPORTING_HIGH_WATER_MARK_TO_GROUP_INITIAL_WEALTH_NOT_PORTFOLIO_STATE,0.00026751585993447906
fixed_no_memory,MONTH,2025-02,28,2025-02-01,2025-02-28,28,False,-0.080282665469659717,-0.08368890122420658,,-29.888893294359491,-0.0029464248627612201,0.008857842073430126,0.16928678035734807,,-6.3571513313196677,0.0081341742732332772,-6.9227238854500968,0.080670735673964142,,0.021639166868507784,0.21648614076412592,0.0077316478844330688,28,0.00021648614076412594,7.7316478844330696e-06,0.44285714285714289,365_25_CALENDAR_DAYS_PER_YEAR,NOT_APPLICABLE_REQUIRES_365_CALENDAR_DAYS_AND_CONTIGUOUS_DAILY_RECORDS,RESET_REPORTING_HIGH_WATER_MARK_TO_GROUP_INITIAL_WEALTH_NOT_PORTFOLIO_STATE,0.00043733958216383176
fixed_no_memory,MONTH,2025-03,31,2025-03-01,2025-03-31,31,False,-0.013193148251383912,-0.01328095094952462,,-4.2841777256531035,-0.00034906026329442261,0.012794319664295792,0.24451883030610533,,-0.52140876434212391,0.0090772903345720489,-0.73491869939985954,0.066443805070025938,,0.030037029281737689,0.39563233128463837,0.012762333267246399,31,0.00039563233128463838,1.27623332672464e-05,0.35806451612903223,365_25_CALENDAR_DAYS_PER_YEAR,NOT_APPLICABLE_REQUIRES_365_CALENDAR_DAYS_AND_CONTIGUOUS_DAILY_RECORDS,RESET_REPORTING_HIGH_WATER_MARK_TO_GROUP_INITIAL_WEALTH_NOT_PORTFOLIO_STATE,0.00077930442941631997
fixed_no_memory,MONTH,2025-04,30,2025-04-01,2025-04-30,30,False,0.050010451524813822,0.048800117953048956,,16.266705984349652,0.0016851504037420466,0.010895315980642821,0.20822599319889931,,2.9559286787929988,0.0064286497408013931,5.0097265009306637,0.040997141977470938,,0.021323736783291095,0.26799135400332735,0.0089330451334442458,30,0.00026799135400332739,8.9330451334442459e-06,0.39166666666666677,365_25_CALENDAR_DAYS_PER_YEAR,NOT_APPLICABLE_REQUIRES_365_CALENDAR_DAYS_AND_CONTIGUOUS_DAILY_RECORDS,RESET_REPORTING_HIGH_WATER_MARK_TO_GROUP_INITIAL_WEALTH_NOT_PORTFOLIO_STATE,0.00051916826678362164
fixed_no_memory,MONTH,2025-05,28,2025-05-01,2025-05-28,28,False,0.060801556893574617,0.059024808108239409,,21.0802886100855,0.0021451492454126753,0.0085347778369641893,0.16311253340345708,,4.8035288615679939,0.0041656886709881425,9.8416024107733975,0.0176870533275892,,0.014738051515704708,0.22213676217054756,0.0079334557918052696,28,0.00022213676217054757,7.9334557918052706e-06,0.44285714285714278,365_25_CALENDAR_DAYS_PER_YEAR,NOT_APPLICABLE_REQUIRES_365_CALENDAR_DAYS_AND_CONTIGUOUS_DAILY_RECORDS,RESET_REPORTING_HIGH_WATER_MARK_TO_GROUP_INITIAL_WEALTH_NOT_PORTFOLIO_STATE,0.00046148087047794884
llama_frozen_W,FULL,FULL,1608,2021-01-02,2025-05-28,1608,False,1.2820171061700942,0.82505974754241651,,5.1309685792438842,0.00063169524918887802,0.015404148627243382,0.29439661529687644,0.20612003801011389,0.78372738604201508,0.010397806199855345,1.1610769527518321,0.47991118316224191,0.42949621772083524,0.035065444734942698,12.835051046652808,0.0079819969195602039,1608,0.012835051046652807,7.9819969195602025e-06,0.48896144278606968,365_25_CALENDAR_DAYS_PER_YEAR,REPORTED,RESET_REPORTING_HIGH_WATER_MARK_TO_GROUP_INITIAL_WEALTH_NOT_PORTFOLIO_STATE,0.018269798861953322
llama_frozen_W,REGIME,FULL:BEAR,503,2021-05-14,2025-04-11,1429,True,,0.04121712953825972,0.04121712953825972,0.81942603455784724,0.00021006414907052297,0.016010512131884178,,,,0.011260639875793047,,,,0.03809580375494076,3.7179683931341692,0.0073915872626921855,503,0.0037179683931341696,7.3915872626921863e-06,0.44294234592445331,NOT_APPLICABLE_CONDITIONAL_SELECTION,NOT_APPLICABLE_CONDITIONAL_SELECTION,NOT_APPLICABLE_CONDITIONAL_SELECTION,0.0043083394154195638
llama_frozen_W,REGIME,FULL:BULL,531,2021-01-02,2025-05-28,1608,True,,0.92205388679076838,0.92205388679076838,17.364479977227276,0.001869445372963592,0.016283565847910141,,,,0.0098659725790834745,,,,0.032842936949846809,5.7890484686889554,0.010902162841222139,531,0.0057890484686889563,1.090216284122214e-05,0.52561205273069678,NOT_APPLICABLE_CONDITIONAL_SELECTION,NOT_APPLICABLE_CONDITIONAL_SELECTION,NOT_APPLICABLE_CONDITIONAL_SELECTION,0.0092120241479019954
llama_frozen_W,REGIME,FULL:MIX,574,2021-04-11,2025-05-05,1486,True,,-0.1382112687866115,-0.1382112687866115,-2.4078618255507229,-0.00014385330893802172,0.013909486641375649,,,,0.010085033453040043,,,,0.034273514746179984,3.3280341848296824,0.0057979689631179132,574,0.0033280341848296825,5.7979689631179142e-06,0.49538327526132409,NOT_APPLICABLE_CONDITIONAL_SELECTION,NOT_APPLICABLE_CONDITIONAL_SELECTION,NOT_APPLICABLE_CONDITIONAL_SELECTION,0.0047494352986317632
llama_frozen_W,POST2021,POST2021,1244,2022-01-01,2025-05-28,1244,False,0.77384235058107587,0.57314801329875964,,4.6072991422729874,0.00055883513948557818,0.014013341736216928,0.26781618874051233,0.18326977389058227,0.76214412450949487,0.0094252644977171358,1.1331444408364595,0.39702871359078268,0.46160332393358922,0.031969629456444069,8.8390796451421778,0.0071053694896641298,1244,0.0088390796451421772,7.1053694896641293e-06,0.49598070739549838,365_25_CALENDAR_DAYS_PER_YEAR,REPORTED,RESET_REPORTING_HIGH_WATER_MARK_TO_GROUP_INITIAL_WEALTH_NOT_PORTFOLIO_STATE,0.013340557170368247
llama_frozen_W,REGIME,POST2021:BEAR,380,2022-01-01,2025-04-11,1197,True,,0.0025388680852039824,0.0025388680852039824,0.066812318031683748,0.00012718676583629428,0.015538720638542383,,,,0.01088452354293773,,,,0.037636519863661309,2.4772936317168308,0.0065191937676758703,380,0.002477293631716831,6.5191937676758706e-06,0.45618421052631575,NOT_APPLICABLE_CONDITIONAL_SELECTION,NOT_APPLICABLE_CONDITIONAL_SELECTION,NOT_APPLICABLE_CONDITIONAL_SELECTION,0.0028411165681641159
llama_frozen_W,REGIME,POST2021:BULL,388,2023-01-16,2025-05-28,864,True,,0.57524096491963816,0.57524096491963816,14.825798064939129,0.0015818041924259257,0.014068557539723966,,,,0.0085138150683425548,,,,0.028342306483249789,3.9327164527595304,0.010135867146287449,388,0.0039327164527595306,1.0135867146287451e-05,0.53195876288659782,NOT_APPLICABLE_CONDITIONAL_SELECTION,NOT_APPLICABLE_CONDITIONAL_SELECTION,NOT_APPLICABLE_CONDITIONAL_SELECTION,0.0069436783949744091
llama_frozen_W,REGIME,POST2021:MIX,476,2022-03-25,2025-05-05,1138,True,,-0.0046318197060823685,-0.0046318197060823685,-0.097307136682402692,6.9579655128168625e-05,0.012598649936849515,,,,0.0088602143506122839,,,,0.029914179037655492,2.4290695606658166,0.005103087312323144,476,0.0024290695606658166,5.103087312323144e-06,0.49842436974789917,NOT_APPLICABLE_CONDITIONAL_SELECTION,NOT_APPLICABLE_CONDITIONAL_SELECTION,NOT_APPLICABLE_CONDITIONAL_SELECTION,0.0035557622072297235
llama_frozen_W,YEAR,2021,364,2021-01-02,2021-12-31,364,False,0.28648247992418829,0.25191173424365676,,6.9206520396608999,0.00088070067905400215,0.019441212237024677,0.37155101644020588,,0.86576515415411848,0.013190948978388272,1.2759903883266444,0.28167049678051542,,0.04256741491295743,3.99597140151063,0.010977943410743488,364,0.0039959714015106304,1.0977943410743489e-05,0.46497252747252749,365_25_CALENDAR_DAYS_PER_YEAR,NOT_APPLICABLE_REQUIRES_365_CALENDAR_DAYS_AND_CONTIGUOUS_DAILY_RECORDS,RESET_REPORTING_HIGH_WATER_MARK_TO_GROUP_INITIAL_WEALTH_NOT_PORTFOLIO_STATE,0.0049292416915850757
llama_frozen_W,YEAR_REGIME,2021:BEAR,123,2021-05-14,2021-12-31,232,True,,0.038678261453055765,0.038678261453055765,3.1445741018744524,0.0004661080972738311,0.017452512046336875,,,,0.012350480452066603,,,,0.039083445590406364,1.2406747614173379,0.010086786678189739,123,0.0012406747614173382,1.0086786678189741e-05,0.40203252032520331,NOT_APPLICABLE_CONDITIONAL_SELECTION,NOT_APPLICABLE_CONDITIONAL_SELECTION,NOT_APPLICABLE_CONDITIONAL_SELECTION,0.0014672228472554479
llama_frozen_W,YEAR_REGIME,2021:BULL,143,2021-01-02,2021-11-17,320,True,,0.34681292187113016,0.34681292187113016,24.252651879100011,0.0026498983663105474,0.021199252743427384,,,,0.012836238334655156,,,,0.040016902178324112,1.8563320159294254,0.01298134276873724,143,0.0018563320159294256,1.2981342768737242e-05,0.50839160839160835,NOT_APPLICABLE_CONDITIONAL_SELECTION,NOT_APPLICABLE_CONDITIONAL_SELECTION,NOT_APPLICABLE_CONDITIONAL_SELECTION,0.0022683457529275881
llama_frozen_W,YEAR_REGIME,2021:MIX,98,2021-04-11,2021-12-04,238,True,,-0.13357944908052918,-0.13357944908052918,-13.630556028625426,-0.0011805277058309462,0.019087064206525499,,,,0.014642932698976803,,,,0.049680266155044783,0.89896462416386624,0.0091731084098353698,98,0.00089896462416386635,9.1731084098353708e-06,0.48061224489795917,NOT_APPLICABLE_CONDITIONAL_SELECTION,NOT_APPLICABLE_CONDITIONAL_SELECTION,NOT_APPLICABLE_CONDITIONAL_SELECTION,0.0011936730914020401
llama_frozen_W,YEAR,2022,365,2022-01-01,2022-12-31,365,False,-0.36642238862932192,-0.45637277469544518,,-12.50336369028617,-0.0011277396872720546,0.015578032092952072,0.29771979173456636,-0.3666204039620129,-1.3835389255658073,0.012026873912829554,-1.7920545222745965,0.39702871359078268,-0.92341030109950284,0.041961215401163869,2.4376118931692385,0.0066783887484088726,365,0.0024376118931692392,6.6783887484088744e-06,0.45397260273972606,365_25_CALENDAR_DAYS_PER_YEAR,REPORTED,RESET_REPORTING_HIGH_WATER_MARK_TO_GROUP_INITIAL_WEALTH_NOT_PORTFOLIO_STATE,0.0025187667730633611
llama_frozen_W,YEAR_REGIME,2022:BEAR,321,2022-01-01,2022-12-31,365,True,,-0.25648110845319183,-0.25648110845319183,-7.990065683900057,-0.00068131013814390481,0.015317204749719874,,,,0.011375152912329463,,,,0.039490577414830162,2.1170089475729874,0.006595043450383138,321,0.0021170089475729876,6.5950434503831387e-06,0.44828660436137063,NOT_APPLICABLE_CONDITIONAL_SELECTION,NOT_APPLICABLE_CONDITIONAL_SELECTION,NOT_APPLICABLE_CONDITIONAL_SELECTION,0.0021756585032452033
llama_frozen_W,YEAR_REGIME,2022:MIX,44,2022-03-25,2022-12-17,268,True,,-0.19989166624225341,-0.19989166624225341,-45.429924145966687,-0.0043846461706842392,0.017203071969678425,,,,0.015997280854877022,,,,0.058009696546766014,0.32060294559625147,0.0072864305817329882,44,0.00032060294559625149,7.2864305817329885e-06,0.49545454545454537,NOT_APPLICABLE_CONDITIONAL_SELECTION,NOT_APPLICABLE_CONDITIONAL_SELECTION,NOT_APPLICABLE_CONDITIONAL_SELECTION,0.00034310826981815768
llama_frozen_W,YEAR,2023,365,2023-01-01,2023-12-31,365,False,0.62447021997713381,0.48518174415051418,,13.292650524671622,0.0013955565170249646,0.011496502093721031,0.21971557052878143,0.62501014755857043,2.319940351139552,0.0065664198838518654,4.0617565699344871,0.10376470063024161,6.0233407291922054,0.022444445859568438,1.4236670658702839,0.0039004577147131068,365,0.001423667065870284,3.9004577147131068e-06,0.49835616438356167,365_25_CALENDAR_DAYS_PER_YEAR,REPORTED,RESET_REPORTING_HIGH_WATER_MARK_TO_GROUP_INITIAL_WEALTH_NOT_PORTFOLIO_STATE,0.0015278146132936183
llama_frozen_W,YEAR_REGIME,2023:BEAR,1,2023-01-01,2023-01-01,1,True,,0.0022006272932039777,0.0022006272932039777,22.006272932039778,0.0022030504506085347,,,,,0,,,,-0.0022030504506085347,0.0010422127693460737,0.0010422127693460737,1,1.0422127693460737e-06,1.0422127693460737e-06,0.45000000000000001,NOT_APPLICABLE_CONDITIONAL_SELECTION,NOT_APPLICABLE_CONDITIONAL_SELECTION,NOT_APPLICABLE_CONDITIONAL_SELECTION,8.4949355498291492e-07
llama_frozen_W,YEAR_REGIME,2023:BULL,180,2023-01-16,2023-12-31,350,True,,0.16820295549066772,0.16820295549066772,9.3446086383704277,0.00099857344759348701,0.011344265966355479,,,,0.0069897317998026329,,,,0.02291453970292695,0.72609489704277674,0.004033860539126537,180,0.00072609489704277669,4.0338605391265371e-06,0.5,NOT_APPLICABLE_CONDITIONAL_SELECTION,NOT_APPLICABLE_CONDITIONAL_SELECTION,NOT_APPLICABLE_CONDITIONAL_SELECTION,0.00081811144929503309
llama_frozen_W,YEAR_REGIME,2023:MIX,184,2023-01-02,2023-10-21,293,True,,0.31477816136664238,0.31477816136664238,17.107508769926216,0.0017795209657428034,0.011692237294179687,,,,0.0061431649315654632,,,,0.021584372432328747,0.69652995605816126,0.0037854888916204416,184,0.00069652995605816123,3.7854888916204415e-06,0.49701086956521739,NOT_APPLICABLE_CONDITIONAL_SELECTION,NOT_APPLICABLE_CONDITIONAL_SELECTION,NOT_APPLICABLE_CONDITIONAL_SELECTION,0.00070885367044360196
llama_frozen_W,YEAR,2024,366,2024-01-01,2024-12-31,366,False,0.59844240276243377,0.46902965681505998,,12.815017945766666,0.0013906294869600333,0.014783343929621516,0.28253209709708133,0.59690683571186576,1.7977689095537428,0.0090807367882100622,2.9267488658431113,0.12926542130839591,4.6176837523144796,0.029602816558841859,3.268159513436542,0.00892939757769547,366,0.0032681595134365416,8.9293975776954687e-06,0.52568306010928956,365_25_CALENDAR_DAYS_PER_YEAR,REPORTED,RESET_REPORTING_HIGH_WATER_MARK_TO_GROUP_INITIAL_WEALTH_NOT_PORTFOLIO_STATE,0.005634671234521247
llama_frozen_W,YEAR_REGIME,2024:BEAR,21,2024-07-05,2024-09-02,60,True,,0.15158128498403739,0.15158128498403739,72.181564278113044,0.0073577610921077867,0.015609916577547062,,,,0.0052693617156459593,,,,0.0200839776927625,0.12902386797142323,0.0061439937129249157,21,0.00012902386797142322,6.1439937129249151e-06,0.5,NOT_APPLICABLE_CONDITIONAL_SELECTION,NOT_APPLICABLE_CONDITIONAL_SELECTION,NOT_APPLICABLE_CONDITIONAL_SELECTION,0.00020635408739586318
llama_frozen_W,YEAR_REGIME,2024:BULL,153,2024-01-01,2024-12-31,366,True,,0.33277714108481365,0.33277714108481365,21.7501399401839,0.0023261843961460593,0.017365928928922445,,,,0.01032537925973223,,,,0.034817358170278749,2.0919107146556755,0.013672619050037095,153,0.0020919107146556756,1.3672619050037095e-05,0.56143790849673192,NOT_APPLICABLE_CONDITIONAL_SELECTION,NOT_APPLICABLE_CONDITIONAL_SELECTION,NOT_APPLICABLE_CONDITIONAL_SELECTION,0.0036940328234070187
llama_frozen_W,YEAR_REGIME,2024:MIX,192,2024-01-15,2024-11-05,296,True,,-0.015328769253791091,-0.015328769253791091,-0.79837339863495271,-7.5458506106166707e-06,0.012064375810329249,,,,0.0083183191335531714,,,,0.02592246438914992,1.0472249308094432,0.0054542965146325171,192,0.0010472249308094432,5.4542965146325171e-06,0.5,NOT_APPLICABLE_CONDITIONAL_SELECTION,NOT_APPLICABLE_CONDITIONAL_SELECTION,NOT_APPLICABLE_CONDITIONAL_SELECTION,0.0017342843237183653
llama_frozen_W,YEAR,2025,148,2025-01-01,2025-05-28,148,False,0.078217685852317767,0.075309387028630811,,5.0884720965291095,0.00059775255697888511,0.0133839486369674,0.25578753317544134,,0.85355653860889569,0.0089282116368615012,1.2795347305975107,0.15078535452893826,,0.029200619219374394,1.7096411726661127,0.011551629545041303,148,0.0017096411726661128,1.1551629545041303e-05,0.52027027027027029,365_25_CALENDAR_DAYS_PER_YEAR,NOT_APPLICABLE_REQUIRES_365_CALENDAR_DAYS_AND_CONTIGUOUS_DAILY_RECORDS,RESET_REPORTING_HIGH_WATER_MARK_TO_GROUP_INITIAL_WEALTH_NOT_PORTFOLIO_STATE,0.0036593045494900207
llama_frozen_W,YEAR_REGIME,2025:BEAR,37,2025-02-27,2025-04-11,44,True,,0.1052380642611544,0.1052380642611544,28.442720070582268,0.0029814997831652218,0.016621613243225194,,,,0.0088548156143219668,,,,0.02602111983813496,0.23021860340307415,0.0062221244162993013,37,0.00023021860340307419,6.2221244162993022e-06,0.5,NOT_APPLICABLE_CONDITIONAL_SELECTION,NOT_APPLICABLE_CONDITIONAL_SELECTION,NOT_APPLICABLE_CONDITIONAL_SELECTION,0.00045825448396806631
llama_frozen_W,YEAR_REGIME,2025:BULL,55,2025-01-01,2025-05-28,148,True,,0.074260868344156711,0.074260868344156711,13.501976062573949,0.0014198289724378986,0.011842993733875975,,,,0.0074078536086805485,,,,0.024278613537290425,1.1147108410610782,0.020267469837474149,55,0.0011147108410610781,2.0267469837474147e-05,0.55454545454545456,NOT_APPLICABLE_CONDITIONAL_SELECTION,NOT_APPLICABLE_CONDITIONAL_SELECTION,NOT_APPLICABLE_CONDITIONAL_SELECTION,0.0024315341222723563
llama_frozen_W,YEAR_REGIME,2025:MIX,56,2025-01-10,2025-05-05,116,True,,-0.1041895455766803,-0.1041895455766803,-18.605275995835765,-0.0017846197683629042,0.012245229152423228,,,,0.010245412906644949,,,,0.033505629344628744,0.36471172820196046,0.0065127094321778657,56,0.00036471172820196047,6.5127094321778657e-06,0.5,NOT_APPLICABLE_CONDITIONAL_SELECTION,NOT_APPLICABLE_CONDITIONAL_SELECTION,NOT_APPLICABLE_CONDITIONAL_SELECTION,0.00076951594324959857
llama_frozen_W,MONTH,2021-01,30,2021-01-02,2021-01-31,30,False,0.054680006040883092,0.053237409110109934,,17.745803036703311,0.0021188428937800965,0.026601248556076582,0.5083901569041992,,1.5222705562708505,0.017417791292933398,2.3248813099159631,0.12817436724554648,,0.055104155928685949,0.75372791509143622,0.025124263836381208,30,0.00075372791509143626,2.5124263836381208e-05,0.47833333333333317,365_25_CALENDAR_DAYS_PER_YEAR,NOT_APPLICABLE_REQUIRES_365_CALENDAR_DAYS_AND_CONTIGUOUS_DAILY_RECORDS,RESET_REPORTING_HIGH_WATER_MARK_TO_GROUP_INITIAL_WEALTH_NOT_PORTFOLIO_STATE,0.0007813448738056858
llama_frozen_W,MONTH,2021-02,28,2021-02-01,2021-02-28,28,False,0.15202101794113002,0.1415178068478305,,50.542073874225174,0.0053914539739064139,0.026156982161800478,0.49989955311102885,,3.9392484984517426,0.01367067855166656,7.5372156777353467,0.11940166982527897,,0.046857929179379476,0.4107322536607631,0.014669009059312968,28,0.0004107322536607631,1.4669009059312968e-05,0.48928571428571427,365_25_CALENDAR_DAYS_PER_YEAR,NOT_APPLICABLE_REQUIRES_365_CALENDAR_DAYS_AND_CONTIGUOUS_DAILY_RECORDS,RESET_REPORTING_HIGH_WATER_MARK_TO_GROUP_INITIAL_WEALTH_NOT_PORTFOLIO_STATE,0.00051195494257658754
llama_frozen_W,MONTH,2021-03,31,2021-03-01,2021-03-31,31,False,0.1605696968195581,0.14891100250721964,,48.035807260393433,0.0050068424259416908,0.019982379039151534,0.38189353381733737,,4.7886361881945536,0.010741639678692542,8.9081691674048411,0.088516806881406285,,0.030919475527249714,0.26442154759434816,0.0085297273417531665,31,0.00026442154759434821,8.5297273417531688e-06,0.54354838709677433,365_25_CALENDAR_DAYS_PER_YEAR,NOT_APPLICABLE_REQUIRES_365_CALENDAR_DAYS_AND_CONTIGUOUS_DAILY_RECORDS,RESET_REPORTING_HIGH_WATER_MARK_TO_GROUP_INITIAL_WEALTH_NOT_PORTFOLIO_STATE,0.0003564668263934078
llama_frozen_W,MONTH,2021-04,30,2021-04-01,2021-04-30,30,False,-0.010139474463606272,-0.010191229075057248,,-3.3970763583524164,-0.00017581532698373776,0.018502757340163697,0.3536157217393982,,-0.18159981084815974,0.011262632837497576,-0.29834029765723064,0.1264358109492143,,0.031281055592211456,0.35823686560836066,0.011941228853612021,30,0.00035823686560836066,1.1941228853612022e-05,0.52666666666666673,365_25_CALENDAR_DAYS_PER_YEAR,NOT_APPLICABLE_REQUIRES_365_CALENDAR_DAYS_AND_CONTIGUOUS_DAILY_RECORDS,RESET_REPORTING_HIGH_WATER_MARK_TO_GROUP_INITIAL_WEALTH_NOT_PORTFOLIO_STATE,0.00050246803349385683
llama_frozen_W,MONTH,2021-05,31,2021-05-01,2021-05-31,31,False,-0.17622754996346038,-0.19386094007816715,,-62.535787121989408,-0.005966995882453501,0.02329946914008919,0.44528815055219129,,-4.8944604597348089,0.020673292573931211,-5.5162151859050743,0.20453649074036123,,0.064687211506819026,0.44669990005660587,0.014409674195374382,31,0.00044669990005660585,1.4409674195374383e-05,0.41290322580645172,365_25_CALENDAR_DAYS_PER_YEAR,NOT_APPLICABLE_REQUIRES_365_CALENDAR_DAYS_AND_CONTIGUOUS_DAILY_RECORDS,RESET_REPORTING_HIGH_WATER_MARK_TO_GROUP_INITIAL_WEALTH_NOT_PORTFOLIO_STATE,0.00055004463842044582
llama_frozen_W,MONTH,2021-06,30,2021-06-01,2021-06-30,30,False,-0.022420472956237746,-0.022675632842438807,,-7.5585442808129351,-0.00057165782996663193,0.01947495508541576,0.37219589338843539,,-0.5609895920517427,0.014105021045447199,-0.77456439613890815,0.097053248255337898,,0.044718592491829225,0.41261366519058384,0.013753788839686127,30,0.00041261366519058392,1.375378883968613e-05,0.3683333333333334,365_25_CALENDAR_DAYS_PER_YEAR,NOT_APPLICABLE_REQUIRES_365_CALENDAR_DAYS_AND_CONTIGUOUS_DAILY_RECORDS,RESET_REPORTING_HIGH_WATER_MARK_TO_GROUP_INITIAL_WEALTH_NOT_PORTFOLIO_STATE,0.00046919649070339183
llama_frozen_W,MONTH,2021-07,31,2021-07-01,2021-07-31,31,False,0.074506717764170907,0.071861689071736887,,23.181190023140928,0.0023991603528869584,0.012758349520647194,0.24383138637147841,,3.5938495528911276,0.0070000082703258583,6.5502192211370351,0.064593456704160113,,0.017788531194613755,0.19108407528761018,0.006164002428632586,31,0.00019108407528761016,6.1640024286325859e-06,0.40000000000000013,365_25_CALENDAR_DAYS_PER_YEAR,NOT_APPLICABLE_REQUIRES_365_CALENDAR_DAYS_AND_CONTIGUOUS_DAILY_RECORDS,RESET_REPORTING_HIGH_WATER_MARK_TO_GROUP_INITIAL_WEALTH_NOT_PORTFOLIO_STATE,0.00021387664192187817
llama_frozen_W,MONTH,2021-08,31,2021-08-01,2021-08-31,31,False,0.060193348649214364,0.058451295876369706,,18.85525673431281,0.0019966181699467844,0.015076263539144524,0.28813023456539577,,2.5310248598973204,0.0082964633034053482,4.5993571497237786,0.033506805157894684,,0.020781225475239477,0.30510128228779887,0.0098419768479935128,31,0.00030510128228779883,9.8419768479935107e-06,0.45645161290322583,365_25_CALENDAR_DAYS_PER_YEAR,NOT_APPLICABLE_REQUIRES_365_CALENDAR_DAYS_AND_CONTIGUOUS_DAILY_RECORDS,RESET_REPORTING_HIGH_WATER_MARK_TO_GROUP_INITIAL_WEALTH_NOT_PORTFOLIO_STATE,0.00038265720063928042
llama_frozen_W,MONTH,2021-09,30,2021-09-01,2021-09-30,30,False,-0.026979290462323176,-0.027349912811253405,,-9.1166376037511352,-0.00074139908156601133,0.018622867240062457,0.35591120387537972,,-0.76085273965357747,0.014852555507103462,-0.953994721853065,0.11181589344348757,,0.051165245958094858,0.20117418009703464,0.0067058060032344881,30,0.00020117418009703465,6.7058060032344885e-06,0.4616666666666665,365_25_CALENDAR_DAYS_PER_YEAR,NOT_APPLICABLE_REQUIRES_365_CALENDAR_DAYS_AND_CONTIGUOUS_DAILY_RECORDS,RESET_REPORTING_HIGH_WATER_MARK_TO_GROUP_INITIAL_WEALTH_NOT_PORTFOLIO_STATE,0.00025384771643885878
llama_frozen_W,MONTH,2021-10,31,2021-10-01,2021-10-31,31,False,0.17624611926215059,0.16232811266622924,,52.363907311686852,0.0053875211886852759,0.016922024487499028,0.32340552234609798,,6.0845965149025201,0.0082608801481451107,12.464009811938871,0.057930907311358255,,0.026187538730148348,0.27685349419915162,0.0089307578773919882,31,0.00027685349419915163,8.9307578773919887e-06,0.48870967741935478,365_25_CALENDAR_DAYS_PER_YEAR,NOT_APPLICABLE_REQUIRES_365_CALENDAR_DAYS_AND_CONTIGUOUS_DAILY_RECORDS,RESET_REPORTING_HIGH_WATER_MARK_TO_GROUP_INITIAL_WEALTH_NOT_PORTFOLIO_STATE,0.0003876293679831115
llama_frozen_W,MONTH,2021-11,30,2021-11-01,2021-11-30,30,False,-0.033091547415021509,-0.03365145958754398,,-11.217153195847994,-0.00099029840531721374,0.016400690560812399,0.31344204126253233,,-1.15398206024046,0.012552165361203757,-1.5077958374599947,0.10562157975447355,,0.038861265164774242,0.18583826595919473,0.0061946088653064913,30,0.00018583826595919471,6.1946088653064906e-06,0.5,365_25_CALENDAR_DAYS_PER_YEAR,NOT_APPLICABLE_REQUIRES_365_CALENDAR_DAYS_AND_CONTIGUOUS_DAILY_RECORDS,RESET_REPORTING_HIGH_WATER_MARK_TO_GROUP_INITIAL_WEALTH_NOT_PORTFOLIO_STATE,0.0002696093750695534
llama_frozen_W,MONTH,2021-12,31,2021-12-01,2021-12-31,31,False,-0.092141189432704274,-0.096666407441378596,,-31.182712077864064,-0.0030030117902368186,0.015030698863186696,0.28725942458402753,,-3.8183257450032015,0.01306248489670492,-4.3936590081090596,0.096140341566888873,,0.037461086844389764,0.1894879564777423,0.0061125147250884618,31,0.00018948795647774232,6.1125147250884619e-06,0.45645161290322567,365_25_CALENDAR_DAYS_PER_YEAR,NOT_APPLICABLE_REQUIRES_365_CALENDAR_DAYS_AND_CONTIGUOUS_DAILY_RECORDS,RESET_REPORTING_HIGH_WATER_MARK_TO_GROUP_INITIAL_WEALTH_NOT_PORTFOLIO_STATE,0.00025014558413901771
llama_frozen_W,MONTH,2022-01,31,2022-01-01,2022-01-31,31,False,-0.079906466368143109,-0.083279947115640546,,-26.864499069561464,-0.0025955915426722148,0.013308875136612117,0.25435276485828834,,-3.7272636351691442,0.012062111926994258,-4.1125208107783076,0.13475078390860845,,0.042000449290728638,0.19976258759452881,0.0064439544385331872,31,0.00019976258759452881,6.4439544385331875e-06,0.46935483870967742,365_25_CALENDAR_DAYS_PER_YEAR,NOT_APPLICABLE_REQUIRES_365_CALENDAR_DAYS_AND_CONTIGUOUS_DAILY_RECORDS,RESET_REPORTING_HIGH_WATER_MARK_TO_GROUP_INITIAL_WEALTH_NOT_PORTFOLIO_STATE,0.00024292662593330313
llama_frozen_W,MONTH,2022-02,28,2022-02-01,2022-02-28,28,False,0.065918107816164834,0.063836500856641235,,22.798750305943297,0.0025236201117626272,0.022600965720866353,0.43193869208041219,,2.1339886023679044,0.01142830035421597,4.2202428844149242,0.087312914665550592,,0.03382519222931088,0.17832857886580711,0.0063688778166359683,28,0.00017832857886580713,6.3688778166359686e-06,0.5,365_25_CALENDAR_DAYS_PER_YEAR,NOT_APPLICABLE_REQUIRES_365_CALENDAR_DAYS_AND_CONTIGUOUS_DAILY_RECORDS,RESET_REPORTING_HIGH_WATER_MARK_TO_GROUP_INITIAL_WEALTH_NOT_PORTFOLIO_STATE,0.00021645105182664635
llama_frozen_W,MONTH,2022-03,31,2022-03-01,2022-03-31,31,False,0.030980957833416926,0.030510735255544576,,9.8421726630788946,0.0010935448836307923,0.015003695048864403,0.28674334078550273,,1.3929434861572929,0.0098171706335594047,2.1288515873568605,0.067951857558860948,,0.032282133073633174,0.30124572432052371,0.0097176040103394753,31,0.00030124572432052376,9.7176040103394763e-06,0.46290322580645166,365_25_CALENDAR_DAYS_PER_YEAR,NOT_APPLICABLE_REQUIRES_365_CALENDAR_DAYS_AND_CONTIGUOUS_DAILY_RECORDS,RESET_REPORTING_HIGH_WATER_MARK_TO_GROUP_INITIAL_WEALTH_NOT_PORTFOLIO_STATE,0.0003781371057236718
llama_frozen_W,MONTH,2022-04,30,2022-04-01,2022-04-30,30,False,-0.088454115931838453,-0.092613347053962944,,-30.871115684654313,-0.0030051802496610324,0.012587017000815373,0.24055696237380503,,-4.5629196318294438,0.011163843348566739,-5.144603447572111,0.09935888703814956,,0.030435845914774107,0.15979881377877531,0.0053266271259591767,30,0.00015979881377877533,5.3266271259591776e-06,0.5,365_25_CALENDAR_DAYS_PER_YEAR,NOT_APPLICABLE_REQUIRES_365_CALENDAR_DAYS_AND_CONTIGUOUS_DAILY_RECORDS,RESET_REPORTING_HIGH_WATER_MARK_TO_GROUP_INITIAL_WEALTH_NOT_PORTFOLIO_STATE,0.00019800998335174058
llama_frozen_W,MONTH,2022-05,31,2022-05-01,2022-05-31,31,False,-0.077494360175248453,-0.080661789454975985,,-26.019932082250318,-0.0024065876052704821,0.019805316036961052,0.37850959162094805,,-2.3222822942497827,0.016252466511108246,-2.8299418265664618,0.14422997930694065,,0.051617604462442304,0.24307502921375751,0.0078411299746373384,31,0.00024307502921375751,7.8411299746373388e-06,0.46451612903225792,365_25_CALENDAR_DAYS_PER_YEAR,NOT_APPLICABLE_REQUIRES_365_CALENDAR_DAYS_AND_CONTIGUOUS_DAILY_RECORDS,RESET_REPORTING_HIGH_WATER_MARK_TO_GROUP_INITIAL_WEALTH_NOT_PORTFOLIO_STATE,0.00026605257052848136
llama_frozen_W,MONTH,2022-06,30,2022-06-01,2022-06-30,30,False,-0.19242408701256392,-0.21371821841241667,,-71.23940613747223,-0.0068897552207229295,0.020515983700681736,0.39209152723213081,,-6.4181011819702256,0.019644200502124339,-6.7029278806428421,0.20703694740331219,,0.066666470191940025,0.29834763543656723,0.0099449211812189069,30,0.00029834763543656726,9.9449211812189088e-06,0.41833333333333322,365_25_CALENDAR_DAYS_PER_YEAR,NOT_APPLICABLE_REQUIRES_365_CALENDAR_DAYS_AND_CONTIGUOUS_DAILY_RECORDS,RESET_REPORTING_HIGH_WATER_MARK_TO_GROUP_INITIAL_WEALTH_NOT_PORTFOLIO_STATE,0.00028778457092808359
llama_frozen_W,MONTH,2022-07,31,2022-07-01,2022-07-31,31,False,0.075278285896447417,0.072579498679759963,,23.412741509599989,0.0024362096826182587,0.013865492420492963,0.26499056434695678,,3.3579519662113504,0.0070168295306021009,6.635426631475787,0.04221336341207467,,0.021729670910827104,0.25555041279780066,0.0082435617031548607,31,0.00025555041279780067,8.2435617031548603e-06,0.40806451612903211,365_25_CALENDAR_DAYS_PER_YEAR,NOT_APPLICABLE_REQUIRES_365_CALENDAR_DAYS_AND_CONTIGUOUS_DAILY_RECORDS,RESET_REPORTING_HIGH_WATER_MARK_TO_GROUP_INITIAL_WEALTH_NOT_PORTFOLIO_STATE,0.00023174252706855414
llama_frozen_W,MONTH,2022-08,31,2022-08-01,2022-08-31,31,False,-0.062848112890196484,-0.064909910510277002,,-20.938680809766776,-0.0020165839247319613,0.012369290599758985,0.23639588102599146,,-3.1157788169217939,0.010720786761627613,-3.5948829584991988,0.093701225914412961,,0.039424206991788217,0.14621120754540867,0.0047164905659809247,31,0.00014621120754540866,4.7164905659809243e-06,0.44999999999999984,365_25_CALENDAR_DAYS_PER_YEAR,NOT_APPLICABLE_REQUIRES_365_CALENDAR_DAYS_AND_CONTIGUOUS_DAILY_RECORDS,RESET_REPORTING_HIGH_WATER_MARK_TO_GROUP_INITIAL_WEALTH_NOT_PORTFOLIO_STATE,0.00013510481985300936
llama_frozen_W,MONTH,2022-09,30,2022-09-01,2022-09-30,30,False,-0.010154638277390857,-0.010206548334228495,,-3.4021827780761646,-0.00022815737746169815,0.015229619181675961,0.29106109320552126,,-0.2863126816439252,0.010597548298813389,-0.41145678088673066,0.081025704514028019,,0.037369714402739937,0.16432685210748166,0.0054775617369160557,30,0.00016432685210748165,5.4775617369160551e-06,0.4499999999999999,365_25_CALENDAR_DAYS_PER_YEAR,NOT_APPLICABLE_REQUIRES_365_CALENDAR_DAYS_AND_CONTIGUOUS_DAILY_RECORDS,RESET_REPORTING_HIGH_WATER_MARK_TO_GROUP_INITIAL_WEALTH_NOT_PORTFOLIO_STATE,0.00014629381267235845
llama_frozen_W,MONTH,2022-10,31,2022-10-01,2022-10-31,31,False,0.028407486121222132,0.028011475769744269,,9.035959925723958,0.00093385098838219636,0.0078739338083042131,0.15048280293379826,,2.2666315808634439,0.0040337231572656913,4.4245245247888336,0.029045724589365361,,0.010812232572604703,0.15272242212769543,0.0049265297460546918,31,0.00015272242212769542,4.9265297460546907e-06,0.46129032258064517,365_25_CALENDAR_DAYS_PER_YEAR,NOT_APPLICABLE_REQUIRES_365_CALENDAR_DAYS_AND_CONTIGUOUS_DAILY_RECORDS,RESET_REPORTING_HIGH_WATER_MARK_TO_GROUP_INITIAL_WEALTH_NOT_PORTFOLIO_STATE,0.0001354338658804273
llama_frozen_W,MONTH,2022-11,30,2022-11-01,2022-11-30,30,False,-0.085779551396251569,-0.089683545577320514,,-29.894515192440174,-0.0027924772170372591,0.019740614931967135,0.37727305549181145,,-2.7034856814602186,0.01680292409139483,-3.1761418144550317,0.13356115993027332,,0.064212303695258904,0.21137833592799299,0.0070459445309330997,30,0.00021137833592799299,7.0459445309331001e-06,0.43000000000000005,365_25_CALENDAR_DAYS_PER_YEAR,NOT_APPLICABLE_REQUIRES_365_CALENDAR_DAYS_AND_CONTIGUOUS_DAILY_RECORDS,RESET_REPORTING_HIGH_WATER_MARK_TO_GROUP_INITIAL_WEALTH_NOT_PORTFOLIO_STATE,0.00017595835573344429
llama_frozen_W,MONTH,2022-12,31,2022-12-01,2022-12-31,31,False,-0.016106558348462748,-0.016237678798313115,,-5.2379609026816496,-0.0005035278702522646,0.0064464471119184399,0.12320136973248175,,-1.4927882296194248,0.0047634373964577249,-2.0202176643891971,0.034689493967445646,,0.016107041695556094,0.12686429345289996,0.0040923965629967732,31,0.00012686429345289994,4.0923965629967723e-06,0.43709677419354825,365_25_CALENDAR_DAYS_PER_YEAR,NOT_APPLICABLE_REQUIRES_365_CALENDAR_DAYS_AND_CONTIGUOUS_DAILY_RECORDS,RESET_REPORTING_HIGH_WATER_MARK_TO_GROUP_INITIAL_WEALTH_NOT_PORTFOLIO_STATE,0.00010487148356364078
llama_frozen_W,MONTH,2023-01,31,2023-01-01,2023-01-31,31,False,0.17743643361461528,0.16333956125982732,,52.690181051557204,0.0053455115387562192,0.011439965113179316,0.21863506318537984,,8.930169118734792,0.0041935893714433311,24.361188977822128,0.019392438947491868,,0.016427126647763624,0.15121534571770029,0.0048779143779903323,31,0.00015121534571770033,4.8779143779903334e-06,0.48064516129032253,365_25_CALENDAR_DAYS_PER_YEAR,NOT_APPLICABLE_REQUIRES_365_CALENDAR_DAYS_AND_CONTIGUOUS_DAILY_RECORDS,RESET_REPORTING_HIGH_WATER_MARK_TO_GROUP_INITIAL_WEALTH_NOT_PORTFOLIO_STATE,0.00013621270081216988
llama_frozen_W,MONTH,2023-02,28,2023-02-01,2023-02-28,28,False,0.0023775525055685096,0.0023747305995448914,,0.84811807126603267,0.00017201386316975653,0.013534780905606359,0.25867016631793943,,0.24288871197279729,0.0074720045103290706,0.43996835072198837,0.044641783344249841,,0.022865978620417355,0.12539314768356852,0.0044783267029845902,28,0.00012539314768356851,4.4783267029845899e-06,0.5,365_25_CALENDAR_DAYS_PER_YEAR,NOT_APPLICABLE_REQUIRES_365_CALENDAR_DAYS_AND_CONTIGUOUS_DAILY_RECORDS,RESET_REPORTING_HIGH_WATER_MARK_TO_GROUP_INITIAL_WEALTH_NOT_PORTFOLIO_STATE,0.00012146059805805934
llama_frozen_W,MONTH,2023-03,31,2023-03-01,2023-03-31,31,False,0.11485516054937314,0.10872449562165545,,35.0724179424695,0.0036736890091618878,0.018310940708670918,0.34994981533745328,,3.8343066685218279,0.0091384719024790832,7.6828777081558028,0.075858519641980787,,0.028447807864827385,0.20662474866920488,0.0066653144732001573,31,0.0002066247486692049,6.6653144732001579e-06,0.5,365_25_CALENDAR_DAYS_PER_YEAR,NOT_APPLICABLE_REQUIRES_365_CALENDAR_DAYS_AND_CONTIGUOUS_DAILY_RECORDS,RESET_REPORTING_HIGH_WATER_MARK_TO_GROUP_INITIAL_WEALTH_NOT_PORTFOLIO_STATE,0.00020667697560102069
llama_frozen_W,MONTH,2023-04,30,2023-04-01,2023-04-30,30,False,0.015045177593310949,0.014933121447361201,,4.977707149120401,0.00054981257826669148,0.010362656014927326,0.19804605435220085,,1.0140017425178123,0.0068753073699822113,1.5283318535148176,0.05337931296059116,,0.022973607673791228,0.11376707312468504,0.0037922357708228345,30,0.00011376707312468504,3.7922357708228347e-06,0.5,365_25_CALENDAR_DAYS_PER_YEAR,NOT_APPLICABLE_REQUIRES_365_CALENDAR_DAYS_AND_CONTIGUOUS_DAILY_RECORDS,RESET_REPORTING_HIGH_WATER_MARK_TO_GROUP_INITIAL_WEALTH_NOT_PORTFOLIO_STATE,0.00012302522390836534
llama_frozen_W,MONTH,2023-05,31,2023-05-01,2023-05-31,31,False,-0.034349133029620782,-0.034952931453773539,,-11.275139178636627,-0.0010882699948629752,0.0089308370304570645,0.1706818245628075,,-2.3288397381610664,0.0068413481119359567,-3.0401154613492185,0.055028593641404645,,0.018769068198583681,0.10226517971079868,0.0032988767648644735,31,0.00010226517971079866,3.2988767648644728e-06,0.5,365_25_CALENDAR_DAYS_PER_YEAR,NOT_APPLICABLE_REQUIRES_365_CALENDAR_DAYS_AND_CONTIGUOUS_DAILY_RECORDS,RESET_REPORTING_HIGH_WATER_MARK_TO_GROUP_INITIAL_WEALTH_NOT_PORTFOLIO_STATE,0.00010838769711830352
llama_frozen_W,MONTH,2023-06,30,2023-06-01,2023-06-30,30,False,0.060428645063334452,0.058673208518776818,,19.557736172925605,0.0020332477944268587,0.012535829042828354,0.23957868295440984,,3.0997906314383155,0.0070351361666613089,5.5234816361362444,0.039050622747778839,,0.022335730535817271,0.13606287347416535,0.0045354291158055116,30,0.00013606287347416534,4.535429115805511e-06,0.5,365_25_CALENDAR_DAYS_PER_YEAR,NOT_APPLICABLE_REQUIRES_365_CALENDAR_DAYS_AND_CONTIGUOUS_DAILY_RECORDS,RESET_REPORTING_HIGH_WATER_MARK_TO_GROUP_INITIAL_WEALTH_NOT_PORTFOLIO_STATE,0.0001441558012700141
llama_frozen_W,MONTH,2023-07,31,2023-07-01,2023-07-31,31,False,-0.019997481673171155,-0.020200137599567253,,-6.5161734192152432,-0.00063087926905947716,0.0065078448990516192,0.12437477445325669,,-1.8526960473851968,0.0049863993753870711,-2.4179889362618323,0.036760953145897585,,0.01713588566119947,0.065935422544683653,0.002126949114344634,31,6.5935422544683648e-05,2.126949114344634e-06,0.5,365_25_CALENDAR_DAYS_PER_YEAR,NOT_APPLICABLE_REQUIRES_365_CALENDAR_DAYS_AND_CONTIGUOUS_DAILY_RECORDS,RESET_REPORTING_HIGH_WATER_MARK_TO_GROUP_INITIAL_WEALTH_NOT_PORTFOLIO_STATE,7.3297566524904625e-05
llama_frozen_W,MONTH,2023-08,31,2023-08-01,2023-08-31,31,False,-0.056421598676787886,-0.058075821363819259,,-18.734135923812666,-0.0018161211615228797,0.010683794932035794,0.20418350553659359,,-3.2487357512203587,0.0086978372666607438,-3.9905122952176031,0.06520322579541464,,0.032328759231859724,0.082215090065962837,0.0026520996795471883,31,8.2215090065962837e-05,2.6520996795471881e-06,0.5,365_25_CALENDAR_DAYS_PER_YEAR,NOT_APPLICABLE_REQUIRES_365_CALENDAR_DAYS_AND_CONTIGUOUS_DAILY_RECORDS,RESET_REPORTING_HIGH_WATER_MARK_TO_GROUP_INITIAL_WEALTH_NOT_PORTFOLIO_STATE,8.7431636891162703e-05
llama_frozen_W,MONTH,2023-09,30,2023-09-01,2023-09-30,30,False,0.020008388936226754,0.019810851709640264,,6.6036172365467554,0.00067699788574385373,0.0058312194992044767,0.11144343807374389,,2.2188249217896328,0.003568666960947796,3.6255709178937368,0.02075529096394961,,0.012102664295678373,0.072951729301364954,0.0024317243100454985,30,7.2951729301364932e-05,2.4317243100454978e-06,0.5,365_25_CALENDAR_DAYS_PER_YEAR,NOT_APPLICABLE_REQUIRES_365_CALENDAR_DAYS_AND_CONTIGUOUS_DAILY_RECORDS,RESET_REPORTING_HIGH_WATER_MARK_TO_GROUP_INITIAL_WEALTH_NOT_PORTFOLIO_STATE,7.5601901137237675e-05
llama_frozen_W,MONTH,2023-10,31,2023-10-01,2023-10-31,31,False,0.13600020126821324,0.12751349747166685,,41.133386281182851,0.0041873382348138321,0.011759727135521413,0.22474619982499322,,6.8051219173302799,0.00314440651705028,25.450391492901474,0.02176753738578981,,0.0090381279393318796,0.11353083707796247,0.0036622850670310473,31,0.00011353083707796248,3.6622850670310478e-06,0.5,365_25_CALENDAR_DAYS_PER_YEAR,NOT_APPLICABLE_REQUIRES_365_CALENDAR_DAYS_AND_CONTIGUOUS_DAILY_RECORDS,RESET_REPORTING_HIGH_WATER_MARK_TO_GROUP_INITIAL_WEALTH_NOT_PORTFOLIO_STATE,0.00012644443181241937
llama_frozen_W,MONTH,2023-11,30,2023-11-01,2023-11-30,30,False,0.044990565806641312,0.044007857439793859,,14.669285813264619,0.0015266980658315665,0.011039577099449714,0.21098304171377658,,2.642991891743915,0.0066176863047375861,4.409020225277116,0.027050487735981017,,0.022392691065582688,0.11280555784297647,0.0037601852614325489,30,0.00011280555784297648,3.7601852614325495e-06,0.5,365_25_CALENDAR_DAYS_PER_YEAR,NOT_APPLICABLE_REQUIRES_365_CALENDAR_DAYS_AND_CONTIGUOUS_DAILY_RECORDS,RESET_REPORTING_HIGH_WATER_MARK_TO_GROUP_INITIAL_WEALTH_NOT_PORTFOLIO_STATE,0.00013861852203508464
llama_frozen_W,MONTH,2023-12,31,2023-12-01,2023-12-31,31,False,0.060810576281706288,0.059033310499407604,,19.043003386905678,0.0019725719916582232,0.011724757175852632,0.22407787092135295,,3.2153193753168128,0.0071131774291970842,5.2998592111119516,0.033172801594263314,,0.023196675374663574,0.14090006065721095,0.0045451632470068044,31,0.00014090006065721098,4.5451632470068062e-06,0.5,365_25_CALENDAR_DAYS_PER_YEAR,NOT_APPLICABLE_REQUIRES_365_CALENDAR_DAYS_AND_CONTIGUOUS_DAILY_RECORDS,RESET_REPORTING_HIGH_WATER_MARK_TO_GROUP_INITIAL_WEALTH_NOT_PORTFOLIO_STATE,0.0001865015581248762
llama_frozen_W,MONTH,2024-01,31,2024-01-01,2024-01-31,31,False,0.0010808033995629224,0.0010802197520696109,,0.34845798453858418,0.00014378395656392432,0.014973554316740802,0.28616730573582366,,0.1835188335017372,0.010835880454522006,0.25359538000776061,0.085671335572716112,,0.036044254705815286,0.34381017571205591,0.011090650829421159,31,0.00034381017571205591,1.1090650829421159e-05,0.51774193548387104,365_25_CALENDAR_DAYS_PER_YEAR,NOT_APPLICABLE_REQUIRES_365_CALENDAR_DAYS_AND_CONTIGUOUS_DAILY_RECORDS,RESET_REPORTING_HIGH_WATER_MARK_TO_GROUP_INITIAL_WEALTH_NOT_PORTFOLIO_STATE,0.0004608488729192257
llama_frozen_W,MONTH,2024-02,29,2024-02-01,2024-02-29,29,False,0.21721551552810683,0.19656588586061013,,67.781339951934527,0.006887113734157505,0.013475624956972344,0.25753960652694069,,9.7675007169737409,0.0031888634738061212,41.275889516773688,0.016104366503702967,,0.0098281560068703509,0.15904218865664255,0.0054842134019531912,29,0.00015904218865664255,5.4842134019531913e-06,0.53448275862068972,365_25_CALENDAR_DAYS_PER_YEAR,NOT_APPLICABLE_REQUIRES_365_CALENDAR_DAYS_AND_CONTIGUOUS_DAILY_RECORDS,RESET_REPORTING_HIGH_WATER_MARK_TO_GROUP_INITIAL_WEALTH_NOT_PORTFOLIO_STATE,0.00023206615102219094
llama_frozen_W,MONTH,2024-03,31,2024-03-01,2024-03-31,31,False,0.097397099122597225,0.092941102229910477,,29.981000719325962,0.0032185378480871613,0.021149731415401354,0.4042034060954402,,2.9083647769565326,0.013115555887817003,4.6899372330670186,0.081596155101815115,,0.041912085518393552,0.31111791837732489,0.010036061883139512,31,0.00031111791837732489,1.0036061883139513e-05,0.54838709677419373,365_25_CALENDAR_DAYS_PER_YEAR,NOT_APPLICABLE_REQUIRES_365_CALENDAR_DAYS_AND_CONTIGUOUS_DAILY_RECORDS,RESET_REPORTING_HIGH_WATER_MARK_TO_GROUP_INITIAL_WEALTH_NOT_PORTFOLIO_STATE,0.00052955711683051591
llama_frozen_W,MONTH,2024-04,30,2024-04-01,2024-04-30,30,False,-0.077465491816308782,-0.080630496521894621,,-26.876832173964871,-0.0025842067216348334,0.014332058155253461,0.27390734231702046,,-3.4459883298224043,0.012032254279748184,-4.1046427375180983,0.079001682231865863,,0.030577981156795733,0.39483365925864905,0.013161121975288301,30,0.00039483365925864906,1.3161121975288302e-05,0.51500000000000001,365_25_CALENDAR_DAYS_PER_YEAR,NOT_APPLICABLE_REQUIRES_365_CALENDAR_DAYS_AND_CONTIGUOUS_DAILY_RECORDS,RESET_REPORTING_HIGH_WATER_MARK_TO_GROUP_INITIAL_WEALTH_NOT_PORTFOLIO_STATE,0.00067675322696473335
llama_frozen_W,MONTH,2024-05,31,2024-05-01,2024-05-31,31,False,0.058007572687989541,0.05638749096057713,,18.189513213089395,0.0019173467114032186,0.014228912190906717,0.27193606668731707,,2.5752776925514294,0.0067702587581712223,5.4124076292193655,0.027448330660229954,,0.018836593464333081,0.17063431474081364,0.005504332733574634,31,0.00017063431474081362,5.5043327335746331e-06,0.5,365_25_CALENDAR_DAYS_PER_YEAR,NOT_APPLICABLE_REQUIRES_365_CALENDAR_DAYS_AND_CONTIGUOUS_DAILY_RECORDS,RESET_REPORTING_HIGH_WATER_MARK_TO_GROUP_INITIAL_WEALTH_NOT_PORTFOLIO_STATE,0.0002885350304533597
llama_frozen_W,MONTH,2024-06,30,2024-06-01,2024-06-30,30,False,-0.035043036159980785,-0.035671775694604349,,-11.89059189820145,-0.0011528978745395935,0.0085509830484178546,0.16342223954285981,,-2.5767358827875326,0.0068678220373340594,-3.2082405068432998,0.078443708427756775,,0.02063457423492154,0.093386429876052501,0.0031128809958684165,30,9.3386429876052496e-05,3.1128809958684164e-06,0.5,365_25_CALENDAR_DAYS_PER_YEAR,NOT_APPLICABLE_REQUIRES_365_CALENDAR_DAYS_AND_CONTIGUOUS_DAILY_RECORDS,RESET_REPORTING_HIGH_WATER_MARK_TO_GROUP_INITIAL_WEALTH_NOT_PORTFOLIO_STATE,0.00015845857860972173
llama_frozen_W,MONTH,2024-07,31,2024-07-01,2024-07-31,31,False,0.016941206186417344,0.016799304369162816,,5.4191304416654251,0.00061483943073295966,0.012279000500679222,0.23467030045629406,,0.95696004836810755,0.0078990719334125301,1.4875814541374341,0.056784861669330278,,0.024313039704502753,0.144972709062755,0.004676539002024355,31,0.00014497270906275501,4.6765390020243554e-06,0.5,365_25_CALENDAR_DAYS_PER_YEAR,NOT_APPLICABLE_REQUIRES_365_CALENDAR_DAYS_AND_CONTIGUOUS_DAILY_RECORDS,RESET_REPORTING_HIGH_WATER_MARK_TO_GROUP_INITIAL_WEALTH_NOT_PORTFOLIO_STATE,0.00024062378589958039
llama_frozen_W,MONTH,2024-08,31,2024-08-01,2024-08-31,31,False,-0.040176306666647454,-0.041005664164249334,,-13.227633601370753,-0.0011618046129304297,0.018279306776034919,0.3493452429640021,,-1.214698477850938,0.011981897540159442,-1.8531160062585952,0.090059208661368254,,0.033672300063791967,0.20320133597317397,0.0065548818055862568,31,0.000203201335973174,6.5548818055862583e-06,0.5,365_25_CALENDAR_DAYS_PER_YEAR,NOT_APPLICABLE_REQUIRES_365_CALENDAR_DAYS_AND_CONTIGUOUS_DAILY_RECORDS,RESET_REPORTING_HIGH_WATER_MARK_TO_GROUP_INITIAL_WEALTH_NOT_PORTFOLIO_STATE,0.00033227862335817989
llama_frozen_W,MONTH,2024-09,30,2024-09-01,2024-09-30,30,False,0.038057887560704794,0.037351551551613613,,12.450517183871204,0.0013056522533250773,0.011128548276844324,0.21268341569209739,,2.2422504546258519,0.0071629402499427362,3.4836242607607137,0.044297078369055061,,0.018916603253120015,0.12595657586993037,0.0041985525289976785,30,0.00012595657586993039,4.19855252899768e-06,0.5,365_25_CALENDAR_DAYS_PER_YEAR,NOT_APPLICABLE_REQUIRES_365_CALENDAR_DAYS_AND_CONTIGUOUS_DAILY_RECORDS,RESET_REPORTING_HIGH_WATER_MARK_TO_GROUP_INITIAL_WEALTH_NOT_PORTFOLIO_STATE,0.00020577794831663662
llama_frozen_W,MONTH,2024-10,31,2024-10-01,2024-10-31,31,False,0.0503220664058193,0.049096847047734329,,15.837692596043331,0.00163848927050058,0.010522210816513802,0.20109538831268658,,2.9759916976305001,0.0063699506368962008,4.9158955564404296,0.024907826450000402,,0.018836885085634827,0.57046715952730709,0.018402166436364744,31,0.00057046715952730712,1.8402166436364745e-05,0.52903225806451615,365_25_CALENDAR_DAYS_PER_YEAR,NOT_APPLICABLE_REQUIRES_365_CALENDAR_DAYS_AND_CONTIGUOUS_DAILY_RECORDS,RESET_REPORTING_HIGH_WATER_MARK_TO_GROUP_INITIAL_WEALTH_NOT_PORTFOLIO_STATE,0.00098433758690776377
llama_frozen_W,MONTH,2024-11,30,2024-11-01,2024-11-30,30,False,0.21323481358304822,0.19329019208744749,,64.430064029149165,0.006639367909555079,0.019244078967985159,0.36778350104081514,,6.5936321833422111,0.0073788351503663759,17.196261447280826,0.042458751767801908,,0.026815615979792682,0.35035710417172444,0.011678570139057482,30,0.00035035710417172445,1.1678570139057482e-05,0.58666666666666678,365_25_CALENDAR_DAYS_PER_YEAR,NOT_APPLICABLE_REQUIRES_365_CALENDAR_DAYS_AND_CONTIGUOUS_DAILY_RECORDS,RESET_REPORTING_HIGH_WATER_MARK_TO_GROUP_INITIAL_WEALTH_NOT_PORTFOLIO_STATE,0.00065830408937056517
llama_frozen_W,MONTH,2024-12,31,2024-12-01,2024-12-31,31,False,-0.017028351108414049,-0.017175000663317314,,-5.5403227946184881,-0.0004677530257886194,0.013326291752924909,0.25468562277965001,,-0.67081443704856147,0.0097027165683533072,-0.9213367037166138,0.076767104310544704,,0.029578069464272914,0.40037994221011225,0.012915482006777815,31,0.00040037994221011226,1.2915482006777815e-05,0.57741935483870965,365_25_CALENDAR_DAYS_PER_YEAR,NOT_APPLICABLE_REQUIRES_365_CALENDAR_DAYS_AND_CONTIGUOUS_DAILY_RECORDS,RESET_REPORTING_HIGH_WATER_MARK_TO_GROUP_INITIAL_WEALTH_NOT_PORTFOLIO_STATE,0.000867130223868775
llama_frozen_W,MONTH,2025-01,31,2025-01-01,2025-01-31,31,False,0.038549749502492202,0.037825268340675552,,12.20169946473405,0.0012964824719860402,0.012485845632393378,0.23862342426344738,,1.9844666312813388,0.0083945415956258682,2.9516494425050448,0.055298767030294557,,0.026745929089890867,0.94458470089855917,0.030470474222534166,31,0.00094458470089855908,3.0470474222534164e-05,0.55483870967741944,365_25_CALENDAR_DAYS_PER_YEAR,NOT_APPLICABLE_REQUIRES_365_CALENDAR_DAYS_AND_CONTIGUOUS_DAILY_RECORDS,RESET_REPORTING_HIGH_WATER_MARK_TO_GROUP_INITIAL_WEALTH_NOT_PORTFOLIO_STATE,0.0020568904104094655
llama_frozen_W,MONTH,2025-02,28,2025-02-01,2025-02-28,28,False,-0.092695620184910246,-0.097277295511812897,,-34.741891254218892,-0.0034185921327015184,0.010110465606835338,0.19322631362201123,,-6.4620638517785789,0.0093641420695974812,-6.9770913167477842,0.093594656996379061,,0.02506975914037576,0.20234313177547758,0.0072265404205527706,28,0.00020234313177547758,7.226540420552771e-06,0.50357142857142856,365_25_CALENDAR_DAYS_PER_YEAR,NOT_APPLICABLE_REQUIRES_365_CALENDAR_DAYS_AND_CONTIGUOUS_DAILY_RECORDS,RESET_REPORTING_HIGH_WATER_MARK_TO_GROUP_INITIAL_WEALTH_NOT_PORTFOLIO_STATE,0.00043324745051000256
llama_frozen_W,MONTH,2025-03,31,2025-03-01,2025-03-31,31,False,-0.0065392924912131825,-0.0065607673357452375,,-2.1163765599178186,-6.2808987631156286e-05,0.01755006140469453,0.33540825921769929,,-0.068397190891443777,0.011942283160862804,-0.10051469085805256,0.085232317981074307,,0.038960117674719442,0.19429519030872783,0.0062675867841525106,31,0.00019429519030872785,6.2675867841525111e-06,0.5,365_25_CALENDAR_DAYS_PER_YEAR,NOT_APPLICABLE_REQUIRES_365_CALENDAR_DAYS_AND_CONTIGUOUS_DAILY_RECORDS,RESET_REPORTING_HIGH_WATER_MARK_TO_GROUP_INITIAL_WEALTH_NOT_PORTFOLIO_STATE,0.00039150395315961376
llama_frozen_W,MONTH,2025-04,30,2025-04-01,2025-04-30,30,False,0.071226196585948601,0.068803970459827848,,22.934656819942617,0.002395662204407345,0.014400216752777324,0.27520995636599943,,3.1794475451175419,0.008187397733031971,5.5920984049743092,0.052644852740067367,,0.026647984922204913,0.14636721054673052,0.0048789070182243509,30,0.00014636721054673055,4.8789070182243518e-06,0.5,365_25_CALENDAR_DAYS_PER_YEAR,NOT_APPLICABLE_REQUIRES_365_CALENDAR_DAYS_AND_CONTIGUOUS_DAILY_RECORDS,RESET_REPORTING_HIGH_WATER_MARK_TO_GROUP_INITIAL_WEALTH_NOT_PORTFOLIO_STATE,0.00029350723686306316
llama_frozen_W,MONTH,2025-05,28,2025-05-01,2025-05-28,28,False,0.075212386686014585,0.072518211075685568,,25.899361098459135,0.0026455076429034202,0.010446996897196288,0.19965793637645121,,4.8396356493867971,0.0050905850264623626,9.9319937393993794,0.021616475212049239,,0.018012271633282142,0.22205093913661772,0.0079303906834506336,28,0.00022205093913661773,7.9303906834506331e-06,0.54285714285714293,365_25_CALENDAR_DAYS_PER_YEAR,NOT_APPLICABLE_REQUIRES_365_CALENDAR_DAYS_AND_CONTIGUOUS_DAILY_RECORDS,RESET_REPORTING_HIGH_WATER_MARK_TO_GROUP_INITIAL_WEALTH_NOT_PORTFOLIO_STATE,0.00048415549854787556
llama_hard_allocator,FULL,FULL,1608,2021-01-02,2025-05-28,1608,False,1.1586094306248702,0.76946423226126759,,4.7852253250078833,0.00058249353926321439,0.014423056782702079,0.27564646393716341,0.19098459406533608,0.77184289679257045,0.009737132135177351,1.1432867268532494,0.45445076101123633,0.42025365661256747,0.032970478530803836,15.544592191624233,0.0096670349450399453,1608,0.015544592191624235,9.6670349450399469e-06,0.45006218905472639,365_25_CALENDAR_DAYS_PER_YEAR,REPORTED,RESET_REPORTING_HIGH_WATER_MARK_TO_GROUP_INITIAL_WEALTH_NOT_PORTFOLIO_STATE,0.02194380461035534
llama_hard_allocator,REGIME,FULL:BEAR,503,2021-05-14,2025-04-11,1429,True,,0.021442268650538915,0.021442268650538915,0.42628764712801021,0.00015128220875088944,0.014744718492938189,,,,0.010419297893215707,,,,0.035421675999231982,4.2937729250364658,0.0085363278827762738,503,0.0042937729250364662,8.5363278827762744e-06,0.40258449304174954,NOT_APPLICABLE_CONDITIONAL_SELECTION,NOT_APPLICABLE_CONDITIONAL_SELECTION,NOT_APPLICABLE_CONDITIONAL_SELECTION,0.005158134246923499
llama_hard_allocator,REGIME,FULL:BULL,531,2021-01-02,2025-05-28,1608,True,,0.87058145807053267,0.87058145807053267,16.395131037109842,0.0017551714631639883,0.015184499735539619,,,,0.0091351678972912565,,,,0.03053498931758172,6.6541243555169007,0.012531307637508288,531,0.0066541243555169006,1.2531307637508288e-05,0.48079096045197744,NOT_APPLICABLE_CONDITIONAL_SELECTION,NOT_APPLICABLE_CONDITIONAL_SELECTION,NOT_APPLICABLE_CONDITIONAL_SELECTION,0.010505102411152841
llama_hard_allocator,REGIME,FULL:MIX,574,2021-04-11,2025-05-05,1486,True,,-0.12255949445980384,-0.12255949445980384,-2.1351828303101712,-0.00012446234635283353,0.013331921354077972,,,,0.0096577382780113127,,,,0.032720456684520546,4.5966949110708679,0.0080081792875799085,574,0.0045966949110708664,8.0081792875799065e-06,0.46324041811846683,NOT_APPLICABLE_CONDITIONAL_SELECTION,NOT_APPLICABLE_CONDITIONAL_SELECTION,NOT_APPLICABLE_CONDITIONAL_SELECTION,0.0062805679522789978
llama_hard_allocator,POST2021,POST2021,1244,2022-01-01,2025-05-28,1244,False,0.67717491634756,0.517110780531014,,4.1568390717927173,0.00049704837950435865,0.012761882281690095,0.2438989027866241,0.16396065489019171,0.7443531665773585,0.0085883393962133871,1.1060749988585437,0.3690186183008099,0.44431539970847012,0.029224763394173663,11.492783616428177,0.0092385720389294036,1244,0.011492783616428179,9.2385720389294039e-06,0.44975884244372988,365_25_CALENDAR_DAYS_PER_YEAR,REPORTED,RESET_REPORTING_HIGH_WATER_MARK_TO_GROUP_INITIAL_WEALTH_NOT_PORTFOLIO_STATE,0.016925757815319648
llama_hard_allocator,REGIME,POST2021:BEAR,380,2022-01-01,2025-04-11,1197,True,,-0.017235992802516864,-0.017235992802516864,-0.45357875796097014,4.9378039571095153e-05,0.013779457418979292,,,,0.0097122877149097772,,,,0.033961605776242791,3.0530981636191283,0.0080344688516292857,380,0.0030530981636191284,8.034468851629285e-06,0.40276315789473688,NOT_APPLICABLE_CONDITIONAL_SELECTION,NOT_APPLICABLE_CONDITIONAL_SELECTION,NOT_APPLICABLE_CONDITIONAL_SELECTION,0.0036860521682420488
llama_hard_allocator,REGIME,POST2021:BULL,388,2023-01-16,2025-05-28,864,True,,0.52319570549851024,0.52319570549851024,13.48442539944614,0.0014308890650639244,0.012821254773256663,,,,0.0077644174423819011,,,,0.025893182309262876,4.873065319168254,0.012559446698887252,388,0.0048730653191682537,1.2559446698887252e-05,0.48363402061855681,NOT_APPLICABLE_CONDITIONAL_SELECTION,NOT_APPLICABLE_CONDITIONAL_SELECTION,NOT_APPLICABLE_CONDITIONAL_SELECTION,0.0083365180319344284
llama_hard_allocator,REGIME,POST2021:MIX,476,2022-03-25,2025-05-05,1138,True,,0.011151067835020678,0.011151067835020678,0.23426613098782936,9.3234394583200311e-05,0.01182067680101042,,,,0.0082656815541833194,,,,0.027645386124953656,3.5666201336407957,0.0074928994404218395,476,0.003566620133640795,7.492899440421838e-06,0.45966386554621858,NOT_APPLICABLE_CONDITIONAL_SELECTION,NOT_APPLICABLE_CONDITIONAL_SELECTION,NOT_APPLICABLE_CONDITIONAL_SELECTION,0.0049031876151431732
llama_hard_allocator,YEAR,2021,364,2021-01-02,2021-12-31,364,False,0.28705086725584145,0.25235345173025364,,6.9327871354465289,0.00087450941492260039,0.019055766182354456,0.36418455844110809,,0.87706783936071786,0.01291353025284833,1.2942394020592654,0.27245277411365781,,0.041539057690998027,4.0518085751960555,0.011131342239549603,364,0.0040518085751960562,1.1131342239549604e-05,0.45109890109890122,365_25_CALENDAR_DAYS_PER_YEAR,NOT_APPLICABLE_REQUIRES_365_CALENDAR_DAYS_AND_CONTIGUOUS_DAILY_RECORDS,RESET_REPORTING_HIGH_WATER_MARK_TO_GROUP_INITIAL_WEALTH_NOT_PORTFOLIO_STATE,0.00501804679503569
llama_hard_allocator,YEAR_REGIME,2021:BEAR,123,2021-05-14,2021-12-31,232,True,,0.038678261453055765,0.038678261453055765,3.1445741018744524,0.0004661080972738311,0.017452512046336875,,,,0.012350480452066603,,,,0.039083445590406364,1.2406747614173379,0.010086786678189739,123,0.0012406747614173382,1.0086786678189741e-05,0.40203252032520331,NOT_APPLICABLE_CONDITIONAL_SELECTION,NOT_APPLICABLE_CONDITIONAL_SELECTION,NOT_APPLICABLE_CONDITIONAL_SELECTION,0.0014720820786814507
llama_hard_allocator,YEAR_REGIME,2021:BULL,143,2021-01-02,2021-11-17,320,True,,0.34738575257202242,0.34738575257202242,24.292709970071499,0.0026350425852816441,0.020285505903500336,,,,0.012095655804144014,,,,0.037587602810547793,1.7810590363486467,0.012454958296144382,143,0.0017810590363486465,1.2454958296144381e-05,0.47307692307692334,NOT_APPLICABLE_CONDITIONAL_SELECTION,NOT_APPLICABLE_CONDITIONAL_SELECTION,NOT_APPLICABLE_CONDITIONAL_SELECTION,0.0021685843792184144
llama_hard_allocator,YEAR_REGIME,2021:MIX,98,2021-04-11,2021-12-04,238,True,,-0.1337105622948245,-0.1337105622948245,-13.643934928043317,-0.0011818465166135695,0.019087960855572361,,,,0.01464444088399371,,,,0.049680266155044783,1.0300747774300714,0.010510967116633381,98,0.001030074777430071,1.0510967116633379e-05,0.48061224489795917,NOT_APPLICABLE_CONDITIONAL_SELECTION,NOT_APPLICABLE_CONDITIONAL_SELECTION,NOT_APPLICABLE_CONDITIONAL_SELECTION,0.001377380337135825
llama_hard_allocator,YEAR,2022,365,2022-01-01,2022-12-31,365,False,-0.34324262273259604,-0.42044061748771749,,-11.518921027060752,-0.0010476297797591366,0.014371686474184289,0.2746646995228908,-0.34343172391233684,-1.3931414474510382,0.011098763991427105,-1.803965929217237,0.3690186183008099,-0.93066232130429905,0.038680596131746722,2.977500152045133,0.0081575346631373499,365,0.0029775001520451331,8.1575346631373518e-06,0.41534246575342471,365_25_CALENDAR_DAYS_PER_YEAR,REPORTED,RESET_REPORTING_HIGH_WATER_MARK_TO_GROUP_INITIAL_WEALTH_NOT_PORTFOLIO_STATE,0.0031080378990886097
llama_hard_allocator,YEAR_REGIME,2022:BEAR,321,2022-01-01,2022-12-31,365,True,,-0.22022761339956876,-0.22022761339956876,-6.8606733146283094,-0.00058921693789124952,0.013908308556070104,,,,0.010245962790496013,,,,0.035685648863451172,2.3355774037309618,0.0072759420676977004,321,0.002335577403730962,7.2759420676977005e-06,0.40436137071651096,NOT_APPLICABLE_CONDITIONAL_SELECTION,NOT_APPLICABLE_CONDITIONAL_SELECTION,NOT_APPLICABLE_CONDITIONAL_SELECTION,0.0024256389459094826
llama_hard_allocator,YEAR_REGIME,2022:MIX,44,2022-03-25,2022-12-17,268,True,,-0.20021300408814871,-0.20021300408814871,-45.502955474579252,-0.0043919598306589487,0.017200462974551217,,,,0.015999385148195506,,,,0.058009696546766014,0.64192274831417095,0.014589153370776613,44,0.00064192274831417089,1.4589153370776612e-05,0.49545454545454537,NOT_APPLICABLE_CONDITIONAL_SELECTION,NOT_APPLICABLE_CONDITIONAL_SELECTION,NOT_APPLICABLE_CONDITIONAL_SELECTION,0.00068239895317912685
llama_hard_allocator,YEAR,2023,365,2023-01-01,2023-12-31,365,False,0.60449783697683324,0.47281083346891206,,12.953721464901699,0.0013550297659578967,0.010903792310321301,0.20838798869945371,0.60501752657300079,2.3750151105394259,0.0061394253555378444,4.2180937139072041,0.093718692041958596,6.4556761665232125,0.020961350452857849,2.4892296521667698,0.0068198072662103287,365,0.0024892296521667697,6.8198072662103278e-06,0.46465753424657541,365_25_CALENDAR_DAYS_PER_YEAR,REPORTED,RESET_REPORTING_HIGH_WATER_MARK_TO_GROUP_INITIAL_WEALTH_NOT_PORTFOLIO_STATE,0.0027032055263189279
llama_hard_allocator,YEAR_REGIME,2023:BEAR,1,2023-01-01,2023-01-01,1,True,,0.0017118707612718295,0.0017118707612718295,17.118707612718296,0.0017133368484880673,,,,,0,,,,-0.0017133368484880673,0.00095759031814340867,0.00095759031814340867,1,9.575903181434088e-07,9.575903181434088e-07,0.35000000000000003,NOT_APPLICABLE_CONDITIONAL_SELECTION,NOT_APPLICABLE_CONDITIONAL_SELECTION,NOT_APPLICABLE_CONDITIONAL_SELECTION,8.0943208966315297e-07
llama_hard_allocator,YEAR_REGIME,2023:BULL,180,2023-01-16,2023-12-31,350,True,,0.15625192344015224,0.15625192344015224,8.6806624133417909,0.00092217223373361468,0.010417707405920837,,,,0.0064231440084852338,,,,0.02095018284451191,1.2676854066254333,0.0070426967034746294,180,0.0012676854066254334,7.0426967034746298e-06,0.45833333333333343,NOT_APPLICABLE_CONDITIONAL_SELECTION,NOT_APPLICABLE_CONDITIONAL_SELECTION,NOT_APPLICABLE_CONDITIONAL_SELECTION,0.0014320649400124173
llama_hard_allocator,YEAR_REGIME,2023:MIX,184,2023-01-02,2023-10-21,293,True,,0.31484703926748803,0.31484703926748803,17.11125213410261,0.0017765300307287693,0.01140026112762637,,,,0.0058660585229627056,,,,0.020734485657256326,1.2205866552231932,0.0066336231262130061,184,0.001220586655223193,6.6336231262130056e-06,0.47146739130434789,NOT_APPLICABLE_CONDITIONAL_SELECTION,NOT_APPLICABLE_CONDITIONAL_SELECTION,NOT_APPLICABLE_CONDITIONAL_SELECTION,0.0012703311542168472
llama_hard_allocator,YEAR,2024,366,2024-01-01,2024-12-31,366,False,0.50213262224267108,0.40688584654296567,,11.117099632321466,0.001199817010567277,0.013281492291776432,0.25382943721247686,0.50088069238210364,1.7264867618284139,0.0082054526874358203,2.7945223124848444,0.12954537171914934,3.8664499220242203,0.026833053496771252,3.9775464286048963,0.010867613192909553,366,0.0039775464286048966,1.0867613192909553e-05,0.47144808743169403,365_25_CALENDAR_DAYS_PER_YEAR,REPORTED,RESET_REPORTING_HIGH_WATER_MARK_TO_GROUP_INITIAL_WEALTH_NOT_PORTFOLIO_STATE,0.0069309661560472725
llama_hard_allocator,YEAR_REGIME,2024:BEAR,21,2024-07-05,2024-09-02,60,True,,0.12145819412454911,0.12145819412454911,57.837235297404341,0.0058733709770139291,0.012482715914695573,,,,0.0042206035757360741,,,,0.016069971183304572,0.37015228278147605,0.017626299180070287,21,0.00037015228278147603,1.7626299180070289e-05,0.40000000000000008,NOT_APPLICABLE_CONDITIONAL_SELECTION,NOT_APPLICABLE_CONDITIONAL_SELECTION,NOT_APPLICABLE_CONDITIONAL_SELECTION,0.00059301878983199143
llama_hard_allocator,YEAR_REGIME,2024:BULL,153,2024-01-01,2024-12-31,366,True,,0.2983299522676971,0.2983299522676971,19.498689690699155,0.0020748336388962995,0.015789128694727515,,,,0.009394669246556157,,,,0.031680413450134261,2.3106779444369216,0.01510247022507792,153,0.002310677944436922,1.5102470225077923e-05,0.50816993464052285,NOT_APPLICABLE_CONDITIONAL_SELECTION,NOT_APPLICABLE_CONDITIONAL_SELECTION,NOT_APPLICABLE_CONDITIONAL_SELECTION,0.0042047777203594447
llama_hard_allocator,YEAR_REGIME,2024:MIX,192,2024-01-15,2024-11-05,296,True,,-0.012902299849280492,-0.012902299849280492,-0.67199478381669231,-8.6318302125153179e-06,0.010858350851653063,,,,0.0074877489312073758,,,,0.023330675594630496,1.2967162013864983,0.0067537302155546786,192,0.0012967162013864985,6.7537302155546798e-06,0.45000000000000012,NOT_APPLICABLE_CONDITIONAL_SELECTION,NOT_APPLICABLE_CONDITIONAL_SELECTION,NOT_APPLICABLE_CONDITIONAL_SELECTION,0.0021331696458558366
llama_hard_allocator,YEAR,2025,148,2025-01-01,2025-05-28,148,False,0.059561049386628886,0.057854718006853711,,3.9091025680306566,0.00045266326535980652,0.011150366893690186,0.21310040251203247,,0.77585614913765288,0.0075314277643061915,1.1486641033205731,0.13154798115708077,,0.024946352672191151,2.0485073836113785,0.013841266105482287,148,0.0020485073836113785,1.3841266105482288e-05,0.44425675675675674,365_25_CALENDAR_DAYS_PER_YEAR,NOT_APPLICABLE_REQUIRES_365_CALENDAR_DAYS_AND_CONTIGUOUS_DAILY_RECORDS,RESET_REPORTING_HIGH_WATER_MARK_TO_GROUP_INITIAL_WEALTH_NOT_PORTFOLIO_STATE,0.0041835482338648394
llama_hard_allocator,YEAR_REGIME,2025:BEAR,37,2025-02-27,2025-04-11,44,True,,0.079821555711230868,0.079821555711230868,21.573393435467803,0.0022391395874142338,0.012824834698362561,,,,0.0069209008737534964,,,,0.02081711213964239,0.34641088678854687,0.009362456399690456,37,0.00034641088678854685,9.3624563996904552e-06,0.39189189189189183,NOT_APPLICABLE_CONDITIONAL_SELECTION,NOT_APPLICABLE_CONDITIONAL_SELECTION,NOT_APPLICABLE_CONDITIONAL_SELECTION,0.00066658500041091124
llama_hard_allocator,YEAR_REGIME,2025:BULL,55,2025-01-01,2025-05-28,148,True,,0.068613829790660899,0.068613829790660899,12.475241780120164,0.0013044437894839677,0.010703252463070731,,,,0.0066892939822226641,,,,0.022198812478466518,1.2947019681058989,0.023540035783743616,55,0.0012947019681058991,2.3540035783743622e-05,0.49818181818181817,NOT_APPLICABLE_CONDITIONAL_SELECTION,NOT_APPLICABLE_CONDITIONAL_SELECTION,NOT_APPLICABLE_CONDITIONAL_SELECTION,0.0026996753715625671
llama_hard_allocator,YEAR_REGIME,2025:MIX,56,2025-01-10,2025-05-05,116,True,,-0.090580667495038111,-0.090580667495038111,-16.175119195542521,-0.0015642573193338128,0.010254440673959763,,,,0.0086205648002460108,,,,0.027526920127024179,0.40739452871693305,0.0072749022985166617,56,0.00040739452871693302,7.2749022985166614e-06,0.42589285714285713,NOT_APPLICABLE_CONDITIONAL_SELECTION,NOT_APPLICABLE_CONDITIONAL_SELECTION,NOT_APPLICABLE_CONDITIONAL_SELECTION,0.00081728786189136197
llama_hard_allocator,MONTH,2021-01,30,2021-01-02,2021-01-31,30,False,0.054680006040883092,0.053237409110109934,,17.745803036703311,0.0021188428937800965,0.026601248556076582,0.5083901569041992,,1.5222705562708505,0.017417791292933398,2.3248813099159631,0.12817436724554648,,0.055104155928685949,0.75372791509143622,0.025124263836381208,30,0.00075372791509143626,2.5124263836381208e-05,0.47833333333333317,365_25_CALENDAR_DAYS_PER_YEAR,NOT_APPLICABLE_REQUIRES_365_CALENDAR_DAYS_AND_CONTIGUOUS_DAILY_RECORDS,RESET_REPORTING_HIGH_WATER_MARK_TO_GROUP_INITIAL_WEALTH_NOT_PORTFOLIO_STATE,0.0007813448738056858
llama_hard_allocator,MONTH,2021-02,28,2021-02-01,2021-02-28,28,False,0.16113175551992615,0.14939518079016115,,53.355421710771843,0.0056593411028590156,0.025580795630128623,0.48888775565252846,,4.2281164007887435,0.012744240295561121,8.4868598708582095,0.11129940232640995,,0.042599340832591717,0.31141978487640065,0.011122135174157166,28,0.00031141978487640064,1.1122135174157166e-05,0.48214285714285715,365_25_CALENDAR_DAYS_PER_YEAR,NOT_APPLICABLE_REQUIRES_365_CALENDAR_DAYS_AND_CONTIGUOUS_DAILY_RECORDS,RESET_REPORTING_HIGH_WATER_MARK_TO_GROUP_INITIAL_WEALTH_NOT_PORTFOLIO_STATE,0.00038383633322876926
llama_hard_allocator,MONTH,2021-03,31,2021-03-01,2021-03-31,31,False,0.14641080700398754,0.13663602439247538,,44.07613690079851,0.0045806906218043434,0.018441373445052704,0.35244258251621163,,4.7471484225010672,0.0099003624701040419,8.8424981532534765,0.082903460674267002,,0.028109270374793386,0.23017818289164654,0.0074251026739240817,31,0.00023017818289164656,7.4251026739240826e-06,0.5,365_25_CALENDAR_DAYS_PER_YEAR,NOT_APPLICABLE_REQUIRES_365_CALENDAR_DAYS_AND_CONTIGUOUS_DAILY_RECORDS,RESET_REPORTING_HIGH_WATER_MARK_TO_GROUP_INITIAL_WEALTH_NOT_PORTFOLIO_STATE,0.0003097235984769945
llama_hard_allocator,MONTH,2021-04,30,2021-04-01,2021-04-30,30,False,-0.0018822744399010292,-0.0018840481445166271,,-0.62801604817220902,7.9683398991570173e-05,0.017275426133949848,0.33015956316153533,,0.088152410922082772,0.0099886784219125734,0.15245965473002429,0.11522609118930049,,0.027023155613486553,0.35962892437306782,0.011987630812435594,30,0.00035962892437306786,1.1987630812435596e-05,0.46999999999999997,365_25_CALENDAR_DAYS_PER_YEAR,NOT_APPLICABLE_REQUIRES_365_CALENDAR_DAYS_AND_CONTIGUOUS_DAILY_RECORDS,RESET_REPORTING_HIGH_WATER_MARK_TO_GROUP_INITIAL_WEALTH_NOT_PORTFOLIO_STATE,0.00050001318605746392
llama_hard_allocator,MONTH,2021-05,31,2021-05-01,2021-05-31,31,False,-0.17622754996346038,-0.19386094007816715,,-62.535787121989408,-0.005966995882453501,0.02329946914008919,0.44528815055219129,,-4.8944604597348089,0.020673292573931211,-5.5162151859050743,0.20453649074036123,,0.064687211506819026,0.44669990005660587,0.014409674195374382,31,0.00044669990005660585,1.4409674195374383e-05,0.41290322580645172,365_25_CALENDAR_DAYS_PER_YEAR,NOT_APPLICABLE_REQUIRES_365_CALENDAR_DAYS_AND_CONTIGUOUS_DAILY_RECORDS,RESET_REPORTING_HIGH_WATER_MARK_TO_GROUP_INITIAL_WEALTH_NOT_PORTFOLIO_STATE,0.00055219928929679254
llama_hard_allocator,MONTH,2021-06,30,2021-06-01,2021-06-30,30,False,-0.022420472956237746,-0.022675632842438807,,-7.5585442808129351,-0.00057165782996663193,0.01947495508541576,0.37219589338843539,,-0.5609895920517427,0.014105021045447199,-0.77456439613890815,0.097053248255337898,,0.044718592491829225,0.41261366519058384,0.013753788839686127,30,0.00041261366519058392,1.375378883968613e-05,0.3683333333333334,365_25_CALENDAR_DAYS_PER_YEAR,NOT_APPLICABLE_REQUIRES_365_CALENDAR_DAYS_AND_CONTIGUOUS_DAILY_RECORDS,RESET_REPORTING_HIGH_WATER_MARK_TO_GROUP_INITIAL_WEALTH_NOT_PORTFOLIO_STATE,0.0004710344408609936
llama_hard_allocator,MONTH,2021-07,31,2021-07-01,2021-07-31,31,False,0.074506717764170907,0.071861689071736887,,23.181190023140928,0.0023991603528869584,0.012758349520647194,0.24383138637147841,,3.5938495528911276,0.0070000082703258583,6.5502192211370351,0.064593456704160113,,0.017788531194613755,0.19108407528761018,0.006164002428632586,31,0.00019108407528761016,6.1640024286325859e-06,0.40000000000000013,365_25_CALENDAR_DAYS_PER_YEAR,NOT_APPLICABLE_REQUIRES_365_CALENDAR_DAYS_AND_CONTIGUOUS_DAILY_RECORDS,RESET_REPORTING_HIGH_WATER_MARK_TO_GROUP_INITIAL_WEALTH_NOT_PORTFOLIO_STATE,0.00021471444573225692
llama_hard_allocator,MONTH,2021-08,31,2021-08-01,2021-08-31,31,False,0.059380217380275602,0.057684036535282583,,18.607753721058899,0.0019718194412649743,0.015076263881240256,0.28813024110336344,,2.499588547748675,0.0082997800631680243,4.5404162825491765,0.033506805157894684,,0.02079764001207136,0.39764577219013686,0.012827282973875382,31,0.00039764577219013678,1.282728297387538e-05,0.45322580645161292,365_25_CALENDAR_DAYS_PER_YEAR,NOT_APPLICABLE_REQUIRES_365_CALENDAR_DAYS_AND_CONTIGUOUS_DAILY_RECORDS,RESET_REPORTING_HIGH_WATER_MARK_TO_GROUP_INITIAL_WEALTH_NOT_PORTFOLIO_STATE,0.00050551585790501829
llama_hard_allocator,MONTH,2021-09,30,2021-09-01,2021-09-30,30,False,-0.026979290462323176,-0.027349912811253405,,-9.1166376037511352,-0.00074139908156601133,0.018622867240062457,0.35591120387537972,,-0.76085273965357747,0.014852555507103462,-0.953994721853065,0.11181589344348757,,0.051165245958094858,0.20117418009703464,0.0067058060032344881,30,0.00020117418009703465,6.7058060032344885e-06,0.4616666666666665,365_25_CALENDAR_DAYS_PER_YEAR,NOT_APPLICABLE_REQUIRES_365_CALENDAR_DAYS_AND_CONTIGUOUS_DAILY_RECORDS,RESET_REPORTING_HIGH_WATER_MARK_TO_GROUP_INITIAL_WEALTH_NOT_PORTFOLIO_STATE,0.00025464664111957765
llama_hard_allocator,MONTH,2021-10,31,2021-10-01,2021-10-31,31,False,0.17223923830190171,0.15891579856742913,,51.263160828202949,0.00526335149511881,0.016074338699994795,0.30720496282701132,,6.2578387923852663,0.007575927017150568,13.277664905040359,0.052207236284951608,,0.023569459858362958,0.3254753646805385,0.010499205312275436,31,0.00032547536468053857,1.0499205312275438e-05,0.46129032258064495,365_25_CALENDAR_DAYS_PER_YEAR,NOT_APPLICABLE_REQUIRES_365_CALENDAR_DAYS_AND_CONTIGUOUS_DAILY_RECORDS,RESET_REPORTING_HIGH_WATER_MARK_TO_GROUP_INITIAL_WEALTH_NOT_PORTFOLIO_STATE,0.00045715188509648416
llama_hard_allocator,MONTH,2021-11,30,2021-11-01,2021-11-30,30,False,-0.032403140024224342,-0.032939745419186844,,-10.979915139728949,-0.0009766548891774788,0.015749438047107746,0.30099561917341083,,-1.1851441534322043,0.012194221160749455,-1.5306721253713333,0.10064464192878669,,0.038876714990108245,0.23267285398325266,0.0077557617994417549,30,0.00023267285398325264,7.7557617994417552e-06,0.47166666666666662,365_25_CALENDAR_DAYS_PER_YEAR,NOT_APPLICABLE_REQUIRES_365_CALENDAR_DAYS_AND_CONTIGUOUS_DAILY_RECORDS,RESET_REPORTING_HIGH_WATER_MARK_TO_GROUP_INITIAL_WEALTH_NOT_PORTFOLIO_STATE,0.00033761014123083759
llama_hard_allocator,MONTH,2021-12,31,2021-12-01,2021-12-31,31,False,-0.092141189432704274,-0.096666407441378596,,-31.182712077864064,-0.0030030117902368186,0.015030698863186696,0.28725942458402753,,-3.8183257450032015,0.01306248489670492,-4.3936590081090596,0.096140341566888873,,0.037461086844389764,0.1894879564777423,0.0061125147250884618,31,0.00018948795647774232,6.1125147250884619e-06,0.45645161290322567,365_25_CALENDAR_DAYS_PER_YEAR,NOT_APPLICABLE_REQUIRES_365_CALENDAR_DAYS_AND_CONTIGUOUS_DAILY_RECORDS,RESET_REPORTING_HIGH_WATER_MARK_TO_GROUP_INITIAL_WEALTH_NOT_PORTFOLIO_STATE,0.0002502561022248155
llama_hard_allocator,MONTH,2022-01,31,2022-01-01,2022-01-31,31,False,-0.076225804217901941,-0.079287614064544404,,-25.576649698240132,-0.0024787294114835376,0.012410036441691237,0.23717459578930278,,-3.8172550248537034,0.011210039591450661,-4.2258792735925681,0.12723327021192313,,0.038640878987419636,0.14893017360647809,0.0048041991485960672,31,0.00014893017360647807,4.8041991485960668e-06,0.44999999999999984,365_25_CALENDAR_DAYS_PER_YEAR,NOT_APPLICABLE_REQUIRES_365_CALENDAR_DAYS_AND_CONTIGUOUS_DAILY_RECORDS,RESET_REPORTING_HIGH_WATER_MARK_TO_GROUP_INITIAL_WEALTH_NOT_PORTFOLIO_STATE,0.00018106474667790691
llama_hard_allocator,MONTH,2022-02,28,2022-02-01,2022-02-28,28,False,0.059756093482595467,0.05803878115867929,,20.728136128099749,0.002270683664778696,0.020340854120573897,0.38874453566059219,,2.1334504603417197,0.010285716091415903,4.219074705308957,0.078840441091806393,,0.030442947547441201,0.17658593740111156,0.0063066406214682697,28,0.00017658593740111159,6.3066406214682709e-06,0.4499999999999999,365_25_CALENDAR_DAYS_PER_YEAR,NOT_APPLICABLE_REQUIRES_365_CALENDAR_DAYS_AND_CONTIGUOUS_DAILY_RECORDS,RESET_REPORTING_HIGH_WATER_MARK_TO_GROUP_INITIAL_WEALTH_NOT_PORTFOLIO_STATE,0.00021479503707819901
llama_hard_allocator,MONTH,2022-03,31,2022-03-01,2022-03-31,31,False,0.029582671339101134,0.029153546679417254,,9.4043698965862106,0.0010491426676758977,0.014963514584486791,0.28597543124372482,,1.3399730099262861,0.0098163240387905207,2.0425879990939166,0.067905196088367176,,0.032282133073633174,0.25107565278901878,0.0080992146060973793,31,0.00025107565278901882,8.0992146060973818e-06,0.46129032258064517,365_25_CALENDAR_DAYS_PER_YEAR,NOT_APPLICABLE_REQUIRES_365_CALENDAR_DAYS_AND_CONTIGUOUS_DAILY_RECORDS,RESET_REPORTING_HIGH_WATER_MARK_TO_GROUP_INITIAL_WEALTH_NOT_PORTFOLIO_STATE,0.00031314266356841108
llama_hard_allocator,MONTH,2022-04,30,2022-04-01,2022-04-30,30,False,-0.089183562665409527,-0.093413897815972771,,-31.13796593865759,-0.0030383914694830966,0.012034756498883801,0.23000242758807415,,-4.8250468304459044,0.010822973892199845,-5.3652779983122327,0.10007960744230281,,0.029481851531237498,0.47818601156422536,0.015939533718807512,30,0.00047818601156422535,1.5939533718807513e-05,0.47833333333333317,365_25_CALENDAR_DAYS_PER_YEAR,NOT_APPLICABLE_REQUIRES_365_CALENDAR_DAYS_AND_CONTIGUOUS_DAILY_RECORDS,RESET_REPORTING_HIGH_WATER_MARK_TO_GROUP_INITIAL_WEALTH_NOT_PORTFOLIO_STATE,0.00058632304587370851
llama_hard_allocator,MONTH,2022-05,31,2022-05-01,2022-05-31,31,False,-0.067156735998763387,-0.069518083671116726,,-22.425188281005397,-0.0020674022509490067,0.018801125931178438,0.35931799749842902,,-2.1015331194547975,0.015166076296312501,-2.605234739391276,0.13235312609977459,,0.046456841971724436,0.25361751412105921,0.0081812101329373933,31,0.00025361751412105924,8.181210132937394e-06,0.44999999999999984,365_25_CALENDAR_DAYS_PER_YEAR,NOT_APPLICABLE_REQUIRES_365_CALENDAR_DAYS_AND_CONTIGUOUS_DAILY_RECORDS,RESET_REPORTING_HIGH_WATER_MARK_TO_GROUP_INITIAL_WEALTH_NOT_PORTFOLIO_STATE,0.0002784876719277765
llama_hard_allocator,MONTH,2022-06,30,2022-06-01,2022-06-30,30,False,-0.1653124052213224,-0.18069776212796895,,-60.232587375989652,-0.0058503123358535176,0.017736459133944921,0.33897060218894848,,-6.3038699134132896,0.016679922395881827,-6.7031685430721497,0.18041584391511617,,0.054629210564630576,0.24950195584329316,0.0083167318614431052,30,0.00024950195584329314,8.3167318614431047e-06,0.37833333333333324,365_25_CALENDAR_DAYS_PER_YEAR,NOT_APPLICABLE_REQUIRES_365_CALENDAR_DAYS_AND_CONTIGUOUS_DAILY_RECORDS,RESET_REPORTING_HIGH_WATER_MARK_TO_GROUP_INITIAL_WEALTH_NOT_PORTFOLIO_STATE,0.00024639238633228648
llama_hard_allocator,MONTH,2022-07,31,2022-07-01,2022-07-31,31,False,0.067730830885119747,0.065535677766409492,,21.140541214970803,0.0021943745024240154,0.01275175092362542,0.24370527718648374,,3.2887892140188075,0.0065672789252760357,6.3858747853793831,0.038267974188544496,,0.019900908697312588,0.20255664600306644,0.0065340853549376273,31,0.00020255664600306639,6.5340853549376255e-06,0.37903225806451618,365_25_CALENDAR_DAYS_PER_YEAR,NOT_APPLICABLE_REQUIRES_365_CALENDAR_DAYS_AND_CONTIGUOUS_DAILY_RECORDS,RESET_REPORTING_HIGH_WATER_MARK_TO_GROUP_INITIAL_WEALTH_NOT_PORTFOLIO_STATE,0.00019163519337714349
llama_hard_allocator,MONTH,2022-08,31,2022-08-01,2022-08-31,31,False,-0.055849125805911712,-0.057469301249044043,,-18.538484273885175,-0.0017928948757963083,0.010994869999895256,0.21012862131657944,,-3.1164476751503463,0.0095297275051357891,-3.5955841372471244,0.083588066211157594,,0.035043882132115976,0.14161708361335812,0.0045682930197857461,31,0.00014161708361335812,4.568293019785746e-06,0.40000000000000013,365_25_CALENDAR_DAYS_PER_YEAR,NOT_APPLICABLE_REQUIRES_365_CALENDAR_DAYS_AND_CONTIGUOUS_DAILY_RECORDS,RESET_REPORTING_HIGH_WATER_MARK_TO_GROUP_INITIAL_WEALTH_NOT_PORTFOLIO_STATE,0.00013575950203277828
llama_hard_allocator,MONTH,2022-09,30,2022-09-01,2022-09-30,30,False,-0.0090156419555348193,-0.0090565287883574604,,-3.0188429294524868,-0.00021334974610007034,0.013536715741889438,0.25870714397030281,,-0.30121315386634961,0.0094207893270707461,-0.43281265508084538,0.072229950018510791,,0.033217941554367143,0.25740893867484571,0.0085802979558281898,30,0.00025740893867484568,8.58029795582819e-06,0.39833333333333343,365_25_CALENDAR_DAYS_PER_YEAR,NOT_APPLICABLE_REQUIRES_365_CALENDAR_DAYS_AND_CONTIGUOUS_DAILY_RECORDS,RESET_REPORTING_HIGH_WATER_MARK_TO_GROUP_INITIAL_WEALTH_NOT_PORTFOLIO_STATE,0.00023879744943198147
llama_hard_allocator,MONTH,2022-10,31,2022-10-01,2022-10-31,31,False,0.028700410457983126,0.028296268161264369,,9.1278284391175379,0.00093679306786578851,0.0070012105086704112,0.13380373862974973,,2.5572055873923318,0.0034503744673457623,5.1888671217342885,0.022639960335636387,,0.010055783663871323,0.2929862858444498,0.0094511705111112836,31,0.00029298628584444974,9.4511705111112829e-06,0.38387096774193552,365_25_CALENDAR_DAYS_PER_YEAR,NOT_APPLICABLE_REQUIRES_365_CALENDAR_DAYS_AND_CONTIGUOUS_DAILY_RECORDS,RESET_REPORTING_HIGH_WATER_MARK_TO_GROUP_INITIAL_WEALTH_NOT_PORTFOLIO_STATE,0.00027005239091591521
llama_hard_allocator,MONTH,2022-11,30,2022-11-01,2022-11-30,30,False,-0.089451480790681326,-0.093708092701233495,,-31.236030900411166,-0.0029388537044076108,0.01905107249134512,0.3640948548956649,,-2.9481776550851788,0.016645547810659276,-3.3742323691158269,0.13337783085140303,,0.064212303695258904,0.25651455732275441,0.0085504852440918145,30,0.00025651455732275447,8.5504852440918149e-06,0.39499999999999996,365_25_CALENDAR_DAYS_PER_YEAR,NOT_APPLICABLE_REQUIRES_365_CALENDAR_DAYS_AND_CONTIGUOUS_DAILY_RECORDS,RESET_REPORTING_HIGH_WATER_MARK_TO_GROUP_INITIAL_WEALTH_NOT_PORTFOLIO_STATE,0.00022103275365012087
llama_hard_allocator,MONTH,2022-12,31,2022-12-01,2022-12-31,31,False,-0.018146935689824645,-0.018313610835249974,,-5.9076163984677343,-0.00057472868523876822,0.0057155960730514207,0.10923369924739375,,-1.9217480844261405,0.0045060876578612097,-2.4375770377164847,0.032835745327123265,,0.016107041695556094,0.26851939526147217,0.0086619159761765225,31,0.00026851939526147215,8.6619159761765204e-06,0.36290322580645157,365_25_CALENDAR_DAYS_PER_YEAR,NOT_APPLICABLE_REQUIRES_365_CALENDAR_DAYS_AND_CONTIGUOUS_DAILY_RECORDS,RESET_REPORTING_HIGH_WATER_MARK_TO_GROUP_INITIAL_WEALTH_NOT_PORTFOLIO_STATE,0.00023055505822238193
llama_hard_allocator,MONTH,2023-01,31,2023-01-01,2023-01-31,31,False,0.17068387661538184,0.1575880879779509,,50.834867089661586,0.005152329798852438,0.010810096888043741,0.20659732724488028,,9.1089680787605065,0.0037775565653673194,26.066804236437392,0.017453905702002781,,0.014784890235190366,0.29635872789794337,0.009559958964449786,31,0.00029635872789794346,9.5599589644497895e-06,0.45161290322580633,365_25_CALENDAR_DAYS_PER_YEAR,NOT_APPLICABLE_REQUIRES_365_CALENDAR_DAYS_AND_CONTIGUOUS_DAILY_RECORDS,RESET_REPORTING_HIGH_WATER_MARK_TO_GROUP_INITIAL_WEALTH_NOT_PORTFOLIO_STATE,0.00026844960005266509
llama_hard_allocator,MONTH,2023-02,28,2023-02-01,2023-02-28,28,False,0.0084393438723911873,0.008403931707359754,,3.0014041811999124,0.00037890221471836453,0.012870498660185496,0.24597472631758496,,0.56263517800279261,0.00673170823073602,1.0757143738932404,0.040230267184264798,,0.020594310840942806,0.32306155375019652,0.011537912633935591,28,0.00032306155375019655,1.1537912633935592e-05,0.45714285714285713,365_25_CALENDAR_DAYS_PER_YEAR,NOT_APPLICABLE_REQUIRES_365_CALENDAR_DAYS_AND_CONTIGUOUS_DAILY_RECORDS,RESET_REPORTING_HIGH_WATER_MARK_TO_GROUP_INITIAL_WEALTH_NOT_PORTFOLIO_STATE,0.00032252070114990454
llama_hard_allocator,MONTH,2023-03,31,2023-03-01,2023-03-31,31,False,0.11122600218667221,0.10546391228021629,,34.020616864585904,0.0035607775231774304,0.017892160172075854,0.34194628489191131,,3.8034453006315472,0.008778817965759628,7.7518240827015878,0.073742986018366555,,0.027623854895408362,0.44851394063508698,0.014468191633389903,31,0.00044851394063508701,1.4468191633389903e-05,0.47741935483870945,365_25_CALENDAR_DAYS_PER_YEAR,NOT_APPLICABLE_REQUIRES_365_CALENDAR_DAYS_AND_CONTIGUOUS_DAILY_RECORDS,RESET_REPORTING_HIGH_WATER_MARK_TO_GROUP_INITIAL_WEALTH_NOT_PORTFOLIO_STATE,0.00046578821736168097
llama_hard_allocator,MONTH,2023-04,30,2023-04-01,2023-04-30,30,False,0.015149119739694305,0.015035517702350903,,5.0118392341169677,0.00054447767182714082,0.0094511446117115094,0.18062569063040104,,1.1010087709051026,0.006198040003371332,1.6788844710467818,0.048108035812802326,,0.02067688064919004,0.28482718424160591,0.009494239474720197,30,0.00028482718424160589,9.494239474720196e-06,0.45499999999999996,365_25_CALENDAR_DAYS_PER_YEAR,NOT_APPLICABLE_REQUIRES_365_CALENDAR_DAYS_AND_CONTIGUOUS_DAILY_RECORDS,RESET_REPORTING_HIGH_WATER_MARK_TO_GROUP_INITIAL_WEALTH_NOT_PORTFOLIO_STATE,0.00031666212743457678
llama_hard_allocator,MONTH,2023-05,31,2023-05-01,2023-05-31,31,False,-0.031507452667126699,-0.032014491226259656,,-10.327255234277308,-0.00099661252491003733,0.0085758275492669647,0.16389705558986825,,-2.220983918309595,0.0064926754091274713,-2.9335788211962912,0.05202657066548582,,0.017473875054377808,0.23839700645049083,0.0076902260145319621,31,0.00023839700645049086,7.690226014531964e-06,0.49032258064516127,365_25_CALENDAR_DAYS_PER_YEAR,NOT_APPLICABLE_REQUIRES_365_CALENDAR_DAYS_AND_CONTIGUOUS_DAILY_RECORDS,RESET_REPORTING_HIGH_WATER_MARK_TO_GROUP_INITIAL_WEALTH_NOT_PORTFOLIO_STATE,0.00026353830811555305
llama_hard_allocator,MONTH,2023-06,30,2023-06-01,2023-06-30,30,False,0.060062874729629914,0.058328222147534033,,19.442740715844678,0.0020215736790326327,0.012523283430281624,0.2393389172938753,,3.0850803313363371,0.007032052093368343,5.494176505169464,0.039050622747778839,,0.022335730535817271,0.22676610511939749,0.0075588701706465833,30,0.00022676610511939747,7.5588701706465823e-06,0.49499999999999994,365_25_CALENDAR_DAYS_PER_YEAR,NOT_APPLICABLE_REQUIRES_365_CALENDAR_DAYS_AND_CONTIGUOUS_DAILY_RECORDS,RESET_REPORTING_HIGH_WATER_MARK_TO_GROUP_INITIAL_WEALTH_NOT_PORTFOLIO_STATE,0.00025457274942799216
llama_hard_allocator,MONTH,2023-07,31,2023-07-01,2023-07-31,31,False,-0.018013858608233024,-0.01817808336293052,,-5.8638978590098443,-0.00056959803232338143,0.0058564916385602499,0.11192642694042441,,-1.858771757422869,0.0044879255583961629,-2.4255930972324835,0.033121368655401162,,0.015422893701310647,0.11526388032718521,0.0037181896879737164,31,0.00011526388032718518,3.7181896879737154e-06,0.44999999999999984,365_25_CALENDAR_DAYS_PER_YEAR,NOT_APPLICABLE_REQUIRES_365_CALENDAR_DAYS_AND_CONTIGUOUS_DAILY_RECORDS,RESET_REPORTING_HIGH_WATER_MARK_TO_GROUP_INITIAL_WEALTH_NOT_PORTFOLIO_STATE,0.00013302207793308794
llama_hard_allocator,MONTH,2023-08,31,2023-08-01,2023-08-31,31,False,-0.050780036416115476,-0.052114722631706051,,-16.811200848937435,-0.0016347468159651651,0.0096155504413425377,0.18376773508541555,,-3.2491627230087339,0.007828275617838382,-3.9909795695015817,0.058744171612818141,,0.029096239867837936,0.081358255549028313,0.002624459856420268,31,8.1358255549028312e-05,2.6244598564202682e-06,0.44999999999999984,365_25_CALENDAR_DAYS_PER_YEAR,NOT_APPLICABLE_REQUIRES_365_CALENDAR_DAYS_AND_CONTIGUOUS_DAILY_RECORDS,RESET_REPORTING_HIGH_WATER_MARK_TO_GROUP_INITIAL_WEALTH_NOT_PORTFOLIO_STATE,9.012879092037058e-05
llama_hard_allocator,MONTH,2023-09,30,2023-09-01,2023-09-30,30,False,0.018028673336405784,0.017868084073912396,,5.9560280246374662,0.00060907999433531537,0.0052480664340590084,0.10029849960728435,,2.2180438271961638,0.0032118882369565364,3.6241738503983592,0.018690498229485378,,0.010892456406811912,0.072200604463639018,0.0024066868154546338,30,7.220060446363902e-05,2.4066868154546338e-06,0.4499999999999999,365_25_CALENDAR_DAYS_PER_YEAR,NOT_APPLICABLE_REQUIRES_365_CALENDAR_DAYS_AND_CONTIGUOUS_DAILY_RECORDS,RESET_REPORTING_HIGH_WATER_MARK_TO_GROUP_INITIAL_WEALTH_NOT_PORTFOLIO_STATE,7.8154438359991478e-05
llama_hard_allocator,MONTH,2023-10,31,2023-10-01,2023-10-31,31,False,0.12182199155720172,0.11495414171274965,,37.081981197661179,0.0037682688554168337,0.01058376143788305,0.20227171392723428,,6.8045114797224366,0.0028301544162083968,25.446429986389795,0.019597840980703326,,0.0081347156695777741,0.11258257119346143,0.0036316958449503687,31,0.00011258257119346143,3.6316958449503685e-06,0.44999999999999984,365_25_CALENDAR_DAYS_PER_YEAR,NOT_APPLICABLE_REQUIRES_365_CALENDAR_DAYS_AND_CONTIGUOUS_DAILY_RECORDS,RESET_REPORTING_HIGH_WATER_MARK_TO_GROUP_INITIAL_WEALTH_NOT_PORTFOLIO_STATE,0.00013003838837987607
llama_hard_allocator,MONTH,2023-11,30,2023-11-01,2023-11-30,30,False,0.040558483023482729,0.039757571926013167,,13.252523975337722,0.001373688562552396,0.0099356313025353079,0.18988496521845952,,2.6423353049306422,0.0059561575992092327,4.4077526375307077,0.024330500546846105,,0.020154426951927967,0.11171914542750899,0.0037239715142502999,30,0.000111719145427509,3.7239715142503e-06,0.4499999999999999,365_25_CALENDAR_DAYS_PER_YEAR,NOT_APPLICABLE_REQUIRES_365_CALENDAR_DAYS_AND_CONTIGUOUS_DAILY_RECORDS,RESET_REPORTING_HIGH_WATER_MARK_TO_GROUP_INITIAL_WEALTH_NOT_PORTFOLIO_STATE,0.00014101430805673709
llama_hard_allocator,MONTH,2023-12,31,2023-12-01,2023-12-31,31,False,0.059416898659592925,0.057718661161721141,,18.618922955393916,0.001929645883819415,0.011685856822633874,0.22333442624300173,,3.1558195971908583,0.0071131774291970842,5.1845263720628454,0.033172801594263314,,0.023196675374663574,0.17818067711122576,0.0057477637777814759,31,0.00017818067711122576,5.7477637777814765e-06,0.49838709677419352,365_25_CALENDAR_DAYS_PER_YEAR,NOT_APPLICABLE_REQUIRES_365_CALENDAR_DAYS_AND_CONTIGUOUS_DAILY_RECORDS,RESET_REPORTING_HIGH_WATER_MARK_TO_GROUP_INITIAL_WEALTH_NOT_PORTFOLIO_STATE,0.00023931581912649212
llama_hard_allocator,MONTH,2024-01,31,2024-01-01,2024-01-31,31,False,0.0034844241760625563,0.003478367635104051,,1.1220540758400164,0.00020265983514381004,0.013647932835537868,0.26083267110754083,,0.28378923726068683,0.0098127095612575918,0.39470611306730607,0.07730643237955398,,0.032767753304297098,0.22729717956795203,0.0073321670828371622,31,0.00022729717956795204,7.3321670828371621e-06,0.46774193548387077,365_25_CALENDAR_DAYS_PER_YEAR,NOT_APPLICABLE_REQUIRES_365_CALENDAR_DAYS_AND_CONTIGUOUS_DAILY_RECORDS,RESET_REPORTING_HIGH_WATER_MARK_TO_GROUP_INITIAL_WEALTH_NOT_PORTFOLIO_STATE,0.0003128757405825463
llama_hard_allocator,MONTH,2024-02,29,2024-02-01,2024-02-29,29,False,0.19539319890162712,0.17847516800052135,,61.543161379490122,0.0062443229594291655,0.012239280142561535,0.23391118424213694,,9.7504485231050726,0.0028964920388144743,41.201035387189691,0.01464812406320502,,0.0089363899135741654,0.16004398749121507,0.0055187581893522434,29,0.00016004398749121506,5.5187581893522432e-06,0.48448275862068968,365_25_CALENDAR_DAYS_PER_YEAR,NOT_APPLICABLE_REQUIRES_365_CALENDAR_DAYS_AND_CONTIGUOUS_DAILY_RECORDS,RESET_REPORTING_HIGH_WATER_MARK_TO_GROUP_INITIAL_WEALTH_NOT_PORTFOLIO_STATE,0.00023766466319709799
llama_hard_allocator,MONTH,2024-03,31,2024-03-01,2024-03-31,31,False,0.089047192633942229,0.085303178763869905,,27.517154439958034,0.0029337283217154135,0.019212941027033144,0.36718840781979972,,2.9182410083937689,0.01190406006020007,4.7099890384791019,0.074055708806473219,,0.038102797630046981,0.31302870207192568,0.010097700066836312,31,0.00031302870207192563,1.009770006683631e-05,0.49838709677419352,365_25_CALENDAR_DAYS_PER_YEAR,NOT_APPLICABLE_REQUIRES_365_CALENDAR_DAYS_AND_CONTIGUOUS_DAILY_RECORDS,RESET_REPORTING_HIGH_WATER_MARK_TO_GROUP_INITIAL_WEALTH_NOT_PORTFOLIO_STATE,0.00053487593090382579
llama_hard_allocator,MONTH,2024-04,30,2024-04-01,2024-04-30,30,False,-0.073455794822679749,-0.0762935223848447,,-25.431174128281569,-0.0024601568613704921,0.012807583277640679,0.24477231804955873,,-3.6710535765471626,0.010872578069613949,-4.3243951983853517,0.073455794822679749,,0.027722865058282135,0.36062816984467244,0.012020938994822416,30,0.00036062816984467244,1.2020938994822415e-05,0.4583333333333332,365_25_CALENDAR_DAYS_PER_YEAR,NOT_APPLICABLE_REQUIRES_365_CALENDAR_DAYS_AND_CONTIGUOUS_DAILY_RECORDS,RESET_REPORTING_HIGH_WATER_MARK_TO_GROUP_INITIAL_WEALTH_NOT_PORTFOLIO_STATE,0.00061913548337083233
llama_hard_allocator,MONTH,2024-05,31,2024-05-01,2024-05-31,31,False,0.052327457536884579,0.051004337303513524,,16.45301203339146,0.0017251127774216646,0.012806121477833349,0.24474438084082795,,2.5745123944768045,0.0060936457672046531,5.4104750635975556,0.024721274867308664,,0.016953903775644832,0.16904752387773675,0.0054531459315398951,31,0.00016904752387773671,5.4531459315398939e-06,0.44999999999999984,365_25_CALENDAR_DAYS_PER_YEAR,NOT_APPLICABLE_REQUIRES_365_CALENDAR_DAYS_AND_CONTIGUOUS_DAILY_RECORDS,RESET_REPORTING_HIGH_WATER_MARK_TO_GROUP_INITIAL_WEALTH_NOT_PORTFOLIO_STATE,0.00028633023811723367
llama_hard_allocator,MONTH,2024-06,30,2024-06-01,2024-06-30,30,False,-0.031507872453509722,-0.032014924669423628,,-10.671641556474544,-0.0010378866068555092,0.0076958179695713396,0.1470787394361906,,-2.5774499061330358,0.0061811687111911137,-3.2090347683563314,0.070832315369679558,,0.018571377880591929,0.092404477844595156,0.0030801492614865051,30,9.2404477844595156e-05,3.080149261486505e-06,0.4499999999999999,365_25_CALENDAR_DAYS_PER_YEAR,NOT_APPLICABLE_REQUIRES_365_CALENDAR_DAYS_AND_CONTIGUOUS_DAILY_RECORDS,RESET_REPORTING_HIGH_WATER_MARK_TO_GROUP_INITIAL_WEALTH_NOT_PORTFOLIO_STATE,0.00015702367861143387
llama_hard_allocator,MONTH,2024-07,31,2024-07-01,2024-07-31,31,False,0.013443622448013334,0.013354058769719955,,4.3077608934580498,0.00048708679325676531,0.010792252871091413,0.20625630104984768,,0.86256007855991224,0.0069323130115762441,1.3428370110787031,0.050238696935574083,,0.021152040492552482,0.20476203451084429,0.0066052269197046549,31,0.00020476203451084431,6.605226919704655e-06,0.43548387096774183,365_25_CALENDAR_DAYS_PER_YEAR,NOT_APPLICABLE_REQUIRES_365_CALENDAR_DAYS_AND_CONTIGUOUS_DAILY_RECORDS,RESET_REPORTING_HIGH_WATER_MARK_TO_GROUP_INITIAL_WEALTH_NOT_PORTFOLIO_STATE,0.00033802564875287899
llama_hard_allocator,MONTH,2024-08,31,2024-08-01,2024-08-31,31,False,-0.047205849676824549,-0.048356400419196942,,-15.598838844902239,-0.0014419752697524592,0.01557532990590132,0.29766814884660869,,-1.7693578211771988,0.010755396913619392,-2.5622793847361356,0.08131944840778399,,0.030305774779117507,0.56998506604545907,0.018386615033724487,31,0.0005699850660454591,1.8386615033724487e-05,0.43225806451612891,365_25_CALENDAR_DAYS_PER_YEAR,NOT_APPLICABLE_REQUIRES_365_CALENDAR_DAYS_AND_CONTIGUOUS_DAILY_RECORDS,RESET_REPORTING_HIGH_WATER_MARK_TO_GROUP_INITIAL_WEALTH_NOT_PORTFOLIO_STATE,0.00092252265092804112
llama_hard_allocator,MONTH,2024-09,30,2024-09-01,2024-09-30,30,False,0.032654528060796204,0.032132698635915113,,10.710899545305038,0.001119480453868708,0.0099482943688267312,0.19012697559798036,,2.1506166312776975,0.0064490712353611939,3.3175269029644641,0.040149944858019995,,0.017025435939060991,0.19533930622367018,0.0065113102074556726,30,0.00019533930622367019,6.5113102074556733e-06,0.44833333333333319,365_25_CALENDAR_DAYS_PER_YEAR,NOT_APPLICABLE_REQUIRES_365_CALENDAR_DAYS_AND_CONTIGUOUS_DAILY_RECORDS,RESET_REPORTING_HIGH_WATER_MARK_TO_GROUP_INITIAL_WEALTH_NOT_PORTFOLIO_STATE,0.00031520349757210918
llama_hard_allocator,MONTH,2024-10,31,2024-10-01,2024-10-31,31,False,0.044869023640068506,0.043891541331933216,,14.158561719978458,0.0014605318954607428,0.0095086204736251016,0.18172414141908705,,2.9355443401809098,0.0057798915987471323,4.8293253493420183,0.022523760896044655,,0.0170550865524557,0.56984991250042094,0.018382255241949062,31,0.00056984991250042091,1.8382255241949061e-05,0.47903225806451605,365_25_CALENDAR_DAYS_PER_YEAR,NOT_APPLICABLE_REQUIRES_365_CALENDAR_DAYS_AND_CONTIGUOUS_DAILY_RECORDS,RESET_REPORTING_HIGH_WATER_MARK_TO_GROUP_INITIAL_WEALTH_NOT_PORTFOLIO_STATE,0.00096879365356101566
llama_hard_allocator,MONTH,2024-11,30,2024-11-01,2024-11-30,30,False,0.19435378241680373,0.17760527126375839,,59.201757087919461,0.0060853784712251967,0.017634137934924098,0.33701508907402217,,6.5952076291955324,0.0067595627410306841,17.205373409251681,0.038954389203227573,,0.02458128138447431,0.35528964057410778,0.011842988019136925,30,0.00035528964057410776,1.1842988019136926e-05,0.53666666666666685,365_25_CALENDAR_DAYS_PER_YEAR,NOT_APPLICABLE_REQUIRES_365_CALENDAR_DAYS_AND_CONTIGUOUS_DAILY_RECORDS,RESET_REPORTING_HIGH_WATER_MARK_TO_GROUP_INITIAL_WEALTH_NOT_PORTFOLIO_STATE,0.00065320654348928117
llama_hard_allocator,MONTH,2024-12,31,2024-12-01,2024-12-31,31,False,-0.021460306872687882,-0.021693927687904482,,-6.9980411896466066,-0.00063026705201559951,0.01195144026320448,0.2284101281123414,,-1.0078582882956639,0.0088860441451374395,-1.3555366065711618,0.070520700143388348,,0.027113367867596733,0.75987042805229699,0.024511949292009581,31,0.00075987042805229711,2.4511949292009583e-05,0.51774193548387104,365_25_CALENDAR_DAYS_PER_YEAR,NOT_APPLICABLE_REQUIRES_365_CALENDAR_DAYS_AND_CONTIGUOUS_DAILY_RECORDS,RESET_REPORTING_HIGH_WATER_MARK_TO_GROUP_INITIAL_WEALTH_NOT_PORTFOLIO_STATE,0.0015853084269609765
llama_hard_allocator,MONTH,2025-01,31,2025-01-01,2025-01-31,31,False,0.035905485509149168,0.035275909472039207,,11.379325636141681,0.0012005306317709572,0.011305219329699403,0.21605986714294129,,2.0295014481529905,0.0076048415407050539,3.0170199968670164,0.04870410492679101,,0.024522046574577409,0.92880199124410323,0.029961354556261394,31,0.00092880199124410344,2.9961354556261402e-05,0.50161290322580665,365_25_CALENDAR_DAYS_PER_YEAR,NOT_APPLICABLE_REQUIRES_365_CALENDAR_DAYS_AND_CONTIGUOUS_DAILY_RECORDS,RESET_REPORTING_HIGH_WATER_MARK_TO_GROUP_INITIAL_WEALTH_NOT_PORTFOLIO_STATE,0.001944716944947142
llama_hard_allocator,MONTH,2025-02,28,2025-02-01,2025-02-28,28,False,-0.083989393962993139,-0.087727335732018158,,-31.331191332863625,-0.0030880995520838179,0.0090981612044040636,0.17387964299856465,,-6.4868338923833955,0.0084340945377778948,-6.9975810912175733,0.08469170945580709,,0.022563299345613914,0.2256829995878103,0.008060107128136082,28,0.00022568299958781028,8.0601071281360815e-06,0.45000000000000001,365_25_CALENDAR_DAYS_PER_YEAR,NOT_APPLICABLE_REQUIRES_365_CALENDAR_DAYS_AND_CONTIGUOUS_DAILY_RECORDS,RESET_REPORTING_HIGH_WATER_MARK_TO_GROUP_INITIAL_WEALTH_NOT_PORTFOLIO_STATE,0.00046198336192844865
llama_hard_allocator,MONTH,2025-03,31,2025-03-01,2025-03-31,31,False,-0.0045318518033837943,-0.0045421517741757551,,-1.4652102497341146,-5.1250015246410761e-05,0.014040260403128195,0.26833064524302658,,-0.069761200968296799,0.0095545808842575353,-0.10251265225496679,0.068506542802352022,,0.031170634842432463,0.18651070843823492,0.0060164744657495136,31,0.00018651070843823494,6.016474465749514e-06,0.40000000000000013,365_25_CALENDAR_DAYS_PER_YEAR,NOT_APPLICABLE_REQUIRES_365_CALENDAR_DAYS_AND_CONTIGUOUS_DAILY_RECORDS,RESET_REPORTING_HIGH_WATER_MARK_TO_GROUP_INITIAL_WEALTH_NOT_PORTFOLIO_STATE,0.00036371988903490405
llama_hard_allocator,MONTH,2025-04,30,2025-04-01,2025-04-30,30,False,0.051590658676887627,0.050303930871875582,,16.767976957291861,0.0017346315673102074,0.010826403523061206,0.20690897174222905,,3.0620913855266334,0.0063322309801910502,5.2353486579860506,0.039505845689992256,,0.021323736783291167,0.3318724503163446,0.011062415010544819,30,0.00033187245031634458,1.1062415010544819e-05,0.39000000000000007,365_25_CALENDAR_DAYS_PER_YEAR,NOT_APPLICABLE_REQUIRES_365_CALENDAR_DAYS_AND_CONTIGUOUS_DAILY_RECORDS,RESET_REPORTING_HIGH_WATER_MARK_TO_GROUP_INITIAL_WEALTH_NOT_PORTFOLIO_STATE,0.00063886281720416721
llama_hard_allocator,MONTH,2025-05,28,2025-05-01,2025-05-28,28,False,0.066672900318547224,0.064544365169132811,,23.051558988976005,0.0023497965928582537,0.009365208781818804,0.17898332674094874,,4.795213169680788,0.0045411537625606622,9.8891547909324533,0.019651809934912223,,0.015934611582623492,0.37563923402488569,0.013415686929460203,28,0.00037563923402488577,1.3415686929460206e-05,0.48214285714285715,365_25_CALENDAR_DAYS_PER_YEAR,NOT_APPLICABLE_REQUIRES_365_CALENDAR_DAYS_AND_CONTIGUOUS_DAILY_RECORDS,RESET_REPORTING_HIGH_WATER_MARK_TO_GROUP_INITIAL_WEALTH_NOT_PORTFOLIO_STATE,0.00077426522075017736
llama_memory_current_year,FULL,FULL,1608,2021-01-02,2025-05-28,1608,False,1.1749049232188662,0.77698495012259594,,4.8319959584738559,0.0005877521775389977,0.014463233231927893,0.27641429674330814,0.19302088873897458,0.77664753732140701,0.0097635105449121098,1.1504913544785904,0.45612406323456989,0.42317628973613297,0.03310167574784717,15.900636113577193,0.0098884552945131786,1608,0.015900636113577192,9.8884552945131784e-06,0.45108830845771153,365_25_CALENDAR_DAYS_PER_YEAR,REPORTED,RESET_REPORTING_HIGH_WATER_MARK_TO_GROUP_INITIAL_WEALTH_NOT_PORTFOLIO_STATE,0.02217448330231675
llama_memory_current_year,REGIME,FULL:BEAR,503,2021-05-14,2025-04-11,1429,True,,0.025712267897565977,0.025712267897565977,0.51117828822198763,0.00016032178124230715,0.014782606070974423,,,,0.010430518033094706,,,,0.035421675999231982,4.3632188306740938,0.008674391313467384,503,0.0043632188306740941,8.6743913134673831e-06,0.4042743538767396,NOT_APPLICABLE_CONDITIONAL_SELECTION,NOT_APPLICABLE_CONDITIONAL_SELECTION,NOT_APPLICABLE_CONDITIONAL_SELECTION,0.0049451170463770816
llama_memory_current_year,REGIME,FULL:BULL,531,2021-01-02,2025-05-28,1608,True,,0.87698761059855856,0.87698761059855856,16.515774210895643,0.0017697686955683892,0.0153495894875284,,,,0.009257964362843072,,,,0.030964393600862717,6.9097700907220725,0.013012749700041567,531,0.0069097700907220722,1.3012749700041568e-05,0.48634651600753298,NOT_APPLICABLE_CONDITIONAL_SELECTION,NOT_APPLICABLE_CONDITIONAL_SELECTION,NOT_APPLICABLE_CONDITIONAL_SELECTION,0.011034892447074209
llama_memory_current_year,REGIME,FULL:MIX,574,2021-04-11,2025-05-05,1486,True,,-0.12571492837352849,-0.12571492837352849,-2.1901555465771514,-0.00013115597879614452,0.013240757133230936,,,,0.0096134551761509566,,,,0.032695168099760731,4.6276471921810263,0.0080621031222665954,574,0.0046276471921810267,8.0621031222665972e-06,0.45949477351916379,NOT_APPLICABLE_CONDITIONAL_SELECTION,NOT_APPLICABLE_CONDITIONAL_SELECTION,NOT_APPLICABLE_CONDITIONAL_SELECTION,0.0061944738088654631
llama_memory_current_year,POST2021,POST2021,1244,2022-01-01,2025-05-28,1244,False,0.68442770582148738,0.52142586565141491,,4.1915262512171614,0.00050010291758045974,0.012729284159386659,0.24327590328802198,0.1654362685102691,0.75084539067563516,0.0085636300879061624,1.1160832777181233,0.37086594603711542,0.44608104431813378,0.029167740430219771,11.683908863062001,0.0093922096969951772,1244,0.011683908863062002,9.3922096969951782e-06,0.44855305466237944,365_25_CALENDAR_DAYS_PER_YEAR,REPORTED,RESET_REPORTING_HIGH_WATER_MARK_TO_GROUP_INITIAL_WEALTH_NOT_PORTFOLIO_STATE,0.016896594041213929
llama_memory_current_year,REGIME,POST2021:BEAR,380,2022-01-01,2025-04-11,1197,True,,-0.012965993555489802,-0.012965993555489802,-0.34121035672341588,6.1343578947892799e-05,0.013833207966293963,,,,0.0097282163060343121,,,,0.033961605776242791,3.1225440692567554,0.0082172212348861993,380,0.0031225440692567554,8.2172212348861977e-06,0.40500000000000003,NOT_APPLICABLE_CONDITIONAL_SELECTION,NOT_APPLICABLE_CONDITIONAL_SELECTION,NOT_APPLICABLE_CONDITIONAL_SELECTION,0.0034702134440505608
llama_memory_current_year,REGIME,POST2021:BULL,388,2023-01-16,2025-05-28,864,True,,0.52652733849990396,0.52652733849990396,13.570292229378968,0.0014391991910501208,0.012799278768229385,,,,0.0077379202109115067,,,,0.02583611655411211,4.832682225788087,0.012455366561309503,388,0.0048326822257880866,1.2455366561309501e-05,0.48311855670103099,NOT_APPLICABLE_CONDITIONAL_SELECTION,NOT_APPLICABLE_CONDITIONAL_SELECTION,NOT_APPLICABLE_CONDITIONAL_SELECTION,0.0084315999252446532
llama_memory_current_year,REGIME,POST2021:MIX,476,2022-03-25,2025-05-05,1138,True,,0.0078645207070007078,0.0078645207070007078,0.16522102325631738,8.4891141475726436e-05,0.011696893470835999,,,,0.0082037491271316626,,,,0.027542875506970155,3.7286825680171605,0.0078333667395318503,476,0.0037286825680171603,7.8333667395318494e-06,0.45514705882352946,NOT_APPLICABLE_CONDITIONAL_SELECTION,NOT_APPLICABLE_CONDITIONAL_SELECTION,NOT_APPLICABLE_CONDITIONAL_SELECTION,0.004994780671918715
llama_memory_current_year,YEAR,2021,364,2021-01-02,2021-12-31,364,False,0.29118329964667483,0.2555590844711812,,7.0208539689884946,0.00088730074728740735,0.01926394603963447,0.36816319087573884,,0.88027974001374321,0.013056801559067221,1.2987607519876916,0.28165584541742678,,0.042149937687570249,4.2167272505151896,0.011584415523393378,364,0.0042167272505151893,1.1584415523393377e-05,0.45975274725274734,365_25_CALENDAR_DAYS_PER_YEAR,NOT_APPLICABLE_REQUIRES_365_CALENDAR_DAYS_AND_CONTIGUOUS_DAILY_RECORDS,RESET_REPORTING_HIGH_WATER_MARK_TO_GROUP_INITIAL_WEALTH_NOT_PORTFOLIO_STATE,0.0052778892611028225
llama_memory_current_year,YEAR_REGIME,2021:BEAR,123,2021-05-14,2021-12-31,232,True,,0.038678261453055765,0.038678261453055765,3.1445741018744524,0.0004661080972738311,0.017452512046336875,,,,0.012350480452066603,,,,0.039083445590406364,1.2406747614173379,0.010086786678189739,123,0.0012406747614173382,1.0086786678189741e-05,0.40203252032520331,NOT_APPLICABLE_CONDITIONAL_SELECTION,NOT_APPLICABLE_CONDITIONAL_SELECTION,NOT_APPLICABLE_CONDITIONAL_SELECTION,0.0014749036023265208
llama_memory_current_year,YEAR_REGIME,2021:BULL,143,2021-01-02,2021-11-17,320,True,,0.3504602720986546,0.3504602720986546,24.507711335570253,0.002666698539995579,0.020780013178391968,,,,0.012482239223984207,,,,0.039040595754840784,2.077087864933985,0.014525089964573322,143,0.0020770878649339851,1.4525089964573323e-05,0.4951048951048953,NOT_APPLICABLE_CONDITIONAL_SELECTION,NOT_APPLICABLE_CONDITIONAL_SELECTION,NOT_APPLICABLE_CONDITIONAL_SELECTION,0.0026032925218295545
llama_memory_current_year,YEAR_REGIME,2021:MIX,98,2021-04-11,2021-12-04,238,True,,-0.13357944908052918,-0.13357944908052918,-13.630556028625426,-0.0011805277058309462,0.019087064206525499,,,,0.014642932698976803,,,,0.049680266155044783,0.89896462416386624,0.0091731084098353698,98,0.00089896462416386635,9.1731084098353708e-06,0.48061224489795917,NOT_APPLICABLE_CONDITIONAL_SELECTION,NOT_APPLICABLE_CONDITIONAL_SELECTION,NOT_APPLICABLE_CONDITIONAL_SELECTION,0.0011996931369467479
llama_memory_current_year,YEAR,2022,365,2022-01-01,2022-12-31,365,False,-0.34576364982891211,-0.42428660111227845,,-11.624290441432285,-0.0010585210078618325,0.014345853712151094,0.27417099630758346,-0.34595374803940743,-1.4101593652444278,0.011090516443794621,-1.8240755574493996,0.37086594603711542,-0.93282694659914978,0.038683247891433022,3.3723838141544604,0.0092394077100122207,365,0.0033723838141544601,9.2394077100122195e-06,0.41520547945205483,365_25_CALENDAR_DAYS_PER_YEAR,REPORTED,RESET_REPORTING_HIGH_WATER_MARK_TO_GROUP_INITIAL_WEALTH_NOT_PORTFOLIO_STATE,0.0034269694139618108
llama_memory_current_year,YEAR_REGIME,2022:BEAR,321,2022-01-01,2022-12-31,365,True,,-0.22124913952271813,-0.22124913952271813,-6.8924965583401283,-0.00059226158915858115,0.013918152784160288,,,,0.01025106358081943,,,,0.035685648863451172,2.6847693184289385,0.00836376734713065,321,0.0026847693184289391,8.363767347130652e-06,0.40607476635514028,NOT_APPLICABLE_CONDITIONAL_SELECTION,NOT_APPLICABLE_CONDITIONAL_SELECTION,NOT_APPLICABLE_CONDITIONAL_SELECTION,0.0026966509562112999
llama_memory_current_year,YEAR_REGIME,2022:MIX,44,2022-03-25,2022-12-17,268,True,,-0.20303746158956029,-0.20303746158956029,-46.14487763399098,-0.0044600954034014614,0.016943677098663668,,,,0.015927945577934279,,,,0.058014096057154636,0.68761449572552147,0.015627602175580034,44,0.00068761449572552152,1.5627602175580035e-05,0.4818181818181817,NOT_APPLICABLE_CONDITIONAL_SELECTION,NOT_APPLICABLE_CONDITIONAL_SELECTION,NOT_APPLICABLE_CONDITIONAL_SELECTION,0.00073031845775051066
llama_memory_current_year,YEAR,2023,365,2023-01-01,2023-12-31,365,False,0.59283377892863498,0.4655146808060594,,12.753826871398889,0.0013343120887020837,0.01083776170729297,0.20712604384888456,0.59334172805930696,2.3529512819450331,0.0061237179900400281,4.1642553337801722,0.093718692041958651,6.3310927108720518,0.020932066411443635,2.4706555683148124,0.0067689193652460617,365,0.0024706555683148123,6.7689193652460609e-06,0.46246575342465757,365_25_CALENDAR_DAYS_PER_YEAR,REPORTED,RESET_REPORTING_HIGH_WATER_MARK_TO_GROUP_INITIAL_WEALTH_NOT_PORTFOLIO_STATE,0.0026462810697254536
llama_memory_current_year,YEAR_REGIME,2023:BEAR,1,2023-01-01,2023-01-01,1,True,,0.0017118707612718295,0.0017118707612718295,17.118707612718296,0.0017133368484880673,,,,,0,,,,-0.0017133368484880673,0.00095759031814340867,0.00095759031814340867,1,9.575903181434088e-07,9.575903181434088e-07,0.35000000000000003,NOT_APPLICABLE_CONDITIONAL_SELECTION,NOT_APPLICABLE_CONDITIONAL_SELECTION,NOT_APPLICABLE_CONDITIONAL_SELECTION,8.0891393502739118e-07
llama_memory_current_year,YEAR_REGIME,2023:BULL,180,2023-01-16,2023-12-31,350,True,,0.15652739642769611,0.15652739642769611,8.6959664682053397,0.00092370457211376545,0.010417760511676965,,,,0.0064229442296641556,,,,0.02095018284451191,0.99221976714165372,0.0055123320396758537,180,0.00099221976714165372,5.5123320396758539e-06,0.45833333333333343,NOT_APPLICABLE_CONDITIONAL_SELECTION,NOT_APPLICABLE_CONDITIONAL_SELECTION,NOT_APPLICABLE_CONDITIONAL_SELECTION,0.0011161843125268756
llama_memory_current_year,YEAR_REGIME,2023:MIX,184,2023-01-02,2023-10-21,293,True,,0.30727541361709149,0.30727541361709149,16.699750740059319,0.0017339334377570361,0.011275893966296753,,,,0.0058336138372210751,,,,0.020568252567012234,1.4774782108550151,0.0080297728850816045,184,0.0014774782108550153,8.0297728850816052e-06,0.4671195652173914,NOT_APPLICABLE_CONDITIONAL_SELECTION,NOT_APPLICABLE_CONDITIONAL_SELECTION,NOT_APPLICABLE_CONDITIONAL_SELECTION,0.0015292878432635508
llama_memory_current_year,YEAR,2024,366,2024-01-01,2024-12-31,366,False,0.51463434901133731,0.41517405604292357,,11.343553443795727,0.0012216351117294172,0.013217392299008984,0.25260438924858508,0.51334629682842148,1.7664072500342305,0.0081417170187394351,2.8676134935393383,0.12147403001109179,4.2259756820577028,0.02677255755961689,3.9748883272178159,0.010860350620813706,366,0.0039748883272178155,1.0860350620813703e-05,0.46898907103825144,365_25_CALENDAR_DAYS_PER_YEAR,REPORTED,RESET_REPORTING_HIGH_WATER_MARK_TO_GROUP_INITIAL_WEALTH_NOT_PORTFOLIO_STATE,0.0069803724736070445
llama_memory_current_year,YEAR_REGIME,2024:BEAR,21,2024-07-05,2024-09-02,60,True,,0.12161213099127288,0.12161213099127288,57.910538567272802,0.0058808186045493753,0.012489320599377985,,,,0.0042174963187925265,,,,0.016068336186350771,0.21621925063311476,0.010296154792053083,21,0.00021621925063311474,1.0296154792053083e-05,0.40000000000000008,NOT_APPLICABLE_CONDITIONAL_SELECTION,NOT_APPLICABLE_CONDITIONAL_SELECTION,NOT_APPLICABLE_CONDITIONAL_SELECTION,0.00034547792173819755
llama_memory_current_year,YEAR_REGIME,2024:BULL,153,2024-01-01,2024-12-31,366,True,,0.30189572302381773,0.30189572302381773,19.731746602863904,0.0020973904681054344,0.015739578642095037,,,,0.0093344257831986816,,,,0.031535697678902255,2.6386738225816471,0.017246234134520567,153,0.0026386738225816471,1.7246234134520569e-05,0.50686274509803908,NOT_APPLICABLE_CONDITIONAL_SELECTION,NOT_APPLICABLE_CONDITIONAL_SELECTION,NOT_APPLICABLE_CONDITIONAL_SELECTION,0.0048005512408388299
llama_memory_current_year,YEAR_REGIME,2024:MIX,192,2024-01-15,2024-11-05,296,True,,-0.008333797972166955,-0.008333797972166955,-0.43405197771702891,1.4169367590095155e-05,0.010765681194784811,,,,0.007415001862163418,,,,0.023330675594630496,1.1199952540030536,0.0058333086145992375,192,0.0011199952540030538,5.8333086145992384e-06,0.44635416666666677,NOT_APPLICABLE_CONDITIONAL_SELECTION,NOT_APPLICABLE_CONDITIONAL_SELECTION,NOT_APPLICABLE_CONDITIONAL_SELECTION,0.0018343433110300177
llama_memory_current_year,YEAR,2025,148,2025-01-01,2025-05-28,148,False,0.067184348277289141,0.065023729914710143,,4.3934952645074423,0.00050233671669211899,0.011262391430398812,0.21524136110930886,,0.8524313581097368,0.0075274862020824401,1.275381364355396,0.13037521345149222,,0.02461011654755842,1.8659811533749147,0.01260798076604672,148,0.0018659811533749148,1.2607980766046722e-05,0.44594594594594594,365_25_CALENDAR_DAYS_PER_YEAR,NOT_APPLICABLE_REQUIRES_365_CALENDAR_DAYS_AND_CONTIGUOUS_DAILY_RECORDS,RESET_REPORTING_HIGH_WATER_MARK_TO_GROUP_INITIAL_WEALTH_NOT_PORTFOLIO_STATE,0.0038429710839196197
llama_memory_current_year,YEAR_REGIME,2025:BEAR,37,2025-02-27,2025-04-11,44,True,,0.084959144214683507,0.084959144214683507,22.961930868833381,0.0023842162858399695,0.013297239480366676,,,,0.0070842776300735098,,,,0.02081711213964239,0.22059790987655847,0.0059621056723394182,37,0.00022059790987655849,5.9621056723394183e-06,0.40000000000000008,NOT_APPLICABLE_CONDITIONAL_SELECTION,NOT_APPLICABLE_CONDITIONAL_SELECTION,NOT_APPLICABLE_CONDITIONAL_SELECTION,0.0004272756521660362
llama_memory_current_year,YEAR_REGIME,2025:BULL,55,2025-01-01,2025-05-28,148,True,,0.068104219048390188,0.068104219048390188,12.38258528152549,0.0012953040277606839,0.0107162392262573,,,,0.0067079061663999308,,,,0.022198812478466518,1.2017886360647867,0.021850702473905213,55,0.0012017886360647869,2.1850702473905216e-05,0.49818181818181817,NOT_APPLICABLE_CONDITIONAL_SELECTION,NOT_APPLICABLE_CONDITIONAL_SELECTION,NOT_APPLICABLE_CONDITIONAL_SELECTION,0.0025148643718789468
llama_memory_current_year,YEAR_REGIME,2025:MIX,56,2025-01-10,2025-05-05,116,True,,-0.088039633348363622,-0.088039633348363622,-15.721363097922076,-0.00151985517915148,0.010166290834216215,,,,0.0085088528329220012,,,,0.027384764632245328,0.44359460743356977,0.0079213322755994596,56,0.00044359460743356982,7.9213322755994615e-06,0.42499999999999993,NOT_APPLICABLE_CONDITIONAL_SELECTION,NOT_APPLICABLE_CONDITIONAL_SELECTION,NOT_APPLICABLE_CONDITIONAL_SELECTION,0.00090083105987463622
llama_memory_current_year,MONTH,2021-01,30,2021-01-02,2021-01-31,30,False,0.054680006040883092,0.053237409110109934,,17.745803036703311,0.0021188428937800965,0.026601248556076582,0.5083901569041992,,1.5222705562708505,0.017417791292933398,2.3248813099159631,0.12817436724554648,,0.055104155928685949,0.75372791509143622,0.025124263836381208,30,0.00075372791509143626,2.5124263836381208e-05,0.47833333333333317,365_25_CALENDAR_DAYS_PER_YEAR,NOT_APPLICABLE_REQUIRES_365_CALENDAR_DAYS_AND_CONTIGUOUS_DAILY_RECORDS,RESET_REPORTING_HIGH_WATER_MARK_TO_GROUP_INITIAL_WEALTH_NOT_PORTFOLIO_STATE,0.0007813448738056858
llama_memory_current_year,MONTH,2021-02,28,2021-02-01,2021-02-28,28,False,0.16113175551992615,0.14939518079016115,,53.355421710771843,0.0056593411028590156,0.025580795630128623,0.48888775565252846,,4.2281164007887435,0.012744240295561121,8.4868598708582095,0.11129940232640995,,0.042599340832591717,0.31141978487640065,0.011122135174157166,28,0.00031141978487640064,1.1122135174157166e-05,0.48214285714285715,365_25_CALENDAR_DAYS_PER_YEAR,NOT_APPLICABLE_REQUIRES_365_CALENDAR_DAYS_AND_CONTIGUOUS_DAILY_RECORDS,RESET_REPORTING_HIGH_WATER_MARK_TO_GROUP_INITIAL_WEALTH_NOT_PORTFOLIO_STATE,0.00038383633322876926
llama_memory_current_year,MONTH,2021-03,31,2021-03-01,2021-03-31,31,False,0.15436337585874538,0.14354900228016607,,46.306129767795504,0.0048259070270285252,0.019591770113922106,0.37442840554086004,,4.7076090262863763,0.010741535628165015,8.5863322547097649,0.088516806881406285,,0.030919475527249714,0.30300716786249349,0.009774424769757855,31,0.00030300716786249349,9.7744247697578551e-06,0.53870967741935494,365_25_CALENDAR_DAYS_PER_YEAR,NOT_APPLICABLE_REQUIRES_365_CALENDAR_DAYS_AND_CONTIGUOUS_DAILY_RECORDS,RESET_REPORTING_HIGH_WATER_MARK_TO_GROUP_INITIAL_WEALTH_NOT_PORTFOLIO_STATE,0.00041042952481989319
llama_memory_current_year,MONTH,2021-04,30,2021-04-01,2021-04-30,30,False,-0.0071818847544925252,-0.0072077986370271963,,-2.4025995456757321,-7.312654213030845e-05,0.018689594237742461,0.35718645788267839,,-0.074777385658523932,0.011262354289126763,-0.12409119445534295,0.12641799335149947,,0.031281055592211456,0.38872831490268339,0.012957610496756113,30,0.00038872831490268343,1.2957610496756114e-05,0.52666666666666673,365_25_CALENDAR_DAYS_PER_YEAR,NOT_APPLICABLE_REQUIRES_365_CALENDAR_DAYS_AND_CONTIGUOUS_DAILY_RECORDS,RESET_REPORTING_HIGH_WATER_MARK_TO_GROUP_INITIAL_WEALTH_NOT_PORTFOLIO_STATE,0.0005454445153828027
llama_memory_current_year,MONTH,2021-05,31,2021-05-01,2021-05-31,31,False,-0.17622754996346038,-0.19386094007816715,,-62.535787121989408,-0.005966995882453501,0.02329946914008919,0.44528815055219129,,-4.8944604597348089,0.020673292573931211,-5.5162151859050743,0.20453649074036123,,0.064687211506819026,0.44669990005660587,0.014409674195374382,31,0.00044669990005660585,1.4409674195374383e-05,0.41290322580645172,365_25_CALENDAR_DAYS_PER_YEAR,NOT_APPLICABLE_REQUIRES_365_CALENDAR_DAYS_AND_CONTIGUOUS_DAILY_RECORDS,RESET_REPORTING_HIGH_WATER_MARK_TO_GROUP_INITIAL_WEALTH_NOT_PORTFOLIO_STATE,0.00055307755723382572
llama_memory_current_year,MONTH,2021-06,30,2021-06-01,2021-06-30,30,False,-0.022420472956237746,-0.022675632842438807,,-7.5585442808129351,-0.00057165782996663193,0.01947495508541576,0.37219589338843539,,-0.5609895920517427,0.014105021045447199,-0.77456439613890815,0.097053248255337898,,0.044718592491829225,0.41261366519058384,0.013753788839686127,30,0.00041261366519058392,1.375378883968613e-05,0.3683333333333334,365_25_CALENDAR_DAYS_PER_YEAR,NOT_APPLICABLE_REQUIRES_365_CALENDAR_DAYS_AND_CONTIGUOUS_DAILY_RECORDS,RESET_REPORTING_HIGH_WATER_MARK_TO_GROUP_INITIAL_WEALTH_NOT_PORTFOLIO_STATE,0.00047178361684630378
llama_memory_current_year,MONTH,2021-07,31,2021-07-01,2021-07-31,31,False,0.074506717764170907,0.071861689071736887,,23.181190023140928,0.0023991603528869584,0.012758349520647194,0.24383138637147841,,3.5938495528911276,0.0070000082703258583,6.5502192211370351,0.064593456704160113,,0.017788531194613755,0.19108407528761018,0.006164002428632586,31,0.00019108407528761016,6.1640024286325859e-06,0.40000000000000013,365_25_CALENDAR_DAYS_PER_YEAR,NOT_APPLICABLE_REQUIRES_365_CALENDAR_DAYS_AND_CONTIGUOUS_DAILY_RECORDS,RESET_REPORTING_HIGH_WATER_MARK_TO_GROUP_INITIAL_WEALTH_NOT_PORTFOLIO_STATE,0.00021505594710134526
llama_memory_current_year,MONTH,2021-08,31,2021-08-01,2021-08-31,31,False,0.060193348649214364,0.058451295876369706,,18.85525673431281,0.0019966181699467844,0.015076263539144524,0.28813023456539577,,2.5310248598973204,0.0082964633034053482,4.5993571497237786,0.033506805157894684,,0.020781225475239477,0.30510128228779887,0.0098419768479935128,31,0.00030510128228779883,9.8419768479935107e-06,0.45645161290322583,365_25_CALENDAR_DAYS_PER_YEAR,NOT_APPLICABLE_REQUIRES_365_CALENDAR_DAYS_AND_CONTIGUOUS_DAILY_RECORDS,RESET_REPORTING_HIGH_WATER_MARK_TO_GROUP_INITIAL_WEALTH_NOT_PORTFOLIO_STATE,0.00038476715343552427
llama_memory_current_year,MONTH,2021-09,30,2021-09-01,2021-09-30,30,False,-0.026979290462323176,-0.027349912811253405,,-9.1166376037511352,-0.00074139908156601133,0.018622867240062457,0.35591120387537972,,-0.76085273965357747,0.014852555507103462,-0.953994721853065,0.11181589344348757,,0.051165245958094858,0.20117418009703464,0.0067058060032344881,30,0.00020117418009703465,6.7058060032344885e-06,0.4616666666666665,365_25_CALENDAR_DAYS_PER_YEAR,NOT_APPLICABLE_REQUIRES_365_CALENDAR_DAYS_AND_CONTIGUOUS_DAILY_RECORDS,RESET_REPORTING_HIGH_WATER_MARK_TO_GROUP_INITIAL_WEALTH_NOT_PORTFOLIO_STATE,0.00025524742013769282
llama_memory_current_year,MONTH,2021-10,31,2021-10-01,2021-10-31,31,False,0.17139639617327265,0.15819653815632531,,51.031141340750104,0.0052402794692116908,0.016090414691187233,0.30751219937147223,,6.2241825854117065,0.0075938480632499316,13.188264774167642,0.052207236284951608,,0.023569459858362958,0.38276777356531161,0.012347347534364891,31,0.00038276777356531169,1.2347347534364894e-05,0.46290322580645143,365_25_CALENDAR_DAYS_PER_YEAR,NOT_APPLICABLE_REQUIRES_365_CALENDAR_DAYS_AND_CONTIGUOUS_DAILY_RECORDS,RESET_REPORTING_HIGH_WATER_MARK_TO_GROUP_INITIAL_WEALTH_NOT_PORTFOLIO_STATE,0.00054194872966446741
llama_memory_current_year,MONTH,2021-11,30,2021-11-01,2021-11-30,30,False,-0.030884364183615069,-0.031371339003422719,,-10.457113001140906,-0.0009238179936281103,0.015789814007114725,0.3017672649328132,,-1.118161448849639,0.0121906365346392,-1.4482887138086808,0.1004385825902883,,0.038861265164774242,0.33091523481948854,0.011030507827316285,30,0.00033091523481948855,1.1030507827316285e-05,0.47499999999999998,365_25_CALENDAR_DAYS_PER_YEAR,NOT_APPLICABLE_REQUIRES_365_CALENDAR_DAYS_AND_CONTIGUOUS_DAILY_RECORDS,RESET_REPORTING_HIGH_WATER_MARK_TO_GROUP_INITIAL_WEALTH_NOT_PORTFOLIO_STATE,0.0004838939708657032
llama_memory_current_year,MONTH,2021-12,31,2021-12-01,2021-12-31,31,False,-0.092141189432704274,-0.096666407441378596,,-31.182712077864064,-0.0030030117902368186,0.015030698863186696,0.28725942458402753,,-3.8183257450032015,0.01306248489670492,-4.3936590081090596,0.096140341566888873,,0.037461086844389764,0.1894879564777423,0.0061125147250884618,31,0.00018948795647774232,6.1125147250884619e-06,0.45645161290322567,365_25_CALENDAR_DAYS_PER_YEAR,NOT_APPLICABLE_REQUIRES_365_CALENDAR_DAYS_AND_CONTIGUOUS_DAILY_RECORDS,RESET_REPORTING_HIGH_WATER_MARK_TO_GROUP_INITIAL_WEALTH_NOT_PORTFOLIO_STATE,0.00025105961858081036
llama_memory_current_year,MONTH,2022-01,31,2022-01-01,2022-01-31,31,False,-0.076225804217901941,-0.079287614064544404,,-25.576649698240132,-0.0024787294114835376,0.012410036441691237,0.23717459578930278,,-3.8172550248537034,0.011210039591450661,-4.2258792735925681,0.12723327021192313,,0.038640878987419636,0.14893017360647809,0.0048041991485960672,31,0.00014893017360647807,4.8041991485960668e-06,0.44999999999999984,365_25_CALENDAR_DAYS_PER_YEAR,NOT_APPLICABLE_REQUIRES_365_CALENDAR_DAYS_AND_CONTIGUOUS_DAILY_RECORDS,RESET_REPORTING_HIGH_WATER_MARK_TO_GROUP_INITIAL_WEALTH_NOT_PORTFOLIO_STATE,0.00018164610507099448
llama_memory_current_year,MONTH,2022-02,28,2022-02-01,2022-02-28,28,False,0.059756093482595467,0.05803878115867929,,20.728136128099749,0.002270683664778696,0.020340854120573897,0.38874453566059219,,2.1334504603417197,0.010285716091415903,4.219074705308957,0.078840441091806393,,0.030442947547441201,0.17658593740111156,0.0063066406214682697,28,0.00017658593740111159,6.3066406214682709e-06,0.4499999999999999,365_25_CALENDAR_DAYS_PER_YEAR,NOT_APPLICABLE_REQUIRES_365_CALENDAR_DAYS_AND_CONTIGUOUS_DAILY_RECORDS,RESET_REPORTING_HIGH_WATER_MARK_TO_GROUP_INITIAL_WEALTH_NOT_PORTFOLIO_STATE,0.00021548469588749284
llama_memory_current_year,MONTH,2022-03,31,2022-03-01,2022-03-31,31,False,0.029202830892216761,0.028784551997083879,,9.285339353898026,0.0010372005356233053,0.014961667217193563,0.28594012525626022,,1.3248839955459109,0.0098163240387905207,2.0193377240209793,0.067905196088367176,,0.032282133073633174,0.26004877692763489,0.0083886702234720941,31,0.00026004877692763494,8.3886702234720954e-06,0.45967741935483869,365_25_CALENDAR_DAYS_PER_YEAR,NOT_APPLICABLE_REQUIRES_365_CALENDAR_DAYS_AND_CONTIGUOUS_DAILY_RECORDS,RESET_REPORTING_HIGH_WATER_MARK_TO_GROUP_INITIAL_WEALTH_NOT_PORTFOLIO_STATE,0.00032580826084294709
llama_memory_current_year,MONTH,2022-04,30,2022-04-01,2022-04-30,30,False,-0.085073206010885583,-0.088911223476585879,,-29.637074492195296,-0.0028902079368159804,0.011909476930322037,0.22760814525265136,,-4.6380082213237035,0.010663476309705445,-5.1799479185061719,0.09601842274858334,,0.02951411460742074,0.30886286256198514,0.010295428752066172,30,0.00030886286256198508,1.0295428752066169e-05,0.46833333333333316,365_25_CALENDAR_DAYS_PER_YEAR,NOT_APPLICABLE_REQUIRES_365_CALENDAR_DAYS_AND_CONTIGUOUS_DAILY_RECORDS,RESET_REPORTING_HIGH_WATER_MARK_TO_GROUP_INITIAL_WEALTH_NOT_PORTFOLIO_STATE,0.00038389664033574824
llama_memory_current_year,MONTH,2022-05,31,2022-05-01,2022-05-31,31,False,-0.067156735998763387,-0.069518083671116726,,-22.425188281005397,-0.0020674022509490067,0.018801125931178438,0.35931799749842902,,-2.1015331194547975,0.015166076296312501,-2.605234739391276,0.13235312609977459,,0.046456841971724436,0.25361751412105921,0.0081812101329373933,31,0.00025361751412105924,8.181210132937394e-06,0.44999999999999984,365_25_CALENDAR_DAYS_PER_YEAR,NOT_APPLICABLE_REQUIRES_365_CALENDAR_DAYS_AND_CONTIGUOUS_DAILY_RECORDS,RESET_REPORTING_HIGH_WATER_MARK_TO_GROUP_INITIAL_WEALTH_NOT_PORTFOLIO_STATE,0.00028053909877386285
llama_memory_current_year,MONTH,2022-06,30,2022-06-01,2022-06-30,30,False,-0.1653124052213224,-0.18069776212796895,,-60.232587375989652,-0.0058503123358535176,0.017736459133944921,0.33897060218894848,,-6.3038699134132896,0.016679922395881827,-6.7031685430721497,0.18041584391511617,,0.054629210564630576,0.24950195584329316,0.0083167318614431052,30,0.00024950195584329314,8.3167318614431047e-06,0.37833333333333324,365_25_CALENDAR_DAYS_PER_YEAR,NOT_APPLICABLE_REQUIRES_365_CALENDAR_DAYS_AND_CONTIGUOUS_DAILY_RECORDS,RESET_REPORTING_HIGH_WATER_MARK_TO_GROUP_INITIAL_WEALTH_NOT_PORTFOLIO_STATE,0.0002482073893178564
llama_memory_current_year,MONTH,2022-07,31,2022-07-01,2022-07-31,31,False,0.067730830885119747,0.065535677766409492,,21.140541214970803,0.0021943745024240154,0.01275175092362542,0.24370527718648374,,3.2887892140188075,0.0065672789252760357,6.3858747853793831,0.038267974188544496,,0.019900908697312588,0.20255664600306644,0.0065340853549376273,31,0.00020255664600306639,6.5340853549376255e-06,0.37903225806451618,365_25_CALENDAR_DAYS_PER_YEAR,NOT_APPLICABLE_REQUIRES_365_CALENDAR_DAYS_AND_CONTIGUOUS_DAILY_RECORDS,RESET_REPORTING_HIGH_WATER_MARK_TO_GROUP_INITIAL_WEALTH_NOT_PORTFOLIO_STATE,0.00019304683784107066
llama_memory_current_year,MONTH,2022-08,31,2022-08-01,2022-08-31,31,False,-0.055849125805911712,-0.057469301249044043,,-18.538484273885175,-0.0017928948757963083,0.010994869999895256,0.21012862131657944,,-3.1164476751503463,0.0095297275051357891,-3.5955841372471244,0.083588066211157594,,0.035043882132115976,0.14161708361335812,0.0045682930197857461,31,0.00014161708361335812,4.568293019785746e-06,0.40000000000000013,365_25_CALENDAR_DAYS_PER_YEAR,NOT_APPLICABLE_REQUIRES_365_CALENDAR_DAYS_AND_CONTIGUOUS_DAILY_RECORDS,RESET_REPORTING_HIGH_WATER_MARK_TO_GROUP_INITIAL_WEALTH_NOT_PORTFOLIO_STATE,0.00013675954876789402
llama_memory_current_year,MONTH,2022-09,30,2022-09-01,2022-09-30,30,False,-0.0090156419555348193,-0.0090565287883574604,,-3.0188429294524868,-0.00021334974610007034,0.013536715741889438,0.25870714397030281,,-0.30121315386634961,0.0094207893270707461,-0.43281265508084538,0.072229950018510791,,0.033217941554367143,0.25740893867484571,0.0085802979558281898,30,0.00025740893867484568,8.58029795582819e-06,0.39833333333333343,365_25_CALENDAR_DAYS_PER_YEAR,NOT_APPLICABLE_REQUIRES_365_CALENDAR_DAYS_AND_CONTIGUOUS_DAILY_RECORDS,RESET_REPORTING_HIGH_WATER_MARK_TO_GROUP_INITIAL_WEALTH_NOT_PORTFOLIO_STATE,0.00024055650574909113
llama_memory_current_year,MONTH,2022-10,31,2022-10-01,2022-10-31,31,False,0.023879923584907984,0.023599257617462351,,7.6126637475685,0.00078363313049779936,0.0067692496456801914,0.12937061515125448,,2.212418952941384,0.0035063646510850918,4.2712089881067987,0.023414557768635519,,0.010076994393480081,0.46852715760250674,0.015113779277500218,31,0.00046852715760250672,1.5113779277500216e-05,0.38548387096774189,365_25_CALENDAR_DAYS_PER_YEAR,NOT_APPLICABLE_REQUIRES_365_CALENDAR_DAYS_AND_CONTIGUOUS_DAILY_RECORDS,RESET_REPORTING_HIGH_WATER_MARK_TO_GROUP_INITIAL_WEALTH_NOT_PORTFOLIO_STATE,0.0004374770859532561
llama_memory_current_year,MONTH,2022-11,30,2022-11-01,2022-11-30,30,False,-0.091940847183076727,-0.096445756228625543,,-32.148585409541845,-0.0030318469570754423,0.018939241787606868,0.36195760074008093,,-3.0594249127731623,0.016646381905689039,-3.480827754782942,0.13341799852766831,,0.064212303695258904,0.35277618244537368,0.011759206081512456,30,0.00035277618244537365,1.1759206081512454e-05,0.39166666666666666,365_25_CALENDAR_DAYS_PER_YEAR,NOT_APPLICABLE_REQUIRES_365_CALENDAR_DAYS_AND_CONTIGUOUS_DAILY_RECORDS,RESET_REPORTING_HIGH_WATER_MARK_TO_GROUP_INITIAL_WEALTH_NOT_PORTFOLIO_STATE,0.00031269759376325982
llama_memory_current_year,MONTH,2022-12,31,2022-12-01,2022-12-31,31,False,-0.018681889230897166,-0.018858600045670314,,-6.083419369571069,-0.00059127199186536478,0.0058994443482843729,0.11274731829032006,,-1.9154521659905939,0.0045880463949455911,-2.4629444609607689,0.033755522122415574,,0.016107041695556094,0.55195058535374764,0.017804857592056376,31,0.00055195058535374751,1.7804857592056371e-05,0.37419354838709679,365_25_CALENDAR_DAYS_PER_YEAR,NOT_APPLICABLE_REQUIRES_365_CALENDAR_DAYS_AND_CONTIGUOUS_DAILY_RECORDS,RESET_REPORTING_HIGH_WATER_MARK_TO_GROUP_INITIAL_WEALTH_NOT_PORTFOLIO_STATE,0.00047084965165833663
llama_memory_current_year,MONTH,2023-01,31,2023-01-01,2023-01-31,31,False,0.17068387661538184,0.1575880879779509,,50.834867089661586,0.005152329798852438,0.010810096888043741,0.20659732724488028,,9.1089680787605065,0.0037775565653673194,26.066804236437392,0.017453905702002781,,0.014784890235190366,0.29635872789794337,0.009559958964449786,31,0.00029635872789794346,9.5599589644497895e-06,0.45161290322580633,365_25_CALENDAR_DAYS_PER_YEAR,NOT_APPLICABLE_REQUIRES_365_CALENDAR_DAYS_AND_CONTIGUOUS_DAILY_RECORDS,RESET_REPORTING_HIGH_WATER_MARK_TO_GROUP_INITIAL_WEALTH_NOT_PORTFOLIO_STATE,0.00026827775314109336
llama_memory_current_year,MONTH,2023-02,28,2023-02-01,2023-02-28,28,False,0.0084393438723911873,0.008403931707359754,,3.0014041811999124,0.00037890221471836453,0.012870498660185496,0.24597472631758496,,0.56263517800279261,0.00673170823073602,1.0757143738932404,0.040230267184264798,,0.020594310840942806,0.32306155375019652,0.011537912633935591,28,0.00032306155375019655,1.1537912633935592e-05,0.45714285714285713,365_25_CALENDAR_DAYS_PER_YEAR,NOT_APPLICABLE_REQUIRES_365_CALENDAR_DAYS_AND_CONTIGUOUS_DAILY_RECORDS,RESET_REPORTING_HIGH_WATER_MARK_TO_GROUP_INITIAL_WEALTH_NOT_PORTFOLIO_STATE,0.00032231424084450756
llama_memory_current_year,MONTH,2023-03,31,2023-03-01,2023-03-31,31,False,0.10638417393770559,0.10109719716063453,,32.611999084075656,0.0034141278817300578,0.017575933573227957,0.3359027155509211,,3.7124147887779224,0.0086982608336197628,7.5014025184936379,0.073727858425194442,,0.027623854895408362,0.51832443221687385,0.016720142974737867,31,0.00051832443221687396,1.672014297473787e-05,0.46935483870967726,365_25_CALENDAR_DAYS_PER_YEAR,NOT_APPLICABLE_REQUIRES_365_CALENDAR_DAYS_AND_CONTIGUOUS_DAILY_RECORDS,RESET_REPORTING_HIGH_WATER_MARK_TO_GROUP_INITIAL_WEALTH_NOT_PORTFOLIO_STATE,0.00052643525867373544
llama_memory_current_year,MONTH,2023-04,30,2023-04-01,2023-04-30,30,False,0.013800230318067099,0.013705874239028618,,4.5686247463428726,0.00049900198414889834,0.0093244812153081055,0.17820496124862789,,1.022757578876264,0.006188004384716673,1.541156605447747,0.048108035812802326,,0.02067688064919004,0.19862725856025953,0.0066209086186753176,30,0.00019862725856025951,6.6209086186753175e-06,0.45166666666666655,365_25_CALENDAR_DAYS_PER_YEAR,NOT_APPLICABLE_REQUIRES_365_CALENDAR_DAYS_AND_CONTIGUOUS_DAILY_RECORDS,RESET_REPORTING_HIGH_WATER_MARK_TO_GROUP_INITIAL_WEALTH_NOT_PORTFOLIO_STATE,0.00022007343122900746
llama_memory_current_year,MONTH,2023-05,31,2023-05-01,2023-05-31,31,False,-0.031144336633361452,-0.031639632400146819,,-10.206333032305427,-0.00098453141366515408,0.0085759601768450062,0.163899590303796,,-2.1940268317612075,0.0064885420733645852,-2.899863563088017,0.051965546392526131,,0.017473875054377808,0.24151417088489474,0.0077907797059643463,31,0.0002415141708848948,7.7907797059643474e-06,0.48709677419354835,365_25_CALENDAR_DAYS_PER_YEAR,NOT_APPLICABLE_REQUIRES_365_CALENDAR_DAYS_AND_CONTIGUOUS_DAILY_RECORDS,RESET_REPORTING_HIGH_WATER_MARK_TO_GROUP_INITIAL_WEALTH_NOT_PORTFOLIO_STATE,0.00026553211767701366
llama_memory_current_year,MONTH,2023-06,30,2023-06-01,2023-06-30,30,False,0.057918782913654134,0.056303565757648909,,18.767855252549637,0.0019523688971186763,0.012391021441010331,0.23681119032134812,,3.0112712946754332,0.0069814591788509382,5.3445456345364537,0.039050622747778839,,0.022335730535817271,0.271466513551122,0.0090488837850374003,30,0.00027146651355112203,9.0488837850374006e-06,0.48333333333333323,365_25_CALENDAR_DAYS_PER_YEAR,NOT_APPLICABLE_REQUIRES_365_CALENDAR_DAYS_AND_CONTIGUOUS_DAILY_RECORDS,RESET_REPORTING_HIGH_WATER_MARK_TO_GROUP_INITIAL_WEALTH_NOT_PORTFOLIO_STATE,0.00029572224357852649
llama_memory_current_year,MONTH,2023-07,31,2023-07-01,2023-07-31,31,False,-0.017964754652422688,-0.018128079879106865,,-5.8477677029376984,-0.00056798234439849808,0.0058571260438464064,0.111938551386474,,-1.8532985171060479,0.0044879255583961629,-2.4187128040160673,0.033121368655401162,,0.015422893701310647,0.065261657708658549,0.0021052147647954373,31,6.5261657708658543e-05,2.1052147647954367e-06,0.44999999999999984,365_25_CALENDAR_DAYS_PER_YEAR,NOT_APPLICABLE_REQUIRES_365_CALENDAR_DAYS_AND_CONTIGUOUS_DAILY_RECORDS,RESET_REPORTING_HIGH_WATER_MARK_TO_GROUP_INITIAL_WEALTH_NOT_PORTFOLIO_STATE,7.463908466136047e-05
llama_memory_current_year,MONTH,2023-08,31,2023-08-01,2023-08-31,31,False,-0.050780036416115476,-0.052114722631706051,,-16.811200848937435,-0.0016347468159651651,0.0096155504413425377,0.18376773508541555,,-3.2491627230087339,0.007828275617838382,-3.9909795695015817,0.058744171612818141,,0.029096239867837936,0.081358255549028313,0.002624459856420268,31,8.1358255549028312e-05,2.6244598564202682e-06,0.44999999999999984,365_25_CALENDAR_DAYS_PER_YEAR,NOT_APPLICABLE_REQUIRES_365_CALENDAR_DAYS_AND_CONTIGUOUS_DAILY_RECORDS,RESET_REPORTING_HIGH_WATER_MARK_TO_GROUP_INITIAL_WEALTH_NOT_PORTFOLIO_STATE,8.941631447728941e-05
llama_memory_current_year,MONTH,2023-09,30,2023-09-01,2023-09-30,30,False,0.018028673336405784,0.017868084073912396,,5.9560280246374662,0.00060907999433531537,0.0052480664340590084,0.10029849960728435,,2.2180438271961638,0.0032118882369565364,3.6241738503983592,0.018690498229485378,,0.010892456406811912,0.072200604463639018,0.0024066868154546338,30,7.220060446363902e-05,2.4066868154546338e-06,0.4499999999999999,365_25_CALENDAR_DAYS_PER_YEAR,NOT_APPLICABLE_REQUIRES_365_CALENDAR_DAYS_AND_CONTIGUOUS_DAILY_RECORDS,RESET_REPORTING_HIGH_WATER_MARK_TO_GROUP_INITIAL_WEALTH_NOT_PORTFOLIO_STATE,7.7536620283380077e-05
llama_memory_current_year,MONTH,2023-10,31,2023-10-01,2023-10-31,31,False,0.12182199155720172,0.11495414171274965,,37.081981197661179,0.0037682688554168337,0.01058376143788305,0.20227171392723428,,6.8045114797224366,0.0028301544162083968,25.446429986389795,0.019597840980703326,,0.0081347156695777741,0.11258257119346143,0.0036316958449503687,31,0.00011258257119346143,3.6316958449503685e-06,0.44999999999999984,365_25_CALENDAR_DAYS_PER_YEAR,NOT_APPLICABLE_REQUIRES_365_CALENDAR_DAYS_AND_CONTIGUOUS_DAILY_RECORDS,RESET_REPORTING_HIGH_WATER_MARK_TO_GROUP_INITIAL_WEALTH_NOT_PORTFOLIO_STATE,0.00012901042287106592
llama_memory_current_year,MONTH,2023-11,30,2023-11-01,2023-11-30,30,False,0.040558483023482729,0.039757571926013167,,13.252523975337722,0.001373688562552396,0.0099356313025353079,0.18988496521845952,,2.6423353049306422,0.0059561575992092327,4.4077526375307077,0.024330500546846105,,0.020154426951927967,0.11171914542750899,0.0037239715142502999,30,0.000111719145427509,3.7239715142503e-06,0.4499999999999999,365_25_CALENDAR_DAYS_PER_YEAR,NOT_APPLICABLE_REQUIRES_365_CALENDAR_DAYS_AND_CONTIGUOUS_DAILY_RECORDS,RESET_REPORTING_HIGH_WATER_MARK_TO_GROUP_INITIAL_WEALTH_NOT_PORTFOLIO_STATE,0.00013989957688591084
llama_memory_current_year,MONTH,2023-12,31,2023-12-01,2023-12-31,31,False,0.059416898659592925,0.057718661161721141,,18.618922955393916,0.001929645883819415,0.011685856822633874,0.22333442624300173,,3.1558195971908583,0.0071131774291970842,5.1845263720628454,0.033172801594263314,,0.023196675374663574,0.17818067711122576,0.0057477637777814759,31,0.00017818067711122576,5.7477637777814765e-06,0.49838709677419352,365_25_CALENDAR_DAYS_PER_YEAR,NOT_APPLICABLE_REQUIRES_365_CALENDAR_DAYS_AND_CONTIGUOUS_DAILY_RECORDS,RESET_REPORTING_HIGH_WATER_MARK_TO_GROUP_INITIAL_WEALTH_NOT_PORTFOLIO_STATE,0.00023742400540256289
llama_memory_current_year,MONTH,2024-01,31,2024-01-01,2024-01-31,31,False,0.0029559499565188908,0.0029515897267469401,,0.95212571830546455,0.00018575466967739272,0.013654770069678518,0.26096334100937751,,0.25998629860134131,0.0098215760405982646,0.36145452766375491,0.077792358968226796,,0.032767753304297098,0.31559193580159428,0.01018038502585788,31,0.0003155919358015942,1.0180385025857877e-05,0.4693548387096772,365_25_CALENDAR_DAYS_PER_YEAR,NOT_APPLICABLE_REQUIRES_365_CALENDAR_DAYS_AND_CONTIGUOUS_DAILY_RECORDS,RESET_REPORTING_HIGH_WATER_MARK_TO_GROUP_INITIAL_WEALTH_NOT_PORTFOLIO_STATE,0.00042991828614924921
llama_memory_current_year,MONTH,2024-02,29,2024-02-01,2024-02-29,29,False,0.19539319890162712,0.17847516800052135,,61.543161379490122,0.0062443229594291655,0.012239280142561535,0.23391118424213694,,9.7504485231050726,0.0028964920388144743,41.201035387189691,0.01464812406320502,,0.0089363899135741654,0.16004398749121507,0.0055187581893522434,29,0.00016004398749121506,5.5187581893522432e-06,0.48448275862068968,365_25_CALENDAR_DAYS_PER_YEAR,NOT_APPLICABLE_REQUIRES_365_CALENDAR_DAYS_AND_CONTIGUOUS_DAILY_RECORDS,RESET_REPORTING_HIGH_WATER_MARK_TO_GROUP_INITIAL_WEALTH_NOT_PORTFOLIO_STATE,0.00023566172791845164
llama_memory_current_year,MONTH,2024-03,31,2024-03-01,2024-03-31,31,False,0.090248497184079512,0.086405649325736494,,27.872790105076287,0.0029667020564578743,0.019074658986871232,0.36454562855525696,,2.9724342887216677,0.011700552333118237,4.8457687127953468,0.072911232010966359,,0.035484409007538645,0.51361812637003823,0.016568326657098006,31,0.00051361812637003811,1.6568326657098002e-05,0.49516129032258055,365_25_CALENDAR_DAYS_PER_YEAR,NOT_APPLICABLE_REQUIRES_365_CALENDAR_DAYS_AND_CONTIGUOUS_DAILY_RECORDS,RESET_REPORTING_HIGH_WATER_MARK_TO_GROUP_INITIAL_WEALTH_NOT_PORTFOLIO_STATE,0.00087643190793813624
llama_memory_current_year,MONTH,2024-04,30,2024-04-01,2024-04-30,30,False,-0.071011670777514926,-0.07365910297865802,,-24.553034326219343,-0.0023712758954822092,0.012911887970378184,0.24676573873411348,,-3.5098410551964681,0.010872969427352155,-4.168012685157251,0.071933617219063592,,0.027722865058282135,0.2753543993499063,0.0091784799783302101,30,0.00027535439934990629,9.1784799783302093e-06,0.46333333333333315,365_25_CALENDAR_DAYS_PER_YEAR,NOT_APPLICABLE_REQUIRES_365_CALENDAR_DAYS_AND_CONTIGUOUS_DAILY_RECORDS,RESET_REPORTING_HIGH_WATER_MARK_TO_GROUP_INITIAL_WEALTH_NOT_PORTFOLIO_STATE,0.00046903724613738104
llama_memory_current_year,MONTH,2024-05,31,2024-05-01,2024-05-31,31,False,0.052327457536884579,0.051004337303513524,,16.45301203339146,0.0017251127774216646,0.012806121477833349,0.24474438084082795,,2.5745123944768045,0.0060936457672046531,5.4104750635975556,0.024721274867308664,,0.016953903775644832,0.16904752387773675,0.0054531459315398951,31,0.00016904752387773671,5.4531459315398939e-06,0.44999999999999984,365_25_CALENDAR_DAYS_PER_YEAR,NOT_APPLICABLE_REQUIRES_365_CALENDAR_DAYS_AND_CONTIGUOUS_DAILY_RECORDS,RESET_REPORTING_HIGH_WATER_MARK_TO_GROUP_INITIAL_WEALTH_NOT_PORTFOLIO_STATE,0.00028498012241838527
llama_memory_current_year,MONTH,2024-06,30,2024-06-01,2024-06-30,30,False,-0.031507872453509722,-0.032014924669423628,,-10.671641556474544,-0.0010378866068555092,0.0076958179695713396,0.1470787394361906,,-2.5774499061330358,0.0061811687111911137,-3.2090347683563314,0.070832315369679558,,0.018571377880591929,0.092404477844595156,0.0030801492614865051,30,9.2404477844595156e-05,3.080149261486505e-06,0.4499999999999999,365_25_CALENDAR_DAYS_PER_YEAR,NOT_APPLICABLE_REQUIRES_365_CALENDAR_DAYS_AND_CONTIGUOUS_DAILY_RECORDS,RESET_REPORTING_HIGH_WATER_MARK_TO_GROUP_INITIAL_WEALTH_NOT_PORTFOLIO_STATE,0.00015628327433217143
llama_memory_current_year,MONTH,2024-07,31,2024-07-01,2024-07-31,31,False,0.013443622448013334,0.013354058769719955,,4.3077608934580498,0.00048708679325676531,0.010792252871091413,0.20625630104984768,,0.86256007855991224,0.0069323130115762441,1.3428370110787031,0.050238696935574083,,0.021152040492552482,0.20476203451084429,0.0066052269197046549,31,0.00020476203451084431,6.605226919704655e-06,0.43548387096774183,365_25_CALENDAR_DAYS_PER_YEAR,NOT_APPLICABLE_REQUIRES_365_CALENDAR_DAYS_AND_CONTIGUOUS_DAILY_RECORDS,RESET_REPORTING_HIGH_WATER_MARK_TO_GROUP_INITIAL_WEALTH_NOT_PORTFOLIO_STATE,0.00033643177680279921
llama_memory_current_year,MONTH,2024-08,31,2024-08-01,2024-08-31,31,False,-0.046175024635322949,-0.047275088343750826,,-15.250028497984138,-0.0014108224175068389,0.015325708612631122,0.29289750779249635,,-1.7593283462126279,0.010639608443792166,-2.534205439085389,0.08131944840778399,,0.030305774779117507,0.28240839135795492,0.009109948108321126,31,0.00028240839135795494,9.1099481083211265e-06,0.41935483870967744,365_25_CALENDAR_DAYS_PER_YEAR,NOT_APPLICABLE_REQUIRES_365_CALENDAR_DAYS_AND_CONTIGUOUS_DAILY_RECORDS,RESET_REPORTING_HIGH_WATER_MARK_TO_GROUP_INITIAL_WEALTH_NOT_PORTFOLIO_STATE,0.00045808536555060493
llama_memory_current_year,MONTH,2024-09,30,2024-09-01,2024-09-30,30,False,0.036322472884012837,0.035678362666247868,,11.892787555415957,0.0012352502877066055,0.0096822295844122119,0.18504207451861804,,2.4382301633753167,0.0060990153186885939,3.8707074811077509,0.037120457578906675,,0.015733098806320973,0.24771986633298149,0.0082573288777660504,30,0.00024771986633298146,8.2573288777660483e-06,0.43833333333333319,365_25_CALENDAR_DAYS_PER_YEAR,NOT_APPLICABLE_REQUIRES_365_CALENDAR_DAYS_AND_CONTIGUOUS_DAILY_RECORDS,RESET_REPORTING_HIGH_WATER_MARK_TO_GROUP_INITIAL_WEALTH_NOT_PORTFOLIO_STATE,0.00039610054758875275
llama_memory_current_year,MONTH,2024-10,31,2024-10-01,2024-10-31,31,False,0.046026394258068447,0.044998598840689165,,14.515677045383601,0.0014960906427001872,0.0094863541485479402,0.18129859821663943,,3.0140724342130674,0.0057535185669215175,4.9695778692202737,0.021441039278945875,,0.0170550865524557,0.38040478742101158,0.012271122174871342,31,0.00038040478742101157,1.2271122174871341e-05,0.47580645161290319,365_25_CALENDAR_DAYS_PER_YEAR,NOT_APPLICABLE_REQUIRES_365_CALENDAR_DAYS_AND_CONTIGUOUS_DAILY_RECORDS,RESET_REPORTING_HIGH_WATER_MARK_TO_GROUP_INITIAL_WEALTH_NOT_PORTFOLIO_STATE,0.00065525223489796267
llama_memory_current_year,MONTH,2024-11,30,2024-11-01,2024-11-30,30,False,0.18946220145609782,0.17350127342209942,,57.833757807366474,0.0059455267424291898,0.017500179352235593,0.33445493763120143,,6.4929633213155213,0.0067579912212722641,16.813875444649845,0.038954389203227573,,0.02458128138447431,0.54951440085932646,0.018317146695310881,30,0.0005495144008593265,1.8317146695310885e-05,0.53000000000000003,365_25_CALENDAR_DAYS_PER_YEAR,NOT_APPLICABLE_REQUIRES_365_CALENDAR_DAYS_AND_CONTIGUOUS_DAILY_RECORDS,RESET_REPORTING_HIGH_WATER_MARK_TO_GROUP_INITIAL_WEALTH_NOT_PORTFOLIO_STATE,0.0010516978326079883
llama_memory_current_year,MONTH,2024-12,31,2024-12-01,2024-12-31,31,False,-0.018080417982800037,-0.018245866020518548,,-5.8857632324253384,-0.00051816164343999568,0.012034383799649198,0.22999530474111612,,-0.82288001696160173,0.008850701897165825,-1.1188778088152369,0.070520700143388348,,0.027113367867596733,0.78401839600061107,0.025290916000019713,31,0.00078401839600061103,2.5290916000019711e-05,0.51774193548387104,365_25_CALENDAR_DAYS_PER_YEAR,NOT_APPLICABLE_REQUIRES_365_CALENDAR_DAYS_AND_CONTIGUOUS_DAILY_RECORDS,RESET_REPORTING_HIGH_WATER_MARK_TO_GROUP_INITIAL_WEALTH_NOT_PORTFOLIO_STATE,0.0016304921512651615
llama_memory_current_year,MONTH,2025-01,31,2025-01-01,2025-01-31,31,False,0.035905485509149168,0.035275909472039207,,11.379325636141681,0.0012005306317709572,0.011305219329699403,0.21605986714294129,,2.0295014481529905,0.0076048415407050539,3.0170199968670164,0.04870410492679101,,0.024522046574577409,0.92880199124410323,0.029961354556261394,31,0.00092880199124410344,2.9961354556261402e-05,0.50161290322580665,365_25_CALENDAR_DAYS_PER_YEAR,NOT_APPLICABLE_REQUIRES_365_CALENDAR_DAYS_AND_CONTIGUOUS_DAILY_RECORDS,RESET_REPORTING_HIGH_WATER_MARK_TO_GROUP_INITIAL_WEALTH_NOT_PORTFOLIO_STATE,0.0019454010337665
llama_memory_current_year,MONTH,2025-02,28,2025-02-01,2025-02-28,28,False,-0.081634431422198117,-0.085159744779686367,,-30.414194564173702,-0.00299834676538141,0.0089102140601963597,0.17028768836034433,,-6.4311528719453293,0.0082048601942333824,-6.984025003028532,0.082361376309612891,,0.021639166868507861,0.23532884450515251,0.0084046015894697328,28,0.00023532884450515248,8.404601589469732e-06,0.44821428571428573,365_25_CALENDAR_DAYS_PER_YEAR,NOT_APPLICABLE_REQUIRES_365_CALENDAR_DAYS_AND_CONTIGUOUS_DAILY_RECORDS,RESET_REPORTING_HIGH_WATER_MARK_TO_GROUP_INITIAL_WEALTH_NOT_PORTFOLIO_STATE,0.00048240265394362879
llama_memory_current_year,MONTH,2025-03,31,2025-03-01,2025-03-31,31,False,-0.0045318518033837943,-0.0045421517741757551,,-1.4652102497341146,-5.1250015246410761e-05,0.014040260403128195,0.26833064524302658,,-0.069761200968296799,0.0095545808842575353,-0.10251265225496679,0.068506542802352022,,0.031170634842432463,0.18651070843823492,0.0060164744657495136,31,0.00018651070843823494,6.016474465749514e-06,0.40000000000000013,365_25_CALENDAR_DAYS_PER_YEAR,NOT_APPLICABLE_REQUIRES_365_CALENDAR_DAYS_AND_CONTIGUOUS_DAILY_RECORDS,RESET_REPORTING_HIGH_WATER_MARK_TO_GROUP_INITIAL_WEALTH_NOT_PORTFOLIO_STATE,0.00036478324675480624
llama_memory_current_year,MONTH,2025-04,30,2025-04-01,2025-04-30,30,False,0.057076300389798544,0.055506890082072914,,18.502296694024306,0.0019157438859652264,0.011520120985070657,0.22016696332163577,,3.178158265854762,0.006550352872269116,5.5894344085414334,0.042223692797993088,,0.021319598475017479,0.14069078335954077,0.0046896927786513592,30,0.00014069078335954082,4.6896927786513607e-06,0.40000000000000013,365_25_CALENDAR_DAYS_PER_YEAR,NOT_APPLICABLE_REQUIRES_365_CALENDAR_DAYS_AND_CONTIGUOUS_DAILY_RECORDS,RESET_REPORTING_HIGH_WATER_MARK_TO_GROUP_INITIAL_WEALTH_NOT_PORTFOLIO_STATE,0.0002742363307607896
llama_memory_current_year,MONTH,2025-05,28,2025-05-01,2025-05-28,28,False,0.066031448711965215,0.063942826914460099,,22.836723898021464,0.0023285545646391198,0.0093971315714464192,0.17959341960908579,,4.7357222585643708,0.0045947659798970886,9.6854127814695641,0.019651809934912223,,0.01640350889307687,0.37464882582788339,0.013380315208138692,28,0.00037464882582788345,1.3380315208138695e-05,0.48214285714285715,365_25_CALENDAR_DAYS_PER_YEAR,NOT_APPLICABLE_REQUIRES_365_CALENDAR_DAYS_AND_CONTIGUOUS_DAILY_RECORDS,RESET_REPORTING_HIGH_WATER_MARK_TO_GROUP_INITIAL_WEALTH_NOT_PORTFOLIO_STATE,0.00077614781869389494
llama_memory_frozen2021,FULL,FULL,1608,2021-01-02,2025-05-28,1608,False,1.1937528149073853,0.78561369137988135,,4.8856572847007547,0.00059335625628015862,0.014479545113748531,0.27672604151501368,0.19536147875488039,0.78316941701552745,0.0097702380391157615,1.1606612715047797,0.45612406323456989,0.4283077664648714,0.033116041362295873,15.832106005835545,0.0098458370683056871,1608,0.015832106005835546,9.8458370683056883e-06,0.45192786069651741,365_25_CALENDAR_DAYS_PER_YEAR,REPORTED,RESET_REPORTING_HIGH_WATER_MARK_TO_GROUP_INITIAL_WEALTH_NOT_PORTFOLIO_STATE,0.021896890498134213
llama_memory_frozen2021,REGIME,FULL:BEAR,503,2021-05-14,2025-04-11,1429,True,,0.025712267897565977,0.025712267897565977,0.51117828822198763,0.00016032178124230715,0.014782606070974423,,,,0.010430518033094706,,,,0.035421675999231982,4.3632188306740938,0.008674391313467384,503,0.0043632188306740941,8.6743913134673831e-06,0.4042743538767396,NOT_APPLICABLE_CONDITIONAL_SELECTION,NOT_APPLICABLE_CONDITIONAL_SELECTION,NOT_APPLICABLE_CONDITIONAL_SELECTION,0.0049463986139482658
llama_memory_frozen2021,REGIME,FULL:BULL,531,2021-01-02,2025-05-28,1608,True,,0.88561988698150063,0.88561988698150063,16.67834062112054,0.0017867454666456511,0.015394807617170256,,,,0.0092794185065821697,,,,0.03101570102371989,6.8377050418709215,0.012877033977158045,531,0.006837705041870922,1.2877033977158046e-05,0.48888888888888882,NOT_APPLICABLE_CONDITIONAL_SELECTION,NOT_APPLICABLE_CONDITIONAL_SELECTION,NOT_APPLICABLE_CONDITIONAL_SELECTION,0.010784211499227959
llama_memory_frozen2021,REGIME,FULL:MIX,574,2021-04-11,2025-05-05,1486,True,,-0.12571846349918497,-0.12571846349918497,-2.1902171341321424,-0.0001311617398174673,0.013240787198888151,,,,0.0096134671133318705,,,,0.032695168099760731,4.6311821332905296,0.0080682615562552781,574,0.004631182133290529,8.0682615562552765e-06,0.45949477351916379,NOT_APPLICABLE_CONDITIONAL_SELECTION,NOT_APPLICABLE_CONDITIONAL_SELECTION,NOT_APPLICABLE_CONDITIONAL_SELECTION,0.0061662803849579888
llama_memory_frozen2021,POST2021,POST2021,1244,2022-01-01,2025-05-28,1244,False,0.69902508459309676,0.53005460690870021,,4.2608891230602906,0.00050734677498864855,0.012753285786568737,0.24373461074242322,0.16839262004474981,0.76028763005856514,0.0085735421822613431,1.1309404234566309,0.37086594603711542,0.45405252718430356,0.029219414359426519,11.615378755320354,0.0093371211859488365,1244,0.011615378755320354,9.3371211859488379e-06,0.4496382636655949,365_25_CALENDAR_DAYS_PER_YEAR,REPORTED,RESET_REPORTING_HIGH_WATER_MARK_TO_GROUP_INITIAL_WEALTH_NOT_PORTFOLIO_STATE,0.016619001237031389
llama_memory_frozen2021,REGIME,POST2021:BEAR,380,2022-01-01,2025-04-11,1197,True,,-0.012965993555489802,-0.012965993555489802,-0.34121035672341588,6.1343578947892799e-05,0.013833207966293963,,,,0.0097282163060343121,,,,0.033961605776242791,3.1225440692567554,0.0082172212348861993,380,0.0031225440692567554,8.2172212348861977e-06,0.40500000000000003,NOT_APPLICABLE_CONDITIONAL_SELECTION,NOT_APPLICABLE_CONDITIONAL_SELECTION,NOT_APPLICABLE_CONDITIONAL_SELECTION,0.003471495011621745
llama_memory_frozen2021,REGIME,POST2021:BULL,388,2023-01-16,2025-05-28,864,True,,0.53515961488284591,0.53515961488284591,13.792773579454792,0.0014624328648697759,0.012874031565699823,,,,0.0077730103063167093,,,,0.026001792760125517,4.760617176936937,0.012269631899322002,388,0.0047606171769369364,1.2269631899322e-05,0.48659793814432994,NOT_APPLICABLE_CONDITIONAL_SELECTION,NOT_APPLICABLE_CONDITIONAL_SELECTION,NOT_APPLICABLE_CONDITIONAL_SELECTION,0.0081809189773984041
llama_memory_frozen2021,REGIME,POST2021:MIX,476,2022-03-25,2025-05-05,1138,True,,0.0078609855813441959,0.0078609855813441959,0.16514675591059236,8.4884194361778363e-05,0.011696934655147198,,,,0.0082037659955232125,,,,0.027542875506970155,3.7322175091266634,0.0078407930864005538,476,0.0037322175091266639,7.8407930864005543e-06,0.45514705882352946,NOT_APPLICABLE_CONDITIONAL_SELECTION,NOT_APPLICABLE_CONDITIONAL_SELECTION,NOT_APPLICABLE_CONDITIONAL_SELECTION,0.0049665872480112406
llama_memory_frozen2021,YEAR,2021,364,2021-01-02,2021-12-31,364,False,0.29118329964667483,0.2555590844711812,,7.0208539689884946,0.00088730074728740735,0.01926394603963447,0.36816319087573884,,0.88027974001374321,0.013056801559067221,1.2987607519876916,0.28165584541742678,,0.042149937687570249,4.2167272505151896,0.011584415523393378,364,0.0042167272505151893,1.1584415523393377e-05,0.45975274725274734,365_25_CALENDAR_DAYS_PER_YEAR,NOT_APPLICABLE_REQUIRES_365_CALENDAR_DAYS_AND_CONTIGUOUS_DAILY_RECORDS,RESET_REPORTING_HIGH_WATER_MARK_TO_GROUP_INITIAL_WEALTH_NOT_PORTFOLIO_STATE,0.0052778892611028225
llama_memory_frozen2021,YEAR_REGIME,2021:BEAR,123,2021-05-14,2021-12-31,232,True,,0.038678261453055765,0.038678261453055765,3.1445741018744524,0.0004661080972738311,0.017452512046336875,,,,0.012350480452066603,,,,0.039083445590406364,1.2406747614173379,0.010086786678189739,123,0.0012406747614173382,1.0086786678189741e-05,0.40203252032520331,NOT_APPLICABLE_CONDITIONAL_SELECTION,NOT_APPLICABLE_CONDITIONAL_SELECTION,NOT_APPLICABLE_CONDITIONAL_SELECTION,0.0014749036023265208
llama_memory_frozen2021,YEAR_REGIME,2021:BULL,143,2021-01-02,2021-11-17,320,True,,0.3504602720986546,0.3504602720986546,24.507711335570253,0.002666698539995579,0.020780013178391968,,,,0.012482239223984207,,,,0.039040595754840784,2.077087864933985,0.014525089964573322,143,0.0020770878649339851,1.4525089964573323e-05,0.4951048951048953,NOT_APPLICABLE_CONDITIONAL_SELECTION,NOT_APPLICABLE_CONDITIONAL_SELECTION,NOT_APPLICABLE_CONDITIONAL_SELECTION,0.0026032925218295545
llama_memory_frozen2021,YEAR_REGIME,2021:MIX,98,2021-04-11,2021-12-04,238,True,,-0.13357944908052918,-0.13357944908052918,-13.630556028625426,-0.0011805277058309462,0.019087064206525499,,,,0.014642932698976803,,,,0.049680266155044783,0.89896462416386624,0.0091731084098353698,98,0.00089896462416386635,9.1731084098353708e-06,0.48061224489795917,NOT_APPLICABLE_CONDITIONAL_SELECTION,NOT_APPLICABLE_CONDITIONAL_SELECTION,NOT_APPLICABLE_CONDITIONAL_SELECTION,0.0011996931369467479
llama_memory_frozen2021,YEAR,2022,365,2022-01-01,2022-12-31,365,False,-0.34576364982891211,-0.42428660111227845,,-11.624290441432285,-0.0010585210078618325,0.014345853712151094,0.27417099630758346,-0.34595374803940743,-1.4101593652444278,0.011090516443794621,-1.8240755574493996,0.37086594603711542,-0.93282694659914978,0.038683247891433022,3.3723838141544604,0.0092394077100122207,365,0.0033723838141544601,9.2394077100122195e-06,0.41520547945205483,365_25_CALENDAR_DAYS_PER_YEAR,REPORTED,RESET_REPORTING_HIGH_WATER_MARK_TO_GROUP_INITIAL_WEALTH_NOT_PORTFOLIO_STATE,0.0034269694139618108
llama_memory_frozen2021,YEAR_REGIME,2022:BEAR,321,2022-01-01,2022-12-31,365,True,,-0.22124913952271813,-0.22124913952271813,-6.8924965583401283,-0.00059226158915858115,0.013918152784160288,,,,0.01025106358081943,,,,0.035685648863451172,2.6847693184289385,0.00836376734713065,321,0.0026847693184289391,8.363767347130652e-06,0.40607476635514028,NOT_APPLICABLE_CONDITIONAL_SELECTION,NOT_APPLICABLE_CONDITIONAL_SELECTION,NOT_APPLICABLE_CONDITIONAL_SELECTION,0.0026966509562112999
llama_memory_frozen2021,YEAR_REGIME,2022:MIX,44,2022-03-25,2022-12-17,268,True,,-0.20303746158956029,-0.20303746158956029,-46.14487763399098,-0.0044600954034014614,0.016943677098663668,,,,0.015927945577934279,,,,0.058014096057154636,0.68761449572552147,0.015627602175580034,44,0.00068761449572552152,1.5627602175580035e-05,0.4818181818181817,NOT_APPLICABLE_CONDITIONAL_SELECTION,NOT_APPLICABLE_CONDITIONAL_SELECTION,NOT_APPLICABLE_CONDITIONAL_SELECTION,0.00073031845775051066
llama_memory_frozen2021,YEAR,2023,365,2023-01-01,2023-12-31,365,False,0.59283377892863498,0.4655146808060594,,12.753826871398889,0.0013343120887020837,0.01083776170729297,0.20712604384888456,0.59334172805930696,2.3529512819450331,0.0061237179900400281,4.1642553337801722,0.093718692041958651,6.3310927108720518,0.020932066411443635,2.4706555683148124,0.0067689193652460617,365,0.0024706555683148123,6.7689193652460609e-06,0.46246575342465757,365_25_CALENDAR_DAYS_PER_YEAR,REPORTED,RESET_REPORTING_HIGH_WATER_MARK_TO_GROUP_INITIAL_WEALTH_NOT_PORTFOLIO_STATE,0.0026462810697254536
llama_memory_frozen2021,YEAR_REGIME,2023:BEAR,1,2023-01-01,2023-01-01,1,True,,0.0017118707612718295,0.0017118707612718295,17.118707612718296,0.0017133368484880673,,,,,0,,,,-0.0017133368484880673,0.00095759031814340867,0.00095759031814340867,1,9.575903181434088e-07,9.575903181434088e-07,0.35000000000000003,NOT_APPLICABLE_CONDITIONAL_SELECTION,NOT_APPLICABLE_CONDITIONAL_SELECTION,NOT_APPLICABLE_CONDITIONAL_SELECTION,8.0891393502739118e-07
llama_memory_frozen2021,YEAR_REGIME,2023:BULL,180,2023-01-16,2023-12-31,350,True,,0.15652739642769611,0.15652739642769611,8.6959664682053397,0.00092370457211376545,0.010417760511676965,,,,0.0064229442296641556,,,,0.02095018284451191,0.99221976714165372,0.0055123320396758537,180,0.00099221976714165372,5.5123320396758539e-06,0.45833333333333343,NOT_APPLICABLE_CONDITIONAL_SELECTION,NOT_APPLICABLE_CONDITIONAL_SELECTION,NOT_APPLICABLE_CONDITIONAL_SELECTION,0.0011161843125268756
llama_memory_frozen2021,YEAR_REGIME,2023:MIX,184,2023-01-02,2023-10-21,293,True,,0.30727541361709149,0.30727541361709149,16.699750740059319,0.0017339334377570361,0.011275893966296753,,,,0.0058336138372210751,,,,0.020568252567012234,1.4774782108550151,0.0080297728850816045,184,0.0014774782108550153,8.0297728850816052e-06,0.4671195652173914,NOT_APPLICABLE_CONDITIONAL_SELECTION,NOT_APPLICABLE_CONDITIONAL_SELECTION,NOT_APPLICABLE_CONDITIONAL_SELECTION,0.0015292878432635508
llama_memory_frozen2021,YEAR,2024,366,2024-01-01,2024-12-31,366,False,0.5181315813404882,0.41748035594184052,,11.406567102236078,0.001228332553812928,0.013246441156998698,0.25315955692953612,0.5168333864862219,1.7721964389637785,0.0081604799304892603,2.8767052976464917,0.12164069222219671,4.2488527239070688,0.026840833686366784,3.9363661534576506,0.010755098779938936,366,0.0039363661534576504,1.0755098779938935e-05,0.46926229508196732,365_25_CALENDAR_DAYS_PER_YEAR,REPORTED,RESET_REPORTING_HIGH_WATER_MARK_TO_GROUP_INITIAL_WEALTH_NOT_PORTFOLIO_STATE,0.006759040604536028
llama_memory_frozen2021,YEAR_REGIME,2024:BEAR,21,2024-07-05,2024-09-02,60,True,,0.12161213099127288,0.12161213099127288,57.910538567272802,0.0058808186045493753,0.012489320599377985,,,,0.0042174963187925265,,,,0.016068336186350771,0.21621925063311476,0.010296154792053083,21,0.00021621925063311474,1.0296154792053083e-05,0.40000000000000008,NOT_APPLICABLE_CONDITIONAL_SELECTION,NOT_APPLICABLE_CONDITIONAL_SELECTION,NOT_APPLICABLE_CONDITIONAL_SELECTION,0.0003453259031574966
llama_memory_frozen2021,YEAR_REGIME,2024:BULL,153,2024-01-01,2024-12-31,366,True,,0.30429748556079328,0.30429748556079328,19.888724546457077,0.0021140353081326203,0.015797101533123331,,,,0.0093734918067108416,,,,0.031686677469970934,2.5046937838678689,0.016370547606979535,153,0.0025046937838678687,1.6370547606979535e-05,0.50751633986928113,NOT_APPLICABLE_CONDITIONAL_SELECTION,NOT_APPLICABLE_CONDITIONAL_SELECTION,NOT_APPLICABLE_CONDITIONAL_SELECTION,0.0044225921391012205
llama_memory_frozen2021,YEAR_REGIME,2024:MIX,192,2024-01-15,2024-11-05,296,True,,-0.008429260610225444,-0.008429260610225444,-0.43902399011590854,1.3672509665124214e-05,0.010765713875123518,,,,0.0074150481300428832,,,,0.023330675594630496,1.2154531189566669,0.0063304849945659729,192,0.001215453118956667,6.3304849945659741e-06,0.44635416666666677,NOT_APPLICABLE_CONDITIONAL_SELECTION,NOT_APPLICABLE_CONDITIONAL_SELECTION,NOT_APPLICABLE_CONDITIONAL_SELECTION,0.0019911225622773116
llama_memory_frozen2021,YEAR,2025,148,2025-01-01,2025-05-28,148,False,0.073952933181554395,0.071346171273078518,,4.820687248180981,0.0005466616816463206,0.011405196968022405,0.21797059126278082,,0.91603265405929357,0.0075719489036461364,1.3797680071052447,0.13037521345149219,,0.024875611855279638,1.8359732193934324,0.01240522445536103,148,0.0018359732193934321,1.2405224455361028e-05,0.45439189189189189,365_25_CALENDAR_DAYS_PER_YEAR,NOT_APPLICABLE_REQUIRES_365_CALENDAR_DAYS_AND_CONTIGUOUS_DAILY_RECORDS,RESET_REPORTING_HIGH_WATER_MARK_TO_GROUP_INITIAL_WEALTH_NOT_PORTFOLIO_STATE,0.0037867101488080969
llama_memory_frozen2021,YEAR_REGIME,2025:BEAR,37,2025-02-27,2025-04-11,44,True,,0.084959144214683507,0.084959144214683507,22.961930868833381,0.0023842162858399695,0.013297239480366676,,,,0.0070842776300735098,,,,0.02081711213964239,0.22059790987655847,0.0059621056723394182,37,0.00022059790987655849,5.9621056723394183e-06,0.40000000000000008,NOT_APPLICABLE_CONDITIONAL_SELECTION,NOT_APPLICABLE_CONDITIONAL_SELECTION,NOT_APPLICABLE_CONDITIONAL_SELECTION,0.00042870923831792149
llama_memory_frozen2021,YEAR_REGIME,2025:BULL,55,2025-01-01,2025-05-28,148,True,,0.074334732894356575,0.074334732894356575,13.515405980792105,0.0014129041171764419,0.011110661527055041,,,,0.0068412409968402494,,,,0.022913236215607251,1.2637036259274144,0.022976429562316623,55,0.001263703625927414,2.2976429562316617e-05,0.52090909090909099,NOT_APPLICABLE_CONDITIONAL_SELECTION,NOT_APPLICABLE_CONDITIONAL_SELECTION,NOT_APPLICABLE_CONDITIONAL_SELECTION,0.0026421425257703072
llama_memory_frozen2021,YEAR_REGIME,2025:MIX,56,2025-01-10,2025-05-05,116,True,,-0.087947705835961634,-0.087947705835961634,-15.704947470707436,-0.0015182107167344239,0.010166831926151467,,,,0.0085088528329220012,,,,0.027384764632245328,0.35167168358945983,0.0062798514926689251,56,0.00035167168358945985,6.2798514926689261e-06,0.42499999999999993,NOT_APPLICABLE_CONDITIONAL_SELECTION,NOT_APPLICABLE_CONDITIONAL_SELECTION,NOT_APPLICABLE_CONDITIONAL_SELECTION,0.00071585838471986739
llama_memory_frozen2021,MONTH,2021-01,30,2021-01-02,2021-01-31,30,False,0.054680006040883092,0.053237409110109934,,17.745803036703311,0.0021188428937800965,0.026601248556076582,0.5083901569041992,,1.5222705562708505,0.017417791292933398,2.3248813099159631,0.12817436724554648,,0.055104155928685949,0.75372791509143622,0.025124263836381208,30,0.00075372791509143626,2.5124263836381208e-05,0.47833333333333317,365_25_CALENDAR_DAYS_PER_YEAR,NOT_APPLICABLE_REQUIRES_365_CALENDAR_DAYS_AND_CONTIGUOUS_DAILY_RECORDS,RESET_REPORTING_HIGH_WATER_MARK_TO_GROUP_INITIAL_WEALTH_NOT_PORTFOLIO_STATE,0.0007813448738056858
llama_memory_frozen2021,MONTH,2021-02,28,2021-02-01,2021-02-28,28,False,0.16113175551992615,0.14939518079016115,,53.355421710771843,0.0056593411028590156,0.025580795630128623,0.48888775565252846,,4.2281164007887435,0.012744240295561121,8.4868598708582095,0.11129940232640995,,0.042599340832591717,0.31141978487640065,0.011122135174157166,28,0.00031141978487640064,1.1122135174157166e-05,0.48214285714285715,365_25_CALENDAR_DAYS_PER_YEAR,NOT_APPLICABLE_REQUIRES_365_CALENDAR_DAYS_AND_CONTIGUOUS_DAILY_RECORDS,RESET_REPORTING_HIGH_WATER_MARK_TO_GROUP_INITIAL_WEALTH_NOT_PORTFOLIO_STATE,0.00038383633322876926
llama_memory_frozen2021,MONTH,2021-03,31,2021-03-01,2021-03-31,31,False,0.15436337585874538,0.14354900228016607,,46.306129767795504,0.0048259070270285252,0.019591770113922106,0.37442840554086004,,4.7076090262863763,0.010741535628165015,8.5863322547097649,0.088516806881406285,,0.030919475527249714,0.30300716786249349,0.009774424769757855,31,0.00030300716786249349,9.7744247697578551e-06,0.53870967741935494,365_25_CALENDAR_DAYS_PER_YEAR,NOT_APPLICABLE_REQUIRES_365_CALENDAR_DAYS_AND_CONTIGUOUS_DAILY_RECORDS,RESET_REPORTING_HIGH_WATER_MARK_TO_GROUP_INITIAL_WEALTH_NOT_PORTFOLIO_STATE,0.00041042952481989319
llama_memory_frozen2021,MONTH,2021-04,30,2021-04-01,2021-04-30,30,False,-0.0071818847544925252,-0.0072077986370271963,,-2.4025995456757321,-7.312654213030845e-05,0.018689594237742461,0.35718645788267839,,-0.074777385658523932,0.011262354289126763,-0.12409119445534295,0.12641799335149947,,0.031281055592211456,0.38872831490268339,0.012957610496756113,30,0.00038872831490268343,1.2957610496756114e-05,0.52666666666666673,365_25_CALENDAR_DAYS_PER_YEAR,NOT_APPLICABLE_REQUIRES_365_CALENDAR_DAYS_AND_CONTIGUOUS_DAILY_RECORDS,RESET_REPORTING_HIGH_WATER_MARK_TO_GROUP_INITIAL_WEALTH_NOT_PORTFOLIO_STATE,0.0005454445153828027
llama_memory_frozen2021,MONTH,2021-05,31,2021-05-01,2021-05-31,31,False,-0.17622754996346038,-0.19386094007816715,,-62.535787121989408,-0.005966995882453501,0.02329946914008919,0.44528815055219129,,-4.8944604597348089,0.020673292573931211,-5.5162151859050743,0.20453649074036123,,0.064687211506819026,0.44669990005660587,0.014409674195374382,31,0.00044669990005660585,1.4409674195374383e-05,0.41290322580645172,365_25_CALENDAR_DAYS_PER_YEAR,NOT_APPLICABLE_REQUIRES_365_CALENDAR_DAYS_AND_CONTIGUOUS_DAILY_RECORDS,RESET_REPORTING_HIGH_WATER_MARK_TO_GROUP_INITIAL_WEALTH_NOT_PORTFOLIO_STATE,0.00055307755723382572
llama_memory_frozen2021,MONTH,2021-06,30,2021-06-01,2021-06-30,30,False,-0.022420472956237746,-0.022675632842438807,,-7.5585442808129351,-0.00057165782996663193,0.01947495508541576,0.37219589338843539,,-0.5609895920517427,0.014105021045447199,-0.77456439613890815,0.097053248255337898,,0.044718592491829225,0.41261366519058384,0.013753788839686127,30,0.00041261366519058392,1.375378883968613e-05,0.3683333333333334,365_25_CALENDAR_DAYS_PER_YEAR,NOT_APPLICABLE_REQUIRES_365_CALENDAR_DAYS_AND_CONTIGUOUS_DAILY_RECORDS,RESET_REPORTING_HIGH_WATER_MARK_TO_GROUP_INITIAL_WEALTH_NOT_PORTFOLIO_STATE,0.00047178361684630378
llama_memory_frozen2021,MONTH,2021-07,31,2021-07-01,2021-07-31,31,False,0.074506717764170907,0.071861689071736887,,23.181190023140928,0.0023991603528869584,0.012758349520647194,0.24383138637147841,,3.5938495528911276,0.0070000082703258583,6.5502192211370351,0.064593456704160113,,0.017788531194613755,0.19108407528761018,0.006164002428632586,31,0.00019108407528761016,6.1640024286325859e-06,0.40000000000000013,365_25_CALENDAR_DAYS_PER_YEAR,NOT_APPLICABLE_REQUIRES_365_CALENDAR_DAYS_AND_CONTIGUOUS_DAILY_RECORDS,RESET_REPORTING_HIGH_WATER_MARK_TO_GROUP_INITIAL_WEALTH_NOT_PORTFOLIO_STATE,0.00021505594710134526
llama_memory_frozen2021,MONTH,2021-08,31,2021-08-01,2021-08-31,31,False,0.060193348649214364,0.058451295876369706,,18.85525673431281,0.0019966181699467844,0.015076263539144524,0.28813023456539577,,2.5310248598973204,0.0082964633034053482,4.5993571497237786,0.033506805157894684,,0.020781225475239477,0.30510128228779887,0.0098419768479935128,31,0.00030510128228779883,9.8419768479935107e-06,0.45645161290322583,365_25_CALENDAR_DAYS_PER_YEAR,NOT_APPLICABLE_REQUIRES_365_CALENDAR_DAYS_AND_CONTIGUOUS_DAILY_RECORDS,RESET_REPORTING_HIGH_WATER_MARK_TO_GROUP_INITIAL_WEALTH_NOT_PORTFOLIO_STATE,0.00038476715343552427
llama_memory_frozen2021,MONTH,2021-09,30,2021-09-01,2021-09-30,30,False,-0.026979290462323176,-0.027349912811253405,,-9.1166376037511352,-0.00074139908156601133,0.018622867240062457,0.35591120387537972,,-0.76085273965357747,0.014852555507103462,-0.953994721853065,0.11181589344348757,,0.051165245958094858,0.20117418009703464,0.0067058060032344881,30,0.00020117418009703465,6.7058060032344885e-06,0.4616666666666665,365_25_CALENDAR_DAYS_PER_YEAR,NOT_APPLICABLE_REQUIRES_365_CALENDAR_DAYS_AND_CONTIGUOUS_DAILY_RECORDS,RESET_REPORTING_HIGH_WATER_MARK_TO_GROUP_INITIAL_WEALTH_NOT_PORTFOLIO_STATE,0.00025524742013769282
llama_memory_frozen2021,MONTH,2021-10,31,2021-10-01,2021-10-31,31,False,0.17139639617327265,0.15819653815632531,,51.031141340750104,0.0052402794692116908,0.016090414691187233,0.30751219937147223,,6.2241825854117065,0.0075938480632499316,13.188264774167642,0.052207236284951608,,0.023569459858362958,0.38276777356531161,0.012347347534364891,31,0.00038276777356531169,1.2347347534364894e-05,0.46290322580645143,365_25_CALENDAR_DAYS_PER_YEAR,NOT_APPLICABLE_REQUIRES_365_CALENDAR_DAYS_AND_CONTIGUOUS_DAILY_RECORDS,RESET_REPORTING_HIGH_WATER_MARK_TO_GROUP_INITIAL_WEALTH_NOT_PORTFOLIO_STATE,0.00054194872966446741
llama_memory_frozen2021,MONTH,2021-11,30,2021-11-01,2021-11-30,30,False,-0.030884364183615069,-0.031371339003422719,,-10.457113001140906,-0.0009238179936281103,0.015789814007114725,0.3017672649328132,,-1.118161448849639,0.0121906365346392,-1.4482887138086808,0.1004385825902883,,0.038861265164774242,0.33091523481948854,0.011030507827316285,30,0.00033091523481948855,1.1030507827316285e-05,0.47499999999999998,365_25_CALENDAR_DAYS_PER_YEAR,NOT_APPLICABLE_REQUIRES_365_CALENDAR_DAYS_AND_CONTIGUOUS_DAILY_RECORDS,RESET_REPORTING_HIGH_WATER_MARK_TO_GROUP_INITIAL_WEALTH_NOT_PORTFOLIO_STATE,0.0004838939708657032
llama_memory_frozen2021,MONTH,2021-12,31,2021-12-01,2021-12-31,31,False,-0.092141189432704274,-0.096666407441378596,,-31.182712077864064,-0.0030030117902368186,0.015030698863186696,0.28725942458402753,,-3.8183257450032015,0.01306248489670492,-4.3936590081090596,0.096140341566888873,,0.037461086844389764,0.1894879564777423,0.0061125147250884618,31,0.00018948795647774232,6.1125147250884619e-06,0.45645161290322567,365_25_CALENDAR_DAYS_PER_YEAR,NOT_APPLICABLE_REQUIRES_365_CALENDAR_DAYS_AND_CONTIGUOUS_DAILY_RECORDS,RESET_REPORTING_HIGH_WATER_MARK_TO_GROUP_INITIAL_WEALTH_NOT_PORTFOLIO_STATE,0.00025105961858081036
llama_memory_frozen2021,MONTH,2022-01,31,2022-01-01,2022-01-31,31,False,-0.076225804217901941,-0.079287614064544404,,-25.576649698240132,-0.0024787294114835376,0.012410036441691237,0.23717459578930278,,-3.8172550248537034,0.011210039591450661,-4.2258792735925681,0.12723327021192313,,0.038640878987419636,0.14893017360647809,0.0048041991485960672,31,0.00014893017360647807,4.8041991485960668e-06,0.44999999999999984,365_25_CALENDAR_DAYS_PER_YEAR,NOT_APPLICABLE_REQUIRES_365_CALENDAR_DAYS_AND_CONTIGUOUS_DAILY_RECORDS,RESET_REPORTING_HIGH_WATER_MARK_TO_GROUP_INITIAL_WEALTH_NOT_PORTFOLIO_STATE,0.00018164610507099448
llama_memory_frozen2021,MONTH,2022-02,28,2022-02-01,2022-02-28,28,False,0.059756093482595467,0.05803878115867929,,20.728136128099749,0.002270683664778696,0.020340854120573897,0.38874453566059219,,2.1334504603417197,0.010285716091415903,4.219074705308957,0.078840441091806393,,0.030442947547441201,0.17658593740111156,0.0063066406214682697,28,0.00017658593740111159,6.3066406214682709e-06,0.4499999999999999,365_25_CALENDAR_DAYS_PER_YEAR,NOT_APPLICABLE_REQUIRES_365_CALENDAR_DAYS_AND_CONTIGUOUS_DAILY_RECORDS,RESET_REPORTING_HIGH_WATER_MARK_TO_GROUP_INITIAL_WEALTH_NOT_PORTFOLIO_STATE,0.00021548469588749284
llama_memory_frozen2021,MONTH,2022-03,31,2022-03-01,2022-03-31,31,False,0.029202830892216761,0.028784551997083879,,9.285339353898026,0.0010372005356233053,0.014961667217193563,0.28594012525626022,,1.3248839955459109,0.0098163240387905207,2.0193377240209793,0.067905196088367176,,0.032282133073633174,0.26004877692763489,0.0083886702234720941,31,0.00026004877692763494,8.3886702234720954e-06,0.45967741935483869,365_25_CALENDAR_DAYS_PER_YEAR,NOT_APPLICABLE_REQUIRES_365_CALENDAR_DAYS_AND_CONTIGUOUS_DAILY_RECORDS,RESET_REPORTING_HIGH_WATER_MARK_TO_GROUP_INITIAL_WEALTH_NOT_PORTFOLIO_STATE,0.00032580826084294709
llama_memory_frozen2021,MONTH,2022-04,30,2022-04-01,2022-04-30,30,False,-0.085073206010885583,-0.088911223476585879,,-29.637074492195296,-0.0028902079368159804,0.011909476930322037,0.22760814525265136,,-4.6380082213237035,0.010663476309705445,-5.1799479185061719,0.09601842274858334,,0.02951411460742074,0.30886286256198514,0.010295428752066172,30,0.00030886286256198508,1.0295428752066169e-05,0.46833333333333316,365_25_CALENDAR_DAYS_PER_YEAR,NOT_APPLICABLE_REQUIRES_365_CALENDAR_DAYS_AND_CONTIGUOUS_DAILY_RECORDS,RESET_REPORTING_HIGH_WATER_MARK_TO_GROUP_INITIAL_WEALTH_NOT_PORTFOLIO_STATE,0.00038389664033574824
llama_memory_frozen2021,MONTH,2022-05,31,2022-05-01,2022-05-31,31,False,-0.067156735998763387,-0.069518083671116726,,-22.425188281005397,-0.0020674022509490067,0.018801125931178438,0.35931799749842902,,-2.1015331194547975,0.015166076296312501,-2.605234739391276,0.13235312609977459,,0.046456841971724436,0.25361751412105921,0.0081812101329373933,31,0.00025361751412105924,8.181210132937394e-06,0.44999999999999984,365_25_CALENDAR_DAYS_PER_YEAR,NOT_APPLICABLE_REQUIRES_365_CALENDAR_DAYS_AND_CONTIGUOUS_DAILY_RECORDS,RESET_REPORTING_HIGH_WATER_MARK_TO_GROUP_INITIAL_WEALTH_NOT_PORTFOLIO_STATE,0.00028053909877386285
llama_memory_frozen2021,MONTH,2022-06,30,2022-06-01,2022-06-30,30,False,-0.1653124052213224,-0.18069776212796895,,-60.232587375989652,-0.0058503123358535176,0.017736459133944921,0.33897060218894848,,-6.3038699134132896,0.016679922395881827,-6.7031685430721497,0.18041584391511617,,0.054629210564630576,0.24950195584329316,0.0083167318614431052,30,0.00024950195584329314,8.3167318614431047e-06,0.37833333333333324,365_25_CALENDAR_DAYS_PER_YEAR,NOT_APPLICABLE_REQUIRES_365_CALENDAR_DAYS_AND_CONTIGUOUS_DAILY_RECORDS,RESET_REPORTING_HIGH_WATER_MARK_TO_GROUP_INITIAL_WEALTH_NOT_PORTFOLIO_STATE,0.0002482073893178564
llama_memory_frozen2021,MONTH,2022-07,31,2022-07-01,2022-07-31,31,False,0.067730830885119747,0.065535677766409492,,21.140541214970803,0.0021943745024240154,0.01275175092362542,0.24370527718648374,,3.2887892140188075,0.0065672789252760357,6.3858747853793831,0.038267974188544496,,0.019900908697312588,0.20255664600306644,0.0065340853549376273,31,0.00020255664600306639,6.5340853549376255e-06,0.37903225806451618,365_25_CALENDAR_DAYS_PER_YEAR,NOT_APPLICABLE_REQUIRES_365_CALENDAR_DAYS_AND_CONTIGUOUS_DAILY_RECORDS,RESET_REPORTING_HIGH_WATER_MARK_TO_GROUP_INITIAL_WEALTH_NOT_PORTFOLIO_STATE,0.00019304683784107066
llama_memory_frozen2021,MONTH,2022-08,31,2022-08-01,2022-08-31,31,False,-0.055849125805911712,-0.057469301249044043,,-18.538484273885175,-0.0017928948757963083,0.010994869999895256,0.21012862131657944,,-3.1164476751503463,0.0095297275051357891,-3.5955841372471244,0.083588066211157594,,0.035043882132115976,0.14161708361335812,0.0045682930197857461,31,0.00014161708361335812,4.568293019785746e-06,0.40000000000000013,365_25_CALENDAR_DAYS_PER_YEAR,NOT_APPLICABLE_REQUIRES_365_CALENDAR_DAYS_AND_CONTIGUOUS_DAILY_RECORDS,RESET_REPORTING_HIGH_WATER_MARK_TO_GROUP_INITIAL_WEALTH_NOT_PORTFOLIO_STATE,0.00013675954876789402
llama_memory_frozen2021,MONTH,2022-09,30,2022-09-01,2022-09-30,30,False,-0.0090156419555348193,-0.0090565287883574604,,-3.0188429294524868,-0.00021334974610007034,0.013536715741889438,0.25870714397030281,,-0.30121315386634961,0.0094207893270707461,-0.43281265508084538,0.072229950018510791,,0.033217941554367143,0.25740893867484571,0.0085802979558281898,30,0.00025740893867484568,8.58029795582819e-06,0.39833333333333343,365_25_CALENDAR_DAYS_PER_YEAR,NOT_APPLICABLE_REQUIRES_365_CALENDAR_DAYS_AND_CONTIGUOUS_DAILY_RECORDS,RESET_REPORTING_HIGH_WATER_MARK_TO_GROUP_INITIAL_WEALTH_NOT_PORTFOLIO_STATE,0.00024055650574909113
llama_memory_frozen2021,MONTH,2022-10,31,2022-10-01,2022-10-31,31,False,0.023879923584907984,0.023599257617462351,,7.6126637475685,0.00078363313049779936,0.0067692496456801914,0.12937061515125448,,2.212418952941384,0.0035063646510850918,4.2712089881067987,0.023414557768635519,,0.010076994393480081,0.46852715760250674,0.015113779277500218,31,0.00046852715760250672,1.5113779277500216e-05,0.38548387096774189,365_25_CALENDAR_DAYS_PER_YEAR,NOT_APPLICABLE_REQUIRES_365_CALENDAR_DAYS_AND_CONTIGUOUS_DAILY_RECORDS,RESET_REPORTING_HIGH_WATER_MARK_TO_GROUP_INITIAL_WEALTH_NOT_PORTFOLIO_STATE,0.0004374770859532561
llama_memory_frozen2021,MONTH,2022-11,30,2022-11-01,2022-11-30,30,False,-0.091940847183076727,-0.096445756228625543,,-32.148585409541845,-0.0030318469570754423,0.018939241787606868,0.36195760074008093,,-3.0594249127731623,0.016646381905689039,-3.480827754782942,0.13341799852766831,,0.064212303695258904,0.35277618244537368,0.011759206081512456,30,0.00035277618244537365,1.1759206081512454e-05,0.39166666666666666,365_25_CALENDAR_DAYS_PER_YEAR,NOT_APPLICABLE_REQUIRES_365_CALENDAR_DAYS_AND_CONTIGUOUS_DAILY_RECORDS,RESET_REPORTING_HIGH_WATER_MARK_TO_GROUP_INITIAL_WEALTH_NOT_PORTFOLIO_STATE,0.00031269759376325982
llama_memory_frozen2021,MONTH,2022-12,31,2022-12-01,2022-12-31,31,False,-0.018681889230897166,-0.018858600045670314,,-6.083419369571069,-0.00059127199186536478,0.0058994443482843729,0.11274731829032006,,-1.9154521659905939,0.0045880463949455911,-2.4629444609607689,0.033755522122415574,,0.016107041695556094,0.55195058535374764,0.017804857592056376,31,0.00055195058535374751,1.7804857592056371e-05,0.37419354838709679,365_25_CALENDAR_DAYS_PER_YEAR,NOT_APPLICABLE_REQUIRES_365_CALENDAR_DAYS_AND_CONTIGUOUS_DAILY_RECORDS,RESET_REPORTING_HIGH_WATER_MARK_TO_GROUP_INITIAL_WEALTH_NOT_PORTFOLIO_STATE,0.00047084965165833663
llama_memory_frozen2021,MONTH,2023-01,31,2023-01-01,2023-01-31,31,False,0.17068387661538184,0.1575880879779509,,50.834867089661586,0.005152329798852438,0.010810096888043741,0.20659732724488028,,9.1089680787605065,0.0037775565653673194,26.066804236437392,0.017453905702002781,,0.014784890235190366,0.29635872789794337,0.009559958964449786,31,0.00029635872789794346,9.5599589644497895e-06,0.45161290322580633,365_25_CALENDAR_DAYS_PER_YEAR,NOT_APPLICABLE_REQUIRES_365_CALENDAR_DAYS_AND_CONTIGUOUS_DAILY_RECORDS,RESET_REPORTING_HIGH_WATER_MARK_TO_GROUP_INITIAL_WEALTH_NOT_PORTFOLIO_STATE,0.00026827775314109336
llama_memory_frozen2021,MONTH,2023-02,28,2023-02-01,2023-02-28,28,False,0.0084393438723911873,0.008403931707359754,,3.0014041811999124,0.00037890221471836453,0.012870498660185496,0.24597472631758496,,0.56263517800279261,0.00673170823073602,1.0757143738932404,0.040230267184264798,,0.020594310840942806,0.32306155375019652,0.011537912633935591,28,0.00032306155375019655,1.1537912633935592e-05,0.45714285714285713,365_25_CALENDAR_DAYS_PER_YEAR,NOT_APPLICABLE_REQUIRES_365_CALENDAR_DAYS_AND_CONTIGUOUS_DAILY_RECORDS,RESET_REPORTING_HIGH_WATER_MARK_TO_GROUP_INITIAL_WEALTH_NOT_PORTFOLIO_STATE,0.00032231424084450756
llama_memory_frozen2021,MONTH,2023-03,31,2023-03-01,2023-03-31,31,False,0.10638417393770559,0.10109719716063453,,32.611999084075656,0.0034141278817300578,0.017575933573227957,0.3359027155509211,,3.7124147887779224,0.0086982608336197628,7.5014025184936379,0.073727858425194442,,0.027623854895408362,0.51832443221687385,0.016720142974737867,31,0.00051832443221687396,1.672014297473787e-05,0.46935483870967726,365_25_CALENDAR_DAYS_PER_YEAR,NOT_APPLICABLE_REQUIRES_365_CALENDAR_DAYS_AND_CONTIGUOUS_DAILY_RECORDS,RESET_REPORTING_HIGH_WATER_MARK_TO_GROUP_INITIAL_WEALTH_NOT_PORTFOLIO_STATE,0.00052643525867373544
llama_memory_frozen2021,MONTH,2023-04,30,2023-04-01,2023-04-30,30,False,0.013800230318067099,0.013705874239028618,,4.5686247463428726,0.00049900198414889834,0.0093244812153081055,0.17820496124862789,,1.022757578876264,0.006188004384716673,1.541156605447747,0.048108035812802326,,0.02067688064919004,0.19862725856025953,0.0066209086186753176,30,0.00019862725856025951,6.6209086186753175e-06,0.45166666666666655,365_25_CALENDAR_DAYS_PER_YEAR,NOT_APPLICABLE_REQUIRES_365_CALENDAR_DAYS_AND_CONTIGUOUS_DAILY_RECORDS,RESET_REPORTING_HIGH_WATER_MARK_TO_GROUP_INITIAL_WEALTH_NOT_PORTFOLIO_STATE,0.00022007343122900746
llama_memory_frozen2021,MONTH,2023-05,31,2023-05-01,2023-05-31,31,False,-0.031144336633361452,-0.031639632400146819,,-10.206333032305427,-0.00098453141366515408,0.0085759601768450062,0.163899590303796,,-2.1940268317612075,0.0064885420733645852,-2.899863563088017,0.051965546392526131,,0.017473875054377808,0.24151417088489474,0.0077907797059643463,31,0.0002415141708848948,7.7907797059643474e-06,0.48709677419354835,365_25_CALENDAR_DAYS_PER_YEAR,NOT_APPLICABLE_REQUIRES_365_CALENDAR_DAYS_AND_CONTIGUOUS_DAILY_RECORDS,RESET_REPORTING_HIGH_WATER_MARK_TO_GROUP_INITIAL_WEALTH_NOT_PORTFOLIO_STATE,0.00026553211767701366
llama_memory_frozen2021,MONTH,2023-06,30,2023-06-01,2023-06-30,30,False,0.057918782913654134,0.056303565757648909,,18.767855252549637,0.0019523688971186763,0.012391021441010331,0.23681119032134812,,3.0112712946754332,0.0069814591788509382,5.3445456345364537,0.039050622747778839,,0.022335730535817271,0.271466513551122,0.0090488837850374003,30,0.00027146651355112203,9.0488837850374006e-06,0.48333333333333323,365_25_CALENDAR_DAYS_PER_YEAR,NOT_APPLICABLE_REQUIRES_365_CALENDAR_DAYS_AND_CONTIGUOUS_DAILY_RECORDS,RESET_REPORTING_HIGH_WATER_MARK_TO_GROUP_INITIAL_WEALTH_NOT_PORTFOLIO_STATE,0.00029572224357852649
llama_memory_frozen2021,MONTH,2023-07,31,2023-07-01,2023-07-31,31,False,-0.017964754652422688,-0.018128079879106865,,-5.8477677029376984,-0.00056798234439849808,0.0058571260438464064,0.111938551386474,,-1.8532985171060479,0.0044879255583961629,-2.4187128040160673,0.033121368655401162,,0.015422893701310647,0.065261657708658549,0.0021052147647954373,31,6.5261657708658543e-05,2.1052147647954367e-06,0.44999999999999984,365_25_CALENDAR_DAYS_PER_YEAR,NOT_APPLICABLE_REQUIRES_365_CALENDAR_DAYS_AND_CONTIGUOUS_DAILY_RECORDS,RESET_REPORTING_HIGH_WATER_MARK_TO_GROUP_INITIAL_WEALTH_NOT_PORTFOLIO_STATE,7.463908466136047e-05
llama_memory_frozen2021,MONTH,2023-08,31,2023-08-01,2023-08-31,31,False,-0.050780036416115476,-0.052114722631706051,,-16.811200848937435,-0.0016347468159651651,0.0096155504413425377,0.18376773508541555,,-3.2491627230087339,0.007828275617838382,-3.9909795695015817,0.058744171612818141,,0.029096239867837936,0.081358255549028313,0.002624459856420268,31,8.1358255549028312e-05,2.6244598564202682e-06,0.44999999999999984,365_25_CALENDAR_DAYS_PER_YEAR,NOT_APPLICABLE_REQUIRES_365_CALENDAR_DAYS_AND_CONTIGUOUS_DAILY_RECORDS,RESET_REPORTING_HIGH_WATER_MARK_TO_GROUP_INITIAL_WEALTH_NOT_PORTFOLIO_STATE,8.941631447728941e-05
llama_memory_frozen2021,MONTH,2023-09,30,2023-09-01,2023-09-30,30,False,0.018028673336405784,0.017868084073912396,,5.9560280246374662,0.00060907999433531537,0.0052480664340590084,0.10029849960728435,,2.2180438271961638,0.0032118882369565364,3.6241738503983592,0.018690498229485378,,0.010892456406811912,0.072200604463639018,0.0024066868154546338,30,7.220060446363902e-05,2.4066868154546338e-06,0.4499999999999999,365_25_CALENDAR_DAYS_PER_YEAR,NOT_APPLICABLE_REQUIRES_365_CALENDAR_DAYS_AND_CONTIGUOUS_DAILY_RECORDS,RESET_REPORTING_HIGH_WATER_MARK_TO_GROUP_INITIAL_WEALTH_NOT_PORTFOLIO_STATE,7.7536620283380077e-05
llama_memory_frozen2021,MONTH,2023-10,31,2023-10-01,2023-10-31,31,False,0.12182199155720172,0.11495414171274965,,37.081981197661179,0.0037682688554168337,0.01058376143788305,0.20227171392723428,,6.8045114797224366,0.0028301544162083968,25.446429986389795,0.019597840980703326,,0.0081347156695777741,0.11258257119346143,0.0036316958449503687,31,0.00011258257119346143,3.6316958449503685e-06,0.44999999999999984,365_25_CALENDAR_DAYS_PER_YEAR,NOT_APPLICABLE_REQUIRES_365_CALENDAR_DAYS_AND_CONTIGUOUS_DAILY_RECORDS,RESET_REPORTING_HIGH_WATER_MARK_TO_GROUP_INITIAL_WEALTH_NOT_PORTFOLIO_STATE,0.00012901042287106592
llama_memory_frozen2021,MONTH,2023-11,30,2023-11-01,2023-11-30,30,False,0.040558483023482729,0.039757571926013167,,13.252523975337722,0.001373688562552396,0.0099356313025353079,0.18988496521845952,,2.6423353049306422,0.0059561575992092327,4.4077526375307077,0.024330500546846105,,0.020154426951927967,0.11171914542750899,0.0037239715142502999,30,0.000111719145427509,3.7239715142503e-06,0.4499999999999999,365_25_CALENDAR_DAYS_PER_YEAR,NOT_APPLICABLE_REQUIRES_365_CALENDAR_DAYS_AND_CONTIGUOUS_DAILY_RECORDS,RESET_REPORTING_HIGH_WATER_MARK_TO_GROUP_INITIAL_WEALTH_NOT_PORTFOLIO_STATE,0.00013989957688591084
llama_memory_frozen2021,MONTH,2023-12,31,2023-12-01,2023-12-31,31,False,0.059416898659592925,0.057718661161721141,,18.618922955393916,0.001929645883819415,0.011685856822633874,0.22333442624300173,,3.1558195971908583,0.0071131774291970842,5.1845263720628454,0.033172801594263314,,0.023196675374663574,0.17818067711122576,0.0057477637777814759,31,0.00017818067711122576,5.7477637777814765e-06,0.49838709677419352,365_25_CALENDAR_DAYS_PER_YEAR,NOT_APPLICABLE_REQUIRES_365_CALENDAR_DAYS_AND_CONTIGUOUS_DAILY_RECORDS,RESET_REPORTING_HIGH_WATER_MARK_TO_GROUP_INITIAL_WEALTH_NOT_PORTFOLIO_STATE,0.00023742400540256289
llama_memory_frozen2021,MONTH,2024-01,31,2024-01-01,2024-01-31,31,False,0.0033841914827490356,0.0033784779934854744,,1.0898316108017658,0.0001994411349137764,0.01364824975602524,0.26083872793814267,,0.27927553206183425,0.0098130701798740966,0.3884230054875295,0.07730643237955398,,0.032767753304297098,0.32729717390626561,0.01055797335181502,31,0.00032729717390626558,1.0557973351815018e-05,0.4661290322580644,365_25_CALENDAR_DAYS_PER_YEAR,NOT_APPLICABLE_REQUIRES_365_CALENDAR_DAYS_AND_CONTIGUOUS_DAILY_RECORDS,RESET_REPORTING_HIGH_WATER_MARK_TO_GROUP_INITIAL_WEALTH_NOT_PORTFOLIO_STATE,0.00044798189972577497
llama_memory_frozen2021,MONTH,2024-02,29,2024-02-01,2024-02-29,29,False,0.19539319890162712,0.17847516800052135,,61.543161379490122,0.0062443229594291655,0.012239280142561535,0.23391118424213694,,9.7504485231050726,0.0028964920388144743,41.201035387189691,0.01464812406320502,,0.0089363899135741654,0.16004398749121507,0.0055187581893522434,29,0.00016004398749121506,5.5187581893522432e-06,0.48448275862068968,365_25_CALENDAR_DAYS_PER_YEAR,NOT_APPLICABLE_REQUIRES_365_CALENDAR_DAYS_AND_CONTIGUOUS_DAILY_RECORDS,RESET_REPORTING_HIGH_WATER_MARK_TO_GROUP_INITIAL_WEALTH_NOT_PORTFOLIO_STATE,0.00023576235062081676
llama_memory_frozen2021,MONTH,2024-03,31,2024-03-01,2024-03-31,31,False,0.088647360051925875,0.084935971539132127,,27.398700496494236,0.0029217291843105257,0.019206400862407845,0.36706341536641818,,2.9072948702995469,0.011901872045263683,4.6915872134935244,0.073605569798526421,,0.038133713598918303,0.60643280466682659,0.019562348537639569,31,0.00060643280466682651,1.9562348537639566e-05,0.49354838709677423,365_25_CALENDAR_DAYS_PER_YEAR,NOT_APPLICABLE_REQUIRES_365_CALENDAR_DAYS_AND_CONTIGUOUS_DAILY_RECORDS,RESET_REPORTING_HIGH_WATER_MARK_TO_GROUP_INITIAL_WEALTH_NOT_PORTFOLIO_STATE,0.0010326780965417431
llama_memory_frozen2021,MONTH,2024-04,30,2024-04-01,2024-04-30,30,False,-0.070451629873834146,-0.073056434308377716,,-24.35214476945924,-0.0023530961241101361,0.012761731967605923,0.24389603005677174,,-3.5239128702962836,0.01077771960823452,-4.1726110125892104,0.07045162987383416,,0.027722865058282135,0.31147782763756854,0.010382594254585618,30,0.00031147782763756856,1.0382594254585618e-05,0.4583333333333332,365_25_CALENDAR_DAYS_PER_YEAR,NOT_APPLICABLE_REQUIRES_365_CALENDAR_DAYS_AND_CONTIGUOUS_DAILY_RECORDS,RESET_REPORTING_HIGH_WATER_MARK_TO_GROUP_INITIAL_WEALTH_NOT_PORTFOLIO_STATE,0.00053068419939409511
llama_memory_frozen2021,MONTH,2024-05,31,2024-05-01,2024-05-31,31,False,0.052327457536884579,0.051004337303513524,,16.45301203339146,0.0017251127774216646,0.012806121477833349,0.24474438084082795,,2.5745123944768045,0.0060936457672046531,5.4104750635975556,0.024721274867308664,,0.016953903775644832,0.16904752387773675,0.0054531459315398951,31,0.00016904752387773671,5.4531459315398939e-06,0.44999999999999984,365_25_CALENDAR_DAYS_PER_YEAR,NOT_APPLICABLE_REQUIRES_365_CALENDAR_DAYS_AND_CONTIGUOUS_DAILY_RECORDS,RESET_REPORTING_HIGH_WATER_MARK_TO_GROUP_INITIAL_WEALTH_NOT_PORTFOLIO_STATE,0.00028485472432197411
llama_memory_frozen2021,MONTH,2024-06,30,2024-06-01,2024-06-30,30,False,-0.031507872453509722,-0.032014924669423628,,-10.671641556474544,-0.0010378866068555092,0.0076958179695713396,0.1470787394361906,,-2.5774499061330358,0.0061811687111911137,-3.2090347683563314,0.070832315369679558,,0.018571377880591929,0.092404477844595156,0.0030801492614865051,30,9.2404477844595156e-05,3.080149261486505e-06,0.4499999999999999,365_25_CALENDAR_DAYS_PER_YEAR,NOT_APPLICABLE_REQUIRES_365_CALENDAR_DAYS_AND_CONTIGUOUS_DAILY_RECORDS,RESET_REPORTING_HIGH_WATER_MARK_TO_GROUP_INITIAL_WEALTH_NOT_PORTFOLIO_STATE,0.0001562145059390083
llama_memory_frozen2021,MONTH,2024-07,31,2024-07-01,2024-07-31,31,False,0.013443622448013334,0.013354058769719955,,4.3077608934580498,0.00048708679325676531,0.010792252871091413,0.20625630104984768,,0.86256007855991224,0.0069323130115762441,1.3428370110787031,0.050238696935574083,,0.021152040492552482,0.20476203451084429,0.0066052269197046549,31,0.00020476203451084431,6.605226919704655e-06,0.43548387096774183,365_25_CALENDAR_DAYS_PER_YEAR,NOT_APPLICABLE_REQUIRES_365_CALENDAR_DAYS_AND_CONTIGUOUS_DAILY_RECORDS,RESET_REPORTING_HIGH_WATER_MARK_TO_GROUP_INITIAL_WEALTH_NOT_PORTFOLIO_STATE,0.00033628373874307333
llama_memory_frozen2021,MONTH,2024-08,31,2024-08-01,2024-08-31,31,False,-0.046175024635322949,-0.047275088343750826,,-15.250028497984138,-0.0014108224175068389,0.015325708612631122,0.29289750779249635,,-1.7593283462126279,0.010639608443792166,-2.534205439085389,0.08131944840778399,,0.030305774779117507,0.28240839135795492,0.009109948108321126,31,0.00028240839135795494,9.1099481083211265e-06,0.41935483870967744,365_25_CALENDAR_DAYS_PER_YEAR,NOT_APPLICABLE_REQUIRES_365_CALENDAR_DAYS_AND_CONTIGUOUS_DAILY_RECORDS,RESET_REPORTING_HIGH_WATER_MARK_TO_GROUP_INITIAL_WEALTH_NOT_PORTFOLIO_STATE,0.000457883796990853
llama_memory_frozen2021,MONTH,2024-09,30,2024-09-01,2024-09-30,30,False,0.036322472884012837,0.035678362666247868,,11.892787555415957,0.0012352502877066055,0.0096822295844122119,0.18504207451861804,,2.4382301633753167,0.0060990153186885939,3.8707074811077509,0.037120457578906675,,0.015733098806320973,0.24771986633298149,0.0082573288777660504,30,0.00024771986633298146,8.2573288777660483e-06,0.43833333333333319,365_25_CALENDAR_DAYS_PER_YEAR,NOT_APPLICABLE_REQUIRES_365_CALENDAR_DAYS_AND_CONTIGUOUS_DAILY_RECORDS,RESET_REPORTING_HIGH_WATER_MARK_TO_GROUP_INITIAL_WEALTH_NOT_PORTFOLIO_STATE,0.00039592625383719725
llama_memory_frozen2021,MONTH,2024-10,31,2024-10-01,2024-10-31,31,False,0.044869023640068506,0.043891541331933216,,14.158561719978458,0.0014605318954607428,0.0095086204736251016,0.18172414141908705,,2.9355443401809098,0.0057798915987471323,4.8293253493420183,0.022523760896044655,,0.0170550865524557,0.56984991250042094,0.018382255241949062,31,0.00056984991250042091,1.8382255241949061e-05,0.47903225806451605,365_25_CALENDAR_DAYS_PER_YEAR,NOT_APPLICABLE_REQUIRES_365_CALENDAR_DAYS_AND_CONTIGUOUS_DAILY_RECORDS,RESET_REPORTING_HIGH_WATER_MARK_TO_GROUP_INITIAL_WEALTH_NOT_PORTFOLIO_STATE,0.0009682710952671899
llama_memory_frozen2021,MONTH,2024-11,30,2024-11-01,2024-11-30,30,False,0.19182743090321649,0.17548778543037355,,58.495928476791185,0.0060141048400313831,0.017618503818432777,0.33671629742447512,,6.523746577232922,0.0067595627410306841,17.003859330099274,0.038954389203227545,,0.02458128138447431,0.54575091110090856,0.018191697036696951,30,0.00054575091110090849,1.8191697036696949e-05,0.53333333333333344,365_25_CALENDAR_DAYS_PER_YEAR,NOT_APPLICABLE_REQUIRES_365_CALENDAR_DAYS_AND_CONTIGUOUS_DAILY_RECORDS,RESET_REPORTING_HIGH_WATER_MARK_TO_GROUP_INITIAL_WEALTH_NOT_PORTFOLIO_STATE,0.0010365566444303308
llama_memory_frozen2021,MONTH,2024-12,31,2024-12-01,2024-12-31,31,False,-0.016245494927228241,-0.016378899771534162,,-5.2835160553336005,-0.00045620269144000617,0.012186307419240663,0.23289879525355356,,-0.71545253322180857,0.008890027594334729,-0.98073087188970698,0.071214048731353077,,0.027113367867596733,0.41917124223033264,0.01352165297517202,31,0.00041917124223033261,1.352165297517202e-05,0.52419354838709675,365_25_CALENDAR_DAYS_PER_YEAR,NOT_APPLICABLE_REQUIRES_365_CALENDAR_DAYS_AND_CONTIGUOUS_DAILY_RECORDS,RESET_REPORTING_HIGH_WATER_MARK_TO_GROUP_INITIAL_WEALTH_NOT_PORTFOLIO_STATE,0.00087594329872397287
llama_memory_frozen2021,MONTH,2025-01,31,2025-01-01,2025-01-31,31,False,0.036986771009442226,0.036319172183803497,,11.715861994775322,0.0012343808437809635,0.011319590085964821,0.21633451406476553,,2.0840761592762798,0.0076048415407050539,3.1020880191479017,0.04870410492679101,,0.024522046574577409,0.74857122470808024,0.024147458861550977,31,0.00074857122470808044,2.4147458861550981e-05,0.50483870967741951,365_25_CALENDAR_DAYS_PER_YEAR,NOT_APPLICABLE_REQUIRES_365_CALENDAR_DAYS_AND_CONTIGUOUS_DAILY_RECORDS,RESET_REPORTING_HIGH_WATER_MARK_TO_GROUP_INITIAL_WEALTH_NOT_PORTFOLIO_STATE,0.0015698653418343418
llama_memory_frozen2021,MONTH,2025-02,28,2025-02-01,2025-02-28,28,False,-0.081634431422198117,-0.085159744779686367,,-30.414194564173702,-0.00299834676538141,0.0089102140601963597,0.17028768836034433,,-6.4311528719453293,0.0082048601942333824,-6.984025003028532,0.082361376309612891,,0.021639166868507861,0.23532884450515251,0.0084046015894697328,28,0.00023532884450515248,8.404601589469732e-06,0.44821428571428573,365_25_CALENDAR_DAYS_PER_YEAR,NOT_APPLICABLE_REQUIRES_365_CALENDAR_DAYS_AND_CONTIGUOUS_DAILY_RECORDS,RESET_REPORTING_HIGH_WATER_MARK_TO_GROUP_INITIAL_WEALTH_NOT_PORTFOLIO_STATE,0.0004840212010357003
llama_memory_frozen2021,MONTH,2025-03,31,2025-03-01,2025-03-31,31,False,-0.0045318518033837943,-0.0045421517741757551,,-1.4652102497341146,-5.1250015246410761e-05,0.014040260403128195,0.26833064524302658,,-0.069761200968296799,0.0095545808842575353,-0.10251265225496679,0.068506542802352022,,0.031170634842432463,0.18651070843823492,0.0060164744657495136,31,0.00018651070843823494,6.016474465749514e-06,0.40000000000000013,365_25_CALENDAR_DAYS_PER_YEAR,NOT_APPLICABLE_REQUIRES_365_CALENDAR_DAYS_AND_CONTIGUOUS_DAILY_RECORDS,RESET_REPORTING_HIGH_WATER_MARK_TO_GROUP_INITIAL_WEALTH_NOT_PORTFOLIO_STATE,0.0003660071597213805
llama_memory_frozen2021,MONTH,2025-04,30,2025-04-01,2025-04-30,30,False,0.057076300389798544,0.055506890082072914,,18.502296694024306,0.0019157438859652264,0.011520120985070657,0.22016696332163577,,3.178158265854762,0.006550352872269116,5.5894344085414334,0.042223692797993088,,0.021319598475017479,0.14069078335954077,0.0046896927786513592,30,0.00014069078335954082,4.6896927786513607e-06,0.40000000000000013,365_25_CALENDAR_DAYS_PER_YEAR,NOT_APPLICABLE_REQUIRES_365_CALENDAR_DAYS_AND_CONTIGUOUS_DAILY_RECORDS,RESET_REPORTING_HIGH_WATER_MARK_TO_GROUP_INITIAL_WEALTH_NOT_PORTFOLIO_STATE,0.00027515644264671028
llama_memory_frozen2021,MONTH,2025-05,28,2025-05-01,2025-05-28,28,False,0.071674100350710535,0.069222005561064198,,24.722144843237214,0.0025253666446716783,0.01023417529882502,0.19559059323800834,,4.7159229475003501,0.0049659339923542245,9.7189334805454415,0.021616475212049239,,0.017439356881539071,0.524871658382424,0.018745416370800856,28,0.00052487165838242388,1.8745416370800852e-05,0.52321428571428585,365_25_CALENDAR_DAYS_PER_YEAR,NOT_APPLICABLE_REQUIRES_365_CALENDAR_DAYS_AND_CONTIGUOUS_DAILY_RECORDS,RESET_REPORTING_HIGH_WATER_MARK_TO_GROUP_INITIAL_WEALTH_NOT_PORTFOLIO_STATE,0.0010916600035699637
llama_memory_pooled,FULL,FULL,1608,2021-01-02,2025-05-28,1608,False,1.1764604511059897,0.77769991097721103,,4.836442232445342,0.0005882778613299014,0.014468710331448607,0.27651897241215301,0.19321465125148701,0.7770479073330413,0.0097681296432966525,1.1509758260196195,0.45612406323456989,0.4236010919514302,0.033115445345483059,15.509651159260224,0.0096453054473011352,1608,0.015509651159260224,9.6453054473011344e-06,0.45118159203980107,365_25_CALENDAR_DAYS_PER_YEAR,REPORTED,RESET_REPORTING_HIGH_WATER_MARK_TO_GROUP_INITIAL_WEALTH_NOT_PORTFOLIO_STATE,0.021468794127811972
llama_memory_pooled,REGIME,FULL:BEAR,503,2021-05-14,2025-04-11,1429,True,,0.025712267897565977,0.025712267897565977,0.51117828822198763,0.00016032178124230715,0.014782606070974423,,,,0.010430518033094706,,,,0.035421675999231982,4.3632188306740938,0.008674391313467384,503,0.0043632188306740941,8.6743913134673831e-06,0.4042743538767396,NOT_APPLICABLE_CONDITIONAL_SELECTION,NOT_APPLICABLE_CONDITIONAL_SELECTION,NOT_APPLICABLE_CONDITIONAL_SELECTION,0.0049449781362102627
llama_memory_pooled,REGIME,FULL:BULL,531,2021-01-02,2025-05-28,1608,True,,0.8776106439407716,0.8776106439407716,16.527507418846923,0.0017711871694674815,0.015365109800946812,,,,0.0092727077163956492,,,,0.031006091365454989,6.6107080602492143,0.012449544369584209,531,0.0066107080602492143,1.2449544369584207e-05,0.48662900188323915,NOT_APPLICABLE_CONDITIONAL_SELECTION,NOT_APPLICABLE_CONDITIONAL_SELECTION,NOT_APPLICABLE_CONDITIONAL_SELECTION,0.010517484389978078
llama_memory_pooled,REGIME,FULL:MIX,574,2021-04-11,2025-05-05,1486,True,,-0.12562300086112649,-0.12562300086112649,-2.1885540219708446,-0.00013099554343838293,0.013240780164932476,,,,0.0096134551761509566,,,,0.032695168099760731,4.5357242683369163,0.0079019586556392275,574,0.0045357242683369166,7.9019586556392273e-06,0.45949477351916379,NOT_APPLICABLE_CONDITIONAL_SELECTION,NOT_APPLICABLE_CONDITIONAL_SELECTION,NOT_APPLICABLE_CONDITIONAL_SELECTION,0.0060063316016236313
llama_memory_pooled,POST2021,POST2021,1244,2022-01-01,2025-05-28,1244,False,0.68563243630983006,0.52214082650602989,,4.1972735249680859,0.00050078241881500412,0.012737333385773927,0.24342973619768235,0.16568094160870486,0.75139044772921082,0.0085704362321385296,1.1167121925163399,0.37086594603711542,0.44674077892318509,0.029185539074109236,11.292923908745035,0.0090779131099236621,1244,0.011292923908745034,9.0779131099236606e-06,0.44867363344051453,365_25_CALENDAR_DAYS_PER_YEAR,REPORTED,RESET_REPORTING_HIGH_WATER_MARK_TO_GROUP_INITIAL_WEALTH_NOT_PORTFOLIO_STATE,0.016190904866709148
llama_memory_pooled,REGIME,POST2021:BEAR,380,2022-01-01,2025-04-11,1197,True,,-0.012965993555489802,-0.012965993555489802,-0.34121035672341588,6.1343578947892799e-05,0.013833207966293963,,,,0.0097282163060343121,,,,0.033961605776242791,3.1225440692567554,0.0082172212348861993,380,0.0031225440692567554,8.2172212348861977e-06,0.40500000000000003,NOT_APPLICABLE_CONDITIONAL_SELECTION,NOT_APPLICABLE_CONDITIONAL_SELECTION,NOT_APPLICABLE_CONDITIONAL_SELECTION,0.003470074533883742
llama_memory_pooled,REGIME,POST2021:BULL,388,2023-01-16,2025-05-28,864,True,,0.52715037184211699,0.52715037184211699,13.586349789745283,0.0014411404530099612,0.012824806825081702,,,,0.0077620425596335758,,,,0.025893182309262876,4.5336201953152289,0.011684588132255744,388,0.0045336201953152288,1.1684588132255743e-05,0.48350515463917532,NOT_APPLICABLE_CONDITIONAL_SELECTION,NOT_APPLICABLE_CONDITIONAL_SELECTION,NOT_APPLICABLE_CONDITIONAL_SELECTION,0.0079141918681485263
llama_memory_pooled,REGIME,POST2021:MIX,476,2022-03-25,2025-05-05,1138,True,,0.0079564482194026814,0.0079564482194026814,0.16715227351686307,8.5084607642438916e-05,0.011696921340250384,,,,0.0082037491271316626,,,,0.027542875506970155,3.6367596441730505,0.0076402513533047282,476,0.0036367596441730502,7.6402513533047281e-06,0.45514705882352946,NOT_APPLICABLE_CONDITIONAL_SELECTION,NOT_APPLICABLE_CONDITIONAL_SELECTION,NOT_APPLICABLE_CONDITIONAL_SELECTION,0.0048066384646768831
llama_memory_pooled,YEAR,2021,364,2021-01-02,2021-12-31,364,False,0.29118329964667483,0.2555590844711812,,7.0208539689884946,0.00088730074728740735,0.01926394603963447,0.36816319087573884,,0.88027974001374321,0.013056801559067221,1.2987607519876916,0.28165584541742678,,0.042149937687570249,4.2167272505151896,0.011584415523393378,364,0.0042167272505151893,1.1584415523393377e-05,0.45975274725274734,365_25_CALENDAR_DAYS_PER_YEAR,NOT_APPLICABLE_REQUIRES_365_CALENDAR_DAYS_AND_CONTIGUOUS_DAILY_RECORDS,RESET_REPORTING_HIGH_WATER_MARK_TO_GROUP_INITIAL_WEALTH_NOT_PORTFOLIO_STATE,0.0052778892611028225
llama_memory_pooled,YEAR_REGIME,2021:BEAR,123,2021-05-14,2021-12-31,232,True,,0.038678261453055765,0.038678261453055765,3.1445741018744524,0.0004661080972738311,0.017452512046336875,,,,0.012350480452066603,,,,0.039083445590406364,1.2406747614173379,0.010086786678189739,123,0.0012406747614173382,1.0086786678189741e-05,0.40203252032520331,NOT_APPLICABLE_CONDITIONAL_SELECTION,NOT_APPLICABLE_CONDITIONAL_SELECTION,NOT_APPLICABLE_CONDITIONAL_SELECTION,0.0014749036023265208
llama_memory_pooled,YEAR_REGIME,2021:BULL,143,2021-01-02,2021-11-17,320,True,,0.3504602720986546,0.3504602720986546,24.507711335570253,0.002666698539995579,0.020780013178391968,,,,0.012482239223984207,,,,0.039040595754840784,2.077087864933985,0.014525089964573322,143,0.0020770878649339851,1.4525089964573323e-05,0.4951048951048953,NOT_APPLICABLE_CONDITIONAL_SELECTION,NOT_APPLICABLE_CONDITIONAL_SELECTION,NOT_APPLICABLE_CONDITIONAL_SELECTION,0.0026032925218295545
llama_memory_pooled,YEAR_REGIME,2021:MIX,98,2021-04-11,2021-12-04,238,True,,-0.13357944908052918,-0.13357944908052918,-13.630556028625426,-0.0011805277058309462,0.019087064206525499,,,,0.014642932698976803,,,,0.049680266155044783,0.89896462416386624,0.0091731084098353698,98,0.00089896462416386635,9.1731084098353708e-06,0.48061224489795917,NOT_APPLICABLE_CONDITIONAL_SELECTION,NOT_APPLICABLE_CONDITIONAL_SELECTION,NOT_APPLICABLE_CONDITIONAL_SELECTION,0.0011996931369467479
llama_memory_pooled,YEAR,2022,365,2022-01-01,2022-12-31,365,False,-0.34576364982891211,-0.42428660111227845,,-11.624290441432285,-0.0010585210078618325,0.014345853712151094,0.27417099630758346,-0.34595374803940743,-1.4101593652444278,0.011090516443794621,-1.8240755574493996,0.37086594603711542,-0.93282694659914978,0.038683247891433022,3.3723838141544604,0.0092394077100122207,365,0.0033723838141544601,9.2394077100122195e-06,0.41520547945205483,365_25_CALENDAR_DAYS_PER_YEAR,REPORTED,RESET_REPORTING_HIGH_WATER_MARK_TO_GROUP_INITIAL_WEALTH_NOT_PORTFOLIO_STATE,0.0034269694139618108
llama_memory_pooled,YEAR_REGIME,2022:BEAR,321,2022-01-01,2022-12-31,365,True,,-0.22124913952271813,-0.22124913952271813,-6.8924965583401283,-0.00059226158915858115,0.013918152784160288,,,,0.01025106358081943,,,,0.035685648863451172,2.6847693184289385,0.00836376734713065,321,0.0026847693184289391,8.363767347130652e-06,0.40607476635514028,NOT_APPLICABLE_CONDITIONAL_SELECTION,NOT_APPLICABLE_CONDITIONAL_SELECTION,NOT_APPLICABLE_CONDITIONAL_SELECTION,0.0026966509562112999
llama_memory_pooled,YEAR_REGIME,2022:MIX,44,2022-03-25,2022-12-17,268,True,,-0.20303746158956029,-0.20303746158956029,-46.14487763399098,-0.0044600954034014614,0.016943677098663668,,,,0.015927945577934279,,,,0.058014096057154636,0.68761449572552147,0.015627602175580034,44,0.00068761449572552152,1.5627602175580035e-05,0.4818181818181817,NOT_APPLICABLE_CONDITIONAL_SELECTION,NOT_APPLICABLE_CONDITIONAL_SELECTION,NOT_APPLICABLE_CONDITIONAL_SELECTION,0.00073031845775051066
llama_memory_pooled,YEAR,2023,365,2023-01-01,2023-12-31,365,False,0.59283377892863498,0.4655146808060594,,12.753826871398889,0.0013343120887020837,0.01083776170729297,0.20712604384888456,0.59334172805930696,2.3529512819450331,0.0061237179900400281,4.1642553337801722,0.093718692041958651,6.3310927108720518,0.020932066411443635,2.4706555683148124,0.0067689193652460617,365,0.0024706555683148123,6.7689193652460609e-06,0.46246575342465757,365_25_CALENDAR_DAYS_PER_YEAR,REPORTED,RESET_REPORTING_HIGH_WATER_MARK_TO_GROUP_INITIAL_WEALTH_NOT_PORTFOLIO_STATE,0.0026462810697254536
llama_memory_pooled,YEAR_REGIME,2023:BEAR,1,2023-01-01,2023-01-01,1,True,,0.0017118707612718295,0.0017118707612718295,17.118707612718296,0.0017133368484880673,,,,,0,,,,-0.0017133368484880673,0.00095759031814340867,0.00095759031814340867,1,9.575903181434088e-07,9.575903181434088e-07,0.35000000000000003,NOT_APPLICABLE_CONDITIONAL_SELECTION,NOT_APPLICABLE_CONDITIONAL_SELECTION,NOT_APPLICABLE_CONDITIONAL_SELECTION,8.0891393502739118e-07
llama_memory_pooled,YEAR_REGIME,2023:BULL,180,2023-01-16,2023-12-31,350,True,,0.15652739642769611,0.15652739642769611,8.6959664682053397,0.00092370457211376545,0.010417760511676965,,,,0.0064229442296641556,,,,0.02095018284451191,0.99221976714165372,0.0055123320396758537,180,0.00099221976714165372,5.5123320396758539e-06,0.45833333333333343,NOT_APPLICABLE_CONDITIONAL_SELECTION,NOT_APPLICABLE_CONDITIONAL_SELECTION,NOT_APPLICABLE_CONDITIONAL_SELECTION,0.0011161843125268756
llama_memory_pooled,YEAR_REGIME,2023:MIX,184,2023-01-02,2023-10-21,293,True,,0.30727541361709149,0.30727541361709149,16.699750740059319,0.0017339334377570361,0.011275893966296753,,,,0.0058336138372210751,,,,0.020568252567012234,1.4774782108550151,0.0080297728850816045,184,0.0014774782108550153,8.0297728850816052e-06,0.4671195652173914,NOT_APPLICABLE_CONDITIONAL_SELECTION,NOT_APPLICABLE_CONDITIONAL_SELECTION,NOT_APPLICABLE_CONDITIONAL_SELECTION,0.0015292878432635508
llama_memory_pooled,YEAR,2024,366,2024-01-01,2024-12-31,366,False,0.51480615252018036,0.41528747864286591,,11.346652421936227,0.0012223196001054757,0.013245182496129491,0.2531355020136386,0.51351760245786304,1.7636887374038537,0.0081683166513004061,2.8598767886359111,0.1224129282806995,4.194962163476224,0.026833053496771252,3.5829129647038456,0.0097893796849831839,366,0.0035829129647038452,9.7893796849831836e-06,0.46939890710382515,365_25_CALENDAR_DAYS_PER_YEAR,REPORTED,RESET_REPORTING_HIGH_WATER_MARK_TO_GROUP_INITIAL_WEALTH_NOT_PORTFOLIO_STATE,0.0062698151006059487
llama_memory_pooled,YEAR_REGIME,2024:BEAR,21,2024-07-05,2024-09-02,60,True,,0.12161213099127288,0.12161213099127288,57.910538567272802,0.0058808186045493753,0.012489320599377985,,,,0.0042174963187925265,,,,0.016068336186350771,0.21621925063311476,0.010296154792053083,21,0.00021621925063311474,1.0296154792053083e-05,0.40000000000000008,NOT_APPLICABLE_CONDITIONAL_SELECTION,NOT_APPLICABLE_CONDITIONAL_SELECTION,NOT_APPLICABLE_CONDITIONAL_SELECTION,0.00034529054610753045
llama_memory_pooled,YEAR_REGIME,2024:BULL,153,2024-01-01,2024-12-31,366,True,,0.30200914562376002,0.30200914562376002,19.739159844690199,0.0020990278716716921,0.0157954859216731,,,,0.0093898519793833898,,,,0.031680413450134261,2.2466984600676767,0.01468430366057305,153,0.0022466984600676768,1.4684303660573051e-05,0.50784313725490193,NOT_APPLICABLE_CONDITIONAL_SELECTION,NOT_APPLICABLE_CONDITIONAL_SELECTION,NOT_APPLICABLE_CONDITIONAL_SELECTION,0.0040910702757334669
llama_memory_pooled,YEAR_REGIME,2024:MIX,192,2024-01-15,2024-11-05,296,True,,-0.008333797972166955,-0.008333797972166955,-0.43405197771702891,1.4169367590095155e-05,0.010765681194784811,,,,0.007415001862163418,,,,0.023330675594630496,1.1199952540030536,0.0058333086145992375,192,0.0011199952540030538,5.8333086145992384e-06,0.44635416666666677,NOT_APPLICABLE_CONDITIONAL_SELECTION,NOT_APPLICABLE_CONDITIONAL_SELECTION,NOT_APPLICABLE_CONDITIONAL_SELECTION,0.0018334542787649532
llama_memory_pooled,YEAR,2025,148,2025-01-01,2025-05-28,148,False,0.067826493605692678,0.065625268169382855,,4.4341397411745174,0.00050635547878763074,0.01125816583668411,0.21516060361226497,,0.85957343269248698,0.0075213286220828695,1.2866370744189009,0.13037521345149222,,0.02461011654755842,1.8669715615719169,0.012614672713323763,148,0.0018669715615719173,1.2614672713323765e-05,0.44594594594594594,365_25_CALENDAR_DAYS_PER_YEAR,NOT_APPLICABLE_REQUIRES_365_CALENDAR_DAYS_AND_CONTIGUOUS_DAILY_RECORDS,RESET_REPORTING_HIGH_WATER_MARK_TO_GROUP_INITIAL_WEALTH_NOT_PORTFOLIO_STATE,0.0038478392824159357
llama_memory_pooled,YEAR_REGIME,2025:BEAR,37,2025-02-27,2025-04-11,44,True,,0.084959144214683507,0.084959144214683507,22.961930868833381,0.0023842162858399695,0.013297239480366676,,,,0.0070842776300735098,,,,0.02081711213964239,0.22059790987655847,0.0059621056723394182,37,0.00022059790987655849,5.9621056723394183e-06,0.40000000000000008,NOT_APPLICABLE_CONDITIONAL_SELECTION,NOT_APPLICABLE_CONDITIONAL_SELECTION,NOT_APPLICABLE_CONDITIONAL_SELECTION,0.00042732411762988454
llama_memory_pooled,YEAR_REGIME,2025:BULL,55,2025-01-01,2025-05-28,148,True,,0.068613829790660899,0.068613829790660899,12.475241780120164,0.0013044437894839677,0.010703252463070731,,,,0.0066892939822226641,,,,0.022198812478466518,1.2947019681058989,0.023540035783743616,55,0.0012947019681058991,2.3540035783743622e-05,0.49818181818181817,NOT_APPLICABLE_CONDITIONAL_SELECTION,NOT_APPLICABLE_CONDITIONAL_SELECTION,NOT_APPLICABLE_CONDITIONAL_SELECTION,0.0027069372798881816
llama_memory_pooled,YEAR_REGIME,2025:MIX,56,2025-01-10,2025-05-05,116,True,,-0.087947705835961634,-0.087947705835961634,-15.704947470707436,-0.0015182107167344239,0.010166831926151467,,,,0.0085088528329220012,,,,0.027384764632245328,0.35167168358945983,0.0062798514926689251,56,0.00035167168358945985,6.2798514926689261e-06,0.42499999999999993,NOT_APPLICABLE_CONDITIONAL_SELECTION,NOT_APPLICABLE_CONDITIONAL_SELECTION,NOT_APPLICABLE_CONDITIONAL_SELECTION,0.00071357788489786892
llama_memory_pooled,MONTH,2021-01,30,2021-01-02,2021-01-31,30,False,0.054680006040883092,0.053237409110109934,,17.745803036703311,0.0021188428937800965,0.026601248556076582,0.5083901569041992,,1.5222705562708505,0.017417791292933398,2.3248813099159631,0.12817436724554648,,0.055104155928685949,0.75372791509143622,0.025124263836381208,30,0.00075372791509143626,2.5124263836381208e-05,0.47833333333333317,365_25_CALENDAR_DAYS_PER_YEAR,NOT_APPLICABLE_REQUIRES_365_CALENDAR_DAYS_AND_CONTIGUOUS_DAILY_RECORDS,RESET_REPORTING_HIGH_WATER_MARK_TO_GROUP_INITIAL_WEALTH_NOT_PORTFOLIO_STATE,0.0007813448738056858
llama_memory_pooled,MONTH,2021-02,28,2021-02-01,2021-02-28,28,False,0.16113175551992615,0.14939518079016115,,53.355421710771843,0.0056593411028590156,0.025580795630128623,0.48888775565252846,,4.2281164007887435,0.012744240295561121,8.4868598708582095,0.11129940232640995,,0.042599340832591717,0.31141978487640065,0.011122135174157166,28,0.00031141978487640064,1.1122135174157166e-05,0.48214285714285715,365_25_CALENDAR_DAYS_PER_YEAR,NOT_APPLICABLE_REQUIRES_365_CALENDAR_DAYS_AND_CONTIGUOUS_DAILY_RECORDS,RESET_REPORTING_HIGH_WATER_MARK_TO_GROUP_INITIAL_WEALTH_NOT_PORTFOLIO_STATE,0.00038383633322876926
llama_memory_pooled,MONTH,2021-03,31,2021-03-01,2021-03-31,31,False,0.15436337585874538,0.14354900228016607,,46.306129767795504,0.0048259070270285252,0.019591770113922106,0.37442840554086004,,4.7076090262863763,0.010741535628165015,8.5863322547097649,0.088516806881406285,,0.030919475527249714,0.30300716786249349,0.009774424769757855,31,0.00030300716786249349,9.7744247697578551e-06,0.53870967741935494,365_25_CALENDAR_DAYS_PER_YEAR,NOT_APPLICABLE_REQUIRES_365_CALENDAR_DAYS_AND_CONTIGUOUS_DAILY_RECORDS,RESET_REPORTING_HIGH_WATER_MARK_TO_GROUP_INITIAL_WEALTH_NOT_PORTFOLIO_STATE,0.00041042952481989319
llama_memory_pooled,MONTH,2021-04,30,2021-04-01,2021-04-30,30,False,-0.0071818847544925252,-0.0072077986370271963,,-2.4025995456757321,-7.312654213030845e-05,0.018689594237742461,0.35718645788267839,,-0.074777385658523932,0.011262354289126763,-0.12409119445534295,0.12641799335149947,,0.031281055592211456,0.38872831490268339,0.012957610496756113,30,0.00038872831490268343,1.2957610496756114e-05,0.52666666666666673,365_25_CALENDAR_DAYS_PER_YEAR,NOT_APPLICABLE_REQUIRES_365_CALENDAR_DAYS_AND_CONTIGUOUS_DAILY_RECORDS,RESET_REPORTING_HIGH_WATER_MARK_TO_GROUP_INITIAL_WEALTH_NOT_PORTFOLIO_STATE,0.0005454445153828027
llama_memory_pooled,MONTH,2021-05,31,2021-05-01,2021-05-31,31,False,-0.17622754996346038,-0.19386094007816715,,-62.535787121989408,-0.005966995882453501,0.02329946914008919,0.44528815055219129,,-4.8944604597348089,0.020673292573931211,-5.5162151859050743,0.20453649074036123,,0.064687211506819026,0.44669990005660587,0.014409674195374382,31,0.00044669990005660585,1.4409674195374383e-05,0.41290322580645172,365_25_CALENDAR_DAYS_PER_YEAR,NOT_APPLICABLE_REQUIRES_365_CALENDAR_DAYS_AND_CONTIGUOUS_DAILY_RECORDS,RESET_REPORTING_HIGH_WATER_MARK_TO_GROUP_INITIAL_WEALTH_NOT_PORTFOLIO_STATE,0.00055307755723382572
llama_memory_pooled,MONTH,2021-06,30,2021-06-01,2021-06-30,30,False,-0.022420472956237746,-0.022675632842438807,,-7.5585442808129351,-0.00057165782996663193,0.01947495508541576,0.37219589338843539,,-0.5609895920517427,0.014105021045447199,-0.77456439613890815,0.097053248255337898,,0.044718592491829225,0.41261366519058384,0.013753788839686127,30,0.00041261366519058392,1.375378883968613e-05,0.3683333333333334,365_25_CALENDAR_DAYS_PER_YEAR,NOT_APPLICABLE_REQUIRES_365_CALENDAR_DAYS_AND_CONTIGUOUS_DAILY_RECORDS,RESET_REPORTING_HIGH_WATER_MARK_TO_GROUP_INITIAL_WEALTH_NOT_PORTFOLIO_STATE,0.00047178361684630378
llama_memory_pooled,MONTH,2021-07,31,2021-07-01,2021-07-31,31,False,0.074506717764170907,0.071861689071736887,,23.181190023140928,0.0023991603528869584,0.012758349520647194,0.24383138637147841,,3.5938495528911276,0.0070000082703258583,6.5502192211370351,0.064593456704160113,,0.017788531194613755,0.19108407528761018,0.006164002428632586,31,0.00019108407528761016,6.1640024286325859e-06,0.40000000000000013,365_25_CALENDAR_DAYS_PER_YEAR,NOT_APPLICABLE_REQUIRES_365_CALENDAR_DAYS_AND_CONTIGUOUS_DAILY_RECORDS,RESET_REPORTING_HIGH_WATER_MARK_TO_GROUP_INITIAL_WEALTH_NOT_PORTFOLIO_STATE,0.00021505594710134526
llama_memory_pooled,MONTH,2021-08,31,2021-08-01,2021-08-31,31,False,0.060193348649214364,0.058451295876369706,,18.85525673431281,0.0019966181699467844,0.015076263539144524,0.28813023456539577,,2.5310248598973204,0.0082964633034053482,4.5993571497237786,0.033506805157894684,,0.020781225475239477,0.30510128228779887,0.0098419768479935128,31,0.00030510128228779883,9.8419768479935107e-06,0.45645161290322583,365_25_CALENDAR_DAYS_PER_YEAR,NOT_APPLICABLE_REQUIRES_365_CALENDAR_DAYS_AND_CONTIGUOUS_DAILY_RECORDS,RESET_REPORTING_HIGH_WATER_MARK_TO_GROUP_INITIAL_WEALTH_NOT_PORTFOLIO_STATE,0.00038476715343552427
llama_memory_pooled,MONTH,2021-09,30,2021-09-01,2021-09-30,30,False,-0.026979290462323176,-0.027349912811253405,,-9.1166376037511352,-0.00074139908156601133,0.018622867240062457,0.35591120387537972,,-0.76085273965357747,0.014852555507103462,-0.953994721853065,0.11181589344348757,,0.051165245958094858,0.20117418009703464,0.0067058060032344881,30,0.00020117418009703465,6.7058060032344885e-06,0.4616666666666665,365_25_CALENDAR_DAYS_PER_YEAR,NOT_APPLICABLE_REQUIRES_365_CALENDAR_DAYS_AND_CONTIGUOUS_DAILY_RECORDS,RESET_REPORTING_HIGH_WATER_MARK_TO_GROUP_INITIAL_WEALTH_NOT_PORTFOLIO_STATE,0.00025524742013769282
llama_memory_pooled,MONTH,2021-10,31,2021-10-01,2021-10-31,31,False,0.17139639617327265,0.15819653815632531,,51.031141340750104,0.0052402794692116908,0.016090414691187233,0.30751219937147223,,6.2241825854117065,0.0075938480632499316,13.188264774167642,0.052207236284951608,,0.023569459858362958,0.38276777356531161,0.012347347534364891,31,0.00038276777356531169,1.2347347534364894e-05,0.46290322580645143,365_25_CALENDAR_DAYS_PER_YEAR,NOT_APPLICABLE_REQUIRES_365_CALENDAR_DAYS_AND_CONTIGUOUS_DAILY_RECORDS,RESET_REPORTING_HIGH_WATER_MARK_TO_GROUP_INITIAL_WEALTH_NOT_PORTFOLIO_STATE,0.00054194872966446741
llama_memory_pooled,MONTH,2021-11,30,2021-11-01,2021-11-30,30,False,-0.030884364183615069,-0.031371339003422719,,-10.457113001140906,-0.0009238179936281103,0.015789814007114725,0.3017672649328132,,-1.118161448849639,0.0121906365346392,-1.4482887138086808,0.1004385825902883,,0.038861265164774242,0.33091523481948854,0.011030507827316285,30,0.00033091523481948855,1.1030507827316285e-05,0.47499999999999998,365_25_CALENDAR_DAYS_PER_YEAR,NOT_APPLICABLE_REQUIRES_365_CALENDAR_DAYS_AND_CONTIGUOUS_DAILY_RECORDS,RESET_REPORTING_HIGH_WATER_MARK_TO_GROUP_INITIAL_WEALTH_NOT_PORTFOLIO_STATE,0.0004838939708657032
llama_memory_pooled,MONTH,2021-12,31,2021-12-01,2021-12-31,31,False,-0.092141189432704274,-0.096666407441378596,,-31.182712077864064,-0.0030030117902368186,0.015030698863186696,0.28725942458402753,,-3.8183257450032015,0.01306248489670492,-4.3936590081090596,0.096140341566888873,,0.037461086844389764,0.1894879564777423,0.0061125147250884618,31,0.00018948795647774232,6.1125147250884619e-06,0.45645161290322567,365_25_CALENDAR_DAYS_PER_YEAR,NOT_APPLICABLE_REQUIRES_365_CALENDAR_DAYS_AND_CONTIGUOUS_DAILY_RECORDS,RESET_REPORTING_HIGH_WATER_MARK_TO_GROUP_INITIAL_WEALTH_NOT_PORTFOLIO_STATE,0.00025105961858081036
llama_memory_pooled,MONTH,2022-01,31,2022-01-01,2022-01-31,31,False,-0.076225804217901941,-0.079287614064544404,,-25.576649698240132,-0.0024787294114835376,0.012410036441691237,0.23717459578930278,,-3.8172550248537034,0.011210039591450661,-4.2258792735925681,0.12723327021192313,,0.038640878987419636,0.14893017360647809,0.0048041991485960672,31,0.00014893017360647807,4.8041991485960668e-06,0.44999999999999984,365_25_CALENDAR_DAYS_PER_YEAR,NOT_APPLICABLE_REQUIRES_365_CALENDAR_DAYS_AND_CONTIGUOUS_DAILY_RECORDS,RESET_REPORTING_HIGH_WATER_MARK_TO_GROUP_INITIAL_WEALTH_NOT_PORTFOLIO_STATE,0.00018164610507099448
llama_memory_pooled,MONTH,2022-02,28,2022-02-01,2022-02-28,28,False,0.059756093482595467,0.05803878115867929,,20.728136128099749,0.002270683664778696,0.020340854120573897,0.38874453566059219,,2.1334504603417197,0.010285716091415903,4.219074705308957,0.078840441091806393,,0.030442947547441201,0.17658593740111156,0.0063066406214682697,28,0.00017658593740111159,6.3066406214682709e-06,0.4499999999999999,365_25_CALENDAR_DAYS_PER_YEAR,NOT_APPLICABLE_REQUIRES_365_CALENDAR_DAYS_AND_CONTIGUOUS_DAILY_RECORDS,RESET_REPORTING_HIGH_WATER_MARK_TO_GROUP_INITIAL_WEALTH_NOT_PORTFOLIO_STATE,0.00021548469588749284
llama_memory_pooled,MONTH,2022-03,31,2022-03-01,2022-03-31,31,False,0.029202830892216761,0.028784551997083879,,9.285339353898026,0.0010372005356233053,0.014961667217193563,0.28594012525626022,,1.3248839955459109,0.0098163240387905207,2.0193377240209793,0.067905196088367176,,0.032282133073633174,0.26004877692763489,0.0083886702234720941,31,0.00026004877692763494,8.3886702234720954e-06,0.45967741935483869,365_25_CALENDAR_DAYS_PER_YEAR,NOT_APPLICABLE_REQUIRES_365_CALENDAR_DAYS_AND_CONTIGUOUS_DAILY_RECORDS,RESET_REPORTING_HIGH_WATER_MARK_TO_GROUP_INITIAL_WEALTH_NOT_PORTFOLIO_STATE,0.00032580826084294709
llama_memory_pooled,MONTH,2022-04,30,2022-04-01,2022-04-30,30,False,-0.085073206010885583,-0.088911223476585879,,-29.637074492195296,-0.0028902079368159804,0.011909476930322037,0.22760814525265136,,-4.6380082213237035,0.010663476309705445,-5.1799479185061719,0.09601842274858334,,0.02951411460742074,0.30886286256198514,0.010295428752066172,30,0.00030886286256198508,1.0295428752066169e-05,0.46833333333333316,365_25_CALENDAR_DAYS_PER_YEAR,NOT_APPLICABLE_REQUIRES_365_CALENDAR_DAYS_AND_CONTIGUOUS_DAILY_RECORDS,RESET_REPORTING_HIGH_WATER_MARK_TO_GROUP_INITIAL_WEALTH_NOT_PORTFOLIO_STATE,0.00038389664033574824
llama_memory_pooled,MONTH,2022-05,31,2022-05-01,2022-05-31,31,False,-0.067156735998763387,-0.069518083671116726,,-22.425188281005397,-0.0020674022509490067,0.018801125931178438,0.35931799749842902,,-2.1015331194547975,0.015166076296312501,-2.605234739391276,0.13235312609977459,,0.046456841971724436,0.25361751412105921,0.0081812101329373933,31,0.00025361751412105924,8.181210132937394e-06,0.44999999999999984,365_25_CALENDAR_DAYS_PER_YEAR,NOT_APPLICABLE_REQUIRES_365_CALENDAR_DAYS_AND_CONTIGUOUS_DAILY_RECORDS,RESET_REPORTING_HIGH_WATER_MARK_TO_GROUP_INITIAL_WEALTH_NOT_PORTFOLIO_STATE,0.00028053909877386285
llama_memory_pooled,MONTH,2022-06,30,2022-06-01,2022-06-30,30,False,-0.1653124052213224,-0.18069776212796895,,-60.232587375989652,-0.0058503123358535176,0.017736459133944921,0.33897060218894848,,-6.3038699134132896,0.016679922395881827,-6.7031685430721497,0.18041584391511617,,0.054629210564630576,0.24950195584329316,0.0083167318614431052,30,0.00024950195584329314,8.3167318614431047e-06,0.37833333333333324,365_25_CALENDAR_DAYS_PER_YEAR,NOT_APPLICABLE_REQUIRES_365_CALENDAR_DAYS_AND_CONTIGUOUS_DAILY_RECORDS,RESET_REPORTING_HIGH_WATER_MARK_TO_GROUP_INITIAL_WEALTH_NOT_PORTFOLIO_STATE,0.0002482073893178564
llama_memory_pooled,MONTH,2022-07,31,2022-07-01,2022-07-31,31,False,0.067730830885119747,0.065535677766409492,,21.140541214970803,0.0021943745024240154,0.01275175092362542,0.24370527718648374,,3.2887892140188075,0.0065672789252760357,6.3858747853793831,0.038267974188544496,,0.019900908697312588,0.20255664600306644,0.0065340853549376273,31,0.00020255664600306639,6.5340853549376255e-06,0.37903225806451618,365_25_CALENDAR_DAYS_PER_YEAR,NOT_APPLICABLE_REQUIRES_365_CALENDAR_DAYS_AND_CONTIGUOUS_DAILY_RECORDS,RESET_REPORTING_HIGH_WATER_MARK_TO_GROUP_INITIAL_WEALTH_NOT_PORTFOLIO_STATE,0.00019304683784107066
llama_memory_pooled,MONTH,2022-08,31,2022-08-01,2022-08-31,31,False,-0.055849125805911712,-0.057469301249044043,,-18.538484273885175,-0.0017928948757963083,0.010994869999895256,0.21012862131657944,,-3.1164476751503463,0.0095297275051357891,-3.5955841372471244,0.083588066211157594,,0.035043882132115976,0.14161708361335812,0.0045682930197857461,31,0.00014161708361335812,4.568293019785746e-06,0.40000000000000013,365_25_CALENDAR_DAYS_PER_YEAR,NOT_APPLICABLE_REQUIRES_365_CALENDAR_DAYS_AND_CONTIGUOUS_DAILY_RECORDS,RESET_REPORTING_HIGH_WATER_MARK_TO_GROUP_INITIAL_WEALTH_NOT_PORTFOLIO_STATE,0.00013675954876789402
llama_memory_pooled,MONTH,2022-09,30,2022-09-01,2022-09-30,30,False,-0.0090156419555348193,-0.0090565287883574604,,-3.0188429294524868,-0.00021334974610007034,0.013536715741889438,0.25870714397030281,,-0.30121315386634961,0.0094207893270707461,-0.43281265508084538,0.072229950018510791,,0.033217941554367143,0.25740893867484571,0.0085802979558281898,30,0.00025740893867484568,8.58029795582819e-06,0.39833333333333343,365_25_CALENDAR_DAYS_PER_YEAR,NOT_APPLICABLE_REQUIRES_365_CALENDAR_DAYS_AND_CONTIGUOUS_DAILY_RECORDS,RESET_REPORTING_HIGH_WATER_MARK_TO_GROUP_INITIAL_WEALTH_NOT_PORTFOLIO_STATE,0.00024055650574909113
llama_memory_pooled,MONTH,2022-10,31,2022-10-01,2022-10-31,31,False,0.023879923584907984,0.023599257617462351,,7.6126637475685,0.00078363313049779936,0.0067692496456801914,0.12937061515125448,,2.212418952941384,0.0035063646510850918,4.2712089881067987,0.023414557768635519,,0.010076994393480081,0.46852715760250674,0.015113779277500218,31,0.00046852715760250672,1.5113779277500216e-05,0.38548387096774189,365_25_CALENDAR_DAYS_PER_YEAR,NOT_APPLICABLE_REQUIRES_365_CALENDAR_DAYS_AND_CONTIGUOUS_DAILY_RECORDS,RESET_REPORTING_HIGH_WATER_MARK_TO_GROUP_INITIAL_WEALTH_NOT_PORTFOLIO_STATE,0.0004374770859532561
llama_memory_pooled,MONTH,2022-11,30,2022-11-01,2022-11-30,30,False,-0.091940847183076727,-0.096445756228625543,,-32.148585409541845,-0.0030318469570754423,0.018939241787606868,0.36195760074008093,,-3.0594249127731623,0.016646381905689039,-3.480827754782942,0.13341799852766831,,0.064212303695258904,0.35277618244537368,0.011759206081512456,30,0.00035277618244537365,1.1759206081512454e-05,0.39166666666666666,365_25_CALENDAR_DAYS_PER_YEAR,NOT_APPLICABLE_REQUIRES_365_CALENDAR_DAYS_AND_CONTIGUOUS_DAILY_RECORDS,RESET_REPORTING_HIGH_WATER_MARK_TO_GROUP_INITIAL_WEALTH_NOT_PORTFOLIO_STATE,0.00031269759376325982
llama_memory_pooled,MONTH,2022-12,31,2022-12-01,2022-12-31,31,False,-0.018681889230897166,-0.018858600045670314,,-6.083419369571069,-0.00059127199186536478,0.0058994443482843729,0.11274731829032006,,-1.9154521659905939,0.0045880463949455911,-2.4629444609607689,0.033755522122415574,,0.016107041695556094,0.55195058535374764,0.017804857592056376,31,0.00055195058535374751,1.7804857592056371e-05,0.37419354838709679,365_25_CALENDAR_DAYS_PER_YEAR,NOT_APPLICABLE_REQUIRES_365_CALENDAR_DAYS_AND_CONTIGUOUS_DAILY_RECORDS,RESET_REPORTING_HIGH_WATER_MARK_TO_GROUP_INITIAL_WEALTH_NOT_PORTFOLIO_STATE,0.00047084965165833663
llama_memory_pooled,MONTH,2023-01,31,2023-01-01,2023-01-31,31,False,0.17068387661538184,0.1575880879779509,,50.834867089661586,0.005152329798852438,0.010810096888043741,0.20659732724488028,,9.1089680787605065,0.0037775565653673194,26.066804236437392,0.017453905702002781,,0.014784890235190366,0.29635872789794337,0.009559958964449786,31,0.00029635872789794346,9.5599589644497895e-06,0.45161290322580633,365_25_CALENDAR_DAYS_PER_YEAR,NOT_APPLICABLE_REQUIRES_365_CALENDAR_DAYS_AND_CONTIGUOUS_DAILY_RECORDS,RESET_REPORTING_HIGH_WATER_MARK_TO_GROUP_INITIAL_WEALTH_NOT_PORTFOLIO_STATE,0.00026827775314109336
llama_memory_pooled,MONTH,2023-02,28,2023-02-01,2023-02-28,28,False,0.0084393438723911873,0.008403931707359754,,3.0014041811999124,0.00037890221471836453,0.012870498660185496,0.24597472631758496,,0.56263517800279261,0.00673170823073602,1.0757143738932404,0.040230267184264798,,0.020594310840942806,0.32306155375019652,0.011537912633935591,28,0.00032306155375019655,1.1537912633935592e-05,0.45714285714285713,365_25_CALENDAR_DAYS_PER_YEAR,NOT_APPLICABLE_REQUIRES_365_CALENDAR_DAYS_AND_CONTIGUOUS_DAILY_RECORDS,RESET_REPORTING_HIGH_WATER_MARK_TO_GROUP_INITIAL_WEALTH_NOT_PORTFOLIO_STATE,0.00032231424084450756
llama_memory_pooled,MONTH,2023-03,31,2023-03-01,2023-03-31,31,False,0.10638417393770559,0.10109719716063453,,32.611999084075656,0.0034141278817300578,0.017575933573227957,0.3359027155509211,,3.7124147887779224,0.0086982608336197628,7.5014025184936379,0.073727858425194442,,0.027623854895408362,0.51832443221687385,0.016720142974737867,31,0.00051832443221687396,1.672014297473787e-05,0.46935483870967726,365_25_CALENDAR_DAYS_PER_YEAR,NOT_APPLICABLE_REQUIRES_365_CALENDAR_DAYS_AND_CONTIGUOUS_DAILY_RECORDS,RESET_REPORTING_HIGH_WATER_MARK_TO_GROUP_INITIAL_WEALTH_NOT_PORTFOLIO_STATE,0.00052643525867373544
llama_memory_pooled,MONTH,2023-04,30,2023-04-01,2023-04-30,30,False,0.013800230318067099,0.013705874239028618,,4.5686247463428726,0.00049900198414889834,0.0093244812153081055,0.17820496124862789,,1.022757578876264,0.006188004384716673,1.541156605447747,0.048108035812802326,,0.02067688064919004,0.19862725856025953,0.0066209086186753176,30,0.00019862725856025951,6.6209086186753175e-06,0.45166666666666655,365_25_CALENDAR_DAYS_PER_YEAR,NOT_APPLICABLE_REQUIRES_365_CALENDAR_DAYS_AND_CONTIGUOUS_DAILY_RECORDS,RESET_REPORTING_HIGH_WATER_MARK_TO_GROUP_INITIAL_WEALTH_NOT_PORTFOLIO_STATE,0.00022007343122900746
llama_memory_pooled,MONTH,2023-05,31,2023-05-01,2023-05-31,31,False,-0.031144336633361452,-0.031639632400146819,,-10.206333032305427,-0.00098453141366515408,0.0085759601768450062,0.163899590303796,,-2.1940268317612075,0.0064885420733645852,-2.899863563088017,0.051965546392526131,,0.017473875054377808,0.24151417088489474,0.0077907797059643463,31,0.0002415141708848948,7.7907797059643474e-06,0.48709677419354835,365_25_CALENDAR_DAYS_PER_YEAR,NOT_APPLICABLE_REQUIRES_365_CALENDAR_DAYS_AND_CONTIGUOUS_DAILY_RECORDS,RESET_REPORTING_HIGH_WATER_MARK_TO_GROUP_INITIAL_WEALTH_NOT_PORTFOLIO_STATE,0.00026553211767701366
llama_memory_pooled,MONTH,2023-06,30,2023-06-01,2023-06-30,30,False,0.057918782913654134,0.056303565757648909,,18.767855252549637,0.0019523688971186763,0.012391021441010331,0.23681119032134812,,3.0112712946754332,0.0069814591788509382,5.3445456345364537,0.039050622747778839,,0.022335730535817271,0.271466513551122,0.0090488837850374003,30,0.00027146651355112203,9.0488837850374006e-06,0.48333333333333323,365_25_CALENDAR_DAYS_PER_YEAR,NOT_APPLICABLE_REQUIRES_365_CALENDAR_DAYS_AND_CONTIGUOUS_DAILY_RECORDS,RESET_REPORTING_HIGH_WATER_MARK_TO_GROUP_INITIAL_WEALTH_NOT_PORTFOLIO_STATE,0.00029572224357852649
llama_memory_pooled,MONTH,2023-07,31,2023-07-01,2023-07-31,31,False,-0.017964754652422688,-0.018128079879106865,,-5.8477677029376984,-0.00056798234439849808,0.0058571260438464064,0.111938551386474,,-1.8532985171060479,0.0044879255583961629,-2.4187128040160673,0.033121368655401162,,0.015422893701310647,0.065261657708658549,0.0021052147647954373,31,6.5261657708658543e-05,2.1052147647954367e-06,0.44999999999999984,365_25_CALENDAR_DAYS_PER_YEAR,NOT_APPLICABLE_REQUIRES_365_CALENDAR_DAYS_AND_CONTIGUOUS_DAILY_RECORDS,RESET_REPORTING_HIGH_WATER_MARK_TO_GROUP_INITIAL_WEALTH_NOT_PORTFOLIO_STATE,7.463908466136047e-05
llama_memory_pooled,MONTH,2023-08,31,2023-08-01,2023-08-31,31,False,-0.050780036416115476,-0.052114722631706051,,-16.811200848937435,-0.0016347468159651651,0.0096155504413425377,0.18376773508541555,,-3.2491627230087339,0.007828275617838382,-3.9909795695015817,0.058744171612818141,,0.029096239867837936,0.081358255549028313,0.002624459856420268,31,8.1358255549028312e-05,2.6244598564202682e-06,0.44999999999999984,365_25_CALENDAR_DAYS_PER_YEAR,NOT_APPLICABLE_REQUIRES_365_CALENDAR_DAYS_AND_CONTIGUOUS_DAILY_RECORDS,RESET_REPORTING_HIGH_WATER_MARK_TO_GROUP_INITIAL_WEALTH_NOT_PORTFOLIO_STATE,8.941631447728941e-05
llama_memory_pooled,MONTH,2023-09,30,2023-09-01,2023-09-30,30,False,0.018028673336405784,0.017868084073912396,,5.9560280246374662,0.00060907999433531537,0.0052480664340590084,0.10029849960728435,,2.2180438271961638,0.0032118882369565364,3.6241738503983592,0.018690498229485378,,0.010892456406811912,0.072200604463639018,0.0024066868154546338,30,7.220060446363902e-05,2.4066868154546338e-06,0.4499999999999999,365_25_CALENDAR_DAYS_PER_YEAR,NOT_APPLICABLE_REQUIRES_365_CALENDAR_DAYS_AND_CONTIGUOUS_DAILY_RECORDS,RESET_REPORTING_HIGH_WATER_MARK_TO_GROUP_INITIAL_WEALTH_NOT_PORTFOLIO_STATE,7.7536620283380077e-05
llama_memory_pooled,MONTH,2023-10,31,2023-10-01,2023-10-31,31,False,0.12182199155720172,0.11495414171274965,,37.081981197661179,0.0037682688554168337,0.01058376143788305,0.20227171392723428,,6.8045114797224366,0.0028301544162083968,25.446429986389795,0.019597840980703326,,0.0081347156695777741,0.11258257119346143,0.0036316958449503687,31,0.00011258257119346143,3.6316958449503685e-06,0.44999999999999984,365_25_CALENDAR_DAYS_PER_YEAR,NOT_APPLICABLE_REQUIRES_365_CALENDAR_DAYS_AND_CONTIGUOUS_DAILY_RECORDS,RESET_REPORTING_HIGH_WATER_MARK_TO_GROUP_INITIAL_WEALTH_NOT_PORTFOLIO_STATE,0.00012901042287106592
llama_memory_pooled,MONTH,2023-11,30,2023-11-01,2023-11-30,30,False,0.040558483023482729,0.039757571926013167,,13.252523975337722,0.001373688562552396,0.0099356313025353079,0.18988496521845952,,2.6423353049306422,0.0059561575992092327,4.4077526375307077,0.024330500546846105,,0.020154426951927967,0.11171914542750899,0.0037239715142502999,30,0.000111719145427509,3.7239715142503e-06,0.4499999999999999,365_25_CALENDAR_DAYS_PER_YEAR,NOT_APPLICABLE_REQUIRES_365_CALENDAR_DAYS_AND_CONTIGUOUS_DAILY_RECORDS,RESET_REPORTING_HIGH_WATER_MARK_TO_GROUP_INITIAL_WEALTH_NOT_PORTFOLIO_STATE,0.00013989957688591084
llama_memory_pooled,MONTH,2023-12,31,2023-12-01,2023-12-31,31,False,0.059416898659592925,0.057718661161721141,,18.618922955393916,0.001929645883819415,0.011685856822633874,0.22333442624300173,,3.1558195971908583,0.0071131774291970842,5.1845263720628454,0.033172801594263314,,0.023196675374663574,0.17818067711122576,0.0057477637777814759,31,0.00017818067711122576,5.7477637777814765e-06,0.49838709677419352,365_25_CALENDAR_DAYS_PER_YEAR,NOT_APPLICABLE_REQUIRES_365_CALENDAR_DAYS_AND_CONTIGUOUS_DAILY_RECORDS,RESET_REPORTING_HIGH_WATER_MARK_TO_GROUP_INITIAL_WEALTH_NOT_PORTFOLIO_STATE,0.00023742400540256289
llama_memory_pooled,MONTH,2024-01,31,2024-01-01,2024-01-31,31,False,0.0034844241760625563,0.003478367635104051,,1.1220540758400164,0.00020265983514381004,0.013647932835537868,0.26083267110754083,,0.28378923726068683,0.0098127095612575918,0.39470611306730607,0.07730643237955398,,0.032767753304297098,0.22729717956795203,0.0073321670828371622,31,0.00022729717956795204,7.3321670828371621e-06,0.46774193548387077,365_25_CALENDAR_DAYS_PER_YEAR,NOT_APPLICABLE_REQUIRES_365_CALENDAR_DAYS_AND_CONTIGUOUS_DAILY_RECORDS,RESET_REPORTING_HIGH_WATER_MARK_TO_GROUP_INITIAL_WEALTH_NOT_PORTFOLIO_STATE,0.00031040242886383489
llama_memory_pooled,MONTH,2024-02,29,2024-02-01,2024-02-29,29,False,0.19539319890162712,0.17847516800052135,,61.543161379490122,0.0062443229594291655,0.012239280142561535,0.23391118424213694,,9.7504485231050726,0.0028964920388144743,41.201035387189691,0.01464812406320502,,0.0089363899135741654,0.16004398749121507,0.0055187581893522434,29,0.00016004398749121506,5.5187581893522432e-06,0.48448275862068968,365_25_CALENDAR_DAYS_PER_YEAR,NOT_APPLICABLE_REQUIRES_365_CALENDAR_DAYS_AND_CONTIGUOUS_DAILY_RECORDS,RESET_REPORTING_HIGH_WATER_MARK_TO_GROUP_INITIAL_WEALTH_NOT_PORTFOLIO_STATE,0.00023578590201377793
llama_memory_pooled,MONTH,2024-03,31,2024-03-01,2024-03-31,31,False,0.089047192633942229,0.085303178763869905,,27.517154439958034,0.0029337283217154135,0.019212941027033144,0.36718840781979972,,2.9182410083937689,0.01190406006020007,4.7099890384791019,0.074055708806473219,,0.038102797630046981,0.31302870207192568,0.010097700066836312,31,0.00031302870207192563,1.009770006683631e-05,0.49838709677419352,365_25_CALENDAR_DAYS_PER_YEAR,NOT_APPLICABLE_REQUIRES_365_CALENDAR_DAYS_AND_CONTIGUOUS_DAILY_RECORDS,RESET_REPORTING_HIGH_WATER_MARK_TO_GROUP_INITIAL_WEALTH_NOT_PORTFOLIO_STATE,0.00053064768711126467
llama_memory_pooled,MONTH,2024-04,30,2024-04-01,2024-04-30,30,False,-0.070980847288838841,-0.073625923899479251,,-24.54197463315975,-0.0023703304223102665,0.012899180458400817,0.2465228789302055,,-3.5118979240621955,0.010865605055472271,-4.1691746426165759,0.071933617219063592,,0.027722865058282135,0.39063594560122333,0.013021198186707444,30,0.00039063594560122332,1.3021198186707444e-05,0.45999999999999985,365_25_CALENDAR_DAYS_PER_YEAR,NOT_APPLICABLE_REQUIRES_365_CALENDAR_DAYS_AND_CONTIGUOUS_DAILY_RECORDS,RESET_REPORTING_HIGH_WATER_MARK_TO_GROUP_INITIAL_WEALTH_NOT_PORTFOLIO_STATE,0.00066752981552177537
llama_memory_pooled,MONTH,2024-05,31,2024-05-01,2024-05-31,31,False,0.052327457536884579,0.051004337303513524,,16.45301203339146,0.0017251127774216646,0.012806121477833349,0.24474438084082795,,2.5745123944768045,0.0060936457672046531,5.4104750635975556,0.024721274867308664,,0.016953903775644832,0.16904752387773675,0.0054531459315398951,31,0.00016904752387773671,5.4531459315398939e-06,0.44999999999999984,365_25_CALENDAR_DAYS_PER_YEAR,NOT_APPLICABLE_REQUIRES_365_CALENDAR_DAYS_AND_CONTIGUOUS_DAILY_RECORDS,RESET_REPORTING_HIGH_WATER_MARK_TO_GROUP_INITIAL_WEALTH_NOT_PORTFOLIO_STATE,0.00028482555876379023
llama_memory_pooled,MONTH,2024-06,30,2024-06-01,2024-06-30,30,False,-0.031507872453509722,-0.032014924669423628,,-10.671641556474544,-0.0010378866068555092,0.0076958179695713396,0.1470787394361906,,-2.5774499061330358,0.0061811687111911137,-3.2090347683563314,0.070832315369679558,,0.018571377880591929,0.092404477844595156,0.0030801492614865051,30,9.2404477844595156e-05,3.080149261486505e-06,0.4499999999999999,365_25_CALENDAR_DAYS_PER_YEAR,NOT_APPLICABLE_REQUIRES_365_CALENDAR_DAYS_AND_CONTIGUOUS_DAILY_RECORDS,RESET_REPORTING_HIGH_WATER_MARK_TO_GROUP_INITIAL_WEALTH_NOT_PORTFOLIO_STATE,0.00015619851152897006
llama_memory_pooled,MONTH,2024-07,31,2024-07-01,2024-07-31,31,False,0.013443622448013334,0.013354058769719955,,4.3077608934580498,0.00048708679325676531,0.010792252871091413,0.20625630104984768,,0.86256007855991224,0.0069323130115762441,1.3428370110787031,0.050238696935574083,,0.021152040492552482,0.20476203451084429,0.0066052269197046549,31,0.00020476203451084431,6.605226919704655e-06,0.43548387096774183,365_25_CALENDAR_DAYS_PER_YEAR,NOT_APPLICABLE_REQUIRES_365_CALENDAR_DAYS_AND_CONTIGUOUS_DAILY_RECORDS,RESET_REPORTING_HIGH_WATER_MARK_TO_GROUP_INITIAL_WEALTH_NOT_PORTFOLIO_STATE,0.00033624930749756051
llama_memory_pooled,MONTH,2024-08,31,2024-08-01,2024-08-31,31,False,-0.046175024635322949,-0.047275088343750826,,-15.250028497984138,-0.0014108224175068389,0.015325708612631122,0.29289750779249635,,-1.7593283462126279,0.010639608443792166,-2.534205439085389,0.08131944840778399,,0.030305774779117507,0.28240839135795492,0.009109948108321126,31,0.00028240839135795494,9.1099481083211265e-06,0.41935483870967744,365_25_CALENDAR_DAYS_PER_YEAR,NOT_APPLICABLE_REQUIRES_365_CALENDAR_DAYS_AND_CONTIGUOUS_DAILY_RECORDS,RESET_REPORTING_HIGH_WATER_MARK_TO_GROUP_INITIAL_WEALTH_NOT_PORTFOLIO_STATE,0.00045783691542146919
llama_memory_pooled,MONTH,2024-09,30,2024-09-01,2024-09-30,30,False,0.036322472884012837,0.035678362666247868,,11.892787555415957,0.0012352502877066055,0.0096822295844122119,0.18504207451861804,,2.4382301633753167,0.0060990153186885939,3.8707074811077509,0.037120457578906675,,0.015733098806320973,0.24771986633298149,0.0082573288777660504,30,0.00024771986633298146,8.2573288777660483e-06,0.43833333333333319,365_25_CALENDAR_DAYS_PER_YEAR,NOT_APPLICABLE_REQUIRES_365_CALENDAR_DAYS_AND_CONTIGUOUS_DAILY_RECORDS,RESET_REPORTING_HIGH_WATER_MARK_TO_GROUP_INITIAL_WEALTH_NOT_PORTFOLIO_STATE,0.00039588571594469677
llama_memory_pooled,MONTH,2024-10,31,2024-10-01,2024-10-31,31,False,0.046026394258068447,0.044998598840689165,,14.515677045383601,0.0014960906427001872,0.0094863541485479402,0.18129859821663943,,3.0140724342130674,0.0057535185669215175,4.9695778692202737,0.021441039278945875,,0.0170550865524557,0.38040478742101158,0.012271122174871342,31,0.00038040478742101157,1.2271122174871341e-05,0.47580645161290319,365_25_CALENDAR_DAYS_PER_YEAR,NOT_APPLICABLE_REQUIRES_365_CALENDAR_DAYS_AND_CONTIGUOUS_DAILY_RECORDS,RESET_REPORTING_HIGH_WATER_MARK_TO_GROUP_INITIAL_WEALTH_NOT_PORTFOLIO_STATE,0.00065489684807572442
llama_memory_pooled,MONTH,2024-11,30,2024-11-01,2024-11-30,30,False,0.19435378241680373,0.17760527126375839,,59.201757087919461,0.0060853784712251967,0.017634137934924098,0.33701508907402217,,6.5952076291955324,0.0067595627410306841,17.205373409251681,0.038954389203227573,,0.02458128138447431,0.35528964057410778,0.011842988019136925,30,0.00035528964057410776,1.1842988019136926e-05,0.53666666666666685,365_25_CALENDAR_DAYS_PER_YEAR,NOT_APPLICABLE_REQUIRES_365_CALENDAR_DAYS_AND_CONTIGUOUS_DAILY_RECORDS,RESET_REPORTING_HIGH_WATER_MARK_TO_GROUP_INITIAL_WEALTH_NOT_PORTFOLIO_STATE,0.00065351043917373595
llama_memory_pooled,MONTH,2024-12,31,2024-12-01,2024-12-31,31,False,-0.021460306872687882,-0.021693927687904482,,-6.9980411896466066,-0.00063026705201559951,0.01195144026320448,0.2284101281123414,,-1.0078582882956639,0.0088860441451374395,-1.3555366065711618,0.070520700143388348,,0.027113367867596733,0.75987042805229699,0.024511949292009581,31,0.00075987042805229711,2.4511949292009583e-05,0.51774193548387104,365_25_CALENDAR_DAYS_PER_YEAR,NOT_APPLICABLE_REQUIRES_365_CALENDAR_DAYS_AND_CONTIGUOUS_DAILY_RECORDS,RESET_REPORTING_HIGH_WATER_MARK_TO_GROUP_INITIAL_WEALTH_NOT_PORTFOLIO_STATE,0.0015860459706893504
llama_memory_pooled,MONTH,2025-01,31,2025-01-01,2025-01-31,31,False,0.035905485509149168,0.035275909472039207,,11.379325636141681,0.0012005306317709572,0.011305219329699403,0.21605986714294129,,2.0295014481529905,0.0076048415407050539,3.0170199968670164,0.04870410492679101,,0.024522046574577409,0.92880199124410323,0.029961354556261394,31,0.00092880199124410344,2.9961354556261402e-05,0.50161290322580665,365_25_CALENDAR_DAYS_PER_YEAR,NOT_APPLICABLE_REQUIRES_365_CALENDAR_DAYS_AND_CONTIGUOUS_DAILY_RECORDS,RESET_REPORTING_HIGH_WATER_MARK_TO_GROUP_INITIAL_WEALTH_NOT_PORTFOLIO_STATE,0.0019456216987236406
llama_memory_pooled,MONTH,2025-02,28,2025-02-01,2025-02-28,28,False,-0.081634431422198117,-0.085159744779686367,,-30.414194564173702,-0.00299834676538141,0.0089102140601963597,0.17028768836034433,,-6.4311528719453293,0.0082048601942333824,-6.984025003028532,0.082361376309612891,,0.021639166868507861,0.23532884450515251,0.0084046015894697328,28,0.00023532884450515248,8.404601589469732e-06,0.44821428571428573,365_25_CALENDAR_DAYS_PER_YEAR,NOT_APPLICABLE_REQUIRES_365_CALENDAR_DAYS_AND_CONTIGUOUS_DAILY_RECORDS,RESET_REPORTING_HIGH_WATER_MARK_TO_GROUP_INITIAL_WEALTH_NOT_PORTFOLIO_STATE,0.00048245737240995492
llama_memory_pooled,MONTH,2025-03,31,2025-03-01,2025-03-31,31,False,-0.0045318518033837943,-0.0045421517741757551,,-1.4652102497341146,-5.1250015246410761e-05,0.014040260403128195,0.26833064524302658,,-0.069761200968296799,0.0095545808842575353,-0.10251265225496679,0.068506542802352022,,0.031170634842432463,0.18651070843823492,0.0060164744657495136,31,0.00018651070843823494,6.016474465749514e-06,0.40000000000000013,365_25_CALENDAR_DAYS_PER_YEAR,NOT_APPLICABLE_REQUIRES_365_CALENDAR_DAYS_AND_CONTIGUOUS_DAILY_RECORDS,RESET_REPORTING_HIGH_WATER_MARK_TO_GROUP_INITIAL_WEALTH_NOT_PORTFOLIO_STATE,0.00036482462376556847
llama_memory_pooled,MONTH,2025-04,30,2025-04-01,2025-04-30,30,False,0.057076300389798544,0.055506890082072914,,18.502296694024306,0.0019157438859652264,0.011520120985070657,0.22016696332163577,,3.178158265854762,0.006550352872269116,5.5894344085414334,0.042223692797993088,,0.021319598475017479,0.14069078335954077,0.0046896927786513592,30,0.00014069078335954082,4.6896927786513607e-06,0.40000000000000013,365_25_CALENDAR_DAYS_PER_YEAR,NOT_APPLICABLE_REQUIRES_365_CALENDAR_DAYS_AND_CONTIGUOUS_DAILY_RECORDS,RESET_REPORTING_HIGH_WATER_MARK_TO_GROUP_INITIAL_WEALTH_NOT_PORTFOLIO_STATE,0.00027426743712247198
llama_memory_pooled,MONTH,2025-05,28,2025-05-01,2025-05-28,28,False,0.066672900318547224,0.064544365169132811,,23.051558988976005,0.0023497965928582537,0.009365208781818804,0.17898332674094874,,4.795213169680788,0.0045411537625606622,9.8891547909324533,0.019651809934912223,,0.015934611582623492,0.37563923402488569,0.013415686929460203,28,0.00037563923402488577,1.3415686929460206e-05,0.48214285714285715,365_25_CALENDAR_DAYS_PER_YEAR,NOT_APPLICABLE_REQUIRES_365_CALENDAR_DAYS_AND_CONTIGUOUS_DAILY_RECORDS,RESET_REPORTING_HIGH_WATER_MARK_TO_GROUP_INITIAL_WEALTH_NOT_PORTFOLIO_STATE,0.00078066815039429943
llama_no_risk,FULL,FULL,1608,2021-01-02,2025-05-28,1608,False,1.2124192936479028,0.79408661978735373,,4.9383496255432453,0.00060431254908908352,0.014872805700561294,0.28424184706122774,0.19766427206593859,0.77653998113529699,0.0099880055429466021,1.1563197685947209,0.45557563780359334,0.43387805594458745,0.034026967727760919,14.732953007190925,0.0091622842084520678,1608,0.014732953007190928,9.1622842084520706e-06,0.45797683791353805,365_25_CALENDAR_DAYS_PER_YEAR,REPORTED,RESET_REPORTING_HIGH_WATER_MARK_TO_GROUP_INITIAL_WEALTH_NOT_PORTFOLIO_STATE,0.02137493565783103
llama_no_risk,REGIME,FULL:BEAR,503,2021-05-14,2025-04-11,1429,True,,0.021937787898829275,0.021937787898829275,0.43613892443000546,0.00016783360114689541,0.015772432933275501,,,,0.011055523066725749,,,,0.037838368539224829,3.9181709864463605,0.0077896043468118495,503,0.0039181709864463607,7.78960434681185e-06,0.41936767047459605,NOT_APPLICABLE_CONDITIONAL_SELECTION,NOT_APPLICABLE_CONDITIONAL_SELECTION,NOT_APPLICABLE_CONDITIONAL_SELECTION,0.004586420052825951
llama_no_risk,REGIME,FULL:BULL,531,2021-01-02,2025-05-28,1608,True,,0.89169893386094912,0.89169893386094912,16.79282361320055,0.0018014090825952719,0.015610719233554452,,,,0.0093476947813468693,,,,0.031259693324386294,6.8224868414710542,0.012848374466047183,531,0.0068224868414710552,1.2848374466047185e-05,0.49167358467636652,NOT_APPLICABLE_CONDITIONAL_SELECTION,NOT_APPLICABLE_CONDITIONAL_SELECTION,NOT_APPLICABLE_CONDITIONAL_SELECTION,0.011125954178568265
llama_no_risk,REGIME,FULL:MIX,574,2021-04-11,2025-05-05,1486,True,,-0.11955010197242459,-0.11955010197242459,-2.0827543897634948,-0.00012061662944204091,0.013228431038109511,,,,0.0095670256589907438,,,,0.032404142561903299,3.992295179273512,0.0069552180823580344,574,0.0039922951792735126,6.9552180823580358e-06,0.46063788092873992,NOT_APPLICABLE_CONDITIONAL_SELECTION,NOT_APPLICABLE_CONDITIONAL_SELECTION,NOT_APPLICABLE_CONDITIONAL_SELECTION,0.0056625614264368112
llama_no_risk,POST2021,POST2021,1244,2022-01-01,2025-05-28,1244,False,0.66388059036742642,0.50915257922760349,,4.0928663925048507,0.0004898248440735253,0.012696301253752281,0.24264554999707513,0.16124411693698371,0.73732456375157784,0.0085564295749721662,1.0940655446476883,0.36612706194947409,0.44040480394545534,0.029090199785126801,10.410478662614484,0.0083685519795936355,1244,0.010410478662614485,8.3685519795936382e-06,0.44952810245399505,365_25_CALENDAR_DAYS_PER_YEAR,REPORTED,RESET_REPORTING_HIGH_WATER_MARK_TO_GROUP_INITIAL_WEALTH_NOT_PORTFOLIO_STATE,0.015890943610518283
llama_no_risk,REGIME,POST2021:BEAR,380,2022-01-01,2025-04-11,1197,True,,-0.023904708336406344,-0.023904708336406344,-0.62907127201069324,3.3100135612058074e-05,0.013869581591114242,,,,0.0097930360893652025,,,,0.034103606450734812,2.7881224787183254,0.0073371644176798041,380,0.0027881224787183255,7.3371644176798039e-06,0.40535710737880554,NOT_APPLICABLE_CONDITIONAL_SELECTION,NOT_APPLICABLE_CONDITIONAL_SELECTION,NOT_APPLICABLE_CONDITIONAL_SELECTION,0.003214866114155928
llama_no_risk,REGIME,POST2021:BULL,388,2023-01-16,2025-05-28,864,True,,0.52396259947763713,0.52396259947763713,13.504190708186524,0.0014328611278635285,0.012819827027458488,,,,0.007774747562143111,,,,0.025924920953165731,4.5390632904083477,0.011698616727856567,388,0.0045390632904083478,1.1698616727856566e-05,0.48725366758389232,NOT_APPLICABLE_CONDITIONAL_SELECTION,NOT_APPLICABLE_CONDITIONAL_SELECTION,NOT_APPLICABLE_CONDITIONAL_SELECTION,0.0082444080994022936
llama_no_risk,REGIME,POST2021:MIX,476,2022-03-25,2025-05-05,1138,True,,0.0090946880863726348,0.0090946880863726348,0.19106487576413098,8.5743564882005018e-05,0.011549031079801087,,,,0.0080934228962671762,,,,0.027246205025457795,3.083292893487811,0.0064775060787559055,476,0.0030832928934878103,6.4775060787559037e-06,0.45403957064343164,NOT_APPLICABLE_CONDITIONAL_SELECTION,NOT_APPLICABLE_CONDITIONAL_SELECTION,NOT_APPLICABLE_CONDITIONAL_SELECTION,0.0044316693969600595
llama_no_risk,YEAR,2021,364,2021-01-02,2021-12-31,364,False,0.32967432065503322,0.28493404055975041,,7.8278582571360005,0.0009955837167796174,0.020665925995406023,0.39495715162493933,,0.92069975453710351,0.013801791140570291,1.37859737170795,0.28514819883380949,,0.04414547544290947,4.3224743445764418,0.011874929518067148,364,0.0043224743445764427,1.187492951806715e-05,0.48685108767087726,365_25_CALENDAR_DAYS_PER_YEAR,NOT_APPLICABLE_REQUIRES_365_CALENDAR_DAYS_AND_CONTIGUOUS_DAILY_RECORDS,RESET_REPORTING_HIGH_WATER_MARK_TO_GROUP_INITIAL_WEALTH_NOT_PORTFOLIO_STATE,0.0054839920473127466
llama_no_risk,YEAR_REGIME,2021:BEAR,123,2021-05-14,2021-12-31,232,True,,0.045842496235235654,0.045842496235235654,3.7270322142468015,0.00058408333206753102,0.020634942456959265,,,,0.014266800875498328,,,,0.044567750640738278,1.1300485077280351,0.0091873862416913428,123,0.0011300485077280352,9.1873862416913439e-06,0.46265233694939623,NOT_APPLICABLE_CONDITIONAL_SELECTION,NOT_APPLICABLE_CONDITIONAL_SELECTION,NOT_APPLICABLE_CONDITIONAL_SELECTION,0.0013715539386700236
llama_no_risk,YEAR_REGIME,2021:BULL,143,2021-01-02,2021-11-17,320,True,,0.36773633438331205,0.36773633438331205,25.715827579252593,0.0028013853513779042,0.021454136697522753,,,,0.012667104229143,,,,0.039580241169013743,2.2834235510627052,0.015967996860578357,143,0.0022834235510627056,1.5967996860578362e-05,0.50366608699720528,NOT_APPLICABLE_CONDITIONAL_SELECTION,NOT_APPLICABLE_CONDITIONAL_SELECTION,NOT_APPLICABLE_CONDITIONAL_SELECTION,0.0028815460791659715
llama_no_risk,YEAR_REGIME,2021:MIX,98,2021-04-11,2021-12-04,238,True,,-0.12864479005879731,-0.12864479005879731,-13.127019393754827,-0.0011229375733016926,0.01947660056050448,,,,0.014762541284835642,,,,0.049694479822304738,0.90900228578570164,0.0092755335284255263,98,0.00090900228578570143,9.275533528425524e-06,0.492686816600237,NOT_APPLICABLE_CONDITIONAL_SELECTION,NOT_APPLICABLE_CONDITIONAL_SELECTION,NOT_APPLICABLE_CONDITIONAL_SELECTION,0.0012308920294767513
llama_no_risk,YEAR,2022,365,2022-01-01,2022-12-31,365,False,-0.34426076359736713,-0.42199207454808713,,-11.561426699947592,-0.0010523124389666028,0.014342863395842032,0.27411384683302581,-0.34445026823714653,-1.402180600408266,0.01106189592319076,-1.8180685252871642,0.36612706194947409,-0.94079434173232745,0.038488451374627808,2.9300117594016983,0.0080274294778128717,365,0.0029300117594016988,8.0274294778128726e-06,0.41574210796448835,365_25_CALENDAR_DAYS_PER_YEAR,REPORTED,RESET_REPORTING_HIGH_WATER_MARK_TO_GROUP_INITIAL_WEALTH_NOT_PORTFOLIO_STATE,0.0031157162057900353
llama_no_risk,YEAR_REGIME,2022:BEAR,321,2022-01-01,2022-12-31,365,True,,-0.22673617676033397,-0.22673617676033397,-7.0634322978297188,-0.00060808417455867258,0.014005977109128173,,,,0.010335522398745217,,,,0.035896295205318798,2.4282812974918255,0.0075647392445228213,321,0.0024282812974918255,7.5647392445228212e-06,0.40793109945090233,NOT_APPLICABLE_CONDITIONAL_SELECTION,NOT_APPLICABLE_CONDITIONAL_SELECTION,NOT_APPLICABLE_CONDITIONAL_SELECTION,0.002572207693148212
llama_no_risk,YEAR_REGIME,2022:MIX,44,2022-03-25,2022-12-17,268,True,,-0.19525589778775318,-0.19525589778775318,-44.376340406307541,-0.0042931595497608215,0.016411996345351128,,,,0.015354324347805991,,,,0.055548482845443392,0.5017304619098728,0.0114029650434062,44,0.00050173046190987291,1.1402965043406202e-05,0.47272696552951382,NOT_APPLICABLE_CONDITIONAL_SELECTION,NOT_APPLICABLE_CONDITIONAL_SELECTION,NOT_APPLICABLE_CONDITIONAL_SELECTION,0.00054350851264182358
llama_no_risk,YEAR,2023,365,2023-01-01,2023-12-31,365,False,0.58393989750217223,0.45991534917625809,,12.600420525376935,0.0013186248305144576,0.010804188389256678,0.20648440688254877,0.58443893381877499,2.3325137554786992,0.0061610536384949718,4.0903584862930291,0.098121364852970697,5.9562862246619135,0.021073923585761392,1.7491363342654358,0.0047921543404532488,365,0.0017491363342654357,4.7921543404532486e-06,0.46658299984455864,365_25_CALENDAR_DAYS_PER_YEAR,REPORTED,RESET_REPORTING_HIGH_WATER_MARK_TO_GROUP_INITIAL_WEALTH_NOT_PORTFOLIO_STATE,0.0019557779528830894
llama_no_risk,YEAR_REGIME,2023:BEAR,1,2023-01-01,2023-01-01,1,True,,0.0018075553510668468,0.0018075553510668468,18.075553510668467,0.0018091899639764986,,,,,0,,,,-0.0018091899639764986,0.0027916108362991965,0.0027916108362991965,1,2.7916108362991966e-06,2.7916108362991966e-06,0.36994503391920397,NOT_APPLICABLE_CONDITIONAL_SELECTION,NOT_APPLICABLE_CONDITIONAL_SELECTION,NOT_APPLICABLE_CONDITIONAL_SELECTION,2.4340602698763766e-06
llama_no_risk,YEAR_REGIME,2023:BULL,180,2023-01-16,2023-12-31,350,True,,0.15540454463374473,0.15540454463374473,8.6335858129858174,0.00091891594450155148,0.010558464748428982,,,,0.0065213677002900058,,,,0.021327952400003583,0.75333840500307625,0.0041852133611282013,180,0.00075333840500307631,4.1852133611282017e-06,0.46523575064748018,NOT_APPLICABLE_CONDITIONAL_SELECTION,NOT_APPLICABLE_CONDITIONAL_SELECTION,NOT_APPLICABLE_CONDITIONAL_SELECTION,0.00089613356998781836
llama_no_risk,YEAR_REGIME,2023:MIX,184,2023-01-02,2023-10-21,293,True,,0.30270324919144642,0.30270324919144642,16.45126354301339,0.0017069782780626155,0.011082900975631582,,,,0.0058047019003530168,,,,0.020461421589929991,0.99300631842606046,0.0053967734697068503,184,0.00099300631842606031,5.3967734697068498e-06,0.46842616735216447,NOT_APPLICABLE_CONDITIONAL_SELECTION,NOT_APPLICABLE_CONDITIONAL_SELECTION,NOT_APPLICABLE_CONDITIONAL_SELECTION,0.0010572103226253945
llama_no_risk,YEAR,2024,366,2024-01-01,2024-12-31,366,False,0.50515740474679882,0.40889748060353603,,11.172062311572022,0.0012036690218519221,0.013154835770607182,0.25140883922684337,0.50389675454931004,1.748705859282585,0.0081264768822358457,2.8307394118411402,0.1264508672516825,3.9849213018553291,0.026637304624849728,3.7728104606944664,0.010308225302443897,366,0.0037728104606944662,1.0308225302443897e-05,0.4675666029174072,365_25_CALENDAR_DAYS_PER_YEAR,REPORTED,RESET_REPORTING_HIGH_WATER_MARK_TO_GROUP_INITIAL_WEALTH_NOT_PORTFOLIO_STATE,0.0067023766652097791
llama_no_risk,YEAR_REGIME,2024:BEAR,21,2024-07-05,2024-09-02,60,True,,0.12087994220340341,0.12087994220340341,57.561877239715912,0.0058460572574696879,0.012515745815322089,,,,0.0042590539033468648,,,,0.016197648686345063,0.1851002360827439,0.0088142969563211378,21,0.0001851002360827439,8.8142969563211382e-06,0.40071741141669048,NOT_APPLICABLE_CONDITIONAL_SELECTION,NOT_APPLICABLE_CONDITIONAL_SELECTION,NOT_APPLICABLE_CONDITIONAL_SELECTION,0.00030136003710957472
llama_no_risk,YEAR_REGIME,2024:BULL,153,2024-01-01,2024-12-31,366,True,,0.30033103623484603,0.30033103623484603,19.629479492473596,0.0020855550833088657,0.015633002743670313,,,,0.0093181829919399117,,,,0.031446405944236651,2.4247869265064224,0.015848280565401454,153,0.0024247869265064228,1.5848280565401456e-05,0.5046056976861627,NOT_APPLICABLE_CONDITIONAL_SELECTION,NOT_APPLICABLE_CONDITIONAL_SELECTION,NOT_APPLICABLE_CONDITIONAL_SELECTION,0.0044509796958129774
llama_no_risk,YEAR_REGIME,2024:MIX,192,2024-01-15,2024-11-05,296,True,,-0.012313497834713475,-0.012313497834713475,-0.64132801222466018,-6.8451466422730922e-06,0.010739646533991837,,,,0.007396792385723874,,,,0.023188740975864382,1.1629232981053002,0.0060568921776317716,192,0.0011629232981053002,6.0568921776317717e-06,0.44536270459394595,NOT_APPLICABLE_CONDITIONAL_SELECTION,NOT_APPLICABLE_CONDITIONAL_SELECTION,NOT_APPLICABLE_CONDITIONAL_SELECTION,0.0019500369322872275
llama_no_risk,YEAR,2025,148,2025-01-01,2025-05-28,148,False,0.064315451546162541,0.062331823995896582,,4.2116097294524719,0.00048375149401820995,0.011226531588499674,0.21455602520820513,,0.82351559700405041,0.0075281119936823097,1.2280932949917394,0.13239386406544507,,0.024893951974736615,1.958520108252884,0.013233243974681648,148,0.0019585201082528837,1.3233243974681647e-05,0.44618188131551745,365_25_CALENDAR_DAYS_PER_YEAR,NOT_APPLICABLE_REQUIRES_365_CALENDAR_DAYS_AND_CONTIGUOUS_DAILY_RECORDS,RESET_REPORTING_HIGH_WATER_MARK_TO_GROUP_INITIAL_WEALTH_NOT_PORTFOLIO_STATE,0.0041170727866353778
llama_no_risk,YEAR_REGIME,2025:BEAR,37,2025-02-27,2025-04-11,44,True,,0.080143970869457404,0.080143970869457404,21.660532667420924,0.0022485588971642165,0.012881590526102233,,,,0.0069208467183597862,,,,0.020544377198464994,0.17194933430745712,0.0046472793056069493,37,0.00017194933430745714,4.6472793056069501e-06,0.38661641098747951,NOT_APPLICABLE_CONDITIONAL_SELECTION,NOT_APPLICABLE_CONDITIONAL_SELECTION,NOT_APPLICABLE_CONDITIONAL_SELECTION,0.00033886432362826489
llama_no_risk,YEAR_REGIME,2025:BULL,55,2025-01-01,2025-05-28,148,True,,0.068227018609046328,0.068227018609046328,12.404912474372059,0.0012991876337184248,0.010875070464388743,,,,0.0067601386750494761,,,,0.022547067517871593,1.3609379588988493,0.024744326525433624,55,0.0013609379588988494,2.4744326525433627e-05,0.51104211200037986,NOT_APPLICABLE_CONDITIONAL_SELECTION,NOT_APPLICABLE_CONDITIONAL_SELECTION,NOT_APPLICABLE_CONDITIONAL_SELECTION,0.0028972948336014981
llama_no_risk,YEAR_REGIME,2025:MIX,56,2025-01-10,2025-05-05,116,True,,-0.086039165482607163,-0.086039165482607163,-15.364136693322708,-0.0014831567488373981,0.010267856528440138,,,,0.0085584378311553116,,,,0.027653162393730751,0.4256328150465773,0.0076005859829745949,56,0.00042563281504657733,7.6005859829745951e-06,0.4218356262167669,NOT_APPLICABLE_CONDITIONAL_SELECTION,NOT_APPLICABLE_CONDITIONAL_SELECTION,NOT_APPLICABLE_CONDITIONAL_SELECTION,0.00088091362940561431
llama_no_risk,MONTH,2021-01,30,2021-01-02,2021-01-31,30,False,0.076751621755347305,0.073948751108689356,,24.64958370289645,0.0028684702523690303,0.028800741642195746,0.55042580168999211,,1.9034513942859699,0.018137455916306128,3.022519370317085,0.13295181780108128,,0.05569289359393232,0.87713926750860205,0.029237975583620068,30,0.00087713926750860205,2.9237975583620068e-05,0.51916666666666667,365_25_CALENDAR_DAYS_PER_YEAR,NOT_APPLICABLE_REQUIRES_365_CALENDAR_DAYS_AND_CONTIGUOUS_DAILY_RECORDS,RESET_REPORTING_HIGH_WATER_MARK_TO_GROUP_INITIAL_WEALTH_NOT_PORTFOLIO_STATE,0.00091141422035528516
llama_no_risk,MONTH,2021-02,28,2021-02-01,2021-02-28,28,False,0.16862464833462745,0.15582754310695487,,55.652693966769597,0.0059126216661164743,0.026537950032665902,0.50718042623382398,,4.258021311243219,0.012806047883550198,8.8238899169626208,0.11177151487212762,,0.042075548531648542,0.32181299108075584,0.011493321110026994,28,0.00032181299108075581,1.1493321110026993e-05,0.49873945579175716,365_25_CALENDAR_DAYS_PER_YEAR,NOT_APPLICABLE_REQUIRES_365_CALENDAR_DAYS_AND_CONTIGUOUS_DAILY_RECORDS,RESET_REPORTING_HIGH_WATER_MARK_TO_GROUP_INITIAL_WEALTH_NOT_PORTFOLIO_STATE,0.0004110461955266046
llama_no_risk,MONTH,2021-03,31,2021-03-01,2021-03-31,31,False,0.14771903488293245,0.13777652480955238,,44.444040261145929,0.0046243699725035513,0.018804029761763957,0.35937349409979658,,4.6999880630814674,0.010327906254788549,8.5572732011526842,0.085104567642127787,,0.029757741043281848,0.33923648645499527,0.010943112466290169,31,0.00033923648645499529,1.094311246629017e-05,0.51932735313173239,365_25_CALENDAR_DAYS_PER_YEAR,NOT_APPLICABLE_REQUIRES_365_CALENDAR_DAYS_AND_CONTIGUOUS_DAILY_RECORDS,RESET_REPORTING_HIGH_WATER_MARK_TO_GROUP_INITIAL_WEALTH_NOT_PORTFOLIO_STATE,0.0004652375178412855
llama_no_risk,MONTH,2021-04,30,2021-04-01,2021-04-30,30,False,-0.011516304424132135,-0.01158313061384994,,-3.8610435379499797,-0.00022836849389722412,0.018152255692210271,0.34691710428831929,,-0.24043666733318106,0.011061480004954084,-0.39456454843837324,0.12385874353881474,,0.030871688950385234,0.68696178848948675,0.022898726282982892,30,0.00068696178848948696,2.2898726282982899e-05,0.51138687969056873,365_25_CALENDAR_DAYS_PER_YEAR,NOT_APPLICABLE_REQUIRES_365_CALENDAR_DAYS_AND_CONTIGUOUS_DAILY_RECORDS,RESET_REPORTING_HIGH_WATER_MARK_TO_GROUP_INITIAL_WEALTH_NOT_PORTFOLIO_STATE,0.0009881051102479891
llama_no_risk,MONTH,2021-05,31,2021-05-01,2021-05-31,31,False,-0.17935823314905844,-0.1976686023276289,,-63.764065266977063,-0.0059738733783940351,0.02799473012180809,0.53502170054591758,,-4.0782593476713709,0.023076970468216062,-4.9473465315582601,0.21791789196768974,,0.067009577573352269,0.37074620732545172,0.011959555075014571,31,0.00037074620732545165,1.1959555075014569e-05,0.48547278514268799,365_25_CALENDAR_DAYS_PER_YEAR,NOT_APPLICABLE_REQUIRES_365_CALENDAR_DAYS_AND_CONTIGUOUS_DAILY_RECORDS,RESET_REPORTING_HIGH_WATER_MARK_TO_GROUP_INITIAL_WEALTH_NOT_PORTFOLIO_STATE,0.00046916390865788183
llama_no_risk,MONTH,2021-06,30,2021-06-01,2021-06-30,30,False,-0.019787915865817882,-0.019986318349482501,,-6.6621061164941677,-0.00039170059738315258,0.023839122032443146,0.45560173482021099,,-0.31402128714600708,0.016503836740808707,-0.45359099842208644,0.10544667745056607,,0.047478654904404276,0.30435328260256972,0.010145109420085657,30,0.0003043532826025697,1.0145109420085657e-05,0.46291666666666675,365_25_CALENDAR_DAYS_PER_YEAR,NOT_APPLICABLE_REQUIRES_365_CALENDAR_DAYS_AND_CONTIGUOUS_DAILY_RECORDS,RESET_REPORTING_HIGH_WATER_MARK_TO_GROUP_INITIAL_WEALTH_NOT_PORTFOLIO_STATE,0.00035046742254927999
llama_no_risk,MONTH,2021-07,31,2021-07-01,2021-07-31,31,False,0.084216667397591607,0.080857760717628735,,26.083148618589913,0.0027083480016602242,0.014173827587766037,0.27088331647618841,,3.6518458223076027,0.0077129617937652349,6.7108634071456574,0.070609194251832361,,0.019671070744790613,0.28477898157854431,0.0091864187605982042,31,0.00028477898157854432,9.1864187605982036e-06,0.44078714034208333,365_25_CALENDAR_DAYS_PER_YEAR,NOT_APPLICABLE_REQUIRES_365_CALENDAR_DAYS_AND_CONTIGUOUS_DAILY_RECORDS,RESET_REPORTING_HIGH_WATER_MARK_TO_GROUP_INITIAL_WEALTH_NOT_PORTFOLIO_STATE,0.00033484824919284589
llama_no_risk,MONTH,2021-08,31,2021-08-01,2021-08-31,31,False,0.0662077184518685,0.064108164596104231,,20.680053095517493,0.0022002115668373909,0.016454034492053148,0.31446152459679017,,2.5555662996221442,0.008922175008064203,4.7129064384755459,0.040534611184259835,,0.021343722757173736,0.32695323732945442,0.010546878623530787,31,0.00032695323732945448,1.054687862353079e-05,0.49221875835930962,365_25_CALENDAR_DAYS_PER_YEAR,NOT_APPLICABLE_REQUIRES_365_CALENDAR_DAYS_AND_CONTIGUOUS_DAILY_RECORDS,RESET_REPORTING_HIGH_WATER_MARK_TO_GROUP_INITIAL_WEALTH_NOT_PORTFOLIO_STATE,0.00041740107732477432
llama_no_risk,MONTH,2021-09,30,2021-09-01,2021-09-30,30,False,-0.031825994933446254,-0.032343450559808806,,-10.781150186602936,-0.00089559768414534024,0.019275457708573737,0.36838319630766153,,-0.8879803894770707,0.015405909246501199,-1.1110170889326341,0.11642034719231195,,0.051935748094955929,0.23595773505750361,0.0078652578352501213,30,0.00023595773505750362,7.8652578352501207e-06,0.4833298908021455,365_25_CALENDAR_DAYS_PER_YEAR,NOT_APPLICABLE_REQUIRES_365_CALENDAR_DAYS_AND_CONTIGUOUS_DAILY_RECORDS,RESET_REPORTING_HIGH_WATER_MARK_TO_GROUP_INITIAL_WEALTH_NOT_PORTFOLIO_STATE,0.00030782388112860713
llama_no_risk,MONTH,2021-10,31,2021-10-01,2021-10-31,31,False,0.17568326776634371,0.16184948306990182,,52.209510667710269,0.0053664251407505069,0.016582427128849872,0.31691530238202575,,6.1848915717434645,0.0078855054334215496,13.006206723742293,0.054622779006316742,,0.024673690807108836,0.19857118317922323,0.006405522038039459,31,0.00019857118317922321,6.4055220380394586e-06,0.47284721949249492,365_25_CALENDAR_DAYS_PER_YEAR,NOT_APPLICABLE_REQUIRES_365_CALENDAR_DAYS_AND_CONTIGUOUS_DAILY_RECORDS,RESET_REPORTING_HIGH_WATER_MARK_TO_GROUP_INITIAL_WEALTH_NOT_PORTFOLIO_STATE,0.00028971793159544742
llama_no_risk,MONTH,2021-11,30,2021-11-01,2021-11-30,30,False,-0.031503207994352557,-0.032010108473409189,,-10.670036157803063,-0.00094724027070469305,0.015657424605547889,0.29923710291830724,,-1.1562052482821379,0.012006911705063896,-1.5077312924589392,0.10084359547442236,,0.037341855000379294,0.19229016045156294,0.0064096720150520984,30,0.00019229016045156294,6.4096720150520981e-06,0.47600932488786962,365_25_CALENDAR_DAYS_PER_YEAR,NOT_APPLICABLE_REQUIRES_365_CALENDAR_DAYS_AND_CONTIGUOUS_DAILY_RECORDS,RESET_REPORTING_HIGH_WATER_MARK_TO_GROUP_INITIAL_WEALTH_NOT_PORTFOLIO_STATE,0.00028787506937375743
llama_no_risk,MONTH,2021-12,31,2021-12-01,2021-12-31,31,False,-0.091392959111445779,-0.095842576524901635,,-30.916960169323108,-0.0029683145269266426,0.015585920514384455,0.29787055141794294,,-3.6397585320166299,0.013362093688887943,-4.245516345895723,0.095337183542160225,,0.037204629465105964,0.18367302351829223,0.0059249362425255556,31,0.00018367302351829221,5.9249362425255549e-06,0.48175991413209845,365_25_CALENDAR_DAYS_PER_YEAR,NOT_APPLICABLE_REQUIRES_365_CALENDAR_DAYS_AND_CONTIGUOUS_DAILY_RECORDS,RESET_REPORTING_HIGH_WATER_MARK_TO_GROUP_INITIAL_WEALTH_NOT_PORTFOLIO_STATE,0.00025089146351898838
llama_no_risk,MONTH,2022-01,31,2022-01-01,2022-01-31,31,False,-0.080071680552351365,-0.083459525618336861,,-26.922427618818343,-0.0026049709463231993,0.013043067116821986,0.24927277093985892,,-3.8169657863437676,0.011781741389994563,-4.2256012321042755,0.13336838668627082,,0.040611894399731105,0.14942984908944817,0.004820317712562844,31,0.00014942984908944813,4.8203177125628434e-06,0.4729534673131417,365_25_CALENDAR_DAYS_PER_YEAR,NOT_APPLICABLE_REQUIRES_365_CALENDAR_DAYS_AND_CONTIGUOUS_DAILY_RECORDS,RESET_REPORTING_HIGH_WATER_MARK_TO_GROUP_INITIAL_WEALTH_NOT_PORTFOLIO_STATE,0.00018708719171591523
llama_no_risk,MONTH,2022-02,28,2022-02-01,2022-02-28,28,False,0.05973276879912065,0.058016771433701875,,20.720275512036384,0.0022700223798607804,0.020347295203743111,0.38886763451725403,,2.1321539790099497,0.010293341604097259,4.2147213314558734,0.07889441873648835,,0.030476592684730408,0.19922137524869632,0.0071150491160248686,28,0.00019922137524869632,7.1150491160248684e-06,0.45055684303862042,365_25_CALENDAR_DAYS_PER_YEAR,NOT_APPLICABLE_REQUIRES_365_CALENDAR_DAYS_AND_CONTIGUOUS_DAILY_RECORDS,RESET_REPORTING_HIGH_WATER_MARK_TO_GROUP_INITIAL_WEALTH_NOT_PORTFOLIO_STATE,0.00024868689446130832
llama_no_risk,MONTH,2022-03,31,2022-03-01,2022-03-31,31,False,0.028424333101324233,0.028027857255041248,,9.0412442758197571,0.0010044004007380147,0.014370837426764836,0.27464847294052253,,1.3357337925159551,0.0094392617506185092,2.0335926351894025,0.065473870982978286,,0.031046379155058364,0.25277110172673078,0.0081539065073138964,31,0.00025277110172673077,8.1539065073138951e-06,0.44282158349977552,365_25_CALENDAR_DAYS_PER_YEAR,NOT_APPLICABLE_REQUIRES_365_CALENDAR_DAYS_AND_CONTIGUOUS_DAILY_RECORDS,RESET_REPORTING_HIGH_WATER_MARK_TO_GROUP_INITIAL_WEALTH_NOT_PORTFOLIO_STATE,0.00032456546996420689
llama_no_risk,MONTH,2022-04,30,2022-04-01,2022-04-30,30,False,-0.083776467550237835,-0.087494913020050039,,-29.164971006683345,-0.0028466898288245037,0.011602843095786589,0.22174790816930579,,-4.6888986171824101,0.010368458147183863,-5.2471210448966144,0.094298319986056464,,0.028338449654642123,0.33507493605046856,0.011169164535015619,30,0.00033507493605046857,1.116916453501562e-05,0.46111598760831896,365_25_CALENDAR_DAYS_PER_YEAR,NOT_APPLICABLE_REQUIRES_365_CALENDAR_DAYS_AND_CONTIGUOUS_DAILY_RECORDS,RESET_REPORTING_HIGH_WATER_MARK_TO_GROUP_INITIAL_WEALTH_NOT_PORTFOLIO_STATE,0.00042461419818991692
llama_no_risk,MONTH,2022-05,31,2022-05-01,2022-05-31,31,False,-0.066746019728885303,-0.069077896239544689,,-22.283192335336995,-0.0020570722001507225,0.018592010502772351,0.35532148488232573,,-2.1145516189483438,0.015001079743218066,-2.6207290795794549,0.13113348278927761,,0.045952675867731392,0.26674308500746025,0.0086046156454019432,31,0.00026674308500746017,8.6046156454019413e-06,0.44502302877080202,365_25_CALENDAR_DAYS_PER_YEAR,NOT_APPLICABLE_REQUIRES_365_CALENDAR_DAYS_AND_CONTIGUOUS_DAILY_RECORDS,RESET_REPORTING_HIGH_WATER_MARK_TO_GROUP_INITIAL_WEALTH_NOT_PORTFOLIO_STATE,0.00030397198880796633
llama_no_risk,MONTH,2022-06,30,2022-06-01,2022-06-30,30,False,-0.17194124895874591,-0.18867117175025666,,-62.890390583418885,-0.0060876532492982749,0.019222816739385081,0.36737714764310381,,-6.0524051742768581,0.017700115739132674,-6.5730799285344714,0.18976804419027848,,0.057440935592758445,0.24018955952506282,0.0080063186508354273,30,0.00024018955952506281,8.0063186508354265e-06,0.420946140873321,365_25_CALENDAR_DAYS_PER_YEAR,NOT_APPLICABLE_REQUIRES_365_CALENDAR_DAYS_AND_CONTIGUOUS_DAILY_RECORDS,RESET_REPORTING_HIGH_WATER_MARK_TO_GROUP_INITIAL_WEALTH_NOT_PORTFOLIO_STATE,0.00024332316372103284
llama_no_risk,MONTH,2022-07,31,2022-07-01,2022-07-31,31,False,0.066982731700673176,0.064834788215527114,,20.914447811460359,0.0021761320495034559,0.0131031671228627,0.25042137309800844,,3.173979206519487,0.0069055725979942119,6.0225534374363017,0.042809008552624955,,0.020249523877187668,0.18447659710497766,0.0059508579711283118,31,0.00018447659710497765,5.9508579711283113e-06,0.39251035065848672,365_25_CALENDAR_DAYS_PER_YEAR,NOT_APPLICABLE_REQUIRES_365_CALENDAR_DAYS_AND_CONTIGUOUS_DAILY_RECORDS,RESET_REPORTING_HIGH_WATER_MARK_TO_GROUP_INITIAL_WEALTH_NOT_PORTFOLIO_STATE,0.0001794203550002932
llama_no_risk,MONTH,2022-08,31,2022-08-01,2022-08-31,31,False,-0.052955125077255596,-0.054408800516705665,,-17.551225973130858,-0.0017009582314679824,0.010367095958519878,0.1981309084001191,,-3.1356793296936551,0.008987097072062503,-3.617173403760841,0.079317685935434201,,0.033031707454407394,0.18095652963200076,0.0058373074074838955,31,0.00018095652963200077,5.8373074074838958e-06,0.37922958621339364,365_25_CALENDAR_DAYS_PER_YEAR,NOT_APPLICABLE_REQUIRES_365_CALENDAR_DAYS_AND_CONTIGUOUS_DAILY_RECORDS,RESET_REPORTING_HIGH_WATER_MARK_TO_GROUP_INITIAL_WEALTH_NOT_PORTFOLIO_STATE,0.00017963997758131372
llama_no_risk,MONTH,2022-09,30,2022-09-01,2022-09-30,30,False,-0.0081425698811143608,-0.0081759016641412188,,-2.7253005547137397,-0.00019417406893886083,0.012734778639890162,0.24338091113377758,,-0.29140362056141556,0.0088640106613429477,-0.41865479910760178,0.068054488303794694,,0.031260865411620459,0.17438616585990774,0.0058128721953302582,30,0.00017438616585990774,5.812872195330258e-06,0.37591821522086216,365_25_CALENDAR_DAYS_PER_YEAR,NOT_APPLICABLE_REQUIRES_365_CALENDAR_DAYS_AND_CONTIGUOUS_DAILY_RECORDS,RESET_REPORTING_HIGH_WATER_MARK_TO_GROUP_INITIAL_WEALTH_NOT_PORTFOLIO_STATE,0.00016637611836351718
llama_no_risk,MONTH,2022-10,31,2022-10-01,2022-10-31,31,False,0.025171613670904786,0.024860026547487341,,8.0193634024152711,0.0008245018731974094,0.0067954141452093364,0.12987065837264317,,2.3188402442779168,0.0034723541718961457,4.5379817312362905,0.023803748266154005,,0.0098203428825896256,0.26349859094016853,0.0084999545464570486,31,0.00026349859094016852,8.4999545464570488e-06,0.38896180532226377,365_25_CALENDAR_DAYS_PER_YEAR,NOT_APPLICABLE_REQUIRES_365_CALENDAR_DAYS_AND_CONTIGUOUS_DAILY_RECORDS,RESET_REPORTING_HIGH_WATER_MARK_TO_GROUP_INITIAL_WEALTH_NOT_PORTFOLIO_STATE,0.00025023730810524791
llama_no_risk,MONTH,2022-11,30,2022-11-01,2022-11-30,30,False,-0.083615699310878741,-0.087319460054211581,,-29.106486684737195,-0.0027370471926882541,0.018510577621063968,0.3537651791539832,,-2.8259041478309062,0.015968402441096735,-3.2757890634999511,0.12721403104196904,,0.061480265776024036,0.26084100761106344,0.0086947002537021145,30,0.00026084100761106346,8.6947002537021157e-06,0.38482786603861358,365_25_CALENDAR_DAYS_PER_YEAR,NOT_APPLICABLE_REQUIRES_365_CALENDAR_DAYS_AND_CONTIGUOUS_DAILY_RECORDS,RESET_REPORTING_HIGH_WATER_MARK_TO_GROUP_INITIAL_WEALTH_NOT_PORTFOLIO_STATE,0.00023447829706894707
llama_no_risk,MONTH,2022-12,31,2022-12-01,2022-12-31,31,False,-0.01894214844940318,-0.019123849136598117,,-6.1689835924510055,-0.00059970187022004209,0.0059192845447947045,0.11312649450062594,,-1.9362494088125253,0.0046451278099967786,-2.4673618615587265,0.034340716607457127,,0.016531563393610151,0.42242296160571324,0.013626547148571396,31,0.00042242296160571329,1.3626547148571396e-05,0.37675925918095571,365_25_CALENDAR_DAYS_PER_YEAR,NOT_APPLICABLE_REQUIRES_365_CALENDAR_DAYS_AND_CONTIGUOUS_DAILY_RECORDS,RESET_REPORTING_HIGH_WATER_MARK_TO_GROUP_INITIAL_WEALTH_NOT_PORTFOLIO_STATE,0.00037331524281036978
llama_no_risk,MONTH,2023-01,31,2023-01-01,2023-01-31,31,False,0.17533874653873641,0.16155640097370949,,52.114968056035323,0.0052834525906926564,0.011043971577336761,0.21106702684318876,,9.1429774115509481,0.0039520977578564598,25.549667253212746,0.018271144011380976,,0.015478296891399077,0.25486682565991664,0.008221510505158602,31,0.00025486682565991671,8.221510505158603e-06,0.46967279870285145,365_25_CALENDAR_DAYS_PER_YEAR,NOT_APPLICABLE_REQUIRES_365_CALENDAR_DAYS_AND_CONTIGUOUS_DAILY_RECORDS,RESET_REPORTING_HIGH_WATER_MARK_TO_GROUP_INITIAL_WEALTH_NOT_PORTFOLIO_STATE,0.00023583144911110807
llama_no_risk,MONTH,2023-02,28,2023-02-01,2023-02-28,28,False,0.0028987846648556195,0.002894591290427434,,1.0337826037240836,0.00018193884330709929,0.012843920648756542,0.24546678025738092,,0.27072161230224079,0.0070559087487763877,0.49279646748782074,0.042091733283907522,,0.021574859845195846,0.13592849024331427,0.0048545889372612243,28,0.00013592849024331429,4.854588937261225e-06,0.47261922132893119,365_25_CALENDAR_DAYS_PER_YEAR,NOT_APPLICABLE_REQUIRES_365_CALENDAR_DAYS_AND_CONTIGUOUS_DAILY_RECORDS,RESET_REPORTING_HIGH_WATER_MARK_TO_GROUP_INITIAL_WEALTH_NOT_PORTFOLIO_STATE,0.00014047615738436853
llama_no_risk,MONTH,2023-03,31,2023-03-01,2023-03-31,31,False,0.10718180445682161,0.10181787191026796,,32.844474809763859,0.0034337140565304683,0.017342681812663383,0.3314449210642591,,3.783929031468253,0.008678369332129364,7.5617290164754678,0.072403083435477342,,0.027118775034572638,0.17538566676698158,0.0056576021537735992,31,0.00017538566676698162,5.6576021537736006e-06,0.47251552479114961,365_25_CALENDAR_DAYS_PER_YEAR,NOT_APPLICABLE_REQUIRES_365_CALENDAR_DAYS_AND_CONTIGUOUS_DAILY_RECORDS,RESET_REPORTING_HIGH_WATER_MARK_TO_GROUP_INITIAL_WEALTH_NOT_PORTFOLIO_STATE,0.00018506798595752772
llama_no_risk,MONTH,2023-04,30,2023-04-01,2023-04-30,30,False,0.01457458536495241,0.014469396915919253,,4.8231323053064177,0.00052762777133264676,0.0096693171046700506,0.18479529747022871,,1.0428622704010992,0.0063971853875141194,1.5762816579750301,0.049711187093188544,,0.021372937990749494,0.11597138068776003,0.003865712689592001,30,0.00011597138068776002,3.8657126895920005e-06,0.46673715652103998,365_25_CALENDAR_DAYS_PER_YEAR,NOT_APPLICABLE_REQUIRES_365_CALENDAR_DAYS_AND_CONTIGUOUS_DAILY_RECORDS,RESET_REPORTING_HIGH_WATER_MARK_TO_GROUP_INITIAL_WEALTH_NOT_PORTFOLIO_STATE,0.0001331009077455044
llama_no_risk,MONTH,2023-05,31,2023-05-01,2023-05-31,31,False,-0.032116043279437428,-0.032643078312578566,,-10.530025262122118,-0.0010177689056652484,0.0084650951416303556,0.16178079153654448,,-2.2978011744383138,0.0064610857185664096,-3.0105010837847419,0.052104786771245373,,0.0175739918996646,0.12873972876305156,0.0041528944762274696,31,0.00012873972876305156,4.1528944762274694e-06,0.4763762887878164,365_25_CALENDAR_DAYS_PER_YEAR,NOT_APPLICABLE_REQUIRES_365_CALENDAR_DAYS_AND_CONTIGUOUS_DAILY_RECORDS,RESET_REPORTING_HIGH_WATER_MARK_TO_GROUP_INITIAL_WEALTH_NOT_PORTFOLIO_STATE,0.00014501502936095138
llama_no_risk,MONTH,2023-06,30,2023-06-01,2023-06-30,30,False,0.0573493894579808,0.055765200479087042,,18.588400159695681,0.0019288393969416396,0.011914412454717848,0.22770247060045229,,3.0939874647611068,0.0066876695575887957,5.5120909410155434,0.037178424677548241,,0.021259828335343598,0.14249261482816494,0.0047497538276054978,30,0.00014249261482816495,4.7497538276054983e-06,0.47335763904183281,365_25_CALENDAR_DAYS_PER_YEAR,NOT_APPLICABLE_REQUIRES_365_CALENDAR_DAYS_AND_CONTIGUOUS_DAILY_RECORDS,RESET_REPORTING_HIGH_WATER_MARK_TO_GROUP_INITIAL_WEALTH_NOT_PORTFOLIO_STATE,0.00016080158881889514
llama_no_risk,MONTH,2023-07,31,2023-07-01,2023-07-31,31,False,-0.01860112566185787,-0.018776302322974989,,-6.0568717170887059,-0.00058801685581552187,0.0060069539214483714,0.11480198909474978,,-1.8708138968686348,0.004614230402617471,-2.4354858543085189,0.034074181626631894,,0.015853697257154752,0.082218607251228482,0.0026522131371364025,31,8.2218607251228486e-05,2.6522131371364027e-06,0.46364206755469606,365_25_CALENDAR_DAYS_PER_YEAR,NOT_APPLICABLE_REQUIRES_365_CALENDAR_DAYS_AND_CONTIGUOUS_DAILY_RECORDS,RESET_REPORTING_HIGH_WATER_MARK_TO_GROUP_INITIAL_WEALTH_NOT_PORTFOLIO_STATE,9.6890161692458619e-05
llama_no_risk,MONTH,2023-08,31,2023-08-01,2023-08-31,31,False,-0.054089476102284796,-0.055607298021208416,,-17.937838071357554,-0.001744921072166534,0.0098512181840848621,0.18827170265135373,,-3.3851737283592458,0.0081536802486109044,-4.0899426973212831,0.0623821920668923,,0.030382624839372589,0.2020925091737345,0.0065191131991527256,31,0.0002020925091737345,6.5191131991527261e-06,0.46309253296620073,365_25_CALENDAR_DAYS_PER_YEAR,NOT_APPLICABLE_REQUIRES_365_CALENDAR_DAYS_AND_CONTIGUOUS_DAILY_RECORDS,RESET_REPORTING_HIGH_WATER_MARK_TO_GROUP_INITIAL_WEALTH_NOT_PORTFOLIO_STATE,0.00022600446895413968
llama_no_risk,MONTH,2023-09,30,2023-09-01,2023-09-30,30,False,0.017916277061925851,0.017757672174443184,,5.9192240581477282,0.00060586979357157844,0.0053404713213934755,0.10206449698412376,,2.1681774626924533,0.0032765909536037088,3.5338831496393017,0.019014823536595466,,0.011116102750792629,0.13900649378477742,0.0046335497928259141,30,0.00013900649378477745,4.6335497928259147e-06,0.45632552940010823,365_25_CALENDAR_DAYS_PER_YEAR,NOT_APPLICABLE_REQUIRES_365_CALENDAR_DAYS_AND_CONTIGUOUS_DAILY_RECORDS,RESET_REPORTING_HIGH_WATER_MARK_TO_GROUP_INITIAL_WEALTH_NOT_PORTFOLIO_STATE,0.00015273983834111264
llama_no_risk,MONTH,2023-10,31,2023-10-01,2023-10-31,31,False,0.12437541682363934,0.11722769643844667,,37.815385947886028,0.0038440239171983596,0.010796467905181651,0.20633685673647176,,6.8045513436791962,0.0028883655949500653,25.434841184799254,0.020000478949998277,,0.0083031842231438384,0.11574590488145975,0.0037337388671438627,31,0.00011574590488145976,3.733738867143863e-06,0.4591650301337703,365_25_CALENDAR_DAYS_PER_YEAR,NOT_APPLICABLE_REQUIRES_365_CALENDAR_DAYS_AND_CONTIGUOUS_DAILY_RECORDS,RESET_REPORTING_HIGH_WATER_MARK_TO_GROUP_INITIAL_WEALTH_NOT_PORTFOLIO_STATE,0.00013608714617298999
llama_no_risk,MONTH,2023-11,30,2023-11-01,2023-11-30,30,False,0.041344243326229109,0.04051242020024963,,13.504140066749876,0.0014007701418287111,0.01013106116360114,0.19361992591105934,,2.6424516582965638,0.0060732708432653191,4.407977194323232,0.024811779289528976,,0.020550678516623844,0.11207264515148996,0.0037357548383829984,30,0.00011207264515148996,3.7357548383829988e-06,0.45885160261133912,365_25_CALENDAR_DAYS_PER_YEAR,NOT_APPLICABLE_REQUIRES_365_CALENDAR_DAYS_AND_CONTIGUOUS_DAILY_RECORDS,RESET_REPORTING_HIGH_WATER_MARK_TO_GROUP_INITIAL_WEALTH_NOT_PORTFOLIO_STATE,0.00014441137334469261
llama_no_risk,MONTH,2023-12,31,2023-12-01,2023-12-31,31,False,0.05647804549938186,0.054940777450469332,,17.722831435635268,0.0018317924761593993,0.010947151357172422,0.20921664576738758,,3.1979396259946782,0.0066481722903404981,5.2658576805731512,0.03101174758685123,,0.021680008039239064,0.1446154670735566,0.004665015066888923,31,0.0001446154670735566,4.6650150668889226e-06,0.46686798025139381,365_25_CALENDAR_DAYS_PER_YEAR,NOT_APPLICABLE_REQUIRES_365_CALENDAR_DAYS_AND_CONTIGUOUS_DAILY_RECORDS,RESET_REPORTING_HIGH_WATER_MARK_TO_GROUP_INITIAL_WEALTH_NOT_PORTFOLIO_STATE,0.00019935184599934074
llama_no_risk,MONTH,2024-01,31,2024-01-01,2024-01-31,31,False,0.0044534593595852217,0.0044435720537261691,,1.4334103399116673,0.00022960534807326208,0.013331918601570186,0.25479316038111327,,0.32914287517890289,0.0095237017867858438,0.46075634437235491,0.075562217617843083,,0.031199933587482385,0.17802534469822945,0.0057427530547815948,31,0.00017802534469822949,5.7427530547815967e-06,0.46249403722360183,365_25_CALENDAR_DAYS_PER_YEAR,NOT_APPLICABLE_REQUIRES_365_CALENDAR_DAYS_AND_CONTIGUOUS_DAILY_RECORDS,RESET_REPORTING_HIGH_WATER_MARK_TO_GROUP_INITIAL_WEALTH_NOT_PORTFOLIO_STATE,0.00024775807659787577
llama_no_risk,MONTH,2024-02,29,2024-02-01,2024-02-29,29,False,0.19276352086696441,0.17627290122655434,,60.783759043639428,0.0061654273971030486,0.0120202371237089,0.22972494033375382,,9.8026899191711738,0.0028487867950765427,41.361697366145798,0.0143489453854427,,0.0087532529351875988,0.16059219443050943,0.0055376618769141179,29,0.00016059219443050944,5.5376618769141185e-06,0.47976123857195296,365_25_CALENDAR_DAYS_PER_YEAR,NOT_APPLICABLE_REQUIRES_365_CALENDAR_DAYS_AND_CONTIGUOUS_DAILY_RECORDS,RESET_REPORTING_HIGH_WATER_MARK_TO_GROUP_INITIAL_WEALTH_NOT_PORTFOLIO_STATE,0.00024252638462195108
llama_no_risk,MONTH,2024-03,31,2024-03-01,2024-03-31,31,False,0.084133824077792407,0.080781349343946124,,26.058499788369719,0.0027813896734787654,0.018869322056754959,0.36062132876534381,,2.8170895540656349,0.011903852555957471,4.4654929829235517,0.074199967355753585,,0.038320773587027762,0.49595118297796265,0.015998425257353635,31,0.00049595118297796265,1.5998425257353635e-05,0.49529114336470564,365_25_CALENDAR_DAYS_PER_YEAR,NOT_APPLICABLE_REQUIRES_365_CALENDAR_DAYS_AND_CONTIGUOUS_DAILY_RECORDS,RESET_REPORTING_HIGH_WATER_MARK_TO_GROUP_INITIAL_WEALTH_NOT_PORTFOLIO_STATE,0.00085959423079746391
llama_no_risk,MONTH,2024-04,30,2024-04-01,2024-04-30,30,False,-0.071990526670078839,-0.074713337918384692,,-24.9044459727949,-0.002404928069601579,0.013021733385790686,0.24886505102237116,,-3.5296236808398413,0.010990437322006105,-4.1819826798011421,0.072660397265456741,,0.028226407356731313,0.42663626203117,0.014221208734372333,30,0.00042663626203116997,1.4221208734372333e-05,0.46252887312320373,365_25_CALENDAR_DAYS_PER_YEAR,NOT_APPLICABLE_REQUIRES_365_CALENDAR_DAYS_AND_CONTIGUOUS_DAILY_RECORDS,RESET_REPORTING_HIGH_WATER_MARK_TO_GROUP_INITIAL_WEALTH_NOT_PORTFOLIO_STATE,0.00074299239971668525
llama_no_risk,MONTH,2024-05,31,2024-05-01,2024-05-31,31,False,0.053392887392518983,0.052016275996244886,,16.779443869756413,0.0017608724417881305,0.013055153087174544,0.24950375214177217,,2.5777514520008551,0.0062094761723572008,5.4196101075918151,0.025075909808683745,,0.017296492901902608,0.1775562685470774,0.0057276215660347551,31,0.00017755626854707744,5.727621566034756e-06,0.45813491932610012,365_25_CALENDAR_DAYS_PER_YEAR,NOT_APPLICABLE_REQUIRES_365_CALENDAR_DAYS_AND_CONTIGUOUS_DAILY_RECORDS,RESET_REPORTING_HIGH_WATER_MARK_TO_GROUP_INITIAL_WEALTH_NOT_PORTFOLIO_STATE,0.00030657322625084622
llama_no_risk,MONTH,2024-06,30,2024-06-01,2024-06-30,30,False,-0.031879854264243959,-0.032399081911883364,,-10.799693970627787,-0.001050230594763631,0.0077553482066131003,0.14821645244565351,,-2.5880846451784389,0.0062343023447534434,-3.2195258589662297,0.07137451509693804,,0.018754295484875578,0.10207068649557205,0.0034023562165190683,30,0.00010207068649557205,3.4023562165190684e-06,0.45330667879146297,365_25_CALENDAR_DAYS_PER_YEAR,NOT_APPLICABLE_REQUIRES_365_CALENDAR_DAYS_AND_CONTIGUOUS_DAILY_RECORDS,RESET_REPORTING_HIGH_WATER_MARK_TO_GROUP_INITIAL_WEALTH_NOT_PORTFOLIO_STATE,0.0001780101569873774
llama_no_risk,MONTH,2024-07,31,2024-07-01,2024-07-31,31,False,0.012426716928778595,0.0123501390371715,,3.9839158184424197,0.00045300240468245761,0.010628828916791691,0.20313302171981182,,0.81453584901863441,0.0068453660078671074,1.2647332773533131,0.049854686894331354,,0.02072236833850355,0.18814050373201491,0.0060690485074843519,31,0.00018814050373201492,6.0690485074843526e-06,0.43220415106584614,365_25_CALENDAR_DAYS_PER_YEAR,NOT_APPLICABLE_REQUIRES_365_CALENDAR_DAYS_AND_CONTIGUOUS_DAILY_RECORDS,RESET_REPORTING_HIGH_WATER_MARK_TO_GROUP_INITIAL_WEALTH_NOT_PORTFOLIO_STATE,0.00031710064133215645
llama_no_risk,MONTH,2024-08,31,2024-08-01,2024-08-31,31,False,-0.043845668120492988,-0.044835943939561619,,-14.463207722439233,-0.0013331098225562641,0.015272647987806769,0.29188343887302354,,-1.6681945524853736,0.010473394576103098,-2.4326160911972079,0.079887777626020492,,0.029707486407750765,0.25863847231056397,0.0083431765261472255,31,0.00025863847231056392,8.3431765261472234e-06,0.42074021765897007,365_25_CALENDAR_DAYS_PER_YEAR,NOT_APPLICABLE_REQUIRES_365_CALENDAR_DAYS_AND_CONTIGUOUS_DAILY_RECORDS,RESET_REPORTING_HIGH_WATER_MARK_TO_GROUP_INITIAL_WEALTH_NOT_PORTFOLIO_STATE,0.00042623258534209974
llama_no_risk,MONTH,2024-09,30,2024-09-01,2024-09-30,30,False,0.032608578582780177,0.03208820117902858,,10.696067059676192,0.0011136603410618359,0.0094872135861445109,0.18131502337103206,,2.2434127741332137,0.0061022839752182464,3.4878311524867325,0.037806572271955795,,0.016112927781643971,0.11659142131662786,0.0038863807105542622,30,0.00011659142131662786,3.8863807105542622e-06,0.42843721785175204,365_25_CALENDAR_DAYS_PER_YEAR,NOT_APPLICABLE_REQUIRES_365_CALENDAR_DAYS_AND_CONTIGUOUS_DAILY_RECORDS,RESET_REPORTING_HIGH_WATER_MARK_TO_GROUP_INITIAL_WEALTH_NOT_PORTFOLIO_STATE,0.00019258459878571202
llama_no_risk,MONTH,2024-10,31,2024-10-01,2024-10-31,31,False,0.041982189614042736,0.041124850684178038,,13.266080865863884,0.0013683733779972192,0.009198792211914936,0.17580285399334308,,2.8429480236561435,0.0056468865247928804,4.6311694106242554,0.021833340200231002,,0.016578104458616003,0.63095408529855768,0.020353357590276053,31,0.00063095408529855758,2.0353357590276051e-05,0.46545714055623066,365_25_CALENDAR_DAYS_PER_YEAR,NOT_APPLICABLE_REQUIRES_365_CALENDAR_DAYS_AND_CONTIGUOUS_DAILY_RECORDS,RESET_REPORTING_HIGH_WATER_MARK_TO_GROUP_INITIAL_WEALTH_NOT_PORTFOLIO_STATE,0.001090806230196471
llama_no_risk,MONTH,2024-11,30,2024-11-01,2024-11-30,30,False,0.19452009182162189,0.17774450791989191,,59.248169306630636,0.0060900744116563028,0.017635750158627211,0.33704590111127158,,6.5996936070826333,0.0067622979124906503,17.211685892012152,0.039029206506549494,,0.02462894441004141,0.37970979443318637,0.012656993147772879,30,0.00037970979443318633,1.2656993147772877e-05,0.53522584300973586,365_25_CALENDAR_DAYS_PER_YEAR,NOT_APPLICABLE_REQUIRES_365_CALENDAR_DAYS_AND_CONTIGUOUS_DAILY_RECORDS,RESET_REPORTING_HIGH_WATER_MARK_TO_GROUP_INITIAL_WEALTH_NOT_PORTFOLIO_STATE,0.00070529607488529198
llama_no_risk,MONTH,2024-12,31,2024-12-01,2024-12-31,31,False,-0.015849014416815438,-0.015975953067375898,,-5.1535332475406115,-0.00044438552568204861,0.012086088003981872,0.23098345041021442,,-0.70269888586005191,0.0088264864146698867,-0.96220400460699484,0.070234155567329079,,0.026995938594495374,0.65794424442299471,0.021224007884612733,31,0.0006579442444229948,2.1224007884612734e-05,0.51830233809163428,365_25_CALENDAR_DAYS_PER_YEAR,NOT_APPLICABLE_REQUIRES_365_CALENDAR_DAYS_AND_CONTIGUOUS_DAILY_RECORDS,RESET_REPORTING_HIGH_WATER_MARK_TO_GROUP_INITIAL_WEALTH_NOT_PORTFOLIO_STATE,0.0013929020596958484
llama_no_risk,MONTH,2025-01,31,2025-01-01,2025-01-31,31,False,0.032835835350242121,0.032308257227834342,,10.422018460591724,0.0011014611595774578,0.011004746228141167,0.21031737099939887,,1.9128647653969404,0.0074739846443793228,2.8165151941778257,0.047418147964548886,,0.024204431282148834,1.0626463469812242,0.034278914418749168,31,0.0010626463469812239,3.4278914418749155e-05,0.48753865532708351,365_25_CALENDAR_DAYS_PER_YEAR,NOT_APPLICABLE_REQUIRES_365_CALENDAR_DAYS_AND_CONTIGUOUS_DAILY_RECORDS,RESET_REPORTING_HIGH_WATER_MARK_TO_GROUP_INITIAL_WEALTH_NOT_PORTFOLIO_STATE,0.0022661444456124765
llama_no_risk,MONTH,2025-02,28,2025-02-01,2025-02-28,28,False,-0.079864963848821177,-0.083234841284755792,,-29.726729030269926,-0.0029321089607058171,0.0086382726604619046,0.16509047626000609,,-6.4870658935596204,0.0079996720390077252,-7.0049176618372648,0.08052638586467091,,0.021203909862007916,0.22029267402245012,0.0078675955008017905,28,0.00022029267402245013,7.8675955008017896e-06,0.42997067992567656,365_25_CALENDAR_DAYS_PER_YEAR,NOT_APPLICABLE_REQUIRES_365_CALENDAR_DAYS_AND_CONTIGUOUS_DAILY_RECORDS,RESET_REPORTING_HIGH_WATER_MARK_TO_GROUP_INITIAL_WEALTH_NOT_PORTFOLIO_STATE,0.00046162152878354148
llama_no_risk,MONTH,2025-03,31,2025-03-01,2025-03-31,31,False,-0.0090057681773835149,-0.0090465652315341264,,-2.9182468488819762,-0.0001988990843355257,0.013856122283538688,0.2648114868353747,,-0.27433813926173733,0.0096351137389830196,-0.3945218403877731,0.069456614938183434,,0.032076077138993617,0.12477183743404779,0.0040248979817434768,31,0.00012477183743404781,4.0248979817434776e-06,0.38768678886969099,365_25_CALENDAR_DAYS_PER_YEAR,NOT_APPLICABLE_REQUIRES_365_CALENDAR_DAYS_AND_CONTIGUOUS_DAILY_RECORDS,RESET_REPORTING_HIGH_WATER_MARK_TO_GROUP_INITIAL_WEALTH_NOT_PORTFOLIO_STATE,0.000247600363123503
llama_no_risk,MONTH,2025-04,30,2025-04-01,2025-04-30,30,False,0.056924838732653471,0.055363596254457373,,18.454532084819125,0.0019106974193864239,0.011495153787508317,0.21968980235456992,,3.1766710377595921,0.0065612533625235229,5.565449174687199,0.041736894468357627,,0.021428192378784048,0.12608206752384687,0.0042027355841282293,30,0.00012608206752384691,4.2027355841282305e-06,0.40926473273811675,365_25_CALENDAR_DAYS_PER_YEAR,NOT_APPLICABLE_REQUIRES_365_CALENDAR_DAYS_AND_CONTIGUOUS_DAILY_RECORDS,RESET_REPORTING_HIGH_WATER_MARK_TO_GROUP_INITIAL_WEALTH_NOT_PORTFOLIO_STATE,0.00024968856096064959
llama_no_risk,MONTH,2025-05,28,2025-05-01,2025-05-28,28,False,0.069232794735112207,0.066941377029894805,,23.907634653533858,0.0024426401821559052,0.010121462844671924,0.1934364874962739,,4.612233907264419,0.0049806747279449639,9.3727369630046375,0.021146937211768194,,0.017612949269429287,0.42472718229131512,0.015168827938975541,28,0.00042472718229131514,1.5168827938975541e-05,0.5209217373047903,365_25_CALENDAR_DAYS_PER_YEAR,NOT_APPLICABLE_REQUIRES_365_CALENDAR_DAYS_AND_CONTIGUOUS_DAILY_RECORDS,RESET_REPORTING_HIGH_WATER_MARK_TO_GROUP_INITIAL_WEALTH_NOT_PORTFOLIO_STATE,0.00089201788815520698
llama_uniform_allocator,FULL,FULL,1608,2021-01-02,2025-05-28,1608,False,1.1699947761543241,0.77472476024731585,,4.8179400512892778,0.00058480130895732503,0.014355844740091047,0.2743619399864608,0.19240855854319661,0.77852882257358147,0.0096869274581841119,1.1537651077493807,0.45485614196190427,0.4230096964576362,0.03285887822464853,14.031423815793856,0.0087260098356926972,1608,0.014031423815793857,8.7260098356926978e-06,0.44583333333333341,365_25_CALENDAR_DAYS_PER_YEAR,REPORTED,RESET_REPORTING_HIGH_WATER_MARK_TO_GROUP_INITIAL_WEALTH_NOT_PORTFOLIO_STATE,0.020809769257211546
llama_uniform_allocator,REGIME,FULL:BEAR,503,2021-05-14,2025-04-11,1429,True,,0.018948994549917539,0.018948994549917539,0.37671957355700869,0.00015213319741296023,0.015131025865153597,,,,0.010701888791306591,,,,0.036261430345662191,3.6933604470365706,0.0073426649046452698,503,0.0036933604470365707,7.3426649046452695e-06,0.41679920477137183,NOT_APPLICABLE_CONDITIONAL_SELECTION,NOT_APPLICABLE_CONDITIONAL_SELECTION,NOT_APPLICABLE_CONDITIONAL_SELECTION,0.0042701544291621754
llama_uniform_allocator,REGIME,FULL:BULL,531,2021-01-02,2025-05-28,1608,True,,0.86778746059385592,0.86778746059385592,16.342513382181842,0.0017503536362014117,0.015215082255701486,,,,0.009151687846074872,,,,0.030564253766666574,6.9300183111089488,0.013050881941824763,531,0.006930018311108949,1.3050881941824762e-05,0.48022598870056499,NOT_APPLICABLE_CONDITIONAL_SELECTION,NOT_APPLICABLE_CONDITIONAL_SELECTION,NOT_APPLICABLE_CONDITIONAL_SELECTION,0.011677569690682506
llama_uniform_allocator,REGIME,FULL:MIX,574,2021-04-11,2025-05-05,1486,True,,-0.11201169489645756,-0.11201169489645756,-1.951423256035846,-0.0001142861921921428,0.012703136426280391,,,,0.0092211827031724557,,,,0.031417062042122815,3.4080450576483359,0.0059373607276103409,574,0.0034080450576483359,5.9373607276103411e-06,0.43945993031358888,NOT_APPLICABLE_CONDITIONAL_SELECTION,NOT_APPLICABLE_CONDITIONAL_SELECTION,NOT_APPLICABLE_CONDITIONAL_SELECTION,0.0048620451373668589
llama_uniform_allocator,POST2021,POST2021,1244,2022-01-01,2025-05-28,1244,False,0.68474986420801032,0.5216171042435096,,4.1930635389349646,0.00049854610051633462,0.012593698273073667,0.24068465160781047,0.16550170893418825,0.75656657787347692,0.0084678563975818973,1.1251928183325466,0.36361351145319115,0.455158303311547,0.028824455341099627,10.352837249860993,0.0083222164387950111,1244,0.010352837249860993,8.3222164387950101e-06,0.44212218649517693,365_25_CALENDAR_DAYS_PER_YEAR,REPORTED,RESET_REPORTING_HIGH_WATER_MARK_TO_GROUP_INITIAL_WEALTH_NOT_PORTFOLIO_STATE,0.016314346590485914
llama_uniform_allocator,REGIME,POST2021:BEAR,380,2022-01-01,2025-04-11,1197,True,,-0.019729266903138254,-0.019729266903138254,-0.51919123429311198,5.0504479826415196e-05,0.014323423629379379,,,,0.010110843050387352,,,,0.035152296797519945,2.4526856856192323,0.0064544360147874534,380,0.002452685685619232,6.4544360147874526e-06,0.42157894736842111,NOT_APPLICABLE_CONDITIONAL_SELECTION,NOT_APPLICABLE_CONDITIONAL_SELECTION,NOT_APPLICABLE_CONDITIONAL_SELECTION,0.0028011758485260874
llama_uniform_allocator,REGIME,POST2021:BULL,388,2023-01-16,2025-05-28,864,True,,0.51982853997081024,0.51982853997081024,13.397642782752841,0.0014199954213481481,0.012648547517004902,,,,0.0076250422560530081,,,,0.025427999381696535,5.341149713779739,0.013765849777782833,388,0.0053411497137797401,1.3765849777782835e-05,0.47590206185567019,NOT_APPLICABLE_CONDITIONAL_SELECTION,NOT_APPLICABLE_CONDITIONAL_SELECTION,NOT_APPLICABLE_CONDITIONAL_SELECTION,0.0097749931530638993
llama_uniform_allocator,REGIME,POST2021:MIX,476,2022-03-25,2025-05-05,1138,True,,0.021517831175837512,0.021517831175837512,0.45205527680330909,0.00010512904038907796,0.010953647736116734,,,,0.007641470219773721,,,,0.025753433217782583,2.5590018504620216,0.005376054307693323,476,0.0025590018504620211,5.3760543076933215e-06,0.43098739495798333,NOT_APPLICABLE_CONDITIONAL_SELECTION,NOT_APPLICABLE_CONDITIONAL_SELECTION,NOT_APPLICABLE_CONDITIONAL_SELECTION,0.0037381775888959247
llama_uniform_allocator,YEAR,2021,364,2021-01-02,2021-12-31,364,False,0.28802193266501558,0.25310765600380619,,6.9535070330715989,0.00087958559275016016,0.019213520720029027,0.36719948663110108,,0.8749158140156974,0.013018233390943278,1.2912822052004727,0.2772209936624358,,0.041728586428913042,3.6785865659328625,0.010106007049266105,364,0.0036785865659328628,1.0106007049266106e-05,0.45851648351648361,365_25_CALENDAR_DAYS_PER_YEAR,NOT_APPLICABLE_REQUIRES_365_CALENDAR_DAYS_AND_CONTIGUOUS_DAILY_RECORDS,RESET_REPORTING_HIGH_WATER_MARK_TO_GROUP_INITIAL_WEALTH_NOT_PORTFOLIO_STATE,0.004495422666725632
llama_uniform_allocator,YEAR_REGIME,2021:BEAR,123,2021-05-14,2021-12-31,232,True,,0.038678261453055765,0.038678261453055765,3.1445741018744524,0.0004661080972738311,0.017452512046336875,,,,0.012350480452066603,,,,0.039083445590406364,1.2406747614173379,0.010086786678189739,123,0.0012406747614173382,1.0086786678189741e-05,0.40203252032520331,NOT_APPLICABLE_CONDITIONAL_SELECTION,NOT_APPLICABLE_CONDITIONAL_SELECTION,NOT_APPLICABLE_CONDITIONAL_SELECTION,0.0014689785806360882
llama_uniform_allocator,YEAR_REGIME,2021:BULL,143,2021-01-02,2021-11-17,320,True,,0.34795892062304562,0.34795892062304562,24.332791651961234,0.0026467101911878893,0.020662035659451856,,,,0.012379273731092034,,,,0.038043840489292997,1.5888685973292098,0.011110969212092377,143,0.0015888685973292098,1.1110969212092375e-05,0.49195804195804194,NOT_APPLICABLE_CONDITIONAL_SELECTION,NOT_APPLICABLE_CONDITIONAL_SELECTION,NOT_APPLICABLE_CONDITIONAL_SELECTION,0.0019025765376186085
llama_uniform_allocator,YEAR_REGIME,2021:MIX,98,2021-04-11,2021-12-04,238,True,,-0.1335295260722951,-0.1335295260722951,-13.625461844111745,-0.001180017321872358,0.019087147294669943,,,,0.014642932698976803,,,,0.049680266155044783,0.84904320718631454,0.0086637061957787198,98,0.00084904320718631461,8.6637061957787209e-06,0.48061224489795917,NOT_APPLICABLE_CONDITIONAL_SELECTION,NOT_APPLICABLE_CONDITIONAL_SELECTION,NOT_APPLICABLE_CONDITIONAL_SELECTION,0.0011238675484709346
llama_uniform_allocator,YEAR,2022,365,2022-01-01,2022-12-31,365,False,-0.33650682390083919,-0.41023670996636363,,-11.239361916886674,-0.0010158460031449855,0.014642399321227665,0.27983843212022508,-0.33669322870961294,-1.3258999124512658,0.011205316303855991,-1.7326022266244583,0.36361351145319115,-0.92596456980932695,0.038967966427003481,2.4226114738078577,0.0066372917090626237,365,0.0024226114738078583,6.6372917090626257e-06,0.42849315068493155,365_25_CALENDAR_DAYS_PER_YEAR,REPORTED,RESET_REPORTING_HIGH_WATER_MARK_TO_GROUP_INITIAL_WEALTH_NOT_PORTFOLIO_STATE,0.002504413697772183
llama_uniform_allocator,YEAR_REGIME,2022:BEAR,321,2022-01-01,2022-12-31,365,True,,-0.22834954272556912,-0.22834954272556912,-7.1136929197996617,-0.00060614525530488139,0.014492768851680249,,,,0.010680416888626297,,,,0.037016818580402851,2.1075880432573881,0.0065656948388080625,321,0.0021075880432573878,6.5656948388080616e-06,0.42554517133956393,NOT_APPLICABLE_CONDITIONAL_SELECTION,NOT_APPLICABLE_CONDITIONAL_SELECTION,NOT_APPLICABLE_CONDITIONAL_SELECTION,0.0021760222258304725
llama_uniform_allocator,YEAR_REGIME,2022:MIX,44,2022-03-25,2022-12-17,268,True,,-0.18188716724079459,-0.18188716724079459,-41.337992554726043,-0.0040047991862511992,0.015538149768314424,,,,0.014469550739621478,,,,0.052209945364661593,0.31502343055047,0.0071596234216015908,44,0.00031502343055047006,7.1596234216015918e-06,0.44999999999999996,NOT_APPLICABLE_CONDITIONAL_SELECTION,NOT_APPLICABLE_CONDITIONAL_SELECTION,NOT_APPLICABLE_CONDITIONAL_SELECTION,0.00032839147194171036
llama_uniform_allocator,YEAR,2023,365,2023-01-01,2023-12-31,365,False,0.55945127737136857,0.44433401410980244,,12.173534633145271,0.001271298844315054,0.010365065569030772,0.19809210458123944,0.55992595045166416,2.3440707234025195,0.0059099948981050513,4.111077448527543,0.093718692041958679,5.9745386779510365,0.020200548356829783,1.4328369568550499,0.0039255807037124656,365,0.0014328369568550499,3.9255807037124658e-06,0.44986301369863024,365_25_CALENDAR_DAYS_PER_YEAR,REPORTED,RESET_REPORTING_HIGH_WATER_MARK_TO_GROUP_INITIAL_WEALTH_NOT_PORTFOLIO_STATE,0.0015713120445347681
llama_uniform_allocator,YEAR_REGIME,2023:BEAR,1,2023-01-01,2023-01-01,1,True,,0.0019562683816581258,0.0019562683816581258,19.562683816581259,0.0019581831230277569,,,,,0,,,,-0.0019581831230277569,0.0010104178227280936,0.0010104178227280936,1,1.0104178227280936e-06,1.0104178227280936e-06,0.40000000000000002,NOT_APPLICABLE_CONDITIONAL_SELECTION,NOT_APPLICABLE_CONDITIONAL_SELECTION,NOT_APPLICABLE_CONDITIONAL_SELECTION,8.6349676931664749e-07
llama_uniform_allocator,YEAR_REGIME,2023:BULL,180,2023-01-16,2023-12-31,350,True,,0.15235049432664802,0.15235049432664802,8.4639163514804459,0.00089835131297823624,0.010209838930578719,,,,0.0062909710581578009,,,,0.020623560666820619,0.71915762734344901,0.0039953201519080505,180,0.000719157627343449,3.9953201519080503e-06,0.45000000000000018,NOT_APPLICABLE_CONDITIONAL_SELECTION,NOT_APPLICABLE_CONDITIONAL_SELECTION,NOT_APPLICABLE_CONDITIONAL_SELECTION,0.00082766001842740319
llama_uniform_allocator,YEAR_REGIME,2023:MIX,184,2023-01-02,2023-10-21,293,True,,0.29002725140149627,0.29002725140149627,15.762350619646536,0.0016324057538906762,0.010557565915849318,,,,0.0055290721050485032,,,,0.019426367961348136,0.7126689116888727,0.0038732006070047427,184,0.00071266891168887268,3.8732006070047432e-06,0.45000000000000007,NOT_APPLICABLE_CONDITIONAL_SELECTION,NOT_APPLICABLE_CONDITIONAL_SELECTION,NOT_APPLICABLE_CONDITIONAL_SELECTION,0.00074278852933804831
llama_uniform_allocator,YEAR,2024,366,2024-01-01,2024-12-31,366,False,0.5278252844400545,0.42384534156276688,,11.58047381319035,0.0012413293360817531,0.012910006197331372,0.24672977520057818,0.52649888998147731,1.8376198804350785,0.0078552131219096679,3.0201197187873081,0.10720692141838185,4.91105315790929,0.02574728049456625,4.1679438995066072,0.011387824862039909,366,0.0041679438995066067,1.1387824862039908e-05,0.45177595628415301,365_25_CALENDAR_DAYS_PER_YEAR,REPORTED,RESET_REPORTING_HIGH_WATER_MARK_TO_GROUP_INITIAL_WEALTH_NOT_PORTFOLIO_STATE,0.007441748563423195
llama_uniform_allocator,YEAR_REGIME,2024:BEAR,21,2024-07-05,2024-09-02,60,True,,0.12170486322608914,0.12170486322608914,57.954696774328163,0.005885244932752289,0.012488031812005864,,,,0.0042160037577271417,,,,0.016068336186350771,0.12348931466255764,0.0058804435553598874,21,0.00012348931466255763,5.8804435553598875e-06,0.40000000000000008,NOT_APPLICABLE_CONDITIONAL_SELECTION,NOT_APPLICABLE_CONDITIONAL_SELECTION,NOT_APPLICABLE_CONDITIONAL_SELECTION,0.00019823547259667198
llama_uniform_allocator,YEAR_REGIME,2024:BULL,153,2024-01-01,2024-12-31,366,True,,0.30602351028785946,0.30602351028785946,20.001536620121531,0.0021230313135175106,0.015651341638197497,,,,0.0092239301874816777,,,,0.030985887173308579,2.8772493090564715,0.01880555103958478,153,0.0028772493090564715,1.8805551039584781e-05,0.50196078431372537,NOT_APPLICABLE_CONDITIONAL_SELECTION,NOT_APPLICABLE_CONDITIONAL_SELECTION,NOT_APPLICABLE_CONDITIONAL_SELECTION,0.0053153714426670481
llama_uniform_allocator,YEAR_REGIME,2024:MIX,192,2024-01-15,2024-11-05,296,True,,-0.0038830319511816667,-0.0038830319511816667,-0.20224124745737845,3.0794804426793769e-05,0.010137047888189895,,,,0.0069196114212831611,,,,0.021704746571574295,1.1672052757875777,0.006079194144726967,192,0.0011672052757875778,6.0791941447269678e-06,0.4174479166666667,NOT_APPLICABLE_CONDITIONAL_SELECTION,NOT_APPLICABLE_CONDITIONAL_SELECTION,NOT_APPLICABLE_CONDITIONAL_SELECTION,0.001928141648159474
llama_uniform_allocator,YEAR,2025,148,2025-01-01,2025-05-28,148,False,0.065745397967280766,0.063674458537303871,,4.3023282795475586,0.00049070625006299802,0.011035718154278357,0.21090929142581488,,0.84979877663925696,0.0073699998706133613,1.2724748916530033,0.12489920277120463,,0.024278669230382532,2.3294449196914782,0.015739492700618096,148,0.0023294449196914783,1.5739492700618097e-05,0.43277027027027026,365_25_CALENDAR_DAYS_PER_YEAR,NOT_APPLICABLE_REQUIRES_365_CALENDAR_DAYS_AND_CONTIGUOUS_DAILY_RECORDS,RESET_REPORTING_HIGH_WATER_MARK_TO_GROUP_INITIAL_WEALTH_NOT_PORTFOLIO_STATE,0.0047968722847557656
llama_uniform_allocator,YEAR_REGIME,2025:BEAR,37,2025-02-27,2025-04-11,44,True,,0.084959144214683507,0.084959144214683507,22.961930868833381,0.0023842162858399695,0.013297239480366676,,,,0.0070842776300735098,,,,0.02081711213964239,0.22059790987655847,0.0059621056723394182,37,0.00022059790987655849,5.9621056723394183e-06,0.40000000000000008,NOT_APPLICABLE_CONDITIONAL_SELECTION,NOT_APPLICABLE_CONDITIONAL_SELECTION,NOT_APPLICABLE_CONDITIONAL_SELECTION,0.00042605465332962644
llama_uniform_allocator,YEAR_REGIME,2025:BULL,55,2025-01-01,2025-05-28,148,True,,0.061454535356302811,0.061454535356302811,11.173551882964148,0.0011714762941603593,0.010446317473862574,,,,0.0066300961409363323,,,,0.022216570894939006,1.7447427773798188,0.031722595952360343,55,0.001744742777379819,3.1722595952360349e-05,0.48818181818181822,NOT_APPLICABLE_CONDITIONAL_SELECTION,NOT_APPLICABLE_CONDITIONAL_SELECTION,NOT_APPLICABLE_CONDITIONAL_SELECTION,0.0036319616919694474
llama_uniform_allocator,YEAR_REGIME,2025:MIX,56,2025-01-10,2025-05-05,116,True,,-0.082739221033682503,-0.082739221033682503,-14.774860898871877,-0.0014289763168852665,0.0097979633981384023,,,,0.0081987397645142332,,,,0.026806288840628176,0.36410423243510082,0.0065018612934839431,56,0.00036410423243510076,6.5018612934839417e-06,0.39999999999999997,NOT_APPLICABLE_CONDITIONAL_SELECTION,NOT_APPLICABLE_CONDITIONAL_SELECTION,NOT_APPLICABLE_CONDITIONAL_SELECTION,0.00073885593945669165
llama_uniform_allocator,MONTH,2021-01,30,2021-01-02,2021-01-31,30,False,0.054680006040883092,0.053237409110109934,,17.745803036703311,0.0021188428937800965,0.026601248556076582,0.5083901569041992,,1.5222705562708505,0.017417791292933398,2.3248813099159631,0.12817436724554648,,0.055104155928685949,0.75372791509143622,0.025124263836381208,30,0.00075372791509143626,2.5124263836381208e-05,0.47833333333333317,365_25_CALENDAR_DAYS_PER_YEAR,NOT_APPLICABLE_REQUIRES_365_CALENDAR_DAYS_AND_CONTIGUOUS_DAILY_RECORDS,RESET_REPORTING_HIGH_WATER_MARK_TO_GROUP_INITIAL_WEALTH_NOT_PORTFOLIO_STATE,0.0007813448738056858
llama_uniform_allocator,MONTH,2021-02,28,2021-02-01,2021-02-28,28,False,0.16113175551992615,0.14939518079016115,,53.355421710771843,0.0056593411028590156,0.025580795630128623,0.48888775565252846,,4.2281164007887435,0.012744240295561121,8.4868598708582095,0.11129940232640995,,0.042599340832591717,0.31141978487640065,0.011122135174157166,28,0.00031141978487640064,1.1122135174157166e-05,0.48214285714285715,365_25_CALENDAR_DAYS_PER_YEAR,NOT_APPLICABLE_REQUIRES_365_CALENDAR_DAYS_AND_CONTIGUOUS_DAILY_RECORDS,RESET_REPORTING_HIGH_WATER_MARK_TO_GROUP_INITIAL_WEALTH_NOT_PORTFOLIO_STATE,0.00038383633322876926
llama_uniform_allocator,MONTH,2021-03,31,2021-03-01,2021-03-31,31,False,0.14641080700398754,0.13663602439247538,,44.07613690079851,0.0045806906218043434,0.018441373445052704,0.35244258251621163,,4.7471484225010672,0.0099003624701040419,8.8424981532534765,0.082903460674267002,,0.028109270374793386,0.23017818289164654,0.0074251026739240817,31,0.00023017818289164656,7.4251026739240826e-06,0.5,365_25_CALENDAR_DAYS_PER_YEAR,NOT_APPLICABLE_REQUIRES_365_CALENDAR_DAYS_AND_CONTIGUOUS_DAILY_RECORDS,RESET_REPORTING_HIGH_WATER_MARK_TO_GROUP_INITIAL_WEALTH_NOT_PORTFOLIO_STATE,0.0003097235984769945
llama_uniform_allocator,MONTH,2021-04,30,2021-04-01,2021-04-30,30,False,-0.0045871498851771993,-0.0045977031424941292,,-1.5325677141647098,9.8383644914582878e-07,0.017964064444772471,0.34332048446759117,,0.0010466787718995997,0.01061637232344873,0.0017710950914795805,0.12102474741137641,,0.029152141164576682,0.17440786351765702,0.0058135954505885677,30,0.000174407863517657,5.8135954505885667e-06,0.5,365_25_CALENDAR_DAYS_PER_YEAR,NOT_APPLICABLE_REQUIRES_365_CALENDAR_DAYS_AND_CONTIGUOUS_DAILY_RECORDS,RESET_REPORTING_HIGH_WATER_MARK_TO_GROUP_INITIAL_WEALTH_NOT_PORTFOLIO_STATE,0.00024018777611126832
llama_uniform_allocator,MONTH,2021-05,31,2021-05-01,2021-05-31,31,False,-0.17622754996346038,-0.19386094007816715,,-62.535787121989408,-0.005966995882453501,0.02329946914008919,0.44528815055219129,,-4.8944604597348089,0.020673292573931211,-5.5162151859050743,0.20453649074036123,,0.064687211506819026,0.44669990005660587,0.014409674195374382,31,0.00044669990005660585,1.4409674195374383e-05,0.41290322580645172,365_25_CALENDAR_DAYS_PER_YEAR,NOT_APPLICABLE_REQUIRES_365_CALENDAR_DAYS_AND_CONTIGUOUS_DAILY_RECORDS,RESET_REPORTING_HIGH_WATER_MARK_TO_GROUP_INITIAL_WEALTH_NOT_PORTFOLIO_STATE,0.00055070284227429342
llama_uniform_allocator,MONTH,2021-06,30,2021-06-01,2021-06-30,30,False,-0.022420472956237746,-0.022675632842438807,,-7.5585442808129351,-0.00057165782996663193,0.01947495508541576,0.37219589338843539,,-0.5609895920517427,0.014105021045447199,-0.77456439613890815,0.097053248255337898,,0.044718592491829225,0.41261366519058384,0.013753788839686127,30,0.00041261366519058392,1.375378883968613e-05,0.3683333333333334,365_25_CALENDAR_DAYS_PER_YEAR,NOT_APPLICABLE_REQUIRES_365_CALENDAR_DAYS_AND_CONTIGUOUS_DAILY_RECORDS,RESET_REPORTING_HIGH_WATER_MARK_TO_GROUP_INITIAL_WEALTH_NOT_PORTFOLIO_STATE,0.00046975794865938554
llama_uniform_allocator,MONTH,2021-07,31,2021-07-01,2021-07-31,31,False,0.074506717764170907,0.071861689071736887,,23.181190023140928,0.0023991603528869584,0.012758349520647194,0.24383138637147841,,3.5938495528911276,0.0070000082703258583,6.5502192211370351,0.064593456704160113,,0.017788531194613755,0.19108407528761018,0.006164002428632586,31,0.00019108407528761016,6.1640024286325859e-06,0.40000000000000013,365_25_CALENDAR_DAYS_PER_YEAR,NOT_APPLICABLE_REQUIRES_365_CALENDAR_DAYS_AND_CONTIGUOUS_DAILY_RECORDS,RESET_REPORTING_HIGH_WATER_MARK_TO_GROUP_INITIAL_WEALTH_NOT_PORTFOLIO_STATE,0.00021413257465920156
llama_uniform_allocator,MONTH,2021-08,31,2021-08-01,2021-08-31,31,False,0.060193348649214364,0.058451295876369706,,18.85525673431281,0.0019966181699467844,0.015076263539144524,0.28813023456539577,,2.5310248598973204,0.0082964633034053482,4.5993571497237786,0.033506805157894684,,0.020781225475239477,0.30510128228779887,0.0098419768479935128,31,0.00030510128228779883,9.8419768479935107e-06,0.45645161290322583,365_25_CALENDAR_DAYS_PER_YEAR,NOT_APPLICABLE_REQUIRES_365_CALENDAR_DAYS_AND_CONTIGUOUS_DAILY_RECORDS,RESET_REPORTING_HIGH_WATER_MARK_TO_GROUP_INITIAL_WEALTH_NOT_PORTFOLIO_STATE,0.00038311510246500616
llama_uniform_allocator,MONTH,2021-09,30,2021-09-01,2021-09-30,30,False,-0.026979290462323176,-0.027349912811253405,,-9.1166376037511352,-0.00074139908156601133,0.018622867240062457,0.35591120387537972,,-0.76085273965357747,0.014852555507103462,-0.953994721853065,0.11181589344348757,,0.051165245958094858,0.20117418009703464,0.0067058060032344881,30,0.00020117418009703465,6.7058060032344885e-06,0.4616666666666665,365_25_CALENDAR_DAYS_PER_YEAR,NOT_APPLICABLE_REQUIRES_365_CALENDAR_DAYS_AND_CONTIGUOUS_DAILY_RECORDS,RESET_REPORTING_HIGH_WATER_MARK_TO_GROUP_INITIAL_WEALTH_NOT_PORTFOLIO_STATE,0.00025415148004926384
llama_uniform_allocator,MONTH,2021-10,31,2021-10-01,2021-10-31,31,False,0.17624611926215059,0.16232811266622924,,52.363907311686852,0.0053875211886852759,0.016922024487499028,0.32340552234609798,,6.0845965149025201,0.0082608801481451107,12.464009811938871,0.057930907311358255,,0.026187538730148348,0.27685349419915162,0.0089307578773919882,31,0.00027685349419915163,8.9307578773919887e-06,0.48870967741935478,365_25_CALENDAR_DAYS_PER_YEAR,NOT_APPLICABLE_REQUIRES_365_CALENDAR_DAYS_AND_CONTIGUOUS_DAILY_RECORDS,RESET_REPORTING_HIGH_WATER_MARK_TO_GROUP_INITIAL_WEALTH_NOT_PORTFOLIO_STATE,0.00038809321968904544
llama_uniform_allocator,MONTH,2021-11,30,2021-11-01,2021-11-30,30,False,-0.033091547415021509,-0.03365145958754398,,-11.217153195847994,-0.00099029840531721374,0.016400690560812399,0.31344204126253233,,-1.15398206024046,0.012552165361203757,-1.5077958374599947,0.10562157975447355,,0.038861265164774242,0.18583826595919473,0.0061946088653064913,30,0.00018583826595919471,6.1946088653064906e-06,0.5,365_25_CALENDAR_DAYS_PER_YEAR,NOT_APPLICABLE_REQUIRES_365_CALENDAR_DAYS_AND_CONTIGUOUS_DAILY_RECORDS,RESET_REPORTING_HIGH_WATER_MARK_TO_GROUP_INITIAL_WEALTH_NOT_PORTFOLIO_STATE,0.00026993199966637496
llama_uniform_allocator,MONTH,2021-12,31,2021-12-01,2021-12-31,31,False,-0.092141189432704274,-0.096666407441378596,,-31.182712077864064,-0.0030030117902368186,0.015030698863186696,0.28725942458402753,,-3.8183257450032015,0.01306248489670492,-4.3936590081090596,0.096140341566888873,,0.037461086844389764,0.1894879564777423,0.0061125147250884618,31,0.00018948795647774232,6.1125147250884619e-06,0.45645161290322567,365_25_CALENDAR_DAYS_PER_YEAR,NOT_APPLICABLE_REQUIRES_365_CALENDAR_DAYS_AND_CONTIGUOUS_DAILY_RECORDS,RESET_REPORTING_HIGH_WATER_MARK_TO_GROUP_INITIAL_WEALTH_NOT_PORTFOLIO_STATE,0.00025044491764034246
llama_uniform_allocator,MONTH,2022-01,31,2022-01-01,2022-01-31,31,False,-0.076225804217901941,-0.079287614064544404,,-25.576649698240132,-0.0024787294114835376,0.012410036441691237,0.23717459578930278,,-3.8172550248537034,0.011210039591450661,-4.2258792735925681,0.12723327021192313,,0.038640878987419636,0.14893017360647809,0.0048041991485960672,31,0.00014893017360647807,4.8041991485960668e-06,0.44999999999999984,365_25_CALENDAR_DAYS_PER_YEAR,NOT_APPLICABLE_REQUIRES_365_CALENDAR_DAYS_AND_CONTIGUOUS_DAILY_RECORDS,RESET_REPORTING_HIGH_WATER_MARK_TO_GROUP_INITIAL_WEALTH_NOT_PORTFOLIO_STATE,0.00018120135799358454
llama_uniform_allocator,MONTH,2022-02,28,2022-02-01,2022-02-28,28,False,0.059756093482595467,0.05803878115867929,,20.728136128099749,0.002270683664778696,0.020340854120573897,0.38874453566059219,,2.1334504603417197,0.010285716091415903,4.219074705308957,0.078840441091806393,,0.030442947547441201,0.17658593740111156,0.0063066406214682697,28,0.00017658593740111159,6.3066406214682709e-06,0.4499999999999999,365_25_CALENDAR_DAYS_PER_YEAR,NOT_APPLICABLE_REQUIRES_365_CALENDAR_DAYS_AND_CONTIGUOUS_DAILY_RECORDS,RESET_REPORTING_HIGH_WATER_MARK_TO_GROUP_INITIAL_WEALTH_NOT_PORTFOLIO_STATE,0.00021495709751875779
llama_uniform_allocator,MONTH,2022-03,31,2022-03-01,2022-03-31,31,False,0.027879403777709547,0.027497848651158573,,8.8702737584382483,0.00099271388684881823,0.014755019629768188,0.28199077681971618,,1.2858177535478155,0.0097264369688645248,1.9505874817916282,0.067905196088367176,,0.032282133073633174,0.21345618164416047,0.0068856832788438864,31,0.00021345618164416043,6.8856832788438851e-06,0.44999999999999984,365_25_CALENDAR_DAYS_PER_YEAR,NOT_APPLICABLE_REQUIRES_365_CALENDAR_DAYS_AND_CONTIGUOUS_DAILY_RECORDS,RESET_REPORTING_HIGH_WATER_MARK_TO_GROUP_INITIAL_WEALTH_NOT_PORTFOLIO_STATE,0.0002652955471282035
llama_uniform_allocator,MONTH,2022-04,30,2022-04-01,2022-04-30,30,False,-0.079780413126783398,-0.083142956034989834,,-27.714318678329946,-0.0027051367638267652,0.011328219159441448,0.21649942873068703,,-4.5637589382132058,0.010047689907781598,-5.1453878371484825,0.089698546523892406,,0.027392666174207398,0.15805555281187467,0.0052685184270624885,30,0.00015805555281187469,5.2685184270624895e-06,0.4499999999999999,365_25_CALENDAR_DAYS_PER_YEAR,NOT_APPLICABLE_REQUIRES_365_CALENDAR_DAYS_AND_CONTIGUOUS_DAILY_RECORDS,RESET_REPORTING_HIGH_WATER_MARK_TO_GROUP_INITIAL_WEALTH_NOT_PORTFOLIO_STATE,0.00019610595767043386
llama_uniform_allocator,MONTH,2022-05,31,2022-05-01,2022-05-31,31,False,-0.067156735998763387,-0.069518083671116726,,-22.425188281005397,-0.0020674022509490067,0.018801125931178438,0.35931799749842902,,-2.1015331194547975,0.015166076296312501,-2.605234739391276,0.13235312609977459,,0.046456841971724436,0.25361751412105921,0.0081812101329373933,31,0.00025361751412105924,8.181210132937394e-06,0.44999999999999984,365_25_CALENDAR_DAYS_PER_YEAR,NOT_APPLICABLE_REQUIRES_365_CALENDAR_DAYS_AND_CONTIGUOUS_DAILY_RECORDS,RESET_REPORTING_HIGH_WATER_MARK_TO_GROUP_INITIAL_WEALTH_NOT_PORTFOLIO_STATE,0.00028110920969885722
llama_uniform_allocator,MONTH,2022-06,30,2022-06-01,2022-06-30,30,False,-0.18085973370503519,-0.19949994447588046,,-66.499981491960156,-0.0064439198907898362,0.019294900980234286,0.36875478668280504,,-6.3826744088763236,0.018349487353842505,-6.7115265039028458,0.19568184783611239,,0.0614567530290294,0.28446441139717482,0.0094821470465724939,30,0.0002844644113971748,9.4821470465724926e-06,0.40333333333333327,365_25_CALENDAR_DAYS_PER_YEAR,NOT_APPLICABLE_REQUIRES_365_CALENDAR_DAYS_AND_CONTIGUOUS_DAILY_RECORDS,RESET_REPORTING_HIGH_WATER_MARK_TO_GROUP_INITIAL_WEALTH_NOT_PORTFOLIO_STATE,0.00027568624556753753
llama_uniform_allocator,MONTH,2022-07,31,2022-07-01,2022-07-31,31,False,0.075278285896447417,0.072579498679759963,,23.412741509599989,0.0024362096826182587,0.013865492420492963,0.26499056434695678,,3.3579519662113504,0.0070168295306021009,6.635426631475787,0.04221336341207467,,0.021729670910827104,0.25555041279780066,0.0082435617031548607,31,0.00025555041279780067,8.2435617031548603e-06,0.40806451612903211,365_25_CALENDAR_DAYS_PER_YEAR,NOT_APPLICABLE_REQUIRES_365_CALENDAR_DAYS_AND_CONTIGUOUS_DAILY_RECORDS,RESET_REPORTING_HIGH_WATER_MARK_TO_GROUP_INITIAL_WEALTH_NOT_PORTFOLIO_STATE,0.00023908926538051178
llama_uniform_allocator,MONTH,2022-08,31,2022-08-01,2022-08-31,31,False,-0.055961061917666519,-0.057587865718736829,,-18.57673087701188,-0.0017967104479940314,0.010995076874280026,0.21013257499945681,,-3.1230212218715558,0.0095306770551810867,-3.6028771319891564,0.083588066211157594,,0.035043882132115976,0.19105109275900795,0.0061629384760970305,31,0.00019105109275900796,6.1629384760970311e-06,0.40161290322580662,365_25_CALENDAR_DAYS_PER_YEAR,NOT_APPLICABLE_REQUIRES_365_CALENDAR_DAYS_AND_CONTIGUOUS_DAILY_RECORDS,RESET_REPORTING_HIGH_WATER_MARK_TO_GROUP_INITIAL_WEALTH_NOT_PORTFOLIO_STATE,0.00018383395593532913
llama_uniform_allocator,MONTH,2022-09,30,2022-09-01,2022-09-30,30,False,-0.01040464740511224,-0.01045915416095769,,-3.4863847203192302,-0.00023658319353189923,0.015229101253755806,0.2910511948183821,,-0.29689626078136477,0.010598135163814578,-0.42662818952702308,0.081025704514028019,,0.037369714402739937,0.21223832675724691,0.0070746108919082307,30,0.00021223832675724692,7.0746108919082309e-06,0.44833333333333319,365_25_CALENDAR_DAYS_PER_YEAR,NOT_APPLICABLE_REQUIRES_365_CALENDAR_DAYS_AND_CONTIGUOUS_DAILY_RECORDS,RESET_REPORTING_HIGH_WATER_MARK_TO_GROUP_INITIAL_WEALTH_NOT_PORTFOLIO_STATE,0.00019640062793850588
llama_uniform_allocator,MONTH,2022-10,31,2022-10-01,2022-10-31,31,False,0.025578757765163752,0.02525709496232631,,8.1474499878471978,0.00083895495967031028,0.0070409797855622101,0.13456378975578492,,2.2771973023032919,0.0036010733449576555,4.4524780912072242,0.025846326918974261,,0.0096937490808315721,0.19606231540649227,0.0063245908195642669,31,0.00019606231540649229,6.3245908195642673e-06,0.41129032258064507,365_25_CALENDAR_DAYS_PER_YEAR,NOT_APPLICABLE_REQUIRES_365_CALENDAR_DAYS_AND_CONTIGUOUS_DAILY_RECORDS,RESET_REPORTING_HIGH_WATER_MARK_TO_GROUP_INITIAL_WEALTH_NOT_PORTFOLIO_STATE,0.00018029356088212895
llama_uniform_allocator,MONTH,2022-11,30,2022-11-01,2022-11-30,30,False,-0.074075499214991111,-0.076962580289503216,,-25.654193429834404,-0.0023963507408014265,0.018364741402107469,0.35097802808920081,,-2.4937945911966675,0.015263492891583633,-3.0004857408853183,0.12077412124319591,,0.05779269828235551,0.16138497863253642,0.0053794992877512137,30,0.00016138497863253643,5.3794992877512144e-06,0.41500000000000009,365_25_CALENDAR_DAYS_PER_YEAR,NOT_APPLICABLE_REQUIRES_365_CALENDAR_DAYS_AND_CONTIGUOUS_DAILY_RECORDS,RESET_REPORTING_HIGH_WATER_MARK_TO_GROUP_INITIAL_WEALTH_NOT_PORTFOLIO_STATE,0.00014200773445439483
llama_uniform_allocator,MONTH,2022-12,31,2022-12-01,2022-12-31,31,False,-0.017005481357456595,-0.01715173500255859,,-5.5328177427608356,-0.00053481758300840429,0.0061453477373942349,0.11744690456384781,,-1.6632377236270675,0.0046675425662581344,-2.1898405931055978,0.033762669665197823,,0.016107041695556094,0.17121457647291488,0.0055230508539649958,31,0.00017121457647291491,5.5230508539649976e-06,0.4064516129032259,365_25_CALENDAR_DAYS_PER_YEAR,NOT_APPLICABLE_REQUIRES_365_CALENDAR_DAYS_AND_CONTIGUOUS_DAILY_RECORDS,RESET_REPORTING_HIGH_WATER_MARK_TO_GROUP_INITIAL_WEALTH_NOT_PORTFOLIO_STATE,0.00014843313760393764
llama_uniform_allocator,MONTH,2023-01,31,2023-01-01,2023-01-31,31,False,0.16513916734003356,0.15284053682748611,,49.30339897660842,0.0049947938009083283,0.010450019841397868,0.19971570941946135,,9.1347267627810975,0.0037746960273883183,25.288943857780584,0.017453905702002781,,0.014784890235190366,0.1725389346146643,0.0055657720843440093,31,0.00017253893461466433,5.5657720843440107e-06,0.44838709677419336,365_25_CALENDAR_DAYS_PER_YEAR,NOT_APPLICABLE_REQUIRES_365_CALENDAR_DAYS_AND_CONTIGUOUS_DAILY_RECORDS,RESET_REPORTING_HIGH_WATER_MARK_TO_GROUP_INITIAL_WEALTH_NOT_PORTFOLIO_STATE,0.00015900180005526201
llama_uniform_allocator,MONTH,2023-02,28,2023-02-01,2023-02-28,28,False,0.0023458951370647872,0.0023431478208393499,,0.83683850744262489,0.00015440651108480523,0.012181362835104556,0.23280429676039141,,0.24225058969495925,0.0067251300568871315,0.43879334750861981,0.040230267184264798,,0.020580198330466072,0.1242205512272524,0.0044364482581161569,28,0.0001242205512272524,4.4364482581161569e-06,0.4499999999999999,365_25_CALENDAR_DAYS_PER_YEAR,NOT_APPLICABLE_REQUIRES_365_CALENDAR_DAYS_AND_CONTIGUOUS_DAILY_RECORDS,RESET_REPORTING_HIGH_WATER_MARK_TO_GROUP_INITIAL_WEALTH_NOT_PORTFOLIO_STATE,0.00012473893113263746
llama_uniform_allocator,MONTH,2023-03,31,2023-03-01,2023-03-31,31,False,0.1032844381873592,0.098291583896613272,,31.706962547294605,0.003305713224937184,0.01647978320699162,0.31495362154479833,,3.8336176275292222,0.0082249326424470859,7.6811799131508298,0.068468605330672533,,0.02560340609596486,0.20478264067105745,0.0066058916345502405,31,0.00020478264067105744,6.6058916345502399e-06,0.44999999999999984,365_25_CALENDAR_DAYS_PER_YEAR,NOT_APPLICABLE_REQUIRES_365_CALENDAR_DAYS_AND_CONTIGUOUS_DAILY_RECORDS,RESET_REPORTING_HIGH_WATER_MARK_TO_GROUP_INITIAL_WEALTH_NOT_PORTFOLIO_STATE,0.0002117165165109515
llama_uniform_allocator,MONTH,2023-04,30,2023-04-01,2023-04-30,30,False,0.01366255082223803,0.013570059665936168,,4.5233532219787227,0.00049448960904171504,0.0093264172040736504,0.17824196092667702,,1.0132986013141119,0.006188004384716673,1.5272202346043429,0.048108035812802326,,0.02067688064919004,0.11264147906091343,0.0037547159686971143,30,0.00011264147906091342,3.7547159686971142e-06,0.4499999999999999,365_25_CALENDAR_DAYS_PER_YEAR,NOT_APPLICABLE_REQUIRES_365_CALENDAR_DAYS_AND_CONTIGUOUS_DAILY_RECORDS,RESET_REPORTING_HIGH_WATER_MARK_TO_GROUP_INITIAL_WEALTH_NOT_PORTFOLIO_STATE,0.00012496719385747862
llama_uniform_allocator,MONTH,2023-05,31,2023-05-01,2023-05-31,31,False,-0.030870644707708013,-0.031357182407151123,,-10.11522013133907,-0.00097973917875810064,0.008037758052540981,0.15361373241091172,,-2.3295426094078611,0.006157375965916128,-3.0409544538376196,0.049622900044273451,,0.016892281616542364,0.10121963783413923,0.0032651496075528784,31,0.00010121963783413922,3.2651496075528778e-06,0.44999999999999984,365_25_CALENDAR_DAYS_PER_YEAR,NOT_APPLICABLE_REQUIRES_365_CALENDAR_DAYS_AND_CONTIGUOUS_DAILY_RECORDS,RESET_REPORTING_HIGH_WATER_MARK_TO_GROUP_INITIAL_WEALTH_NOT_PORTFOLIO_STATE,0.00011029595893025608
llama_uniform_allocator,MONTH,2023-06,30,2023-06-01,2023-06-30,30,False,0.054431269453529399,0.053001540484877187,,17.66718016162573,0.001829512718035431,0.011282114122690094,0.21561829163598698,,3.0991318741666194,0.0063317864861405435,5.5221002101298815,0.035188735435445463,,0.020102618719135431,0.13477350330011151,0.0044924501100037173,30,0.0001347735033001115,4.492450110003717e-06,0.4499999999999999,365_25_CALENDAR_DAYS_PER_YEAR,NOT_APPLICABLE_REQUIRES_365_CALENDAR_DAYS_AND_CONTIGUOUS_DAILY_RECORDS,RESET_REPORTING_HIGH_WATER_MARK_TO_GROUP_INITIAL_WEALTH_NOT_PORTFOLIO_STATE,0.0001468308004544894
llama_uniform_allocator,MONTH,2023-07,31,2023-07-01,2023-07-31,31,False,-0.017964754652422688,-0.018128079879106865,,-5.8477677029376984,-0.00056798234439849808,0.0058571260438464064,0.111938551386474,,-1.8532985171060479,0.0044879255583961629,-2.4187128040160673,0.033121368655401162,,0.015422893701310647,0.065261657708658549,0.0021052147647954373,31,6.5261657708658543e-05,2.1052147647954367e-06,0.44999999999999984,365_25_CALENDAR_DAYS_PER_YEAR,NOT_APPLICABLE_REQUIRES_365_CALENDAR_DAYS_AND_CONTIGUOUS_DAILY_RECORDS,RESET_REPORTING_HIGH_WATER_MARK_TO_GROUP_INITIAL_WEALTH_NOT_PORTFOLIO_STATE,7.4254131379464027e-05
llama_uniform_allocator,MONTH,2023-08,31,2023-08-01,2023-08-31,31,False,-0.050780036416115476,-0.052114722631706051,,-16.811200848937435,-0.0016347468159651651,0.0096155504413425377,0.18376773508541555,,-3.2491627230087339,0.007828275617838382,-3.9909795695015817,0.058744171612818141,,0.029096239867837936,0.081358255549028313,0.002624459856420268,31,8.1358255549028312e-05,2.6244598564202682e-06,0.44999999999999984,365_25_CALENDAR_DAYS_PER_YEAR,NOT_APPLICABLE_REQUIRES_365_CALENDAR_DAYS_AND_CONTIGUOUS_DAILY_RECORDS,RESET_REPORTING_HIGH_WATER_MARK_TO_GROUP_INITIAL_WEALTH_NOT_PORTFOLIO_STATE,8.8955147196510356e-05
llama_uniform_allocator,MONTH,2023-09,30,2023-09-01,2023-09-30,30,False,0.018028673336405784,0.017868084073912396,,5.9560280246374662,0.00060907999433531537,0.0052480664340590084,0.10029849960728435,,2.2180438271961638,0.0032118882369565364,3.6241738503983592,0.018690498229485378,,0.010892456406811912,0.072200604463639018,0.0024066868154546338,30,7.220060446363902e-05,2.4066868154546338e-06,0.4499999999999999,365_25_CALENDAR_DAYS_PER_YEAR,NOT_APPLICABLE_REQUIRES_365_CALENDAR_DAYS_AND_CONTIGUOUS_DAILY_RECORDS,RESET_REPORTING_HIGH_WATER_MARK_TO_GROUP_INITIAL_WEALTH_NOT_PORTFOLIO_STATE,7.7136722876000718e-05
llama_uniform_allocator,MONTH,2023-10,31,2023-10-01,2023-10-31,31,False,0.12182199155720172,0.11495414171274965,,37.081981197661179,0.0037682688554168337,0.01058376143788305,0.20227171392723428,,6.8045114797224366,0.0028301544162083968,25.446429986389795,0.019597840980703326,,0.0081347156695777741,0.11258257119346143,0.0036316958449503687,31,0.00011258257119346143,3.6316958449503685e-06,0.44999999999999984,365_25_CALENDAR_DAYS_PER_YEAR,NOT_APPLICABLE_REQUIRES_365_CALENDAR_DAYS_AND_CONTIGUOUS_DAILY_RECORDS,RESET_REPORTING_HIGH_WATER_MARK_TO_GROUP_INITIAL_WEALTH_NOT_PORTFOLIO_STATE,0.00012834504780774101
llama_uniform_allocator,MONTH,2023-11,30,2023-11-01,2023-11-30,30,False,0.040558483023482729,0.039757571926013167,,13.252523975337722,0.001373688562552396,0.0099356313025353079,0.18988496521845952,,2.6423353049306422,0.0059561575992092327,4.4077526375307077,0.024330500546846105,,0.020154426951927967,0.11171914542750899,0.0037239715142502999,30,0.000111719145427509,3.7239715142503e-06,0.4499999999999999,365_25_CALENDAR_DAYS_PER_YEAR,NOT_APPLICABLE_REQUIRES_365_CALENDAR_DAYS_AND_CONTIGUOUS_DAILY_RECORDS,RESET_REPORTING_HIGH_WATER_MARK_TO_GROUP_INITIAL_WEALTH_NOT_PORTFOLIO_STATE,0.00013917804068939264
llama_uniform_allocator,MONTH,2023-12,31,2023-12-01,2023-12-31,31,False,0.054753755546401384,0.053307332619339107,,17.195913748173904,0.0017749043722360127,0.010552204795828354,0.2016686186938757,,3.2145994064811374,0.0064019824447532634,5.2985323790659926,0.029867203131434691,,0.020877058376075466,0.13953797580461513,0.0045012250259553266,31,0.00013953797580461516,4.5012250259553276e-06,0.44999999999999984,365_25_CALENDAR_DAYS_PER_YEAR,NOT_APPLICABLE_REQUIRES_365_CALENDAR_DAYS_AND_CONTIGUOUS_DAILY_RECORDS,RESET_REPORTING_HIGH_WATER_MARK_TO_GROUP_INITIAL_WEALTH_NOT_PORTFOLIO_STATE,0.00018589175364458425
llama_uniform_allocator,MONTH,2024-01,31,2024-01-01,2024-01-31,31,False,0.0062365951293166131,0.0062172280512856008,,2.0055574358985808,0.00028191674023849626,0.012952445318024072,0.24754085108607116,,0.41597210690815456,0.0091400990441599193,0.58947457161240657,0.07303766162299262,,0.029784829299438792,0.14958688889921962,0.0048253835128780525,31,0.00014958688889921961,4.825383512878052e-06,0.44999999999999984,365_25_CALENDAR_DAYS_PER_YEAR,NOT_APPLICABLE_REQUIRES_365_CALENDAR_DAYS_AND_CONTIGUOUS_DAILY_RECORDS,RESET_REPORTING_HIGH_WATER_MARK_TO_GROUP_INITIAL_WEALTH_NOT_PORTFOLIO_STATE,0.00020147907545075227
llama_uniform_allocator,MONTH,2024-02,29,2024-02-01,2024-02-29,29,False,0.19539319890162712,0.17847516800052135,,61.543161379490122,0.0062443229594291655,0.012239280142561535,0.23391118424213694,,9.7504485231050726,0.0028964920388144743,41.201035387189691,0.01464812406320502,,0.0089363899135741654,0.16004398749121507,0.0055187581893522434,29,0.00016004398749121506,5.5187581893522432e-06,0.48448275862068968,365_25_CALENDAR_DAYS_PER_YEAR,NOT_APPLICABLE_REQUIRES_365_CALENDAR_DAYS_AND_CONTIGUOUS_DAILY_RECORDS,RESET_REPORTING_HIGH_WATER_MARK_TO_GROUP_INITIAL_WEALTH_NOT_PORTFOLIO_STATE,0.00023417784658343228
llama_uniform_allocator,MONTH,2024-03,31,2024-03-01,2024-03-31,31,False,0.089047192633942229,0.085303178763869905,,27.517154439958034,0.0029337283217154135,0.019212941027033144,0.36718840781979972,,2.9182410083937689,0.01190406006020007,4.7099890384791019,0.074055708806473219,,0.038102797630046981,0.31302870207192568,0.010097700066836312,31,0.00031302870207192563,1.009770006683631e-05,0.49838709677419352,365_25_CALENDAR_DAYS_PER_YEAR,NOT_APPLICABLE_REQUIRES_365_CALENDAR_DAYS_AND_CONTIGUOUS_DAILY_RECORDS,RESET_REPORTING_HIGH_WATER_MARK_TO_GROUP_INITIAL_WEALTH_NOT_PORTFOLIO_STATE,0.00052702867983571596
llama_uniform_allocator,MONTH,2024-04,30,2024-04-01,2024-04-30,30,False,-0.070980847288838841,-0.073625923899479251,,-24.54197463315975,-0.0023703304223102665,0.012899180458400817,0.2465228789302055,,-3.5118979240621955,0.010865605055472271,-4.1691746426165759,0.071933617219063592,,0.027722865058282135,0.39063594560122333,0.013021198186707444,30,0.00039063594560122332,1.3021198186707444e-05,0.45999999999999985,365_25_CALENDAR_DAYS_PER_YEAR,NOT_APPLICABLE_REQUIRES_365_CALENDAR_DAYS_AND_CONTIGUOUS_DAILY_RECORDS,RESET_REPORTING_HIGH_WATER_MARK_TO_GROUP_INITIAL_WEALTH_NOT_PORTFOLIO_STATE,0.00066297727469724068
llama_uniform_allocator,MONTH,2024-05,31,2024-05-01,2024-05-31,31,False,0.052327457536884579,0.051004337303513524,,16.45301203339146,0.0017251127774216646,0.012806121477833349,0.24474438084082795,,2.5745123944768045,0.0060936457672046531,5.4104750635975556,0.024721274867308664,,0.016953903775644832,0.16904752387773675,0.0054531459315398951,31,0.00016904752387773671,5.4531459315398939e-06,0.44999999999999984,365_25_CALENDAR_DAYS_PER_YEAR,NOT_APPLICABLE_REQUIRES_365_CALENDAR_DAYS_AND_CONTIGUOUS_DAILY_RECORDS,RESET_REPORTING_HIGH_WATER_MARK_TO_GROUP_INITIAL_WEALTH_NOT_PORTFOLIO_STATE,0.00028288305379398668
llama_uniform_allocator,MONTH,2024-06,30,2024-06-01,2024-06-30,30,False,-0.028022051504370888,-0.028422161511937653,,-9.4740538373125514,-0.00092428478370967608,0.0068401644149999469,0.13072590381844976,,-2.5824645872696066,0.0054944870429305629,-3.2149465882473871,0.063169861213130077,,0.016508124196209058,0.13364667274552233,0.0044548890915174109,30,0.00013364667274552234,4.4548890915174116e-06,0.40000000000000013,365_25_CALENDAR_DAYS_PER_YEAR,NOT_APPLICABLE_REQUIRES_365_CALENDAR_DAYS_AND_CONTIGUOUS_DAILY_RECORDS,RESET_REPORTING_HIGH_WATER_MARK_TO_GROUP_INITIAL_WEALTH_NOT_PORTFOLIO_STATE,0.00022587298751576367
llama_uniform_allocator,MONTH,2024-07,31,2024-07-01,2024-07-31,31,False,0.013872412649025643,0.013777071462347083,,4.4442166007571231,0.00049112062132842854,0.0098232408126825831,0.18773701270223395,,0.95549515973561661,0.0063196607811509993,1.4852156428127288,0.045571610369307423,,0.019451632749068238,0.13925540585609192,0.0044921098663255454,31,0.00013925540585609192,4.4921098663255458e-06,0.40000000000000013,365_25_CALENDAR_DAYS_PER_YEAR,NOT_APPLICABLE_REQUIRES_365_CALENDAR_DAYS_AND_CONTIGUOUS_DAILY_RECORDS,RESET_REPORTING_HIGH_WATER_MARK_TO_GROUP_INITIAL_WEALTH_NOT_PORTFOLIO_STATE,0.00023017421498337996
llama_uniform_allocator,MONTH,2024-08,31,2024-08-01,2024-08-31,31,False,-0.031535938930264761,-0.032043904650408177,,-10.33674343561554,-0.00093049395531966204,0.014623496978217255,0.27947717971101349,,-1.2160667913277692,0.0095861164568906213,-1.8550942008960507,0.072521178780656823,,0.026939095096306633,0.19510972585634778,0.0062938621243983153,31,0.00019510972585634777,6.2938621243983149e-06,0.40000000000000013,365_25_CALENDAR_DAYS_PER_YEAR,NOT_APPLICABLE_REQUIRES_365_CALENDAR_DAYS_AND_CONTIGUOUS_DAILY_RECORDS,RESET_REPORTING_HIGH_WATER_MARK_TO_GROUP_INITIAL_WEALTH_NOT_PORTFOLIO_STATE,0.00031888143512892478
llama_uniform_allocator,MONTH,2024-09,30,2024-09-01,2024-09-30,30,False,0.030610701921929592,0.030151541024508392,,10.050513674836131,0.0010438478560610236,0.0089027864882772444,0.17014573620928586,,2.240816831033118,0.0057306874802794672,3.4811728740533243,0.035535066055352456,,0.01513415950408566,0.12099218314207127,0.0040330727714023755,30,0.00012099218314207129,4.0330727714023762e-06,0.40000000000000013,365_25_CALENDAR_DAYS_PER_YEAR,NOT_APPLICABLE_REQUIRES_365_CALENDAR_DAYS_AND_CONTIGUOUS_DAILY_RECORDS,RESET_REPORTING_HIGH_WATER_MARK_TO_GROUP_INITIAL_WEALTH_NOT_PORTFOLIO_STATE,0.00019768343861375665
llama_uniform_allocator,MONTH,2024-10,31,2024-10-01,2024-10-31,31,False,0.037123656855277992,0.036451166936055365,,11.758440947114634,0.0012131214568326147,0.0086997057668406243,0.16626455598506676,,2.6649853871916589,0.0054347596416655999,4.2659823561933736,0.020688175811650004,,0.015779809948625528,0.81779024522842192,0.026380330491239418,31,0.00081779024522842208,2.6380330491239422e-05,0.4435483870967743,365_25_CALENDAR_DAYS_PER_YEAR,NOT_APPLICABLE_REQUIRES_365_CALENDAR_DAYS_AND_CONTIGUOUS_DAILY_RECORDS,RESET_REPORTING_HIGH_WATER_MARK_TO_GROUP_INITIAL_WEALTH_NOT_PORTFOLIO_STATE,0.0013964136797788194
llama_uniform_allocator,MONTH,2024-11,30,2024-11-01,2024-11-30,30,False,0.19434585770755966,0.17759863609782042,,59.199545365940139,0.0060845440481302289,0.017598040006628995,0.33632520298122554,,6.607829844091774,0.0067334816578131663,17.269647392355104,0.038954389203227573,,0.02458128138447431,0.45526651411615798,0.015175550470538599,30,0.00045526651411615797,1.5175550470538599e-05,0.53000000000000014,365_25_CALENDAR_DAYS_PER_YEAR,NOT_APPLICABLE_REQUIRES_365_CALENDAR_DAYS_AND_CONTIGUOUS_DAILY_RECORDS,RESET_REPORTING_HIGH_WATER_MARK_TO_GROUP_INITIAL_WEALTH_NOT_PORTFOLIO_STATE,0.00082537218558651013
llama_uniform_allocator,MONTH,2024-12,31,2024-12-01,2024-12-31,31,False,-0.020821178683360572,-0.02104099601532956,,-6.7874180694611486,-0.00061038111585126078,0.011850003093223873,0.22647151013154823,,-0.98441390016419761,0.008819596987592342,-1.3226576881425989,0.070596421395667533,,0.027113367867596733,1.1235401046206734,0.036243229181312044,31,0.0011235401046206736,3.6243229181312049e-05,0.50645161290322593,365_25_CALENDAR_DAYS_PER_YEAR,NOT_APPLICABLE_REQUIRES_365_CALENDAR_DAYS_AND_CONTIGUOUS_DAILY_RECORDS,RESET_REPORTING_HIGH_WATER_MARK_TO_GROUP_INITIAL_WEALTH_NOT_PORTFOLIO_STATE,0.0023388046914549127
llama_uniform_allocator,MONTH,2025-01,31,2025-01-01,2025-01-31,31,False,0.02741697589560322,0.027047862075516543,,8.7251167985537244,0.00092976550456261027,0.010827175205388411,0.20692371976048771,,1.6411692721094207,0.0075121230198786238,2.3654068502083141,0.046596521743736082,,0.024553553442512466,1.3784492849071861,0.04446610596474794,31,0.0013784492849071859,4.4466105964747933e-05,0.47741935483870984,365_25_CALENDAR_DAYS_PER_YEAR,NOT_APPLICABLE_REQUIRES_365_CALENDAR_DAYS_AND_CONTIGUOUS_DAILY_RECORDS,RESET_REPORTING_HIGH_WATER_MARK_TO_GROUP_INITIAL_WEALTH_NOT_PORTFOLIO_STATE,0.0028721743154787979
llama_uniform_allocator,MONTH,2025-02,28,2025-02-01,2025-02-28,28,False,-0.075851500967903968,-0.078882507015242687,,-28.172323934015246,-0.0027812884406595135,0.0081255930892113661,0.15529239301890571,,-6.5416314553618404,0.0075472010256620028,-7.0429600543458966,0.076583023413397858,,0.02005672581182473,0.24815490896163067,0.008862675320058239,28,0.00024815490896163062,8.862675320058237e-06,0.40535714285714297,365_25_CALENDAR_DAYS_PER_YEAR,NOT_APPLICABLE_REQUIRES_365_CALENDAR_DAYS_AND_CONTIGUOUS_DAILY_RECORDS,RESET_REPORTING_HIGH_WATER_MARK_TO_GROUP_INITIAL_WEALTH_NOT_PORTFOLIO_STATE,0.00050915548133106492
llama_uniform_allocator,MONTH,2025-03,31,2025-03-01,2025-03-31,31,False,-0.0045318518033837943,-0.0045421517741757551,,-1.4652102497341146,-5.1250015246410761e-05,0.014040260403128195,0.26833064524302658,,-0.069761200968296799,0.0095545808842575353,-0.10251265225496679,0.068506542802352022,,0.031170634842432463,0.18651070843823492,0.0060164744657495136,31,0.00018651070843823494,6.016474465749514e-06,0.40000000000000013,365_25_CALENDAR_DAYS_PER_YEAR,NOT_APPLICABLE_REQUIRES_365_CALENDAR_DAYS_AND_CONTIGUOUS_DAILY_RECORDS,RESET_REPORTING_HIGH_WATER_MARK_TO_GROUP_INITIAL_WEALTH_NOT_PORTFOLIO_STATE,0.00036374082854639326
llama_uniform_allocator,MONTH,2025-04,30,2025-04-01,2025-04-30,30,False,0.057076300389798544,0.055506890082072914,,18.502296694024306,0.0019157438859652264,0.011520120985070657,0.22016696332163577,,3.178158265854762,0.006550352872269116,5.5894344085414334,0.042223692797993088,,0.021319598475017479,0.14069078335954077,0.0046896927786513592,30,0.00014069078335954082,4.6896927786513607e-06,0.40000000000000013,365_25_CALENDAR_DAYS_PER_YEAR,NOT_APPLICABLE_REQUIRES_365_CALENDAR_DAYS_AND_CONTIGUOUS_DAILY_RECORDS,RESET_REPORTING_HIGH_WATER_MARK_TO_GROUP_INITIAL_WEALTH_NOT_PORTFOLIO_STATE,0.00027345266279594582
llama_uniform_allocator,MONTH,2025-05,28,2025-05-01,2025-05-28,28,False,0.066672900318547224,0.064544365169132811,,23.051558988976005,0.0023497965928582537,0.009365208781818804,0.17898332674094874,,4.795213169680788,0.0045411537625606622,9.8891547909324533,0.019651809934912223,,0.015934611582623492,0.37563923402488569,0.013415686929460203,28,0.00037563923402488577,1.3415686929460206e-05,0.48214285714285715,365_25_CALENDAR_DAYS_PER_YEAR,NOT_APPLICABLE_REQUIRES_365_CALENDAR_DAYS_AND_CONTIGUOUS_DAILY_RECORDS,RESET_REPORTING_HIGH_WATER_MARK_TO_GROUP_INITIAL_WEALTH_NOT_PORTFOLIO_STATE,0.00077834899660356367
numerical_frozen_W,FULL,FULL,1608,2021-01-02,2025-05-28,1608,False,1.1593282288778406,0.76979716817479482,,4.7872958219825552,0.00059441827284025938,0.015210223637284548,0.29069041497079079,0.19107466556432687,0.74688143458985579,0.010330735773301994,1.0996538775104658,0.48502448895360201,0.39394849108867425,0.034841835471182685,10.052659666699792,0.0062516540215794732,1608,0.010052659666699793,6.2516540215794728e-06,0.48224502487562193,365_25_CALENDAR_DAYS_PER_YEAR,REPORTED,RESET_REPORTING_HIGH_WATER_MARK_TO_GROUP_INITIAL_WEALTH_NOT_PORTFOLIO_STATE,0.012732283511825614
numerical_frozen_W,REGIME,FULL:BEAR,503,2021-05-14,2025-04-11,1429,True,,0.01617011839079241,0.01617011839079241,0.32147352665591272,0.00016471337357442918,0.016278998051684743,,,,0.011541190275426456,,,,0.039305418877987677,3.8064847122308985,0.0075675640402204742,503,0.003806484712230899,7.5675640402204752e-06,0.45079522862823068,NOT_APPLICABLE_CONDITIONAL_SELECTION,NOT_APPLICABLE_CONDITIONAL_SELECTION,NOT_APPLICABLE_CONDITIONAL_SELECTION,0.0042765030588605007
numerical_frozen_W,REGIME,FULL:BULL,531,2021-01-02,2025-05-28,1608,True,,0.89138424486492096,0.89138424486492096,16.78689726675934,0.0017986658762385616,0.015462209882560907,,,,0.0093312844148421385,,,,0.030999498832773784,3.372195728076008,0.0063506510886553822,531,0.003372195728076008,6.3506510886553821e-06,0.49783427495291904,NOT_APPLICABLE_CONDITIONAL_SELECTION,NOT_APPLICABLE_CONDITIONAL_SELECTION,NOT_APPLICABLE_CONDITIONAL_SELECTION,0.0045793644498127164
numerical_frozen_W,REGIME,FULL:MIX,574,2021-04-11,2025-05-05,1486,True,,-0.13775719508091833,-0.13775719508091833,-2.3999511338139081,-0.00014306241195727727,0.013909487391333243,,,,0.010084791076505581,,,,0.034273514746179984,2.8739792263928852,0.0050069324501618205,574,0.0028739792263928849,5.0069324501618206e-06,0.49538327526132409,NOT_APPLICABLE_CONDITIONAL_SELECTION,NOT_APPLICABLE_CONDITIONAL_SELECTION,NOT_APPLICABLE_CONDITIONAL_SELECTION,0.0038764160031523947
numerical_frozen_W,POST2021,POST2021,1244,2022-01-01,2025-05-28,1244,False,0.70194023326421662,0.53176891394367354,,4.2746697262353175,0.00052251632481256497,0.013789529166542212,0.26353879149074794,0.16898086276253693,0.72417835172659761,0.0093414902400265048,1.069002722940708,0.40275400774923653,0.41956345439459442,0.031658327978843478,6.3742692085805945,0.0051240106178300597,1244,0.0063742692085805939,5.1240106178300595e-06,0.48894694533762056,365_25_CALENDAR_DAYS_PER_YEAR,REPORTED,RESET_REPORTING_HIGH_WATER_MARK_TO_GROUP_INITIAL_WEALTH_NOT_PORTFOLIO_STATE,0.0082835121271098277
numerical_frozen_W,REGIME,POST2021:BEAR,380,2022-01-01,2025-04-11,1197,True,,-0.0074287412895785165,-0.0074287412895785165,-0.19549319183101357,0.00010493266327370728,0.015789723527546783,,,,0.011105884189756972,,,,0.038529890081489722,2.5660060586272255,0.006752647522703225,380,0.0025660060586272255,6.7526475227032251e-06,0.46578947368421053,NOT_APPLICABLE_CONDITIONAL_SELECTION,NOT_APPLICABLE_CONDITIONAL_SELECTION,NOT_APPLICABLE_CONDITIONAL_SELECTION,0.002837102283478323
numerical_frozen_W,REGIME,POST2021:BULL,388,2023-01-16,2025-05-28,864,True,,0.5434253242418754,0.5434253242418754,14.005807325821532,0.0014861134611928045,0.01305415270537804,,,,0.0079173331250514244,,,,0.026274515457539616,1.7833271307467986,0.0045962039452237076,388,0.0017833271307467987,4.5962039452237077e-06,0.5,NOT_APPLICABLE_CONDITIONAL_SELECTION,NOT_APPLICABLE_CONDITIONAL_SELECTION,NOT_APPLICABLE_CONDITIONAL_SELECTION,0.002681302629374268
numerical_frozen_W,REGIME,POST2021:MIX,476,2022-03-25,2025-05-05,1138,True,,-0.004227669008623286,-0.004227669008623286,-0.08881657581141357,7.0428304789945219e-05,0.012598619486321034,,,,0.0088598816668835293,,,,0.029914179037655492,2.0249360192065704,0.0042540672672406942,476,0.0020249360192065705,4.2540672672406942e-06,0.49842436974789917,NOT_APPLICABLE_CONDITIONAL_SELECTION,NOT_APPLICABLE_CONDITIONAL_SELECTION,NOT_APPLICABLE_CONDITIONAL_SELECTION,0.0027651072142572375
numerical_frozen_W,YEAR,2021,364,2021-01-02,2021-12-31,364,False,0.26874503973408176,0.23802825423112139,,6.5392377536022366,0.00084014910620963245,0.019312898015029008,0.36909873728060538,,0.83138854200353463,0.013161782437176819,1.2199352328773201,0.28803830442753098,,0.0424055632262232,3.6783904581191975,0.010105468291536256,364,0.0036783904581191977,1.0105468291536258e-05,0.45934065934065949,365_25_CALENDAR_DAYS_PER_YEAR,NOT_APPLICABLE_REQUIRES_365_CALENDAR_DAYS_AND_CONTIGUOUS_DAILY_RECORDS,RESET_REPORTING_HIGH_WATER_MARK_TO_GROUP_INITIAL_WEALTH_NOT_PORTFOLIO_STATE,0.0044487713847157842
numerical_frozen_W,YEAR_REGIME,2021:BEAR,123,2021-05-14,2021-12-31,232,True,,0.023598859680370954,0.023598859680370954,1.9186064780789394,0.0003494017468612123,0.017772889175142879,,,,0.012792808423055892,,,,0.041270077493803133,1.2404786536036729,0.010085192305720919,123,0.0012404786536036735,1.0085192305720922e-05,0.40447154471544727,NOT_APPLICABLE_CONDITIONAL_SELECTION,NOT_APPLICABLE_CONDITIONAL_SELECTION,NOT_APPLICABLE_CONDITIONAL_SELECTION,0.0014394007753821786
numerical_frozen_W,YEAR_REGIME,2021:BULL,143,2021-01-02,2021-11-17,320,True,,0.34795892062304562,0.34795892062304562,24.332791651961234,0.0026467101911878893,0.020662035659451856,,,,0.012379273731092034,,,,0.038043840489292997,1.5888685973292098,0.011110969212092377,143,0.0015888685973292098,1.1110969212092375e-05,0.49195804195804194,NOT_APPLICABLE_CONDITIONAL_SELECTION,NOT_APPLICABLE_CONDITIONAL_SELECTION,NOT_APPLICABLE_CONDITIONAL_SELECTION,0.0018980618204384484
numerical_frozen_W,YEAR_REGIME,2021:MIX,98,2021-04-11,2021-12-04,238,True,,-0.1335295260722951,-0.1335295260722951,-13.625461844111745,-0.001180017321872358,0.019087147294669943,,,,0.014642932698976803,,,,0.049680266155044783,0.84904320718631454,0.0086637061957787198,98,0.00084904320718631461,8.6637061957787209e-06,0.48061224489795917,NOT_APPLICABLE_CONDITIONAL_SELECTION,NOT_APPLICABLE_CONDITIONAL_SELECTION,NOT_APPLICABLE_CONDITIONAL_SELECTION,0.0011113087888951574
numerical_frozen_W,YEAR,2022,365,2022-01-01,2022-12-31,365,False,-0.37265147097951706,-0.46625302513014089,,-12.774055483017559,-0.001150665978954507,0.015837015452266061,0.30266935605293516,-0.37285178361567795,-1.388580443999851,0.012235749017411014,-1.7972720686774284,0.40275400774923653,-0.92575561370409409,0.042891299463560573,2.4389677181415581,0.0066821033373741321,365,0.0024389677181415582,6.6821033373741316e-06,0.46397260273972607,365_25_CALENDAR_DAYS_PER_YEAR,REPORTED,RESET_REPORTING_HIGH_WATER_MARK_TO_GROUP_INITIAL_WEALTH_NOT_PORTFOLIO_STATE,0.0024494431559379656
numerical_frozen_W,YEAR_REGIME,2022:BEAR,321,2022-01-01,2022-12-31,365,True,,-0.26644871782797436,-0.26644871782797436,-8.3005831099057428,-0.00070765455862297974,0.015616891166343141,,,,0.011625687993876617,,,,0.040548149635312399,2.2057213744833817,0.0068714061510385723,321,0.0022057213744833817,6.8714061510385721e-06,0.45965732087227418,NOT_APPLICABLE_CONDITIONAL_SELECTION,NOT_APPLICABLE_CONDITIONAL_SELECTION,NOT_APPLICABLE_CONDITIONAL_SELECTION,0.0022025898931019158
numerical_frozen_W,YEAR_REGIME,2022:MIX,44,2022-03-25,2022-12-17,268,True,,-0.19980430730216667,-0.19980430730216667,-45.410069841401516,-0.004382635659100422,0.017205114002016634,,,,0.015997280854877022,,,,0.058009696546766014,0.23324634365817604,0.0053010532649585464,44,0.00023324634365817602,5.3010532649585463e-06,0.49545454545454537,NOT_APPLICABLE_CONDITIONAL_SELECTION,NOT_APPLICABLE_CONDITIONAL_SELECTION,NOT_APPLICABLE_CONDITIONAL_SELECTION,0.00024685326283605002
numerical_frozen_W,YEAR,2023,365,2023-01-01,2023-12-31,365,False,0.62447021997713381,0.48518174415051418,,13.292650524671622,0.0013955565170249646,0.011496502093721031,0.21971557052878143,0.62501014755857043,2.319940351139552,0.0065664198838518654,4.0617565699344871,0.10376470063024161,6.0233407291922054,0.022444445859568438,1.4236670658702839,0.0039004577147131068,365,0.001423667065870284,3.9004577147131068e-06,0.49835616438356167,365_25_CALENDAR_DAYS_PER_YEAR,REPORTED,RESET_REPORTING_HIGH_WATER_MARK_TO_GROUP_INITIAL_WEALTH_NOT_PORTFOLIO_STATE,0.0014919360315376793
numerical_frozen_W,YEAR_REGIME,2023:BEAR,1,2023-01-01,2023-01-01,1,True,,0.0022006272932039777,0.0022006272932039777,22.006272932039778,0.0022030504506085347,,,,,0,,,,-0.0022030504506085347,0.0010422127693460737,0.0010422127693460737,1,1.0422127693460737e-06,1.0422127693460737e-06,0.45000000000000001,NOT_APPLICABLE_CONDITIONAL_SELECTION,NOT_APPLICABLE_CONDITIONAL_SELECTION,NOT_APPLICABLE_CONDITIONAL_SELECTION,8.2954439119144379e-07
numerical_frozen_W,YEAR_REGIME,2023:BULL,180,2023-01-16,2023-12-31,350,True,,0.16820295549066772,0.16820295549066772,9.3446086383704277,0.00099857344759348701,0.011344265966355479,,,,0.0069897317998026329,,,,0.02291453970292695,0.72609489704277674,0.004033860539126537,180,0.00072609489704277669,4.0338605391265371e-06,0.5,NOT_APPLICABLE_CONDITIONAL_SELECTION,NOT_APPLICABLE_CONDITIONAL_SELECTION,NOT_APPLICABLE_CONDITIONAL_SELECTION,0.00079889925020778661
numerical_frozen_W,YEAR_REGIME,2023:MIX,184,2023-01-02,2023-10-21,293,True,,0.31477816136664238,0.31477816136664238,17.107508769926216,0.0017795209657428034,0.011692237294179687,,,,0.0061431649315654632,,,,0.021584372432328747,0.69652995605816126,0.0037854888916204416,184,0.00069652995605816123,3.7854888916204415e-06,0.49701086956521739,NOT_APPLICABLE_CONDITIONAL_SELECTION,NOT_APPLICABLE_CONDITIONAL_SELECTION,NOT_APPLICABLE_CONDITIONAL_SELECTION,0.0006922072369387011
numerical_frozen_W,YEAR,2024,366,2024-01-01,2024-12-31,366,False,0.53774926568589088,0.43031983158120035,,11.757372447573781,0.001272265767874956,0.013900176715721782,0.26565343377040956,0.53639387155540419,1.7492530215812658,0.0086132961776284912,2.8229525165573186,0.12866659595520319,4.1688665777880383,0.027973820608846307,1.8377890679559521,0.0050212816064370272,366,0.0018377890679559523,5.0212816064370284e-06,0.5,365_25_CALENDAR_DAYS_PER_YEAR,REPORTED,RESET_REPORTING_HIGH_WATER_MARK_TO_GROUP_INITIAL_WEALTH_NOT_PORTFOLIO_STATE,0.0030057303352255199
numerical_frozen_W,YEAR_REGIME,2024:BEAR,21,2024-07-05,2024-09-02,60,True,,0.15158128498403739,0.15158128498403739,72.181564278113044,0.0073577610921077867,0.015609916577547062,,,,0.0052693617156459593,,,,0.0200839776927625,0.12902386797142323,0.0061439937129249157,21,0.00012902386797142322,6.1439937129249151e-06,0.5,NOT_APPLICABLE_CONDITIONAL_SELECTION,NOT_APPLICABLE_CONDITIONAL_SELECTION,NOT_APPLICABLE_CONDITIONAL_SELECTION,0.00019838273109786995
numerical_frozen_W,YEAR_REGIME,2024:BULL,153,2024-01-01,2024-12-31,366,True,,0.29388373995457973,0.29388373995457973,19.208087578730701,0.0020418402358821329,0.015531783832481652,,,,0.0093182130255266057,,,,0.031375309131485792,0.84510697225413112,0.0055235749820531444,153,0.00084510697225413114,5.5235749820531446e-06,0.5,NOT_APPLICABLE_CONDITIONAL_SELECTION,NOT_APPLICABLE_CONDITIONAL_SELECTION,NOT_APPLICABLE_CONDITIONAL_SELECTION,0.0014390647977942728
numerical_frozen_W,YEAR_REGIME,2024:MIX,192,2024-01-15,2024-11-05,296,True,,-0.015145193357416736,-0.015145193357416736,-0.78881215403212168,-6.5899374062291611e-06,0.012064358800079873,,,,0.0083182736186259883,,,,0.02592246438914992,0.8636582277303978,0.0044982199360958219,192,0.00086365822773039769,4.4982199360958213e-06,0.5,NOT_APPLICABLE_CONDITIONAL_SELECTION,NOT_APPLICABLE_CONDITIONAL_SELECTION,NOT_APPLICABLE_CONDITIONAL_SELECTION,0.001368282806333377
numerical_frozen_W,YEAR,2025,148,2025-01-01,2025-05-28,148,False,0.086020788226728651,0.082520363342099987,,5.5757002258175667,0.00064172966641135108,0.013020541550474161,0.24884227324401634,,0.94192902838055925,0.0086286459743145708,1.4213616004336149,0.1461602066568253,,0.02822162221512484,0.67384535661280043,0.0045530091663027053,148,0.00067384535661280044,4.5530091663027057e-06,0.5,365_25_CALENDAR_DAYS_PER_YEAR,NOT_APPLICABLE_REQUIRES_365_CALENDAR_DAYS_AND_CONTIGUOUS_DAILY_RECORDS,RESET_REPORTING_HIGH_WATER_MARK_TO_GROUP_INITIAL_WEALTH_NOT_PORTFOLIO_STATE,0.0013364026044086635
numerical_frozen_W,YEAR_REGIME,2025:BEAR,37,2025-02-27,2025-04-11,44,True,,0.1052380642611544,0.1052380642611544,28.442720070582268,0.0029814997831652218,0.016621613243225194,,,,0.0088548156143219668,,,,0.02602111983813496,0.23021860340307415,0.0062221244162993013,37,0.00023021860340307419,6.2221244162993022e-06,0.5,NOT_APPLICABLE_CONDITIONAL_SELECTION,NOT_APPLICABLE_CONDITIONAL_SELECTION,NOT_APPLICABLE_CONDITIONAL_SELECTION,0.00043530011488734552
numerical_frozen_W,YEAR_REGIME,2025:BULL,55,2025-01-01,2025-05-28,148,True,,0.081338628796627857,0.081338628796627857,14.788841599386883,0.0015357681142911654,0.010676205855119752,,,,0.0063852971243686194,,,,0.020804843804893312,0.21212526144989075,0.0038568229354525589,55,0.0002121252614498907,3.8568229354525578e-06,0.5,NOT_APPLICABLE_CONDITIONAL_SELECTION,NOT_APPLICABLE_CONDITIONAL_SELECTION,NOT_APPLICABLE_CONDITIONAL_SELECTION,0.00044333858137220861
numerical_frozen_W,YEAR_REGIME,2025:MIX,56,2025-01-10,2025-05-05,116,True,,-0.10405632971568227,-0.10405632971568227,-18.581487449228977,-0.0017822633506115598,0.012243742812155194,,,,0.010243093902372189,,,,0.033505629344628744,0.23150149175983553,0.0041339552099970631,56,0.00023150149175983552,4.133955209997063e-06,0.5,NOT_APPLICABLE_CONDITIONAL_SELECTION,NOT_APPLICABLE_CONDITIONAL_SELECTION,NOT_APPLICABLE_CONDITIONAL_SELECTION,0.00045776390814910922
numerical_frozen_W,MONTH,2021-01,30,2021-01-02,2021-01-31,30,False,0.054680006040883092,0.053237409110109934,,17.745803036703311,0.0021188428937800965,0.026601248556076582,0.5083901569041992,,1.5222705562708505,0.017417791292933398,2.3248813099159631,0.12817436724554648,,0.055104155928685949,0.75372791509143622,0.025124263836381208,30,0.00075372791509143626,2.5124263836381208e-05,0.47833333333333317,365_25_CALENDAR_DAYS_PER_YEAR,NOT_APPLICABLE_REQUIRES_365_CALENDAR_DAYS_AND_CONTIGUOUS_DAILY_RECORDS,RESET_REPORTING_HIGH_WATER_MARK_TO_GROUP_INITIAL_WEALTH_NOT_PORTFOLIO_STATE,0.0007813448738056858
numerical_frozen_W,MONTH,2021-02,28,2021-02-01,2021-02-28,28,False,0.16113175551992615,0.14939518079016115,,53.355421710771843,0.0056593411028590156,0.025580795630128623,0.48888775565252846,,4.2281164007887435,0.012744240295561121,8.4868598708582095,0.11129940232640995,,0.042599340832591717,0.31141978487640065,0.011122135174157166,28,0.00031141978487640064,1.1122135174157166e-05,0.48214285714285715,365_25_CALENDAR_DAYS_PER_YEAR,NOT_APPLICABLE_REQUIRES_365_CALENDAR_DAYS_AND_CONTIGUOUS_DAILY_RECORDS,RESET_REPORTING_HIGH_WATER_MARK_TO_GROUP_INITIAL_WEALTH_NOT_PORTFOLIO_STATE,0.00038383633322876926
numerical_frozen_W,MONTH,2021-03,31,2021-03-01,2021-03-31,31,False,0.14641080700398754,0.13663602439247538,,44.07613690079851,0.0045806906218043434,0.018441373445052704,0.35244258251621163,,4.7471484225010672,0.0099003624701040419,8.8424981532534765,0.082903460674267002,,0.028109270374793386,0.23017818289164654,0.0074251026739240817,31,0.00023017818289164656,7.4251026739240826e-06,0.5,365_25_CALENDAR_DAYS_PER_YEAR,NOT_APPLICABLE_REQUIRES_365_CALENDAR_DAYS_AND_CONTIGUOUS_DAILY_RECORDS,RESET_REPORTING_HIGH_WATER_MARK_TO_GROUP_INITIAL_WEALTH_NOT_PORTFOLIO_STATE,0.0003097235984769945
numerical_frozen_W,MONTH,2021-04,30,2021-04-01,2021-04-30,30,False,-0.0045871498851771993,-0.0045977031424941292,,-1.5325677141647098,9.8383644914582878e-07,0.017964064444772471,0.34332048446759117,,0.0010466787718995997,0.01061637232344873,0.0017710950914795805,0.12102474741137641,,0.029152141164576682,0.17440786351765702,0.0058135954505885677,30,0.000174407863517657,5.8135954505885667e-06,0.5,365_25_CALENDAR_DAYS_PER_YEAR,NOT_APPLICABLE_REQUIRES_365_CALENDAR_DAYS_AND_CONTIGUOUS_DAILY_RECORDS,RESET_REPORTING_HIGH_WATER_MARK_TO_GROUP_INITIAL_WEALTH_NOT_PORTFOLIO_STATE,0.00024018777611126832
numerical_frozen_W,MONTH,2021-05,31,2021-05-01,2021-05-31,31,False,-0.18855635657465758,-0.20894034185085197,,-67.400110274468375,-0.0064300565631229241,0.024133733983733217,0.46123221550334409,,-5.0919646996418875,0.021714340538277102,-5.6593070970355024,0.21644161790441166,,0.069332070411339958,0.4465037922429409,0.014403348136869061,31,0.0004465037922429409,1.4403348136869062e-05,0.42258064516129046,365_25_CALENDAR_DAYS_PER_YEAR,NOT_APPLICABLE_REQUIRES_365_CALENDAR_DAYS_AND_CONTIGUOUS_DAILY_RECORDS,RESET_REPORTING_HIGH_WATER_MARK_TO_GROUP_INITIAL_WEALTH_NOT_PORTFOLIO_STATE,0.00053742077902221321
numerical_frozen_W,MONTH,2021-06,30,2021-06-01,2021-06-30,30,False,-0.022420472956237746,-0.022675632842438807,,-7.5585442808129351,-0.00057165782996663193,0.01947495508541576,0.37219589338843539,,-0.5609895920517427,0.014105021045447199,-0.77456439613890815,0.097053248255337898,,0.044718592491829225,0.41261366519058384,0.013753788839686127,30,0.00041261366519058392,1.375378883968613e-05,0.3683333333333334,365_25_CALENDAR_DAYS_PER_YEAR,NOT_APPLICABLE_REQUIRES_365_CALENDAR_DAYS_AND_CONTIGUOUS_DAILY_RECORDS,RESET_REPORTING_HIGH_WATER_MARK_TO_GROUP_INITIAL_WEALTH_NOT_PORTFOLIO_STATE,0.00046272742111159331
numerical_frozen_W,MONTH,2021-07,31,2021-07-01,2021-07-31,31,False,0.074506717764170907,0.071861689071736887,,23.181190023140928,0.0023991603528869584,0.012758349520647194,0.24383138637147841,,3.5938495528911276,0.0070000082703258583,6.5502192211370351,0.064593456704160113,,0.017788531194613755,0.19108407528761018,0.006164002428632586,31,0.00019108407528761016,6.1640024286325859e-06,0.40000000000000013,365_25_CALENDAR_DAYS_PER_YEAR,NOT_APPLICABLE_REQUIRES_365_CALENDAR_DAYS_AND_CONTIGUOUS_DAILY_RECORDS,RESET_REPORTING_HIGH_WATER_MARK_TO_GROUP_INITIAL_WEALTH_NOT_PORTFOLIO_STATE,0.00021092780724798988
numerical_frozen_W,MONTH,2021-08,31,2021-08-01,2021-08-31,31,False,0.060193348649214364,0.058451295876369706,,18.85525673431281,0.0019966181699467844,0.015076263539144524,0.28813023456539577,,2.5310248598973204,0.0082964633034053482,4.5993571497237786,0.033506805157894684,,0.020781225475239477,0.30510128228779887,0.0098419768479935128,31,0.00030510128228779883,9.8419768479935107e-06,0.45645161290322583,365_25_CALENDAR_DAYS_PER_YEAR,NOT_APPLICABLE_REQUIRES_365_CALENDAR_DAYS_AND_CONTIGUOUS_DAILY_RECORDS,RESET_REPORTING_HIGH_WATER_MARK_TO_GROUP_INITIAL_WEALTH_NOT_PORTFOLIO_STATE,0.00037738129574700949
numerical_frozen_W,MONTH,2021-09,30,2021-09-01,2021-09-30,30,False,-0.026979290462323176,-0.027349912811253405,,-9.1166376037511352,-0.00074139908156601133,0.018622867240062457,0.35591120387537972,,-0.76085273965357747,0.014852555507103462,-0.953994721853065,0.11181589344348757,,0.051165245958094858,0.20117418009703464,0.0067058060032344881,30,0.00020117418009703465,6.7058060032344885e-06,0.4616666666666665,365_25_CALENDAR_DAYS_PER_YEAR,NOT_APPLICABLE_REQUIRES_365_CALENDAR_DAYS_AND_CONTIGUOUS_DAILY_RECORDS,RESET_REPORTING_HIGH_WATER_MARK_TO_GROUP_INITIAL_WEALTH_NOT_PORTFOLIO_STATE,0.00025034777861771202
numerical_frozen_W,MONTH,2021-10,31,2021-10-01,2021-10-31,31,False,0.17624611926215059,0.16232811266622924,,52.363907311686852,0.0053875211886852759,0.016922024487499028,0.32340552234609798,,6.0845965149025201,0.0082608801481451107,12.464009811938871,0.057930907311358255,,0.026187538730148348,0.27685349419915162,0.0089307578773919882,31,0.00027685349419915163,8.9307578773919887e-06,0.48870967741935478,365_25_CALENDAR_DAYS_PER_YEAR,NOT_APPLICABLE_REQUIRES_365_CALENDAR_DAYS_AND_CONTIGUOUS_DAILY_RECORDS,RESET_REPORTING_HIGH_WATER_MARK_TO_GROUP_INITIAL_WEALTH_NOT_PORTFOLIO_STATE,0.00038228490909010402
numerical_frozen_W,MONTH,2021-11,30,2021-11-01,2021-11-30,30,False,-0.033091547415021509,-0.03365145958754398,,-11.217153195847994,-0.00099029840531721374,0.016400690560812399,0.31344204126253233,,-1.15398206024046,0.012552165361203757,-1.5077958374599947,0.10562157975447355,,0.038861265164774242,0.18583826595919473,0.0061946088653064913,30,0.00018583826595919471,6.1946088653064906e-06,0.5,365_25_CALENDAR_DAYS_PER_YEAR,NOT_APPLICABLE_REQUIRES_365_CALENDAR_DAYS_AND_CONTIGUOUS_DAILY_RECORDS,RESET_REPORTING_HIGH_WATER_MARK_TO_GROUP_INITIAL_WEALTH_NOT_PORTFOLIO_STATE,0.00026589212260819844
numerical_frozen_W,MONTH,2021-12,31,2021-12-01,2021-12-31,31,False,-0.092141189432704274,-0.096666407441378596,,-31.182712077864064,-0.0030030117902368186,0.015030698863186696,0.28725942458402753,,-3.8183257450032015,0.01306248489670492,-4.3936590081090596,0.096140341566888873,,0.037461086844389764,0.1894879564777423,0.0061125147250884618,31,0.00018948795647774232,6.1125147250884619e-06,0.45645161290322567,365_25_CALENDAR_DAYS_PER_YEAR,NOT_APPLICABLE_REQUIRES_365_CALENDAR_DAYS_AND_CONTIGUOUS_DAILY_RECORDS,RESET_REPORTING_HIGH_WATER_MARK_TO_GROUP_INITIAL_WEALTH_NOT_PORTFOLIO_STATE,0.00024669668964824582
numerical_frozen_W,MONTH,2022-01,31,2022-01-01,2022-01-31,31,False,-0.079906466368143109,-0.083279947115640546,,-26.864499069561464,-0.0025955915426722148,0.013308875136612117,0.25435276485828834,,-3.7272636351691442,0.012062111926994258,-4.1125208107783076,0.13475078390860845,,0.042000449290728638,0.19976258759452881,0.0064439544385331872,31,0.00019976258759452881,6.4439544385331875e-06,0.46935483870967742,365_25_CALENDAR_DAYS_PER_YEAR,NOT_APPLICABLE_REQUIRES_365_CALENDAR_DAYS_AND_CONTIGUOUS_DAILY_RECORDS,RESET_REPORTING_HIGH_WATER_MARK_TO_GROUP_INITIAL_WEALTH_NOT_PORTFOLIO_STATE,0.00023957726318229994
numerical_frozen_W,MONTH,2022-02,28,2022-02-01,2022-02-28,28,False,0.065918107816164834,0.063836500856641235,,22.798750305943297,0.0025236201117626272,0.022600965720866353,0.43193869208041219,,2.1339886023679044,0.01142830035421597,4.2202428844149242,0.087312914665550592,,0.03382519222931088,0.17832857886580711,0.0063688778166359683,28,0.00017832857886580713,6.3688778166359686e-06,0.5,365_25_CALENDAR_DAYS_PER_YEAR,NOT_APPLICABLE_REQUIRES_365_CALENDAR_DAYS_AND_CONTIGUOUS_DAILY_RECORDS,RESET_REPORTING_HIGH_WATER_MARK_TO_GROUP_INITIAL_WEALTH_NOT_PORTFOLIO_STATE,0.00021346672235012911
numerical_frozen_W,MONTH,2022-03,31,2022-03-01,2022-03-31,31,False,0.030630743010716544,0.030170986673475765,,9.7325763462825048,0.001103719700201092,0.016394393710784234,0.31332169891968803,,1.2866444356979621,0.010806734985937518,1.9519082749850787,0.075381986758212671,,0.035867770740765234,0.2153440461889472,0.0069465821351273292,31,0.00021534404618894719,6.9465821351273283e-06,0.5,365_25_CALENDAR_DAYS_PER_YEAR,NOT_APPLICABLE_REQUIRES_365_CALENDAR_DAYS_AND_CONTIGUOUS_DAILY_RECORDS,RESET_REPORTING_HIGH_WATER_MARK_TO_GROUP_INITIAL_WEALTH_NOT_PORTFOLIO_STATE,0.00026363828693098414
numerical_frozen_W,MONTH,2022-04,30,2022-04-01,2022-04-30,30,False,-0.088454115931838453,-0.092613347053962944,,-30.871115684654313,-0.0030051802496610324,0.012587017000815373,0.24055696237380503,,-4.5629196318294438,0.011163843348566739,-5.144603447572111,0.09935888703814956,,0.030435845914774107,0.15979881377877531,0.0053266271259591767,30,0.00015979881377877533,5.3266271259591776e-06,0.5,365_25_CALENDAR_DAYS_PER_YEAR,NOT_APPLICABLE_REQUIRES_365_CALENDAR_DAYS_AND_CONTIGUOUS_DAILY_RECORDS,RESET_REPORTING_HIGH_WATER_MARK_TO_GROUP_INITIAL_WEALTH_NOT_PORTFOLIO_STATE,0.00019521357620621107
numerical_frozen_W,MONTH,2022-05,31,2022-05-01,2022-05-31,31,False,-0.077494360175248453,-0.080661789454975985,,-26.019932082250318,-0.0024065876052704821,0.019805316036961052,0.37850959162094805,,-2.3222822942497827,0.016252466511108246,-2.8299418265664618,0.14422997930694065,,0.051617604462442304,0.24307502921375751,0.0078411299746373384,31,0.00024307502921375751,7.8411299746373388e-06,0.46451612903225792,365_25_CALENDAR_DAYS_PER_YEAR,NOT_APPLICABLE_REQUIRES_365_CALENDAR_DAYS_AND_CONTIGUOUS_DAILY_RECORDS,RESET_REPORTING_HIGH_WATER_MARK_TO_GROUP_INITIAL_WEALTH_NOT_PORTFOLIO_STATE,0.00026229522811211075
numerical_frozen_W,MONTH,2022-06,30,2022-06-01,2022-06-30,30,False,-0.19242408701256392,-0.21371821841241667,,-71.23940613747223,-0.0068897552207229295,0.020515983700681736,0.39209152723213081,,-6.4181011819702256,0.019644200502124339,-6.7029278806428421,0.20703694740331219,,0.066666470191940025,0.29834763543656723,0.0099449211812189069,30,0.00029834763543656726,9.9449211812189088e-06,0.41833333333333322,365_25_CALENDAR_DAYS_PER_YEAR,NOT_APPLICABLE_REQUIRES_365_CALENDAR_DAYS_AND_CONTIGUOUS_DAILY_RECORDS,RESET_REPORTING_HIGH_WATER_MARK_TO_GROUP_INITIAL_WEALTH_NOT_PORTFOLIO_STATE,0.00028372031711171482
numerical_frozen_W,MONTH,2022-07,31,2022-07-01,2022-07-31,31,False,0.075278285896447417,0.072579498679759963,,23.412741509599989,0.0024362096826182587,0.013865492420492963,0.26499056434695678,,3.3579519662113504,0.0070168295306021009,6.635426631475787,0.04221336341207467,,0.021729670910827104,0.25555041279780066,0.0082435617031548607,31,0.00025555041279780067,8.2435617031548603e-06,0.40806451612903211,365_25_CALENDAR_DAYS_PER_YEAR,NOT_APPLICABLE_REQUIRES_365_CALENDAR_DAYS_AND_CONTIGUOUS_DAILY_RECORDS,RESET_REPORTING_HIGH_WATER_MARK_TO_GROUP_INITIAL_WEALTH_NOT_PORTFOLIO_STATE,0.00022846973017393298
numerical_frozen_W,MONTH,2022-08,31,2022-08-01,2022-08-31,31,False,-0.067847683722155494,-0.07025904816702315,,-22.664209086136498,-0.0021777724934752612,0.013227543043579804,0.25279838535422561,,-3.1465050780576242,0.011543609440997785,-3.6055041163322779,0.10089516494552489,,0.042722225749891284,0.18818877977230913,0.0060706057991067467,31,0.00018818877977230914,6.070605799106746e-06,0.4693548387096772,365_25_CALENDAR_DAYS_PER_YEAR,NOT_APPLICABLE_REQUIRES_365_CALENDAR_DAYS_AND_CONTIGUOUS_DAILY_RECORDS,RESET_REPORTING_HIGH_WATER_MARK_TO_GROUP_INITIAL_WEALTH_NOT_PORTFOLIO_STATE,0.0001722469651747867
numerical_frozen_W,MONTH,2022-09,30,2022-09-01,2022-09-30,30,False,-0.014116232708952264,-0.014216814400216764,,-4.738938133405588,-0.00034883364048640859,0.016063676551803064,0.30700119302347362,,-0.41501951810955579,0.011457136826443622,-0.58188528273572881,0.08807485941543941,,0.040673695806762632,0.25891050965101847,0.008630350321700616,30,0.00025891050965101849,8.6303503217006158e-06,0.47333333333333333,365_25_CALENDAR_DAYS_PER_YEAR,NOT_APPLICABLE_REQUIRES_365_CALENDAR_DAYS_AND_CONTIGUOUS_DAILY_RECORDS,RESET_REPORTING_HIGH_WATER_MARK_TO_GROUP_INITIAL_WEALTH_NOT_PORTFOLIO_STATE,0.00022665202943443244
numerical_frozen_W,MONTH,2022-10,31,2022-10-01,2022-10-31,31,False,0.028221260311800018,0.027830377639851779,,8.9775411741457365,0.0009317096252857203,0.0083486177521465976,0.15955473217731519,,2.1328539491854235,0.0043435150484782371,4.0995327848913341,0.032238156582689984,,0.011190430606181035,0.10341869546115368,0.0033360869503597959,31,0.00010341869546115368,3.3360869503597959e-06,0.5,365_25_CALENDAR_DAYS_PER_YEAR,NOT_APPLICABLE_REQUIRES_365_CALENDAR_DAYS_AND_CONTIGUOUS_DAILY_RECORDS,RESET_REPORTING_HIGH_WATER_MARK_TO_GROUP_INITIAL_WEALTH_NOT_PORTFOLIO_STATE,8.9928092568020371e-05
numerical_frozen_W,MONTH,2022-11,30,2022-11-01,2022-11-30,30,False,-0.085779551396251569,-0.089683545577320514,,-29.894515192440174,-0.0027924772170372591,0.019740614931967135,0.37727305549181145,,-2.7034856814602186,0.01680292409139483,-3.1761418144550317,0.13356115993027332,,0.064212303695258904,0.21137833592799299,0.0070459445309330997,30,0.00021137833592799299,7.0459445309331001e-06,0.43000000000000005,365_25_CALENDAR_DAYS_PER_YEAR,NOT_APPLICABLE_REQUIRES_365_CALENDAR_DAYS_AND_CONTIGUOUS_DAILY_RECORDS,RESET_REPORTING_HIGH_WATER_MARK_TO_GROUP_INITIAL_WEALTH_NOT_PORTFOLIO_STATE,0.000171826220723809
numerical_frozen_W,MONTH,2022-12,31,2022-12-01,2022-12-31,31,False,-0.016106558348462748,-0.016237678798313115,,-5.2379609026816496,-0.0005035278702522646,0.0064464471119184399,0.12320136973248175,,-1.4927882296194248,0.0047634373964577249,-2.0202176643891971,0.034689493967445646,,0.016107041695556094,0.12686429345289996,0.0040923965629967732,31,0.00012686429345289994,4.0923965629967723e-06,0.43709677419354825,365_25_CALENDAR_DAYS_PER_YEAR,NOT_APPLICABLE_REQUIRES_365_CALENDAR_DAYS_AND_CONTIGUOUS_DAILY_RECORDS,RESET_REPORTING_HIGH_WATER_MARK_TO_GROUP_INITIAL_WEALTH_NOT_PORTFOLIO_STATE,0.00010240872396953449
numerical_frozen_W,MONTH,2023-01,31,2023-01-01,2023-01-31,31,False,0.17743643361461528,0.16333956125982732,,52.690181051557204,0.0053455115387562192,0.011439965113179316,0.21863506318537984,,8.930169118734792,0.0041935893714433311,24.361188977822128,0.019392438947491868,,0.016427126647763624,0.15121534571770029,0.0048779143779903323,31,0.00015121534571770033,4.8779143779903334e-06,0.48064516129032253,365_25_CALENDAR_DAYS_PER_YEAR,NOT_APPLICABLE_REQUIRES_365_CALENDAR_DAYS_AND_CONTIGUOUS_DAILY_RECORDS,RESET_REPORTING_HIGH_WATER_MARK_TO_GROUP_INITIAL_WEALTH_NOT_PORTFOLIO_STATE,0.00013301393672144615
numerical_frozen_W,MONTH,2023-02,28,2023-02-01,2023-02-28,28,False,0.0023775525055685096,0.0023747305995448914,,0.84811807126603267,0.00017201386316975653,0.013534780905606359,0.25867016631793943,,0.24288871197279729,0.0074720045103290706,0.43996835072198837,0.044641783344249841,,0.022865978620417355,0.12539314768356852,0.0044783267029845902,28,0.00012539314768356851,4.4783267029845899e-06,0.5,365_25_CALENDAR_DAYS_PER_YEAR,NOT_APPLICABLE_REQUIRES_365_CALENDAR_DAYS_AND_CONTIGUOUS_DAILY_RECORDS,RESET_REPORTING_HIGH_WATER_MARK_TO_GROUP_INITIAL_WEALTH_NOT_PORTFOLIO_STATE,0.00011860826639449655
numerical_frozen_W,MONTH,2023-03,31,2023-03-01,2023-03-31,31,False,0.11485516054937314,0.10872449562165545,,35.0724179424695,0.0036736890091618878,0.018310940708670918,0.34994981533745328,,3.8343066685218279,0.0091384719024790832,7.6828777081558028,0.075858519641980787,,0.028447807864827385,0.20662474866920488,0.0066653144732001573,31,0.0002066247486692049,6.6653144732001579e-06,0.5,365_25_CALENDAR_DAYS_PER_YEAR,NOT_APPLICABLE_REQUIRES_365_CALENDAR_DAYS_AND_CONTIGUOUS_DAILY_RECORDS,RESET_REPORTING_HIGH_WATER_MARK_TO_GROUP_INITIAL_WEALTH_NOT_PORTFOLIO_STATE,0.00020182345692038327
numerical_frozen_W,MONTH,2023-04,30,2023-04-01,2023-04-30,30,False,0.015045177593310949,0.014933121447361201,,4.977707149120401,0.00054981257826669148,0.010362656014927326,0.19804605435220085,,1.0140017425178123,0.0068753073699822113,1.5283318535148176,0.05337931296059116,,0.022973607673791228,0.11376707312468504,0.0037922357708228345,30,0.00011376707312468504,3.7922357708228347e-06,0.5,365_25_CALENDAR_DAYS_PER_YEAR,NOT_APPLICABLE_REQUIRES_365_CALENDAR_DAYS_AND_CONTIGUOUS_DAILY_RECORDS,RESET_REPORTING_HIGH_WATER_MARK_TO_GROUP_INITIAL_WEALTH_NOT_PORTFOLIO_STATE,0.00012013614920281356
numerical_frozen_W,MONTH,2023-05,31,2023-05-01,2023-05-31,31,False,-0.034349133029620782,-0.034952931453773539,,-11.275139178636627,-0.0010882699948629752,0.0089308370304570645,0.1706818245628075,,-2.3288397381610664,0.0068413481119359567,-3.0401154613492185,0.055028593641404645,,0.018769068198583681,0.10226517971079868,0.0032988767648644735,31,0.00010226517971079866,3.2988767648644728e-06,0.5,365_25_CALENDAR_DAYS_PER_YEAR,NOT_APPLICABLE_REQUIRES_365_CALENDAR_DAYS_AND_CONTIGUOUS_DAILY_RECORDS,RESET_REPORTING_HIGH_WATER_MARK_TO_GROUP_INITIAL_WEALTH_NOT_PORTFOLIO_STATE,0.00010584236418421566
numerical_frozen_W,MONTH,2023-06,30,2023-06-01,2023-06-30,30,False,0.060428645063334452,0.058673208518776818,,19.557736172925605,0.0020332477944268587,0.012535829042828354,0.23957868295440984,,3.0997906314383155,0.0070351361666613089,5.5234816361362444,0.039050622747778839,,0.022335730535817271,0.13606287347416535,0.0045354291158055116,30,0.00013606287347416534,4.535429115805511e-06,0.5,365_25_CALENDAR_DAYS_PER_YEAR,NOT_APPLICABLE_REQUIRES_365_CALENDAR_DAYS_AND_CONTIGUOUS_DAILY_RECORDS,RESET_REPORTING_HIGH_WATER_MARK_TO_GROUP_INITIAL_WEALTH_NOT_PORTFOLIO_STATE,0.00014077050461395633
numerical_frozen_W,MONTH,2023-07,31,2023-07-01,2023-07-31,31,False,-0.019997481673171155,-0.020200137599567253,,-6.5161734192152432,-0.00063087926905947716,0.0065078448990516192,0.12437477445325669,,-1.8526960473851968,0.0049863993753870711,-2.4179889362618323,0.036760953145897585,,0.01713588566119947,0.065935422544683653,0.002126949114344634,31,6.5935422544683648e-05,2.126949114344634e-06,0.5,365_25_CALENDAR_DAYS_PER_YEAR,NOT_APPLICABLE_REQUIRES_365_CALENDAR_DAYS_AND_CONTIGUOUS_DAILY_RECORDS,RESET_REPORTING_HIGH_WATER_MARK_TO_GROUP_INITIAL_WEALTH_NOT_PORTFOLIO_STATE,7.1576276055371901e-05
numerical_frozen_W,MONTH,2023-08,31,2023-08-01,2023-08-31,31,False,-0.056421598676787886,-0.058075821363819259,,-18.734135923812666,-0.0018161211615228797,0.010683794932035794,0.20418350553659359,,-3.2487357512203587,0.0086978372666607438,-3.9905122952176031,0.06520322579541464,,0.032328759231859724,0.082215090065962837,0.0026520996795471883,31,8.2215090065962837e-05,2.6520996795471881e-06,0.5,365_25_CALENDAR_DAYS_PER_YEAR,NOT_APPLICABLE_REQUIRES_365_CALENDAR_DAYS_AND_CONTIGUOUS_DAILY_RECORDS,RESET_REPORTING_HIGH_WATER_MARK_TO_GROUP_INITIAL_WEALTH_NOT_PORTFOLIO_STATE,8.5378427617628747e-05
numerical_frozen_W,MONTH,2023-09,30,2023-09-01,2023-09-30,30,False,0.020008388936226754,0.019810851709640264,,6.6036172365467554,0.00067699788574385373,0.0058312194992044767,0.11144343807374389,,2.2188249217896328,0.003568666960947796,3.6255709178937368,0.02075529096394961,,0.012102664295678373,0.072951729301364954,0.0024317243100454985,30,7.2951729301364932e-05,2.4317243100454978e-06,0.5,365_25_CALENDAR_DAYS_PER_YEAR,NOT_APPLICABLE_REQUIRES_365_CALENDAR_DAYS_AND_CONTIGUOUS_DAILY_RECORDS,RESET_REPORTING_HIGH_WATER_MARK_TO_GROUP_INITIAL_WEALTH_NOT_PORTFOLIO_STATE,7.3826496603693329e-05
numerical_frozen_W,MONTH,2023-10,31,2023-10-01,2023-10-31,31,False,0.13600020126821324,0.12751349747166685,,41.133386281182851,0.0041873382348138321,0.011759727135521413,0.22474619982499322,,6.8051219173302799,0.00314440651705028,25.450391492901474,0.02176753738578981,,0.0090381279393318796,0.11353083707796247,0.0036622850670310473,31,0.00011353083707796248,3.6622850670310478e-06,0.5,365_25_CALENDAR_DAYS_PER_YEAR,NOT_APPLICABLE_REQUIRES_365_CALENDAR_DAYS_AND_CONTIGUOUS_DAILY_RECORDS,RESET_REPORTING_HIGH_WATER_MARK_TO_GROUP_INITIAL_WEALTH_NOT_PORTFOLIO_STATE,0.00012347506180843362
numerical_frozen_W,MONTH,2023-11,30,2023-11-01,2023-11-30,30,False,0.044990565806641312,0.044007857439793859,,14.669285813264619,0.0015266980658315665,0.011039577099449714,0.21098304171377658,,2.642991891743915,0.0066176863047375861,4.409020225277116,0.027050487735981017,,0.022392691065582688,0.11280555784297647,0.0037601852614325489,30,0.00011280555784297648,3.7601852614325495e-06,0.5,365_25_CALENDAR_DAYS_PER_YEAR,NOT_APPLICABLE_REQUIRES_365_CALENDAR_DAYS_AND_CONTIGUOUS_DAILY_RECORDS,RESET_REPORTING_HIGH_WATER_MARK_TO_GROUP_INITIAL_WEALTH_NOT_PORTFOLIO_STATE,0.00013536326060974608
numerical_frozen_W,MONTH,2023-12,31,2023-12-01,2023-12-31,31,False,0.060810576281706288,0.059033310499407604,,19.043003386905678,0.0019725719916582232,0.011724757175852632,0.22407787092135295,,3.2153193753168128,0.0071131774291970842,5.2998592111119516,0.033172801594263314,,0.023196675374663574,0.14090006065721095,0.0045451632470068044,31,0.00014090006065721098,4.5451632470068062e-06,0.5,365_25_CALENDAR_DAYS_PER_YEAR,NOT_APPLICABLE_REQUIRES_365_CALENDAR_DAYS_AND_CONTIGUOUS_DAILY_RECORDS,RESET_REPORTING_HIGH_WATER_MARK_TO_GROUP_INITIAL_WEALTH_NOT_PORTFOLIO_STATE,0.0001821218308054941
numerical_frozen_W,MONTH,2024-01,31,2024-01-01,2024-01-31,31,False,0.0066328812307478663,0.0066109804641523483,,2.1325743432749511,0.00031372738875523251,0.014391630510447827,0.27504586026818251,,0.41661753654870182,0.010155526741074491,0.59039829277703548,0.080942312315028575,,0.033094133267557869,0.15112141366171261,0.0048748843116681491,31,0.00015112141366171262,4.874884311668149e-06,0.5,365_25_CALENDAR_DAYS_PER_YEAR,NOT_APPLICABLE_REQUIRES_365_CALENDAR_DAYS_AND_CONTIGUOUS_DAILY_RECORDS,RESET_REPORTING_HIGH_WATER_MARK_TO_GROUP_INITIAL_WEALTH_NOT_PORTFOLIO_STATE,0.00019767967727853588
numerical_frozen_W,MONTH,2024-02,29,2024-02-01,2024-02-29,29,False,0.20151322810647826,0.18358178579377091,,63.304064066817553,0.0064230824380450673,0.012371941121532889,0.23644653651224323,,9.9220352097417273,0.0029292512944482118,41.906556686808401,0.01464812406320502,,0.0089363899135741654,0.13004144077593177,0.0044841876129631643,29,0.00013004144077593177,4.4841876129631643e-06,0.5,365_25_CALENDAR_DAYS_PER_YEAR,NOT_APPLICABLE_REQUIRES_365_CALENDAR_DAYS_AND_CONTIGUOUS_DAILY_RECORDS,RESET_REPORTING_HIGH_WATER_MARK_TO_GROUP_INITIAL_WEALTH_NOT_PORTFOLIO_STATE,0.00018722344264256635
numerical_frozen_W,MONTH,2024-03,31,2024-03-01,2024-03-31,31,False,0.08579809001938915,0.082315283433871303,,26.553317236732678,0.0028401652769070819,0.019374289194175411,0.37027201571274293,,2.8016439897394343,0.012129065776900701,4.4751889283764079,0.076818204351015315,,0.038102797630046981,0.22688780223574434,0.0073189613624433658,31,0.00022688780223574433,7.3189613624433658e-06,0.5,365_25_CALENDAR_DAYS_PER_YEAR,NOT_APPLICABLE_REQUIRES_365_CALENDAR_DAYS_AND_CONTIGUOUS_DAILY_RECORDS,RESET_REPORTING_HIGH_WATER_MARK_TO_GROUP_INITIAL_WEALTH_NOT_PORTFOLIO_STATE,0.00037193271212240342
numerical_frozen_W,MONTH,2024-04,30,2024-04-01,2024-04-30,30,False,-0.075204846596006569,-0.078183021774130418,,-26.061007258043471,-0.0025091503613864511,0.013875495984490558,0.26518174760888591,,-3.4559964166466313,0.011624906836010453,-4.1250794589637589,0.077938319299710637,,0.028556334182113192,0.16279701640935984,0.0054265672136453282,30,0.00016279701640935985,5.4265672136453284e-06,0.5,365_25_CALENDAR_DAYS_PER_YEAR,NOT_APPLICABLE_REQUIRES_365_CALENDAR_DAYS_AND_CONTIGUOUS_DAILY_RECORDS,RESET_REPORTING_HIGH_WATER_MARK_TO_GROUP_INITIAL_WEALTH_NOT_PORTFOLIO_STATE,0.00026678807579429218
numerical_frozen_W,MONTH,2024-05,31,2024-05-01,2024-05-31,31,False,0.058007572687989541,0.05638749096057713,,18.189513213089395,0.0019173467114032186,0.014228912190906717,0.27193606668731707,,2.5752776925514294,0.0067702587581712223,5.4124076292193655,0.027448330660229954,,0.018836593464333081,0.17063431474081364,0.005504332733574634,31,0.00017063431474081362,5.5043327335746331e-06,0.5,365_25_CALENDAR_DAYS_PER_YEAR,NOT_APPLICABLE_REQUIRES_365_CALENDAR_DAYS_AND_CONTIGUOUS_DAILY_RECORDS,RESET_REPORTING_HIGH_WATER_MARK_TO_GROUP_INITIAL_WEALTH_NOT_PORTFOLIO_STATE,0.00027738906498583888
numerical_frozen_W,MONTH,2024-06,30,2024-06-01,2024-06-30,30,False,-0.035043036159980785,-0.035671775694604349,,-11.89059189820145,-0.0011528978745395935,0.0085509830484178546,0.16342223954285981,,-2.5767358827875326,0.0068678220373340594,-3.2082405068432998,0.078443708427756775,,0.02063457423492154,0.093386429876052501,0.0031128809958684165,30,9.3386429876052496e-05,3.1128809958684164e-06,0.5,365_25_CALENDAR_DAYS_PER_YEAR,NOT_APPLICABLE_REQUIRES_365_CALENDAR_DAYS_AND_CONTIGUOUS_DAILY_RECORDS,RESET_REPORTING_HIGH_WATER_MARK_TO_GROUP_INITIAL_WEALTH_NOT_PORTFOLIO_STATE,0.00015233740211880728
numerical_frozen_W,MONTH,2024-07,31,2024-07-01,2024-07-31,31,False,0.016941206186417344,0.016799304369162816,,5.4191304416654251,0.00061483943073295966,0.012279000500679222,0.23467030045629406,,0.95696004836810755,0.0078990719334125301,1.4875814541374341,0.056784861669330278,,0.024313039704502753,0.144972709062755,0.004676539002024355,31,0.00014497270906275501,4.6765390020243554e-06,0.5,365_25_CALENDAR_DAYS_PER_YEAR,NOT_APPLICABLE_REQUIRES_365_CALENDAR_DAYS_AND_CONTIGUOUS_DAILY_RECORDS,RESET_REPORTING_HIGH_WATER_MARK_TO_GROUP_INITIAL_WEALTH_NOT_PORTFOLIO_STATE,0.00023132860810405663
numerical_frozen_W,MONTH,2024-08,31,2024-08-01,2024-08-31,31,False,-0.040176306666647454,-0.041005664164249334,,-13.227633601370753,-0.0011618046129304297,0.018279306776034919,0.3493452429640021,,-1.214698477850938,0.011981897540159442,-1.8531160062585952,0.090059208661368254,,0.033672300063791967,0.20320133597317397,0.0065548818055862568,31,0.000203201335973174,6.5548818055862583e-06,0.5,365_25_CALENDAR_DAYS_PER_YEAR,NOT_APPLICABLE_REQUIRES_365_CALENDAR_DAYS_AND_CONTIGUOUS_DAILY_RECORDS,RESET_REPORTING_HIGH_WATER_MARK_TO_GROUP_INITIAL_WEALTH_NOT_PORTFOLIO_STATE,0.00031944286453982631
numerical_frozen_W,MONTH,2024-09,30,2024-09-01,2024-09-30,30,False,0.038057887560704794,0.037351551551613613,,12.450517183871204,0.0013056522533250773,0.011128548276844324,0.21268341569209739,,2.2422504546258519,0.0071629402499427362,3.4836242607607137,0.044297078369055061,,0.018916603253120015,0.12595657586993037,0.0041985525289976785,30,0.00012595657586993039,4.19855252899768e-06,0.5,365_25_CALENDAR_DAYS_PER_YEAR,NOT_APPLICABLE_REQUIRES_365_CALENDAR_DAYS_AND_CONTIGUOUS_DAILY_RECORDS,RESET_REPORTING_HIGH_WATER_MARK_TO_GROUP_INITIAL_WEALTH_NOT_PORTFOLIO_STATE,0.00019782884798621672
numerical_frozen_W,MONTH,2024-10,31,2024-10-01,2024-10-31,31,False,0.054916470451345831,0.053461588865895499,,17.245673827708227,0.0017758825547728684,0.010161920817301127,0.19420970064112411,,3.3399006382765601,0.0059287395910402312,5.7246241469453656,0.023827347309064575,,0.017823609398249295,0.12032800033116348,0.0038815483977794668,31,0.00012032800033116349,3.881548397779467e-06,0.5,365_25_CALENDAR_DAYS_PER_YEAR,NOT_APPLICABLE_REQUIRES_365_CALENDAR_DAYS_AND_CONTIGUOUS_DAILY_RECORDS,RESET_REPORTING_HIGH_WATER_MARK_TO_GROUP_INITIAL_WEALTH_NOT_PORTFOLIO_STATE,0.00019903631383248868
numerical_frozen_W,MONTH,2024-11,30,2024-11-01,2024-11-30,30,False,0.17567090797241344,0.16183897015435902,,53.946323384786339,0.0055325753430584251,0.016105606171463237,0.30780253157241549,,6.5651608962698553,0.0062006923859724457,17.052272434416288,0.035443885087159802,,0.022346893890492041,0.17378966048966882,0.0057929886829889603,30,0.00017378966048966883,5.7929886829889606e-06,0.5,365_25_CALENDAR_DAYS_PER_YEAR,NOT_APPLICABLE_REQUIRES_365_CALENDAR_DAYS_AND_CONTIGUOUS_DAILY_RECORDS,RESET_REPORTING_HIGH_WATER_MARK_TO_GROUP_INITIAL_WEALTH_NOT_PORTFOLIO_STATE,0.00033015158035001223
numerical_frozen_W,MONTH,2024-12,31,2024-12-01,2024-12-31,31,False,-0.013080361062108364,-0.013166662379218118,,-4.2473104449090702,-0.00036162450689244144,0.011404529411705413,0.21795783325031301,,-0.6060041484756985,0.0082096473235805188,-0.84183788444305319,0.064132814725181578,,0.024648641899383917,0.13467236852964581,0.0043442699525692201,31,0.00013467236852964581,4.3442699525692192e-06,0.5,365_25_CALENDAR_DAYS_PER_YEAR,NOT_APPLICABLE_REQUIRES_365_CALENDAR_DAYS_AND_CONTIGUOUS_DAILY_RECORDS,RESET_REPORTING_HIGH_WATER_MARK_TO_GROUP_INITIAL_WEALTH_NOT_PORTFOLIO_STATE,0.00027459174547047482
numerical_frozen_W,MONTH,2025-01,31,2025-01-01,2025-01-31,31,False,0.04819306299578862,0.047067789348182135,,15.183157854252302,0.0015804550106146851,0.011227578294972831,0.21457602935451425,,2.6902408175019632,0.0071124977064323438,4.2467345027779126,0.048216868981649973,,0.02224744020499864,0.12806986354783834,0.0041312859208980108,31,0.00012806986354783835,4.1312859208980111e-06,0.5,365_25_CALENDAR_DAYS_PER_YEAR,NOT_APPLICABLE_REQUIRES_365_CALENDAR_DAYS_AND_CONTIGUOUS_DAILY_RECORDS,RESET_REPORTING_HIGH_WATER_MARK_TO_GROUP_INITIAL_WEALTH_NOT_PORTFOLIO_STATE,0.0002636139483777259
numerical_frozen_W,MONTH,2025-02,28,2025-02-01,2025-02-28,28,False,-0.091022756714316366,-0.095435220007273211,,-34.084007145454713,-0.0033534486395972491,0.010067508217417958,0.19240533283608838,,-6.3659728010571932,0.0092957068652533194,-6.8945250119777723,0.09192345114573508,,0.02506975914037576,0.11113263097698722,0.0039690225348924012,28,0.00011113263097698723,3.9690225348924011e-06,0.5,365_25_CALENDAR_DAYS_PER_YEAR,NOT_APPLICABLE_REQUIRES_365_CALENDAR_DAYS_AND_CONTIGUOUS_DAILY_RECORDS,RESET_REPORTING_HIGH_WATER_MARK_TO_GROUP_INITIAL_WEALTH_NOT_PORTFOLIO_STATE,0.00022306694703316156
numerical_frozen_W,MONTH,2025-03,31,2025-03-01,2025-03-31,31,False,-0.0065392924912131825,-0.0065607673357452375,,-2.1163765599178186,-6.2808987631156286e-05,0.01755006140469453,0.33540825921769929,,-0.068397190891443777,0.011942283160862804,-0.10051469085805256,0.085232317981074307,,0.038960117674719442,0.19429519030872783,0.0062675867841525106,31,0.00019429519030872785,6.2675867841525111e-06,0.5,365_25_CALENDAR_DAYS_PER_YEAR,NOT_APPLICABLE_REQUIRES_365_CALENDAR_DAYS_AND_CONTIGUOUS_DAILY_RECORDS,RESET_REPORTING_HIGH_WATER_MARK_TO_GROUP_INITIAL_WEALTH_NOT_PORTFOLIO_STATE,0.00037189317672035204
numerical_frozen_W,MONTH,2025-04,30,2025-04-01,2025-04-30,30,False,0.071226196585948601,0.068803970459827848,,22.934656819942617,0.002395662204407345,0.014400216752777324,0.27520995636599943,,3.1794475451175419,0.008187397733031971,5.5920984049743092,0.052644852740067367,,0.026647984922204913,0.14636721054673052,0.0048789070182243509,30,0.00014636721054673055,4.8789070182243518e-06,0.5,365_25_CALENDAR_DAYS_PER_YEAR,NOT_APPLICABLE_REQUIRES_365_CALENDAR_DAYS_AND_CONTIGUOUS_DAILY_RECORDS,RESET_REPORTING_HIGH_WATER_MARK_TO_GROUP_INITIAL_WEALTH_NOT_PORTFOLIO_STATE,0.00027880520190537195
numerical_frozen_W,MONTH,2025-05,28,2025-05-01,2025-05-28,28,False,0.07105547860658018,0.068644590877108447,,24.515925313253017,0.0024984164176033281,0.0095666091223261963,0.18283239234007917,,4.9911647758359159,0.0046262267364803834,10.321267243350022,0.019651809934912216,,0.016375201605479617,0.093980461232516521,0.0033564450440184473,28,9.3980461232516527e-05,3.3564450440184472e-06,0.5,365_25_CALENDAR_DAYS_PER_YEAR,NOT_APPLICABLE_REQUIRES_365_CALENDAR_DAYS_AND_CONTIGUOUS_DAILY_RECORDS,RESET_REPORTING_HIGH_WATER_MARK_TO_GROUP_INITIAL_WEALTH_NOT_PORTFOLIO_STATE,0.00019902333037205198
numerical_hard_allocator,FULL,FULL,1608,2021-01-02,2025-05-28,1608,False,1.0242636217497321,0.70520599084376312,,4.385609395794547,0.00054063214990659808,0.014286180565206214,0.27303055207338439,0.17372726660884938,0.72323734927771233,0.0097240025985350555,1.0625562116611424,0.46462471989688819,0.37390878954396528,0.032910731629809745,12.411171235295782,0.007718390071701357,1608,0.012411171235295781,7.7183900717013574e-06,0.44402985074626872,365_25_CALENDAR_DAYS_PER_YEAR,REPORTED,RESET_REPORTING_HIGH_WATER_MARK_TO_GROUP_INITIAL_WEALTH_NOT_PORTFOLIO_STATE,0.015801454218065499
numerical_hard_allocator,REGIME,FULL:BEAR,503,2021-05-14,2025-04-11,1429,True,,-0.0069201011939060558,-0.0069201011939060558,-0.13757656449117409,9.9371058171278227e-05,0.015035569782302196,,,,0.010737782813700131,,,,0.03658585977536076,4.0959204739974631,0.0081429830496967462,503,0.004095920473997464,8.1429830496967477e-06,0.4120278330019882,NOT_APPLICABLE_CONDITIONAL_SELECTION,NOT_APPLICABLE_CONDITIONAL_SELECTION,NOT_APPLICABLE_CONDITIONAL_SELECTION,0.0048377707812094573
numerical_hard_allocator,REGIME,FULL:BULL,531,2021-01-02,2025-05-28,1608,True,,0.83431036928780467,0.83431036928780467,15.712059685269391,0.0016768711128411736,0.014511623212010874,,,,0.0087348113070564691,,,,0.029204378527862149,4.0937473132198257,0.0077095052979657738,531,0.0040937473132198251,7.7095052979657722e-06,0.45357815442561211,NOT_APPLICABLE_CONDITIONAL_SELECTION,NOT_APPLICABLE_CONDITIONAL_SELECTION,NOT_APPLICABLE_CONDITIONAL_SELECTION,0.0053938705118274036
numerical_hard_allocator,REGIME,FULL:MIX,574,2021-04-11,2025-05-05,1486,True,,-0.12218427725013536,-0.12218427725013536,-2.1286459451243096,-0.0001238078503989659,0.013331991544275015,,,,0.0096576280428292364,,,,0.032720456684520546,4.2215034480784919,0.0073545356238301253,574,0.0042215034480784916,7.3545356238301243e-06,0.46324041811846683,NOT_APPLICABLE_CONDITIONAL_SELECTION,NOT_APPLICABLE_CONDITIONAL_SELECTION,NOT_APPLICABLE_CONDITIONAL_SELECTION,0.0055698129250286374
numerical_hard_allocator,POST2021,POST2021,1244,2022-01-01,2025-05-28,1244,False,0.59668872976903198,0.4679319408861945,,3.7615107788279301,0.00045447745266779366,0.012516659204976126,0.23921231831355555,0.14727455933334999,0.69393537405262007,0.0085046840691833919,1.0212904461397909,0.38078580295845654,0.38676483784091481,0.028845265552154359,8.3595587679133878,0.0067199025465541707,1244,0.0083595587679133887,6.7199025465541708e-06,0.44172025723472669,365_25_CALENDAR_DAYS_PER_YEAR,REPORTED,RESET_REPORTING_HIGH_WATER_MARK_TO_GROUP_INITIAL_WEALTH_NOT_PORTFOLIO_STATE,0.010834005519079568
numerical_hard_allocator,REGIME,POST2021:BEAR,380,2022-01-01,2025-04-11,1197,True,,-0.030518960874276996,-0.030518960874276996,-0.80313054932307892,1.8440072095325884e-05,0.014061616743364064,,,,0.0099823803052693696,,,,0.034794839237492714,2.8554418203937901,0.007514320579983658,380,0.0028554418203937905,7.5143205799836589e-06,0.41447368421052633,NOT_APPLICABLE_CONDITIONAL_SELECTION,NOT_APPLICABLE_CONDITIONAL_SELECTION,NOT_APPLICABLE_CONDITIONAL_SELECTION,0.0033953335874476833
numerical_hard_allocator,REGIME,POST2021:BULL,388,2023-01-16,2025-05-28,864,True,,0.48692461671578224,0.48692461671578224,12.549603523602634,0.0013237305959365674,0.011702414543172829,,,,0.0071059851889357043,,,,0.0235941699882606,2.3126882768711789,0.0059605367960597396,388,0.002312688276871179,5.9605367960597395e-06,0.44639175257731972,NOT_APPLICABLE_CONDITIONAL_SELECTION,NOT_APPLICABLE_CONDITIONAL_SELECTION,NOT_APPLICABLE_CONDITIONAL_SELECTION,0.0032316913922232019
numerical_hard_allocator,REGIME,POST2021:MIX,476,2022-03-25,2025-05-05,1138,True,,0.011526285044689111,0.011526285044689111,0.24214884547666199,9.4023639704040706e-05,0.011820757727252554,,,,0.0082655262355617078,,,,0.027645386124953656,3.1914286706484205,0.0067046820811941608,476,0.0031914286706484201,6.7046820811941595e-06,0.45966386554621858,NOT_APPLICABLE_CONDITIONAL_SELECTION,NOT_APPLICABLE_CONDITIONAL_SELECTION,NOT_APPLICABLE_CONDITIONAL_SELECTION,0.0042069805394086826
numerical_hard_allocator,YEAR,2021,364,2021-01-02,2021-12-31,364,False,0.2677885075587344,0.23727404995756879,,6.5185178559771648,0.00083507292838207257,0.019155951414646481,0.36609924999617016,,0.83313578789014942,0.013058230350768618,1.2221800539525272,0.28334144737296357,,0.042238031458788711,4.051612467382391,0.011130803481819756,364,0.004051612467382391,1.1130803481819756e-05,0.45192307692307698,365_25_CALENDAR_DAYS_PER_YEAR,NOT_APPLICABLE_REQUIRES_365_CALENDAR_DAYS_AND_CONTIGUOUS_DAILY_RECORDS,RESET_REPORTING_HIGH_WATER_MARK_TO_GROUP_INITIAL_WEALTH_NOT_PORTFOLIO_STATE,0.0049674486989859309
numerical_hard_allocator,YEAR_REGIME,2021:BEAR,123,2021-05-14,2021-12-31,232,True,,0.023598859680370954,0.023598859680370954,1.9186064780789394,0.0003494017468612123,0.017772889175142879,,,,0.012792808423055892,,,,0.041270077493803133,1.2404786536036729,0.010085192305720919,123,0.0012404786536036735,1.0085192305720922e-05,0.40447154471544727,NOT_APPLICABLE_CONDITIONAL_SELECTION,NOT_APPLICABLE_CONDITIONAL_SELECTION,NOT_APPLICABLE_CONDITIONAL_SELECTION,0.001442437193761774
numerical_hard_allocator,YEAR_REGIME,2021:BULL,143,2021-01-02,2021-11-17,320,True,,0.34738575257202242,0.34738575257202242,24.292709970071499,0.0026350425852816441,0.020285505903500336,,,,0.012095655804144014,,,,0.037587602810547793,1.7810590363486467,0.012454958296144382,143,0.0017810590363486465,1.2454958296144381e-05,0.47307692307692334,NOT_APPLICABLE_CONDITIONAL_SELECTION,NOT_APPLICABLE_CONDITIONAL_SELECTION,NOT_APPLICABLE_CONDITIONAL_SELECTION,0.0021621791196042017
numerical_hard_allocator,YEAR_REGIME,2021:MIX,98,2021-04-11,2021-12-04,238,True,,-0.1337105622948245,-0.1337105622948245,-13.643934928043317,-0.0011818465166135695,0.019087960855572361,,,,0.01464444088399371,,,,0.049680266155044783,1.0300747774300714,0.010510967116633381,98,0.001030074777430071,1.0510967116633379e-05,0.48061224489795917,NOT_APPLICABLE_CONDITIONAL_SELECTION,NOT_APPLICABLE_CONDITIONAL_SELECTION,NOT_APPLICABLE_CONDITIONAL_SELECTION,0.0013628323856199553
numerical_hard_allocator,YEAR,2022,365,2022-01-01,2022-12-31,365,False,-0.35200204193533124,-0.43386773376959764,,-11.886787226564319,-0.0010802326376265598,0.014651142637411602,0.28000553013734425,-0.3521945786721431,-1.4090970656885582,0.011345507959413949,-1.81965251562237,0.38078580295845654,-0.92491520412741668,0.039534668129151268,2.6795513415187933,0.0073412365521062827,365,0.0026795513415187938,7.3412365521062846e-06,0.42739726027397262,365_25_CALENDAR_DAYS_PER_YEAR,REPORTED,RESET_REPORTING_HIGH_WATER_MARK_TO_GROUP_INITIAL_WEALTH_NOT_PORTFOLIO_STATE,0.002777949443075032
numerical_hard_allocator,YEAR_REGIME,2022:BEAR,321,2022-01-01,2022-12-31,365,True,,-0.23375497909171514,-0.23375497909171514,-7.2820865760658924,-0.00062660408404493172,0.014237069443157531,,,,0.010548783981174691,,,,0.036672031154027403,2.137868233001039,0.0066600256479783151,321,0.0021378682330010397,6.6600256479783164e-06,0.41806853582554515,NOT_APPLICABLE_CONDITIONAL_SELECTION,NOT_APPLICABLE_CONDITIONAL_SELECTION,NOT_APPLICABLE_CONDITIONAL_SELECTION,0.0021979463920553423
numerical_hard_allocator,YEAR_REGIME,2022:MIX,44,2022-03-25,2022-12-17,268,True,,-0.20011275467788253,-0.20011275467788253,-45.480171517700569,-0.0043896591308016202,0.017202415816989777,,,,0.015999385148195506,,,,0.058009696546766014,0.54168310851775403,0.012310979739039864,44,0.00054168310851775386,1.231097973903986e-05,0.49545454545454537,NOT_APPLICABLE_CONDITIONAL_SELECTION,NOT_APPLICABLE_CONDITIONAL_SELECTION,NOT_APPLICABLE_CONDITIONAL_SELECTION,0.00058000305101968993
numerical_hard_allocator,YEAR,2023,365,2023-01-01,2023-12-31,365,False,0.59790591210447652,0.46869396707780581,,12.840930604871392,0.0013426955084920634,0.010807512786926902,0.20654794115800257,0.5984189594233944,2.3743617667027279,0.0060725768306051833,4.2257094262029709,0.093718692041958596,6.3852679373232988,0.020802757631489144,2.4005789451115511,0.0065769286167439754,365,0.0024005789451115511,6.5769286167439754e-06,0.46068493150684947,365_25_CALENDAR_DAYS_PER_YEAR,REPORTED,RESET_REPORTING_HIGH_WATER_MARK_TO_GROUP_INITIAL_WEALTH_NOT_PORTFOLIO_STATE,0.0025372870699115002
numerical_hard_allocator,YEAR_REGIME,2023:BEAR,1,2023-01-01,2023-01-01,1,True,,0.0019562683816581258,0.0019562683816581258,19.562683816581259,0.0019581831230277569,,,,,0,,,,-0.0019581831230277569,0.0010104178227280936,0.0010104178227280936,1,1.0104178227280936e-06,1.0104178227280936e-06,0.40000000000000002,NOT_APPLICABLE_CONDITIONAL_SELECTION,NOT_APPLICABLE_CONDITIONAL_SELECTION,NOT_APPLICABLE_CONDITIONAL_SELECTION,8.3008285934849993e-07
numerical_hard_allocator,YEAR_REGIME,2023:BULL,180,2023-01-16,2023-12-31,350,True,,0.15184059489777021,0.15184059489777021,8.4355886054316791,0.00089552230673869537,0.010210430204693477,,,,0.0062929638310786568,,,,0.020628591845625373,1.2290427053188226,0.0068280150295490149,180,0.0012290427053188227,6.8280150295490153e-06,0.45000000000000018,NOT_APPLICABLE_CONDITIONAL_SELECTION,NOT_APPLICABLE_CONDITIONAL_SELECTION,NOT_APPLICABLE_CONDITIONAL_SELECTION,0.0013426744681648544
numerical_hard_allocator,YEAR_REGIME,2023:MIX,184,2023-01-02,2023-10-21,293,True,,0.31489710379837743,0.31489710379837743,17.113973032520512,0.0017768025123022296,0.011400253030017441,,,,0.0058660585229627056,,,,0.020734485657256326,1.1705258219700005,0.0063615533802717419,184,0.0011705258219700005,6.3615533802717418e-06,0.47146739130434789,NOT_APPLICABLE_CONDITIONAL_SELECTION,NOT_APPLICABLE_CONDITIONAL_SELECTION,NOT_APPLICABLE_CONDITIONAL_SELECTION,0.0011937825188872975
numerical_hard_allocator,YEAR,2024,366,2024-01-01,2024-12-31,366,False,0.4547216572780105,0.37481458148326091,,10.240835559651936,0.0011009608643068759,0.012401296381204768,0.23700755999349413,0.45360476885727274,1.6966798683515611,0.0077353972777158249,2.720096868465478,0.12574576940372539,3.6073163416011838,0.025159643917849615,2.3206632697831813,0.0063406100267300036,366,0.0023206632697831812,6.3406100267300031e-06,0.44713114754098376,365_25_CALENDAR_DAYS_PER_YEAR,REPORTED,RESET_REPORTING_HIGH_WATER_MARK_TO_GROUP_INITIAL_WEALTH_NOT_PORTFOLIO_STATE,0.0037068041040577405
numerical_hard_allocator,YEAR_REGIME,2024:BEAR,21,2024-07-05,2024-09-02,60,True,,0.12145819412454911,0.12145819412454911,57.837235297404341,0.0058733709770139291,0.012482715914695573,,,,0.0042206035757360741,,,,0.016069971183304572,0.37015228278147605,0.017626299180070287,21,0.00037015228278147603,1.7626299180070289e-05,0.40000000000000008,NOT_APPLICABLE_CONDITIONAL_SELECTION,NOT_APPLICABLE_CONDITIONAL_SELECTION,NOT_APPLICABLE_CONDITIONAL_SELECTION,0.00056553242202002612
numerical_hard_allocator,YEAR_REGIME,2024:BULL,153,2024-01-01,2024-12-31,366,True,,0.26607526261196945,0.26607526261196945,17.390540039998005,0.0018371556211605202,0.013978606918315314,,,,0.008386658569298695,,,,0.028238261331178394,0.83721021102272264,0.0054719621635472065,153,0.00083721021102272264,5.4719621635472065e-06,0.45000000000000012,NOT_APPLICABLE_CONDITIONAL_SELECTION,NOT_APPLICABLE_CONDITIONAL_SELECTION,NOT_APPLICABLE_CONDITIONAL_SELECTION,0.0013995665960054231
numerical_hard_allocator,YEAR_REGIME,2024:MIX,192,2024-01-15,2024-11-05,296,True,,-0.012718875253257655,-0.012718875253257655,-0.66244141944050283,-7.6766886382059283e-06,0.010858333559238306,,,,0.0074877031125593968,,,,0.023330675594630496,1.1133007759789826,0.0057984415415572007,192,0.0011133007759789827,5.7984415415572012e-06,0.45000000000000012,NOT_APPLICABLE_CONDITIONAL_SELECTION,NOT_APPLICABLE_CONDITIONAL_SELECTION,NOT_APPLICABLE_CONDITIONAL_SELECTION,0.0017417050860322914
numerical_hard_allocator,YEAR,2025,148,2025-01-01,2025-05-28,148,False,0.060023551310624833,0.058291126094725434,,3.9385896009949617,0.00045013058727371591,0.010642998381159455,0.20340382164854415,,0.80829453286184838,0.0071825445344258351,1.1977200229690437,0.12614253002831874,,0.023639662186836569,0.95876521149986327,0.0064781433209450219,148,0.00095876521149986329,6.4781433209450223e-06,0.4168918918918918,365_25_CALENDAR_DAYS_PER_YEAR,NOT_APPLICABLE_REQUIRES_365_CALENDAR_DAYS_AND_CONTIGUOUS_DAILY_RECORDS,RESET_REPORTING_HIGH_WATER_MARK_TO_GROUP_INITIAL_WEALTH_NOT_PORTFOLIO_STATE,0.0018119649020352942
numerical_hard_allocator,YEAR_REGIME,2025:BEAR,37,2025-02-27,2025-04-11,44,True,,0.079821555711230868,0.079821555711230868,21.573393435467803,0.0022391395874142338,0.012824834698362561,,,,0.0069209008737534964,,,,0.02081711213964239,0.34641088678854687,0.009362456399690456,37,0.00034641088678854685,9.3624563996904552e-06,0.39189189189189183,NOT_APPLICABLE_CONDITIONAL_SELECTION,NOT_APPLICABLE_CONDITIONAL_SELECTION,NOT_APPLICABLE_CONDITIONAL_SELECTION,0.00063102469051296668
numerical_hard_allocator,YEAR_REGIME,2025:BULL,55,2025-01-01,2025-05-28,148,True,,0.069008759206042686,0.069008759206042686,12.547047128371398,0.0012968844722338795,0.009192019882147769,,,,0.0055635250373134429,,,,0.018010375700377178,0.2464353605296335,0.0044806429187206091,55,0.00024643536052963353,4.4806429187206099e-06,0.42454545454545439,NOT_APPLICABLE_CONDITIONAL_SELECTION,NOT_APPLICABLE_CONDITIONAL_SELECTION,NOT_APPLICABLE_CONDITIONAL_SELECTION,0.00048945032805292402
numerical_hard_allocator,YEAR_REGIME,2025:MIX,56,2025-01-10,2025-05-05,116,True,,-0.090539188822548133,-0.090539188822548133,-16.167712289740738,-0.001563526496262144,0.010253587411677815,,,,0.0086194353277397068,,,,0.027526920127024179,0.36591896418168296,0.0065342672175300529,56,0.00036591896418168297,6.5342672175300531e-06,0.42589285714285713,NOT_APPLICABLE_CONDITIONAL_SELECTION,NOT_APPLICABLE_CONDITIONAL_SELECTION,NOT_APPLICABLE_CONDITIONAL_SELECTION,0.00069148988346940331
numerical_hard_allocator,MONTH,2021-01,30,2021-01-02,2021-01-31,30,False,0.054680006040883092,0.053237409110109934,,17.745803036703311,0.0021188428937800965,0.026601248556076582,0.5083901569041992,,1.5222705562708505,0.017417791292933398,2.3248813099159631,0.12817436724554648,,0.055104155928685949,0.75372791509143622,0.025124263836381208,30,0.00075372791509143626,2.5124263836381208e-05,0.47833333333333317,365_25_CALENDAR_DAYS_PER_YEAR,NOT_APPLICABLE_REQUIRES_365_CALENDAR_DAYS_AND_CONTIGUOUS_DAILY_RECORDS,RESET_REPORTING_HIGH_WATER_MARK_TO_GROUP_INITIAL_WEALTH_NOT_PORTFOLIO_STATE,0.0007813448738056858
numerical_hard_allocator,MONTH,2021-02,28,2021-02-01,2021-02-28,28,False,0.16113175551992615,0.14939518079016115,,53.355421710771843,0.0056593411028590156,0.025580795630128623,0.48888775565252846,,4.2281164007887435,0.012744240295561121,8.4868598708582095,0.11129940232640995,,0.042599340832591717,0.31141978487640065,0.011122135174157166,28,0.00031141978487640064,1.1122135174157166e-05,0.48214285714285715,365_25_CALENDAR_DAYS_PER_YEAR,NOT_APPLICABLE_REQUIRES_365_CALENDAR_DAYS_AND_CONTIGUOUS_DAILY_RECORDS,RESET_REPORTING_HIGH_WATER_MARK_TO_GROUP_INITIAL_WEALTH_NOT_PORTFOLIO_STATE,0.00038383633322876926
numerical_hard_allocator,MONTH,2021-03,31,2021-03-01,2021-03-31,31,False,0.14641080700398754,0.13663602439247538,,44.07613690079851,0.0045806906218043434,0.018441373445052704,0.35244258251621163,,4.7471484225010672,0.0099003624701040419,8.8424981532534765,0.082903460674267002,,0.028109270374793386,0.23017818289164654,0.0074251026739240817,31,0.00023017818289164656,7.4251026739240826e-06,0.5,365_25_CALENDAR_DAYS_PER_YEAR,NOT_APPLICABLE_REQUIRES_365_CALENDAR_DAYS_AND_CONTIGUOUS_DAILY_RECORDS,RESET_REPORTING_HIGH_WATER_MARK_TO_GROUP_INITIAL_WEALTH_NOT_PORTFOLIO_STATE,0.0003097235984769945
numerical_hard_allocator,MONTH,2021-04,30,2021-04-01,2021-04-30,30,False,-0.0018822744399010292,-0.0018840481445166271,,-0.62801604817220902,7.9683398991570173e-05,0.017275426133949848,0.33015956316153533,,0.088152410922082772,0.0099886784219125734,0.15245965473002429,0.11522609118930049,,0.027023155613486553,0.35962892437306782,0.011987630812435594,30,0.00035962892437306786,1.1987630812435596e-05,0.46999999999999997,365_25_CALENDAR_DAYS_PER_YEAR,NOT_APPLICABLE_REQUIRES_365_CALENDAR_DAYS_AND_CONTIGUOUS_DAILY_RECORDS,RESET_REPORTING_HIGH_WATER_MARK_TO_GROUP_INITIAL_WEALTH_NOT_PORTFOLIO_STATE,0.00050001318605746392
numerical_hard_allocator,MONTH,2021-05,31,2021-05-01,2021-05-31,31,False,-0.18855635657465758,-0.20894034185085197,,-67.400110274468375,-0.0064300565631229241,0.024133733983733217,0.46123221550334409,,-5.0919646996418875,0.021714340538277102,-5.6593070970355024,0.21644161790441166,,0.069332070411339958,0.4465037922429409,0.014403348136869061,31,0.0004465037922429409,1.4403348136869062e-05,0.42258064516129046,365_25_CALENDAR_DAYS_PER_YEAR,NOT_APPLICABLE_REQUIRES_365_CALENDAR_DAYS_AND_CONTIGUOUS_DAILY_RECORDS,RESET_REPORTING_HIGH_WATER_MARK_TO_GROUP_INITIAL_WEALTH_NOT_PORTFOLIO_STATE,0.00053888113415906987
numerical_hard_allocator,MONTH,2021-06,30,2021-06-01,2021-06-30,30,False,-0.022420472956237746,-0.022675632842438807,,-7.5585442808129351,-0.00057165782996663193,0.01947495508541576,0.37219589338843539,,-0.5609895920517427,0.014105021045447199,-0.77456439613890815,0.097053248255337898,,0.044718592491829225,0.41261366519058384,0.013753788839686127,30,0.00041261366519058392,1.375378883968613e-05,0.3683333333333334,365_25_CALENDAR_DAYS_PER_YEAR,NOT_APPLICABLE_REQUIRES_365_CALENDAR_DAYS_AND_CONTIGUOUS_DAILY_RECORDS,RESET_REPORTING_HIGH_WATER_MARK_TO_GROUP_INITIAL_WEALTH_NOT_PORTFOLIO_STATE,0.00046398480897741833
numerical_hard_allocator,MONTH,2021-07,31,2021-07-01,2021-07-31,31,False,0.074506717764170907,0.071861689071736887,,23.181190023140928,0.0023991603528869584,0.012758349520647194,0.24383138637147841,,3.5938495528911276,0.0070000082703258583,6.5502192211370351,0.064593456704160113,,0.017788531194613755,0.19108407528761018,0.006164002428632586,31,0.00019108407528761016,6.1640024286325859e-06,0.40000000000000013,365_25_CALENDAR_DAYS_PER_YEAR,NOT_APPLICABLE_REQUIRES_365_CALENDAR_DAYS_AND_CONTIGUOUS_DAILY_RECORDS,RESET_REPORTING_HIGH_WATER_MARK_TO_GROUP_INITIAL_WEALTH_NOT_PORTFOLIO_STATE,0.0002115009698774308
numerical_hard_allocator,MONTH,2021-08,31,2021-08-01,2021-08-31,31,False,0.059380217380275602,0.057684036535282583,,18.607753721058899,0.0019718194412649743,0.015076263881240256,0.28813024110336344,,2.499588547748675,0.0082997800631680243,4.5404162825491765,0.033506805157894684,,0.02079764001207136,0.39764577219013686,0.012827282973875382,31,0.00039764577219013678,1.282728297387538e-05,0.45322580645161292,365_25_CALENDAR_DAYS_PER_YEAR,NOT_APPLICABLE_REQUIRES_365_CALENDAR_DAYS_AND_CONTIGUOUS_DAILY_RECORDS,RESET_REPORTING_HIGH_WATER_MARK_TO_GROUP_INITIAL_WEALTH_NOT_PORTFOLIO_STATE,0.00049795016758516367
numerical_hard_allocator,MONTH,2021-09,30,2021-09-01,2021-09-30,30,False,-0.026979290462323176,-0.027349912811253405,,-9.1166376037511352,-0.00074139908156601133,0.018622867240062457,0.35591120387537972,,-0.76085273965357747,0.014852555507103462,-0.953994721853065,0.11181589344348757,,0.051165245958094858,0.20117418009703464,0.0067058060032344881,30,0.00020117418009703465,6.7058060032344885e-06,0.4616666666666665,365_25_CALENDAR_DAYS_PER_YEAR,NOT_APPLICABLE_REQUIRES_365_CALENDAR_DAYS_AND_CONTIGUOUS_DAILY_RECORDS,RESET_REPORTING_HIGH_WATER_MARK_TO_GROUP_INITIAL_WEALTH_NOT_PORTFOLIO_STATE,0.00025083552897032461
numerical_hard_allocator,MONTH,2021-10,31,2021-10-01,2021-10-31,31,False,0.17223923830190171,0.15891579856742913,,51.263160828202949,0.00526335149511881,0.016074338699994795,0.30720496282701132,,6.2578387923852663,0.007575927017150568,13.277664905040359,0.052207236284951608,,0.023569459858362958,0.3254753646805385,0.010499205312275436,31,0.00032547536468053857,1.0499205312275438e-05,0.46129032258064495,365_25_CALENDAR_DAYS_PER_YEAR,NOT_APPLICABLE_REQUIRES_365_CALENDAR_DAYS_AND_CONTIGUOUS_DAILY_RECORDS,RESET_REPORTING_HIGH_WATER_MARK_TO_GROUP_INITIAL_WEALTH_NOT_PORTFOLIO_STATE,0.0004503100233869201
numerical_hard_allocator,MONTH,2021-11,30,2021-11-01,2021-11-30,30,False,-0.032403140024224342,-0.032939745419186844,,-10.979915139728949,-0.0009766548891774788,0.015749438047107746,0.30099561917341083,,-1.1851441534322043,0.012194221160749455,-1.5306721253713333,0.10064464192878669,,0.038876714990108245,0.23267285398325266,0.0077557617994417549,30,0.00023267285398325264,7.7557617994417552e-06,0.47166666666666662,365_25_CALENDAR_DAYS_PER_YEAR,NOT_APPLICABLE_REQUIRES_365_CALENDAR_DAYS_AND_CONTIGUOUS_DAILY_RECORDS,RESET_REPORTING_HIGH_WATER_MARK_TO_GROUP_INITIAL_WEALTH_NOT_PORTFOLIO_STATE,0.00033255737436417511
numerical_hard_allocator,MONTH,2021-12,31,2021-12-01,2021-12-31,31,False,-0.092141189432704274,-0.096666407441378596,,-31.182712077864064,-0.0030030117902368186,0.015030698863186696,0.28725942458402753,,-3.8183257450032015,0.01306248489670492,-4.3936590081090596,0.096140341566888873,,0.037461086844389764,0.1894879564777423,0.0061125147250884618,31,0.00018948795647774232,6.1125147250884619e-06,0.45645161290322567,365_25_CALENDAR_DAYS_PER_YEAR,NOT_APPLICABLE_REQUIRES_365_CALENDAR_DAYS_AND_CONTIGUOUS_DAILY_RECORDS,RESET_REPORTING_HIGH_WATER_MARK_TO_GROUP_INITIAL_WEALTH_NOT_PORTFOLIO_STATE,0.0002465107000965154
numerical_hard_allocator,MONTH,2022-01,31,2022-01-01,2022-01-31,31,False,-0.076225804217901941,-0.079287614064544404,,-25.576649698240132,-0.0024787294114835376,0.012410036441691237,0.23717459578930278,,-3.8172550248537034,0.011210039591450661,-4.2258792735925681,0.12723327021192313,,0.038640878987419636,0.14893017360647809,0.0048041991485960672,31,0.00014893017360647807,4.8041991485960668e-06,0.44999999999999984,365_25_CALENDAR_DAYS_PER_YEAR,NOT_APPLICABLE_REQUIRES_365_CALENDAR_DAYS_AND_CONTIGUOUS_DAILY_RECORDS,RESET_REPORTING_HIGH_WATER_MARK_TO_GROUP_INITIAL_WEALTH_NOT_PORTFOLIO_STATE,0.00017835488153760231
numerical_hard_allocator,MONTH,2022-02,28,2022-02-01,2022-02-28,28,False,0.059756093482595467,0.05803878115867929,,20.728136128099749,0.002270683664778696,0.020340854120573897,0.38874453566059219,,2.1334504603417197,0.010285716091415903,4.219074705308957,0.078840441091806393,,0.030442947547441201,0.17658593740111156,0.0063066406214682697,28,0.00017658593740111159,6.3066406214682709e-06,0.4499999999999999,365_25_CALENDAR_DAYS_PER_YEAR,NOT_APPLICABLE_REQUIRES_365_CALENDAR_DAYS_AND_CONTIGUOUS_DAILY_RECORDS,RESET_REPORTING_HIGH_WATER_MARK_TO_GROUP_INITIAL_WEALTH_NOT_PORTFOLIO_STATE,0.00021158035507097165
numerical_hard_allocator,MONTH,2022-03,31,2022-03-01,2022-03-31,31,False,0.029582671339101134,0.029153546679417254,,9.4043698965862106,0.0010491426676758977,0.014963514584486791,0.28597543124372482,,1.3399730099262861,0.0098163240387905207,2.0425879990939166,0.067905196088367176,,0.032282133073633174,0.25107565278901878,0.0080992146060973793,31,0.00025107565278901882,8.0992146060973818e-06,0.46129032258064517,365_25_CALENDAR_DAYS_PER_YEAR,NOT_APPLICABLE_REQUIRES_365_CALENDAR_DAYS_AND_CONTIGUOUS_DAILY_RECORDS,RESET_REPORTING_HIGH_WATER_MARK_TO_GROUP_INITIAL_WEALTH_NOT_PORTFOLIO_STATE,0.00030845608374812354
numerical_hard_allocator,MONTH,2022-04,30,2022-04-01,2022-04-30,30,False,-0.089183562665409527,-0.093413897815972771,,-31.13796593865759,-0.0030383914694830966,0.012034756498883801,0.23000242758807415,,-4.8250468304459044,0.010822973892199845,-5.3652779983122327,0.10007960744230281,,0.029481851531237498,0.47818601156422536,0.015939533718807512,30,0.00047818601156422535,1.5939533718807513e-05,0.47833333333333317,365_25_CALENDAR_DAYS_PER_YEAR,NOT_APPLICABLE_REQUIRES_365_CALENDAR_DAYS_AND_CONTIGUOUS_DAILY_RECORDS,RESET_REPORTING_HIGH_WATER_MARK_TO_GROUP_INITIAL_WEALTH_NOT_PORTFOLIO_STATE,0.00057754797280110907
numerical_hard_allocator,MONTH,2022-05,31,2022-05-01,2022-05-31,31,False,-0.067156735998763387,-0.069518083671116726,,-22.425188281005397,-0.0020674022509490067,0.018801125931178438,0.35931799749842902,,-2.1015331194547975,0.015166076296312501,-2.605234739391276,0.13235312609977459,,0.046456841971724436,0.25361751412105921,0.0081812101329373933,31,0.00025361751412105924,8.181210132937394e-06,0.44999999999999984,365_25_CALENDAR_DAYS_PER_YEAR,NOT_APPLICABLE_REQUIRES_365_CALENDAR_DAYS_AND_CONTIGUOUS_DAILY_RECORDS,RESET_REPORTING_HIGH_WATER_MARK_TO_GROUP_INITIAL_WEALTH_NOT_PORTFOLIO_STATE,0.00027431974830924842
numerical_hard_allocator,MONTH,2022-06,30,2022-06-01,2022-06-30,30,False,-0.18085973370503519,-0.19949994447588046,,-66.499981491960156,-0.0064439198907898362,0.019294900980234286,0.36875478668280504,,-6.3826744088763236,0.018349487353842505,-6.7115265039028458,0.19568184783611239,,0.0614567530290294,0.28446441139717482,0.0094821470465724939,30,0.0002844644113971748,9.4821470465724926e-06,0.40333333333333327,365_25_CALENDAR_DAYS_PER_YEAR,NOT_APPLICABLE_REQUIRES_365_CALENDAR_DAYS_AND_CONTIGUOUS_DAILY_RECORDS,RESET_REPORTING_HIGH_WATER_MARK_TO_GROUP_INITIAL_WEALTH_NOT_PORTFOLIO_STATE,0.00026902776176356631
numerical_hard_allocator,MONTH,2022-07,31,2022-07-01,2022-07-31,31,False,0.067730830885119747,0.065535677766409492,,21.140541214970803,0.0021943745024240154,0.01275175092362542,0.24370527718648374,,3.2887892140188075,0.0065672789252760357,6.3858747853793831,0.038267974188544496,,0.019900908697312588,0.20255664600306644,0.0065340853549376273,31,0.00020255664600306639,6.5340853549376255e-06,0.37903225806451618,365_25_CALENDAR_DAYS_PER_YEAR,NOT_APPLICABLE_REQUIRES_365_CALENDAR_DAYS_AND_CONTIGUOUS_DAILY_RECORDS,RESET_REPORTING_HIGH_WATER_MARK_TO_GROUP_INITIAL_WEALTH_NOT_PORTFOLIO_STATE,0.0001852510525715723
numerical_hard_allocator,MONTH,2022-08,31,2022-08-01,2022-08-31,31,False,-0.055849125805911712,-0.057469301249044043,,-18.538484273885175,-0.0017928948757963083,0.010994869999895256,0.21012862131657944,,-3.1164476751503463,0.0095297275051357891,-3.5955841372471244,0.083588066211157594,,0.035043882132115976,0.14161708361335812,0.0045682930197857461,31,0.00014161708361335812,4.568293019785746e-06,0.40000000000000013,365_25_CALENDAR_DAYS_PER_YEAR,NOT_APPLICABLE_REQUIRES_365_CALENDAR_DAYS_AND_CONTIGUOUS_DAILY_RECORDS,RESET_REPORTING_HIGH_WATER_MARK_TO_GROUP_INITIAL_WEALTH_NOT_PORTFOLIO_STATE,0.00013123680575033821
numerical_hard_allocator,MONTH,2022-09,30,2022-09-01,2022-09-30,30,False,-0.0087155032638188776,-0.0087537053915354747,,-2.9179017971784917,-0.00020324837686077254,0.013537433986502935,0.25872087071290217,,-0.28693653296635668,0.0094202007505601766,-0.41234624146593579,0.072229950018510791,,0.033217941554367143,0.15932320625360746,0.0053107735417869152,30,0.00015932320625360749,5.3107735417869161e-06,0.40000000000000013,365_25_CALENDAR_DAYS_PER_YEAR,NOT_APPLICABLE_REQUIRES_365_CALENDAR_DAYS_AND_CONTIGUOUS_DAILY_RECORDS,RESET_REPORTING_HIGH_WATER_MARK_TO_GROUP_INITIAL_WEALTH_NOT_PORTFOLIO_STATE,0.00014288491732606219
numerical_hard_allocator,MONTH,2022-10,31,2022-10-01,2022-10-31,31,False,0.028582959854872986,0.02818208787386927,,9.0909960883449266,0.00093603834718995879,0.0074230493316645605,0.14186571756123448,,2.4099409793177196,0.0037347758773413771,4.7898753133775474,0.025846326918974261,,0.01043401693527214,0.20060179236878573,0.0064710255602834109,31,0.00020060179236878572,6.4710255602834104e-06,0.42258064516129035,365_25_CALENDAR_DAYS_PER_YEAR,NOT_APPLICABLE_REQUIRES_365_CALENDAR_DAYS_AND_CONTIGUOUS_DAILY_RECORDS,RESET_REPORTING_HIGH_WATER_MARK_TO_GROUP_INITIAL_WEALTH_NOT_PORTFOLIO_STATE,0.00017909017902838968
numerical_hard_allocator,MONTH,2022-11,30,2022-11-01,2022-11-30,30,False,-0.085779551396251569,-0.089683545577320514,,-29.894515192440174,-0.0027924772170372591,0.019740614931967135,0.37727305549181145,,-2.7034856814602186,0.01680292409139483,-3.1761418144550317,0.13356115993027332,,0.064212303695258904,0.21137833592799299,0.0070459445309330997,30,0.00021137833592799299,7.0459445309331001e-06,0.43000000000000005,365_25_CALENDAR_DAYS_PER_YEAR,NOT_APPLICABLE_REQUIRES_365_CALENDAR_DAYS_AND_CONTIGUOUS_DAILY_RECORDS,RESET_REPORTING_HIGH_WATER_MARK_TO_GROUP_INITIAL_WEALTH_NOT_PORTFOLIO_STATE,0.00017751032295786569
numerical_hard_allocator,MONTH,2022-12,31,2022-12-01,2022-12-31,31,False,-0.017005481357456595,-0.01715173500255859,,-5.5328177427608356,-0.00053481758300840429,0.0061453477373942349,0.11744690456384781,,-1.6632377236270675,0.0046675425662581344,-2.1898405931055978,0.033762669665197823,,0.016107041695556094,0.17121457647291488,0.0055230508539649958,31,0.00017121457647291491,5.5230508539649976e-06,0.4064516129032259,365_25_CALENDAR_DAYS_PER_YEAR,NOT_APPLICABLE_REQUIRES_365_CALENDAR_DAYS_AND_CONTIGUOUS_DAILY_RECORDS,RESET_REPORTING_HIGH_WATER_MARK_TO_GROUP_INITIAL_WEALTH_NOT_PORTFOLIO_STATE,0.00014268936221018287
numerical_hard_allocator,MONTH,2023-01,31,2023-01-01,2023-01-31,31,False,0.17102864946694038,0.15788255012922661,,50.929854880395681,0.0051618453757574824,0.010807014172185938,0.2065384118749744,,9.1283941150700016,0.0037775565653673194,26.114945696721204,0.017453905702002781,,0.014784890235190366,0.24635072214933551,0.0079467974886882429,31,0.00024635072214933555,7.946797488688244e-06,0.45322580645161276,365_25_CALENDAR_DAYS_PER_YEAR,NOT_APPLICABLE_REQUIRES_365_CALENDAR_DAYS_AND_CONTIGUOUS_DAILY_RECORDS,RESET_REPORTING_HIGH_WATER_MARK_TO_GROUP_INITIAL_WEALTH_NOT_PORTFOLIO_STATE,0.00021981428487331857
numerical_hard_allocator,MONTH,2023-02,28,2023-02-01,2023-02-28,28,False,0.0084393438723911873,0.008403931707359754,,3.0014041811999124,0.00037890221471836453,0.012870498660185496,0.24597472631758496,,0.56263517800279261,0.00673170823073602,1.0757143738932404,0.040230267184264798,,0.020594310840942806,0.32306155375019652,0.011537912633935591,28,0.00032306155375019655,1.1537912633935592e-05,0.45714285714285713,365_25_CALENDAR_DAYS_PER_YEAR,NOT_APPLICABLE_REQUIRES_365_CALENDAR_DAYS_AND_CONTIGUOUS_DAILY_RECORDS,RESET_REPORTING_HIGH_WATER_MARK_TO_GROUP_INITIAL_WEALTH_NOT_PORTFOLIO_STATE,0.00031354888090929682
numerical_hard_allocator,MONTH,2023-03,31,2023-03-01,2023-03-31,31,False,0.11122600218667221,0.10546391228021629,,34.020616864585904,0.0035607775231774304,0.017892160172075854,0.34194628489191131,,3.8034453006315472,0.008778817965759628,7.7518240827015878,0.073742986018366555,,0.027623854895408362,0.44851394063508698,0.014468191633389903,31,0.00044851394063508701,1.4468191633389903e-05,0.47741935483870945,365_25_CALENDAR_DAYS_PER_YEAR,NOT_APPLICABLE_REQUIRES_365_CALENDAR_DAYS_AND_CONTIGUOUS_DAILY_RECORDS,RESET_REPORTING_HIGH_WATER_MARK_TO_GROUP_INITIAL_WEALTH_NOT_PORTFOLIO_STATE,0.00045283100828498414
numerical_hard_allocator,MONTH,2023-04,30,2023-04-01,2023-04-30,30,False,0.015149119739694305,0.015035517702350903,,5.0118392341169677,0.00054447767182714082,0.0094511446117115094,0.18062569063040104,,1.1010087709051026,0.006198040003371332,1.6788844710467818,0.048108035812802326,,0.02067688064919004,0.28482718424160591,0.009494239474720197,30,0.00028482718424160589,9.494239474720196e-06,0.45499999999999996,365_25_CALENDAR_DAYS_PER_YEAR,NOT_APPLICABLE_REQUIRES_365_CALENDAR_DAYS_AND_CONTIGUOUS_DAILY_RECORDS,RESET_REPORTING_HIGH_WATER_MARK_TO_GROUP_INITIAL_WEALTH_NOT_PORTFOLIO_STATE,0.00030785327989635021
numerical_hard_allocator,MONTH,2023-05,31,2023-05-01,2023-05-31,31,False,-0.031507452667126699,-0.032014491226259656,,-10.327255234277308,-0.00099661252491003733,0.0085758275492669647,0.16389705558986825,,-2.220983918309595,0.0064926754091274713,-2.9335788211962912,0.05202657066548582,,0.017473875054377808,0.23839700645049083,0.0076902260145319621,31,0.00023839700645049086,7.690226014531964e-06,0.49032258064516127,365_25_CALENDAR_DAYS_PER_YEAR,NOT_APPLICABLE_REQUIRES_365_CALENDAR_DAYS_AND_CONTIGUOUS_DAILY_RECORDS,RESET_REPORTING_HIGH_WATER_MARK_TO_GROUP_INITIAL_WEALTH_NOT_PORTFOLIO_STATE,0.00025620724899749753
numerical_hard_allocator,MONTH,2023-06,30,2023-06-01,2023-06-30,30,False,0.060062874729629914,0.058328222147534033,,19.442740715844678,0.0020215736790326327,0.012523283430281624,0.2393389172938753,,3.0850803313363371,0.007032052093368343,5.494176505169464,0.039050622747778839,,0.022335730535817271,0.22676610511939749,0.0075588701706465833,30,0.00022676610511939747,7.5588701706465823e-06,0.49499999999999994,365_25_CALENDAR_DAYS_PER_YEAR,NOT_APPLICABLE_REQUIRES_365_CALENDAR_DAYS_AND_CONTIGUOUS_DAILY_RECORDS,RESET_REPORTING_HIGH_WATER_MARK_TO_GROUP_INITIAL_WEALTH_NOT_PORTFOLIO_STATE,0.00024749109253625781
numerical_hard_allocator,MONTH,2023-07,31,2023-07-01,2023-07-31,31,False,-0.018013858608233024,-0.01817808336293052,,-5.8638978590098443,-0.00056959803232338143,0.0058564916385602499,0.11192642694042441,,-1.858771757422869,0.0044879255583961629,-2.4255930972324835,0.033121368655401162,,0.015422893701310647,0.11526388032718521,0.0037181896879737164,31,0.00011526388032718518,3.7181896879737154e-06,0.44999999999999984,365_25_CALENDAR_DAYS_PER_YEAR,NOT_APPLICABLE_REQUIRES_365_CALENDAR_DAYS_AND_CONTIGUOUS_DAILY_RECORDS,RESET_REPORTING_HIGH_WATER_MARK_TO_GROUP_INITIAL_WEALTH_NOT_PORTFOLIO_STATE,0.00012932169477320802
numerical_hard_allocator,MONTH,2023-08,31,2023-08-01,2023-08-31,31,False,-0.050780036416115476,-0.052114722631706051,,-16.811200848937435,-0.0016347468159651651,0.0096155504413425377,0.18376773508541555,,-3.2491627230087339,0.007828275617838382,-3.9909795695015817,0.058744171612818141,,0.029096239867837936,0.081358255549028313,0.002624459856420268,31,8.1358255549028312e-05,2.6244598564202682e-06,0.44999999999999984,365_25_CALENDAR_DAYS_PER_YEAR,NOT_APPLICABLE_REQUIRES_365_CALENDAR_DAYS_AND_CONTIGUOUS_DAILY_RECORDS,RESET_REPORTING_HIGH_WATER_MARK_TO_GROUP_INITIAL_WEALTH_NOT_PORTFOLIO_STATE,8.7621605155990633e-05
numerical_hard_allocator,MONTH,2023-09,30,2023-09-01,2023-09-30,30,False,0.018028673336405784,0.017868084073912396,,5.9560280246374662,0.00060907999433531537,0.0052480664340590084,0.10029849960728435,,2.2180438271961638,0.0032118882369565364,3.6241738503983592,0.018690498229485378,,0.010892456406811912,0.072200604463639018,0.0024066868154546338,30,7.220060446363902e-05,2.4066868154546338e-06,0.4499999999999999,365_25_CALENDAR_DAYS_PER_YEAR,NOT_APPLICABLE_REQUIRES_365_CALENDAR_DAYS_AND_CONTIGUOUS_DAILY_RECORDS,RESET_REPORTING_HIGH_WATER_MARK_TO_GROUP_INITIAL_WEALTH_NOT_PORTFOLIO_STATE,7.598035288432586e-05
numerical_hard_allocator,MONTH,2023-10,31,2023-10-01,2023-10-31,31,False,0.12182199155720172,0.11495414171274965,,37.081981197661179,0.0037682688554168337,0.01058376143788305,0.20227171392723428,,6.8045114797224366,0.0028301544162083968,25.446429986389795,0.019597840980703326,,0.0081347156695777741,0.11258257119346143,0.0036316958449503687,31,0.00011258257119346143,3.6316958449503685e-06,0.44999999999999984,365_25_CALENDAR_DAYS_PER_YEAR,NOT_APPLICABLE_REQUIRES_365_CALENDAR_DAYS_AND_CONTIGUOUS_DAILY_RECORDS,RESET_REPORTING_HIGH_WATER_MARK_TO_GROUP_INITIAL_WEALTH_NOT_PORTFOLIO_STATE,0.00012642100493514543
numerical_hard_allocator,MONTH,2023-11,30,2023-11-01,2023-11-30,30,False,0.040558483023482729,0.039757571926013167,,13.252523975337722,0.001373688562552396,0.0099356313025353079,0.18988496521845952,,2.6423353049306422,0.0059561575992092327,4.4077526375307077,0.024330500546846105,,0.020154426951927967,0.11171914542750899,0.0037239715142502999,30,0.000111719145427509,3.7239715142503e-06,0.4499999999999999,365_25_CALENDAR_DAYS_PER_YEAR,NOT_APPLICABLE_REQUIRES_365_CALENDAR_DAYS_AND_CONTIGUOUS_DAILY_RECORDS,RESET_REPORTING_HIGH_WATER_MARK_TO_GROUP_INITIAL_WEALTH_NOT_PORTFOLIO_STATE,0.00013709159854157109
numerical_hard_allocator,MONTH,2023-12,31,2023-12-01,2023-12-31,31,False,0.054753755546401384,0.053307332619339107,,17.195913748173904,0.0017749043722360127,0.010552204795828354,0.2016686186938757,,3.2145994064811374,0.0064019824447532634,5.2985323790659926,0.029867203131434691,,0.020877058376075466,0.13953797580461513,0.0045012250259553266,31,0.00013953797580461516,4.5012250259553276e-06,0.44999999999999984,365_25_CALENDAR_DAYS_PER_YEAR,NOT_APPLICABLE_REQUIRES_365_CALENDAR_DAYS_AND_CONTIGUOUS_DAILY_RECORDS,RESET_REPORTING_HIGH_WATER_MARK_TO_GROUP_INITIAL_WEALTH_NOT_PORTFOLIO_STATE,0.00018310501812355404
numerical_hard_allocator,MONTH,2024-01,31,2024-01-01,2024-01-31,31,False,0.0062365951293166131,0.0062172280512856008,,2.0055574358985808,0.00028191674023849626,0.012952445318024072,0.24754085108607116,,0.41597210690815456,0.0091400990441599193,0.58947457161240657,0.07303766162299262,,0.029784829299438792,0.14958688889921962,0.0048253835128780525,31,0.00014958688889921961,4.825383512878052e-06,0.44999999999999984,365_25_CALENDAR_DAYS_PER_YEAR,NOT_APPLICABLE_REQUIRES_365_CALENDAR_DAYS_AND_CONTIGUOUS_DAILY_RECORDS,RESET_REPORTING_HIGH_WATER_MARK_TO_GROUP_INITIAL_WEALTH_NOT_PORTFOLIO_STATE,0.00019845866768497029
numerical_hard_allocator,MONTH,2024-02,29,2024-02-01,2024-02-29,29,False,0.17992327423481946,0.16544941452866349,,57.051522251263272,0.0057803627405215658,0.011134700871548059,0.2128010010971661,,9.9213701067669344,0.0026366655745933554,41.898179821992152,0.013190327112841913,,0.0080442995136071598,0.12897740453800621,0.0044474967082071106,29,0.00012897740453800621,4.4474967082071111e-06,0.4499999999999999,365_25_CALENDAR_DAYS_PER_YEAR,NOT_APPLICABLE_REQUIRES_365_CALENDAR_DAYS_AND_CONTIGUOUS_DAILY_RECORDS,RESET_REPORTING_HIGH_WATER_MARK_TO_GROUP_INITIAL_WEALTH_NOT_PORTFOLIO_STATE,0.00018655880526511687
numerical_hard_allocator,MONTH,2024-03,31,2024-03-01,2024-03-31,31,False,0.07742848069359469,0.074577165566470746,,24.057150182732499,0.0025554882020781249,0.017436882633215592,0.33324524144546547,,2.8009164114704443,0.010916596297613044,4.4738533331068053,0.069263296425980045,,0.034293339749816742,0.2246901146475983,0.0072480682144386551,31,0.00022469011464759832,7.2480682144386557e-06,0.44999999999999984,365_25_CALENDAR_DAYS_PER_YEAR,NOT_APPLICABLE_REQUIRES_365_CALENDAR_DAYS_AND_CONTIGUOUS_DAILY_RECORDS,RESET_REPORTING_HIGH_WATER_MARK_TO_GROUP_INITIAL_WEALTH_NOT_PORTFOLIO_STATE,0.00036545889512614311
numerical_hard_allocator,MONTH,2024-04,30,2024-04-01,2024-04-30,30,False,-0.06771404152395824,-0.07011568895772588,,-23.371896319241962,-0.0022587208913661433,0.012487937186277435,0.23866339702656969,,-3.4567420720976294,0.010462687739989377,-4.1258593334987106,0.070267062493772944,,0.025701141608948239,0.16108214324083697,0.0053694047746945658,30,0.00016108214324083703,5.3694047746945674e-06,0.4499999999999999,365_25_CALENDAR_DAYS_PER_YEAR,NOT_APPLICABLE_REQUIRES_365_CALENDAR_DAYS_AND_CONTIGUOUS_DAILY_RECORDS,RESET_REPORTING_HIGH_WATER_MARK_TO_GROUP_INITIAL_WEALTH_NOT_PORTFOLIO_STATE,0.0002620177030865288
numerical_hard_allocator,MONTH,2024-05,31,2024-05-01,2024-05-31,31,False,0.052327457536884579,0.051004337303513524,,16.45301203339146,0.0017251127774216646,0.012806121477833349,0.24474438084082795,,2.5745123944768045,0.0060936457672046531,5.4104750635975556,0.024721274867308664,,0.016953903775644832,0.16904752387773675,0.0054531459315398951,31,0.00016904752387773671,5.4531459315398939e-06,0.44999999999999984,365_25_CALENDAR_DAYS_PER_YEAR,NOT_APPLICABLE_REQUIRES_365_CALENDAR_DAYS_AND_CONTIGUOUS_DAILY_RECORDS,RESET_REPORTING_HIGH_WATER_MARK_TO_GROUP_INITIAL_WEALTH_NOT_PORTFOLIO_STATE,0.0002730588572174689
numerical_hard_allocator,MONTH,2024-06,30,2024-06-01,2024-06-30,30,False,-0.031507872453509722,-0.032014924669423628,,-10.671641556474544,-0.0010378866068555092,0.0076958179695713396,0.1470787394361906,,-2.5774499061330358,0.0061811687111911137,-3.2090347683563314,0.070832315369679558,,0.018571377880591929,0.092404477844595156,0.0030801492614865051,30,9.2404477844595156e-05,3.080149261486505e-06,0.4499999999999999,365_25_CALENDAR_DAYS_PER_YEAR,NOT_APPLICABLE_REQUIRES_365_CALENDAR_DAYS_AND_CONTIGUOUS_DAILY_RECORDS,RESET_REPORTING_HIGH_WATER_MARK_TO_GROUP_INITIAL_WEALTH_NOT_PORTFOLIO_STATE,0.00014974564516712348
numerical_hard_allocator,MONTH,2024-07,31,2024-07-01,2024-07-31,31,False,0.013443622448013334,0.013354058769719955,,4.3077608934580498,0.00048708679325676531,0.010792252871091413,0.20625630104984768,,0.86256007855991224,0.0069323130115762441,1.3428370110787031,0.050238696935574083,,0.021152040492552482,0.20476203451084429,0.0066052269197046549,31,0.00020476203451084431,6.605226919704655e-06,0.43548387096774183,365_25_CALENDAR_DAYS_PER_YEAR,NOT_APPLICABLE_REQUIRES_365_CALENDAR_DAYS_AND_CONTIGUOUS_DAILY_RECORDS,RESET_REPORTING_HIGH_WATER_MARK_TO_GROUP_INITIAL_WEALTH_NOT_PORTFOLIO_STATE,0.00032235819019877125
numerical_hard_allocator,MONTH,2024-08,31,2024-08-01,2024-08-31,31,False,-0.047205849676824549,-0.048356400419196942,,-15.598838844902239,-0.0014419752697524592,0.01557532990590132,0.29766814884660869,,-1.7693578211771988,0.010755396913619392,-2.5622793847361356,0.08131944840778399,,0.030305774779117507,0.56998506604545907,0.018386615033724487,31,0.0005699850660454591,1.8386615033724487e-05,0.43225806451612891,365_25_CALENDAR_DAYS_PER_YEAR,NOT_APPLICABLE_REQUIRES_365_CALENDAR_DAYS_AND_CONTIGUOUS_DAILY_RECORDS,RESET_REPORTING_HIGH_WATER_MARK_TO_GROUP_INITIAL_WEALTH_NOT_PORTFOLIO_STATE,0.00087976380865685219
numerical_hard_allocator,MONTH,2024-09,30,2024-09-01,2024-09-30,30,False,0.032654528060796204,0.032132698635915113,,10.710899545305038,0.001119480453868708,0.0099482943688267312,0.19012697559798036,,2.1506166312776975,0.0064490712353611939,3.3175269029644641,0.040149944858019995,,0.017025435939060991,0.19533930622367018,0.0065113102074556726,30,0.00019533930622367019,6.5113102074556733e-06,0.44833333333333319,365_25_CALENDAR_DAYS_PER_YEAR,NOT_APPLICABLE_REQUIRES_365_CALENDAR_DAYS_AND_CONTIGUOUS_DAILY_RECORDS,RESET_REPORTING_HIGH_WATER_MARK_TO_GROUP_INITIAL_WEALTH_NOT_PORTFOLIO_STATE,0.00030059384368181759
numerical_hard_allocator,MONTH,2024-10,31,2024-10-01,2024-10-31,31,False,0.049430023893881923,0.048247182394726577,,15.563607224105347,0.00159794366324202,0.0091457594884604091,0.17478931831131417,,3.3391566981205392,0.0053360483714331268,5.7231722671003489,0.021441039278945875,,0.016041792448927044,0.11916520880814108,0.0038440389938110024,31,0.00011916520880814108,3.844038993811003e-06,0.44999999999999984,365_25_CALENDAR_DAYS_PER_YEAR,NOT_APPLICABLE_REQUIRES_365_CALENDAR_DAYS_AND_CONTIGUOUS_DAILY_RECORDS,RESET_REPORTING_HIGH_WATER_MARK_TO_GROUP_INITIAL_WEALTH_NOT_PORTFOLIO_STATE,0.00019271567844462932
numerical_hard_allocator,MONTH,2024-11,30,2024-11-01,2024-11-30,30,False,0.15720228485760204,0.14600526858868704,,48.668422862895682,0.0049787877702219116,0.014495036323140193,0.27702210199340294,,6.5644662284630968,0.0055808445370103665,17.049780869648142,0.031927234609693718,,0.020112453005528771,0.17231995560370911,0.005743998520123637,30,0.00017231995560370911,5.7439985201236373e-06,0.4499999999999999,365_25_CALENDAR_DAYS_PER_YEAR,NOT_APPLICABLE_REQUIRES_365_CALENDAR_DAYS_AND_CONTIGUOUS_DAILY_RECORDS,RESET_REPORTING_HIGH_WATER_MARK_TO_GROUP_INITIAL_WEALTH_NOT_PORTFOLIO_STATE,0.00031570278708973373
numerical_hard_allocator,MONTH,2024-12,31,2024-12-01,2024-12-31,31,False,-0.011617745022476457,-0.011685758309374728,,-3.7695994546370093,-0.00032585241986776882,0.010264144060089955,0.19616334166406763,,-0.60672700284909387,0.0073888966744872844,-0.84282317600845824,0.057826983098971385,,0.022183891370688151,0.13330314554336459,0.0043001014691407928,31,0.00013330314554336456,4.300101469140792e-06,0.44999999999999984,365_25_CALENDAR_DAYS_PER_YEAR,NOT_APPLICABLE_REQUIRES_365_CALENDAR_DAYS_AND_CONTIGUOUS_DAILY_RECORDS,RESET_REPORTING_HIGH_WATER_MARK_TO_GROUP_INITIAL_WEALTH_NOT_PORTFOLIO_STATE,0.00026037122243858547
numerical_hard_allocator,MONTH,2025-01,31,2025-01-01,2025-01-31,31,False,0.043439591995677887,0.042522556061334787,,13.716953568172512,0.0014220364686820333,0.010104927133813913,0.19312046501259592,,2.6895068844839196,0.0064015156183305716,4.2454432221924883,0.043462220600498529,,0.020023308791657871,0.12682565500653475,0.0040911501615011215,31,0.00012682565500653478,4.0911501615011215e-06,0.44999999999999984,365_25_CALENDAR_DAYS_PER_YEAR,NOT_APPLICABLE_REQUIRES_365_CALENDAR_DAYS_AND_CONTIGUOUS_DAILY_RECORDS,RESET_REPORTING_HIGH_WATER_MARK_TO_GROUP_INITIAL_WEALTH_NOT_PORTFOLIO_STATE,0.00024987986414473596
numerical_hard_allocator,MONTH,2025-02,28,2025-02-01,2025-02-28,28,False,-0.081581404442978303,-0.085102005846315804,,-30.393573516541359,-0.0029951199851544407,0.0090418165643972297,0.17280281157415239,,-6.33072786612746,0.0083416274353213145,-6.8621237916072788,0.08228556616806873,,0.022563299345613914,0.2232025414415087,0.0079715193371967391,28,0.00022320254144150872,7.9715193371967403e-06,0.44464285714285712,365_25_CALENDAR_DAYS_PER_YEAR,NOT_APPLICABLE_REQUIRES_365_CALENDAR_DAYS_AND_CONTIGUOUS_DAILY_RECORDS,RESET_REPORTING_HIGH_WATER_MARK_TO_GROUP_INITIAL_WEALTH_NOT_PORTFOLIO_STATE,0.00043293560692084948
numerical_hard_allocator,MONTH,2025-03,31,2025-03-01,2025-03-31,31,False,-0.0045318518033837943,-0.0045421517741757551,,-1.4652102497341146,-5.1250015246410761e-05,0.014040260403128195,0.26833064524302658,,-0.069761200968296799,0.0095545808842575353,-0.10251265225496679,0.068506542802352022,,0.031170634842432463,0.18651070843823492,0.0060164744657495136,31,0.00018651070843823494,6.016474465749514e-06,0.40000000000000013,365_25_CALENDAR_DAYS_PER_YEAR,NOT_APPLICABLE_REQUIRES_365_CALENDAR_DAYS_AND_CONTIGUOUS_DAILY_RECORDS,RESET_REPORTING_HIGH_WATER_MARK_TO_GROUP_INITIAL_WEALTH_NOT_PORTFOLIO_STATE,0.00034431652417947809
numerical_hard_allocator,MONTH,2025-04,30,2025-04-01,2025-04-30,30,False,0.051590658676887627,0.050303930871875582,,16.767976957291861,0.0017346315673102074,0.010826403523061206,0.20690897174222905,,3.0620913855266334,0.0063322309801910502,5.2353486579860506,0.039505845689992256,,0.021323736783291167,0.3318724503163446,0.011062415010544819,30,0.00033187245031634458,1.1062415010544819e-05,0.39000000000000007,365_25_CALENDAR_DAYS_PER_YEAR,NOT_APPLICABLE_REQUIRES_365_CALENDAR_DAYS_AND_CONTIGUOUS_DAILY_RECORDS,RESET_REPORTING_HIGH_WATER_MARK_TO_GROUP_INITIAL_WEALTH_NOT_PORTFOLIO_STATE,0.000604781402608805
numerical_hard_allocator,MONTH,2025-05,28,2025-05-01,2025-05-28,28,False,0.05665556914765519,0.0551087967820066,,19.681713136430929,0.0019981914080365632,0.0076534183925589224,0.14626841929033074,,4.9897265269318574,0.0037012575979321737,10.317699799223551,0.01572220458400464,,0.013100820774785957,0.090353856297240354,0.0032269234391871554,28,9.0353856297240357e-05,3.2269234391871557e-06,0.40000000000000008,365_25_CALENDAR_DAYS_PER_YEAR,NOT_APPLICABLE_REQUIRES_365_CALENDAR_DAYS_AND_CONTIGUOUS_DAILY_RECORDS,RESET_REPORTING_HIGH_WATER_MARK_TO_GROUP_INITIAL_WEALTH_NOT_PORTFOLIO_STATE,0.0001800515041814257
numerical_no_risk,FULL,FULL,1608,2021-01-02,2025-05-28,1608,False,1.1498391798100203,0.76539303925354263,,4.759906960531981,0.0005854564371950841,0.014803076403308307,0.28290921456104501,0.18988373626578042,0.75585365438623187,0.0099707699819447815,1.1221760622158885,0.45766290490573869,0.41489868248091749,0.033962743121577349,10.386376210219943,0.0064591891854601634,1608,0.010386376210219945,6.459189185460165e-06,0.45271028899110577,365_25_CALENDAR_DAYS_PER_YEAR,REPORTED,RESET_REPORTING_HIGH_WATER_MARK_TO_GROUP_INITIAL_WEALTH_NOT_PORTFOLIO_STATE,0.013620681025971906
numerical_no_risk,REGIME,FULL:BEAR,503,2021-05-14,2025-04-11,1429,True,,0.026471790031420681,0.026471790031420681,0.52627813183738925,0.00018765614700076922,0.016445684629444679,,,,0.011494934306427174,,,,0.039350640432961159,3.7161724144554587,0.007388016728539679,503,0.0037161724144554585,7.3880167285396785e-06,0.43778833210228763,NOT_APPLICABLE_CONDITIONAL_SELECTION,NOT_APPLICABLE_CONDITIONAL_SELECTION,NOT_APPLICABLE_CONDITIONAL_SELECTION,0.0043584978916405273
numerical_no_risk,REGIME,FULL:BULL,531,2021-01-02,2025-05-28,1608,True,,0.85770228639894941,0.85770228639894941,16.152585431241985,0.0017240810847867429,0.014733315967973608,,,,0.0087727144435820036,,,,0.029242829093638716,3.4469363440758602,0.0064914055443989838,531,0.0034469363440758601,6.491405544398983e-06,0.45827583803606536,NOT_APPLICABLE_CONDITIONAL_SELECTION,NOT_APPLICABLE_CONDITIONAL_SELECTION,NOT_APPLICABLE_CONDITIONAL_SELECTION,0.004821997267607874
numerical_no_risk,REGIME,FULL:MIX,574,2021-04-11,2025-05-05,1486,True,,-0.11878103717682746,-0.11878103717682746,-2.0693560483767852,-0.00011927551734050918,0.013228553696070861,,,,0.0095665779229867492,,,,0.032404142561903299,3.2232674516886251,0.0056154485221056186,574,0.003223267451688625,5.6154485221056183e-06,0.46063788092873992,NOT_APPLICABLE_CONDITIONAL_SELECTION,NOT_APPLICABLE_CONDITIONAL_SELECTION,NOT_APPLICABLE_CONDITIONAL_SELECTION,0.0044401858667235039
numerical_no_risk,POST2021,POST2021,1244,2022-01-01,2025-05-28,1244,False,0.60485619426381854,0.47303415397826459,,3.802525353523027,0.00045829107933512494,0.012495632667816097,0.23881046933630157,0.1489945303947792,0.70093583917139135,0.0084685396365237163,1.0342558629847183,0.36948170729771784,0.4032527929040981,0.028755548078543375,7.0074128573614809,0.0056329685348564962,1244,0.0070074128573614806,5.6329685348564957e-06,0.44243784122790525,365_25_CALENDAR_DAYS_PER_YEAR,REPORTED,RESET_REPORTING_HIGH_WATER_MARK_TO_GROUP_INITIAL_WEALTH_NOT_PORTFOLIO_STATE,0.0094117400449893682
numerical_no_risk,REGIME,POST2021:BEAR,380,2022-01-01,2025-04-11,1197,True,,-0.023830591179569233,-0.023830591179569233,-0.62712082051497975,3.8866153251870819e-05,0.014267571667748568,,,,0.010049191353757521,,,,0.034935070718136153,2.6856688209104052,0.0070675495287115921,380,0.0026856688209104052,7.067549528711593e-06,0.42073090819702164,NOT_APPLICABLE_CONDITIONAL_SELECTION,NOT_APPLICABLE_CONDITIONAL_SELECTION,NOT_APPLICABLE_CONDITIONAL_SELECTION,0.0031141929439055696
numerical_no_risk,REGIME,POST2021:BULL,388,2023-01-16,2025-05-28,864,True,,0.48718666727532056,0.48718666727532056,12.556357404003107,0.00132460920072596,0.01171967198462987,,,,0.0071189756810382645,,,,0.023650158141477334,1.8218094434466985,0.0046953851635224185,388,0.0018218094434466984,4.6953851635224182e-06,0.4494641591401351,NOT_APPLICABLE_CONDITIONAL_SELECTION,NOT_APPLICABLE_CONDITIONAL_SELECTION,NOT_APPLICABLE_CONDITIONAL_SELECTION,0.0028512430911818241
numerical_no_risk,REGIME,POST2021:MIX,476,2022-03-25,2025-05-05,1138,True,,0.009678077882513153,0.009678077882513153,0.20332096391834356,8.6967635662840408e-05,0.011548893948627799,,,,0.0080929948904577102,,,,0.027246205025457795,2.4999345930043768,0.0052519634306814637,476,0.002499934593004377,5.2519634306814647e-06,0.45403957064343164,NOT_APPLICABLE_CONDITIONAL_SELECTION,NOT_APPLICABLE_CONDITIONAL_SELECTION,NOT_APPLICABLE_CONDITIONAL_SELECTION,0.0034463040099019754
numerical_no_risk,YEAR,2021,364,2021-01-02,2021-12-31,364,False,0.3395836882420466,0.29235888527527809,,8.0318375075625852,0.0010200545283428565,0.020861058452885512,0.39868642848448127,,0.93450614281878086,0.013931388880717176,1.3993426956092256,0.292084563183659,,0.044718001860767839,3.3789633528584631,0.0092828663540067673,364,0.0033789633528584634,9.2828663540067672e-06,0.48781722585215387,365_25_CALENDAR_DAYS_PER_YEAR,NOT_APPLICABLE_REQUIRES_365_CALENDAR_DAYS_AND_CONTIGUOUS_DAILY_RECORDS,RESET_REPORTING_HIGH_WATER_MARK_TO_GROUP_INITIAL_WEALTH_NOT_PORTFOLIO_STATE,0.0042089409809825369
numerical_no_risk,YEAR_REGIME,2021:BEAR,123,2021-05-14,2021-12-31,232,True,,0.050302381210989851,0.050302381210989851,4.0896244886983615,0.0006473325504526505,0.021913799988191002,,,,0.015111612960290739,,,,0.047295552837254937,1.0305035935450535,0.0083780779963012475,123,0.0010305035935450535,8.3780779963012478e-06,0.49048606449254034,NOT_APPLICABLE_CONDITIONAL_SELECTION,NOT_APPLICABLE_CONDITIONAL_SELECTION,NOT_APPLICABLE_CONDITIONAL_SELECTION,0.0012443049477349575
numerical_no_risk,YEAR_REGIME,2021:BULL,143,2021-01-02,2021-11-17,320,True,,0.37051561912362896,0.37051561912362896,25.91018315549853,0.0028079628401404756,0.02083854429672212,,,,0.012176518532937461,,,,0.037936974719834086,1.6251269006291618,0.011364523780623508,143,0.0016251269006291619,1.136452378062351e-05,0.48218444930614207,NOT_APPLICABLE_CONDITIONAL_SELECTION,NOT_APPLICABLE_CONDITIONAL_SELECTION,NOT_APPLICABLE_CONDITIONAL_SELECTION,0.0019707541764260508
numerical_no_risk,YEAR_REGIME,2021:MIX,98,2021-04-11,2021-12-04,238,True,,-0.12845911505934066,-0.12845911505934066,-13.108072965238842,-0.00112102797478535,0.019477526484471975,,,,0.01476198150328133,,,,0.049694479822304738,0.72333285868424801,0.0073809475375943671,98,0.00072333285868424809,7.380947537594368e-06,0.492686816600237,NOT_APPLICABLE_CONDITIONAL_SELECTION,NOT_APPLICABLE_CONDITIONAL_SELECTION,NOT_APPLICABLE_CONDITIONAL_SELECTION,0.00099388185682152872
numerical_no_risk,YEAR,2022,365,2022-01-01,2022-12-31,365,False,-0.34423162855549089,-0.421947644700015,,-11.560209443836028,-0.0010463906255383298,0.014744179097651649,0.2817835978291498,-0.34442112166493505,-1.3563393289115633,0.011298469259439361,-1.7699840149543462,0.36948170729771784,-0.93217367697018438,0.039225719343288445,2.7106080469011617,0.0074263234161675669,365,0.0027106080469011615,7.4263234161675657e-06,0.43166552924567025,365_25_CALENDAR_DAYS_PER_YEAR,REPORTED,RESET_REPORTING_HIGH_WATER_MARK_TO_GROUP_INITIAL_WEALTH_NOT_PORTFOLIO_STATE,0.0028981760159186775
numerical_no_risk,YEAR_REGIME,2022:BEAR,321,2022-01-01,2022-12-31,365,True,,-0.22680842319956845,-0.22680842319956845,-7.0656829657186435,-0.000601715178993392,0.014471934469859843,,,,0.010622613428317345,,,,0.036764507792914028,2.3255498854670722,0.0072447036930438384,321,0.0023255498854670722,7.2447036930438382e-06,0.4260371703781029,NOT_APPLICABLE_CONDITIONAL_SELECTION,NOT_APPLICABLE_CONDITIONAL_SELECTION,NOT_APPLICABLE_CONDITIONAL_SELECTION,0.0024791901525331077
numerical_no_risk,YEAR_REGIME,2022:MIX,44,2022-03-25,2022-12-17,268,True,,-0.19513922150044655,-0.19513922150044655,-44.349823068283307,-0.0042905001332866266,0.016413206087418725,,,,0.015353864427040904,,,,0.055548482845443392,0.38505816143408944,0.0087513218507747608,44,0.00038505816143408943,8.7513218507747605e-06,0.47272696552951382,NOT_APPLICABLE_CONDITIONAL_SELECTION,NOT_APPLICABLE_CONDITIONAL_SELECTION,NOT_APPLICABLE_CONDITIONAL_SELECTION,0.00041898586338556977
numerical_no_risk,YEAR,2023,365,2023-01-01,2023-12-31,365,False,0.58229206506141273,0.45887446991724057,,12.571903285403851,0.0013154939024559182,0.010778537032935088,0.20599417060519329,0.58278945379163627,2.332513325306258,0.0061434833772752873,4.0923169662385348,0.098121364852970697,5.9394756143569065,0.021030599877395313,1.7178265340483905,0.0047063740658860017,365,0.0017178265340483906,4.7063740658860013e-06,0.46554254187598954,365_25_CALENDAR_DAYS_PER_YEAR,REPORTED,RESET_REPORTING_HIGH_WATER_MARK_TO_GROUP_INITIAL_WEALTH_NOT_PORTFOLIO_STATE,0.0019422478018168814
numerical_no_risk,YEAR_REGIME,2023:BEAR,1,2023-01-01,2023-01-01,1,True,,0.0019539189471383558,0.0019539189471383558,19.539189471383558,0.0019558290906502851,,,,,0,,,,-0.0019558290906502851,0.0030693650531319894,0.0030693650531319894,1,3.0693650531319893e-06,3.0693650531319893e-06,0.39994057720995024,NOT_APPLICABLE_CONDITIONAL_SELECTION,NOT_APPLICABLE_CONDITIONAL_SELECTION,NOT_APPLICABLE_CONDITIONAL_SELECTION,2.6963040306364749e-06
numerical_no_risk,YEAR_REGIME,2023:BULL,180,2023-01-16,2023-12-31,350,True,,0.1541872702837109,0.1541872702837109,8.5659594602061624,0.0009115853668306053,0.010504687580869639,,,,0.0064876685670851716,,,,0.021240101546927924,0.75177996857258655,0.0041765553809588142,180,0.00075177996857258666,4.1765553809588145e-06,0.46295929119293316,NOT_APPLICABLE_CONDITIONAL_SELECTION,NOT_APPLICABLE_CONDITIONAL_SELECTION,NOT_APPLICABLE_CONDITIONAL_SELECTION,0.0009006604748022411
numerical_no_risk,YEAR_REGIME,2023:MIX,184,2023-01-02,2023-10-21,293,True,,0.30273328068639127,0.30273328068639127,16.452895689477788,0.0017071417351970158,0.011082897693041098,,,,0.0058047019003530168,,,,0.020461421589929991,0.96297720042267176,0.0052335717414275637,184,0.00096297720042267179,5.2335717414275645e-06,0.46842616735216447,NOT_APPLICABLE_CONDITIONAL_SELECTION,NOT_APPLICABLE_CONDITIONAL_SELECTION,NOT_APPLICABLE_CONDITIONAL_SELECTION,0.0010388910229840037
numerical_no_risk,YEAR,2024,366,2024-01-01,2024-12-31,366,False,0.45110618900720184,0.37232615455109214,,10.172845752762079,0.0010923632718414474,0.012255051080252599,0.23421259075207515,0.44999947029646709,1.7035193699831168,0.007635936448591181,2.7340087277958611,0.11986690331013881,3.754159470793673,0.024913215525551358,1.9912374415493677,0.0054405394577851573,366,0.0019912374415493672,5.4405394577851565e-06,0.44151414679153156,365_25_CALENDAR_DAYS_PER_YEAR,REPORTED,RESET_REPORTING_HIGH_WATER_MARK_TO_GROUP_INITIAL_WEALTH_NOT_PORTFOLIO_STATE,0.0033865409538707683
numerical_no_risk,YEAR_REGIME,2024:BEAR,21,2024-07-05,2024-09-02,60,True,,0.12087994220340341,0.12087994220340341,57.561877239715912,0.0058460572574696879,0.012515745815322089,,,,0.0042590539033468648,,,,0.016197648686345063,0.1851002360827439,0.0088142969563211378,21,0.0001851002360827439,8.8142969563211382e-06,0.40071741141669048,NOT_APPLICABLE_CONDITIONAL_SELECTION,NOT_APPLICABLE_CONDITIONAL_SELECTION,NOT_APPLICABLE_CONDITIONAL_SELECTION,0.0003000646054728638
numerical_no_risk,YEAR_REGIME,2024:BULL,153,2024-01-01,2024-12-31,366,True,,0.26353631942642763,0.26353631942642763,17.224596040942981,0.0018178344771409855,0.013781347983519087,,,,0.0082663853660521237,,,,0.027877105427005246,0.86659184938674949,0.0056639990155996703,153,0.00086659184938674952,5.6639990155996703e-06,0.44228413597328375,NOT_APPLICABLE_CONDITIONAL_SELECTION,NOT_APPLICABLE_CONDITIONAL_SELECTION,NOT_APPLICABLE_CONDITIONAL_SELECTION,0.001523780043512333
numerical_no_risk,YEAR_REGIME,2024:MIX,192,2024-01-15,2024-11-05,296,True,,-0.012090107078738904,-0.012090107078738904,-0.6296930770176512,-5.6818745597109659e-06,0.010739626519155695,,,,0.0073967389831592631,,,,0.023188740975864382,0.93954535607987411,0.0048934653962493446,192,0.0009395453560798741,4.8934653962493446e-06,0.44536270459394595,NOT_APPLICABLE_CONDITIONAL_SELECTION,NOT_APPLICABLE_CONDITIONAL_SELECTION,NOT_APPLICABLE_CONDITIONAL_SELECTION,0.0015626963048855714
numerical_no_risk,YEAR,2025,148,2025-01-01,2025-05-28,148,False,0.065859135772986174,0.06378117420994675,,4.3095387979693749,0.00048707060218922951,0.010628090040400143,0.20311890067267976,,0.87585417634915652,0.0071206578875927145,1.3072748607567668,0.12699158756544346,,0.023376449781071906,0.58774083486256101,0.0039712218571794659,148,0.00058774083486256103,3.9712218571794661e-06,0.41430777569194388,365_25_CALENDAR_DAYS_PER_YEAR,NOT_APPLICABLE_REQUIRES_365_CALENDAR_DAYS_AND_CONTIGUOUS_DAILY_RECORDS,RESET_REPORTING_HIGH_WATER_MARK_TO_GROUP_INITIAL_WEALTH_NOT_PORTFOLIO_STATE,0.0011847752733830418
numerical_no_risk,YEAR_REGIME,2025:BEAR,37,2025-02-27,2025-04-11,44,True,,0.080143970869457404,0.080143970869457404,21.660532667420924,0.0022485588971642165,0.012881590526102233,,,,0.0069208467183597862,,,,0.020544377198464994,0.17194933430745712,0.0046472793056069493,37,0.00017194933430745714,4.6472793056069501e-06,0.38661641098747951,NOT_APPLICABLE_CONDITIONAL_SELECTION,NOT_APPLICABLE_CONDITIONAL_SELECTION,NOT_APPLICABLE_CONDITIONAL_SELECTION,0.00033224188186896185
numerical_no_risk,YEAR_REGIME,2025:BULL,55,2025-01-01,2025-05-28,148,True,,0.069463077565181941,0.069463077565181941,12.629650466396717,0.0013042605245380499,0.0090938701421009564,,,,0.0054483156184518943,,,,0.017740721270603024,0.20343762548736233,0.0036988659179520425,55,0.00020343762548736234,3.6988659179520424e-06,0.42527179141330906,NOT_APPLICABLE_CONDITIONAL_SELECTION,NOT_APPLICABLE_CONDITIONAL_SELECTION,NOT_APPLICABLE_CONDITIONAL_SELECTION,0.0004268025728672494
numerical_no_risk,YEAR_REGIME,2025:MIX,56,2025-01-10,2025-05-05,116,True,,-0.085825874224692622,-0.085825874224692622,-15.32604896869511,-0.0014793671235832639,0.010266543627453354,,,,0.0085558036818242141,,,,0.027653162393730751,0.21235387506774156,0.0037920334833525279,56,0.00021235387506774155,3.7920334833525278e-06,0.4218356262167669,NOT_APPLICABLE_CONDITIONAL_SELECTION,NOT_APPLICABLE_CONDITIONAL_SELECTION,NOT_APPLICABLE_CONDITIONAL_SELECTION,0.00042573081864683053
numerical_no_risk,MONTH,2021-01,30,2021-01-02,2021-01-31,30,False,0.07320089004770125,0.070645668909000467,,23.548556303000158,0.002734331751006791,0.027922601156489212,0.5336432067538498,,1.8715026433680455,0.017693160359764676,2.9535267194501502,0.12880449258660559,,0.055104155928685949,0.81848969940841876,0.027282989980280625,30,0.00081848969940841859,2.7282989980280621e-05,0.5,365_25_CALENDAR_DAYS_PER_YEAR,NOT_APPLICABLE_REQUIRES_365_CALENDAR_DAYS_AND_CONTIGUOUS_DAILY_RECORDS,RESET_REPORTING_HIGH_WATER_MARK_TO_GROUP_INITIAL_WEALTH_NOT_PORTFOLIO_STATE,0.00084797176019435656
numerical_no_risk,MONTH,2021-02,28,2021-02-01,2021-02-28,28,False,0.17403118311719667,0.16044328248177347,,57.3011723149191,0.006073094708646567,0.026331991222492659,0.50324424137396484,,4.4077957778056271,0.012505717015171587,9.2810383915540307,0.10837244941874273,,0.041432883414435996,0.25794818204441522,0.00921243507301483,28,0.00025794818204441516,9.212435073014827e-06,0.48635586323450875,365_25_CALENDAR_DAYS_PER_YEAR,NOT_APPLICABLE_REQUIRES_365_CALENDAR_DAYS_AND_CONTIGUOUS_DAILY_RECORDS,RESET_REPORTING_HIGH_WATER_MARK_TO_GROUP_INITIAL_WEALTH_NOT_PORTFOLIO_STATE,0.00032798138270769445
numerical_no_risk,MONTH,2021-03,31,2021-03-01,2021-03-31,31,False,0.13956057898447916,0.13064273106758847,,42.142816473415635,0.0043719957690444176,0.017599467318291651,0.33635248106926713,,4.7476131276540805,0.0094471633343738062,8.8445027488856027,0.079219582391904464,,0.026818393393132411,0.22892762748271928,0.0073847621768619118,31,0.00022892762748271929,7.3847621768619128e-06,0.47715469503588193,365_25_CALENDAR_DAYS_PER_YEAR,NOT_APPLICABLE_REQUIRES_365_CALENDAR_DAYS_AND_CONTIGUOUS_DAILY_RECORDS,RESET_REPORTING_HIGH_WATER_MARK_TO_GROUP_INITIAL_WEALTH_NOT_PORTFOLIO_STATE,0.00031576706062877777
numerical_no_risk,MONTH,2021-04,30,2021-04-01,2021-04-30,30,False,-0.002915423471250107,-0.0029196815964310369,,-0.97322719881034558,5.0239329176989443e-05,0.017576194562711783,0.3359077034553179,,0.054627848046171053,0.010260232196048989,0.093579722900568638,0.11787567344882377,,0.028029407967949237,0.19846271993245662,0.0066154239977485544,30,0.00019846271993245664,6.6154239977485543e-06,0.48329417311564438,365_25_CALENDAR_DAYS_PER_YEAR,NOT_APPLICABLE_REQUIRES_365_CALENDAR_DAYS_AND_CONTIGUOUS_DAILY_RECORDS,RESET_REPORTING_HIGH_WATER_MARK_TO_GROUP_INITIAL_WEALTH_NOT_PORTFOLIO_STATE,0.00027962458132345825
numerical_no_risk,MONTH,2021-05,31,2021-05-01,2021-05-31,31,False,-0.18518254494652314,-0.20479117235835953,,-66.061668502696619,-0.0061728610405010374,0.029049912593810442,0.55518783603286614,,-4.0610354707222607,0.023879445102578323,-4.9403461830068949,0.22488421888993176,,0.069332001388305337,0.34647444761864432,0.011176595084472397,31,0.00034647444761864434,1.1176595084472399e-05,0.49998891417157515,365_25_CALENDAR_DAYS_PER_YEAR,NOT_APPLICABLE_REQUIRES_365_CALENDAR_DAYS_AND_CONTIGUOUS_DAILY_RECORDS,RESET_REPORTING_HIGH_WATER_MARK_TO_GROUP_INITIAL_WEALTH_NOT_PORTFOLIO_STATE,0.00043639844730291363
numerical_no_risk,MONTH,2021-06,30,2021-06-01,2021-06-30,30,False,-0.021836309829924305,-0.022078250590470215,,-7.3594168634900718,-0.00041517102640552158,0.025769827476457195,0.49250044059144349,,-0.30790067357607009,0.017838272739378255,-0.44480468226190173,0.11373673818389997,,0.051328061777265115,0.30176877526708534,0.010058959175569511,30,0.00030176877526708534,1.0058959175569511e-05,0.5,365_25_CALENDAR_DAYS_PER_YEAR,NOT_APPLICABLE_REQUIRES_365_CALENDAR_DAYS_AND_CONTIGUOUS_DAILY_RECORDS,RESET_REPORTING_HIGH_WATER_MARK_TO_GROUP_INITIAL_WEALTH_NOT_PORTFOLIO_STATE,0.00034542388651358051
numerical_no_risk,MONTH,2021-07,31,2021-07-01,2021-07-31,31,False,0.091146906870793673,0.087229351196420363,,28.138500385942052,0.002934166995757043,0.015556328820076584,0.29730500931263437,,3.6047307029169398,0.0085229669088653492,6.5794431354734764,0.07823406700626484,,0.021653337513097271,0.19910753190474861,0.0064228236098306003,31,0.00019910753190474859,6.4228236098305998e-06,0.48755775310474792,365_25_CALENDAR_DAYS_PER_YEAR,NOT_APPLICABLE_REQUIRES_365_CALENDAR_DAYS_AND_CONTIGUOUS_DAILY_RECORDS,RESET_REPORTING_HIGH_WATER_MARK_TO_GROUP_INITIAL_WEALTH_NOT_PORTFOLIO_STATE,0.00022599114663383069
numerical_no_risk,MONTH,2021-08,31,2021-08-01,2021-08-31,31,False,0.067977750432826542,0.065766907392929605,,21.215131417074065,0.0022554885696471475,0.016558397591765379,0.31645606152710992,,2.6032593469316319,0.0089610426220040409,4.8103557944391628,0.041398222344953238,,0.021326625761062312,0.20470220079752066,0.0066032967999200215,31,0.00020470220079752067,6.6032967999200217e-06,0.4957488787814362,365_25_CALENDAR_DAYS_PER_YEAR,NOT_APPLICABLE_REQUIRES_365_CALENDAR_DAYS_AND_CONTIGUOUS_DAILY_RECORDS,RESET_REPORTING_HIGH_WATER_MARK_TO_GROUP_INITIAL_WEALTH_NOT_PORTFOLIO_STATE,0.00026734280774117191
numerical_no_risk,MONTH,2021-09,30,2021-09-01,2021-09-30,30,False,-0.030038061635129239,-0.030498447053672672,,-10.16614901789089,-0.00082930442490691445,0.019538034689060131,0.37340144017044502,,-0.81120051668516702,0.015489414682251547,-1.0232319399995842,0.11642034719231195,,0.051935748094955929,0.22425905732441154,0.007475301910813718,30,0.00022425905732441153,7.4753019108137181e-06,0.49057756610410891,365_25_CALENDAR_DAYS_PER_YEAR,NOT_APPLICABLE_REQUIRES_365_CALENDAR_DAYS_AND_CONTIGUOUS_DAILY_RECORDS,RESET_REPORTING_HIGH_WATER_MARK_TO_GROUP_INITIAL_WEALTH_NOT_PORTFOLIO_STATE,0.00029395210878589023
numerical_no_risk,MONTH,2021-10,31,2021-10-01,2021-10-31,31,False,0.18030299486388113,0.16577118082481002,,53.474574459616129,0.0054978318371628242,0.016853665446216175,0.32209907751324174,,6.2343645751086241,0.0078887222399601793,13.319253945383275,0.054622779006316742,,0.024673690807108836,0.22285992710818792,0.0071890299067157394,31,0.00022285992710818791,7.1890299067157394e-06,0.47556642917390768,365_25_CALENDAR_DAYS_PER_YEAR,NOT_APPLICABLE_REQUIRES_365_CALENDAR_DAYS_AND_CONTIGUOUS_DAILY_RECORDS,RESET_REPORTING_HIGH_WATER_MARK_TO_GROUP_INITIAL_WEALTH_NOT_PORTFOLIO_STATE,0.00032570612094389844
numerical_no_risk,MONTH,2021-11,30,2021-11-01,2021-11-30,30,False,-0.031503207994352557,-0.032010108473409189,,-10.670036157803063,-0.00094724027070469305,0.015657424605547889,0.29923710291830724,,-1.1562052482821379,0.012006911705063896,-1.5077312924589392,0.10084359547442236,,0.037341855000379294,0.19229016045156294,0.0064096720150520984,30,0.00019229016045156294,6.4096720150520981e-06,0.47600932488786962,365_25_CALENDAR_DAYS_PER_YEAR,NOT_APPLICABLE_REQUIRES_365_CALENDAR_DAYS_AND_CONTIGUOUS_DAILY_RECORDS,RESET_REPORTING_HIGH_WATER_MARK_TO_GROUP_INITIAL_WEALTH_NOT_PORTFOLIO_STATE,0.00029002045177097208
numerical_no_risk,MONTH,2021-12,31,2021-12-01,2021-12-31,31,False,-0.091392959111445779,-0.095842576524901635,,-30.916960169323108,-0.0029683145269266426,0.015585920514384455,0.29787055141794294,,-3.6397585320166299,0.013362093688887943,-4.245516345895723,0.095337183542160225,,0.037204629465105964,0.18367302351829223,0.0059249362425255556,31,0.00018367302351829221,5.9249362425255549e-06,0.48175991413209845,365_25_CALENDAR_DAYS_PER_YEAR,NOT_APPLICABLE_REQUIRES_365_CALENDAR_DAYS_AND_CONTIGUOUS_DAILY_RECORDS,RESET_REPORTING_HIGH_WATER_MARK_TO_GROUP_INITIAL_WEALTH_NOT_PORTFOLIO_STATE,0.00025276122643599246
numerical_no_risk,MONTH,2022-01,31,2022-01-01,2022-01-31,31,False,-0.080071680552351365,-0.083459525618336861,,-26.922427618818343,-0.0026049709463231993,0.013043067116821986,0.24927277093985892,,-3.8169657863437676,0.011781741389994563,-4.2256012321042755,0.13336838668627082,,0.040611894399731105,0.14942984908944817,0.004820317712562844,31,0.00014942984908944813,4.8203177125628434e-06,0.4729534673131417,365_25_CALENDAR_DAYS_PER_YEAR,NOT_APPLICABLE_REQUIRES_365_CALENDAR_DAYS_AND_CONTIGUOUS_DAILY_RECORDS,RESET_REPORTING_HIGH_WATER_MARK_TO_GROUP_INITIAL_WEALTH_NOT_PORTFOLIO_STATE,0.00018848145475065732
numerical_no_risk,MONTH,2022-02,28,2022-02-01,2022-02-28,28,False,0.061107110367085174,0.059312806814627639,,21.183145290938445,0.002326471597124311,0.020868504533139692,0.3988287343578602,,2.130598118056354,0.010556364280365329,4.2119043360086836,0.080855942538242659,,0.031254667090764639,0.18836975153288371,0.0067274911261744185,28,0.00018836975153288372,6.7274911261744182e-06,0.46168693453927734,365_25_CALENDAR_DAYS_PER_YEAR,NOT_APPLICABLE_REQUIRES_365_CALENDAR_DAYS_AND_CONTIGUOUS_DAILY_RECORDS,RESET_REPORTING_HIGH_WATER_MARK_TO_GROUP_INITIAL_WEALTH_NOT_PORTFOLIO_STATE,0.00023725878569143871
numerical_no_risk,MONTH,2022-03,31,2022-03-01,2022-03-31,31,False,0.028598205262554847,0.028196909521996959,,9.0957772651603097,0.0010189646033564404,0.015010852940210361,0.28688013893228159,,1.2973251573326676,0.009889201147444588,1.9692143846612018,0.068880046566854702,,0.032679872749376886,0.22039749891032218,0.007109596739042651,31,0.00022039749891032215,7.1095967390426504e-06,0.46006394414276669,365_25_CALENDAR_DAYS_PER_YEAR,NOT_APPLICABLE_REQUIRES_365_CALENDAR_DAYS_AND_CONTIGUOUS_DAILY_RECORDS,RESET_REPORTING_HIGH_WATER_MARK_TO_GROUP_INITIAL_WEALTH_NOT_PORTFOLIO_STATE,0.00028416081358504481
numerical_no_risk,MONTH,2022-04,30,2022-04-01,2022-04-30,30,False,-0.083586939302688582,-0.087288076324838718,,-29.096025441612905,-0.0028384173135779602,0.01172624499938793,0.22410630548294735,,-4.626072084630553,0.010443315085634482,-5.1943711555564338,0.094110968268777934,,0.028551637033685164,0.26051937157710175,0.0086839790525700591,30,0.00026051937157710173,8.6839790525700574e-06,0.46603330223857309,365_25_CALENDAR_DAYS_PER_YEAR,NOT_APPLICABLE_REQUIRES_365_CALENDAR_DAYS_AND_CONTIGUOUS_DAILY_RECORDS,RESET_REPORTING_HIGH_WATER_MARK_TO_GROUP_INITIAL_WEALTH_NOT_PORTFOLIO_STATE,0.0003337339802710056
numerical_no_risk,MONTH,2022-05,31,2022-05-01,2022-05-31,31,False,-0.066524413351665562,-0.068840468834753032,,-22.206602849920333,-0.0020493405767538992,0.018596969652184811,0.35541626173998325,,-2.1060421996306062,0.015001079743218066,-2.6108789195962867,0.13113348278927761,,0.045952675867731392,0.26704911630517753,0.0086144876227476613,31,0.00026704911630517745,8.6144876227476604e-06,0.44538242225560337,365_25_CALENDAR_DAYS_PER_YEAR,NOT_APPLICABLE_REQUIRES_365_CALENDAR_DAYS_AND_CONTIGUOUS_DAILY_RECORDS,RESET_REPORTING_HIGH_WATER_MARK_TO_GROUP_INITIAL_WEALTH_NOT_PORTFOLIO_STATE,0.00030720288186810764
numerical_no_risk,MONTH,2022-06,30,2022-06-01,2022-06-30,30,False,-0.17548833786093579,-0.19296399258395414,,-64.321330861318046,-0.0062208230006811048,0.019689666132702576,0.37629934675789289,,-6.038159833587633,0.018118892707316887,-6.5616234446393493,0.19366627531598327,,0.05891355087237643,0.25253125086694544,0.0084177083622315151,30,0.00025253125086694545,8.4177083622315148e-06,0.43137094495817985,365_25_CALENDAR_DAYS_PER_YEAR,NOT_APPLICABLE_REQUIRES_365_CALENDAR_DAYS_AND_CONTIGUOUS_DAILY_RECORDS,RESET_REPORTING_HIGH_WATER_MARK_TO_GROUP_INITIAL_WEALTH_NOT_PORTFOLIO_STATE,0.00025866246589446195
numerical_no_risk,MONTH,2022-07,31,2022-07-01,2022-07-31,31,False,0.070869016433437973,0.068470483737435681,,22.087252818527638,0.0023023545168069657,0.013778650374961716,0.26333088130386789,,3.1934537381255943,0.0072465096915129579,6.0720932448046305,0.045026103481880832,,0.021315154314944511,0.19364575243932719,0.0062466371754621676,31,0.0001936457524393272,6.2466371754621678e-06,0.41281835466224653,365_25_CALENDAR_DAYS_PER_YEAR,NOT_APPLICABLE_REQUIRES_365_CALENDAR_DAYS_AND_CONTIGUOUS_DAILY_RECORDS,RESET_REPORTING_HIGH_WATER_MARK_TO_GROUP_INITIAL_WEALTH_NOT_PORTFOLIO_STATE,0.00018937465978709553
numerical_no_risk,MONTH,2022-08,31,2022-08-01,2022-08-31,31,False,-0.057234764904972778,-0.058937982703732163,,-19.012252485074892,-0.001837853202153443,0.011207691348493466,0.21419595968148078,,-3.1339334461992792,0.0097155295376258055,-3.6152593263902837,0.085560744204095651,,0.035709956036221395,0.17916091274274082,0.0057793842820238975,31,0.0001791609127427408,5.779384282023897e-06,0.40962290212939395,365_25_CALENDAR_DAYS_PER_YEAR,NOT_APPLICABLE_REQUIRES_365_CALENDAR_DAYS_AND_CONTIGUOUS_DAILY_RECORDS,RESET_REPORTING_HIGH_WATER_MARK_TO_GROUP_INITIAL_WEALTH_NOT_PORTFOLIO_STATE,0.00017913326721911743
numerical_no_risk,MONTH,2022-09,30,2022-09-01,2022-09-30,30,False,-0.0086429125672238122,-0.0086804791491252222,,-2.8934930497084075,-0.00020252731992267034,0.013405158114004587,0.25619287841087496,,-0.28873989027563579,0.0093303729975851481,-0.41483913708133729,0.071554938785266531,,0.032906009003390788,0.17027728013083387,0.0056759093376944625,30,0.00017027728013083388,5.6759093376944624e-06,0.39605074062956175,365_25_CALENDAR_DAYS_PER_YEAR,NOT_APPLICABLE_REQUIRES_365_CALENDAR_DAYS_AND_CONTIGUOUS_DAILY_RECORDS,RESET_REPORTING_HIGH_WATER_MARK_TO_GROUP_INITIAL_WEALTH_NOT_PORTFOLIO_STATE,0.00016311882459497687
numerical_no_risk,MONTH,2022-10,31,2022-10-01,2022-10-31,31,False,0.025110379636003911,0.024800294242254231,,8.0000949168562041,0.00082431347367544058,0.0070561023568774198,0.13485280500210045,,2.2326602420710868,0.0036445317141713647,4.3226072460632086,0.025717807476384458,,0.010044175550814875,0.23245354939641572,0.007498501593432765,31,0.00023245354939641574,7.4985015934327657e-06,0.41156741323493007,365_25_CALENDAR_DAYS_PER_YEAR,NOT_APPLICABLE_REQUIRES_365_CALENDAR_DAYS_AND_CONTIGUOUS_DAILY_RECORDS,RESET_REPORTING_HIGH_WATER_MARK_TO_GROUP_INITIAL_WEALTH_NOT_PORTFOLIO_STATE,0.00022170523878110889
numerical_no_risk,MONTH,2022-11,30,2022-11-01,2022-11-30,30,False,-0.080571375594121294,-0.084002862305359832,,-28.000954101786611,-0.002616753523605549,0.019077837332353003,0.36460637155214171,,-2.621372798363848,0.016090989807770531,-3.1079582071756704,0.12721403104196904,,0.061480265776024036,0.22640668383308898,0.0075468894611029659,30,0.00022640668383308902,7.5468894611029673e-06,0.41176032490480918,365_25_CALENDAR_DAYS_PER_YEAR,NOT_APPLICABLE_REQUIRES_365_CALENDAR_DAYS_AND_CONTIGUOUS_DAILY_RECORDS,RESET_REPORTING_HIGH_WATER_MARK_TO_GROUP_INITIAL_WEALTH_NOT_PORTFOLIO_STATE,0.00020596674276341555
numerical_no_risk,MONTH,2022-12,31,2022-12-01,2022-12-31,31,False,-0.018383671842233853,-0.018554751496229475,,-5.9854037084611216,-0.00057985974949064669,0.0061762548777984224,0.11803758683676524,,-1.7942909472924868,0.0047432684035803108,-2.3363632989943954,0.034908620642246535,,0.016531563393610151,0.37036703007687616,0.011947323550866973,31,0.00037036703007687618,1.1947323550866974e-05,0.40288906483082554,365_25_CALENDAR_DAYS_PER_YEAR,NOT_APPLICABLE_REQUIRES_365_CALENDAR_DAYS_AND_CONTIGUOUS_DAILY_RECORDS,RESET_REPORTING_HIGH_WATER_MARK_TO_GROUP_INITIAL_WEALTH_NOT_PORTFOLIO_STATE,0.00032937690071224729
numerical_no_risk,MONTH,2023-01,31,2023-01-01,2023-01-31,31,False,0.17554608881044892,0.16173279606472579,,52.171869698298643,0.0052891530822863153,0.011042119924401055,0.21103163895060428,,9.1543769119722551,0.0039520977578564598,25.577233633510033,0.018271144011380976,,0.015478296891399077,0.2251154618733609,0.0072617890926890616,31,0.00022511546187336094,7.2617890926890625e-06,0.47064039687352072,365_25_CALENDAR_DAYS_PER_YEAR,NOT_APPLICABLE_REQUIRES_365_CALENDAR_DAYS_AND_CONTIGUOUS_DAILY_RECORDS,RESET_REPORTING_HIGH_WATER_MARK_TO_GROUP_INITIAL_WEALTH_NOT_PORTFOLIO_STATE,0.00021145165168527113
numerical_no_risk,MONTH,2023-02,28,2023-02-01,2023-02-28,28,False,0.0028987846648556195,0.002894591290427434,,1.0337826037240836,0.00018193884330709929,0.012843920648756542,0.24546678025738092,,0.27072161230224079,0.0070559087487763877,0.49279646748782074,0.042091733283907522,,0.021574859845195846,0.13592849024331427,0.0048545889372612243,28,0.00013592849024331429,4.854588937261225e-06,0.47261922132893119,365_25_CALENDAR_DAYS_PER_YEAR,NOT_APPLICABLE_REQUIRES_365_CALENDAR_DAYS_AND_CONTIGUOUS_DAILY_RECORDS,RESET_REPORTING_HIGH_WATER_MARK_TO_GROUP_INITIAL_WEALTH_NOT_PORTFOLIO_STATE,0.00014155430801782021
numerical_no_risk,MONTH,2023-03,31,2023-03-01,2023-03-31,31,False,0.10718180445682161,0.10181787191026796,,32.844474809763859,0.0034337140565304683,0.017342681812663383,0.3314449210642591,,3.783929031468253,0.008678369332129364,7.5617290164754678,0.072403083435477342,,0.027118775034572638,0.17538566676698158,0.0056576021537735992,31,0.00017538566676698162,5.6576021537736006e-06,0.47251552479114961,365_25_CALENDAR_DAYS_PER_YEAR,NOT_APPLICABLE_REQUIRES_365_CALENDAR_DAYS_AND_CONTIGUOUS_DAILY_RECORDS,RESET_REPORTING_HIGH_WATER_MARK_TO_GROUP_INITIAL_WEALTH_NOT_PORTFOLIO_STATE,0.00018648837764539096
numerical_no_risk,MONTH,2023-04,30,2023-04-01,2023-04-30,30,False,0.01457458536495241,0.014469396915919253,,4.8231323053064177,0.00052762777133264676,0.0096693171046700506,0.18479529747022871,,1.0428622704010992,0.0063971853875141194,1.5762816579750301,0.049711187093188544,,0.021372937990749494,0.11597138068776003,0.003865712689592001,30,0.00011597138068776002,3.8657126895920005e-06,0.46673715652103998,365_25_CALENDAR_DAYS_PER_YEAR,NOT_APPLICABLE_REQUIRES_365_CALENDAR_DAYS_AND_CONTIGUOUS_DAILY_RECORDS,RESET_REPORTING_HIGH_WATER_MARK_TO_GROUP_INITIAL_WEALTH_NOT_PORTFOLIO_STATE,0.00013412245354139452
numerical_no_risk,MONTH,2023-05,31,2023-05-01,2023-05-31,31,False,-0.032116043279437428,-0.032643078312578566,,-10.530025262122118,-0.0010177689056652484,0.0084650951416303556,0.16178079153654448,,-2.2978011744383138,0.0064610857185664096,-3.0105010837847419,0.052104786771245373,,0.0175739918996646,0.12873972876305156,0.0041528944762274696,31,0.00012873972876305156,4.1528944762274694e-06,0.4763762887878164,365_25_CALENDAR_DAYS_PER_YEAR,NOT_APPLICABLE_REQUIRES_365_CALENDAR_DAYS_AND_CONTIGUOUS_DAILY_RECORDS,RESET_REPORTING_HIGH_WATER_MARK_TO_GROUP_INITIAL_WEALTH_NOT_PORTFOLIO_STATE,0.00014612801571163659
numerical_no_risk,MONTH,2023-06,30,2023-06-01,2023-06-30,30,False,0.0573493894579808,0.055765200479087042,,18.588400159695681,0.0019288393969416396,0.011914412454717848,0.22770247060045229,,3.0939874647611068,0.0066876695575887957,5.5120909410155434,0.037178424677548241,,0.021259828335343598,0.14249261482816494,0.0047497538276054978,30,0.00014249261482816495,4.7497538276054983e-06,0.47335763904183281,365_25_CALENDAR_DAYS_PER_YEAR,NOT_APPLICABLE_REQUIRES_365_CALENDAR_DAYS_AND_CONTIGUOUS_DAILY_RECORDS,RESET_REPORTING_HIGH_WATER_MARK_TO_GROUP_INITIAL_WEALTH_NOT_PORTFOLIO_STATE,0.00016203573657801092
numerical_no_risk,MONTH,2023-07,31,2023-07-01,2023-07-31,31,False,-0.01860112566185787,-0.018776302322974989,,-6.0568717170887059,-0.00058801685581552187,0.0060069539214483714,0.11480198909474978,,-1.8708138968686348,0.004614230402617471,-2.4354858543085189,0.034074181626631894,,0.015853697257154752,0.082218607251228482,0.0026522131371364025,31,8.2218607251228486e-05,2.6522131371364027e-06,0.46364206755469606,365_25_CALENDAR_DAYS_PER_YEAR,NOT_APPLICABLE_REQUIRES_365_CALENDAR_DAYS_AND_CONTIGUOUS_DAILY_RECORDS,RESET_REPORTING_HIGH_WATER_MARK_TO_GROUP_INITIAL_WEALTH_NOT_PORTFOLIO_STATE,9.7633791011120339e-05
numerical_no_risk,MONTH,2023-08,31,2023-08-01,2023-08-31,31,False,-0.054089476102284796,-0.055607298021208416,,-17.937838071357554,-0.001744921072166534,0.0098512181840848621,0.18827170265135373,,-3.3851737283592458,0.0081536802486109044,-4.0899426973212831,0.0623821920668923,,0.030382624839372589,0.2020925091737345,0.0065191131991527256,31,0.0002020925091737345,6.5191131991527261e-06,0.46309253296620073,365_25_CALENDAR_DAYS_PER_YEAR,NOT_APPLICABLE_REQUIRES_365_CALENDAR_DAYS_AND_CONTIGUOUS_DAILY_RECORDS,RESET_REPORTING_HIGH_WATER_MARK_TO_GROUP_INITIAL_WEALTH_NOT_PORTFOLIO_STATE,0.00022773904701993262
numerical_no_risk,MONTH,2023-09,30,2023-09-01,2023-09-30,30,False,0.017916277061925851,0.017757672174443184,,5.9192240581477282,0.00060586979357157844,0.0053404713213934755,0.10206449698412376,,2.1681774626924533,0.0032765909536037088,3.5338831496393017,0.019014823536595466,,0.011116102750792629,0.13900649378477742,0.0046335497928259141,30,0.00013900649378477745,4.6335497928259147e-06,0.45632552940010823,365_25_CALENDAR_DAYS_PER_YEAR,NOT_APPLICABLE_REQUIRES_365_CALENDAR_DAYS_AND_CONTIGUOUS_DAILY_RECORDS,RESET_REPORTING_HIGH_WATER_MARK_TO_GROUP_INITIAL_WEALTH_NOT_PORTFOLIO_STATE,0.00015391211238766268
numerical_no_risk,MONTH,2023-10,31,2023-10-01,2023-10-31,31,False,0.12437541682363934,0.11722769643844667,,37.815385947886028,0.0038440239171983596,0.010796467905181651,0.20633685673647176,,6.8045513436791962,0.0028883655949500653,25.434841184799254,0.020000478949998277,,0.0083031842231438384,0.11574590488145975,0.0037337388671438627,31,0.00011574590488145976,3.733738867143863e-06,0.4591650301337703,365_25_CALENDAR_DAYS_PER_YEAR,NOT_APPLICABLE_REQUIRES_365_CALENDAR_DAYS_AND_CONTIGUOUS_DAILY_RECORDS,RESET_REPORTING_HIGH_WATER_MARK_TO_GROUP_INITIAL_WEALTH_NOT_PORTFOLIO_STATE,0.00013713161126644764
numerical_no_risk,MONTH,2023-11,30,2023-11-01,2023-11-30,30,False,0.041344243326229109,0.04051242020024963,,13.504140066749876,0.0014007701418287111,0.01013106116360114,0.19361992591105934,,2.6424516582965638,0.0060732708432653191,4.407977194323232,0.024811779289528976,,0.020550678516623844,0.11207264515148996,0.0037357548383829984,30,0.00011207264515148996,3.7357548383829988e-06,0.45885160261133912,365_25_CALENDAR_DAYS_PER_YEAR,NOT_APPLICABLE_REQUIRES_365_CALENDAR_DAYS_AND_CONTIGUOUS_DAILY_RECORDS,RESET_REPORTING_HIGH_WATER_MARK_TO_GROUP_INITIAL_WEALTH_NOT_PORTFOLIO_STATE,0.00014551972665210252
numerical_no_risk,MONTH,2023-12,31,2023-12-01,2023-12-31,31,False,0.055192804277509375,0.053723503100435548,,17.330162290463079,0.0017892278316184219,0.010637684581611318,0.20330226688955078,,3.2145016162248092,0.0064538891864899372,5.2983330349179427,0.030108533389159996,,0.021046344639145929,0.14305703064306702,0.0046147429239699039,31,0.000143057030643067,4.6147429239699036e-06,0.45364982857982999,365_25_CALENDAR_DAYS_PER_YEAR,NOT_APPLICABLE_REQUIRES_365_CALENDAR_DAYS_AND_CONTIGUOUS_DAILY_RECORDS,RESET_REPORTING_HIGH_WATER_MARK_TO_GROUP_INITIAL_WEALTH_NOT_PORTFOLIO_STATE,0.00019853097030009118
numerical_no_risk,MONTH,2024-01,31,2024-01-01,2024-01-31,31,False,0.0065380324471424238,0.006516752216534423,,2.1021781343659431,0.00029202360325956386,0.012987828146003634,0.24821707052856551,,0.42971106243186763,0.0091579016345846448,0.60942054784964506,0.073240273913673964,,0.029851470247879989,0.17922652196412892,0.0057815007085202878,31,0.00017922652196412895,5.7815007085202884e-06,0.45315256459787778,365_25_CALENDAR_DAYS_PER_YEAR,NOT_APPLICABLE_REQUIRES_365_CALENDAR_DAYS_AND_CONTIGUOUS_DAILY_RECORDS,RESET_REPORTING_HIGH_WATER_MARK_TO_GROUP_INITIAL_WEALTH_NOT_PORTFOLIO_STATE,0.00025138452548005129
numerical_no_risk,MONTH,2024-02,29,2024-02-01,2024-02-29,29,False,0.17996616193100318,0.16548576173674126,,57.064055771290093,0.0057813611219468377,0.011109367760338414,0.21231684696599465,,9.9457117038352099,0.0026345454269282244,41.939139794994894,0.013142526665626953,,0.0080150531154612892,0.14126664052689486,0.0048712634664446501,29,0.00014126664052689487,4.8712634664446505e-06,0.45123286274995622,365_25_CALENDAR_DAYS_PER_YEAR,NOT_APPLICABLE_REQUIRES_365_CALENDAR_DAYS_AND_CONTIGUOUS_DAILY_RECORDS,RESET_REPORTING_HIGH_WATER_MARK_TO_GROUP_INITIAL_WEALTH_NOT_PORTFOLIO_STATE,0.0002152546980524671
numerical_no_risk,MONTH,2024-03,31,2024-03-01,2024-03-31,31,False,0.077033488506459066,0.074210491940100973,,23.938868367774507,0.0025420890575421989,0.017345026778800943,0.33148973691942829,,2.8009857466355532,0.010858972367460994,4.4740120094617177,0.068903459592112359,,0.034112263619079201,0.22384681273388435,0.0072208649268994951,31,0.00022384681273388435,7.2208649268994954e-06,0.44762656246306848,365_25_CALENDAR_DAYS_PER_YEAR,NOT_APPLICABLE_REQUIRES_365_CALENDAR_DAYS_AND_CONTIGUOUS_DAILY_RECORDS,RESET_REPORTING_HIGH_WATER_MARK_TO_GROUP_INITIAL_WEALTH_NOT_PORTFOLIO_STATE,0.00038561405889122707
numerical_no_risk,MONTH,2024-04,30,2024-04-01,2024-04-30,30,False,-0.067759825905581342,-0.070164799968649799,,-23.388266656216597,-0.0022608200734533512,0.012449509512963183,0.23792898597723444,,-3.4706344350488147,0.010438824039483117,-4.1391344706771465,0.070323230121756439,,0.025381164686347171,0.23120817253943554,0.0077069390846478516,30,0.00023120817253943554,7.7069390846478521e-06,0.44897220652172304,365_25_CALENDAR_DAYS_PER_YEAR,NOT_APPLICABLE_REQUIRES_365_CALENDAR_DAYS_AND_CONTIGUOUS_DAILY_RECORDS,RESET_REPORTING_HIGH_WATER_MARK_TO_GROUP_INITIAL_WEALTH_NOT_PORTFOLIO_STATE,0.00039850213407808426
numerical_no_risk,MONTH,2024-05,31,2024-05-01,2024-05-31,31,False,0.053392887392518983,0.052016275996244886,,16.779443869756413,0.0017608724417881305,0.013055153087174544,0.24950375214177217,,2.5777514520008551,0.0062094761723572008,5.4196101075918151,0.025075909808683745,,0.017296492901902608,0.1775562685470774,0.0057276215660347551,31,0.00017755626854707744,5.727621566034756e-06,0.45813491932610012,365_25_CALENDAR_DAYS_PER_YEAR,NOT_APPLICABLE_REQUIRES_365_CALENDAR_DAYS_AND_CONTIGUOUS_DAILY_RECORDS,RESET_REPORTING_HIGH_WATER_MARK_TO_GROUP_INITIAL_WEALTH_NOT_PORTFOLIO_STATE,0.00030525538510620402
numerical_no_risk,MONTH,2024-06,30,2024-06-01,2024-06-30,30,False,-0.031879854264243959,-0.032399081911883364,,-10.799693970627787,-0.001050230594763631,0.0077553482066131003,0.14821645244565351,,-2.5880846451784389,0.0062343023447534434,-3.2195258589662297,0.07137451509693804,,0.018754295484875578,0.10207068649557205,0.0034023562165190683,30,0.00010207068649557205,3.4023562165190684e-06,0.45330667879146297,365_25_CALENDAR_DAYS_PER_YEAR,NOT_APPLICABLE_REQUIRES_365_CALENDAR_DAYS_AND_CONTIGUOUS_DAILY_RECORDS,RESET_REPORTING_HIGH_WATER_MARK_TO_GROUP_INITIAL_WEALTH_NOT_PORTFOLIO_STATE,0.00017724495934793897
numerical_no_risk,MONTH,2024-07,31,2024-07-01,2024-07-31,31,False,0.012426716928778595,0.0123501390371715,,3.9839158184424197,0.00045300240468245761,0.010628828916791691,0.20313302171981182,,0.81453584901863441,0.0068453660078671074,1.2647332773533131,0.049854686894331354,,0.02072236833850355,0.18814050373201491,0.0060690485074843519,31,0.00018814050373201492,6.0690485074843526e-06,0.43220415106584614,365_25_CALENDAR_DAYS_PER_YEAR,NOT_APPLICABLE_REQUIRES_365_CALENDAR_DAYS_AND_CONTIGUOUS_DAILY_RECORDS,RESET_REPORTING_HIGH_WATER_MARK_TO_GROUP_INITIAL_WEALTH_NOT_PORTFOLIO_STATE,0.00031573754685306448
numerical_no_risk,MONTH,2024-08,31,2024-08-01,2024-08-31,31,False,-0.043845668120492988,-0.044835943939561619,,-14.463207722439233,-0.0013331098225562641,0.015272647987806769,0.29188343887302354,,-1.6681945524853736,0.010473394576103098,-2.4326160911972079,0.079887777626020492,,0.029707486407750765,0.25863847231056397,0.0083431765261472255,31,0.00025863847231056392,8.3431765261472234e-06,0.42074021765897007,365_25_CALENDAR_DAYS_PER_YEAR,NOT_APPLICABLE_REQUIRES_365_CALENDAR_DAYS_AND_CONTIGUOUS_DAILY_RECORDS,RESET_REPORTING_HIGH_WATER_MARK_TO_GROUP_INITIAL_WEALTH_NOT_PORTFOLIO_STATE,0.00042440037433978797
numerical_no_risk,MONTH,2024-09,30,2024-09-01,2024-09-30,30,False,0.032608578582780177,0.03208820117902858,,10.696067059676192,0.0011136603410618359,0.0094872135861445109,0.18131502337103206,,2.2434127741332137,0.0061022839752182464,3.4878311524867325,0.037806572271955795,,0.016112927781643971,0.11659142131662786,0.0038863807105542622,30,0.00011659142131662786,3.8863807105542622e-06,0.42843721785175204,365_25_CALENDAR_DAYS_PER_YEAR,NOT_APPLICABLE_REQUIRES_365_CALENDAR_DAYS_AND_CONTIGUOUS_DAILY_RECORDS,RESET_REPORTING_HIGH_WATER_MARK_TO_GROUP_INITIAL_WEALTH_NOT_PORTFOLIO_STATE,0.00019175675119051285
numerical_no_risk,MONTH,2024-10,31,2024-10-01,2024-10-31,31,False,0.04715090082415687,0.046073048364780433,,14.862273666058204,0.0015245560094080616,0.0087812942567509177,0.16782383562187148,,3.3180273849236483,0.0051382621626415948,5.6705115264093706,0.020598412777184463,,0.015438380608669332,0.083218620604340987,0.0026844716323980965,31,8.3218620604341004e-05,2.6844716323980969e-06,0.43276584524327816,365_25_CALENDAR_DAYS_PER_YEAR,NOT_APPLICABLE_REQUIRES_365_CALENDAR_DAYS_AND_CONTIGUOUS_DAILY_RECORDS,RESET_REPORTING_HIGH_WATER_MARK_TO_GROUP_INITIAL_WEALTH_NOT_PORTFOLIO_STATE,0.00014288069025397698
numerical_no_risk,MONTH,2024-11,30,2024-11-01,2024-11-30,30,False,0.15283621976749298,0.14222518416128713,,47.408394720429044,0.0048469245257079631,0.014106561581928276,0.2695977612064766,,6.5665945262022607,0.0054376443631447323,17.035330720645689,0.031141001025383964,,0.019613416368565131,0.16065310452389636,0.0053551034841298785,30,0.00016065310452389637,5.3551034841298791e-06,0.43791461004109311,365_25_CALENDAR_DAYS_PER_YEAR,NOT_APPLICABLE_REQUIRES_365_CALENDAR_DAYS_AND_CONTIGUOUS_DAILY_RECORDS,RESET_REPORTING_HIGH_WATER_MARK_TO_GROUP_INITIAL_WEALTH_NOT_PORTFOLIO_STATE,0.00031283579877980963
numerical_no_risk,MONTH,2024-12,31,2024-12-01,2024-12-31,31,False,-0.011176942874971028,-0.011239874260702245,,-3.6257658905491112,-0.00031493501667489271,0.0099102604375434604,0.18940008955531873,,-0.60733875633626544,0.007134398091067749,-0.84364303369078453,0.055861286293581475,,0.021420909983681898,0.1288202162549304,0.0041554908469332383,31,0.00012882021625493042,4.1554908469332392e-06,0.43439197544392,365_25_CALENDAR_DAYS_PER_YEAR,NOT_APPLICABLE_REQUIRES_365_CALENDAR_DAYS_AND_CONTIGUOUS_DAILY_RECORDS,RESET_REPORTING_HIGH_WATER_MARK_TO_GROUP_INITIAL_WEALTH_NOT_PORTFOLIO_STATE,0.00026567403149764366
numerical_no_risk,MONTH,2025-01,31,2025-01-01,2025-01-31,31,False,0.041432319514270899,0.040596995943673754,,13.095805143120566,0.0013552323080328736,0.0096223371471019087,0.1838974393133429,,2.6917101312410265,0.0060942684102584903,4.2499838604864646,0.041412716100454189,,0.019058882786720421,0.13267142708882845,0.0042797234544783369,31,0.00013267142708882845,4.2797234544783369e-06,0.4285313010570696,365_25_CALENDAR_DAYS_PER_YEAR,NOT_APPLICABLE_REQUIRES_365_CALENDAR_DAYS_AND_CONTIGUOUS_DAILY_RECORDS,RESET_REPORTING_HIGH_WATER_MARK_TO_GROUP_INITIAL_WEALTH_NOT_PORTFOLIO_STATE,0.00027541918797249028
numerical_no_risk,MONTH,2025-02,28,2025-02-01,2025-02-28,28,False,-0.077914372022052314,-0.081117187744444139,,-28.970424194444334,-0.0028571254362787751,0.0085871849964916681,0.16411411361120234,,-6.3587770889291102,0.0079190956561662421,-6.8952311709442933,0.078577196184682105,,0.021203909862007916,0.11792947989091546,0.004211767138961266,28,0.00011792947989091545,4.2117671389612656e-06,0.42585493966638327,365_25_CALENDAR_DAYS_PER_YEAR,NOT_APPLICABLE_REQUIRES_365_CALENDAR_DAYS_AND_CONTIGUOUS_DAILY_RECORDS,RESET_REPORTING_HIGH_WATER_MARK_TO_GROUP_INITIAL_WEALTH_NOT_PORTFOLIO_STATE,0.00023911272794336646
numerical_no_risk,MONTH,2025-03,31,2025-03-01,2025-03-31,31,False,-0.0090057681773835149,-0.0090465652315341264,,-2.9182468488819762,-0.0001988990843355257,0.013856122283538688,0.2648114868353747,,-0.27433813926173733,0.0096351137389830196,-0.3945218403877731,0.069456614938183434,,0.032076077138993617,0.12477183743404779,0.0040248979817434768,31,0.00012477183743404781,4.0248979817434776e-06,0.38768678886969099,365_25_CALENDAR_DAYS_PER_YEAR,NOT_APPLICABLE_REQUIRES_365_CALENDAR_DAYS_AND_CONTIGUOUS_DAILY_RECORDS,RESET_REPORTING_HIGH_WATER_MARK_TO_GROUP_INITIAL_WEALTH_NOT_PORTFOLIO_STATE,0.00024276149732963313
numerical_no_risk,MONTH,2025-04,30,2025-04-01,2025-04-30,30,False,0.056924838732653471,0.055363596254457373,,18.454532084819125,0.0019106974193864239,0.011495153787508317,0.21968980235456992,,3.1766710377595921,0.0065612533625235229,5.565449174687199,0.041736894468357627,,0.021428192378784048,0.12608206752384687,0.0042027355841282293,30,0.00012608206752384691,4.2027355841282305e-06,0.40926473273811675,365_25_CALENDAR_DAYS_PER_YEAR,NOT_APPLICABLE_REQUIRES_365_CALENDAR_DAYS_AND_CONTIGUOUS_DAILY_RECORDS,RESET_REPORTING_HIGH_WATER_MARK_TO_GROUP_INITIAL_WEALTH_NOT_PORTFOLIO_STATE,0.00024480888541610914
numerical_no_risk,MONTH,2025-05,28,2025-05-01,2025-05-28,28,False,0.059698395391967154,0.057984334987793873,,20.708691067069239,0.0021042396008428992,0.008071480042171059,0.15425821071662046,,4.9823831784213706,0.0039073055457293799,10.292311649656233,0.016608864948406517,,0.01382954257460195,0.086286022924922434,0.0030816436758900867,28,8.6286022924922452e-05,3.0816436758900876e-06,0.42188963292413856,365_25_CALENDAR_DAYS_PER_YEAR,NOT_APPLICABLE_REQUIRES_365_CALENDAR_DAYS_AND_CONTIGUOUS_DAILY_RECORDS,RESET_REPORTING_HIGH_WATER_MARK_TO_GROUP_INITIAL_WEALTH_NOT_PORTFOLIO_STATE,0.00018267297472144273
numerical_only,FULL,FULL,1608,2021-01-02,2025-05-28,1608,False,1.0329746633353671,0.70950007187074682,,4.412313879793202,0.00054305510236969711,0.014268655026282938,0.27269561247593455,0.17487265671546315,0.7273709845919738,0.0097117328933066602,1.0686667116250268,0.46596854972859225,0.37528854000408263,0.032904430880584076,12.307316361739394,0.0076538037075493748,1608,0.012307316361739396,7.6538037075493749e-06,0.44328358208955237,365_25_CALENDAR_DAYS_PER_YEAR,REPORTED,RESET_REPORTING_HIGH_WATER_MARK_TO_GROUP_INITIAL_WEALTH_NOT_PORTFOLIO_STATE,0.015390040117121629
numerical_only,REGIME,FULL:BEAR,503,2021-05-14,2025-04-11,1429,True,,-0.0014461878602551465,-0.0014461878602551465,-0.02875124970686176,0.00011073662719732495,0.015068233912541902,,,,0.010746024517975641,,,,0.03658585977536076,3.8783734687347993,0.0077104840332699789,503,0.0038783734687348002,7.71048403326998e-06,0.41292246520874754,NOT_APPLICABLE_CONDITIONAL_SELECTION,NOT_APPLICABLE_CONDITIONAL_SELECTION,NOT_APPLICABLE_CONDITIONAL_SELECTION,0.0044040914103078577
numerical_only,REGIME,FULL:BULL,531,2021-01-02,2025-05-28,1608,True,,0.83633983242255083,0.83633983242255083,15.750279329991542,0.0016807805127565076,0.014517256666574193,,,,0.0087366641368150557,,,,0.029204378527862149,4.1226339998875758,0.0077639058378297099,531,0.0041226339998875761,7.7639058378297096e-06,0.4545197740112995,NOT_APPLICABLE_CONDITIONAL_SELECTION,NOT_APPLICABLE_CONDITIONAL_SELECTION,NOT_APPLICABLE_CONDITIONAL_SELECTION,0.0055216201429144282
numerical_only,REGIME,FULL:MIX,574,2021-04-11,2025-05-05,1486,True,,-0.12539357269154866,-0.12539357269154866,-2.1845570155322065,-0.00013059646540677182,0.013240738018384043,,,,0.0096133563704977731,,,,0.032695168099760731,4.3063088931170199,0.0075022803015975959,574,0.0043063088931170196,7.502280301597595e-06,0.45949477351916379,NOT_APPLICABLE_CONDITIONAL_SELECTION,NOT_APPLICABLE_CONDITIONAL_SELECTION,NOT_APPLICABLE_CONDITIONAL_SELECTION,0.0054643285638993448
numerical_only,POST2021,POST2021,1244,2022-01-01,2025-05-28,1244,False,0.60045985214617748,0.47029099554344655,,3.7804742407029468,0.00045601826941169183,0.012487984637694509,0.2386643038950319,0.14806948336113229,0.69788682339306285,0.0084859114594588031,1.0270198989252488,0.3822536565028542,0.38735923343620571,0.028806041232089932,8.1323831384492298,0.0065372854810685126,1244,0.0081323831384492312,6.5372854810685142e-06,0.44035369774919619,365_25_CALENDAR_DAYS_PER_YEAR,REPORTED,RESET_REPORTING_HIGH_WATER_MARK_TO_GROUP_INITIAL_WEALTH_NOT_PORTFOLIO_STATE,0.010226703658768953
numerical_only,REGIME,POST2021:BEAR,380,2022-01-01,2025-04-11,1197,True,,-0.02504504754062617,-0.02504504754062617,-0.65908019843753074,3.3484496358750881e-05,0.014107937101195595,,,,0.0099941128822713752,,,,0.034794839237492714,2.6378948151311263,0.006941828460871385,380,0.0026378948151311267,6.9418284608713856e-06,0.41565789473684206,NOT_APPLICABLE_CONDITIONAL_SELECTION,NOT_APPLICABLE_CONDITIONAL_SELECTION,NOT_APPLICABLE_CONDITIONAL_SELECTION,0.0029607221492741432
numerical_only,REGIME,POST2021:BULL,388,2023-01-16,2025-05-28,864,True,,0.48720008970332612,0.48720008970332612,12.556703342869231,0.0013244414745665343,0.011702411978572063,,,,0.0071059014149086504,,,,0.0235941699882606,2.0372226373873987,0.0052505738076994816,388,0.0020372226373873989,5.2505738076994821e-06,0.44639175257731972,NOT_APPLICABLE_CONDITIONAL_SELECTION,NOT_APPLICABLE_CONDITIONAL_SELECTION,NOT_APPLICABLE_CONDITIONAL_SELECTION,0.0029160024878015444
numerical_only,REGIME,POST2021:MIX,476,2022-03-25,2025-05-05,1138,True,,0.0081359533807464496,0.0081359533807464496,0.17092339035181617,8.5460769747907665e-05,0.011696838584415776,,,,0.0082036095046568065,,,,0.027542875506970155,3.4572656859307052,0.0072631632057367753,476,0.0034572656859307048,7.2631632057367751e-06,0.45514705882352946,NOT_APPLICABLE_CONDITIONAL_SELECTION,NOT_APPLICABLE_CONDITIONAL_SELECTION,NOT_APPLICABLE_CONDITIONAL_SELECTION,0.0043499790216932673
numerical_only,YEAR,2021,364,2021-01-02,2021-12-31,364,False,0.27024408679117962,0.23920907632730048,,6.5716779210796838,0.00084051065236903373,0.019162147396459807,0.36621766459462829,,0.83828975349293566,0.013059631708263117,1.230006494533066,0.2840651714608064,,0.042238031458788711,4.1749332232901653,0.011469596767280673,364,0.0041749332232901646,1.1469596767280672e-05,0.45329670329670335,365_25_CALENDAR_DAYS_PER_YEAR,NOT_APPLICABLE_REQUIRES_365_CALENDAR_DAYS_AND_CONTIGUOUS_DAILY_RECORDS,RESET_REPORTING_HIGH_WATER_MARK_TO_GROUP_INITIAL_WEALTH_NOT_PORTFOLIO_STATE,0.0051633364583526754
numerical_only,YEAR_REGIME,2021:BEAR,123,2021-05-14,2021-12-31,232,True,,0.023598859680370954,0.023598859680370954,1.9186064780789394,0.0003494017468612123,0.017772889175142879,,,,0.012792808423055892,,,,0.041270077493803133,1.2404786536036729,0.010085192305720919,123,0.0012404786536036735,1.0085192305720922e-05,0.40447154471544727,NOT_APPLICABLE_CONDITIONAL_SELECTION,NOT_APPLICABLE_CONDITIONAL_SELECTION,NOT_APPLICABLE_CONDITIONAL_SELECTION,0.0014433692610337147
numerical_only,YEAR_REGIME,2021:BULL,143,2021-01-02,2021-11-17,320,True,,0.34913974271922465,0.34913974271922465,24.415366623722004,0.0026476304905027289,0.020299981723889447,,,,0.012100757208821965,,,,0.037587602810547793,2.0854113625001771,0.01458329624125998,143,0.0020854113625001771,1.458329624125998e-05,0.47657342657342672,NOT_APPLICABLE_CONDITIONAL_SELECTION,NOT_APPLICABLE_CONDITIONAL_SELECTION,NOT_APPLICABLE_CONDITIONAL_SELECTION,0.0026056176551128834
numerical_only,YEAR_REGIME,2021:MIX,98,2021-04-11,2021-12-04,238,True,,-0.1335295260722951,-0.1335295260722951,-13.625461844111745,-0.001180017321872358,0.019087147294669943,,,,0.014642932698976803,,,,0.049680266155044783,0.84904320718631454,0.0086637061957787198,98,0.00084904320718631461,8.6637061957787209e-06,0.48061224489795917,NOT_APPLICABLE_CONDITIONAL_SELECTION,NOT_APPLICABLE_CONDITIONAL_SELECTION,NOT_APPLICABLE_CONDITIONAL_SELECTION,0.0011143495422060773
numerical_only,YEAR,2022,365,2022-01-01,2022-12-31,365,False,-0.35377662466608711,-0.43661005271780085,,-11.96191925254249,-0.0010881957959670752,0.014619404509052861,0.27939896642579021,-0.3539698475690588,-1.4225661589286605,0.011333982783983105,-1.8349304489554683,0.3822536565028542,-0.92600774785895557,0.03953731988883756,2.8876817325242463,0.0079114568014362913,365,0.0028876817325242466,7.9114568014362913e-06,0.42616438356164388,365_25_CALENDAR_DAYS_PER_YEAR,REPORTED,RESET_REPORTING_HIGH_WATER_MARK_TO_GROUP_INITIAL_WEALTH_NOT_PORTFOLIO_STATE,0.0029403192975864284
numerical_only,YEAR_REGIME,2022:BEAR,321,2022-01-01,2022-12-31,365,True,,-0.23357259112824072,-0.23357259112824072,-7.2764047080448826,-0.00062600394946516565,0.014239359166817206,,,,0.010549515304334912,,,,0.036672031154027403,2.2000672367987248,0.0068537920149492988,321,0.0022000672367987247,6.8537920149492982e-06,0.41853582554517132,NOT_APPLICABLE_CONDITIONAL_SELECTION,NOT_APPLICABLE_CONDITIONAL_SELECTION,NOT_APPLICABLE_CONDITIONAL_SELECTION,0.0022286021188691889
numerical_only,YEAR_REGIME,2022:MIX,44,2022-03-25,2022-12-17,268,True,,-0.20303746158956029,-0.20303746158956029,-46.14487763399098,-0.0044600954034014614,0.016943677098663668,,,,0.015927945577934279,,,,0.058014096057154636,0.68761449572552147,0.015627602175580034,44,0.00068761449572552152,1.5627602175580035e-05,0.4818181818181817,NOT_APPLICABLE_CONDITIONAL_SELECTION,NOT_APPLICABLE_CONDITIONAL_SELECTION,NOT_APPLICABLE_CONDITIONAL_SELECTION,0.00071171717871723963
numerical_only,YEAR,2023,365,2023-01-01,2023-12-31,365,False,0.58628977471568244,0.46139781441495309,,12.641036011368579,0.0013219778312362504,0.010740866456606343,0.20527422882614219,0.58679116259145314,2.3522309917821889,0.0060566961033984351,4.1714159876119421,0.093718692041958651,6.2611966706571378,0.020773473590074934,2.3820048612595937,0.0065260407157797084,365,0.0023820048612595941,6.5260407157797102e-06,0.45849315068493157,365_25_CALENDAR_DAYS_PER_YEAR,REPORTED,RESET_REPORTING_HIGH_WATER_MARK_TO_GROUP_INITIAL_WEALTH_NOT_PORTFOLIO_STATE,0.0024819498304172009
numerical_only,YEAR_REGIME,2023:BEAR,1,2023-01-01,2023-01-01,1,True,,0.0019562683816581258,0.0019562683816581258,19.562683816581259,0.0019581831230277569,,,,,0,,,,-0.0019581831230277569,0.0010104178227280936,0.0010104178227280936,1,1.0104178227280936e-06,1.0104178227280936e-06,0.40000000000000002,NOT_APPLICABLE_CONDITIONAL_SELECTION,NOT_APPLICABLE_CONDITIONAL_SELECTION,NOT_APPLICABLE_CONDITIONAL_SELECTION,8.294130100352007e-07
numerical_only,YEAR_REGIME,2023:BULL,180,2023-01-16,2023-12-31,350,True,,0.15211606788531407,0.15211606788531407,8.4508926602952261,0.00089705464511884625,0.01021048841034957,,,,0.0062927599193756383,,,,0.020628591845625373,0.95357706583504309,0.0052976503657502392,180,0.00095357706583504309,5.2976503657502395e-06,0.45000000000000018,NOT_APPLICABLE_CONDITIONAL_SELECTION,NOT_APPLICABLE_CONDITIONAL_SELECTION,NOT_APPLICABLE_CONDITIONAL_SELECTION,0.0010357997414716252
numerical_only,YEAR_REGIME,2023:MIX,184,2023-01-02,2023-10-21,293,True,,0.30732547814798095,0.30732547814798095,16.702471638477228,0.0017342059193304964,0.011275886814346089,,,,0.0058336138372210751,,,,0.020568252567012234,1.4274173776018226,0.0077577031391403402,184,0.0014274173776018225,7.7577031391403389e-06,0.4671195652173914,NOT_APPLICABLE_CONDITIONAL_SELECTION,NOT_APPLICABLE_CONDITIONAL_SELECTION,NOT_APPLICABLE_CONDITIONAL_SELECTION,0.0014453206759355406
numerical_only,YEAR,2024,366,2024-01-01,2024-12-31,366,False,0.46146821567267271,0.37944155758903975,,10.367255671831687,0.001113088824511114,0.012358443106608488,0.2361885689995212,0.46033230124311564,1.7213182453106293,0.0076984739991317452,2.7632506916874395,0.12093032776863562,3.8065910325144015,0.025159643917849615,2.0854671552049884,0.0056979976918169082,366,0.0020854671552049888,5.6979976918169088e-06,0.44521857923497282,365_25_CALENDAR_DAYS_PER_YEAR,REPORTED,RESET_REPORTING_HIGH_WATER_MARK_TO_GROUP_INITIAL_WEALTH_NOT_PORTFOLIO_STATE,0.0033214410795568854
numerical_only,YEAR_REGIME,2024:BEAR,21,2024-07-05,2024-09-02,60,True,,0.12161213099127288,0.12161213099127288,57.910538567272802,0.0058808186045493753,0.012489320599377985,,,,0.0042174963187925265,,,,0.016068336186350771,0.21621925063311476,0.010296154792053083,21,0.00021621925063311474,1.0296154792053083e-05,0.40000000000000008,NOT_APPLICABLE_CONDITIONAL_SELECTION,NOT_APPLICABLE_CONDITIONAL_SELECTION,NOT_APPLICABLE_CONDITIONAL_SELECTION,0.00032835430638875773
numerical_only,YEAR_REGIME,2024:BULL,153,2024-01-01,2024-12-31,366,True,,0.26607526261196945,0.26607526261196945,17.390540039998005,0.0018371556211605202,0.013978606918315314,,,,0.008386658569298695,,,,0.028238261331178394,0.83721021102272264,0.0054719621635472065,153,0.00083721021102272264,5.4719621635472065e-06,0.45000000000000012,NOT_APPLICABLE_CONDITIONAL_SELECTION,NOT_APPLICABLE_CONDITIONAL_SELECTION,NOT_APPLICABLE_CONDITIONAL_SELECTION,0.0013910861140928779
numerical_only,YEAR_REGIME,2024:MIX,192,2024-01-15,2024-11-05,296,True,,-0.0082458360142026038,-0.0082458360142026038,-0.42947062573971895,1.4627651239433603e-05,0.010765694444690131,,,,0.007415001862163418,,,,0.023330675594630496,1.0320376935491513,0.0053751963205684967,192,0.0010320376935491512,5.3751963205684963e-06,0.44635416666666677,NOT_APPLICABLE_CONDITIONAL_SELECTION,NOT_APPLICABLE_CONDITIONAL_SELECTION,NOT_APPLICABLE_CONDITIONAL_SELECTION,0.0016020006590752504
numerical_only,YEAR,2025,148,2025-01-01,2025-05-28,148,False,0.068292603423595444,0.066061676257254565,,4.463626774138822,0.00050382280070154024,0.010755896266888401,0.20556147126859478,,0.89521288605581173,0.007171954131295827,1.3425653263984783,0.12496246273866518,,0.023303426062203841,0.77722938946040165,0.0052515499287864977,148,0.0007772293894604018,5.2515499287864983e-06,0.418581081081081,365_25_CALENDAR_DAYS_PER_YEAR,NOT_APPLICABLE_REQUIRES_365_CALENDAR_DAYS_AND_CONTIGUOUS_DAILY_RECORDS,RESET_REPORTING_HIGH_WATER_MARK_TO_GROUP_INITIAL_WEALTH_NOT_PORTFOLIO_STATE,0.001482993451208439
numerical_only,YEAR_REGIME,2025:BEAR,37,2025-02-27,2025-04-11,44,True,,0.084959144214683507,0.084959144214683507,22.961930868833381,0.0023842162858399695,0.013297239480366676,,,,0.0070842776300735098,,,,0.02081711213964239,0.22059790987655847,0.0059621056723394182,37,0.00022059790987655849,5.9621056723394183e-06,0.40000000000000008,NOT_APPLICABLE_CONDITIONAL_SELECTION,NOT_APPLICABLE_CONDITIONAL_SELECTION,NOT_APPLICABLE_CONDITIONAL_SELECTION,0.00040293631100616121
numerical_only,YEAR_REGIME,2025:BULL,55,2025-01-01,2025-05-28,148,True,,0.069008759206042686,0.069008759206042686,12.547047128371398,0.0012968844722338795,0.009192019882147769,,,,0.0055635250373134429,,,,0.018010375700377178,0.2464353605296335,0.0044806429187206091,55,0.00024643536052963353,4.4806429187206099e-06,0.42454545454545439,NOT_APPLICABLE_CONDITIONAL_SELECTION,NOT_APPLICABLE_CONDITIONAL_SELECTION,NOT_APPLICABLE_CONDITIONAL_SELECTION,0.00048911663223704066
numerical_only,YEAR_REGIME,2025:MIX,56,2025-01-10,2025-05-05,116,True,,-0.087906227163471656,-0.087906227163471656,-15.697540564905653,-0.0015174798936627551,0.010165967940153306,,,,0.0085077085296906794,,,,0.027384764632245328,0.31019611905420974,0.0055392164116823172,56,0.00031019611905420974,5.539216411682317e-06,0.42499999999999993,NOT_APPLICABLE_CONDITIONAL_SELECTION,NOT_APPLICABLE_CONDITIONAL_SELECTION,NOT_APPLICABLE_CONDITIONAL_SELECTION,0.00059094050796523702
numerical_only,MONTH,2021-01,30,2021-01-02,2021-01-31,30,False,0.054680006040883092,0.053237409110109934,,17.745803036703311,0.0021188428937800965,0.026601248556076582,0.5083901569041992,,1.5222705562708505,0.017417791292933398,2.3248813099159631,0.12817436724554648,,0.055104155928685949,0.75372791509143622,0.025124263836381208,30,0.00075372791509143626,2.5124263836381208e-05,0.47833333333333317,365_25_CALENDAR_DAYS_PER_YEAR,NOT_APPLICABLE_REQUIRES_365_CALENDAR_DAYS_AND_CONTIGUOUS_DAILY_RECORDS,RESET_REPORTING_HIGH_WATER_MARK_TO_GROUP_INITIAL_WEALTH_NOT_PORTFOLIO_STATE,0.0007813448738056858
numerical_only,MONTH,2021-02,28,2021-02-01,2021-02-28,28,False,0.16113175551992615,0.14939518079016115,,53.355421710771843,0.0056593411028590156,0.025580795630128623,0.48888775565252846,,4.2281164007887435,0.012744240295561121,8.4868598708582095,0.11129940232640995,,0.042599340832591717,0.31141978487640065,0.011122135174157166,28,0.00031141978487640064,1.1122135174157166e-05,0.48214285714285715,365_25_CALENDAR_DAYS_PER_YEAR,NOT_APPLICABLE_REQUIRES_365_CALENDAR_DAYS_AND_CONTIGUOUS_DAILY_RECORDS,RESET_REPORTING_HIGH_WATER_MARK_TO_GROUP_INITIAL_WEALTH_NOT_PORTFOLIO_STATE,0.00038383633322876926
numerical_only,MONTH,2021-03,31,2021-03-01,2021-03-31,31,False,0.14641080700398754,0.13663602439247538,,44.07613690079851,0.0045806906218043434,0.018441373445052704,0.35244258251621163,,4.7471484225010672,0.0099003624701040419,8.8424981532534765,0.082903460674267002,,0.028109270374793386,0.23017818289164654,0.0074251026739240817,31,0.00023017818289164656,7.4251026739240826e-06,0.5,365_25_CALENDAR_DAYS_PER_YEAR,NOT_APPLICABLE_REQUIRES_365_CALENDAR_DAYS_AND_CONTIGUOUS_DAILY_RECORDS,RESET_REPORTING_HIGH_WATER_MARK_TO_GROUP_INITIAL_WEALTH_NOT_PORTFOLIO_STATE,0.0003097235984769945
numerical_only,MONTH,2021-04,30,2021-04-01,2021-04-30,30,False,-0.0015642024786100802,-0.0015654271205323492,,-0.52180904017744978,9.1039961616815968e-05,0.01731975551759429,0.33100676483550773,,0.10045820663836472,0.010004056839461506,0.17392060107548324,0.11611958808228234,,0.027023155613486553,0.41995938046217041,0.01399864601540568,30,0.00041995938046217036,1.3998646015405679e-05,0.47833333333333328,365_25_CALENDAR_DAYS_PER_YEAR,NOT_APPLICABLE_REQUIRES_365_CALENDAR_DAYS_AND_CONTIGUOUS_DAILY_RECORDS,RESET_REPORTING_HIGH_WATER_MARK_TO_GROUP_INITIAL_WEALTH_NOT_PORTFOLIO_STATE,0.00058784764240801758
numerical_only,MONTH,2021-05,31,2021-05-01,2021-05-31,31,False,-0.18855635657465758,-0.20894034185085197,,-67.400110274468375,-0.0064300565631229241,0.024133733983733217,0.46123221550334409,,-5.0919646996418875,0.021714340538277102,-5.6593070970355024,0.21644161790441166,,0.069332070411339958,0.4465037922429409,0.014403348136869061,31,0.0004465037922429409,1.4403348136869062e-05,0.42258064516129046,365_25_CALENDAR_DAYS_PER_YEAR,NOT_APPLICABLE_REQUIRES_365_CALENDAR_DAYS_AND_CONTIGUOUS_DAILY_RECORDS,RESET_REPORTING_HIGH_WATER_MARK_TO_GROUP_INITIAL_WEALTH_NOT_PORTFOLIO_STATE,0.00053905286037417982
numerical_only,MONTH,2021-06,30,2021-06-01,2021-06-30,30,False,-0.022420472956237746,-0.022675632842438807,,-7.5585442808129351,-0.00057165782996663193,0.01947495508541576,0.37219589338843539,,-0.5609895920517427,0.014105021045447199,-0.77456439613890815,0.097053248255337898,,0.044718592491829225,0.41261366519058384,0.013753788839686127,30,0.00041261366519058392,1.375378883968613e-05,0.3683333333333334,365_25_CALENDAR_DAYS_PER_YEAR,NOT_APPLICABLE_REQUIRES_365_CALENDAR_DAYS_AND_CONTIGUOUS_DAILY_RECORDS,RESET_REPORTING_HIGH_WATER_MARK_TO_GROUP_INITIAL_WEALTH_NOT_PORTFOLIO_STATE,0.00046413266784658903
numerical_only,MONTH,2021-07,31,2021-07-01,2021-07-31,31,False,0.074506717764170907,0.071861689071736887,,23.181190023140928,0.0023991603528869584,0.012758349520647194,0.24383138637147841,,3.5938495528911276,0.0070000082703258583,6.5502192211370351,0.064593456704160113,,0.017788531194613755,0.19108407528761018,0.006164002428632586,31,0.00019108407528761016,6.1640024286325859e-06,0.40000000000000013,365_25_CALENDAR_DAYS_PER_YEAR,NOT_APPLICABLE_REQUIRES_365_CALENDAR_DAYS_AND_CONTIGUOUS_DAILY_RECORDS,RESET_REPORTING_HIGH_WATER_MARK_TO_GROUP_INITIAL_WEALTH_NOT_PORTFOLIO_STATE,0.00021156836926988833
numerical_only,MONTH,2021-08,31,2021-08-01,2021-08-31,31,False,0.060193348649214364,0.058451295876369706,,18.85525673431281,0.0019966181699467844,0.015076263539144524,0.28813023456539577,,2.5310248598973204,0.0082964633034053482,4.5993571497237786,0.033506805157894684,,0.020781225475239477,0.30510128228779887,0.0098419768479935128,31,0.00030510128228779883,9.8419768479935107e-06,0.45645161290322583,365_25_CALENDAR_DAYS_PER_YEAR,NOT_APPLICABLE_REQUIRES_365_CALENDAR_DAYS_AND_CONTIGUOUS_DAILY_RECORDS,RESET_REPORTING_HIGH_WATER_MARK_TO_GROUP_INITIAL_WEALTH_NOT_PORTFOLIO_STATE,0.00037852735670968829
numerical_only,MONTH,2021-09,30,2021-09-01,2021-09-30,30,False,-0.026979290462323176,-0.027349912811253405,,-9.1166376037511352,-0.00074139908156601133,0.018622867240062457,0.35591120387537972,,-0.76085273965357747,0.014852555507103462,-0.953994721853065,0.11181589344348757,,0.051165245958094858,0.20117418009703464,0.0067058060032344881,30,0.00020117418009703465,6.7058060032344885e-06,0.4616666666666665,365_25_CALENDAR_DAYS_PER_YEAR,NOT_APPLICABLE_REQUIRES_365_CALENDAR_DAYS_AND_CONTIGUOUS_DAILY_RECORDS,RESET_REPORTING_HIGH_WATER_MARK_TO_GROUP_INITIAL_WEALTH_NOT_PORTFOLIO_STATE,0.00025110805428426078
numerical_only,MONTH,2021-10,31,2021-10-01,2021-10-31,31,False,0.17139639617327265,0.15819653815632531,,51.031141340750104,0.0052402794692116908,0.016090414691187233,0.30751219937147223,,6.2241825854117065,0.0075938480632499316,13.188264774167642,0.052207236284951608,,0.023569459858362958,0.38276777356531161,0.012347347534364891,31,0.00038276777356531169,1.2347347534364894e-05,0.46290322580645143,365_25_CALENDAR_DAYS_PER_YEAR,NOT_APPLICABLE_REQUIRES_365_CALENDAR_DAYS_AND_CONTIGUOUS_DAILY_RECORDS,RESET_REPORTING_HIGH_WATER_MARK_TO_GROUP_INITIAL_WEALTH_NOT_PORTFOLIO_STATE,0.00053315990796090694
numerical_only,MONTH,2021-11,30,2021-11-01,2021-11-30,30,False,-0.030884364183615069,-0.031371339003422719,,-10.457113001140906,-0.0009238179936281103,0.015789814007114725,0.3017672649328132,,-1.118161448849639,0.0121906365346392,-1.4482887138086808,0.1004385825902883,,0.038861265164774242,0.33091523481948854,0.011030507827316285,30,0.00033091523481948855,1.1030507827316285e-05,0.47499999999999998,365_25_CALENDAR_DAYS_PER_YEAR,NOT_APPLICABLE_REQUIRES_365_CALENDAR_DAYS_AND_CONTIGUOUS_DAILY_RECORDS,RESET_REPORTING_HIGH_WATER_MARK_TO_GROUP_INITIAL_WEALTH_NOT_PORTFOLIO_STATE,0.00047604662737990973
numerical_only,MONTH,2021-12,31,2021-12-01,2021-12-31,31,False,-0.092141189432704274,-0.096666407441378596,,-31.182712077864064,-0.0030030117902368186,0.015030698863186696,0.28725942458402753,,-3.8183257450032015,0.01306248489670492,-4.3936590081090596,0.096140341566888873,,0.037461086844389764,0.1894879564777423,0.0061125147250884618,31,0.00018948795647774232,6.1125147250884619e-06,0.45645161290322567,365_25_CALENDAR_DAYS_PER_YEAR,NOT_APPLICABLE_REQUIRES_365_CALENDAR_DAYS_AND_CONTIGUOUS_DAILY_RECORDS,RESET_REPORTING_HIGH_WATER_MARK_TO_GROUP_INITIAL_WEALTH_NOT_PORTFOLIO_STATE,0.00024698816660778569
numerical_only,MONTH,2022-01,31,2022-01-01,2022-01-31,31,False,-0.076225804217901941,-0.079287614064544404,,-25.576649698240132,-0.0024787294114835376,0.012410036441691237,0.23717459578930278,,-3.8172550248537034,0.011210039591450661,-4.2258792735925681,0.12723327021192313,,0.038640878987419636,0.14893017360647809,0.0048041991485960672,31,0.00014893017360647807,4.8041991485960668e-06,0.44999999999999984,365_25_CALENDAR_DAYS_PER_YEAR,NOT_APPLICABLE_REQUIRES_365_CALENDAR_DAYS_AND_CONTIGUOUS_DAILY_RECORDS,RESET_REPORTING_HIGH_WATER_MARK_TO_GROUP_INITIAL_WEALTH_NOT_PORTFOLIO_STATE,0.00017870033706153066
numerical_only,MONTH,2022-02,28,2022-02-01,2022-02-28,28,False,0.059756093482595467,0.05803878115867929,,20.728136128099749,0.002270683664778696,0.020340854120573897,0.38874453566059219,,2.1334504603417197,0.010285716091415903,4.219074705308957,0.078840441091806393,,0.030442947547441201,0.17658593740111156,0.0063066406214682697,28,0.00017658593740111159,6.3066406214682709e-06,0.4499999999999999,365_25_CALENDAR_DAYS_PER_YEAR,NOT_APPLICABLE_REQUIRES_365_CALENDAR_DAYS_AND_CONTIGUOUS_DAILY_RECORDS,RESET_REPORTING_HIGH_WATER_MARK_TO_GROUP_INITIAL_WEALTH_NOT_PORTFOLIO_STATE,0.00021199016500599482
numerical_only,MONTH,2022-03,31,2022-03-01,2022-03-31,31,False,0.029202830892216761,0.028784551997083879,,9.285339353898026,0.0010372005356233053,0.014961667217193563,0.28594012525626022,,1.3248839955459109,0.0098163240387905207,2.0193377240209793,0.067905196088367176,,0.032282133073633174,0.26004877692763489,0.0083886702234720941,31,0.00026004877692763494,8.3886702234720954e-06,0.45967741935483869,365_25_CALENDAR_DAYS_PER_YEAR,NOT_APPLICABLE_REQUIRES_365_CALENDAR_DAYS_AND_CONTIGUOUS_DAILY_RECORDS,RESET_REPORTING_HIGH_WATER_MARK_TO_GROUP_INITIAL_WEALTH_NOT_PORTFOLIO_STATE,0.00032052460473793392
numerical_only,MONTH,2022-04,30,2022-04-01,2022-04-30,30,False,-0.085073206010885583,-0.088911223476585879,,-29.637074492195296,-0.0028902079368159804,0.011909476930322037,0.22760814525265136,,-4.6380082213237035,0.010663476309705445,-5.1799479185061719,0.09601842274858334,,0.02951411460742074,0.30886286256198514,0.010295428752066172,30,0.00030886286256198508,1.0295428752066169e-05,0.46833333333333316,365_25_CALENDAR_DAYS_PER_YEAR,NOT_APPLICABLE_REQUIRES_365_CALENDAR_DAYS_AND_CONTIGUOUS_DAILY_RECORDS,RESET_REPORTING_HIGH_WATER_MARK_TO_GROUP_INITIAL_WEALTH_NOT_PORTFOLIO_STATE,0.00037767096078374405
numerical_only,MONTH,2022-05,31,2022-05-01,2022-05-31,31,False,-0.067156735998763387,-0.069518083671116726,,-22.425188281005397,-0.0020674022509490067,0.018801125931178438,0.35931799749842902,,-2.1015331194547975,0.015166076296312501,-2.605234739391276,0.13235312609977459,,0.046456841971724436,0.25361751412105921,0.0081812101329373933,31,0.00025361751412105924,8.181210132937394e-06,0.44999999999999984,365_25_CALENDAR_DAYS_PER_YEAR,NOT_APPLICABLE_REQUIRES_365_CALENDAR_DAYS_AND_CONTIGUOUS_DAILY_RECORDS,RESET_REPORTING_HIGH_WATER_MARK_TO_GROUP_INITIAL_WEALTH_NOT_PORTFOLIO_STATE,0.00027598957594072049
numerical_only,MONTH,2022-06,30,2022-06-01,2022-06-30,30,False,-0.18085973370503519,-0.19949994447588046,,-66.499981491960156,-0.0064439198907898362,0.019294900980234286,0.36875478668280504,,-6.3826744088763236,0.018349487353842505,-6.7115265039028458,0.19568184783611239,,0.0614567530290294,0.28446441139717482,0.0094821470465724939,30,0.0002844644113971748,9.4821470465724926e-06,0.40333333333333327,365_25_CALENDAR_DAYS_PER_YEAR,NOT_APPLICABLE_REQUIRES_365_CALENDAR_DAYS_AND_CONTIGUOUS_DAILY_RECORDS,RESET_REPORTING_HIGH_WATER_MARK_TO_GROUP_INITIAL_WEALTH_NOT_PORTFOLIO_STATE,0.00027066537623716768
numerical_only,MONTH,2022-07,31,2022-07-01,2022-07-31,31,False,0.067730830885119747,0.065535677766409492,,21.140541214970803,0.0021943745024240154,0.01275175092362542,0.24370527718648374,,3.2887892140188075,0.0065672789252760357,6.3858747853793831,0.038267974188544496,,0.019900908697312588,0.20255664600306644,0.0065340853549376273,31,0.00020255664600306639,6.5340853549376255e-06,0.37903225806451618,365_25_CALENDAR_DAYS_PER_YEAR,NOT_APPLICABLE_REQUIRES_365_CALENDAR_DAYS_AND_CONTIGUOUS_DAILY_RECORDS,RESET_REPORTING_HIGH_WATER_MARK_TO_GROUP_INITIAL_WEALTH_NOT_PORTFOLIO_STATE,0.00018637870498540646
numerical_only,MONTH,2022-08,31,2022-08-01,2022-08-31,31,False,-0.056601128951288805,-0.058266104816271182,,-18.795517682668123,-0.0018185184618159315,0.010997992628788913,0.2101882994850629,,-3.1600896425039657,0.0095380660456132922,-3.6437829669417123,0.084317975673200471,,0.035043882132115976,0.23675118859136407,0.007637135115850454,31,0.00023675118859136409,7.6371351158504538e-06,0.40322580645161304,365_25_CALENDAR_DAYS_PER_YEAR,NOT_APPLICABLE_REQUIRES_365_CALENDAR_DAYS_AND_CONTIGUOUS_DAILY_RECORDS,RESET_REPORTING_HIGH_WATER_MARK_TO_GROUP_INITIAL_WEALTH_NOT_PORTFOLIO_STATE,0.00022437458499779749
numerical_only,MONTH,2022-09,30,2022-09-01,2022-09-30,30,False,-0.0087155032638188776,-0.0087537053915354747,,-2.9179017971784917,-0.00020324837686077254,0.013537433986502935,0.25872087071290217,,-0.28693653296635668,0.0094202007505601766,-0.41234624146593579,0.072229950018510791,,0.033217941554367143,0.15932320625360746,0.0053107735417869152,30,0.00015932320625360749,5.3107735417869161e-06,0.40000000000000013,365_25_CALENDAR_DAYS_PER_YEAR,NOT_APPLICABLE_REQUIRES_365_CALENDAR_DAYS_AND_CONTIGUOUS_DAILY_RECORDS,RESET_REPORTING_HIGH_WATER_MARK_TO_GROUP_INITIAL_WEALTH_NOT_PORTFOLIO_STATE,0.00014364018176411979
numerical_only,MONTH,2022-10,31,2022-10-01,2022-10-31,31,False,0.025151653585006872,0.024840556363231708,,8.0130826978166798,0.0008264343493180901,0.0071753888941577569,0.13713255143117006,,2.20119251729915,0.0037418670249368823,4.2209977632216624,0.025846326918974261,,0.010455227664880898,0.37768647813723749,0.012183434778620564,31,0.0003776864781372375,1.2183434778620565e-05,0.41935483870967744,365_25_CALENDAR_DAYS_PER_YEAR,NOT_APPLICABLE_REQUIRES_365_CALENDAR_DAYS_AND_CONTIGUOUS_DAILY_RECORDS,RESET_REPORTING_HIGH_WATER_MARK_TO_GROUP_INITIAL_WEALTH_NOT_PORTFOLIO_STATE,0.00034185838940587349
numerical_only,MONTH,2022-11,30,2022-11-01,2022-11-30,30,False,-0.08827895654818245,-0.092421209104712562,,-30.807069701570853,-0.0028854704697050906,0.019633429581275195,0.37522458106997236,,-2.8087661156272921,0.016803750374671852,-3.2817502350285426,0.13360131910929107,,0.064212303695258904,0.30763996105061225,0.010254665368353741,30,0.00030763996105061231,1.0254665368353744e-05,0.42666666666666675,365_25_CALENDAR_DAYS_PER_YEAR,NOT_APPLICABLE_REQUIRES_365_CALENDAR_DAYS_AND_CONTIGUOUS_DAILY_RECORDS,RESET_REPORTING_HIGH_WATER_MARK_TO_GROUP_INITIAL_WEALTH_NOT_PORTFOLIO_STATE,0.00026595220003475684
numerical_only,MONTH,2022-12,31,2022-12-01,2022-12-31,31,False,-0.017005481357456595,-0.01715173500255859,,-5.5328177427608356,-0.00053481758300840429,0.0061453477373942349,0.11744690456384781,,-1.6632377236270675,0.0046675425662581344,-2.1898405931055978,0.033762669665197823,,0.016107041695556094,0.17121457647291488,0.0055230508539649958,31,0.00017121457647291491,5.5230508539649976e-06,0.4064516129032259,365_25_CALENDAR_DAYS_PER_YEAR,NOT_APPLICABLE_REQUIRES_365_CALENDAR_DAYS_AND_CONTIGUOUS_DAILY_RECORDS,RESET_REPORTING_HIGH_WATER_MARK_TO_GROUP_INITIAL_WEALTH_NOT_PORTFOLIO_STATE,0.00014257421663138296
numerical_only,MONTH,2023-01,31,2023-01-01,2023-01-31,31,False,0.17102864946694038,0.15788255012922661,,50.929854880395681,0.0051618453757574824,0.010807014172185938,0.2065384118749744,,9.1283941150700016,0.0037775565653673194,26.114945696721204,0.017453905702002781,,0.014784890235190366,0.24635072214933551,0.0079467974886882429,31,0.00024635072214933555,7.946797488688244e-06,0.45322580645161276,365_25_CALENDAR_DAYS_PER_YEAR,NOT_APPLICABLE_REQUIRES_365_CALENDAR_DAYS_AND_CONTIGUOUS_DAILY_RECORDS,RESET_REPORTING_HIGH_WATER_MARK_TO_GROUP_INITIAL_WEALTH_NOT_PORTFOLIO_STATE,0.00021963690204205365
numerical_only,MONTH,2023-02,28,2023-02-01,2023-02-28,28,False,0.0084393438723911873,0.008403931707359754,,3.0014041811999124,0.00037890221471836453,0.012870498660185496,0.24597472631758496,,0.56263517800279261,0.00673170823073602,1.0757143738932404,0.040230267184264798,,0.020594310840942806,0.32306155375019652,0.011537912633935591,28,0.00032306155375019655,1.1537912633935592e-05,0.45714285714285713,365_25_CALENDAR_DAYS_PER_YEAR,NOT_APPLICABLE_REQUIRES_365_CALENDAR_DAYS_AND_CONTIGUOUS_DAILY_RECORDS,RESET_REPORTING_HIGH_WATER_MARK_TO_GROUP_INITIAL_WEALTH_NOT_PORTFOLIO_STATE,0.00031329585737050494
numerical_only,MONTH,2023-03,31,2023-03-01,2023-03-31,31,False,0.10638417393770559,0.10109719716063453,,32.611999084075656,0.0034141278817300578,0.017575933573227957,0.3359027155509211,,3.7124147887779224,0.0086982608336197628,7.5014025184936379,0.073727858425194442,,0.027623854895408362,0.51832443221687385,0.016720142974737867,31,0.00051832443221687396,1.672014297473787e-05,0.46935483870967726,365_25_CALENDAR_DAYS_PER_YEAR,NOT_APPLICABLE_REQUIRES_365_CALENDAR_DAYS_AND_CONTIGUOUS_DAILY_RECORDS,RESET_REPORTING_HIGH_WATER_MARK_TO_GROUP_INITIAL_WEALTH_NOT_PORTFOLIO_STATE,0.0005117055494790187
numerical_only,MONTH,2023-04,30,2023-04-01,2023-04-30,30,False,0.013800230318067099,0.013705874239028618,,4.5686247463428726,0.00049900198414889834,0.0093244812153081055,0.17820496124862789,,1.022757578876264,0.006188004384716673,1.541156605447747,0.048108035812802326,,0.02067688064919004,0.19862725856025953,0.0066209086186753176,30,0.00019862725856025951,6.6209086186753175e-06,0.45166666666666655,365_25_CALENDAR_DAYS_PER_YEAR,NOT_APPLICABLE_REQUIRES_365_CALENDAR_DAYS_AND_CONTIGUOUS_DAILY_RECORDS,RESET_REPORTING_HIGH_WATER_MARK_TO_GROUP_INITIAL_WEALTH_NOT_PORTFOLIO_STATE,0.00021391575544632246
numerical_only,MONTH,2023-05,31,2023-05-01,2023-05-31,31,False,-0.031144336633361452,-0.031639632400146819,,-10.206333032305427,-0.00098453141366515408,0.0085759601768450062,0.163899590303796,,-2.1940268317612075,0.0064885420733645852,-2.899863563088017,0.051965546392526131,,0.017473875054377808,0.24151417088489474,0.0077907797059643463,31,0.0002415141708848948,7.7907797059643474e-06,0.48709677419354835,365_25_CALENDAR_DAYS_PER_YEAR,NOT_APPLICABLE_REQUIRES_365_CALENDAR_DAYS_AND_CONTIGUOUS_DAILY_RECORDS,RESET_REPORTING_HIGH_WATER_MARK_TO_GROUP_INITIAL_WEALTH_NOT_PORTFOLIO_STATE,0.00025810250347318281
numerical_only,MONTH,2023-06,30,2023-06-01,2023-06-30,30,False,0.057918782913654134,0.056303565757648909,,18.767855252549637,0.0019523688971186763,0.012391021441010331,0.23681119032134812,,3.0112712946754332,0.0069814591788509382,5.3445456345364537,0.039050622747778839,,0.022335730535817271,0.271466513551122,0.0090488837850374003,30,0.00027146651355112203,9.0488837850374006e-06,0.48333333333333323,365_25_CALENDAR_DAYS_PER_YEAR,NOT_APPLICABLE_REQUIRES_365_CALENDAR_DAYS_AND_CONTIGUOUS_DAILY_RECORDS,RESET_REPORTING_HIGH_WATER_MARK_TO_GROUP_INITIAL_WEALTH_NOT_PORTFOLIO_STATE,0.00028744790674688106
numerical_only,MONTH,2023-07,31,2023-07-01,2023-07-31,31,False,-0.017964754652422688,-0.018128079879106865,,-5.8477677029376984,-0.00056798234439849808,0.0058571260438464064,0.111938551386474,,-1.8532985171060479,0.0044879255583961629,-2.4187128040160673,0.033121368655401162,,0.015422893701310647,0.065261657708658549,0.0021052147647954373,31,6.5261657708658543e-05,2.1052147647954367e-06,0.44999999999999984,365_25_CALENDAR_DAYS_PER_YEAR,NOT_APPLICABLE_REQUIRES_365_CALENDAR_DAYS_AND_CONTIGUOUS_DAILY_RECORDS,RESET_REPORTING_HIGH_WATER_MARK_TO_GROUP_INITIAL_WEALTH_NOT_PORTFOLIO_STATE,7.2550675890277274e-05
numerical_only,MONTH,2023-08,31,2023-08-01,2023-08-31,31,False,-0.050780036416115476,-0.052114722631706051,,-16.811200848937435,-0.0016347468159651651,0.0096155504413425377,0.18376773508541555,,-3.2491627230087339,0.007828275617838382,-3.9909795695015817,0.058744171612818141,,0.029096239867837936,0.081358255549028313,0.002624459856420268,31,8.1358255549028312e-05,2.6244598564202682e-06,0.44999999999999984,365_25_CALENDAR_DAYS_PER_YEAR,NOT_APPLICABLE_REQUIRES_365_CALENDAR_DAYS_AND_CONTIGUOUS_DAILY_RECORDS,RESET_REPORTING_HIGH_WATER_MARK_TO_GROUP_INITIAL_WEALTH_NOT_PORTFOLIO_STATE,8.6914437393995319e-05
numerical_only,MONTH,2023-09,30,2023-09-01,2023-09-30,30,False,0.018028673336405784,0.017868084073912396,,5.9560280246374662,0.00060907999433531537,0.0052480664340590084,0.10029849960728435,,2.2180438271961638,0.0032118882369565364,3.6241738503983592,0.018690498229485378,,0.010892456406811912,0.072200604463639018,0.0024066868154546338,30,7.220060446363902e-05,2.4066868154546338e-06,0.4499999999999999,365_25_CALENDAR_DAYS_PER_YEAR,NOT_APPLICABLE_REQUIRES_365_CALENDAR_DAYS_AND_CONTIGUOUS_DAILY_RECORDS,RESET_REPORTING_HIGH_WATER_MARK_TO_GROUP_INITIAL_WEALTH_NOT_PORTFOLIO_STATE,7.5367138186773044e-05
numerical_only,MONTH,2023-10,31,2023-10-01,2023-10-31,31,False,0.12182199155720172,0.11495414171274965,,37.081981197661179,0.0037682688554168337,0.01058376143788305,0.20227171392723428,,6.8045114797224366,0.0028301544162083968,25.446429986389795,0.019597840980703326,,0.0081347156695777741,0.11258257119346143,0.0036316958449503687,31,0.00011258257119346143,3.6316958449503685e-06,0.44999999999999984,365_25_CALENDAR_DAYS_PER_YEAR,NOT_APPLICABLE_REQUIRES_365_CALENDAR_DAYS_AND_CONTIGUOUS_DAILY_RECORDS,RESET_REPORTING_HIGH_WATER_MARK_TO_GROUP_INITIAL_WEALTH_NOT_PORTFOLIO_STATE,0.00012540069882491123
numerical_only,MONTH,2023-11,30,2023-11-01,2023-11-30,30,False,0.040558483023482729,0.039757571926013167,,13.252523975337722,0.001373688562552396,0.0099356313025353079,0.18988496521845952,,2.6423353049306422,0.0059561575992092327,4.4077526375307077,0.024330500546846105,,0.020154426951927967,0.11171914542750899,0.0037239715142502999,30,0.000111719145427509,3.7239715142503e-06,0.4499999999999999,365_25_CALENDAR_DAYS_PER_YEAR,NOT_APPLICABLE_REQUIRES_365_CALENDAR_DAYS_AND_CONTIGUOUS_DAILY_RECORDS,RESET_REPORTING_HIGH_WATER_MARK_TO_GROUP_INITIAL_WEALTH_NOT_PORTFOLIO_STATE,0.00013598517326259552
numerical_only,MONTH,2023-12,31,2023-12-01,2023-12-31,31,False,0.054753755546401384,0.053307332619339107,,17.195913748173904,0.0017749043722360127,0.010552204795828354,0.2016686186938757,,3.2145994064811374,0.0064019824447532634,5.2985323790659926,0.029867203131434691,,0.020877058376075466,0.13953797580461513,0.0045012250259553266,31,0.00013953797580461516,4.5012250259553276e-06,0.44999999999999984,365_25_CALENDAR_DAYS_PER_YEAR,NOT_APPLICABLE_REQUIRES_365_CALENDAR_DAYS_AND_CONTIGUOUS_DAILY_RECORDS,RESET_REPORTING_HIGH_WATER_MARK_TO_GROUP_INITIAL_WEALTH_NOT_PORTFOLIO_STATE,0.000181627232300685
numerical_only,MONTH,2024-01,31,2024-01-01,2024-01-31,31,False,0.0062365951293166131,0.0062172280512856008,,2.0055574358985808,0.00028191674023849626,0.012952445318024072,0.24754085108607116,,0.41597210690815456,0.0091400990441599193,0.58947457161240657,0.07303766162299262,,0.029784829299438792,0.14958688889921962,0.0048253835128780525,31,0.00014958688889921961,4.825383512878052e-06,0.44999999999999984,365_25_CALENDAR_DAYS_PER_YEAR,NOT_APPLICABLE_REQUIRES_365_CALENDAR_DAYS_AND_CONTIGUOUS_DAILY_RECORDS,RESET_REPORTING_HIGH_WATER_MARK_TO_GROUP_INITIAL_WEALTH_NOT_PORTFOLIO_STATE,0.00019685696714974836
numerical_only,MONTH,2024-02,29,2024-02-01,2024-02-29,29,False,0.17992327423481946,0.16544941452866349,,57.051522251263272,0.0057803627405215658,0.011134700871548059,0.2128010010971661,,9.9213701067669344,0.0026366655745933554,41.898179821992152,0.013190327112841913,,0.0080442995136071598,0.12897740453800621,0.0044474967082071106,29,0.00012897740453800621,4.4474967082071111e-06,0.4499999999999999,365_25_CALENDAR_DAYS_PER_YEAR,NOT_APPLICABLE_REQUIRES_365_CALENDAR_DAYS_AND_CONTIGUOUS_DAILY_RECORDS,RESET_REPORTING_HIGH_WATER_MARK_TO_GROUP_INITIAL_WEALTH_NOT_PORTFOLIO_STATE,0.00018505314495947668
numerical_only,MONTH,2024-03,31,2024-03-01,2024-03-31,31,False,0.07742848069359469,0.074577165566470746,,24.057150182732499,0.0025554882020781249,0.017436882633215592,0.33324524144546547,,2.8009164114704443,0.010916596297613044,4.4738533331068053,0.069263296425980045,,0.034293339749816742,0.2246901146475983,0.0072480682144386551,31,0.00022469011464759832,7.2480682144386557e-06,0.44999999999999984,365_25_CALENDAR_DAYS_PER_YEAR,NOT_APPLICABLE_REQUIRES_365_CALENDAR_DAYS_AND_CONTIGUOUS_DAILY_RECORDS,RESET_REPORTING_HIGH_WATER_MARK_TO_GROUP_INITIAL_WEALTH_NOT_PORTFOLIO_STATE,0.0003625093857156781
numerical_only,MONTH,2024-04,30,2024-04-01,2024-04-30,30,False,-0.06771404152395824,-0.07011568895772588,,-23.371896319241962,-0.0022587208913661433,0.012487937186277435,0.23866339702656969,,-3.4567420720976294,0.010462687739989377,-4.1258593334987106,0.070267062493772944,,0.025701141608948239,0.16108214324083697,0.0053694047746945658,30,0.00016108214324083703,5.3694047746945674e-06,0.4499999999999999,365_25_CALENDAR_DAYS_PER_YEAR,NOT_APPLICABLE_REQUIRES_365_CALENDAR_DAYS_AND_CONTIGUOUS_DAILY_RECORDS,RESET_REPORTING_HIGH_WATER_MARK_TO_GROUP_INITIAL_WEALTH_NOT_PORTFOLIO_STATE,0.00025990303659114799
numerical_only,MONTH,2024-05,31,2024-05-01,2024-05-31,31,False,0.052327457536884579,0.051004337303513524,,16.45301203339146,0.0017251127774216646,0.012806121477833349,0.24474438084082795,,2.5745123944768045,0.0060936457672046531,5.4104750635975556,0.024721274867308664,,0.016953903775644832,0.16904752387773675,0.0054531459315398951,31,0.00016904752387773671,5.4531459315398939e-06,0.44999999999999984,365_25_CALENDAR_DAYS_PER_YEAR,NOT_APPLICABLE_REQUIRES_365_CALENDAR_DAYS_AND_CONTIGUOUS_DAILY_RECORDS,RESET_REPORTING_HIGH_WATER_MARK_TO_GROUP_INITIAL_WEALTH_NOT_PORTFOLIO_STATE,0.00027085508087021154
numerical_only,MONTH,2024-06,30,2024-06-01,2024-06-30,30,False,-0.031507872453509722,-0.032014924669423628,,-10.671641556474544,-0.0010378866068555092,0.0076958179695713396,0.1470787394361906,,-2.5774499061330358,0.0061811687111911137,-3.2090347683563314,0.070832315369679558,,0.018571377880591929,0.092404477844595156,0.0030801492614865051,30,9.2404477844595156e-05,3.080149261486505e-06,0.4499999999999999,365_25_CALENDAR_DAYS_PER_YEAR,NOT_APPLICABLE_REQUIRES_365_CALENDAR_DAYS_AND_CONTIGUOUS_DAILY_RECORDS,RESET_REPORTING_HIGH_WATER_MARK_TO_GROUP_INITIAL_WEALTH_NOT_PORTFOLIO_STATE,0.00014853709286346658
numerical_only,MONTH,2024-07,31,2024-07-01,2024-07-31,31,False,0.013443622448013334,0.013354058769719955,,4.3077608934580498,0.00048708679325676531,0.010792252871091413,0.20625630104984768,,0.86256007855991224,0.0069323130115762441,1.3428370110787031,0.050238696935574083,,0.021152040492552482,0.20476203451084429,0.0066052269197046549,31,0.00020476203451084431,6.605226919704655e-06,0.43548387096774183,365_25_CALENDAR_DAYS_PER_YEAR,NOT_APPLICABLE_REQUIRES_365_CALENDAR_DAYS_AND_CONTIGUOUS_DAILY_RECORDS,RESET_REPORTING_HIGH_WATER_MARK_TO_GROUP_INITIAL_WEALTH_NOT_PORTFOLIO_STATE,0.0003197565336836012
numerical_only,MONTH,2024-08,31,2024-08-01,2024-08-31,31,False,-0.046175024635322949,-0.047275088343750826,,-15.250028497984138,-0.0014108224175068389,0.015325708612631122,0.29289750779249635,,-1.7593283462126279,0.010639608443792166,-2.534205439085389,0.08131944840778399,,0.030305774779117507,0.28240839135795492,0.009109948108321126,31,0.00028240839135795494,9.1099481083211265e-06,0.41935483870967744,365_25_CALENDAR_DAYS_PER_YEAR,NOT_APPLICABLE_REQUIRES_365_CALENDAR_DAYS_AND_CONTIGUOUS_DAILY_RECORDS,RESET_REPORTING_HIGH_WATER_MARK_TO_GROUP_INITIAL_WEALTH_NOT_PORTFOLIO_STATE,0.00043538036154505146
numerical_only,MONTH,2024-09,30,2024-09-01,2024-09-30,30,False,0.036322472884012837,0.035678362666247868,,11.892787555415957,0.0012352502877066055,0.0096822295844122119,0.18504207451861804,,2.4382301633753167,0.0060990153186885939,3.8707074811077509,0.037120457578906675,,0.015733098806320973,0.24771986633298149,0.0082573288777660504,30,0.00024771986633298146,8.2573288777660483e-06,0.43833333333333319,365_25_CALENDAR_DAYS_PER_YEAR,NOT_APPLICABLE_REQUIRES_365_CALENDAR_DAYS_AND_CONTIGUOUS_DAILY_RECORDS,RESET_REPORTING_HIGH_WATER_MARK_TO_GROUP_INITIAL_WEALTH_NOT_PORTFOLIO_STATE,0.00037646782147274883
numerical_only,MONTH,2024-10,31,2024-10-01,2024-10-31,31,False,0.049430023893881923,0.048247182394726577,,15.563607224105347,0.00159794366324202,0.0091457594884604091,0.17478931831131417,,3.3391566981205392,0.0053360483714331268,5.7231722671003489,0.021441039278945875,,0.016041792448927044,0.11916520880814108,0.0038440389938110024,31,0.00011916520880814108,3.844038993811003e-06,0.44999999999999984,365_25_CALENDAR_DAYS_PER_YEAR,NOT_APPLICABLE_REQUIRES_365_CALENDAR_DAYS_AND_CONTIGUOUS_DAILY_RECORDS,RESET_REPORTING_HIGH_WATER_MARK_TO_GROUP_INITIAL_WEALTH_NOT_PORTFOLIO_STATE,0.00019204687155342909
numerical_only,MONTH,2024-11,30,2024-11-01,2024-11-30,30,False,0.15720228485760204,0.14600526858868704,,48.668422862895682,0.0049787877702219116,0.014495036323140193,0.27702210199340294,,6.5644662284630968,0.0055808445370103665,17.049780869648142,0.031927234609693718,,0.020112453005528771,0.17231995560370911,0.005743998520123637,30,0.00017231995560370911,5.7439985201236373e-06,0.4499999999999999,365_25_CALENDAR_DAYS_PER_YEAR,NOT_APPLICABLE_REQUIRES_365_CALENDAR_DAYS_AND_CONTIGUOUS_DAILY_RECORDS,RESET_REPORTING_HIGH_WATER_MARK_TO_GROUP_INITIAL_WEALTH_NOT_PORTFOLIO_STATE,0.00031460716165188215
numerical_only,MONTH,2024-12,31,2024-12-01,2024-12-31,31,False,-0.011617745022476457,-0.011685758309374728,,-3.7695994546370093,-0.00032585241986776882,0.010264144060089955,0.19616334166406763,,-0.60672700284909387,0.0073888966744872844,-0.84282317600845824,0.057826983098971385,,0.022183891370688151,0.13330314554336459,0.0043001014691407928,31,0.00013330314554336456,4.300101469140792e-06,0.44999999999999984,365_25_CALENDAR_DAYS_PER_YEAR,NOT_APPLICABLE_REQUIRES_365_CALENDAR_DAYS_AND_CONTIGUOUS_DAILY_RECORDS,RESET_REPORTING_HIGH_WATER_MARK_TO_GROUP_INITIAL_WEALTH_NOT_PORTFOLIO_STATE,0.00025946762150044382
numerical_only,MONTH,2025-01,31,2025-01-01,2025-01-31,31,False,0.043439591995677887,0.042522556061334787,,13.716953568172512,0.0014220364686820333,0.010104927133813913,0.19312046501259592,,2.6895068844839196,0.0064015156183305716,4.2454432221924883,0.043462220600498529,,0.020023308791657871,0.12682565500653475,0.0040911501615011215,31,0.00012682565500653478,4.0911501615011215e-06,0.44999999999999984,365_25_CALENDAR_DAYS_PER_YEAR,NOT_APPLICABLE_REQUIRES_365_CALENDAR_DAYS_AND_CONTIGUOUS_DAILY_RECORDS,RESET_REPORTING_HIGH_WATER_MARK_TO_GROUP_INITIAL_WEALTH_NOT_PORTFOLIO_STATE,0.00024901267276487013
numerical_only,MONTH,2025-02,28,2025-02-01,2025-02-28,28,False,-0.079220251225917221,-0.082534414893984012,,-29.476576747851432,-0.0029053671984520324,0.0088516956324650314,0.16916931255954679,,-6.2729188478617983,0.008109779799997394,-6.8467911259987231,0.079949107090845781,,0.021639166868507861,0.23284838635885091,0.00831601379853039,28,0.00023284838635885091,8.3160137985303891e-06,0.44285714285714289,365_25_CALENDAR_DAYS_PER_YEAR,NOT_APPLICABLE_REQUIRES_365_CALENDAR_DAYS_AND_CONTIGUOUS_DAILY_RECORDS,RESET_REPORTING_HIGH_WATER_MARK_TO_GROUP_INITIAL_WEALTH_NOT_PORTFOLIO_STATE,0.00045053600615331519
numerical_only,MONTH,2025-03,31,2025-03-01,2025-03-31,31,False,-0.0045318518033837943,-0.0045421517741757551,,-1.4652102497341146,-5.1250015246410761e-05,0.014040260403128195,0.26833064524302658,,-0.069761200968296799,0.0095545808842575353,-0.10251265225496679,0.068506542802352022,,0.031170634842432463,0.18651070843823492,0.0060164744657495136,31,0.00018651070843823494,6.016474465749514e-06,0.40000000000000013,365_25_CALENDAR_DAYS_PER_YEAR,NOT_APPLICABLE_REQUIRES_365_CALENDAR_DAYS_AND_CONTIGUOUS_DAILY_RECORDS,RESET_REPORTING_HIGH_WATER_MARK_TO_GROUP_INITIAL_WEALTH_NOT_PORTFOLIO_STATE,0.00034400372457243309
numerical_only,MONTH,2025-04,30,2025-04-01,2025-04-30,30,False,0.057076300389798544,0.055506890082072914,,18.502296694024306,0.0019157438859652264,0.011520120985070657,0.22016696332163577,,3.178158265854762,0.006550352872269116,5.5894344085414334,0.042223692797993088,,0.021319598475017479,0.14069078335954077,0.0046896927786513592,30,0.00014069078335954082,4.6896927786513607e-06,0.40000000000000013,365_25_CALENDAR_DAYS_PER_YEAR,NOT_APPLICABLE_REQUIRES_365_CALENDAR_DAYS_AND_CONTIGUOUS_DAILY_RECORDS,RESET_REPORTING_HIGH_WATER_MARK_TO_GROUP_INITIAL_WEALTH_NOT_PORTFOLIO_STATE,0.00025861472541308903
numerical_only,MONTH,2025-05,28,2025-05-01,2025-05-28,28,False,0.05665556914765519,0.0551087967820066,,19.681713136430929,0.0019981914080365632,0.0076534183925589224,0.14626841929033074,,4.9897265269318574,0.0037012575979321737,10.317699799223551,0.01572220458400464,,0.013100820774785957,0.090353856297240354,0.0032269234391871554,28,9.0353856297240357e-05,3.2269234391871557e-06,0.40000000000000008,365_25_CALENDAR_DAYS_PER_YEAR,NOT_APPLICABLE_REQUIRES_365_CALENDAR_DAYS_AND_CONTIGUOUS_DAILY_RECORDS,RESET_REPORTING_HIGH_WATER_MARK_TO_GROUP_INITIAL_WEALTH_NOT_PORTFOLIO_STATE,0.00018082632230473147
numerical_uniform_allocator,FULL,FULL,1608,2021-01-02,2025-05-28,1608,False,1.0288850849745588,0.70748642295321729,,4.399791187520008,0.00054021383769318478,0.014157265497516884,0.2705667898423848,0.17433540301918515,0.72925839986636187,0.0096327473849195048,1.0717923319950833,0.45876399529953876,0.38001108370624659,0.032741824971234852,9.7371717983470489,0.0060554550984745327,1608,0.0097371717983470475,6.0554550984745318e-06,0.43827736318407967,365_25_CALENDAR_DAYS_PER_YEAR,REPORTED,RESET_REPORTING_HIGH_WATER_MARK_TO_GROUP_INITIAL_WEALTH_NOT_PORTFOLIO_STATE,0.012382060583985324
numerical_uniform_allocator,REGIME,FULL:BEAR,503,2021-05-14,2025-04-11,1429,True,,-0.0022503262161569504,-0.0022503262161569504,-0.044738095748647129,0.00011274847925329615,0.015306309552664949,,,,0.010905645195894896,,,,0.037078292408470236,3.546494553482864,0.0070506849969838251,503,0.0035464945534828644,7.0506849969838257e-06,0.42485089463220688,NOT_APPLICABLE_CONDITIONAL_SELECTION,NOT_APPLICABLE_CONDITIONAL_SELECTION,NOT_APPLICABLE_CONDITIONAL_SELECTION,0.004038194368480243
numerical_uniform_allocator,REGIME,FULL:BULL,531,2021-01-02,2025-05-28,1608,True,,0.82119160752587195,0.82119160752587195,15.465002024969341,0.0016515924328703892,0.014473237273691972,,,,0.0087418346458784466,,,,0.02931141461688485,3.3394334212344066,0.0062889518290666791,531,0.0033394334212344069,6.28895182906668e-06,0.44971751412429378,NOT_APPLICABLE_CONDITIONAL_SELECTION,NOT_APPLICABLE_CONDITIONAL_SELECTION,NOT_APPLICABLE_CONDITIONAL_SELECTION,0.0044846229925377089
numerical_uniform_allocator,REGIME,FULL:MIX,574,2021-04-11,2025-05-05,1486,True,,-0.1114548583564977,-0.1114548583564977,-1.9417222710191235,-0.00011331744931697477,0.012703043061788342,,,,0.0092208519806680177,,,,0.031417062042122815,2.8512438236297784,0.0049673237345466519,574,0.0028512438236297784,4.967323734546652e-06,0.43945993031358888,NOT_APPLICABLE_CONDITIONAL_SELECTION,NOT_APPLICABLE_CONDITIONAL_SELECTION,NOT_APPLICABLE_CONDITIONAL_SELECTION,0.0038592432229673712
numerical_uniform_allocator,POST2021,POST2021,1244,2022-01-01,2025-05-28,1244,False,0.59912750114065172,0.469458168722096,,3.7737794913351768,0.00045245142793435287,0.012254051199534235,0.23419348151687427,0.14778878516371136,0.70564681383377903,0.0083217743047223659,1.0390851600722204,0.36817543584548529,0.40140859703018017,0.02831460349686343,6.0587813402278519,0.0048704030066140285,1244,0.006058781340227852,4.8704030066140287e-06,0.43211414790996788,365_25_CALENDAR_DAYS_PER_YEAR,REPORTED,RESET_REPORTING_HIGH_WATER_MARK_TO_GROUP_INITIAL_WEALTH_NOT_PORTFOLIO_STATE,0.0079332891992695397
numerical_uniform_allocator,REGIME,POST2021:BEAR,380,2022-01-01,2025-04-11,1197,True,,-0.025849185896527904,-0.025849185896527904,-0.68024173411915534,3.6147553159154852e-05,0.014443428177252729,,,,0.01022042155079473,,,,0.03558187793894426,2.3060158998791911,0.0060684628944189236,380,0.0023060158998791909,6.0684628944189237e-06,0.43144736842105275,NOT_APPLICABLE_CONDITIONAL_SELECTION,NOT_APPLICABLE_CONDITIONAL_SELECTION,NOT_APPLICABLE_CONDITIONAL_SELECTION,0.0025987935930980649
numerical_uniform_allocator,REGIME,POST2021:BULL,388,2023-01-16,2025-05-28,864,True,,0.47323268690282644,0.47323268690282644,12.196718734608929,0.0012848351147275994,0.01138986576149586,,,,0.0069357523916704173,,,,0.023155934593944938,1.7505648239051967,0.0045117650100649402,388,0.0017505648239051971,4.5117650100649408e-06,0.4341494845360826,NOT_APPLICABLE_CONDITIONAL_SELECTION,NOT_APPLICABLE_CONDITIONAL_SELECTION,NOT_APPLICABLE_CONDITIONAL_SELECTION,0.0025865611720992609
numerical_uniform_allocator,REGIME,POST2021:MIX,476,2022-03-25,2025-05-05,1138,True,,0.022074667715797386,0.022074667715797386,0.46375352344112153,0.00010629723032678059,0.010953493659721406,,,,0.0076409889547746791,,,,0.025753433217782583,2.0022006164434636,0.0042063038160576969,476,0.002002200616443464,4.2063038160576975e-06,0.43098739495798333,NOT_APPLICABLE_CONDITIONAL_SELECTION,NOT_APPLICABLE_CONDITIONAL_SELECTION,NOT_APPLICABLE_CONDITIONAL_SELECTION,0.002747934434072214
numerical_uniform_allocator,YEAR,2021,364,2021-01-02,2021-12-31,364,False,0.26874503973408176,0.23802825423112139,,6.5392377536022366,0.00084014910620963245,0.019312898015029008,0.36909873728060538,,0.83138854200353463,0.013161782437176819,1.2199352328773201,0.28803830442753098,,0.0424055632262232,3.6783904581191975,0.010105468291536256,364,0.0036783904581191977,1.0105468291536258e-05,0.45934065934065949,365_25_CALENDAR_DAYS_PER_YEAR,NOT_APPLICABLE_REQUIRES_365_CALENDAR_DAYS_AND_CONTIGUOUS_DAILY_RECORDS,RESET_REPORTING_HIGH_WATER_MARK_TO_GROUP_INITIAL_WEALTH_NOT_PORTFOLIO_STATE,0.0044487713847157842
numerical_uniform_allocator,YEAR_REGIME,2021:BEAR,123,2021-05-14,2021-12-31,232,True,,0.023598859680370954,0.023598859680370954,1.9186064780789394,0.0003494017468612123,0.017772889175142879,,,,0.012792808423055892,,,,0.041270077493803133,1.2404786536036729,0.010085192305720919,123,0.0012404786536036735,1.0085192305720922e-05,0.40447154471544727,NOT_APPLICABLE_CONDITIONAL_SELECTION,NOT_APPLICABLE_CONDITIONAL_SELECTION,NOT_APPLICABLE_CONDITIONAL_SELECTION,0.0014394007753821786
numerical_uniform_allocator,YEAR_REGIME,2021:BULL,143,2021-01-02,2021-11-17,320,True,,0.34795892062304562,0.34795892062304562,24.332791651961234,0.0026467101911878893,0.020662035659451856,,,,0.012379273731092034,,,,0.038043840489292997,1.5888685973292098,0.011110969212092377,143,0.0015888685973292098,1.1110969212092375e-05,0.49195804195804194,NOT_APPLICABLE_CONDITIONAL_SELECTION,NOT_APPLICABLE_CONDITIONAL_SELECTION,NOT_APPLICABLE_CONDITIONAL_SELECTION,0.0018980618204384484
numerical_uniform_allocator,YEAR_REGIME,2021:MIX,98,2021-04-11,2021-12-04,238,True,,-0.1335295260722951,-0.1335295260722951,-13.625461844111745,-0.001180017321872358,0.019087147294669943,,,,0.014642932698976803,,,,0.049680266155044783,0.84904320718631454,0.0086637061957787198,98,0.00084904320718631461,8.6637061957787209e-06,0.48061224489795917,NOT_APPLICABLE_CONDITIONAL_SELECTION,NOT_APPLICABLE_CONDITIONAL_SELECTION,NOT_APPLICABLE_CONDITIONAL_SELECTION,0.0011113087888951574
numerical_uniform_allocator,YEAR,2022,365,2022-01-01,2022-12-31,365,False,-0.34066066420939844,-0.41651695168101849,,-11.411423333726534,-0.0010312311469039669,0.014763588366769742,0.28215453836419807,-0.3408487373878718,-1.3349321920900457,0.011308339366861358,-1.7428190596509412,0.36817543584548529,-0.92577805090429266,0.039344067857319483,2.1918759574761637,0.0060051396095237358,365,0.0021918759574761646,6.0051396095237386e-06,0.43863013698630143,365_25_CALENDAR_DAYS_PER_YEAR,REPORTED,RESET_REPORTING_HIGH_WATER_MARK_TO_GROUP_INITIAL_WEALTH_NOT_PORTFOLIO_STATE,0.0022537671462705324
numerical_uniform_allocator,YEAR_REGIME,2022:BEAR,321,2022-01-01,2022-12-31,365,True,,-0.23471382063050464,-0.23471382063050464,-7.311957028987683,-0.00062390382060438206,0.014632239030471934,,,,0.010803178152789802,,,,0.037457921002354497,1.9608864625707287,0.0061086805687561646,321,0.0019608864625707289,6.1086805687561652e-06,0.43707165109034274,NOT_APPLICABLE_CONDITIONAL_SELECTION,NOT_APPLICABLE_CONDITIONAL_SELECTION,NOT_APPLICABLE_CONDITIONAL_SELECTION,0.0020055826335694496
numerical_uniform_allocator,YEAR_REGIME,2022:MIX,44,2022-03-25,2022-12-17,268,True,,-0.18180313105051393,-0.18180313105051393,-41.318893420571349,-0.0040028691410441209,0.015540007095217665,,,,0.014469550739621478,,,,0.052209945364661593,0.2309894949054353,0.0052497612478508019,44,0.00023098949490543534,5.2497612478508029e-06,0.44999999999999996,NOT_APPLICABLE_CONDITIONAL_SELECTION,NOT_APPLICABLE_CONDITIONAL_SELECTION,NOT_APPLICABLE_CONDITIONAL_SELECTION,0.00024818451270108323
numerical_uniform_allocator,YEAR,2023,365,2023-01-01,2023-12-31,365,False,0.55990666822027624,0.44462599140775017,,12.181534011171237,0.0012721003692466066,0.01036512081111534,0.1980931603411592,0.56038179196663451,2.3455361056743289,0.0059099948981050513,4.1136693891127738,0.093718692041958679,5.9794026117623016,0.020200548356829783,1.3852515567344943,0.0037952097444780663,365,0.0013852515567344943,3.7952097444780665e-06,0.45000000000000018,365_25_CALENDAR_DAYS_PER_YEAR,REPORTED,RESET_REPORTING_HIGH_WATER_MARK_TO_GROUP_INITIAL_WEALTH_NOT_PORTFOLIO_STATE,0.0014986577086641539
numerical_uniform_allocator,YEAR_REGIME,2023:BEAR,1,2023-01-01,2023-01-01,1,True,,0.0022006272932039777,0.0022006272932039777,22.006272932039778,0.0022030504506085347,,,,,0,,,,-0.0022030504506085347,0.0010422127693460737,0.0010422127693460737,1,1.0422127693460737e-06,1.0422127693460737e-06,0.45000000000000001,NOT_APPLICABLE_CONDITIONAL_SELECTION,NOT_APPLICABLE_CONDITIONAL_SELECTION,NOT_APPLICABLE_CONDITIONAL_SELECTION,8.7184590796916879e-07
numerical_uniform_allocator,YEAR_REGIME,2023:BULL,180,2023-01-16,2023-12-31,350,True,,0.15235049432664802,0.15235049432664802,8.4639163514804459,0.00089835131297823624,0.010209838930578719,,,,0.0062909710581578009,,,,0.020623560666820619,0.71915762734344901,0.0039953201519080505,180,0.000719157627343449,3.9953201519080503e-06,0.45000000000000018,NOT_APPLICABLE_CONDITIONAL_SELECTION,NOT_APPLICABLE_CONDITIONAL_SELECTION,NOT_APPLICABLE_CONDITIONAL_SELECTION,0.00081040554734942126
numerical_uniform_allocator,YEAR_REGIME,2023:MIX,184,2023-01-02,2023-10-21,293,True,,0.29007486978789815,0.29007486978789815,15.764938575429246,0.0016326649347191322,0.010557562363708932,,,,0.0055290721050485032,,,,0.019426367961348136,0.66505171662169926,0.0036144115033788005,184,0.00066505171662169921,3.6144115033787999e-06,0.45000000000000007,NOT_APPLICABLE_CONDITIONAL_SELECTION,NOT_APPLICABLE_CONDITIONAL_SELECTION,NOT_APPLICABLE_CONDITIONAL_SELECTION,0.00068738031540676334
numerical_uniform_allocator,YEAR,2024,366,2024-01-01,2024-12-31,366,False,0.45274100729370453,0.37345212182740345,,10.203609885994631,0.0010903265729109879,0.011827229963777284,0.2260362811298664,0.45162969238854517,1.7618489331229676,0.0073312894698442802,2.8423093344210302,0.10569863179319507,4.2728054727537286,0.024025806119303088,1.8345853590862502,0.0050125283035143452,366,0.0018345853590862504,5.0125283035143452e-06,0.42076502732240439,365_25_CALENDAR_DAYS_PER_YEAR,REPORTED,RESET_REPORTING_HIGH_WATER_MARK_TO_GROUP_INITIAL_WEALTH_NOT_PORTFOLIO_STATE,0.0029557101261358837
numerical_uniform_allocator,YEAR_REGIME,2024:BEAR,21,2024-07-05,2024-09-02,60,True,,0.12170486322608914,0.12170486322608914,57.954696774328163,0.005885244932752289,0.012488031812005864,,,,0.0042160037577271417,,,,0.016068336186350771,0.12348931466255764,0.0058804435553598874,21,0.00012348931466255763,5.8804435553598875e-06,0.40000000000000008,NOT_APPLICABLE_CONDITIONAL_SELECTION,NOT_APPLICABLE_CONDITIONAL_SELECTION,NOT_APPLICABLE_CONDITIONAL_SELECTION,0.0001902133585195801
numerical_uniform_allocator,YEAR_REGIME,2024:BULL,153,2024-01-01,2024-12-31,366,True,,0.25534659475538402,0.25534659475538402,16.689319918652551,0.00175995517669479,0.013461708092333786,,,,0.0081270384843470326,,,,0.027602796494156246,0.82756530740721401,0.005408923577824928,153,0.00082756530740721421,5.4089235778249291e-06,0.42777777777777781,NOT_APPLICABLE_CONDITIONAL_SELECTION,NOT_APPLICABLE_CONDITIONAL_SELECTION,NOT_APPLICABLE_CONDITIONAL_SELECTION,0.0013736584460569174
numerical_uniform_allocator,YEAR_REGIME,2024:MIX,192,2024-01-15,2024-11-05,296,True,,-0.0035993361540697828,-0.0035993361540697828,-0.18746542469113453,3.2272083663128365e-05,0.010137013254013179,,,,0.006919540888439291,,,,0.021704746571574295,0.88353073701647844,0.0046017225886274922,192,0.00088353073701647855,4.6017225886274927e-06,0.4174479166666667,NOT_APPLICABLE_CONDITIONAL_SELECTION,NOT_APPLICABLE_CONDITIONAL_SELECTION,NOT_APPLICABLE_CONDITIONAL_SELECTION,0.0013918383215593862
numerical_uniform_allocator,YEAR,2025,148,2025-01-01,2025-05-28,148,False,0.070255074201105383,0.067897007167960891,,4.5876356194568171,0.00051265394939087783,0.010416550556334586,0.19907606068083453,,0.94057946683613858,0.0069034362093485721,1.4192343162787617,0.11775870590998176,,0.022578377590574454,0.647068466930943,0.0043720842360198851,148,0.00064706846693094312,4.3720842360198858e-06,0.39999999999999991,365_25_CALENDAR_DAYS_PER_YEAR,NOT_APPLICABLE_REQUIRES_365_CALENDAR_DAYS_AND_CONTIGUOUS_DAILY_RECORDS,RESET_REPORTING_HIGH_WATER_MARK_TO_GROUP_INITIAL_WEALTH_NOT_PORTFOLIO_STATE,0.0012251542181989695
numerical_uniform_allocator,YEAR_REGIME,2025:BEAR,37,2025-02-27,2025-04-11,44,True,,0.084959144214683507,0.084959144214683507,22.961930868833381,0.0023842162858399695,0.013297239480366676,,,,0.0070842776300735098,,,,0.02081711213964239,0.22059790987655847,0.0059621056723394182,37,0.00022059790987655849,5.9621056723394183e-06,0.40000000000000008,NOT_APPLICABLE_CONDITIONAL_SELECTION,NOT_APPLICABLE_CONDITIONAL_SELECTION,NOT_APPLICABLE_CONDITIONAL_SELECTION,0.00040212575510106629
numerical_uniform_allocator,YEAR_REGIME,2025:BULL,55,2025-01-01,2025-05-28,148,True,,0.065535597820794378,0.065535597820794378,11.915563240144431,0.0012279935662531485,0.008541141063358312,,,,0.0051086594652448294,,,,0.01664477937447751,0.20384188915453383,0.0037062161664460696,55,0.00020384188915453382,3.7062161664460693e-06,0.3999999999999998,NOT_APPLICABLE_CONDITIONAL_SELECTION,NOT_APPLICABLE_CONDITIONAL_SELECTION,NOT_APPLICABLE_CONDITIONAL_SELECTION,0.00040249717869292177
numerical_uniform_allocator,YEAR_REGIME,2025:MIX,56,2025-01-10,2025-05-05,116,True,,-0.082597734867517023,-0.082597734867517023,-14.74959551205661,-0.0014264797180384306,0.0097952590265916895,,,,0.0081951304838596313,,,,0.026806288840628176,0.22262866789985075,0.0039755119267830489,56,0.00022262866789985077,3.9755119267830495e-06,0.39999999999999997,NOT_APPLICABLE_CONDITIONAL_SELECTION,NOT_APPLICABLE_CONDITIONAL_SELECTION,NOT_APPLICABLE_CONDITIONAL_SELECTION,0.00042053128440498126
numerical_uniform_allocator,MONTH,2021-01,30,2021-01-02,2021-01-31,30,False,0.054680006040883092,0.053237409110109934,,17.745803036703311,0.0021188428937800965,0.026601248556076582,0.5083901569041992,,1.5222705562708505,0.017417791292933398,2.3248813099159631,0.12817436724554648,,0.055104155928685949,0.75372791509143622,0.025124263836381208,30,0.00075372791509143626,2.5124263836381208e-05,0.47833333333333317,365_25_CALENDAR_DAYS_PER_YEAR,NOT_APPLICABLE_REQUIRES_365_CALENDAR_DAYS_AND_CONTIGUOUS_DAILY_RECORDS,RESET_REPORTING_HIGH_WATER_MARK_TO_GROUP_INITIAL_WEALTH_NOT_PORTFOLIO_STATE,0.0007813448738056858
numerical_uniform_allocator,MONTH,2021-02,28,2021-02-01,2021-02-28,28,False,0.16113175551992615,0.14939518079016115,,53.355421710771843,0.0056593411028590156,0.025580795630128623,0.48888775565252846,,4.2281164007887435,0.012744240295561121,8.4868598708582095,0.11129940232640995,,0.042599340832591717,0.31141978487640065,0.011122135174157166,28,0.00031141978487640064,1.1122135174157166e-05,0.48214285714285715,365_25_CALENDAR_DAYS_PER_YEAR,NOT_APPLICABLE_REQUIRES_365_CALENDAR_DAYS_AND_CONTIGUOUS_DAILY_RECORDS,RESET_REPORTING_HIGH_WATER_MARK_TO_GROUP_INITIAL_WEALTH_NOT_PORTFOLIO_STATE,0.00038383633322876926
numerical_uniform_allocator,MONTH,2021-03,31,2021-03-01,2021-03-31,31,False,0.14641080700398754,0.13663602439247538,,44.07613690079851,0.0045806906218043434,0.018441373445052704,0.35244258251621163,,4.7471484225010672,0.0099003624701040419,8.8424981532534765,0.082903460674267002,,0.028109270374793386,0.23017818289164654,0.0074251026739240817,31,0.00023017818289164656,7.4251026739240826e-06,0.5,365_25_CALENDAR_DAYS_PER_YEAR,NOT_APPLICABLE_REQUIRES_365_CALENDAR_DAYS_AND_CONTIGUOUS_DAILY_RECORDS,RESET_REPORTING_HIGH_WATER_MARK_TO_GROUP_INITIAL_WEALTH_NOT_PORTFOLIO_STATE,0.0003097235984769945
numerical_uniform_allocator,MONTH,2021-04,30,2021-04-01,2021-04-30,30,False,-0.0045871498851771993,-0.0045977031424941292,,-1.5325677141647098,9.8383644914582878e-07,0.017964064444772471,0.34332048446759117,,0.0010466787718995997,0.01061637232344873,0.0017710950914795805,0.12102474741137641,,0.029152141164576682,0.17440786351765702,0.0058135954505885677,30,0.000174407863517657,5.8135954505885667e-06,0.5,365_25_CALENDAR_DAYS_PER_YEAR,NOT_APPLICABLE_REQUIRES_365_CALENDAR_DAYS_AND_CONTIGUOUS_DAILY_RECORDS,RESET_REPORTING_HIGH_WATER_MARK_TO_GROUP_INITIAL_WEALTH_NOT_PORTFOLIO_STATE,0.00024018777611126832
numerical_uniform_allocator,MONTH,2021-05,31,2021-05-01,2021-05-31,31,False,-0.18855635657465758,-0.20894034185085197,,-67.400110274468375,-0.0064300565631229241,0.024133733983733217,0.46123221550334409,,-5.0919646996418875,0.021714340538277102,-5.6593070970355024,0.21644161790441166,,0.069332070411339958,0.4465037922429409,0.014403348136869061,31,0.0004465037922429409,1.4403348136869062e-05,0.42258064516129046,365_25_CALENDAR_DAYS_PER_YEAR,NOT_APPLICABLE_REQUIRES_365_CALENDAR_DAYS_AND_CONTIGUOUS_DAILY_RECORDS,RESET_REPORTING_HIGH_WATER_MARK_TO_GROUP_INITIAL_WEALTH_NOT_PORTFOLIO_STATE,0.00053742077902221321
numerical_uniform_allocator,MONTH,2021-06,30,2021-06-01,2021-06-30,30,False,-0.022420472956237746,-0.022675632842438807,,-7.5585442808129351,-0.00057165782996663193,0.01947495508541576,0.37219589338843539,,-0.5609895920517427,0.014105021045447199,-0.77456439613890815,0.097053248255337898,,0.044718592491829225,0.41261366519058384,0.013753788839686127,30,0.00041261366519058392,1.375378883968613e-05,0.3683333333333334,365_25_CALENDAR_DAYS_PER_YEAR,NOT_APPLICABLE_REQUIRES_365_CALENDAR_DAYS_AND_CONTIGUOUS_DAILY_RECORDS,RESET_REPORTING_HIGH_WATER_MARK_TO_GROUP_INITIAL_WEALTH_NOT_PORTFOLIO_STATE,0.00046272742111159331
numerical_uniform_allocator,MONTH,2021-07,31,2021-07-01,2021-07-31,31,False,0.074506717764170907,0.071861689071736887,,23.181190023140928,0.0023991603528869584,0.012758349520647194,0.24383138637147841,,3.5938495528911276,0.0070000082703258583,6.5502192211370351,0.064593456704160113,,0.017788531194613755,0.19108407528761018,0.006164002428632586,31,0.00019108407528761016,6.1640024286325859e-06,0.40000000000000013,365_25_CALENDAR_DAYS_PER_YEAR,NOT_APPLICABLE_REQUIRES_365_CALENDAR_DAYS_AND_CONTIGUOUS_DAILY_RECORDS,RESET_REPORTING_HIGH_WATER_MARK_TO_GROUP_INITIAL_WEALTH_NOT_PORTFOLIO_STATE,0.00021092780724798988
numerical_uniform_allocator,MONTH,2021-08,31,2021-08-01,2021-08-31,31,False,0.060193348649214364,0.058451295876369706,,18.85525673431281,0.0019966181699467844,0.015076263539144524,0.28813023456539577,,2.5310248598973204,0.0082964633034053482,4.5993571497237786,0.033506805157894684,,0.020781225475239477,0.30510128228779887,0.0098419768479935128,31,0.00030510128228779883,9.8419768479935107e-06,0.45645161290322583,365_25_CALENDAR_DAYS_PER_YEAR,NOT_APPLICABLE_REQUIRES_365_CALENDAR_DAYS_AND_CONTIGUOUS_DAILY_RECORDS,RESET_REPORTING_HIGH_WATER_MARK_TO_GROUP_INITIAL_WEALTH_NOT_PORTFOLIO_STATE,0.00037738129574700949
numerical_uniform_allocator,MONTH,2021-09,30,2021-09-01,2021-09-30,30,False,-0.026979290462323176,-0.027349912811253405,,-9.1166376037511352,-0.00074139908156601133,0.018622867240062457,0.35591120387537972,,-0.76085273965357747,0.014852555507103462,-0.953994721853065,0.11181589344348757,,0.051165245958094858,0.20117418009703464,0.0067058060032344881,30,0.00020117418009703465,6.7058060032344885e-06,0.4616666666666665,365_25_CALENDAR_DAYS_PER_YEAR,NOT_APPLICABLE_REQUIRES_365_CALENDAR_DAYS_AND_CONTIGUOUS_DAILY_RECORDS,RESET_REPORTING_HIGH_WATER_MARK_TO_GROUP_INITIAL_WEALTH_NOT_PORTFOLIO_STATE,0.00025034777861771202
numerical_uniform_allocator,MONTH,2021-10,31,2021-10-01,2021-10-31,31,False,0.17624611926215059,0.16232811266622924,,52.363907311686852,0.0053875211886852759,0.016922024487499028,0.32340552234609798,,6.0845965149025201,0.0082608801481451107,12.464009811938871,0.057930907311358255,,0.026187538730148348,0.27685349419915162,0.0089307578773919882,31,0.00027685349419915163,8.9307578773919887e-06,0.48870967741935478,365_25_CALENDAR_DAYS_PER_YEAR,NOT_APPLICABLE_REQUIRES_365_CALENDAR_DAYS_AND_CONTIGUOUS_DAILY_RECORDS,RESET_REPORTING_HIGH_WATER_MARK_TO_GROUP_INITIAL_WEALTH_NOT_PORTFOLIO_STATE,0.00038228490909010402
numerical_uniform_allocator,MONTH,2021-11,30,2021-11-01,2021-11-30,30,False,-0.033091547415021509,-0.03365145958754398,,-11.217153195847994,-0.00099029840531721374,0.016400690560812399,0.31344204126253233,,-1.15398206024046,0.012552165361203757,-1.5077958374599947,0.10562157975447355,,0.038861265164774242,0.18583826595919473,0.0061946088653064913,30,0.00018583826595919471,6.1946088653064906e-06,0.5,365_25_CALENDAR_DAYS_PER_YEAR,NOT_APPLICABLE_REQUIRES_365_CALENDAR_DAYS_AND_CONTIGUOUS_DAILY_RECORDS,RESET_REPORTING_HIGH_WATER_MARK_TO_GROUP_INITIAL_WEALTH_NOT_PORTFOLIO_STATE,0.00026589212260819844
numerical_uniform_allocator,MONTH,2021-12,31,2021-12-01,2021-12-31,31,False,-0.092141189432704274,-0.096666407441378596,,-31.182712077864064,-0.0030030117902368186,0.015030698863186696,0.28725942458402753,,-3.8183257450032015,0.01306248489670492,-4.3936590081090596,0.096140341566888873,,0.037461086844389764,0.1894879564777423,0.0061125147250884618,31,0.00018948795647774232,6.1125147250884619e-06,0.45645161290322567,365_25_CALENDAR_DAYS_PER_YEAR,NOT_APPLICABLE_REQUIRES_365_CALENDAR_DAYS_AND_CONTIGUOUS_DAILY_RECORDS,RESET_REPORTING_HIGH_WATER_MARK_TO_GROUP_INITIAL_WEALTH_NOT_PORTFOLIO_STATE,0.00024669668964824582
numerical_uniform_allocator,MONTH,2022-01,31,2022-01-01,2022-01-31,31,False,-0.076225804217901941,-0.079287614064544404,,-25.576649698240132,-0.0024787294114835376,0.012410036441691237,0.23717459578930278,,-3.8172550248537034,0.011210039591450661,-4.2258792735925681,0.12723327021192313,,0.038640878987419636,0.14893017360647809,0.0048041991485960672,31,0.00014893017360647807,4.8041991485960668e-06,0.44999999999999984,365_25_CALENDAR_DAYS_PER_YEAR,NOT_APPLICABLE_REQUIRES_365_CALENDAR_DAYS_AND_CONTIGUOUS_DAILY_RECORDS,RESET_REPORTING_HIGH_WATER_MARK_TO_GROUP_INITIAL_WEALTH_NOT_PORTFOLIO_STATE,0.0001784894482904983
numerical_uniform_allocator,MONTH,2022-02,28,2022-02-01,2022-02-28,28,False,0.059756093482595467,0.05803878115867929,,20.728136128099749,0.002270683664778696,0.020340854120573897,0.38874453566059219,,2.1334504603417197,0.010285716091415903,4.219074705308957,0.078840441091806393,,0.030442947547441201,0.17658593740111156,0.0063066406214682697,28,0.00017658593740111159,6.3066406214682709e-06,0.4499999999999999,365_25_CALENDAR_DAYS_PER_YEAR,NOT_APPLICABLE_REQUIRES_365_CALENDAR_DAYS_AND_CONTIGUOUS_DAILY_RECORDS,RESET_REPORTING_HIGH_WATER_MARK_TO_GROUP_INITIAL_WEALTH_NOT_PORTFOLIO_STATE,0.00021173999007009829
numerical_uniform_allocator,MONTH,2022-03,31,2022-03-01,2022-03-31,31,False,0.027879403777709547,0.027497848651158573,,8.8702737584382483,0.00099271388684881823,0.014755019629768188,0.28199077681971618,,1.2858177535478155,0.0097264369688645248,1.9505874817916282,0.067905196088367176,,0.032282133073633174,0.21345618164416047,0.0068856832788438864,31,0.00021345618164416043,6.8856832788438851e-06,0.44999999999999984,365_25_CALENDAR_DAYS_PER_YEAR,NOT_APPLICABLE_REQUIRES_365_CALENDAR_DAYS_AND_CONTIGUOUS_DAILY_RECORDS,RESET_REPORTING_HIGH_WATER_MARK_TO_GROUP_INITIAL_WEALTH_NOT_PORTFOLIO_STATE,0.00026132506050266719
numerical_uniform_allocator,MONTH,2022-04,30,2022-04-01,2022-04-30,30,False,-0.079780413126783398,-0.083142956034989834,,-27.714318678329946,-0.0027051367638267652,0.011328219159441448,0.21649942873068703,,-4.5637589382132058,0.010047689907781598,-5.1453878371484825,0.089698546523892406,,0.027392666174207398,0.15805555281187467,0.0052685184270624885,30,0.00015805555281187469,5.2685184270624895e-06,0.4499999999999999,365_25_CALENDAR_DAYS_PER_YEAR,NOT_APPLICABLE_REQUIRES_365_CALENDAR_DAYS_AND_CONTIGUOUS_DAILY_RECORDS,RESET_REPORTING_HIGH_WATER_MARK_TO_GROUP_INITIAL_WEALTH_NOT_PORTFOLIO_STATE,0.00019317098160111381
numerical_uniform_allocator,MONTH,2022-05,31,2022-05-01,2022-05-31,31,False,-0.067156735998763387,-0.069518083671116726,,-22.425188281005397,-0.0020674022509490067,0.018801125931178438,0.35931799749842902,,-2.1015331194547975,0.015166076296312501,-2.605234739391276,0.13235312609977459,,0.046456841971724436,0.25361751412105921,0.0081812101329373933,31,0.00025361751412105924,8.181210132937394e-06,0.44999999999999984,365_25_CALENDAR_DAYS_PER_YEAR,NOT_APPLICABLE_REQUIRES_365_CALENDAR_DAYS_AND_CONTIGUOUS_DAILY_RECORDS,RESET_REPORTING_HIGH_WATER_MARK_TO_GROUP_INITIAL_WEALTH_NOT_PORTFOLIO_STATE,0.00027690205142007521
numerical_uniform_allocator,MONTH,2022-06,30,2022-06-01,2022-06-30,30,False,-0.18085973370503519,-0.19949994447588046,,-66.499981491960156,-0.0064439198907898362,0.019294900980234286,0.36875478668280504,,-6.3826744088763236,0.018349487353842505,-6.7115265039028458,0.19568184783611239,,0.0614567530290294,0.28446441139717482,0.0094821470465724939,30,0.0002844644113971748,9.4821470465724926e-06,0.40333333333333327,365_25_CALENDAR_DAYS_PER_YEAR,NOT_APPLICABLE_REQUIRES_365_CALENDAR_DAYS_AND_CONTIGUOUS_DAILY_RECORDS,RESET_REPORTING_HIGH_WATER_MARK_TO_GROUP_INITIAL_WEALTH_NOT_PORTFOLIO_STATE,0.0002715602488717044
numerical_uniform_allocator,MONTH,2022-07,31,2022-07-01,2022-07-31,31,False,0.075278285896447417,0.072579498679759963,,23.412741509599989,0.0024362096826182587,0.013865492420492963,0.26499056434695678,,3.3579519662113504,0.0070168295306021009,6.635426631475787,0.04221336341207467,,0.021729670910827104,0.25555041279780066,0.0082435617031548607,31,0.00025555041279780067,8.2435617031548603e-06,0.40806451612903211,365_25_CALENDAR_DAYS_PER_YEAR,NOT_APPLICABLE_REQUIRES_365_CALENDAR_DAYS_AND_CONTIGUOUS_DAILY_RECORDS,RESET_REPORTING_HIGH_WATER_MARK_TO_GROUP_INITIAL_WEALTH_NOT_PORTFOLIO_STATE,0.0002355109892248103
numerical_uniform_allocator,MONTH,2022-08,31,2022-08-01,2022-08-31,31,False,-0.062848112890196484,-0.064909910510277002,,-20.938680809766776,-0.0020165839247319613,0.012369290599758985,0.23639588102599146,,-3.1157788169217939,0.010720786761627613,-3.5948829584991988,0.093701225914412961,,0.039424206991788217,0.14621120754540867,0.0047164905659809247,31,0.00014621120754540866,4.7164905659809243e-06,0.44999999999999984,365_25_CALENDAR_DAYS_PER_YEAR,NOT_APPLICABLE_REQUIRES_365_CALENDAR_DAYS_AND_CONTIGUOUS_DAILY_RECORDS,RESET_REPORTING_HIGH_WATER_MARK_TO_GROUP_INITIAL_WEALTH_NOT_PORTFOLIO_STATE,0.00013730181583464576
numerical_uniform_allocator,MONTH,2022-09,30,2022-09-01,2022-09-30,30,False,-0.010154638277390857,-0.010206548334228495,,-3.4021827780761646,-0.00022815737746169815,0.015229619181675961,0.29106109320552126,,-0.2863126816439252,0.010597548298813389,-0.41145678088673066,0.081025704514028019,,0.037369714402739937,0.16432685210748166,0.0054775617369160557,30,0.00016432685210748165,5.4775617369160551e-06,0.4499999999999999,365_25_CALENDAR_DAYS_PER_YEAR,NOT_APPLICABLE_REQUIRES_365_CALENDAR_DAYS_AND_CONTIGUOUS_DAILY_RECORDS,RESET_REPORTING_HIGH_WATER_MARK_TO_GROUP_INITIAL_WEALTH_NOT_PORTFOLIO_STATE,0.00014867275754589535
numerical_uniform_allocator,MONTH,2022-10,31,2022-10-01,2022-10-31,31,False,0.025450713068062712,0.025132236008236906,,8.107172905882873,0.00083823704771228543,0.0075137219616161132,0.14359860887537004,,2.1320964323730691,0.0039093847341583419,4.0978263531419516,0.029045724589365361,,0.010071964718164137,0.10242844195817785,0.0033041432889734791,31,0.00010242844195817786,3.3041432889734795e-06,0.44999999999999984,365_25_CALENDAR_DAYS_PER_YEAR,NOT_APPLICABLE_REQUIRES_365_CALENDAR_DAYS_AND_CONTIGUOUS_DAILY_RECORDS,RESET_REPORTING_HIGH_WATER_MARK_TO_GROUP_INITIAL_WEALTH_NOT_PORTFOLIO_STATE,9.2583218781339905e-05
numerical_uniform_allocator,MONTH,2022-11,30,2022-11-01,2022-11-30,30,False,-0.074075499214991111,-0.076962580289503216,,-25.654193429834404,-0.0023963507408014265,0.018364741402107469,0.35097802808920081,,-2.4937945911966675,0.015263492891583633,-3.0004857408853183,0.12077412124319591,,0.05779269828235551,0.16138497863253642,0.0053794992877512137,30,0.00016138497863253643,5.3794992877512144e-06,0.41500000000000009,365_25_CALENDAR_DAYS_PER_YEAR,NOT_APPLICABLE_REQUIRES_365_CALENDAR_DAYS_AND_CONTIGUOUS_DAILY_RECORDS,RESET_REPORTING_HIGH_WATER_MARK_TO_GROUP_INITIAL_WEALTH_NOT_PORTFOLIO_STATE,0.00013887966300850618
numerical_uniform_allocator,MONTH,2022-12,31,2022-12-01,2022-12-31,31,False,-0.016106558348462748,-0.016237678798313115,,-5.2379609026816496,-0.0005035278702522646,0.0064464471119184399,0.12320136973248175,,-1.4927882296194248,0.0047634373964577249,-2.0202176643891971,0.034689493967445646,,0.016107041695556094,0.12686429345289996,0.0040923965629967732,31,0.00012686429345289994,4.0923965629967723e-06,0.43709677419354825,365_25_CALENDAR_DAYS_PER_YEAR,NOT_APPLICABLE_REQUIRES_365_CALENDAR_DAYS_AND_CONTIGUOUS_DAILY_RECORDS,RESET_REPORTING_HIGH_WATER_MARK_TO_GROUP_INITIAL_WEALTH_NOT_PORTFOLIO_STATE,0.00010763092111917793
numerical_uniform_allocator,MONTH,2023-01,31,2023-01-01,2023-01-31,31,False,0.16547941119517012,0.15313251412543383,,49.397585201752847,0.0050042311105862863,0.010447205516489737,0.19966192340717673,,9.154451594729764,0.0037746960273883183,25.336725528881995,0.017453905702002781,,0.014784890235190366,0.12495353449410884,0.0040307591772293172,31,0.00012495353449410888,4.030759177229319e-06,0.44999999999999984,365_25_CALENDAR_DAYS_PER_YEAR,NOT_APPLICABLE_REQUIRES_365_CALENDAR_DAYS_AND_CONTIGUOUS_DAILY_RECORDS,RESET_REPORTING_HIGH_WATER_MARK_TO_GROUP_INITIAL_WEALTH_NOT_PORTFOLIO_STATE,0.00011579030994734494
numerical_uniform_allocator,MONTH,2023-02,28,2023-02-01,2023-02-28,28,False,0.0023458951370647872,0.0023431478208393499,,0.83683850744262489,0.00015440651108480523,0.012181362835104556,0.23280429676039141,,0.24225058969495925,0.0067251300568871315,0.43879334750861981,0.040230267184264798,,0.020580198330466072,0.1242205512272524,0.0044364482581161569,28,0.0001242205512272524,4.4364482581161569e-06,0.4499999999999999,365_25_CALENDAR_DAYS_PER_YEAR,NOT_APPLICABLE_REQUIRES_365_CALENDAR_DAYS_AND_CONTIGUOUS_DAILY_RECORDS,RESET_REPORTING_HIGH_WATER_MARK_TO_GROUP_INITIAL_WEALTH_NOT_PORTFOLIO_STATE,0.00012213846206127172
numerical_uniform_allocator,MONTH,2023-03,31,2023-03-01,2023-03-31,31,False,0.1032844381873592,0.098291583896613272,,31.706962547294605,0.003305713224937184,0.01647978320699162,0.31495362154479833,,3.8336176275292222,0.0082249326424470859,7.6811799131508298,0.068468605330672533,,0.02560340609596486,0.20478264067105745,0.0066058916345502405,31,0.00020478264067105744,6.6058916345502399e-06,0.44999999999999984,365_25_CALENDAR_DAYS_PER_YEAR,NOT_APPLICABLE_REQUIRES_365_CALENDAR_DAYS_AND_CONTIGUOUS_DAILY_RECORDS,RESET_REPORTING_HIGH_WATER_MARK_TO_GROUP_INITIAL_WEALTH_NOT_PORTFOLIO_STATE,0.00020730280021496526
numerical_uniform_allocator,MONTH,2023-04,30,2023-04-01,2023-04-30,30,False,0.01366255082223803,0.013570059665936168,,4.5233532219787227,0.00049448960904171504,0.0093264172040736504,0.17824196092667702,,1.0132986013141119,0.006188004384716673,1.5272202346043429,0.048108035812802326,,0.02067688064919004,0.11264147906091343,0.0037547159686971143,30,0.00011264147906091342,3.7547159686971142e-06,0.4499999999999999,365_25_CALENDAR_DAYS_PER_YEAR,NOT_APPLICABLE_REQUIRES_365_CALENDAR_DAYS_AND_CONTIGUOUS_DAILY_RECORDS,RESET_REPORTING_HIGH_WATER_MARK_TO_GROUP_INITIAL_WEALTH_NOT_PORTFOLIO_STATE,0.00012236196612616041
numerical_uniform_allocator,MONTH,2023-05,31,2023-05-01,2023-05-31,31,False,-0.030870644707708013,-0.031357182407151123,,-10.11522013133907,-0.00097973917875810064,0.008037758052540981,0.15361373241091172,,-2.3295426094078611,0.006157375965916128,-3.0409544538376196,0.049622900044273451,,0.016892281616542364,0.10121963783413923,0.0032651496075528784,31,0.00010121963783413922,3.2651496075528778e-06,0.44999999999999984,365_25_CALENDAR_DAYS_PER_YEAR,NOT_APPLICABLE_REQUIRES_365_CALENDAR_DAYS_AND_CONTIGUOUS_DAILY_RECORDS,RESET_REPORTING_HIGH_WATER_MARK_TO_GROUP_INITIAL_WEALTH_NOT_PORTFOLIO_STATE,0.00010799658673514104
numerical_uniform_allocator,MONTH,2023-06,30,2023-06-01,2023-06-30,30,False,0.054431269453529399,0.053001540484877187,,17.66718016162573,0.001829512718035431,0.011282114122690094,0.21561829163598698,,3.0991318741666194,0.0063317864861405435,5.5221002101298815,0.035188735435445463,,0.020102618719135431,0.13477350330011151,0.0044924501100037173,30,0.0001347735033001115,4.492450110003717e-06,0.4499999999999999,365_25_CALENDAR_DAYS_PER_YEAR,NOT_APPLICABLE_REQUIRES_365_CALENDAR_DAYS_AND_CONTIGUOUS_DAILY_RECORDS,RESET_REPORTING_HIGH_WATER_MARK_TO_GROUP_INITIAL_WEALTH_NOT_PORTFOLIO_STATE,0.00014376977570593061
numerical_uniform_allocator,MONTH,2023-07,31,2023-07-01,2023-07-31,31,False,-0.017964754652422688,-0.018128079879106865,,-5.8477677029376984,-0.00056798234439849808,0.0058571260438464064,0.111938551386474,,-1.8532985171060479,0.0044879255583961629,-2.4187128040160673,0.033121368655401162,,0.015422893701310647,0.065261657708658549,0.0021052147647954373,31,6.5261657708658543e-05,2.1052147647954367e-06,0.44999999999999984,365_25_CALENDAR_DAYS_PER_YEAR,NOT_APPLICABLE_REQUIRES_365_CALENDAR_DAYS_AND_CONTIGUOUS_DAILY_RECORDS,RESET_REPORTING_HIGH_WATER_MARK_TO_GROUP_INITIAL_WEALTH_NOT_PORTFOLIO_STATE,7.2706133730934372e-05
numerical_uniform_allocator,MONTH,2023-08,31,2023-08-01,2023-08-31,31,False,-0.050780036416115476,-0.052114722631706051,,-16.811200848937435,-0.0016347468159651651,0.0096155504413425377,0.18376773508541555,,-3.2491627230087339,0.007828275617838382,-3.9909795695015817,0.058744171612818141,,0.029096239867837936,0.081358255549028313,0.002624459856420268,31,8.1358255549028312e-05,2.6244598564202682e-06,0.44999999999999984,365_25_CALENDAR_DAYS_PER_YEAR,NOT_APPLICABLE_REQUIRES_365_CALENDAR_DAYS_AND_CONTIGUOUS_DAILY_RECORDS,RESET_REPORTING_HIGH_WATER_MARK_TO_GROUP_INITIAL_WEALTH_NOT_PORTFOLIO_STATE,8.7100673160835494e-05
numerical_uniform_allocator,MONTH,2023-09,30,2023-09-01,2023-09-30,30,False,0.018028673336405784,0.017868084073912396,,5.9560280246374662,0.00060907999433531537,0.0052480664340590084,0.10029849960728435,,2.2180438271961638,0.0032118882369565364,3.6241738503983592,0.018690498229485378,,0.010892456406811912,0.072200604463639018,0.0024066868154546338,30,7.220060446363902e-05,2.4066868154546338e-06,0.4499999999999999,365_25_CALENDAR_DAYS_PER_YEAR,NOT_APPLICABLE_REQUIRES_365_CALENDAR_DAYS_AND_CONTIGUOUS_DAILY_RECORDS,RESET_REPORTING_HIGH_WATER_MARK_TO_GROUP_INITIAL_WEALTH_NOT_PORTFOLIO_STATE,7.5528630997353326e-05
numerical_uniform_allocator,MONTH,2023-10,31,2023-10-01,2023-10-31,31,False,0.12182199155720172,0.11495414171274965,,37.081981197661179,0.0037682688554168337,0.01058376143788305,0.20227171392723428,,6.8045114797224366,0.0028301544162083968,25.446429986389795,0.019597840980703326,,0.0081347156695777741,0.11258257119346143,0.0036316958449503687,31,0.00011258257119346143,3.6316958449503685e-06,0.44999999999999984,365_25_CALENDAR_DAYS_PER_YEAR,NOT_APPLICABLE_REQUIRES_365_CALENDAR_DAYS_AND_CONTIGUOUS_DAILY_RECORDS,RESET_REPORTING_HIGH_WATER_MARK_TO_GROUP_INITIAL_WEALTH_NOT_PORTFOLIO_STATE,0.00012566940096471894
numerical_uniform_allocator,MONTH,2023-11,30,2023-11-01,2023-11-30,30,False,0.040558483023482729,0.039757571926013167,,13.252523975337722,0.001373688562552396,0.0099356313025353079,0.18988496521845952,,2.6423353049306422,0.0059561575992092327,4.4077526375307077,0.024330500546846105,,0.020154426951927967,0.11171914542750899,0.0037239715142502999,30,0.000111719145427509,3.7239715142503e-06,0.4499999999999999,365_25_CALENDAR_DAYS_PER_YEAR,NOT_APPLICABLE_REQUIRES_365_CALENDAR_DAYS_AND_CONTIGUOUS_DAILY_RECORDS,RESET_REPORTING_HIGH_WATER_MARK_TO_GROUP_INITIAL_WEALTH_NOT_PORTFOLIO_STATE,0.00013627655526748215
numerical_uniform_allocator,MONTH,2023-12,31,2023-12-01,2023-12-31,31,False,0.054753755546401384,0.053307332619339107,,17.195913748173904,0.0017749043722360127,0.010552204795828354,0.2016686186938757,,3.2145994064811374,0.0064019824447532634,5.2985323790659926,0.029867203131434691,,0.020877058376075466,0.13953797580461513,0.0045012250259553266,31,0.00013953797580461516,4.5012250259553276e-06,0.44999999999999984,365_25_CALENDAR_DAYS_PER_YEAR,NOT_APPLICABLE_REQUIRES_365_CALENDAR_DAYS_AND_CONTIGUOUS_DAILY_RECORDS,RESET_REPORTING_HIGH_WATER_MARK_TO_GROUP_INITIAL_WEALTH_NOT_PORTFOLIO_STATE,0.0001820164137520156
numerical_uniform_allocator,MONTH,2024-01,31,2024-01-01,2024-01-31,31,False,0.0062365951293166131,0.0062172280512856008,,2.0055574358985808,0.00028191674023849626,0.012952445318024072,0.24754085108607116,,0.41597210690815456,0.0091400990441599193,0.58947457161240657,0.07303766162299262,,0.029784829299438792,0.14958688889921962,0.0048253835128780525,31,0.00014958688889921961,4.825383512878052e-06,0.44999999999999984,365_25_CALENDAR_DAYS_PER_YEAR,NOT_APPLICABLE_REQUIRES_365_CALENDAR_DAYS_AND_CONTIGUOUS_DAILY_RECORDS,RESET_REPORTING_HIGH_WATER_MARK_TO_GROUP_INITIAL_WEALTH_NOT_PORTFOLIO_STATE,0.00019727878209021413
numerical_uniform_allocator,MONTH,2024-02,29,2024-02-01,2024-02-29,29,False,0.17992327423481946,0.16544941452866349,,57.051522251263272,0.0057803627405215658,0.011134700871548059,0.2128010010971661,,9.9213701067669344,0.0026366655745933554,41.898179821992152,0.013190327112841913,,0.0080442995136071598,0.12897740453800621,0.0044474967082071106,29,0.00012897740453800621,4.4474967082071111e-06,0.4499999999999999,365_25_CALENDAR_DAYS_PER_YEAR,NOT_APPLICABLE_REQUIRES_365_CALENDAR_DAYS_AND_CONTIGUOUS_DAILY_RECORDS,RESET_REPORTING_HIGH_WATER_MARK_TO_GROUP_INITIAL_WEALTH_NOT_PORTFOLIO_STATE,0.00018544966727948532
numerical_uniform_allocator,MONTH,2024-03,31,2024-03-01,2024-03-31,31,False,0.07742848069359469,0.074577165566470746,,24.057150182732499,0.0025554882020781249,0.017436882633215592,0.33324524144546547,,2.8009164114704443,0.010916596297613044,4.4738533331068053,0.069263296425980045,,0.034293339749816742,0.2246901146475983,0.0072480682144386551,31,0.00022469011464759832,7.2480682144386557e-06,0.44999999999999984,365_25_CALENDAR_DAYS_PER_YEAR,NOT_APPLICABLE_REQUIRES_365_CALENDAR_DAYS_AND_CONTIGUOUS_DAILY_RECORDS,RESET_REPORTING_HIGH_WATER_MARK_TO_GROUP_INITIAL_WEALTH_NOT_PORTFOLIO_STATE,0.00036328615210179046
numerical_uniform_allocator,MONTH,2024-04,30,2024-04-01,2024-04-30,30,False,-0.06771404152395824,-0.07011568895772588,,-23.371896319241962,-0.0022587208913661433,0.012487937186277435,0.23866339702656969,,-3.4567420720976294,0.010462687739989377,-4.1258593334987106,0.070267062493772944,,0.025701141608948239,0.16108214324083697,0.0053694047746945658,30,0.00016108214324083703,5.3694047746945674e-06,0.4499999999999999,365_25_CALENDAR_DAYS_PER_YEAR,NOT_APPLICABLE_REQUIRES_365_CALENDAR_DAYS_AND_CONTIGUOUS_DAILY_RECORDS,RESET_REPORTING_HIGH_WATER_MARK_TO_GROUP_INITIAL_WEALTH_NOT_PORTFOLIO_STATE,0.00026045994339253731
numerical_uniform_allocator,MONTH,2024-05,31,2024-05-01,2024-05-31,31,False,0.052327457536884579,0.051004337303513524,,16.45301203339146,0.0017251127774216646,0.012806121477833349,0.24474438084082795,,2.5745123944768045,0.0060936457672046531,5.4104750635975556,0.024721274867308664,,0.016953903775644832,0.16904752387773675,0.0054531459315398951,31,0.00016904752387773671,5.4531459315398939e-06,0.44999999999999984,365_25_CALENDAR_DAYS_PER_YEAR,NOT_APPLICABLE_REQUIRES_365_CALENDAR_DAYS_AND_CONTIGUOUS_DAILY_RECORDS,RESET_REPORTING_HIGH_WATER_MARK_TO_GROUP_INITIAL_WEALTH_NOT_PORTFOLIO_STATE,0.00027143545514634893
numerical_uniform_allocator,MONTH,2024-06,30,2024-06-01,2024-06-30,30,False,-0.028022051504370888,-0.028422161511937653,,-9.4740538373125514,-0.00092428478370967608,0.0068401644149999469,0.13072590381844976,,-2.5824645872696066,0.0054944870429305629,-3.2149465882473871,0.063169861213130077,,0.016508124196209058,0.13364667274552233,0.0044548890915174109,30,0.00013364667274552234,4.4548890915174116e-06,0.40000000000000013,365_25_CALENDAR_DAYS_PER_YEAR,NOT_APPLICABLE_REQUIRES_365_CALENDAR_DAYS_AND_CONTIGUOUS_DAILY_RECORDS,RESET_REPORTING_HIGH_WATER_MARK_TO_GROUP_INITIAL_WEALTH_NOT_PORTFOLIO_STATE,0.00021673244950281355
numerical_uniform_allocator,MONTH,2024-07,31,2024-07-01,2024-07-31,31,False,0.013872412649025643,0.013777071462347083,,4.4442166007571231,0.00049112062132842854,0.0098232408126825831,0.18773701270223395,,0.95549515973561661,0.0063196607811509993,1.4852156428127288,0.045571610369307423,,0.019451632749068238,0.13925540585609192,0.0044921098663255454,31,0.00013925540585609192,4.4921098663255458e-06,0.40000000000000013,365_25_CALENDAR_DAYS_PER_YEAR,NOT_APPLICABLE_REQUIRES_365_CALENDAR_DAYS_AND_CONTIGUOUS_DAILY_RECORDS,RESET_REPORTING_HIGH_WATER_MARK_TO_GROUP_INITIAL_WEALTH_NOT_PORTFOLIO_STATE,0.00022085961661198465
numerical_uniform_allocator,MONTH,2024-08,31,2024-08-01,2024-08-31,31,False,-0.031535938930264761,-0.032043904650408177,,-10.33674343561554,-0.00093049395531966204,0.014623496978217255,0.27947717971101349,,-1.2160667913277692,0.0095861164568906213,-1.8550942008960507,0.072521178780656823,,0.026939095096306633,0.19510972585634778,0.0062938621243983153,31,0.00019510972585634777,6.2938621243983149e-06,0.40000000000000013,365_25_CALENDAR_DAYS_PER_YEAR,NOT_APPLICABLE_REQUIRES_365_CALENDAR_DAYS_AND_CONTIGUOUS_DAILY_RECORDS,RESET_REPORTING_HIGH_WATER_MARK_TO_GROUP_INITIAL_WEALTH_NOT_PORTFOLIO_STATE,0.00030597706833643002
numerical_uniform_allocator,MONTH,2024-09,30,2024-09-01,2024-09-30,30,False,0.030610701921929592,0.030151541024508392,,10.050513674836131,0.0010438478560610236,0.0089027864882772444,0.17014573620928586,,2.240816831033118,0.0057306874802794672,3.4811728740533243,0.035535066055352456,,0.01513415950408566,0.12099218314207127,0.0040330727714023755,30,0.00012099218314207129,4.0330727714023762e-06,0.40000000000000013,365_25_CALENDAR_DAYS_PER_YEAR,NOT_APPLICABLE_REQUIRES_365_CALENDAR_DAYS_AND_CONTIGUOUS_DAILY_RECORDS,RESET_REPORTING_HIGH_WATER_MARK_TO_GROUP_INITIAL_WEALTH_NOT_PORTFOLIO_STATE,0.0001896836640278131
numerical_uniform_allocator,MONTH,2024-10,31,2024-10-01,2024-10-31,31,False,0.043941650125493219,0.043003597214111011,,13.872128133584198,0.0014200825176886626,0.0081295915825944295,0.15536881028458824,,3.3384122504105624,0.0047433168141180447,5.7217194620836507,0.01905547463869461,,0.014259854923854223,0.1155939303574206,0.0037288364631426004,31,0.0001155939303574206,3.7288364631425997e-06,0.40000000000000013,365_25_CALENDAR_DAYS_PER_YEAR,NOT_APPLICABLE_REQUIRES_365_CALENDAR_DAYS_AND_CONTIGUOUS_DAILY_RECORDS,RESET_REPORTING_HIGH_WATER_MARK_TO_GROUP_INITIAL_WEALTH_NOT_PORTFOLIO_STATE,0.00018893370909237937
numerical_uniform_allocator,MONTH,2024-11,30,2024-11-01,2024-11-30,30,False,0.13893650185990977,0.13009493388547025,,43.364977961823413,0.0044251169969069344,0.012884470418147886,0.24624174777741434,,6.5637691321995426,0.0049609483570334555,17.047282722763267,0.028404432960090615,,0.017877958234841465,0.16736082523973261,0.0055786941746577539,30,0.00016736082523973261,5.578694174657754e-06,0.40000000000000013,365_25_CALENDAR_DAYS_PER_YEAR,NOT_APPLICABLE_REQUIRES_365_CALENDAR_DAYS_AND_CONTIGUOUS_DAILY_RECORDS,RESET_REPORTING_HIGH_WATER_MARK_TO_GROUP_INITIAL_WEALTH_NOT_PORTFOLIO_STATE,0.00030566142190022253
numerical_uniform_allocator,MONTH,2024-12,31,2024-12-01,2024-12-31,31,False,-0.010189147401677406,-0.01024141208889499,,-3.3036813189983838,-0.00028999364945081127,0.009123743921351948,0.17436856747351001,,-0.60744996645109295,0.0065680985859958886,-0.84380857966267342,0.05149716554826838,,0.019719116092131801,0.12924254068566582,0.0041691142156666397,31,0.00012924254068566582,4.1691142156666395e-06,0.40000000000000013,365_25_CALENDAR_DAYS_PER_YEAR,NOT_APPLICABLE_REQUIRES_365_CALENDAR_DAYS_AND_CONTIGUOUS_DAILY_RECORDS,RESET_REPORTING_HIGH_WATER_MARK_TO_GROUP_INITIAL_WEALTH_NOT_PORTFOLIO_STATE,0.00024995219665386415
numerical_uniform_allocator,MONTH,2025-01,31,2025-01-01,2025-01-31,31,False,0.038670428299321227,0.037941460931383487,,12.239180945607577,0.0012637005151431506,0.0089822532442753698,0.17166446629691276,,2.6887720162057591,0.0056904751102790111,4.2441502155163349,0.038692746351453373,,0.017799045977949245,0.12301847441310199,0.003968337884293612,31,0.000123018474413102,3.9683378842936134e-06,0.40000000000000013,365_25_CALENDAR_DAYS_PER_YEAR,NOT_APPLICABLE_REQUIRES_365_CALENDAR_DAYS_AND_CONTIGUOUS_DAILY_RECORDS,RESET_REPORTING_HIGH_WATER_MARK_TO_GROUP_INITIAL_WEALTH_NOT_PORTFOLIO_STATE,0.00023979314102770392
numerical_uniform_allocator,MONTH,2025-02,28,2025-02-01,2025-02-28,28,False,-0.073293140971052301,-0.076117988853326393,,-27.184996019045141,-0.0026833877496760567,0.0080541305652275744,0.15392663593031258,,-6.3673669579377092,0.0074370893689429882,-6.895655315116243,0.074026688521562661,,0.02005672581182473,0.10649464442282502,0.0038033801579580367,28,0.00010649464442282501,3.803380157958036e-06,0.40000000000000008,365_25_CALENDAR_DAYS_PER_YEAR,NOT_APPLICABLE_REQUIRES_365_CALENDAR_DAYS_AND_CONTIGUOUS_DAILY_RECORDS,RESET_REPORTING_HIGH_WATER_MARK_TO_GROUP_INITIAL_WEALTH_NOT_PORTFOLIO_STATE,0.00020349230031540186
numerical_uniform_allocator,MONTH,2025-03,31,2025-03-01,2025-03-31,31,False,-0.0045318518033837943,-0.0045421517741757551,,-1.4652102497341146,-5.1250015246410761e-05,0.014040260403128195,0.26833064524302658,,-0.069761200968296799,0.0095545808842575353,-0.10251265225496679,0.068506542802352022,,0.031170634842432463,0.18651070843823492,0.0060164744657495136,31,0.00018651070843823494,6.016474465749514e-06,0.40000000000000013,365_25_CALENDAR_DAYS_PER_YEAR,NOT_APPLICABLE_REQUIRES_365_CALENDAR_DAYS_AND_CONTIGUOUS_DAILY_RECORDS,RESET_REPORTING_HIGH_WATER_MARK_TO_GROUP_INITIAL_WEALTH_NOT_PORTFOLIO_STATE,0.00034331171880697966
numerical_uniform_allocator,MONTH,2025-04,30,2025-04-01,2025-04-30,30,False,0.057076300389798544,0.055506890082072914,,18.502296694024306,0.0019157438859652264,0.011520120985070657,0.22016696332163577,,3.178158265854762,0.006550352872269116,5.5894344085414334,0.042223692797993088,,0.021319598475017479,0.14069078335954077,0.0046896927786513592,30,0.00014069078335954082,4.6896927786513607e-06,0.40000000000000013,365_25_CALENDAR_DAYS_PER_YEAR,NOT_APPLICABLE_REQUIRES_365_CALENDAR_DAYS_AND_CONTIGUOUS_DAILY_RECORDS,RESET_REPORTING_HIGH_WATER_MARK_TO_GROUP_INITIAL_WEALTH_NOT_PORTFOLIO_STATE,0.00025809449011261521
numerical_uniform_allocator,MONTH,2025-05,28,2025-05-01,2025-05-28,28,False,0.05665556914765519,0.0551087967820066,,19.681713136430929,0.0019981914080365632,0.0076534183925589224,0.14626841929033074,,4.9897265269318574,0.0037012575979321737,10.317699799223551,0.01572220458400464,,0.013100820774785957,0.090353856297240354,0.0032269234391871554,28,9.0353856297240357e-05,3.2269234391871557e-06,0.40000000000000008,365_25_CALENDAR_DAYS_PER_YEAR,NOT_APPLICABLE_REQUIRES_365_CALENDAR_DAYS_AND_CONTIGUOUS_DAILY_RECORDS,RESET_REPORTING_HIGH_WATER_MARK_TO_GROUP_INITIAL_WEALTH_NOT_PORTFOLIO_STATE,0.00018046256793626889
rule_adaptive,FULL,FULL,1608,2021-01-02,2025-05-28,1608,False,1.1540875183571406,0.76736720852956641,,4.7721841326465571,0.00058109446372020947,0.014415706241747933,0.27550598396453613,0.19041742799810291,0.77038164405578646,0.009743897326274743,1.1397488194786727,0.4569800439763812,0.41668652823698477,0.03303491540952902,15.323115919254843,0.0095293009448102258,1608,0.015323115919254842,9.5293009448102247e-06,0.45074626865671652,365_25_CALENDAR_DAYS_PER_YEAR,REPORTED,RESET_REPORTING_HIGH_WATER_MARK_TO_GROUP_INITIAL_WEALTH_NOT_PORTFOLIO_STATE,0.020913144959300353
rule_adaptive,REGIME,FULL:BEAR,503,2021-05-14,2025-04-11,1429,True,,0.026577965196116993,0.026577965196116993,0.52838897010172947,0.0001619974257441649,0.014779490510058939,,,,0.010428727027383011,,,,0.035421675999231982,4.2250392478988026,0.0083996804133176992,503,0.0042250392478988029,8.3996804133176994e-06,0.40377733598409549,NOT_APPLICABLE_CONDITIONAL_SELECTION,NOT_APPLICABLE_CONDITIONAL_SELECTION,NOT_APPLICABLE_CONDITIONAL_SELECTION,0.0048271663140527629
rule_adaptive,REGIME,FULL:BULL,531,2021-01-02,2025-05-28,1608,True,,0.8664627662142399,0.8664627662142399,16.317566218723915,0.001747941430326959,0.015217974411777658,,,,0.0091970644411610656,,,,0.030743379246720645,6.5118336873437865,0.012263340277483591,531,0.0065118336873437859,1.226334027748359e-05,0.48578154425612063,NOT_APPLICABLE_CONDITIONAL_SELECTION,NOT_APPLICABLE_CONDITIONAL_SELECTION,NOT_APPLICABLE_CONDITIONAL_SELECTION,0.010071344548897842
rule_adaptive,REGIME,FULL:MIX,574,2021-04-11,2025-05-05,1486,True,,-0.12567352288079062,-0.12567352288079062,-2.189434196529453,-0.0001310831132244485,0.013240813101419269,,,,0.0096134879758000696,,,,0.032695168099760731,4.5862429840122525,0.0079899703554220432,574,0.0045862429840122527,7.9899703554220425e-06,0.45949477351916379,NOT_APPLICABLE_CONDITIONAL_SELECTION,NOT_APPLICABLE_CONDITIONAL_SELECTION,NOT_APPLICABLE_CONDITIONAL_SELECTION,0.0060146340963497464
rule_adaptive,POST2021,POST2021,1244,2022-01-01,2025-05-28,1244,False,0.6681731621246435,0.51172911277163879,,4.1135780769424342,0.00049241799585347725,0.012736732288274216,0.24341824831388817,0.16212292382653817,0.73887506064688468,0.0085938245958735518,1.095071668842357,0.37033340235721141,0.43777559030486735,0.029285516130630084,11.143408120171124,0.0089577235692693928,1244,0.011143408120171124,8.9577235692693921e-06,0.44979903536977489,365_25_CALENDAR_DAYS_PER_YEAR,REPORTED,RESET_REPORTING_HIGH_WATER_MARK_TO_GROUP_INITIAL_WEALTH_NOT_PORTFOLIO_STATE,0.015689565678853989
rule_adaptive,REGIME,POST2021:BEAR,380,2022-01-01,2025-04-11,1197,True,,-0.012100296256938786,-0.012100296256938786,-0.31842884886681017,6.3561603117457137e-05,0.013828813700436459,,,,0.0097256743181525409,,,,0.033961605776242791,2.9843644864814642,0.00785359075389859,380,0.0029843644864814647,7.8535907538985913e-06,0.40434210526315789,NOT_APPLICABLE_CONDITIONAL_SELECTION,NOT_APPLICABLE_CONDITIONAL_SELECTION,NOT_APPLICABLE_CONDITIONAL_SELECTION,0.0033538375368591788
rule_adaptive,REGIME,POST2021:BULL,388,2023-01-16,2025-05-28,864,True,,0.51597340583707307,0.51597340583707307,13.298283655594668,0.0014124087296506038,0.012829649927216044,,,,0.0078475414977955665,,,,0.02624548584240749,4.4218438568637204,0.011396504785731239,388,0.0044218438568637206,1.1396504785731239e-05,0.48775773195876299,NOT_APPLICABLE_CONDITIONAL_SELECTION,NOT_APPLICABLE_CONDITIONAL_SELECTION,NOT_APPLICABLE_CONDITIONAL_SELECTION,0.0074482646329756159
rule_adaptive,REGIME,POST2021:MIX,476,2022-03-25,2025-05-05,1138,True,,0.0078560031915044931,0.0078560031915044931,0.16504208385513641,8.4873929732474031e-05,0.011696951973182573,,,,0.0082037954761762285,,,,0.027542875506970155,3.7371997768259386,0.00785126003534861,476,0.0037371997768259383,7.8512600353486105e-06,0.45514705882352946,NOT_APPLICABLE_CONDITIONAL_SELECTION,NOT_APPLICABLE_CONDITIONAL_SELECTION,NOT_APPLICABLE_CONDITIONAL_SELECTION,0.0048874635090191939
rule_adaptive,YEAR,2021,364,2021-01-02,2021-12-31,364,False,0.29128532173100041,0.25563809575792762,,7.0230246087342758,0.00088415360115486562,0.019088509690730796,0.36481033648780203,,0.88521916876281415,0.012923597432255114,1.3074931163652852,0.27318749422616745,,0.041536724851708111,4.1797077990837188,0.011482713733746481,364,0.0041797077990837189,1.148271373374648e-05,0.45398351648351665,365_25_CALENDAR_DAYS_PER_YEAR,NOT_APPLICABLE_REQUIRES_365_CALENDAR_DAYS_AND_CONTIGUOUS_DAILY_RECORDS,RESET_REPORTING_HIGH_WATER_MARK_TO_GROUP_INITIAL_WEALTH_NOT_PORTFOLIO_STATE,0.0052235792804463613
rule_adaptive,YEAR_REGIME,2021:BEAR,123,2021-05-14,2021-12-31,232,True,,0.038678261453055765,0.038678261453055765,3.1445741018744524,0.0004661080972738311,0.017452512046336875,,,,0.012350480452066603,,,,0.039083445590406364,1.2406747614173379,0.010086786678189739,123,0.0012406747614173382,1.0086786678189741e-05,0.40203252032520331,NOT_APPLICABLE_CONDITIONAL_SELECTION,NOT_APPLICABLE_CONDITIONAL_SELECTION,NOT_APPLICABLE_CONDITIONAL_SELECTION,0.0014733287771935843
rule_adaptive,YEAR_REGIME,2021:BULL,143,2021-01-02,2021-11-17,320,True,,0.35048936037716694,0.35048936037716694,24.509745480920763,0.0026583378489453214,0.020362663221262157,,,,0.012124242275705802,,,,0.037587602810547793,2.0899898304800657,0.014615313499860599,143,0.0020899898304800654,1.4615313499860596e-05,0.48041958041958055,NOT_APPLICABLE_CONDITIONAL_SELECTION,NOT_APPLICABLE_CONDITIONAL_SELECTION,NOT_APPLICABLE_CONDITIONAL_SELECTION,0.0026230799159222247
rule_adaptive,YEAR_REGIME,2021:MIX,98,2021-04-11,2021-12-04,238,True,,-0.1335295260722951,-0.1335295260722951,-13.625461844111745,-0.001180017321872358,0.019087147294669943,,,,0.014642932698976803,,,,0.049680266155044783,0.84904320718631454,0.0086637061957787198,98,0.00084904320718631461,8.6637061957787209e-06,0.48061224489795917,NOT_APPLICABLE_CONDITIONAL_SELECTION,NOT_APPLICABLE_CONDITIONAL_SELECTION,NOT_APPLICABLE_CONDITIONAL_SELECTION,0.0011271705873305521
rule_adaptive,YEAR,2022,365,2022-01-01,2022-12-31,365,False,-0.34523003428963789,-0.42347130241989084,,-11.601953490955914,-0.0010563499632896085,0.014341608784421348,0.27408986930822393,-0.34541992201718552,-1.4076836369958923,0.011088195127260612,-1.8207154349577295,0.37033340235721141,-0.93272688830807882,0.038683247891433022,3.2845994418099345,0.0089989025803011904,365,0.0032845994418099341,8.9989025803011896e-06,0.41452054794520549,365_25_CALENDAR_DAYS_PER_YEAR,REPORTED,RESET_REPORTING_HIGH_WATER_MARK_TO_GROUP_INITIAL_WEALTH_NOT_PORTFOLIO_STATE,0.0033611783840402105
rule_adaptive,YEAR_REGIME,2022:BEAR,321,2022-01-01,2022-12-31,365,True,,-0.22038344222416711,-0.22038344222416711,-6.8655277951453932,-0.00058963589076470443,0.013913103646144141,,,,0.010248207831484777,,,,0.035685648863451172,2.5465897356536478,0.0079333013571764727,321,0.002546589735653648,7.9333013571764739e-06,0.40529595015576331,NOT_APPLICABLE_CONDITIONAL_SELECTION,NOT_APPLICABLE_CONDITIONAL_SELECTION,NOT_APPLICABLE_CONDITIONAL_SELECTION,0.0025865915398691213
rule_adaptive,YEAR_REGIME,2022:MIX,44,2022-03-25,2022-12-17,268,True,,-0.2030878601957237,-0.2030878601957237,-46.156331862664473,-0.0044612412651190226,0.016943341902165079,,,,0.015927945577934279,,,,0.058014096057154636,0.73800970615628603,0.016772947867188318,44,0.0007380097061562862,1.6772947867188322e-05,0.4818181818181817,NOT_APPLICABLE_CONDITIONAL_SELECTION,NOT_APPLICABLE_CONDITIONAL_SELECTION,NOT_APPLICABLE_CONDITIONAL_SELECTION,0.00077458684417108889
rule_adaptive,YEAR,2023,365,2023-01-01,2023-12-31,365,False,0.58692205314056312,0.46179632448459157,,12.651954095468261,0.0013248986107963106,0.010909896005674959,0.20850463956386711,0.58742407415494846,2.3209038350684899,0.0062000663569043921,4.0839594323973891,0.093718692041958651,6.2679499826134339,0.021284143665239251,2.6331986336803741,0.0072142428320010245,365,0.0026331986336803745,7.2142428320010256e-06,0.46589041095890416,365_25_CALENDAR_DAYS_PER_YEAR,REPORTED,RESET_REPORTING_HIGH_WATER_MARK_TO_GROUP_INITIAL_WEALTH_NOT_PORTFOLIO_STATE,0.0028229364225276716
rule_adaptive,YEAR_REGIME,2023:BEAR,1,2023-01-01,2023-01-01,1,True,,0.0017118707612718295,0.0017118707612718295,17.118707612718296,0.0017133368484880673,,,,,0,,,,-0.0017133368484880673,0.00095759031814340867,0.00095759031814340867,1,9.575903181434088e-07,9.575903181434088e-07,0.35000000000000003,NOT_APPLICABLE_CONDITIONAL_SELECTION,NOT_APPLICABLE_CONDITIONAL_SELECTION,NOT_APPLICABLE_CONDITIONAL_SELECTION,8.0963767840897412e-07
rule_adaptive,YEAR_REGIME,2023:BULL,180,2023-01-16,2023-12-31,350,True,,0.15285908652796307,0.15285908652796307,8.4921714737757252,0.00090489315730245116,0.010568885781277343,,,,0.0065696376838158821,,,,0.021553789716131529,1.1047179102850924,0.0061373217238060683,180,0.0011047179102850924,6.1373217238060685e-06,0.46527777777777779,NOT_APPLICABLE_CONDITIONAL_SELECTION,NOT_APPLICABLE_CONDITIONAL_SELECTION,NOT_APPLICABLE_CONDITIONAL_SELECTION,0.001239849073948199
rule_adaptive,YEAR_REGIME,2023:MIX,184,2023-01-02,2023-10-21,293,True,,0.3072253671953567,0.3072253671953567,16.697030825834602,0.0017336624335745874,0.011276023575306389,,,,0.005833782453522977,,,,0.020568252567012234,1.5275231330771384,0.0083017561580279262,184,0.0015275231330771385,8.301756158027927e-06,0.4671195652173914,NOT_APPLICABLE_CONDITIONAL_SELECTION,NOT_APPLICABLE_CONDITIONAL_SELECTION,NOT_APPLICABLE_CONDITIONAL_SELECTION,0.0015822777109010637
rule_adaptive,YEAR,2024,366,2024-01-01,2024-12-31,366,False,0.50917782091178965,0.41156501307622462,,11.244945712465153,0.0012116498498962269,0.013204590880310597,0.25235973474498352,0.50790556078080829,1.7536676685835439,0.0081971488435841882,2.8249412747699592,0.12402091478798924,4.095321838651655,0.026994333645129889,3.3731783400176809,0.0092163342623433897,366,0.0033731783400176804,9.2163342623433882e-06,0.47076502732240438,365_25_CALENDAR_DAYS_PER_YEAR,REPORTED,RESET_REPORTING_HIGH_WATER_MARK_TO_GROUP_INITIAL_WEALTH_NOT_PORTFOLIO_STATE,0.0057176237422155041
rule_adaptive,YEAR_REGIME,2024:BEAR,21,2024-07-05,2024-09-02,60,True,,0.12161213099127288,0.12161213099127288,57.910538567272802,0.0058808186045493753,0.012489320599377985,,,,0.0042174963187925265,,,,0.016068336186350771,0.21621925063311476,0.010296154792053083,21,0.00021621925063311474,1.0296154792053083e-05,0.40000000000000008,NOT_APPLICABLE_CONDITIONAL_SELECTION,NOT_APPLICABLE_CONDITIONAL_SELECTION,NOT_APPLICABLE_CONDITIONAL_SELECTION,0.00034350492142967151
rule_adaptive,YEAR_REGIME,2024:BULL,153,2024-01-01,2024-12-31,366,True,,0.29828668005711878,0.29828668005711878,19.49586144164175,0.0020735041554848623,0.015715084970819811,,,,0.009449765329779064,,,,0.032066220863854925,2.036963835381512,0.013313489120140602,153,0.0020369638353815119,1.3313489120140601e-05,0.51111111111111118,NOT_APPLICABLE_CONDITIONAL_SELECTION,NOT_APPLICABLE_CONDITIONAL_SELECTION,NOT_APPLICABLE_CONDITIONAL_SELECTION,0.0035498610026467614
rule_adaptive,YEAR_REGIME,2024:MIX,192,2024-01-15,2024-11-05,296,True,,-0.008333797972166955,-0.008333797972166955,-0.43405197771702891,1.4169367590095155e-05,0.010765681194784811,,,,0.007415001862163418,,,,0.023330675594630496,1.1199952540030536,0.0058333086145992375,192,0.0011199952540030538,5.8333086145992384e-06,0.44635416666666677,NOT_APPLICABLE_CONDITIONAL_SELECTION,NOT_APPLICABLE_CONDITIONAL_SELECTION,NOT_APPLICABLE_CONDITIONAL_SELECTION,0.0018242578181390705
rule_adaptive,YEAR,2025,148,2025-01-01,2025-05-28,148,False,0.063791143162138381,0.061839077630713224,,4.1783160561292716,0.00048029652324162365,0.011215768749096458,0.21435033104308349,,0.81841863392663805,0.0075222543909067288,1.2202716979591732,0.13044581576417591,,0.02461011654755842,1.8524317046631342,0.012516430436913068,148,0.0018524317046631346,1.2516430436913072e-05,0.44527027027027033,365_25_CALENDAR_DAYS_PER_YEAR,NOT_APPLICABLE_REQUIRES_365_CALENDAR_DAYS_AND_CONTIGUOUS_DAILY_RECORDS,RESET_REPORTING_HIGH_WATER_MARK_TO_GROUP_INITIAL_WEALTH_NOT_PORTFOLIO_STATE,0.003787827130070605
rule_adaptive,YEAR_REGIME,2025:BEAR,37,2025-02-27,2025-04-11,44,True,,0.084959144214683507,0.084959144214683507,22.961930868833381,0.0023842162858399695,0.013297239480366676,,,,0.0070842776300735098,,,,0.02081711213964239,0.22059790987655847,0.0059621056723394182,37,0.00022059790987655849,5.9621056723394183e-06,0.40000000000000008,NOT_APPLICABLE_CONDITIONAL_SELECTION,NOT_APPLICABLE_CONDITIONAL_SELECTION,NOT_APPLICABLE_CONDITIONAL_SELECTION,0.00042293143788197702
rule_adaptive,YEAR_REGIME,2025:BULL,55,2025-01-01,2025-05-28,148,True,,0.064827639251991268,0.064827639251991268,11.786843500362048,0.0012343215091056212,0.010586626149629968,,,,0.0066920945860777332,,,,0.022198812478466518,1.2801621111971162,0.023275674749038477,55,0.0012801621111971162,2.3275674749038476e-05,0.4963636363636364,NOT_APPLICABLE_CONDITIONAL_SELECTION,NOT_APPLICABLE_CONDITIONAL_SELECTION,NOT_APPLICABLE_CONDITIONAL_SELECTION,0.0026585545563806564
rule_adaptive,YEAR_REGIME,2025:MIX,56,2025-01-10,2025-05-05,116,True,,-0.087947705835961634,-0.087947705835961634,-15.704947470707436,-0.0015182107167344239,0.010166831926151467,,,,0.0085088528329220012,,,,0.027384764632245328,0.35167168358945983,0.0062798514926689251,56,0.00035167168358945985,6.2798514926689261e-06,0.42499999999999993,NOT_APPLICABLE_CONDITIONAL_SELECTION,NOT_APPLICABLE_CONDITIONAL_SELECTION,NOT_APPLICABLE_CONDITIONAL_SELECTION,0.00070634113580797086
rule_adaptive,MONTH,2021-01,30,2021-01-02,2021-01-31,30,False,0.054680006040883092,0.053237409110109934,,17.745803036703311,0.0021188428937800965,0.026601248556076582,0.5083901569041992,,1.5222705562708505,0.017417791292933398,2.3248813099159631,0.12817436724554648,,0.055104155928685949,0.75372791509143622,0.025124263836381208,30,0.00075372791509143626,2.5124263836381208e-05,0.47833333333333317,365_25_CALENDAR_DAYS_PER_YEAR,NOT_APPLICABLE_REQUIRES_365_CALENDAR_DAYS_AND_CONTIGUOUS_DAILY_RECORDS,RESET_REPORTING_HIGH_WATER_MARK_TO_GROUP_INITIAL_WEALTH_NOT_PORTFOLIO_STATE,0.0007813448738056858
rule_adaptive,MONTH,2021-02,28,2021-02-01,2021-02-28,28,False,0.16113175551992615,0.14939518079016115,,53.355421710771843,0.0056593411028590156,0.025580795630128623,0.48888775565252846,,4.2281164007887435,0.012744240295561121,8.4868598708582095,0.11129940232640995,,0.042599340832591717,0.31141978487640065,0.011122135174157166,28,0.00031141978487640064,1.1122135174157166e-05,0.48214285714285715,365_25_CALENDAR_DAYS_PER_YEAR,NOT_APPLICABLE_REQUIRES_365_CALENDAR_DAYS_AND_CONTIGUOUS_DAILY_RECORDS,RESET_REPORTING_HIGH_WATER_MARK_TO_GROUP_INITIAL_WEALTH_NOT_PORTFOLIO_STATE,0.00038383633322876926
rule_adaptive,MONTH,2021-03,31,2021-03-01,2021-03-31,31,False,0.14641080700398754,0.13663602439247538,,44.07613690079851,0.0045806906218043434,0.018441373445052704,0.35244258251621163,,4.7471484225010672,0.0099003624701040419,8.8424981532534765,0.082903460674267002,,0.028109270374793386,0.23017818289164654,0.0074251026739240817,31,0.00023017818289164656,7.4251026739240826e-06,0.5,365_25_CALENDAR_DAYS_PER_YEAR,NOT_APPLICABLE_REQUIRES_365_CALENDAR_DAYS_AND_CONTIGUOUS_DAILY_RECORDS,RESET_REPORTING_HIGH_WATER_MARK_TO_GROUP_INITIAL_WEALTH_NOT_PORTFOLIO_STATE,0.0003097235984769945
rule_adaptive,MONTH,2021-04,30,2021-04-01,2021-04-30,30,False,-0.0015642024786100802,-0.0015654271205323492,,-0.52180904017744978,9.1039961616815968e-05,0.01731975551759429,0.33100676483550773,,0.10045820663836472,0.010004056839461506,0.17392060107548324,0.11611958808228234,,0.027023155613486553,0.41995938046217041,0.01399864601540568,30,0.00041995938046217036,1.3998646015405679e-05,0.47833333333333328,365_25_CALENDAR_DAYS_PER_YEAR,NOT_APPLICABLE_REQUIRES_365_CALENDAR_DAYS_AND_CONTIGUOUS_DAILY_RECORDS,RESET_REPORTING_HIGH_WATER_MARK_TO_GROUP_INITIAL_WEALTH_NOT_PORTFOLIO_STATE,0.00058784764240801758
rule_adaptive,MONTH,2021-05,31,2021-05-01,2021-05-31,31,False,-0.17622754996346038,-0.19386094007816715,,-62.535787121989408,-0.005966995882453501,0.02329946914008919,0.44528815055219129,,-4.8944604597348089,0.020673292573931211,-5.5162151859050743,0.20453649074036123,,0.064687211506819026,0.44669990005660587,0.014409674195374382,31,0.00044669990005660585,1.4409674195374383e-05,0.41290322580645172,365_25_CALENDAR_DAYS_PER_YEAR,NOT_APPLICABLE_REQUIRES_365_CALENDAR_DAYS_AND_CONTIGUOUS_DAILY_RECORDS,RESET_REPORTING_HIGH_WATER_MARK_TO_GROUP_INITIAL_WEALTH_NOT_PORTFOLIO_STATE,0.00055237525963222698
rule_adaptive,MONTH,2021-06,30,2021-06-01,2021-06-30,30,False,-0.022420472956237746,-0.022675632842438807,,-7.5585442808129351,-0.00057165782996663193,0.01947495508541576,0.37219589338843539,,-0.5609895920517427,0.014105021045447199,-0.77456439613890815,0.097053248255337898,,0.044718592491829225,0.41261366519058384,0.013753788839686127,30,0.00041261366519058392,1.375378883968613e-05,0.3683333333333334,365_25_CALENDAR_DAYS_PER_YEAR,NOT_APPLICABLE_REQUIRES_365_CALENDAR_DAYS_AND_CONTIGUOUS_DAILY_RECORDS,RESET_REPORTING_HIGH_WATER_MARK_TO_GROUP_INITIAL_WEALTH_NOT_PORTFOLIO_STATE,0.000471184546248969
rule_adaptive,MONTH,2021-07,31,2021-07-01,2021-07-31,31,False,0.074506717764170907,0.071861689071736887,,23.181190023140928,0.0023991603528869584,0.012758349520647194,0.24383138637147841,,3.5938495528911276,0.0070000082703258583,6.5502192211370351,0.064593456704160113,,0.017788531194613755,0.19108407528761018,0.006164002428632586,31,0.00019108407528761016,6.1640024286325859e-06,0.40000000000000013,365_25_CALENDAR_DAYS_PER_YEAR,NOT_APPLICABLE_REQUIRES_365_CALENDAR_DAYS_AND_CONTIGUOUS_DAILY_RECORDS,RESET_REPORTING_HIGH_WATER_MARK_TO_GROUP_INITIAL_WEALTH_NOT_PORTFOLIO_STATE,0.00021478286916881413
rule_adaptive,MONTH,2021-08,31,2021-08-01,2021-08-31,31,False,0.060193348649214364,0.058451295876369706,,18.85525673431281,0.0019966181699467844,0.015076263539144524,0.28813023456539577,,2.5310248598973204,0.0082964633034053482,4.5993571497237786,0.033506805157894684,,0.020781225475239477,0.30510128228779887,0.0098419768479935128,31,0.00030510128228779883,9.8419768479935107e-06,0.45645161290322583,365_25_CALENDAR_DAYS_PER_YEAR,NOT_APPLICABLE_REQUIRES_365_CALENDAR_DAYS_AND_CONTIGUOUS_DAILY_RECORDS,RESET_REPORTING_HIGH_WATER_MARK_TO_GROUP_INITIAL_WEALTH_NOT_PORTFOLIO_STATE,0.00038427857629928477
rule_adaptive,MONTH,2021-09,30,2021-09-01,2021-09-30,30,False,-0.026979290462323176,-0.027349912811253405,,-9.1166376037511352,-0.00074139908156601133,0.018622867240062457,0.35591120387537972,,-0.76085273965357747,0.014852555507103462,-0.953994721853065,0.11181589344348757,,0.051165245958094858,0.20117418009703464,0.0067058060032344881,30,0.00020117418009703465,6.7058060032344885e-06,0.4616666666666665,365_25_CALENDAR_DAYS_PER_YEAR,NOT_APPLICABLE_REQUIRES_365_CALENDAR_DAYS_AND_CONTIGUOUS_DAILY_RECORDS,RESET_REPORTING_HIGH_WATER_MARK_TO_GROUP_INITIAL_WEALTH_NOT_PORTFOLIO_STATE,0.00025492330709308935
rule_adaptive,MONTH,2021-10,31,2021-10-01,2021-10-31,31,False,0.17139639617327265,0.15819653815632531,,51.031141340750104,0.0052402794692116908,0.016090414691187233,0.30751219937147223,,6.2241825854117065,0.0075938480632499316,13.188264774167642,0.052207236284951608,,0.023569459858362958,0.38276777356531161,0.012347347534364891,31,0.00038276777356531169,1.2347347534364894e-05,0.46290322580645143,365_25_CALENDAR_DAYS_PER_YEAR,NOT_APPLICABLE_REQUIRES_365_CALENDAR_DAYS_AND_CONTIGUOUS_DAILY_RECORDS,RESET_REPORTING_HIGH_WATER_MARK_TO_GROUP_INITIAL_WEALTH_NOT_PORTFOLIO_STATE,0.00054126056344247085
rule_adaptive,MONTH,2021-11,30,2021-11-01,2021-11-30,30,False,-0.02957554560526137,-0.030021721345480451,,-10.007240448493484,-0.00087277958505175277,0.016191773807435313,0.30944932562719679,,-1.0301613771302902,0.012301361650147485,-1.3559588343173163,0.10261397114657292,,0.038861265164774242,0.33549370279937735,0.011183123426645911,30,0.00033549370279937731,1.1183123426645911e-05,0.49333333333333335,365_25_CALENDAR_DAYS_PER_YEAR,NOT_APPLICABLE_REQUIRES_365_CALENDAR_DAYS_AND_CONTIGUOUS_DAILY_RECORDS,RESET_REPORTING_HIGH_WATER_MARK_TO_GROUP_INITIAL_WEALTH_NOT_PORTFOLIO_STATE,0.00049094225473403884
rule_adaptive,MONTH,2021-12,31,2021-12-01,2021-12-31,31,False,-0.092141189432704274,-0.096666407441378596,,-31.182712077864064,-0.0030030117902368186,0.015030698863186696,0.28725942458402753,,-3.8183257450032015,0.01306248489670492,-4.3936590081090596,0.096140341566888873,,0.037461086844389764,0.1894879564777423,0.0061125147250884618,31,0.00018948795647774232,6.1125147250884619e-06,0.45645161290322567,365_25_CALENDAR_DAYS_PER_YEAR,NOT_APPLICABLE_REQUIRES_365_CALENDAR_DAYS_AND_CONTIGUOUS_DAILY_RECORDS,RESET_REPORTING_HIGH_WATER_MARK_TO_GROUP_INITIAL_WEALTH_NOT_PORTFOLIO_STATE,0.00025107945590800056
rule_adaptive,MONTH,2022-01,31,2022-01-01,2022-01-31,31,False,-0.076225804217901941,-0.079287614064544404,,-25.576649698240132,-0.0024787294114835376,0.012410036441691237,0.23717459578930278,,-3.8172550248537034,0.011210039591450661,-4.2258792735925681,0.12723327021192313,,0.038640878987419636,0.14893017360647809,0.0048041991485960672,31,0.00014893017360647807,4.8041991485960668e-06,0.44999999999999984,365_25_CALENDAR_DAYS_PER_YEAR,NOT_APPLICABLE_REQUIRES_365_CALENDAR_DAYS_AND_CONTIGUOUS_DAILY_RECORDS,RESET_REPORTING_HIGH_WATER_MARK_TO_GROUP_INITIAL_WEALTH_NOT_PORTFOLIO_STATE,0.00018166045773049217
rule_adaptive,MONTH,2022-02,28,2022-02-01,2022-02-28,28,False,0.059756093482595467,0.05803878115867929,,20.728136128099749,0.002270683664778696,0.020340854120573897,0.38874453566059219,,2.1334504603417197,0.010285716091415903,4.219074705308957,0.078840441091806393,,0.030442947547441201,0.17658593740111156,0.0063066406214682697,28,0.00017658593740111159,6.3066406214682709e-06,0.4499999999999999,365_25_CALENDAR_DAYS_PER_YEAR,NOT_APPLICABLE_REQUIRES_365_CALENDAR_DAYS_AND_CONTIGUOUS_DAILY_RECORDS,RESET_REPORTING_HIGH_WATER_MARK_TO_GROUP_INITIAL_WEALTH_NOT_PORTFOLIO_STATE,0.00021550172228321893
rule_adaptive,MONTH,2022-03,31,2022-03-01,2022-03-31,31,False,0.029202830892216761,0.028784551997083879,,9.285339353898026,0.0010372005356233053,0.014961667217193563,0.28594012525626022,,1.3248839955459109,0.0098163240387905207,2.0193377240209793,0.067905196088367176,,0.032282133073633174,0.26004877692763489,0.0083886702234720941,31,0.00026004877692763494,8.3886702234720954e-06,0.45967741935483869,365_25_CALENDAR_DAYS_PER_YEAR,NOT_APPLICABLE_REQUIRES_365_CALENDAR_DAYS_AND_CONTIGUOUS_DAILY_RECORDS,RESET_REPORTING_HIGH_WATER_MARK_TO_GROUP_INITIAL_WEALTH_NOT_PORTFOLIO_STATE,0.00032583400438987079
rule_adaptive,MONTH,2022-04,30,2022-04-01,2022-04-30,30,False,-0.085073206010885583,-0.088911223476585879,,-29.637074492195296,-0.0028902079368159804,0.011909476930322037,0.22760814525265136,,-4.6380082213237035,0.010663476309705445,-5.1799479185061719,0.09601842274858334,,0.02951411460742074,0.30886286256198514,0.010295428752066172,30,0.00030886286256198508,1.0295428752066169e-05,0.46833333333333316,365_25_CALENDAR_DAYS_PER_YEAR,NOT_APPLICABLE_REQUIRES_365_CALENDAR_DAYS_AND_CONTIGUOUS_DAILY_RECORDS,RESET_REPORTING_HIGH_WATER_MARK_TO_GROUP_INITIAL_WEALTH_NOT_PORTFOLIO_STATE,0.00038392697370160208
rule_adaptive,MONTH,2022-05,31,2022-05-01,2022-05-31,31,False,-0.067156735998763387,-0.069518083671116726,,-22.425188281005397,-0.0020674022509490067,0.018801125931178438,0.35931799749842902,,-2.1015331194547975,0.015166076296312501,-2.605234739391276,0.13235312609977459,,0.046456841971724436,0.25361751412105921,0.0081812101329373933,31,0.00025361751412105924,8.181210132937394e-06,0.44999999999999984,365_25_CALENDAR_DAYS_PER_YEAR,NOT_APPLICABLE_REQUIRES_365_CALENDAR_DAYS_AND_CONTIGUOUS_DAILY_RECORDS,RESET_REPORTING_HIGH_WATER_MARK_TO_GROUP_INITIAL_WEALTH_NOT_PORTFOLIO_STATE,0.00028056126540473516
rule_adaptive,MONTH,2022-06,30,2022-06-01,2022-06-30,30,False,-0.1653124052213224,-0.18069776212796895,,-60.232587375989652,-0.0058503123358535176,0.017736459133944921,0.33897060218894848,,-6.3038699134132896,0.016679922395881827,-6.7031685430721497,0.18041584391511617,,0.054629210564630576,0.24950195584329316,0.0083167318614431052,30,0.00024950195584329314,8.3167318614431047e-06,0.37833333333333324,365_25_CALENDAR_DAYS_PER_YEAR,NOT_APPLICABLE_REQUIRES_365_CALENDAR_DAYS_AND_CONTIGUOUS_DAILY_RECORDS,RESET_REPORTING_HIGH_WATER_MARK_TO_GROUP_INITIAL_WEALTH_NOT_PORTFOLIO_STATE,0.00024822700127783933
rule_adaptive,MONTH,2022-07,31,2022-07-01,2022-07-31,31,False,0.067730830885119747,0.065535677766409492,,21.140541214970803,0.0021943745024240154,0.01275175092362542,0.24370527718648374,,3.2887892140188075,0.0065672789252760357,6.3858747853793831,0.038267974188544496,,0.019900908697312588,0.20255664600306644,0.0065340853549376273,31,0.00020255664600306639,6.5340853549376255e-06,0.37903225806451618,365_25_CALENDAR_DAYS_PER_YEAR,NOT_APPLICABLE_REQUIRES_365_CALENDAR_DAYS_AND_CONTIGUOUS_DAILY_RECORDS,RESET_REPORTING_HIGH_WATER_MARK_TO_GROUP_INITIAL_WEALTH_NOT_PORTFOLIO_STATE,0.00019306209132272152
rule_adaptive,MONTH,2022-08,31,2022-08-01,2022-08-31,31,False,-0.055849125805911712,-0.057469301249044043,,-18.538484273885175,-0.0017928948757963083,0.010994869999895256,0.21012862131657944,,-3.1164476751503463,0.0095297275051357891,-3.5955841372471244,0.083588066211157594,,0.035043882132115976,0.14161708361335812,0.0045682930197857461,31,0.00014161708361335812,4.568293019785746e-06,0.40000000000000013,365_25_CALENDAR_DAYS_PER_YEAR,NOT_APPLICABLE_REQUIRES_365_CALENDAR_DAYS_AND_CONTIGUOUS_DAILY_RECORDS,RESET_REPORTING_HIGH_WATER_MARK_TO_GROUP_INITIAL_WEALTH_NOT_PORTFOLIO_STATE,0.00013677035474270839
rule_adaptive,MONTH,2022-09,30,2022-09-01,2022-09-30,30,False,-0.0090156419555348193,-0.0090565287883574604,,-3.0188429294524868,-0.00021334974610007034,0.013536715741889438,0.25870714397030281,,-0.30121315386634961,0.0094207893270707461,-0.43281265508084538,0.072229950018510791,,0.033217941554367143,0.25740893867484571,0.0085802979558281898,30,0.00025740893867484568,8.58029795582819e-06,0.39833333333333343,365_25_CALENDAR_DAYS_PER_YEAR,NOT_APPLICABLE_REQUIRES_365_CALENDAR_DAYS_AND_CONTIGUOUS_DAILY_RECORDS,RESET_REPORTING_HIGH_WATER_MARK_TO_GROUP_INITIAL_WEALTH_NOT_PORTFOLIO_STATE,0.00024057551317903649
rule_adaptive,MONTH,2022-10,31,2022-10-01,2022-10-31,31,False,0.024746608163260072,0.024445370480520874,,7.8856033808131851,0.00081116731599870724,0.0068027643919226014,0.13001113272188147,,2.2788730162233461,0.0035086260995724938,4.4184349567388619,0.023414557768635519,,0.010076994393480081,0.5686647308965479,0.018344023577307998,31,0.0005686647308965478,1.8344023577307993e-05,0.38709677419354832,365_25_CALENDAR_DAYS_PER_YEAR,NOT_APPLICABLE_REQUIRES_365_CALENDAR_DAYS_AND_CONTIGUOUS_DAILY_RECORDS,RESET_REPORTING_HIGH_WATER_MARK_TO_GROUP_INITIAL_WEALTH_NOT_PORTFOLIO_STATE,0.00053039143709779542
rule_adaptive,MONTH,2022-11,30,2022-11-01,2022-11-30,30,False,-0.091940847183076727,-0.096445756228625543,,-32.148585409541845,-0.0030318469570754423,0.018939241787606868,0.36195760074008093,,-3.0594249127731623,0.016646381905689039,-3.480827754782942,0.13341799852766831,,0.064212303695258904,0.35277618244537368,0.011759206081512456,30,0.00035277618244537365,1.1759206081512454e-05,0.39166666666666666,365_25_CALENDAR_DAYS_PER_YEAR,NOT_APPLICABLE_REQUIRES_365_CALENDAR_DAYS_AND_CONTIGUOUS_DAILY_RECORDS,RESET_REPORTING_HIGH_WATER_MARK_TO_GROUP_INITIAL_WEALTH_NOT_PORTFOLIO_STATE,0.0003129870117119614
rule_adaptive,MONTH,2022-12,31,2022-12-01,2022-12-31,31,False,-0.018712127268762462,-0.018889414216341247,,-6.0933594246262084,-0.0005932438783707324,0.0057242796830944548,0.1093996561897142,,-1.9806490634591458,0.0045197483713033575,-2.5085000893600138,0.032835745327123265,,0.016107041695556094,0.36402863971518024,0.011742859345650976,31,0.00036402863971518021,1.1742859345650975e-05,0.36451612903225805,365_25_CALENDAR_DAYS_PER_YEAR,NOT_APPLICABLE_REQUIRES_365_CALENDAR_DAYS_AND_CONTIGUOUS_DAILY_RECORDS,RESET_REPORTING_HIGH_WATER_MARK_TO_GROUP_INITIAL_WEALTH_NOT_PORTFOLIO_STATE,0.0003116805511982285
rule_adaptive,MONTH,2023-01,31,2023-01-01,2023-01-31,31,False,0.17068387661538184,0.1575880879779509,,50.834867089661586,0.005152329798852438,0.010810096888043741,0.20659732724488028,,9.1089680787605065,0.0037775565653673194,26.066804236437392,0.017453905702002781,,0.014784890235190366,0.29635872789794337,0.009559958964449786,31,0.00029635872789794346,9.5599589644497895e-06,0.45161290322580633,365_25_CALENDAR_DAYS_PER_YEAR,NOT_APPLICABLE_REQUIRES_365_CALENDAR_DAYS_AND_CONTIGUOUS_DAILY_RECORDS,RESET_REPORTING_HIGH_WATER_MARK_TO_GROUP_INITIAL_WEALTH_NOT_PORTFOLIO_STATE,0.00026851778392787315
rule_adaptive,MONTH,2023-02,28,2023-02-01,2023-02-28,28,False,0.0084393438723911873,0.008403931707359754,,3.0014041811999124,0.00037890221471836453,0.012870498660185496,0.24597472631758496,,0.56263517800279261,0.00673170823073602,1.0757143738932404,0.040230267184264798,,0.020594310840942806,0.32306155375019652,0.011537912633935591,28,0.00032306155375019655,1.1537912633935592e-05,0.45714285714285713,365_25_CALENDAR_DAYS_PER_YEAR,NOT_APPLICABLE_REQUIRES_365_CALENDAR_DAYS_AND_CONTIGUOUS_DAILY_RECORDS,RESET_REPORTING_HIGH_WATER_MARK_TO_GROUP_INITIAL_WEALTH_NOT_PORTFOLIO_STATE,0.00032260261861685144
rule_adaptive,MONTH,2023-03,31,2023-03-01,2023-03-31,31,False,0.10638417393770559,0.10109719716063453,,32.611999084075656,0.0034141278817300578,0.017575933573227957,0.3359027155509211,,3.7124147887779224,0.0086982608336197628,7.5014025184936379,0.073727858425194442,,0.027623854895408362,0.51832443221687385,0.016720142974737867,31,0.00051832443221687396,1.672014297473787e-05,0.46935483870967726,365_25_CALENDAR_DAYS_PER_YEAR,NOT_APPLICABLE_REQUIRES_365_CALENDAR_DAYS_AND_CONTIGUOUS_DAILY_RECORDS,RESET_REPORTING_HIGH_WATER_MARK_TO_GROUP_INITIAL_WEALTH_NOT_PORTFOLIO_STATE,0.0005269062655606227
rule_adaptive,MONTH,2023-04,30,2023-04-01,2023-04-30,30,False,0.012136797635638977,0.012063737259172713,,4.0212457530575714,0.00045238689394186589,0.010185592019076291,0.1946620931654531,,0.84882634479752328,0.0068692438944138318,1.2586245263736,0.05337931296059116,,0.022973607673791228,0.33153238633364757,0.011051079544454919,30,0.00033153238633364763,1.1051079544454921e-05,0.49166666666666664,365_25_CALENDAR_DAYS_PER_YEAR,NOT_APPLICABLE_REQUIRES_365_CALENDAR_DAYS_AND_CONTIGUOUS_DAILY_RECORDS,RESET_REPORTING_HIGH_WATER_MARK_TO_GROUP_INITIAL_WEALTH_NOT_PORTFOLIO_STATE,0.0003669578145326012
rule_adaptive,MONTH,2023-05,31,2023-05-01,2023-05-31,31,False,-0.033153806728684745,-0.033715851741758743,,-10.876081207018951,-0.0010502561468714829,0.0087145025559994174,0.16654734504086088,,-2.3032853363750401,0.0066761779629849662,-3.0065085236376681,0.051965546392526131,,0.018769068198583681,0.27115210847706878,0.0087468422089377017,31,0.00027115210847706878,8.7468422089377024e-06,0.48870967741935478,365_25_CALENDAR_DAYS_PER_YEAR,NOT_APPLICABLE_REQUIRES_365_CALENDAR_DAYS_AND_CONTIGUOUS_DAILY_RECORDS,RESET_REPORTING_HIGH_WATER_MARK_TO_GROUP_INITIAL_WEALTH_NOT_PORTFOLIO_STATE,0.00029724682504729793
rule_adaptive,MONTH,2023-06,30,2023-06-01,2023-06-30,30,False,0.057918782913654134,0.056303565757648909,,18.767855252549637,0.0019523688971186763,0.012391021441010331,0.23681119032134812,,3.0112712946754332,0.0069814591788509382,5.3445456345364537,0.039050622747778839,,0.022335730535817271,0.271466513551122,0.0090488837850374003,30,0.00027146651355112203,9.0488837850374006e-06,0.48333333333333323,365_25_CALENDAR_DAYS_PER_YEAR,NOT_APPLICABLE_REQUIRES_365_CALENDAR_DAYS_AND_CONTIGUOUS_DAILY_RECORDS,RESET_REPORTING_HIGH_WATER_MARK_TO_GROUP_INITIAL_WEALTH_NOT_PORTFOLIO_STATE,0.00029488828837652008
rule_adaptive,MONTH,2023-07,31,2023-07-01,2023-07-31,31,False,-0.017964754652422688,-0.018128079879106865,,-5.8477677029376984,-0.00056798234439849808,0.0058571260438464064,0.111938551386474,,-1.8532985171060479,0.0044879255583961629,-2.4187128040160673,0.033121368655401162,,0.015422893701310647,0.065261657708658549,0.0021052147647954373,31,6.5261657708658543e-05,2.1052147647954367e-06,0.44999999999999984,365_25_CALENDAR_DAYS_PER_YEAR,NOT_APPLICABLE_REQUIRES_365_CALENDAR_DAYS_AND_CONTIGUOUS_DAILY_RECORDS,RESET_REPORTING_HIGH_WATER_MARK_TO_GROUP_INITIAL_WEALTH_NOT_PORTFOLIO_STATE,7.4428597779571949e-05
rule_adaptive,MONTH,2023-08,31,2023-08-01,2023-08-31,31,False,-0.050780036416115476,-0.052114722631706051,,-16.811200848937435,-0.0016347468159651651,0.0096155504413425377,0.18376773508541555,,-3.2491627230087339,0.007828275617838382,-3.9909795695015817,0.058744171612818141,,0.029096239867837936,0.081358255549028313,0.002624459856420268,31,8.1358255549028312e-05,2.6244598564202682e-06,0.44999999999999984,365_25_CALENDAR_DAYS_PER_YEAR,NOT_APPLICABLE_REQUIRES_365_CALENDAR_DAYS_AND_CONTIGUOUS_DAILY_RECORDS,RESET_REPORTING_HIGH_WATER_MARK_TO_GROUP_INITIAL_WEALTH_NOT_PORTFOLIO_STATE,8.9164154884219127e-05
rule_adaptive,MONTH,2023-09,30,2023-09-01,2023-09-30,30,False,0.018028673336405784,0.017868084073912396,,5.9560280246374662,0.00060907999433531537,0.0052480664340590084,0.10029849960728435,,2.2180438271961638,0.0032118882369565364,3.6241738503983592,0.018690498229485378,,0.010892456406811912,0.072200604463639018,0.0024066868154546338,30,7.220060446363902e-05,2.4066868154546338e-06,0.4499999999999999,365_25_CALENDAR_DAYS_PER_YEAR,NOT_APPLICABLE_REQUIRES_365_CALENDAR_DAYS_AND_CONTIGUOUS_DAILY_RECORDS,RESET_REPORTING_HIGH_WATER_MARK_TO_GROUP_INITIAL_WEALTH_NOT_PORTFOLIO_STATE,7.7317962170115221e-05
rule_adaptive,MONTH,2023-10,31,2023-10-01,2023-10-31,31,False,0.12182199155720172,0.11495414171274965,,37.081981197661179,0.0037682688554168337,0.01058376143788305,0.20227171392723428,,6.8045114797224366,0.0028301544162083968,25.446429986389795,0.019597840980703326,,0.0081347156695777741,0.11258257119346143,0.0036316958449503687,31,0.00011258257119346143,3.6316958449503685e-06,0.44999999999999984,365_25_CALENDAR_DAYS_PER_YEAR,NOT_APPLICABLE_REQUIRES_365_CALENDAR_DAYS_AND_CONTIGUOUS_DAILY_RECORDS,RESET_REPORTING_HIGH_WATER_MARK_TO_GROUP_INITIAL_WEALTH_NOT_PORTFOLIO_STATE,0.00012864660541870093
rule_adaptive,MONTH,2023-11,30,2023-11-01,2023-11-30,30,False,0.040558483023482729,0.039757571926013167,,13.252523975337722,0.001373688562552396,0.0099356313025353079,0.18988496521845952,,2.6423353049306422,0.0059561575992092327,4.4077526375307077,0.024330500546846105,,0.020154426951927967,0.11171914542750899,0.0037239715142502999,30,0.000111719145427509,3.7239715142503e-06,0.4499999999999999,365_25_CALENDAR_DAYS_PER_YEAR,NOT_APPLICABLE_REQUIRES_365_CALENDAR_DAYS_AND_CONTIGUOUS_DAILY_RECORDS,RESET_REPORTING_HIGH_WATER_MARK_TO_GROUP_INITIAL_WEALTH_NOT_PORTFOLIO_STATE,0.00013950505133892901
rule_adaptive,MONTH,2023-12,31,2023-12-01,2023-12-31,31,False,0.059416898659592925,0.057718661161721141,,18.618922955393916,0.001929645883819415,0.011685856822633874,0.22333442624300173,,3.1558195971908583,0.0071131774291970842,5.1845263720628454,0.033172801594263314,,0.023196675374663574,0.17818067711122576,0.0057477637777814759,31,0.00017818067711122576,5.7477637777814765e-06,0.49838709677419352,365_25_CALENDAR_DAYS_PER_YEAR,NOT_APPLICABLE_REQUIRES_365_CALENDAR_DAYS_AND_CONTIGUOUS_DAILY_RECORDS,RESET_REPORTING_HIGH_WATER_MARK_TO_GROUP_INITIAL_WEALTH_NOT_PORTFOLIO_STATE,0.00023675445487436898
rule_adaptive,MONTH,2024-01,31,2024-01-01,2024-01-31,31,False,0.0029559499565188908,0.0029515897267469401,,0.95212571830546455,0.00018575466967739272,0.013654770069678518,0.26096334100937751,,0.25998629860134131,0.0098215760405982646,0.36145452766375491,0.077792358968226796,,0.032767753304297098,0.31559193580159428,0.01018038502585788,31,0.0003155919358015942,1.0180385025857877e-05,0.4693548387096772,365_25_CALENDAR_DAYS_PER_YEAR,NOT_APPLICABLE_REQUIRES_365_CALENDAR_DAYS_AND_CONTIGUOUS_DAILY_RECORDS,RESET_REPORTING_HIGH_WATER_MARK_TO_GROUP_INITIAL_WEALTH_NOT_PORTFOLIO_STATE,0.0004287058897233553
rule_adaptive,MONTH,2024-02,29,2024-02-01,2024-02-29,29,False,0.19539319890162712,0.17847516800052135,,61.543161379490122,0.0062443229594291655,0.012239280142561535,0.23391118424213694,,9.7504485231050726,0.0028964920388144743,41.201035387189691,0.01464812406320502,,0.0089363899135741654,0.16004398749121507,0.0055187581893522434,29,0.00016004398749121506,5.5187581893522432e-06,0.48448275862068968,365_25_CALENDAR_DAYS_PER_YEAR,NOT_APPLICABLE_REQUIRES_365_CALENDAR_DAYS_AND_CONTIGUOUS_DAILY_RECORDS,RESET_REPORTING_HIGH_WATER_MARK_TO_GROUP_INITIAL_WEALTH_NOT_PORTFOLIO_STATE,0.00023499714712286036
rule_adaptive,MONTH,2024-03,31,2024-03-01,2024-03-31,31,False,0.08579809001938915,0.082315283433871303,,26.553317236732678,0.0028401652769070819,0.019374289194175411,0.37027201571274293,,2.8016439897394343,0.012129065776900701,4.4751889283764079,0.076818204351015315,,0.038102797630046981,0.22688780223574434,0.0073189613624433658,31,0.00022688780223574433,7.3189613624433658e-06,0.5,365_25_CALENDAR_DAYS_PER_YEAR,NOT_APPLICABLE_REQUIRES_365_CALENDAR_DAYS_AND_CONTIGUOUS_DAILY_RECORDS,RESET_REPORTING_HIGH_WATER_MARK_TO_GROUP_INITIAL_WEALTH_NOT_PORTFOLIO_STATE,0.00038258585766475401
rule_adaptive,MONTH,2024-04,30,2024-04-01,2024-04-30,30,False,-0.069908202479490061,-0.07247199069475091,,-24.157330231583636,-0.0023308316418090133,0.012989835565193683,0.24825543535023356,,-3.4292753992261829,0.010885217794882135,-4.092313482662326,0.070831244024861573,,0.027722865058282135,0.57568303673765331,0.019189434557921776,30,0.00057568303673765329,1.9189434557921777e-05,0.46999999999999981,365_25_CALENDAR_DAYS_PER_YEAR,NOT_APPLICABLE_REQUIRES_365_CALENDAR_DAYS_AND_CONTIGUOUS_DAILY_RECORDS,RESET_REPORTING_HIGH_WATER_MARK_TO_GROUP_INITIAL_WEALTH_NOT_PORTFOLIO_STATE,0.00097974611959589274
rule_adaptive,MONTH,2024-05,31,2024-05-01,2024-05-31,31,False,0.052327457536884579,0.051004337303513524,,16.45301203339146,0.0017251127774216646,0.012806121477833349,0.24474438084082795,,2.5745123944768045,0.0060936457672046531,5.4104750635975556,0.024721274867308664,,0.016953903775644832,0.16904752387773675,0.0054531459315398951,31,0.00016904752387773671,5.4531459315398939e-06,0.44999999999999984,365_25_CALENDAR_DAYS_PER_YEAR,NOT_APPLICABLE_REQUIRES_365_CALENDAR_DAYS_AND_CONTIGUOUS_DAILY_RECORDS,RESET_REPORTING_HIGH_WATER_MARK_TO_GROUP_INITIAL_WEALTH_NOT_PORTFOLIO_STATE,0.00028335262082110129
rule_adaptive,MONTH,2024-06,30,2024-06-01,2024-06-30,30,False,-0.031507872453509722,-0.032014924669423628,,-10.671641556474544,-0.0010378866068555092,0.0076958179695713396,0.1470787394361906,,-2.5774499061330358,0.0061811687111911137,-3.2090347683563314,0.070832315369679558,,0.018571377880591929,0.092404477844595156,0.0030801492614865051,30,9.2404477844595156e-05,3.080149261486505e-06,0.4499999999999999,365_25_CALENDAR_DAYS_PER_YEAR,NOT_APPLICABLE_REQUIRES_365_CALENDAR_DAYS_AND_CONTIGUOUS_DAILY_RECORDS,RESET_REPORTING_HIGH_WATER_MARK_TO_GROUP_INITIAL_WEALTH_NOT_PORTFOLIO_STATE,0.00015539075145567781
rule_adaptive,MONTH,2024-07,31,2024-07-01,2024-07-31,31,False,0.013443622448013334,0.013354058769719955,,4.3077608934580498,0.00048708679325676531,0.010792252871091413,0.20625630104984768,,0.86256007855991224,0.0069323130115762441,1.3428370110787031,0.050238696935574083,,0.021152040492552482,0.20476203451084429,0.0066052269197046549,31,0.00020476203451084431,6.605226919704655e-06,0.43548387096774183,365_25_CALENDAR_DAYS_PER_YEAR,NOT_APPLICABLE_REQUIRES_365_CALENDAR_DAYS_AND_CONTIGUOUS_DAILY_RECORDS,RESET_REPORTING_HIGH_WATER_MARK_TO_GROUP_INITIAL_WEALTH_NOT_PORTFOLIO_STATE,0.0003345104383968885
rule_adaptive,MONTH,2024-08,31,2024-08-01,2024-08-31,31,False,-0.046175024635322949,-0.047275088343750826,,-15.250028497984138,-0.0014108224175068389,0.015325708612631122,0.29289750779249635,,-1.7593283462126279,0.010639608443792166,-2.534205439085389,0.08131944840778399,,0.030305774779117507,0.28240839135795492,0.009109948108321126,31,0.00028240839135795494,9.1099481083211265e-06,0.41935483870967744,365_25_CALENDAR_DAYS_PER_YEAR,NOT_APPLICABLE_REQUIRES_365_CALENDAR_DAYS_AND_CONTIGUOUS_DAILY_RECORDS,RESET_REPORTING_HIGH_WATER_MARK_TO_GROUP_INITIAL_WEALTH_NOT_PORTFOLIO_STATE,0.00045546927198660735
rule_adaptive,MONTH,2024-09,30,2024-09-01,2024-09-30,30,False,0.036322472884012837,0.035678362666247868,,11.892787555415957,0.0012352502877066055,0.0096822295844122119,0.18504207451861804,,2.4382301633753167,0.0060990153186885939,3.8707074811077509,0.037120457578906675,,0.015733098806320973,0.24771986633298149,0.0082573288777660504,30,0.00024771986633298146,8.2573288777660483e-06,0.43833333333333319,365_25_CALENDAR_DAYS_PER_YEAR,NOT_APPLICABLE_REQUIRES_365_CALENDAR_DAYS_AND_CONTIGUOUS_DAILY_RECORDS,RESET_REPORTING_HIGH_WATER_MARK_TO_GROUP_INITIAL_WEALTH_NOT_PORTFOLIO_STATE,0.00039383844499571885
rule_adaptive,MONTH,2024-10,31,2024-10-01,2024-10-31,31,False,0.046026394258068447,0.044998598840689165,,14.515677045383601,0.0014960906427001872,0.0094863541485479402,0.18129859821663943,,3.0140724342130674,0.0057535185669215175,4.9695778692202737,0.021441039278945875,,0.0170550865524557,0.38040478742101158,0.012271122174871342,31,0.00038040478742101157,1.2271122174871341e-05,0.47580645161290319,365_25_CALENDAR_DAYS_PER_YEAR,NOT_APPLICABLE_REQUIRES_365_CALENDAR_DAYS_AND_CONTIGUOUS_DAILY_RECORDS,RESET_REPORTING_HIGH_WATER_MARK_TO_GROUP_INITIAL_WEALTH_NOT_PORTFOLIO_STATE,0.00065151013509861372
rule_adaptive,MONTH,2024-11,30,2024-11-01,2024-11-30,30,False,0.18552093511783216,0.17018228568231461,,56.727428560771536,0.0058251044211254455,0.016924250495745519,0.3234480647357651,,6.5779320446829326,0.0067310488697289303,16.539260347501944,0.038954389203227573,,0.02458128138447431,0.31499859178967426,0.010499953059655809,30,0.00031499859178967427,1.049995305965581e-05,0.53000000000000014,365_25_CALENDAR_DAYS_PER_YEAR,NOT_APPLICABLE_REQUIRES_365_CALENDAR_DAYS_AND_CONTIGUOUS_DAILY_RECORDS,RESET_REPORTING_HIGH_WATER_MARK_TO_GROUP_INITIAL_WEALTH_NOT_PORTFOLIO_STATE,0.00058354628709750527
rule_adaptive,MONTH,2024-12,31,2024-12-01,2024-12-31,31,False,-0.015511111729394034,-0.01563266763947458,,-5.0427960127337359,-0.00043211724459988406,0.012188483428580893,0.23294038208838097,,-0.67755887654646474,0.0088831544121962935,-0.92967146077478124,0.070520700143388348,,0.027113367867596733,0.4032259046166749,0.013007287245699191,31,0.00040322590461667492,1.300728724569919e-05,0.52741935483870972,365_25_CALENDAR_DAYS_PER_YEAR,NOT_APPLICABLE_REQUIRES_365_CALENDAR_DAYS_AND_CONTIGUOUS_DAILY_RECORDS,RESET_REPORTING_HIGH_WATER_MARK_TO_GROUP_INITIAL_WEALTH_NOT_PORTFOLIO_STATE,0.00083397077825652776
rule_adaptive,MONTH,2025-01,31,2025-01-01,2025-01-31,31,False,0.031990765575281993,0.031489718933369569,,10.157973849474054,0.0010761201343255035,0.011104276617536159,0.21221954751470748,,1.8521049717870608,0.0076092118173045221,2.7028142237631783,0.04870410492679101,,0.024522046574577409,0.91426213433532044,0.029492326914042594,31,0.00091426213433532053,2.9492326914042598e-05,0.49838709677419374,365_25_CALENDAR_DAYS_PER_YEAR,NOT_APPLICABLE_REQUIRES_365_CALENDAR_DAYS_AND_CONTIGUOUS_DAILY_RECORDS,RESET_REPORTING_HIGH_WATER_MARK_TO_GROUP_INITIAL_WEALTH_NOT_PORTFOLIO_STATE,0.0019051633986212953
rule_adaptive,MONTH,2025-02,28,2025-02-01,2025-02-28,28,False,-0.081634431422198117,-0.085159744779686367,,-30.414194564173702,-0.00299834676538141,0.0089102140601963597,0.17028768836034433,,-6.4311528719453293,0.0082048601942333824,-6.984025003028532,0.082361376309612891,,0.021639166868507861,0.23532884450515251,0.0084046015894697328,28,0.00023532884450515248,8.404601589469732e-06,0.44821428571428573,365_25_CALENDAR_DAYS_PER_YEAR,NOT_APPLICABLE_REQUIRES_365_CALENDAR_DAYS_AND_CONTIGUOUS_DAILY_RECORDS,RESET_REPORTING_HIGH_WATER_MARK_TO_GROUP_INITIAL_WEALTH_NOT_PORTFOLIO_STATE,0.000477497950178492
rule_adaptive,MONTH,2025-03,31,2025-03-01,2025-03-31,31,False,-0.0045318518033837943,-0.0045421517741757551,,-1.4652102497341146,-5.1250015246410761e-05,0.014040260403128195,0.26833064524302658,,-0.069761200968296799,0.0095545808842575353,-0.10251265225496679,0.068506542802352022,,0.031170634842432463,0.18651070843823492,0.0060164744657495136,31,0.00018651070843823494,6.016474465749514e-06,0.40000000000000013,365_25_CALENDAR_DAYS_PER_YEAR,NOT_APPLICABLE_REQUIRES_365_CALENDAR_DAYS_AND_CONTIGUOUS_DAILY_RECORDS,RESET_REPORTING_HIGH_WATER_MARK_TO_GROUP_INITIAL_WEALTH_NOT_PORTFOLIO_STATE,0.00036107440778140756
rule_adaptive,MONTH,2025-04,30,2025-04-01,2025-04-30,30,False,0.057076300389798544,0.055506890082072914,,18.502296694024306,0.0019157438859652264,0.011520120985070657,0.22016696332163577,,3.178158265854762,0.006550352872269116,5.5894344085414334,0.042223692797993088,,0.021319598475017479,0.14069078335954077,0.0046896927786513592,30,0.00014069078335954082,4.6896927786513607e-06,0.40000000000000013,365_25_CALENDAR_DAYS_PER_YEAR,NOT_APPLICABLE_REQUIRES_365_CALENDAR_DAYS_AND_CONTIGUOUS_DAILY_RECORDS,RESET_REPORTING_HIGH_WATER_MARK_TO_GROUP_INITIAL_WEALTH_NOT_PORTFOLIO_STATE,0.00027144810405220075
rule_adaptive,MONTH,2025-05,28,2025-05-01,2025-05-28,28,False,0.066672900318547224,0.064544365169132811,,23.051558988976005,0.0023497965928582537,0.009365208781818804,0.17898332674094874,,4.795213169680788,0.0045411537625606622,9.8891547909324533,0.019651809934912223,,0.015934611582623492,0.37563923402488569,0.013415686929460203,28,0.00037563923402488577,1.3415686929460206e-05,0.48214285714285715,365_25_CALENDAR_DAYS_PER_YEAR,NOT_APPLICABLE_REQUIRES_365_CALENDAR_DAYS_AND_CONTIGUOUS_DAILY_RECORDS,RESET_REPORTING_HIGH_WATER_MARK_TO_GROUP_INITIAL_WEALTH_NOT_PORTFOLIO_STATE,0.00077264326943720892
rule_fixed,FULL,FULL,1608,2021-01-02,2025-05-28,1608,False,1.1712778040181888,0.77531584402633491,,4.8216159454374061,0.00058445955631239411,0.014306294274107581,0.27341495551981415,0.19256866448917442,0.78076874959984277,0.009650929711727799,1.1573918602089399,0.44978739491122571,0.42813263925989209,0.032600268127348522,14.468055887912563,0.0089975471939754744,1608,0.014468055887912563,8.9975471939754747e-06,0.44794776119402996,365_25_CALENDAR_DAYS_PER_YEAR,REPORTED,RESET_REPORTING_HIGH_WATER_MARK_TO_GROUP_INITIAL_WEALTH_NOT_PORTFOLIO_STATE,0.018875917251638161
rule_fixed,REGIME,FULL:BEAR,503,2021-05-14,2025-04-11,1429,True,,0.026426753801565714,0.026426753801565714,0.52538277935518318,0.00015807689054866622,0.014534725371101719,,,,0.010224435238628598,,,,0.03462556913925486,5.2439239174071171,0.010425296058463453,503,0.0052439239174071183,1.0425296058463456e-05,0.39880715705765413,NOT_APPLICABLE_CONDITIONAL_SELECTION,NOT_APPLICABLE_CONDITIONAL_SELECTION,NOT_APPLICABLE_CONDITIONAL_SELECTION,0.0063508764939351897
rule_fixed,REGIME,FULL:BULL,531,2021-01-02,2025-05-28,1608,True,,0.87440755929449465,0.87440755929449465,16.467185674095944,0.0017615508682526225,0.015126607312301027,,,,0.0091170197630836957,,,,0.030430011303899315,4.7929303317658709,0.0090262341464517337,531,0.0047929303317658708,9.0262341464517337e-06,0.48201506591337095,NOT_APPLICABLE_CONDITIONAL_SELECTION,NOT_APPLICABLE_CONDITIONAL_SELECTION,NOT_APPLICABLE_CONDITIONAL_SELECTION,0.0065813003575382212
rule_fixed,REGIME,FULL:MIX,574,2021-04-11,2025-05-05,1486,True,,-0.12551846906972558,-0.12551846906972558,-2.1867329106223972,-0.00013081048856758185,0.013241003757680147,,,,0.0096136094211541276,,,,0.032695404779863116,4.4312016387395747,0.0077198634821246948,574,0.0044312016387395743,7.7198634821246933e-06,0.45949477351916379,NOT_APPLICABLE_CONDITIONAL_SELECTION,NOT_APPLICABLE_CONDITIONAL_SELECTION,NOT_APPLICABLE_CONDITIONAL_SELECTION,0.0059437404001647515
rule_fixed,POST2021,POST2021,1244,2022-01-01,2025-05-28,1244,False,0.68523419916265904,0.52190454474701098,,4.1953741539148792,0.00049801345512436913,0.012532853514222024,0.23952181609525261,0.16560007584895481,0.75942733505259652,0.0084233830768276757,1.1299250500779421,0.36199306271654813,0.45746753986449967,0.028619108658465741,10.620425719015458,0.0085373197098194999,1244,0.010620425719015459,8.5373197098195008e-06,0.44501607717041813,365_25_CALENDAR_DAYS_PER_YEAR,REPORTED,RESET_REPORTING_HIGH_WATER_MARK_TO_GROUP_INITIAL_WEALTH_NOT_PORTFOLIO_STATE,0.014141641609167267
rule_fixed,REGIME,POST2021:BEAR,380,2022-01-01,2025-04-11,1197,True,,-0.012251507651490107,-0.012251507651490107,-0.3224080960918449,5.8372052582362837e-05,0.013480777626443256,,,,0.0094341802997183581,,,,0.032657962723834803,4.0032491559897796,0.010534866199973104,380,0.0040032491559897796,1.0534866199973105e-05,0.39776315789473687,NOT_APPLICABLE_CONDITIONAL_SELECTION,NOT_APPLICABLE_CONDITIONAL_SELECTION,NOT_APPLICABLE_CONDITIONAL_SELECTION,0.004885637712719354
rule_fixed,REGIME,POST2021:BULL,388,2023-01-16,2025-05-28,864,True,,0.5261449953959314,0.5261449953959314,13.560438025668335,0.0014350280440405109,0.012542217996907832,,,,0.0075994037324220521,,,,0.025396677474382161,3.0350181314724187,0.0078222116790526257,388,0.0030350181314724185,7.8222116790526253e-06,0.47886597938144332,NOT_APPLICABLE_CONDITIONAL_SELECTION,NOT_APPLICABLE_CONDITIONAL_SELECTION,NOT_APPLICABLE_CONDITIONAL_SELECTION,0.004433301812560379
rule_fixed,REGIME,POST2021:MIX,476,2022-03-25,2025-05-05,1138,True,,0.0080110570025695022,0.0080110570025695022,0.16829951686070385,8.5202682995166163e-05,0.011697206236931662,,,,0.0082039670891861649,,,,0.02754316091532891,3.5821584315532604,0.0075255429234312192,476,0.0035821584315532604,7.5255429234312195e-06,0.45514705882352946,NOT_APPLICABLE_CONDITIONAL_SELECTION,NOT_APPLICABLE_CONDITIONAL_SELECTION,NOT_APPLICABLE_CONDITIONAL_SELECTION,0.0048227020838875348
rule_fixed,YEAR,2021,364,2021-01-02,2021-12-31,364,False,0.28841309124691988,0.25341129927932399,,6.9618488813001091,0.00087989623180113874,0.019186104497347638,0.36667552108409562,,0.87647546723376202,0.012998713657466212,1.293678001288203,0.27723567194882204,,0.041728586428913042,3.8476301688971049,0.010570412551915122,364,0.003847630168897105,1.0570412551915124e-05,0.45796703296703312,365_25_CALENDAR_DAYS_PER_YEAR,NOT_APPLICABLE_REQUIRES_365_CALENDAR_DAYS_AND_CONTIGUOUS_DAILY_RECORDS,RESET_REPORTING_HIGH_WATER_MARK_TO_GROUP_INITIAL_WEALTH_NOT_PORTFOLIO_STATE,0.0047342756424708955
rule_fixed,YEAR_REGIME,2021:BEAR,123,2021-05-14,2021-12-31,232,True,,0.038678261453055765,0.038678261453055765,3.1445741018744524,0.0004661080972738311,0.017452512046336875,,,,0.012350480452066603,,,,0.039083445590406364,1.2406747614173379,0.010086786678189739,123,0.0012406747614173382,1.0086786678189741e-05,0.40203252032520331,NOT_APPLICABLE_CONDITIONAL_SELECTION,NOT_APPLICABLE_CONDITIONAL_SELECTION,NOT_APPLICABLE_CONDITIONAL_SELECTION,0.0014652387812158368
rule_fixed,YEAR_REGIME,2021:BULL,143,2021-01-02,2021-11-17,320,True,,0.34826256389856336,0.34826256389856336,24.354025447451985,0.0026475009087721982,0.020596739064975552,,,,0.012326951148449056,,,,0.038043840489292997,1.7579122002934517,0.012293092309744418,143,0.0017579122002934517,1.2293092309744417e-05,0.49055944055944062,NOT_APPLICABLE_CONDITIONAL_SELECTION,NOT_APPLICABLE_CONDITIONAL_SELECTION,NOT_APPLICABLE_CONDITIONAL_SELECTION,0.0021479985449778419
rule_fixed,YEAR_REGIME,2021:MIX,98,2021-04-11,2021-12-04,238,True,,-0.1335295260722951,-0.1335295260722951,-13.625461844111745,-0.001180017321872358,0.019087147294669943,,,,0.014642932698976803,,,,0.049680266155044783,0.84904320718631454,0.0086637061957787198,98,0.00084904320718631461,8.6637061957787209e-06,0.48061224489795917,NOT_APPLICABLE_CONDITIONAL_SELECTION,NOT_APPLICABLE_CONDITIONAL_SELECTION,NOT_APPLICABLE_CONDITIONAL_SELECTION,0.0011210383162772177
rule_fixed,YEAR,2022,365,2022-01-01,2022-12-31,365,False,-0.33252212780570933,-0.40424903952794045,,-11.075316151450423,-0.0010066177345913398,0.014144801816571023,0.27032859001885723,-0.33270691543372749,-1.3600748908350373,0.010863918078252733,-1.7708150639562039,0.36199306271654813,-0.91909749025839038,0.037713646496965327,3.7344146228793207,0.0102312729393954,365,0.0037344146228793203,1.0231272939395398e-05,0.41246575342465758,365_25_CALENDAR_DAYS_PER_YEAR,REPORTED,RESET_REPORTING_HIGH_WATER_MARK_TO_GROUP_INITIAL_WEALTH_NOT_PORTFOLIO_STATE,0.0038771652793356741
rule_fixed,YEAR_REGIME,2022:BEAR,321,2022-01-01,2022-12-31,365,True,,-0.20121157793838013,-0.20121157793838013,-6.2682734560243025,-0.00053324384852390877,0.013680045120536105,,,,0.009971336729152085,,,,0.034456233727729595,3.0468001271537988,0.0094915891811644826,321,0.0030468001271537989,9.4915891811644831e-06,0.40295950155763249,NOT_APPLICABLE_CONDITIONAL_SELECTION,NOT_APPLICABLE_CONDITIONAL_SELECTION,NOT_APPLICABLE_CONDITIONAL_SELECTION,0.003142939805464619
rule_fixed,YEAR_REGIME,2022:MIX,44,2022-03-25,2022-12-17,268,True,,-0.20303746158956029,-0.20303746158956029,-46.14487763399098,-0.0044600954034014614,0.016943677098663668,,,,0.015927945577934279,,,,0.058014096057154636,0.68761449572552147,0.015627602175580034,44,0.00068761449572552152,1.5627602175580035e-05,0.4818181818181817,NOT_APPLICABLE_CONDITIONAL_SELECTION,NOT_APPLICABLE_CONDITIONAL_SELECTION,NOT_APPLICABLE_CONDITIONAL_SELECTION,0.00073422547387105462
rule_fixed,YEAR,2023,365,2023-01-01,2023-12-31,365,False,0.61437269212777601,0.47894645529065555,,13.121820692894673,0.0013754362976008284,0.011230131037456903,0.21462481613041606,0.61490236672665499,2.3407270266148257,0.0063663660070036694,4.1289915161778756,0.096403664596421773,6.3784127844189689,0.021932723975586155,3.0804481355654758,0.0084395839330560982,365,0.0030804481355654759,8.4395839330560987e-06,0.48109589041095896,365_25_CALENDAR_DAYS_PER_YEAR,REPORTED,RESET_REPORTING_HIGH_WATER_MARK_TO_GROUP_INITIAL_WEALTH_NOT_PORTFOLIO_STATE,0.0034207734739418647
rule_fixed,YEAR_REGIME,2023:BEAR,1,2023-01-01,2023-01-01,1,True,,0.0019562683816581258,0.0019562683816581258,19.562683816581259,0.0019581831230277569,,,,,0,,,,-0.0019581831230277569,0.0010104178227280936,0.0010104178227280936,1,1.0104178227280936e-06,1.0104178227280936e-06,0.40000000000000002,NOT_APPLICABLE_CONDITIONAL_SELECTION,NOT_APPLICABLE_CONDITIONAL_SELECTION,NOT_APPLICABLE_CONDITIONAL_SELECTION,8.6894642314929178e-07
rule_fixed,YEAR_REGIME,2023:BULL,180,2023-01-16,2023-12-31,350,True,,0.16971031254216384,0.16971031254216384,9.4283506967868806,0.001005700219311405,0.011233004225483314,,,,0.0068840652275536209,,,,0.022656534227654328,1.6064183958865976,0.0089245466438144308,180,0.0016064183958865977,8.9245466438144321e-06,0.49583333333333335,NOT_APPLICABLE_CONDITIONAL_SELECTION,NOT_APPLICABLE_CONDITIONAL_SELECTION,NOT_APPLICABLE_CONDITIONAL_SELECTION,0.0018383714150479909
rule_fixed,YEAR_REGIME,2023:MIX,184,2023-01-02,2023-10-21,293,True,,0.30727987436683352,0.30727987436683352,16.699993172110517,0.0017339675327457701,0.011276766459154151,,,,0.0058344046858422741,,,,0.020573622276620341,1.47301932185615,0.0080055397926964682,184,0.0014730193218561499,8.0055397926964663e-06,0.4671195652173914,NOT_APPLICABLE_CONDITIONAL_SELECTION,NOT_APPLICABLE_CONDITIONAL_SELECTION,NOT_APPLICABLE_CONDITIONAL_SELECTION,0.0015815331124707246
rule_fixed,YEAR,2024,366,2024-01-01,2024-12-31,366,False,0.48143100686783818,0.39300851716498997,,10.737937627458743,0.0011549543306357175,0.012741105703724392,0.24350183090822525,0.48023842362162994,1.7324184696733884,0.0079274564168736617,2.7843643262687223,0.12539947117990166,3.8296686509360649,0.026061337856202207,2.5736350871724065,0.0070317898556623128,366,0.0025736350871724063,7.0317898556623123e-06,0.45327868852459025,365_25_CALENDAR_DAYS_PER_YEAR,REPORTED,RESET_REPORTING_HIGH_WATER_MARK_TO_GROUP_INITIAL_WEALTH_NOT_PORTFOLIO_STATE,0.0043573229131780942
rule_fixed,YEAR_REGIME,2024:BEAR,21,2024-07-05,2024-09-02,60,True,,0.11776409152709522,0.11776409152709522,56.078138822426297,0.0056954137586064458,0.012394998876947031,,,,0.0042158339981045829,,,,0.016102799501383221,0.42188628280851553,0.020089822990881693,21,0.00042188628280851554,2.0089822990881692e-05,0.39047619047619053,NOT_APPLICABLE_CONDITIONAL_SELECTION,NOT_APPLICABLE_CONDITIONAL_SELECTION,NOT_APPLICABLE_CONDITIONAL_SELECTION,0.00069447066859019307
rule_fixed,YEAR_REGIME,2024:BULL,153,2024-01-01,2024-12-31,366,True,,0.28352344042110833,0.28352344042110833,18.530943818373093,0.0019629679375014748,0.014792422884601884,,,,0.0088822872185804515,,,,0.030336932188014171,1.0865331784869627,0.007101524042398449,153,0.0010865331784869626,7.1015240423984488e-06,0.47058823529411764,NOT_APPLICABLE_CONDITIONAL_SELECTION,NOT_APPLICABLE_CONDITIONAL_SELECTION,NOT_APPLICABLE_CONDITIONAL_SELECTION,0.0018743773970590857
rule_fixed,YEAR_REGIME,2024:MIX,192,2024-01-15,2024-11-05,296,True,,-0.0082790147832135438,-0.0082790147832135438,-0.43119868662570543,1.445573773026868e-05,0.010765777590989917,,,,0.0074151216142424635,,,,0.023330675594630496,1.0652156258769283,0.0055479980514423349,192,0.0010652156258769284,5.5479980514423357e-06,0.44635416666666677,NOT_APPLICABLE_CONDITIONAL_SELECTION,NOT_APPLICABLE_CONDITIONAL_SELECTION,NOT_APPLICABLE_CONDITIONAL_SELECTION,0.0017884748475288151
rule_fixed,YEAR,2025,148,2025-01-01,2025-05-28,148,False,0.055694254691209824,0.054198611819305673,,3.6620683661693025,0.00042024782205121134,0.010429111435988998,0.1993161181189243,,0.77011090950818151,0.0070673405044587448,1.1364349132838003,0.13382429806884774,,0.023134613701963909,1.2319278733982559,0.0083238369824206477,148,0.0012319278733982559,8.3238369824206488e-06,0.41587837837837843,365_25_CALENDAR_DAYS_PER_YEAR,NOT_APPLICABLE_REQUIRES_365_CALENDAR_DAYS_AND_CONTIGUOUS_DAILY_RECORDS,RESET_REPORTING_HIGH_WATER_MARK_TO_GROUP_INITIAL_WEALTH_NOT_PORTFOLIO_STATE,0.0024863799427116344
rule_fixed,YEAR_REGIME,2025:BEAR,37,2025-02-27,2025-04-11,44,True,,0.069239710378136712,0.069239710378136712,18.713435237334245,0.0019402914406407964,0.011788885104928627,,,,0.0064345858155720132,,,,0.019083567827096685,0.53355232820473697,0.01442033319472262,37,0.0005335523282047369,1.4420333194722619e-05,0.35675675675675678,NOT_APPLICABLE_CONDITIONAL_SELECTION,NOT_APPLICABLE_CONDITIONAL_SELECTION,NOT_APPLICABLE_CONDITIONAL_SELECTION,0.0010473582922413923
rule_fixed,YEAR_REGIME,2025:BULL,55,2025-01-01,2025-05-28,148,True,,0.072911242432659257,0.072911242432659257,13.256589533210775,0.0013714681304352677,0.0095796543066351946,,,,0.0057305573999518215,,,,0.01872486615258976,0.34206655709885869,0.006219391947251976,55,0.00034206655709885866,6.219391947251976e-06,0.4463636363636363,NOT_APPLICABLE_CONDITIONAL_SELECTION,NOT_APPLICABLE_CONDITIONAL_SELECTION,NOT_APPLICABLE_CONDITIONAL_SELECTION,0.00072055300045330219
rule_fixed,YEAR_REGIME,2025:MIX,56,2025-01-10,2025-05-05,116,True,,-0.087952340991490255,-0.087952340991490255,-15.70577517705183,-0.0015183009431083913,0.01016606237409149,,,,0.008508499658052204,,,,0.027387190603294771,0.35630898809466033,0.0063626605016903629,56,0.0003563089880946603,6.3626605016903622e-06,0.42499999999999993,NOT_APPLICABLE_CONDITIONAL_SELECTION,NOT_APPLICABLE_CONDITIONAL_SELECTION,NOT_APPLICABLE_CONDITIONAL_SELECTION,0.00071846865001693968
rule_fixed,MONTH,2021-01,30,2021-01-02,2021-01-31,30,False,0.054680006040883092,0.053237409110109934,,17.745803036703311,0.0021188428937800965,0.026601248556076582,0.5083901569041992,,1.5222705562708505,0.017417791292933398,2.3248813099159631,0.12817436724554648,,0.055104155928685949,0.75372791509143622,0.025124263836381208,30,0.00075372791509143626,2.5124263836381208e-05,0.47833333333333317,365_25_CALENDAR_DAYS_PER_YEAR,NOT_APPLICABLE_REQUIRES_365_CALENDAR_DAYS_AND_CONTIGUOUS_DAILY_RECORDS,RESET_REPORTING_HIGH_WATER_MARK_TO_GROUP_INITIAL_WEALTH_NOT_PORTFOLIO_STATE,0.0007813448738056858
rule_fixed,MONTH,2021-02,28,2021-02-01,2021-02-28,28,False,0.16113175551992615,0.14939518079016115,,53.355421710771843,0.0056593411028590156,0.025580795630128623,0.48888775565252846,,4.2281164007887435,0.012744240295561121,8.4868598708582095,0.11129940232640995,,0.042599340832591717,0.31141978487640065,0.011122135174157166,28,0.00031141978487640064,1.1122135174157166e-05,0.48214285714285715,365_25_CALENDAR_DAYS_PER_YEAR,NOT_APPLICABLE_REQUIRES_365_CALENDAR_DAYS_AND_CONTIGUOUS_DAILY_RECORDS,RESET_REPORTING_HIGH_WATER_MARK_TO_GROUP_INITIAL_WEALTH_NOT_PORTFOLIO_STATE,0.00038383633322876926
rule_fixed,MONTH,2021-03,31,2021-03-01,2021-03-31,31,False,0.14641080700398754,0.13663602439247538,,44.07613690079851,0.0045806906218043434,0.018441373445052704,0.35244258251621163,,4.7471484225010672,0.0099003624701040419,8.8424981532534765,0.082903460674267002,,0.028109270374793386,0.23017818289164654,0.0074251026739240817,31,0.00023017818289164656,7.4251026739240826e-06,0.5,365_25_CALENDAR_DAYS_PER_YEAR,NOT_APPLICABLE_REQUIRES_365_CALENDAR_DAYS_AND_CONTIGUOUS_DAILY_RECORDS,RESET_REPORTING_HIGH_WATER_MARK_TO_GROUP_INITIAL_WEALTH_NOT_PORTFOLIO_STATE,0.0003097235984769945
rule_fixed,MONTH,2021-04,30,2021-04-01,2021-04-30,30,False,-0.0076220143378057459,-0.0076512103385948937,,-2.5504034461982981,-0.00010374400505449206,0.017788393399417131,0.33996314467493227,,-0.11146060518526345,0.010616653890477706,-0.18675423669513308,0.12104259775065131,,0.029152141164576682,0.24375692755552553,0.0081252309185175179,30,0.0002437569275555255,8.1252309185175171e-06,0.49833333333333329,365_25_CALENDAR_DAYS_PER_YEAR,NOT_APPLICABLE_REQUIRES_365_CALENDAR_DAYS_AND_CONTIGUOUS_DAILY_RECORDS,RESET_REPORTING_HIGH_WATER_MARK_TO_GROUP_INITIAL_WEALTH_NOT_PORTFOLIO_STATE,0.00033878857939002567
rule_fixed,MONTH,2021-05,31,2021-05-01,2021-05-31,31,False,-0.17622754996346038,-0.19386094007816715,,-62.535787121989408,-0.005966995882453501,0.02329946914008919,0.44528815055219129,,-4.8944604597348089,0.020673292573931211,-5.5162151859050743,0.20453649074036123,,0.064687211506819026,0.44669990005660587,0.014409674195374382,31,0.00044669990005660585,1.4409674195374383e-05,0.41290322580645172,365_25_CALENDAR_DAYS_PER_YEAR,NOT_APPLICABLE_REQUIRES_365_CALENDAR_DAYS_AND_CONTIGUOUS_DAILY_RECORDS,RESET_REPORTING_HIGH_WATER_MARK_TO_GROUP_INITIAL_WEALTH_NOT_PORTFOLIO_STATE,0.00054902383192216987
rule_fixed,MONTH,2021-06,30,2021-06-01,2021-06-30,30,False,-0.022420472956237746,-0.022675632842438807,,-7.5585442808129351,-0.00057165782996663193,0.01947495508541576,0.37219589338843539,,-0.5609895920517427,0.014105021045447199,-0.77456439613890815,0.097053248255337898,,0.044718592491829225,0.41261366519058384,0.013753788839686127,30,0.00041261366519058392,1.375378883968613e-05,0.3683333333333334,365_25_CALENDAR_DAYS_PER_YEAR,NOT_APPLICABLE_REQUIRES_365_CALENDAR_DAYS_AND_CONTIGUOUS_DAILY_RECORDS,RESET_REPORTING_HIGH_WATER_MARK_TO_GROUP_INITIAL_WEALTH_NOT_PORTFOLIO_STATE,0.00046832572714490371
rule_fixed,MONTH,2021-07,31,2021-07-01,2021-07-31,31,False,0.074506717764170907,0.071861689071736887,,23.181190023140928,0.0023991603528869584,0.012758349520647194,0.24383138637147841,,3.5938495528911276,0.0070000082703258583,6.5502192211370351,0.064593456704160113,,0.017788531194613755,0.19108407528761018,0.006164002428632586,31,0.00019108407528761016,6.1640024286325859e-06,0.40000000000000013,365_25_CALENDAR_DAYS_PER_YEAR,NOT_APPLICABLE_REQUIRES_365_CALENDAR_DAYS_AND_CONTIGUOUS_DAILY_RECORDS,RESET_REPORTING_HIGH_WATER_MARK_TO_GROUP_INITIAL_WEALTH_NOT_PORTFOLIO_STATE,0.0002134797165622741
rule_fixed,MONTH,2021-08,31,2021-08-01,2021-08-31,31,False,0.060193348649214364,0.058451295876369706,,18.85525673431281,0.0019966181699467844,0.015076263539144524,0.28813023456539577,,2.5310248598973204,0.0082964633034053482,4.5993571497237786,0.033506805157894684,,0.020781225475239477,0.30510128228779887,0.0098419768479935128,31,0.00030510128228779883,9.8419768479935107e-06,0.45645161290322583,365_25_CALENDAR_DAYS_PER_YEAR,NOT_APPLICABLE_REQUIRES_365_CALENDAR_DAYS_AND_CONTIGUOUS_DAILY_RECORDS,RESET_REPORTING_HIGH_WATER_MARK_TO_GROUP_INITIAL_WEALTH_NOT_PORTFOLIO_STATE,0.00038194704199079977
rule_fixed,MONTH,2021-09,30,2021-09-01,2021-09-30,30,False,-0.026979290462323176,-0.027349912811253405,,-9.1166376037511352,-0.00074139908156601133,0.018622867240062457,0.35591120387537972,,-0.76085273965357747,0.014852555507103462,-0.953994721853065,0.11181589344348757,,0.051165245958094858,0.20117418009703464,0.0067058060032344881,30,0.00020117418009703465,6.7058060032344885e-06,0.4616666666666665,365_25_CALENDAR_DAYS_PER_YEAR,NOT_APPLICABLE_REQUIRES_365_CALENDAR_DAYS_AND_CONTIGUOUS_DAILY_RECORDS,RESET_REPORTING_HIGH_WATER_MARK_TO_GROUP_INITIAL_WEALTH_NOT_PORTFOLIO_STATE,0.00025337661031325884
rule_fixed,MONTH,2021-10,31,2021-10-01,2021-10-31,31,False,0.17624611926215059,0.16232811266622924,,52.363907311686852,0.0053875211886852759,0.016922024487499028,0.32340552234609798,,6.0845965149025201,0.0082608801481451107,12.464009811938871,0.057930907311358255,,0.026187538730148348,0.27685349419915162,0.0089307578773919882,31,0.00027685349419915163,8.9307578773919887e-06,0.48870967741935478,365_25_CALENDAR_DAYS_PER_YEAR,NOT_APPLICABLE_REQUIRES_365_CALENDAR_DAYS_AND_CONTIGUOUS_DAILY_RECORDS,RESET_REPORTING_HIGH_WATER_MARK_TO_GROUP_INITIAL_WEALTH_NOT_PORTFOLIO_STATE,0.00038690998168221773
rule_fixed,MONTH,2021-11,30,2021-11-01,2021-11-30,30,False,-0.029840035393691532,-0.030294309115925434,,-10.098103038641812,-0.00088180147666170325,0.016195411736274284,0.30951885195823919,,-1.0405763245533826,0.012304025266201722,-1.3696787558989978,0.10261397114657292,,0.038861265164774242,0.28553280488556831,0.0095177601628522769,30,0.00028553280488556831,9.5177601628522768e-06,0.495,365_25_CALENDAR_DAYS_PER_YEAR,NOT_APPLICABLE_REQUIRES_365_CALENDAR_DAYS_AND_CONTIGUOUS_DAILY_RECORDS,RESET_REPORTING_HIGH_WATER_MARK_TO_GROUP_INITIAL_WEALTH_NOT_PORTFOLIO_STATE,0.0004169983728517412
rule_fixed,MONTH,2021-12,31,2021-12-01,2021-12-31,31,False,-0.092141189432704274,-0.096666407441378596,,-31.182712077864064,-0.0030030117902368186,0.015030698863186696,0.28725942458402753,,-3.8183257450032015,0.01306248489670492,-4.3936590081090596,0.096140341566888873,,0.037461086844389764,0.1894879564777423,0.0061125147250884618,31,0.00018948795647774232,6.1125147250884619e-06,0.45645161290322567,365_25_CALENDAR_DAYS_PER_YEAR,NOT_APPLICABLE_REQUIRES_365_CALENDAR_DAYS_AND_CONTIGUOUS_DAILY_RECORDS,RESET_REPORTING_HIGH_WATER_MARK_TO_GROUP_INITIAL_WEALTH_NOT_PORTFOLIO_STATE,0.00025052097510205564
rule_fixed,MONTH,2022-01,31,2022-01-01,2022-01-31,31,False,-0.076225804217901941,-0.079287614064544404,,-25.576649698240132,-0.0024787294114835376,0.012410036441691237,0.23717459578930278,,-3.8172550248537034,0.011210039591450661,-4.2258792735925681,0.12723327021192313,,0.038640878987419636,0.14893017360647809,0.0048041991485960672,31,0.00014893017360647807,4.8041991485960668e-06,0.44999999999999984,365_25_CALENDAR_DAYS_PER_YEAR,NOT_APPLICABLE_REQUIRES_365_CALENDAR_DAYS_AND_CONTIGUOUS_DAILY_RECORDS,RESET_REPORTING_HIGH_WATER_MARK_TO_GROUP_INITIAL_WEALTH_NOT_PORTFOLIO_STATE,0.00018125638692161313
rule_fixed,MONTH,2022-02,28,2022-02-01,2022-02-28,28,False,0.059756093482595467,0.05803878115867929,,20.728136128099749,0.002270683664778696,0.020340854120573897,0.38874453566059219,,2.1334504603417197,0.010285716091415903,4.219074705308957,0.078840441091806393,,0.030442947547441201,0.17658593740111156,0.0063066406214682697,28,0.00017658593740111159,6.3066406214682709e-06,0.4499999999999999,365_25_CALENDAR_DAYS_PER_YEAR,NOT_APPLICABLE_REQUIRES_365_CALENDAR_DAYS_AND_CONTIGUOUS_DAILY_RECORDS,RESET_REPORTING_HIGH_WATER_MARK_TO_GROUP_INITIAL_WEALTH_NOT_PORTFOLIO_STATE,0.00021502237770638759
rule_fixed,MONTH,2022-03,31,2022-03-01,2022-03-31,31,False,0.029202830892216761,0.028784551997083879,,9.285339353898026,0.0010372005356233053,0.014961667217193563,0.28594012525626022,,1.3248839955459109,0.0098163240387905207,2.0193377240209793,0.067905196088367176,,0.032282133073633174,0.26004877692763489,0.0083886702234720941,31,0.00026004877692763494,8.3886702234720954e-06,0.45967741935483869,365_25_CALENDAR_DAYS_PER_YEAR,NOT_APPLICABLE_REQUIRES_365_CALENDAR_DAYS_AND_CONTIGUOUS_DAILY_RECORDS,RESET_REPORTING_HIGH_WATER_MARK_TO_GROUP_INITIAL_WEALTH_NOT_PORTFOLIO_STATE,0.00032510924562090726
rule_fixed,MONTH,2022-04,30,2022-04-01,2022-04-30,30,False,-0.082899203827115936,-0.086537893275772534,,-28.84596442525751,-0.0028146573656918565,0.011620640759157778,0.22208804847718394,,-4.6290361407023974,0.01038658491334709,-5.1790233749628145,0.093870428028193176,,0.029472968650547045,0.50787914437715265,0.016929304812571756,30,0.00050787914437715252,1.6929304812571752e-05,0.46166666666666667,365_25_CALENDAR_DAYS_PER_YEAR,NOT_APPLICABLE_REQUIRES_365_CALENDAR_DAYS_AND_CONTIGUOUS_DAILY_RECORDS,RESET_REPORTING_HIGH_WATER_MARK_TO_GROUP_INITIAL_WEALTH_NOT_PORTFOLIO_STATE,0.00062312937894569106
rule_fixed,MONTH,2022-05,31,2022-05-01,2022-05-31,31,False,-0.06024865300470604,-0.062139963183948529,,-20.045149414176944,-0.0018661716664190497,0.01671856796318056,0.3195171599595204,,-2.1332788550258526,0.013493663106462335,-2.6431197548636738,0.11891066348129618,,0.041295866477989114,0.37660921044284862,0.012148684207833826,31,0.00037660921044284867,1.2148684207833827e-05,0.40161290322580662,365_25_CALENDAR_DAYS_PER_YEAR,NOT_APPLICABLE_REQUIRES_365_CALENDAR_DAYS_AND_CONTIGUOUS_DAILY_RECORDS,RESET_REPORTING_HIGH_WATER_MARK_TO_GROUP_INITIAL_WEALTH_NOT_PORTFOLIO_STATE,0.00042827096059939128
rule_fixed,MONTH,2022-06,30,2022-06-01,2022-06-30,30,False,-0.16260209696866676,-0.17745592954241571,,-59.151976514138568,-0.0057451111002901787,0.017609240284113085,0.33653925725072736,,-6.2352364075542104,0.016511881242290388,-6.6496224456639768,0.17775457793263599,,0.054629210564630576,0.23091291146194454,0.007697097048731485,30,0.00023091291146194449,7.6970970487314839e-06,0.37666666666666665,365_25_CALENDAR_DAYS_PER_YEAR,NOT_APPLICABLE_REQUIRES_365_CALENDAR_DAYS_AND_CONTIGUOUS_DAILY_RECORDS,RESET_REPORTING_HIGH_WATER_MARK_TO_GROUP_INITIAL_WEALTH_NOT_PORTFOLIO_STATE,0.00023063514996057651
rule_fixed,MONTH,2022-07,31,2022-07-01,2022-07-31,31,False,0.067730830885119747,0.065535677766409492,,21.140541214970803,0.0021943745024240154,0.01275175092362542,0.24370527718648374,,3.2887892140188075,0.0065672789252760357,6.3858747853793831,0.038267974188544496,,0.019900908697312588,0.20255664600306644,0.0065340853549376273,31,0.00020255664600306639,6.5340853549376255e-06,0.37903225806451618,365_25_CALENDAR_DAYS_PER_YEAR,NOT_APPLICABLE_REQUIRES_365_CALENDAR_DAYS_AND_CONTIGUOUS_DAILY_RECORDS,RESET_REPORTING_HIGH_WATER_MARK_TO_GROUP_INITIAL_WEALTH_NOT_PORTFOLIO_STATE,0.0001951519216576608
rule_fixed,MONTH,2022-08,31,2022-08-01,2022-08-31,31,False,-0.055849125805911712,-0.057469301249044043,,-18.538484273885175,-0.0017928948757963083,0.010994869999895256,0.21012862131657944,,-3.1164476751503463,0.0095297275051357891,-3.5955841372471244,0.083588066211157594,,0.035043882132115976,0.14161708361335812,0.0045682930197857461,31,0.00014161708361335812,4.568293019785746e-06,0.40000000000000013,365_25_CALENDAR_DAYS_PER_YEAR,NOT_APPLICABLE_REQUIRES_365_CALENDAR_DAYS_AND_CONTIGUOUS_DAILY_RECORDS,RESET_REPORTING_HIGH_WATER_MARK_TO_GROUP_INITIAL_WEALTH_NOT_PORTFOLIO_STATE,0.00013825084650731864
rule_fixed,MONTH,2022-09,30,2022-09-01,2022-09-30,30,False,-0.0087155032638188776,-0.0087537053915354747,,-2.9179017971784917,-0.00020324837686077254,0.013537433986502935,0.25872087071290217,,-0.28693653296635668,0.0094202007505601766,-0.41234624146593579,0.072229950018510791,,0.033217941554367143,0.15932320625360746,0.0053107735417869152,30,0.00015932320625360749,5.3107735417869161e-06,0.40000000000000013,365_25_CALENDAR_DAYS_PER_YEAR,NOT_APPLICABLE_REQUIRES_365_CALENDAR_DAYS_AND_CONTIGUOUS_DAILY_RECORDS,RESET_REPORTING_HIGH_WATER_MARK_TO_GROUP_INITIAL_WEALTH_NOT_PORTFOLIO_STATE,0.00015052149936532131
rule_fixed,MONTH,2022-10,31,2022-10-01,2022-10-31,31,False,0.023696781420413759,0.02342037087340542,,7.5549583462598129,0.00077832040764535735,0.0068395988171061238,0.13071509438590079,,2.174817913937336,0.0035591065127936702,4.1793865898975824,0.024923668496153704,,0.010092957637110376,0.65672945747246059,0.021184821208789052,31,0.00065672945747246062,2.1184821208789053e-05,0.39516129032258057,365_25_CALENDAR_DAYS_PER_YEAR,NOT_APPLICABLE_REQUIRES_365_CALENDAR_DAYS_AND_CONTIGUOUS_DAILY_RECORDS,RESET_REPORTING_HIGH_WATER_MARK_TO_GROUP_INITIAL_WEALTH_NOT_PORTFOLIO_STATE,0.00061955329645127825
rule_fixed,MONTH,2022-11,30,2022-11-01,2022-11-30,30,False,-0.087253048638342309,-0.091296598510410124,,-30.432199503470041,-0.0028532411494863815,0.019359079461059716,0.36998133467238276,,-2.8167537986009967,0.016647474240280437,-3.2755575904372085,0.13264849579960913,,0.064212303695258904,0.35393975966071317,0.011797991988690439,30,0.00035393975966071319,1.1797991988690439e-05,0.39333333333333337,365_25_CALENDAR_DAYS_PER_YEAR,NOT_APPLICABLE_REQUIRES_365_CALENDAR_DAYS_AND_CONTIGUOUS_DAILY_RECORDS,RESET_REPORTING_HIGH_WATER_MARK_TO_GROUP_INITIAL_WEALTH_NOT_PORTFOLIO_STATE,0.00031938492211309934
rule_fixed,MONTH,2022-12,31,2022-12-01,2022-12-31,31,False,-0.016942254201215892,-0.017087416105847606,,-5.5120697115637443,-0.00053361162005077605,0.0059972656182791309,0.1146168309448245,,-1.7004626861247787,0.004587755271714975,-2.2229011354501682,0.033762669665197823,,0.016107041695556094,0.51928231565894412,0.0167510424406111,31,0.00051928231565894422,1.6751042440611104e-05,0.38548387096774195,365_25_CALENDAR_DAYS_PER_YEAR,NOT_APPLICABLE_REQUIRES_365_CALENDAR_DAYS_AND_CONTIGUOUS_DAILY_RECORDS,RESET_REPORTING_HIGH_WATER_MARK_TO_GROUP_INITIAL_WEALTH_NOT_PORTFOLIO_STATE,0.00045087929348642858
rule_fixed,MONTH,2023-01,31,2023-01-01,2023-01-31,31,False,0.17709269909000408,0.16304758396187957,,52.595994826412763,0.0053360742290782604,0.011442826120705931,0.21868974137322103,,8.9121743888508398,0.0041935893714433311,24.318180168872761,0.019392438947491868,,0.016427126647763624,0.19880074583825574,0.0064129272851050243,31,0.00019880074583825577,6.4129272851050251e-06,0.4790322580645161,365_25_CALENDAR_DAYS_PER_YEAR,NOT_APPLICABLE_REQUIRES_365_CALENDAR_DAYS_AND_CONTIGUOUS_DAILY_RECORDS,RESET_REPORTING_HIGH_WATER_MARK_TO_GROUP_INITIAL_WEALTH_NOT_PORTFOLIO_STATE,0.00018467764009354043
rule_fixed,MONTH,2023-02,28,2023-02-01,2023-02-28,28,False,0.0046620526980529625,0.0046512189888728772,,1.6611496388831704,0.00025220566409362669,0.013449139229691988,0.25703342415661334,,0.35838964956584218,0.0073291427265367503,0.65765294459876744,0.044641783344249841,,0.022676391310233954,0.27392447737279985,0.0097830170490285657,28,0.00027392447737279981,9.783017049028565e-06,0.49642857142857139,365_25_CALENDAR_DAYS_PER_YEAR,NOT_APPLICABLE_REQUIRES_365_CALENDAR_DAYS_AND_CONTIGUOUS_DAILY_RECORDS,RESET_REPORTING_HIGH_WATER_MARK_TO_GROUP_INITIAL_WEALTH_NOT_PORTFOLIO_STATE,0.0002811359400145637
rule_fixed,MONTH,2023-03,31,2023-03-01,2023-03-31,31,False,0.11099231646583936,0.10525359476124638,,33.952772503627862,0.0035519358698861674,0.017768102302159351,0.33957535106829401,,3.8204910114780555,0.0087941661308842383,7.7190803682937519,0.073727858425194442,,0.027623854895408362,0.76868496869398228,0.024796289312709104,31,0.00076868496869398218,2.4796289312709102e-05,0.4838709677419355,365_25_CALENDAR_DAYS_PER_YEAR,NOT_APPLICABLE_REQUIRES_365_CALENDAR_DAYS_AND_CONTIGUOUS_DAILY_RECORDS,RESET_REPORTING_HIGH_WATER_MARK_TO_GROUP_INITIAL_WEALTH_NOT_PORTFOLIO_STATE,0.00081573037843717989
rule_fixed,MONTH,2023-04,30,2023-04-01,2023-04-30,30,False,0.012156077680645644,0.012082785930679039,,4.0275953102263466,0.00045301456527639948,0.010184826807700973,0.19464746881688758,,0.85006792522364061,0.0068681883993149543,1.2605645171364293,0.05337931296059116,,0.022973607673791228,0.28157018267037442,0.0093856727556791471,30,0.00028157018267037446,9.3856727556791486e-06,0.49333333333333329,365_25_CALENDAR_DAYS_PER_YEAR,NOT_APPLICABLE_REQUIRES_365_CALENDAR_DAYS_AND_CONTIGUOUS_DAILY_RECORDS,RESET_REPORTING_HIGH_WATER_MARK_TO_GROUP_INITIAL_WEALTH_NOT_PORTFOLIO_STATE,0.00031901301950585965
rule_fixed,MONTH,2023-05,31,2023-05-01,2023-05-31,31,False,-0.03295680937078338,-0.033512119966588205,,-10.810361279544583,-0.0010430746490685484,0.0087876718896208773,0.16794572184719661,,-2.2684889581106451,0.0067085064602608567,-2.9715610720793904,0.052815507266901235,,0.018769068198583681,0.46369672055966027,0.014957958727730977,31,0.00046369672055966027,1.4957958727730976e-05,0.49193548387096775,365_25_CALENDAR_DAYS_PER_YEAR,NOT_APPLICABLE_REQUIRES_365_CALENDAR_DAYS_AND_CONTIGUOUS_DAILY_RECORDS,RESET_REPORTING_HIGH_WATER_MARK_TO_GROUP_INITIAL_WEALTH_NOT_PORTFOLIO_STATE,0.0005231303118196722
rule_fixed,MONTH,2023-06,30,2023-06-01,2023-06-30,30,False,0.057352752765495785,0.055768381359692247,,18.58946045323075,0.0019345592055618477,0.012396382568908362,0.2369136495968035,,2.9825117760585051,0.0069871031044598103,5.2915144430452772,0.039050622747778839,,0.022335730535817271,0.36822387850757982,0.012274129283585993,30,0.00036822387850757982,1.2274129283585995e-05,0.48666666666666658,365_25_CALENDAR_DAYS_PER_YEAR,NOT_APPLICABLE_REQUIRES_365_CALENDAR_DAYS_AND_CONTIGUOUS_DAILY_RECORDS,RESET_REPORTING_HIGH_WATER_MARK_TO_GROUP_INITIAL_WEALTH_NOT_PORTFOLIO_STATE,0.00041482015397225177
rule_fixed,MONTH,2023-07,31,2023-07-01,2023-07-31,31,False,-0.019221026811122182,-0.019408152458954681,,-6.2606943415982848,-0.00060620577057707834,0.0063715553838972032,0.12177007535999089,,-1.8183174893232192,0.0048355893160752245,-2.3958838998625116,0.035681914949262657,,0.016600540618056429,0.15934324646836301,0.0051401047247859035,31,0.00015934324646836305,5.140104724785905e-06,0.47741935483870945,365_25_CALENDAR_DAYS_PER_YEAR,NOT_APPLICABLE_REQUIRES_365_CALENDAR_DAYS_AND_CONTIGUOUS_DAILY_RECORDS,RESET_REPORTING_HIGH_WATER_MARK_TO_GROUP_INITIAL_WEALTH_NOT_PORTFOLIO_STATE,0.00018568909846718019
rule_fixed,MONTH,2023-08,31,2023-08-01,2023-08-31,31,False,-0.050780036416115476,-0.052114722631706051,,-16.811200848937435,-0.0016347468159651651,0.0096155504413425377,0.18376773508541555,,-3.2491627230087339,0.007828275617838382,-3.9909795695015817,0.058744171612818141,,0.029096239867837936,0.081358255549028313,0.002624459856420268,31,8.1358255549028312e-05,2.6244598564202682e-06,0.44999999999999984,365_25_CALENDAR_DAYS_PER_YEAR,NOT_APPLICABLE_REQUIRES_365_CALENDAR_DAYS_AND_CONTIGUOUS_DAILY_RECORDS,RESET_REPORTING_HIGH_WATER_MARK_TO_GROUP_INITIAL_WEALTH_NOT_PORTFOLIO_STATE,9.1080640959643219e-05
rule_fixed,MONTH,2023-09,30,2023-09-01,2023-09-30,30,False,0.018028673336405784,0.017868084073912396,,5.9560280246374662,0.00060907999433531537,0.0052480664340590084,0.10029849960728435,,2.2180438271961638,0.0032118882369565364,3.6241738503983592,0.018690498229485378,,0.010892456406811912,0.072200604463639018,0.0024066868154546338,30,7.220060446363902e-05,2.4066868154546338e-06,0.4499999999999999,365_25_CALENDAR_DAYS_PER_YEAR,NOT_APPLICABLE_REQUIRES_365_CALENDAR_DAYS_AND_CONTIGUOUS_DAILY_RECORDS,RESET_REPORTING_HIGH_WATER_MARK_TO_GROUP_INITIAL_WEALTH_NOT_PORTFOLIO_STATE,7.8979827278034478e-05
rule_fixed,MONTH,2023-10,31,2023-10-01,2023-10-31,31,False,0.13005763215685859,0.12226863333242048,,39.441494623361443,0.0040128624062632026,0.011344139029177573,0.21680368155761662,,6.7604848006149671,0.0028719303084723657,26.703948649649469,0.019597840980703326,,0.0081347156695777741,0.15893943694160545,0.0051270786110195303,31,0.00015893943694160543,5.1270786110195301e-06,0.46612903225806451,365_25_CALENDAR_DAYS_PER_YEAR,NOT_APPLICABLE_REQUIRES_365_CALENDAR_DAYS_AND_CONTIGUOUS_DAILY_RECORDS,RESET_REPORTING_HIGH_WATER_MARK_TO_GROUP_INITIAL_WEALTH_NOT_PORTFOLIO_STATE,0.00018561870524570867
rule_fixed,MONTH,2023-11,30,2023-11-01,2023-11-30,30,False,0.044990565806641312,0.044007857439793859,,14.669285813264619,0.0015266980658315665,0.011039577099449714,0.21098304171377658,,2.642991891743915,0.0066176863047375861,4.409020225277116,0.027050487735981017,,0.022392691065582688,0.11280555784297647,0.0037601852614325489,30,0.00011280555784297648,3.7601852614325495e-06,0.5,365_25_CALENDAR_DAYS_PER_YEAR,NOT_APPLICABLE_REQUIRES_365_CALENDAR_DAYS_AND_CONTIGUOUS_DAILY_RECORDS,RESET_REPORTING_HIGH_WATER_MARK_TO_GROUP_INITIAL_WEALTH_NOT_PORTFOLIO_STATE,0.00014534550857742124
rule_fixed,MONTH,2023-12,31,2023-12-01,2023-12-31,31,False,0.060810576281706288,0.059033310499407604,,19.043003386905678,0.0019725719916582232,0.011724757175852632,0.22407787092135295,,3.2153193753168128,0.0071131774291970842,5.2998592111119516,0.033172801594263314,,0.023196675374663574,0.14090006065721095,0.0045451632470068044,31,0.00014090006065721098,4.5451632470068062e-06,0.5,365_25_CALENDAR_DAYS_PER_YEAR,NOT_APPLICABLE_REQUIRES_365_CALENDAR_DAYS_AND_CONTIGUOUS_DAILY_RECORDS,RESET_REPORTING_HIGH_WATER_MARK_TO_GROUP_INITIAL_WEALTH_NOT_PORTFOLIO_STATE,0.00019555224957080954
rule_fixed,MONTH,2024-01,31,2024-01-01,2024-01-31,31,False,0.0029559499565188908,0.0029515897267469401,,0.95212571830546455,0.00018575466967739272,0.013654770069678518,0.26096334100937751,,0.25998629860134131,0.0098215760405982646,0.36145452766375491,0.077792358968226796,,0.032767753304297098,0.31559193580159428,0.01018038502585788,31,0.0003155919358015942,1.0180385025857877e-05,0.4693548387096772,365_25_CALENDAR_DAYS_PER_YEAR,NOT_APPLICABLE_REQUIRES_365_CALENDAR_DAYS_AND_CONTIGUOUS_DAILY_RECORDS,RESET_REPORTING_HIGH_WATER_MARK_TO_GROUP_INITIAL_WEALTH_NOT_PORTFOLIO_STATE,0.0004435970961236203
rule_fixed,MONTH,2024-02,29,2024-02-01,2024-02-29,29,False,0.19539319890162712,0.17847516800052135,,61.543161379490122,0.0062443229594291655,0.012239280142561535,0.23391118424213694,,9.7504485231050726,0.0028964920388144743,41.201035387189691,0.01464812406320502,,0.0089363899135741654,0.16004398749121507,0.0055187581893522434,29,0.00016004398749121506,5.5187581893522432e-06,0.48448275862068968,365_25_CALENDAR_DAYS_PER_YEAR,NOT_APPLICABLE_REQUIRES_365_CALENDAR_DAYS_AND_CONTIGUOUS_DAILY_RECORDS,RESET_REPORTING_HIGH_WATER_MARK_TO_GROUP_INITIAL_WEALTH_NOT_PORTFOLIO_STATE,0.00024315983185653196
rule_fixed,MONTH,2024-03,31,2024-03-01,2024-03-31,31,False,0.08579809001938915,0.082315283433871303,,26.553317236732678,0.0028401652769070819,0.019374289194175411,0.37027201571274293,,2.8016439897394343,0.012129065776900701,4.4751889283764079,0.076818204351015315,,0.038102797630046981,0.22688780223574434,0.0073189613624433658,31,0.00022688780223574433,7.3189613624433658e-06,0.5,365_25_CALENDAR_DAYS_PER_YEAR,NOT_APPLICABLE_REQUIRES_365_CALENDAR_DAYS_AND_CONTIGUOUS_DAILY_RECORDS,RESET_REPORTING_HIGH_WATER_MARK_TO_GROUP_INITIAL_WEALTH_NOT_PORTFOLIO_STATE,0.00039587507320593677
rule_fixed,MONTH,2024-04,30,2024-04-01,2024-04-30,30,False,-0.067760706121357123,-0.070165744163306704,,-23.388581387768902,-0.0022603717940480697,0.012489071040660419,0.23868506670145193,,-3.4589545512234396,0.010464352421785837,-4.1282181042286501,0.070267062493772944,,0.025701141608948239,0.2111357932613474,0.0070378597753782465,30,0.00021113579326134744,7.0378597753782479e-06,0.4499999999999999,365_25_CALENDAR_DAYS_PER_YEAR,NOT_APPLICABLE_REQUIRES_365_CALENDAR_DAYS_AND_CONTIGUOUS_DAILY_RECORDS,RESET_REPORTING_HIGH_WATER_MARK_TO_GROUP_INITIAL_WEALTH_NOT_PORTFOLIO_STATE,0.0003724531970727576
rule_fixed,MONTH,2024-05,31,2024-05-01,2024-05-31,31,False,0.052327457536884579,0.051004337303513524,,16.45301203339146,0.0017251127774216646,0.012806121477833349,0.24474438084082795,,2.5745123944768045,0.0060936457672046531,5.4104750635975556,0.024721274867308664,,0.016953903775644832,0.16904752387773675,0.0054531459315398951,31,0.00016904752387773671,5.4531459315398939e-06,0.44999999999999984,365_25_CALENDAR_DAYS_PER_YEAR,NOT_APPLICABLE_REQUIRES_365_CALENDAR_DAYS_AND_CONTIGUOUS_DAILY_RECORDS,RESET_REPORTING_HIGH_WATER_MARK_TO_GROUP_INITIAL_WEALTH_NOT_PORTFOLIO_STATE,0.00029387190518229497
rule_fixed,MONTH,2024-06,30,2024-06-01,2024-06-30,30,False,-0.031507872453509722,-0.032014924669423628,,-10.671641556474544,-0.0010378866068555092,0.0076958179695713396,0.1470787394361906,,-2.5774499061330358,0.0061811687111911137,-3.2090347683563314,0.070832315369679558,,0.018571377880591929,0.092404477844595156,0.0030801492614865051,30,9.2404477844595156e-05,3.080149261486505e-06,0.4499999999999999,365_25_CALENDAR_DAYS_PER_YEAR,NOT_APPLICABLE_REQUIRES_365_CALENDAR_DAYS_AND_CONTIGUOUS_DAILY_RECORDS,RESET_REPORTING_HIGH_WATER_MARK_TO_GROUP_INITIAL_WEALTH_NOT_PORTFOLIO_STATE,0.00016115953346632265
rule_fixed,MONTH,2024-07,31,2024-07-01,2024-07-31,31,False,0.011416120876818621,0.011351448706995835,,3.6617576474180114,0.00042183270086959903,0.01073170634740978,0.20509916526317132,,0.75121902029645859,0.0069316280206489439,1.1630546106044082,0.051341061524900838,,0.021164880856701668,0.3641947498640411,0.011748217737549712,31,0.00036419474986404117,1.1748217737549716e-05,0.43064516129032238,365_25_CALENDAR_DAYS_PER_YEAR,NOT_APPLICABLE_REQUIRES_365_CALENDAR_DAYS_AND_CONTIGUOUS_DAILY_RECORDS,RESET_REPORTING_HIGH_WATER_MARK_TO_GROUP_INITIAL_WEALTH_NOT_PORTFOLIO_STATE,0.00060854646913523756
rule_fixed,MONTH,2024-08,31,2024-08-01,2024-08-31,31,False,-0.04796520597610178,-0.049153696514215306,,-15.85603113361784,-0.0014722299108797109,0.015264439048284581,0.29172655360341282,,-1.8432740122787492,0.010640125337414255,-2.6443808618286093,0.08131944840778399,,0.030305774779117507,0.36182064050793622,0.011671633564772136,31,0.00036182064050793619,1.1671633564772135e-05,0.41774193548387095,365_25_CALENDAR_DAYS_PER_YEAR,NOT_APPLICABLE_REQUIRES_365_CALENDAR_DAYS_AND_CONTIGUOUS_DAILY_RECORDS,RESET_REPORTING_HIGH_WATER_MARK_TO_GROUP_INITIAL_WEALTH_NOT_PORTFOLIO_STATE,0.00060377709771175503
rule_fixed,MONTH,2024-09,30,2024-09-01,2024-09-30,30,False,0.036322472884012837,0.035678362666247868,,11.892787555415957,0.0012352502877066055,0.0096822295844122119,0.18504207451861804,,2.4382301633753167,0.0060990153186885939,3.8707074811077509,0.037120457578906675,,0.015733098806320973,0.24771986633298149,0.0082573288777660504,30,0.00024771986633298146,8.2573288777660483e-06,0.43833333333333319,365_25_CALENDAR_DAYS_PER_YEAR,NOT_APPLICABLE_REQUIRES_365_CALENDAR_DAYS_AND_CONTIGUOUS_DAILY_RECORDS,RESET_REPORTING_HIGH_WATER_MARK_TO_GROUP_INITIAL_WEALTH_NOT_PORTFOLIO_STATE,0.0004068771970016403
rule_fixed,MONTH,2024-10,31,2024-10-01,2024-10-31,31,False,0.049430023893881923,0.048247182394726577,,15.563607224105347,0.00159794366324202,0.0091457594884604091,0.17478931831131417,,3.3391566981205392,0.0053360483714331268,5.7231722671003489,0.021441039278945875,,0.016041792448927044,0.11916520880814108,0.0038440389938110024,31,0.00011916520880814108,3.844038993811003e-06,0.44999999999999984,365_25_CALENDAR_DAYS_PER_YEAR,NOT_APPLICABLE_REQUIRES_365_CALENDAR_DAYS_AND_CONTIGUOUS_DAILY_RECORDS,RESET_REPORTING_HIGH_WATER_MARK_TO_GROUP_INITIAL_WEALTH_NOT_PORTFOLIO_STATE,0.00020755955312438181
rule_fixed,MONTH,2024-11,30,2024-11-01,2024-11-30,30,False,0.15720228485760204,0.14600526858868704,,48.668422862895682,0.0049787877702219116,0.014495036323140193,0.27702210199340294,,6.5644662284630968,0.0055808445370103665,17.049780869648142,0.031927234609693718,,0.020112453005528771,0.17231995560370911,0.005743998520123637,30,0.00017231995560370911,5.7439985201236373e-06,0.4499999999999999,365_25_CALENDAR_DAYS_PER_YEAR,NOT_APPLICABLE_REQUIRES_365_CALENDAR_DAYS_AND_CONTIGUOUS_DAILY_RECORDS,RESET_REPORTING_HIGH_WATER_MARK_TO_GROUP_INITIAL_WEALTH_NOT_PORTFOLIO_STATE,0.00034001971161518176
rule_fixed,MONTH,2024-12,31,2024-12-01,2024-12-31,31,False,-0.011617745022476457,-0.011685758309374728,,-3.7695994546370093,-0.00032585241986776882,0.010264144060089955,0.19616334166406763,,-0.60672700284909387,0.0073888966744872844,-0.84282317600845824,0.057826983098971385,,0.022183891370688151,0.13330314554336459,0.0043001014691407928,31,0.00013330314554336456,4.300101469140792e-06,0.44999999999999984,365_25_CALENDAR_DAYS_PER_YEAR,NOT_APPLICABLE_REQUIRES_365_CALENDAR_DAYS_AND_CONTIGUOUS_DAILY_RECORDS,RESET_REPORTING_HIGH_WATER_MARK_TO_GROUP_INITIAL_WEALTH_NOT_PORTFOLIO_STATE,0.00028042624768243323
rule_fixed,MONTH,2025-01,31,2025-01-01,2025-01-31,31,False,0.043439591995677887,0.042522556061334787,,13.716953568172512,0.0014220364686820333,0.010104927133813913,0.19312046501259592,,2.6895068844839196,0.0064015156183305716,4.2454432221924883,0.043462220600498529,,0.020023308791657871,0.12682565500653475,0.0040911501615011215,31,0.00012682565500653478,4.0911501615011215e-06,0.44999999999999984,365_25_CALENDAR_DAYS_PER_YEAR,NOT_APPLICABLE_REQUIRES_365_CALENDAR_DAYS_AND_CONTIGUOUS_DAILY_RECORDS,RESET_REPORTING_HIGH_WATER_MARK_TO_GROUP_INITIAL_WEALTH_NOT_PORTFOLIO_STATE,0.00026912679526260941
rule_fixed,MONTH,2025-02,28,2025-02-01,2025-02-28,28,False,-0.080282665469660203,-0.083688901224207107,,-29.888893294359683,-0.0029464248627612383,0.0088578420734301607,0.16928678035734873,,-6.3571513313196828,0.0081341742732333137,-6.9227238854501101,0.080670735673964614,,0.021639166868507861,0.21648614076412559,0.0077316478844330567,28,0.00021648614076412562,7.7316478844330577e-06,0.44285714285714289,365_25_CALENDAR_DAYS_PER_YEAR,NOT_APPLICABLE_REQUIRES_365_CALENDAR_DAYS_AND_CONTIGUOUS_DAILY_RECORDS,RESET_REPORTING_HIGH_WATER_MARK_TO_GROUP_INITIAL_WEALTH_NOT_PORTFOLIO_STATE,0.00043997316726592428
rule_fixed,MONTH,2025-03,31,2025-03-01,2025-03-31,31,False,-0.013193148251384275,-0.013280950949524988,,-4.2841777256532225,-0.00034906026329443426,0.012794319664295836,0.24451883030610613,,-0.52140876434213956,0.0090772903345720819,-0.73491869939988141,0.066443805070026118,,0.030037029281737741,0.39563233128463782,0.012762333267246382,31,0.00039563233128463783,1.2762333267246381e-05,0.35806451612903223,365_25_CALENDAR_DAYS_PER_YEAR,NOT_APPLICABLE_REQUIRES_365_CALENDAR_DAYS_AND_CONTIGUOUS_DAILY_RECORDS,RESET_REPORTING_HIGH_WATER_MARK_TO_GROUP_INITIAL_WEALTH_NOT_PORTFOLIO_STATE,0.00078399726907458069
rule_fixed,MONTH,2025-04,30,2025-04-01,2025-04-30,30,False,0.050010451524814349,0.048800117953049456,,16.266705984349819,0.0016851504037420639,0.010895315980642865,0.20822599319890014,,2.9559286787930175,0.0064286497408014166,5.0097265009306966,0.040997141977470911,,0.021323736783291167,0.26799135400332741,0.0089330451334442475,30,0.00026799135400332739,8.9330451334442459e-06,0.39166666666666677,365_25_CALENDAR_DAYS_PER_YEAR,NOT_APPLICABLE_REQUIRES_365_CALENDAR_DAYS_AND_CONTIGUOUS_DAILY_RECORDS,RESET_REPORTING_HIGH_WATER_MARK_TO_GROUP_INITIAL_WEALTH_NOT_PORTFOLIO_STATE,0.00052229461040455803
rule_fixed,MONTH,2025-05,28,2025-05-01,2025-05-28,28,False,0.061672813333825939,0.059845789978653564,,21.373496420947703,0.002174278547914874,0.0085039774964830259,0.16252389223885488,,4.8863907249942633,0.0041191440193273322,10.087959189919376,0.017687053327589242,,0.014517029599372488,0.22499239233963042,0.0080354425835582298,28,0.00022499239233963041,8.0354425835582288e-06,0.4410714285714285,365_25_CALENDAR_DAYS_PER_YEAR,NOT_APPLICABLE_REQUIRES_365_CALENDAR_DAYS_AND_CONTIGUOUS_DAILY_RECORDS,RESET_REPORTING_HIGH_WATER_MARK_TO_GROUP_INITIAL_WEALTH_NOT_PORTFOLIO_STATE,0.00047098810070396181
static50,FULL,FULL,1608,2021-01-02,2025-05-28,1608,False,1.3307724003958139,0.84619971495865676,,5.2624360383001045,0.00065399065920973467,0.015991971157779884,0.30563079432051515,0.21192557173136134,0.78156420333041565,0.010752026029944651,1.1624555374776711,0.48868388833738263,0.43366596851060901,0.036385813777110844,9.3498599493775885,0.0058145895207572067,1608,0.009349859949377589,5.8145895207572071e-06,0.5,365_25_CALENDAR_DAYS_PER_YEAR,REPORTED,RESET_REPORTING_HIGH_WATER_MARK_TO_GROUP_INITIAL_WEALTH_NOT_PORTFOLIO_STATE,0.012735824551968738
static50,REGIME,FULL:BEAR,503,2021-05-14,2025-04-11,1429,True,,0.055296531021251955,0.055296531021251955,1.0993346127485479,0.00027412586993316685,0.01813676167007142,,,,0.012593791337615793,,,,0.042357848228958224,3.2498864114635806,0.0064610067822337587,503,0.0032498864114635807,6.461006782233759e-06,0.5,NOT_APPLICABLE_CONDITIONAL_SELECTION,NOT_APPLICABLE_CONDITIONAL_SELECTION,NOT_APPLICABLE_CONDITIONAL_SELECTION,0.0039419551299534113
static50,REGIME,FULL:BULL,531,2021-01-02,2025-05-28,1608,True,,0.92403114805490438,0.92403114805490438,17.401716535873906,0.0018641632692969121,0.015726223540360757,,,,0.009368682976932689,,,,0.031121067547866116,3.3876627782859536,0.0063797792434763722,531,0.003387662778285954,6.3797792434763727e-06,0.5,NOT_APPLICABLE_CONDITIONAL_SELECTION,NOT_APPLICABLE_CONDITIONAL_SELECTION,NOT_APPLICABLE_CONDITIONAL_SELECTION,0.004845042875953335
static50,REGIME,FULL:MIX,574,2021-04-11,2025-05-05,1486,True,,-0.13312796411749944,-0.13312796411749944,-2.3193025107578302,-0.00013264639122611473,0.014078338241998249,,,,0.010182130657740582,,,,0.034522107598768087,2.7123107596280542,0.0047252800690384218,574,0.0027123107596280539,4.7252800690384213e-06,0.5,NOT_APPLICABLE_CONDITIONAL_SELECTION,NOT_APPLICABLE_CONDITIONAL_SELECTION,NOT_APPLICABLE_CONDITIONAL_SELECTION,0.0039488265460619933
static50,POST2021,POST2021,1244,2022-01-01,2025-05-28,1244,False,0.71792149309886422,0.5411151258350887,,4.349800046905858,0.00053441468544984021,0.014106268585774557,0.26959216160613275,0.17219310942195157,0.72403797906308931,0.0095327053191402687,1.071414027501532,0.40211946257348002,0.42821381566550365,0.032290563893923041,5.9990722789985789,0.0048224053689699189,1244,0.0059990722789985788,4.8224053689699186e-06,0.5,365_25_CALENDAR_DAYS_PER_YEAR,REPORTED,RESET_REPORTING_HIGH_WATER_MARK_TO_GROUP_INITIAL_WEALTH_NOT_PORTFOLIO_STATE,0.0085337708023954899
static50,REGIME,POST2021:BEAR,380,2022-01-01,2025-04-11,1197,True,,-0.0015196358968784518,-0.0015196358968784518,-0.039990418338906625,0.00013444118858227762,0.016659104966255021,,,,0.011612908408589107,,,,0.040139408247485076,2.215730607853815,0.0058308700206679345,380,0.002215730607853815,5.8308700206679342e-06,0.5,NOT_APPLICABLE_CONDITIONAL_SELECTION,NOT_APPLICABLE_CONDITIONAL_SELECTION,NOT_APPLICABLE_CONDITIONAL_SELECTION,0.0026812216773733659
static50,REGIME,POST2021:BULL,388,2023-01-16,2025-05-28,864,True,,0.54342532424187828,0.54342532424187828,14.005807325821605,0.0014861134611928119,0.013054152705378035,,,,0.0079173331250514158,,,,0.026274515457539591,1.7833271307467902,0.0045962039452236859,388,0.00178332713074679,4.5962039452236857e-06,0.5,NOT_APPLICABLE_CONDITIONAL_SELECTION,NOT_APPLICABLE_CONDITIONAL_SELECTION,NOT_APPLICABLE_CONDITIONAL_SELECTION,0.0028941899994990353
static50,REGIME,POST2021:MIX,476,2022-03-25,2025-05-05,1138,True,,-0.00079056250991121901,-0.00079056250991121901,-0.016608456090571828,7.7966794318329175e-05,0.012623948188375983,,,,0.0088732003909732012,,,,0.029964382782747961,2.0000145403979737,0.0042017112193234738,476,0.0020000145403979734,4.2017112193234735e-06,0.5,NOT_APPLICABLE_CONDITIONAL_SELECTION,NOT_APPLICABLE_CONDITIONAL_SELECTION,NOT_APPLICABLE_CONDITIONAL_SELECTION,0.0029583591255230891
static50,YEAR,2021,364,2021-01-02,2021-12-31,364,False,0.35673976357991893,0.30508458912356828,,8.3814447561419865,0.0010626514046968467,0.021226837500982861,0.40567702019533541,,0.95675477348614713,0.014146913319513109,1.4355695582772592,0.29609074577286942,,0.045156534816043169,3.35078767037901,0.0092054606329093677,364,0.0033507876703790093,9.2054606329093667e-06,0.5,365_25_CALENDAR_DAYS_PER_YEAR,NOT_APPLICABLE_REQUIRES_365_CALENDAR_DAYS_AND_CONTIGUOUS_DAILY_RECORDS,RESET_REPORTING_HIGH_WATER_MARK_TO_GROUP_INITIAL_WEALTH_NOT_PORTFOLIO_STATE,0.0042020537495732488
static50,YEAR_REGIME,2021:BEAR,123,2021-05-14,2021-12-31,232,True,,0.056816166918130351,0.056816166918130351,4.6192005624496222,0.00070567203996030423,0.022161174730576903,,,,0.01523019492855074,,,,0.047325253747129314,1.0341558036097656,0.0084077707610550039,123,0.0010341558036097655,8.4077707610550041e-06,0.5,NOT_APPLICABLE_CONDITIONAL_SELECTION,NOT_APPLICABLE_CONDITIONAL_SELECTION,NOT_APPLICABLE_CONDITIONAL_SELECTION,0.0012607334525800463
static50,YEAR_REGIME,2021:BULL,143,2021-01-02,2021-11-17,320,True,,0.38060582381302616,0.38060582381302616,26.615791875036795,0.0028899207905863588,0.021382094340929983,,,,0.012483721888774526,,,,0.038495259983796735,1.6043356475391639,0.011219130402371776,143,0.0016043356475391637,1.1219130402371774e-05,0.5,NOT_APPLICABLE_CONDITIONAL_SELECTION,NOT_APPLICABLE_CONDITIONAL_SELECTION,NOT_APPLICABLE_CONDITIONAL_SELECTION,0.0019508528764542986
static50,YEAR_REGIME,2021:MIX,98,2021-04-11,2021-12-04,238,True,,-0.1323374016075882,-0.1323374016075882,-13.503816490570225,-0.0011556247210134135,0.019726682199471372,,,,0.01499410302142074,,,,0.050623830929962733,0.71229621923008035,0.0072683287676538815,98,0.00071229621923008034,7.2683287676538808e-06,0.5,NOT_APPLICABLE_CONDITIONAL_SELECTION,NOT_APPLICABLE_CONDITIONAL_SELECTION,NOT_APPLICABLE_CONDITIONAL_SELECTION,0.0009904674205389037
static50,YEAR,2022,365,2022-01-01,2022-12-31,365,False,-0.3709119130824185,-0.46348398929252599,,-12.698191487466465,-0.0011283874466537531,0.01674986889389931,0.3201153681618838,-0.37111158841155112,-1.2874843130988338,0.012728459007318236,-1.6942501393891085,0.40211946257348002,-0.92288889982224431,0.044092541461644576,2.0889519670869507,0.0057231560742108242,365,0.0020889519670869508,5.7231560742108242e-06,0.5,365_25_CALENDAR_DAYS_PER_YEAR,REPORTED,RESET_REPORTING_HIGH_WATER_MARK_TO_GROUP_INITIAL_WEALTH_NOT_PORTFOLIO_STATE,0.0022595431299020632
static50,YEAR_REGIME,2022:BEAR,321,2022-01-01,2022-12-31,365,True,,-0.26078393268046302,-0.26078393268046302,-8.124110052350872,-0.00067348524021842635,0.016653863271845492,,,,0.012198065205070408,,,,0.042058372910071223,1.8554351746092097,0.0057801718835177873,321,0.0018554351746092098,5.7801718835177878e-06,0.5,NOT_APPLICABLE_CONDITIONAL_SELECTION,NOT_APPLICABLE_CONDITIONAL_SELECTION,NOT_APPLICABLE_CONDITIONAL_SELECTION,0.001996327605703241
static50,YEAR_REGIME,2022:MIX,44,2022-03-25,2022-12-17,268,True,,-0.20270005661206295,-0.20270005661206295,-46.068194684559764,-0.0044471058163296599,0.017266543671162898,,,,0.016076876365834911,,,,0.058009696546765958,0.23351679247774115,0.0053071998290395717,44,0.00023351679247774114,5.3071998290395716e-06,0.5,NOT_APPLICABLE_CONDITIONAL_SELECTION,NOT_APPLICABLE_CONDITIONAL_SELECTION,NOT_APPLICABLE_CONDITIONAL_SELECTION,0.00026321552419882261
static50,YEAR,2023,365,2023-01-01,2023-12-31,365,False,0.63518986044576697,0.49175892020430928,,13.472847128885187,0.0014138302056358968,0.011516830248282275,0.22010407235662527,0.63574071978651747,2.3461695964071394,0.0065664391708101866,4.1149299144681022,0.10376470063024117,6.1267532785734007,0.022444445859568406,1.3984858873428849,0.0038314681845010544,365,0.001398485887342885,3.831468184501055e-06,0.5,365_25_CALENDAR_DAYS_PER_YEAR,REPORTED,RESET_REPORTING_HIGH_WATER_MARK_TO_GROUP_INITIAL_WEALTH_NOT_PORTFOLIO_STATE,0.0015873424277206788
static50,YEAR_REGIME,2023:BEAR,1,2023-01-01,2023-01-01,1,True,,0.0024449475383921801,0.0024449475383921801,24.449475383921801,0.0024479388600029406,,,,,0,,,,-0.0024479388600029406,0.0010529618701085042,0.0010529618701085042,1,1.0529618701085042e-06,1.0529618701085042e-06,0.5,NOT_APPLICABLE_CONDITIONAL_SELECTION,NOT_APPLICABLE_CONDITIONAL_SELECTION,NOT_APPLICABLE_CONDITIONAL_SELECTION,8.9871224569943896e-07
static50,YEAR_REGIME,2023:BULL,180,2023-01-16,2023-12-31,350,True,,0.1682029554906691,0.1682029554906691,9.3446086383705058,0.0009985734475934946,0.011344265966355474,,,,0.0069897317998026216,,,,0.022914539702926912,0.72609489704277275,0.0040338605391265154,180,0.00072609489704277279,4.0338605391265151e-06,0.5,NOT_APPLICABLE_CONDITIONAL_SELECTION,NOT_APPLICABLE_CONDITIONAL_SELECTION,NOT_APPLICABLE_CONDITIONAL_SELECTION,0.00086232944958482141
static50,YEAR_REGIME,2023:MIX,184,2023-01-02,2023-10-21,293,True,,0.32111101717524804,0.32111101717524804,17.451685716046089,0.0018144394871210349,0.011730683145274978,,,,0.0061432058269645087,,,,0.021584372432328733,0.67133802843000367,0.0036485762414674113,184,0.00067133802843000363,3.6485762414674112e-06,0.5,NOT_APPLICABLE_CONDITIONAL_SELECTION,NOT_APPLICABLE_CONDITIONAL_SELECTION,NOT_APPLICABLE_CONDITIONAL_SELECTION,0.00072411426589015808
static50,YEAR,2024,366,2024-01-01,2024-12-31,366,False,0.53774926568589621,0.43031983158120379,,11.757372447573873,0.0012722657678749651,0.013900176715721777,0.26565343377040945,0.5363938715554093,1.7492530215812792,0.0086132961776284826,2.8229525165573421,0.12866659595520155,4.1688665777881315,0.027973820608846286,1.8377890679559454,0.005021281606437009,366,0.0018377890679559454,5.0212816064370089e-06,0.5,365_25_CALENDAR_DAYS_PER_YEAR,REPORTED,RESET_REPORTING_HIGH_WATER_MARK_TO_GROUP_INITIAL_WEALTH_NOT_PORTFOLIO_STATE,0.0032443762901283191
static50,YEAR_REGIME,2024:BEAR,21,2024-07-05,2024-09-02,60,True,,0.15158128498403775,0.15158128498403775,72.181564278113214,0.0073577610921078023,0.015609916577547043,,,,0.0052693617156459333,,,,0.020083977692762395,0.12902386797142323,0.0061439937129249157,21,0.00012902386797142322,6.1439937129249151e-06,0.5,NOT_APPLICABLE_CONDITIONAL_SELECTION,NOT_APPLICABLE_CONDITIONAL_SELECTION,NOT_APPLICABLE_CONDITIONAL_SELECTION,0.00021413372370829875
static50,YEAR_REGIME,2024:BULL,153,2024-01-01,2024-12-31,366,True,,0.29388373995458078,0.29388373995458078,19.208087578730769,0.0020418402358821394,0.015531783832481647,,,,0.0093182130255265987,,,,0.031375309131485778,0.84510697225412779,0.0055235749820531227,153,0.00084510697225412777,5.5235749820531225e-06,0.5,NOT_APPLICABLE_CONDITIONAL_SELECTION,NOT_APPLICABLE_CONDITIONAL_SELECTION,NOT_APPLICABLE_CONDITIONAL_SELECTION,0.0015533222176339167
static50,YEAR_REGIME,2024:MIX,192,2024-01-15,2024-11-05,296,True,,-0.01514519335741471,-0.01514519335741471,-0.7888121540320161,-6.5899374062187528e-06,0.012064358800079866,,,,0.0083182736186259796,,,,0.025922464389149909,0.86365822773039436,0.0044982199360958037,192,0.00086365822773039444,4.4982199360958044e-06,0.5,NOT_APPLICABLE_CONDITIONAL_SELECTION,NOT_APPLICABLE_CONDITIONAL_SELECTION,NOT_APPLICABLE_CONDITIONAL_SELECTION,0.0014769203487861038
static50,YEAR,2025,148,2025-01-01,2025-05-28,148,False,0.086020788226730399,0.082520363342101596,,5.575700225817676,0.00064172966641136159,0.013020541550474152,0.24884227324401617,,0.94192902838057535,0.0086286459743145569,1.4213616004336407,0.14616020665682472,,0.028221622215124822,0.67384535661279787,0.004553009166302688,148,0.00067384535661279784,4.5530091663026879e-06,0.5,365_25_CALENDAR_DAYS_PER_YEAR,NOT_APPLICABLE_REQUIRES_365_CALENDAR_DAYS_AND_CONTIGUOUS_DAILY_RECORDS,RESET_REPORTING_HIGH_WATER_MARK_TO_GROUP_INITIAL_WEALTH_NOT_PORTFOLIO_STATE,0.0014425089546444287
static50,YEAR_REGIME,2025:BEAR,37,2025-02-27,2025-04-11,44,True,,0.10523806426115473,0.10523806426115473,28.442720070582361,0.0029814997831652309,0.016621613243225187,,,,0.0088548156143219512,,,,0.02602111983813496,0.2302186034030736,0.0062221244162992866,37,0.00023021860340307362,6.222124416299287e-06,0.5,NOT_APPLICABLE_CONDITIONAL_SELECTION,NOT_APPLICABLE_CONDITIONAL_SELECTION,NOT_APPLICABLE_CONDITIONAL_SELECTION,0.00046986163571612592
static50,YEAR_REGIME,2025:BULL,55,2025-01-01,2025-05-28,148,True,,0.081338628796628412,0.081338628796628412,14.788841599386982,0.0015357681142911756,0.010676205855119743,,,,0.0063852971243686081,,,,0.02080484380489328,0.21212526144988969,0.0038568229354525399,55,0.00021212526144988964,3.8568229354525392e-06,0.5,NOT_APPLICABLE_CONDITIONAL_SELECTION,NOT_APPLICABLE_CONDITIONAL_SELECTION,NOT_APPLICABLE_CONDITIONAL_SELECTION,0.00047853833228029749
static50,YEAR_REGIME,2025:MIX,56,2025-01-10,2025-05-05,116,True,,-0.10405632971568159,-0.10405632971568159,-18.581487449228856,-0.0017822633506115479,0.012243742812155185,,,,0.010243093902372175,,,,0.033505629344628703,0.23150149175983459,0.0041339552099970466,56,0.0002315014917598346,4.1339552099970461e-06,0.5,NOT_APPLICABLE_CONDITIONAL_SELECTION,NOT_APPLICABLE_CONDITIONAL_SELECTION,NOT_APPLICABLE_CONDITIONAL_SELECTION,0.0004941089866480051
static50,MONTH,2021-01,30,2021-01-02,2021-01-31,30,False,0.073200890047701736,0.070645668909000925,,23.548556303000307,0.0027343317510068058,0.027922601156489195,0.53364320675384946,,1.8715026433680566,0.017693160359764652,2.9535267194501702,0.12880449258660528,,0.055104155928685873,0.81848969940841876,0.027282989980280625,30,0.00081848969940841881,2.7282989980280628e-05,0.5,365_25_CALENDAR_DAYS_PER_YEAR,NOT_APPLICABLE_REQUIRES_365_CALENDAR_DAYS_AND_CONTIGUOUS_DAILY_RECORDS,RESET_REPORTING_HIGH_WATER_MARK_TO_GROUP_INITIAL_WEALTH_NOT_PORTFOLIO_STATE,0.00084797176019435667
static50,MONTH,2021-02,28,2021-02-01,2021-02-28,28,False,0.17896133253017188,0.16463382418124972,,58.797794350446331,0.0062420000313296942,0.02707095983467318,0.51736705098200919,,4.4067176429494941,0.012857655105282346,9.2780585058640686,0.11129940232640965,,0.042599340832591634,0.26212505076937409,0.0093616089560490754,28,0.00026212505076937404,9.361608956049073e-06,0.5,365_25_CALENDAR_DAYS_PER_YEAR,NOT_APPLICABLE_REQUIRES_365_CALENDAR_DAYS_AND_CONTIGUOUS_DAILY_RECORDS,RESET_REPORTING_HIGH_WATER_MARK_TO_GROUP_INITIAL_WEALTH_NOT_PORTFOLIO_STATE,0.00033399156635526646
static50,MONTH,2021-03,31,2021-03-01,2021-03-31,31,False,0.14641080700398779,0.1366360243924756,,44.076136900798581,0.0045806906218043503,0.018441373445052697,0.35244258251621152,,4.747148422501076,0.0099003624701040314,8.8424981532534979,0.082903460674266793,,0.028109270374793386,0.23017818289164571,0.0074251026739240548,31,0.00023017818289164572,7.4251026739240555e-06,0.5,365_25_CALENDAR_DAYS_PER_YEAR,NOT_APPLICABLE_REQUIRES_365_CALENDAR_DAYS_AND_CONTIGUOUS_DAILY_RECORDS,RESET_REPORTING_HIGH_WATER_MARK_TO_GROUP_INITIAL_WEALTH_NOT_PORTFOLIO_STATE,0.00032000198059225804
static50,MONTH,2021-04,30,2021-04-01,2021-04-30,30,False,-0.0045871498851769643,-0.0045977031424938933,,-1.5325677141646312,9.8383644915323036e-07,0.017964064444772467,0.34332048446759111,,0.0010466787719074742,0.010616372323448723,0.0017710950914929058,0.12102474741137621,,0.029152141164576682,0.17440786351765641,0.0058135954505885469,30,0.0001744078635176564,5.8135954505885464e-06,0.5,365_25_CALENDAR_DAYS_PER_YEAR,NOT_APPLICABLE_REQUIRES_365_CALENDAR_DAYS_AND_CONTIGUOUS_DAILY_RECORDS,RESET_REPORTING_HIGH_WATER_MARK_TO_GROUP_INITIAL_WEALTH_NOT_PORTFOLIO_STATE,0.00024815856604922123
static50,MONTH,2021-05,31,2021-05-01,2021-05-31,31,False,-0.18518149655295868,-0.20478988569852732,,-66.061253451137844,-0.0061728102059737397,0.029050258613750692,0.55519444899809389,,-4.0609536565082784,0.023879593242366576,-4.9402748506921572,0.22488634056339205,,0.069332070411339916,0.34675369358759278,0.011185603018954606,31,0.00034675369358759273,1.1185603018954605e-05,0.5,365_25_CALENDAR_DAYS_PER_YEAR,NOT_APPLICABLE_REQUIRES_365_CALENDAR_DAYS_AND_CONTIGUOUS_DAILY_RECORDS,RESET_REPORTING_HIGH_WATER_MARK_TO_GROUP_INITIAL_WEALTH_NOT_PORTFOLIO_STATE,0.00044052690075978377
static50,MONTH,2021-06,30,2021-06-01,2021-06-30,30,False,-0.021836309829923978,-0.022078250590469882,,-7.3594168634899599,-0.00041517102640551047,0.025769827476457192,0.49250044059144343,,-0.30790067357606188,0.017838272739378255,-0.44480468226188991,0.11373673818389977,,0.051328061777265115,0.30176877526708556,0.010058959175569518,30,0.00030176877526708556,1.0058959175569519e-05,0.5,365_25_CALENDAR_DAYS_PER_YEAR,NOT_APPLICABLE_REQUIRES_365_CALENDAR_DAYS_AND_CONTIGUOUS_DAILY_RECORDS,RESET_REPORTING_HIGH_WATER_MARK_TO_GROUP_INITIAL_WEALTH_NOT_PORTFOLIO_STATE,0.00034837497691935605
static50,MONTH,2021-07,31,2021-07-01,2021-07-31,31,False,0.09317783508779473,0.089088899608084013,,28.738354712285165,0.0030002424583172433,0.015948048572516218,0.3047913671798394,,3.5953726906372103,0.0087494471371822383,6.5534630254417028,0.080276428553146331,,0.022234744492080741,0.19877035838610746,0.0064119470447131441,31,0.00019877035838610743,6.4119470447131428e-06,0.5,365_25_CALENDAR_DAYS_PER_YEAR,NOT_APPLICABLE_REQUIRES_365_CALENDAR_DAYS_AND_CONTIGUOUS_DAILY_RECORDS,RESET_REPORTING_HIGH_WATER_MARK_TO_GROUP_INITIAL_WEALTH_NOT_PORTFOLIO_STATE,0.00022747837983935456
static50,MONTH,2021-08,31,2021-08-01,2021-08-31,31,False,0.069184141747151442,0.066895873286317853,,21.579313963328339,0.0022937531063234361,0.01666879724950706,0.31856596622587424,,2.6298896018622737,0.0090234632825042429,4.8581232271455717,0.041767760204671073,,0.021399450038178978,0.20881246161465666,0.006735885858537312,31,0.00020881246161465663,6.7358858585373106e-06,0.5,365_25_CALENDAR_DAYS_PER_YEAR,NOT_APPLICABLE_REQUIRES_365_CALENDAR_DAYS_AND_CONTIGUOUS_DAILY_RECORDS,RESET_REPORTING_HIGH_WATER_MARK_TO_GROUP_INITIAL_WEALTH_NOT_PORTFOLIO_STATE,0.00027474154534725922
static50,MONTH,2021-09,30,2021-09-01,2021-09-30,30,False,-0.030120843782604097,-0.030583796464772696,,-10.194598821590898,-0.00082505169740870374,0.019905900838935741,0.38043191955793543,,-0.7921263095607225,0.015743752027502382,-1.0015393879732823,0.11801483797552111,,0.052706401757127548,0.21206416933362676,0.0070688056444542253,30,0.00021206416933362677,7.0688056444542254e-06,0.5,365_25_CALENDAR_DAYS_PER_YEAR,NOT_APPLICABLE_REQUIRES_365_CALENDAR_DAYS_AND_CONTIGUOUS_DAILY_RECORDS,RESET_REPORTING_HIGH_WATER_MARK_TO_GROUP_INITIAL_WEALTH_NOT_PORTFOLIO_STATE,0.00028063115571827193
static50,MONTH,2021-10,31,2021-10-01,2021-10-31,31,False,0.18843166135091285,0.17263450624983581,,55.688550403172847,0.0057339250091589028,0.017670243480338813,0.33770512074151343,,6.2016119417932147,0.0083416147681506271,13.137023948944375,0.057930907311358255,,0.026187538730148348,0.22745952788890572,0.0073374041254485713,31,0.00022745952788890572,7.3374041254485716e-06,0.5,365_25_CALENDAR_DAYS_PER_YEAR,NOT_APPLICABLE_REQUIRES_365_CALENDAR_DAYS_AND_CONTIGUOUS_DAILY_RECORDS,RESET_REPORTING_HIGH_WATER_MARK_TO_GROUP_INITIAL_WEALTH_NOT_PORTFOLIO_STATE,0.00033805633736023045
static50,MONTH,2021-11,30,2021-11-01,2021-11-30,30,False,-0.033091547415020975,-0.033651459587543425,,-11.217153195847809,-0.00099029840531719509,0.016400690560812392,0.31344204126253217,,-1.1539820602404387,0.012552165361203746,-1.5077958374599676,0.10562157975447334,,0.038861265164774242,0.18583826595919434,0.0061946088653064783,30,0.00018583826595919433,6.1946088653064779e-06,0.5,365_25_CALENDAR_DAYS_PER_YEAR,NOT_APPLICABLE_REQUIRES_365_CALENDAR_DAYS_AND_CONTIGUOUS_DAILY_RECORDS,RESET_REPORTING_HIGH_WATER_MARK_TO_GROUP_INITIAL_WEALTH_NOT_PORTFOLIO_STATE,0.00028521112967611756
static50,MONTH,2021-12,31,2021-12-01,2021-12-31,31,False,-0.094935540651851377,-0.099749112019588471,,-32.177132909544667,-0.0030846630321242478,0.016180580057973716,0.30923539611809386,,-3.6434159434100368,0.013875807401568151,-4.248587606525982,0.098978786142206301,,0.038657588421886394,0.18411962175474528,0.0059393426372498477,31,0.00018411962175474527,5.9393426372498472e-06,0.5,365_25_CALENDAR_DAYS_PER_YEAR,NOT_APPLICABLE_REQUIRES_365_CALENDAR_DAYS_AND_CONTIGUOUS_DAILY_RECORDS,RESET_REPORTING_HIGH_WATER_MARK_TO_GROUP_INITIAL_WEALTH_NOT_PORTFOLIO_STATE,0.00025690945076177252
static50,MONTH,2022-01,31,2022-01-01,2022-01-31,31,False,-0.08459662687115535,-0.088390465900644394,,-28.513053516336903,-0.0027536649885529845,0.013788853315622115,0.26352587495584967,,-3.8166124568886532,0.012455281433580942,-4.2252525253043114,0.14055258059420075,,0.042933822513239586,0.15064556718814393,0.0048595344254239977,31,0.00015064556718814398,4.8595344254239989e-06,0.5,365_25_CALENDAR_DAYS_PER_YEAR,NOT_APPLICABLE_REQUIRES_365_CALENDAR_DAYS_AND_CONTIGUOUS_DAILY_RECORDS,RESET_REPORTING_HIGH_WATER_MARK_TO_GROUP_INITIAL_WEALTH_NOT_PORTFOLIO_STATE,0.00019183356361904884
static50,MONTH,2022-02,28,2022-02-01,2022-02-28,28,False,0.065918107816164959,0.063836500856641346,,22.798750305943337,0.0025236201117626311,0.022600965720866353,0.43193869208041219,,2.1339886023679075,0.011428300354215964,4.2202428844149331,0.087312914665550495,,0.03382519222931088,0.17832857886580655,0.0063688778166359483,28,0.00017832857886580656,6.3688778166359482e-06,0.5,365_25_CALENDAR_DAYS_PER_YEAR,NOT_APPLICABLE_REQUIRES_365_CALENDAR_DAYS_AND_CONTIGUOUS_DAILY_RECORDS,RESET_REPORTING_HIGH_WATER_MARK_TO_GROUP_INITIAL_WEALTH_NOT_PORTFOLIO_STATE,0.00022710824849072676
static50,MONTH,2022-03,31,2022-03-01,2022-03-31,31,False,0.030630743010716898,0.030170986673476112,,9.7325763462826167,0.0011037197002011026,0.016394393710784223,0.31332169891968781,,1.2866444356979754,0.010806734985937502,1.9519082749851004,0.075381986758212463,,0.035867770740765192,0.21534404618894676,0.0069465821351273145,31,0.00021534404618894675,6.9465821351273148e-06,0.5,365_25_CALENDAR_DAYS_PER_YEAR,NOT_APPLICABLE_REQUIRES_365_CALENDAR_DAYS_AND_CONTIGUOUS_DAILY_RECORDS,RESET_REPORTING_HIGH_WATER_MARK_TO_GROUP_INITIAL_WEALTH_NOT_PORTFOLIO_STATE,0.0002804860116875043
static50,MONTH,2022-04,30,2022-04-01,2022-04-30,30,False,-0.088454115931838231,-0.092613347053962694,,-30.871115684654232,-0.003005180249661025,0.012587017000815362,0.24055696237380483,,-4.5629196318294367,0.011163843348566727,-5.1446034475721047,0.099358887038149352,,0.030435845914774072,0.15979881377877481,0.0053266271259591602,30,0.00015979881377877484,5.3266271259591615e-06,0.5,365_25_CALENDAR_DAYS_PER_YEAR,NOT_APPLICABLE_REQUIRES_365_CALENDAR_DAYS_AND_CONTIGUOUS_DAILY_RECORDS,RESET_REPORTING_HIGH_WATER_MARK_TO_GROUP_INITIAL_WEALTH_NOT_PORTFOLIO_STATE,0.00020768864057923645
static50,MONTH,2022-05,31,2022-05-01,2022-05-31,31,False,-0.074939242600346304,-0.077895859951488705,,-25.12769675854474,-0.0022962959489636371,0.020890118955925845,0.39924181871999015,,-2.1007871821844635,0.016850727721224212,-2.6043797551628463,0.14639235084805727,,0.051617604462442304,0.25645041359134468,0.0082725939868175703,31,0.00025645041359134463,8.2725939868175683e-06,0.5,365_25_CALENDAR_DAYS_PER_YEAR,NOT_APPLICABLE_REQUIRES_365_CALENDAR_DAYS_AND_CONTIGUOUS_DAILY_RECORDS,RESET_REPORTING_HIGH_WATER_MARK_TO_GROUP_INITIAL_WEALTH_NOT_PORTFOLIO_STATE,0.00029392184479979229
static50,MONTH,2022-06,30,2022-06-01,2022-06-30,30,False,-0.20133094733960782,-0.22480862094809359,,-74.936206982697854,-0.0072087069907104152,0.022821736034470769,0.43615794720810053,,-6.0367585761328018,0.021000021945800466,-6.5604365121095114,0.22154457910841097,,0.068284060924442197,0.24450294722364596,0.0081500982407881981,30,0.00024450294722364599,8.1500982407882002e-06,0.5,365_25_CALENDAR_DAYS_PER_YEAR,NOT_APPLICABLE_REQUIRES_365_CALENDAR_DAYS_AND_CONTIGUOUS_DAILY_RECORDS,RESET_REPORTING_HIGH_WATER_MARK_TO_GROUP_INITIAL_WEALTH_NOT_PORTFOLIO_STATE,0.0002438013883296227
static50,MONTH,2022-07,31,2022-07-01,2022-07-31,31,False,0.085725365344707996,0.082248303107659584,,26.531710679890185,0.0027902579831294025,0.016688155202791165,0.31893592603759902,,3.1954434892288321,0.0087755108545024812,6.076689753353687,0.05435179867204095,,0.025816149283186464,0.18490961782515297,0.0059648263814565472,31,0.00018490961782515299,5.9648263814565481e-06,0.5,365_25_CALENDAR_DAYS_PER_YEAR,NOT_APPLICABLE_REQUIRES_365_CALENDAR_DAYS_AND_CONTIGUOUS_DAILY_RECORDS,RESET_REPORTING_HIGH_WATER_MARK_TO_GROUP_INITIAL_WEALTH_NOT_PORTFOLIO_STATE,0.00017672021306390078
static50,MONTH,2022-08,31,2022-08-01,2022-08-31,31,False,-0.069849337328050556,-0.072408703082819881,,-23.357646155748348,-0.002240177999591459,0.01374372674680719,0.2626634378656505,,-3.1151081437123862,0.011911811874299485,-3.5941799254158049,0.10374083281768041,,0.043804497686473119,0.14786052603935956,0.0047696943883664376,31,0.0001478605260393596,4.769694388366439e-06,0.5,365_25_CALENDAR_DAYS_PER_YEAR,NOT_APPLICABLE_REQUIRES_365_CALENDAR_DAYS_AND_CONTIGUOUS_DAILY_RECORDS,RESET_REPORTING_HIGH_WATER_MARK_TO_GROUP_INITIAL_WEALTH_NOT_PORTFOLIO_STATE,0.00014304366030451176
static50,MONTH,2022-09,30,2022-09-01,2022-09-30,30,False,-0.011670525716214087,-0.011739160829295929,,-3.9130536097653095,-0.00025295586179495307,0.01692180700654046,0.32340136595552793,,-0.28568873927796512,0.011774857770120389,-0.41056714266826794,0.089770160380876249,,0.041521388480657326,0.16601500148450837,0.0055338333828169458,30,0.00016601500148450839,5.5338333828169459e-06,0.5,365_25_CALENDAR_DAYS_PER_YEAR,NOT_APPLICABLE_REQUIRES_365_CALENDAR_DAYS_AND_CONTIGUOUS_DAILY_RECORDS,RESET_REPORTING_HIGH_WATER_MARK_TO_GROUP_INITIAL_WEALTH_NOT_PORTFOLIO_STATE,0.00015403338448838111
static50,MONTH,2022-10,31,2022-10-01,2022-10-31,31,False,0.028221260311800247,0.027830377639852001,,8.9775411741458075,0.00093170962528572746,0.0083486177521465924,0.15955473217731508,,2.1328539491854412,0.0043435150484782302,4.0995327848913723,0.032238156582689768,,0.011190430606181035,0.10341869546115323,0.0033360869503597816,31,0.00010341869546115323,3.3360869503597815e-06,0.5,365_25_CALENDAR_DAYS_PER_YEAR,NOT_APPLICABLE_REQUIRES_365_CALENDAR_DAYS_AND_CONTIGUOUS_DAILY_RECORDS,RESET_REPORTING_HIGH_WATER_MARK_TO_GROUP_INITIAL_WEALTH_NOT_PORTFOLIO_STATE,9.5835053950507493e-05
static50,MONTH,2022-11,30,2022-11-01,2022-11-30,30,False,-0.078587403313836304,-0.08184735532766331,,-27.282451775887768,-0.0025021665942012421,0.021287848027000664,0.40684302376955156,,-2.2463611150665175,0.017174635698854784,-2.7843498324967944,0.13408990926682762,,0.064212303695258835,0.19186434357868815,0.0063954781192896047,30,0.00019186434357868818,6.3954781192896064e-06,0.5,365_25_CALENDAR_DAYS_PER_YEAR,NOT_APPLICABLE_REQUIRES_365_CALENDAR_DAYS_AND_CONTIGUOUS_DAILY_RECORDS,RESET_REPORTING_HIGH_WATER_MARK_TO_GROUP_INITIAL_WEALTH_NOT_PORTFOLIO_STATE,0.00016736130695803463
static50,MONTH,2022-12,31,2022-12-01,2022-12-31,31,False,-0.017707982309145193,-0.017866644476186459,,-5.7634337019956314,-0.00055014483173216678,0.00733093629807557,0.14010529795158683,,-1.4342098602124851,0.0053820137189174114,-1.9535626760543636,0.038500935851132664,,0.017896304665682792,0.089813415861425827,0.0028972069632718007,31,8.9813415861425837e-05,2.8972069632718014e-06,0.5,365_25_CALENDAR_DAYS_PER_YEAR,NOT_APPLICABLE_REQUIRES_365_CALENDAR_DAYS_AND_CONTIGUOUS_DAILY_RECORDS,RESET_REPORTING_HIGH_WATER_MARK_TO_GROUP_INITIAL_WEALTH_NOT_PORTFOLIO_STATE,7.7709813630796306e-05
static50,MONTH,2023-01,31,2023-01-01,2023-01-31,31,False,0.18520616376281734,0.1699167373136195,,54.811850746328872,0.0055606694853041969,0.0116081368544994,0.22184907991757713,,9.1550279598272013,0.0041939449371653148,25.339583389063836,0.019392438947491757,,0.016427126647763551,0.1260341671903093,0.0040656182964615905,31,0.00012603416719030931,4.0656182964615906e-06,0.5,365_25_CALENDAR_DAYS_PER_YEAR,NOT_APPLICABLE_REQUIRES_365_CALENDAR_DAYS_AND_CONTIGUOUS_DAILY_RECORDS,RESET_REPORTING_HIGH_WATER_MARK_TO_GROUP_INITIAL_WEALTH_NOT_PORTFOLIO_STATE,0.0001205260028125958
static50,MONTH,2023-02,28,2023-02-01,2023-02-28,28,False,0.0023775525055687355,0.0023747305995451169,,0.84811807126611316,0.00017201386316976447,0.013534780905606352,0.25867016631793932,,0.24288871197280862,0.0074720045103290568,0.43996835072200946,0.044641783344249633,,0.022865978620417275,0.12539314768356813,0.0044783267029845763,28,0.0001253931476835681,4.4783267029845755e-06,0.5,365_25_CALENDAR_DAYS_PER_YEAR,NOT_APPLICABLE_REQUIRES_365_CALENDAR_DAYS_AND_CONTIGUOUS_DAILY_RECORDS,RESET_REPORTING_HIGH_WATER_MARK_TO_GROUP_INITIAL_WEALTH_NOT_PORTFOLIO_STATE,0.00012802540626940661
static50,MONTH,2023-03,31,2023-03-01,2023-03-31,31,False,0.11485516054937339,0.10872449562165568,,35.072417942469571,0.0036736890091618951,0.018310940708670915,0.34994981533745323,,3.8343066685218363,0.0091384719024790798,7.6828777081558215,0.075858519641980676,,0.028447807864827385,0.20662474866920394,0.006665314473200127,31,0.00020662474866920395,6.6653144732001275e-06,0.5,365_25_CALENDAR_DAYS_PER_YEAR,NOT_APPLICABLE_REQUIRES_365_CALENDAR_DAYS_AND_CONTIGUOUS_DAILY_RECORDS,RESET_REPORTING_HIGH_WATER_MARK_TO_GROUP_INITIAL_WEALTH_NOT_PORTFOLIO_STATE,0.00021784763282002603
static50,MONTH,2023-04,30,2023-04-01,2023-04-30,30,False,0.015045177593311291,0.014933121447361537,,4.977707149120512,0.00054981257826670253,0.010362656014927318,0.19804605435220068,,1.0140017425178336,0.0068753073699822009,1.5283318535148505,0.053379312960591049,,0.02297360767379119,0.11376707312468409,0.0037922357708228033,30,0.00011376707312468408,3.7922357708228025e-06,0.5,365_25_CALENDAR_DAYS_PER_YEAR,NOT_APPLICABLE_REQUIRES_365_CALENDAR_DAYS_AND_CONTIGUOUS_DAILY_RECORDS,RESET_REPORTING_HIGH_WATER_MARK_TO_GROUP_INITIAL_WEALTH_NOT_PORTFOLIO_STATE,0.00012967459838065585
static50,MONTH,2023-05,31,2023-05-01,2023-05-31,31,False,-0.034349133029620352,-0.034952931453773095,,-11.275139178636483,-0.0010882699948629609,0.008930837030457061,0.17068182456280742,,-2.3288397381610366,0.0068413481119359498,-3.0401154613491812,0.055028593641404222,,0.018769068198583681,0.1022651797107979,0.0032988767648644483,31,0.00010226517971079789,3.2988767648644482e-06,0.5,365_25_CALENDAR_DAYS_PER_YEAR,NOT_APPLICABLE_REQUIRES_365_CALENDAR_DAYS_AND_CONTIGUOUS_DAILY_RECORDS,RESET_REPORTING_HIGH_WATER_MARK_TO_GROUP_INITIAL_WEALTH_NOT_PORTFOLIO_STATE,0.00011424592979151233
static50,MONTH,2023-06,30,2023-06-01,2023-06-30,30,False,0.060428645063334924,0.058673208518777262,,19.55773617292575,0.0020332477944268734,0.012535829042828349,0.23957868295440973,,3.0997906314383394,0.0070351361666612985,5.5234816361362933,0.039050622747778728,,0.022335730535817271,0.13606287347416451,0.0045354291158054838,30,0.0001360628734741645,4.5354291158054831e-06,0.5,365_25_CALENDAR_DAYS_PER_YEAR,NOT_APPLICABLE_REQUIRES_365_CALENDAR_DAYS_AND_CONTIGUOUS_DAILY_RECORDS,RESET_REPORTING_HIGH_WATER_MARK_TO_GROUP_INITIAL_WEALTH_NOT_PORTFOLIO_STATE,0.00015194725959494625
static50,MONTH,2023-07,31,2023-07-01,2023-07-31,31,False,-0.019997481673171155,-0.020200137599567253,,-6.5161734192152432,-0.00063087926905947716,0.0065078448990516192,0.12437477445325669,,-1.8526960473851968,0.0049863993753870711,-2.4179889362618323,0.036760953145897585,,0.01713588566119947,0.065935422544682876,0.0021269491143446088,31,6.5935422544682876e-05,2.126949114344609e-06,0.5,365_25_CALENDAR_DAYS_PER_YEAR,NOT_APPLICABLE_REQUIRES_365_CALENDAR_DAYS_AND_CONTIGUOUS_DAILY_RECORDS,RESET_REPORTING_HIGH_WATER_MARK_TO_GROUP_INITIAL_WEALTH_NOT_PORTFOLIO_STATE,7.7259217251870343e-05
static50,MONTH,2023-08,31,2023-08-01,2023-08-31,31,False,-0.056421598676787574,-0.058075821363818926,,-18.734135923812556,-0.0018161211615228688,0.010683794932035778,0.20418350553659331,,-3.2487357512203445,0.0086978372666607229,-3.9905122952175889,0.065203225795414335,,0.032328759231859648,0.082215090065962282,0.0026520996795471705,31,8.2215090065962268e-05,2.6520996795471699e-06,0.5,365_25_CALENDAR_DAYS_PER_YEAR,NOT_APPLICABLE_REQUIRES_365_CALENDAR_DAYS_AND_CONTIGUOUS_DAILY_RECORDS,RESET_REPORTING_HIGH_WATER_MARK_TO_GROUP_INITIAL_WEALTH_NOT_PORTFOLIO_STATE,9.2157218165842805e-05
static50,MONTH,2023-09,30,2023-09-01,2023-09-30,30,False,0.020008388936227094,0.019810851709640597,,6.6036172365468655,0.00067699788574386479,0.0058312194992044663,0.1114434380737437,,2.2188249217896727,0.0035686669609477804,3.6255709178938123,0.020755290963949392,,0.012102664295678299,0.07295172930136451,0.0024317243100454838,30,7.2951729301364498e-05,2.4317243100454834e-06,0.5,365_25_CALENDAR_DAYS_PER_YEAR,NOT_APPLICABLE_REQUIRES_365_CALENDAR_DAYS_AND_CONTIGUOUS_DAILY_RECORDS,RESET_REPORTING_HIGH_WATER_MARK_TO_GROUP_INITIAL_WEALTH_NOT_PORTFOLIO_STATE,7.9688098548697387e-05
static50,MONTH,2023-10,31,2023-10-01,2023-10-31,31,False,0.13600020126821338,0.12751349747166696,,41.133386281182894,0.0041873382348138364,0.011759727135521413,0.22474619982499322,,6.8051219173302862,0.0031444065170502756,25.450391492901531,0.02176753738578981,,0.0090381279393318796,0.11353083707796174,0.0036622850670310239,31,0.00011353083707796175,3.6622850670310241e-06,0.5,365_25_CALENDAR_DAYS_PER_YEAR,NOT_APPLICABLE_REQUIRES_365_CALENDAR_DAYS_AND_CONTIGUOUS_DAILY_RECORDS,RESET_REPORTING_HIGH_WATER_MARK_TO_GROUP_INITIAL_WEALTH_NOT_PORTFOLIO_STATE,0.00013327861061207015
static50,MONTH,2023-11,30,2023-11-01,2023-11-30,30,False,0.044990565806641666,0.044007857439794192,,14.669285813264731,0.0015266980658315775,0.0110395770994497,0.2109830417137763,,2.6429918917439372,0.0066176863047375653,4.4090202252771622,0.027050487735980903,,0.02239269106558265,0.11280555784297586,0.0037601852614325285,30,0.00011280555784297586,3.7601852614325287e-06,0.5,365_25_CALENDAR_DAYS_PER_YEAR,NOT_APPLICABLE_REQUIRES_365_CALENDAR_DAYS_AND_CONTIGUOUS_DAILY_RECORDS,RESET_REPORTING_HIGH_WATER_MARK_TO_GROUP_INITIAL_WEALTH_NOT_PORTFOLIO_STATE,0.00014611069666825872
static50,MONTH,2023-12,31,2023-12-01,2023-12-31,31,False,0.060810576281706524,0.059033310499407826,,19.043003386905749,0.0019725719916582306,0.011724757175852628,0.22407787092135287,,3.2153193753168257,0.0071131774291970764,5.2998592111119773,0.033172801594263314,,0.023196675374663574,0.14090006065720978,0.0045451632470067671,31,0.00014090006065720976,4.5451632470067664e-06,0.5,365_25_CALENDAR_DAYS_PER_YEAR,NOT_APPLICABLE_REQUIRES_365_CALENDAR_DAYS_AND_CONTIGUOUS_DAILY_RECORDS,RESET_REPORTING_HIGH_WATER_MARK_TO_GROUP_INITIAL_WEALTH_NOT_PORTFOLIO_STATE,0.0001965817568047966
static50,MONTH,2024-01,31,2024-01-01,2024-01-31,31,False,0.0066328812307479782,0.0066109804641524593,,2.1325743432749871,0.00031372738875523609,0.014391630510447824,0.27504586026818245,,0.4166175365487067,0.010155526741074485,0.59039829277704259,0.080942312315028478,,0.033094133267557869,0.15112141366171222,0.0048748843116681361,31,0.00015112141366171224,4.8748843116681371e-06,0.5,365_25_CALENDAR_DAYS_PER_YEAR,NOT_APPLICABLE_REQUIRES_365_CALENDAR_DAYS_AND_CONTIGUOUS_DAILY_RECORDS,RESET_REPORTING_HIGH_WATER_MARK_TO_GROUP_INITIAL_WEALTH_NOT_PORTFOLIO_STATE,0.00021337484952873507
static50,MONTH,2024-02,29,2024-02-01,2024-02-29,29,False,0.20151322810647826,0.18358178579377091,,63.304064066817553,0.0064230824380450673,0.012371941121532889,0.23644653651224323,,9.9220352097417273,0.0029292512944482118,41.906556686808401,0.01464812406320502,,0.0089363899135741654,0.13004144077593099,0.0044841876129631374,29,0.00013004144077593101,4.484187612963138e-06,0.5,365_25_CALENDAR_DAYS_PER_YEAR,NOT_APPLICABLE_REQUIRES_365_CALENDAR_DAYS_AND_CONTIGUOUS_DAILY_RECORDS,RESET_REPORTING_HIGH_WATER_MARK_TO_GROUP_INITIAL_WEALTH_NOT_PORTFOLIO_STATE,0.00020208842128885285
static50,MONTH,2024-03,31,2024-03-01,2024-03-31,31,False,0.0857980900193894,0.082315283433871539,,26.553317236732752,0.0028401652769070888,0.019374289194175404,0.37027201571274276,,2.8016439897394423,0.012129065776900694,4.4751889283764212,0.076818204351015218,,0.038102797630046981,0.2268878022357439,0.0073189613624433511,31,0.0002268878022357439,7.3189613624433514e-06,0.5,365_25_CALENDAR_DAYS_PER_YEAR,NOT_APPLICABLE_REQUIRES_365_CALENDAR_DAYS_AND_CONTIGUOUS_DAILY_RECORDS,RESET_REPORTING_HIGH_WATER_MARK_TO_GROUP_INITIAL_WEALTH_NOT_PORTFOLIO_STATE,0.00040146305162219769
static50,MONTH,2024-04,30,2024-04-01,2024-04-30,30,False,-0.075204846596006167,-0.078183021774129974,,-26.061007258043325,-0.0025091503613864363,0.01387549598449055,0.26518174760888574,,-3.4559964166466135,0.011624906836010441,-4.1250794589637385,0.077938319299710429,,0.028556334182113115,0.16279701640935962,0.0054265672136453204,30,0.00016279701640935964,5.4265672136453216e-06,0.5,365_25_CALENDAR_DAYS_PER_YEAR,NOT_APPLICABLE_REQUIRES_365_CALENDAR_DAYS_AND_CONTIGUOUS_DAILY_RECORDS,RESET_REPORTING_HIGH_WATER_MARK_TO_GROUP_INITIAL_WEALTH_NOT_PORTFOLIO_STATE,0.00028797024718154468
static50,MONTH,2024-05,31,2024-05-01,2024-05-31,31,False,0.058007572687989888,0.056387490960577463,,18.189513213089505,0.0019173467114032292,0.014228912190906714,0.27193606668731701,,2.5752776925514445,0.0067702587581712128,5.4124076292194037,0.027448330660229846,,0.018836593464333081,0.17063431474081298,0.0055043327335746123,31,0.00017063431474081294,5.5043327335746111e-06,0.5,365_25_CALENDAR_DAYS_PER_YEAR,NOT_APPLICABLE_REQUIRES_365_CALENDAR_DAYS_AND_CONTIGUOUS_DAILY_RECORDS,RESET_REPORTING_HIGH_WATER_MARK_TO_GROUP_INITIAL_WEALTH_NOT_PORTFOLIO_STATE,0.00029941292305365623
static50,MONTH,2024-06,30,2024-06-01,2024-06-30,30,False,-0.035043036159980244,-0.035671775694603787,,-11.890591898201263,-0.001152897874539575,0.0085509830484178408,0.16342223954285953,,-2.5767358827874958,0.0068678220373340395,-3.208240506843258,0.078443708427756262,,0.020634574234921464,0.093386429876051946,0.0031128809958683983,30,9.3386429876051954e-05,3.1128809958683986e-06,0.5,365_25_CALENDAR_DAYS_PER_YEAR,NOT_APPLICABLE_REQUIRES_365_CALENDAR_DAYS_AND_CONTIGUOUS_DAILY_RECORDS,RESET_REPORTING_HIGH_WATER_MARK_TO_GROUP_INITIAL_WEALTH_NOT_PORTFOLIO_STATE,0.00016443253399740464
static50,MONTH,2024-07,31,2024-07-01,2024-07-31,31,False,0.016941206186417809,0.016799304369163274,,5.4191304416655726,0.00061483943073297397,0.012279000500679212,0.23467030045629386,,0.95696004836813064,0.0078990719334125128,1.4875814541374719,0.056784861669330174,,0.024313039704502711,0.14497270906275461,0.004676539002024342,31,0.00014497270906275463,4.6765390020243427e-06,0.5,365_25_CALENDAR_DAYS_PER_YEAR,NOT_APPLICABLE_REQUIRES_365_CALENDAR_DAYS_AND_CONTIGUOUS_DAILY_RECORDS,RESET_REPORTING_HIGH_WATER_MARK_TO_GROUP_INITIAL_WEALTH_NOT_PORTFOLIO_STATE,0.00024969540433003508
static50,MONTH,2024-08,31,2024-08-01,2024-08-31,31,False,-0.040176306666647343,-0.041005664164249223,,-13.227633601370716,-0.001161804612930426,0.018279306776034916,0.34934524296400205,,-1.2146984778509342,0.011981897540159436,-1.8531160062585903,0.090059208661368254,,0.033672300063791967,0.20320133597317358,0.0065548818055862447,31,0.00020320133597317357,6.5548818055862439e-06,0.5,365_25_CALENDAR_DAYS_PER_YEAR,NOT_APPLICABLE_REQUIRES_365_CALENDAR_DAYS_AND_CONTIGUOUS_DAILY_RECORDS,RESET_REPORTING_HIGH_WATER_MARK_TO_GROUP_INITIAL_WEALTH_NOT_PORTFOLIO_STATE,0.00034480566789965448
static50,MONTH,2024-09,30,2024-09-01,2024-09-30,30,False,0.038057887560705037,0.037351551551613849,,12.450517183871282,0.0013056522533250847,0.011128548276844315,0.21268341569209723,,2.2422504546258661,0.007162940249942725,3.4836242607607386,0.044297078369055061,,0.018916603253120015,0.12595657586992992,0.0041985525289976637,30,0.00012595657586992996,4.1985525289976656e-06,0.5,365_25_CALENDAR_DAYS_PER_YEAR,NOT_APPLICABLE_REQUIRES_365_CALENDAR_DAYS_AND_CONTIGUOUS_DAILY_RECORDS,RESET_REPORTING_HIGH_WATER_MARK_TO_GROUP_INITIAL_WEALTH_NOT_PORTFOLIO_STATE,0.00021353586394227375
static50,MONTH,2024-10,31,2024-10-01,2024-10-31,31,False,0.054916470451346296,0.053461588865895943,,17.245673827708369,0.0017758825547728827,0.010161920817301121,0.19420970064112397,,3.3399006382765895,0.0059287395910402234,5.7246241469454198,0.023827347309064252,,0.017823609398249295,0.12032800033116281,0.0038815483977794455,31,0.00012032800033116281,3.8815483977794458e-06,0.5,365_25_CALENDAR_DAYS_PER_YEAR,NOT_APPLICABLE_REQUIRES_365_CALENDAR_DAYS_AND_CONTIGUOUS_DAILY_RECORDS,RESET_REPORTING_HIGH_WATER_MARK_TO_GROUP_INITIAL_WEALTH_NOT_PORTFOLIO_STATE,0.00021483919894770416
static50,MONTH,2024-11,30,2024-11-01,2024-11-30,30,False,0.17567090797241383,0.16183897015435936,,53.946323384786453,0.0055325753430584363,0.016105606171463227,0.30780253157241527,,6.5651608962698722,0.0062006923859724405,17.052272434416334,0.035443885087159802,,0.022346893890492041,0.17378966048966804,0.0057929886829889343,30,0.00017378966048966807,5.792988682988936e-06,0.5,365_25_CALENDAR_DAYS_PER_YEAR,NOT_APPLICABLE_REQUIRES_365_CALENDAR_DAYS_AND_CONTIGUOUS_DAILY_RECORDS,RESET_REPORTING_HIGH_WATER_MARK_TO_GROUP_INITIAL_WEALTH_NOT_PORTFOLIO_STATE,0.00035636462356015302
static50,MONTH,2024-12,31,2024-12-01,2024-12-31,31,False,-0.013080361062108255,-0.013166662379218007,,-4.2473104449090346,-0.00036162450689243786,0.011404529411705406,0.21795783325031287,,-0.60600414847569295,0.0082096473235805118,-0.84183788444304564,0.064132814725181481,,0.024648641899383917,0.13467236852964476,0.0043442699525691854,31,0.00013467236852964475,4.3442699525691853e-06,0.5,365_25_CALENDAR_DAYS_PER_YEAR,NOT_APPLICABLE_REQUIRES_365_CALENDAR_DAYS_AND_CONTIGUOUS_DAILY_RECORDS,RESET_REPORTING_HIGH_WATER_MARK_TO_GROUP_INITIAL_WEALTH_NOT_PORTFOLIO_STATE,0.00029639350477610768
static50,MONTH,2025-01,31,2025-01-01,2025-01-31,31,False,0.048193062995788981,0.047067789348182482,,15.183157854252412,0.0015804550106146959,0.011227578294972819,0.21457602935451403,,2.6902408175019841,0.0071124977064323282,4.2467345027779517,0.048216868981649862,,0.022247440204998598,0.12806986354783806,0.0041312859208980021,31,0.00012806986354783805,4.1312859208980018e-06,0.5,365_25_CALENDAR_DAYS_PER_YEAR,NOT_APPLICABLE_REQUIRES_365_CALENDAR_DAYS_AND_CONTIGUOUS_DAILY_RECORDS,RESET_REPORTING_HIGH_WATER_MARK_TO_GROUP_INITIAL_WEALTH_NOT_PORTFOLIO_STATE,0.00028454410358793458
static50,MONTH,2025-02,28,2025-02-01,2025-02-28,28,False,-0.091022756714316255,-0.0954352200072731,,-34.084007145454677,-0.0033534486395972452,0.010067508217417961,0.19240533283608846,,-6.3659728010571834,0.0092957068652533194,-6.8945250119777652,0.091923451145734983,,0.02506975914037576,0.11113263097698689,0.0039690225348923891,28,0.00011113263097698691,3.9690225348923893e-06,0.5,365_25_CALENDAR_DAYS_PER_YEAR,NOT_APPLICABLE_REQUIRES_365_CALENDAR_DAYS_AND_CONTIGUOUS_DAILY_RECORDS,RESET_REPORTING_HIGH_WATER_MARK_TO_GROUP_INITIAL_WEALTH_NOT_PORTFOLIO_STATE,0.00024077779220051047
static50,MONTH,2025-03,31,2025-03-01,2025-03-31,31,False,-0.0065392924912127254,-0.0065607673357447778,,-2.1163765599176703,-6.2808987631141961e-05,0.017550061404694513,0.33540825921769896,,-0.068397190891428233,0.011942283160862778,-0.10051469085802987,0.085232317981074182,,0.038960117674719366,0.19429519030872727,0.0062675867841524924,31,0.00019429519030872731,6.2675867841524942e-06,0.5,365_25_CALENDAR_DAYS_PER_YEAR,NOT_APPLICABLE_REQUIRES_365_CALENDAR_DAYS_AND_CONTIGUOUS_DAILY_RECORDS,RESET_REPORTING_HIGH_WATER_MARK_TO_GROUP_INITIAL_WEALTH_NOT_PORTFOLIO_STATE,0.000401420377228048
static50,MONTH,2025-04,30,2025-04-01,2025-04-30,30,False,0.071226196585949073,0.068803970459828293,,22.934656819942763,0.0023956622044073598,0.014400216752777313,0.27520995636599921,,3.1794475451175641,0.0081873977330319571,5.5920984049743536,0.052644852740067263,,0.026647984922204913,0.14636721054673002,0.0048789070182243344,30,0.00014636721054673004,4.8789070182243348e-06,0.5,365_25_CALENDAR_DAYS_PER_YEAR,NOT_APPLICABLE_REQUIRES_365_CALENDAR_DAYS_AND_CONTIGUOUS_DAILY_RECORDS,RESET_REPORTING_HIGH_WATER_MARK_TO_GROUP_INITIAL_WEALTH_NOT_PORTFOLIO_STATE,0.0003009414969884055
static50,MONTH,2025-05,28,2025-05-01,2025-05-28,28,False,0.071055478606580416,0.068644590877108669,,24.515925313253096,0.0024984164176033363,0.0095666091223261945,0.18283239234007914,,4.9911647758359328,0.0046262267364803791,10.321267243350068,0.019651809934912216,,0.016375201605479617,0.093980461232515633,0.0033564450440184157,28,9.3980461232515632e-05,3.3564450440184154e-06,0.5,365_25_CALENDAR_DAYS_PER_YEAR,NOT_APPLICABLE_REQUIRES_365_CALENDAR_DAYS_AND_CONTIGUOUS_DAILY_RECORDS,RESET_REPORTING_HIGH_WATER_MARK_TO_GROUP_INITIAL_WEALTH_NOT_PORTFOLIO_STATE,0.00021482518463953018
