index,decision_date,return_date,hard_regime,asset_simple_return,memory_net_return,memory_exposure,memory_turnover,memory_action,memory_beta,memory_valid,memory_cited_memory_count,memory_retrieved_memory_count,memory_memory_total_before,memory_shadow_net_return,memory_pretrade_exposure,memory_shadow_pretrade_exposure,memory_desired_exposure,memory_shadow_exposure,memory_confidence,memory_error,memory_request_sha256,memory_latency_seconds,no_memory_net_return,no_memory_exposure,no_memory_turnover,no_memory_action,no_memory_beta,no_memory_valid,no_memory_cited_memory_count,no_memory_retrieved_memory_count,no_memory_memory_total_before,no_memory_shadow_net_return,no_memory_pretrade_exposure,no_memory_shadow_pretrade_exposure,no_memory_desired_exposure,no_memory_shadow_exposure,no_memory_confidence,no_memory_error,no_memory_request_sha256,no_memory_latency_seconds
0,2021-01-01,2021-01-02,bull,0.096505778289435407,0.033415200443461801,0.35000000000000003,0.35000000000000003,BTC,0.050000000000000003,True,0,0,0,0.033415200443461801,0,0,0.52500000000000002,0.35000000000000003,0.99999999999949363,,2be31190bfa84c9ef0031736bd8dc7764cfc51ea404251cce77dd708e0507cf5,6.057807644829154,0.033415200443461801,0.35000000000000003,0.35000000000000003,BTC,0.050000000000000003,True,0,0,0,0.033415200443461801,0,0,0.52500000000000002,0.35000000000000003,0.99999999999949363,,2be31190bfa84c9ef0031736bd8dc7764cfc51ea404251cce77dd708e0507cf5,4.4197978619486094
1,2021-01-02,2021-01-03,bull,0.0237813458079787,0.011760379551502664,0.5,0.12876228230547393,BTC,0.050000000000000003,True,0,1,1,0.016312706896612683,0.37123771769452607,0.37123771769452607,0.52500000000000002,0.70000000000000007,0.99999999999962563,,24f9181f89a36e55b57bed5f0cd9af6f79b7590495a5d999337ef8a4df61ddc0,6.170209227129817,0.011760379551502664,0.5,0.12876228230547393,BTC,0.050000000000000003,True,0,0,1,0.016312706896612683,0.37123771769452607,0.37123771769452607,0.52500000000000002,0.70000000000000007,0.99999999999962563,,a76f96db5f30dbab1c00e75042cfe22a5e98a2d7ff9f5685e32ac526d3fb36b5,5.7576453778892756
2,2021-01-03,2021-01-04,bull,-0.028408108280312799,-0.014209846157740902,0.5,0.0058754731229336832,BTC,0.050000000000000003,True,0,2,2,-0.021350208260483505,0.50587547312293368,0.70491230771769098,0.52500000000000002,0.75,0.99999999999999323,,c433af9c5d2ac19bfb91020d4f28a2837397508b7ac9ad9d2b1238732b4532aa,5.6476099714636803,-0.014209846157740902,0.5,0.0058754731229336832,BTC,0.050000000000000003,True,0,0,2,-0.021350208260483505,0.50587547312293368,0.70491230771769098,0.52500000000000002,0.75,0.99999999999999323,,ddcfcad10b253169e3ea90e425d130a128ee8f719d1e55c391ae2519747d0565,5.9838032759726048
3,2021-01-04,2021-01-05,bull,0.061484701429615297,0.030734924877738878,0.5,0.0072043581634773646,BTC,0.050000000000000003,True,0,3,3,0.046107832622166889,0.49279564183652264,0.74455752181525214,0.52500000000000002,0.75,0.99999999999999956,,d0623919172b019035e82799478f9d9c5d3d11fb1e3998c27eac159937a770f9,5.906050369143486,0.030734924877738878,0.5,0.0072043581634773646,BTC,0.050000000000000003,True,0,0,3,0.046107832622166889,0.49279564183652264,0.74455752181525214,0.52500000000000002,0.75,0.99999999999999956,,59b4087ca1a47ff2cfc866ac5d8cf5272e50bb66a58322cea8ca4d805baa94ef,5.9566920921206474
4,2021-01-05,2021-01-06,bull,0.082423547063236402,0.041196246228656364,0.5,0.014912723190954713,BTC,0.050000000000000003,True,0,4,4,0.061805958853190734,0.51491272319095471,0.76102020118345859,0.52500000000000002,0.75,0.99999999999999556,,7e7923706c9f917de1571133c3e616d9bf374a2d48c1c61cbbfab1daf678eaec,6.0163608528673649,0.041196246228656364,0.5,0.014912723190954713,BTC,0.050000000000000003,True,0,0,4,0.061805958853190734,0.51491272319095471,0.76102020118345859,0.52500000000000002,0.75,0.99999999999999556,,b265f7e2b5934d702c0dff8e029b104e08b5ae013325473079009c51b03a2de7,6.0020183920860291
5,2021-01-06,2021-01-07,bull,0.072486220279834396,0.036222602584458974,0.5,0.0197902936651565,BTC,0.050000000000000003,True,0,5,5,0.054349319270751595,0.5197902936651565,0.76455467887963724,0.52500000000000002,0.75,0.99999999999999922,,465172fdc0032fd1355616ab6be432b2331ae82911fb7c857114ba1b20a305b5,6.3467772863805294,0.036222602584458974,0.5,0.0197902936651565,BTC,0.050000000000000003,True,0,0,5,0.054349319270751595,0.5197902936651565,0.76455467887963724,0.52500000000000002,0.75,0.99999999999999922,,a410128dc469fb440992954f32f43982c22b45c94801434ba536df4a1e8aab69,5.7813013717532158
6,2021-01-07,2021-01-08,bull,0.0288670609880337,0.014415790339310064,0.5,0.017487744808756145,BTC,0.050000000000000003,True,3,5,6,0.021637126275535268,0.51748774480875614,0.76289038484589544,0.52500000000000002,0.75,0.99999999999999922,,551dc2ef57e19849e66965ffbaa45bd227e314668b9eb3e329ac1090c44b016d,8.0184594932943583,0.014415790339310064,0.5,0.017487744808756145,BTC,0.050000000000000003,True,0,0,6,0.021637126275535268,0.51748774480875614,0.76289038484589544,0.52500000000000002,0.75,0.94999999999999996,,71b8fb9113ef434f105e90826e531192f37b645c67b22b5bbec5bacd9efbe0ae,5.5567686278373003
7,2021-01-08,2021-01-09,bull,-0.0110198944316773,-0.0055170221015119481,0.5,0.0071140839000993772,BTC,0.050000000000000003,True,3,5,7,-0.0082701749106628419,0.50711408390009938,0.75529787340914978,0.52500000000000002,0.75,0.99999999999999922,,8e867c1456761cd02c6235005ceeda58a1e20c797aee0cd8c794ce59a0c8c492,8.0736690033227205,-0.0055170221015119481,0.5,0.0071140839000993772,BTC,0.050000000000000003,True,0,0,7,-0.0082701749106628419,0.50711408390009938,0.75529787340914978,0.52500000000000002,0.75,0.94999999999999996,,e50e96f3f2994d002a6e385de39edd453cc9b2de4ba9f78d672091bbfd5116fc,5.3214938268065453
8,2021-01-09,2021-01-10,bull,-0.048807154829534898,-0.024406280048533069,0.5,0.0027702374701552013,BTC,0.050000000000000003,True,5,5,8,-0.036607373306463353,0.4972297625298448,0.74791655024681014,0.52500000000000002,0.75,0.99999999999999323,,f86c84f1ae1a6130a02ce508e1d7244ebd69b3487f5ea46cbf4eb8ab462128c5,9.0239899847656488,-0.024406280048533069,0.5,0.0027702374701552013,BTC,0.050000000000000003,True,0,0,8,-0.036607373306463353,0.4972297625298448,0.74791655024681014,0.52500000000000002,0.75,1,,2f8dfa76c3e33bb6cef5f21c202348948c7e7848c2cfa108fe8e556536f16f07,4.9283646438270807
9,2021-01-10,2021-01-11,bull,-0.069330910500049497,-0.034677528693381254,0.5,0.012507004356422546,BTC,0.050000000000000003,True,2,5,9,-0.052007187999308147,0.48749299564357745,0.7405009419725519,0.52500000000000002,0.75,0.99999999999999922,,63d223c956c0a008a8c206043132bdd9801b3b4877a2ce42a2a59013ea61352f,7.3661023303866386,-0.034677528693381254,0.5,0.012507004356422546,BTC,0.050000000000000003,True,0,0,9,-0.052007187999308147,0.48749299564357745,0.7405009419725519,0.52500000000000002,0.75,0.94999999999999996,,c0d972caddd336b173153879506d95f2372fa7994c095bf291846e113cb7983f,5.3420796506106853
10,2021-01-11,2021-01-12,bull,-0.041306200994252397,-0.02067068481869816,0.5,0.01795515111240692,BTC,0.050000000000000003,True,2,5,10,-0.028949578894313266,0.48204484888759308,0.73628742531508706,0.52500000000000002,0.70000000000000007,0.99999999999999956,,89da5d0488778f8dcfecf552de67a1e71c80ae5605d4e172874762c60a0ad333,7.4265971165150404,-0.02067068481869816,0.5,0.01795515111240692,BTC,0.050000000000000003,True,0,0,10,-0.028949578894313266,0.48204484888759308,0.73628742531508706,0.52500000000000002,0.70000000000000007,0.94999999999999996,,c18b2a24d9d9efd055a5d82ce630e10623003b51cc10f8aa6ea514efe6c185e1,5.5051823537796736
11,2021-01-12,2021-01-13,bull,0.097021079290176795,0.048499483811063504,0.5,0.010544323215609275,BTC,0.050000000000000003,True,0,5,11,0.067905216267080126,0.48945567678439073,0.6910674180741071,0.52500000000000002,0.70000000000000007,0.99999999999999922,,0bbbc8b2e35de33a9198acb6f1175f2742d6cd82717f1030b52fb1de73fd764b,6.362690007314086,0.048499483811063504,0.5,0.010544323215609275,BTC,0.050000000000000003,True,0,0,11,0.067905216267080126,0.48945567678439073,0.6910674180741071,0.52500000000000002,0.70000000000000007,0.99999999999999922,,2c8dc62a7360a8112d1ad2281f0b8b49118aed8f1e380b541cc8b8ecf62ae27a,6.0570560898631811
12,2021-01-13,2021-01-14,bull,0.047977379608476797,0.023965001800134056,0.5,0.023133072015427136,BTC,0.050000000000000003,True,0,5,12,0.033564446282351001,0.52313307201542714,0.71907870131576035,0.52500000000000002,0.70000000000000007,0.99999999999968681,,0ab0c6c86f0c9f93fbd709b8caf82b47f34138f39c7293135e3ddad0ba327629,6.3197401147335768,0.023965001800134056,0.5,0.023133072015427136,BTC,0.050000000000000003,True,0,0,12,0.033564446282351001,0.52313307201542714,0.71907870131576035,0.52500000000000002,0.70000000000000007,0.99999999999968681,,ea923698ba28090d3e71cfbe54c2764621929fff4eb698ab7794f6a0943bec24,5.9987946283072233
13,2021-01-14,2021-01-15,bull,-0.059473091737990501,-0.029747910911041675,0.5,0.011713356818826126,BTC,0.050000000000000003,True,0,5,13,-0.04164050627664273,0.51171335681882613,0.70974787545308804,0.52500000000000002,0.70000000000000007,0.99999999999999156,,b0309004f9755fcc4c6174c89ef44d10cbee1a6a4913b58b731d1c9f0d40fdc0,6.4016200974583626,-0.029747910911041675,0.5,0.011713356818826126,BTC,0.050000000000000003,True,0,0,13,-0.04164050627664273,0.51171335681882613,0.70974787545308804,0.52500000000000002,0.70000000000000007,0.99999999999999156,,d03d2ee38113d4ab42be05f2ddf54b6d779d59340febf87ce51c724481476360,5.9986176583915949
14,2021-01-15,2021-01-16,bull,-0.022425893860358599,-0.011228099057899343,0.5,0.015323954407634677,BTC,0.050000000000000003,True,2,5,14,-0.015710953007805339,0.48467604559236532,0.68696811832913085,0.52500000000000002,0.70000000000000007,0.99999999999999956,,e15039befa45e35bc53eef30c9ddff012d199ea04e56621b61f559c4d70ef32b,7.4242285266518593,-0.011228099057899343,0.5,0.015323954407634677,BTC,0.050000000000000003,True,0,0,14,-0.015710953007805339,0.48467604559236532,0.68696811832913085,0.52500000000000002,0.70000000000000007,0.99999999999999956,,654a12799bb41563b25609293351df6174c5697064275357e639ece5a642b83c,6.0117246713489294
15,2021-01-16,2021-01-17,bull,-0.0049945168589236996,-0.0025029143213292082,0.5,0.0056700514511022759,BTC,0.050000000000000003,True,0,5,15,-0.0035009296198162954,0.49432994854889772,0.69521545388295114,0.52500000000000002,0.70000000000000007,0.99999999999992994,,93edf3142a9c3f04fddc37bea9d982e3ff9b916112bb6f0795edf4b964e1f621,6.2272464074194431,-0.0025029143213292082,0.5,0.0056700514511022759,BTC,0.050000000000000003,True,0,0,15,-0.0035009296198162954,0.49432994854889772,0.69521545388295114,0.52500000000000002,0.70000000000000007,0.99999999999992994,,95fab52e691297f17c928992176d2c862b3d4c90d82a8dffb2100c4450cf3da5,5.8952756002545357
16,2021-01-17,2021-01-18,bull,0.021585062333284898,0.010791265901864744,0.5,0.001251755170883051,BTC,0.050000000000000003,True,0,5,16,0.015108475201726757,0.49874824482911695,0.69894747165021487,0.52500000000000002,0.70000000000000007,0.99999999999232003,,6ad2409978254d2c6ef84471b34d44f2a2d758dd551146643b627fe80bce0f29,6.9703708030283451,0.010791265901864744,0.5,0.001251755170883051,BTC,0.050000000000000003,True,0,0,16,0.015108475201726757,0.49874824482911695,0.69894747165021487,0.52500000000000002,0.70000000000000007,0.99999999999232003,,313a55c0dfcad4e91cb0ac6f2fcc465edb9418a4a3ba5862b393ad5219244a0d,5.9352472703903913
17,2021-01-18,2021-01-19,bull,-0.0166688516709819,-0.0083397199889824192,0.5,0.0053386480577700679,BTC,0.050000000000000003,True,0,5,17,-0.011672609459644323,0.50533864805777007,0.70446539303902678,0.52500000000000002,0.70000000000000007,0.99999999996670963,,4676a2caf2cf5abe78f10e873331ca08dbeffa31eaa315c88ac2c14537e70d5d,6.4213416259735823,-0.0083397199889824192,0.5,0.0053386480577700679,BTC,0.050000000000000003,True,0,0,17,-0.011672609459644323,0.50533864805777007,0.70446539303902678,0.52500000000000002,0.70000000000000007,0.99999999996670963,,9be805bf302dcd87e0c9246cd1038948621ad2f7e905e75ef4d15b4f1440834f,5.819513563066721
18,2021-01-19,2021-01-20,bull,-0.0146265995239271,-0.0073174712658942154,0.5,0.0042022361432244026,BTC,0.050000000000000003,True,0,5,18,-0.010242125188852702,0.4957977638567756,0.69645821490582416,0.52500000000000002,0.70000000000000007,0.99999999995576683,,6d7e71fd910de1a1a19789330c3117ad548e2f27b4c35a1d29402bc5b8466993,6.3693692423403263,-0.0073174712658942154,0.5,0.0042022361432244026,BTC,0.050000000000000003,True,0,0,18,-0.010242125188852702,0.4957977638567756,0.69645821490582416,0.52500000000000002,0.70000000000000007,0.99999999995576683,,913698f16a2ccbd9c8fc1c977ff0892f519239cfe52a0f0ecfc58a840eb17734,6.0593196526169777
19,2021-01-20,2021-01-21,bull,-0.13062805309460129,-0.065317469546338325,0.5,0.0036835890720656739,BTC,0.050000000000000003,True,0,5,19,-0.091442456756129387,0.49631641092793433,0.69689663997701101,0.52500000000000002,0.70000000000000007,0.99999999945296725,,777a4f0abbf379a7cc24c96188ee5e2615a51d50f7dad5659c710c642bd4b1c8,6.3978865556418896,-0.065317469546338325,0.5,0.0036835890720656739,BTC,0.050000000000000003,True,0,0,19,-0.091442456756129387,0.49631641092793433,0.69689663997701101,0.52500000000000002,0.70000000000000007,0.99999999945296725,,ec1452e765dfa04770781a578aa4f2febce672af9ea60eb374206e157f25d331,6.0294104740023613
20,2021-01-21,2021-01-22,bull,0.0699822645020928,0.031476483746766704,0.45000000000000001,0.015060978551955373,ABSTAIN,0.050000000000000003,True,0,5,20,0.031265289551043463,0.46506097855195538,0.66980729924833304,0.5,0.45000000000000001,0.5,,3162be9be52f87c479cd02207b065cfe30cc6cc0d8e05cb26388d7fe25bd32d9,6.2832194641232491,0.031476483746766704,0.45000000000000001,0.015060978551955373,BTC,0.050000000000000003,True,0,0,20,0.031265289551043463,0.46506097855195538,0.66980729924833304,0.52500000000000002,0.45000000000000001,0.99999999959248043,,50b799269358518643432cdfedd2a245a502165bb88ee888d406eecd7836b658,5.3427452128380537
21,2021-01-22,2021-01-23,bull,-0.027623823881456299,-0.012447303815139477,0.45000000000000001,0.016791802694338054,ABSTAIN,0.050000000000000003,True,0,5,21,-0.012447303815139477,0.46679180269433806,0.46679180269433806,0.5,0.45000000000000001,0.5,,7defc91c05b86d9fab6f95220ec37749e964b4b77ae4e5ced8624b0de93d8315,6.3656433969736099,-0.012447303815139477,0.45000000000000001,0.016791802694338054,BTC,0.050000000000000003,True,0,0,21,-0.012447303815139477,0.46679180269433806,0.46679180269433806,0.52500000000000002,0.45000000000000001,0.99998800005799804,,adafa78a5e2fdcf9b9a0483c392494d8d0cb280ef846b3726568e709b55b5d7c,5.6946753039956093
22,2021-01-23,2021-01-24,bull,0.0047493058347277996,0.0021302498762614253,0.45000000000000001,0.006922953715034097,ABSTAIN,0.050000000000000003,True,0,5,22,0.0021302498762614253,0.44307704628496591,0.44307704628496591,0.5,0.45000000000000001,0.5,,328aef52b42242753b1b80102cdab0b69da3b3fe04aa4681c18b19a12b08afcd,6.3313564825803041,0.0021302498762614253,0.45000000000000001,0.006922953715034097,BTC,0.050000000000000003,True,0,0,22,0.0021302498762614253,0.44307704628496591,0.44307704628496591,0.52500000000000002,0.45000000000000001,0.99998923125743244,,6f28d3e9a84d8e8cd837eed9e587cd8870bcb9b74128e24f103b5d9c3df93983,6.0431256759911776
23,2021-01-24,2021-01-25,bull,0.00034117730984779999,0.0001523566629617612,0.45000000000000001,0.0011729463875900792,BTC,0.050000000000000003,True,1,5,23,0.0001523566629617612,0.45117294638759009,0.45117294638759009,0.52500000000000002,0.45000000000000001,0.99994054763358442,,61bc4d5ac334e522c1360ffe9ab9b19399c02d9979db91a67eb6e1b2a9a9ee17,7.581622576341033,0.0001523566629617612,0.45000000000000001,0.0011729463875900792,BTC,0.050000000000000003,True,0,0,23,0.0001523566629617612,0.45117294638759009,0.45117294638759009,0.52500000000000002,0.45000000000000001,0.99994054763358442,,4088250e18fbcae6d6a3bb7d24348cf2e5ca3df0cec777cdd486ce11d49d1eae,6.0627217758446932
24,2021-01-25,2021-01-26,bull,0.0077451840643922003,0.0034852481062934704,0.45000000000000001,8.442842190947708e-05,BTC,0.050000000000000003,True,0,5,24,0.0034852481062934704,0.45008442842190949,0.45008442842190949,0.52500000000000002,0.45000000000000001,0.99975597394498839,,bc422cf2cd9a61fd25b041d75754019d0ef8ea4ad0b30174e724511e771ba14f,6.5078862886875868,0.0034852481062934704,0.45000000000000001,8.442842190947708e-05,BTC,0.050000000000000003,True,0,0,24,0.0034852481062934704,0.45008442842190949,0.45008442842190949,0.52500000000000002,0.45000000000000001,0.99975597394498839,,c32c61694d71756269909a9b2ebd965e712e3ff6a5d0c6873ab21f6b08e7b89b,5.3649181611835957
25,2021-01-26,2021-01-27,bull,-0.064552751976026099,-0.029050593173241213,0.45000000000000001,0.0019102751113789784,BTC,0.050000000000000003,True,0,5,25,-0.029050593173241213,0.45191027511137899,0.45191027511137899,0.52500000000000002,0.45000000000000001,0.99955673288273195,,b5c8a09985b7fcbca0e428747b2f249e30e3e01e7bb221dc90b66374338eb2b5,6.3926764968782663,-0.029050593173241213,0.45000000000000001,0.0019102751113789784,BTC,0.050000000000000003,True,0,0,25,-0.029050593173241213,0.45191027511137899,0.45191027511137899,0.52500000000000002,0.45000000000000001,0.99955673288273195,,8cb53f1d26429cb42a5d5de22673bf1ef4032dc0c9dd8aa65c13213d07009443,5.7036927212029696
26,2021-01-27,2021-01-28,bull,0.097710827522694499,0.043952694072665333,0.45000000000000001,0.016454797213571015,ABSTAIN,0.050000000000000003,True,0,5,26,0.043952694072665333,0.433545202786429,0.433545202786429,0.5,0.45000000000000001,0.5,,cdd7e324dd3f608ab65782d875f988c0677211bbfda0cc22b902f09565eaf211,6.294293001294136,0.043952694072665333,0.45000000000000001,0.016454797213571015,BTC,0.050000000000000003,True,0,0,26,0.043952694072665333,0.433545202786429,0.433545202786429,0.52500000000000002,0.45000000000000001,0.99985830794348396,,315edd66f252d1df00d2dd959ab77ec6c85d191c1a659a1f1eff6e2bba38aedb,5.2188441585749388
27,2021-01-28,2021-01-29,bull,0.027775447343504501,0.012475496894664317,0.45000000000000001,0.02316487328950767,ABSTAIN,0.050000000000000003,True,0,5,27,0.012475496894664317,0.47316487328950768,0.47316487328950768,0.5,0.45000000000000001,0.5,,7dbc49c65bf901c3c08ff5e5b83caf5f373e95551c706510a817a5f7d08c6ac1,6.3104611672461033,0.012475496894664317,0.45000000000000001,0.02316487328950767,BTC,0.050000000000000003,True,0,0,27,0.012475496894664317,0.47316487328950768,0.47316487328950768,0.52500000000000002,0.45000000000000001,0.99221638081704444,,d655ecbf3ec5da94179618538ac633d1298cef7ea89e510ec60357486e821fb6,5.1713861804455519
28,2021-01-29,2021-01-30,bull,-0.00054516089534670004,-0.00025211029810190411,0.45000000000000001,0.006789560827356822,ABSTAIN,0.050000000000000003,True,0,5,28,-0.00025211029810190411,0.45678956082735683,0.45678956082735683,0.5,0.45000000000000001,0.5,,8d04cb216fa5393d661c71f29330c8fba5981aaa3426062ea1523aa6bae730f0,6.3587116673588753,-0.00025211029810190411,0.45000000000000001,0.006789560827356822,BTC,0.050000000000000003,True,0,0,28,-0.00025211029810190411,0.45678956082735683,0.45678956082735683,0.52500000000000002,0.45000000000000001,0.99217690364015221,,208aae4b11b01b7cb4ca868bd7c5f4ead13feb7a29264d54ee9c64f57e447ec9,5.3924127239733934
29,2021-01-30,2021-01-31,bull,-0.034273446683642898,-0.015423183886568048,0.45000000000000001,0.00013496043041544281,ABSTAIN,0.050000000000000003,True,0,5,29,-0.015423183886568048,0.44986503956958457,0.44986503956958457,0.5,0.45000000000000001,0.5,,5abf41e64528a8245cf9161c3b13ae60e03cfa941b4dd174e1528f11d5b03b61,6.3530489820986986,-0.015423183886568048,0.45000000000000001,0.00013496043041544281,BTC,0.050000000000000003,True,0,0,29,-0.015423183886568048,0.44986503956958457,0.44986503956958457,0.52500000000000002,0.45000000000000001,0.99855326090885677,,dec39b40a7f1319ca64506f8870588d026e1d44e0ff95f4b1180b0cc26207491,5.815189067274332
30,2021-01-31,2021-02-01,bull,0.0123111866884537,0.0055313707231126052,0.45000000000000001,0.0086155562171986722,ABSTAIN,0.050000000000000003,True,0,5,30,0.0055313707231126052,0.44138444378280134,0.44138444378280134,0.48633642524161858,0.45000000000000001,0.5,,cc1d21a551935de1bfd459b0fb5b5cd17146554691313be47d60c1f5dec9ec91,6.4061003606766462,0.0055313707231126052,0.45000000000000001,0.0086155562171986722,BTC,0.050000000000000003,True,0,0,30,0.0055313707231126052,0.44138444378280134,0.44138444378280134,0.51201960397953761,0.45000000000000001,0.99771531527533242,,c02eba8353c18eb2b3cf297b27f1c75133f29fe4d70c68b98b901895b78a7d50,5.5306155513972044
31,2021-02-01,2021-02-02,bull,0.0587635048648842,0.026440466827925446,0.45000000000000001,0.0030302311219193023,ABSTAIN,0.025000000000000001,True,0,5,31,0.026440466827925446,0.45303023112191931,0.45303023112191931,0.48644089884165842,0.45000000000000001,0.5,,69541b0e2f0a46e406c1dbe3ac2bc1cbb81f5b2cc84ce5be9cb83994ffe717f5,6.4147911369800568,0.026440466827925446,0.45000000000000001,0.0030302311219193023,BTC,0.025000000000000001,True,0,0,31,0.026440466827925446,0.45303023112191931,0.45303023112191931,0.49927987637061699,0.45000000000000001,0.99008664469351115,,1c571881d3bf1745f844a3d02f0735c3c2ce6d4be9d5fb235f59df57c4ef3885,5.3855489697307348
32,2021-02-02,2021-02-03,bull,0.060915536618083098,0.027397433788949321,0.45000000000000001,0.014169280978781007,ABSTAIN,0.025000000000000001,True,0,5,32,0.027397433788949321,0.46416928097878102,0.46416928097878102,0.48712226896651167,0.45000000000000001,0.5,,3949481267320f4cf2450cae1dfa35bfcc190157d64db65d4dddc7a4d920bf75,6.2926722075790167,0.027397433788949321,0.45000000000000001,0.014169280978781007,BTC,0.025000000000000001,True,0,0,32,0.027397433788949321,0.46416928097878102,0.46416928097878102,0.49994421224234892,0.45000000000000001,0.94033294399962164,,03101f5cac62e736a904d95bf4720976f376546ab8178eb26eb9553dafba3043,5.4515819773077965
33,2021-02-03,2021-02-04,bull,-0.017656215136479098,-0.0079598545617751704,0.45000000000000001,0.014674342365115722,ABSTAIN,0.025000000000000001,True,0,5,33,-0.0079598545617751704,0.46467434236511573,0.46467434236511573,0.48651765631131239,0.45000000000000001,0.5,,c2ca4334d72cbc261db2f64c75766b21eb5f779558c0e8a61049a66156a9cade,6.2905250191688538,-0.0079598545617751704,0.45000000000000001,0.014674342365115722,BTC,0.025000000000000001,True,0,0,33,-0.0079598545617751704,0.46467434236511573,0.46467434236511573,0.49935471490352956,0.45000000000000001,0.98448180815624364,,2aec63a43fb7cd3e8a2a9d3251431af4a5aeb96bb89b78054b86e402d6285cf1,5.3558641690760851
34,2021-02-04,2021-02-05,bull,0.035571262854191502,0.016002592863089804,0.45000000000000001,0.0044049115761793378,ABSTAIN,0.025000000000000001,True,0,5,34,0.016002592863089804,0.44559508842382067,0.44559508842382067,0.4863550061281855,0.45000000000000001,0.5,,324aaa988573a1d851333588ef024485e053ee8c44d93005c3d70b02300fb066,6.3110152911394835,0.016002592863089804,0.45000000000000001,0.0044049115761793378,BTC,0.025000000000000001,True,0,0,34,0.016002592863089804,0.44559508842382067,0.44559508842382067,0.49919613097498089,0.45000000000000001,0.9963585374608076,,cf642ea446122362fcb79ba6ce66cbfc2b503dc438a701fb255c184e87829857,5.5157976374030113
35,2021-02-05,2021-02-06,bull,0.0250407336229947,0.011259567304826357,0.45000000000000001,0.008665183374440999,BTC,0.025000000000000001,True,0,5,35,0.011259567304826357,0.45866518337444101,0.45866518337444101,0.49921722950379899,0.45000000000000001,0.80000000000000004,,4a84aedbbf4087ecff0e3dec8422829075c65131333ef60537e8072553d440ee,5.903152771294117,0.011259567304826357,0.45000000000000001,0.008665183374440999,BTC,0.025000000000000001,True,0,0,35,0.011259567304826357,0.45866518337444101,0.45866518337444101,0.49921722950379899,0.45000000000000001,0.9947784182281072,,7da86ea654fd0a35861387b3290892895adef2abc6f7846c143f47682160b2a2,5.3676000107079744
36,2021-02-06,2021-02-07,bull,-0.010283621098108301,-0.0046337296569607389,0.45000000000000001,0.0061285233474011602,ABSTAIN,0.025000000000000001,True,0,5,36,-0.0046337296569607389,0.45612852334740117,0.45612852334740117,0.48634586504685018,0.45000000000000001,0.5,,e5fcd6255f98b4c1e9510b9d3e2753227dc88d03f34f2c89aacbd57af57758c6,6.3736746516078711,-0.0046337296569607389,0.45000000000000001,0.0061285233474011602,ABSTAIN,0.025000000000000001,True,0,0,36,-0.0046337296569607389,0.45612852334740117,0.45612852334740117,0.48634586504685018,0.45000000000000001,0.5,,93c659e91ae9a4646578c1a035917198861077787fa97e75a9fee4106561daa0,5.3198259845376015
37,2021-02-07,2021-02-08,bull,0.19413737455891319,0.087359038135583988,0.45000000000000001,0.0025570292055508426,ABSTAIN,0.025000000000000001,True,0,5,37,0.087359038135583988,0.44744297079444917,0.44744297079444917,0.48632074022366673,0.45000000000000001,0.5,,8ca011c18ad81a9eb4afaefda1fc79a145136e8a29239a0afe7a61db3a5f1087,6.360657412558794,0.087359038135583988,0.45000000000000001,0.0025570292055508426,ABSTAIN,0.025000000000000001,True,0,0,37,0.087359038135583988,0.44744297079444917,0.44744297079444917,0.48632074022366673,0.45000000000000001,0.5,,2950a9db36e4d82ccd559e633b98f723a5919e98a1358f49f21ed40817b94e7e,5.2262000869959593
38,2021-02-08,2021-02-09,bull,0.0024334151656295001,0.0010507998329383206,0.45000000000000001,0.044188603446953578,BTC,0.025000000000000001,True,1,5,38,0.0010507998329383206,0.49418860344695359,0.49418860344695359,0.49919188922043994,0.45000000000000001,0.80000000000000004,,f0932d02cea7b45b64b384babdc0f6e18c97f80873c81839e0079828523e184a,6.4116568192839622,0.0010507998329383206,0.45000000000000001,0.044188603446953578,BTC,0.025000000000000001,True,0,0,38,0.0010507998329383206,0.49418860344695359,0.49418860344695359,0.49919188922043994,0.45000000000000001,0.99667621259295835,,02128928b451f8f03fcfd7bd0214d0e91106406fa783e280b1b4b9c1e9025a1f,5.4015179798007011
39,2021-02-09,2021-02-10,bull,-0.035963241207002498,-0.016184050418463714,0.45000000000000001,0.00060161146678316957,BTC,0.025000000000000001,True,2,5,39,-0.016184050418463714,0.45060161146678318,0.45060161146678318,0.49914767330043169,0.45000000000000001,0.80000000000000004,,aba4eb68e5ae6346b9fadc7951eacc578e72bc30be559ad4388c813e1947c0a4,7.0315345115959644,-0.016184050418463714,0.45000000000000001,0.00060161146678316957,BTC,0.025000000000000001,True,0,0,39,-0.016184050418463714,0.45060161146678318,0.45060161146678318,0.49914767330043169,0.45000000000000001,0.99998764848496124,,50043956d8098cc32bb3200256931ffaf9beeae572265ceb51bdd145dbbec9c2,5.9889712985605001
40,2021-02-10,2021-02-11,bull,0.070360870728878505,0.035119310734933018,0.5,0.059047319112517149,ABSTAIN,0.025000000000000001,True,0,5,40,0.035119310734933018,0.44095268088748285,0.44095268088748285,0.48630514274886483,0.5,0.5,,d2b43594d128077860edcb9af9f1fd1beca3cd68ce810233a7e4ada08a755cfc,6.4588854964822531,0.035119310734933018,0.5,0.059047319112517149,BTC,0.025000000000000001,True,0,0,40,0.035119310734933018,0.44095268088748285,0.44095268088748285,0.49914751418014319,0.5,0.99999956538354118,,0f5691e08472af9e5e06f5babc29ce361c3aa0132490c7879c0e978321d56717,5.4868053011596203
41,2021-02-11,2021-02-12,bull,-0.0128983323852329,-0.0064660490227473888,0.5,0.016992417052421382,ABSTAIN,0.025000000000000001,True,0,5,41,-0.0064660490227473888,0.51699241705242138,0.51699241705242138,0.48630515553262338,0.5,0.5,,f99332657255755af346c1679ccb461b7901a5dfcb3b983a4cd471b428dbcd13,6.4161856397986412,-0.0064660490227473888,0.5,0.016992417052421382,BTC,0.025000000000000001,True,0,0,41,-0.0064660490227473888,0.51699241705242138,0.51699241705242138,0.49914752664430778,0.5,0.9999986319124714,,58808078f88841533b8d45fadf8eabfff1deb8d816f0c0f2fa3eb15ff3ed44a0,5.3619461599737406
42,2021-02-12,2021-02-13,bull,-0.0042852589204103002,-0.0021458680202265379,0.5,0.0032455139551856305,ABSTAIN,0.025000000000000001,True,0,5,42,-0.0021458680202265379,0.49675448604481437,0.49675448604481437,0.48630513754929988,0.5,0.5,,ac451709af434e6f18179af9b2d373df6217ab4d0b80d9eb8cf0689c24eb474f,6.4302218239754438,-0.0021458680202265379,0.5,0.0032455139551856305,BTC,0.025000000000000001,True,0,0,42,-0.0021458680202265379,0.49675448604481437,0.49675448604481437,0.49914750911056738,0.5,0.99999994505618117,,de355d8f891965610632da39b723c047408d5fdf7ea05c4b2b88868ede2d70d5,5.4568904247134924
43,2021-02-13,2021-02-14,bull,0.031264376588712603,0.015631097896313673,0.5,0.0010736150894221086,ABSTAIN,0.025000000000000001,True,0,5,43,0.015631097896313673,0.49892638491057789,0.49892638491057789,0.48630514036962058,0.5,0.5,,80f18ebeadfe93741cb5bb0778502e95daad7a35dd195d99012d532f6a8a23bc,6.3896577730774879,0.015631097896313673,0.5,0.0010736150894221086,BTC,0.025000000000000001,True,0,0,43,0.015631097896313673,0.49892638491057789,0.49892638491057789,0.49914751186038009,0.5,0.99999973911614115,,f8ca8a59ea4e38f002db5cf2049072796c777c65417030d8edeb7341723082ec,5.3558754250407219
44,2021-02-14,2021-02-15,bull,-0.0145364016495557,-0.007275840682291923,0.5,0.0076957920763662813,ABSTAIN,0.025000000000000001,True,0,5,44,-0.007275840682291923,0.50769579207636628,0.50769579207636628,0.48630516001061458,0.5,0.5,,a90ec8299663a1caa9caa953ab7ba0c87029a8f2c122d55049370fed9f0c018a,6.3644328750669956,-0.007275840682291923,0.5,0.0076957920763662813,BTC,0.025000000000000001,True,0,0,44,-0.007275840682291923,0.50769579207636628,0.50769579207636628,0.4991475310103492,0.5,0.99999830492919761,,998d14d0aabb0bcb19a1cebd8ecf73e085e842fb80e564f93d1ef49350561c08,6.0806799307465553
45,2021-02-15,2021-02-16,bull,0.025729979159843298,0.012861281777794664,0.5,0.0036607071672411506,ABSTAIN,0.025000000000000001,True,0,5,45,0.012861281777794664,0.49633929283275885,0.49633929283275885,0.48630514196169627,0.5,0.5,,6cc0fc6f2eb1d07e52fa221dabab458160946c642cefa3b2e437a8c75ba89baa,6.4272179268300533,0.012861281777794664,0.5,0.0036607071672411506,BTC,0.025000000000000001,True,0,0,45,0.012861281777794664,0.49633929283275885,0.49633929283275885,0.4991475134126539,0.5,0.99999962286264443,,69675fe0aa9e4dd29ad2bafd50a16587fb33d190089f88b6f663a933b2959193,6.0589991211891174
46,2021-02-16,2021-02-17,bull,0.059172620536631103,0.029579771579897329,0.5,0.0063507919181101657,ABSTAIN,0.025000000000000001,True,0,5,46,0.029579771579897329,0.50635079191811017,0.50635079191811017,0.4863051420703205,0.5,0.5,,5bb4c1f8f315a60c7bc363121ed9b17c2c98beabe130fc9667bc9d69180c2869,6.4413598366081715,0.029579771579897329,0.5,0.0063507919181101657,BTC,0.025000000000000001,True,0,0,46,0.029579771579897329,0.50635079191811017,0.50635079191811017,0.49914751351856251,0.5,0.99999961493090395,,db18d21ecad3de93b28d176f5b30a5b898f3fde99a1574f1f6ae9be4a9a3fa1b,5.9879554323852062
47,2021-02-17,2021-02-18,bull,-0.0095431573449669006,-0.004785878171499558,0.5,0.014368057331980877,BTC,0.025000000000000001,True,0,5,47,-0.004785878171499558,0.51436805733198088,0.51436805733198088,0.4991475104625745,0.5,0.99999984380114315,,cb09aaa5131de0501421fd74b0853b8336a69fdd4bf1533931b13c98c65d561f,7.1565932687371969,-0.004785878171499558,0.5,0.014368057331980877,BTC,0.025000000000000001,True,0,0,47,-0.004785878171499558,0.51436805733198088,0.51436805733198088,0.4991475104625745,0.5,0.99999984380114315,,6b56d299155786ac9f1d5b90c4776246e89707c1535cd7f6b9a568f4d27f2501,5.3666208926588297
48,2021-02-18,2021-02-19,bull,0.083835121417853403,0.041915062995082852,0.5,0.0023972278977517081,BTC,0.025000000000000001,True,0,5,48,0.041915062995082852,0.49760277210224829,0.49760277210224829,0.49914750860016976,0.5,0.99999998328109085,,753af2889ea50e5143de5b874c0ed74df9a3110da03c387d1d75ad23c9357ec2,6.5314600132405758,0.041915062995082852,0.5,0.0023972278977517081,BTC,0.025000000000000001,True,0,0,48,0.041915062995082852,0.49760277210224829,0.49760277210224829,0.49914750860016976,0.5,0.99999998328109085,,8fd01f331cab78ba70c9d9e1324d48630fe65708a29bbf3a9271a4440d1b7efe,6.0987753160297871
49,2021-02-19,2021-02-20,bull,0.00030586728579450002,0.00013281498241224376,0.5,0.020115584135277365,ABSTAIN,0.025000000000000001,True,0,5,49,0.00013281498241224376,0.52011558413527736,0.52011558413527736,0.48630513688615978,0.5,0.5,,5018ee7e6f48af44cad5ecdefb96d41d16a6b25ea2d058b7867b397953c150a9,6.2795761059969664,0.00013281498241224376,0.5,0.020115584135277365,BTC,0.025000000000000001,True,0,0,49,0.00013281498241224376,0.52011558413527736,0.52011558413527736,0.4991475084640058,0.5,0.99999999347872237,,7236dc217dd77d896aa50c8ee844a24eb6bb1f655dd2caddc9201fa2b20d38f0,5.3765435926616192
50,2021-02-20,2021-02-21,bull,0.0270028628291763,0.01350135392720575,0.5,7.6455128887320534e-05,BTC,0.025000000000000001,True,2,5,50,0.014800909567927123,0.50007645512888732,0.50007645512888732,0.49914750837862587,0.55000000000000004,0.99999999987304222,,c6c05306d0d931085bf1caadbdeaac32ee4242a5127f115b5469109ce4932338,8.0841849073767662,0.01350135392720575,0.5,7.6455128887320534e-05,BTC,0.025000000000000001,True,0,0,50,0.014800909567927123,0.50007645512888732,0.50007645512888732,0.49914750837862587,0.55000000000000004,0.99999999987304222,,bde8535865d24418c134edb958e905aa17ef4e921d202d1680a76690be30a5b3,6.139285147190094
51,2021-02-21,2021-02-22,bull,-0.057840505068443897,-0.028926720688189023,0.5,0.0066607855677832672,BTC,0.025000000000000001,True,0,5,51,-0.031818653695831589,0.50666078556778327,0.55658540491809838,0.49914750837696042,0.55000000000000004,0.99999999999776645,,070233ee6926fd3d13cf36c1d6e0fb6bb0d5571c3dcda2c6eabfefa66614b9cf,6.5187998041510582,-0.028926720688189023,0.5,0.0066607855677832672,BTC,0.025000000000000001,True,0,0,51,-0.031818653695831589,0.50666078556778327,0.55658540491809838,0.49914750837696042,0.55000000000000004,0.99999999999776645,,6fbabd62e8b727f81f8f097b9af210572c26b1f32a45f1ebbfb1c829c278d6f9,6.0020376369357109
52,2021-02-22,2021-02-23,bull,-0.096108427367043794,-0.048068388890352809,0.5,0.014890771128578784,ABSTAIN,0.025000000000000001,True,0,5,52,-0.04808773559944246,0.48510922887142122,0.53521410189779295,0.4863051367968686,0.5,0.5,,4269393f521f8d6c71963eb32ac2ac5f232c1566847efb962a393ad54430b0ff,6.3802174460142851,-0.048068388890352809,0.5,0.014890771128578784,BTC,0.025000000000000001,True,0,0,52,-0.052873639372798653,0.48510922887142122,0.53521410189779295,0.49914750837694688,0.55000000000000004,0.99999999999878275,,616b52949965c8a8d0b00312561e336fa6cca2b8ba70197c0b71b74894cd6135,6.0969739723950624
53,2021-02-23,2021-02-24,bull,0.016076072555978899,0.0080125934030417234,0.5,0.025239994952583444,ABSTAIN,0.025000000000000001,True,0,5,53,0.0080125934030417234,0.47476000504741656,0.47476000504741656,0.48630513679745713,0.5,0.5,,4a6acbc98435db4a430e577bdfb1285471f818ba7b7d58612dafd1cd1613015d,6.3343600630760193,0.0080125934030417234,0.5,0.025239994952583444,BTC,0.025000000000000001,True,0,0,53,0.008012950618740744,0.47476000504741656,0.52488562767077707,0.4991475083775207,0.5,0.9999999999558018,,3aa1a38b29e3e2d50282a763f90751979818d2097fd5a1471253e7f1702d2688,5.3796023279428482
54,2021-02-24,2021-02-25,bull,-0.055717088384727498,-0.02786242009188733,0.5,0.0039869707236784846,ABSTAIN,0.025000000000000001,True,0,5,54,-0.02786242009188733,0.50398697072367848,0.50398697072367848,0.48630513793434532,0.5,0.5,,707d9eda266c6d4fbd10098cda27ed4cbb0f83e73bf73d7fd60746da85cb6f7c,6.4174066800624132,-0.02786242009188733,0.5,0.0039869707236784846,BTC,0.025000000000000001,True,0,0,54,-0.030689001599266019,0.50398697072367848,0.50398697072367848,0.49914750948598668,0.55000000000000004,0.99999991694013635,,3d53beb2b652660b062667467b0f7e5c87c1dc435382cb04a2cfee3aa87e4277,6.1170280855149031
55,2021-02-25,2021-02-26,bull,-0.0124210234718774,-0.0062247511906041719,0.5,0.014328441620267807,ABSTAIN,0.025000000000000001,True,0,5,55,-0.0062247511906041719,0.48567155837973219,0.48567155837973219,0.48630513801590269,0.5,0.5,,03e7296c23db65a6eb0ba605123659bc77601179b6df950fccc9563775f10cd5,6.3831396177411079,-0.0062247511906041719,0.5,0.014328441620267807,BTC,0.025000000000000001,True,0,0,55,-0.0068456916485051256,0.48567155837973219,0.53577407573085789,0.49914750956550513,0.55000000000000004,0.99999991098481156,,fbd1faa09d0087af757ec15fb4e661698f7aa2ed305b0032a31b015ee829b434,5.3989420626312494
56,2021-02-26,2021-02-27,bull,-0.0045074397569563997,-0.0022568374979817785,0.5,0.0031246616156038742,ABSTAIN,0.025000000000000001,True,0,5,56,-0.0022568374979817785,0.49687533838439613,0.49687533838439613,0.48630518332184541,0.5,0.5,,f537a99b00362ab39b9c195817d85e5f760ec82bf1cee17e8836b192c8f9b3e6,6.2829749658703804,-0.0022568374979817785,0.5,0.0031246616156038742,BTC,0.025000000000000001,True,0,0,56,-0.002482179542053875,0.49687533838439613,0.54690465061667115,0.49914755373879927,0.55000000000000004,0.999996602741277,,9877588023781b28fb729371161ba220f944f475e09a46a88641fc83126a7cf2,5.3394897114485502
57,2021-02-27,2021-02-28,bull,-0.021082999000795299,-0.010542617000074528,0.5,0.0011294053024200612,BTC,0.025000000000000001,True,0,5,57,-0.011646185977079337,0.49887059469757994,0.49887059469757994,0.49914763147255303,0.55000000000000004,0.99999078107472961,,3bb8c1dd5596cf530e2fd8e6cab74d431a8538d8c0bcd27378a25d956e514115,6.5080787371844053,-0.010542617000074528,0.5,0.0011294053024200612,BTC,0.025000000000000001,True,0,0,57,-0.011596754846148749,0.49887059469757994,0.54888163613338803,0.49914763147255303,0.55000000000000004,0.99999078107472961,,ecca253f0baa76b44e320e96ce0057cfffab9ca640fad8856cc8aaad003336f6,6.063842723146081
58,2021-02-28,2021-03-01,bull,0.098120184217518294,0.049054503867093979,0.5,0.0053269032986603126,BTC,0.025000000000000001,True,0,5,58,0.053960537159940092,0.49467309670133969,0.54472074131422488,0.49010713447222193,0.55000000000000004,0.99989625785300196,,d67a0132afeb3b604f61ae21199d1378c9244d216c5a32620012da4beb8ee273,6.291100949048996,0.049054503867093979,0.5,0.0053269032986603126,BTC,0.025000000000000001,True,0,0,58,0.053960537159940092,0.49467309670133969,0.54472074131422488,0.49010713447222193,0.55000000000000004,0.99989625785300196,,0b1f0c73dd4bd0dd48d6f1cbdbaaa0429a3375d216f5c3bc73922738b1550bcb,6.0808046646416187
59,2021-03-01,2021-03-02,bull,-0.0236170620318376,-0.011831637778274118,0.5,0.023382879816799318,ABSTAIN,0,True,0,5,59,-0.011880709802146505,0.52338287981679932,0.5730412966445787,0.47706131272126262,0.5,0.5,,ec87a2f151b4cd6e6bba1cca4255a77d550ed8b93bf7b1c0fe21d055144ee485,6.4069793038070202,-0.011831637778274118,0.5,0.023382879816799318,BTC,0,True,0,0,59,-0.013012126121902612,0.52338287981679932,0.5730412966445787,0.47706131272126262,0.55000000000000004,0.99870000000000003,,cf6312eb20b680dbb3a0d2fe79821c05ffd44dc7600a3b7ce7f32fa2d9a7b657,5.6306608263403177
60,2021-03-02,2021-03-03,bull,0.040700724018156199,0.020344265599993916,0.5,0.0059748193475392952,ABSTAIN,0,True,0,5,60,0.020344265599993916,0.4940251806524607,0.4940251806524607,0.47703255521990751,0.5,0.5,,1777088aa4973387a40ba53a47e581cdc8586cd6840934e6102e1c52172941e2,6.3803148437291384,0.020344265599993916,0.5,0.0059748193475392952,BTC,0,True,0,0,60,0.022379343492439974,0.4940251806524607,0.54407785209315762,0.47703255521990751,0.55000000000000004,0.99991381219535602,,342ee0bd4dc5d915e0156fa4e54f06729503fbd7153ea4ad6665b455e84e35d3,6.0435682367533445
61,2021-03-03,2021-03-04,bull,-0.039033556833898503,-0.019526556033170994,0.5,0.0099722422644159536,ABSTAIN,0,True,0,5,61,-0.019526556033170994,0.50997224226441595,0.50997224226441595,0.4770333441928683,0.5,0.5,,f0fe4af0e29b2c5de35b3255c03fe918c9b56ee2afcfca065d87ca3591e1355c,6.3818825334310532,-0.019526556033170994,0.5,0.0099722422644159536,BTC,0,True,0,0,61,-0.02147809760156405,0.50997224226441595,0.55985286880283158,0.4770333441928683,0.55000000000000004,0.99987946336079558,,354f39870a950e4c7e10d2dc56f239481b9d5ae23137b350bfd994fbf5ef994f,5.3625521101057529
62,2021-03-04,2021-03-05,bull,0.007526637482448,0.0037533286537632105,0.5,0.0099526325322723541,ABSTAIN,0,True,0,5,62,0.0037533286537632105,0.49004736746772765,0.49004736746772765,0.47703386247467922,0.5,0.5,,f18b92fa89e8bcb388adbed0c0503d3b8c6299a339d5e5e2edeb2df47c9462b0,6.2634081188589334,0.0037533286537632105,0.5,0.0099526325322723541,BTC,0,True,0,0,62,0.0041297369873829481,0.49004736746772765,0.54012724180617377,0.47703386247467922,0.55000000000000004,0.9998568993731084,,e8c16fc0acb201234def372e7bc532766896c77f443fad98ffd05df314301c14,5.4145695324987173
63,2021-03-05,2021-03-06,bull,0.0012932315417328,0.0006447399540816523,0.5,0.0018746046358535384,ABSTAIN,0,True,0,5,63,0.0006447399540816523,0.50187460463585354,0.50187460463585354,0.47705253377598372,0.5,0.5,,57d6db3cbfd5c973dce23b9c36c66f14395dc40bd2ced8932826f05f0f07765a,6.250456552952528,0.0006447399540816523,0.5,0.0018746046358535384,BTC,0,True,0,0,63,0.00070942086536751603,0.50187460463585354,0.55185516305004434,0.47705253377598372,0.55000000000000004,0.99904402304990636,,02879de6f259041d8225577ff42f8e45c102e57d1d406bad1301d914142755a7,6.0452254638075829
64,2021-03-06,2021-03-07,bull,0.0435303220101688,0.021764830873818752,0.5,0.00032309896454718601,ABSTAIN,0,True,0,5,64,0.021764830873818752,0.50032309896454719,0.50032309896454719,0.47709702643953222,0.5,0.5,,814d9d09a7ba2f9d65ee3e900fd74e9ce6d2e7a322559a05fb3a8946962a75fe,6.2700447533279657,0.021764830873818752,0.5,0.00032309896454718601,BTC,0,True,0,0,64,0.023941349600605566,0.50032309896454719,0.55031984730643513,0.47709702643953222,0.55000000000000004,0.99710698437410161,,8b2ad323abbd6bb3ed9a78a23660a35766534676498febf6224280a4f355a42f,5.4298896212130785
65,2021-03-07,2021-03-08,bull,0.026061986218746499,0.013020203554439558,0.5,0.010650764889886477,ABSTAIN,0,True,0,5,65,0.013020203554439558,0.51065076488988648,0.51065076488988648,0.47709336446967598,0.5,0.5,,75b080cf9959c6c9bf829a63e0830222052f1d06b2ba60e49959ca6aa4b5b717,6.3892783541232347,0.013020203554439558,0.5,0.010650764889886477,BTC,0,True,0,0,65,0.014323419755121414,0.51065076488988648,0.56052184410343686,0.47709336446967598,0.55000000000000004,0.99726641239381075,,d9a316f4e103a2184c6bc56cb942b11320289a04f49de1663d6e21b9acd445f8,5.3328610751777887
66,2021-03-08,2021-03-09,bull,0.049091013362390301,0.024538917126912585,0.5,0.0064316853077596159,ABSTAIN,0,True,0,5,66,0.024538917126912585,0.50643168530775962,0.50643168530775962,0.4771074730853051,0.5,0.5,,e0829a10f0704998c249c4af418e0a8f7deaf0accda2f509d19a00532e7eb59c,6.271369431167841,0.024538917126912585,0.5,0.0064316853077596159,BTC,0,True,0,0,66,0.026993526462468331,0.50643168530775962,0.55635918839496812,0.4771074730853051,0.55000000000000004,0.99665217777722515,,a419cf808a7938c8d5265b16a4f7c373c0d8d7322cf6286e35bb722d9d419ef3,5.4445588309317827
67,2021-03-09,2021-03-10,bull,0.017728092713059598,0.0088519614471582742,0.5,0.011978729359082063,ABSTAIN,0,True,0,5,67,0.0088519614471582742,0.51197872935908206,0.51197872935908206,0.47703983002779171,0.5,0.5,,d32172ea71c573d16af023f601350d5ba6621f1346988cddc97af70d2c5df093,6.3976715598255396,0.0088519614471582742,0.5,0.011978729359082063,BTC,0,True,0,0,67,0.0097385050395506489,0.51197872935908206,0.56183059895687915,0.47703983002779171,0.55000000000000004,0.99959709516591622,,794e87d9b789898d2af622404677f94d3e5f9e7ffd5d6cf21c772cfdef76d464,5.3722082301974297
68,2021-03-10,2021-03-11,bull,0.034870792220139203,0.017430926432242977,0.5,0.0043930826896557695,BTC,0,True,0,5,68,0.01913245411163067,0.50439308268965577,0.50439308268965577,0.47703175819447241,0.55000000000000004,0.80000000000000004,,af807b9e0c3dde443f69d846d32f54e4c717cc5cce62a45399ddfb8bfa15fa91,6.033312039449811,0.017430926432242977,0.5,0.0043930826896557695,BTC,0,True,0,0,68,0.019174507048214995,0.50439308268965577,0.55434533398046115,0.47703175819447241,0.55000000000000004,0.99994851160353004,,6968c34c8b58da6dfab5f68b377fe75d498023e8b7e42ddd6b74b63bc08d27aa,6.0021655149757862
69,2021-03-11,2021-03-12,bull,-0.0092457547210615006,-0.0046314060565435522,0.5,0.0085683062417181155,BTC,0,True,1,5,69,-0.005093590146542204,0.50856830624171812,0.55846811170442645,0.47703163906664903,0.55000000000000004,0.80000000000000004,,5bed74b8eb6c09fde096647ce54ccf839d27001147f0ae221c2b92bcd335e0b6,6.4202762395143509,-0.0046314060565435522,0.5,0.0085683062417181155,BTC,0,True,0,0,69,-0.005093590146542204,0.50856830624171812,0.55846811170442645,0.47703163906664903,0.55000000000000004,0.99995369796871503,,e51730a7a6e21e82a21e097d87f38ee2b724f300eb30b1785ef75b41415bd5dd,5.9439410734921694
70,2021-03-12,2021-03-13,bull,0.068631679679246299,0.034313437978473749,0.5,0.0023221738049755691,ABSTAIN,0,True,0,5,70,0.034266502995034642,0.49767782619502443,0.54769997972370688,0.4770307745869119,0.5,0.5,,ba89c244278bd3202959199228a3ffd1db941d57515f90ddd73b77c8b36c82b4,6.4050585720688105,0.034313437978473749,0.5,0.0023221738049755691,BTC,0,True,0,0,70,0.037745036983469094,0.49767782619502443,0.54769997972370688,0.4770307745869119,0.55000000000000004,0.99999133407660035,,6ebb9b322e01c60559c93a119003249ef1666c93b164f3c901fb058a4940c498,6.1229677200317383
71,2021-03-13,2021-03-14,bull,-0.034015684211042299,-0.017024148634027569,0.5,0.016588665917049217,ABSTAIN,0,True,0,5,71,-0.017024148634027569,0.51658866591704922,0.51658866591704922,0.4770307517970343,0.5,0.5,,8d8e319ac89b0c5d714fe2cbac7ac8c39d3b7161be64a652117cd40cd322a908,6.3994108308106661,-0.017024148634027569,0.5,0.016588665917049217,BTC,0,True,0,0,71,-0.01872468855745979,0.51658866591704922,0.56636847303173954,0.4770307517970343,0.55000000000000004,0.99999232625982315,,cb799eecdc9438a13b99a48564a18bcad0035dce3faee12a8e2894b4fb1f8f2b,6.0254222266376019
72,2021-03-14,2021-03-15,bull,-0.056203553490984201,-0.028110184692285434,0.5,0.0086510568619138639,ABSTAIN,0,True,0,5,72,-0.028110184692285434,0.49134894313808614,0.49134894313808614,0.4770306124243347,0.5,0.5,,fbe3b124431130f77b6fbabacc2f9ee3ab6a7aebf75b50b7af707bbd2c2595ef,6.4083906263113022,-0.028110184692285434,0.5,0.0086510568619138639,BTC,0,True,0,0,72,-0.030920268604766932,0.49134894313808614,0.54142060954777671,0.4770306124243347,0.55000000000000004,0.99999839400870716,,fc51742215d9d769245e7bf5b1e18fe03d036267977c0edb95d2547abd2356d1,6.0837638564407825
73,2021-03-15,2021-03-16,bull,0.019687657394611601,0.0098292292232338152,0.5,0.014457160262825786,BTC,0,True,0,5,73,0.010763056451005282,0.48554283973717421,0.48554283973717421,0.47703070421274668,0.55000000000000004,0.80000000000000004,,ae735e12a1cd0f28568f6300cb464082f9588c718243d7ba49d992c45f5c47e3,5.9900719430297613,0.0098292292232338152,0.5,0.014457160262825786,BTC,0,True,0,0,73,0.010813702045342044,0.48554283973717421,0.53564590745653695,0.47703070421274668,0.55000000000000004,0.99999439789586164,,37441b35b19a975f1ea57120325e4b5e04902e8f5e2ed3f5b078d52e32829a0d,6.0136958789080381
74,2021-03-16,2021-03-17,bull,0.035574102166121502,0.017782090453953181,0.5,0.0048739361560511396,BTC,0,True,0,5,74,0.01956084137684666,0.50487393615605114,0.55482049783475329,0.47703472620397608,0.55000000000000004,0.80000000000000004,,43d00ecfc41c8f7f907becf647a59637a5a6d3398b7c25629a951872fcaefdf9,6.0051398295909166,0.017782090453953181,0.5,0.0048739361560511396,BTC,0,True,0,0,74,0.01956084137684666,0.50487393615605114,0.55482049783475329,0.47703472620397608,0.55000000000000004,0.99981929593648877,,edc726123ee1e732eaaa7d517d1c4e51830a46c1d709b4c23e724093251ff6f0,6.1299104820936918
75,2021-03-17,2021-03-18,bull,-0.021344853047264099,-0.010681071367398043,0.5,0.0087381005015406688,BTC,0,True,3,5,75,-0.011748203424282844,0.50873810050154067,0.55863562769997799,0.47703554824916322,0.55000000000000004,0.80000000000000004,,efc99b3c474c41f9ce7f6e9ce45c62d62be13f42fbb004e8ed7f537f8ef09f21,7.6468157898634672,-0.010681071367398043,0.5,0.0087381005015406688,BTC,0,True,0,0,75,-0.011748203424282844,0.50873810050154067,0.55863562769997799,0.47703554824916322,0.55000000000000004,0.99978350726497156,,3ca8c836c1b82730baafff7f4ac296616cafe98b0bf3c90b8d8a3745e1879068,5.9879644904285669
76,2021-03-18,2021-03-19,bull,0.0074927154155681004,0.0037409437228015374,0.5,0.0053937779607872716,ABSTAIN,0,True,0,5,76,0.0037015360232381944,0.49460622203921273,0.54465439321560849,0.47703192031004987,0.5,0.5,,df0c43a9c4b294d0f296fc265c5367840dabbbea42081f62b87beac2089be379,6.4315884578973055,0.0037409437228015374,0.5,0.0053937779607872716,BTC,0,True,0,0,76,0.0041156258425671943,0.49460622203921273,0.54465439321560849,0.47703192031004987,0.55000000000000004,0.99994145371761123,,0e5ebbe3076ba58a3b20252c340c56959e078ab962d1717be08d57d3c71c1a42,6.1529462672770023
77,2021-03-19,2021-03-20,bull,9.2962401873064606e-05,4.4614926745900618e-05,0.5,0.0018661874481614715,ABSTAIN,0,True,0,5,77,4.4614926745900618e-05,0.50186618744816147,0.50186618744816147,0.47703870325989223,0.5,0.5,,b6394f842b9708d81a5f727e42d3edf64ad151992c943e7bcf6c2bebd6897a3d,6.3906604517251253,4.4614926745900618e-05,0.5,0.0018661874481614715,BTC,0,True,0,0,77,4.9282390337523907e-05,0.50186618744816147,0.55184683626514863,0.47703870325989223,0.55000000000000004,0.99964615028705039,,314ee868acaf380e8d7be2a7c0c25109a36d49dddc2f4f90e28d275f1f3be819,5.3551341835409403
78,2021-03-20,2021-03-21,bull,-0.012214812698172201,-0.006107429446673196,0.5,2.3239520267392955e-05,ABSTAIN,0,True,0,5,78,-0.006107429446673196,0.50002323952026739,0.50002323952026739,0.47704861907600787,0.5,0.5,,27748f4ef4cc876cf7eb37cda1c60d7dba32913038f41411fde71298c8446957,6.247979586943984,-0.006107429446673196,0.5,2.3239520267392955e-05,BTC,0,True,0,0,78,-0.0067181698364483511,0.50002323952026739,0.55002300701813045,0.47704861907600787,0.55000000000000004,0.99921445396261444,,f2f43863c18dcdf27a7a67fb86456c101c9e61a9becc88c7d751f01f62f29053,6.1364108882844448
79,2021-03-21,2021-03-22,bull,-0.056209243723838301,-0.0281076079793533,0.5,0.0030724679850220871,BTC,0,True,1,5,79,-0.030966515776287729,0.49692753201497791,0.49692753201497791,0.47703783718479098,0.55000000000000004,0.80000000000000004,,cddccf655c2123f188d1d68411ea7305b2f2035a5d31aa3dcd05a509cea77703,6.4492882844060659,-0.0281076079793533,0.5,0.0030724679850220871,BTC,0,True,0,0,79,-0.030918033568127501,0.49692753201497791,0.54695638641376776,0.47703783718479098,0.55000000000000004,0.99968385585092245,,d60ace64ede4a62cd2354ffb93893f17cdeac6ef55871c92820e2bcfd6d5da75,6.020265331491828
80,2021-03-22,2021-03-23,bull,0.0054322236850120999,0.0027016139048721133,0.5,0.01445866627936887,ABSTAIN,0,True,0,5,80,0.0026803706204676647,0.48554133372063113,0.53564440784016842,0.4770554538610598,0.5,0.5,,2474fc85086d8fca8659b93f948da88b637cf81f9c6bff076b61df8bc05fb3bf,6.4105874635279179,0.0027016139048721133,0.5,0.01445866627936887,ABSTAIN,0,True,0,0,80,0.0026803706204676647,0.48554133372063113,0.53564440784016842,0.4770554538610598,0.5,0.5,,4fe37de995a1f00a43d6307d533ad399203d22b08893e573ddec3e0ea53e7386,5.32624845020473
81,2021-03-23,2021-03-24,bull,-0.039063403884119101,-0.019533029866047324,0.5,0.0013543772810806765,ABSTAIN,0,True,0,5,81,-0.019533029866047324,0.50135437728108068,0.50135437728108068,0.47740695443271752,0.5,0.5,,6069e721ed077024607af1b59f7a89da07cabdf4366c03df6569812e94a20fb8,6.3904249276965857,-0.019533029866047324,0.5,0.0013543772810806765,ABSTAIN,0,True,0,0,81,-0.019533029866047324,0.50135437728108068,0.50135437728108068,0.47740695443271752,0.5,0.5,,501d7aed1213f4b0758e5a6f5b76a9b086a02478d9be5abfe14866d9a006f5be,5.2540387995541096
82,2021-03-24,2021-03-25,bull,-0.019170422013018499,-0.0095950759284531006,0.5,0.0099603944261874022,ABSTAIN,0,True,0,5,82,-0.0095950759284531006,0.4900396055738126,0.4900396055738126,0.47771551760644487,0.5,0.5,,bfd768bc308b5f9070695fdb0442efbf040a9392d45855df0a3ddd9bcc786fcf,6.3493238873779774,-0.0095950759284531006,0.5,0.0099603944261874022,ABSTAIN,0,True,0,0,82,-0.0095950759284531006,0.4900396055738126,0.4900396055738126,0.47771551760644487,0.5,0.5,,9bc743d565f3d4e71b13f3c2356590b5d5f8ad089fbb7696d02653f536725567,5.4032322037965059
83,2021-03-25,2021-03-26,bull,0.072362306443787397,0.036176139153492715,0.5,0.0048389882264633366,ABSTAIN,0,True,0,5,83,0.036176139153492715,0.49516101177353666,0.49516101177353666,0.47790967638098653,0.5,0.5,,21001ebf0474cc88d3efdef5585a29be0ac93d5a0f6dc775532f683b99772aae,6.3569107614457607,0.036176139153492715,0.5,0.0048389882264633366,BTC,0,True,0,0,83,0.039742247004237452,0.49516101177353666,0.49516101177353666,0.47790967638098653,0.55000000000000004,0.96172734555401795,,f738c011e85739c8a65929967ed7aab5c61b2c57b782a2591cb63582629750fb,5.2661816403269768
84,2021-03-26,2021-03-27,bull,0.015022866809239799,0.0074938433695996842,0.5,0.017458893702801181,ABSTAIN,0,True,0,5,84,0.0074938433695996842,0.51745889370280118,0.51745889370280118,0.47819899511173042,0.5,0.5,,469bd6efc3194c5bfe109fec0e5d9177247ada0a7562a8d4351e9251e9941ad7,6.3876156080514193,0.0074938433695996842,0.5,0.017458893702801181,BTC,0,True,0,0,84,0.0082452102673193917,0.51745889370280118,0.56722416180376278,0.47819899511173042,0.55000000000000004,0.94913152578531645,,eb1baa59abc1f89e6cf783a502ed64d84c0ecbfb85eb2f147628185211beed8e,5.4997220393270254
85,2021-03-27,2021-03-28,bull,-0.0017489245993316,-0.00087818675612882924,0.5,0.0037277162102454797,ABSTAIN,0,True,0,5,85,-0.00087818675612882924,0.50372771621024548,0.50372771621024548,0.47731493566133137,0.5,0.5,,1a7aee182b6f185ce28a289506f4cff907a5d045bec752441d51fbd112a665a2,6.416919119656086,-0.00087818675612882924,0.5,0.0037277162102454797,BTC,0,True,0,0,85,-0.00096559267212825706,0.50372771621024548,0.55368768971599647,0.47731493566133137,0.55000000000000004,0.98762005873792003,,ff948c3d6db6e3e0d562e9ad1d5b46fabeec689207fe757891623661a33ec8a9,5.9612954612821341
86,2021-03-28,2021-03-29,bull,0.033192743861763102,0.016595927054253057,0.5,0.00043761382662610426,ABSTAIN,0,True,0,5,86,0.016595927054253057,0.4995623861733739,0.4995623861733739,0.4770931810135135,0.5,0.5,,97dcc991f8379e41c05fa00b6afe04d910960896e5f79374d7d73511ff8672da,6.3311201520264149,0.016595927054253057,0.5,0.00043761382662610426,BTC,0,True,0,0,86,0.01825556793847638,0.4995623861733739,0.54956672439016063,0.4770931810135135,0.55000000000000004,0.9972743993663522,,8254c61b5f576cd46eacde46804e6d8eaf05e8692dfec211c58cf865bd5e3d3e,6.1062819417566061
87,2021-03-29,2021-03-30,bull,0.0200481808935681,0.010015845908476262,0.5,0.0081627145193127193,BTC,0,True,0,5,87,0.010984200887174556,0.50816271451931272,0.50816271451931272,0.47706005299832688,0.55000000000000004,0.80000000000000004,,7d435b0abd96218b0a7b0a57140208622ce4a4dad6cd88193f5cd5bb2118e7d9,6.0199999082833529,0.010015845908476262,0.5,0.0081627145193127193,BTC,0,True,0,0,87,0.011018342614434129,0.50816271451931272,0.55806791615485207,0.47706005299832688,0.55000000000000004,0.99871666515920765,,1434af5e3e92c453bbc13e3908a09158269539af8656a0e04beea0bf6cca93e2,5.3851492069661617
88,2021-03-30,2021-03-31,bull,-0.00012931481862749999,-6.9619391116826357e-05,0.5,0.004962302652776307,BTC,0,True,0,5,88,-7.6030610006050381e-05,0.50496230265277631,0.55490780881970359,0.4770429236401445,0.55000000000000004,0.80000000000000004,,b4fab7bab7429ba197ab77994d98fbf0672e96afde6bd1e60f922f2d8cd7474a,5.9762389250099659,-6.9619391116826357e-05,0.5,0.004962302652776307,BTC,0,True,0,0,88,-7.6030610006050381e-05,0.50496230265277631,0.55490780881970359,0.4770429236401445,0.55000000000000004,0.99946241123608881,,2ebf24d72109a5e668edf0431b82948e1de78b5404b085e46401040e9d9be3f3,6.1462002322077751
89,2021-03-31,2021-04-01,bull,-0.00077258579701400005,-0.00039761390592107926,0.45000000000000001,0.049967669204917631,BTC,0,True,2,5,89,-0.00042495418245092065,0.49996766920491764,0.54996799230590165,0.47108357410714802,0.55000000000000004,0.80000000000000004,,45f062d4bbc80f1edba490e2aeb839ca69185086a22dd3a137b6505e52e5a52a,7.0582201909273863,-0.00039761390592107926,0.45000000000000001,0.049967669204917631,BTC,0,True,0,0,89,-0.00042495418245092065,0.49996766920491764,0.54996799230590165,0.47108357410714802,0.55000000000000004,0.99978520462260279,,1e1895cca2c8c8c23f1550a52bf872aadabaffab2f7e53fb34ad7e30b0c6c7bb,5.9995770808309317
90,2021-04-01,2021-04-02,bull,0.0044108906422699002,0.0019847091278601958,0.45000000000000001,0.00019128148637276299,ABSTAIN,0,True,0,5,90,0.0018848939749174232,0.44980871851362725,0.54980870372920909,0.47109943254558567,0.45000000000000001,0.5,,82d18aae922cb68693fb2805cd6e8aa8e9da5d2c3fdb03c9e502a64b703e018e,6.4148649107664824,0.0019847091278601958,0.45000000000000001,0.00019128148637276299,BTC,0,True,0,0,90,0.002425798092894782,0.44980871851362725,0.54980870372920909,0.47109943254558567,0.55000000000000004,0.99923689923461945,,4374ce80d3f49ad62bd0d2cb5590455491016cea472a377fe6a1acc3f24635af,6.1352513432502747
91,2021-04-02,2021-04-03,bull,-0.032510813482475497,-0.014630939660214226,0.45000000000000001,0.0010895328194089338,BTC,0,True,0,5,91,-0.017978089269679587,0.45108953281940894,0.45108953281940894,0.47109644254182309,0.55000000000000004,0.80000000000000004,,d2fc42eb185e1448cc23cb7667f4ed69b2f1f90a5eed51fcc9d70c9115e8e302,5.9144470728933811,-0.014630939660214226,0.45000000000000001,0.0010895328194089338,BTC,0,True,0,0,91,-0.017882016995456329,0.45108953281940894,0.5510890534014603,0.47109644254182309,0.55000000000000004,0.99934027859189756,,c47cb7cb409c49b45c3a0d917788a632425b18ba3af48d97bc65bf375c86b5ef,6.0598864648491144
92,2021-04-03,2021-04-04,bull,0.019979004519811602,0.0089823127257893098,0.45000000000000001,0.0081658922468018647,ABSTAIN,0,True,0,5,92,0.0088979195611900153,0.44183410775319815,0.54180707642750958,0.47111411262240432,0.45000000000000001,0.5,,1e6d2908e97e0623142a87e151392bf8290edf5110056f7c14450b8fea380cb1,6.3851729277521372,0.0089823127257893098,0.45000000000000001,0.0081658922468018647,BTC,0,True,0,0,92,0.010980169534772433,0.44183410775319815,0.54180707642750958,0.47111411262240432,0.55000000000000004,0.9987293356906134,,c7e21fbd84cf9412490ad791bc68ab0ca83ad99d0e0a2b9ce36235fa4ddf115b,6.1261361036449671
93,2021-04-04,2021-04-05,bull,0.013634044044749299,0.0061303890092785362,0.45000000000000001,0.0049007432316245936,BTC,0,True,0,5,93,0.0074029118447431763,0.4549007432316246,0.4549007432316246,0.47124884570714243,0.55000000000000004,0.80000000000000004,,a02f6883b96c2320074099d54d94c85da874d2e4cbebfd6153faf54ab39a7f80,5.9991525486111641,0.0061303890092785362,0.45000000000000001,0.0049007432316245936,BTC,0,True,0,0,93,0.0074937964894583597,0.4549007432316246,0.55489105845521269,0.47124884570714243,0.55000000000000004,0.99407094031376642,,75e5f9e99804571b09db3a1f985311bb43997660284df898673a54afe3ea19d3,5.3623511772602797
94,2021-04-05,2021-04-06,bull,-0.016901890719978802,-0.0076091791640805484,0.45000000000000001,0.0033538489650464243,BTC,0,True,0,5,94,-0.0092993580710121204,0.45335384896504644,0.55334931034644497,0.47122910025054182,0.55000000000000004,0.80000000000000004,,703acc4a547c9643f57297bc9f851e407c794faab4aae1eb92b3e87b9cf5b32a,6.037916224449873,-0.0076091791640805484,0.45000000000000001,0.0033538489650464243,BTC,0,True,0,0,94,-0.0092993580710121204,0.45335384896504644,0.55334931034644497,0.47122910025054182,0.55000000000000004,0.99475363932508065,,e384e2c458ae142962e7e8f1f2136b0c61c035e678bcd8337b3b3175872585b3,6.0989068318158388
95,2021-04-06,2021-04-07,bull,-0.035305700536068699,-0.015891713549449404,0.45000000000000001,0.0042152787344303944,ABSTAIN,0,True,0,5,95,-0.01598182109927293,0.44578472126556962,0.54577752979532301,0.47114006177057599,0.45000000000000001,0.5,,ca6b6f0febde55eb600d8a528fcdae5233017b31955e4dc4e7a0d55935653e52,6.3573249895125628,-0.015891713549449404,0.45000000000000001,0.0042152787344303944,BTC,0,True,0,0,95,-0.01942227577254485,0.44578472126556962,0.54577752979532301,0.47114006177057599,0.55000000000000004,0.99783214409056464,,80c83cb01acddc9fca324d42474986890fed6e9ec246e905f69067ac821095f4,5.3358551282435656
96,2021-04-07,2021-04-08,bull,0.038047354094018201,0.017112278088028399,0.45000000000000001,0.0088792302322843186,ABSTAIN,0,True,0,5,96,0.017112278088028399,0.44112076976771569,0.44112076976771569,0.47203303518943041,0.45000000000000001,0.5,,17dd0e138c12e6b242f1b89247c667c0925bff42c472647b48987cfe30885663,6.320303663611412,0.017112278088028399,0.45000000000000001,0.0088792302322843186,BTC,0,True,0,0,96,0.020916947075779735,0.44112076976771569,0.5410888002346399,0.47203303518943041,0.55000000000000004,0.96695759494676525,,ad2a5bc11a450e84ffd3389e65877fb69ae61f3b1235a82fb348bb7d7fe02471,5.5375632457435131
97,2021-04-08,2021-04-09,bull,0.0007111199881537,0.00031480371542902397,0.5,0.040741792496355622,ABSTAIN,0,True,0,5,97,0.00031480371542902397,0.45925820750364438,0.45925820750364438,0.4795224209248713,0.5,0.5,,ec1441f6b96361c43cae0bd4251a55a0dc0e490db845f4f79d6337a14c6c18b7,6.2763917278498411,0.00031480371542902397,0.5,0.040741792496355622,ABSTAIN,0,True,0,0,97,0.000296315232011235,0.45925820750364438,0.55922370448543079,0.4795224209248713,0.5,0.55000000000000004,,ad87fdeaee4ba25a20387e3e5771ca4a43ed7afa9db9594c1fc6c7a490791af1,5.2420569863170385
98,2021-04-09,2021-04-10,bull,0.028040888732886401,0.014020264157966533,0.5,0.00017771680805123147,ABSTAIN,0,True,0,5,98,0.014020264157966533,0.50017771680805123,0.50017771680805123,0.47766987817894557,0.5,0.5,,1368d4c349948de13e1f974e1c3bb0d2470b75364e0ed145bc677dfdf48d5161,6.3400372974574566,0.014020264157966533,0.5,0.00017771680805123147,ABSTAIN,0,True,0,0,98,0.014020264157966533,0.50017771680805123,0.50017771680805123,0.47766987817894557,0.5,0.5,,5da7c839885251f58a1164971073b741e012e02829c4be2fd43ae16f29638925,5.3209593463689089
99,2021-04-10,2021-04-11,mix,0.0038544965220824999,0.0019203216426868508,0.5,0.006913294719221974,ABSTAIN,0.050000000000000003,True,0,0,99,0.0019203216426868508,0.50691329471922197,0.50691329471922197,0.48568162495212908,0.5,0.63140246437846181,,aaea0d0fb0b6f8d89373a9f88e11a221fb0fb8f3b2724ef75a081992fb48f23c,4.7892474327236414,0.0019203216426868508,0.5,0.006913294719221974,ABSTAIN,0.050000000000000003,True,0,0,99,0.0019203216426868508,0.50691329471922197,0.50691329471922197,0.48568162495212908,0.5,0.63140246437846181,,aaea0d0fb0b6f8d89373a9f88e11a221fb0fb8f3b2724ef75a081992fb48f23c,6.3822073917835951
100,2021-04-11,2021-04-12,bull,-0.0019156800664235001,-0.0009588008825492933,0.5,0.00096177055988155846,ABSTAIN,0,True,0,5,100,-0.0009588008825492933,0.50096177055988156,0.50096177055988156,0.48171288182441091,0.5,0.5,,397f30ad37a6175ce3d68382fa527ab8aecc6ceb41dd0284886bc27d908dca86,6.3710291311144829,-0.0009588008825492933,0.5,0.00096177055988155846,ABSTAIN,0,True,0,0,100,-0.0009588008825492933,0.50096177055988156,0.50096177055988156,0.48171288182441091,0.5,0.5,,63a3cbc9e5a5a388f54ab94321163d9cce9f1a034cf4817a8ab4df1053bc20c8,5.3542333021759987
101,2021-04-12,2021-04-13,bull,0.061424433463963,0.027590105638733098,0.45000000000000001,0.049520620814819449,ABSTAIN,0,True,0,5,101,0.027590105638733098,0.49952062081481946,0.49952062081481946,0.47324584895912508,0.45000000000000001,0.5,,66c0c5a1f9bf67b6de474e5761c4030bef48c971cb1e427ae1e9398bae4670d4,6.2902974523603916,0.027590105638733098,0.45000000000000001,0.049520620814819449,ABSTAIN,0,True,0,0,101,0.027590105638733098,0.49952062081481946,0.49952062081481946,0.47324584895912508,0.45000000000000001,0.5,,665549d4bde56bd17f1eb97df04e7db127742fad22f025504a30994468fe367e,5.2224991489201784
102,2021-04-13,2021-04-14,bull,-0.0088210900380698998,-0.0044455961033332825,0.5,0.03520636354969342,ABSTAIN,0,True,0,5,102,-0.0044455961033332825,0.46479363645030658,0.46479363645030658,0.4770556995987098,0.5,0.5,,012e52d4688ef6ba7264f81cdcd4111f945134e7c3f52361a45ae33c355cfa55,6.2306032534688711,-0.0044455961033332825,0.5,0.03520636354969342,BTC,0,True,0,0,102,-0.0049363924973355733,0.46479363645030658,0.46479363645030658,0.4770556995987098,0.55000000000000004,0.79329901131719527,,6d3603524d72ebd9b74d892342698e8deede590e63d04d67dd438a356cb59a65,5.432859955355525
103,2021-04-14,2021-04-15,bull,0.0037408463585494999,0.0016355154631157998,0.45000000000000001,0.047784957947792195,BTC,0,True,0,5,103,0.0020051430245027202,0.49778495794779221,0.49778495794779221,0.47193452776007377,0.55000000000000004,0.80000000000000004,,e8070c6582764c2d26b61ad7c0a56a448a0079343f235bcad26528787e710c14,5.9800126682966948,0.0016355154631157998,0.45000000000000001,0.047784957947792195,BTC,0,True,0,0,103,0.0020552671198721395,0.49778495794779221,0.54780613646831855,0.47193452776007377,0.55000000000000004,0.97036348856518884,,1b98d6881f0eaebf5dc1198cb10357a8e54f90718116a56d717fd5892ce4f715,6.027660982683301
104,2021-04-15,2021-04-16,bull,-0.029048025816249101,-0.013072523838694283,0.45000000000000001,0.00092430351888728168,ABSTAIN,0,True,0,5,104,-0.013171216336985259,0.45092430351888729,0.55092395846108644,0.47165674405004698,0.45000000000000001,0.5,,640e0aae706681eeb8285bf6d1654eb4feeb5de604c38b2d6d4e862eb3aef20c,6.3736566472798586,-0.013072523838694283,0.45000000000000001,0.00092430351888728168,BTC,0,True,0,0,104,-0.015977323395855003,0.45092430351888729,0.55092395846108644,0.47165674405004698,0.55000000000000004,0.97996785821996923,,f3714dbc9585f1dee38154bfe292d0bd76cc6b456f2cffd6f978cfc6cc72d946,6.1342078186571598
105,2021-04-16,2021-04-17,bull,-0.021795479612966399,-0.0098151789866045558,0.45000000000000001,0.007284607955500344,ABSTAIN,0,True,0,5,105,-0.0098151789866045558,0.44271539204449967,0.44271539204449967,0.4717127569328381,0.45000000000000001,0.5,,98bcbc870d21009fb1a6c514d40e379f972ed5dbc180d7b977d1d0609c3ac434,6.3649143800139427,-0.0098151789866045558,0.45000000000000001,0.007284607955500344,BTC,0,True,0,0,105,-0.011994732316873535,0.44271539204449967,0.54269388814123909,0.4717127569328381,0.55000000000000004,0.97803121322482844,,294e0b47d151385caedd9cdf6e62276e982bb131bf571aac373d1188be00c25b,5.3382660653442144
106,2021-04-17,2021-04-18,bull,-0.063868731669051104,-0.028746220489029639,0.45000000000000001,0.0054478131696021892,ABSTAIN,0,True,0,5,106,-0.028746220489029639,0.44455218683039782,0.44455218683039782,0.47392583588218051,0.45000000000000001,0.5,,43b42c90a4ba343fab0745bc6f6efb3666a7446cfa212a22068f5277cdf2583e,6.3872015681117773,-0.028746220489029639,0.45000000000000001,0.0054478131696021892,BTC,0,True,0,0,106,-0.035133070457116999,0.44455218683039782,0.54454016899635937,0.47392583588218051,0.55000000000000004,0.9015140254363736,,f94ebdf05be0385f5b03a9ffa1bfcd27615c3708d9dbaab344a3c0e9ee63a123,6.1801912765949965
107,2021-04-18,2021-04-19,bull,-0.0099809454677433993,-0.0050564172665981122,0.5,0.066275277692800505,ABSTAIN,0,True,0,5,107,-0.0050564172665981122,0.4337247223071995,0.4337247223071995,0.47742412893889768,0.5,0.5,,5af1b28d3d3c377e45cf8d57d3ccc2837ce14cbecfa84a135118c9305543b4af,6.3677222318947315,-0.0050564172665981122,0.5,0.066275277692800505,ABSTAIN,0,True,0,0,107,-0.005023921958966171,0.4337247223071995,0.53361698976537619,0.47742412893889768,0.5,0.5,,13c3b2d0178f03a3a3e586739376e96307887e765b7976d62f27e7c79bd3a593,5.3482331149280071
108,2021-04-19,2021-04-20,mix,0.015043282458249501,0.007519114615488709,0.5,0.0025077512310779371,ABSTAIN,0.050000000000000003,True,1,1,108,0.007519114615488709,0.49749224876892206,0.49749224876892206,0.49400806150658771,0.5,0.63140246437846181,,ab9a9a3119fcd5bedfe024722a9b584995685c7a141eca3554210a078e933b9b,6.4568013940006495,0.007519114615488709,0.5,0.0025077512310779371,ABSTAIN,0.050000000000000003,True,0,0,108,0.007519114615488709,0.49749224876892206,0.49749224876892206,0.49400806150658771,0.5,0.4730816263527643,,f2f450d7da29fa12dfae2ebdcc12791d23857b3897f7cebcd58026e64c84f826,5.8564014844596386
109,2021-04-20,2021-04-21,mix,-0.047146762223103503,-0.023577025862400403,0.5,0.0037327442515024956,ABSTAIN,0.050000000000000003,True,0,2,109,-0.023577025862400403,0.5037327442515025,0.5037327442515025,0.49916083810934231,0.5,0.63140246437846181,,916ddeeef7913e514039fd5748f68ee1f226dd0fb0b3595be5cc6bab6e1e9595,6.2061981726437807,-0.023577025862400403,0.5,0.0037327442515024956,ABSTAIN,0.050000000000000003,True,0,0,109,-0.023577025862400403,0.5037327442515025,0.5037327442515025,0.49916083810934231,0.5,0.96110928150718122,,fb3228d89850edf3c3b73a2bc0dab3f7cead619f5ff08fcb6788bf8d6c438b7b,5.7194818370044231
110,2021-04-21,2021-04-22,mix,-0.0388460094908602,-0.019434841536219771,0.5,0.012071250750203544,ABSTAIN,0.050000000000000003,True,0,3,110,-0.019434841536219771,0.48792874924979646,0.48792874924979646,0.4974060847862859,0.5,0.63140246437846181,,53d290b7f24bf9323cc97ff8e591a2e83987ce667993c3d6b2d0b0e5dd143f2b,6.3643070757389069,-0.019434841536219771,0.5,0.012071250750203544,ABSTAIN,0.050000000000000003,True,0,0,110,-0.019434841536219771,0.48792874924979646,0.48792874924979646,0.4974060847862859,0.5,0.90771831042439621,,3f33a1c23bf7db1e4d4ee59d898b5e8514c55f4034529dbab73eb2d60f4c351c,5.821473466232419
111,2021-04-22,2021-04-23,mix,-0.011326225847920399,-0.0056729607024466056,0.5,0.0099038651933638921,ABSTAIN,0.050000000000000003,True,0,4,111,-0.0056729607024466056,0.49009613480663611,0.49009613480663611,0.49788302397149248,0.5,0.63140246437846181,,f21533aefc97608302be69551dfb6701c526edfb78058370242000f04c4aa501,6.5393166430294514,-0.0056729607024466056,0.5,0.0099038651933638921,ABSTAIN,0.050000000000000003,True,0,0,111,-0.0056729607024466056,0.49009613480663611,0.49009613480663611,0.49788302397149248,0.5,0.92000000000000004,,5a58550098ab558990b6cfd611ed48fd5a648ff9319ffcbdddbb28d3a16466d7,6.1390494368970394
112,2021-04-23,2021-04-24,mix,-0.0206223261561563,-0.010313981398365701,0.5,0.0028476832135903574,ABSTAIN,0.050000000000000003,True,3,5,112,-0.010313981398365701,0.49715231678640964,0.49715231678640964,0.49977360477491273,0.5,0.63140246437846181,,d24130b0c669bc3da5b162a6a4dfc994946ad01b592cd7acb2e6085b2f2bbf66,9.3226475641131401,-0.010313981398365701,0.5,0.0028476832135903574,ABSTAIN,0.050000000000000003,True,0,0,112,-0.010313981398365701,0.49715231678640964,0.49715231678640964,0.49977360477491273,0.5,0.94999999999999996,,045a425fe056d1d917821d315f37b563f72f1a688aca4c7b1cb1ed7585c14c89,6.2608518525958061
113,2021-04-24,2021-04-25,mix,-0.022466055353581298,-0.011238178456064674,0.5,0.0052092954337786823,ABSTAIN,0.050000000000000003,True,5,5,113,-0.011238178456064674,0.49479070456622132,0.49479070456622132,0.49959535878725858,0.5,0.63140246437846181,,d951e3561b67d4ae6850c85002e96763232372b782ad5b8968acbbc6b0c9af2d,10.603220399469137,-0.011238178456064674,0.5,0.0052092954337786823,ABSTAIN,0.050000000000000003,True,0,0,113,-0.011238178456064674,0.49479070456622132,0.49479070456622132,0.49959535878725858,0.5,0.9715881921065308,,97dd0c7e9ecbd7a5984fa78ae578aef627eaa1dd0e1aa0595754b41982607985,6.6114114839583635
114,2021-04-25,2021-04-26,mix,0.1032787621825193,0.051633407441954882,0.5,0.005680321041871661,ABSTAIN,0.050000000000000003,True,5,5,114,0.051633407441954882,0.49431967895812834,0.49431967895812834,0.49982568858309212,0.5,0.63140246437846181,,d12e42f1b5245fbcf2c18ff8d954d8e5c749918f23945b362ef79c93e2e27d19,10.577805694192648,0.051633407441954882,0.5,0.005680321041871661,ABSTAIN,0.050000000000000003,True,0,0,114,0.051633407441954882,0.49431967895812834,0.49431967895812834,0.49982568858309212,0.5,0.96795371859566237,,2819eeb9d129867eece93dcd4ed4bf192487f9a0bad4efe457b487a2da502ac9,5.8462351188063622
115,2021-04-26,2021-04-27,mix,0.0188076748641718,0.0093790547022010173,0.5,0.0245518482950281,ABSTAIN,0.050000000000000003,True,0,5,115,0.0093790547022010173,0.5245518482950281,0.5245518482950281,0.49997916340663462,0.5,0.63140246437846181,,0ae8a11744c7346bcc5140ce60dbb69293f567701505c302ca81277526ddb95f,6.8929816000163555,0.0093790547022010173,0.5,0.0245518482950281,ABSTAIN,0.050000000000000003,True,0,0,115,0.0093790547022010173,0.5245518482950281,0.5245518482950281,0.49997916340663462,0.5,0.90000000000000002,,cff2860d385801caf3c0f27120827831b4e5d114235d6e196488096c3a8b8336,5.2345104776322842
116,2021-04-27,2021-04-28,mix,-0.0035449201893288,-0.0017771099529061418,0.5,0.004658114563943605,ABSTAIN,0.050000000000000003,True,5,5,116,-0.0017771099529061418,0.50465811456394361,0.50465811456394361,0.49997012224750442,0.5,0.63140246437846181,,e950a7bf9ec33bafbb30b3941ecb7e554a54fbd249cd19f756b59e34446451a1,9.4853112176060677,-0.0017771099529061418,0.5,0.004658114563943605,ABSTAIN,0.050000000000000003,True,0,0,116,-0.0017771099529061418,0.50465811456394361,0.50465811456394361,0.49997012224750442,0.5,0.94999999999999996,,cc75d39e7fda43e0c78101162953afd0cfd631e32becb41cf9feeae84dcf436e,6.0562646873295307
117,2021-04-28,2021-04-29,mix,-0.023350972075840401,-0.011676363476024965,0.5,0.00088780364386287225,ABSTAIN,0.050000000000000003,True,0,5,117,-0.011676363476024965,0.49911219635613713,0.49911219635613713,0.49969822278573778,0.5,0.63140246437846181,,25b760dc5d14e737c7e6b600ba4ce3e03e2fcf5bb90ca45023abbb72891bd290,6.8399955481290817,-0.011676363476024965,0.5,0.00088780364386287225,ABSTAIN,0.050000000000000003,True,0,0,117,-0.011676363476024965,0.49911219635613713,0.49911219635613713,0.49969822278573778,0.5,0.59999999999999998,,7690c91a030418f096deb7249ac61a444b455de1e9bf40696f4622c69216ff8a,5.2523400504142046
118,2021-04-29,2021-04-30,mix,0.077659407626473095,0.03882356775087481,0.5,0.0059067066904545662,ABSTAIN,0.050000000000000003,True,5,5,118,0.03882356775087481,0.49409329330954543,0.49409329330954543,0.4999380717736035,0.5,0.63140246437846181,,76fb059ee23837ae2503a0cac1d36378c93c194e5e08aacf7aa71d09e96538af,10.583579974249005,0.03882356775087481,0.5,0.0059067066904545662,ABSTAIN,0.050000000000000003,True,0,0,118,0.03882356775087481,0.49409329330954543,0.49409329330954543,0.4999380717736035,0.5,0.99302944373464042,,dba4cb88dc9e33c57f1b2e238d105625ff9f4bc1a62c217813be4de784f809af,6.672578040510416
119,2021-04-30,2021-05-01,mix,0.0015038036877839001,0.00073319863402199204,0.5,0.018689157458005035,ABSTAIN,0.050000000000000003,True,5,5,119,0.00073319863402199204,0.51868915745800503,0.51868915745800503,0.49998178737139781,0.5,0.63140246437846181,,15f63d8f0aca91d048b558cb1c573bee948ae2a4c261aeda34faba2ff78c340f,10.58226334117353,0.00073319863402199204,0.5,0.018689157458005035,ABSTAIN,0.050000000000000003,True,0,0,119,0.00073319863402199204,0.51868915745800503,0.51868915745800503,0.49998178737139781,0.5,0.9819905225281168,,1d01b04fe731fe1c4c80ae8926dccb2d98deb22f9014bc138cc46aecde55ef9c,6.6141709443181753
120,2021-05-01,2021-05-02,mix,-0.0208157821444078,-0.010408262830743586,0.5,0.00037566845614112054,ABSTAIN,0.050000000000000003,True,0,5,120,-0.010408262830743586,0.50037566845614112,0.50037566845614112,0.4999725056177115,0.5,0.63140246437846181,,7e3cfc8e75304405a1cc52cbe8480cb89e7b7c96d4969a89ec0a8c4d34a7980a,6.7836036775261164,-0.010408262830743586,0.5,0.00037566845614112054,ABSTAIN,0.050000000000000003,True,0,0,120,-0.010408262830743586,0.50037566845614112,0.50037566845614112,0.4999725056177115,0.5,0.99522031614101525,,0e35bd550b19b3bf012938e4f3453a2b0a3d02912820238618d5270260d0d427,5.9066888950765133
121,2021-05-02,2021-05-03,mix,0.0099993286669799002,0.0049943793645923495,0.5,0.0052586772763784095,ABSTAIN,0.050000000000000003,True,0,5,121,0.0049943793645923495,0.49474132272362159,0.49474132272362159,0.4999146029512973,0.5,0.63140246437846181,,b6311c3e89dc169382792b4e60e77d31b05445e4f195b89df54424a8abd693ae,6.8135822769254446,0.0049943793645923495,0.5,0.0052586772763784095,ABSTAIN,0.050000000000000003,True,0,0,121,0.0049943793645923495,0.49474132272362159,0.49474132272362159,0.4999146029512973,0.5,0.5,,32cf8c618293c66abc604c18bb87df03bb6e19434721e726615907b90413f148,5.2798279523849487
122,2021-05-03,2021-05-04,mix,-0.059966975571018197,-0.029985900600722482,0.5,0.0024873960215726632,ABSTAIN,0.050000000000000003,True,5,5,122,-0.029985900600722482,0.50248739602157266,0.50248739602157266,0.4999806948205503,0.5,0.63140246437846181,,d2ca1ef7d9d9d97e4f4be8446ea090d72860ec5b7133c6fb045d6681aec130b4,10.546035446226597,-0.029985900600722482,0.5,0.0024873960215726632,ABSTAIN,0.050000000000000003,True,0,0,122,-0.029985900600722482,0.50248739602157266,0.50248739602157266,0.4999806948205503,0.5,0.5,,acfa616cfedc77eecd7fc39d5e8b53df3aff4454a4bc78d212cdf3e2e69c98d6,5.3475127574056387
123,2021-05-04,2021-05-05,mix,0.068844375389596604,0.034406200551982069,0.5,0.015455142983627435,ABSTAIN,0.050000000000000003,True,5,5,123,0.034406200551982069,0.48454485701637257,0.48454485701637257,0.49992686093131261,0.5,0.63140246437846181,,1267755a5ce32fcb9f8bddba1a3e0ae592568ee56f9ae55a595b2f7cbb97bdff,10.515755319967866,0.034406200551982069,0.5,0.015455142983627435,ABSTAIN,0.050000000000000003,True,0,0,123,0.034406200551982069,0.48454485701637257,0.48454485701637257,0.49992686093131261,0.5,0.5,,7922bc31aa3d78bb33364773db2f3f6e1c3c3bca61a8323292c68d40e8e0c56c,5.264229703694582
124,2021-05-05,2021-05-06,mix,-0.018034062599558101,-0.0090335196360487036,0.5,0.016638364926949145,ABSTAIN,0.050000000000000003,True,0,5,124,-0.0090335196360487036,0.51663836492694915,0.51663836492694915,0.49999593722344521,0.5,0.63140246437846181,,62baa4b5fb22d14c452cd98c96aa79484f84c648dce56ee2a2e9317a4b86e21d,6.8710565380752087,-0.0090335196360487036,0.5,0.016638364926949145,ABSTAIN,0.050000000000000003,True,0,0,124,-0.0090335196360487036,0.51663836492694915,0.51663836492694915,0.49999593722344521,0.5,0.80379920213940925,,42ad55cbf720aa42dde5deabd3f86b94b62e9bef975de07a295ded2a6664ef6b,5.8790794853121042
125,2021-05-06,2021-05-07,mix,0.016519694922826501,0.0082552603439298711,0.5,0.0045495389853197343,ABSTAIN,0.050000000000000003,True,0,5,125,0.0082552603439298711,0.49545046101468027,0.49545046101468027,0.49999311854200429,0.5,0.63140246437846181,,9a61cb7fe6b47d17c89fd280a1c7d8cbf4c45601a2d337fc2ca3bbac6ec87daf,7.7684190683066845,0.0082552603439298711,0.5,0.0045495389853197343,ABSTAIN,0.050000000000000003,True,0,0,125,0.0082552603439298711,0.49545046101468027,0.49545046101468027,0.49999311854200429,0.5,0.97194873431600237,,1c3d28d44e8653998710255cf28fe65688178a0cc9fcb905736fbe3e1285febe,6.6493208445608616
126,2021-05-07,2021-05-08,mix,0.026211604333661299,0.013101652393630259,0.5,0.0040960906467761848,ABSTAIN,0.050000000000000003,True,0,5,126,0.013101652393630259,0.50409609064677618,0.50409609064677618,0.49998872198983019,0.5,0.63140246437846181,,3cc9a955ac6c04dca53d6904a81a1b691b5885aa9f03b393a7dbfe4ac4ed49f3,6.925593851134181,0.013101652393630259,0.5,0.0040960906467761848,ABSTAIN,0.050000000000000003,True,0,0,126,0.013101652393630259,0.50409609064677618,0.50409609064677618,0.49998872198983019,0.5,0.94999999999999996,,acbb396fa1d43525de6c6db994bd5364bae110d58c35f5b9f818d5cc26e0165d,6.2129072118550539
127,2021-05-08,2021-05-09,mix,-0.010227718851599401,-0.0051202944797245076,0.5,0.0064681310376467627,ABSTAIN,0.050000000000000003,True,0,5,127,-0.0051202944797245076,0.50646813103764676,0.50646813103764676,0.49998015238164811,0.5,0.63140246437846181,,bc1d001115284585b9b070e1728e6938c535d6a2a2dbae15dce1762091009be6,6.7398249134421349,-0.0051202944797245076,0.5,0.0064681310376467627,ABSTAIN,0.050000000000000003,True,0,0,127,-0.0051202944797245076,0.50646813103764676,0.50646813103764676,0.49998015238164811,0.5,0.98057806801364478,,94be00241ccdf44007a659b26b175a297c241799e5b433e31e854d35a187d725,5.7403964642435312
128,2021-05-09,2021-05-10,mix,-0.041027983303084103,-0.020516509001795469,0.5,0.0025700727034192461,ABSTAIN,0.050000000000000003,True,5,5,128,-0.020516509001795469,0.49742992729658075,0.49742992729658075,0.49993879451702528,0.5,0.63140246437846181,,3032225e491580c90167f61b7019a4f126fe6bf004a5905087cc553bfc4d9eee,10.658895159140229,-0.020516509001795469,0.5,0.0025700727034192461,ABSTAIN,0.050000000000000003,True,0,0,128,-0.020516509001795469,0.49742992729658075,0.49742992729658075,0.49993879451702528,0.5,0.5,,d167c26dc5b0735c9b4567c202faac8b8207a676c0d85ab39783e74335b9df85,5.375402145087719
129,2021-05-10,2021-05-11,mix,0.015162339813317599,0.0075706187035116113,0.5,0.010471814541859248,ABSTAIN,0.050000000000000003,True,5,5,129,0.0075706187035116113,0.48952818545814075,0.48952818545814075,0.499985412291583,0.5,0.63140246437846181,,de3b29902763359349ecc15479dedcffd5dd4c160192ed92c465121a669085fc,10.51828052662313,0.0075706187035116113,0.5,0.010471814541859248,ABSTAIN,0.050000000000000003,True,0,0,129,0.0075706187035116113,0.48952818545814075,0.48952818545814075,0.499985412291583,0.5,0.94999999999999996,,5be115434c54580f5033c50cea6d71ceb99bd488da526f569384347c8fd084a6,6.1258062422275543
130,2021-05-11,2021-05-12,mix,-0.12896039734935799,-0.064483718160144199,0.5,0.0037620641061409943,ABSTAIN,0.050000000000000003,True,0,5,130,-0.064483718160144199,0.50376206410614099,0.50376206410614099,0.49999858719783868,0.5,0.63140246437846181,,5a190b558bbccec1f5773665c1ef3ce872fbd16ea738585745e5977dc507d597,6.8442464619874954,-0.064483718160144199,0.5,0.0037620641061409943,ABSTAIN,0.050000000000000003,True,0,0,130,-0.064483718160144199,0.50376206410614099,0.50376206410614099,0.49999858719783868,0.5,0.5,,40ad9c1ca06a745c7da2e2d63480693bdb3bea236b056d5e7eb9a983ece2d7f0,5.3180400524288416
131,2021-05-12,2021-05-13,mix,0.0064879050384536001,0.0032093784945583792,0.5,0.034462230827894791,ABSTAIN,0.050000000000000003,True,0,5,131,0.0032093784945583792,0.46553776917210521,0.46553776917210521,0.49999916557325341,0.5,0.63140246437846181,,5dbcb963ac9f142a47b568c701b0cee7294cd60ccd421c3f46cc518a31f90d93,6.8874563872814178,0.0032093784945583792,0.5,0.034462230827894791,ABSTAIN,0.050000000000000003,True,0,0,131,0.0032093784945583792,0.46553776917210521,0.46553776917210521,0.49999916557325341,0.5,0.86409135608449195,,8dba0235fd22a59770af2eb4417d8814ccb5c42c48d14a4343491257130a62df,5.6730194799602032
132,2021-05-13,2021-05-14,bear,0.0027200701745914999,0.0011723516663977307,0.45000000000000001,0.051616731658875759,CASH,0.050000000000000003,True,0,0,132,0.00024223321952421273,0.50161673165887577,0.50161673165887577,0.47499999832854206,0.20000000000000001,0.9518697355496244,,003420943bf02a11369812388356fbb5699cf3e07880f4e35cddf51626259715,6.2092920169234276,0.0011723516663977307,0.45000000000000001,0.051616731658875759,CASH,0.050000000000000003,True,0,0,132,0.00024223321952421273,0.50161673165887577,0.50161673165887577,0.47499999832854206,0.20000000000000001,0.9518697355496244,,003420943bf02a11369812388356fbb5699cf3e07880f4e35cddf51626259715,4.5447889268398285
133,2021-05-14,2021-05-15,bear,-0.062821279379130707,-0.028270229106642564,0.45000000000000001,0.00067239433631055556,CASH,0.050000000000000003,True,1,1,133,-0.00020043497459565351,0.45067239433631057,0.2004349745956498,0.47499999991941527,0,0.97923998846195237,,1ee8a06b7693ede06fb2d84c52e6aee2393d5d488198dfc1830fca30d4a89905,6.861406909301877,-0.028270229106642564,0.45000000000000001,0.00067239433631055556,CASH,0.050000000000000003,True,0,0,133,-0.00020043497459565351,0.45067239433631057,0.2004349745956498,0.47499999991941527,0,0.97923998846195237,,5e378a49b87e24de5543d27d25826104e50e5c674cb027b1548319770fb0e18a,6.1418048199266195
134,2021-05-15,2021-05-16,bear,-0.0060459699242969003,-0.0027366435300537617,0.45000000000000001,0.016000596727086147,CASH,0.050000000000000003,True,2,2,134,0,0.43399940327291386,0,0.47499999976805185,0,0.96961539588707624,,e74dc238281a60fa534bda1cf45b9aae347d77a950bb808d88844e418f2e3cd3,7.5590677168220282,-0.0027366435300537617,0.45000000000000001,0.016000596727086147,CASH,0.050000000000000003,True,0,0,134,0,0.43399940327291386,0,0.47499999976805185,0,0.96961539588707624,,dc3947f6e7805f6448ebd97b196edb1b1558d6530602a8036223de3b53f99dfb,6.2839543838053942
135,2021-05-16,2021-05-17,bear,-0.062143521789326597,-0.027966043305297617,0.45000000000000001,0.0015004598370347844,CASH,0.050000000000000003,True,2,3,135,0,0.44849954016296523,0,0.4749999999987472,0,0.99772532127359925,,2d16ca120034c0ad6ba0e938fae36a9099051431d8f95eae97563a9452184ed2,7.7351250201463699,-0.027966043305297617,0.45000000000000001,0.0015004598370347844,CASH,0.050000000000000003,True,0,0,135,0,0.44849954016296523,0,0.4749999999987472,0,0.99772532127359925,,4131168964d8ee8efaddc374b09dd29ee5ae14c814d325e9e9a472cef4bfafb1,6.1324737276881933
136,2021-05-17,2021-05-18,bear,-0.0147905551740531,-0.0066714675197779849,0.45000000000000001,0.015823005419793257,CASH,0.050000000000000003,True,4,4,136,0,0.43417699458020675,0,0.47499999999968145,0,0.99892110998796835,,423ad5b908ef733f87cf9cdcb1e46baeec27a75dc133af904ef2b835692fd2a4,9.1308791320770979,-0.0066714675197779849,0.45000000000000001,0.015823005419793257,CASH,0.050000000000000003,True,0,0,136,0,0.43417699458020675,0,0.47499999999968145,0,0.99892110998796835,,f43b896c3651b4e2f3375004e631be3e855ea5b7e40e7021f7b6d0c9dadc1fd0,6.2854046020656824
137,2021-05-18,2021-05-19,bear,-0.14399041431512011,-0.064799132847490171,0.45000000000000001,0.0036851901090135808,CASH,0.050000000000000003,True,5,5,137,0,0.44631480989098643,0,0.47499999999999737,0,0.99992978483336925,,e763c3e2eb1cd699601524bdf1a059b98559494419fd6b29227b9e3469bcef08,10.099929269403219,-0.064799132847490171,0.45000000000000001,0.0036851901090135808,CASH,0.050000000000000003,True,0,0,137,0,0.44631480989098643,0,0.47499999999999737,0,0.99992978483336925,,9e85f3a3bc5ada82be4d592849a4262c6faf69dd558d090f8d81fa86a3c2db15,6.0993123929947615
138,2021-05-19,2021-05-20,bear,0.10884111055132691,0.032536786373472459,0.30000000000000004,0.11189321731483376,CASH,0.050000000000000003,True,5,5,138,0,0.4118932173148338,0,0.47499999999999948,0,0.99997142061905164,,9e9c95bab13bc1d5b5a122de5d6e7eb5c7341519ccfb0e64106e22d18b65c1b6,9.992275457829237,0.032536786373472459,0.30000000000000004,0.11189321731483376,CASH,0.050000000000000003,True,0,0,138,0,0.4118932173148338,0,0.47499999999999948,0,0.99997142061905164,,3f8c50b27eb39c026551af4dff63a64f06a1dfed744b6b2e0daa5cd6131a7426,6.25896006077528
139,2021-05-20,2021-05-21,bear,-0.083989075869656898,-0.025218298968348374,0.30000000000000004,0.022133909430791687,CASH,0.050000000000000003,True,5,5,139,0,0.32213390943079173,0,0.47499999999999998,0,0.99999969061345917,,f11b5e3eb4b048455328b1ca5a8dcb26d62a1ebac7cebd97e52840424718e714,10.133998891338706,-0.025218298968348374,0.30000000000000004,0.022133909430791687,CASH,0.050000000000000003,True,0,0,139,0,0.32213390943079173,0,0.47499999999999998,0,0.99999969061345917,,c0f8fb24428f32c3aedf97ccd335f3c09a8be7f882359e0a35998abe36ca8f86,6.1344733107835054
140,2021-05-21,2021-05-22,bear,0.0040458584244478001,0.0011956419605905211,0.30000000000000004,0.01809360549400546,CASH,0.050000000000000003,True,5,5,140,0,0.28190639450599458,0,0.47499999999999998,0,0.99999990252925042,,e6fe2690cf8a3140e6751ad81e3f3b0c887397bc109b1079abb555a2149a2eae,9.9992047566920519,0.0011956419605905211,0.30000000000000004,0.01809360549400546,CASH,0.050000000000000003,True,0,0,140,0,0.28190639450599458,0,0.47499999999999998,0,0.99999990252925042,,2908ab8f33f869f9ee6acf1a8618c5df09c93c268797cbe63d064e476e2d14cc,6.2533335350453854
141,2021-05-22,2021-05-23,bear,-0.073931259896978102,-0.022180207747941383,0.30000000000000004,0.00084860027416355788,CASH,0.050000000000000003,True,3,5,141,0,0.3008486002741636,0,0.47499999999999998,0,0.99999991303786995,,79cf1bc9e85b2c306e9a1280106750846145e0fd89d3e8503b6de49cb9262af8,8.7833718359470367,-0.022180207747941383,0.30000000000000004,0.00084860027416355788,CASH,0.050000000000000003,True,0,0,141,0,0.3008486002741636,0,0.47499999999999998,0,0.99999991303786995,,64df0e2e439c815b9307a6fbd521a8ca99eb87fbc1acff12f91aa9b064d541fe,5.9880559127777815
142,2021-05-23,2021-05-24,bear,0.1173856751932687,0.035199265690235793,0.30000000000000004,0.015877722588954202,CASH,0.050000000000000003,True,5,5,142,0,0.28412227741104584,0,0.47499999999999998,0,0.99999995067826919,,c2869edef99e177ce2895a88b1b6daea1af20089d68f6639ce78f66c81c63747,10.019187226891518,0.035199265690235793,0.30000000000000004,0.015877722588954202,CASH,0.050000000000000003,True,0,0,142,0,0.28412227741104584,0,0.47499999999999998,0,0.99999995067826919,,a0ae46339d5a7ec18fd8955b6e8b212bdd770d915835c19eb92ca12d280c8673,6.229532677680254
143,2021-05-24,2021-05-25,bear,-0.0096075931727507002,-0.0029060217384773157,0.30000000000000004,0.023812420667185308,CASH,0.050000000000000003,True,2,5,143,0,0.32381242066718535,0,0.47499999999999998,0,0.99999998800681245,,93b9866d3441853e8297e3af26540477c36f0acc4778c6a6e47e2f530486bb6d,8.2463426105678082,-0.0029060217384773157,0.30000000000000004,0.023812420667185308,CASH,0.050000000000000003,True,0,0,143,0,0.32381242066718535,0,0.47499999999999998,0,0.99999998800681245,,c1fe268e06ca86ddde353754eb2f11efe468914bb8b3c4d631c61e9196cfc2d9,6.1156849209219217
144,2021-05-25,2021-05-26,bear,0.022692511132593001,0.0068057161381440689,0.30000000000000004,0.0020234266442816229,CASH,0.050000000000000003,True,3,5,144,0,0.29797657335571842,0,0.47499999999999998,0,0.99999996532853919,,db40358c72e67a516da114aad8980045f5bea74ad66e6951e9dc7230650856fe,8.7688602954149246,0.0068057161381440689,0.30000000000000004,0.0020234266442816229,CASH,0.050000000000000003,True,0,0,144,0,0.29797657335571842,0,0.47499999999999998,0,0.99999996532853919,,657e286c079c3b3c48aec7eaf3d44d89f6f96524fee96373a463cb0f0ab3820c,6.2066636234521866
145,2021-05-26,2021-05-27,bear,-0.021195336465456401,-0.0063633040479228464,0.30000000000000004,0.0047332048467412791,CASH,0.050000000000000003,True,5,5,145,0,0.30473320484674132,0,0.47499999999999998,0,0.99999996467738916,,e37bc3c66b08d55443d3338c37d453f3ac18f8fd036f1f2c0f841c001e18ba2c,10.062386041507125,-0.0063633040479228464,0.30000000000000004,0.0047332048467412791,CASH,0.050000000000000003,True,0,0,145,0,0.30473320484674132,0,0.47499999999999998,0,0.99999996467738916,,f5b79f7bbfd97683d8017d26397b7df1e7349d101301b69786b917af87510ea4,6.1213925797492266
146,2021-05-27,2021-05-28,bear,-0.071707277710822998,-0.0215165664533713,0.30000000000000004,0.0044795040363203031,CASH,0.050000000000000003,True,5,5,146,0,0.29552049596367974,0,0.47499999999999998,0,0.99999997259674556,,155d8922c316ecf061ef3cc433cadda6c666397e1dd1db1d90b2425538bec7f6,9.9481720216572285,-0.0215165664533713,0.30000000000000004,0.0044795040363203031,CASH,0.050000000000000003,True,0,0,146,0,0.29552049596367974,0,0.47499999999999998,0,0.99999997259674556,,572b17278712522476957205bd88e69cf90f545dc3f05c02ac0c048313c9aa04,6.2052288372069597
147,2021-05-28,2021-05-29,bear,-0.030225026288117799,-0.0090827579332325437,0.30000000000000004,0.015389592044449119,CASH,0.050000000000000003,True,5,5,147,0,0.28461040795555093,0,0.47499999999999998,0,0.99999998608857399,,f3cebb6ced8d5557d946bd03fa65b8b8bbe660b54b0cdbfc482f8a82d240632c,9.9066137559711933,-0.0090827579332325437,0.30000000000000004,0.015389592044449119,CASH,0.050000000000000003,True,0,0,147,0,0.28461040795555093,0,0.47499999999999998,0,0.99999998608857399,,be0c6a17bbda038d72ad7c3d44f50603005379eba081e3b5ab99e7b41a885317,6.0281281135976315
148,2021-05-29,2021-05-30,bear,0.030886579575880799,0.0092595091851339628,0.30000000000000004,0.0064053359547900923,CASH,0.050000000000000003,True,2,5,148,0,0.29359466404520995,0,0.47499999999999998,0,0.99999999783297877,,39c938e19c7c16984ac8194b35a96ed38db49627012674d0509dbc9eb89be854,8.1785607449710369,0.0092595091851339628,0.30000000000000004,0.0064053359547900923,CASH,0.050000000000000003,True,0,0,148,0,0.29359466404520995,0,0.47499999999999998,0,0.99999999783297877,,320eb9e519a590d2753d0a90e1c634f936681ef53ad138178780eebb0fe4979b,6.2335841916501522
149,2021-05-30,2021-05-31,bear,0.046161872279316001,0.01384204605147521,0.30000000000000004,0.0064266327002446277,CASH,0.050000000000000003,True,5,5,149,0,0.30642663270024467,0,0.47499999999999998,0,0.99999999925523742,,45b7a966136999006d470f023da7da22d7822cef349d44a68cb8ec2a1c25d322,10.048695467412472,0.01384204605147521,0.30000000000000004,0.0064266327002446277,CASH,0.050000000000000003,True,0,0,149,0,0.30642663270024467,0,0.47499999999999998,0,0.99999999925523742,,b2ab1ce7616e5472b1d3a379f8016463d18c7f0b75890d09009949bd59e1faf6,6.1161253806203604
150,2021-05-31,2021-06-01,bear,-0.016381311899106101,-0.0049239081594303347,0.30000000000000004,0.0095615790612323392,CASH,0.050000000000000003,True,2,5,150,0,0.30956157906123238,0,0.47499999999999998,0,0.99999999887499835,,e93a3b491ebb2d5bbe87ce43ca85803acb6f11a227f8b5f689a0e6561778f3f3,8.2746179420500994,-0.0049239081594303347,0.30000000000000004,0.0095615790612323392,CASH,0.050000000000000003,True,0,0,150,0,0.30956157906123238,0,0.47499999999999998,0,0.99999999887499835,,3faae37e84092a7aae5159eea0dd1d5d255670ad49ac694b5ac1ef29438926e0,6.2297366932034492
151,2021-06-01,2021-06-02,bear,0.023664671442122202,0.0070959198246691724,0.30000000000000004,0.0034570648762101142,CASH,0.075000000000000011,True,3,5,151,0,0.29654293512378993,0,0.46250000000000002,0,0.99999999658381755,,6bd64348c786aa858eb6c6f9652795861c65ec5904a95848ecba8bec2b3a07aa,8.8195253387093544,0.0070959198246691724,0.30000000000000004,0.0034570648762101142,CASH,0.075000000000000011,True,0,0,151,0,0.29654293512378993,0,0.46250000000000002,0,0.99999999658381755,,6b2164ed1d6dfc1a8250991c7baa9c31abc4b3972dcfc4b948ba77b5850fd505,6.1556998435407877
152,2021-06-02,2021-06-03,bear,0.043442024933565401,0.013027608621372755,0.30000000000000004,0.004934548661012228,CASH,0.075000000000000011,True,5,5,152,0,0.30493454866101227,0,0.46250000000000002,0,0.99999999724839239,,b8285c96a94a2a5a7bbd3bb889b4042c2912d8e3645b05c135cf0c159b429421,10.137987708672881,0.013027608621372755,0.30000000000000004,0.004934548661012228,CASH,0.075000000000000011,True,0,0,152,0,0.30493454866101227,0,0.46250000000000002,0,0.99999999724839239,,6d3c3d6db9a6762dcb2b95a287b5e6f8f5d33d301afd6ba1bef074a52c19f9e6,6.1886840648949146
153,2021-06-03,2021-06-04,bear,-0.059611149530587597,-0.017892189272021519,0.30000000000000004,0.0090054606028348028,CASH,0.075000000000000011,True,5,5,153,0,0.30900546060283485,0,0.46250000000000002,0,0.99999999540189477,,51863a0966ec39272fa4d4a95dd49676f311e154d058a10d12b40d2d75f33a0f,10.035836616531014,-0.017892189272021519,0.30000000000000004,0.0090054606028348028,CASH,0.075000000000000011,True,0,0,153,0,0.30900546060283485,0,0.46250000000000002,0,0.99999999540189477,,4ce672c01ff0436d656cb3ca1b89a7fe11a9a1bf6abd83e123b3bcdc85381a5e,6.1584833133965731
154,2021-06-04,2021-06-05,bear,-0.036126269629565298,-0.010850489033781496,0.30000000000000004,0.012746287659309019,CASH,0.075000000000000011,True,5,5,154,0,0.28725371234069103,0,0.46250000000000002,0,0.999999973408085,,2b745172cdab44b9fa6eaef68e85157d95b70ac0b44bedc242c42d8a0e13198d,9.9897687118500471,-0.010850489033781496,0.30000000000000004,0.012746287659309019,CASH,0.075000000000000011,True,0,0,154,0,0.28725371234069103,0,0.46250000000000002,0,0.999999973408085,,4e17f7a39abf5fc3d81e1b35b89f5c500b76ad1a5f134a22284b62e7ca3c7583,6.101268207654357
155,2021-06-05,2021-06-06,bear,0.0083164414414412993,0.002487243657941729,0.30000000000000004,0.0076696392589579165,CASH,0.075000000000000011,True,5,5,155,0,0.29233036074104213,0,0.46250000000000002,0,0.99999999647335835,,5fe79366750e13bf26bbfbeb2e7c046c5980fbfbfae000799bd0d5f85d488fad,10.064076675102115,0.002487243657941729,0.30000000000000004,0.0076696392589579165,CASH,0.075000000000000011,True,0,0,155,0,0.29233036074104213,0,0.46250000000000002,0,0.99999999647335835,,8359caf3da5648e45bc5595b9f5a97fd0cabf2b826b80a4892b3c61c28e4abb0,6.0966745093464851
156,2021-06-06,2021-06-07,bear,-0.062470333990406302,-0.018742809654399117,0.30000000000000004,0.0017421062652807073,CASH,0.075000000000000011,True,5,5,156,0,0.30174210626528075,0,0.46250000000000002,0,0.99999999914034565,,8fa4d85815179e1d458429394e3d517ed8d876159abf170662c6a12605f20180,10.119241619482636,-0.018742809654399117,0.30000000000000004,0.0017421062652807073,CASH,0.075000000000000011,True,0,0,156,0,0.30174210626528075,0,0.46250000000000002,0,0.99999999914034565,,f9d2e6314525a075e2076bfb58a0252eca742368567a09d3e18eb0e38749c401,6.2657550349831581
157,2021-06-07,2021-06-08,bear,-0.0058103520162010001,-0.0017564516267296604,0.30000000000000004,0.013369326016427152,CASH,0.075000000000000011,True,5,5,157,0,0.28663067398357289,0,0.46250000000000002,0,0.99999999909897441,,9f58b5011d39f2f4666e3b38535c69d974ab130bff0cfd124436f3254a27bafc,10.061740111559629,-0.0017564516267296604,0.30000000000000004,0.013369326016427152,CASH,0.075000000000000011,True,0,0,157,0,0.28663067398357289,0,0.46250000000000002,0,0.99999999909897441,,fe90736898e2626eecfded0809accc750cec8352a9718621bc8e026901d6ab7f,6.1264395676553249
158,2021-06-08,2021-06-09,bear,0.11830308331511009,0.035489659309285271,0.30000000000000004,0.0012223045292780177,CASH,0.075000000000000011,True,5,5,158,0,0.29877769547072203,0,0.46250000000000002,0,0.99999999984678922,,8a43a725a0cc7e655ac9d80bd8c5d4b690c4fc28c5905398312ef14fcb73a347,10.107216745615005,0.035489659309285271,0.30000000000000004,0.0012223045292780177,CASH,0.075000000000000011,True,0,0,158,0,0.29877769547072203,0,0.46250000000000002,0,0.99999999984678922,,531821550885aa82ed55fc21f0badd1e38a8a2d948abe3936aae848a8c58984a,6.2057032007724047
159,2021-06-09,2021-06-10,bear,-0.0182898409415999,-0.0055108127828391584,0.30000000000000004,0.023992144109137692,CASH,0.075000000000000011,True,5,5,159,0,0.32399214410913774,0,0.46250000000000002,0,0.99999999978170118,,e61b81b26f7d5d8f54c99b4b86df23b06452aad02dba2239499397e60465d607,10.085847379639745,-0.0055108127828391584,0.30000000000000004,0.023992144109137692,CASH,0.075000000000000011,True,0,0,159,0,0.32399214410913774,0,0.46250000000000002,0,0.99999999978170118,,11e11fc5aa6b91a64d77a9cc5baad5ee607a139f859f87097badb0c741b7767c,6.1268722284585238
160,2021-06-10,2021-06-11,bear,0.018150365353866601,0.0054412265193104492,0.30000000000000004,0.003862057523077278,CASH,0.075000000000000011,True,5,5,160,0,0.29613794247692277,0,0.46250000000000002,0,0.99999999772212356,,c7fdb326f580146dfbdf7bf7a41068b57d660a0605ece021c6952073852fc8d7,10.138546699658036,0.0054412265193104492,0.30000000000000004,0.003862057523077278,CASH,0.075000000000000011,True,0,0,160,0,0.29613794247692277,0,0.46250000000000002,0,0.99999999772212356,,dbfe82c91dcfd3f9bb0983dfaf08e773bfe73870996570bd57e740f49a943bfe,6.2179848439991474
161,2021-06-11,2021-06-12,bear,-0.0495007316171149,-0.019894596744527537,0.40000000000000002,0.096209065330473409,CASH,0.075000000000000011,True,5,5,161,0,0.30379093466952661,0,0.46250000000000002,0,0.9999999981636456,,af98bc1baf63f82d42406b0849df4c255920dec729c0334eb0ef6d626c5b4899,10.016555538401008,-0.019894596744527537,0.40000000000000002,0.096209065330473409,CASH,0.075000000000000011,True,0,0,161,0,0.30379093466952661,0,0.46250000000000002,0,0.9999999981636456,,390a4ea9918c9e1bb3b0ef8b4af16999661e0d19953297fdc26f508b8f82ba79,6.1249247919768095
162,2021-06-12,2021-06-13,bear,0.1002438852470573,0.040084947951852135,0.40000000000000002,0.012120158268755066,CASH,0.075000000000000011,True,5,5,162,0,0.38787984173124496,0,0.46250000000000002,0,0.99999997683013997,,d1827367f4c88be59b81da7eecb627ff3e5fb61b03983193387e750397b2dd7f,9.8753818869590759,0.040084947951852135,0.40000000000000002,0.012120158268755066,CASH,0.075000000000000011,True,0,0,162,0,0.38787984173124496,0,0.46250000000000002,0,0.99999997683013997,,7d0f4e368572ca2f5eab7647727aacf55f31380d99563900fb8af5d20d519b6f,6.1195691395550966
163,2021-06-13,2021-06-14,bear,0.038605536748934598,0.015418726470622035,0.40000000000000002,0.023131034550060992,CASH,0.075000000000000011,True,5,5,163,0,0.42313103455006101,0,0.46250000000000002,0,0.9999999931186544,,a2565d67dd445f25456db21f36a319ccd2194022e8083798509b720e71a3db77,10.002003122121096,0.015418726470622035,0.40000000000000002,0.023131034550060992,CASH,0.075000000000000011,True,0,0,163,0,0.42313103455006101,0,0.46250000000000002,0,0.9999999931186544,,967eebf0902834da2571914504e912ff252b8bc78f4e6f41d39c4762805072f0,6.095641965046525
164,2021-06-14,2021-06-15,bear,-0.0092105977389253992,-0.0036933299064498826,0.40000000000000002,0.0091244274520195234,CASH,0.075000000000000011,True,5,5,164,0,0.40912442745201955,0,0.46250000000000002,0,0.99999994630184041,,89f91ec3d6cdd2c57e523812ab7481393a046aab95e9cba6fc3cd7220ee3d31f,10.011987611651421,-0.0036933299064498826,0.40000000000000002,0.0091244274520195234,CASH,0.075000000000000011,True,0,0,164,0,0.40912442745201955,0,0.46250000000000002,0,0.99999994630184041,,171af8122720777f765af1c17cce0f39f7723b3a21fc47b8fc3d1ac06ea94f1c,6.2337962333112955
165,2021-06-15,2021-06-16,bear,-0.045325616780514,-0.018132425204049563,0.40000000000000002,0.0022187177439965677,CASH,0.075000000000000011,True,5,5,165,0,0.39778128225600345,0,0.46250000000000002,0,0.99999952009384085,,4fbbc0d233c060686d7c0ea522b1be18985ae75bac49ba8604ed411f705f52ed,10.08189177326858,-0.018132425204049563,0.40000000000000002,0.0022187177439965677,CASH,0.075000000000000011,True,0,0,165,0,0.39778128225600345,0,0.46250000000000002,0,0.99999952009384085,,ac1cdd4583b1a39384b35a94b764dd3827899fbb606fd0c2b8edf6025c49020c,6.1142866332083941
166,2021-06-16,2021-06-17,bear,-0.0074081803005007999,-0.0029743183033403842,0.40000000000000002,0.011079013271259097,CASH,0.075000000000000011,True,5,5,166,0,0.38892098672874093,0,0.46250000000000002,0,0.99999935284565644,,e9e0b134077c3df04383bc9f1dc8cd27642697ff3cfa73ff2bf78b82635119b6,9.9941578414291143,-0.0029743183033403842,0.40000000000000002,0.011079013271259097,CASH,0.075000000000000011,True,0,0,166,0,0.38892098672874093,0,0.46250000000000002,0,0.99999935284565644,,f82488e03f06be0241646cd6e5aaebd967535346ad8dce63f3ae4f7a4d2acdd4,6.2485881019383669
167,2021-06-17,2021-06-18,bear,-0.060511931041732303,-0.024206512501112276,0.40000000000000002,0.0017832475197789854,CASH,0.075000000000000011,True,5,5,167,0,0.39821675248022104,0,0.46250000000000002,0,0.99999959955887796,,c9ff82fd381eb3071f49c240a3f637d9ccf26c738b18117128e8db45785f4a3c,9.9341935124248266,-0.024206512501112276,0.40000000000000002,0.0017832475197789854,CASH,0.075000000000000011,True,0,0,167,0,0.39821675248022104,0,0.46250000000000002,0,0.99999959955887796,,4651b5ef35bf9fd94ef5b1b4d7a5056fb8efd3cdcfea25bcd0cdee5bb29fa11f,6.0476067885756493
168,2021-06-18,2021-06-19,bear,-0.0066015093959618997,-0.0030353695869234087,0.45000000000000001,0.064883105634758687,CASH,0.075000000000000011,True,5,5,168,0,0.38511689436524132,0,0.46250000000000002,0,0.99999960425393319,,2b84acb33144173e448c6011fc8797e986355710666191f1cd0973505df24b31,9.9540706649422646,-0.0030353695869234087,0.45000000000000001,0.064883105634758687,CASH,0.075000000000000011,True,0,0,168,0,0.38511689436524132,0,0.46250000000000002,0,0.99999960425393319,,8c7f57568ff9b43b1a15b041d2fc6e1250d8eadf1fb4fe55788323bda39e38ce,6.298339132219553
169,2021-06-19,2021-06-20,bear,0.0023202509475296999,0.0010424724736051161,0.45000000000000001,0.0016387417515824065,CASH,0.075000000000000011,True,5,5,169,0,0.4483612582484176,0,0.46250000000000002,0,0.99999873253650717,,339ee7cf54e1d13d9be5daa0e477dc1b2e865e16323b6ccdbdeaae4e2072b9d3,10.078074838966131,0.0010424724736051161,0.45000000000000001,0.0016387417515824065,CASH,0.075000000000000011,True,0,0,169,0,0.4483612582484176,0,0.46250000000000002,0,0.99999873253650717,,aa1bd578746530a7d9293b0a654cc405fff48fb0b2f2c0797f6cbcdb4879c5b0,6.0972865596413612
170,2021-06-20,2021-06-21,bear,-0.1096702419948422,-0.049352154249620472,0.45000000000000001,0.00057366314041334965,CASH,0.075000000000000011,True,5,5,170,0,0.45057366314041336,0,0.46250000000000002,0,0.99999966482540681,,ad30f25e1150a78c4d5d07126aa89bf79d293a96f01ab2a68e21693f79468d9c,10.028459517285228,-0.049352154249620472,0.45000000000000001,0.00057366314041334965,CASH,0.075000000000000011,True,0,0,170,0,0.45057366314041336,0,0.46250000000000002,0,0.99999966482540681,,bfdb2c959427678d044d380827d931ac855c3a4e4fda8e4e39fa2939a5a08fa8,6.2355325408279896
171,2021-06-21,2021-06-22,bear,0.0253817998232992,0.010131054675359685,0.40000000000000002,0.021447503464188888,CASH,0.075000000000000011,True,5,5,171,0,0.42144750346418891,0,0.46250000000000002,0,0.99999832637707764,,127c422e9cb345aa00f075cde7fdd8015f57f3a1ed46d303aa6a83c2444751af,10.048459943383932,0.010131054675359685,0.40000000000000002,0.021447503464188888,CASH,0.075000000000000011,True,0,0,171,0,0.42144750346418891,0,0.46250000000000002,0,0.99999832637707764,,c10085cd47b42ca98fba261b043665f610ac6744c65788c5743e849e0394c3aa,6.12822643853724
172,2021-06-22,2021-06-23,bear,0.036247091985573701,0.014492718953418748,0.40000000000000002,0.0060304069250222692,CASH,0.075000000000000011,True,5,5,172,0,0.40603040692502229,0,0.46250000000000002,0,0.99999997804567464,,e3bae3e2402d089d198b696b6000beffab46f392c48a4acd6400a05c52410c88,9.9777583070099354,0.014492718953418748,0.40000000000000002,0.0060304069250222692,CASH,0.075000000000000011,True,0,0,172,0,0.40603040692502229,0,0.46250000000000002,0,0.99999997804567464,,04c59dcba4f21cc4208edee6bba1c6e4a1b8139101c40f6b33cc12461cf08377,6.2569035775959492
173,2021-06-23,2021-06-24,bear,0.0294438191736725,0.011768851702549821,0.40000000000000002,0.0085749749147343013,CASH,0.075000000000000011,True,5,5,173,0,0.40857497491473432,0,0.46250000000000002,0,0.99999991645089681,,384f4b2d6ecebfb7e61fdb4ed9085177c37e0ba8dcc1d9bc7822a459b53ad065,10.041829440742731,0.011768851702549821,0.40000000000000002,0.0085749749147343013,CASH,0.075000000000000011,True,0,0,173,0,0.40857497491473432,0,0.46250000000000002,0,0.99999991645089681,,005a7cbe92c777e2facb721ca187e18931e62a9f252e8510cf985203c70e7a12,6.104211213067174
174,2021-06-24,2021-06-25,bear,-0.088611830680382406,-0.035451468976246736,0.40000000000000002,0.006984259294588735,CASH,0.075000000000000011,True,2,5,174,0,0.40698425929458876,0,0.46250000000000002,0,0.99999992121891357,,e4c62c7395182a359e9cb09a54ac32c127fc7c6f669c2c03fa819c21c05a3e90,8.2264622990041971,-0.035451468976246736,0.40000000000000002,0.006984259294588735,CASH,0.075000000000000011,True,0,0,174,0,0.40698425929458876,0,0.46250000000000002,0,0.99999992121891357,,675f1a22f6eb0c1e6f42b39fbcac6eaeb020a63fa04b4207777918555f77a118,6.3036543130874634
175,2021-06-25,2021-06-26,bear,0.020554535671330101,0.0081995846544455908,0.40000000000000002,0.022048336756678499,CASH,0.075000000000000011,True,2,5,175,0,0.37795166324332152,0,0.46250000000000002,0,0.99999953314458645,,e98cab92043e1f041fbb25afbb039317478dba1f8ec0c962f811d97c6bf5140a,8.1498447321355343,0.0081995846544455908,0.40000000000000002,0.022048336756678499,CASH,0.075000000000000011,True,0,0,175,0,0.37795166324332152,0,0.46250000000000002,0,0.99999953314458645,,fb21a6d8e0ad67259660660c704091153744c0fc75b6309a578751993d353d46,6.1233418770134449
176,2021-06-26,2021-06-27,bear,0.075522432497813402,0.030203932330466587,0.40000000000000002,0.0048928603718996766,CASH,0.075000000000000011,True,5,5,176,0,0.4048928603718997,0,0.46250000000000002,0,0.99999997590870404,,0b7867e883eae21acce90c641b92c5f466b6d31ede3d6c8e50f8155bd62f1e2e,9.960998360067606,0.030203932330466587,0.40000000000000002,0.0048928603718996766,CASH,0.075000000000000011,True,0,0,176,0,0.4048928603718997,0,0.46250000000000002,0,0.99999997590870404,,4a6ad075166bb70ca5c5a60b6d20037058c83b0e5ff092fa2f9c6e2a0e9ea3ae,6.1547488160431385
177,2021-06-27,2021-06-28,bear,-0.0058422365442564999,-0.0023544473930730003,0.40000000000000002,0.017593890438275861,CASH,0.075000000000000011,True,5,5,177,0,0.41759389043827588,0,0.46250000000000002,0,0.99999994224568123,,ddef776430fcf4c8ae28c3cac684bc8e6883fd28d1754e8c2e8ccb50deadd0f7,10.060293823480606,-0.0023544473930730003,0.40000000000000002,0.017593890438275861,CASH,0.075000000000000011,True,0,0,177,0,0.41759389043827588,0,0.46250000000000002,0,0.99999994224568123,,6e86688def4fb91aecce3187509ec123d11ac1cac32a80a20a92b1db18de77f7,6.1176021490246058
178,2021-06-28,2021-06-29,bear,0.0394130392535074,0.01576378812354462,0.40000000000000002,0.0014054210916061294,CASH,0.075000000000000011,True,5,5,178,0,0.39859457890839389,0,0.46250000000000002,0,0.99999901472397035,,ccd0de24b465f16db92c37000d356b88fd5101662a22fa35bcb4b7b1e224e51d,10.071975544095039,0.01576378812354462,0.40000000000000002,0.0014054210916061294,CASH,0.075000000000000011,True,0,0,178,0,0.39859457890839389,0,0.46250000000000002,0,0.99999901472397035,,b3568b113c784b5a04626fea71e9d73a94e26fd78f105ca4070cedeed0a4c322,6.1900907810777426
179,2021-06-29,2021-06-30,bear,-0.0225423960574525,-0.009026186772898126,0.40000000000000002,0.0093123187077341352,CASH,0.075000000000000011,True,0,5,179,0,0.40931231870773416,0,0.46250000000000002,0,0.99999905243925635,,281b1098adfc0d32b1d559a9e349c74ef912f312b0e250932ce1a7ff421793d2,7.252244096249342,-0.009026186772898126,0.40000000000000002,0.0093123187077341352,CASH,0.075000000000000011,True,0,0,179,0,0.40931231870773416,0,0.46250000000000002,0,0.99999905243925635,,4bcdc9fc94d9cb7da467255559ee40b24b582ac6f1a72afae8a99ec7796faefe,6.1267191153019667
180,2021-06-30,2021-07-01,bear,-0.042347452957584103,-0.016944348108578478,0.40000000000000002,0.0054594022569539047,CASH,0.075000000000000011,True,5,5,180,0,0.39454059774304612,0,0.45039160115582283,0,0.99999812936170884,,4a672c0242669bd1ea4c982e8bcfe06a29e39d0e6c7b4a64851e94fa04a72b7b,10.058127410709858,-0.016944348108578478,0.40000000000000002,0.0054594022569539047,CASH,0.075000000000000011,True,0,0,180,0,0.39454059774304612,0,0.45039160115582283,0,0.99999812936170884,,307f822d44324b6fa6a4e753f6a260e239d7b8ae93f9f9108e09d6c00785d52a,6.223003227263689
181,2021-07-01,2021-07-02,bear,0.0080432630963880002,0.0032069334638245017,0.40000000000000002,0.010338512579871229,CASH,0.10000000000000001,True,5,5,181,0,0.38966148742012879,0,0.43821884376996256,0,0.99999909774420404,,94727421f98f34af117c98f3a738e20cd66ff7d475d1d3b581b158834d12fa1f,10.036128595471382,0.0032069334638245017,0.40000000000000002,0.010338512579871229,CASH,0.10000000000000001,True,0,0,181,0,0.38966148742012879,0,0.43821884376996256,0,0.99999909774420404,,a27dcf29978f9e5ca905337c7f8d7cead63fa2faaa0251563c18bf4270019f24,6.0657142084091902
182,2021-07-02,2021-07-03,bear,0.027486144546245001,0.010992512470616722,0.40000000000000002,0.0019241924287521917,CASH,0.10000000000000001,True,5,5,182,0,0.40192419242875221,0,0.43821883751107293,0,0.99999962900649364,,d6d556948095f2393cced0acf8ef8097e9f873438c99dfc8b2344ac1cb359283,10.002403443679214,0.010992512470616722,0.40000000000000002,0.0019241924287521917,CASH,0.10000000000000001,True,0,0,182,0,0.40192419242875221,0,0.43821883751107293,0,0.99999962900649364,,1e2c7e0fde3c04205401c222781ef194b6822744dcc8732e9f2bb0e77ef59f24,6.2077794093638659
183,2021-07-03,2021-07-04,bear,0.015986046029680699,0.0063878517521465117,0.40000000000000002,0.0065249365514159496,CASH,0.10000000000000001,True,5,5,183,0,0.40652493655141597,0,0.43821884024503543,0,0.99999939694437479,,c5296ed073f9f09444687cc8efaf89a98e3365f754688f778983f48e97ad5026,10.121734188869596,0.0063878517521465117,0.40000000000000002,0.0065249365514159496,CASH,0.10000000000000001,True,0,0,183,0,0.40652493655141597,0,0.43821884024503543,0,0.99999939694437479,,0e042db5d9ffa88194c792a417cb0157a8470b611fd5045c0ebc05b1a11d7ff2,6.1367562990635633
184,2021-07-04,2021-07-05,bear,-0.045622722971709398,-0.018252831891933163,0.40000000000000002,0.0038122737735149514,CASH,0.10000000000000001,True,5,5,184,0,0.40381227377351497,0,0.43821884260487881,0,0.99999919663794523,,8500d3b185f05b9b6d5fd5b94b1e0c75dac3ae9c1d167a8ed6c7ed79da086386,9.9644789397716522,-0.018252831891933163,0.40000000000000002,0.0038122737735149514,CASH,0.10000000000000001,True,0,0,184,0,0.40381227377351497,0,0.43821884260487881,0,0.99999919663794523,,28b5f6418bece3f4c85ede992915e9f9c90a7dd690f56b250e06c092eda24123,6.2446661405265331
185,2021-07-05,2021-07-06,bear,0.0159642363110679,0.0063744703195323105,0.40000000000000002,0.011152985337351706,CASH,0.10000000000000001,True,5,5,185,0,0.38884701466264832,0,0.4382188637271961,0,0.99999740374956081,,1b0541732807f34f450364b95e8c2268f3fc4be8bf83343535b57991d96bafaf,10.078566672280431,0.0063744703195323105,0.40000000000000002,0.011152985337351706,CASH,0.10000000000000001,True,0,0,185,0,0.38884701466264832,0,0.4382188637271961,0,0.99999740374956081,,12af3faa7fdb37b36be1f8afb67e9c6dd31a42873955032fbbed79b4ea2f2cd9,6.1742600444704294
186,2021-07-06,2021-07-07,bear,-0.010454162965733,-0.0041854563719523341,0.40000000000000002,0.0038071057006298648,CASH,0.10000000000000001,True,5,5,186,0,0.40380710570062989,0,0.43821885712759751,0,0.99999796393164841,,cb275d477ea12146793c08ebc637e4c9b43dc91c7393d4d3023632b4cad8ba17,10.067865166813135,-0.0041854563719523341,0.40000000000000002,0.0038071057006298648,CASH,0.10000000000000001,True,0,0,186,0,0.40380710570062989,0,0.43821885712759751,0,0.99999796393164841,,d45a25563d7ff7023938192674677d59aebdc2c0e8d2fc82fc791b2b4ffaac43,6.1908338107168674
187,2021-07-07,2021-07-08,bear,-0.029570860817649799,-0.011830834060096329,0.40000000000000002,0.002519534963418113,CASH,0.10000000000000001,True,5,5,187,0,0.39748046503658191,0,0.43821887728857289,0,0.99999625264314285,,be3049d959432cef29553eda0cdb1a20b7f176635e6f70b9bad7d2a6eb57488a,10.084821868687868,-0.011830834060096329,0.40000000000000002,0.002519534963418113,CASH,0.10000000000000001,True,0,0,187,0,0.39748046503658191,0,0.43821887728857289,0,0.99999625264314285,,ef440e4eac58e23e645b64552d99ce8428cb2ba2252ba578328af723e869b38f,6.1551482025533915
188,2021-07-08,2021-07-09,bear,0.028329930658455599,0.011324708920382065,0.40000000000000002,0.0071819572596452663,CASH,0.10000000000000001,True,5,5,188,0,0.39281804274035476,0,0.43821888883560883,0,0.99999527251647358,,04cdab7af658ed6addef072aa5f1f4a9eb72ff61b4bf94e108713605c35d23da,9.9820035435259342,0.011324708920382065,0.40000000000000002,0.0071819572596452663,CASH,0.10000000000000001,True,0,0,188,0,0.39281804274035476,0,0.43821888883560883,0,0.99999527251647358,,4467ed322465f7c56e4b0dcdc4f3195cdf5d3f52be35859bb61c53d8620a553b,6.2237619329243898
189,2021-07-09,2021-07-10,bear,-0.0084858598590423998,-0.0034010441219728405,0.40000000000000002,0.0067229985252149072,CASH,0.10000000000000001,True,5,5,189,0,0.40672299852521493,0,0.438218907257381,0,0.99999370885368644,,097da795c654d1c529fd89823c16100dd87f1edfa8446da31aba0fe002d3c6ea,10.01592624746263,-0.0034010441219728405,0.40000000000000002,0.0067229985252149072,CASH,0.10000000000000001,True,0,0,189,0,0.40672299852521493,0,0.438218907257381,0,0.99999370885368644,,b144653c48a11a11a247f8cb7775f8ed06bccbc22612e8330300c26dd9ee0208,6.1293683722615242
190,2021-07-10,2021-07-11,bear,0.021399199059402001,0.0085576185888351919,0.40000000000000002,0.0020435428534784084,CASH,0.10000000000000001,True,5,5,190,0,0.39795645714652161,0,0.43821899246998153,0,0.99998647590285183,,b9d8137ab0078a1f5cf8d1e7ddee331958d4938a0e1d7d66e314ef2e1fb8c7d6,9.9692481067031622,0.0085576185888351919,0.40000000000000002,0.0020435428534784084,CASH,0.10000000000000001,True,0,0,190,0,0.39795645714652161,0,0.43821899246998153,0,0.99998647590285183,,35fe4560f0ec72484f21a3b723c57d1209928b9ff73a5f70b246c81a38f84a02,6.1893948353827
191,2021-07-11,2021-07-12,bear,-0.032567189732292702,-0.013031901777201482,0.40000000000000002,0.0050922200024616782,CASH,0.10000000000000001,True,5,5,191,0,0.4050922200024617,0,0.43821896097779922,0,0.99998914899821123,,7eb6f0b3366cb3c922da6c53c6480651110ea142a90f661e7cc5dde40641dbfa,10.066757773980498,-0.013031901777201482,0.40000000000000002,0.0050922200024616782,CASH,0.10000000000000001,True,0,0,191,0,0.4050922200024617,0,0.43821896097779922,0,0.99998914899821123,,89eccb43628bf168723b4d3a99d7a638f76a0ec78988f5dbf3d66fe0610d1fad,6.1723475158214569
192,2021-07-12,2021-07-13,bear,-0.0116238335396974,-0.0046574158840119173,0.40000000000000002,0.0079192891324386672,CASH,0.10000000000000001,True,5,5,192,0,0.39208071086756136,0,0.43821944159627096,0,0.99994835350846822,,cf150d15f4a2ecc90c16695b1b615601a3b1d3e3faa00a751b504f1ea5417704,10.018338307738304,-0.0046574158840119173,0.40000000000000002,0.0079192891324386672,CASH,0.10000000000000001,True,0,0,192,0,0.39208071086756136,0,0.43821944159627096,0,0.99994835350846822,,c2c8c6e6365b0f26a04ae2070852fc3916b65f295758581f9d288de33c149700,6.1941535323858261
193,2021-07-13,2021-07-14,bear,0.0028293729241843,0.0011289432461254467,0.40000000000000002,0.0028027515364525413,CASH,0.10000000000000001,True,5,5,193,0,0.39719724846354748,0,0.43821918219354222,0,0.99997037193260163,,a31c0cf531a4dac03ce584e3a655556bddcfbb0020fe69371eb7439e2178b0bf,10.056322857737541,0.0011289432461254467,0.40000000000000002,0.0028027515364525413,CASH,0.10000000000000001,True,0,0,193,0,0.39719724846354748,0,0.43821918219354222,0,0.99997037193260163,,8ccdafb97a99761ceb771b1e0896a12bd5d6dfe1286ea11a683d42cc7b939e59,6.1398011576384306
194,2021-07-14,2021-07-15,bear,-0.029865298424469802,-0.011946789548808789,0.40000000000000002,0.00067828185687596187,CASH,0.10000000000000001,True,5,5,194,0,0.40067828185687598,0,0.43821894643243747,0,0.99999038362647996,,504f555dc82741090223d61d525c38df57e7b9fa273ca412fc58ad2969ef9b62,9.9226373080164194,-0.011946789548808789,0.40000000000000002,0.00067828185687596187,CASH,0.10000000000000001,True,0,0,194,0,0.40067828185687598,0,0.43821894643243747,0,0.99999038362647996,,b7e74573b9a7e7f9d8475c800f624cf5b0db0ac719048bf5a71c1061b9384781,6.124327352270484
195,2021-07-15,2021-07-16,bear,-0.0140230209952733,-0.0056164220397919573,0.40000000000000002,0.0072543327468143626,CASH,0.10000000000000001,True,5,5,195,0,0.39274566725318566,0,0.43821898361108425,0,0.99998722785700156,,67a2f147f6d528120acd7d734692057b77104f12b476db5ddd2ea92ff9c330d7,10.043439287692308,-0.0056164220397919573,0.40000000000000002,0.0072543327468143626,CASH,0.10000000000000001,True,0,0,195,0,0.39274566725318566,0,0.43821898361108425,0,0.99998722785700156,,e1c7cd6787fa6a4fc374b75ef8e03c06eca0a24a4d3aea7f7402ae2d4d071b82,6.1507606189697981
196,2021-07-16,2021-07-17,bear,0.0039689112569280998,0.0015841746201863405,0.40000000000000002,0.0033845094577394375,CASH,0.10000000000000001,True,3,5,196,0,0.39661549054226058,0,0.43821894899177544,0,0.99999016638671445,,5eda4c066416c3e96c27a05e78bdcba0d1cf987947186a04df6173ae1513312b,8.8390448465943336,0.0015841746201863405,0.40000000000000002,0.0033845094577394375,CASH,0.10000000000000001,True,0,0,196,0,0.39661549054226058,0,0.43821894899177544,0,0.99999016638671445,,2f01e8d0c7eb065396900644a76a8f978fece8c5779ec2912717ea7dc0f4fe97,6.2065457310527563
197,2021-07-17,2021-07-18,bear,0.0084648429816044993,0.0033849829436358725,0.40000000000000002,0.00095102888196862967,CASH,0.10000000000000001,True,5,5,197,0,0.40095102888196865,0,0.43821893339853529,0,0.99999148996020715,,0b9e448c26c742c67c00062633c0404767a5233faee24e240cd9a883fa5ec388,10.044335540384054,0.0033849829436358725,0.40000000000000002,0.00095102888196862967,CASH,0.10000000000000001,True,0,0,197,0,0.40095102888196865,0,0.43821893339853529,0,0.99999148996020715,,d7d1143dad54345af803ee45a84a05fa212aa07f3aa2289f33d2115752e10791,6.1385978907346725
198,2021-07-18,2021-07-19,bear,-0.029831306197184802,-0.011934523025800226,0.40000000000000002,0.0020247067855755363,CASH,0.10000000000000001,True,5,5,198,0,0.40202470678557556,0,0.43821897509312874,0,0.99998795087159564,,536dbc9e7da9153637de35d07b37ce5194dfb09ab90367f6140f216c3f3a579f,10.055740907788277,-0.011934523025800226,0.40000000000000002,0.0020247067855755363,CASH,0.10000000000000001,True,0,0,198,0,0.40202470678557556,0,0.43821897509312874,0,0.99998795087159564,,9cd89896fcf02eceb68cbf5bb7a92a27f3503b6849f1a8f2cef05fff3c455e29,6.1832833252847195
199,2021-07-19,2021-07-20,bear,-0.033835756813199697,-0.013541450632305607,0.40000000000000002,0.0072459762619514478,CASH,0.10000000000000001,True,5,5,199,0,0.39275402373804857,0,0.4382198213515216,0,0.99991611941355285,,528833777333bb75ae9486e0e30fa4a14a747733bbd54476e81ea2009d41c178,10.096896074712276,-0.013541450632305607,0.40000000000000002,0.0072459762619514478,CASH,0.10000000000000001,True,0,0,199,0,0.39275402373804857,0,0.4382198213515216,0,0.99991611941355285,,26c3d829f98b42a368423c97c64a19e9e5b0589dbc3e73f22618f4ccf0e8daac,6.1102694943547249
200,2021-07-20,2021-07-21,bear,0.078459276762279304,0.031375220358371481,0.40000000000000002,0.0082319959605310355,CASH,0.10000000000000001,True,5,5,200,0,0.39176800403946899,0,0.43821915940873601,0,0.99997230593510644,,d9e611badc427945784ae2a00070cf376d67f9e3b51aef9726cc19c5a0a147a2,9.9744432531297207,0.031375220358371481,0.40000000000000002,0.0082319959605310355,CASH,0.10000000000000001,True,0,0,200,0,0.39176800403946899,0,0.43821915940873601,0,0.99997230593510644,,3fd07cfe48e3de12cf36765ad5112c6166b0deb48c2d0b94b79d29b3a2692536,6.2801327090710402
201,2021-07-21,2021-07-22,bear,0.0052129692450375003,0.0020668923819424645,0.40000000000000002,0.018257246287201212,CASH,0.10000000000000001,True,3,5,201,0,0.41825724628720123,0,0.43821893740054035,0,0.99999115026507124,,2c1b14f37c216fa0c058d2b586c5e354fffa16f4fb69da96abd8a2a800ec03e1,8.8579332642257214,0.0020668923819424645,0.40000000000000002,0.018257246287201212,CASH,0.10000000000000001,True,0,0,201,0,0.41825724628720123,0,0.43821893740054035,0,0.99999115026507124,,d42e15f963b13a39948c25f5db8c040c982edd626fe23e431f2e5f1358ce8eac,6.1271297633647919
202,2021-07-22,2021-07-23,bear,0.040385276278758597,0.016152841833704468,0.40000000000000002,0.0012485092426952615,CASH,0.10000000000000001,True,5,5,202,0,0.40124850924269528,0,0.43822670470899705,0,0.99933185152574444,,752fb21b24d9278cc7347ed02816cccb5870a17b908ea6533f35c4a7e462ad0f,9.9382111150771379,0.016152841833704468,0.40000000000000002,0.0012485092426952615,CASH,0.10000000000000001,True,0,0,202,0,0.40124850924269528,0,0.43822670470899705,0,0.99933185152574444,,05fd92e813f7ee04db464361ffb8695b1642ae1da547bfb37b725c0c5f26c04b,6.2462238911539316
203,2021-07-23,2021-07-24,bear,0.0065916145140507004,0.0026270822740583899,0.40000000000000002,0.0095383822263171436,CASH,0.10000000000000001,True,5,5,203,0,0.40953838222631717,0,0.43823349225321634,0,0.99875571638469041,,932b1c72a8dd0f0db44ad48a34aa3a5fb09e588683d29fe9525b959f8a78263d,10.069351611658931,0.0026270822740583899,0.40000000000000002,0.0095383822263171436,CASH,0.10000000000000001,True,0,0,203,0,0.40953838222631717,0,0.43823349225321634,0,0.99875571638469041,,84ca46c7f8ffab2daa8cf4db561d5ee3e99cd2fd7af1efcd2c6f41b14e1232f1,6.1264879498630762
204,2021-07-24,2021-07-25,bear,0.046306260495257698,0.018520897145478443,0.40000000000000002,0.001577827311609048,CASH,0.10000000000000001,True,5,5,204,0,0.40157782731160907,0,0.43826921121474449,0,0.99572384679303116,,28f382c52cba3a52c4252737afee1e3c77d75df65ccbb88a5f28509eed27d769,9.9438072238117456,0.018520897145478443,0.40000000000000002,0.001577827311609048,CASH,0.10000000000000001,True,0,0,204,0,0.40157782731160907,0,0.43826921121474449,0,0.99572384679303116,,e4c1565dcebb718b6b54681008044510af98e96c1961857f5c75a94bee2fcb94,6.2781301289796829
205,2021-07-25,2021-07-26,bear,0.053276106139679098,0.021299298533054012,0.40000000000000002,0.010911396138087004,CASH,0.10000000000000001,True,2,5,205,0,0.41091139613808703,0,0.43830739610403407,0,0.99248266619466319,,07b33dd2bf2a69505bcf86882c71215b7c261dad2422a78cbf65f9f11919799a,8.2680905628949404,0.021299298533054012,0.40000000000000002,0.010911396138087004,CASH,0.10000000000000001,True,0,0,205,0,0.41091139613808703,0,0.43830739610403407,0,0.99248266619466319,,88e070df3eb55a501271e1960cea5627da279018e26e5c3b25bc4541adfd5ee6,6.1577425915747881
206,2021-07-26,2021-07-27,bear,0.058358326671424002,0.023330518952412893,0.40000000000000002,0.012519470027915092,CASH,0.10000000000000001,True,5,5,206,0,0.41251947002791511,0,0.43938838240278888,0,0.90072721142989476,,0ce95f398294c0804cd7848d5566e4f4fdb3b7172c40d1e56fb9ab372d1ecd7c,10.02419069968164,0.023330518952412893,0.40000000000000002,0.012519470027915092,CASH,0.10000000000000001,True,0,0,206,0,0.41251947002791511,0,0.43938838240278888,0,0.90072721142989476,,486503c4734fc2dc421dada80bdb27b20cbb7050351695ecfa5664e685038c85,6.2857010122388601
207,2021-07-27,2021-07-28,bear,0.0139714082936226,0.0055748003198430318,0.40000000000000002,0.013686509679983416,CASH,0.10000000000000001,True,2,5,207,0,0.41368650967998344,0,0.43936263338456105,0,0.90291281270639279,,922d284ac5703f07406962835f4dafccf56dd9698c9365161dc88d8555258051,8.1949302982538939,0.0055748003198430318,0.40000000000000002,0.013686509679983416,CASH,0.10000000000000001,True,0,0,207,0,0.41368650967998344,0,0.43936263338456105,0,0.90291281270639279,,67e0bdc744de7fc716d4e3b32cc3e59e2ba7a0774ca41838c9ccf723c0faec4b,6.1080116871744394
208,2021-07-28,2021-07-29,bear,-4.4996400287877769e-05,-2.1333003008772167e-05,0.40000000000000002,0.0033345029098256762,CASH,0.10000000000000001,True,5,5,208,0,0.4033345029098257,0,0.44294949433199304,0,0.59845544294660613,,d6bf947fd20726cdcf1c43d00214520869f0da3de2bb25b4aba1e8b474b835dd,9.9491041619330645,-2.1333003008772167e-05,0.40000000000000002,0.0033345029098256762,CASH,0.10000000000000001,True,0,0,208,0,0.4033345029098257,0,0.44294949433199304,0,0.59845544294660613,,59cba5a7b857d48d4c84415cec3723aeb5aac97057bd4f3c9902282d563f0a8c,6.2814701423048973
209,2021-07-29,2021-07-30,mix,0.055048073317433797,0.022019218289849984,0.40000000000000002,1.0799330441457755e-05,ABSTAIN,0.050000000000000003,True,0,5,209,0.018910082272120654,0.39998920066955856,0,0.49367293004928942,0.35000000000000003,0.51665656453585584,,6dfd2d47b4af5696baa434204ca2a2c473eddec61c8d399a3af90bf08b048a5b,7.7700513638556004,0.022019218289849984,0.40000000000000002,1.0799330441457755e-05,ABSTAIN,0.050000000000000003,True,0,0,209,0.018910082272120654,0.39998920066955856,0,0.49367293004928942,0.35000000000000003,0.63043660589036132,,e3daf4790dc2aa5338dc8a0ffb179592ea09db9fb38e800cffc4d44b26b6ec27,6.3829616457223892
210,2021-07-30,2021-07-31,bear,-0.0153944942824513,-0.0061706450090425191,0.40000000000000002,0.012926897280479077,CASH,0.10000000000000001,True,5,5,210,-0.0010817710500887756,0.4129268972804791,0.36228671076544994,0.44300046370647744,0.050000000000000003,0.59412788621900303,,b13c59d3b0285232f00723727bdbfe1fea06081eb0150ae46bb69a2a039d2b6d,9.9522402286529541,-0.0061706450090425191,0.40000000000000002,0.012926897280479077,CASH,0.10000000000000001,True,0,0,210,-0.0010817710500887756,0.4129268972804791,0.36228671076544994,0.44300046370647744,0.050000000000000003,0.59412788621900303,,50e2ca1a4be672b0803246f0da8586aedf22024cc8c2b35b6e8feca4bcc6cfaf,6.1885756645351648
211,2021-07-31,2021-08-01,mix,-0.040318912635938398,-0.016131222669688472,0.40000000000000002,0.0037175706759948191,ABSTAIN,0.050000000000000003,True,5,5,211,-0.014408107411608029,0.3962824293240052,0.049268198235679725,0.49808926053714447,0.35000000000000003,0.63140246437846181,,a082164549b08d5e6a5fd1506896393752170bf21f75d02329b1bfe6f799a09b,9.6788224093616009,-0.016131222669688472,0.40000000000000002,0.0037175706759948191,ABSTAIN,0.050000000000000003,True,0,0,211,-0.014408107411608029,0.3962824293240052,0.049268198235679725,0.49808926053714447,0.35000000000000003,0.89417965891242923,,7704ee2f278b0621faeca9561aca7234b59f98e7f3f96a1b4404aac0411410d1,5.7414366528391838
212,2021-08-01,2021-08-02,mix,-0.0178016615552819,-0.0071304297454175547,0.40000000000000002,0.0098351561533076559,ABSTAIN,0.050000000000000003,True,0,5,212,-0.0071795461842658614,0.39016484384669237,0.34069615505631207,0.49757604436765129,0.40000000000000002,0.63140246437846181,,41479fa822a629bede79670f7b4a79ed80fa1d354893231934877c12f8138657,6.9292787928134203,-0.0071304297454175547,0.40000000000000002,0.0098351561533076559,ABSTAIN,0.050000000000000003,True,0,0,212,-0.0071795461842658614,0.39016484384669237,0.34069615505631207,0.49757604436765129,0.40000000000000002,0.86575695685704457,,6499e70fd7cb0eb3fbf069907692b8bb2e680887b61d91c44c25a2bb9d9aeef7,5.8336793538182974
213,2021-08-02,2021-08-03,bear,-0.026503507929861701,-0.010605660592963306,0.40000000000000002,0.0043030392727849143,CASH,0.075000000000000011,True,2,5,213,-0.0016704142481133166,0.39569696072721511,0.39569696072721511,0.45329288716849814,0.050000000000000003,0.55130401477239876,,c94709e2cc8d2ae3f1222a05d66b3a656cae5519d99003ce820b9aa28ffbfd16,8.2488833237439394,-0.010605660592963306,0.40000000000000002,0.0043030392727849143,CASH,0.075000000000000011,True,0,0,213,-0.0016704142481133166,0.39569696072721511,0.39569696072721511,0.45329288716849814,0.050000000000000003,0.55130401477239876,,fc26fe05af29fbd1ef4deb5d81009e308ef6df7a1057982d22731030579b59d5,6.140514025464654
214,2021-08-03,2021-08-04,bear,0.042134470486725598,0.016847250843408323,0.40000000000000002,0.0064289983062026379,CASH,0.075000000000000011,True,0,5,214,-4.8739412874310162e-05,0.39357100169379738,0.048739412874287444,0.44925707128849446,0,0.79296332152503546,,88e0d86e6f892e6d5549543daa620bca2b0fadd70535fb5845936ee3976d2ca2,7.1722177285701036,0.016847250843408323,0.40000000000000002,0.0064289983062026379,CASH,0.075000000000000011,True,0,0,214,-4.8739412874310162e-05,0.39357100169379738,0.048739412874287444,0.44925707128849446,0,0.79296332152503546,,06edd78fc1ef95a4519bbba57be0ab058fc35539a173374a8b3a54ec40fea3b7,6.1916038393974304
215,2021-08-04,2021-08-05,bear,0.028444594319134001,0.011367779911243936,0.40000000000000002,0.0099446675954931729,CASH,0.075000000000000011,True,5,5,215,0,0.4099446675954932,0,0.44713274960272298,0,0.9201642862370224,,718ee76496954974f5f8572368a570c8e6e645d68d43cac09166ebb89fca653a,10.139181965962052,0.011367779911243936,0.40000000000000002,0.0099446675954931729,CASH,0.075000000000000011,True,0,0,215,0,0.4099446675954932,0,0.44713274960272298,0,0.9201642862370224,,6637e5f2176eab7e095690da52ba11c2fc0c85644dd3bab89d67a435ca28f761,6.1606996543705463
216,2021-08-05,2021-08-06,mix,0.047182092240231899,0.018865959602936355,0.40000000000000002,0.006749903331805529,ABSTAIN,0.050000000000000003,True,0,5,216,0.016157952477781734,0.40674990333180555,0,0.49124920076103668,0.35000000000000003,0.51531691224820753,,fee60e454be65d410b2a8e4105a6d0d429ef7ae5327865e0a2ce28f4b208e719,7.707150112837553,0.018865959602936355,0.40000000000000002,0.006749903331805529,ABSTAIN,0.050000000000000003,True,0,0,216,0.016157952477781734,0.40674990333180555,0,0.49124920076103668,0.35000000000000003,0.63052150289346021,,1be3a9f5d3ccc2bb6563a68724783ce16e20d0892525cbaf48acecb5a61f3114,6.5103012453764677
217,2021-08-06,2021-08-07,mix,0.042499894848511501,0.01698865505235081,0.40000000000000002,0.01111395036514301,ABSTAIN,0.050000000000000003,True,0,5,217,0.016959847001815742,0.41111395036514303,0.3605595484288579,0.496148112021006,0.40000000000000002,0.63140246437846181,,dc443f42953590eb63a1a963777d16f658919ecf20e456f2e18ac85519b9af67,6.8670567367225885,0.01698865505235081,0.40000000000000002,0.01111395036514301,ABSTAIN,0.050000000000000003,True,0,0,217,0.016959847001815742,0.41111395036514303,0.3605595484288579,0.496148112021006,0.40000000000000002,0.78665989072286635,,6a7d0fa02bded7bf246d6598078cf8ff65949d980e8536873c3538883e91334e,5.7183770183473825
218,2021-08-07,2021-08-08,mix,-0.018411178503704901,-0.0073744270138319523,0.40000000000000002,0.010029474125357318,ABSTAIN,0.050000000000000003,True,5,5,218,-0.0073744270138319523,0.41002947412535734,0.41002947412535734,0.49941235048619098,0.40000000000000002,0.63140246437846181,,f3e7ce5bac3aede141fe9e11aea581c1274d45e76ccb81a59a94c0217288ef55,10.51231262460351,-0.0073744270138319523,0.40000000000000002,0.010029474125357318,ABSTAIN,0.050000000000000003,True,0,0,218,-0.0073744270138319523,0.41002947412535734,0.41002947412535734,0.49941235048619098,0.40000000000000002,0.96751835964912802,,00ea561228742a421053da36846c17931885d58af24bf346b08a23bf1d54d840,6.5692764185369015
219,2021-08-08,2021-08-09,mix,0.0568929139036553,0.022752612793192517,0.40000000000000002,0.0044514655314905061,ABSTAIN,0.050000000000000003,True,5,5,219,0.022752612793192517,0.39554853446850952,0.39554853446850952,0.49988771117216613,0.40000000000000002,0.63140246437846181,,58c0a07ab63ca01e98911143937237c7230954273665b0dbef6321e5006f6d6d,10.518565688282251,0.022752612793192517,0.40000000000000002,0.0044514655314905061,ABSTAIN,0.050000000000000003,True,0,0,219,0.022752612793192517,0.39554853446850952,0.39554853446850952,0.49988771117216613,0.40000000000000002,0.5,,3cb321ca9a4471ce8a474c876f3046717875fc9a923767402a71954a739041f2,5.2746057882905006
220,2021-08-09,2021-08-10,mix,-0.0149186657246626,-0.0059807371015716537,0.40000000000000002,0.013350480247558527,ABSTAIN,0.050000000000000003,True,5,5,220,-0.0059807371015716537,0.41335048024755855,0.41335048024755855,0.49970395635002468,0.40000000000000002,0.63140246437846181,,4e89ef5037c356f2ef596b2759b0fc723a9ef32ea166ccfcb5d2dde8e385ed8e,10.495376814156771,-0.0059807371015716537,0.40000000000000002,0.013350480247558527,ABSTAIN,0.050000000000000003,True,0,0,220,-0.0059807371015716537,0.41335048024755855,0.41335048024755855,0.49970395635002468,0.40000000000000002,0.5,,ca0baf289587db24cf8f66dc3dcf0569ae771fda30f849b7ca84f0a136742435,5.3549005780369043
221,2021-08-10,2021-08-11,mix,-0.00064701779627919997,-0.00034474437611653475,0.45000000000000001,0.053601974434936472,ABSTAIN,0.050000000000000003,True,0,5,221,-0.00034474437611653475,0.39639802556506354,0.39639802556506354,0.49983175979689121,0.45000000000000001,0.63140246437846181,,cc60ef9f3e6df9aad8b9815bd8b67470c3a1b2f83e6db5be4b46506e31b652cf,6.874838450923562,-0.00034474437611653475,0.45000000000000001,0.053601974434936472,ABSTAIN,0.050000000000000003,True,0,0,221,-0.00034474437611653475,0.39639802556506354,0.39639802556506354,0.49983175979689121,0.45000000000000001,0.5,,3ecd14629e958ee3c40b62e89c8880bd824311b29c9957ae5a450bc9da734f5f,5.2859788462519646
222,2021-08-11,2021-08-12,mix,-0.0254782801447625,-0.01146538441214584,0.45000000000000001,0.00016018354330049611,ABSTAIN,0.050000000000000003,True,5,5,222,-0.01146538441214584,0.44983981645669951,0.44983981645669951,0.49985813571788418,0.45000000000000001,0.63140246437846181,,d9eb823fcfea0cf8110d380ead95cd410a0d9d0c09b1023cbc4d3002962dd0b3,9.4672414753586054,-0.01146538441214584,0.45000000000000001,0.00016018354330049611,ABSTAIN,0.050000000000000003,True,0,0,222,-0.01146538441214584,0.44983981645669951,0.44983981645669951,0.49985813571788418,0.45000000000000001,0.5,,eeac37c7c09d6e9dba3880d4ad969657554600e07cb304ff8575f9925e29ff64,5.3558301515877247
223,2021-08-12,2021-08-13,mix,0.076699081601859301,0.034507987540762786,0.45000000000000001,0.0063790111406280547,ABSTAIN,0.050000000000000003,True,5,5,223,0.034507987540762786,0.44362098885937196,0.44362098885937196,0.49982666111783258,0.45000000000000001,0.63140246437846181,,b0b340d596ab77fdc660eabf97cb6a41185550f731436bba5f1d3b356a5f3d10,9.5814750045537949,0.034507987540762786,0.45000000000000001,0.0063790111406280547,ABSTAIN,0.050000000000000003,True,0,0,223,0.034507987540762786,0.44362098885937196,0.44362098885937196,0.49982666111783258,0.45000000000000001,0.5,,22013ab142f7c74d95ee4240144ccb5b9a37859b8f442eff5bfbc8c7048533b6,5.2410838473588228
224,2021-08-13,2021-08-14,mix,-0.0152188600078227,-0.0068667110266072973,0.45000000000000001,0.018349690705311172,ABSTAIN,0.050000000000000003,True,5,5,224,-0.0068667110266072973,0.46834969070531118,0.46834969070531118,0.49982919964138761,0.45000000000000001,0.63140246437846181,,22a0d4fd0f60f43f19776159eef0451e32fa46e714d49056dc854d2ee7ff088d,9.6020301152020693,-0.0068667110266072973,0.45000000000000001,0.018349690705311172,ABSTAIN,0.050000000000000003,True,0,0,224,-0.0068667110266072973,0.46834969070531118,0.46834969070531118,0.49982919964138761,0.45000000000000001,0.5,,6b24234c66a5815874b60129c87ff87a2eeea4a7cc8aae92c810d25ee265261c,5.3338929694145918
225,2021-08-14,2021-08-15,mix,-0.0019158268109552999,-0.0008659114369191645,0.45000000000000001,0.0037926417093918641,ABSTAIN,0.050000000000000003,True,0,5,225,-0.0008659114369191645,0.44620735829060815,0.44620735829060815,0.49931860932880229,0.45000000000000001,0.63140246437846181,,8c334bd8b2b285b5a7c969c395d138f0fac242ab0d1414b152fcfe68df7a8da1,6.8756499737501144,-0.0008659114369191645,0.45000000000000001,0.0037926417093918641,ABSTAIN,0.050000000000000003,True,0,0,225,-0.0008659114369191645,0.44620735829060815,0.44620735829060815,0.49931860932880229,0.45000000000000001,0.97635930674626525,,fa3c20291e682060dec2af32891d70c2f77169e8b97b3549b27d2d2d6d80750a,5.7116311807185411
226,2021-08-15,2021-08-16,mix,-0.021174132232987801,-0.0095288295591895444,0.45000000000000001,0.00047457627839253558,ABSTAIN,0.050000000000000003,True,0,5,226,-0.0095288295591895444,0.44952542372160748,0.44952542372160748,0.49811530456995112,0.45000000000000001,0.63140246437846181,,dc642861b93574ac49bcfd78fd71c47905a00d632a8d3dd3eefc045b39b85beb,6.9232933726161718,-0.0095288295591895444,0.45000000000000001,0.00047457627839253558,ABSTAIN,0.050000000000000003,True,0,0,226,-0.0095288295591895444,0.44952542372160748,0.44952542372160748,0.49811530456995112,0.45000000000000001,0.5,,8007a5d41d948729539ac121002eff14663f725c6d5cce97f18fb1aaa4553186,5.373737720772624
227,2021-08-16,2021-08-17,mix,-0.028365325037013899,-0.012769619742473259,0.45000000000000001,0.0052910123959173938,ABSTAIN,0.050000000000000003,True,0,5,227,-0.012769619742473259,0.44470898760408262,0.44470898760408262,0.49784107306774178,0.45000000000000001,0.63140246437846181,,5d44a92db6feda09e79effc388df337e0508aa711e15b1b0d10411d5206cd5f2,6.8505335710942745,-0.012769619742473259,0.45000000000000001,0.0052910123959173938,ABSTAIN,0.050000000000000003,True,0,0,227,-0.012769619742473259,0.44470898760408262,0.44470898760408262,0.49784107306774178,0.45000000000000001,0.5,,c8ca062e8d51717ef37c18bd824ab832eb8a8f577c1c1ed49a48a3c30490d551,5.2631950341165066
228,2021-08-17,2021-08-18,mix,0.00072049333655539998,0.00030311490619472359,0.5,0.05711118796780873,ABSTAIN,0.050000000000000003,True,0,5,228,0.00030311490619472359,0.44288881203219127,0.44288881203219127,0.49912773682069628,0.5,0.63140246437846181,,7ea989252b9077151e68f53c92b996842acfcbb0728892c43b7ad9b1c898da49,6.8909839186817408,0.00030311490619472359,0.5,0.05711118796780873,ABSTAIN,0.050000000000000003,True,0,0,228,0.00030311490619472359,0.44288881203219127,0.44288881203219127,0.49912773682069628,0.5,0.5,,3e25cec174ba23785a22464ec8e7598d097e6bf4af13ea0c379ba240b55c090c,5.3672238830476999
229,2021-08-18,2021-08-19,mix,0.045436657886852097,0.022718144794329875,0.5,0.00018005846867541475,ABSTAIN,0.050000000000000003,True,0,5,229,0.022718144794329875,0.50018005846867541,0.50018005846867541,0.4996444717257692,0.5,0.63140246437846181,,a405cdec650a3d085bc5c9f38f84420c234d0c739e4b99a8a4e3e153cd588d32,6.862724868580699,0.022718144794329875,0.5,0.00018005846867541475,ABSTAIN,0.050000000000000003,True,0,0,229,0.022718144794329875,0.50018005846867541,0.50018005846867541,0.4996444717257692,0.5,0.98732253450508545,,65f3eef9ecb3db3bf09b0f300cf15041a28b7133ce6dcbb05ab458631d7d05af,5.7154025565832853
230,2021-08-19,2021-08-20,mix,0.054925688522731803,0.027451432400341869,0.5,0.011106835724209785,ABSTAIN,0.050000000000000003,True,5,5,230,0.027451432400341869,0.51110683572420978,0.51110683572420978,0.49961710662137399,0.5,0.63140246437846181,,b1f8e5aa0f763f2bf39cf0be6ab306cf148e8058d1f483fd4dc60cb63b9e63cd,9.5877388324588537,0.027451432400341869,0.5,0.011106835724209785,ABSTAIN,0.050000000000000003,True,0,0,230,0.027451432400341869,0.51110683572420978,0.51110683572420978,0.49961710662137399,0.5,0.94999999999999996,,c07489acdf27d9e0c0b7343ccabfd10f91eda157d6414e2e854665c679471a3e,5.3660125788301229
231,2021-08-20,2021-08-21,mix,-0.0090868542697266005,-0.0045567308124523365,0.5,0.013364397756450708,ABSTAIN,0.050000000000000003,True,5,5,231,-0.0045567308124523365,0.51336439775645071,0.51336439775645071,0.49485304050700202,0.5,0.63140246437846181,,211cc07288a8b7a7493cc116670169374b09ae4b524632ce06b85899009f8ad6,9.7175942752510309,-0.0045567308124523365,0.5,0.013364397756450708,ABSTAIN,0.050000000000000003,True,0,0,231,-0.0045567308124523365,0.51336439775645071,0.51336439775645071,0.49485304050700202,0.5,0.5,,6b3f2bfd83077ba73059eb9094de5a4ad67b6939d7b4fd07f524b2157e15d968,5.2498846221715212
232,2021-08-21,2021-08-22,bull,0.0077482107709744997,0.0038718144624199091,0.5,0.0022820820409002462,ABSTAIN,0,True,0,5,232,0.0038718144624199091,0.49771791795909975,0.49771791795909975,0.48213383249781638,0.5,0.5,,a16b84eeaf250a7cb226c5b392635cfe4efde7fc0bce5749614acb6c09cf8e5c,6.2466212306171656,0.0038718144624199091,0.5,0.0022820820409002462,ABSTAIN,0,True,0,0,232,0.0038718144624199091,0.49771791795909975,0.49771791795909975,0.48213383249781638,0.5,0.5,,cd37f47b0446f2b512f67a4243b18477695ca0dd6905e2dc52e4cf6f3508c2a6,5.362371202558279
233,2021-08-22,2021-08-23,bull,0.0057903338781225997,0.0028932317753058712,0.5,0.0019295773069072375,ABSTAIN,0,True,0,5,233,0.0028932317753058712,0.50192957730690724,0.50192957730690724,0.48415706859789648,0.5,0.5,,6abac5d94a7dc173f8e47b92dc9ed52b40e96c7847132e32eb4ccda481a7ede6,6.3495015818625689,0.0028932317753058712,0.5,0.0019295773069072375,ABSTAIN,0,True,0,0,233,0.0028932317753058712,0.50192957730690724,0.50192957730690724,0.48415706859789648,0.5,0.6268272803575089,,1f0b434453237fc4379f6e497fef40456c8c583d8e83740c614b62ae815c8141,5.7329274639487267
234,2021-08-23,2021-08-24,mix,-0.036839141133272899,-0.018420987384316412,0.5,0.0014434045723331623,ABSTAIN,0.050000000000000003,True,0,5,234,-0.018420987384316412,0.50144340457233316,0.50144340457233316,0.48733105747843097,0.5,0.56196909357699132,,db19e6d35b7e36a3f2ccd69aa4696b209c57527ee5a4284b7938b67c60714a65,6.7487645987421274,-0.018420987384316412,0.5,0.0014434045723331623,ABSTAIN,0.050000000000000003,True,0,0,234,-0.018420987384316412,0.50144340457233316,0.50144340457233316,0.48733105747843097,0.5,0.5,,6f26f67e44be08624a055a87d9bb120050ae7157e069aca8288ced583e55c61d,5.3847177289426327
235,2021-08-24,2021-08-25,mix,0.0268219228036643,0.013401452963115901,0.5,0.0093826089102395649,ABSTAIN,0.050000000000000003,True,0,5,235,0.013401452963115901,0.49061739108976044,0.49061739108976044,0.49078171620268118,0.5,0.68127053334551202,,55e0dba48f4d4fa59d88d35dedd2ee534ad7e55251b99ddfd569c124518cbebf,6.6595673561096191,0.013401452963115901,0.5,0.0093826089102395649,ABSTAIN,0.050000000000000003,True,0,0,235,0.013401452963115901,0.49061739108976044,0.49061739108976044,0.49078171620268118,0.5,0.68127053334551202,,0b15a036e5c85139984dbbfaf8336e8052a8ad56ea6febc3a747b74a604abbea,5.6606351472437382
236,2021-08-25,2021-08-26,mix,-0.044145771464144001,-0.022079356425247165,0.5,0.0066167438051396577,ABSTAIN,0.050000000000000003,True,0,5,236,-0.022079356425247165,0.50661674380513966,0.50661674380513966,0.49845443682825469,0.5,0.63140246437846181,,7c19716e44debfdc1683436fd13324c2f9e920113d6903e9a1d9e0b503f30851,6.8980151005089283,-0.022079356425247165,0.5,0.0066167438051396577,ABSTAIN,0.050000000000000003,True,0,0,236,-0.022079356425247165,0.50661674380513966,0.50661674380513966,0.49845443682825469,0.5,0.94648355979227961,,9e10e2b36d38a5e798544b13800891ea196ed206ff158d42e736415264251482,5.8275451082736254
237,2021-08-26,2021-08-27,mix,0.047675074095269103,0.023825982480512931,0.5,0.011285547465669621,ABSTAIN,0.050000000000000003,True,0,5,237,0.023825982480512931,0.48871445253433038,0.48871445253433038,0.49769388549221422,0.5,0.63140246437846181,,372d205da3992d9288dc5184208ad0c94141d82130c4f92f960090a44285a64d,6.8551767058670521,0.023825982480512931,0.5,0.011285547465669621,ABSTAIN,0.050000000000000003,True,0,0,237,0.023825982480512931,0.48871445253433038,0.48871445253433038,0.49769388549221422,0.5,0.92022232139822835,,812148675fb08a5dbc7365f4e64c8a5d755bc60297640c55c8b1f28e8794391e,5.737130856141448
238,2021-08-27,2021-08-28,mix,-0.0034077730651411002,-0.0017155079665033268,0.5,0.011641269334768278,ABSTAIN,0.050000000000000003,True,0,5,238,-0.0017155079665033268,0.51164126933476828,0.51164126933476828,0.49968880118710818,0.5,0.63140246437846181,,8baa85e2ff37570d2827e58543ff85bf8492788cec58fcb7dd2292c84073f78a,6.7987356446683407,-0.0017155079665033268,0.5,0.011641269334768278,ABSTAIN,0.050000000000000003,True,0,0,238,-0.0017155079665033268,0.51164126933476828,0.51164126933476828,0.49968880118710818,0.5,0.5,,c2faaaf1d8efa98159b03c41ec4951442a12bf425ff032b04ae4a6d9c1211292,5.3714821822941303
239,2021-08-28,2021-08-29,mix,-0.002447997938528,-0.0012248513220650681,0.5,0.00085339735855138876,ABSTAIN,0.050000000000000003,True,5,5,239,-0.0012248513220650681,0.49914660264144861,0.49914660264144861,0.49947935205281452,0.5,0.63140246437846181,,534fb4a18fac3a9df008bc78be5e01a694d7c595dd07e4faf7b2017a3d27fae4,9.6433447115123272,-0.0012248513220650681,0.5,0.00085339735855138876,ABSTAIN,0.050000000000000003,True,0,0,239,-0.0012248513220650681,0.49914660264144861,0.49914660264144861,0.49947935205281452,0.5,0.98181164367946006,,db80e38abe0a46bf2ead2809dea5e1a84bc104b121dbecb8ccdf6507c503b8b5,5.6608942523598671
240,2021-08-29,2021-08-30,mix,-0.036588666062561802,-0.018294934570927013,0.5,0.00061274948937545259,ABSTAIN,0.050000000000000003,True,0,5,240,-0.018294934570927013,0.49938725051062455,0.49938725051062455,0.49958843597521008,0.5,0.63140246437846181,,b1ae69cb222fd87b7d01f8f0d6b713e8829aa9d143e31c33c8ab7611f743a402,6.9053945764899254,-0.018294934570927013,0.5,0.00061274948937545259,ABSTAIN,0.050000000000000003,True,0,0,240,-0.018294934570927013,0.49938725051062455,0.49938725051062455,0.49958843597521008,0.5,0.98544248635305642,,aaef7742ffd13834234b0145d76c4e8e1050e10f1a6e6b5ce2928b6fab812232,5.9030714742839336
241,2021-08-30,2021-08-31,mix,0.0029302423567916002,0.0014557899006704123,0.5,0.0093176262737535431,ABSTAIN,0.050000000000000003,True,0,5,241,0.0014557899006704123,0.49068237372624646,0.49068237372624646,0.49986048015590417,0.5,0.63140246437846181,,e662458174f273c253737f3b83bbb613167d795ed14828f574e790ebac4934fe,6.8087747003883123,0.0014557899006704123,0.5,0.0093176262737535431,ABSTAIN,0.050000000000000003,True,0,0,241,0.0014557899006704123,0.49068237372624646,0.49068237372624646,0.49986048015590417,0.5,0.5,,d2164d90cbbb05c72bb547c3fe0a289ac3f914e58bc8a3ab39f928321df29fe5,5.2725957147777081
242,2021-08-31,2021-09-01,mix,0.035836742314939003,0.01791762656151108,0.5,0.0007314888693636945,ABSTAIN,0.050000000000000003,True,0,5,242,0.01791762656151108,0.50073148886936369,0.50073148886936369,0.49476327638138973,0.5,0.63140246437846181,,952dcc92f144dae69aa66dd2d84d66eccdf9e411936c2b02c990ceab27962764,6.6977857202291489,0.01791762656151108,0.5,0.0007314888693636945,ABSTAIN,0.050000000000000003,True,0,0,242,0.01791762656151108,0.50073148886936369,0.50073148886936369,0.49476327638138973,0.5,0.5,,6076be4eaa6acb7c3d4334497080b051eda5548a363371e68d55e5984e9ff9ff,5.3863288387656212
243,2021-09-01,2021-09-02,mix,0.0093180170178248003,0.0046501660253148724,0.5,0.0088014774392443096,ABSTAIN,0.050000000000000003,True,0,5,243,0.0046501660253148724,0.50880147743924431,0.50880147743924431,0.49480381134737411,0.5,0.63140246437846181,,7373e0fbf51ba923a0e9c086c96e06d0de5f29d3a9bf790bd5722e09900435b1,6.7754276096820831,0.0046501660253148724,0.5,0.0088014774392443096,ABSTAIN,0.050000000000000003,True,0,0,243,0.0046501660253148724,0.50880147743924431,0.50880147743924431,0.49480381134737411,0.5,0.5,,6a9f002d29ab5645d5793f62118be1b7cad3938ce89df5cde21baa9b7035733e,5.2674692962318659
244,2021-09-02,2021-09-03,mix,0.0147074641344473,0.0073513963147098238,0.5,0.0023187014048812182,ABSTAIN,0.050000000000000003,True,0,5,244,0.0073513963147098238,0.50231870140488122,0.50231870140488122,0.4945445408039153,0.5,0.63140246437846181,,b76f58ab6da6655afa73ef4ecd23c1d15ae0384c3783e0c41c5a5250350b5664,6.9503499381244183,0.0073513963147098238,0.5,0.0023187014048812182,ABSTAIN,0.050000000000000003,True,0,0,244,0.0073513963147098238,0.50231870140488122,0.50231870140488122,0.4945445408039153,0.5,0.5,,4a168ffd339089ef8c03d988e067b21e24819b23f854cf886cbd1747282a2848,5.4081894718110561
245,2021-09-03,2021-09-04,mix,-0.0016120322406446999,-0.00080966320307329642,0.5,0.0036500247297107657,ABSTAIN,0.050000000000000003,True,0,5,245,-0.00080966320307329642,0.50365002472971077,0.50365002472971077,0.49431131056534022,0.5,0.63140246437846181,,f2c1439c4b2eb54e74aec1546e136b3c87618e34c0955186fe09333c92799afc,6.8001043125987053,-0.00080966320307329642,0.5,0.0036500247297107657,ABSTAIN,0.050000000000000003,True,0,0,245,-0.00080966320307329642,0.50365002472971077,0.50365002472971077,0.49431131056534022,0.5,0.5,,ebafddf1e95a6cda39c54ff9b47b873e70fdf43c644b8a5cfdd4fc425f21f3fb,5.2733120527118444
246,2021-09-04,2021-09-05,mix,0.0370644892464502,0.018531833815403242,0.5,0.00040333315318447083,ABSTAIN,0.050000000000000003,True,0,5,246,0.018531833815403242,0.49959666684681553,0.49959666684681553,0.49314017544906741,0.5,0.63140246437846181,,4416c196f9e11651519ae0c805d1bafe6049fda270e91efd7df3cbd3ecd3061c,6.8511006757616997,0.018531833815403242,0.5,0.00040333315318447083,ABSTAIN,0.050000000000000003,True,0,0,246,0.018531833815403242,0.49959666684681553,0.49959666684681553,0.49314017544906741,0.5,0.5,,958ceaa6e063ea044cc8cbace9d926f5fcb8bc342aab28abf92fdb64209ead4f,5.4325216189026833
247,2021-09-05,2021-09-06,mix,0.0174526643563859,0.0087171552654126128,0.5,0.0090975247573437112,ABSTAIN,0.050000000000000003,True,5,5,247,0.0087171552654126128,0.50909752475734371,0.50909752475734371,0.49386921022075853,0.5,0.63140246437846181,,a411de5ed46ff7ddee0ea5ce5228a0bb54ed37bd9ad54f15593576c566aff279,10.540667416527867,0.0087171552654126128,0.5,0.0090975247573437112,ABSTAIN,0.050000000000000003,True,0,0,247,0.0087171552654126128,0.50909752475734371,0.50909752475734371,0.49386921022075853,0.5,0.5,,43cb4953afa253fc4776118f500e21092aab994c970d3a1e8987ac6c4fee815e,5.2533998358994722
248,2021-09-06,2021-09-07,mix,-0.1118713702320582,-0.055939768591668826,0.5,0.0043254210283921735,ABSTAIN,0.050000000000000003,True,0,5,248,-0.055939768591668826,0.50432542102839217,0.50432542102839217,0.4919899505522507,0.5,0.63140246437846181,,6e7001b3193bb9f7acc2907c0dcfd5848a6dac3e1a7f5b4bea79f9e97797c859,6.7991425842046738,-0.055939768591668826,0.5,0.0043254210283921735,ABSTAIN,0.050000000000000003,True,0,0,248,-0.055939768591668826,0.50432542102839217,0.50432542102839217,0.4919899505522507,0.5,0.5,,29e374c4ed0207dccfb3b27ddd4158183a0290cf04f0b4153a9d0650e58377b6,5.3368039894849062
249,2021-09-07,2021-09-08,mix,-0.015352846112407901,-0.0069290150502059333,0.45000000000000001,0.020375066489562277,ABSTAIN,0.050000000000000003,True,5,5,249,-0.0069290150502059333,0.47037506648956229,0.47037506648956229,0.48886662809080361,0.45000000000000001,0.63140246437846181,,5dc2d813bf3e0b3e4b405e1be22dbbd3bca18ca8ef572442fa2039a8983ab1ab,9.6573384832590818,-0.0069290150502059333,0.45000000000000001,0.020375066489562277,ABSTAIN,0.050000000000000003,True,0,0,249,-0.0069290150502059333,0.47037506648956229,0.47037506648956229,0.48886662809080361,0.45000000000000001,0.5,,6c67013907f1d79207cdd9ca588cbfcbe19472383a1a46a3442ddf269d27393c,5.2835479807108641
250,2021-09-08,2021-09-09,mix,0.0070384313112497,0.0031634557069248892,0.45000000000000001,0.0038262642335040731,ABSTAIN,0.050000000000000003,True,5,5,250,0.0031634557069248892,0.44617373576649594,0.44617373576649594,0.49458743733337618,0.45000000000000001,0.63140246437846181,,10a217a6fcde8d42ce4470c76c29e96320ad9dd8b8ee5ca4a514000f5d1f4581,10.519132968038321,0.0031634557069248892,0.45000000000000001,0.0038262642335040731,ABSTAIN,0.050000000000000003,True,0,0,250,0.0031634557069248892,0.44617373576649594,0.44617373576649594,0.49458743733337618,0.45000000000000001,0.5,,e08103c0511517bc881614a4cc48771201c0b3debab5f360012bcc306dc58524,5.3766405154019594
251,2021-09-09,2021-09-10,mix,-0.033260322168948898,-0.014968855497110911,0.45000000000000001,0.0017365117062697055,ABSTAIN,0.050000000000000003,True,0,5,251,-0.014968855497110911,0.45173651170626972,0.45173651170626972,0.49371340046180312,0.45000000000000001,0.90830163366461525,,9aad5204909f55eb392d921c6265266d45a0839356e420d6ea0608009097055e,7.7796909566968679,-0.014968855497110911,0.45000000000000001,0.0017365117062697055,ABSTAIN,0.050000000000000003,True,0,0,251,-0.014968855497110911,0.45173651170626972,0.45173651170626972,0.49371340046180312,0.45000000000000001,0.90830163366461525,,975c4f8575dbed3a9d3ddbeeadcab45f831a1640bae262adcb298c436cb22d77,5.7206107005476952
252,2021-09-10,2021-09-11,mix,0.0071159695647906003,0.0031938025331299524,0.45000000000000001,0.0083570103218684189,ABSTAIN,0.050000000000000003,True,0,5,252,0.0031938025331299524,0.44164298967813159,0.44164298967813159,0.49326500253838867,0.45000000000000001,0.87385309585362625,,5a2e858e3176cc1f702ac036b0134ab6518613334269a43dd00baa31181e4c8e,7.7636884618550539,0.0031938025331299524,0.45000000000000001,0.0083570103218684189,ABSTAIN,0.050000000000000003,True,0,0,252,0.0031938025331299524,0.44164298967813159,0.44164298967813159,0.49326500253838867,0.45000000000000001,0.87385309585362625,,6ddb5ec6bea8b071d528fe4f44370df12517c97a6b7f0059ba871147f06b23d9,5.8661399707198143
253,2021-09-11,2021-09-12,mix,0.0199371594197763,0.0089699504075466674,0.45000000000000001,0.0017555807705862958,ABSTAIN,0.050000000000000003,True,0,5,253,0.0089699504075466674,0.45175558077058631,0.45175558077058631,0.49280280860393372,0.45000000000000001,0.83808153154676635,,7765bb7f1bea891f72445b2b962f52c633ca13bd5b51997282c1228bdc8e47e5,7.7241965606808662,0.0089699504075466674,0.45000000000000001,0.0017555807705862958,ABSTAIN,0.050000000000000003,True,0,0,253,0.0089699504075466674,0.45175558077058631,0.45175558077058631,0.49280280860393372,0.45000000000000001,0.83808153154676635,,44715e8221dfb72d1a918dafea9c342320eb559bc18a17ee9d08eabc608d0279,5.7379678189754486
254,2021-09-12,2021-09-13,mix,-0.0241585852204514,-0.010876200752160448,0.45000000000000001,0.0048905701221144682,ABSTAIN,0.050000000000000003,True,0,5,254,-0.010876200752160448,0.45489057012211448,0.45489057012211448,0.49304971444509599,0.45000000000000001,0.85706619832678343,,4e5bbbd7a500c6836fd37365f3c5288265da5917ff453e0f4ab323b24e7bfc55,7.6139711122959852,-0.010876200752160448,0.45000000000000001,0.0048905701221144682,ABSTAIN,0.050000000000000003,True,0,0,254,-0.010876200752160448,0.45489057012211448,0.45489057012211448,0.49304971444509599,0.45000000000000001,0.85706619832678343,,faa492e1635292b08ed89e94d2dc6524583349b57dd1360de98e8b2fe487f65d,5.8555088602006435
255,2021-09-13,2021-09-14,mix,0.047342017152582197,0.021297733970372157,0.45000000000000001,0.0060449668733760786,ABSTAIN,0.050000000000000003,True,5,5,255,0.021297733970372157,0.44395503312662393,0.44395503312662393,0.49399436558842802,0.45000000000000001,0.63140246437846181,,7607d7f801ff875d12d8db5dc641f6d86efd7e534943fc00247777c279456d0b,10.559229942038655,0.021297733970372157,0.45000000000000001,0.0060449668733760786,ABSTAIN,0.050000000000000003,True,0,0,255,0.021297733970372157,0.44395503312662393,0.44395503312662393,0.49399436558842802,0.45000000000000001,0.93000000000000005,,92776609db77804797264658cdfb2e8f5ce27c7b70db881e8ded4dc320f0eb65,6.0906154755502939
256,2021-09-14,2021-09-15,mix,0.022369497105836099,0.010054685474779834,0.45000000000000001,0.011472735154257119,ABSTAIN,0.050000000000000003,True,0,5,256,0.010054685474779834,0.46147273515425713,0.46147273515425713,0.49380166207377441,0.45000000000000001,0.91547308451767084,,5e65e8d3b7f53a717007b97007c52208b83ed7f1c0771414b5806fd4672d3bc3,7.7287743482738733,0.010054685474779834,0.45000000000000001,0.011472735154257119,ABSTAIN,0.050000000000000003,True,0,0,256,0.010054685474779834,0.46147273515425713,0.46147273515425713,0.49380166207377441,0.45000000000000001,0.94999999999999996,,634d4bde9b424c3701f9bb654ccf69062bae3a9ade203de4677704c4618fe801,5.4062647894024849
257,2021-09-15,2021-09-16,mix,-0.0079492048717447004,-0.0035826038595109244,0.45000000000000001,0.0054812745241227812,ABSTAIN,0.050000000000000003,True,5,5,257,-0.0035826038595109244,0.45548127452412279,0.45548127452412279,0.49463472534092601,0.45000000000000001,0.63140246437846181,,ca8d42b9f319d73d5293f59d46813f86e12070cb55274a048c60d4bdeb0b28a1,9.6093603633344173,-0.0035826038595109244,0.45000000000000001,0.0054812745241227812,ABSTAIN,0.050000000000000003,True,0,0,257,-0.0035826038595109244,0.45548127452412279,0.45548127452412279,0.49463472534092601,0.45000000000000001,0.92000000000000004,,4faab38d41fcdf8eb72bb22b9c168fe3d127d0e8772588a1f4dc9e71f4cefc9c,5.2642643116414547
258,2021-09-16,2021-09-17,mix,-0.0097428164530450004,-0.004386233238414361,0.45000000000000001,0.0019744912416857496,ABSTAIN,0.050000000000000003,True,5,5,258,-0.004386233238414361,0.44802550875831426,0.44802550875831426,0.49469204421927138,0.45000000000000001,0.63140246437846181,,8c13021564e915099bea1bbe28fdd47d0b2b8883d2fbc101949246fb54f3811a,9.688004344701767,-0.004386233238414361,0.45000000000000001,0.0019744912416857496,ABSTAIN,0.050000000000000003,True,0,0,258,-0.004386233238414361,0.44802550875831426,0.44802550875831426,0.49469204421927138,0.45000000000000001,0.64000000000000001,,a1578f553fa4216f0aed822c94f89dbfd3ca3133194fa21e1f70352dc7adc45c,5.3443189356476068
259,2021-09-17,2021-09-18,mix,0.021654808936864799,0.0097422184547308888,0.45000000000000001,0.0024219656170367254,ABSTAIN,0.050000000000000003,True,0,5,259,0.0097422184547308888,0.44757803438296329,0.44757803438296329,0.49463745685197641,0.45000000000000001,0.63140246437846181,,af12a960d653b91c6829c48d4e3ce6fe8688bf3a831b8fffa6d8b37f92f4f4ab,6.7736331578344107,0.0097422184547308888,0.45000000000000001,0.0024219656170367254,ABSTAIN,0.050000000000000003,True,0,0,259,0.0097422184547308888,0.44757803438296329,0.44757803438296329,0.49463745685197641,0.45000000000000001,0.5,,0b79ede82240e0a1ec4f63663c5c2da8573663dbaaf66dd8c0fee91135e4eb18,5.2782330252230167
260,2021-09-18,2021-09-19,mix,-0.022108734399162,-0.0099541855143452374,0.45000000000000001,0.0053078420741815013,ABSTAIN,0.050000000000000003,True,5,5,260,-0.0099541855143452374,0.45530784207418151,0.45530784207418151,0.49457992854638022,0.45000000000000001,0.63140246437846181,,2758c9698b796d2139d6d546a1bb48482838da1b694f8237897ef51194e52eb8,10.57834423519671,-0.0099541855143452374,0.45000000000000001,0.0053078420741815013,ABSTAIN,0.050000000000000003,True,0,0,260,-0.0099541855143452374,0.45530784207418151,0.45530784207418151,0.49457992854638022,0.45000000000000001,0.5,,03e87c74e5d07f9780d6545b833504764fc6c528d1128c487fa2a0fa8f012cda,5.3517042864114046
261,2021-09-19,2021-09-20,mix,-0.092468675048212504,-0.041616200690946958,0.45000000000000001,0.005526898492664023,ABSTAIN,0.050000000000000003,True,0,5,261,-0.041616200690946958,0.44447310150733599,0.44447310150733599,0.49434289433437922,0.45000000000000001,0.63140246437846181,,6d57dd30ee924c84c3647750f2472053c262f6c2bd1d9bc843e9428ed8e7aa7d,6.8650307487696409,-0.041616200690946958,0.45000000000000001,0.005526898492664023,ABSTAIN,0.050000000000000003,True,0,0,261,-0.041616200690946958,0.44447310150733599,0.44447310150733599,0.49434289433437922,0.45000000000000001,0.5,,e8c72ffb783a0248c83460ca7a65d10dd3437c2e5f60bfe3f8e28d44c4e1e224,5.2587435226887465
262,2021-09-20,2021-09-21,mix,-0.051767411699392897,-0.023318658631183764,0.45000000000000001,0.023879650931442509,ABSTAIN,0.050000000000000003,True,5,5,262,-0.023318658631183764,0.4261203490685575,0.4261203490685575,0.49433145819661428,0.45000000000000001,0.63140246437846181,,0813f0708531f3c087b397cc570ff9834d373434830a388507ccf9d826dc63f9,10.531722601503134,-0.023318658631183764,0.45000000000000001,0.023879650931442509,ABSTAIN,0.050000000000000003,True,0,0,262,-0.023318658631183764,0.4261203490685575,0.4261203490685575,0.49433145819661428,0.45000000000000001,0.95935795400240764,,8483391a20441f37e415f21bad19d18280494e7c78172b4f8ebc480b19c3ea1e,6.6798241101205349
263,2021-09-21,2021-09-22,bear,0.071345811819056096,0.032092076133227732,0.45000000000000001,0.01311802314271987,CASH,0.05000000000000001,True,5,5,263,0.0067952956932357811,0.43688197685728014,0.43688197685728014,0.46261512287712753,0.10000000000000001,0.6125581811100923,,0af957cde5a7938fbf02de884e702437c6002a27239562df69c924fefe33d49d,10.093237608671188,0.032092076133227732,0.45000000000000001,0.01311802314271987,CASH,0.05000000000000001,True,0,0,263,0.0067952956932357811,0.43688197685728014,0.43688197685728014,0.46261512287712753,0.10000000000000001,0.6125581811100923,,50629c99ae4a5db31756f45bdd84e35e1fa30ab5fce98335c5e9ff1dc58700bd,6.0971937589347363
264,2021-09-22,2021-09-23,bear,0.0302537679442316,0.013596853852478885,0.45000000000000001,0.017108799877778025,CASH,0.05000000000000001,True,5,5,264,-0.00010637563557414076,0.46710879987777804,0.10637563557412522,0.4579965941708864,0,0.98793752786338518,,4af09706c7e8fcb87809fe4180df6c053e5c81d386202f0acbb7ce07a07246ce,10.010029353201389,0.013596853852478885,0.45000000000000001,0.017108799877778025,CASH,0.05000000000000001,True,0,0,264,-0.00010637563557414076,0.46710879987777804,0.10637563557412522,0.4579965941708864,0,0.98793752786338518,,6697e978cf531ad6fe6e133308789d8b3af072e3ef28a9f5a235333a75d43194,6.2208608090877533
265,2021-09-23,2021-09-24,bear,-0.045672755475916503,-0.020559975372502648,0.45000000000000001,0.0073872362866330699,CASH,0.05000000000000001,True,5,5,265,0,0.45738723628663308,0,0.45841147548043587,0,0.94999999999999996,,351763f0a491aa130a444b12ae0e24299903badde5b95150ce2549e68683b23c,9.6360210310667753,-0.020559975372502648,0.45000000000000001,0.0073872362866330699,CASH,0.05000000000000001,True,0,0,265,0,0.45738723628663308,0,0.45841147548043587,0,0.954239761372496,,bcc24796ff3316154ddc5145d82d5ff487d116c26c63905696471713e30702eb,6.0354202296584845
266,2021-09-24,2021-09-25,bear,-0.0031083678383181002,-0.0014102905942738886,0.45000000000000001,0.011541210478117792,CASH,0.05000000000000001,True,4,5,266,0,0.43845878952188222,0,0.46142017797419199,0,0.70981654950568174,,b1f8f4bf3fadb7cf2576576eab6e9c663f7737686d246b3e6dbb8ad224c9862a,9.4108549784868956,-0.0014102905942738886,0.45000000000000001,0.011541210478117792,CASH,0.05000000000000001,True,0,0,266,0,0.43845878952188222,0,0.46142017797419199,0,0.70981654950568174,,0c13a576e3dd2bd669335c7103337419962a5da7dc22cc175283e369d9a66cf2,6.1982970479875803
267,2021-09-25,2021-09-26,bear,0.0121021018207032,0.0054451712251200046,0.45000000000000001,0.00077039864705347183,CASH,0.05000000000000001,True,5,5,267,0,0.44922960135294654,0,0.45849659320143082,0,0.94732569905221276,,e4b84358e4f4abefd6ed4bd05c40b2112aa38e68ac31096ec56fe67ee70f5f53,10.145700089633465,0.0054451712251200046,0.45000000000000001,0.00077039864705347183,CASH,0.05000000000000001,True,0,0,267,0,0.44922960135294654,0,0.45849659320143082,0,0.94732569905221276,,b930798e6e7af43c8ca1de9110bf2e3bc8828c961e5ebaa34823c52f6f73b060,6.1315561644732952
268,2021-09-26,2021-09-27,bear,-0.023859233301082802,-0.010739602046968,0.45000000000000001,0.0029790464749284151,CASH,0.05000000000000001,True,2,5,268,0,0.45297904647492843,0,0.45818324164297991,0,0.96999999999999997,,55f6dc65d8b084536ab6b39abe20cea6fa62988a92a62812920d054abbc1f65d,7.7039277069270611,-0.010739602046968,0.45000000000000001,0.0029790464749284151,CASH,0.05000000000000001,True,0,0,268,0,0.45297904647492843,0,0.45818324164297991,0,0.97277776711745956,,3f722f1f12e2d95167161e3b5eed1773939c91c95ea4906c5ea16f76f9414646,6.2440068498253822
269,2021-09-27,2021-09-28,bear,-0.0272760038508413,-0.012280097715119731,0.45000000000000001,0.0059692500200049237,CASH,0.05000000000000001,True,2,5,269,0,0.44403074997999509,0,0.45822774747202871,0,0.96999999999999997,,061d3caeadebc98f547b38587b69c531e80b268b67731b3850e966f19ee70fbd,7.7021206151694059,-0.012280097715119731,0.45000000000000001,0.0059692500200049237,CASH,0.05000000000000001,True,0,0,269,0,0.44403074997999509,0,0.45822774747202871,0,0.96916295985861756,,52c2d6d77e10f677ccf866baedea9114ca3ded8267b2abd1efd6fdc76e9aa5db,6.1088481247425079
270,2021-09-28,2021-09-29,bear,0.0125419588857766,0.005637008222896922,0.45000000000000001,0.0068347014575572684,CASH,0.05000000000000001,True,3,5,270,0,0.44316529854244274,0,0.45794592398656925,0,0.99205333364966997,,30037ca5ef66d040a4f978cbc01681ffa26004b5563f71637dfbc844ce7a95c5,8.6947292517870665,0.005637008222896922,0.45000000000000001,0.0068347014575572684,CASH,0.05000000000000001,True,0,0,270,0,0.44316529854244274,0,0.45794592398656925,0,0.99205333364966997,,1ab332a1a9601ef934e2fdc5ca305a3505267978cf8bb15b427b4430a5a822c4,6.0868246089667082
271,2021-09-29,2021-09-30,bear,0.055047572273261201,0.024768244346945023,0.45000000000000001,0.0030867137774497344,CASH,0.05000000000000001,True,5,5,271,0,0.45308671377744975,0,0.45787804531346937,0,0.99756651862561119,,2a1bbaa659ced9b90d0cfc82344bcd83f40ee124ebd8f531a1ec9469e3151bed,10.049626991152763,0.024768244346945023,0.45000000000000001,0.0030867137774497344,CASH,0.05000000000000001,True,0,0,271,0,0.45308671377744975,0,0.45787804531346937,0,0.99760000000000004,,fc22e57f41d4d9ddef9a22e9210c0d01e70d43c0b2179f34ea1d59cfc8049d2f,5.7280451823025942
272,2021-09-30,2021-10-01,bear,0.098639308313157495,0.044373803669506051,0.45000000000000001,0.013294939766678504,CASH,0.05000000000000001,True,5,5,272,0,0.46329493976667852,0,0.45784076018572345,0,0.99418281793989682,,8814fa200529ccc9485fcd1fd19237e03a133ef33cc22298aea05ea743a53242,9.9688749052584171,0.044373803669506051,0.45000000000000001,0.013294939766678504,CASH,0.05000000000000001,True,0,0,272,0,0.46329493976667852,0,0.45784076018572345,0,0.99418281793989682,,0755f46c59351dfacc15650c2cac47cbb09f51351aaa7c9c49c536a0f0fbfc05,6.237115515395999
273,2021-10-01,2021-10-02,bear,-0.0099509824284467994,-0.0045012130562991359,0.45000000000000001,0.02337563825262845,CASH,0.025000000000000008,True,3,5,273,0,0.47337563825262846,0,0.46982346009400494,0,0.93999999999999995,,afb319343cc040af84a16cbc8308b7a25901769d21e6bd1aae4ca6b1b3e0d892,8.2577600292861462,-0.0045012130562991359,0.45000000000000001,0.02337563825262845,CASH,0.025000000000000008,True,0,0,273,0,0.47337563825262846,0,0.46982346009400494,0,0.94330666520855722,,f343805ca2b1d25de9a0078e67019300db8ab440c5670a9950bc812bd1ed6d07,6.1252993401139975
274,2021-10-02,2021-10-03,bear,0.0111859592295702,0.0050311952539088267,0.45000000000000001,0.0024739463394894967,CASH,0.025000000000000008,True,5,5,274,0,0.44752605366051051,0,0.46933776760081231,0,0.56751356998492641,,2fdf9d7d49d58bb348568ed6c7ba1264d91b20b100118e6d4bbe051548027b87,10.107089294120669,0.0050311952539088267,0.45000000000000001,0.0024739463394894967,CASH,0.025000000000000008,True,0,0,274,0,0.44752605366051051,0,0.46933776760081231,0,0.56751356998492641,,ae9fbbb995525d5d8c6404343735ff3cfe87fae3ab8a74658a84ed182b298944,6.2256339006125927
275,2021-10-03,2021-10-04,bear,0.021311159105479,0.009587240521394147,0.45000000000000001,0.0027546588336864186,CASH,0.025000000000000008,True,5,5,275,0,0.45275465883368643,0,0.46964784787215075,0,0.80742732285988794,,7225bb2a168015538348993e77f5c97c39ecb91a583b67fd7964bc531cc8d3f9,10.108522206544876,0.009587240521394147,0.45000000000000001,0.0027546588336864186,CASH,0.025000000000000008,True,0,0,275,0,0.45275465883368643,0,0.46964784787215075,0,0.80742732285988794,,1e383092fa988dc9949cca02eefb765d1c9d45a00cab43f03be6412dddf18eb0,6.1422651093453169
276,2021-10-04,2021-10-05,bear,0.0455438344170815,0.020489394005167361,0.45000000000000001,0.00522440967696991,CASH,0.025000000000000008,True,0,5,276,0,0.45522440967696992,0,0.46965326506050697,0,0.81163080118660302,,a49cdc856a9d6d5ab34803f5b165dc73692b4763045d9a34e41dead7a12775d0,7.0886124279350042,0.020489394005167361,0.45000000000000001,0.00522440967696991,CASH,0.025000000000000008,True,0,0,276,0,0.45522440967696992,0,0.46965326506050697,0,0.81163080118660302,,fdea95515d9ebb71c93bd6c76805041583a4efac933bfc23a6f46a6911f7c9cc,6.1235880386084318
277,2021-10-05,2021-10-06,bear,0.074877645509070195,0.033683522574184499,0.45000000000000001,0.011045720018632021,CASH,0.025000000000000008,True,5,5,277,0,0.46104572001863203,0,0.46928376171408642,0,0.52623142383955046,,edae5a78686b85953afa89743ae4eb943e1ee684f8953c6f91fd7a6bae8889b7,10.080754805356264,0.033683522574184499,0.45000000000000001,0.011045720018632021,ABSTAIN,0.025000000000000008,True,0,0,277,0.025848003416599763,0.46104572001863203,0,0.48131667868111427,0.35000000000000003,0.63041803601263835,,1dc19d42e9d6c6ccfbeea5daefe355e9ab48a684ebb90e508b798cee2379802e,6.4342252239584923
278,2021-10-06,2021-10-07,mix,-0.027823770136217601,-0.012538400218612966,0.45000000000000001,0.017928129990561648,ABSTAIN,0.050000000000000003,True,0,5,278,-0.010084911135834429,0.46792812999056166,0,0.48104651412499583,0.35000000000000003,0.63140246437846181,,6c55b18ddbe4c5247ca495ad0b7c5f91e8e3fe296fffbd68060772967c69838e,6.8349614944308996,-0.012538400218612966,0.45000000000000001,0.017928129990561648,ABSTAIN,0.050000000000000003,True,0,0,278,-0.01260305269582862,0.46792812999056166,0.3665996348036703,0.48104651412499583,0.45000000000000001,0.5,,4940c259b221cf4dbbcf0be77e7b55c4bde0d6eefa1f317e3a2b98b5434f0e09,5.2555096819996834
279,2021-10-07,2021-10-08,mix,0.0024319545440176001,0.0011589342946123349,0.5,0.056973698673717377,ABSTAIN,0.050000000000000003,True,5,5,279,0.0010593949461317198,0.44302630132628262,0.34360784343074025,0.48069012441735892,0.5,0.63140246437846181,,e85b608c0077c1b3f760581133cc116b1b37dee6810c85e5215d375c58db1864,9.706798292696476,0.0011589342946123349,0.5,0.056973698673717377,ABSTAIN,0.050000000000000003,True,0,0,279,0.0011589342946123349,0.44302630132628262,0.44302630132628262,0.48069012441735892,0.5,0.92694000355742523,,8d0ab6e5c18c2948b625f08185936c64cbc629a9423bae5ee9dc9cf3dca892c5,5.7142800446599722
280,2021-10-08,2021-10-09,mix,0.019063446518296601,0.0095311102207735754,0.5,0.00060725023352203866,ABSTAIN,0.050000000000000003,True,0,5,280,0.0095311102207735754,0.50060725023352204,0.50060725023352204,0.48057350138787708,0.5,0.63140246437846181,,0093b0236d632570c34249b6f0744d31a5a370657904e75dbead488fe533b822,6.8687521927058697,0.0095311102207735754,0.5,0.00060725023352203866,ABSTAIN,0.050000000000000003,True,0,0,280,0.0095311102207735754,0.50060725023352204,0.50060725023352204,0.48057350138787708,0.5,0.5,,f4c6d10d60b5eee70b54144e9b251d4bf9c4cff4731f9ae58e99c8027dcc39e9,5.3967237640172243
281,2021-10-09,2021-10-10,mix,-0.0046375756472676003,-0.0023234977406161317,0.5,0.0047208636635887036,ABSTAIN,0.050000000000000003,True,5,5,281,-0.0023234977406161317,0.5047208636635887,0.5047208636635887,0.4804065934475833,0.5,0.63140246437846181,,e6b5a94475eea6a23d67c6f47860dfd1f3d4a198673c51e2b4f31fe78d61b99c,10.5614652056247,-0.0023234977406161317,0.5,0.0047208636635887036,ABSTAIN,0.050000000000000003,True,0,0,281,-0.0023234977406161317,0.5047208636635887,0.5047208636635887,0.4804065934475833,0.5,0.92466289935628199,,264917d224aa54fd1c18eedada97bcc7b75925a23546dc9587736473cab627a0,5.6028582938015461
282,2021-10-10,2021-10-11,mix,0.051009642021880602,0.025503629283531337,0.5,0.0011620885485933985,ABSTAIN,0.050000000000000003,True,0,5,282,0.025503629283531337,0.4988379114514066,0.4988379114514066,0.47989228560319003,0.5,0.63140246437846181,,4aacfc367d082d41bda51ff747ff1711ab6d0c997acc14403163d85573883287,6.8398456629365683,0.025503629283531337,0.5,0.0011620885485933985,ABSTAIN,0.050000000000000003,True,0,0,282,0.025503629283531337,0.4988379114514066,0.4988379114514066,0.47989228560319003,0.5,0.9060762690415568,,85df2afa721e0c227f08576be446b451592a8583e130212ef0c7d1c5d56fa98f,5.8744344878941774
283,2021-10-11,2021-10-12,mix,-0.025425689794057901,-0.012725122061241767,0.5,0.012435251638211575,ABSTAIN,0.050000000000000003,True,0,5,283,-0.012725122061241767,0.51243525163821158,0.51243525163821158,0.47923216819476139,0.5,0.63140246437846181,,73db98e3e1981295eaba8399f8b40231d71e906dfcc3614fab903bc5d5c9705c,6.884677492082119,-0.012725122061241767,0.5,0.012435251638211575,ABSTAIN,0.050000000000000003,True,0,0,283,-0.012725122061241767,0.51243525163821158,0.51243525163821158,0.47923216819476139,0.5,0.5,,e54a9f55f1b854b533f0db5c75495d7a9c2359b03cb9e6be85c6ce45184318d2,5.2317776344716549
284,2021-10-12,2021-10-13,mix,0.024353799546200199,0.012170383103725424,0.5,0.0064382711915780266,ABSTAIN,0.050000000000000003,True,0,5,284,0.012170383103725424,0.49356172880842197,0.49356172880842197,0.47617072761492452,0.5,0.5319766123106191,,1bc5d5909837c027726c219913927782b58a7d452246dc1c30f21fb9be4b1bb7,6.8205222729593515,0.012170383103725424,0.5,0.0064382711915780266,ABSTAIN,0.050000000000000003,True,0,0,284,0.012170383103725424,0.49356172880842197,0.49356172880842197,0.47617072761492452,0.5,0.63853704090364316,,9a722f101bc3ec807a2dd24261bd99fd874cdfa4bf9324b1ef60d3809aaff692,5.8847477398812771
285,2021-10-13,2021-10-14,mix,-0.00059776821580990005,-0.00030489751341444826,0.5,0.0060152033581432063,ABSTAIN,0.050000000000000003,True,0,5,285,-0.00030489751341444826,0.50601520335814321,0.50601520335814321,0.47784576859773242,0.5,0.69999999999999996,,feb34a9f2c76049eaaa75772305d940e3dff781b07cbebf95e422f2d796aaabd,6.346188772469759,-0.00030489751341444826,0.5,0.0060152033581432063,ABSTAIN,0.050000000000000003,True,0,0,285,-0.00030489751341444826,0.50601520335814321,0.50601520335814321,0.47784576859773242,0.5,0.5,,8662b6cf55057d49c661f4fcdcd346e7a4711685949a0185a7c9ce3c5d47b43b,5.254661176353693
286,2021-10-14,2021-10-15,bull,0.075449291840030006,0.033900638281080919,0.45000000000000001,0.049850513266838592,ABSTAIN,0,True,0,5,286,0.033900638281080919,0.4998505132668386,0.4998505132668386,0.47372636036603027,0.45000000000000001,0.5,,b44150d7c1912c63021a024e41b6f3d9500fbfd6b7f60ddf71034cdd1639da39,6.2741622347384691,0.033900638281080919,0.45000000000000001,0.049850513266838592,BTC,0,True,0,0,286,0.037724490793947574,0.4998505132668386,0.4998505132668386,0.47372636036603027,0.5,0.72248316719527594,,26e56c9270b8a1fa2a6ba2b4446a57eb3fc98603917e401ffcdf223d657f7cb3,5.5217116810381413
287,2021-10-15,2021-10-16,bull,-0.013156593295228799,-0.0066100260339984063,0.5,0.031939493849296896,ABSTAIN,0,True,0,5,287,-0.0066100260339984063,0.4680605061507031,0.4680605061507031,0.47507684608081169,0.5,0.5,,19995486b28a93a32ba51545b957d5736b1dbb752acb8595c5cc79f30543e74f,6.3058699443936348,-0.0066100260339984063,0.5,0.031939493849296896,ABSTAIN,0,True,0,0,287,-0.0065963536929759536,0.4680605061507031,0.51817661653712077,0.47507684608081169,0.5,0.5,,2ca5ac8ba848500ea151483a61cde0d371a99d486649a3255dde2fe8368d7302,5.2763231080025434
288,2021-10-16,2021-10-17,bull,0.0109495227657732,0.0048803661228196127,0.45000000000000001,0.046689071405720595,BTC,0,True,0,5,288,0.0054714323277482713,0.49668907140572061,0.49668907140572061,0.47212866381499069,0.5,0.80000000000000004,,b2706d5cbdb5aa89f7bd75274b8a9db79c8f4596de4fc71d40057fd4b1a142be,6.0165842361748219,0.0048803661228196127,0.45000000000000001,0.046689071405720595,BTC,0,True,0,0,288,0.0054714323277482713,0.49668907140572061,0.49668907140572061,0.47212866381499069,0.5,0.88984089008399181,,7ca082ff7f3baa819d991cb320e7b3927f95222e76ee7c32f964a345fb54e962,6.1946162302047014
289,2021-10-17,2021-10-18,bull,0.0085945309008167992,0.0038648317563214629,0.45000000000000001,0.0026967193789243504,BTC,0,True,0,5,289,0.0042945312754210097,0.45269671937892436,0.50272247578614349,0.4714766387178187,0.5,0.80000000000000004,,659a246c4e3bf70a42b596036d9d31bbed532d8e6354f1b5ad033a2076983610,6.6695151552557945,0.0038648317563214629,0.45000000000000001,0.0026967193789243504,BTC,0,True,0,0,289,0.0042945312754210097,0.45269671937892436,0.50272247578614349,0.4714766387178187,0.5,0.95816254575818882,,dfa5b72149a6e9b96535d36ccb56efd66088a1d7cd3f406fb93f2857ce5766ec,6.0484993886202574
290,2021-10-18,2021-10-19,bull,0.035809418221840403,0.016112085103271223,0.45000000000000001,0.0021189512714712144,BTC,0,True,0,5,290,0.017902531365899366,0.45211895127147123,0.5021394389879581,0.47118917933583021,0.5,0.98828257449273638,,b52cc07ba9f6f33164f9e7e8718832fd4ae5cf5c6b40c32e7ea9bd1a08698595,7.040511567145586,0.016112085103271223,0.45000000000000001,0.0021189512714712144,BTC,0,True,0,0,290,0.017902531365899366,0.45211895127147123,0.5021394389879581,0.47118917933583021,0.5,0.98828257449273638,,0188eb9d759b65ae84d97b3e0a3968ba616144f6165fbf42403d55cc64c470ea,6.1709389667958021
291,2021-10-19,2021-10-20,bull,0.026456746812697898,0.011896709944174688,0.45000000000000001,0.008722278142275719,BTC,0,True,0,5,291,0.013219462179626884,0.45872227814227573,0.50879488470318557,0.47110193339723933,0.5,0.99742509791640277,,c293278a80a285502aa1b4a826a4aa2e0f67e9b88e060c59e674eeb478c3a41c,7.2186000794172287,0.011896709944174688,0.45000000000000001,0.008722278142275719,BTC,0,True,0,0,291,0.013219462179626884,0.45872227814227573,0.50879488470318557,0.47110193339723933,0.5,0.99742509791640277,,7980fa5aec6214b86103b05d066438a451a47274fb9fb045ce89efc8ec9dbca7,6.0395322162657976
292,2021-10-20,2021-10-21,bull,-0.057122634288736901,-0.025711490095636114,0.45000000000000001,0.0064710040638788491,BTC,0,True,4,5,292,-0.028567658534905727,0.45647100406387886,0.50652783407647617,0.47108716616644802,0.5,0.99897256943204082,,1e7d4c490d3ef61d5ddb755e16b8b3cebbda880525cf41a00ffb224fd979be4e,9.3912106323987246,-0.025711490095636114,0.45000000000000001,0.0064710040638788491,BTC,0,True,0,0,292,-0.028567658534905727,0.45647100406387886,0.50652783407647617,0.47108716616644802,0.5,0.99897256943204082,,42236396a16f60206f6e6085c7ad991aadf50ca903a0c9226cc6e495953a0419,6.0695235896855593
293,2021-10-21,2021-10-22,bull,-0.0244316848362485,-0.011008609496448885,0.45000000000000001,0.014510856236775782,ABSTAIN,0,True,0,5,293,-0.011029169559842567,0.43548914376322423,0.48529947507319254,0.47107766206743518,0.45000000000000001,0.5,,e47b7330d0fa59dd58b3fab41ab168f8482ff9c043634d451344c6541f53028f,6.4857139773666859,-0.011008609496448885,0.45000000000000001,0.014510856236775782,BTC,0,True,0,0,293,-0.012230363363755048,0.43548914376322423,0.48529947507319254,0.47107766206743518,0.5,0.99996851957060962,,6a4f3cddb14bee58c30c959f8d6138e27b9879e6c3b01a47df18ffa56dfc4a24,6.0172852408140898
294,2021-10-22,2021-10-23,bull,0.010252050162876,0.0046072803049761468,0.45000000000000001,0.0061140615683599187,BTC,0,True,0,5,294,0.0050696233777827171,0.44388593843164009,0.44388593843164009,0.4710790090031497,0.5,0.999827371806155,,1b31b6beea61f74764b6a074d4f0ea6549c826dab3d1d4f882ad9ca0e0c837c5,6.4774277694523335,0.0046072803049761468,0.45000000000000001,0.0061140615683599187,BTC,0,True,0,0,294,0.0051198099275309161,0.44388593843164009,0.49381654265035541,0.4710790090031497,0.5,0.999827371806155,,21236c08cded3710dab6690a6f2d21791fd5de9d2f4d1734437ea363e6377313,6.1108031067997217
295,2021-10-23,2021-10-24,bull,-0.0072742099898062997,-0.003275911957856481,0.45000000000000001,0.0025257301548016753,ABSTAIN,0,True,0,5,295,-0.0033257724202004901,0.45252573015480169,0.50254994147675291,0.47109636230738478,0.45000000000000001,0.5,,25222f8d18ba52ad23f52b84ee1356f9d84cced97cbf894c3fea7c9c17f80396,6.4393044151365757,-0.003275911957856481,0.45000000000000001,0.0025257301548016753,BTC,0,True,0,0,295,-0.003639645661974944,0.45252573015480169,0.50254994147675291,0.47109636230738478,0.5,0.99800889175535001,,5dc44c566602bbaebae599c60c03f219c0ff0df35ba6b0ca69169a3e19e1b86d,5.9345101211220026
296,2021-10-24,2021-10-25,bull,0.0361528919849178,0.016266965727570026,0.45000000000000001,0.0018062796383022661,BTC,0,True,0,5,296,0.018023703239404609,0.44819372036169774,0.44819372036169774,0.47109123941708142,0.5,0.99854572554712484,,08922f2e036e7d398643cbcb59224375bba4d9b5b7e482f5c40ebdc46553bf96,7.0766254290938377,0.016266965727570026,0.45000000000000001,0.0018062796383022661,BTC,0,True,0,0,296,0.018074587808585729,0.44819372036169774,0.49817480909157874,0.47109123941708142,0.5,0.99854572554712484,,53e3fda8e2f8dd8710249bc3241093223b2b79076e06f01adf58d58d56a63f3c,6.1702294088900089
297,2021-10-25,2021-10-26,bull,-0.043702728843927702,-0.019674859426957236,0.45000000000000001,0.0088046004698761893,ABSTAIN,0,True,0,5,297,-0.019723947821532639,0.4588046004698762,0.50887774491965454,0.4710901587907384,0.45000000000000001,0.5,,323352a8ef0c8625cdf785ff499e54e0d38b73c09ee99aa33fc0687d0173a5e2,6.4336498770862818,-0.019674859426957236,0.45000000000000001,0.0088046004698761893,BTC,0,True,0,0,297,-0.021860048176044033,0.4588046004698762,0.50887774491965454,0.4710901587907384,0.5,0.99865896588956982,,af474974a29af1ae2fb63cb5f42dd49d0e34077dc6969ba5d1f655a20978428c,6.0609483178704977
298,2021-10-26,2021-10-27,bull,-0.0310508234014472,-0.013983749773192611,0.45000000000000001,0.01103341096429028,BTC,0,True,2,5,298,-0.015585497542855209,0.43896658903570973,0.43896658903570973,0.47108136378763271,0.5,0.99958060968126239,,8b27310206ed4c18492f389a9d992ef28cc3374af7a1bf31571fbb8728ab2a4a,8.1949025373905897,-0.013983749773192611,0.45000000000000001,0.01103341096429028,BTC,0,True,0,0,298,-0.015536408042287064,0.43896658903570973,0.4888302433663107,0.47108136378763271,0.5,0.99958060968126239,,85b5e2c67914409357f25dc61781fbbde37686ee9f9e464ba30ffd7385168146,6.1212865971028805
299,2021-10-27,2021-10-28,bull,0.036695238209318803,0.016504934510154667,0.45000000000000001,0.0077939831087548983,ABSTAIN,0,True,0,5,299,0.016470046882960609,0.44220601689124511,0.49211487432725698,0.4711095351083916,0.45000000000000001,0.5,,112209c00105bd639ea003241e1164d604767f2a238357133871e69fdf9a55fe,6.4091012589633465,0.016504934510154667,0.45000000000000001,0.0077939831087548983,BTC,0,True,0,0,299,0.01833958930570434,0.44220601689124511,0.49211487432725698,0.4711095351083916,0.5,0.9966284885413198,,5d33b76b2c1e82498f89a025e6c1455e8ae7364305f426fff3704ece783aa7fb,5.3744384218007326
300,2021-10-28,2021-10-29,bull,0.027405603928527301,0.012323477045740994,0.45000000000000001,0.0089345367277252064,BTC,0,True,0,5,300,0.013661173789080383,0.45893453672772522,0.45893453672772522,0.47120565026788502,0.5,0.98655643562606865,,c5871f03c3073a8f6f6a927db4b5154fb1dcba3a52e9659f2404fd7b0cce17ca,7.1993271894752979,0.012323477045740994,0.45000000000000001,0.0089345367277252064,BTC,0,True,0,0,300,0.01369366999766064,0.45893453672772522,0.50900852457473744,0.47120565026788502,0.5,0.98655643562606865,,301734877501908d0652b0a7c3736dc662ba129b6c8ddf6bc68bee4dbc6cbd69,6.1535485293716192
301,2021-10-29,2021-10-30,bull,-0.0064698246222857003,-0.0029181018286825733,0.45000000000000001,0.0067002559203229728,ABSTAIN,0,True,0,5,301,-0.0029680146179675848,0.45670025592032298,0.50675878666691643,0.47110904887921062,0.45000000000000001,0.5,,456ae935f8f31ab8b82b9f831154d8a5bce61c31d6d00060a5b8ca232eab88d7,6.4045706707984209,-0.0029181018286825733,0.45000000000000001,0.0067002559203229728,BTC,0,True,0,0,301,-0.0032416492337274949,0.45670025592032298,0.50675878666691643,0.47110904887921062,0.5,0.99667944007767062,,97be26a20e13e5681639563c752fc396edb306ee78ae64a965916dd82128ac37,6.0301070064306259
302,2021-10-30,2021-10-31,bull,-0.0085785760372315001,-0.0038619589743941196,0.45000000000000001,0.0016059572116954302,BTC,0,True,0,5,302,-0.0043406726230134085,0.44839404278830458,0.44839404278830458,0.47109244084355678,0.5,0.99841982521806283,,bbe4950afb9cb1b18a7334521b9c7c46fafbf24f9177f7fe14498cc521c99f01,6.5461580771952868,-0.0038619589743941196,0.45000000000000001,0.0016059572116954302,BTC,0,True,0,0,302,-0.0042909037638300118,0.44839404278830458,0.49837729453454099,0.47109244084355678,0.5,0.99841982521806283,,e4f12579f59cda30a1be292652ca87636078cdc55557269bfef30528b0cca579,6.1474204808473587
303,2021-10-31,2021-11-01,bull,-0.0064312929785871999,-0.0028962070974818399,0.45000000000000001,0.0021314256378205387,ABSTAIN,0,True,0,5,303,-0.002941789487152513,0.44786857436217947,0.49784611736772399,0.47110460985278491,0.45000000000000001,0.5,,cc418625702d8ba06491db613044b66bc39e2981ee4ca8dbea1b6db11ed7916b,6.429405702278018,-0.0028962070974818399,0.45000000000000001,0.0021314256378205387,BTC,0,True,0,0,303,-0.003217793445800754,0.44786857436217947,0.49784611736772399,0.47110460985278491,0.5,0.99714461329467285,,1e6a82c71e2b7eb8d60e672aa585b3e867d1dc9d97c6e9e657441e24f616ace3,5.3646167945116758
304,2021-11-01,2021-11-02,bull,0.037862408951445603,0.017036460464125991,0.45000000000000001,0.0015963650232246884,ABSTAIN,0,True,0,5,304,0.017036460464125991,0.44840363497677532,0.44840363497677532,0.47123746904602432,0.45000000000000001,0.5,,bd02d701eca1a5e274e2dabfcd816c321982e11b29de5f5d21d4fa50635acff9,6.3615932837128639,0.017036460464125991,0.45000000000000001,0.0015963650232246884,BTC,0,True,0,0,304,0.018929560929383582,0.44840363497677532,0.49838698988503982,0.47123746904602432,0.5,0.98322207148646201,,d7ce190517f5e3df0022264af44040e0d3366081f8c414af3f82c05b56c8d7b1,6.0956818591803312
305,2021-11-02,2021-11-03,bull,-0.0047958216878064997,-0.0021673138327125141,0.45000000000000001,0.0092139580244307018,ABSTAIN,0,True,0,5,305,-0.0021673138327125141,0.45921395802443071,0.45921395802443071,0.47119819865574147,0.45000000000000001,0.5,,043b46d8cf0d3d2708d481c162145ed2bb2c708415d8878795f7e8ed398055f1,6.3906818721443415,-0.0021673138327125141,0.45000000000000001,0.0092139580244307018,BTC,0,True,0,0,305,-0.0024071783042834971,0.45921395802443071,0.50928973633968921,0.47119819865574147,0.5,0.98733728310491964,,a2f38500a001a2668372d034d6b09d25c9f1ff4ff16dc98d8904434c96190504,5.4110187347978354
306,2021-11-03,2021-11-04,bull,-0.023934137018523899,-0.010771538379657386,0.45000000000000001,0.0011895330224524492,BTC,0,True,0,5,306,-0.012017645453635817,0.44881046697754756,0.44881046697754756,0.4711782210638652,0.5,0.98943076463200075,,1dd022965278812b0f6864ccfb7583ac902c5b8cb9e6ad99f7da1243bffb6ba2,6.5290449410676956,-0.010771538379657386,0.45000000000000001,0.0011895330224524492,BTC,0,True,0,0,306,-0.011968255964113106,0.44881046697754756,0.49879816267930449,0.4711782210638652,0.5,0.98943076463200075,,fdc0c3082e82c094cecf1f56927cc81da5091b46f6335d4555912175a15ee861,6.0942797306925058
307,2021-11-04,2021-11-05,bull,-0.0071369718917615003,-0.0032176063133118049,0.45000000000000001,0.0059881939263516926,ABSTAIN,0,True,0,5,307,-0.0032554402122189074,0.44401180607364832,0.49394399309585457,0.4712732922706227,0.45000000000000001,0.5,,1764d270b1fb7887a5f1b82a4df1c450d4ccb181d21b0a0ce50910a8c7ef7228,6.3956685811281204,-0.0032176063133118049,0.45000000000000001,0.0059881939263516926,BTC,0,True,0,0,307,-0.0035745203420094462,0.44401180607364832,0.49394399309585457,0.4712732922706227,0.5,0.97946808286482956,,b573c88d6476e7e90653f348ea0487c95a878b081d070cd1f9875ca0c8812aba,5.357440497726202
308,2021-11-05,2021-11-06,bull,0.0083576195216671992,0.0037591500281792811,0.45000000000000001,0.0017720918596172419,BTC,0,True,0,5,308,0.0041268213232510398,0.44822790814038277,0.44822790814038277,0.47242400886857627,0.5,0.85888253950420645,,680f9a3af88390b68e6eaf0cf0e28fdae644022ae94062f235ba4aebebd1beca,6.4098721705377102,0.0037591500281792811,0.45000000000000001,0.0017720918596172419,BTC,0,True,0,0,308,0.0041770116452986006,0.44822790814038277,0.49820936717900366,0.47242400886857627,0.5,0.85888253950420645,,0c6c72f09c98c5e56b7b3173f1d7e61879818f839d22b2fac13191c8e0501849,6.1340549010783434
309,2021-11-06,2021-11-07,bull,0.0291019274964665,0.014502326946554955,0.5,0.047939239541713363,ABSTAIN,0,True,0,5,309,0.014548852761908426,0.45206076045828664,0.50208070998920451,0.47540708967404732,0.5,0.5,,306eef2e8151c0b7458ef57183ab7409dffc73ec38aebe73e477fea543655cf3,6.3118882086127996,0.014502326946554955,0.5,0.047939239541713363,ABSTAIN,0,True,0,0,309,0.014548852761908426,0.45206076045828664,0.50208070998920451,0.47540708967404732,0.5,0.5,,0cc64e2d35bcba6440bd9b3ee12cd3fd257f1316ff727058286cda47af4c03f6,5.272923881188035
310,2021-11-07,2021-11-08,bull,0.067243319446463806,0.030200592646358437,0.45000000000000001,0.057171134949433766,BTC,0,True,0,5,310,0.033614247482823378,0.50717113494943378,0.50717113494943378,0.47224688449332197,0.5,0.8774436596081433,,038c43505a5752d665955634f4c869bc46f26ee120af7ce8aa9b0027ffc7c71b,6.4989091213792562,0.030200592646358437,0.45000000000000001,0.057171134949433766,BTC,0,True,0,0,310,0.033614247482823378,0.50717113494943378,0.50717113494943378,0.47224688449332197,0.5,0.8774436596081433,,6b23ea412bda00824b12fa0c5762150acdd77ca330c13f00f4b2cf4866b4e446,5.4508322011679411
311,2021-11-08,2021-11-09,bull,-0.0092332206391728001,-0.0041710360812942104,0.45000000000000001,0.016153912353098543,BTC,0,True,0,5,311,-0.004632799241958141,0.46615391235309855,0.51626400695406993,0.47192031717778482,0.5,0.91166520103114124,,0c404960678db2595c5bc16bf3d4ac0dc74ad33a0bef8409cf3e0d2c0a2cb1de,6.4767850730568171,-0.0041710360812942104,0.45000000000000001,0.016153912353098543,BTC,0,True,0,0,311,-0.004632799241958141,0.46615391235309855,0.51626400695406993,0.47192031717778482,0.5,0.91166520103114124,,d0e0d4b840a3a8ef987260c74ed36c89f289bc27d27752cb68a2a1853034fc38,5.3384253215044737
312,2021-11-09,2021-11-10,bull,-0.029471903193212901,-0.013264620759770418,0.45000000000000001,0.0022947567059358742,ABSTAIN,0,True,0,5,312,-0.013309405063545721,0.44770524329406414,0.49768098886949047,0.47140754661482132,0.45000000000000001,0.5,,eb837147b3dcf108967c4846bc7ffb9d2fb56a1a0d5975b445b6ab3150b08ff0,6.4483065884560347,-0.013264620759770418,0.45000000000000001,0.0022947567059358742,BTC,0,True,0,0,312,-0.014738236434901131,0.44770524329406414,0.49768098886949047,0.47140754661482132,0.5,0.9653993274928736,,e684c65f2f6a2edd166caebcb5c21de34fa2f699b6b776c810c3076509dac0e9,5.4793964400887489
313,2021-11-10,2021-11-11,bull,-0.0019389336019195,-0.00087990600673504282,0.45000000000000001,0.0073923358330395539,ABSTAIN,0,True,0,5,313,-0.00087990600673504282,0.44260766416696046,0.44260766416696046,0.47124892548878061,0.45000000000000001,0.5,,c7bb415f4b3324788cb2daf4c6d7f56d569683820bf60813e556a1c4de3bdaa9,6.364719619974494,-0.00087990600673504282,0.45000000000000001,0.0073923358330395539,BTC,0,True,0,0,313,-0.00097693772492402076,0.44260766416696046,0.49252182619446744,0.47124892548878061,0.5,0.9820215197163944,,11a070f21b0daf1fdaec1551ae94250a73248cc8ba917a2fbc2ce00834c0df93,5.3388695232570171
314,2021-11-11,2021-11-12,bull,-0.0103723843368046,-0.0046680510148451315,0.45000000000000001,0.00048030514237595856,ABSTAIN,0,True,0,5,314,-0.0046680510148451315,0.44951969485762405,0.44951969485762405,0.47173529233531508,0.45000000000000001,0.5,,e3ede76a46ee01c6850e1a80aad4fda3982caf32626f10fecc55510c0205a690,6.37865349650383,-0.0046680510148451315,0.45000000000000001,0.00048030514237595856,BTC,0,True,0,0,314,-0.0051866748558316855,0.44951969485762405,0.49951479621055456,0.47173529233531508,0.5,0.93105430636062203,,caf23347ec67eac9eb7380b082d8b8e459ff73f45c39be49416844c114bca0bd,6.0472583901137114
315,2021-11-12,2021-11-13,bull,0.0041179084580063004,0.0018504748229415391,0.45000000000000001,0.0025792037449958727,ABSTAIN,0,True,0,5,315,0.0018504748229415391,0.44742079625500414,0.44742079625500414,0.47264612548721902,0.45000000000000001,0.5,,1b18404e09e263cbfda3f0e392d1f847880907bdb50e26058188ac8b72f5c2f1,6.4363030791282654,0.0018504748229415391,0.45000000000000001,0.0025792037449958727,BTC,0,True,0,0,315,0.002056342247615417,0.44742079625500414,0.49739338551215595,0.47264612548721902,0.5,0.8356066489198799,,06ba3efb54af6bdb8b459d0caac55bdf2a0d0ce1f905b8fb5432cb10cb7e2933,5.3377304170280695
316,2021-11-13,2021-11-14,bull,0.0172301882339056,0.0077525595203253861,0.45000000000000001,0.0010172972317628037,ABSTAIN,0,True,0,5,316,0.0077525595203253861,0.45101729723176281,0.45101729723176281,0.47454887829037151,0.45000000000000001,0.5,,866c953396b8b52d694399efc976173303e7a2b0c89906fddd8b9e1c16bf3e3d,6.3220287002623081,0.0077525595203253861,0.45000000000000001,0.0010172972317628037,ABSTAIN,0,True,0,0,316,0.0077021616984618291,0.45101729723176281,0.50102736182353036,0.47454887829037151,0.45000000000000001,0.5,,0d2b81a03d15aaaa488dc479ae6a9c7029daab3f57d23dad2de03ce83a41316b,5.3393679112195969
317,2021-11-14,2021-11-15,bull,-0.029161234776714898,-0.013126731780359724,0.45000000000000001,0.0042316610455312431,ABSTAIN,0,True,0,5,317,-0.013126731780359724,0.45423166104553125,0.45423166104553125,0.47469283127111128,0.45000000000000001,0.5,,2b473187ff45529b1a759a559c8ed5c644bfbe1426d5a567f05dafaace1ecbff,6.351715724915266,-0.013126731780359724,0.45000000000000001,0.0042316610455312431,ABSTAIN,0,True,0,0,317,-0.013126731780359724,0.45423166104553125,0.45423166104553125,0.47469283127111128,0.45000000000000001,0.5,,1fd7399f05a1bfeedb0a52fe29860476a3c70aa12a24b1def34b6428783454b0,5.2805761694908142
318,2021-11-15,2021-11-16,bull,-0.055171633025618699,-0.024834366666418028,0.45000000000000001,0.0073133757880008976,ABSTAIN,0,True,0,5,318,-0.024834366666418028,0.44268662421199911,0.44268662421199911,0.47396021679814571,0.45000000000000001,0.5,,2395f3dcf5d9a5456b793eff643cba8f7938049b88569ab64d55b2963481659a,6.3384964317083359,-0.024834366666418028,0.45000000000000001,0.0073133757880008976,ABSTAIN,0,True,0,0,318,-0.024834366666418028,0.44268662421199911,0.44268662421199911,0.47396021679814571,0.45000000000000001,0.5,,37aaab5ed0453e761d9eed2ee656f9822aa24c8c03869e03d877782aa3c05425,5.305792223662138
319,2021-11-16,2021-11-17,bull,0.0046381124030813996,0.0022549051502052109,0.5,0.064002625649519251,ABSTAIN,0,True,0,5,319,0.0022549051502052109,0.43599737435048075,0.43599737435048075,0.47537113947909088,0.5,0.5,,3f82cb296bb06ecfdeb1516ff328eabeef56aa0b90e9449936adf9d57f578dff,6.3145328443497419,0.0022549051502052109,0.5,0.064002625649519251,ABSTAIN,0,True,0,0,319,0.0022549051502052109,0.43599737435048075,0.43599737435048075,0.47537113947909088,0.5,0.62657038870583337,,f451485a6c088cf42864d99ae28458dd635e5825ca27ebb8f061227bc19ac460,5.7850617244839668
320,2021-11-17,2021-11-18,mix,-0.056528480415055697,-0.028265364355485545,0.5,0.0011568453114765287,ABSTAIN,0.050000000000000003,True,0,5,320,-0.028265364355485545,0.50115684531147653,0.50115684531147653,0.47989301974816412,0.5,0.92335115666566803,,ceae020c53d6a959b29072faef57cd5fe11a20c61521092cbc8b32b21a24d889,7.6020256206393242,-0.028265364355485545,0.5,0.0011568453114765287,ABSTAIN,0.050000000000000003,True,0,0,320,-0.028265364355485545,0.50115684531147653,0.50115684531147653,0.47989301974816412,0.5,0.92335115666566803,,10d5b9c0ede9da33654164648db836a0087e97219c38d296191c2561064625e4,5.7605301812291145
321,2021-11-18,2021-11-19,mix,0.019806760740440101,0.0098886931718527027,0.5,0.014543171805040944,ABSTAIN,0.050000000000000003,True,0,5,321,0.0098886931718527027,0.48545682819495906,0.48545682819495906,0.48031421045303591,0.5,0.63140246437846181,,37f9ab2ff8d27a7ba597138a5a0402f63f8085f75bc676ea2096c1cf2ee591b1,6.7644582707434893,0.0098886931718527027,0.5,0.014543171805040944,ABSTAIN,0.050000000000000003,True,0,0,321,0.0098886931718527027,0.48545682819495906,0.48545682819495906,0.48031421045303591,0.5,0.96732944114976838,,adf15931da15bc5e306e8cd0e7431c24c771407620c8fdc8d497105df0f6bae7,5.7813359145075083
322,2021-11-19,2021-11-20,mix,0.0281354052965219,0.01406273053985152,0.5,0.0049031325979865814,ABSTAIN,0.050000000000000003,True,5,5,322,0.01406273053985152,0.50490313259798658,0.50490313259798658,0.4805825227459411,0.5,0.63140246437846181,,a753e3c73e6ad972361fa687bb81e1771365e45c3cdb01ce41294421a1c35a44,10.604195956140757,0.01406273053985152,0.5,0.0049031325979865814,ABSTAIN,0.050000000000000003,True,0,0,322,0.01406273053985152,0.50490313259798658,0.50490313259798658,0.4805825227459411,0.5,0.5,,4dd0814d8fa4c14918c8837332854925255004a7c480aa78e9d1331029f57e60,5.3692801967263222
323,2021-11-20,2021-11-21,mix,-0.016800742159765202,-0.0084072490864935956,0.5,0.0069362738856206807,ABSTAIN,0.050000000000000003,True,5,5,323,-0.0084072490864935956,0.50693627388562068,0.50693627388562068,0.48057957992788908,0.5,0.63140246437846181,,e98f40626d8cbac4f1ea3369678e7d74fb76d63f04ca7816844b875916d89835,10.524118881672621,-0.0084072490864935956,0.5,0.0069362738856206807,ABSTAIN,0.050000000000000003,True,0,0,323,-0.0084072490864935956,0.50693627388562068,0.50693627388562068,0.48057957992788908,0.5,0.54000000000000004,,c38a378ef51a879d723f8803171fc44063e750ae0fb5f44fb9af236e9b45516f,5.2517022360116243
324,2021-11-21,2021-11-22,mix,-0.040969576406429002,-0.020488937201972424,0.5,0.00423576755924715,ABSTAIN,0.050000000000000003,True,0,5,324,-0.020488937201972424,0.49576423244075285,0.49576423244075285,0.48022737076544808,0.5,0.63140246437846181,,5247717b5d6b867c2f5803c26d957125298d80442294174cb00c4b2b7557d03b,6.9839861150830984,-0.020488937201972424,0.5,0.00423576755924715,ABSTAIN,0.050000000000000003,True,0,0,324,-0.020488937201972424,0.49576423244075285,0.49576423244075285,0.48022737076544808,0.5,0.5,,ceeef91c2d0eff98643d02dcfe01f54da9904abb7c2c5aa64ba6532783def1cd,5.3815993797034025
325,2021-11-22,2021-11-23,mix,0.022454749524052998,0.011216800766672419,0.5,0.010456595240434241,ABSTAIN,0.050000000000000003,True,5,5,325,0.011216800766672419,0.48954340475956576,0.48954340475956576,0.48049570640967793,0.5,0.63140246437846181,,58e8d0ddbb6c88ef34d3b586ad5fbbe8221520f2e85ecdb22b0744f771a9c2f9,10.540877286344767,0.011216800766672419,0.5,0.010456595240434241,ABSTAIN,0.050000000000000003,True,0,0,325,0.011216800766672419,0.48954340475956576,0.48954340475956576,0.48049570640967793,0.5,0.98519494018849041,,9ac6377b4a3106d3dc355dd64412fc4d0ebf809fcbf5e34af391efb48e912bb1,5.7440697252750397
326,2021-11-23,2021-11-24,mix,-0.0069737308330958996,-0.003492397419882054,0.5,0.005551360179835263,ABSTAIN,0.050000000000000003,True,5,5,326,-0.003492397419882054,0.50555136017983526,0.50555136017983526,0.48061641626316443,0.5,0.63140246437846181,,d9b4af639ecd1cc3e48e59541617e086f51d7cdaac183b7df6de6f56d7c5e312,10.587889658287168,-0.003492397419882054,0.5,0.005551360179835263,ABSTAIN,0.050000000000000003,True,0,0,326,-0.003492397419882054,0.50555136017983526,0.50555136017983526,0.48061641626316443,0.5,0.98503296067475921,,e4ded4b77c4fb99a86ddc706d50bc910a88b7e0b6b095b49859aa93131003121,6.732126047834754
327,2021-11-24,2021-11-25,mix,0.030843931525562401,0.015420189248446903,0.5,0.0017495330947170373,ABSTAIN,0.050000000000000003,True,5,5,327,0.015420189248446903,0.49825046690528296,0.49825046690528296,0.48059643306082928,0.5,0.63140246437846181,,9ea7e3915b0765c6cb67ce4ec7bff3680fdf54c94deba1ca7f986dd4b8d50ed4,10.563868995755911,0.015420189248446903,0.5,0.0017495330947170373,ABSTAIN,0.050000000000000003,True,0,0,327,0.015420189248446903,0.49825046690528296,0.49825046690528296,0.48059643306082928,0.5,0.5,,af01cc21976722960841f54c29701f745cec09c8cb919768a42a0a891145e7d9,5.2525039035826921
328,2021-11-25,2021-11-26,mix,-0.088303913966379904,-0.044159215569418597,0.5,0.0075938704709801463,ABSTAIN,0.050000000000000003,True,5,5,328,-0.044159215569418597,0.50759387047098015,0.50759387047098015,0.48061385503452803,0.5,0.63140246437846181,,b5204b3238cdfeffacbab3b04150a925ffe80e5262b975322d77558957dd2415,10.555147470906377,-0.044159215569418597,0.5,0.0075938704709801463,ABSTAIN,0.050000000000000003,True,0,0,328,-0.044159215569418597,0.50759387047098015,0.50759387047098015,0.48061385503452803,0.5,0.52000000000000002,,ad01cc5023c0305ad7dd457e084888cc2cfa724142ea700c1f1c1b5411b939d0,5.3332677353173494
329,2021-11-26,2021-11-27,mix,0.019262658916936001,0.0096080113173928616,0.5,0.023095698791117114,ABSTAIN,0.050000000000000003,True,5,5,329,0.0096080113173928616,0.47690430120888289,0.47690430120888289,0.48060398336329002,0.5,0.63140246437846181,,6782547f5fc61cdeff69d5467794d30e3a050d5f8f24b9dd2eef821c80eebf53,10.549049714580178,0.0096080113173928616,0.5,0.023095698791117114,ABSTAIN,0.050000000000000003,True,0,0,329,0.0096080113173928616,0.47690430120888289,0.47690430120888289,0.48060398336329002,0.5,0.5,,6b9c8ad7158287b4b4b4cf7812c98a1f6c4434063e1279598b5884f3af398ce5,5.2771847937256098
330,2021-11-27,2021-11-28,mix,0.046116287689967603,0.023053264138029661,0.5,0.0047697259274006587,ABSTAIN,0.050000000000000003,True,0,5,330,0.023053264138029661,0.50476972592740066,0.50476972592740066,0.48072010773787027,0.5,0.91940949759057955,,5d2a4ffd93d928ca93507f44b4642c4862c50f9c9d56821bf09e345102fa7c98,7.8078180439770222,0.023053264138029661,0.5,0.0047697259274006587,ABSTAIN,0.050000000000000003,True,0,0,330,0.023053264138029661,0.50476972592740066,0.50476972592740066,0.48072010773787027,0.5,0.91940949759057955,,e53b82610bd1b53f171e8639ea0fc38fe2fa1554583fa3b77a2153251a3a5ca4,6.6995378714054823
331,2021-11-28,2021-11-29,mix,0.0087848982833404997,0.0043811304176522015,0.5,0.011269224522432286,ABSTAIN,0.050000000000000003,True,0,5,331,0.0043811304176522015,0.51126922452243229,0.51126922452243229,0.48077037960620439,0.5,0.88489245103725422,,88ccb3f3e8cc6e3ba3ab3cef05f2bbcf34c02a77a6e524d1ff1e0dd73c63fe7a,7.7493877653032541,0.0043811304176522015,0.5,0.011269224522432286,ABSTAIN,0.050000000000000003,True,0,0,331,0.0043811304176522015,0.51126922452243229,0.51126922452243229,0.48077037960620439,0.5,0.5,,2b9d2291fee1f5aaeaa08706aa78ff0dad255cdd6c7819e4b9fcc34f1871dbe1,5.3172492664307356
332,2021-11-29,2021-11-30,mix,-0.015778236104286102,-0.007891287421594062,0.5,0.0021866199538954634,ABSTAIN,0.050000000000000003,True,0,5,332,-0.007891287421594062,0.50218661995389546,0.50218661995389546,0.48066511465241862,0.5,0.63140246437846181,,471e6616b9e8f0443ed8e5e105699d74fb74fd6eefdc79e4ee571b159080c0b0,6.8773738201707602,-0.007891287421594062,0.5,0.0021866199538954634,ABSTAIN,0.050000000000000003,True,0,0,332,-0.007891287421594062,0.50218661995389546,0.50218661995389546,0.48066511465241862,0.5,0.95999999999999996,,8ace0c70b80eb7e43d68c1949e5aff9356a478fcc38f4e4f3c93f37b6177c42f,5.4454331267625093
333,2021-11-30,2021-12-01,mix,0.0057556840456447003,0.0028738546551643207,0.5,0.0039759255722777165,ABSTAIN,0.050000000000000003,True,0,5,333,0.0028738546551643207,0.49602407442772228,0.49602407442772228,0.48065748973997319,0.5,0.63140246437846181,,8974a5a372e05d4fe1162ebebf9407b20100f4b9f007336afdf81cae3c46864d,6.8776828665286303,0.0028738546551643207,0.5,0.0039759255722777165,ABSTAIN,0.050000000000000003,True,0,0,333,0.0028738546551643207,0.49602407442772228,0.49602407442772228,0.48065748973997319,0.5,0.96798300000000004,,d7dc3a270a625418f5e3a143f81f989c4e2b0ba02ef64d4e03d4b3b5e77b14d7,5.3725782074034214
334,2021-12-01,2021-12-02,mix,-0.012485513972134399,-0.0062441828209169881,0.5,0.0014347919069672699,ABSTAIN,0.050000000000000003,True,0,5,334,-0.0062441828209169881,0.50143479190696727,0.50143479190696727,0.48073670910103861,0.5,0.90941658789806401,,0f75507723cf2846d99952deb5d64311ab574dcb986605172dbcf0952daecaac,7.6911445427685976,-0.0062441828209169881,0.5,0.0014347919069672699,ABSTAIN,0.050000000000000003,True,0,0,334,-0.0062441828209169881,0.50143479190696727,0.50143479190696727,0.48073670910103861,0.5,0.94999999999999996,,a6536bbd3b84104c9ad05d830dc4d30ef6e8bb00f412288d877ea573d15ec66e,6.0697171799838543
335,2021-12-02,2021-12-03,mix,-0.050702704616255999,-0.025354413666773268,0.5,0.003140986911015442,ABSTAIN,0.050000000000000003,True,0,5,335,-0.025354413666773268,0.49685901308898456,0.49685901308898456,0.48072928415907062,0.5,0.91439818676321638,,645169d291b8868405352acb5d79afe630aa751ace0206b07593764a8a2130cf,7.7274038847535849,-0.025354413666773268,0.5,0.003140986911015442,ABSTAIN,0.050000000000000003,True,0,0,335,-0.025354413666773268,0.49685901308898456,0.49685901308898456,0.48072928415907062,0.5,0.91439818676321638,,2198211239b27f3af17cdea4d73c57354146061cad4197968174f70beae012f6,5.7003047335892916
336,2021-12-03,2021-12-04,mix,-0.082718178682304203,-0.041371556830601008,0.5,0.013005380127579402,ABSTAIN,0.050000000000000003,True,0,5,336,-0.041371556830601008,0.4869946198724206,0.4869946198724206,0.48086932159508661,0.5,0.80990151455942916,,26f9b42f31af3f05ed710e26cc371346906920af9846b65adb00369b635db6da,7.5782123450189829,-0.041371556830601008,0.5,0.013005380127579402,ABSTAIN,0.050000000000000003,True,0,0,336,-0.041371556830601008,0.4869946198724206,0.4869946198724206,0.48086932159508661,0.5,0.5,,6aff154f32bf25a7c399db22572e78712da52b8ef95c6ea9bc8ccfdc0b83c531,5.3803755342960358
337,2021-12-04,2021-12-05,bear,0.0042748072982730003,0.0018951803296627379,0.45000000000000001,0.028428268144363222,CASH,0,True,2,5,337,0.00031258223146291009,0.47842826814436323,0.47842826814436323,0.48129981555520163,0.15000000000000002,0.51307001621785897,,96b87e5ec92d5e50468afa42a8606f326dead73b0454a540cd196bbf0912d033,8.1918006669729948,0.0018951803296627379,0.45000000000000001,0.028428268144363222,CASH,0,True,0,0,337,0.00031258223146291009,0.47842826814436323,0.47842826814436323,0.48129981555520163,0.15000000000000002,0.51307001621785897,,f88fba05fc09b05cd1e3fe62139d1d84389f2804aee6d2a35b8c8f48959891d1,6.0538685321807861
338,2021-12-05,2021-12-06,bear,0.023410349050206801,0.010533589964719869,0.45000000000000001,0.0010559834497315679,CASH,0,True,5,5,338,-0.00015054468866471105,0.45105598344973158,0.150544688664668,0.48190567426616621,0,0.97006098651812245,,fbdb9d07e32e83597d52d8c60a56cda61e09518ab4b19ffc4aee4e64b3b96c99,10.052203411236405,0.010533589964719869,0.45000000000000001,0.0010559834497315679,CASH,0,True,0,0,338,-0.00015054468866471105,0.45105598344973158,0.150544688664668,0.48190567426616621,0,0.97006098651812245,,2f3882d5827b9219e2c13ab7333caeb351a6396f992cb987c53b6e515099e58f,6.2702051643282175
339,2021-12-06,2021-12-07,bear,0.00065464053114869995,0.00028885289069235931,0.45000000000000001,0.0057336592558943078,CASH,0,True,5,5,339,0,0.45573365925589432,0,0.481931938123843,0,0.98987859595204197,,0b7af117a863fb2ecdd75ed5add50ef3c38f8cf8ee32ed674192ff45af634fdf,9.9058263525366783,0.00028885289069235931,0.45000000000000001,0.0057336592558943078,CASH,0,True,0,0,339,0,0.45573365925589432,0,0.481931938123843,0,0.98987859595204197,,0e1403bcd859674b8e09cf95b21160e98de688a533ca908630038a5152efd89c,6.0829282999038696
340,2021-12-07,2021-12-08,bear,-0.0023974606286761,-0.0010790190839707892,0.45000000000000001,0.00016197581528915039,CASH,0,True,5,5,340,0,0.45016197581528916,0,0.48190018671888801,0,0.96592011765928643,,fea4efada4bd09e190122e31f9b43d196c36cad4d9913b875e1d3154d75ba558,10.012225119397044,-0.0010790190839707892,0.45000000000000001,0.00016197581528915039,CASH,0,True,0,0,340,0,0.45016197581528916,0,0.48190018671888801,0,0.96592011765928643,,a3b451bff986c50019d07c74e1c06b0f384dbc83e8336e8268c669c116e31c97,6.245884083211422
341,2021-12-08,2021-12-09,bear,-0.057005699975630902,-0.025653143763453401,0.45000000000000001,0.00059401236015821368,CASH,0,True,5,5,341,0,0.4494059876398418,0,0.48192460649856322,0,0.98434638639445959,,df88f6ea2facc05f3897e36fece67c273b32c05a06b53dfc992dc05d23691eb0,10.097751263529062,-0.025653143763453401,0.45000000000000001,0.00059401236015821368,CASH,0,True,0,0,341,0,0.4494059876398418,0,0.48192460649856322,0,0.98434638639445959,,802b414cb42f09fb89274883b527276d318c391d5f9b70603b8238323b740e76,6.143022358417511
342,2021-12-09,2021-12-10,bear,-0.0096519499291965998,-0.0043577949437885177,0.45000000000000001,0.014480369360042322,CASH,0,True,5,5,342,0,0.43551963063995769,0,0.48192383848863701,0,0.98376685187666724,,8a209267bc9144f75f0c2db21d75e9a7db1240a2217596c1a844f86923e6572d,10.054984087124467,-0.0043577949437885177,0.45000000000000001,0.014480369360042322,CASH,0,True,0,0,342,0,0.43551963063995769,0,0.48192383848863701,0,0.98376685187666724,,ec261db324f5bb22c5f74e50f42e4b6525499074434c1577913803fda02aaab3,6.2475001905113459
343,2021-12-10,2021-12-11,bear,0.046190694398479303,0.020783363329780924,0.45000000000000001,0.0023992785800002747,CASH,0,True,5,5,343,0,0.44760072141999974,0,0.4819444142198237,0,0.9992926609188304,,f621da72c8f4296821e7499d6dc8b0e9586daef5a633f2fa8bcb551aa218b2a7,10.154218185693026,0.020783363329780924,0.45000000000000001,0.0023992785800002747,CASH,0,True,0,0,343,0,0.44760072141999974,0,0.4819444142198237,0,0.9992926609188304,,7e8c3a013812ba69a3f88d28789d94d3fcc0186be73b7c02f1211ce64ac06379,6.1294328235089779
344,2021-12-11,2021-12-12,bear,0.015543095844021399,0.0069831153886790176,0.45000000000000001,0.01119940806765013,CASH,0,True,5,5,344,0,0.46119940806765014,0,0.48194510166879878,0,0.99981138911780076,,fa3c258ef6e50aee28cbe0be50fcd56bc3d3df17e502e80f61022241bc068cad,10.008276117965579,0.0069831153886790176,0.45000000000000001,0.01119940806765013,CASH,0,True,0,0,344,0,0.46119940806765014,0,0.48194510166879878,0,0.99981138911780076,,0e2bb1eb5a6cf3ae8f7d5d247542f31434d4f432a46cfaf71f5624682631be3d,6.2111597321927547
345,2021-12-12,2021-12-13,bear,-0.067438749226253397,-0.030351141414914795,0.45000000000000001,0.0038201962668718004,CASH,0,True,5,5,345,0,0.45382019626687181,0,0.48194301937227307,0,0.99824015101476515,,a2117e8b4e7b7be042b5c161467f40e484e80d387bd3a6908f7048a314eb243f,10.009785683825612,-0.030351141414914795,0.45000000000000001,0.0038201962668718004,CASH,0,True,0,0,345,0,0.45382019626687181,0,0.48194301937227307,0,0.99824015101476515,,ddfba4a785d1926fc4399ce2b9954a8bd0afd35d30c6f6a4baea0ab5755b3a6b,6.0904036555439234
346,2021-12-13,2021-12-14,bear,0.0356053923038053,0.01600493725977592,0.45000000000000001,0.017213475293120006,CASH,0,True,5,5,346,0,0.43278652470688,0,0.48193877987820571,0,0.99504115702462315,,497ea50718090a21a45ed989333a9c0019248cd8b3f4484a166269cb3b863f4a,10.041447717696428,0.01600493725977592,0.45000000000000001,0.017213475293120006,CASH,0,True,0,0,346,0,0.43278652470688,0,0.48193877987820571,0,0.99504115702462315,,d9294522cbf4b9716be35ed1b866a3cc35c56e499be99087e94229eb124380e2,6.294105114415288
347,2021-12-14,2021-12-15,bear,0.0104411110996247,0.0046897858767978029,0.45000000000000001,0.0086733662220726537,CASH,0,True,5,5,347,0,0.45867336622207266,0,0.48194490627131592,0,0.99966394806856718,,8dc2bb5aa98aee813061628c5f3c556e18dfbd529412cb08620b6a205d8c856d,10.154295768588781,0.0046897858767978029,0.45000000000000001,0.0086733662220726537,CASH,0,True,0,0,347,0,0.45867336622207266,0,0.48194490627131592,0,0.99966394806856718,,82cc4ebd2c28794fdce801b2e92e07946eaeb47bf84911e26d50271f01c26d53,6.1425846684724092
348,2021-12-15,2021-12-16,bear,-0.0254401849748832,-0.01145062588322876,0.45000000000000001,0.0025720900321543061,CASH,0,True,5,5,348,0,0.45257209003215432,0,0.4819445935091311,0,0.99942794714884764,,70ecf2d5f987cbe6b2acb280e910fd660b842a1e949a439d26c08a94c590c03a,10.000501811504364,-0.01145062588322876,0.45000000000000001,0.0025720900321543061,CASH,0,True,0,0,348,0,0.45257209003215432,0,0.4819445935091311,0,0.99942794714884764,,5ee12deec8a3b1728ac04d49ee81eba1bfbda47a7fd2e208e5f09060a1325e78,6.2462381925433874
349,2021-12-16,2021-12-17,bear,-0.030570124422085999,-0.013762837732219646,0.45000000000000001,0.0063693627765267768,CASH,0,True,3,5,349,0,0.44363063722347323,0,0.48194335406134708,0,0.99850000000000005,,a6c6706f8f073ec3956def9244162b6fb1a0c7c7f4a10e0084c0a1aa1ef512c0,8.4621138423681259,-0.013762837732219646,0.45000000000000001,0.0063693627765267768,CASH,0,True,0,0,349,0,0.44363063722347323,0,0.48194335406134708,0,0.99849269731299395,,97b2131d362a6cad02403fa7e53f82b17615ff2eb548827f1c79b0826997779e,6.0385651662945747
350,2021-12-17,2021-12-18,bear,0.0148141089226849,0.0066586262322150258,0.45000000000000001,0.0076716411555574071,CASH,0,True,2,5,350,0,0.4423283588444426,0,0.48194420572930852,0,0.99913534018714123,,13cef5385a1252182945f14d7fb262117f693820de8af7df2d4df1bdb2ad1771,8.2356172557920218,0.0066586262322150258,0.45000000000000001,0.0076716411555574071,CASH,0,True,0,0,350,0,0.4423283588444426,0,0.48194420572930852,0,0.99913534018714123,,79639ed4c4fefa32ad4a37be97f34911bc58d9282d735a3cb04534ddca85fbb1,6.2064748331904411
351,2021-12-18,2021-12-19,bear,-0.0032375651461277999,-0.0014605412211076141,0.45000000000000001,0.003642211703958731,CASH,0,True,0,5,351,0,0.45364221170395874,0,0.48194505482546518,0,0.99977604254430885,,b9e206bc8342da40163d7015560dd66517fe032288fae2a965a5a78bed7af6df,7.2529193013906479,-0.0014605412211076141,0.45000000000000001,0.003642211703958731,CASH,0,True,0,0,351,0,0.45364221170395874,0,0.48194505482546518,0,0.99977604254430885,,83dda8a5482e1992e64bf92b9f2e4ea2acee9a8feb1d42fbd70fe5884aed21be,6.17366006039083
352,2021-12-19,2021-12-20,bear,0.0040831183290688002,0.0018365993071358666,0.45000000000000001,0.0008024664905599832,CASH,0,True,5,5,352,0,0.44919753350944003,0,0.48194449967736502,0,0.999357144534888,,5961623d6f18fb9d84283a339c99c12b8e9fac834a1fffe1afdbf626cb6898f5,9.9382039234042168,0.0018365993071358666,0.45000000000000001,0.0008024664905599832,CASH,0,True,0,0,352,0,0.44919753350944003,0,0.48194449967736502,0,0.999357144534888,,46c7f0c7c67a5b71aa19fc28f61c9ddb1c9c537789f2ed1304402ffc5d42ce8b,6.1641779523342848
353,2021-12-20,2021-12-21,bear,0.042793292277247999,0.019255953381526636,0.45000000000000001,0.0010087183640459796,CASH,0,True,5,5,353,0,0.45100871836404599,0,0.48194499492577147,0,0.99973084404407475,,296b5ab340a94f3fc9e4cff1a4c24c8dacbea0461443287c47fd6f5dab0d85ca,10.154412740841508,0.019255953381526636,0.45000000000000001,0.0010087183640459796,CASH,0,True,0,0,353,0,0.45100871836404599,0,0.48194499492577147,0,0.99973084404407475,,81282a2b3c808c5150628b88302ebbf8075e9a4d1510aa47205b8208b9e07c0f,6.1586854066699743
354,2021-12-21,2021-12-22,bear,-0.0061817512576173,-0.0027921503957104576,0.45000000000000001,0.010391235998967352,CASH,0,True,5,5,354,0,0.46039123599896736,0,0.4819442747281783,0,0.99918740465250355,,bde927440f38867adddf330a5975386f610220f000a612ae920523fb961ef26a,10.004652220755816,-0.0027921503957104576,0.45000000000000001,0.010391235998967352,CASH,0,True,0,0,354,0,0.46039123599896736,0,0.4819442747281783,0,0.99918740465250355,,679b5a065911cc28ada1632d0d4f96c2157bcbb7464c506d093eb14c0b7c3cdd,6.2493557445704937
355,2021-12-22,2021-12-23,bear,0.045294518278919498,0.020380967702185337,0.45000000000000001,0.0015342513984907824,CASH,0,True,2,5,355,0,0.44846574860150923,0,0.48193957401588861,0,0.99560000000000004,,92380972e9c65056ecbe8e372335f9ce3de752221c818b1c71256849fe952d0b,7.8248614892363548,0.020380967702185337,0.45000000000000001,0.0015342513984907824,CASH,0,True,0,0,355,0,0.44846574860150923,0,0.48193957401588861,0,0.99560000000000004,,8ac7b53479363a76f7f4b3c54e33ca803a6fe58ca0cfefba2a5690785640ba14,5.7709261514246464
356,2021-12-23,2021-12-24,bear,-0.0002933013129663,-0.00014297060214052415,0.45000000000000001,0.010986461360324884,CASH,0,True,5,5,356,0,0.4609864613603249,0,0.48194160340712572,0,0.99717170650494502,,28693ea1aca2dbabf4154f6f5b98d496eb5b2bb854c872d1fa96f11fe26da3ea,9.8777895979583263,-0.00014297060214052415,0.45000000000000001,0.010986461360324884,CASH,0,True,0,0,356,0,0.4609864613603249,0,0.48194160340712572,0,0.99717170650494502,,f7de4bf63022822540de022cecc1865e0d67403bf4e81c73ccc304313b758363,6.2462276425212622
357,2021-12-24,2021-12-25,bear,-0.0074764551717889996,-0.0033644771847010091,0.45000000000000001,7.260165733186108e-05,CASH,0,True,5,5,357,0,0.44992739834266815,0,0.48190807497649352,0,0.97189999999999999,,72e6d2ed344ea90f55ebe958dd63136037fc243d0226585e2418fa2ed1422562,9.6942035295069218,-0.0033644771847010091,0.45000000000000001,7.260165733186108e-05,CASH,0,True,0,0,357,0,0.44992739834266815,0,0.48190807497649352,0,0.97189999999999999,,46ceef240924b546113421e111ee5a632780682c73a328126a0c763cd2cebf8f,5.7037822082638741
358,2021-12-25,2021-12-26,bear,0.0074097733621126998,0.0033325351528346037,0.45000000000000001,0.0018566692419781927,CASH,0,True,2,5,358,0,0.44814333075802182,0,0.48192514198026309,0,0.98480000000000001,,277e2db5b5c8806b0c8222dde57e6c8ea8f885ad9ef3962dd1e124d418058f56,7.8096920400857925,0.0033325351528346037,0.45000000000000001,0.0018566692419781927,CASH,0,True,0,0,358,0,0.44814333075802182,0,0.48192514198026309,0,0.98475042027113402,,6f20068e03862d360cec96524637e76188928e15785d63a2ec7f61b6f6f271e9,6.1042000949382782
359,2021-12-26,2021-12-27,bear,-0.0020027609349368,-0.00090306859762245839,0.45000000000000001,0.0018278242136967604,CASH,0,True,3,5,359,0,0.45182782421369677,0,0.48193746687434952,0,0.99405040441226244,,9936f0e3a816bd518ef7c7368cf724c0e837904d85f70ceae093958b3a995a80,8.7756293192505836,-0.00090306859762245839,0.45000000000000001,0.0018278242136967604,CASH,0,True,0,0,359,0,0.45182782421369677,0,0.48193746687434952,0,0.99405040441226244,,29f7a9e1b445965033877764a9ec1cb37fbf29a22530e2212debd9b86670175a,6.1270038913935423
360,2021-12-27,2021-12-28,bear,-0.061821453800647901,-0.027820136538578843,0.45000000000000001,0.00049613046521829185,CASH,0,True,5,5,360,0,0.44950386953478172,0,0.48188688631894172,0,0.95588390849108684,,2bff3f4d7c0bf635ccc6938e67174c1996c21632cdac85b860c106a13568eed4,10.005322400480509,-0.027820136538578843,0.45000000000000001,0.00049613046521829185,CASH,0,True,0,0,360,0,0.44950386953478172,0,0.48188688631894172,0,0.95588390849108684,,9b6412bdc44d000230e0ab08baf1cddd915143e9729d2948180470a3e86ea34a,6.2526255454868078
361,2021-12-28,2021-12-29,bear,-0.022788840934521201,-0.010270555674700144,0.45000000000000001,0.015738653719883033,CASH,0,True,5,5,361,0,0.43426134628011698,0,0.48192312775255358,0,0.98323055214600275,,52794686a1f95702a6cb50c110ba383e259fa196134cf69aefac25425ccbe9ca,10.034767463803291,-0.010270555674700144,0.45000000000000001,0.015738653719883033,CASH,0,True,0,0,361,0,0.43426134628011698,0,0.48192312775255358,0,0.98323055214600275,,6e37acd4553c82fe5408a33505bc63663847606ca6aad0fdc70aa030424f364d,6.1533577796071768
362,2021-12-29,2021-12-30,bear,0.014239685590497099,0.0064021233214508477,0.45000000000000001,0.0056986779507040008,CASH,0,True,5,5,362,0,0.44430132204929601,0,0.48194428443286019,0,0.99919472761812156,,f2094c1a6f9645f4e446deb12f6a0ba7dedc9bf6058b0aaa0c20fc3de994b571,10.04371801763773,0.0064021233214508477,0.45000000000000001,0.0056986779507040008,CASH,0,True,0,0,362,0,0.44430132204929601,0,0.48194428443286019,0,0.99919472761812156,,ef36de78321c0c5c71f78157b5f51758ab80742666266c989057ae5df564b31f,6.2476702928543091
363,2021-12-30,2021-12-31,bear,-0.019179471726300999,-0.0086342339355344189,0.45000000000000001,0.003501882615310481,CASH,0,True,5,5,363,0,0.45350188261531049,0,0.48194511522312861,0,0.99982161680293002,,c4df72efe40c24398c997821739aa1fca9c16c3974b0b2f870606c6e34667250,9.9813015889376402,-0.0086342339355344189,0.45000000000000001,0.003501882615310481,CASH,0,True,0,0,363,0,0.45350188261531049,0,0.48194511522312861,0,0.99982161680293002,,c17f710546fc90a31cfc1178192f784621d5c9ce41dfca70864e03a5f043d054,6.0380508955568075
364,2021-12-31,2022-01-01,bear,0.032854098378389998,0.014779485233745726,0.45000000000000001,0.0047882454605526759,CASH,0,True,5,5,364,0,0.44521175453944734,0,0.47295537892411571,0,0.9994461744170664,,e96901adc665a657f87ca49fc44fd01ecc9036db2bc7187934ced9a8435b3cf3,10.035816797986627,0.014779485233745726,0.45000000000000001,0.0047882454605526759,CASH,0,True,0,0,364,0,0.44521175453944734,0,0.47295537892411571,0,0.9994461744170664,,3dfc0e0bac2e0e14f7154706d07bb3df79cadf70ef98f4620480bae8655ed850,6.170656343922019
365,2022-01-01,2022-01-02,bear,-0.0089278981105198,-0.004025534880908288,0.45000000000000001,0.0080129235285934519,CASH,0,True,2,5,365,0,0.45801292352859346,0,0.47295278040533811,0,0.99978501022406441,,e4afc1a1af881cb6872fd1df546de5a7715ad5469be50ffed68a98586ef68857,8.3152820039540529,-0.004025534880908288,0.45000000000000001,0.0080129235285934519,CASH,0,True,0,0,365,0,0.45801292352859346,0,0.47295278040533811,0,0.99978501022406441,,b38e57bb69684c620bad788b65dc32202742e4fbdeedbdbd7363f57262c3791f,6.1437719725072384
366,2022-01-02,2022-01-03,bear,-0.018633829192717302,-0.008387423101534397,0.45000000000000001,0.0022185679994261576,CASH,0,True,5,5,366,0,0.44778143200057385,0,0.47295900925869161,0,0.99897279421853802,,7fcebb9b014b427ce76fc7b81f8f601ec76b2d8a4f5c38ea4372813c75a3115e,9.9446828868240118,-0.008387423101534397,0.45000000000000001,0.0022185679994261576,CASH,0,True,0,0,366,0,0.44778143200057385,0,0.47295900925869161,0,0.99897279421853802,,d9d716b98a5ed06d8c98e9e622c78ad0925c04621ddcff3b9eb4c00100c76e56,6.1896563805639744
367,2022-01-03,2022-01-04,bear,-0.0127697059241612,-0.0057509918115749015,0.45000000000000001,0.0046508713189874484,CASH,0,True,5,5,367,0,0.44534912868101256,0,0.47296548165738928,0,0.99812882091913757,,d67df732cfe51cf322903a4a502acecfd5ebaac2830bd9543c5b5b2b91ad78aa,10.056890439242125,-0.0057509918115749015,0.45000000000000001,0.0046508713189874484,CASH,0,True,0,0,367,0,0.44534912868101256,0,0.47296548165738928,0,0.99812882091913757,,d4cb9dd168da4c63e9c3c41b48c6edd4a12497f3ba1f96ef91f602d5a6169043,6.140705868601799
368,2022-01-04,2022-01-05,bear,-0.052607810669476597,-0.023676618317228448,0.45000000000000001,0.0031787685892685213,CASH,0,True,4,5,368,0,0.44682123141073149,0,0.4729713627285364,0,0.99736195419846341,,758c3b6d43a9d46fc5d35b0e2ae28d1abe15c50c34c83099c1836d5f7467fed1,9.3806468341499567,-0.023676618317228448,0.45000000000000001,0.0031787685892685213,CASH,0,True,0,0,368,0,0.44682123141073149,0,0.4729713627285364,0,0.99736195419846341,,69409748a79d5607e30eab86b32f7a7911165a0214dc47bb233230efbf000e0d,6.2359471246600151
369,2022-01-05,2022-01-06,bear,-0.0075623072866653996,-0.0034163290421868053,0.45000000000000001,0.013336146604734533,CASH,0,True,5,5,369,0,0.43666385339526548,0,0.47295455074632908,0,0.99955416528009555,,4c47e72f227d0c1a777146e7a0ddb5c17114288708005150e2359aa787249c22,10.013021415099502,-0.0034163290421868053,0.45000000000000001,0.013336146604734533,CASH,0,True,0,0,369,0,0.43666385339526548,0,0.47295455074632908,0,0.99955416528009555,,3700f1fc074c5d379a0f928429bbe1b3af6d011d8e62bb7361981626e43e0aee,6.1021982543170452
370,2022-01-06,2022-01-07,bear,-0.035983525726550197,-0.01619443422843414,0.45000000000000001,0.0018780621709076351,CASH,0,True,5,5,370,0,0.44812193782909238,0,0.47295151872898239,0,0.99994952745895516,,9fa2c4b8df5dd29703c7e5affec2a208f1a8c8ca0e9bed21b757a77177dd52b9,10.055888513103127,-0.01619443422843414,0.45000000000000001,0.0018780621709076351,CASH,0,True,0,0,370,0,0.44812193782909238,0,0.47295151872898239,0,0.99994952745895516,,ab77e6c78e0362ab97d42d5458f39dc6107edd119e5d6b7b6bafa5686ccec93d,6.2319739609956741
371,2022-01-07,2022-01-08,bear,0.0030158833312873999,0.001348082707387066,0.45000000000000001,0.0090525061061839107,CASH,0,True,5,5,371,0,0.4409474938938161,0,0.4729512913804802,0,0.99997917273731685,,ba20199a92af8e4d82abaa68b5b6af6a898eb1ee4e27da3d7f64dcd4a948e73c,10.1344990786165,0.001348082707387066,0.45000000000000001,0.0090525061061839107,CASH,0,True,0,0,371,0,0.4409474938938161,0,0.4729512913804802,0,0.99997917273731685,,45e755a27740b032346473f0b50b7c38eec2ffd439ecab224e7896cfec4c333a,6.1277385838329792
372,2022-01-08,2022-01-09,bear,0.0042306584757151999,0.0019030494754646021,0.45000000000000001,0.00074541948031020544,CASH,0,True,5,5,372,0,0.45074541948031022,0,0.47295118031455108,0,0.99999365526235962,,3002e0e62530ee961bd5de47441cc83f689c89d865fb71e58b5351e600eb2828,10.033319426700473,0.0019030494754646021,0.45000000000000001,0.00074541948031020544,CASH,0,True,0,0,372,0,0.45074541948031022,0,0.47295118031455108,0,0.99999365526235962,,87056c8ec48589524b19922ca21c4f33b07791f4e34f7fba0b9060cec4007853,6.2948917429894209
373,2022-01-09,2022-01-10,bear,-0.00038472291586529999,-0.00017417022952492811,0.45000000000000001,0.0010450983184130958,CASH,0,True,5,5,373,0,0.45104509831841311,0,0.4729513627090009,0,0.99996987180140284,,93859735983a1dc72c8bfee7c5719a85744d1642b25fb0f82f9661f8df56fbed,10.080967914313078,-0.00017417022952492811,0.45000000000000001,0.0010450983184130958,CASH,0,True,0,0,373,0,0.45104509831841311,0,0.4729513627090009,0,0.99996987180140284,,85f92b90148393d6a3cf70a0acd64e4dccc729c7271fb2751a3c68430e4c0e6c,6.1343886088579893
374,2022-01-10,2022-01-11,bear,0.021538432116886101,0.0096921982941398088,0.45000000000000001,9.5235409336646981e-05,CASH,0,True,5,5,374,0,0.44990476459066336,0,0.47295141634358162,0,0.9999628780800448,,ab57bc44b6366ebbb03c9d9454e1f9ab73b0671e274dd3226ce41cad9d74d7eb,10.159489665180445,0.0096921982941398088,0.45000000000000001,9.5235409336646981e-05,CASH,0,True,0,0,374,0,0.44990476459066336,0,0.47295141634358162,0,0.9999628780800448,,5b5d0fe1349159c6691bdb15b0df923c14a0f140d2c4403441c0b3ff4728516a,6.2429819442331791
375,2022-01-11,2022-01-12,bear,0.027327698370353801,0.012292119750480168,0.45000000000000001,0.0052795906022233274,CASH,0,True,5,5,375,0,0.45527959060222334,0,0.4729513392090916,0,0.99997293608967919,,4dce57fbc3015aa985ce84aa247ede5fee2ab2a9edaea2ae110a0bf85276e182,10.104116827249527,0.012292119750480168,0.45000000000000001,0.0052795906022233274,CASH,0,True,0,0,375,0,0.45527959060222334,0,0.4729513392090916,0,0.99997293608967919,,a8c7074d9f61ea1d8f7f0b76d544f4b3bf0ac950cb0c1d0677e7092baf39b9ab,6.154079508036375
376,2022-01-12,2022-01-13,bear,-0.030546001230040299,-0.01375229015300683,0.45000000000000001,0.0066814405700031942,CASH,0,True,5,5,376,0,0.45668144057000321,0,0.4729515804382165,0,0.99994148083718482,,e99fd6e03391986c754cc15a1d059fd631aac1641373fc08aad7f074184c86d9,10.081625593826175,-0.01375229015300683,0.45000000000000001,0.0066814405700031942,CASH,0,True,0,0,376,0,0.45668144057000321,0,0.4729515804382165,0,0.99994148083718482,,273e60d1311cb2a189c054b96eb9a92684cd34852a8fdfdbb716c2949bdfe82c,6.2538004443049431
377,2022-01-13,2022-01-14,bear,0.012060620300752001,0.0054195720295004968,0.45000000000000001,0.0076655030134499258,CASH,0,True,2,5,377,0,0.44233449698655009,0,0.4729540516679131,0,0.99961924298838645,,909594f282701751ab61fd9ff953f9ace304035f9ef2af7cd458cf0b59fe2cc3,8.3544463310390711,0.0054195720295004968,0.45000000000000001,0.0076655030134499258,CASH,0,True,0,0,377,0,0.44233449698655009,0,0.4729540516679131,0,0.99961924298838645,,c3dc15d3b3dea6d57fd92fa11401973f9cc466e50b8585c8f3645b2e34270ce1,6.1116526685655117
378,2022-01-14,2022-01-15,bear,0.00055022484926850002,0.00024463155654319557,0.45000000000000001,0.0029688905268247523,CASH,0,True,5,5,378,0,0.45296889052682476,0,0.47295172512156142,0,0.99992261474399324,,c7571ee843ee02f7d2b7dad9ea8f6be77220d7d50cd045652ca489cae89fbffd,10.025149142369628,0.00024463155654319557,0.45000000000000001,0.0029688905268247523,CASH,0,True,0,0,378,0,0.45296889052682476,0,0.47295172512156142,0,0.99992261474399324,,b7b38cfe2f86c78804e79661c0234d0ed3ea58da11715a9f268802160c984968,6.2493927963078022
379,2022-01-15,2022-01-16,bear,-0.00041534213518339998,-0.00018704008232617308,0.45000000000000001,0.0001361469400507076,CASH,0,True,5,5,379,0,0.45013614694005072,0,0.47295270993716249,0,0.99979419897571997,,b6e0eb3b57a38834d0bcd79d7913e40159d7d558010a44310e8575728a5efc61,9.9973729774355888,-0.00018704008232617308,0.45000000000000001,0.0001361469400507076,CASH,0,True,0,0,379,0,0.45013614694005072,0,0.47295270993716249,0,0.99979419897571997,,d02c68bc4d85f6a308c1c66f27500894cb4a2afdd9d5722b0a5e52ab664a909f,6.0612337123602629
380,2022-01-16,2022-01-17,bear,-0.020190765359536199,-0.0090859462940128255,0.45000000000000001,0.00010281639524933883,CASH,0,True,5,5,380,0,0.44989718360475067,0,0.47295288912585848,0,0.99977083353136997,,208808c2dcb1961de3108dd11fe6fc07fd899753b02b6dda31372a8a0365a56a,9.9455331265926361,-0.0090859462940128255,0.45000000000000001,0.00010281639524933883,CASH,0,True,0,0,380,0,0.44989718360475067,0,0.47295288912585848,0,0.99977083353136997,,06f3a64b466cd3a0dfe041c685654677f77277caa7a52ac0441f0f52121a97e0,6.1023728381842375
381,2022-01-17,2022-01-18,bear,0.0036792839492715999,0.0016506263928770526,0.45000000000000001,0.0050430346547213345,CASH,0,True,5,5,381,0,0.44495696534527868,0,0.4729554651472061,0,0.99943493129720884,,a1b4edc707c01cb1992c99e4eb58d5a4bee86b346cca9a3229d6b79e753de22b,10.156546695157886,0.0016506263928770526,0.45000000000000001,0.0050430346547213345,CASH,0,True,0,0,381,0,0.44495696534527868,0,0.4729554651472061,0,0.99943493129720884,,06c7ed08542721640b57ab0a0e335c6768c73edb8987c8b4c5c8f8404725ee21,6.1322901900857687
382,2022-01-18,2022-01-19,bear,-0.0162116484045641,-0.007296144267393001,0.45000000000000001,0.00090911757168449236,CASH,0,True,5,5,382,0,0.4509091175716845,0,0.47295337973567758,0,0.99970686009640142,,c46789bb5009d4ee9abf421f819cd2b41f6a2cfbc3ea8594619be571678ec2a2,10.04750962369144,-0.007296144267393001,0.45000000000000001,0.00090911757168449236,CASH,0,True,0,0,382,0,0.4509091175716845,0,0.47295337973567758,0,0.99970686009640142,,8e48ea1df079ce8a02288a178787f084146f196aa54d5c5f1bf101adc8f0f710,6.2405991181731224
383,2022-01-19,2022-01-20,bear,-0.023079433175455501,-0.010389744820525015,0.45000000000000001,0.0040418693946148165,CASH,0,True,5,5,383,0,0.44595813060538519,0,0.47295521672701951,0,0.99946732423375795,,49dc12fc03bb49d703ee8479c814a5208441d8876730003ac9f87da818f61c13,9.9819235131144524,-0.010389744820525015,0.45000000000000001,0.0040418693946148165,CASH,0,True,0,0,383,0,0.44595813060538519,0,0.47295521672701951,0,0.99950000000000006,,ba408cb4f4111abdeadb12d5e585ae5226ef99e3b374214bed46fdac0d817eca,5.7349680755287409
384,2022-01-20,2022-01-21,bear,-0.10414604613922319,-0.046871222356024811,0.45000000000000001,0.005772107345518307,CASH,0,True,5,5,384,0,0.4442278926544817,0,0.47295213872116781,0,0.99986868311340804,,b4a642753706b7b40b9f770cd80b92e89466f74960d7c39b7c7f6a2899b7e110,9.8542857505381107,-0.046871222356024811,0.45000000000000001,0.005772107345518307,CASH,0,True,0,0,384,0,0.4442278926544817,0,0.47295213872116781,0,0.99986868311340804,,8500e3cb095a027ebfc117edd50a00a0c92445eb05b2ccb6af8480e83baf7c82,6.2127061318606138
385,2022-01-21,2022-01-22,bear,-0.038390152294005601,-0.017302144901852112,0.45000000000000001,0.027043562466437077,CASH,0,True,5,5,385,0,0.42295643753356293,0,0.47295129572356909,0,0.99997860641698155,,4f7be9858ca14e129d6ee234843859054993c12682a9cb979d1ec8e827b74590,10.081680126488209,-0.017302144901852112,0.45000000000000001,0.027043562466437077,CASH,0,True,0,0,385,0,0.42295643753356293,0,0.47295129572356909,0,0.99997860641698155,,f6d90a1bb7e46b75aaa8e77aabca1cc55164023142798f1354cbd2aa1666f829,6.1329230852425098
386,2022-01-22,2022-01-23,bear,0.034049698932579101,0.015312547780816033,0.45000000000000001,0.0096685931361000232,CASH,0,True,5,5,386,0,0.44033140686389999,0,0.4729511342378534,0,0.99999966346790115,,8cbdeaeaf62e3df79b2cdab65c50e2eaaeed1e01a1df8882869b5939b7ac8201,10.101336915045977,0.015312547780816033,0.45000000000000001,0.0096685931361000232,CASH,0,True,0,0,386,0,0.44033140686389999,0,0.4729511342378534,0,0.99999966346790115,,90a6816e268e9229872ab3874d6dc907678b324711a6157d8ecff1f880c60843,6.2678585052490234
387,2022-01-23,2022-01-24,bear,0.0114917492659121,0.0051629441243650209,0.45000000000000001,0.0083001229760168438,CASH,0,True,2,5,387,0,0.45830012297601685,0,0.47295113184894377,0,0.99999997497154502,,11809faf141b5cfdc1834bece883f780bdb5a45409dfad023b5b25592aba22e0,8.1716410648077726,0.0051629441243650209,0.45000000000000001,0.0083001229760168438,CASH,0,True,0,0,387,0,0.45830012297601685,0,0.47295113184894377,0,0.99999997497154502,,6abe4b4de39c1af5e61def213cb2b2c0502b9c1fe86039d46eb5e04f3d4dc0ab,6.0319519005715847
388,2022-01-24,2022-01-25,bear,0.0072043242300256997,0.0032391071547848149,0.45000000000000001,0.0028295753963704096,CASH,0,True,5,5,388,0,0.45282957539637042,0,0.47295113255088911,0,0.99999988344086821,,da059f1bad9833345df6b420808844e76b9c4e4d855b37701d81ed5f935f026c,9.9927159287035465,0.0032391071547848149,0.45000000000000001,0.0028295753963704096,CASH,0,True,0,0,388,0,0.45282957539637042,0,0.47295113255088911,0,0.99999988344086821,,80afa65b9de79f9296283e830ea09c2b57095ab20eb74328b29c9ec77ab51bcf,6.2471571676433086
389,2022-01-25,2022-01-26,bear,-0.0040648866324225997,-0.0018309730418492043,0.45000000000000001,0.0017773083095379838,CASH,0,True,5,5,389,0,0.45177730830953799,0,0.47295113641146758,0,0.99999938003782995,,9815f50aef99f6e67ca794541c745260345b65f185a6a5c07fda55c67bd9395e,10.019459476694465,-0.0018309730418492043,0.45000000000000001,0.0017773083095379838,CASH,0,True,0,0,389,0,0.45177730830953799,0,0.47295113641146758,0,0.99999938003782995,,d3a0fe15d48ec763fe1a2ea0ee284e9d82ac787a416b7eb00b6020091c5e917b,5.9998226668685675
390,2022-01-26,2022-01-27,bear,0.0098884794730491003,0.0044488033747920319,0.45000000000000001,0.0010079030968458969,CASH,0,True,5,5,390,0,0.44899209690315411,0,0.47295113801600203,0,0.99999917081336864,,d3648cba7a5899a4d64a788c64f9975c6f85bef5df0fa24865fa4003f7b0cecf,10.050975620746613,0.0044488033747920319,0.45000000000000001,0.0010079030968458969,CASH,0,True,0,0,390,0,0.44899209690315411,0,0.47295113801600203,0,0.99999917081336864,,7e2bf1ebdbe1bf6adde797dc0ed7c0b0bd70760cb7de93a2fa254d1a6500269c,6.2294676508754492
391,2022-01-27,2022-01-28,bear,0.015627900969478602,0.0070301017446048331,0.45000000000000001,0.0024365564423155517,CASH,0,True,5,5,391,0,0.45243655644231556,0,0.47295113532928101,0,0.99999952115036761,,eb2b277ea090508c583870fdc8414a24dff6090a3a71304872c91e5870a6c275,10.047844314947724,0.0070301017446048331,0.45000000000000001,0.0024365564423155517,CASH,0,True,0,0,391,0,0.45243655644231556,0,0.47295113532928101,0,0.99999952115036761,,2c20e1798ff5391bd04dbeace6d9fe78d0aea0f333baacf0dbc2ca91dbb4108e,6.1613549999892712
392,2022-01-28,2022-01-29,bear,0.011278285128400701,0.0050713679201768169,0.45000000000000001,0.0038408941886395875,CASH,0,True,5,5,392,0,0.4538408941886396,0,0.47295116110334201,0,0.9999961603223636,,372f3c4858e61a08ed4fe5480aa21d66135234fcb66528299f7852d37072fb43,9.989644318819046,0.0050713679201768169,0.45000000000000001,0.0038408941886395875,CASH,0,True,0,0,392,0,0.4538408941886396,0,0.47295116110334201,0,0.9999961603223636,,656422de5c76c1ccd6b18c3ee5c162511d29a9a8a98e634f5dda8c050353507f,6.227075943723321
393,2022-01-29,2022-01-30,bear,-0.0066307229610069003,-0.002986594325771974,0.45000000000000001,0.002777280237996671,CASH,0,True,5,5,393,0,0.45277728023799668,0,0.47295118982168299,0,0.99999241557277885,,9438f409f8d21df8fae11be9dd0fea3a9df4d484fbd0a4e43f3dd9f9263a3005,10.15668555162847,-0.002986594325771974,0.45000000000000001,0.002777280237996671,CASH,0,True,0,0,393,0,0.45277728023799668,0,0.47295118982168299,0,0.99999241557277885,,2d642c49abcede70659f508b33ae2d6da942258b05e80a3eaed1de5520ab812d,6.1504803188145161
394,2022-01-30,2022-01-31,bear,0.0153200220477507,0.0068923525584865253,0.45000000000000001,0.0016460153551635659,CASH,0,True,2,5,394,0,0.44835398464483645,0,0.47295120263649199,0,0.99999074457615156,,5337d354d9e88fed6ef033860136ad2347b604322a440d54156191a7bc7e1f59,8.2388518750667572,0.0068923525584865253,0.45000000000000001,0.0016460153551635659,CASH,0,True,0,0,394,0,0.44835398464483645,0,0.47295120263649199,0,0.99999074457615156,,75f1bdd6a6898ca0ebfd198a44344644597fa1b18b4b03ac8596e742836d76be,6.1804356016218662
395,2022-01-31,2022-02-01,bear,0.0054833162764360002,0.0024637172880730418,0.45000000000000001,0.00376574437771654,CASH,0,True,5,5,395,0,0.45376574437771655,0,0.46153168636408443,0,0.99998791634398476,,355353f9ab67fbe1276bb74658dc5ce9ea4b78af569c745d1810efb24253133a,10.143801551312208,0.0024637172880730418,0.45000000000000001,0.00376574437771654,CASH,0,True,0,0,395,0,0.45376574437771655,0,0.46153168636408443,0,0.99998791634398476,,573bfc58d8bfce133ecc999f8e1c84a18c6656f0b2cff4e467ad6e41a5a880fe,6.1451205089688301
396,2022-02-01,2022-02-02,bear,-0.047003722581161797,-0.021153000307136738,0.45000000000000001,0.0013537803358303901,CASH,0.025000000000000001,True,5,5,396,0,0.4513537803358304,0,0.44999379029763908,0,0.99996663410858555,,6cedec7757fb7cefd7bca62a7fbbde59aa9b832c984fd8486aebf551193c5ff1,10.056864097714424,-0.021153000307136738,0.45000000000000001,0.0013537803358303901,CASH,0.025000000000000001,True,0,0,396,0,0.4513537803358304,0,0.44999379029763908,0,0.99996663410858555,,cdf99413dc693e308011ef70586b35d3cea59c85d69719009fb233b31deaa7b6,6.2396702859550714
397,2022-02-02,2022-02-03,bear,0.010777930181999599,0.0048381261349101923,0.45000000000000001,0.011884804870823273,CASH,0.025000000000000001,True,5,5,397,0,0.43811519512917674,0,0.44999415382808611,0,0.99994710145526644,,fc0ad070d051877ca0ffd410d28bdd9d05e99b4510afedc7a5643d422fb030d8,10.126940427348018,0.0048381261349101923,0.45000000000000001,0.011884804870823273,CASH,0.025000000000000001,True,0,0,397,0,0.43811519512917674,0,0.44999415382808611,0,0.99994710145526644,,6c2adbdd449d4183f820547c196302c26c8c693635f41eecb6cd2dd75f20e05f,6.1564617585390806
398,2022-02-03,2022-02-04,bear,0.1147774875428422,0.051647077618886206,0.45000000000000001,0.0026546624252208328,CASH,0.025000000000000001,True,5,5,398,0,0.45265466242522084,0,0.44999346989808364,0,0.99998384931983642,,4ee5a125e3bfce5da6b5bb294db2babeffd9ef90c8fbad874d43b70c2cbaee91,10.009363044053316,0.051647077618886206,0.45000000000000001,0.0026546624252208328,CASH,0.025000000000000001,True,0,0,398,0,0.45265466242522084,0,0.44999346989808364,0,0.99998384931983642,,92a326c0d72aac48d911efe1108b336332796c484f86f61862e6d86d36e03d88,6.248058058321476
399,2022-02-04,2022-02-05,bear,-0.0037408943504074,-0.001710369234229181,0.45000000000000001,0.027012249032289937,CASH,0.025000000000000001,True,5,5,399,0,0.47701224903228995,0,0.44999376865439433,0,0.99996779700979399,,aea6eb4f425eea2c52b40274e7fe8fa03e12bd112a52ed1738440b708076cba0,9.9667740762233734,-0.001710369234229181,0.45000000000000001,0.027012249032289937,CASH,0.025000000000000001,True,0,0,399,0,0.47701224903228995,0,0.44999376865439433,0,0.99996779700979399,,fec6aa772b5a0ddd1d27269b8e6344a8dd12cc85271b18e966df83f5821428d4,6.0708022862672806
400,2022-02-05,2022-02-06,bear,0.023666995878016201,0.010649210835218748,0.45000000000000001,0.00092743259403399447,CASH,0.025000000000000001,True,5,5,400,0,0.44907256740596602,0,0.45002229367134616,0,0.99843513510558879,,7f015abe39752b004fce759fd4a059a4de5619891fd7b81db6ba2cc07daafbf9,9.9494123309850693,0.010649210835218748,0.45000000000000001,0.00092743259403399447,CASH,0.025000000000000001,True,0,0,400,0,0.44907256740596602,0,0.45002229367134616,0,0.99843513510558879,,9e0ec442b45e82a4b518558b27a9adcd5c0938761c474c34d16834540ad251b2,6.2452721297740936
401,2022-02-06,2022-02-07,bear,0.034008614792343898,0.015297992102740299,0.45000000000000001,0.0057958547679032857,CASH,0.025000000000000001,True,5,5,401,0,0.4557958547679033,0,0.45002906448817614,0,0.99807133609247545,,a5d9982e878e4d545a21de6b3c03413cc77e67388216c1d1b8f2296820ee1e65,10.11305570602417,0.015297992102740299,0.45000000000000001,0.0057958547679032857,CASH,0.025000000000000001,True,0,0,401,0,0.4557958547679033,0,0.45002906448817614,0,0.99807133609247545,,bc3a8920fc148bb76ca7ba7d203008a06a591a3a1716fec94e2bc9b84f25dff2,6.153602946549654
402,2022-02-07,2022-02-08,bear,0.0046607762485196998,0.0020890416652057375,0.45000000000000001,0.0082902590590150926,CASH,0.025000000000000001,True,5,5,402,0,0.4582902590590151,0,0.45015841971321452,0,0.9911210220599268,,3d4248776b538970269d3265e4b8cde6004f2dfe06b15e1a269d147a9fbd7ec3,10.062198370695114,0.0020890416652057375,0.45000000000000001,0.0082902590590150926,CASH,0.025000000000000001,True,0,0,402,0,0.4582902590590151,0,0.45015841971321452,0,0.9911210220599268,,962b737116e68cdf8b391825a906932f62c0af2217e383ffaf3906904a6d3221,6.3084622621536255
403,2022-02-08,2022-02-09,bear,0.0079635407441721994,0.0035824380818991752,0.45000000000000001,0.0011511278044002426,CASH,0.025000000000000001,True,5,5,403,0,0.45115112780440025,0,0.45039149884516216,0,0.97859757611842102,,2834c4568c620f27cfabfdacb8383ae734d859f1d344c48bc0263680c068ce73,10.000432373955846,0.0035824380818991752,0.45000000000000001,0.0011511278044002426,CASH,0.025000000000000001,True,0,0,403,0,0.45115112780440025,0,0.45039149884516216,0,0.97859757611842102,,e700b7f4e63205968a4e7d45de2fb0334aa2f063501fdf97d2ab8a4a4e49b019,6.0677766632288694
404,2022-02-09,2022-02-10,bear,-0.019552185343633201,-0.0088004300633334198,0.45000000000000001,0.0019639383777021457,CASH,0.025000000000000001,True,3,5,404,0,0.45196393837770216,0,0.45036807731438083,0,0.97985602540057404,,cdfb722aedc230534bed777c521e745051fa356f57d3aab69317cc90763a4f7b,8.7268878519535065,-0.0088004300633334198,0.45000000000000001,0.0019639383777021457,CASH,0.025000000000000001,True,0,0,404,0,0.45196393837770216,0,0.45036807731438083,0,0.97985602540057404,,11e3e2bf79ad1af15a43cc9676c43b6b42a64d4f775a9c55a4491983a8da45bd,6.1572232060134411
405,2022-02-10,2022-02-11,bear,-0.026024218193515702,-0.01171572313419289,0.45000000000000001,0.0048821211343290649,CASH,0.025000000000000001,True,2,5,405,0,0.44511787886567095,0,0.45063426548554947,0,0.96555361588668076,,648665d6b76fc534a3dbf31b82b58eedbab7be231bbd8d8a2385d0214c1a7fbc,8.2473654206842184,-0.01171572313419289,0.45000000000000001,0.0048821211343290649,CASH,0.025000000000000001,True,0,0,405,0,0.44511787886567095,0,0.45063426548554947,0,0.96555361588668076,,9b45ee769f2cc9e03c34bb636bc6c712ff32ccbdd48b5a2479afdce484bd7a40,6.1601195000112057
406,2022-02-11,2022-02-12,bear,-0.0043219371337442003,-0.0019513763524845462,0.45000000000000001,0.0065173176463039217,CASH,0.025000000000000001,True,5,5,406,0,0.44348268235369609,0,0.45010396944620568,0,0.99404665918466995,,02de2565ba5acbea0b97e4f68c8007391383fde60d1774f580d183d8508649d4,9.9061841070652008,-0.0019513763524845462,0.45000000000000001,0.0065173176463039217,CASH,0.025000000000000001,True,0,0,406,0,0.44348268235369609,0,0.45010396944620568,0,0.99404665918466995,,68ef8c44cdd9adcc700b887ed145df11b8ef8bc872dc4070acde807f1c55af8e,6.2143059615045786
407,2022-02-12,2022-02-13,bear,-0.0034142712272421001,-0.0015374921694610855,0.45000000000000001,0.0010717638838593779,CASH,0.025000000000000001,True,5,5,407,0,0.44892823611614063,0,0.45003547899778512,0,0.9977266816177176,,12c5fe0160a21e9af50a5dc212a02cc9a2875b92f443dff7c54da7e11f9656fb,10.098800119012594,-0.0015374921694610855,0.45000000000000001,0.0010717638838593779,CASH,0.025000000000000001,True,0,0,407,0,0.44892823611614063,0,0.45003547899778512,0,0.9977266816177176,,e9a7d6c6a14ce1322bbee52f12e092e57e4c3e6d1cf13af4b3e73cd8531654c0,6.1432349011301994
408,2022-02-13,2022-02-14,bear,0.011630699149570701,0.0052329638553070268,0.45000000000000001,0.00084633245258614043,CASH,0.025000000000000001,True,5,5,408,0,0.44915366754741387,0,0.4500375709102874,0,0.99761428222424164,,b58c92a8ab2642714e7fb66aa92424d2d0c269c49bf22f2a7d4908e496dba925,10.017293021082878,0.0052329638553070268,0.45000000000000001,0.00084633245258614043,CASH,0.025000000000000001,True,0,0,408,0,0.44915366754741387,0,0.4500375709102874,0,0.99761428222424164,,01250210646ea5735c2017cac8ec7073043a6c8830ab89143ed72f9e00917e60,6.2777077630162239
409,2022-02-14,2022-02-15,bear,0.046864534445115499,0.021086116499072105,0.45000000000000001,0.0028636104333742973,CASH,0.025000000000000001,True,5,5,409,0,0.45286361043337431,0,0.45002017098768354,0,0.99854918784352842,,5f0a194e3a61e5d7b763f5af860790890d13cd0a352a9e2b18d9dacab616078b,10.202795321121812,0.021086116499072105,0.45000000000000001,0.0028636104333742973,CASH,0.025000000000000001,True,0,0,409,0,0.45286361043337431,0,0.45002017098768354,0,0.99854918784352842,,a67baf10798556e63bccb71fc5fba5b0ee767322bff1f8df0445ef972b42d6ba,6.1382482089102268
410,2022-02-15,2022-02-16,bear,-0.0148346369016083,-0.0066868701881286352,0.45000000000000001,0.011359413151161624,CASH,0.025000000000000001,True,5,5,410,0,0.46135941315116163,0,0.45011216437142731,0,0.99360634216657961,,2544740d19a90653b64f1e6a62ceb582fccf3d250666e3f21edfdbb3c39935e1,10.023131031543016,-0.0066868701881286352,0.45000000000000001,0.011359413151161624,CASH,0.025000000000000001,True,0,0,410,0,0.46135941315116163,0,0.45011216437142731,0,0.99360634216657961,,94563010bf564bf6d9cef544d7d3ac6ad517ef286f0343807365a1c2ca9fcfc6,6.3414803016930819
411,2022-02-16,2022-02-17,bear,-0.075900792095452405,-0.034158926443562998,0.45000000000000001,0.0036962472517935718,CASH,0.025000000000000001,True,5,5,411,0,0.44630375274820644,0,0.45055692031776667,0,0.96970940517620863,,f3051bf432eeaa1814ae8fa6248982095051bbd774b152c4740db88df343373c,10.183846781030297,-0.034158926443562998,0.45000000000000001,0.0036962472517935718,CASH,0.025000000000000001,True,0,0,411,0,0.44630375274820644,0,0.45055692031776667,0,0.96970940517620863,,206a26ba3a987681ae2062de06aeb76ef5192f7c46eea8cd3cdb948b32bc95a4,6.136071665212512
412,2022-02-17,2022-02-18,bear,-0.0136291452131542,-0.006152445817813379,0.45000000000000001,0.019449759512503773,CASH,0.025000000000000001,True,5,5,412,0,0.43055024048749624,0,0.4508407527403811,0,0.94999999999999996,,e0024a1cb9a3df6f50de83c4e5ff830adf32c94c03dcfff1982ce6a60f68c6dc,9.5502061806619167,-0.006152445817813379,0.45000000000000001,0.019449759512503773,CASH,0.025000000000000001,True,0,0,412,0,0.43055024048749624,0,0.4508407527403811,0,0.95445899999999995,,b3b0f5f0c7ba37955eb497ede4c372a22080524d18e1a9cfc8cfbd72e2eedc3d,5.9404897093772888
413,2022-02-18,2022-02-19,bear,0.0022549943625143,0.0010113499896344802,0.45000000000000001,0.0033940294141399652,CASH,0.025000000000000001,True,5,5,413,0,0.44660597058586005,0,0.45005413404633415,0,0.99672433751341682,,92353002f47a939361950509393ad2a49795adc16ec9a64935a67cb2298b5399,10.062557220458984,0.0010113499896344802,0.45000000000000001,0.0033940294141399652,CASH,0.025000000000000001,True,0,0,413,0,0.44660597058586005,0,0.45005413404633415,0,0.99672433751341682,,2f7248bc0f02873cae13f7a9fd5c8b4018d7c6030e4367a26f09988e11d5a266,6.1595461219549179
414,2022-02-19,2022-02-20,bear,-0.043284784598768299,-0.019478699754829409,0.45000000000000001,0.00055754533700597131,CASH,0.025000000000000001,True,5,5,414,0,0.45055754533700598,0,0.45001117377975175,0,0.99903261184674441,,38684a4a9d36890ac8380a771eb6c7e31f3f0f76c952bc7a00a7c94609574314,10.013266665861011,-0.019478699754829409,0.45000000000000001,0.00055754533700597131,CASH,0.025000000000000001,True,0,0,414,0,0.45055754533700598,0,0.45001117377975175,0,0.99903261184674441,,56ceb919495ad26602f219c70be05eacc29c5e442b23909a66a7afffa5d0dca4,6.2038263510912657
415,2022-02-20,2022-02-21,bear,-0.034866379872246098,-0.015700625316706351,0.45000000000000001,0.010925798565051104,CASH,0.025000000000000001,True,5,5,415,0,0.43907420143494891,0,0.45003756848236359,0,0.99761441267410522,,6171c60dc3d31816d3dc729aae9608dd7222c5f1ae13f9046fec142815005897,10.179648907855153,-0.015700625316706351,0.45000000000000001,0.010925798565051104,CASH,0.025000000000000001,True,0,0,415,0,0.43907420143494891,0,0.45003756848236359,0,0.99761441267410522,,b69cf2d5aa416c60d5ce2911d2c2ef90ce5b0c7a175bfa498e7ff34b7bdc8678,6.1478741839528084
416,2022-02-21,2022-02-22,bear,0.033240855050421701,0.01494948665097029,0.45000000000000001,0.0087669818318784065,CASH,0.025000000000000001,True,2,5,416,0,0.4412330181681216,0,0.45009546627631841,0,0.99450353828708116,,7d319370b70e4e156b936a816b0da88877966d2886cc76bbfecd415c4f760124,8.2451406717300415,0.01494948665097029,0.45000000000000001,0.0087669818318784065,CASH,0.025000000000000001,True,0,0,416,0,0.4412330181681216,0,0.45009546627631841,0,0.99450353828708116,,2382ecbb8a6847c5d97c8cf05b5b5ede772dc36ce4bdf683c494a214c11e6775,6.1467870231717825
417,2022-02-22,2022-02-23,bear,-0.026762043704017299,-0.012050927909611264,0.45000000000000001,0.0081058610366788186,CASH,0.025000000000000001,True,2,5,417,0,0.45810586103667883,0,0.45002745056049653,0,0.99815805313356243,,776fdfd60a6295be3e6d9043dcba26cf44b0b479d4cb6abbc4eb28ad41925f68,8.3965733908116817,-0.012050927909611264,0.45000000000000001,0.0081058610366788186,CASH,0.025000000000000001,True,0,0,417,0,0.45810586103667883,0,0.45002745056049653,0,0.99815805313356243,,18eb191c586603eedf0d58f6045faa507eeab0f50da7e5573ed7f1004217dacc,6.153529342263937
418,2022-02-23,2022-02-24,bear,0.029942564863020701,0.013467359507257859,0.45000000000000001,0.0067043457135915197,CASH,0.025000000000000001,True,3,5,418,0,0.44329565428640849,0,0.45014194714034245,0,0.9920061006672124,,6cc0f0b821bdcba94d8167927bc5888da0c43bac5669bb62ebfe853a9eeeb8eb,8.8393877390772104,0.013467359507257859,0.45000000000000001,0.0067043457135915197,CASH,0.025000000000000001,True,0,0,418,0,0.44329565428640849,0,0.45014194714034245,0,0.9920061006672124,,b70fba8fd7a8f77025f0bf87b08c71c4e1648da46ae310e4b5147d779ee883aa,6.2641017269343138
419,2022-02-24,2022-02-25,bear,0.0227026124697438,0.010208788649761935,0.45000000000000001,0.0073122583076946079,CASH,0.025000000000000001,True,2,5,419,0,0.45731225830769462,0,0.45002729440921424,0,0.99816644321758663,,09629d5d5076146f807cea5e183962ae1ad46978a21584accde90aa46550bad4,8.408311452716589,0.010208788649761935,0.45000000000000001,0.0073122583076946079,CASH,0.025000000000000001,True,0,0,419,0,0.45731225830769462,0,0.45002729440921424,0,0.99816644321758663,,b6f662ad4fa3a77164715e06a5c696d9ab4c4c8011e5a2a54aa569ff57dc87fe,6.1486497186124325
420,2022-02-25,2022-02-26,bear,-0.0023999224679669001,-0.0010855211772067275,0.45000000000000001,0.0055620734669596938,CASH,0.025000000000000001,True,5,5,420,0,0.4555620734669597,0,0.45007253053050383,0,0.99573588615187525,,1f89309cc51404534c45c716a8cae5f85311362690286283f1b1df756fa556eb,10.019056472927332,-0.0010855211772067275,0.45000000000000001,0.0055620734669596938,CASH,0.025000000000000001,True,0,0,420,0,0.4555620734669597,0,0.45007253053050383,0,0.99573588615187525,,8980c086044a4f9656144bd63fdd9b9a6fa7a3d37da4a3a48cff7a179e444cc2,6.1841177437454462
421,2022-02-26,2022-02-27,bear,-0.0364663624394422,-0.016410447963050023,0.45000000000000001,0.00059462298289730819,CASH,0.025000000000000001,True,5,5,421,0,0.4494053770171027,0,0.45019811676247268,0,0.98898808162957763,,6da1437a8df916003f8f984faa89136b5d8f4aa9ba53cec0ab75ef28d04939fa,10.071793744340539,-0.016410447963050023,0.45000000000000001,0.00059462298289730819,CASH,0.025000000000000001,True,0,0,421,0,0.4494053770171027,0,0.45019811676247268,0,0.98898808162957763,,1fd7b6ae2ed1494bd47d6bfa05362db65ad56aff2a4a13d696bf85dbd7e5af5f,6.1200835183262825
422,2022-02-27,2022-02-28,bear,0.14590690677145371,0.06564832956661304,0.45000000000000001,0.0091760016343666595,CASH,0.025000000000000001,True,5,5,422,0,0.44082399836563335,0,0.45010840676192271,0,0.9938082402134274,,8818fdc89a6b075746a538d346592e551e035a0663126459e9c4160a968b2f77,10.022699749097228,0.06564832956661304,0.45000000000000001,0.0091760016343666595,CASH,0.025000000000000001,True,0,0,422,0,0.44082399836563335,0,0.45010840676192271,0,0.9938082402134274,,8a7208e4f0bea8be70d457404ea4132182360afff091e153b73e7c1d595fe2dc,6.2416525725275278
423,2022-02-28,2022-03-01,bear,0.028528625874660402,0.012803559603338011,0.45000000000000001,0.033887002926399068,CASH,0.025000000000000001,True,5,5,423,0,0.48388700292639908,0,0.44241960953616599,0,0.99846906411294123,,d4bf740774923cd1a5ce1accfdd0b07c08861ca5d122d5e82e7dc37485d585d2,10.097176011651754,0.012803559603338011,0.45000000000000001,0.033887002926399068,CASH,0.025000000000000001,True,0,0,423,0,0.48388700292639908,0,0.44241960953616599,0,0.99846906411294123,,2747335c6bb3d35313192377b032da4783b973d18c7caa3550af6bf5d6c8ef7b,6.1058280635625124
424,2022-03-01,2022-03-02,bear,-0.0114249566076771,-0.0051481659698966453,0.45000000000000001,0.0069713376957429296,CASH,0.050000000000000003,True,5,5,424,0,0.45697133769574294,0,0.43246725753402215,0,0.94400354573538958,,f5e16eddc89b28f2b701f7917c5c80e2cfa7f79baa8704fd266347ca369aa194,10.075484128668904,-0.0051481659698966453,0.45000000000000001,0.0069713376957429296,CASH,0.050000000000000003,True,0,0,424,0,0.45697133769574294,0,0.43246725753402215,0,0.94400354573538958,,1919773fbaca71b385a819f53fcd9a44b225bd6df2e95b2f767c42741533a6db,6.2769865281879902
425,2022-03-02,2022-03-03,bear,-0.033015430580605201,-0.014859743823161686,0.45000000000000001,0.0028422896264418962,CASH,0.050000000000000003,True,2,5,425,0,0.44715771037355811,0,0.43727395479371317,0,0.75590000000000002,,ebb447360eee3404fe0be5a5c0beb2e2432c8005285fc10c1d555d75e8482f2d,7.9204471223056316,-0.014859743823161686,0.45000000000000001,0.0028422896264418962,CASH,0.050000000000000003,True,0,0,425,0,0.44715771037355811,0,0.43727395479371317,0,0.75590000000000002,,ee3384864d1b9cbb1e2e7c8bdee880b717eb891d9cf42a73fade71d18fd0f28a,5.765162531286478
426,2022-03-03,2022-03-04,bear,-0.078192779596354497,-0.035194753510812027,0.45000000000000001,0.0082945507426077092,CASH,0.050000000000000003,True,3,5,426,0,0.4417054492573923,0,0.43354152075511287,0,0.90196244630743605,,8da8241d1d2bd1e6fecd82be00c32466b6bba3afca04edae6c6f7e5ef0c53de0,8.7024736683815718,-0.035194753510812027,0.45000000000000001,0.0082945507426077092,CASH,0.050000000000000003,True,0,0,426,0,0.4417054492573923,0,0.43354152075511287,0,0.90196244630743605,,8cdfa6e87e480045486bebd1488508715dbbe5b3cba7db2a5fbb6828e4dbad4b,6.1411631964147091
427,2022-03-04,2022-03-05,bear,0.0064660843528936002,0.0028896210871796058,0.45000000000000001,0.020058506624481776,CASH,0.050000000000000003,True,5,5,427,0,0.42994149337551824,0,0.4321534508814302,0,0.95628431349584564,,04f37d2b23717bfabbce69c1179dc9bec31fc12d4baa3653a216a41d5e158874,10.035793224349618,0.0028896210871796058,0.45000000000000001,0.020058506624481776,CASH,0.050000000000000003,True,0,0,427,0,0.42994149337551824,0,0.4321534508814302,0,0.95628431349584564,,d41cc4804d4b3c7ed5dc58f3d13f6d6d5ded02d9aa972fcc1a9f5236be9a5955,6.1898789908736944
428,2022-03-05,2022-03-06,bear,-0.025198117565831998,-0.011340730523364706,0.45000000000000001,0.0015957127713190911,CASH,0.050000000000000003,True,5,5,428,0,0.4515957127713191,0,0.43111796007790015,0,0.99680806122198384,,e8ddd7f10424b243efa7a9831fdc882b22e0128a6a0dc6817b9f3ee3531d0854,10.026795953512192,-0.011340730523364706,0.45000000000000001,0.0015957127713190911,CASH,0.050000000000000003,True,0,0,428,0,0.4515957127713191,0,0.43111796007790015,0,0.99680806122198384,,7358df91311a6f7b418466a29c3c3f73cf85b58affa07f597d5f50ca925cdc81,6.3043323960155249
429,2022-03-06,2022-03-07,bear,-0.0098507672557681999,-0.0044391253646113293,0.45000000000000001,0.0063080621791243852,CASH,0.050000000000000003,True,5,5,429,0,0.44369193782087563,0,0.43108654435914129,0,0.99803750976103522,,005fb40e4042b23b1270853573ca1083d416e04cd1ae34274bc3b88d31bc86b2,10.040553791448474,-0.0044391253646113293,0.45000000000000001,0.0063080621791243852,CASH,0.050000000000000003,True,0,0,429,0,0.44369193782087563,0,0.43108654435914129,0,0.99803750976103522,,79ea5a90fdec9328dc0cbdaa8cd288373888a5b943be2ab150a3f72b37105786,6.1586873214691877
430,2022-03-07,2022-03-08,bear,0.018935010835033898,0.0085182850885314743,0.45000000000000001,0.0024489205818082893,CASH,0.050000000000000003,True,5,5,430,0,0.44755107941819172,0,0.43104349702773875,0,0.99972215937813724,,34a07bd4f11553e04fe94c01d2ea00422e204ff5163003cc6b2ba719399f80b5,9.9834516085684299,0.0085182850885314743,0.45000000000000001,0.0024489205818082893,CASH,0.050000000000000003,True,0,0,430,0,0.44755107941819172,0,0.43104349702773875,0,0.99972215937813724,,7c8de289a17be5e2ab954100834ead9a2ceb6bd1ca8ac6e9d052f0c6102d9bda,6.3102633710950613
431,2022-03-08,2022-03-09,bear,0.082183931779232305,0.036977950627593348,0.45000000000000001,0.0046468207610146361,CASH,0.050000000000000003,True,5,5,431,0,0.45464682076101465,0,0.43104185430498043,0,0.99978644703953723,,20feb05681dd349edfcd2130019f35a916a711f59dfa48f0e23035ecad9c72e0,10.00931541249156,0.036977950627593348,0.45000000000000001,0.0046468207610146361,CASH,0.050000000000000003,True,0,0,431,0,0.45464682076101465,0,0.43104185430498043,0,0.99978644703953723,,5e9bff5734ffd2b0e18901b4bf8fe055ce536f1512428f88da0f36616939b464,6.1320528872311115
432,2022-03-09,2022-03-10,bear,-0.059927496482148297,-0.026986459551489816,0.45000000000000001,0.019615102311755561,CASH,0.050000000000000003,True,5,5,432,0,0.46961510231175557,0,0.43104467300100052,0,0.99967613787483622,,c6b071ecda78f57f0f788cc6a76c24147f4a4e4edbfb040cce73efd6c2d18488,10.026474745944142,-0.026986459551489816,0.45000000000000001,0.019615102311755561,CASH,0.050000000000000003,True,0,0,432,0,0.46961510231175557,0,0.43104467300100052,0,0.99967613787483622,,8fa466cda9935c5bf2f8e0528acffb29d0f2d5dd99ac8d1affec66db60a1ec96,6.2316240426152945
433,2022-03-10,2022-03-11,bear,-0.017406504415685999,-0.0078480507111461373,0.45000000000000001,0.015243122351834115,CASH,0.050000000000000003,True,2,5,433,0,0.4347568776481659,0,0.43119272680256454,0,0.99388207882140722,,a6b096ed51a585d6cee088bb9ed0d2b525278238f44ff036897451af400bb55a,8.2016540225595236,-0.0078480507111461373,0.45000000000000001,0.015243122351834115,CASH,0.050000000000000003,True,0,0,433,0,0.4347568776481659,0,0.43119272680256454,0,0.99388207882140722,,aa892ea59b309dc6fe885ef6eda67c6d290b795f4fe127c34184870029b77629,6.190415496006608
434,2022-03-11,2022-03-12,bear,0.0021714321124083999,0.00097279808634143095,0.45000000000000001,0.0043421213624835753,CASH,0.050000000000000003,True,5,5,434,0,0.44565787863751644,0,0.43105718765600226,0,0.9991863790890948,,b98d45c419af1fbf5888cf2cac8c52e2d3a6b9f6ffd82588be3ef30fc8377385,10.01989278383553,0.00097279808634143095,0.45000000000000001,0.0043421213624835753,CASH,0.050000000000000003,True,0,0,434,0,0.44565787863751644,0,0.43105718765600226,0,0.9991863790890948,,eea9086e04c8f72a19e71d450c47e5e33e0e37d8c01660713a1e91e04db48515,6.3255375809967518
435,2022-03-12,2022-03-13,bear,-0.026327925532600101,-0.011848097033468785,0.45000000000000001,0.00053690481426132974,CASH,0.050000000000000003,True,5,5,435,0,0.45053690481426134,0,0.43103898411446701,0,0.99989877143203076,,3f1dce500ff1b3b27337d9695d8f6721310918cebd2e4c37ca250232c9eac4eb,10.073784435167909,-0.011848097033468785,0.45000000000000001,0.00053690481426132974,CASH,0.050000000000000003,True,0,0,435,0,0.45053690481426134,0,0.43103898411446701,0,0.99989877143203076,,ecab2a6ed624ca9c1d804ceada5f3cd381c54e75b9e17524cd956956d9e359f2,6.1042514331638813
436,2022-03-13,2022-03-14,bear,0.0497110530159501,0.022363232055298221,0.45000000000000001,0.0065942878328705268,CASH,0.050000000000000003,True,3,5,436,0,0.44340571216712948,0,0.43104098832797139,0,0.99982033689493122,,24154002320ff5ddf55214f42d453a7149e9a271ebcc10c84ad2cace1516000e,8.8157898727804422,0.022363232055298221,0.45000000000000001,0.0065942878328705268,CASH,0.050000000000000003,True,0,0,436,0,0.44340571216712948,0,0.43104098832797139,0,0.99982033689493122,,703b2235a7edafbeed195a62175c4c0fdf74a038193b15429c3d83ea8945c15e,6.2853221856057644
437,2022-03-14,2022-03-15,bear,-0.0097148806057810004,-0.0043836779415006299,0.45000000000000001,0.012034279112315138,CASH,0.050000000000000003,True,5,5,437,0,0.46203427911231515,0,0.43104144982472314,0,0.99980227630208163,,9353b37482abdb7a876653a9e9f423d90ae76de8b4e1052506c312647e1c86ce,10.084629083052278,-0.0043836779415006299,0.45000000000000001,0.012034279112315138,CASH,0.050000000000000003,True,0,0,437,0,0.46203427911231515,0,0.43104144982472314,0,0.99980227630208163,,ddc2444c64a023c525a3a73741171db36fad9a3338466a7821b4a90b70ae44ec,6.1598875615745783
438,2022-03-15,2022-03-16,bear,0.046658198784799501,0.020993723757005478,0.45000000000000001,0.0024149905551390516,CASH,0.050000000000000003,True,3,5,438,0,0.44758500944486096,0,0.43106775552425503,0,0.99877280745470598,,4fd31e217082bd6ce78ae9c37e42d80caae8329bbabf0fcd9a17bb5bb46f4bff,8.7127748839557171,0.020993723757005478,0.45000000000000001,0.0024149905551390516,CASH,0.050000000000000003,True,0,0,438,0,0.44758500944486096,0,0.43106775552425503,0,0.99877280745470598,,2a66792c231cc96452457686f1d915b36af124bb10074ad2a046299c9b8c812a,6.1459257453680038
439,2022-03-16,2022-03-17,bear,-0.0049588143594031997,-0.0022427516511938084,0.45000000000000001,0.011310428303775488,CASH,0.050000000000000003,True,5,5,439,0,0.4613104283037755,0,0.43107662848691175,0,0.99842556564772245,,4d3698baac98f84cd3592d553a73402574a70b2a2bf3d30abe98bdac8ee63ed1,10.101258002221584,-0.0022427516511938084,0.45000000000000001,0.011310428303775488,CASH,0.050000000000000003,True,0,0,439,0,0.4613104283037755,0,0.43107662848691175,0,0.99842556564772245,,faab295648ed340ceff247fcdbf0b25f17686cfb0433749ba65509e47a758c27,6.1642931401729584
440,2022-03-17,2022-03-18,bear,0.0208482016287505,0.0093804491416038527,0.45000000000000001,0.0012300513723358941,CASH,0.050000000000000003,True,5,5,440,0,0.44876994862766412,0,0.43117876298260988,0,0.99442855041370515,,e66d970e805d36e59ff5d106198b0a5049031e5030d723a5ad2e58093aec8a16,9.9652231652289629,0.0093804491416038527,0.45000000000000001,0.0012300513723358941,CASH,0.050000000000000003,True,0,0,440,0,0.44876994862766412,0,0.43117876298260988,0,0.99442855041370515,,1678586ce0783acf39ad31c1ca72382f10fd0de3aeadf8412a516209e849ba68,6.2284811101853848
441,2022-03-18,2022-03-19,bear,0.0111377664133613,0.0050068572938677391,0.45000000000000001,0.0051119709724167794,CASH,0.050000000000000003,True,5,5,441,0,0.45511197097241679,0,0.4311377766494715,0,0.99603254323822277,,ed31c16abddc813ed54de9df835d8aac93c586e5afe60571d1916ae758c99769,10.061570223420858,0.0050068572938677391,0.45000000000000001,0.0051119709724167794,CASH,0.050000000000000003,True,0,0,441,0,0.45511197097241679,0,0.4311377766494715,0,0.99603254323822277,,8bda8742a232defaf53fb1bd9c50643c16a8af7ffcaa0a8144c6baf1893c2d1f,6.1393110994249582
442,2022-03-19,2022-03-20,bear,-0.022660005209196601,-0.010199717225327198,0.45000000000000001,0.0027428500369486852,CASH,0.050000000000000003,True,5,5,442,0,0.4527428500369487,0,0.4316135514433318,0,0.97741318170877245,,f696297f92704fb2d07507cd3d95ef9f6343fa9b26200b2d6102a69b8482708c,9.9652226641774178,-0.010199717225327198,0.45000000000000001,0.0027428500369486852,CASH,0.050000000000000003,True,0,0,442,0,0.4527428500369487,0,0.4316135514433318,0,0.97741318170877245,,74b8abd018d3100b30f175bfd772984b1aa67d0ef9d6ee6035aa908ef568d829,6.2129159737378359
443,2022-03-20,2022-03-21,bear,-0.0061536970636688997,-0.0027748141170309548,0.45000000000000001,0.0056661288181167335,CASH,0.050000000000000003,True,5,5,443,0,0.44433387118188328,0,0.43390835749036116,0,0.88760635509998964,,6d04aabf3253ee39f5ab9f92f5fddb960e5d73f2ba261d270c2998e77fc8ff73,9.9952216409146786,-0.0027748141170309548,0.45000000000000001,0.0056661288181167335,CASH,0.050000000000000003,True,0,0,443,0,0.44433387118188328,0,0.43390835749036116,0,0.88760635509998964,,c4b0417ded5f97e712c11ab84a051bee88174e654ce1ea9edb82050a2a0366a5,6.1602354682981968
444,2022-03-21,2022-03-22,bear,0.032933547852371702,0.014818546630007035,0.45000000000000001,0.0015272692818809608,CASH,0.050000000000000003,True,5,5,444,0,0.44847273071811905,0,0.43250230562121428,0,0.9426319450740136,,18fdb9bbdba561c1d37316c65dc013d0d1eb35f5be8f83c258d0bca702569048,10.056049739941955,0.014818546630007035,0.45000000000000001,0.0015272692818809608,CASH,0.050000000000000003,True,0,0,444,0,0.44847273071811905,0,0.43250230562121428,0,0.9426319450740136,,401294ea53d5c22e0c1de913f1ea09630b02a02cc7e683aaf09c671a903954e8,6.2049848325550556
445,2022-03-22,2022-03-23,bear,0.012720364382979601,0.0057160859779397111,0.45000000000000001,0.0080320178140977916,CASH,0.050000000000000003,True,2,5,445,0,0.4580320178140978,0,0.43230888761088454,0,0.94999999999999996,,522bb7ad16a24d8c7155b933af2ad2e6505b314a1630494304db9612e0ac00c1,7.7084312718361616,0.0057160859779397111,0.45000000000000001,0.0080320178140977916,CASH,0.050000000000000003,True,0,0,445,0,0.4580320178140978,0,0.43230888761088454,0,0.95020132486478359,,6cbe0e13309471a5cce5163835192c06726b778f6efc338f6ea0cc90f8a79797,6.125485323369503
446,2022-03-23,2022-03-24,bear,0.025657158836688902,0.011542554962687968,0.45000000000000001,0.003130371425453804,CASH,0.050000000000000003,True,2,5,446,0,0.45313037142545382,0,0.43927658496002026,0,0.67752170614908913,,1dc4bebf491c61220da70e88b0622c4e9d9eb0690e81e0acf9f39f8a7c99b155,8.1920992098748684,0.011542554962687968,0.45000000000000001,0.003130371425453804,CASH,0.050000000000000003,True,0,0,446,0,0.45313037142545382,0,0.43927658496002026,0,0.67752170614908913,,62dca50804bfdf9b604b2b7c094b815d1aaeea502b78d4249c220da2bfa916f4,6.257685961201787
447,2022-03-24,2022-03-25,mix,0.0072251380274011004,0.0032450140350552825,0.45000000000000001,0.0062776666217434496,ABSTAIN,0.050000000000000003,True,0,5,447,0.0021779132301820159,0.45627766662174346,0,0.47341183199433612,0.35000000000000003,0.73201007488360914,,67fab0d0f5bc8ba18194a95bb8897bd0777508ab6542fac6c52f5750cdb5c5db,7.7269291877746582,0.0032450140350552825,0.45000000000000001,0.0062776666217434496,ABSTAIN,0.050000000000000003,True,0,0,447,0.0021779132301820159,0.45627766662174346,0,0.47341183199433612,0.35000000000000003,0.73201007488360914,,b6959f257b8fdbaecfea01205bd4601ce399219d247a3c4db0db4c62cb74a086,5.7449936419725418
448,2022-03-25,2022-03-26,mix,0.0048949944733933,0.0023991616507557101,0.5,0.048217573562882587,ABSTAIN,0.050000000000000003,True,0,5,448,0.0022987736977133633,0.45178242643711741,0.35163957275242902,0.4763071018504102,0.5,0.63140246437846181,,d20f7bc54d0bf1803c3d6e9a5f8689f26125902f8e951caedb713dcaf2c2f1d0,6.9013706650584936,0.0023991616507557101,0.5,0.048217573562882587,ABSTAIN,0.050000000000000003,True,0,0,448,0.0022987736977133633,0.45178242643711741,0.35163957275242902,0.4763071018504102,0.5,0.80000000000000004,,1e188a8d8ca2d3364adeb9c821741a5ebc704bb920f562d48941e52ea622f099,5.3429430685937405
449,2022-03-26,2022-03-27,mix,0.051876627458022899,0.025937061303724862,0.5,0.0012207608096401756,ABSTAIN,0.050000000000000003,True,0,5,449,0.025937061303724862,0.50122076080964018,0.50122076080964018,0.47780322068743741,0.5,0.63140246437846181,,6f8636a278358ac92124adaa7f2858aec625d96d424475b6fb5815561586e0dc,6.8592559732496738,0.025937061303724862,0.5,0.0012207608096401756,ABSTAIN,0.050000000000000003,True,0,0,449,0.025937061303724862,0.50122076080964018,0.50122076080964018,0.47780322068743741,0.5,0.80000000000000004,,091cdb11584de49fc0974f6bab17c4545ef78556b3a7ca8712bd1a1c96e796f1,5.2483316008001566
450,2022-03-27,2022-03-28,mix,0.0052497919289783996,0.0026122215186887843,0.5,0.012641263798177427,ABSTAIN,0.050000000000000003,True,5,5,450,0.0026122215186887843,0.51264126379817743,0.51264126379817743,0.4775590662343866,0.5,0.63140246437846181,,dc6c454b45f455eacf464ce9236bbb6203b484126a71bad72b7270e62d288c28,9.7112152483314276,0.0026122215186887843,0.5,0.012641263798177427,ABSTAIN,0.050000000000000003,True,0,0,450,0.0026122215186887843,0.51264126379817743,0.51264126379817743,0.4775590662343866,0.5,0.5,,7f43bafcbad85b49bf138ec3f2204558a792072eefb56827abef2ed49cb2c2eb,5.4437147844582796
451,2022-03-28,2022-03-29,mix,0.0073028340940453004,0.0036501032553120094,0.5,0.0013090119620280394,ABSTAIN,0.050000000000000003,True,0,5,451,0.0036501032553120094,0.50130901196202804,0.50130901196202804,0.47978114439651731,0.5,0.63140246437846181,,ecc824576d1fa11d7241e7bd62ff780eb590360b4635f0e027e3816c2a145816,6.8506119064986706,0.0036501032553120094,0.5,0.0013090119620280394,ABSTAIN,0.050000000000000003,True,0,0,451,0.0036501032553120094,0.50130901196202804,0.50130901196202804,0.47978114439651731,0.5,0.96876083452078465,,ea4bbeda727c841e745001f6a47a30a9128506dfc21b47b436bd0846454b8269,5.7562249470502138
452,2022-03-29,2022-03-30,mix,-0.0078821471474635994,-0.0039428854710110706,0.5,0.0018190663536181706,ABSTAIN,0.050000000000000003,True,0,5,452,-0.0039428854710110706,0.50181906635361817,0.50181906635361817,0.47966130285614439,0.5,0.63140246437846181,,47a4be5b8d9b2e40dbdbcb191a8a84197b1317ca17e7a35b945478d1b592859c,6.9744345620274544,-0.0039428854710110706,0.5,0.0018190663536181706,ABSTAIN,0.050000000000000003,True,0,0,452,-0.0039428854710110706,0.50181906635361817,0.50181906635361817,0.47966130285614439,0.5,0.96415048580315277,,27a1b5e146b98e06a7433e804c404a96d50d422e4899e816092de8aaeddcdc20,5.9047000333666801
453,2022-03-30,2022-03-31,mix,-0.032926181625066303,-0.016465036576593262,0.5,0.0019783335449198303,ABSTAIN,0.050000000000000003,True,5,5,453,-0.016465036576593262,0.49802166645508017,0.49802166645508017,0.48031315070781277,0.5,0.63140246437846181,,6021129fd2623a2f87c161af2da986e4bf8e0a0929411973a11a65236123da7e,9.5665844175964594,-0.016465036576593262,0.5,0.0019783335449198303,ABSTAIN,0.050000000000000003,True,0,0,453,-0.016465036576593262,0.49802166645508017,0.49802166645508017,0.48031315070781277,0.5,0.98781924940359078,,778c6dcaab159beba7d697c8c87ea0955659802ac37747abe12ddaafeea3c6bf,5.7473270073533058
454,2022-03-31,2022-04-01,mix,0.016957715540911501,0.0084704174776395469,0.5,0.0083693304535636948,ABSTAIN,0.050000000000000003,True,0,5,454,0.0084704174776395469,0.49163066954643631,0.49163066954643631,0.4790209245140693,0.5,0.63140246437846181,,348419b3c04635181e8f2aa439f22a3b156cee8e00b5a4935b81b0e0cf0def12,6.7802398018538952,0.0084704174776395469,0.5,0.0083693304535636948,ABSTAIN,0.050000000000000003,True,0,0,454,0.0084704174776395469,0.49163066954643631,0.49163066954643631,0.4790209245140693,0.5,0.94999999999999996,,f7e698f6cc33b54b349019137ff911be6d7395cade3dc2075f3775bfa32fcb25,5.4082098137587309
455,2022-04-01,2022-04-02,mix,-0.0104974404389053,-0.0052529019405433974,0.5,0.0042037855851538852,ABSTAIN,0.050000000000000003,True,0,5,455,-0.0052529019405433974,0.50420378558515389,0.50420378558515389,0.47665961482964281,0.5,0.88925422319521263,,61d2e0e265fbb5813fbc8b721da269f50e0ee526bdae0c61f265d72b5d39be1b,7.7243381217122078,-0.0052529019405433974,0.5,0.0042037855851538852,ABSTAIN,0.050000000000000003,True,0,0,455,-0.0052529019405433974,0.50420378558515389,0.50420378558515389,0.47665961482964281,0.5,0.80000000000000004,,f341534ddd3c0cdb41b7f1b1d1048aa3073809d45d1f1c328978a4ff707bfbe5,5.2298485562205315
456,2022-04-02,2022-04-03,mix,0.013009975770011501,0.0065023325161770451,0.5,0.0026382073218395585,ABSTAIN,0.050000000000000003,True,0,5,456,0.0065023325161770451,0.49736179267816044,0.49736179267816044,0.47938579741768811,0.5,0.63140246437846181,,722edd56a3472d35e423984b2ebf5b935b6b23e9885bb440fbded205924f3192,6.8721591494977474,0.0065023325161770451,0.5,0.0026382073218395585,ABSTAIN,0.050000000000000003,True,0,0,456,0.0065023325161770451,0.49736179267816044,0.49736179267816044,0.47938579741768811,0.5,0.96473490476380919,,a752cae3796637261d787896acf7e25ca0e85fffcb444d35c1612605c6526067,5.9064278490841389
457,2022-04-03,2022-04-04,mix,0.0047837610705280999,0.0023886413327178779,0.5,0.0032314732481728559,ABSTAIN,0.050000000000000003,True,0,5,457,0.0023886413327178779,0.50323147324817286,0.50323147324817286,0.4777398256267229,0.5,0.91863090309118756,,8bf0ad7fabd89dc5a0e31ad06130fa6a99a5cc9a7f8dc1d7b100677559685c90,7.7373710237443447,0.0023886413327178779,0.5,0.0032314732481728559,ABSTAIN,0.050000000000000003,True,0,0,457,0.0023886413327178779,0.50323147324817286,0.50323147324817286,0.4777398256267229,0.5,0.91863090309118756,,a38f1b08e0cb15be37b330cadcabd26e6991965764f08f82025f370000dbc259,5.7491227127611637
458,2022-04-04,2022-04-05,mix,-0.024083724720667402,-0.012043041079896843,0.5,0.0011930865471430074,ABSTAIN,0.050000000000000003,True,0,5,458,-0.012043041079896843,0.50119308654714301,0.50119308654714301,0.48024629399356272,0.5,0.63140246437846181,,2fc80b9a224a8eacba0a0c54e415721f6db9a0b4686491e176b182f63b428426,6.8945393525063992,-0.012043041079896843,0.5,0.0011930865471430074,ABSTAIN,0.050000000000000003,True,0,0,458,-0.012043041079896843,0.50119308654714301,0.50119308654714301,0.48024629399356272,0.5,0.5,,da05082bb5d859d930a5a28c98ac9ffcd6636b37ed04f829ce6fb286026e45fd,5.4030057117342949
459,2022-04-05,2022-04-06,mix,-0.051267964664000201,-0.025639920428477181,0.5,0.006094318120149822,ABSTAIN,0.050000000000000003,True,5,5,459,-0.025639920428477181,0.49390568187985018,0.49390568187985018,0.48025793479871198,0.5,0.63140246437846181,,6d3ee1ceff4eecdfcf81a97dd0dc5c8d2f156a42ea0911eb2d5d9b4c3e7eb40e,10.555805772542953,-0.025639920428477181,0.5,0.006094318120149822,ABSTAIN,0.050000000000000003,True,0,0,459,-0.025639920428477181,0.49390568187985018,0.49390568187985018,0.48025793479871198,0.5,0.5,,446d56e0d33baf496ab60499c3d47dad6ad3406134eb54f6a0ff47da930b6470,5.268114235252142
460,2022-04-06,2022-04-07,mix,0.0063697218168763002,0.0031716648288675486,0.5,0.013154185320086997,ABSTAIN,0.050000000000000003,True,5,5,460,0.0031716648288675486,0.486845814679913,0.486845814679913,0.48002740332634031,0.5,0.63140246437846181,,9e037ca93c5075861c2f236443752c5938f09c4d15229a0553b91c20ad31ebde,9.6692135240882635,0.0031716648288675486,0.5,0.013154185320086997,ABSTAIN,0.050000000000000003,True,0,0,460,0.0031716648288675486,0.486845814679913,0.486845814679913,0.48002740332634031,0.5,0.97574017730506923,,856a12676dcd76177df187d43cf495e5063bda71e5e1a4cc836ffd8134aa30b4,5.8946318104863167
461,2022-04-07,2022-04-08,mix,-0.026997790462161601,-0.013500461178159506,0.5,0.0015873748859975834,ABSTAIN,0.050000000000000003,True,0,5,461,-0.013500461178159506,0.50158737488599758,0.50158737488599758,0.47746477031993562,0.5,0.91065702801422321,,8710e4bb343f37efa11b6d973f7703000ee44d98fbe9ce3c3a6da57e5bae0da0,7.7438086085021496,-0.013500461178159506,0.5,0.0015873748859975834,ABSTAIN,0.050000000000000003,True,0,0,461,-0.013500461178159506,0.50158737488599758,0.50158737488599758,0.47746477031993562,0.5,0.91065702801422321,,a70fbf2737ac84940df47972c06fcb1970eb9ad1f7348d875b3386edf82838fc,5.7385539207607508
462,2022-04-08,2022-04-09,mix,0.0116380839739798,0.0058121603698262359,0.5,0.0068418044165509118,ABSTAIN,0.050000000000000003,True,0,5,462,0.0058121603698262359,0.49315819558344909,0.49315819558344909,0.47761021750234411,0.5,0.91506357221941603,,974999fa2783bc5b19fe1f4b756a4676d6478673a57d5231ee68af4567341280,7.7487939726561308,0.0058121603698262359,0.5,0.0068418044165509118,ABSTAIN,0.050000000000000003,True,0,0,462,0.0058121603698262359,0.49315819558344909,0.49315819558344909,0.47761021750234411,0.5,0.91506357221941603,,88aec1839611fabebae7006d8ecb532d974fea3b6fc3a829bc38c314eb88b4df,6.5976601559668779
463,2022-04-09,2022-04-10,mix,-0.014707601655481999,-0.0066709633672200619,0.45000000000000001,0.052892688318713021,ABSTAIN,0.050000000000000003,True,0,5,463,-0.0066709633672200619,0.50289268831871303,0.50289268831871303,0.4703219146064781,0.45000000000000001,0.7126179933850687,,6d6cb15fb017af7aa6ff3fa9b87fc614197bd4b76e1b69652b749aa1d00fc637,7.7678282614797354,-0.0066709633672200619,0.45000000000000001,0.052892688318713021,ABSTAIN,0.050000000000000003,True,0,0,463,-0.0066709633672200619,0.50289268831871303,0.50289268831871303,0.4703219146064781,0.45000000000000001,0.54750132939023133,,cef0e19aef00813b8fee07e8311f6b7b4f5b9a9fc03884696554d3b154b879ef,5.7519760187715292
464,2022-04-10,2022-04-11,mix,-0.062675020171816295,-0.031389492761581983,0.5,0.053664383843781027,ABSTAIN,0.050000000000000003,True,0,5,464,-0.031389492761581983,0.44633561615621897,0.44633561615621897,0.47900781311762358,0.5,0.63140246437846181,,3dc05ce7adddbcd873878253e8c311c899052ddba054b273cd69bf02a09eabec,6.8619970753788948,-0.031389492761581983,0.5,0.053664383843781027,ABSTAIN,0.050000000000000003,True,0,0,464,-0.031389492761581983,0.44633561615621897,0.44633561615621897,0.47900781311762358,0.5,0.94999999999999996,,1d1aa89906eea8413c67f83857ecf97342055f7ac811d43231a2b4a492e42753,5.4175796248018742
465,2022-04-11,2022-04-12,mix,0.0147099779730106,0.007338694354754649,0.5,0.016175659949776378,ABSTAIN,0.050000000000000003,True,0,5,465,0.007338694354754649,0.48382434005022362,0.48382434005022362,0.47740444272276361,0.5,0.90973761587278157,,8658dc24d2c43ae8879bf89bc233deccbfe31b5027344e346f262bd2c3ffb16f,7.6907389480620623,0.007338694354754649,0.5,0.016175659949776378,ABSTAIN,0.050000000000000003,True,0,0,465,0.007338694354754649,0.48382434005022362,0.48382434005022362,0.47740444272276361,0.5,0.90973761587278157,,1b62d1c2810ac50e1b5b84bbdbdee51ea01fcdffa3bce7be57fed4be96fba12d,5.7501873672008514
466,2022-04-12,2022-04-13,bear,0.026323668845750801,0.011791364809736971,0.45000000000000001,0.053650644046497054,CASH,0.025000000000000001,True,5,5,466,0.0049594844853040332,0.50365064404649706,0.50365064404649706,0.4497236459490368,0.20000000000000001,0.54010975556850171,,d87ee325ab5af9dfb29739f5a9c49c57dd7f1302dbfee913c6ffa9109f9ec9d0,10.069423822686076,0.011791364809736971,0.45000000000000001,0.053650644046497054,ABSTAIN,0.025000000000000001,True,0,0,466,0.011791364809736971,0.50365064404649706,0.50365064404649706,0.46125502148619157,0.45000000000000001,0.62832111083908049,,49ef1c25826d04aff2bcdcc04f93197a022192889ab141524dd809d6cd1f2282,6.470363013446331
467,2022-04-13,2022-04-14,mix,-0.0291007220479906,-0.013101679438785707,0.45000000000000001,0.0064388358372737264,ABSTAIN,0.050000000000000003,True,0,5,467,-0.013337916227024182,0.45643883583727374,0.20418972920648318,0.46588049604904258,0.45000000000000001,0.58884809478915656,,4dedd0022944fc1b68e19e92d28e60279d059a75074d811a2e9f0feaa1acb25a,7.7361073903739452,-0.013101679438785707,0.45000000000000001,0.0064388358372737264,ABSTAIN,0.050000000000000003,True,0,0,467,-0.013101679438785707,0.45643883583727374,0.45643883583727374,0.46588049604904258,0.45000000000000001,0.61701976155820948,,ffd40625068ee4e77ac101204ef796ead72f9906c73b98d3c8dc789cf4dd7107,6.3778979443013668
468,2022-04-14,2022-04-15,mix,0.015625,0.0070239006875822962,0.45000000000000001,0.007297998366767755,ABSTAIN,0.050000000000000003,True,0,5,468,0.0070239006875822962,0.44270200163323226,0.44270200163323226,0.47150198148106648,0.45000000000000001,0.74559200392736236,,294d0f4063bc12b9f3a87fa4e855847c9d7b072fb1340f8996633d8218b378be,7.6729195639491081,0.0070239006875822962,0.45000000000000001,0.007297998366767755,ABSTAIN,0.050000000000000003,True,0,0,468,0.0070239006875822962,0.44270200163323226,0.44270200163323226,0.47150198148106648,0.45000000000000001,0.51719605226665288,,cc539d4c796568e83d916bbfc3da4e6b16a2441535a5bc17b1e236900bbec491,5.8506290279328823
469,2022-04-15,2022-04-16,bear,-0.0043885601577908001,-0.0019786846733970131,0.45000000000000001,0.0038401861908455848,CASH,0.025000000000000001,True,5,5,469,-0.00096192419671925489,0.4538401861908456,0.4538401861908456,0.45078650224184175,0.15000000000000002,0.50970574169088845,,9c93576f402a07ea1bd5a0f1cc7c62473a33dde18e4d42191df76a97e765b425,10.099472427740693,-0.0019786846733970131,0.45000000000000001,0.0038401861908455848,ABSTAIN,0.025000000000000001,True,0,0,469,-0.0019786846733970131,0.4538401861908456,0.4538401861908456,0.46234513050445308,0.45000000000000001,0.63106243264565454,,fc1fa9b3126d24f41a5006ad57141d3c46157b6cf15403066eb283348f7c6e90,6.297936050221324
470,2022-04-16,2022-04-17,mix,-0.0168144222673468,-0.0075675701034654264,0.45000000000000001,0.0010883179059236192,ABSTAIN,0.050000000000000003,True,0,5,470,-0.0078647757467464885,0.44891168209407639,0.14944009000007408,0.46509919989435161,0.45000000000000001,0.5670864067409912,,c67311075157d120969de565a129748d799f6ac69af2ffdec873a9e3b253205b,7.7242117170244455,-0.0075675701034654264,0.45000000000000001,0.0010883179059236192,ABSTAIN,0.050000000000000003,True,0,0,470,-0.0075675701034654264,0.44891168209407639,0.44891168209407639,0.46509919989435161,0.45000000000000001,0.5670864067409912,,e750f5be0118b15062015415b2c005ad272b0a25d7b12d56b26a46bd401fa338,5.9154518526047468
471,2022-04-17,2022-04-18,bear,0.027705714933380299,0.012463326141717745,0.45000000000000001,0.004193298059084527,CASH,0.025000000000000001,True,5,5,471,0.0024238067092063886,0.44580670194091548,0.44580670194091548,0.44982849365655686,0.10000000000000001,0.53711531589832373,,36bada80c7f95b6175c7a19346abbcebbafd2a525ea662151b3e5d9c9378d760,10.135636307299137,0.012463326141717745,0.45000000000000001,0.004193298059084527,ABSTAIN,0.025000000000000001,True,0,0,471,0.012463326141717745,0.44580670194091548,0.44580670194091548,0.4613625575964686,0.45000000000000001,0.62857804635234216,,03a1d3f770d112c6fda2150ec49abb70e501343de1457ac44c8b3ce894ce37ac,6.3088154420256615
472,2022-04-18,2022-04-19,bear,0.0171556013038256,0.0077131955761340354,0.45000000000000001,0.0067727250111946358,CASH,0.025000000000000001,True,5,5,472,-0.00010248662497169825,0.45677272501119465,0.10248662497174292,0.44004860484697689,0,0.81688800507302595,,d7d0295fa9be2ea2c3635ef042b94b5cf607c76e8e2390b0b446d2ce0e842685,9.9541309699416161,0.0077131955761340354,0.45000000000000001,0.0067727250111946358,CASH,0.025000000000000001,True,0,0,472,0.0022657780399784055,0.45677272501119465,0.45677272501119465,0.44004860484697689,0.15000000000000002,0.81688800507302595,,3063ab1e86ca3bde610df83877fa60e12015d12ec78143a6ebb79bb6716ec702,6.1612153816968203
473,2022-04-19,2022-04-20,bear,-0.0032527769076933998,-0.0014679569241238255,0.45000000000000001,0.0042134831460673983,CASH,0.025000000000000001,True,5,5,473,0,0.45421348314606741,0,0.44997618161782871,0,0.53289290628990227,,164a2dea2c7ea88a2dabbeac14762eaefa0a396dece230816b33027b805edbd6,10.171570379287004,-0.0014679569241238255,0.45000000000000001,0.0042134831460673983,ABSTAIN,0.025000000000000001,True,0,0,473,-0.0017611319522323754,0.45421348314606741,0.1521817248459959,0.46151403242854228,0.45000000000000001,0.62902809514733482,,6ba5a48e029cc4f9916b81e3f27e3ec0930535967b451d622b1e604ac279f756,6.4324521981179714
474,2022-04-20,2022-04-21,mix,-0.021417520789015699,-0.0096386828270075275,0.45000000000000001,0.00080624242168320093,ABSTAIN,0.050000000000000003,True,5,5,474,-0.0078435086298588308,0.44919375757831681,0,0.47156713945816769,0.35000000000000003,0.74748035195401785,,b6b6ead2188f7979d38f026146e298262154e458a1ccf393dbe055188a07d37f,10.533777136355639,-0.0096386828270075275,0.45000000000000001,0.00080624242168320093,ABSTAIN,0.050000000000000003,True,0,0,474,-0.0096386828270075275,0.44919375757831681,0.44919375757831681,0.47156713945816769,0.45000000000000001,0.75,,fab912a0fae486bb73be3373295dce95f40985200b7c4f4c152cd2e7cd75237a,5.4174778219312429
475,2022-04-21,2022-04-22,mix,-0.0190949063781433,-0.0085980143007858834,0.45000000000000001,0.0053524224236196627,ABSTAIN,0.050000000000000003,True,0,5,475,-0.0086967157019530728,0.44464757757638035,0.34509071335845237,0.47102574119375362,0.45000000000000001,0.73238337826265376,,f0a91b050964854e15e701eeffdd23c8d1ba255917ae53a84787ebd3867bf676,7.7687746472656727,-0.0085980143007858834,0.45000000000000001,0.0053524224236196627,ABSTAIN,0.050000000000000003,True,0,0,475,-0.0085980143007858834,0.44464757757638035,0.44464757757638035,0.47102574119375362,0.45000000000000001,0.73238337826265376,,5d7d147d132158b3f33186a9bd7a008333361ddc3f8d3f63772e3225dcf74f86,5.7756784241646528
476,2022-04-22,2022-04-23,bear,-0.0073283134805710998,-0.0033024922964294268,0.45000000000000001,0.0047669503402961722,CASH,0.025000000000000001,True,2,5,476,-0.0010778114001156469,0.44523304965970384,0.44523304965970384,0.44842182555624349,0.10000000000000001,0.57735576952436285,,dbc586bd5d2e458a2bbc146683c995287b94fa6030e3070077a76e0f1923f736,8.2495945207774639,-0.0033024922964294268,0.45000000000000001,0.0047669503402961722,CASH,0.025000000000000001,True,0,0,476,-0.0010778114001156469,0.44523304965970384,0.44523304965970384,0.44842182555624349,0.10000000000000001,0.57735576952436285,,4498a7c300a168bf12df6168897841f6c4e8385a07913a5eba6afd380d90524e,6.2923472691327333
477,2022-04-23,2022-04-24,bear,0.0011669795524886001,0.00052332008431088539,0.45000000000000001,0.0018197586793689546,CASH,0.025000000000000001,True,5,5,477,-9.9339968094636077e-05,0.44818024132063106,0.099339968094677683,0.44077988694878328,0,0.7959683446675464,,c2e9f9785897c7bb31b497ef7558e43fb14ff497cce281475edbc9ff0e466b96,10.134475778788328,0.00052332008431088539,0.45000000000000001,0.0018197586793689546,CASH,0.025000000000000001,True,0,0,477,-9.9339968094636077e-05,0.44818024132063106,0.099339968094677683,0.44077988694878328,0,0.7959683446675464,,7376c802d653ff1c08e2509042a86f424c49488d3b529dde994f7fbae3220526,6.1324145942926407
478,2022-04-24,2022-04-25,bear,0.024401986620717599,0.010980602133560335,0.45000000000000001,0.0002886758437778969,CASH,0.025000000000000001,True,5,5,478,0,0.45028867584377791,0,0.43520517457049834,0,0.95999999999999996,,67df5f5bf2d5b1c21655a6d43d103f95347cdaddb4b768ad6f63b34274b39d0f,9.637098416686058,0.010980602133560335,0.45000000000000001,0.0002886758437778969,CASH,0.025000000000000001,True,0,0,478,0,0.45028867584377791,0,0.43520517457049834,0,0.95544213266054556,,f89e1967319a3e3dda1d9954e0c1fc29b09a717ba5f932c74aa060b02dcdc8a0,6.2545542474836111
479,2022-04-25,2022-04-26,bear,-0.057238973953051199,-0.02576335829909826,0.45000000000000001,0.0059738930029187287,CASH,0.025000000000000001,True,5,5,479,0,0.45597389300291874,0,0.43575984549736824,0,0.93999999999999995,,bd5cdfbab60f9840d6db9dea3a70c43a8e579b8096c17fc41e73297f06f358a9,9.5494366101920605,-0.02576335829909826,0.45000000000000001,0.0059738930029187287,CASH,0.025000000000000001,True,0,0,479,0,0.45597389300291874,0,0.43575984549736824,0,0.93957488536293343,,63e14b2c26fe6282dbd965e6c5829c3fde8557511a8adcaca5862f4ad610fc5a,6.1361219957470894
480,2022-04-26,2022-04-27,bear,0.029648676304673001,0.013327169138572792,0.45000000000000001,0.014541191346097715,CASH,0.025000000000000001,True,2,5,480,0,0.4354588086539023,0,0.4454231081281792,0,0.66314106981571475,,538d870332feabf0fa3ab1d165f3f4f8e7017d5c6c24d11f8b28df1ad6315373,8.2686279062181711,0.013327169138572792,0.45000000000000001,0.014541191346097715,CASH,0.025000000000000001,True,0,0,480,0,0.4354588086539023,0,0.4454231081281792,0,0.66314106981571475,,c8dcc88bd59764ba1a9d489fa1db3d93660b48da57139c61516d9dc12639e6ef,6.3646722640842199
481,2022-04-27,2022-04-28,bear,0.0128685370639349,0.0057835583118985845,0.45000000000000001,0.0072414328806494344,CASH,0.025000000000000001,True,5,5,481,0,0.45724143288064945,0,0.43459586563710173,0,0.96999999999999997,,b707f68190565d3bb1e4c934ffb8b5f53d3eec211c4fa4d62887bb4d60e0a963,9.5349654667079449,0.0057835583118985845,0.45000000000000001,0.0072414328806494344,CASH,0.025000000000000001,True,0,0,481,0,0.45724143288064945,0,0.43459586563710173,0,0.97289999999999999,,9a8b6988890d775a5e01ed38121b464ffe5c44b6e8ed570030e0b8783dfe731a,5.7624113857746124
482,2022-04-28,2022-04-29,bear,-0.0293599677971219,-0.013215110296791011,0.45000000000000001,0.0031666254964182738,CASH,0.025000000000000001,True,2,5,482,0,0.45316662549641828,0,0.4355396051771086,0,0.94999999999999996,,f5462bb74f92b33f88e6d69f026b3f98e4c4cb89c3f92772b4517f9ada55464f,7.7255493029952049,-0.013215110296791011,0.45000000000000001,0.0031666254964182738,CASH,0.025000000000000001,True,0,0,482,0,0.45316662549641828,0,0.4355396051771086,0,0.94589999999999996,,81f30575953f9f6e3c95fa27e56daf45b55468b2104a84d7586fb7b5446c58b7,5.8521414194256067
483,2022-04-29,2022-04-30,bear,-0.024131048961924299,-0.010866255952212911,0.45000000000000001,0.0073638835525720592,CASH,0.025000000000000001,True,2,5,483,0,0.44263611644742795,0,0.43716937756978003,0,0.90000000000000002,,0c88c22de6063c2e89c93f897e23681c9eb0ffcf2fb9c3d71a9ae0ae9c0b4c78,7.6760699991136789,-0.010866255952212911,0.45000000000000001,0.0073638835525720592,CASH,0.025000000000000001,True,0,0,483,0,0.44263611644742795,0,0.43716937756978003,0,0.89925296139463207,,4e50392b6c71d7c539247a4a72f7bdc83fd216b12a4915781abeb9d7f12fc2d0,6.1271430645138025
484,2022-04-30,2022-05-01,bear,0.021540504648074301,0.0096871305628143389,0.45000000000000001,0.0060380011031902492,CASH,0.025000000000000001,True,5,5,484,0,0.44396199889680976,0,0.43450672312487221,0,0.97542243394707595,,2bb08975ff7ed78907b9bd52383df5f3599d2dbfd522cf21bde2be2d97b59f38,10.006265355274081,0.0096871305628143389,0.45000000000000001,0.0060380011031902492,CASH,0.025000000000000001,True,0,0,484,0,0.44396199889680976,0,0.43450672312487221,0,0.97542243394707595,,b052cd959de18ada64c32a320b63b1ef4b9bc1d8b170ec55c68063cfe57fd0ba,6.1748222503811121
485,2022-05-01,2022-05-02,bear,0.0013780192922700999,0.00061482531353718173,0.45000000000000001,0.0052800937525894209,CASH,0,True,5,5,485,0,0.45528009375258943,0,0.44516391282940693,0,0.98892210359886323,,6f29011f9be8fc24fb77bb0d3e5679bc72ad6ad790ee7987879c12a181f575ea,10.052326774224639,0.00061482531353718173,0.45000000000000001,0.0052800937525894209,CASH,0,True,0,0,485,0,0.45528009375258943,0,0.44516391282940693,0,0.98892210359886323,,d9eacaba97d6e9612c71bd5e1ed8e90cabe378bcee84fa3844be10a514b7b2de,6.1164680030196905
486,2022-05-02,2022-05-03,bear,-0.020667809108376099,-0.009300851777115593,0.45000000000000001,0.00034084841177761671,CASH,0,True,5,5,486,0,0.45034084841177763,0,0.44671006340287112,0,0.94999999999999996,,5d1609848d6d6f06db17e23646388dd2f8fbc426276e032e232409ab4e543af7,9.559063907712698,-0.009300851777115593,0.45000000000000001,0.00034084841177761671,CASH,0,True,0,0,486,0,0.45034084841177763,0,0.44671006340287112,0,0.945797807107152,,70bbe02050b32e4b47405a0f4d9b583b3a73760edf064d4700654b44736a6d6c,6.109712740406394
487,2022-05-03,2022-05-04,bear,0.052229704650299497,0.023498082433464962,0.45000000000000001,0.0051633041372478039,CASH,0,True,5,5,487,0,0.44483669586275221,0,0.44721781755104661,0,0.94999999999999996,,d507483b51f2a55857040aff1d7eef97d2efea3a1994502969493bcf2c29c2f0,9.5299527291208506,0.023498082433464962,0.45000000000000001,0.0051633041372478039,CASH,0,True,0,0,487,0,0.44483669586275221,0,0.44721781755104661,0,0.93163581784965321,,c40ceac2bccc8a437272d7bba421a76f59e7faea2ba80e4fea1081c6d1294fc3,6.1490274034440517
488,2022-05-04,2022-05-05,bear,-0.079217899617012602,-0.035660234596844864,0.45000000000000001,0.012630004274113094,CASH,0,True,5,5,488,0,0.4626300042741131,0,0.44561413780166492,0,0.97636470029550582,,88c3db7cb224a79cf3485602db6ecbf0dabc2ae419912f43652ae9bde3ae688a,10.03547503054142,-0.035660234596844864,0.45000000000000001,0.012630004274113094,CASH,0,True,0,0,488,0,0.4626300042741131,0,0.44561413780166492,0,0.97636470029550582,,401a6d06c7ce60142767ad3d24e5b69022df5915152325826f5725583138cba6,6.2809604350477457
489,2022-05-05,2022-05-06,bear,-0.0146398861646234,-0.0066081460310002393,0.45000000000000001,0.020331197809433266,CASH,0,True,5,5,489,0,0.42966880219056675,0,0.4561011076377024,0,0.68386827209545553,,090e1a6e612066b0daa5bbee00dbb3ff27c02d90ea4ea496b1d2466348eb96b1,10.071899941191077,-0.0066081460310002393,0.45000000000000001,0.020331197809433266,CASH,0,True,0,0,489,0,0.42966880219056675,0,0.4561011076377024,0,0.68386827209545553,,c4c12acc5c49f3747ed67bd49a48e64565ec596dc818f3c6821c7bfb77a66f63,6.1280913483351469
490,2022-05-06,2022-05-07,bear,-0.015024021772334599,-0.0067644325388828141,0.45000000000000001,0.0036474007148120102,CASH,0,True,5,5,490,0,0.446352599285188,0,0.44542214722450602,0,0.97999999999999998,,39a8cc82073cb278bddd46e9743a43a7232eba3076c45b048b4527a263241199,9.4764218796044588,-0.0067644325388828141,0.45000000000000001,0.0036474007148120102,CASH,0,True,0,0,490,0,0.446352599285188,0,0.44542214722450602,0,0.98171958679832716,,6afc8ad81d12748f3388b69133f79bc7f303ac56759120e06f6e3dde95260468,6.2561035957187414
491,2022-05-07,2022-05-08,bear,-0.039697755723469001,-0.017867666953349626,0.45000000000000001,0.0037437562123328605,CASH,0,True,5,5,491,0,0.44625624378766715,0,0.44516820131977392,0,0.98880249257387365,,f23494af24ca6f04b4b1f675eacb8b5f8808c033e74b0da6f53fc6db374b28f4,10.173793375492096,-0.017867666953349626,0.45000000000000001,0.0037437562123328605,CASH,0,True,0,0,491,0,0.44625624378766715,0,0.44516820131977392,0,0.98880249257387365,,8243fe678bdc725dfac8936f69bc19eeb8e2e94c1fcfcfe0a9465f5111c531b3,6.1496498100459576
492,2022-05-08,2022-05-09,bear,-0.116412213740458,-0.052394976027908213,0.45000000000000001,0.010003904186666024,CASH,0,True,5,5,492,0,0.43999609581333399,0,0.44492351145826969,0,0.99562723299813882,,292575e85a8b51e73b5457302f904b78204d869396130366d7421baed3a99ec7,10.025894340127707,-0.052394976027908213,0.45000000000000001,0.010003904186666024,CASH,0,True,0,0,492,0,0.43999609581333399,0,0.44492351145826969,0,0.99562723299813882,,bb932a3c179d81e2e24579b24d884bfa3002785abd5fae0a76fadebad3e74608,6.3092683218419552
493,2022-05-09,2022-05-10,bear,0.030320651270975201,0.013613473426959288,0.45000000000000001,0.030404793072198177,CASH,0,True,5,5,493,0,0.41959520692780183,0,0.4447839526458382,0,0.99951972215266804,,bb6fc415c3f56780c5fbc4eb978ab5cf86afd1167cb26a2ca12c3f3bf2c10dc1,10.010270996019244,0.013613473426959288,0.45000000000000001,0.030404793072198177,CASH,0,True,0,0,493,0,0.41959520692780183,0,0.4447839526458382,0,0.99951972215266804,,8b728ecc9122d748b56f2da736d433b9461e9c39d20a6ce561dd9096955ff98c,6.0497223399579525
494,2022-05-10,2022-05-11,bear,-0.062542933161331804,-0.028151514908155262,0.45000000000000001,0.007403347743244082,CASH,0,True,5,5,494,0,0.45740334774324409,0,0.44476682942111417,0,0.99999731266793923,,a536d194e37a6b66e40cf0d53649184ee65a82ada9a4fbd4469dcf1e6143c9d9,10.021335171535611,-0.028151514908155262,0.45000000000000001,0.007403347743244082,CASH,0,True,0,0,494,0,0.45740334774324409,0,0.44476682942111417,0,0.99999731266793923,,001cf8789fc6a149255b968d0be9e2bce384d1d99e7f7dd26b55b732d3edefe4,6.2110367752611637
495,2022-05-11,2022-05-12,bear,-0.0031718510262073001,-0.0014432378765359966,0.45000000000000001,0.015927648800896921,CASH,0,True,0,5,495,0,0.43407235119910309,0,0.44476687751644439,0,0.99999597122240036,,f1d5828c61d3c93f7f90d26be56cfb1c539b764d1435d92d999a5353d993529b,7.3424879238009453,-0.0014432378765359966,0.45000000000000001,0.015927648800896921,CASH,0,True,0,0,495,0,0.43407235119910309,0,0.44476687751644439,0,0.99999597122240036,,e38ced02c32ba8f39ab2f1caa49a0830a1eec1bef5e56c4e38aacf55394ee6f6,6.1201390046626329
496,2022-05-12,2022-05-13,bear,0.0106432909994478,0.0047886910292418428,0.45000000000000001,0.00078615523426528444,CASH,0,True,2,5,496,0,0.44921384476573473,0,0.44476678017622429,0,0.99999868617629795,,2a642f5cb0d2ae460feaaeca0b32da8c1edb5f7ca098f2f7a77179da544556ed,8.073642099276185,0.0047886910292418428,0.45000000000000001,0.00078615523426528444,CASH,0,True,0,0,496,0,0.44921384476573473,0,0.44476678017622429,0,0.99999868617629795,,67fc184d8f603530b860f62e64971e9ec4edc890ebbdd5f8a916ad9cf15a3e93,6.1850995030254126
497,2022-05-13,2022-05-14,bear,0.027181707666880502,0.012229114724440215,0.45000000000000001,0.0026216581406419692,CASH,0,True,2,5,497,0,0.45262165814064198,0,0.44476675955488182,0,0.99999926133417283,,fed44b5ed4621cb6b04aa3d9bb12c88798710ace498507ac757d06ee3cc9002d,8.3045563064515591,0.012229114724440215,0.45000000000000001,0.0026216581406419692,CASH,0,True,0,0,497,0,0.45262165814064198,0,0.44476675955488182,0,0.99999926133417283,,03da8c16024c0d729b66ecd76c39dbd8600fcb1de829618fa421b231b6f7cb08,6.1422956120222807
498,2022-05-14,2022-05-15,bear,0.0408338984853924,0.018368486015077679,0.45000000000000001,0.0066461781355211524,CASH,0,True,5,5,498,0,0.45664617813552116,0,0.44476674303431518,0,0.99999972211571664,,9a26f79f5a6bc39f1f691b7ae3bb554796acf9f91ce7f5c1ec0e9398fd03eccd,10.093572668731213,0.018368486015077679,0.45000000000000001,0.0066461781355211524,CASH,0,True,0,0,498,0,0.45664617813552116,0,0.44476674303431518,0,0.99999972211571664,,d4c54299430922845be614892c3059a7ae641d6f411e0ca319bd642a569c3eac,6.2337550483644009
499,2022-05-15,2022-05-16,bear,-0.046622823687984503,-0.020989986483930134,0.45000000000000001,0.0099240332404763598,CASH,0,True,5,5,499,0,0.45992403324047637,0,0.44476678593314212,0,0.99999852560786884,,e8b30d0b98691fa63427c09f28f15a92075c7bc32cc87edc3bcd674f0d6f86a9,10.108662324026227,-0.020989986483930134,0.45000000000000001,0.0099240332404763598,CASH,0,True,0,0,499,0,0.45992403324047637,0,0.44476678593314212,0,0.99999852560786884,,ab5bb4995711dd02ea61c4416b36ad472bf7d748ebdff04a7250090b558caf65,6.1734786983579397
500,2022-05-16,2022-05-17,bear,0.019715903380347701,0.0088602655187091095,0.45000000000000001,0.011786431383308704,CASH,0,True,5,5,500,0,0.43821356861669131,0,0.44476684145445777,0,0.99999697704128077,,e34889a050e791776c2339d4ef9ca8b4248013f758839a2ff14e74113ea70fdf,10.014107398688793,0.0088602655187091095,0.45000000000000001,0.011786431383308704,CASH,0,True,0,0,500,0,0.43821356861669131,0,0.44476684145445777,0,0.99999697704128077,,233806120b82bb326c9d1f3f71df4719ae70c0de7d2fd8ed780bbbe3d3b1da7f,6.2403829917311668
501,2022-05-17,2022-05-18,bear,-0.057619712525667298,-0.025933581997951816,0.45000000000000001,0.0048367734753058111,CASH,0,True,5,5,501,0,0.45483677347530582,0,0.444766767156478,0,0.99999904931510064,,78acef4d959786444c157ee8186b6022284eab13f59bf4160b1f81935e905724,10.074042931199074,-0.025933581997951816,0.45000000000000001,0.0048367734753058111,CASH,0,True,0,0,501,0,0.45483677347530582,0,0.444766767156478,0,0.99999904931510064,,7c1906faa411a86d181ced9bca9c34ec970f1cf4db294c099f4f95b72bb566b7,6.1356920301914215
502,2022-05-18,2022-05-19,bear,0.056554768038990802,0.02543463253203071,0.45000000000000001,0.014640490227261049,CASH,0,True,2,5,502,0,0.43535950977273896,0,0.44476679268690261,0,0.9999983372361092,,8ccf8134be30b79e23cfc8d398fed0a3f5fcecbac04848a44984a7c2acf809f1,8.2765220515429974,0.02543463253203071,0.45000000000000001,0.014640490227261049,CASH,0,True,0,0,502,0,0.43535950977273896,0,0.44476679268690261,0,0.9999983372361092,,5b1c6695376cf6a32b6c890a16aa6d69b5b3f9c9d97d433938e8f615a6c792ef,6.2640796583145857
503,2022-05-19,2022-05-20,bear,-0.037197377408359399,-0.016752241269695101,0.45000000000000001,0.013649919476271088,CASH,0,True,5,5,503,0,0.4636499194762711,0,0.4447667380313105,0,0.9999998616564636,,4f92b0d6448c0e321793ea4fd9bf2f04e439c99365270bd459c3eefcd75f011c,10.153790917247534,-0.016752241269695101,0.45000000000000001,0.013649919476271088,CASH,0,True,0,0,503,0,0.4636499194762711,0,0.4447667380313105,0,0.9999998616564636,,91d1e7acc2cf988ef0f9a34eafbfc741c6badf855f2db5385d796a619e99df4d,6.161855349317193
504,2022-05-20,2022-05-21,bear,0.0087735532205108005,0.0039386989050915755,0.45000000000000001,0.0093630777806283927,CASH,0,True,4,5,504,0,0.44063692221937162,0,0.44476676172953522,0,0.99999920068006876,,965a3cdb1a5bc087c9515cc35cc9f0f641b372dbe6136103da780ea360f2b145,9.4131355844438076,0.0039386989050915755,0.45000000000000001,0.0093630777806283927,CASH,0,True,0,0,504,0,0.44063692221937162,0,0.44476676172953522,0,0.99999920068006876,,d65ea6062e81725395a5c6239282435a331e7f1e5686b299f8d7d96d80c514ba,6.1892727334052324
505,2022-05-21,2022-05-22,bear,0.028945526693075499,0.013023295923842992,0.45000000000000001,0.0021629150195605074,CASH,0,True,4,5,505,0,0.45216291501956052,0,0.4447667485347972,0,0.9999995686996348,,cad31faed1336492695464c1bfdbeb09c2908246e364430f5888527fe630b7e0,9.4691356308758259,0.013023295923842992,0.45000000000000001,0.0021629150195605074,CASH,0,True,0,0,505,0,0.45216291501956052,0,0.4447667485347972,0,0.9999995686996348,,5d2c657d78eeed3214b43f7e029eefa6b040bed5919f8fa7f24186b6db4a66f5,6.149843767285347
506,2022-05-22,2022-05-23,bear,-0.039400262822502301,-0.01773706478732906,0.45000000000000001,0.0070719028774565706,CASH,0,True,5,5,506,0,0.45707190287745658,0,0.44476675228199941,0,0.99999946418496122,,35be7bdc7763ce9b6d7fff7dc20a18fde373408100d077d89d4f7d47e91beea3,10.053440101444721,-0.01773706478732906,0.45000000000000001,0.0070719028774565706,CASH,0,True,0,0,506,0,0.45707190287745658,0,0.44476675228199941,0,0.99999946418496122,,37e8f1dbb0a4d8891c03c59138f691ee4aa62035db7871e2ff2cfc44c2095d42,6.2196435239166021
507,2022-05-23,2022-05-24,bear,0.0190903060154743,0.0085806248404447505,0.45000000000000001,0.0099275822561065152,CASH,0,True,2,5,507,0,0.4400724177438935,0,0.44476680943813068,0,0.99999787002109963,,c4be0f26bfb4d84d20291114e64bfa352d265fae7e330d2c5bf565fb142f7499,8.2641724925488234,0.0085806248404447505,0.45000000000000001,0.0099275822561065152,CASH,0,True,0,0,507,0,0.4400724177438935,0,0.44476680943813068,0,0.99999787002109963,,c6984f6d589f19845ec865b7cc23690eb9d3ef45cbdb9f0141860b698a76e194,6.1515722703188658
508,2022-05-24,2022-05-25,bear,-0.0036460283250193,-0.0016453896671416723,0.45000000000000001,0.0046846069774868493,CASH,0,True,5,5,508,0,0.45468460697748686,0,0.44476675440928132,0,0.99999940485211836,,6515b4d569424afb416367effeee63a69b164ef92943d8d763fd48e902121cc0,10.0388901270926,-0.0016453896671416723,0.45000000000000001,0.0046846069774868493,CASH,0,True,0,0,508,0,0.45468460697748686,0,0.44476675440928132,0,0.99999940485211836,,6421e50bdfbba423f23b43200b0ca1bfbeb881cdbb3e57a13812f8225dba9d03,6.2031112983822823
509,2022-05-25,2022-05-26,bear,-0.011411413444547399,-0.005136035283534901,0.45000000000000001,0.00090387500969169032,CASH,0,True,5,5,509,0,0.44909612499030832,0,0.44476676007803972,0,0.99999924674257501,,0161a5eac4d13f3cd150e4e48ac8cab0c91f970ba5d4e985395b1e6044e6d93b,9.9557622410356998,-0.005136035283534901,0.45000000000000001,0.00090387500969169032,CASH,0,True,0,0,509,0,0.44909612499030832,0,0.44476676007803972,0,0.99999924674257501,,9153ffabfd6a3554d33a541af106b974420cfca2a42b1440953a45fff8e2d1a1,6.0282878428697586
510,2022-05-26,2022-05-27,bear,-0.020624240245176,-0.0092837206657121474,0.45000000000000001,0.0028389029805635513,CASH,0,True,2,5,510,0,0.44716109701943646,0,0.44476674382810327,0,0.99999969997586324,,87da94880649ba40e92bbd11d830074fe8ce1b730eb497872451b6ab7d286bfd,8.2293828073889017,-0.0092837206657121474,0.45000000000000001,0.0028389029805635513,CASH,0,True,0,0,510,0,0.44716109701943646,0,0.44476674382810327,0,0.99999969997586324,,87c2841810749a884966f846eecdbca34dfd10cfbf01014f536fdc2da7fddd41,6.2391512673348188
511,2022-05-27,2022-05-28,bear,0.014890983595093801,0.0066957557747600038,0.45000000000000001,0.0051523176473210475,CASH,0,True,5,5,511,0,0.44484768235267896,0,0.44476675681119671,0,0.99999933785936235,,3f3dff46156b5547cc8aecf8599618763de98089f3c79309461d316013e150dc,10.077329151332378,0.0066957557747600038,0.45000000000000001,0.0051523176473210475,CASH,0,True,0,0,511,0,0.44484768235267896,0,0.44476675681119671,0,0.99999933785936235,,7211de33a3fea369a1d2d285314e2e13b5e93d722268fda49d2613cf094ce697,6.1883509252220392
512,2022-05-28,2022-05-29,bear,0.015092792597262501,0.0067880708178591487,0.45000000000000001,0.0036609863801280174,CASH,0,True,5,5,512,0,0.45366098638012803,0,0.44476673940797201,0,0.99999982325946324,,d148217f5870d08ffbc5deff7295c4ff96bcdce94b4e08fcbf7bbed64c5e9e47,10.087153499945998,0.0067880708178591487,0.45000000000000001,0.0036609863801280174,CASH,0,True,0,0,512,0,0.45366098638012803,0,0.44476673940797201,0,0.99999982325946324,,fd177f6464ee480b8267de44fc7ddecb6ae3a39cd7eaf7e085cca5945517cc97,6.235362222418189
513,2022-05-29,2022-05-30,bear,0.076636167411047604,0.034482437114746745,0.45000000000000001,0.003710266937606177,CASH,0,True,3,5,513,0,0.45371026693760619,0,0.44476675121290932,0,0.99999949400336996,,453899ad28c6b704efccab5485976b6ccd99c3ab93e28efdd56f94d2cc2e9152,8.846486508846283,0.034482437114746745,0.45000000000000001,0.003710266937606177,CASH,0,True,0,0,513,0,0.45371026693760619,0,0.44476675121290932,0,0.99999949400336996,,9372fb0644f295361632b7df99d645bdbf0fa89c57c4700188b142e31314c5e7,6.0409619584679604
514,2022-05-30,2022-05-31,bear,0.0022097322787982998,0.00097602615264769099,0.45000000000000001,0.018335140722956944,CASH,0,True,5,5,514,0,0.46833514072295696,0,0.44476682420167618,0,0.99999745824531316,,5ddc284b3f0c76c33499efb048f3d5a85b056937b84ad16c2f1fc43ffea9979a,10.094342213124037,0.00097602615264769099,0.45000000000000001,0.018335140722956944,CASH,0,True,0,0,514,0,0.46833514072295696,0,0.44476682420167618,0,0.99999745824531316,,cd78e367c932fca6a1a9a83593488749e538f02c9010eeaa62454bc4005c4572,6.271586861461401
515,2022-05-31,2022-06-01,bear,-0.062745727100593202,-0.028236108133767646,0.45000000000000001,0.00054636544439129464,CASH,0,True,5,5,515,0,0.45054636544439131,0,0.43136344691468398,0,0.99997935257729875,,914350fc6fb166e908d03a80a283908f4645a4a6928262757123c0b2faeb32bb,10.107304206117988,-0.028236108133767646,0.45000000000000001,0.00054636544439129464,CASH,0,True,0,0,515,0,0.45054636544439131,0,0.43136344691468398,0,0.99997935257729875,,7adc1303f992892eae18763069c92a38e7edbe249b78c8773965961b301d406c,6.1477717384696007
516,2022-06-01,2022-06-02,bear,0.022048089668943002,0.0087849166385907118,0.40000000000000002,0.034019205588351309,CASH,0.025000000000000001,True,5,5,516,0,0.43401920558835133,0,0.42057954069506209,0,0.9999756055982888,,661525c9ebcac06d55bf50db76d5a4ae973b247d93ddd0bade7d81868b54e0d3,10.049459973350167,0.0087849166385907118,0.40000000000000002,0.034019205588351309,CASH,0.025000000000000001,True,0,0,516,0,0.43401920558835133,0,0.42057954069506209,0,0.9999756055982888,,a9dbd7688c2268ae26a951f0da7c99d6282520640d8bf8172a407077f68b3949,6.229447815567255
517,2022-06-02,2022-06-03,bear,-0.024777133851028501,-0.009916046837328607,0.40000000000000002,0.00524528214016029,CASH,0.025000000000000001,True,5,5,517,0,0.40524528214016031,0,0.42057854959352636,0,0.99999624227337225,,ffd3943f3886bb9a8599c7ed74db6f7d361170c41774c2dd8b66767f1c14f730,10.118660252541304,-0.009916046837328607,0.40000000000000002,0.00524528214016029,CASH,0.025000000000000001,True,0,0,517,0,0.40524528214016031,0,0.42057854959352636,0,0.99999624227337225,,40fc8f686d20f834ec93257eef110c286afa25fa2f1e23a3c3753ba9bef1bcf2,6.108806325122714
518,2022-06-03,2022-06-04,bear,0.0055015167890535002,0.0021945874616178251,0.40000000000000002,0.0060060370780860572,CASH,0.025000000000000001,True,5,5,518,0,0.39399396292191396,0,0.42057880032246836,0,0.99999102160573838,,177013384754f09131a697f3a6c9a58f6aa34a0e8c021388107d2f195e4fc3b7,10.082613630220294,0.0021945874616178251,0.40000000000000002,0.0060060370780860572,CASH,0.025000000000000001,True,0,0,518,0,0.39399396292191396,0,0.42057880032246836,0,0.99999102160573838,,c24dc801de67d2fa83071572c0252784e44b5da020d416b6d4e2698cd5f54137,6.2312699425965548
519,2022-06-04,2022-06-05,bear,0.0016307095763168,0.00065096550635823647,0.40000000000000002,0.0013174648074698592,CASH,0.025000000000000001,True,5,5,519,0,0.40131746480746988,0,0.42057853274209595,0,0.99999659315315881,,3476033099eb9d20c8fbaa36208ca8b76f1ddeb4d25bf556fa6392c2e7ce4b57,10.077806442975998,0.00065096550635823647,0.40000000000000002,0.0013174648074698592,CASH,0.025000000000000001,True,0,0,519,0,0.40131746480746988,0,0.42057853274209595,0,0.99999659315315881,,2744d8c190a9516572184f84be8b26a3b25baceebdeed4f660a2713f8b03cd52,6.1783325932919979
520,2022-06-05,2022-06-06,bear,0.048627686958847303,0.01945067606074824,0.40000000000000002,0.00039111518020812364,CASH,0.025000000000000001,True,5,5,520,0,0.40039111518020815,0,0.42057915292711856,0,0.99998367968632995,,76d701c64c95ec9569dfbdf1b2652bc361db9d7733df5109c801be7b52566119,9.9486072435975075,0.01945067606074824,0.40000000000000002,0.00039111518020812364,CASH,0.025000000000000001,True,0,0,520,0,0.40039111518020815,0,0.42057915292711856,0,0.99998367968632995,,92384832f8a028f21149a92c014e73e7f93b2fefbd36a54c918e9f345c03eab0,6.1364653278142214
521,2022-06-06,2022-06-07,bear,-0.0076129509430111998,-0.0030565934856303656,0.40000000000000002,0.01144796955812849,CASH,0.025000000000000001,True,5,5,521,0,0.41144796955812851,0,0.42058032513908006,0,0.99995927193747236,,c0381d4c54243c2af74d1d56a80eec6d42ab179582cd06d73812a5197e04aa23,10.100095411762595,-0.0030565934856303656,0.40000000000000002,0.01144796955812849,CASH,0.025000000000000001,True,0,0,521,0,0.41144796955812851,0,0.42058032513908006,0,0.99995927193747236,,af153f2a747a3e93c16c39ddf28ac4672c65069c8d9b504385b1ce0f1f9e4c51,6.1272727604955435
522,2022-06-07,2022-06-08,bear,-0.029785921718794201,-0.011916179541279326,0.40000000000000002,0.0018326890951929076,CASH,0.025000000000000001,True,5,5,522,0,0.39816731090480711,0,0.42059808074675087,0,0.99958956541071164,,7b2df916d70be992a7ec927990c7f9368ab561ffb2ffaad1a81d566582ca17a2,10.02926960773766,-0.011916179541279326,0.40000000000000002,0.0018326890951929076,CASH,0.025000000000000001,True,0,0,522,0,0.39816731090480711,0,0.42059808074675087,0,0.99958956541071164,,c1b3fc6b2f7dc3ecda5c4a5e0cd116b25462d8f4987d94388035de461880ef42,6.2132068127393723
523,2022-06-08,2022-06-09,bear,-0.0034369040050856998,-0.0013819864754018862,0.40000000000000002,0.0072348195196554332,CASH,0.025000000000000001,True,2,5,523,0,0.39276518048034459,0,0.42062546656657945,0,0.99901933900563644,,70864e057779fdab9d8b8dba9be65b118147722bafb1f3f4bd88e1fb109ef33c,8.3430734109133482,-0.0013819864754018862,0.40000000000000002,0.0072348195196554332,CASH,0.025000000000000001,True,0,0,523,0,0.39276518048034459,0,0.42062546656657945,0,0.99901933900563644,,1e33f5f6c596c382ad36bb316d6e2ac764928eee7fa528ae91e985bf67b8db4c,6.1446447763592005
524,2022-06-09,2022-06-10,bear,-0.033706782555535601,-0.013483527878098367,0.40000000000000002,0.00082599250399861823,CASH,0.025000000000000001,True,2,5,524,0,0.3991740074960014,0,0.42066102118525389,0,0.99827902220949083,,3a2d6d3c8638a6ce034d2b1b809ec647d48791abd1b81c8b322a4775a5008c1f,8.2056278772652149,-0.013483527878098367,0.40000000000000002,0.00082599250399861823,CASH,0.025000000000000001,True,0,0,524,0,0.3991740074960014,0,0.42066102118525389,0,0.99827902220949083,,b92e202fa500b910b448534db537efb5df70092412c7b93975174cb7cda3fd10,6.2212597820907831
525,2022-06-10,2022-06-11,bear,-0.023377677223698701,-0.0093591943975376291,0.40000000000000002,0.0082001886029907101,CASH,0.025000000000000001,True,5,5,525,0,0.39179981139700931,0,0.42062035305268558,0,0.99912581237986675,,4d3f00279aaa656cc382032d30ba4ec5cf5cf866d73dcc64b418f87b691e443f,10.173225807026029,-0.0093591943975376291,0.40000000000000002,0.0082001886029907101,CASH,0.025000000000000001,True,0,0,525,0,0.39179981139700931,0,0.42062035305268558,0,0.99912581237986675,,ec353d535c2908862bd2652ecdd5fda753a722f16832f7fda5b6189ac866b9cc,6.1041526794433594
526,2022-06-11,2022-06-12,bear,-0.063270594365463298,-0.025313758013656318,0.40000000000000002,0.0056636032895380217,CASH,0.025000000000000001,True,2,5,526,0,0.394336396710462,0,0.42061250497011776,0,0.99928922482966398,,0c5b7f0352445df53337ce9be0ce0a20276a2bdbbcdc73460c4b731ce235883d,8.1245158724486828,-0.025313758013656318,0.40000000000000002,0.0056636032895380217,CASH,0.025000000000000001,True,0,0,526,0,0.394336396710462,0,0.42061250497011776,0,0.99928922482966398,,752e9ab40b2febcb9e2fbe2295a5a0c158c58804be842c5ddc9d9129a01fdf1e,6.2108282614499331
527,2022-06-12,2022-06-13,bear,-0.1562900516043193,-0.062530625915939497,0.40000000000000002,0.01557922538772516,CASH,0.025000000000000001,True,5,5,527,0,0.38442077461227486,0,0.42059481367325413,0,0.9996575922795532,,3262af7c94521cb7fdd19789db65ea1aaebe601643adc22d78cb2663691b9a60,10.155440546572208,-0.062530625915939497,0.40000000000000002,0.01557922538772516,CASH,0.025000000000000001,True,0,0,527,0,0.38442077461227486,0,0.42059481367325413,0,0.9996575922795532,,c20e419f7953157a219f14b111ab57ff7fa5c7452e18b641b98f95c96d65c5ed,6.1432464178651571
528,2022-06-13,2022-06-14,bear,-0.0129499287241625,-0.0052197751710972851,0.40000000000000002,0.040010936944984143,CASH,0.025000000000000001,True,5,5,528,0,0.35998906305501588,0,0.42057973049126907,0,0.99997165366953522,,fdbe55e11ec8d051f80cabde46d05b61bdbcd2536450e04d1d7bfa840f1e7d1d,10.090750813484192,-0.0052197751710972851,0.40000000000000002,0.040010936944984143,CASH,0.025000000000000001,True,0,0,528,0,0.35998906305501588,0,0.42057973049126907,0,0.99997165366953522,,aa0d0e0cc68fdac672e168a53041fc834cf535b86a2e2880f4fdd58e7c7737ed,6.2126050889492035
529,2022-06-14,2022-06-15,bear,0.018982457248852599,0.0075898350118177582,0.40000000000000002,0.0031241659845278047,CASH,0.025000000000000001,True,5,5,529,0,0.39687583401547222,0,0.42057836979871233,0,0.99999998595353679,,5a0b24e05162630b85a97ff1f1acbbb9b14efcadb8cc963a52e37d5fb1bf9abf,10.081855153664947,0.0075898350118177582,0.40000000000000002,0.0031241659845278047,CASH,0.025000000000000001,True,0,0,529,0,0.39687583401547222,0,0.42057836979871233,0,0.99999998595353679,,c27949fde20569920fda3ed4a25f00699e664861abcef1f9f1b41dbce94a169b,6.1089322175830603
530,2022-06-15,2022-06-16,bear,-0.097055084839599903,-0.038826379862012761,0.40000000000000002,0.0045214583835374023,CASH,0.025000000000000001,True,2,5,530,0,0.40452145838353742,0,0.42057836918872088,0,0.99999999865475198,,a794622d74cb793f69bc7ac3c679c13afc32444562319d1d9534a152ff2aedbe,8.1145539339631796,-0.038826379862012761,0.40000000000000002,0.0045214583835374023,CASH,0.025000000000000001,True,0,0,530,0,0.40452145838353742,0,0.42057836918872088,0,0.99999999865475198,,3bd19235ada308fc6ac7f9571362fd4e22cf98cee31ec11e6bb00fbeba8b30ef,6.1855755243450403
531,2022-06-16,2022-06-17,bear,0.0028450060333748001,0.00096996049005326768,0.35000000000000003,0.025765965113739298,CASH,0.025000000000000001,True,3,5,531,0,0.37576596511373933,0,0.4205783695083124,0,0.9999999920002296,,631f91510fc50572f0abe0ca134c969a6acd8902a3808a8465cf3660db0ddfab,8.8714074920862913,0.00096996049005326768,0.35000000000000003,0.025765965113739298,CASH,0.025000000000000001,True,0,0,531,0,0.37576596511373933,0,0.4205783695083124,0,0.9999999920002296,,c8300510f588fd4f5d036fbb19772422c42f65f69955c8e2b0c0745474d238dd,6.1309923958033323
532,2022-06-17,2022-06-18,bear,-0.071319566046779997,-0.024962478571190383,0.35000000000000003,0.00064659502423203286,CASH,0.025000000000000001,True,5,5,532,0,0.35064659502423207,0,0.42057836913117252,0,0.99999999985302079,,d2d926f13e6c981dd0eca472e9a09f626b99c4d554b78800bbef434a68d3c8ca,10.022723149508238,-0.024962478571190383,0.35000000000000003,0.00064659502423203286,CASH,0.025000000000000001,True,0,0,532,0,0.35064659502423207,0,0.42057836913117252,0,0.99999999985302079,,3317e472618404002b1455f4c2b5233c7878b2abd50f0464f64ba434d535d1ad,6.3154707849025726
533,2022-06-18,2022-06-19,bear,0.083780580939088301,0.02930607479261349,0.35000000000000003,0.016640580929369597,CASH,0.025000000000000001,True,5,5,533,0,0.33335941907063044,0,0.42057836912821189,0,0.99999999991466837,,b5db9bcab6887810ee55917120cea9b37ae1775c76afd4c166d5f104b132be9b,10.119234945625067,0.02930607479261349,0.35000000000000003,0.016640580929369597,CASH,0.025000000000000001,True,0,0,533,0,0.33335941907063044,0,0.42057836912821189,0,0.99999999991466837,,9e392460e42c44feb36855829fa21534df6962af04e7a42a76d5aa8708cc1f82,6.1982206422835588
534,2022-06-19,2022-06-20,bear,-0.00023812763641310001,-0.00010186023087621621,0.35000000000000003,0.018517101433257355,CASH,0.025000000000000001,True,5,5,534,0,0.36851710143325739,0,0.42057836912510527,0,0.9999999999793544,,cab541cb05771f99ecdb67bda1f1a8bc8e66c8c9c671cbc61db6b6f8d2fb137d,10.126746840775013,-0.00010186023087621621,0.35000000000000003,0.018517101433257355,CASH,0.025000000000000001,True,0,0,534,0,0.36851710143325739,0,0.42057836912510527,0,0.9999999999793544,,6ad0561818f2508112ed608def614c80ba8528f1f850c46ff02be862d56860f0,6.2534674424678087
535,2022-06-20,2022-06-21,bear,0.0071990005978914001,0.0025195958941981456,0.35000000000000003,5.4178552777672806e-05,CASH,0.025000000000000001,True,5,5,535,0,0.34994582144722236,0,0.42057836912692836,0,0.99999999994139421,,4d1e6437780442343678a957b84e8480be38e41ca0a43b485596fa6ba634443c,10.156269593164325,0.0025195958941981456,0.35000000000000003,5.4178552777672806e-05,CASH,0.025000000000000001,True,0,0,535,0,0.34994582144722236,0,0.42057836912692836,0,0.99999999994139421,,de9cf3af207e6c57121640081d6b1605d386287bc2b6e511b60d81e3f725bef9,6.1852316856384277
536,2022-06-21,2022-06-22,bear,-0.036418215864558699,-0.012747988385790943,0.35000000000000003,0.001633656393347005,CASH,0.025000000000000001,True,5,5,536,0,0.35163365639334704,0,0.4205783691265727,0,0.99999999994879962,,958bfc593b96d9343b347269efff1d8ec96d92206839c7b0388db5795bc6703c,10.075900793075562,-0.012747988385790943,0.35000000000000003,0.001633656393347005,CASH,0.025000000000000001,True,0,0,536,0,0.35163365639334704,0,0.4205783691265727,0,0.99999999994879962,,8897bcc3debf700616bf0a0cb0117e87de307e81e32825e69a1b9bf2dc85912c,6.2502811830490828
537,2022-06-22,2022-06-23,bear,0.056842200162277402,0.019886210984501052,0.35000000000000003,0.0083921131348842493,CASH,0.025000000000000001,True,2,5,537,0,0.34160788686511578,0,0.42057836912620444,0,0.99999999995646882,,e2a9c854771e0caba74f0555dbfa9487085158b50fef614aa4aac80208a56faf,8.3127730097621679,0.019886210984501052,0.35000000000000003,0.0083921131348842493,CASH,0.025000000000000001,True,0,0,537,0,0.34160788686511578,0,0.42057836912620444,0,0.99999999995646882,,8676dfc8591a288176ea74cbe3c8df822ee19a076ccef91024501e00811d46a6,6.1577171459794044
538,2022-06-23,2022-06-24,bear,0.0059808442373948997,0.0020805895936391039,0.35000000000000003,0.012679347827421472,CASH,0.025000000000000001,True,5,5,538,0,0.36267934782742151,0,0.42057836912566099,0,0.99999999996778521,,1132af36405fd4b3bfb0094ef58d6355ae38e5a6dbe6415e21228508325f441d,10.171343076974154,0.0020805895936391039,0.35000000000000003,0.012679347827421472,CASH,0.025000000000000001,True,0,0,538,0,0.36267934782742151,0,0.42057836912566099,0,0.99999999996778521,,59d69a1541587d9ea20ed0fb12a747e92233a5ee6c2eeabd6a313bbb51940686,6.2585590090602636
539,2022-06-24,2022-06-25,bear,0.012389939180944901,0.0043351150254729021,0.35000000000000003,0.0013577997878445602,CASH,0.025000000000000001,True,5,5,539,0,0.35135779978784459,0,0.42057836913013358,0,0.99999999987465604,,305723ba22bb8c39f511f2f9090c15729aca16579030b9df3976aa9f1dfcad73,10.050886332988739,0.0043351150254729021,0.35000000000000003,0.0013577997878445602,CASH,0.025000000000000001,True,0,0,539,0,0.35135779978784459,0,0.42057836913013358,0,0.99999999987465604,,4e75e02be8c8df79898558bbeb513cefccdc7a7cc73e174a5f1dc9b76c0bf40a,6.0953513607382774
540,2022-06-25,2022-06-26,bear,-0.020772548964862501,-0.0072731782737105455,0.35000000000000003,0.0028065406598355436,CASH,0.025000000000000001,True,5,5,540,0,0.35280654065983558,0,0.42057836913626939,0,0.99999999974689635,,562c196d7185be93ea2aa095dd29d9f5aa76628f05afe54543fa487dc2eba31d,10.096898911520839,-0.0072731782737105455,0.35000000000000003,0.0028065406598355436,CASH,0.025000000000000001,True,0,0,540,0,0.35280654065983558,0,0.42057836913626939,0,0.99999999974689635,,9731febbea294701796819d81f73487ffeea387417a877384327597ec45f9199,6.2362779509276152
541,2022-06-26,2022-06-27,bear,-0.0148882077601159,-0.0052156082749934551,0.35000000000000003,0.0047603646069169225,CASH,0.025000000000000001,True,2,5,541,0,0.34523963539308311,0,0.42057836914187119,0,0.99999999963025366,,10497e001a9e54aaccaccbe9dfbca1dc1a2ad71ad90ac78b89e304c86e3813d6,8.3056470137089491,-0.0052156082749934551,0.35000000000000003,0.0047603646069169225,CASH,0.025000000000000001,True,0,0,541,0,0.34523963539308311,0,0.42057836914187119,0,0.99999999963025366,,c3060382f01c494b7707bc08a29b6720639da9a47fcf4a5e15d3e27c7f121115,6.1158376727253199
542,2022-06-27,2022-06-28,bear,-0.021813585976015602,-0.0076381339060136444,0.35000000000000003,0.0034048092932760232,CASH,0.025000000000000001,True,5,5,542,0,0.34659519070672401,0,0.42057836913073887,0,0.99999999986205201,,e5db8b21a2d84e52a031a739c009c1071f5aa914ae988730e2963c27193a0540,9.9818577244877815,-0.0076381339060136444,0.35000000000000003,0.0034048092932760232,CASH,0.025000000000000001,True,0,0,542,0,0.34659519070672401,0,0.42057836913073887,0,0.99999999986205201,,76b19024b4fc71baf3dc4c6b7f83b7c0e19cf459ab43d85ea6d723e556b20e93,6.1147435512393713
543,2022-06-28,2022-06-29,bear,-0.0082207318275963996,-0.0028822425216284975,0.35000000000000003,0.0050007704673309394,CASH,0.025000000000000001,True,5,5,543,0,0.34499922953266909,0,0.42057836912912261,0,0.99999999989570476,,9eabecaf3c1823fe39cd0081ffa2c7b2df558b8b46e9eea9cc467989bee26a39,10.176947843283415,-0.0028822425216284975,0.35000000000000003,0.0050007704673309394,CASH,0.025000000000000001,True,0,0,543,0,0.34499922953266909,0,0.42057836912912261,0,0.99999999989570476,,56aa17d45ea6c7382ec3f2ef998129f1e6b5c188209434c014ef14c48416a1a9,6.16478106752038
544,2022-06-29,2022-06-30,bear,-0.0091838916430066996,-0.0032162316592628803,0.35000000000000003,0.0018756131101148599,CASH,0.025000000000000001,True,3,5,544,0,0.34812438688988517,0,0.42057836912594448,0,0.99999999996188083,,1f4ac76bde4861e76b93dc61efbb2faa85c8b341a5f89cfe9a0ebe52c10246cd,8.838910648599267,-0.0032162316592628803,0.35000000000000003,0.0018756131101148599,CASH,0.025000000000000001,True,0,0,544,0,0.34812438688988517,0,0.42057836912594448,0,0.99999999996188083,,3905a8bbeeb4dec78eb4c5d98bb40aa8d38ed18419bf520057b0a93cac6edf1c,6.2398000247776508
545,2022-06-30,2022-07-01,bear,-0.033307237561851798,-0.011659604784494904,0.35000000000000003,0.002096072885975242,CASH,0.025000000000000001,True,5,5,545,0,0.34790392711402479,0,0.40249269878704486,0,0.99999999998067324,,05a4a08afd9b473334f11a412252535db910eb9b54f2b366a9488b81a0de73df,10.107472322881222,-0.011659604784494904,0.35000000000000003,0.002096072885975242,CASH,0.025000000000000001,True,0,0,545,0,0.34790392711402479,0,0.40249269878704486,0,0.99999999998067324,,b83444dba9fdfbe48b5721ca038894ae1e54b3c2a3164e4ed97e07fa42e3eb14,6.175739599391818
546,2022-07-01,2022-07-02,bear,-0.0010226912873969999,-0.00036560597852586252,0.35000000000000003,0.0076667721963277757,CASH,0.050000000000000003,True,5,5,546,0,0.34233322780367226,0,0.39217237317780757,0,0.99999999997000955,,f05ff5bdf03c4fa8a2510428437ca22c0e78767cdcb866b2484095665bfaa2d6,10.156916389241815,-0.00036560597852586252,0.35000000000000003,0.0076667721963277757,CASH,0.050000000000000003,True,0,0,546,0,0.34233322780367226,0,0.39217237317780757,0,0.99999999997000955,,986813ac7e079b9213d81f8b360a5ea31967bdd758ced9fc513d4ab992d54bcc,6.2294033076614141
547,2022-07-02,2022-07-03,bear,0.0034661594745157001,0.0012129227881465532,0.35000000000000003,0.00023274557728869549,CASH,0.050000000000000003,True,5,5,547,0,0.34976725442271134,0,0.39217237317672543,0,0.999999999986808,,ac51ed2ac2c81d6e77f87a025d3a26ef3ef996fe95704b77785d1bb257363b50,9.9929510820657015,0.0012129227881465532,0.35000000000000003,0.00023274557728869549,CASH,0.050000000000000003,True,0,0,547,0,0.34976725442271134,0,0.39217237317672543,0,0.999999999986808,,8630585c2b9f0c835fda21994b7743526fb7c250a8af1f80ecb9c9bcf449a521,6.0550029575824738
548,2022-07-03,2022-07-04,bear,0.046913759263382801,0.016419015214202082,0.35000000000000003,0.00078759580402198992,CASH,0.050000000000000003,True,5,5,548,0,0.35078759580402202,0,0.39217237317701487,0,0.99999999998231481,,327ab6a0e7bd21cb963c8a524dc362602294ee3443bfb6e01a166cddef085590,10.069774560630322,0.016419015214202082,0.35000000000000003,0.00078759580402198992,CASH,0.050000000000000003,True,0,0,548,0,0.35078759580402202,0,0.39217237317701487,0,0.99999999998231481,,8ef1422331a19fc6f09a6d6ce5deec2050020ce3b1dda15de8305d1ab9b6434c,6.2586422767490149
549,2022-07-04,2022-07-05,bear,-0.00075188713778340005,-0.00027365819945612824,0.35000000000000003,0.010500464539474064,CASH,0.050000000000000003,True,5,5,549,0,0.3605004645394741,0,0.39217237317892284,0,0.9999999999526954,,2360445f0d2777767bb8c473f2e0f1d3c0bbf90535cf60eff34e2f537c77a448,10.113793395459652,-0.00027365819945612824,0.35000000000000003,0.010500464539474064,CASH,0.050000000000000003,True,0,0,549,0,0.3605004645394741,0,0.39217237317892284,0,0.9999999999526954,,ae30a356d9b322bd41b6ec0c8a0222a17af4d9bac688885f309a56bbc2f56c04,6.1360701695084572
550,2022-07-05,2022-07-06,bear,0.017846004574121499,0.0062459294328880421,0.35000000000000003,0.00017109935043602142,CASH,0.050000000000000003,True,5,5,550,0,0.34982890064956401,0,0.39217237318877723,0,0.99999999979971643,,86e5f0daa7b83fdef44e5f41e6a3eb87e44feb9984cdb0e7d56eea0327ea5430,10.094500118866563,0.0062459294328880421,0.35000000000000003,0.00017109935043602142,CASH,0.050000000000000003,True,0,0,550,0,0.34982890064956401,0,0.39217237318877723,0,0.99999999979971643,,2bcf87dbd80cd5564b411d1d10b138c73228d7120afd7e38fb4849734fa585f0,6.3034273032099009
551,2022-07-06,2022-07-07,bear,0.052365875366590299,0.018323947664423912,0.35000000000000003,0.0040347644916618464,CASH,0.050000000000000003,True,5,5,551,0,0.35403476449166188,0,0.39217237318817927,0,0.99999999980899956,,b8bbb0a45e8c4dc21d04cd9a79921c42e4c8f1dbb401e5ac51233799578203a9,10.07080833800137,0.018323947664423912,0.35000000000000003,0.0040347644916618464,CASH,0.050000000000000003,True,0,0,551,0,0.35403476449166188,0,0.39217237318817927,0,0.99999999980899956,,5cd9b99f8e5b5d070dc474029bd6de85af867fff4f548b0ccf604fc84da73f1e,6.1614205166697502
552,2022-07-07,2022-07-08,bear,-0.0012293301537124001,-0.00044195934021318273,0.35000000000000003,0.011698820013138822,CASH,0.050000000000000003,True,5,5,552,0,0.36169882001313886,0,0.39217237322540499,0,0.99999999923110916,,45f93ce7ecd37c9eab03593b26757fcd19eec22540640475ea23761316b6c681,10.086203452199697,-0.00044195934021318273,0.35000000000000003,0.011698820013138822,CASH,0.050000000000000003,True,0,0,552,0,0.36169882001313886,0,0.39217237322540499,0,0.99999999923110916,,be1dca26569562ed7f24f673d493f233f97a193694a46a2434daa4cddd818594,6.2491601146757603
553,2022-07-08,2022-07-09,bear,-0.0010966535870289,-0.00038410844106273601,0.35000000000000003,0.00027979299525759949,CASH,0.050000000000000003,True,2,5,553,0,0.34972020700474243,0,0.39217237338464667,0,0.9999999967590536,,6b7f60ae12aaf7dd5bb61b376526c6e8602a0d77e0263f25a99196f94cb041ab,8.3008302561938763,-0.00038410844106273601,0.35000000000000003,0.00027979299525759949,CASH,0.050000000000000003,True,0,0,553,0,0.34972020700474243,0,0.39217237338464667,0,0.9999999967590536,,a0a1d7cc6978fc4fa448ab2405400c99873460f4760fddb048300ebdcba3ba06,6.1651397999376059
554,2022-07-09,2022-07-10,bear,-0.0342837290098435,-0.011999551743093528,0.35000000000000003,0.00024958448875272987,CASH,0.050000000000000003,True,3,5,554,0,0.3497504155112473,0,0.392172373341239,0,0.99999999743291201,,14664cb9821e507eb2a4a69af0e59fc411122ea4b74d23ffe9796de935c4863b,8.811932347714901,-0.011999551743093528,0.35000000000000003,0.00024958448875272987,CASH,0.050000000000000003,True,0,0,554,0,0.3497504155112473,0,0.392172373341239,0,0.99999999743291201,,2d521de7b88f306e8dbeea5d0e389afc85c1f1f59eaff5961af225797c552bbc,6.1702902838587761
555,2022-07-10,2022-07-11,bear,-0.042412962767539301,-0.014852314055948446,0.35000000000000003,0.0078942741542815664,CASH,0.050000000000000003,True,3,5,555,0,0.34210572584571847,0,0.39217237355232221,0,0.99999999415607399,,72332ee4d6b8c8cb7c79f2bf402cce1813e698279d04bab2f6c83e67d359569a,8.7959890402853489,-0.014852314055948446,0.35000000000000003,0.0078942741542815664,CASH,0.050000000000000003,True,0,0,555,0,0.34210572584571847,0,0.39217237355232221,0,0.99999999415607399,,1e9c116c3f81051050ddfef949208e42147b6df16e10671cff7a8f109f136bf0,6.1149873174726963
556,2022-07-11,2022-07-12,bear,-0.0316732788330528,-0.011095333356444304,0.35000000000000003,0.0097943414940064311,CASH,0.050000000000000003,True,5,5,556,0,0.3402056585059936,0,0.39217237354104795,0,0.99999999433109477,,f41336f6670a28669078e3f8052e1cc01e6a5b67edea1e8de098b8037409a792,10.067730540409684,-0.011095333356444304,0.35000000000000003,0.0097943414940064311,CASH,0.050000000000000003,True,0,0,556,0,0.3402056585059936,0,0.39217237354104795,0,0.99999999433109477,,151c445941384fa7854f73a025880d98d5c02c25c89c96f2f63258288e508a9d,6.2816507536917925
557,2022-07-12,2022-07-13,bear,0.047545639364954401,0.016633566078272821,0.35000000000000003,0.0072864459060287823,CASH,0.050000000000000003,True,5,5,557,0,0.34271355409397125,0,0.39217237330481136,0,0.99999999799841199,,d05254b6ab9fe14f5fa7e93656cc1b1a039662fd7da3ca003a5fac29facaa1e5,10.034272387623787,0.016633566078272821,0.35000000000000003,0.0072864459060287823,CASH,0.050000000000000003,True,0,0,557,0,0.34271355409397125,0,0.39217237330481136,0,0.99999999799841199,,890bf18eb9d2f10efcd242ba969ce05872646a382282c2047b1d9f9c13d7eef8,6.0409187115728855
558,2022-07-13,2022-07-14,bear,0.016592592592592399,0.0065974153804555513,0.40000000000000002,0.039360420015992825,CASH,0.050000000000000003,True,5,5,558,0,0.3606395799840072,0,0.39217237327298321,0,0.99999999849250965,,d15a2597525990b7b121d01e4bc1ed2adb1855386e85a5af66910c789c79ac7a,10.052883898839355,0.0065974153804555513,0.40000000000000002,0.039360420015992825,CASH,0.050000000000000003,True,0,0,558,0,0.3606395799840072,0,0.39217237327298321,0,0.99999999849250965,,d714e6b7925934ee53e633b5f0c50bc63de54b17359c0deb7e97f697fa0be37d,6.2079571895301342
559,2022-07-14,2022-07-15,bear,0.0116146895948703,0.0046419014926926128,0.40000000000000002,0.0039559663271913625,CASH,0.050000000000000003,True,5,5,559,0,0.40395596632719138,0,0.39217238172290003,0,0.99999986731666923,,02573c5a898098afa9397b4a975335b86615020b0f67fedf07822394a625027c,10.091507960110903,0.0046419014926926128,0.40000000000000002,0.0039559663271913625,CASH,0.050000000000000003,True,0,0,559,0,0.40395596632719138,0,0.39217238172290003,0,0.99999986731666923,,d9fcf5179589871b21438f466e7876afef65907e8051a8e5bf3d1234a288463f,6.218362782150507
560,2022-07-15,2022-07-16,bear,0.0184777023879838,0.0073882858127489737,0.40000000000000002,0.0027746348935577259,CASH,0.050000000000000003,True,5,5,560,0,0.40277463489355775,0,0.39217241024155797,0,0.99999942459527602,,b723acd5b9b4babb57924624be0c5c8e515b46fe2560dbee4d903a8ac6c939b0,9.9594589788466692,0.0073882858127489737,0.40000000000000002,0.0027746348935577259,CASH,0.050000000000000003,True,0,0,560,0,0.40277463489355775,0,0.39217241024155797,0,0.99999942459527602,,c1214be31aaa1ff29c2f2ecee2b07e4f021ea21f41cfafa6fbca41fc359f576e,6.0952582322061062
561,2022-07-16,2022-07-17,bear,-0.020004809075007499,-0.0080062905168427623,0.40000000000000002,0.0044021122054319073,CASH,0.050000000000000003,True,5,5,561,0,0.40440211220543193,0,0.39217243698192866,0,0.99999900947987641,,13788d3823378e2acd9a41211e22794e3e11f154a911c7e174d5b2444b352fd1,10.105012964457273,-0.0080062905168427623,0.40000000000000002,0.0044021122054319073,CASH,0.050000000000000003,True,0,0,561,0,0.40440211220543193,0,0.39217243698192866,0,0.99999900947987641,,c2901dbfe43c5fb1fe4ef687ed54e17f003c304c3a5d010aff47c162dd0dc716,6.1883588284254074
562,2022-07-17,2022-07-18,bear,0.083721422523285405,0.033483567046024731,0.40000000000000002,0.0048398825485333474,CASH,0.050000000000000003,True,5,5,562,0,0.39516011745146667,0,0.39217362567272906,0,0.99998055633783156,,10ae6095e59168d54b10e36681593bfba979dbe81ac4d2f44fa191e78953aa9c,10.028919409960508,0.033483567046024731,0.40000000000000002,0.0048398825485333474,CASH,0.050000000000000003,True,0,0,562,0,0.39516011745146667,0,0.39217362567272906,0,0.99998055633783156,,da3760fc72831b82fa31064792914bbba20656dd8e8e18686d349409b79a0a3c,6.1954850796610117
563,2022-07-18,2022-07-19,bear,0.039261646645180198,0.015684911272426216,0.40000000000000002,0.01944205481135558,CASH,0.050000000000000003,True,5,5,563,0,0.4194420548113556,0,0.39217280403897115,0,0.99999331131535596,,eec70e96180df305313afc1855f164edf40223672d3433c707748e718c34f343,10.012278139591217,0.015684911272426216,0.40000000000000002,0.01944205481135558,CASH,0.050000000000000003,True,0,0,563,0,0.4194420548113556,0,0.39217280403897115,0,0.99999331131535596,,6e29814f103a84425ff643aa6cc149eab89a90a2d5c9c99b703901b4637f5cb1,6.0456290505826473
564,2022-07-19,2022-07-20,bear,-0.0083297024373990003,-0.0033411271662443509,0.40000000000000002,0.0092771014827208731,CASH,0.050000000000000003,True,2,5,564,0,0.4092771014827209,0,0.39218129986204375,0,0.99986142282939461,,e7c979c5bba17452a3042d826c811fd33b3ebe975a3526d081b2f75ee2e35496,8.2428736891597509,-0.0033411271662443509,0.40000000000000002,0.0092771014827208731,CASH,0.050000000000000003,True,0,0,564,0,0.4092771014827209,0,0.39218129986204375,0,0.99986142282939461,,23fdecf380570c36fccfaf6a8db10acbd74f28f074a5131d320b9bd48a6b7904,6.2573731038719416
565,2022-07-20,2022-07-21,bear,-0.0026792790930079999,-0.0010737152992622567,0.40000000000000002,0.0020058117108544549,CASH,0.050000000000000003,True,5,5,565,0,0.39799418828914557,0,0.39219852295407726,0,0.99959405290978764,,797195dc189f3768833d92facf18cd545059b0611e91aa4b8e4c64a5e126e404,10.092300483956933,-0.0010737152992622567,0.40000000000000002,0.0020058117108544549,CASH,0.050000000000000003,True,0,0,565,0,0.39799418828914557,0,0.39219852295407726,0,0.99959405290978764,,1683f68ac21816ec3ec9efc2b1dd272f722cbcf427a9b46a8c813ab638fd43b6,6.1432190928608179
566,2022-07-21,2022-07-22,bear,-0.020636634561395799,-0.0082552922277596696,0.40000000000000002,0.00064371686117309368,CASH,0.050000000000000003,True,5,5,566,0,0.39935628313882693,0,0.39218071189315951,0,0.99987055041188555,,015c7995db6889afff32097b2584c3eef39c063aaad8c8f12417a60d74513fe2,10.054763969033957,-0.0082552922277596696,0.40000000000000002,0.00064371686117309368,CASH,0.050000000000000003,True,0,0,566,0,0.39935628313882693,0,0.39218071189315951,0,0.99990000000000001,,89af30c73546f4b355e91f5623a00caefb86f1fa572e19b7e230f9aabad80967,5.8651386834681034
567,2022-07-22,2022-07-23,bear,-0.0094729043183741993,-0.0037941368203840975,0.40000000000000002,0.0049940161694076446,CASH,0.050000000000000003,True,5,5,567,0,0.39500598383059238,0,0.39218110767980902,0,0.99986440625121664,,1b4e8c01b9400519a189155e75dd818700afaf326ac448388b767916c9edc104,10.140869250521064,-0.0037941368203840975,0.40000000000000002,0.0049940161694076446,CASH,0.050000000000000003,True,0,0,567,0,0.39500598383059238,0,0.39218110767980902,0,0.99986440625121664,,9ce44ea0a523dad5663550ee33d328d7a0089c3d8a65eb5d4dd25b4166554abe,6.1607026718556881
568,2022-07-23,2022-07-24,bear,0.0054184253174474001,0.0021650830362762719,0.40000000000000002,0.0022821444508191457,CASH,0.050000000000000003,True,5,5,568,0,0.39771785554918088,0,0.39217750508867849,0,0.99992033259121804,,31d53ebfa49b0b55fb792986f0c70cc4733c593b94486167abe580a55734e520,9.9492817912250757,0.0021650830362762719,0.40000000000000002,0.0022821444508191457,CASH,0.050000000000000003,True,0,0,568,0,0.39771785554918088,0,0.39217750508867849,0,0.99992033259121804,,2c200919c2dadd64055bc753bf81a453639a184a7cb39c6996f52a25af42ef3e,6.1297649201005697
569,2022-07-24,2022-07-25,bear,-0.056690918913652702,-0.022677635750062874,0.40000000000000002,0.0012976096757397748,CASH,0.050000000000000003,True,3,5,569,0,0.4012976096757398,0,0.39217503967910983,0,0.99995860541452364,,f31d5aaec4f2b2b52cdf74774334bae0f0bef08c7733ed8edc0b816014dd81fe,8.9399548955261707,-0.022677635750062874,0.40000000000000002,0.0012976096757397748,CASH,0.050000000000000003,True,0,0,569,0,0.4012976096757398,0,0.39217503967910983,0,0.99995860541452364,,ab711a4ba81c9848e2ecea56e603b68f9d45f331b169493210aeb842ea6d6bd6,6.1801828406751156
570,2022-07-25,2022-07-26,bear,-0.0024974298067308,-0.0010128795253077083,0.40000000000000002,0.013921509812859223,CASH,0.050000000000000003,True,5,5,570,0,0.3860784901871408,0,0.39217502780962421,0,0.99995878967547958,,4da50b864c6f9caee8c6cc8a77e57b1e9e7e24b04267e9b273d54337caf29b9c,10.015111388638616,-0.0010128795253077083,0.40000000000000002,0.013921509812859223,CASH,0.050000000000000003,True,0,0,570,0,0.3860784901871408,0,0.39217502780962421,0,0.99995878967547958,,7f04147bff691c816e77eee3f6aadce93c4fb3b9e58f21027a2e656cf357d602,6.2289005164057016
571,2022-07-26,2022-07-27,bear,0.080456686762013493,0.032182055413243704,0.40000000000000002,0.00059998251930631907,CASH,0.050000000000000003,True,5,5,571,0,0.3994000174806937,0,0.39217279192374638,0,0.99999349939114879,,fd8aa3998f5ae6978e75b670012f02668594ec85f6dd783567dedb70773e91bd,10.109961241483688,0.032182055413243704,0.40000000000000002,0.00059998251930631907,CASH,0.050000000000000003,True,0,0,571,0,0.3994000174806937,0,0.39217279192374638,0,0.99999349939114879,,9306b7d31b4319117317c2fd8791e051611fadffaf0067ff28676d0e467f354f,6.1498866993933916
572,2022-07-27,2022-07-28,bear,0.0388399837967097,0.015516995332414352,0.40000000000000002,0.018707545956829441,CASH,0.050000000000000003,True,5,5,572,0,0.41870754595682946,0,0.39217309716295568,0,0.99998876088178679,,f7fa8cd1e68e41193086e6794400a822f637b04747cbc5252d28b92fa01f6c2e,10.05871208012104,0.015516995332414352,0.40000000000000002,0.018707545956829441,CASH,0.050000000000000003,True,0,0,572,0,0.41870754595682946,0,0.39217309716295568,0,0.99998876088178679,,05bd6988e4640661e1baa268e81ad93e4844198ea51ada11d17a906220f4f3a3,6.2704962901771069
573,2022-07-28,2022-07-29,bear,-0.0031740041928721,-0.0012787690148469144,0.40000000000000002,0.0091789913609190421,CASH,0.050000000000000003,True,5,5,573,0,0.40917899136091906,0,0.39217882806409959,0,0.9998997948253352,,5b7364046dd96ba2d4072a275a573ead679455deb362e53d2b2ea989b2a1f979,10.166652487590909,-0.0012787690148469144,0.40000000000000002,0.0091789913609190421,CASH,0.050000000000000003,True,0,0,573,0,0.40917899136091906,0,0.39217882806409959,0,0.9998997948253352,,bf8bffa178e026fbc32b620e6de6c946eeff013596fe3b8d51560b09c501f3a4,6.1361054070293903
574,2022-07-29,2022-07-30,bear,-0.0058929179828637003,-0.0023579281246336459,0.40000000000000002,0.00076272936877513908,CASH,0.050000000000000003,True,5,5,574,0,0.39923727063122488,0,0.39221898391870985,0,0.99927641851182081,,4a546a9cf15ad45ecc062b8354f45880bbc5b731f5201d874c0fd77cab0b0113,10.037528613582253,-0.0023579281246336459,0.40000000000000002,0.00076272936877513908,CASH,0.050000000000000003,True,0,0,574,0,0.39923727063122488,0,0.39221898391870985,0,0.99927641851182081,,03616aed4577413999fceead582529b349bc7e65cefd02b267c2204a4b5419db,6.284632945433259
575,2022-07-30,2022-07-31,bear,-0.013996665848643,-0.0056000760444879782,0.40000000000000002,0.0014176419349479774,CASH,0.050000000000000003,True,2,5,575,0,0.39858235806505204,0,0.39221074422205743,0,0.9994043309114824,,3120642a89e4c79aca8047c918c4e8a36844160257c7172f5910142f0d4c2810,8.2481381464749575,-0.0056000760444879782,0.40000000000000002,0.0014176419349479774,CASH,0.050000000000000003,True,0,0,575,0,0.39858235806505204,0,0.39221074422205743,0,0.9994043309114824,,83b9c217b974e2b8c8a1476f8d60e496ba054014bde9a3242aa66a065ec474ed,6.1001100316643715
576,2022-07-31,2022-08-01,bear,-0.0013817726168713,-0.00055608529236472748,0.40000000000000002,0.0033781127297050628,CASH,0.050000000000000003,True,3,5,576,0,0.39662188727029496,0,0.38685725408357008,0,0.99947998238051639,,b20989e5b08bcf0c02289c6e1380f2a97551d984310476cf3fe0119d2ac4eedd,8.8492726590484381,-0.00055608529236472748,0.40000000000000002,0.0033781127297050628,CASH,0.050000000000000003,True,0,0,576,0,0.39662188727029496,0,0.38685725408357008,0,0.99947998238051639,,9ec92c4ef70b4d7c392126d2b216a2725b5d0d549c8c7b22fc812049d25d563b,6.2778284437954426
577,2022-08-01,2022-08-02,bear,-0.0121437656846231,-0.0048578364709076505,0.40000000000000002,0.00033180882178673876,CASH,0.075000000000000011,True,5,5,577,0,0.39966819117821328,0,0.376693508599033,0,0.99923402255732718,,29df22711b9e1093cb86d0ea916865125d47c95c457b2464694d1f0591c20bf8,10.091887941583991,-0.0048578364709076505,0.40000000000000002,0.00033180882178673876,CASH,0.075000000000000011,True,0,0,577,0,0.39966819117821328,0,0.376693508599033,0,0.99923402255732718,,26afc323437443b729c94a4dc78cf0ca5b11d1f7cd59c60df4ac900efedf8708,6.1372408960014582
578,2022-08-02,2022-08-03,bear,-0.0072992700729925999,-0.0029226282082494004,0.40000000000000002,0.002928730089091669,CASH,0.075000000000000011,True,4,5,578,0,0.39707126991090835,0,0.37669723444295977,0,0.99917917597878425,,4c9fba57efe5c154ace7e00071fc907dcbe80b7c048e224fd235ff9bf4fa668e,9.4711119402199984,-0.0029226282082494004,0.40000000000000002,0.002928730089091669,CASH,0.075000000000000011,True,0,0,578,0,0.39707126991090835,0,0.37669723444295977,0,0.99917917597878425,,7cf10c6009d7afea1ef3de7c22b588fa70914d1761bcddc1fa2d2aa8351966e6,6.2906432691961527
579,2022-08-03,2022-08-04,bear,-0.0091451658136436995,-0.003659816853012976,0.40000000000000002,0.0017569546120058677,CASH,0.075000000000000011,True,5,5,579,0,0.39824304538799415,0,0.37666832974561104,0,0.99960466984949925,,d4d85af3cec5c17e1686c8f0af12226305def214b50a1516877f2f2914c8c5ac,10.045459251850843,-0.003659816853012976,0.40000000000000002,0.0017569546120058677,CASH,0.075000000000000011,True,0,0,579,0,0.39824304538799415,0,0.37666832974561104,0,0.99960466984949925,,459f0e6f196aa8844ef93086177f1ff3aec8702497aa935ff234893715de3d6b,6.138425637036562
580,2022-08-04,2022-08-05,bear,0.030784403040849902,0.012311531192235492,0.40000000000000002,0.0022028981427890115,CASH,0.075000000000000011,True,5,5,580,0,0.39779710185721101,0,0.37665572831284527,0,0.99979017023163519,,72ede93d1bdf4ed7297183ddf7506822b2eb44e299aacf7fb3f27f8bc59d7942,10.070985555648804,0.012311531192235492,0.40000000000000002,0.0022028981427890115,CASH,0.075000000000000011,True,0,0,580,0,0.39779710185721101,0,0.37665572831284527,0,0.99979017023163519,,6e914e124d0800d444da0f1e8906f78eeb2f6ef28e2af76aae2acf65ccf5e91a,6.2529026847332716
581,2022-08-05,2022-08-06,bear,-0.0156168215477814,-0.0062539814142205108,0.40000000000000002,0.0072983861455431231,CASH,0.075000000000000011,True,5,5,581,0,0.40729838614554315,0,0.37665915952717816,0,0.99973966077118637,,61838dcbdc03911d89ec2f7958dfb363cc9be1176bf03fa40edef390e7f7ed36,10.103784216567874,-0.0062539814142205108,0.40000000000000002,0.0072983861455431231,CASH,0.075000000000000011,True,0,0,581,0,0.40729838614554315,0,0.37665915952717816,0,0.99973966077118637,,d53f04ef56ebd5e83592034539a43582203009616759b3fa56f7a3f74c6dc2cb,6.1007047742605209
582,2022-08-06,2022-08-07,bear,0.010072262271074901,0.0040251181157064941,0.40000000000000002,0.0037715973163634509,CASH,0.075000000000000011,True,5,5,582,0,0.39622840268363657,0,0.37673084820767772,0,0.99868436191157983,,0bd0bb7cca5a6b7447f350d5940e9eb416df646e40722695926d4847ebd970c5,10.002748105674982,0.0040251181157064941,0.40000000000000002,0.0037715973163634509,CASH,0.075000000000000011,True,0,0,582,0,0.39622840268363657,0,0.37673084820767772,0,0.99868436191157983,,cc18c562f9752b9d827c7d313081800e19e0a5c49b8296d48b6f3be0d535c98a,6.2108824215829372
583,2022-08-07,2022-08-08,bear,0.0276587573839388,0.011061068673831276,0.40000000000000002,0.00240764278123895,CASH,0.075000000000000011,True,5,5,583,0,0.40240764278123897,0,0.37667666484840973,0,0.99948197231321123,,0bf8514e7b1cff59fb3d17c8911aa39f312e238ed484c7596a101508b240df60,10.031364034861326,0.011061068673831276,0.40000000000000002,0.00240764278123895,CASH,0.075000000000000011,True,0,0,583,0,0.40240764278123897,0,0.37667666484840973,0,0.99948197231321123,,4ce5f3117af9f78daba2a449265785f4d373dfe85d6b16a98b179b8a4c2b42a8,6.149436442181468
584,2022-08-08,2022-08-09,bear,-0.028115198414531101,-0.011252570994808697,0.40000000000000002,0.0065654647336727545,CASH,0.075000000000000011,True,5,5,584,0,0.40656546473367278,0,0.37685917929085183,0,0.99679525410842185,,802706ee5869d5dbb8b56e00135aa3f5eda1f086925dcc97b6fd5c2bb65f37ad,10.016062902286649,-0.011252570994808697,0.40000000000000002,0.0065654647336727545,CASH,0.075000000000000011,True,0,0,584,0,0.40656546473367278,0,0.37685917929085183,0,0.99679525410842185,,3cfc76b63917b59c2debe4641fe348fe17ea03e49c02996b105ece661d56c02f,6.2094727866351604
585,2022-08-09,2022-08-10,bear,0.035262045993597203,0.014097897745271482,0.40000000000000002,0.0068243953107761657,CASH,0.075000000000000011,True,5,5,585,0,0.39317560468922386,0,0.37741623066612567,0,0.98859513552461042,,e8355b2796144864976d92ee79c61160731b7035232bf25d61e5891051bf33ef,10.116273542866111,0.014097897745271482,0.40000000000000002,0.0068243953107761657,CASH,0.075000000000000011,True,0,0,585,0,0.39317560468922386,0,0.37741623066612567,0,0.98859513552461042,,05248965d265f6e045c75b3275135169ea18da3430fb6a7b71ca05daef5b6510,6.1714003644883633
586,2022-08-10,2022-08-11,bear,-0.0011517804606287999,-0.00046905352326098715,0.40000000000000002,0.0083451837373547666,CASH,0.075000000000000011,True,5,5,586,0,0.40834518373735479,0,0.37758366848714214,0,0.98613035391161274,,9cb0af74d753be1528b2a52f6ef8872164fc87d3b0860e95d936c0922d36184f,10.001049719750881,-0.00046905352326098715,0.40000000000000002,0.0083451837373547666,CASH,0.075000000000000011,True,0,0,586,0,0.40834518373735479,0,0.37758366848714214,0,0.98613035391161274,,ca20aae1dc1ccd8d0b5df22f4de08c8ab2731797830984bfdbf56ff1b983d471,6.2282608672976494
587,2022-08-11,2022-08-12,bear,0.019360526084903899,0.0077439317375409544,0.40000000000000002,0.00027655472268128811,CASH,0.075000000000000011,True,5,5,587,0,0.39972344527731873,0,0.38304898749886135,0,0.90567769541449439,,234884da62b1c43317a0dd8b48dc27625e7f7d2688de2390adcf03a7ae8c7f85,10.124759845435619,0.0077439317375409544,0.40000000000000002,0.00027655472268128811,CASH,0.075000000000000011,True,0,0,587,0,0.39972344527731873,0,0.38304898749886135,0,0.90567769541449439,,1369dc1b49dd701b867c5bcd5ce9818995f961676881babc87c92dd93e96b58d,6.1166916899383068
588,2022-08-12,2022-08-13,bear,0.0017951776119217999,0.00071345691476598638,0.40000000000000002,0.0046108191069398896,CASH,0.075000000000000011,True,5,5,588,0,0.40461081910693991,0,0.38233490058144287,0,0.9161894677897644,,1b3b3a183e7891b93b789d6de80ccb0f105076f52199629103ccc1b33d8ea575,10.046439358964562,0.00071345691476598638,0.40000000000000002,0.0046108191069398896,CASH,0.075000000000000011,True,0,0,588,0,0.40461081910693991,0,0.38233490058144287,0,0.9161894677897644,,0af1c99033ec107b694202f53b4e4e0bd0f145e1a72296d4d7a2a7447a981f85,6.2773194443434477
589,2022-08-13,2022-08-14,bear,-0.0057154546384371001,-0.0022866114045703156,0.40000000000000002,0.00043053347324029101,CASH,0.075000000000000011,True,0,5,589,0,0.40043053347324031,0,0.40179585959100017,0,0.62971288690246963,,7e3f497811e060cee42d3babc840b2088b50f466853801beacff0938f43a5968,7.2516612689942122,-0.0022866114045703156,0.40000000000000002,0.00043053347324029101,CASH,0.075000000000000011,True,0,0,589,0,0.40043053347324031,0,0.40179585959100017,0,0.62971288690246963,,e8184764143bba0bf4c04bfdefe046541830a5bbcc70e292d05cbee6dbe63c90,6.160111628472805
590,2022-08-14,2022-08-15,bear,-0.0082747666935496008,-0.0033112769790626384,0.40000000000000002,0.0013748522755511194,CASH,0.075000000000000011,True,5,5,590,0,0.3986251477244489,0,0.39358237354555237,0,0.75062015545964067,,26223c99109f1aa4b61c199a618c9174cc3fc293bb303f8cb9cfb3f88e99a7b2,9.980945210903883,-0.0033112769790626384,0.40000000000000002,0.0013748522755511194,CASH,0.075000000000000011,True,0,0,590,0,0.3986251477244489,0,0.39358237354555237,0,0.75062015545964067,,573364d2d634c1a39d33329f78118baa2c97e8fd6acb4896f51ed2ed8564abc4,6.2502706721425056
591,2022-08-15,2022-08-16,bear,-0.0101611089674172,-0.0040664280275291009,0.40000000000000002,0.0019925391250067981,CASH,0.075000000000000011,True,5,5,591,0,0.39800746087499322,0,0.3844902669502599,0,0.8844612273923369,,a1b77f6eaaad69c137ff8ee62eba03123db8ca47dc5836b03eb9233d2ea41600,10.061031291261315,-0.0040664280275291009,0.40000000000000002,0.0019925391250067981,CASH,0.075000000000000011,True,0,0,591,0,0.39800746087499322,0,0.3844902669502599,0,0.8844612273923369,,e2e317038547621a65fbaacdb35654cf95800f5291ef65341ce72f7078657193,6.1136824004352093
592,2022-08-16,2022-08-17,bear,-0.021746420307836599,-0.0087009954420840252,0.40000000000000002,0.0024486184236289787,CASH,0.075000000000000011,True,5,5,592,0,0.39755138157637104,0,0.37939811609060997,0,0.95942063503824981,,b8f96dd62c7138d3af6ef38af6e1781c374c51292520897ec4b2ea73041ef5e5,10.050442410632968,-0.0087009954420840252,0.40000000000000002,0.0024486184236289787,CASH,0.075000000000000011,True,0,0,592,0,0.39755138157637104,0,0.37939811609060997,0,0.95942063503824981,,5a8a1cbfc682208c4b89f05d69ad81e3d16ada1bce7f350b4727e9fadc5d6b1b,6.2245554570108652
593,2022-08-17,2022-08-18,bear,-0.0057588482303538996,-0.0023087921024476099,0.40000000000000002,0.0052649382983329107,CASH,0.075000000000000011,True,5,5,593,0,0.39473506170166711,0,0.37885988352104749,0,0.96734373002411556,,dd634e846b43cea6d254eac817818be1bc5a22d54325cd83814e896e0098f65d,10.085297835990787,-0.0023087921024476099,0.40000000000000002,0.0052649382983329107,CASH,0.075000000000000011,True,0,0,593,0,0.39473506170166711,0,0.37885988352104749,0,0.96734373002411556,,6119a1b990df1bdeabbea9137ee3746b2fa91a7cad59aa4b5665612dd0249289,6.1669087558984756
594,2022-08-18,2022-08-19,bear,-0.1022384457584167,-0.04089670696510006,0.40000000000000002,0.0013853147021332668,CASH,0.075000000000000011,True,5,5,594,0,0.39861468529786676,0,0.37716347607302148,0,0.99231582938112795,,16ecd88f8ea1d4d0b7138ad4f36ecdbdbaddb1dc8592e2cad00274da224c97a9,9.8980446569621563,-0.04089670696510006,0.40000000000000002,0.0013853147021332668,CASH,0.075000000000000011,True,0,0,594,0,0.39861468529786676,0,0.37716347607302148,0,0.99231582938112795,,2b80b5fcc47cb510a1fadbf5017d7c43308441fd3c1f8c19b5b9c748e678ab44,6.1568496432155371
595,2022-08-19,2022-08-20,bear,0.014766241185139599,0.0058807618925844629,0.40000000000000002,0.025583472779658001,CASH,0.075000000000000011,True,5,5,595,0,0.37441652722034202,0,0.37677671607106761,0,0.99800916042053223,,a8b488ffcd52bdefc6bcb5f73c4e857769cf6760eff30be2c6365737317c32e9,10.136132283136249,0.0058807618925844629,0.40000000000000002,0.025583472779658001,CASH,0.075000000000000011,True,0,0,595,0,0.37441652722034202,0,0.37677671607106761,0,0.99800916042053223,,9a04b0598c3a0ac8a769abfe4993af0385d8c0d20541ecc5f3b3ff4a0f3b5363,6.1285749860107899
596,2022-08-20,2022-08-21,bear,0.0178959170060881,0.007154818494100601,0.40000000000000002,0.003523088773017935,CASH,0.075000000000000011,True,5,5,596,0,0.40352308877301796,0,0.37664380566321559,0,0.99996567853322083,,936e0ef7fd0b0e478ecab514f9f65ae158fb73f92e39d430047bb2f03467b046,10.085802257061005,0.007154818494100601,0.40000000000000002,0.003523088773017935,CASH,0.075000000000000011,True,0,0,596,0,0.40352308877301796,0,0.37664380566321559,0,0.99996567853322083,,2bd7a9b34d3ee40e51c0de85d458fa55d5400ffcf36a9e7f047d25040ff032fa,6.2289715930819511
597,2022-08-21,2022-08-22,bear,-0.0046892718383433002,-0.0018799652296643821,0.40000000000000002,0.0042644932743766129,CASH,0.075000000000000011,True,5,5,597,0,0.40426449327437664,0,0.37664552391391304,0,0.99994038488868919,,4fb38c909379eb9da22d82eebe938fa8340a423b12bdb4dfff28c58c38ded93c,10.104823471978307,-0.0018799652296643821,0.40000000000000002,0.0042644932743766129,CASH,0.075000000000000011,True,0,0,597,0,0.40426449327437664,0,0.37664552391391304,0,0.99994038488868919,,749ac73982c0ca5a27fc9661833dfce60df604600601b9bd5c021a2544aa133d,6.1588601265102625
598,2022-08-22,2022-08-23,bear,0.0047113647081895001,0.001883416218196432,0.40000000000000002,0.0011275401781640215,CASH,0.075000000000000011,True,2,5,598,0,0.398872459821836,0,0.3766565134816568,0,0.99977861209239005,,c84e248c2ae3688a4a510aeba8d1b7cb0b3aead7863b7a377ffb66a6e9030148,8.1117206197232008,0.001883416218196432,0.40000000000000002,0.0011275401781640215,CASH,0.075000000000000011,True,0,0,598,0,0.398872459821836,0,0.3766565134816568,0,0.99977861209239005,,a09c535223fa84ffab3d8c64f8a60c0ddf8d6e2d799300fcce3735e286d67a73,6.1519416365772486
599,2022-08-23,2022-08-24,bear,-0.0070641161489412999,-0.0028267718711804113,0.40000000000000002,0.0011286006302938523,CASH,0.075000000000000011,True,2,5,599,0,0.40112860063029387,0,0.37665760632839967,0,0.99976252475596517,,ec4a6454e4b121438a1c4896183818211ba403269636a05407eb63b35c6f5ce2,8.3088188115507364,-0.0028267718711804113,0.40000000000000002,0.0011286006302938523,CASH,0.075000000000000011,True,0,0,599,0,0.40112860063029387,0,0.37665760632839967,0,0.99976252475596517,,25251b0724e50aacb9681fa4f7d2a014a7dded557e12924f3095fd9691e24ce7,6.1678805407136679
600,2022-08-24,2022-08-25,bear,0.0093703779978657007,0.003746444634552093,0.40000000000000002,0.0017001920173002061,CASH,0.075000000000000011,True,3,5,600,0,0.39829980798269982,0,0.37666346034559628,0,0.99967635023540757,,7a2fc50e145a0eda1e3cd68720878825718218d97324bf38b6a967beb021bb5e,8.8419571798294783,0.003746444634552093,0.40000000000000002,0.0017001920173002061,CASH,0.075000000000000011,True,0,0,600,0,0.39829980798269982,0,0.37666346034559628,0,0.99967635023540757,,80c96cd5ee1fb1a6d73fbcb977a152cac031a8e4179c3e0b58c98a5f6072a81a,6.2514424677938223
601,2022-08-25,2022-08-26,bear,-0.061000491528095897,-0.0244023824357813,0.40000000000000002,0.0022404930129147904,CASH,0.075000000000000011,True,5,5,601,0,0.40224049301291481,0,0.37665966706188647,0,0.99973218956659282,,6d210dccc701c325019c783c83c5a0aef0dd4cc4a89f0e51552dd38f573f9f0d,10.062652256339788,-0.0244023824357813,0.40000000000000002,0.0022404930129147904,CASH,0.075000000000000011,True,0,0,601,0,0.40224049301291481,0,0.37665966706188647,0,0.99973218956659282,,ef2481bbc370aa6f7c2cc31c068e8f788e0d1293433955369558b8563b48746f,6.1618571523576975
602,2022-08-26,2022-08-27,bear,-0.010666719341823901,-0.0042816299836471172,0.40000000000000002,0.015006274002813791,CASH,0.075000000000000011,True,5,5,602,0,0.38499372599718623,0,0.37667344371936229,0,0.99952938919668077,,c4567fba392616c69bdb50adea0b6a54f0cfb4e113871db71335f265f801b564,10.007418379187584,-0.0042816299836471172,0.40000000000000002,0.015006274002813791,CASH,0.075000000000000011,True,0,0,602,0,0.38499372599718623,0,0.37667344371936229,0,0.99952938919668077,,d645cf55e497b08d92e50e13ddf3fe644306532a3853e0c40766405bfefc3912,6.2229824177920818
603,2022-08-27,2022-08-28,bear,-0.024144075791533399,-0.0096601764692378911,0.40000000000000002,0.0025709822203486277,CASH,0.075000000000000011,True,5,5,603,0,0.39742901777965139,0,0.37664271565617491,0,0.99998172406759123,,7e412f4531434815248a53cd50842ac1c9f737c2aca35176a3059a790e394038,10.117359908297658,-0.0096601764692378911,0.40000000000000002,0.0025709822203486277,CASH,0.075000000000000011,True,0,0,603,0,0.39742901777965139,0,0.37664271565617491,0,0.99998172406759123,,62ead3c069a94d4e773a72a2387288dfacbb3911cbad01b93dc05f870e55cce7,6.1467482447624207
604,2022-08-28,2022-08-29,bear,0.038137717261204497,0.015249146559845439,0.40000000000000002,0.0058510858137075794,CASH,0.075000000000000011,True,5,5,604,0,0.39414891418629244,0,0.37664189437740997,0,0.99999381376624397,,46795c0644ed87aaca12fff7db705d58bbdd387c873f8cd52542bc352358ec4a,9.948420187458396,0.015249146559845439,0.40000000000000002,0.0058510858137075794,CASH,0.075000000000000011,True,0,0,604,0,0.39414891418629244,0,0.37664189437740997,0,0.99999381376624397,,1440ec2b778da1d0af1068251f8a0865192c3715f44875f30c2e3c8be8bcba10,6.1311770975589752
605,2022-08-29,2022-08-30,bear,-0.024793306989623402,-0.0099262489056388681,0.40000000000000002,0.0090155196075862865,CASH,0.075000000000000011,True,5,5,605,0,0.40901551960758631,0,0.37664159005689013,0,0.99999829354039116,,7fb367ad9a27d6bfb1d5bb5fe563f8db8a6b320b7f111f3be648b299194bb7d7,10.067454958334565,-0.0099262489056388681,0.40000000000000002,0.0090155196075862865,CASH,0.075000000000000011,True,0,0,605,0,0.40901551960758631,0,0.37664159005689013,0,0.99999829354039116,,993ec2f0e2d7d6d39d0f8928008c63b1f9b3cf7aee0318405483df9328b665c5,6.166770638898015
606,2022-08-30,2022-08-31,bear,0.012696664409931099,0.0050726252444524,0.40000000000000002,0.0060099967553343125,CASH,0.075000000000000011,True,5,5,606,0,0.39399000324466571,0,0.37664256587643069,0,0.99998392891209642,,877f795aee4aa2e04189bbe1c03f5497e58982f9ab4b20f826cd2e3360a4bbdb,10.066249374300241,0.0050726252444524,0.40000000000000002,0.0060099967553343125,CASH,0.075000000000000011,True,0,0,606,0,0.39399000324466571,0,0.37664256587643069,0,0.99998392891209642,,e549e747f3aac8ded091d59fce2bf13abbb1d41507bd07dc30bf55ffab2f3b29,6.1812950652092695
607,2022-08-31,2022-09-01,bear,0.0041009983087121,0.0013822414869339994,0.35000000000000003,0.053031801949618707,CASH,0.075000000000000011,True,5,5,607,0,0.40303180194961874,0,0.36628709871589815,0,0.99999371762360123,,115e9fdb3b91d23f3dc2fd842135b7d583a658b05f7b090c2a813b834761515a,10.067556485533714,0.0013822414869339994,0.35000000000000003,0.053031801949618707,CASH,0.075000000000000011,True,0,0,607,0,0.40303180194961874,0,0.36628709871589815,0,0.99999371762360123,,541c99f3fb3b917b3bbb993db9bc454614aa4adb395890c170ab895c8069280a,6.1243089698255062
608,2022-09-01,2022-09-02,bear,-0.0086156781492686997,-0.0034951705169418146,0.40000000000000002,0.049068360113527554,CASH,0.05000000000000001,True,5,5,608,0,0.35093163988647247,0,0.37618729578119936,0,0.99998692994507998,,d1e10e7b7a1bbc3398f411ab4d536b19a029cfb888e0b3b1ca65d0f05ba61e7d,9.9631792493164539,-0.0034951705169418146,0.40000000000000002,0.049068360113527554,CASH,0.05000000000000001,True,0,0,608,0,0.35093163988647247,0,0.37618729578119936,0,0.99998692994507998,,3496e2f64c53522b88ae1e7b0d2dbe8c3ca0415baa8049318cd9949712908d11,6.1177478320896626
609,2022-09-02,2022-09-03,bear,-0.0060793777283273997,-0.0024338209591283633,0.40000000000000002,0.0020749134704841632,CASH,0.05000000000000001,True,5,5,609,0,0.39792508652951586,0,0.3761905855691664,0,0.99994601363149205,,9654625d8c916385ebb40a2132a86e263a10ddcc25a543dc12e4025b82aaff72,9.9994611777365208,-0.0024338209591283633,0.40000000000000002,0.0020749134704841632,CASH,0.05000000000000001,True,0,0,609,0,0.39792508652951586,0,0.3761905855691664,0,0.99994601363149205,,d11cc44bd00ccd500a8ddd12b066de23962a13499694ed04b08e5d41f5f0ac20,6.0407517123967409
610,2022-09-03,2022-09-04,bear,0.0084966265619167997,0.0033971830465235886,0.40000000000000002,0.0014626073518225757,CASH,0.05000000000000001,True,5,5,610,0,0.39853739264817745,0,0.37618856944256046,0,0.99997108894615405,,0a049e5373f8f9594fadeaf57f525b25af8d3e2462b2aaa774c1e6c0f109a80c,9.9982739221304655,0.0033971830465235886,0.40000000000000002,0.0014626073518225757,CASH,0.05000000000000001,True,0,0,610,0,0.39853739264817745,0,0.37618856944256046,0,0.99997108894615405,,8c3d72d2722f47f678b55e3206d6d500afc50d02d4818a842c357bd990a9d701,6.1524801999330521
611,2022-09-04,2022-09-05,bear,-0.010340051700258601,-0.0041380445578912406,0.40000000000000002,0.0020322833537700369,CASH,0.05000000000000001,True,5,5,611,0,0.40203228335377006,0,0.37618945492624062,0,0.99996007585707325,,efd3fc198b42fe6fe6d0a8da7299efeaed6f7859044d9356fe942d822544a6f6,10.12629846855998,-0.0041380445578912406,0.40000000000000002,0.0020322833537700369,CASH,0.05000000000000001,True,0,0,611,0,0.40203228335377006,0,0.37618945492624062,0,0.99996007585707325,,dbdd0f093be709837545e19f9a5f2b93e0cb960b7b777a8d60a620212f6e9988,6.1767111569643021
612,2022-09-05,2022-09-06,bear,-0.050861158686612798,-0.020346904696926127,0.40000000000000002,0.0024919190367311272,CASH,0.05000000000000001,True,5,5,612,0,0.39750808096326889,0,0.37619160180903344,0,0.99993337427920181,,535b53202c4154a13753e1b3d46864bcdcd5e088168c38355358b4a19cf21abf,10.13192487321794,-0.020346904696926127,0.40000000000000002,0.0024919190367311272,CASH,0.05000000000000001,True,0,0,612,0,0.39750808096326889,0,0.37619160180903344,0,0.99993337427920181,,8699684d47bec5b99ffe850e078bfc2ff747d57a571cba7c9c9f72537387a0e2,6.2255139723420143
613,2022-09-06,2022-09-07,bear,0.0263541711024994,0.010529076916348634,0.40000000000000002,0.012460173632133753,CASH,0.05000000000000001,True,2,5,613,0,0.38753982636786627,0,0.3761890713572561,0,0.99996484644685402,,359216e9a10fe183692e9374cd766537520943c04b9efb8b70b1172b245ab8fb,8.1609226204454899,0.010529076916348634,0.40000000000000002,0.012460173632133753,CASH,0.05000000000000001,True,0,0,613,0,0.38753982636786627,0,0.3761890713572561,0,0.99996484644685402,,5c2bd5b36ffb8987509ab449bf22e404c37198917b2579ebb5bd8fef764bed55,6.1052270568907261
614,2022-09-07,2022-09-08,bear,0.001861888338563,0.00073849165344097578,0.40000000000000002,0.0062590205452464631,CASH,0.05000000000000001,True,5,5,614,0,0.40625902054524649,0,0.37618657211215956,0,0.99999593048543722,,653b464a5705ac30dd2e7244599c0b181384e8f53118ff0e739e073fa1d21f6a,10.096589531749487,0.00073849165344097578,0.40000000000000002,0.0062590205452464631,CASH,0.05000000000000001,True,0,0,614,0,0.40625902054524649,0,0.37618657211215956,0,0.99999593048543722,,24d67f3c391f8f12ea5770c5a80933b80e6053634f30454ad5afc45d47b4b3a7,6.2242568805813789
615,2022-09-08,2022-09-09,bear,0.1060080549142223,0.042402756511122019,0.40000000000000002,0.00044652065261674423,CASH,0.05000000000000001,True,5,5,615,0,0.40044652065261677,0,0.37618699179266629,0,0.99999071076325596,,67829c994008a0433e4567e176eb8f1bc0db7f8aa11087d48c1857a02a2b080f,9.9896436594426632,0.042402756511122019,0.40000000000000002,0.00044652065261674423,CASH,0.05000000000000001,True,0,0,615,0,0.40044652065261677,0,0.37618699179266629,0,0.99999071076325596,,b61286d3456cf871f69e08f3a0392f16ebc3fc73e0e831e574bd37b04b518542,6.0859489422291517
616,2022-09-09,2022-09-10,bear,0.0133488102147416,0.0053149867663111472,0.40000000000000002,0.024406997832793376,CASH,0.05000000000000001,True,5,5,616,0,0.4244069978327934,0,0.37618843023022575,0,0.99997282038161384,,7686c80f651c0b82a5455f1c96eb411a195880afb01146ecfb591da322b3476c,10.040616255253553,0.0053149867663111472,0.40000000000000002,0.024406997832793376,CASH,0.05000000000000001,True,0,0,616,0,0.4244069978327934,0,0.37618843023022575,0,0.99997282038161384,,d3d28f2a7e53cce57fa847b6ea7c739e5965898f4a804c8e327129167100edcc,6.262408334761858
617,2022-09-10,2022-09-11,bear,0.0085217825074825008,0.0034055154414551758,0.40000000000000002,0.0031866989954970615,CASH,0.05000000000000001,True,5,5,617,0,0.40318669899549708,0,0.37622225141515003,0,0.99955217375570082,,4634a839b2d702068a6b577bd3fe765fb9dfc2aa6460aedc3ab0e60532bcb55a,10.151274409145117,0.0034055154414551758,0.40000000000000002,0.0031866989954970615,CASH,0.05000000000000001,True,0,0,617,0,0.40318669899549708,0,0.37622225141515003,0,0.99955217375570082,,7406ecd6a8ae8357e8688677738417bdb8bc1e0ca0ae29f58de535fc3ee9305e,6.1757204663008451
618,2022-09-11,2022-09-12,bear,0.025665333937869999,0.010264074370003762,0.40000000000000002,0.0020382798906289357,CASH,0.05000000000000001,True,2,5,618,0,0.40203827989062896,0,0.37639586034779354,0,0.99739293504355442,,630946ab5f7b85b5b0a3610cc6c150ac36524874375d9328c3b30bbf5ef73e68,8.2399221807718277,0.010264074370003762,0.40000000000000002,0.0020382798906289357,CASH,0.05000000000000001,True,0,0,618,0,0.40203827989062896,0,0.37639586034779354,0,0.99739293504355442,,c62a42ce1ea97771bf703359c1818dd07a709b074b7c596f5b038eca53befb72,6.2763923294842243
619,2022-09-12,2022-09-13,bear,-0.099119011578322203,-0.039653459983087669,0.40000000000000002,0.0060970866392312528,CASH,0.05000000000000001,True,5,5,619,0,0.40609708663923128,0,0.37649368834958952,0,0.99617621188596961,,46c98bb3599884107e98de4970903ad56874833c24b6c251aea06b2324a9d78b,10.081494273617864,-0.039653459983087669,0.40000000000000002,0.0060970866392312528,CASH,0.05000000000000001,True,0,0,619,0,0.40609708663923128,0,0.37649368834958952,0,0.99617621188596961,,671483464ceb23397a17fc94383e6f7d2d6e6eeb069d6f30755f4b3b15031577,6.1797232702374458
620,2022-09-13,2022-09-14,bear,0.0023295581274318002,0.00090702950897814105,0.40000000000000002,0.024770660117596821,CASH,0.05000000000000001,True,5,5,620,0,0.3752293398824032,0,0.37662072308932376,0,0.99459623368411521,,4e10aa5d7ef064f0edf15cf396fe2f17760140cdec3d04a7ad6397a0e48097f7,10.051994606852531,0.00090702950897814105,0.40000000000000002,0.024770660117596821,CASH,0.05000000000000001,True,0,0,620,0,0.3752293398824032,0,0.37662072308932376,0,0.99459623368411521,,70d11238c6cea982d6ce540150fa721cdbd95db38f78a27ff74616f43f74babd,6.2353000156581402
621,2022-09-14,2022-09-15,bear,-0.025753492397082401,-0.010301949778204755,0.40000000000000002,0.00055857345884730014,CASH,0.05000000000000001,True,5,5,621,0,0.40055857345884732,0,0.37619332542111461,0,0.9999119370762124,,d3ce29a2dc0ca94aaa31d7aaf661bbc07bca4b2a4d0e7c18e2d454c12fd229a1,10.072588339447975,-0.010301949778204755,0.40000000000000002,0.00055857345884730014,CASH,0.05000000000000001,True,0,0,621,0,0.40055857345884732,0,0.37619332542111461,0,0.9999119370762124,,26fd48b30313f37c2354d210307b48760d57c84d57c75dbbcd5390d3d3694926,6.1463637221604586
622,2022-09-15,2022-09-16,bear,0.0051112340559444002,0.0020382356819901304,0.40000000000000002,0.0062451721729293586,CASH,0.05000000000000001,True,2,5,622,0,0.39375482782707066,0,0.37619222634032906,0,0.99992560675175002,,52561873c77fafcdc9c0eee1a748685081f22a7c3c3d047eed54d5aa8c58d294,8.1449106130748987,0.0020382356819901304,0.40000000000000002,0.0062451721729293586,CASH,0.05000000000000001,True,0,0,622,0,0.39375482782707066,0,0.37619222634032906,0,0.99992560675175002,,de47dd9ed41fda222dbd162a7e7618feabba0b97766e79ecbe7d86c2858d0f34,6.1018347535282373
623,2022-09-16,2022-09-17,bear,0.0157102169434006,0.0062828548911051385,0.40000000000000002,0.0012241933179955033,CASH,0.05000000000000001,True,5,5,623,0,0.40122419331799553,0,0.37618942249810144,0,0.99996047917787145,,b0a57f0fcbe25e3df09cac554e501f8f24918c11511325ec79f4761267abc1f8,10.073064420372248,0.0062828548911051385,0.40000000000000002,0.0012241933179955033,CASH,0.05000000000000001,True,0,0,623,0,0.40122419331799553,0,0.37618942249810144,0,0.99996047917787145,,abdfb2d1769d442fdadefe51c05448b586c424ceb85ebd8efc74b00b4e0bdfa9,6.1116019394248724
624,2022-09-17,2022-09-18,bear,-0.034538991224799302,-0.013819291630358554,0.40000000000000002,0.003746906182816756,CASH,0.05000000000000001,True,5,5,624,0,0.40374690618281678,0,0.37620028510814829,0,0.99982537686625195,,77b4814a5e493eda9b399de9e054178b0804f99bfeab3c271f9d9efdc935688d,10.02276312187314,-0.013819291630358554,0.40000000000000002,0.003746906182816756,CASH,0.05000000000000001,True,0,0,624,0,0.40374690618281678,0,0.37620028510814829,0,0.99982537686625195,,be97e2717e46d7f5863eaaf2ba230565568c070b0903c669fedacc353de70730,6.0981376580893993
625,2022-09-18,2022-09-19,bear,0.0061847282015367998,0.0024654650016808777,0.40000000000000002,0.0084054846785732162,CASH,0.05000000000000001,True,2,5,625,0,0.39159451532142681,0,0.37621753658145479,0,0.99961081389171702,,6b9e34eed949b1cc98cb5395a50a2e361df23a838755e7bee0e5556e2c9c256d,8.202810050919652,0.0024654650016808777,0.40000000000000002,0.0084054846785732162,CASH,0.05000000000000001,True,0,0,625,0,0.39159451532142681,0,0.37621753658145479,0,0.99961081389171702,,8ec14756743166eee5b0d6aae0eaefd19ee931ea8ec17dd3e62a6c2822673487,6.0459303129464388
626,2022-09-19,2022-09-20,bear,-0.034111439231481799,-0.013646036161202413,0.40000000000000002,0.0014806717474433184,CASH,0.05000000000000001,True,5,5,626,0,0.40148067174744334,0,0.37621174816008568,0,0.99968280663599385,,11706c6ee3bdd1881b873c590c35dc764774b7d886119e006c3c6d98dc5fddff,9.999162120744586,-0.013646036161202413,0.40000000000000002,0.0014806717474433184,CASH,0.05000000000000001,True,0,0,626,0,0.40148067174744334,0,0.37621174816008568,0,0.99968280663599385,,408820142b9cf6238664b90ec97eaddbb7f25b8155038587e17c4f99dc440054,6.2054640837013721
627,2022-09-20,2022-09-21,bear,-0.0203153811915813,-0.0081343850249349092,0.40000000000000002,0.0082999953300851859,CASH,0.05000000000000001,True,5,5,627,0,0.39170000466991484,0,0.37626791463202319,0,0.9989842433841376,,da929b943642762676ae51504c0860228760db286a653d0f7dc0a64de70a412a,10.078499812632799,-0.0081343850249349092,0.40000000000000002,0.0082999953300851859,CASH,0.05000000000000001,True,0,0,627,0,0.39170000466991484,0,0.37626791463202319,0,0.9989842433841376,,003374107055183cb63c591ebcfeba1261f17e9ae58a67b82342e5f3dc63fdf3,6.1345580574125051
628,2022-09-21,2022-09-22,bear,0.049488885283141403,0.019790541168805076,0.40000000000000002,0.0049156366993178824,CASH,0.05000000000000001,True,5,5,628,0,0.39508436330068214,0,0.37619553624052648,0,0.99988444029487522,,34687f48fee1bb1ee0748991ad5b80a97c43d35f0aa2949c69c06dc35845b9a4,10.091007295995951,0.019790541168805076,0.40000000000000002,0.0049156366993178824,CASH,0.05000000000000001,True,0,0,628,0,0.39508436330068214,0,0.37619553624052648,0,0.99988444029487522,,a30fd955bf059e012939397ccdc669138b16da1d304c54d8b34f321b948927a2,6.2670336477458477
629,2022-09-22,2022-09-23,bear,-0.0056947021232733996,-0.002289501097379687,0.40000000000000002,0.011646778042959438,CASH,0.05000000000000001,True,5,5,629,0,0.41164677804295946,0,0.37619013072244251,0,0.99995167072895441,,aedf708edf545be59eb8740c0f8ac400e79ce56f769146898303d439b4f7449b,10.086301965638995,-0.002289501097379687,0.40000000000000002,0.011646778042959438,CASH,0.05000000000000001,True,0,0,629,0,0.41164677804295946,0,0.37619013072244251,0,0.99995167072895441,,d3b5a1c00419a2279ad1e53f3f8acf0d4f75305c7ea74778575b79095e348110,6.157106650993228
630,2022-09-23,2022-09-24,bear,-0.019089330603571,-0.0076370916304914216,0.40000000000000002,0.0013698488620749738,CASH,0.05000000000000001,True,5,5,630,0,0.39863015113792505,0,0.37621098763002742,0,0.99969226563050362,,a06c3f41046988c09f9534b4f080dd56340852773b2571400321c04cdeb2155e,10.101578677073121,-0.0076370916304914216,0.40000000000000002,0.0013698488620749738,CASH,0.05000000000000001,True,0,0,630,0,0.39863015113792505,0,0.37621098763002742,0,0.99969226563050362,,5cc1e44bf33d7d04a1c737ad03ccaea30d81b8f867841a00005263e6981387a9,6.2354550808668137
631,2022-09-24,2022-09-25,bear,-0.0064464312134084999,-0.0025831772720529278,0.40000000000000002,0.0046166911624145879,CASH,0.05000000000000001,True,3,5,631,0,0.39538330883758543,0,0.3762331440937759,0,0.99941669746966744,,8fe72536d55f373a6f10f5c4015d47924a680c9aa0b1988a28ffcdefdb9b54c7,8.8451849445700645,-0.0025831772720529278,0.40000000000000002,0.0046166911624145879,CASH,0.05000000000000001,True,0,0,631,0,0.39538330883758543,0,0.3762331440937759,0,0.99941669746966744,,2d45f74b9f9480801cfec7436e520880692f63720beb769a2120d81924ac99c5,6.1590562127530575
632,2022-09-25,2022-09-26,bear,0.022469579646017701,0.0089862667737661273,0.40000000000000002,0.001551143226462659,CASH,0.05000000000000001,True,4,5,632,0,0.39844885677353736,0,0.37621170561714867,0,0.99968333575818724,,6c860a2cc50f7f272990e6079c07cd556c1c2dfb7805bb38b1d452752ff8a05d,9.4518398996442556,0.0089862667737661273,0.40000000000000002,0.001551143226462659,CASH,0.05000000000000001,True,0,0,632,0,0.39844885677353736,0,0.37621170561714867,0,0.99968333575818724,,b579e87203c66ff317fd74659463b0ded36f2cf6410c6b316b67cf9ab9ef7093,6.2337850127369165
633,2022-09-26,2022-09-27,bear,-0.0075263839548105,-0.0030158821537221714,0.40000000000000002,0.0053446621899410629,CASH,0.05000000000000001,True,3,5,633,0,0.40534466218994109,0,0.37621699126938984,0,0.99961759614001044,,ffcc5f284d0ec99a07a9f3e0b29aa466213b34a18baedbf226be1de9aeb0cd86,8.8350633475929499,-0.0030158821537221714,0.40000000000000002,0.0053446621899410629,CASH,0.05000000000000001,True,0,0,633,0,0.40534466218994109,0,0.37621699126938984,0,0.99961759614001044,,99047c5f2a2ce2057610d27a7f24f50139568c6e291f0114aa57971b81a40244,6.1562841329723597
634,2022-09-27,2022-09-28,bear,0.017294691053927998,0.0069160521012252563,0.40000000000000002,0.0018117866298827945,CASH,0.05000000000000001,True,5,5,634,0,0.39818821337011723,0,0.37633275197925653,0,0.99817783723691156,,b0e3119185832d3ce871ac0600cd752ba372004a90fc870392279b5d8cfbba72,10.119309147819877,0.0069160521012252563,0.40000000000000002,0.0018117866298827945,CASH,0.05000000000000001,True,0,0,634,0,0.39818821337011723,0,0.37633275197925653,0,0.99817783723691156,,18b478e1a6dccddaa795a485b5ac699c77d8abc202ccd96ab5a14d09cd345864,6.2339199855923653
635,2022-09-28,2022-09-29,bear,0.0093761269383337998,0.0037463131062707156,0.40000000000000002,0.0041222089210430912,CASH,0.05000000000000001,True,2,5,635,0,0.40412220892104311,0,0.37629987064609421,0,0.99858679457493116,,6555cdfe0ec246572e5c58631c799a95d26f1b1f62878342052654ef034f808d,8.3169566411525011,0.0037463131062707156,0.40000000000000002,0.0041222089210430912,CASH,0.05000000000000001,True,0,0,635,0,0.40412220892104311,0,0.37629987064609421,0,0.99858679457493116,,8ed2d216357f909f98c9b1b59037158122486eb8a90d19e7528784b435379fab,6.1505602486431599
636,2022-09-29,2022-09-30,bear,-0.0086765681620986999,-0.0034728613466408209,0.40000000000000002,0.0022418624703600121,CASH,0.05000000000000001,True,5,5,636,0,0.40224186247036003,0,0.37646468474768263,0,0.99653694043431085,,86d7b9b47e5b7a144d4dbf71f1761a1ab2f653f822dc159cb666603315d03d8e,10.048315705731511,-0.0034728613466408209,0.40000000000000002,0.0022418624703600121,CASH,0.05000000000000001,True,0,0,636,0,0.40224186247036003,0,0.37646468474768263,0,0.99653694043431085,,14da756d94b6805e78f02768553486029a8171f903ad814a37635189d8f63dbc,6.222216883674264
637,2022-09-30,2022-10-01,bear,-0.0057200226535549003,-0.0020498223831196816,0.35000000000000003,0.047910371318822031,CASH,0.05000000000000001,True,5,5,637,0,0.39791037131882206,0,0.36753928665225838,0,0.99054026995953603,,81a7fb5c55d6f5577896b20d09eda15d434b0f19fb12bd548d52e330fc487e87,9.9388650506734848,-0.0020498223831196816,0.35000000000000003,0.047910371318822031,CASH,0.05000000000000001,True,0,0,637,0,0.39791037131882206,0,0.36753928665225838,0,0.99054026995953603,,af93b7a3a9f3e0af6ce986853e6bd08dba7162add073d2a44d5ea5039e6f1ddf,6.0510695185512304
638,2022-10-01,2022-10-02,bear,-0.013447666982534001,-0.0047079812223719264,0.35000000000000003,0.0013039156030594801,CASH,0.075000000000000011,True,3,5,638,0,0.34869608439694055,0,0.35725187714336493,0,0.99756976643135964,,b3f08df08e1a2cdbadaf189dac4f42913b3d9582f1a3f886d30fb690e40c8bcd,8.9737309440970421,-0.0047079812223719264,0.35000000000000003,0.0013039156030594801,CASH,0.075000000000000011,True,0,0,638,0,0.34869608439694055,0,0.35725187714336493,0,0.99756976643135964,,4156b1415703d47adf2b7eef4b7877a7119b5c176caffbecd629cf554a4d3077,6.2818389236927032
639,2022-10-02,2022-10-03,bear,0.030237977766346999,0.010580185875476822,0.35000000000000003,0.0030738116971510965,CASH,0.075000000000000011,True,5,5,639,0,0.34692618830284894,0,0.35721841736223686,0,0.99795201349005602,,da0a82c72f15c266c1616fcd8ab54676c10c731707ed6f20a6a647d6fa13e4f1,10.00294841080904,0.010580185875476822,0.35000000000000003,0.0030738116971510965,CASH,0.075000000000000011,True,0,0,639,0,0.34692618830284894,0,0.35721841736223686,0,0.99795201349005602,,75051dbfdc6203a5389a8a676c2304e65a6c9dabb83510ba7293bcdbf594d816,6.0541866943240166
640,2022-10-03,2022-10-04,bear,0.0362690604891917,0.012687277662314589,0.35000000000000003,0.0068070984300010462,CASH,0.075000000000000011,True,5,5,640,0,0.35680709843000108,0,0.35720403212014218,0,0.9981163515711664,,5a86dafb97d9deb6a7b54a5923ca6ed1e1c25e77e10e8e4803d2e2869a062771,10.02938512340188,0.012687277662314589,0.35000000000000003,0.0068070984300010462,CASH,0.075000000000000011,True,0,0,640,0,0.35680709843000108,0,0.35720403212014218,0,0.9981163515711664,,b403d45f81821518c5bb855bbb0f4d95b6e97556dc4733ac6c988f73f04e494d,6.2326543927192688
641,2022-10-04,2022-10-05,bear,-0.0089822125642814998,-0.0031518965646333275,0.35000000000000003,0.0081477819228961135,CASH,0.075000000000000011,True,5,5,641,0,0.35814778192289615,0,0.35944600582640568,0,0.97250387496391544,,e528adec0632942557f743d603550853c35160abbee406eeaf587cb6c3351b81,10.097944775596261,-0.0031518965646333275,0.35000000000000003,0.0081477819228961135,CASH,0.075000000000000011,True,0,0,641,0,0.35814778192289615,0,0.35944600582640568,0,0.97250387496391544,,c3b62f60cfbcb2bd5744ac306d4982a6a63ccb2b26d30e78f4acac9ec45bb4ef,6.1557164322584867
642,2022-10-05,2022-10-06,bear,-0.0099615527719211002,-0.0034885862208892116,0.35000000000000003,0.0020498977745150304,CASH,0.075000000000000011,True,5,5,642,0,0.347950102225485,0,0.3652192442092338,0,0.9065499599088902,,c4095c71d636481b300b9a6bc93995c3e86f498913785a7c4d18628556414664,10.073165407404304,-0.0034885862208892116,0.35000000000000003,0.0020498977745150304,CASH,0.075000000000000011,True,0,0,642,0,0.347950102225485,0,0.3652192442092338,0,0.9065499599088902,,df83c0ff27aa687d42f4b835b77c996a38b8ebd573ce5aca27e811591cf98cf6,6.2340526282787323
643,2022-10-06,2022-10-07,bear,-0.021316149463588702,-0.0074629095276637081,0.35000000000000003,0.0022741822910288256,CASH,0.075000000000000011,True,5,5,643,0,0.34772581770897121,0,0.36494810091239044,0,0.90964752179567365,,728a95449cc27ca105a633f0279c06efaa3e08dc2aff7fc0d83cd7e45443f690,10.083505243062973,-0.0074629095276637081,0.35000000000000003,0.0022741822910288256,CASH,0.075000000000000011,True,0,0,643,0,0.34772581770897121,0,0.36494810091239044,0,0.90964752179567365,,a2467ee5964a1a457188355687c9fbf360d3ab9a844424e71d96d6848ff9f8a7,6.1313812751322985
644,2022-10-07,2022-10-08,bear,-0.0059545447563653002,-0.0020889663579433115,0.35000000000000003,0.0048858758237281807,CASH,0.075000000000000011,True,5,5,644,0,0.34511412417627185,0,0.36060133969808733,0,0.95930525125737598,,31502b0bcfd4a6acd2704267b87247c5bb61cfac0f672533e0cb8d976c87fcba,9.9527795556932688,-0.0020889663579433115,0.35000000000000003,0.0048858758237281807,CASH,0.075000000000000011,True,0,0,644,0,0.34511412417627185,0,0.36060133969808733,0,0.95930525125737598,,629d8adc2d67f71a40e590f0362ab33794674434aa73ea0b42628d42f428eb14,6.1612582039088011
645,2022-10-08,2022-10-09,bear,0.0013391707442698001,0.00046735163616640207,0.35000000000000003,0.0013574880602670314,CASH,0.075000000000000011,True,5,5,645,0,0.348642511939733,0,0.3579969880508086,0,0.98905756322701477,,a664c055c3c48d2136c053772ce48d20c3a1c332fed64039814543f0c5089329,10.093125505372882,0.00046735163616640207,0.35000000000000003,0.0013574880602670314,CASH,0.075000000000000011,True,0,0,645,0,0.348642511939733,0,0.3579969880508086,0,0.98905756322701477,,a77b8b248d17c2647fe93fc772bd43e4ef8158e60bf49a57e9b7eec2a4f071f3,6.1269198469817638
646,2022-10-09,2022-10-10,bear,-0.015760506146803199,-0.0055164799902158723,0.35000000000000003,0.00030451861347496889,CASH,0.075000000000000011,True,5,5,646,0,0.350304518613475,0,0.35775297571428033,0,0.99184517864074395,,30250979355c0d9c4b1fff298dd03f1d755682195a9630ceb407a03982e1b142,9.917943986132741,-0.0055164799902158723,0.35000000000000003,0.00030451861347496889,CASH,0.075000000000000011,True,0,0,646,0,0.350304518613475,0,0.35775297571428033,0,0.99184517864074395,,62472322bc20076cf536c1d5d89c545aad70bebef2a05d1bb2548cd228409fae,6.1201824676245451
647,2022-10-10,2022-10-11,bear,-0.0039457318156637996,-0.0013846065595894963,0.35000000000000003,0.0036054031911020301,CASH,0.075000000000000011,True,5,5,647,0,0.346394596808898,0,0.35747420503025429,0,0.99502987590063485,,e5a9ffda62a1a1e009dd86a4ee1e04f08ce1e6981966344f392444216fbf205c,10.072575401514769,-0.0013846065595894963,0.35000000000000003,0.0036054031911020301,CASH,0.075000000000000011,True,0,0,647,0,0.346394596808898,0,0.35747420503025429,0,0.99502987590063485,,6f4a1fd9c456607917482362976900744b80e12d7d6898f737608423c570283c,6.1457402687519789
648,2022-10-11,2022-10-12,bear,0.0050212234575610004,0.0017565277350344299,0.35000000000000003,0.00089889536808201997,CASH,0.075000000000000011,True,5,5,648,0,0.34910110463191801,0,0.35729238012392289,0,0.99710705732918636,,dd222f56339b9d753c61f17bf8ef37c9dcf8665c6cd0554bce095ed453101818,10.123130092397332,0.0017565277350344299,0.35000000000000003,0.00089889536808201997,CASH,0.075000000000000011,True,0,0,648,0,0.34910110463191801,0,0.35729238012392289,0,0.99710705732918636,,2cc4749e2ab72aaad07f2579daa67a21eccbd21e1306a00535026dbd2a89e459,6.24848622828722
649,2022-10-12,2022-10-13,bear,0.011746402990373101,0.0041100960341839965,0.35000000000000003,0.0011403242985041917,CASH,0.075000000000000011,True,5,5,649,0,0.35114032429850423,0,0.35725133074286902,0,0.99757600855131445,,5cc4346cf5c99171f1b923cd3a40b53f17c5c15b2a2e3c60127810e73a851ac9,10.082050804048777,0.0041100960341839965,0.35000000000000003,0.0011403242985041917,CASH,0.075000000000000011,True,0,0,649,0,0.35114032429850423,0,0.35725133074286902,0,0.99757600855131445,,ea97a2ae693ee68b7baf1f845a0d1035e04ac2964e48946ab755713a116965e2,6.1527573820203543
650,2022-10-13,2022-10-14,bear,-0.010216823703031,-0.003578540144482889,0.35000000000000003,0.0026613651665968741,CASH,0.075000000000000011,True,5,5,650,0,0.35266136516659691,0,0.35733293812145112,0,0.99664371972388044,,b84f027960d62c935c3dae346533906e5007940892b42ca359f39b2423c4e695,10.169726939871907,-0.003578540144482889,0.35000000000000003,0.0026613651665968741,CASH,0.075000000000000011,True,0,0,650,0,0.35266136516659691,0,0.35733293812145112,0,0.99664371972388044,,cb88b83702ceaebba4e1c6a9f9f7f0bc59e69daf8fef46aa1c17fb1c7592f32b,6.2313007786870003
651,2022-10-14,2022-10-15,bear,-0.0058962141196340998,-0.0020660027967572825,0.35000000000000003,0.0023326687553403835,CASH,0.075000000000000011,True,2,5,651,0,0.34766733124465965,0,0.36517719271908811,0,0.91000000000000003,,27c79ded0c637d036f89379e8b0107db402aa3bb136225e3a461e98155683487,7.6981546767055988,-0.0020660027967572825,0.35000000000000003,0.0023326687553403835,CASH,0.075000000000000011,True,0,0,651,0,0.34766733124465965,0,0.36517719271908811,0,0.90703035842080437,,e0979ccf275f5a40b363675889d4709ef40fc5908f263cc324b3893f5f7cda59,6.1361953504383564
652,2022-10-15,2022-10-16,bear,0.010131786645130401,0.0035447763965994472,0.35000000000000003,0.0013441626269477536,CASH,0.075000000000000011,True,4,5,652,0,0.34865583737305228,0,0.35931866071025098,0,0.97395867444872442,,636cf6d8ff8b511f1f1ca686dc7c436ce48d6679af39cb55e57b2f8be1d24a79,9.4222013428807259,0.0035447763965994472,0.35000000000000003,0.0013441626269477536,CASH,0.075000000000000011,True,0,0,652,0,0.34865583737305228,0,0.35931866071025098,0,0.97395867444872442,,9bdd29a3cceff3c2507093147ff7acaa0158ebd4d586c86313926bf7424fc499,6.1992498356848955
653,2022-10-16,2022-10-17,bear,0.0148635389032234,0.0051999298308447184,0.35000000000000003,0.0022968365913613731,CASH,0.075000000000000011,True,5,5,653,0,0.35229683659136141,0,0.36186995352056306,0,0.94481251220382556,,0a08e71a866a02749adaf2af4de398c57416aeea5b5fe1c91811ba55db590a8a,10.159985776990652,0.0051999298308447184,0.35000000000000003,0.0022968365913613731,CASH,0.075000000000000011,True,0,0,653,0,0.35229683659136141,0,0.36186995352056306,0,0.94481251220382556,,7d89da11ce81ab1c7bb03c536c3c250220ba5046ce7c4d320e6cd83e41023621,6.1437363587319851
654,2022-10-17,2022-10-18,bear,-0.0112542331263236,-0.003942332298660256,0.35000000000000003,0.0033639550038593868,CASH,0.075000000000000011,True,5,5,654,0,0.35336395500385942,0,0.366514074190331,0,0.89175772467307901,,8ada14fed1819228a0bcf65b5ac3692bdc9751e0dbc7298d50718112d80e4f61,9.8971415385603905,-0.003942332298660256,0.35000000000000003,0.0033639550038593868,CASH,0.075000000000000011,True,0,0,654,0,0.35336395500385942,0,0.366514074190331,0,0.89175772467307901,,6cddcb6b629b7960625f7937c1210f65576f136693174f107260c9f304f99d53,6.1430783811956644
655,2022-10-18,2022-10-19,bear,-0.0105700479092724,-0.0042803673578266643,0.40000000000000002,0.052570463042853011,CASH,0.075000000000000011,True,5,5,655,0,0.34742953695714701,0,0.37861361585746783,0,0.75353163704176895,,eba48e6fff2046e8387444bddd104baa4d52094435cf96216cf61c7cf5f3b353,10.033412547782063,-0.0042803673578266643,0.40000000000000002,0.052570463042853011,CASH,0.075000000000000011,True,0,0,655,0,0.34742953695714701,0,0.37861361585746783,0,0.75353163704176895,,83b816e348294911b1df1b7f36385c12dbdb5d57ee825e21a104405339aa4d55,6.0175615921616554
656,2022-10-19,2022-10-20,bear,-0.0042355377302745996,-0.0016967583586835477,0.40000000000000002,0.0025475827268154894,CASH,0.075000000000000011,True,2,5,656,0,0.39745241727318453,0,0.38333196975792322,0,0.69962877159093595,,4c6fb94e4c1c660dbe8a78fdad9a769529b738892a9ce75c4e2cf83d2e7e8999,8.1598766092211008,-0.0016967583586835477,0.40000000000000002,0.0025475827268154894,CASH,0.075000000000000011,True,0,0,656,0,0.39745241727318453,0,0.38333196975792322,0,0.69962877159093595,,77c1337dc4cc35e91eac1b25e825647511281ac82d82829bd0223570a1e47282,6.1614679489284754
657,2022-10-20,2022-10-21,bear,0.0062858073087605996,0.0021509430508275251,0.35000000000000003,0.048981745803106103,CASH,0.075000000000000011,True,2,5,657,0,0.39898174580310614,0,0.36536653875351427,0,0.91000000000000003,,06098f0d8344bd09f300ee1dbcdfb3c4c455ec061acea99468b63cd4b163571f,7.8542061187326908,0.0021509430508275251,0.35000000000000003,0.048981745803106103,CASH,0.075000000000000011,True,0,0,657,0,0.39898174580310614,0,0.36536653875351427,0,0.90486725598117035,,62c8926387097103ea1f5bcd6d67978a18ec7a0e8cd668f1622f5a4313bb6cfe,6.1831662487238646
658,2022-10-21,2022-10-22,bear,0.0022022063811799001,0.00076934425163610598,0.35000000000000003,0.0014268819759394868,CASH,0.075000000000000011,True,5,5,658,0,0.35142688197593952,0,0.36876974309426241,0,0.86598878599868645,,76b8a2ccf2a32ccfcb3fca6c2583f0472c793b42c0899c3940d0ecb07cc5858c,10.082359384745359,0.00076934425163610598,0.35000000000000003,0.0014268819759394868,CASH,0.075000000000000011,True,0,0,658,0,0.35142688197593952,0,0.36876974309426241,0,0.86598878599868645,,d2b82b90be283e23f98ad6147b0f26288c031aaaefb5db1c798b0a4fb711dc77,6.2668765485286713
659,2022-10-22,2022-10-23,bear,0.019078563692410198,0.0075815483421952656,0.40000000000000002,0.049499383909263894,CASH,0.075000000000000011,True,3,5,659,0,0.35050061609073613,0,0.39599153577174401,0,0.55500486210164846,,ab113616948a3dfa6dcb899898afde54f926fbe855dd2964c96ac3991e6b27aa,8.8822153937071562,0.0075815483421952656,0.40000000000000002,0.049499383909263894,CASH,0.075000000000000011,True,0,0,659,0,0.35050061609073613,0,0.39599153577174401,0,0.55500486210164846,,070a7a33636ff6f37d1f0f193a96041b59aecc9c48b8b2cb3b205901b4450bcf,6.1437144465744495
660,2022-10-23,2022-10-24,bear,-0.012247588293001901,-0.0049035572318584242,0.40000000000000002,0.0045441767400327682,CASH,0.075000000000000011,True,5,5,660,0,0.40454417674003279,0,0.39235617240455056,0,0.59653556353026116,,4e2b3971f7ca4d22fc8d6cea455249b3b9e726d67d07d7f3b609a82d8cdec461,10.04233387671411,-0.0049035572318584242,0.40000000000000002,0.0045441767400327682,CASH,0.075000000000000011,True,0,0,660,0,0.40454417674003279,0,0.39235617240455056,0,0.59653556353026116,,6d4bd8f8bc21f06f1765f1ed045193e90d1993db9279733e5b2065fdad335e99,6.1885765790939331
661,2022-10-24,2022-10-25,mix,0.038858857305434202,0.017432605917544919,0.45000000000000001,0.052953892413577786,ABSTAIN,0.050000000000000003,True,5,5,661,0.013245839846882212,0.39704610758642223,0,0.45604727988427629,0.35000000000000003,0.7403278075108245,,474eb698779dbf460a4b815b1b3df1553cda66d43b19c246c3975a5160caf852,10.571080872789025,0.017432605917544919,0.45000000000000001,0.052953892413577786,ABSTAIN,0.050000000000000003,True,0,0,661,0.013245839846882212,0.39704610758642223,0,0.45604727988427629,0.35000000000000003,0.52136219839837961,,d71f5c6abf0b71b041b1bab98dd7c21ec489c11e5d362faf8a1f2f2a9adc4a50,5.7795622441917658
662,2022-10-25,2022-10-26,mix,0.0341985888351665,0.015379767231215036,0.45000000000000001,0.0094522800228170056,ABSTAIN,0.050000000000000003,True,0,5,662,0.015296682030558451,0.45945228002281702,0.35872176874844985,0.44999408685886177,0.45000000000000001,0.67636067208394812,,2b42f9d3f148b4f4ad93f7fd0b596943a6fe6cc190b3044e60e7f9a7680cf90c,7.6769543141126633,0.015379767231215036,0.45000000000000001,0.0094522800228170056,ABSTAIN,0.050000000000000003,True,0,0,662,0.015296682030558451,0.45945228002281702,0.35872176874844985,0.44999408685886177,0.45000000000000001,0.5,,60d1d0dc989207f01132ca3535a0a723cf3e0132baf7c7891e60c99dedf08bc2,5.3819630164653063
663,2022-10-26,2022-10-27,mix,-0.022947109944871001,-0.011514741069679091,0.5,0.041664132963510792,ABSTAIN,0.050000000000000003,True,0,5,663,-0.011514741069679091,0.45833586703648921,0.45833586703648921,0.47606285959041178,0.5,0.63140246437846181,,5029c6236d10f687f96045d7133a7b8c7c6dea1354e03647945899c0fc6e9b4d,6.8707241211086512,-0.011514741069679091,0.5,0.041664132963510792,ABSTAIN,0.050000000000000003,True,0,0,663,-0.011514741069679091,0.45833586703648921,0.45833586703648921,0.47606285959041178,0.5,0.94999999999999996,,2ea554b6b6196c2c19ee567630a884b5cbba2ddf931861e993f76cb030647f70,5.291907062754035
664,2022-10-27,2022-10-28,mix,0.014857413183921401,0.0074228601177950271,0.5,0.0058033626870324095,ABSTAIN,0.050000000000000003,True,5,5,664,0.0074228601177950271,0.49419663731296759,0.49419663731296759,0.47776228901723439,0.5,0.63140246437846181,,51f53dee1853f4edbe6a9f6cdfdcd63942124e9ff69125e990f7a24a9b36d2c8,10.706752369180322,0.0074228601177950271,0.5,0.0058033626870324095,ABSTAIN,0.050000000000000003,True,0,0,664,0.0074228601177950271,0.49419663731296759,0.49419663731296759,0.47776228901723439,0.5,0.96973899769470395,,11c45aabb5f2bb030509615050059939f19e9dc2ef5c7a60287eeb8503cfb6a0,5.7690362241119146
665,2022-10-28,2022-10-29,mix,0.010459153944761599,0.0046526796271206816,0.45000000000000001,0.053686963922782882,ABSTAIN,0.050000000000000003,True,5,5,665,0.0046526796271206816,0.50368696392278289,0.50368696392278289,0.47281017468338482,0.45000000000000001,0.91740177714928717,,ef61126f88ce14428c4fe2a730f422b2468e11e89cafc787498157dcd4733696,10.530534511432052,0.0046526796271206816,0.45000000000000001,0.053686963922782882,ABSTAIN,0.050000000000000003,True,0,0,665,0.0046526796271206816,0.50368696392278289,0.50368696392278289,0.47281017468338482,0.45000000000000001,0.91000000000000003,,ca499af014e32834ebd4e3395760f87b1043c70ac8d7dc873126aea80a1e960a,5.2643276732414961
666,2022-10-29,2022-10-30,mix,-0.0088179607684840001,-0.0044561947810909386,0.5,0.047423486068802811,ABSTAIN,0.050000000000000003,True,2,5,666,-0.0044561947810909386,0.45257651393119719,0.45257651393119719,0.47643935090074718,0.5,0.63140246437846181,,6db1cc0416c92081f26e04fdc77c15f846b5e964ceca00efc5ccb2d5b4801068,8.7073378749191761,-0.0044561947810909386,0.5,0.047423486068802811,ABSTAIN,0.050000000000000003,True,0,0,666,-0.0044561947810909386,0.45257651393119719,0.45257651393119719,0.47643935090074718,0.5,0.5,,9f5b9994332bb58115c45b5beff78bc7816ef882fe0c81043b1f34ad0093c2e8,5.4029549211263657
667,2022-10-30,2022-10-31,mix,-0.0063026330461595,-0.0031535237980575559,0.5,0.0022142527892344832,ABSTAIN,0.050000000000000003,True,0,5,667,-0.0031535237980575559,0.49778574721076552,0.49778574721076552,0.47686134556785931,0.5,0.95994150901626119,,5e0ff16f8d3b994ee04f3b6634fbee46ccddb1f3123fafadfd368cb68986a16a,7.7336186449974775,-0.0031535237980575559,0.5,0.0022142527892344832,ABSTAIN,0.050000000000000003,True,0,0,667,-0.0031535237980575559,0.49778574721076552,0.49778574721076552,0.47686134556785931,0.5,0.95994150901626119,,9b19ec791c931cc570e2f2cda2ef44521150794c1f645e90550c23973736014e,5.7248192373663187
668,2022-10-31,2022-11-01,mix,-0.00062450295907049997,-0.00031383162533482611,0.5,0.0015806393564609111,ABSTAIN,0.050000000000000003,True,0,5,668,-0.00031383162533482611,0.49841936064353909,0.49841936064353909,0.47664770582169891,0.5,0.9586865236968054,,694222d9c4e542d6887dfceca4815cb48cb85bf4a2c32acb2224ca5f343f6c12,7.7393371518701315,-0.00031383162533482611,0.5,0.0015806393564609111,ABSTAIN,0.050000000000000003,True,0,0,668,-0.00031383162533482611,0.49841936064353909,0.49841936064353909,0.47664770582169891,0.5,0.9586865236968054,,5e5e151aca1cc6f2f058b6141f0e57d15e86d0513b37cd9de8b52555c4cdd3e7,5.9310899768024683
669,2022-11-01,2022-11-02,mix,-0.0160665901823418,-0.0080334500110804674,0.5,0.00015617450548799372,ABSTAIN,0.050000000000000003,True,0,5,669,-0.0080334500110804674,0.49984382549451201,0.49984382549451201,0.47554355007690452,0.5,0.94731038425694802,,bc9557d1f793731438ee275e572f6764fd43d7bf79d4a15a9d8582f76977a021,7.5965332556515932,-0.0080334500110804674,0.5,0.00015617450548799372,ABSTAIN,0.050000000000000003,True,0,0,669,-0.0080334500110804674,0.49984382549451201,0.49984382549451201,0.47554355007690452,0.5,0.94999999999999996,,4a9d2d8459ab2048d5ab08b33422608d5f83e292ac2420a758059a404e75a779,5.2687480710446835
670,2022-11-02,2022-11-03,mix,0.0025800817687453002,0.0012859864850007785,0.5,0.0040491757694172126,ABSTAIN,0.050000000000000003,True,3,5,670,0.0012859864850007785,0.49595082423058279,0.49595082423058279,0.47564222630340719,0.5,0.94824109613421503,,872ee0c47cd6ab688549f8fefc32d143ce2c3621651b8c027bb3bf8abe491811,9.2510514631867409,0.0012859864850007785,0.5,0.0040491757694172126,ABSTAIN,0.050000000000000003,True,0,0,670,0.0012859864850007785,0.49595082423058279,0.49595082423058279,0.47564222630340719,0.5,0.5,,4b6421b8c39084597d3deb08ba53e05a9a8e22dff3476f88161c83292b338c5f,5.399920791387558
671,2022-11-03,2022-11-04,mix,0.046495169847177102,0.020871122622233562,0.45000000000000001,0.050644189411508223,ABSTAIN,0.050000000000000003,True,0,5,671,0.020871122622233562,0.50064418941150823,0.50064418941150823,0.46470079724640279,0.45000000000000001,0.83556472464162557,,38ab663be5d89a6540fb642cf8d2644b43b3e5375bf541c825ea3cb79c81c866,7.7371304109692574,0.020871122622233562,0.45000000000000001,0.050644189411508223,ABSTAIN,0.050000000000000003,True,0,0,671,0.020871122622233562,0.50064418941150823,0.50064418941150823,0.46470079724640279,0.45000000000000001,0.5,,f0efaf534ea379cfa33f70de18979ae68e2055b4a6b613df0fe2dfeb2786f840,5.2442682441323996
672,2022-11-04,2022-11-05,mix,0.0073631294955522003,0.0033020992068626409,0.45000000000000001,0.011271718330956026,ABSTAIN,0.050000000000000003,True,0,5,672,0.0033020992068626409,0.46127171833095604,0.46127171833095604,0.4651883040311538,0.45000000000000001,0.84072217231031621,,bb46156a5e625c4ee46e2b2c2c15c093323b7767e800b36aed2b4a57b4a2059f,7.7625366803258657,0.0033020992068626409,0.45000000000000001,0.011271718330956026,ABSTAIN,0.050000000000000003,True,0,0,672,0.0033020992068626409,0.46127171833095604,0.46127171833095604,0.4651883040311538,0.45000000000000001,0.84072217231031621,,f6970915a2b5700124f8c4ea776652b577b31d8bc9ea8a0e111fa686f72ad801,5.866923525929451
673,2022-11-05,2022-11-06,mix,-0.018087843166710402,-0.0090916694580388535,0.5,0.048183643779578178,ABSTAIN,0.050000000000000003,True,0,5,673,-0.0090916694580388535,0.45181635622042182,0.45181635622042182,0.47808756187938722,0.5,0.97238359530908303,,6057674085f021e1257dca9145049d9e7a80e42b3c63da08eaf1a9b4f111897d,7.6332712471485138,-0.0090916694580388535,0.5,0.048183643779578178,ABSTAIN,0.050000000000000003,True,0,0,673,-0.0090916694580388535,0.45181635622042182,0.45181635622042182,0.47808756187938722,0.5,0.5,,b31796d5729e4c1cb65c3a4ea8907dc0b5525ab56c719ce1d1c84cc01ef03f81,5.2877712268382311
674,2022-11-06,2022-11-07,mix,-0.015648083073966201,-0.0078285690643683514,0.5,0.0045632302885742493,ABSTAIN,0.050000000000000003,True,5,5,674,-0.0078285690643683514,0.49543676971142575,0.49543676971142575,0.47967930413644239,0.5,0.9853998643428612,,d9eba9f9f3ca68ce553c4c4938fdfcab37507425eb80fab28505c903405e9a00,10.513877419754863,-0.0078285690643683514,0.5,0.0045632302885742493,ABSTAIN,0.050000000000000003,True,0,0,674,-0.0078285690643683514,0.49543676971142575,0.49543676971142575,0.47967930413644239,0.5,0.9853998643428612,,c37218619019e9ef20fc9d6529f4b2f70bf67b28135bdfb7580e8d2353d3819e,5.8510041795670986
675,2022-11-07,2022-11-08,mix,-0.1001311379863032,-0.050069314461070991,0.5,0.0039428699467297101,ABSTAIN,0.050000000000000003,True,0,5,675,-0.050069314461070991,0.49605713005327029,0.49605713005327029,0.4789315530570239,0.5,0.98050933185687517,,71be3be0af67d802ea0894866f2ee4c0d26213864379c363c95f1284b5647856,7.7372831832617521,-0.050069314461070991,0.5,0.0039428699467297101,ABSTAIN,0.050000000000000003,True,0,0,675,-0.050069314461070991,0.49605713005327029,0.49605713005327029,0.4789315530570239,0.5,0.93000000000000005,,8e2519299a3d326f348fd5dc851d23aa8e46d123df024e8d5da4d489728ebb6b,5.9442432392388582
676,2022-11-08,2022-11-09,mix,-0.14251864805639219,-0.071283798312352875,0.5,0.026352118293094418,ABSTAIN,0.050000000000000003,True,5,5,676,-0.071283798312352875,0.47364788170690558,0.47364788170690558,0.47865108473314821,0.5,0.63140246437846181,,14215a51809a77028a1a8a44d59453cc284702b7278f53f2f7cadb8e68fa634f,10.630204916000366,-0.071283798312352875,0.5,0.026352118293094418,ABSTAIN,0.050000000000000003,True,0,0,676,-0.071283798312352875,0.47364788170690558,0.47364788170690558,0.47865108473314821,0.5,0.97786939171056364,,07078c6c25c28a782722a69282fcf4920664e2effa7e1e8b056ec1658b19a4c7,5.9876845199614763
677,2022-11-09,2022-11-10,bear,0.1071448803731376,0.037384885092411668,0.35000000000000003,0.11163658711640212,CASH,0.10000000000000001,True,0,5,677,0.015755086929127193,0.46163658711640215,0.46163658711640215,0.36543332902923542,0.15000000000000002,0.7692034755723649,,07b2ec0b43b409f52fbd4c5971b9c305d125adf1bbbe9a1a1b5357ab04849286,7.2939941566437483,0.037384885092411668,0.35000000000000003,0.11163658711640212,CASH,0.10000000000000001,True,0,0,677,0.015755086929127193,0.46163658711640215,0.46163658711640215,0.36543332902923542,0.15000000000000002,0.7692034755723649,,bd7f4aa3981e42268ef0fde51128711547b864010380a34f03f1885eb580d898,6.1672106049954891
678,2022-11-10,2022-11-11,bear,-0.030655349051400899,-0.010752614491307044,0.35000000000000003,0.023494403515935236,CASH,0.10000000000000001,True,5,5,678,-0.00016344488958464076,0.37349440351593527,0.16344488958464848,0.34531221948546681,0,0.99977851624419356,,68353c433709d89b5c67fd88fbad95ec90c019870c1d11a7743a6a1088c7d817,9.9919673781841993,-0.010752614491307044,0.35000000000000003,0.023494403515935236,CASH,0.10000000000000001,True,0,0,678,-0.00016344488958464076,0.37349440351593527,0.16344488958464848,0.34531221948546681,0,0.99977851624419356,,216b4ebf7846acf2532585d0da0bcdbd246403bad8b84834b0c633cc09fe1fc8,6.2048114836215973
679,2022-11-11,2022-11-12,bear,-0.0149385040381468,-0.0052354892850963175,0.35000000000000003,0.0070497310978265282,CASH,0.10000000000000001,True,5,5,679,0,0.34295026890217351,0,0.34539658700270326,0,0.99881172163521836,,36a2076f88d1d4bed4fd7a8b502fe85acb7ffe11ddbd1c37b01210575c4cd4a1,10.070764532312751,-0.0052354892850963175,0.35000000000000003,0.0070497310978265282,CASH,0.10000000000000001,True,0,0,679,0,0.34295026890217351,0,0.34539658700270326,0,0.99881172163521836,,e534bc8dc8b0fbc177660d8deefda2805e0962ee5301de6eae7d516609fb6dc2,6.1569238193333149
680,2022-11-12,2022-11-13,bear,-0.0280258645327237,-0.0098124354471693653,0.35000000000000003,0.003416372089567965,CASH,0.10000000000000001,True,5,5,680,0,0.34658362791043207,0,0.34534888404578928,0,0.99935836521526644,,59b25ebf23436523b29ac5d14cc4f41871eab9b6d7d7b21526f99699806d8c00,9.9866547081619501,-0.0098124354471693653,0.35000000000000003,0.003416372089567965,CASH,0.10000000000000001,True,0,0,680,0,0.34658362791043207,0,0.34534888404578928,0,0.99935836521526644,,722170b02923083d8d1afce033a876870b3699293645e6fd2174c2ab21de694c,6.23605827242136
681,2022-11-13,2022-11-14,bear,0.017715703390609201,0.0061940172163252871,0.35000000000000003,0.0064390451133177762,CASH,0.10000000000000001,True,5,5,681,0,0.34356095488668226,0,0.34531211400014639,0,0.99977972503483437,,49cbfacb3c0d4698e36c4e22ef8dda4e8ef110ef6b8e6f2e9929352d110ab262,10.056899232789874,0.0061940172163252871,0.35000000000000003,0.0064390451133177762,CASH,0.10000000000000001,True,0,0,681,0,0.34356095488668226,0,0.34531211400014639,0,0.99977972503483437,,73a740da7594409cdc26691533624389789c4020683c62693b053cf03376f533,6.1334836557507515
682,2022-11-14,2022-11-15,bear,0.016937828418714398,0.0059242107145474066,0.35000000000000003,0.004005486517486001,CASH,0.10000000000000001,True,3,5,682,0,0.35400548651748603,0,0.34530183393263536,0,0.99989752764593642,,c39fd84aec889d6c3fe0cb56f0aac7f0a9c01df45a8869c75daa086b3671146b,8.8557487037032843,0.0059242107145474066,0.35000000000000003,0.004005486517486001,CASH,0.10000000000000001,True,0,0,682,0,0.35400548651748603,0,0.34530183393263536,0,0.99989752764593642,,450328913bf38315c0d73d806e79112e58c6fb4a366c7804536d573c417a9edf,6.2412131801247597
683,2022-11-15,2022-11-16,bear,-0.020988333895626401,-0.0073497193708258468,0.35000000000000003,0.0038306469708637159,CASH,0.10000000000000001,True,5,5,683,0,0.35383064697086375,0,0.34531597637801748,0,0.99973546480033437,,6c4d66a19413491a025723d3a2c42c695d35485a88a0e8fe6bb5000792e6d672,10.073319509625435,-0.0073497193708258468,0.35000000000000003,0.0038306469708637159,CASH,0.10000000000000001,True,0,0,683,0,0.35383064697086375,0,0.34531597637801748,0,0.99973546480033437,,441d67c4b5876bf70223558e70bb09974959a06b1316685432f766e9015265e4,6.132101634517312
684,2022-11-16,2022-11-17,bear,0.0091109700432272008,0.0031840139950818358,0.35000000000000003,0.004810181152096582,CASH,0.10000000000000001,True,5,5,684,0,0.34518981884790345,0,0.34531307406846989,0,0.99976872330206956,,0d27cd7b5052eef51e8e0c1714db8168d0ba5aad7f32941958465445106be147,10.008248751983047,0.0031840139950818358,0.35000000000000003,0.004810181152096582,CASH,0.10000000000000001,True,0,0,684,0,0.34518981884790345,0,0.34531307406846989,0,0.99976872330206956,,1fc7375f18187d46f9b747c15ca057f727e3c0b7db18caba7d2f1d4e2ae7330b,6.2464543301612139
685,2022-11-17,2022-11-18,bear,-0.0031693347392638001,-0.0011113310238638485,0.35000000000000003,0.0020661570416154462,CASH,0.10000000000000001,True,5,5,685,0,0.35206615704161548,0,0.34530196867337221,0,0.99989598360835563,,5c8406ead4f7d534040da4d0d2551d20292ab4711cac3fe74de22870d3d53c24,10.094932898879051,-0.0011113310238638485,0.35000000000000003,0.0020661570416154462,CASH,0.10000000000000001,True,0,0,685,0,0.35206615704161548,0,0.34530196867337221,0,0.99989598360835563,,a301c724e6ddd6f34a80c5aa927dc6d56bf9b3e220c3798a5eb6f34b2148f421,6.1197703871876001
686,2022-11-18,2022-11-19,bear,0.0036602297109682002,0.0012803576497746327,0.35000000000000003,0.0007218243492274623,CASH,0.10000000000000001,True,5,5,686,0,0.34927817565077257,0,0.34532706010480391,0,0.99960845279828325,,365818996171d57236cbe20a9ca524f993b4de1c2f024425e446d7ecb3ce1b4a,10.051671989262104,0.0012803576497746327,0.35000000000000003,0.0007218243492274623,CASH,0.10000000000000001,True,0,0,686,0,0.34927817565077257,0,0.34532706010480391,0,0.99960845279828325,,5fadc8b9e2f38f9c2b1669f56f612f972da9ed31e450910b0887193269f7e5c5,6.2392546273767948
687,2022-11-19,2022-11-20,bear,-0.024701782121299198,-0.008646448189300826,0.35000000000000003,0.0008316368655579276,CASH,0.10000000000000001,True,3,5,687,0,0.35083163686555796,0,0.34531097262401367,0,0.99979280443227325,,e64ef67d2ec26e23c33a46c8d17570216971cfde7378277b66b83f642f1930fb,8.8772139996290207,-0.008646448189300826,0.35000000000000003,0.0008316368655579276,CASH,0.10000000000000001,True,0,0,687,0,0.35083163686555796,0,0.34531097262401367,0,0.99979280443227325,,7dc534b627702715d0bc76134cdf2ac600083535ca7045652192b2d3476e260f,6.1734848357737064
688,2022-11-20,2022-11-21,bear,-0.031344594055272103,-0.01097621439522245,0.35000000000000003,0.0056686645736212515,CASH,0.10000000000000001,True,5,5,688,0,0.34433133542637878,0,0.34534721582734162,0,0.99937748186912678,,cb108fa09cae43ee5fbaa67204baf3dff99f909699f93c67d87ab84e64586702,10.098395243287086,-0.01097621439522245,0.35000000000000003,0.0056686645736212515,CASH,0.10000000000000001,True,0,0,688,0,0.34433133542637878,0,0.34534721582734162,0,0.99937748186912678,,7ff972121eba7c90d03f89f170daf6b7d7f7ce36c252ad49cc5612ef0478be6a,6.2310507446527481
689,2022-11-21,2022-11-22,bear,0.027680937107795199,0.0096810481417941574,0.35000000000000003,0.0072099931555855146,CASH,0.10000000000000001,True,5,5,689,0,0.34279000684441452,0,0.34530866995360521,0,0.99981919147556675,,fbb9ded4fcf25ca8f0cafecdb29408bfb7dec81af1d2f89f03204edbe865be80,10.060371622443199,0.0096810481417941574,0.35000000000000003,0.0072099931555855146,CASH,0.10000000000000001,True,0,0,689,0,0.34279000684441452,0,0.34530866995360521,0,0.99981919147556675,,48f05ac8e7b49cc80e528fef4bcbccd62eb238adb0cf808f322e572766f41bb5,6.1565195806324482
690,2022-11-22,2022-11-23,bear,0.025350184112651102,0.0088662721141425926,0.35000000000000003,0.0062369872142366556,CASH,0.10000000000000001,True,5,5,690,0,0.35623698721423669,0,0.34529583427489235,0,0.99996627966017204,,5cc0c32001f2bb9847c193557093248f3b2fc5b64e1511d05a0bf4936b18b78c,9.9648906290531158,0.0088662721141425926,0.35000000000000003,0.0062369872142366556,CASH,0.10000000000000001,True,0,0,690,0,0.35623698721423669,0,0.34529583427489235,0,0.99996627966017204,,f3da7dfd313cb1a9feb8e81c130d7f37e76c4d1b628d7ac5163eaa54f5dd2682,6.171985799446702
691,2022-11-23,2022-11-24,bear,-0.0013655038829637001,-0.00048364007433476797,0.35000000000000003,0.0057164473382548819,CASH,0.10000000000000001,True,2,5,691,0,0.35571644733825492,0,0.34530222316105258,0,0.99989306735190275,,16e3173e172516b9c74da0df1298d7e497302751a85b5bf2a4a495bf8c409774,8.3287554606795311,-0.00048364007433476797,0.35000000000000003,0.0057164473382548819,CASH,0.10000000000000001,True,0,0,691,0,0.35571644733825492,0,0.34530222316105258,0,0.99989306735190275,,1ffe385678531512a989a7cb4f7b7700e43dfb98e45cdf685ff8da0cf3a74c30,6.1490823831409216
692,2022-11-24,2022-11-25,bear,-0.0053550345758138001,-0.0018745723196861297,0.35000000000000003,0.0003108006732083779,CASH,0.10000000000000001,True,3,5,692,0,0.34968919932679166,0,0.34534399591141374,0,0.99941437992498516,,fd7ff6eda76354e6d4446285afce2e35098000ef9504be88828b859cebc97cfd,8.9068002495914698,-0.0018745723196861297,0.35000000000000003,0.0003108006732083779,CASH,0.10000000000000001,True,0,0,692,0,0.34968919932679166,0,0.34534399591141374,0,0.99941437992498516,,d11ef4e8deb302e094cea784e9af52203083266039a4454b3838bcdc536e4b99,6.2237707674503326
693,2022-11-25,2022-11-26,bear,-0.0033792990679674998,-0.001183973788179582,0.35000000000000003,0.0012205580116215198,CASH,0.10000000000000001,True,0,5,693,0,0.34877944198837851,0,0.34530347197711908,0,0.99987875676559201,,88f56f1feb98271cfa47c3943807506cbd2a2d3440274853843e7d79230b760a,7.1820516157895327,-0.001183973788179582,0.35000000000000003,0.0012205580116215198,CASH,0.10000000000000001,True,0,0,693,0,0.34877944198837851,0,0.34530347197711908,0,0.99987875676559201,,7c20ec0802c6c84f468a257bef3744c4b36ec2cc22bb5224d312b166218356c9,6.0454280916601419
694,2022-11-26,2022-11-27,bear,-0.0018776775134444999,-0.00065795632477338994,0.35000000000000003,0.00076970090530581459,CASH,0.10000000000000001,True,3,5,694,0,0.34923029909469422,0,0.34529892404421558,0,0.99993087299639904,,0a532762fca41f2beb32a769578ec214bedd05377a9c36f15c8e7461f0610958,8.7216160278767347,-0.00065795632477338994,0.35000000000000003,0.00076970090530581459,CASH,0.10000000000000001,True,0,0,694,0,0.34923029909469422,0,0.34529892404421558,0,0.99993087299639904,,96eb275376f49a2aaaf66744cd5e1888ca28be2d28a41ce634e327d8d51c065f,6.1862646620720625
695,2022-11-27,2022-11-28,bear,-0.0130223553477497,-0.0045582498760092793,0.35000000000000003,0.00042745255062348608,CASH,0.10000000000000001,True,5,5,695,0,0.34957254744937655,0,0.34529724117354871,0,0.9999501575544506,,528eee9921e7323b8d0f0e9cc065d9141b9abadeb670fcf10cf8dd5d9e56a7c2,10.102810371667147,-0.0045582498760092793,0.35000000000000003,0.00042745255062348608,CASH,0.10000000000000001,True,0,0,695,0,0.34957254744937655,0,0.34529724117354871,0,0.9999501575544506,,e3c618b65e6e13f276f03fcb6d870c2d24b9997d2aea47b6198b9a4486ee913f,6.1457080170512199
696,2022-11-28,2022-11-29,bear,0.014107095492761301,0.0049344925771588333,0.35000000000000003,0.0029761506134127202,CASH,0.10000000000000001,True,5,5,696,0,0.34702384938658731,0,0.34529584289832327,0,0.99996618084149602,,6185c96ad7a27b1b2eb5308759f7707d56a2a0f7d7706da500c316aef7e1a8bb,9.8933979962021112,0.0049344925771588333,0.35000000000000003,0.0029761506134127202,CASH,0.10000000000000001,True,0,0,696,0,0.34702384938658731,0,0.34529584289832327,0,0.99996618084149602,,c3ba2298ccf02b15d5d48c1ff57c2584e6eaf58f2d3991475045f3e747d047b8,6.176583094522357
697,2022-11-29,2022-11-30,bear,0.044007445074329,0.015399362990418552,0.35000000000000003,0.0031935958977997725,CASH,0.10000000000000001,True,5,5,697,0,0.35319359589779981,0,0.34529645530667247,0,0.99995916305659105,,018a9723c7d451f7c4ad4ed980c684de3b22d374d9667de49a41335c0dc9192d,9.9940723497420549,0.015399362990418552,0.35000000000000003,0.0031935958977997725,CASH,0.10000000000000001,True,0,0,697,0,0.35319359589779981,0,0.34529645530667247,0,0.99995916305659105,,81df10bb89732a1c3bf6e294baf836bc9cc23c79dea4ab091e4296622307e446,6.0659687481820583
698,2022-11-30,2022-12-01,bear,-0.0111804426732853,-0.0039229761793504458,0.35000000000000003,0.0098598267302638098,CASH,0.10000000000000001,True,5,5,698,0,0.35985982673026384,0,0.34192081472819197,0,0.99982971991023917,,6d65de180430ce34f4a63c2424e28c2b5b5f16f0e8c5bd2408f2d9d8f7082ad9,10.007599487900734,-0.0039229761793504458,0.35000000000000003,0.0098598267302638098,CASH,0.10000000000000001,True,0,0,698,0,0.35985982673026384,0,0.34192081472819197,0,0.99982971991023917,,382d7404c7e6a22db7d928382da2de363d1da082ed221a7a64e09828c6c9387a,6.2253663204610348
699,2022-12-01,2022-12-02,bear,0.007164741927881,0.0025050997282232146,0.35000000000000003,0.0025535431180281343,CASH,0.075000000000000011,True,5,5,699,0,0.3474464568819719,0,0.35150753057019746,0,0.99887539303680717,,7c5b3610e77d6993c11cbde6225f6a9e50600f330002065a5f5664f571ed9e62,10.13580271974206,0.0025050997282232146,0.35000000000000003,0.0025535431180281343,CASH,0.075000000000000011,True,0,0,699,0,0.3474464568819719,0,0.35150753057019746,0,0.99887539303680717,,4237b68fe7abb979d4bab6d1cf2d3b6d7eb447aaef8371122165499547936b74,6.2085540760308504
700,2022-12-02,2022-12-03,bear,-0.0122326484766227,-0.0042830459072199512,0.35000000000000003,0.0016259015807637001,CASH,0.075000000000000011,True,5,5,700,0,0.35162590158076373,0,0.35146925239290039,0,0.99928623165136765,,e0415857696f9481979231eed968f18b2803ccf60a17377b3e7cd1c098582d27,10.032387124374509,-0.0042830459072199512,0.35000000000000003,0.0016259015807637001,CASH,0.075000000000000011,True,0,0,700,0,0.35162590158076373,0,0.35146925239290039,0,0.99928623165136765,,17e6a2f34bd3ea52aded5528c1cb943ce0f029094874596ec5737e907162e2e5,6.229185339063406
701,2022-12-03,2022-12-04,bear,0.013509431727323801,0.00472549299580316,0.35000000000000003,0.0027948936615235231,CASH,0.075000000000000011,True,3,5,701,0,0.34720510633847651,0,0.35156577836121405,0,0.99825022111238282,,ad78640142e1338a718c7f2b10bfbf1ff852e5e084c7247b74af877884a9afa1,8.8517241440713406,0.00472549299580316,0.35000000000000003,0.0027948936615235231,CASH,0.075000000000000011,True,0,0,701,0,0.34720510633847651,0,0.35156577836121405,0,0.99825022111238282,,6c4b4789d03692059df1eeaf4e89a63b240deea49305b32a4720a77b0402c7b7,6.1635725703090429
702,2022-12-04,2022-12-05,bear,-0.0085375688089476993,-0.0029911988747520768,0.35000000000000003,0.0030589321656286361,CASH,0.075000000000000011,True,5,5,702,0,0.35305893216562867,0,0.35143321230201902,0,0.99967304894652764,,b1136f6f831e1fa50e9356092c8cfdaf52a354d07227443ffdcc44c5d02b200a,10.075375726446509,-0.0029911988747520768,0.35000000000000003,0.0030589321656286361,CASH,0.075000000000000011,True,0,0,702,0,0.35305893216562867,0,0.35143321230201902,0,0.99967304894652764,,987cdab75260d8b871abcd5b34e63d0af04f4dc4205869ed341a9baaa9dcf5e9,6.2672712542116642
703,2022-12-05,2022-12-06,bear,0.0072377921197652002,0.0025312741887202339,0.35000000000000003,0.0019481181715638174,CASH,0.075000000000000011,True,5,5,703,0,0.34805188182843622,0,0.35148913898909356,0,0.99907278936633759,,3140facbcf309a9012883e788a3d536df432d473259e5b610856d0e5158aa4b4,10.095661103725433,0.0025312741887202339,0.35000000000000003,0.0019481181715638174,CASH,0.075000000000000011,True,0,0,703,0,0.34805188182843622,0,0.35148913898909356,0,0.99907278936633759,,883ab0be63f454782dd048c6bdfd261e33695be3597217869b24213eae894ea1,6.148967981338501
704,2022-12-06,2022-12-07,bear,-0.0148689530876043,-0.0052057674702408185,0.35000000000000003,0.001642437040991207,CASH,0.075000000000000011,True,5,5,704,0,0.35164243704099124,0,0.35148319666821254,0,0.99913656813145002,,100129bcc826d51c093ce5125db68cfa69e80a01317818f52c5a5a35e4b12223,9.9083894249051809,-0.0052057674702408185,0.35000000000000003,0.001642437040991207,CASH,0.075000000000000011,True,0,0,704,0,0.35164243704099124,0,0.35148319666821254,0,0.99913656813145002,,6e3d433625087e1e98bd8b93c8775336b13a027dfc4581732235ec94849ff764,6.1459511481225491
705,2022-12-07,2022-12-08,bear,0.023195447633529601,0.0081149786831702375,0.35000000000000003,0.0034003828741323572,CASH,0.075000000000000011,True,5,5,705,0,0.34659961712586768,0,0.35171659700678182,0,0.99663148877499663,,31ba2071b07265b78dcbf40a72ed5bec5fad82f0e90473796d79fd2bdcb92b6b,10.091095583513379,0.0081149786831702375,0.35000000000000003,0.0034003828741323572,CASH,0.075000000000000011,True,0,0,705,0,0.34659961712586768,0,0.35171659700678182,0,0.99663148877499663,,d56870ed84c715c68a991c26281beed69627abdcfee41e6006106f85ec2246a0,6.0726847685873508
706,2022-12-08,2022-12-09,bear,-0.0058052793210144,-0.0020370715955015939,0.35000000000000003,0.0052344687902779463,CASH,0.075000000000000011,True,5,5,706,0,0.35523446879027798,0,0.35157187454177058,0,0.99818479097553436,,8bc1b5163fa87d9ef08f156ea3f7771420f18161dc7f675dec0604a70240b353,10.014657661318779,-0.0020370715955015939,0.35000000000000003,0.0052344687902779463,CASH,0.075000000000000011,True,0,0,706,0,0.35523446879027798,0,0.35157187454177058,0,0.99818479097553436,,b481ff17f6f2db5f643621d681585bfd02635f96c24866626c44534298c90bdc,6.2700089998543262
707,2022-12-09,2022-12-10,bear,8.7587660650312302e-05,2.9332250685687455e-05,0.35000000000000003,0.0013233899724851006,CASH,0.075000000000000011,True,5,5,707,0,0.34867661002751493,0,0.35368369792162663,0,0.97551864920609399,,2fa195dc67939b3b8d5be3bc9fea4569ef1c4148e6b0bf028c48f958749f59eb,10.008311150595546,2.9332250685687455e-05,0.35000000000000003,0.0013233899724851006,CASH,0.075000000000000011,True,0,0,707,0,0.34867661002751493,0,0.35368369792162663,0,0.97551864920609399,,e902c45e2302b8db33b004570c93e13848504ad8cd85ea977840566a13fa078a,6.0666967984288931
708,2022-12-10,2022-12-11,bear,-0.0019793077677612999,-0.00084166361114268451,0.40000000000000002,0.049980074418034259,CASH,0.075000000000000011,True,5,5,708,0,0.35001992558196576,0,0.38852692819162388,0,0.60154719332494633,,46275644956737602b047479de530b7a91aa937893132416eba66624bff49f46,10.111207418143749,-0.00084166361114268451,0.40000000000000002,0.049980074418034259,CASH,0.075000000000000011,True,0,0,708,0,0.35001992558196576,0,0.38852692819162388,0,0.60154719332494633,,2a7c4d8ff3ac3e91b13cdad16b0728da8c7abc5cb642cee5a3c0d36ffd5d0364,6.2812539674341679
709,2022-12-11,2022-12-12,bear,0.0068506373842382997,0.002739778240692381,0.40000000000000002,0.00047541025754899158,CASH,0.075000000000000011,True,3,5,709,0,0.39952458974245103,0,0.37932378527102989,0,0.70032428133263813,,a68c5568ef942e42ab369b534bd5d5c1d616121fc7799ea0c4ad2975386fe5cc,8.8718321155756712,0.002739778240692381,0.40000000000000002,0.00047541025754899158,CASH,0.075000000000000011,True,0,0,709,0,0.39952458974245103,0,0.37932378527102989,0,0.70032428133263813,,13d347aa207c78345ed5aeddb5f76376cf07de7d040dae8a0ea54d9e770ce215,6.1235921271145344
710,2022-12-12,2022-12-13,bear,0.033014921210430703,0.013204307170989527,0.40000000000000002,0.0016396598860919931,CASH,0.075000000000000011,True,3,5,710,0,0.40163965988609202,0,0.37718224536245232,0,0.72330933414591625,,4d8cb9ea609a2c8960815a77b9ac5f766b7e86d43a59c9caca58e0ad9e9dfddb,8.8243599515408278,0.013204307170989527,0.40000000000000002,0.0016396598860919931,CASH,0.075000000000000011,True,0,0,710,0,0.40163965988609202,0,0.37718224536245232,0,0.72330933414591625,,f70f218e020b88f6a106c4ff2355fdd256555fe6546a9cd596b355fa0fa25336,6.2273492477834225
711,2022-12-13,2022-12-14,mix,0.0010012036943292,0.00040834296510983137,0.45000000000000001,0.042179693628969062,ABSTAIN,0.050000000000000003,True,5,5,711,2.9864556272407583e-07,0.40782030637103095,0,0.45380876189023128,0.35000000000000003,0.73381249806782045,,a88960170aedd9b295ffad48ee3a652cc18bbbab94671881d1d2feecde2a3fef,10.54003100655973,0.00040834296510983137,0.45000000000000001,0.042179693628969062,ABSTAIN,0.050000000000000003,True,0,0,711,2.9864556272407583e-07,0.40782030637103095,0,0.45380876189023128,0.35000000000000003,0.52747491155882475,,f58ab5e51adea4e228bb14f3328a2fa4a08efc900cd5a6a6975cc8eb8d791fa9,5.753577072173357
712,2022-12-14,2022-12-15,mix,-0.024740958845609302,-0.011133676409246784,0.45000000000000001,0.00024768632133953528,ABSTAIN,0.050000000000000003,True,0,5,712,-0.011232092978340602,0.45024768632133955,0.35022769405161597,0.46866336538372178,0.45000000000000001,0.88126314246905646,,d2e74943ce017dc56e43b72f80888f7e76fc134bb5a724c618fd4f1ce8262371,7.7360818665474653,-0.011133676409246784,0.45000000000000001,0.00024768632133953528,ABSTAIN,0.050000000000000003,True,0,0,712,-0.011232092978340602,0.45024768632133955,0.35022769405161597,0.46866336538372178,0.45000000000000001,0.88126314246905646,,e86f9142f249e26c4c3988686f08b53cad84352040284aa5ed68d1861be6151d,5.9056820031255484
713,2022-12-15,2022-12-16,mix,-0.041858482032253799,-0.018842392603026226,0.45000000000000001,0.0061923291869966368,ABSTAIN,0.050000000000000003,True,0,5,713,-0.018842392603026226,0.44380767081300337,0.44380767081300337,0.45954371483467232,0.45000000000000001,0.79071179971343653,,3b264d13108ecb1ac3fcf49b463dd72e8cea37a7263d5e8c4c5519982ec62953,7.7791739925742149,-0.018842392603026226,0.45000000000000001,0.0061923291869966368,ABSTAIN,0.050000000000000003,True,0,0,713,-0.018842392603026226,0.44380767081300337,0.44380767081300337,0.45954371483467232,0.45000000000000001,0.79000000000000004,,689b20b6da4033f128e7992aade6a334ad0f9f6e99c79fc766e74f1999b3569a,5.2454314809292555
714,2022-12-16,2022-12-17,mix,0.0088697262712270995,0.0039807758132262006,0.45000000000000001,0.010558864419444813,ABSTAIN,0.050000000000000003,True,0,5,714,0.0039807758132262006,0.4394411355805552,0.4394411355805552,0.43386283782232971,0.45000000000000001,0.62867698995718613,,658a04a875d6edf364f40d3cebb2469f5ca643f0189b49135a12b71553fa7f77,7.425010958686471,0.0039807758132262006,0.45000000000000001,0.010558864419444813,ABSTAIN,0.050000000000000003,True,0,0,714,0.0039807758132262006,0.4394411355805552,0.4394411355805552,0.43386283782232971,0.45000000000000001,0.62867698995718613,,888a9be15ace14e8bfd0412b1ed45098f6a9daa98fd7bca8d0177d18d37a99b9,6.5285034365952015
715,2022-12-17,2022-12-18,bear,-0.0021457820481489,-0.00085313350233162666,0.35000000000000003,0.10218652998701777,CASH,0.075000000000000011,True,5,5,715,-0.00062395657324476606,0.4521865299870178,0.4521865299870178,0.36840830966542193,0.15000000000000002,0.81747975387558625,,9b05b5b2993d4e0f667c91a11f4cd6b9e4345d5633ef4e69ba502b13c0649df1,10.14468458853662,-0.00085313350233162666,0.35000000000000003,0.10218652998701777,CASH,0.075000000000000011,True,0,0,715,-0.00062395657324476606,0.4521865299870178,0.4521865299870178,0.36840830966542193,0.15000000000000002,0.8175,,872feb332cf73b3ba4d9ac08ce7110146f44ce301e10e1589bc8f4f27f234e69,5.7859082985669374
716,2022-12-18,2022-12-19,bear,-0.017908022770307699,-0.0072133359805237607,0.40000000000000002,0.050488532315309087,CASH,0.075000000000000011,True,3,5,716,-0.00014972632470178215,0.34951146768469094,0.14972632470172975,0.37829168402356922,0,0.71140175951329865,,868826ebf4a5bec90932030103f9e2b8eb19d5c4bbf4225cbed8574fd946302b,8.804443346336484,-0.0072133359805237607,0.40000000000000002,0.050488532315309087,CASH,0.075000000000000011,True,0,0,716,-0.00014972632470178215,0.34951146768469094,0.14972632470172975,0.37829168402356922,0,0.71140175951329865,,ebfe55282f9a915bd2c6ce1ad50914cf53ecd1a2d45ad33d7fd406bd71104b4e,6.2176939360797405
717,2022-12-19,2022-12-20,bear,0.028069556543582199,0.009778225036487731,0.35000000000000003,0.045671065471885874,CASH,0.075000000000000011,True,5,5,717,0,0.39567106547188591,0,0.36669540144888935,0,0.83586436520566887,,92cb95f1f8923905c4b0f3308499391d0cbb3a77b2fa7687ad877368a044f61a,10.072910469025373,0.009778225036487731,0.35000000000000003,0.045671065471885874,CASH,0.075000000000000011,True,0,0,717,0,0.39567106547188591,0,0.36669540144888935,0,0.83586436520566887,,495a7d6224d50d9480764ac2244ee963481f64546688244c510dda46d4e5bf37,6.1107705235481262
718,2022-12-20,2022-12-21,bear,-0.0042004874931962999,-0.0014764850236286264,0.35000000000000003,0.0063236979249013392,CASH,0.075000000000000011,True,5,5,718,0,0.35632369792490137,0,0.35872439932473055,0,0.92000000000000004,,95a8a19d20605501db4a374623a1c8e34327b7066ef36e14e064664f761e9ca3,9.5525996834039688,-0.0014764850236286264,0.35000000000000003,0.0063236979249013392,CASH,0.075000000000000011,True,0,0,718,0,0.35632369792490137,0,0.35872439932473055,0,0.92141693614138565,,b1e69eecbacc60ce1fd6c18876572a718adaa00a06ac816655e2b2997cfcb58b,6.2809840571135283
719,2022-12-21,2022-12-22,bear,-0.00066540714599739995,-0.00023384929610104077,0.35000000000000003,0.00095701788428098622,CASH,0.075000000000000011,True,5,5,719,0,0.34904298211571905,0,0.37479867767497355,0,0.74889209662398815,,9c367a1da3c73116eea13af4091c1e9b07fa0c63fbb48b9144d9e2c95d04ed5d,10.089303206652403,-0.00023384929610104077,0.35000000000000003,0.00095701788428098622,CASH,0.075000000000000011,True,0,0,719,0,0.34904298211571905,0,0.37479867767497355,0,0.74889209662398815,,ae7057a0c1af089528f01505b4042faa452fa4086278fc81a9d2d3b2af9ba471,6.108823137357831
720,2022-12-22,2022-12-23,bear,-0.0024672128223726,-0.0010369870506522494,0.40000000000000002,0.050151415389223131,CASH,0.075000000000000011,True,5,5,720,0,0.34984858461077689,0,0.38112386707178791,0,0.68100399559303804,,bd60f3f17025541a6258246ac374f2ce67de1297ac06cfd210243acf701e9d6b,9.9426918290555477,-0.0010369870506522494,0.40000000000000002,0.050151415389223131,CASH,0.075000000000000011,True,0,0,720,0,0.34984858461077689,0,0.38112386707178791,0,0.68100399559303804,,71cc96e67aba8b83bb5fee7ebc7c9c0f0c2ef9bdafd8790797bfa78b1c4ee4b4,6.1092664264142513
721,2022-12-23,2022-12-24,bear,0.0034626410236543999,0.0011624571964081731,0.35000000000000003,0.049407283980004713,CASH,0.075000000000000011,True,5,5,721,0,0.39940728398000475,0,0.37403189342331727,0,0.75712200562291754,,66eddd26d77f4138561cc6d48deb5a6cc1c43a98122bcc47652931a326a7fadc,10.070135403424501,0.0011624571964081731,0.35000000000000003,0.049407283980004713,CASH,0.075000000000000011,True,0,0,721,0,0.39940728398000475,0,0.37403189342331727,0,0.75712200562291754,,344e02b1a85ea9593e184bbcb0cbc695249dfee4d6683109d525bf3e042f45b7,6.1435385346412659
722,2022-12-24,2022-12-25,bear,-0.00032071840923669998,-0.00011303815220775615,0.35000000000000003,0.00078679729407565846,CASH,0.075000000000000011,True,5,5,722,0,0.35078679729407569,0,0.35971553201656442,0,0.91000000000000003,,2948ce404ccc72d99c37d0ce5853ecf6d070d78cdb77e4b026f7dd1b663b8326,9.4783212672919035,-0.00011303815220775615,0.35000000000000003,0.00078679729407565846,CASH,0.075000000000000011,True,0,0,722,0,0.35078679729407569,0,0.35971553201656442,0,0.91077913458897597,,ed02577b5d63f15d3144232e6d2d46a4624872f7c146ca0b8cabfd7ece3a8075,6.0869919881224632
723,2022-12-25,2022-12-26,bear,0.0051271997053197,0.0017944467942834219,0.35000000000000003,7.2971629272056138e-05,CASH,0.075000000000000011,True,5,5,723,0,0.34992702837072798,0,0.37198474291202294,0,0.77909401583009985,,da158ac6bd36e3d1d2a407797fc60c50bebc2a53fd8ea6cfdb5e0da948a2cce3,10.069678755477071,0.0017944467942834219,0.35000000000000003,7.2971629272056138e-05,CASH,0.075000000000000011,True,0,0,723,0,0.34992702837072798,0,0.37198474291202294,0,0.77909401583009985,,9fae88497edacad1a059c8ff0f2ec95b40d019b016c216a8ff73b67aeaa5b344,6.1445041205734015
724,2022-12-26,2022-12-27,bear,-0.012530957968093301,-0.005060974055752343,0.40000000000000002,0.048835651513565503,CASH,0.075000000000000011,True,2,5,724,0,0.35116434848643452,0,0.37651806539714178,0,0.7304379910758676,,d1860d40605bf61d410b9887b4a3244331703bf6b251ea610200f889da27de21,8.2720942758023739,-0.005060974055752343,0.40000000000000002,0.048835651513565503,CASH,0.075000000000000011,True,0,0,724,0,0.35116434848643452,0,0.37651806539714178,0,0.7304379910758676,,3bbd156d7f0024a84bdc8dca4cc27d431ce41ef062e3ddbceba2fb39363cb1fa,6.2467371206730604
725,2022-12-27,2022-12-28,bear,-0.0095713541760193005,-0.0038315526785760445,0.40000000000000002,0.0030225802427331638,CASH,0.075000000000000011,True,5,5,725,0,0.39697741975726686,0,0.39305154945168103,0,0.55298448822685564,,e52f6d154159c34ca77729eed08860c8ba621d21a6560fac3449fc4b9937fc03,10.186758933588862,-0.0038315526785760445,0.40000000000000002,0.0030225802427331638,CASH,0.075000000000000011,True,0,0,725,0,0.39697741975726686,0,0.39305154945168103,0,0.55298448822685564,,78c2d450c128ae65423f4f38aa42396fb57fe989b17f710c343e732da426efb0,6.1524451356381178
726,2022-12-28,2022-12-29,bear,0.0054514027389974996,0.0018602059122805326,0.35000000000000003,0.047694046558916181,CASH,0.075000000000000011,True,5,5,726,0,0.39769404655891621,0,0.37278067007558841,0,0.77055133050845015,,caae8992ca42fc26ad4e76687c21e6c1de33ae9059212f3e77cc71f99a9ed04f,10.062185999006033,0.0018602059122805326,0.35000000000000003,0.047694046558916181,CASH,0.075000000000000011,True,0,0,726,0,0.39769404655891621,0,0.37278067007558841,0,0.77055133050845015,,e99b212c8189a07724a8a9f667067db83c18a3e8b47bcca2285a52acfa7ae7a1,6.299981240183115
727,2022-12-29,2022-12-30,bear,-0.0017551874203554001,-0.00061555266905488626,0.35000000000000003,0.0012378323501894828,CASH,0.075000000000000011,True,5,5,727,0,0.35123783235018952,0,0.36093759005919224,0,0.91000000000000003,,233fc8b6d990f513d1aeea86203c2e2c7c34fa6d9c44adb28724a700020dbe39,9.526309423148632,-0.00061555266905488626,0.35000000000000003,0.0012378323501894828,CASH,0.075000000000000011,True,0,0,727,0,0.35123783235018952,0,0.36093759005919224,0,0.89770000000000005,,87bfb4f11f93c10aac17d51ae53c3519f7dbea6bf30817d86281c47e078e4137,5.7543922513723373
728,2022-12-30,2022-12-31,bear,-0.0042029962907653004,-0.0014714476645977248,0.35000000000000003,0.00039955058828905488,CASH,0.075000000000000011,True,5,5,728,0,0.34960044941171098,0,0.37372191982668013,0,0.76044893300398753,,d0ccbdfd0c9699f1cdb917cc075968baf113c345d01c7710cfef458d9bde23f0,10.087289480492473,-0.0014714476645977248,0.35000000000000003,0.00039955058828905488,CASH,0.075000000000000011,True,0,0,728,0,0.34960044941171098,0,0.37372191982668013,0,0.76044893300398753,,9b14fc871e8411dce25a40d68ef23608743d0065403d3e9026dc0883ebf85001,6.187421876937151
729,2022-12-31,2023-01-01,bear,0.0048979888011415002,0.0017133368484880673,0.35000000000000003,0.00095759031814340867,CASH,0.075000000000000011,True,5,5,729,0,0.34904240968185662,0,0.36994503391920402,0,0.78099431709874423,,c1d4d8265b1ab31155737ced332fa900549cfd0ff711ec0fcd9b18f6032adc4d,10.128654193133116,0.0017133368484880673,0.35000000000000003,0.00095759031814340867,CASH,0.075000000000000011,True,0,0,729,0,0.34904240968185662,0,0.36994503391920402,0,0.78099431709874423,,f93be50b5441ef72f9e3232ae0d5fa2d36f063c3e5775492ecea38142529d287,6.1449761856347322
730,2023-01-01,2023-01-02,mix,0.0033637413950799002,0.0014146463287172395,0.45000000000000001,0.098887614505832833,ABSTAIN,0.050000000000000003,True,0,5,730,0.00082689742995700755,0.35111238549416718,0,0.46524739300233381,0.35000000000000003,0.85118509971708955,,11d044dd82e864a8639a471bb180f7652f58f8fb21b4f2327eede6e94c1227e6,7.547084879130125,0.0014146463287172395,0.45000000000000001,0.098887614505832833,ABSTAIN,0.050000000000000003,True,0,0,730,0.00082689742995700755,0.35111238549416718,0,0.46524739300233381,0.35000000000000003,0.85118509971708955,,85fd31a323bca2ce72185ce9875f83e78b48d4d62d609fed1f2e0d8a95bf6f1b,5.898826478049159
731,2023-01-02,2023-01-03,mix,-5.9972532578944637e-06,-3.530029441645155e-06,0.45000000000000001,0.00083126771894576068,ABSTAIN,0.050000000000000003,True,0,5,731,-0.00010193414486314722,0.45083126771894577,0.3507643512893554,0.46765713786766161,0.45000000000000001,0.87450935671460717,,88ad2516fc949c2053bbeefa858cb066c09e4719ef2142cf66a80f1ccdc3a648,7.614786533638835,-3.530029441645155e-06,0.45000000000000001,0.00083126771894576068,ABSTAIN,0.050000000000000003,True,0,0,731,-0.00010193414486314722,0.45083126771894577,0.3507643512893554,0.46765713786766161,0.45000000000000001,0.5,,bc345f894f943d827aade32f7e166ea2ac559f7ba5a104d81ec768624a89571b,5.324012728407979
732,2023-01-03,2023-01-04,mix,0.010669177531755499,0.0048011283978393049,0.45000000000000001,1.4843241871731472e-06,ABSTAIN,0.050000000000000003,True,0,5,732,0.0048011283978393049,0.44999851567581284,0.44999851567581284,0.47621353208851092,0.45000000000000001,0.95732789536769725,,ce617dd255f4a596dc7e5db441dee97b46cedae8b5e15fff01bb1588809ef4be,7.5315721519291401,0.0048011283978393049,0.45000000000000001,1.4843241871731472e-06,ABSTAIN,0.050000000000000003,True,0,0,732,0.0048011283978393049,0.44999851567581284,0.44999851567581284,0.47621353208851092,0.45000000000000001,0.95732789536769725,,4698bdb96bb1101059f3dec2f059ff9f19a514aad9ec5759544033d2642c226f,5.8960148524492979
733,2023-01-04,2023-01-05,mix,-0.0013232772176760999,-0.00059810118709446858,0.45000000000000001,0.0026280040503143254,ABSTAIN,0.050000000000000003,True,0,5,733,-0.00059810118709446858,0.45262800405031434,0.45262800405031434,0.46722210063468178,0.45000000000000001,0.87030180326954165,,1015b255ea78a0d96144e31146e1a159c3058eab650d2f22e617511fea53e0dc,7.7022455912083387,-0.00059810118709446858,0.45000000000000001,0.0026280040503143254,ABSTAIN,0.050000000000000003,True,0,0,733,-0.00059810118709446858,0.45262800405031434,0.45262800405031434,0.46722210063468178,0.45000000000000001,0.5,,d50c197da7562eed1ffc21400c3cd0c02afdab925803f22a5da3a10ffb7b81ed,5.246458375826478
734,2023-01-05,2023-01-06,mix,0.0071955697631581996,0.0032376776260540918,0.45000000000000001,0.00032770625217271032,ABSTAIN,0.050000000000000003,True,0,5,734,0.0032376776260540918,0.4496722937478273,0.4496722937478273,0.47133270674708228,0.45000000000000001,0.91004678299999997,,fb3faf3306796666648dc5ef6f32aa000c4b1caba7778ea23586a54a2fb0910a,7.1302851084619761,0.0032376776260540918,0.45000000000000001,0.00032770625217271032,ABSTAIN,0.050000000000000003,True,0,0,734,0.0032376776260540918,0.4496722937478273,0.4496722937478273,0.47133270674708228,0.45000000000000001,0.91004678299999997,,295d96c32065589dcd513a6b9d886a4ff98b0e13706bea6fc91269f532313951,5.5503960587084293
735,2023-01-06,2023-01-07,mix,-0.0004306555994079,-0.00019556983126867156,0.45000000000000001,0.0017751555513570438,ABSTAIN,0.050000000000000003,True,0,5,735,-0.00019556983126867156,0.45177515555135705,0.45177515555135705,0.47197901416323218,0.45000000000000001,0.91629960153198964,,5edc03fc1618dafc8d8c788a7351364839e106c6d6aac03698f8de6604fd38f5,7.7675029821693897,-0.00019556983126867156,0.45000000000000001,0.0017751555513570438,ABSTAIN,0.050000000000000003,True,0,0,735,-0.00019556983126867156,0.45177515555135705,0.45177515555135705,0.47197901416323218,0.45000000000000001,0.91629960153198964,,daf73974ba19dc6f62d2bd4b4bf0c0403d7f92cb4845250fc6a0e1a1aab42d81,5.7246902287006378
736,2023-01-07,2023-01-08,mix,0.010351991312353899,0.0046582889860165011,0.45000000000000001,0.00010660792093758475,ABSTAIN,0.050000000000000003,True,0,5,736,0.0046582889860165011,0.44989339207906243,0.44989339207906243,0.47650623417254789,0.45000000000000001,0.95997642817733875,,fb0dae5d99e3c8ca5ab812377d91f82bd96c834e74d0aa794acc09ad8fcbbb4c,7.7031994629651308,0.0046582889860165011,0.45000000000000001,0.00010660792093758475,ABSTAIN,0.050000000000000003,True,0,0,736,0.0046582889860165011,0.44989339207906243,0.44989339207906243,0.47650623417254789,0.45000000000000001,0.94999999999999996,,779b3b7654288d466a1a0c4f56ef98b08fa376d6163341c39e1d6af500f6ff08,5.3370018489658833
737,2023-01-08,2023-01-09,mix,0.0035691337110811999,0.0016035558361915392,0.45000000000000001,0.0025502378318616459,ABSTAIN,0.050000000000000003,True,0,5,737,0.0016035558361915392,0.45255023783186166,0.45255023783186166,0.47673493545349471,0.45000000000000001,0.96223547954928357,,e40a503acedda4e540907ea0b42cbdc3b1418b1df5e8541790601ba0d434a45f,7.7120039872825146,0.0016035558361915392,0.45000000000000001,0.0025502378318616459,ABSTAIN,0.050000000000000003,True,0,0,737,0.0016035558361915392,0.45255023783186166,0.45255023783186166,0.47673493545349471,0.45000000000000001,0.96223547954928357,,de8166ad66a82d3c3f2d698ec2d18070f66c81864059e0f0cb1128b273f5ab65,5.7603117544203997
738,2023-01-09,2023-01-10,mix,0.015075581632237199,0.0067831238072937339,0.45000000000000001,0.0008819440941137402,ABSTAIN,0.050000000000000003,True,0,5,738,0.0067831238072937339,0.45088194409411375,0.45088194409411375,0.47991267280417471,0.45000000000000001,0.99187742289428515,,65afffae959d7cac06cb9eef794cf1c2b3a34abed2a707d1e9b1b7e2d3ea07a3,7.7110093962401152,0.0067831238072937339,0.45000000000000001,0.0008819440941137402,ABSTAIN,0.050000000000000003,True,0,0,738,0.0067831238072937339,0.45088194409411375,0.45088194409411375,0.47991267280417471,0.45000000000000001,0.99187742289428515,,db4e3dbb9e9e5302f609e47e9ef9b714c4849cce1db5853bdb4601be313e389a,6.5168386027216911
739,2023-01-10,2023-01-11,mix,0.028854700070531199,0.012980860845449582,0.45000000000000001,0.0037060644691312983,ABSTAIN,0.050000000000000003,True,5,5,739,0.012980860845449582,0.45370606446913131,0.45370606446913131,0.4801034051078017,0.45000000000000001,0.99409455417042925,,79c59a3ecfcba99e9486be7f0cb9a5075987879682e4090d59b5a91c25349bdf,10.570620112121105,0.012980860845449582,0.45000000000000001,0.0037060644691312983,ABSTAIN,0.050000000000000003,True,0,0,739,0.012980860845449582,0.45370606446913131,0.45370606446913131,0.4801034051078017,0.45000000000000001,0.5,,da4baa561fca51f10dd5c25ac8080778cb42cdef524da16553f23c4cd13fee42,5.2662840634584427
740,2023-01-11,2023-01-12,mix,0.050662401141436698,0.022790869790479062,0.45000000000000001,0.0070499967733791968,ABSTAIN,0.050000000000000003,True,5,5,740,0.022790869790479062,0.45704999677337921,0.45704999677337921,0.4803879358819021,0.45000000000000001,0.99136123097699724,,81eaee537826c27dbdc82e775b551ffe5d0647a3bf63b3d844ae6a344df1ca26,10.562754472717643,0.022790869790479062,0.45000000000000001,0.0070499967733791968,ABSTAIN,0.050000000000000003,True,0,0,740,0.022790869790479062,0.45704999677337921,0.45704999677337921,0.4803879358819021,0.45000000000000001,0.99136123097699724,,5d89465afd150922b5cd2f25f139636c755fd0f8ac3ee80b3e567d58ea414612,5.8826574869453907
741,2023-01-12,2023-01-13,mix,0.057062377660957099,0.028492371500087321,0.5,0.037740547698125737,ABSTAIN,0.050000000000000003,True,5,5,741,0.028492371500087321,0.46225945230187426,0.46225945230187426,0.48036964328300191,0.5,0.97644044274755581,,5ecf0d237a5afd52d63fa4079f8fabb5f6c7bb7a03e09e968ebed16cc4593e73,10.55999274738133,0.028492371500087321,0.5,0.037740547698125737,ABSTAIN,0.050000000000000003,True,0,0,741,0.028492371500087321,0.46225945230187426,0.46225945230187426,0.48036964328300191,0.5,0.97644044274755581,,729b33daef231cfa49fbefe93e0fc6434d4e4895dac61c4a6254ee4d4f681c09,5.7908869590610266
742,2023-01-13,2023-01-14,mix,0.051748883424499403,0.025860212966573037,0.5,0.013869870520368366,ABSTAIN,0.050000000000000003,True,5,5,742,0.025860212966573037,0.51386987052036837,0.51386987052036837,0.4800454883068046,0.5,0.94015728404194943,,a8bec8984497e5dd96570df535b0837c3c3e0bcf8bdae2e8240795e1c7845027,10.57208002358675,0.025860212966573037,0.5,0.013869870520368366,ABSTAIN,0.050000000000000003,True,0,0,742,0.025860212966573037,0.51386987052036837,0.51386987052036837,0.4800454883068046,0.5,0.5,,6cd365d8c453382b53ecb748da73c3de40553495ed5353d0a37cfb7f792f54e1,5.3851425033062696
743,2023-01-14,2023-01-15,mix,-0.0037407792653949001,-0.0018829769656958373,0.5,0.012610920333030129,ABSTAIN,0.050000000000000003,True,0,5,743,-0.0018829769656958373,0.51261092033303013,0.51261092033303013,0.4769504673106833,0.5,0.61549935899067121,,8f0802eed4ea16acb6f81d2f9c95a9cb9fe29e8f59754952bb59ef84de044ad2,6.8798859268426895,-0.0018829769656958373,0.5,0.012610920333030129,ABSTAIN,0.050000000000000003,True,0,0,743,-0.0018829769656958373,0.51261092033303013,0.51261092033303013,0.4769504673106833,0.5,0.60647620956666748,,5aae60a8821c13d21cfe7cf00b396b061d8ce0648f286acd0c0b3941cc55f420,5.7443288043141365
744,2023-01-15,2023-01-16,bull,0.014578683703867,0.0065110227403855081,0.45000000000000001,0.049063052727185807,BTC,0,True,0,5,744,0.0072883980749318678,0.49906305272718582,0.49906305272718582,0.4717945447670282,0.5,0.92484414628920464,,c960efd44f47894f78e0571db6856582aa9e569fd2b1126e43cf1fd6e6a69f4c,7.1772515885531902,0.0065110227403855081,0.45000000000000001,0.049063052727185807,BTC,0,True,0,0,744,0.0072883980749318678,0.49906305272718582,0.49906305272718582,0.4717945447670282,0.5,0.92484414628920464,,e06aa476658115bcbf77a22cc6dd235892b29f551bdb4d5cd367653ec3f5093e,6.0953004490584135
745,2023-01-16,2023-01-17,bull,-0.0022233551420399,-0.0010040909344603,0.45000000000000001,0.0035847070769167155,BTC,0,True,0,5,745,-0.0011152918445714866,0.45358470707691673,0.50361829593001151,0.4712451755036442,0.5,0.80000000000000004,,6714d8cdda69680a2027df2b2f3dfc06bfd3bc93d1458e8a8db1754a7178d0cc,6.0624728631228209,-0.0010040909344603,0.45000000000000001,0.0035847070769167155,BTC,0,True,0,0,745,-0.0011152918445714866,0.45358470707691673,0.50361829593001151,0.4712451755036442,0.5,0.98241425952627903,,81f81e56e3ee7d274bf9d5243a6b44efac4a77e5c2a7bd801f39d915829b466a,5.9517881143838167
746,2023-01-17,2023-01-18,bull,-0.022070198844685401,-0.0099321348409859844,0.45000000000000001,0.00055083150998636032,BTC,0,True,0,5,746,-0.01103564973916682,0.44944916849001365,0.49944354261329399,0.47121783333170508,0.5,0.80000000000000004,,5d82cf9349b85ded07ad9366dc95f0a0daa72936b59cedcf226a9b5f855ce711,6.0748717989772558,-0.0099321348409859844,0.45000000000000001,0.00055083150998636032,BTC,0,True,0,0,746,-0.01103564973916682,0.44944916849001365,0.49944354261329399,0.47121783333170508,0.5,0.98527950171540035,,016d0634b3799a7a25e95624cccd7301d98d032e892a325fc994092e8e849923,6.1505222041159868
747,2023-01-18,2023-01-19,bull,0.019863961375093199,0.0089332161335560212,0.45000000000000001,0.0055171684663601339,BTC,0,True,0,5,747,0.0099263461600673786,0.44448283153363988,0.49442088419118968,0.47124072094731639,0.5,0.98288090367996284,,b60865bceaa35869472e98b7469d13390750ce04dc66ff92bbc021a1f99006cf,7.1922912895679474,0.0089332161335560212,0.45000000000000001,0.0055171684663601339,BTC,0,True,0,0,747,0.0099263461600673786,0.44448283153363988,0.49442088419118968,0.47124072094731639,0.5,0.98288090367996284,,cc2db81860072f2b881601a3930b72c40ebf7a5c6f65806a25de9ab5b7435805,6.0255555957555771
748,2023-01-19,2023-01-20,bull,0.075707265241067898,0.034063230577736414,0.45000000000000001,0.0048727737748120448,BTC,0,True,0,5,748,0.037848529335147818,0.45487277377481206,0.50491715327243381,0.47163634249548608,0.5,0.94141857071837465,,2fad81a252c9dbb57662135285641c2385ed407664d7ad7896fd8ad1f45a005f,7.1505116280168295,0.034063230577736414,0.45000000000000001,0.0048727737748120448,BTC,0,True,0,0,748,0.037848529335147818,0.45487277377481206,0.50491715327243381,0.47163634249548608,0.5,0.94141857071837465,,e4154c21e60dccd2c1ad1e4590e7fead54198224253b2d229be2a045cfbbf0a1,6.1862142775207758
749,2023-01-20,2023-01-21,bull,0.0043435697528795003,0.001936450747398899,0.45000000000000001,0.018120223492389675,BTC,0,True,0,5,749,0.0021535087720956358,0.46812022349238969,0.51823649859227039,0.4713129335380794,0.5,0.97531286662907524,,798da5d8e32508f72f61b9530ceffd1ff67ace0f753226d8cf85e8e7f536830f,7.2262106984853745,0.001936450747398899,0.45000000000000001,0.018120223492389675,BTC,0,True,0,0,749,0.0021535087720956358,0.46812022349238969,0.51823649859227039,0.4713129335380794,0.5,0.97531286662907524,,ffa6fd4d88550b83dcf08258dbd6791a2f6596005929ccc4b94b45dcda0260b8,6.0429873447865248
750,2023-01-21,2023-01-22,bull,-0.0029812475577041002,-0.0013426328979023738,0.45000000000000001,0.0010729363456017937,BTC,0,True,2,5,750,-0.0014917057029267822,0.4510729363456018,0.50108353922411986,0.47108482168145138,0.5,0.99921824978428442,,f2d7ba413dc0e5375a5fc99159eeeeaf923a6f3e19d417dc429f825ea241d09b,8.212993610650301,-0.0013426328979023738,0.45000000000000001,0.0010729363456017937,BTC,0,True,0,0,750,-0.0014917057029267822,0.4510729363456018,0.50108353922411986,0.47108482168145138,0.5,0.99921824978428442,,6aae247ed54dcb8708dc384603b90c92b5bcd570b4aaf3622d785fb9bb9f03f8,6.1786908600479364
751,2023-01-22,2023-01-23,bull,0.0091466368384430993,0.004115244686219599,0.45000000000000001,0.00073884998315026928,BTC,0,True,0,5,751,0.0045725685810569239,0.44926115001684974,0.49925357547242399,0.47108043166805291,0.5,0.99967828790277202,,12620b89e01c63960b0f95b5ce81688d0207ef14e15f7e9235334bf9eea5c512,7.1109230276197195,0.004115244686219599,0.45000000000000001,0.00073884998315026928,BTC,0,True,0,0,751,0.0045725685810569239,0.44926115001684974,0.49925357547242399,0.47108043166805291,0.5,0.99967828790277202,,e09d1e228788b0e8dcf2b6cd05672f8e538468917e6f1586451e1e2d2c650fae,5.9275202583521605
752,2023-01-23,2023-01-24,bull,-0.0123497196220898,-0.0055596158138404572,0.45000000000000001,0.0022545130719721085,BTC,0,True,1,5,752,-0.006177122004722535,0.45225451307197212,0.50227624919723035,0.47108110948221299,0.5,0.99960725821577145,,488869734bc1b4de6818f63501be69bdc24139a7d8140e5ff6b1e2d8e8453eb5,7.6347703672945499,-0.0055596158138404572,0.45000000000000001,0.0022545130719721085,BTC,0,True,0,0,752,-0.006177122004722535,0.45225451307197212,0.50227624919723035,0.47108110948221299,0.5,0.99960725821577145,,a4e00f62b3f4cc549faec7413e3c0b2aedb281d8e0bf960c51cb5295b41644cf,6.1128640174865723
753,2023-01-24,2023-01-25,bull,0.018672263338119902,0.0083994190389065082,0.45000000000000001,0.003073636956049508,BTC,0,True,0,5,753,0.0093329960525094791,0.4469263630439505,0.49689338719592524,0.47108029395604051,0.5,0.99969271882871924,,ee9d97bf39b503866d352caec76863f62792c77bd97608546d565c0f2e2d6e46,7.2133851442486048,0.0083994190389065082,0.45000000000000001,0.003073636956049508,BTC,0,True,0,0,753,0.0093329960525094791,0.4469263630439505,0.49689338719592524,0.47108029395604051,0.5,0.99969271882871924,,c5c7f486fb836281ca7fee46b83b6a7054661375d0441d9ad4fc77147ab417e7,6.0165021102875471
754,2023-01-25,2023-01-26,bull,-0.0016959371245407,-0.0007677510859844805,0.45000000000000001,0.0045828774635045533,BTC,0,True,2,5,754,-0.00085258952778921593,0.45458287746350456,0.50462488727794852,0.471082741591409,0.5,0.99943622579530123,,5c817c63710755daf57f47aad6b0ff116530452cf189fb55a0ee19b0877cdfbb,8.0814478732645512,-0.0007677510859844805,0.45000000000000001,0.0045828774635045533,BTC,0,True,0,0,754,-0.00085258952778921593,0.45458287746350456,0.50462488727794852,0.471082741591409,0.5,0.99943622579530123,,b217ccae7c964b6694b8e6df7d792b013a5452026c3cdcf836de724accfdc7ec,6.1132045835256577
755,2023-01-26,2023-01-27,bull,0.0025460549183176002,0.0011453041669440278,0.45000000000000001,0.00042006502006186608,BTC,0,True,0,5,755,0.0012726025748455161,0.44957993497993815,0.49957565588839858,0.47107963386108692,0.5,0.99976189143625205,,899e94846cf8db5cd8557c0bd11c2bb06364200188a9c47603b3e4b394a6cef4,7.153449535369873,0.0011453041669440278,0.45000000000000001,0.00042006502006186608,BTC,0,True,0,0,755,0.0012726025748455161,0.44957993497993815,0.49957565588839858,0.47107963386108692,0.5,0.99976189143625205,,c3cbfebab1b0da93ef31c91bb027a58793cec3747e11ba37c326e805256784a8,5.9051698762923479
756,2023-01-27,2023-01-28,bull,-0.0020238704029538002,-0.00091137053552514669,0.45000000000000001,0.00062942744170846332,BTC,0,True,5,5,756,-0.0010125702626454514,0.45062942744170847,0.50063570446034544,0.47107877521518959,0.5,0.99985187064533843,,48522f9c8e8f1bb378e5e3b1871709fa6d245f56420c777e526dc4496430caa6,9.9148017354309559,-0.00091137053552514669,0.45000000000000001,0.00062942744170846332,BTC,0,True,0,0,756,-0.0010125702626454514,0.45062942744170847,0.50063570446034544,0.47107877521518959,0.5,0.99985187064533843,,bd147b8d85eb846916ec51bbe2bf52fb4f132ffd4a3fb60b8c39e1ec2ac1b4fd,6.1416411399841309
757,2023-01-28,2023-01-29,bull,0.031492233334346302,0.014170996530827429,0.45000000000000001,0.00050136453831362005,BTC,0,True,0,5,757,0.015745602211951981,0.44949863546168639,0.49949351987419338,0.4710778415758195,0.5,0.99994970852748954,,28d86fcd544c68cec113ead2da9bda9ca29bb47f34195637e9cdf780dc957234,7.2551822029054165,0.014170996530827429,0.45000000000000001,0.00050136453831362005,BTC,0,True,0,0,757,0.015745602211951981,0.44949863546168639,0.49949351987419338,0.4710778415758195,0.5,0.99994970852748954,,818ca895fd07f24754689addb83795e9145ae7f3e9a95f7498e5724b8e56f0d3,6.0051717665046453
758,2023-01-29,2023-01-30,bull,-0.038769676379082997,-0.017453905702002781,0.45000000000000001,0.0076854138691732077,BTC,0,True,2,5,758,-0.019392438947491875,0.45768541386917322,0.50775101002543765,0.47107831128513872,0.5,0.99990048675458243,,775b39c80535805fc7f6e4a19fc87e0b059f193f46311275f1a3593a5a3543b9,8.0835862718522549,-0.017453905702002781,0.45000000000000001,0.0076854138691732077,BTC,0,True,0,0,758,-0.019392438947491875,0.45768541386917322,0.50775101002543765,0.47107831128513872,0.5,0.99990048675458243,,7ecaa9cfc4dda9df69027af6cc3497589cf6edd98031402822cd94a2e3488627,6.1738843712955713
759,2023-01-30,2023-01-31,bull,0.012828373963087201,0.0057629460334638338,0.45000000000000001,0.0097658737988562949,BTC,0,True,0,5,759,0.0064042395643884031,0.44023412620114372,0.49011598079222418,0.47107754814561459,0.5,0.99998045763622756,,328868a593e6b27de858467060535b7a2dd081d55a4134d15d766365564d0dbd,7.2189502138644457,0.0057629460334638338,0.45000000000000001,0.0097658737988562949,BTC,0,True,0,0,759,0.0064042395643884031,0.44023412620114372,0.49011598079222418,0.47107754814561459,0.5,0.99998045763622756,,8e277530f4159094a29eecc6971aa2f332f399c3c51a0f73a09df141bce16f10,6.0072677955031395
760,2023-01-31,2023-02-01,bull,0.025967455275869002,0.011682161186737261,0.45000000000000001,0.0031567990862221285,BTC,0,True,0,5,760,0.012980499609592799,0.45315679908622214,0.50318665369810678,0.47107920630124661,0.5,0.99980669610433037,,946fcd520179bf3a2d4b29c7c1b2dff92dc8ad85c2a7423dd1dcb832daef15b0,7.0732168536633253,0.011682161186737261,0.45000000000000001,0.0031567990862221285,BTC,0,True,0,0,760,0.012980499609592799,0.45315679908622214,0.50318665369810678,0.47107920630124661,0.5,0.99980669610433037,,99217f3b7807bfb08ce1635a7d7f6bd3bd69de2c3f09132dd594827b4a8a13c6,6.1618877053260803
761,2023-02-01,2023-02-02,bull,-0.012560272448325799,-0.0056584394069348898,0.45000000000000001,0.0063527114925738259,BTC,0,True,0,5,761,-0.0062865046325132345,0.45635271149257384,0.50640865558038617,0.47107862975354547,0.5,0.99986711382540683,,ba3ba43fa2131f29ed2ca5eb6cbf3c5274efb56c3e037a36330b236742db5418,7.1551438141614199,-0.0056584394069348898,0.45000000000000001,0.0063527114925738259,BTC,0,True,0,0,761,-0.0062865046325132345,0.45635271149257384,0.50640865558038617,0.47107862975354547,0.5,0.99986711382540683,,c04f5c0248924c36ecca5b92a20860eeed97eb31ebc0f750c1992333c6977f97,6.0570874642580748
762,2023-02-02,2023-02-03,bull,0.00015366490805730001,6.6022654566122441e-05,0.45000000000000001,0.0031263378759298632,BTC,0,True,2,5,762,7.3672298449789508e-05,0.44687366212407015,0.49684008720511019,0.47107762580674611,0.5,0.999972319383996,,5b3cf1967707c92dddf979a07ad54cf191f926e9feada7a6fdd0feb2048328de,8.049196494743228,6.6022654566122441e-05,0.45000000000000001,0.0031263378759298632,BTC,0,True,0,0,762,7.3672298449789508e-05,0.44687366212407015,0.49684008720511019,0.47107762580674611,0.5,0.999972319383996,,3be7e8b7eb458eb1353a365c149510634fb36b88e08c46a85dfd53b537285901,6.0683468822389841
763,2023-02-03,2023-02-04,bull,-0.0045836320803031997,-0.0020626723871306485,0.45000000000000001,3.8029435038888781e-05,BTC,0,True,3,5,763,-0.0022918543653911438,0.4500380294350389,0.50003841327562815,0.47107792481983768,0.5,0.99994098524442876,,a16da3c6e63b819944f1a3c2f5649779a0e0ccf0dc077ad52d290bc1bcf56fc3,8.7937734872102737,-0.0020626723871306485,0.45000000000000001,3.8029435038888781e-05,BTC,0,True,0,0,763,-0.0022918543653911438,0.4500380294350389,0.50003841327562815,0.47107792481983768,0.5,0.99994098524442876,,35869bb525ac724593910f3c779ab8bb176f56779a595fc6169f571fdd06d353,6.0395494494587183
764,2023-02-04,2023-02-05,bull,-0.0166267932326635,-0.0074831852428729473,0.45000000000000001,0.0011367937297688813,BTC,0,True,5,5,764,-0.0083145356083241806,0.44886320627023113,0.49885145973692652,0.47107892606659429,0.5,0.99983606254652824,,4f9165906fd4f2d642ca8f165df039957dac8f9ab95796f5faa4c912fecdae7e,9.9502744935452938,-0.0074831852428729473,0.45000000000000001,0.0011367937297688813,BTC,0,True,0,0,764,-0.0083145356083241806,0.44886320627023113,0.49885145973692652,0.47107892606659429,0.5,0.99983606254652824,,0fcab1dd415196b75b5e4ad94645d2bc0abd17eda90215e277c192e00895711a,6.1528866644948721
765,2023-02-05,2023-02-06,bull,-0.0075950470875479001,-0.0034219031718725201,0.45000000000000001,0.0041461530785608658,BTC,0,True,5,5,765,-0.0038016991705640546,0.44585384692143915,0.4958084557218147,0.47107933887575237,0.5,0.99979280346074084,,00189f231b5b1bcccfc969aec929e11903fcb211334b7892fb92e7a506d41293,10.111886668950319,-0.0034219031718725201,0.45000000000000001,0.0041461530785608658,BTC,0,True,0,0,765,-0.0038016991705640546,0.44585384692143915,0.4958084557218147,0.47107933887575237,0.5,0.99979280346074084,,cbd68fb327d81f1f46c9093a7eaf54aeeb4a6edc71c7c0379571b29325d1a852,6.0299844890832901
766,2023-02-06,2023-02-07,bull,0.0215229024066638,0.0096834015935474138,0.45000000000000001,0.001886220825361884,BTC,0,True,0,5,766,0.010759524692156353,0.44811377917463813,0.49809400014880367,0.471084811358502,0.5,0.99921932826267601,,01b0ab27fdf7ec9cbee138fa1d960aabd612ebbbd1082819d3c704f426cc7c1d,6.3542937748134136,0.0096834015935474138,0.45000000000000001,0.001886220825361884,BTC,0,True,0,0,766,0.010759524692156353,0.44811377917463813,0.49809400014880367,0.471084811358502,0.5,0.99921932826267601,,e14724d270dc657a4ed63bd711b60b92578e218f7b2d7d709255bcb65d26cfe8,6.0512801669538021
767,2023-02-07,2023-02-08,bull,-0.0123474842699674,-0.0055616144274961421,0.45000000000000001,0.0052758204101381878,BTC,0,True,5,5,767,-0.0061790327071389317,0.4552758204101382,0.50532343768676591,0.47108857451588732,0.5,0.99882497771002166,,de148df8881e9536ac5fa6d348a252b01532fce6db4ec015c6478728b3f3ccdb,9.9886273331940174,-0.0055616144274961421,0.45000000000000001,0.0052758204101381878,BTC,0,True,0,0,767,-0.0061790327071389317,0.4552758204101382,0.50532343768676591,0.47108857451588732,0.5,0.99882497771002166,,605190dd4b2eb1a65c7ec418863215b258d6caf4a02c24af3674e8b42d958105,6.0152638256549835
768,2023-02-08,2023-02-09,bull,-0.051039425898992297,-0.022970744150402456,0.45000000000000001,0.0030730775060919813,BTC,0,True,0,5,768,-0.0281232995152636,0.44692692249390803,0.49689395299926647,0.47107919330387321,0.55000000000000004,0.99980805837835485,,40d81dca91ffdbfda11ea0d1815015e2a257f4c110abd15d1ab202f50dc67c5a,7.1214897632598877,-0.022970744150402456,0.45000000000000001,0.0030730775060919813,BTC,0,True,0,0,768,-0.0281232995152636,0.44692692249390803,0.49689395299926647,0.47107919330387321,0.55000000000000004,0.99980805837835485,,433bac0ff79cbe21115b6d5047a62423a96c1634eb96dd0ba062861338e5b056,6.167040940374136
769,2023-02-09,2023-02-10,bull,-0.0072272570838590004,-0.0032651528512294137,0.45000000000000001,0.01292921272772779,BTC,0,True,0,5,769,-0.0039879368413672234,0.43707078727227222,0.53700289136017132,0.47110991599346302,0.55000000000000004,0.99658855888358644,,43437a5958cca9c7f328d289120604ba6291f24f50f386000320ad9f7987f65c,6.5215713512152433,-0.0032651528512294137,0.45000000000000001,0.01292921272772779,BTC,0,True,0,0,769,-0.0039879368413672234,0.43707078727227222,0.53700289136017132,0.47110991599346302,0.55000000000000004,0.99660000000000004,,77e93b34f30e8322d5ba06779a13ce956f1e8938071cd62a581c929c6d406c7e,5.6803919356316328
770,2023-02-10,2023-02-11,bull,0.010390570834296099,0.0046739539018136878,0.45000000000000001,0.001794582587628657,BTC,0,True,0,5,770,0.0057130078109608462,0.44820541741237135,0.54820411524529655,0.47170974098090779,0.55000000000000004,0.93372448969098365,,9998f1be23970014998cf4318cb186b1fc2dcd7e718084a3dc7447b479d61500,6.3803055118769407,0.0046739539018136878,0.45000000000000001,0.001794582587628657,BTC,0,True,0,0,770,0.0057130078109608462,0.44820541741237135,0.54820411524529655,0.47170974098090779,0.55000000000000004,0.93372448969098365,,a6041b4b72834baf0559f64452d05c9a07a7488397f19d30997aeb7bc2dac102,6.2935175113379955
771,2023-02-11,2023-02-12,bull,-0.0033394633070751001,-0.0015053143393334301,0.45000000000000001,0.00255969775710152,BTC,0,True,0,5,771,-0.0018392571755375675,0.45255969775710153,0.55255705319817794,0.4731599354923382,0.55000000000000004,0.78166029690443617,,ea8f3c12b2d697cbc2c36450253d360648dedd0654ab7b3126cc61495d62627d,6.5015044510364532,-0.0015053143393334301,0.45000000000000001,0.00255969775710152,BTC,0,True,0,0,771,-0.0018392571755375675,0.45255969775710153,0.55255705319817794,0.4731599354923382,0.55000000000000004,0.78166029690443617,,b4cafd6feab4f422659908accc2729a3dcc70d07293e888365c5d86171e00f2e,6.0873185340315104
772,2023-02-12,2023-02-13,bull,-0.00065177079699639995,-0.00029412437696230143,0.45000000000000001,0.00082776109351057059,BTC,0,True,0,5,772,-0.00035930167954789649,0.44917223890648944,0.54917196197005913,0.4727422664196459,0.55000000000000004,0.82546482453504355,,0821fa17fd39c0ee2225ac7698bdda92a14ee42d043c94ab33258d52a444eab7,7.2201291564851999,-0.00029412437696230143,0.45000000000000001,0.00082776109351057059,BTC,0,True,0,0,772,-0.00035930167954789649,0.44917223890648944,0.54917196197005913,0.4727422664196459,0.55000000000000004,0.82546482453504355,,21116f02c0d343afa458f87376e3dfec0c9b6cac40136eab2d1891043de67163,6.1525334920734167
773,2023-02-13,2023-02-14,mix,0.0195612834480034,0.0097299897531064605,0.5,0.05016136059881332,ABSTAIN,0.050000000000000003,True,0,5,773,0.0097303156413481862,0.44983863940118668,0.54983862888040269,0.47721995734914641,0.5,0.6443495216114079,,94a771e8c4b677de370ba2f1b247a66a1f9bd5c32db2afc5b86857ec8630a049,6.8834373913705349,0.0097299897531064605,0.5,0.05016136059881332,ABSTAIN,0.050000000000000003,True,0,0,773,0.0097303156413481862,0.44983863940118668,0.54983862888040269,0.47721995734914641,0.5,0.5,,b460ce7f2c9989984d071777df1659f6bd1f53dbdb74a604c8621261fd136ad9,5.2904159668833017
774,2023-02-14,2023-02-15,mix,0.095925400364889502,0.047957624947642774,0.5,0.0048429536672951468,ABSTAIN,0.050000000000000003,True,5,5,774,0.047957624947642774,0.50484295366729515,0.50484295366729515,0.47711109115965961,0.5,0.63289951668369893,,c4600981b1adba60932533e6d03ef8f8eec91bf81814ad1464af779ed7e23924,10.583687521517277,0.047957624947642774,0.5,0.0048429536672951468,ABSTAIN,0.050000000000000003,True,0,0,774,0.047957624947642774,0.50484295366729515,0.50484295366729515,0.47711109115965961,0.5,0.5,,c81fe05b2a237f2b687173f546028588ee6d3c8c6db8a8b401f264eea81a4e69,5.4484456218779087
775,2023-02-15,2023-02-16,bull,-0.032403125629421402,-0.014653227567293703,0.45000000000000001,0.072883782110801543,ABSTAIN,0,True,0,5,775,-0.014653227567293703,0.52288378211080155,0.52288378211080155,0.47434298806134723,0.45000000000000001,0.5,,39668d3e223ed79a95ff2e088d20eb486ba6687536ff2fd95e7d732e3954466a,6.3427610583603382,-0.014653227567293703,0.45000000000000001,0.072883782110801543,BTC,0,True,0,0,775,-0.017848352056452854,0.52288378211080155,0.52288378211080155,0.47434298806134723,0.55000000000000004,0.6577120726723914,,f57196d871565623d9cc2e645e822f1fcbee942ba209999da05badc715efde13,6.0495184250175953
776,2023-02-16,2023-02-17,bull,0.0439217318900917,0.019756480052453229,0.45000000000000001,0.008138443547191232,BTC,0,True,0,5,776,0.024046201800754785,0.44186155645280878,0.44186155645280878,0.47146197293713321,0.55000000000000004,0.80000000000000004,,7830c33d83e5a6c91e68326f8a0eb64fbc933770a8ca1357ceb41d09c1c3ab29,6.0351078677922487,0.019756480052453229,0.45000000000000001,0.008138443547191232,BTC,0,True,0,0,776,0.024148589997797121,0.44186155645280878,0.54183470684578583,0.47146197293713321,0.55000000000000004,0.95969562759815763,,6c3ad7bb430dc49b293359a4ae883e33b9ee7ccc7caa05947185586ca9d22aa5,5.4748613834381104
777,2023-02-17,2023-02-18,bull,0.0023561967159746,0.0010496172822458405,0.45000000000000001,0.010659937333510228,BTC,0,True,0,5,777,0.001285280217329321,0.46065993733351024,0.56061422140018913,0.47234496646724627,0.55000000000000004,0.86715963503423921,,cd108c7b40c43053c7f0227d3ba45813ec8d82a328ab2725944bc764de276fde,6.5184499882161617,0.0010496172822458405,0.45000000000000001,0.010659937333510228,BTC,0,True,0,0,777,0.001285280217329321,0.46065993733351024,0.56061422140018913,0.47234496646724627,0.55000000000000004,0.86715963503423921,,142a0ba6eb53c10647c1fab21526e5003e66f33e0f0364b797240892556f50e0,5.3763849660754204
778,2023-02-18,2023-02-19,bull,-0.0133366353516243,-0.0060020649531448145,0.45000000000000001,0.00058254102564048171,BTC,0,True,0,5,778,-0.0073357275753186402,0.45058254102564049,0.55058240394515923,0.47123306755923788,0.55000000000000004,0.98368315954210583,,e53dd1c943a02b4f9e57b991b928ce42c531602289001117c620395bc81f2d24,7.1763045322149992,-0.0060020649531448145,0.45000000000000001,0.00058254102564048171,BTC,0,True,0,0,778,-0.0073357275753186402,0.45058254102564049,0.55058240394515923,0.47123306755923788,0.55000000000000004,0.98368315954210583,,91356ce8c5148eb8968be1ec33b996028cfd4673df1b4e1f277551ffefa24232,6.1942959912121296
779,2023-02-19,2023-02-20,bull,0.022079669504462201,0.0099324975358991985,0.45000000000000001,0.0033207466638348615,BTC,0,True,1,5,779,0.012140452638582655,0.44667925333616515,0.54667479185177537,0.47121900896571528,0.55000000000000004,0.98368315954210583,,242b2893fa69a28368ea18380fe3f220e40610c16ad50515ba345ffab82e9502,7.6066077873110771,0.0099324975358991985,0.45000000000000001,0.0033207466638348615,BTC,0,True,0,0,779,0.012140452638582655,0.44667925333616515,0.54667479185177537,0.47121900896571528,0.55000000000000004,0.98515640926583403,,cc550205ecc8353f92de6c525f76be714dd0868385272c238ba15c2b32a0a933,5.9577822480350733
780,2023-02-20,2023-02-21,bull,-0.0156524889792467,-0.0070489928836955373,0.45000000000000001,0.005410955750748514,BTC,0,True,1,5,780,-0.0094356753670946647,0.45541095575074853,0.55539915188330125,0.47168858855135931,0.60000000000000009,0.93594659445782635,,eb3e7b2b45b4fd9c5a3735f82ef558ae6bc2ac9a817617f4fa53d25618733070,7.5968260988593102,-0.0070489928836955373,0.45000000000000001,0.005410955750748514,BTC,0,True,0,0,780,-0.0094356753670946647,0.45541095575074853,0.55539915188330125,0.47168858855135931,0.60000000000000009,0.93594659445782635,,ced2951f55e81bf01ac22cadec7990b20cdcf304d7944eaf273d8c7d44e1d7b7,6.149752302095294
781,2023-02-21,2023-02-22,bull,-0.0108013267513814,-0.0048644795461458834,0.45000000000000001,0.0039014715052459459,BTC,0,True,0,5,781,-0.0064845636861649014,0.44609852849475407,0.59620778811211173,0.471359926668944,0.60000000000000009,0.97038880969220798,,1799cc060f13e095ab47b5aaa70249ecda1860fcaee9b04af2246c9d8352f6ff,7.131545539945364,-0.0048644795461458834,0.45000000000000001,0.0039014715052459459,BTC,0,True,0,0,781,-0.0064845636861649014,0.44609852849475407,0.59620778811211173,0.471359926668944,0.60000000000000009,0.97038880969220798,,d202e3525c71ce6c46d82a8f537ff5f1d81d35448c2dfc2fe95285142d3d3d77,5.9546240251511335
782,2023-02-22,2023-02-23,bull,-0.0103487054815476,-0.0046595913422292634,0.45000000000000001,0.0026863858098776228,BTC,0,True,0,5,782,-0.0062118163159442519,0.44731361419012239,0.59739077170322707,0.47181408347529319,0.60000000000000009,0.92279356197957285,,d6757645e8ff7dcd002c0588aa4891d79794cbedfa31d53f8f291f00eb0d24b2,7.164741775020957,-0.0046595913422292634,0.45000000000000001,0.0026863858098776228,BTC,0,True,0,0,782,-0.0062118163159442519,0.44731361419012239,0.59739077170322707,0.47181408347529319,0.60000000000000009,0.92279356197957285,,d298d7742471887ceb2e3654422d629702874781537f78b787ddcfda9ffb66a5,6.1498810090124607
783,2023-02-23,2023-02-24,bull,-0.031115920171455001,-0.014004701333748537,0.45000000000000001,0.002573288197436574,BTC,0,True,0,5,783,-0.020276785504152017,0.44742671180256344,0.59750079254730959,0.47295831371817942,0.65000000000000002,0.8028593633519846,,b41d57dc29f2b9eb6f40b7801d434b2d1ada82113017a30bf4eb95968f975f20,6.5304715000092983,-0.014004701333748537,0.45000000000000001,0.002573288197436574,BTC,0,True,0,0,783,-0.020276785504152017,0.44742671180256344,0.59750079254730959,0.47295831371817942,0.65000000000000002,0.8028593633519846,,6025632672957a7d2d2d378c3995ad2f0874e2aaeb1fbb1612ed9258c8f9e103,5.39862952940166
784,2023-02-24,2023-02-25,bull,-0.0010952288553996001,-0.00050065969038837199,0.45000000000000001,0.0078105549138728358,ABSTAIN,0,True,0,5,784,-0.00068553297521700696,0.44218944508612718,0.64277500002131993,0.4730617683423618,0.45000000000000001,0.5,,e8be64ee57077d99ed1f717e7575325730dbc43dd40c4c4f4548af7cc44b7d38,6.3900965377688408,-0.00050065969038837199,0.45000000000000001,0.0078105549138728358,ABSTAIN,0,True,0,0,784,-0.00068553297521700696,0.44218944508612718,0.64277500002131993,0.4730617683423618,0.45000000000000001,0.5,,17a2e0868e9166017db465c271eb4a81eb0100e73bf8e82d2e1f6440d1a1f59f,5.333236176520586
785,2023-02-25,2023-02-26,mix,0.016947177125195799,0.0084228913823038987,0.5,0.050271202804823223,ABSTAIN,0.050000000000000003,True,5,5,785,0.0084228913823038987,0.44972879719517678,0.44972879719517678,0.47788833837215761,0.5,0.71428040406355375,,eabe1fc49be98b2bd46006f973c32e68b205a26ea8ba08487ea24bd7830c48ac,10.540635015815496,0.0084228913823038987,0.5,0.050271202804823223,ABSTAIN,0.050000000000000003,True,0,0,785,0.0084228913823038987,0.44972879719517678,0.44972879719517678,0.47788833837215761,0.5,0.54505561730022589,,00d0c649be0d10b07d5e4175d8949d40a2d28f9b39e67483a0701af43d0b49ab,5.7387892175465822
786,2023-02-26,2023-02-27,mix,-0.0027420867874712999,-0.0013752388287975315,0.5,0.0042011950826970068,ABSTAIN,0.050000000000000003,True,0,5,786,-0.0013752388287975315,0.50420119508269701,0.50420119508269701,0.47636277280453831,0.5,0.55459657584786426,,83c9b020cdcc2aee50162e2cb625b2e01a34b7524e1226144c6f5c0f807f8b48,6.8792713563889265,-0.0013752388287975315,0.5,0.0042011950826970068,ABSTAIN,0.050000000000000003,True,0,0,786,-0.0013752388287975315,0.50420119508269701,0.50420119508269701,0.47636277280453831,0.5,0.62614742837670279,,f9939b888fdbdfa11331f73be6a8a465a76f735dc8a25e9650ea16a64ca13e25,5.8831124901771545
787,2023-02-27,2023-02-28,bull,-0.015476225946088501,-0.007013271778523289,0.45000000000000001,0.049313537132752938,ABSTAIN,0,True,0,5,787,-0.007013271778523289,0.49931353713275295,0.49931353713275295,0.4748252630894137,0.45000000000000001,0.5,,4c1cb2e498318f527870bbd200561f2d06f11d13416193b3026c1ae5961e73b4,6.3295146226882935,-0.007013271778523289,0.45000000000000001,0.049313537132752938,ABSTAIN,0,True,0,0,787,-0.007013271778523289,0.49931353713275295,0.49931353713275295,0.4748252630894137,0.45000000000000001,0.61009593803263851,,ecdaa7bfa8e42975b4fc0e369d53dee51d8d63b63fd04c86b3b311a9b4dff536,5.7300372421741486
788,2023-02-28,2023-03-01,bull,0.022122306046129501,0.0099511420930729066,0.45000000000000001,0.0038572288268394206,ABSTAIN,0,True,0,5,788,0.0099511420930729066,0.44614277117316059,0.44614277117316059,0.47010798906759033,0.45000000000000001,0.5,,d31fa51ddbffc6217bc205e701a4d7d6b36c5a09f38b679aaa3caf0aa2289e6d,6.303451819345355,0.0099511420930729066,0.45000000000000001,0.0038572288268394206,ABSTAIN,0,True,0,0,788,0.0099511420930729066,0.44614277117316059,0.44614277117316059,0.47010798906759033,0.45000000000000001,0.5,,37abade02ce1ba97f40f8e181c33cd5f8ce7c4bb8a6606bf29838b4c9b6558d3,5.3866527192294598
789,2023-03-01,2023-03-02,mix,-0.0074781534713350001,-0.0037834887510074244,0.5,0.044578698514367965,ABSTAIN,0.050000000000000003,True,2,5,789,-0.0037834887510074244,0.45542130148563204,0.45542130148563204,0.4763850706526751,0.5,0.73353348635230431,,ba45728e3ec01cc7adff406a4ece98fdca51af5ce75a91f91a35354b770e826e,8.7728841491043568,-0.0037834887510074244,0.5,0.044578698514367965,ABSTAIN,0.050000000000000003,True,0,0,789,-0.0037834887510074244,0.45542130148563204,0.45542130148563204,0.4763850706526751,0.5,0.73353348635230431,,7592b61f495cb7e5818d3ecfbd58352052bc9765db6e49df6fb38422fac2565f,5.7254725452512503
790,2023-03-02,2023-03-03,bull,-0.047346305624451301,-0.021352935665750694,0.45000000000000001,0.04812344504920657,ABSTAIN,0,True,0,5,790,-0.021352935665750694,0.49812344504920658,0.49812344504920658,0.47191683806990631,0.45000000000000001,0.5,,d44e4d6bd21a5828ff4fa970abffaa341c2d77415815346054bdda6f22817d27,6.3277206029742956,-0.021352935665750694,0.45000000000000001,0.04812344504920657,ABSTAIN,0,True,0,0,790,-0.021352935665750694,0.49812344504920658,0.49812344504920658,0.47191683806990631,0.45000000000000001,0.62686144424992152,,d31f273cfbacbab1f0310205eac3ca465ae1c5056a6e461e31e4d775f6cc5a6c,5.8718620557337999
791,2023-03-03,2023-03-04,mix,-0.00032655763518599999,-0.00015892248842830359,0.45000000000000001,0.011973312084021803,ABSTAIN,0.050000000000000003,True,0,5,791,-0.00015892248842830359,0.43802668791597821,0.43802668791597821,0.47302652500016462,0.45000000000000001,0.52130457912651251,,d75902f737c9ca3966532fd2329b942ae6bd58ff984679e0e1cc3124a0a8a032,7.7324808333069086,-0.00015892248842830359,0.45000000000000001,0.011973312084021803,ABSTAIN,0.050000000000000003,True,0,0,791,-0.00015892248842830359,0.43802668791597821,0.43802668791597821,0.47302652500016462,0.45000000000000001,0.63059576224177849,,1f1f77d67fb4dba3237030c7828a2825ce8f41a314071fead458d6f9681a1247,6.4013107307255268
792,2023-03-04,2023-03-05,mix,0.0036335810910588001,0.0017666187242484366,0.5,0.050080834893471704,ABSTAIN,0.050000000000000003,True,1,5,792,0.0017666187242484366,0.4499191651065283,0.4499191651065283,0.48014347761735737,0.5,0.92335115666566803,,a69c7f66fae3c3e88dc329483f576ab168de357561bdf82da94cbd5b34860696,8.0974053833633661,0.0017666187242484366,0.5,0.050080834893471704,ABSTAIN,0.050000000000000003,True,0,0,792,0.0017666187242484366,0.4499191651065283,0.4499191651065283,0.48014347761735737,0.5,0.5,,2b041d91438b920504ed0dd4cf7afc4601acea9f124a075216c4246fc08bd6b4,5.342753779143095
793,2023-03-05,2023-03-06,mix,-0.00081593344123259996,-0.00040887309859505283,0.5,0.00090674790174971598,ABSTAIN,0.050000000000000003,True,5,5,793,-0.00040887309859505283,0.50090674790174972,0.50090674790174972,0.48004724285728601,0.5,0.63140246437846181,,d3fd347b644386c25877d4bbafaf911da44e2be77ecac7135ce9c140aaefa0c4,10.597160631790757,-0.00040887309859505283,0.5,0.00090674790174971598,ABSTAIN,0.050000000000000003,True,0,0,793,-0.00040887309859505283,0.50090674790174972,0.50090674790174972,0.48004724285728601,0.5,0.97103833483249002,,d65e131a542dc71f01b4542150294575b31e406212a94f02b1a3f5290d1ce81d,6.3285066112875938
794,2023-03-06,2023-03-07,mix,-0.0094689870593485,-0.0047346966301349269,0.5,0.00020406661269495308,ABSTAIN,0.050000000000000003,True,0,5,794,-0.0047346966301349269,0.49979593338730505,0.49979593338730505,0.47980797718270801,0.5,0.63140246437846181,,054838bd3e96608eee4e0207b5271fa31cafceeb422475a5d6a52bdf32c34244,6.8805715534836054,-0.0047346966301349269,0.5,0.00020406661269495308,ABSTAIN,0.050000000000000003,True,0,0,794,-0.0047346966301349269,0.49979593338730505,0.49979593338730505,0.47980797718270801,0.5,0.94999999999999996,,1b40d1b278907f5f35de671eecac9facef59376fa62b6a90b63772585d24a930,5.3905247375369072
795,2023-03-07,2023-03-08,mix,-0.0219391110830803,-0.010971907958161387,0.5,0.0023785077946009703,ABSTAIN,0.050000000000000003,True,0,5,795,-0.010971907958161387,0.49762149220539903,0.49762149220539903,0.47833845058533542,0.5,0.85738433533994896,,ce436544aef4cb5c29d587166a0f9b6a2087c37570bd5717af4ae7b3f785a05f,7.672799551859498,-0.010971907958161387,0.5,0.0023785077946009703,ABSTAIN,0.050000000000000003,True,0,0,795,-0.010971907958161387,0.49762149220539903,0.49762149220539903,0.47833845058533542,0.5,0.5,,66658ba16d590547b6421bfe1ecf1f8755ff7c89f79a01e0f85252dac048bb4f,5.2592445537447929
796,2023-03-08,2023-03-09,mix,-0.062134974298505702,-0.031072860471720087,0.5,0.0055456106548603668,ABSTAIN,0.050000000000000003,True,0,5,796,-0.031072860471720087,0.49445438934513963,0.49445438934513963,0.4786055375630574,0.5,0.87509852679433431,,4136fa24eb507315fb1e3e00b4495f07aeb22c7e37ef7c79d59a4a03e9315015,7.7666967026889324,-0.031072860471720087,0.5,0.0055456106548603668,ABSTAIN,0.050000000000000003,True,0,0,796,-0.031072860471720087,0.49445438934513963,0.49445438934513963,0.4786055375630574,0.5,0.87509852679433431,,523b75e52c572f91b908946cb01a6d3fa9a83cfd949295bedee3dfff995421b5,5.837391147390008
797,2023-03-09,2023-03-10,mix,-0.0100727833492126,-0.0050523427438013968,0.5,0.016031811677909069,ABSTAIN,0.050000000000000003,True,5,5,797,-0.0050523427438013968,0.48396818832209093,0.48396818832209093,0.480074548368014,0.5,0.63140246437846181,,3201af7efafcb7160d366c2439ec86dd7a138a08699e38b8c63afe3a7d9e9ba5,10.578842414543033,-0.0050523427438013968,0.5,0.016031811677909069,ABSTAIN,0.050000000000000003,True,0,0,797,-0.0050523427438013968,0.48396818832209093,0.48396818832209093,0.480074548368014,0.5,0.5,,046404316634e55e572a16254452259586b87647c8b11262a9d3fca16ae117fc,5.2715442478656769
798,2023-03-10,2023-03-11,mix,0.015419190641325201,0.0068908373607519113,0.45000000000000001,0.047469057344176169,ABSTAIN,0.050000000000000003,True,0,5,798,0.0068908373607519113,0.49746905734417618,0.49746905734417618,0.46696256884759613,0.45000000000000001,0.86755072776642905,,30fc1e47fd20572f01d0d1527768d268e3502d50af22752384b4db03a860bb0f,7.6336486972868443,0.0068908373607519113,0.45000000000000001,0.047469057344176169,ABSTAIN,0.050000000000000003,True,0,0,798,0.0068908373607519113,0.49746905734417618,0.49746905734417618,0.46696256884759613,0.45000000000000001,0.75,,345c45d170f373c61d31c984e9fa0c0c166b75c4eb78628cd613af666195bb3d,5.3373581022024155
799,2023-03-11,2023-03-12,mix,0.074620740197874597,0.033575415872380221,0.45000000000000001,0.0037899525830978886,ABSTAIN,0.050000000000000003,True,0,5,799,0.033575415872380221,0.4537899525830979,0.4537899525830979,0.46065853280376912,0.45000000000000001,0.80661903219525277,,71347addc8a50830c1d66466584fe6d9668bf3a42a41661aa1c3ddde8fe0fadf,7.5354444161057472,0.033575415872380221,0.45000000000000001,0.0037899525830978886,ABSTAIN,0.050000000000000003,True,0,0,799,0.033575415872380221,0.4537899525830979,0.4537899525830979,0.46065853280376912,0.45000000000000001,0.80661903219525277,,aaa3504411682e57f957e04ff7444592dd50f9ea20a06cc29c5ccf2500e071ed,5.7942841555923223
800,2023-03-12,2023-03-13,mix,0.096368232491316194,0.048150436640320704,0.5,0.032131383041708927,ABSTAIN,0.050000000000000003,True,5,5,800,0.048150436640320704,0.46786861695829107,0.46786861695829107,0.47674576564918097,0.5,0.63140246437846181,,a474ba38f889d340a6fbde9e47a37697686f8f7251cabe3fa3333cdd86e33df7,10.578096063807607,0.048150436640320704,0.5,0.032131383041708927,ABSTAIN,0.050000000000000003,True,0,0,800,0.048150436640320704,0.46786861695829107,0.46786861695829107,0.47674576564918097,0.5,0.96163807083543795,,367f2b80d1936f4cf428b19128a581aea000cce8bbd7df8c0a754b8df1e880ff,6.5197249110788107
801,2023-03-13,2023-03-14,mix,0.024271804399031299,0.012112638693986266,0.5,0.022984567071213657,ABSTAIN,0.050000000000000003,True,0,5,801,0.012112638693986266,0.52298456707121366,0.52298456707121366,0.48024437053365288,0.5,0.63140246437846181,,7bf8fd461e3a630c9847b7d2919844f2e5378f3b6805514d600366b0e1e2699f,6.7730880100280046,0.012112638693986266,0.5,0.022984567071213657,ABSTAIN,0.050000000000000003,True,0,0,801,0.012112638693986266,0.52298456707121366,0.52298456707121366,0.48024437053365288,0.5,0.5,,00c810b5b3b42ee4beab93ff091b3c44590580d785d00b15c48ad03bb6f97d74,5.3228165581822395
802,2023-03-14,2023-03-15,mix,-0.016882796147321501,-0.0084473426598531409,0.5,0.0059951940115663405,ABSTAIN,0.050000000000000003,True,0,5,802,-0.0084473426598531409,0.50599519401156634,0.50599519401156634,0.4782930143837118,0.5,0.63140246437846181,,66947912aa14e4c5a5cb8c19a1ffca2a6594e3f2be3d81730750c13b5e104992,6.8437837790697813,-0.0084473426598531409,0.5,0.0059951940115663405,ABSTAIN,0.050000000000000003,True,0,0,802,-0.0084473426598531409,0.50599519401156634,0.50599519401156634,0.4782930143837118,0.5,0.5,,fd5eabf53695e599c49c6cce1fd05c271f528df05768a800450d731a6b042155,5.4006881043314934
803,2023-03-15,2023-03-16,mix,0.029708393218216899,0.013322422046253113,0.45000000000000001,0.045743369046841342,ABSTAIN,0.050000000000000003,True,0,5,803,0.013322422046253113,0.49574336904684135,0.49574336904684135,0.47345014520188478,0.45000000000000001,0.54796627457904745,,4f330ed940bfe91679d344580530d2b97a14cac3f37eb2113384dcd7e2d6b6e7,6.7733423188328743,0.013322422046253113,0.45000000000000001,0.045743369046841342,ABSTAIN,0.050000000000000003,True,0,0,803,0.013322422046253113,0.49574336904684135,0.49574336904684135,0.47345014520188478,0.45000000000000001,0.5,,0d6a10b40bc07cb907d09327fa93168eb9992e14371700b151b93e8c58ac4e3b,5.2482940200716257
804,2023-03-16,2023-03-17,mix,0.095492339256361997,0.047701384583394013,0.5,0.042744174195250006,ABSTAIN,0.050000000000000003,True,0,5,804,0.047701384583394013,0.45725582580474999,0.45725582580474999,0.4784639206911267,0.5,0.63140246437846181,,95bd095ec387adbfbf0ac3da3662a961bc83a7cbe994587707fca77f7d51409b,6.8283001147210598,0.047701384583394013,0.5,0.042744174195250006,ABSTAIN,0.050000000000000003,True,0,0,804,0.047701384583394013,0.45725582580474999,0.45725582580474999,0.4784639206911267,0.5,0.35984238846064631,,f3272819399b69bec85748fc5670f1a5f4ea6a07166926d7b5d7f035d6602f0a,5.7801851462572813
805,2023-03-17,2023-03-18,mix,-0.017424922787111399,-0.0087350480583131551,0.5,0.022785179756431351,ABSTAIN,0.050000000000000003,True,0,5,805,-0.0087350480583131551,0.52278517975643135,0.52278517975643135,0.47737637074777411,0.5,0.63140246437846181,,cc1f4fa3c0237cf9734d1ee4bff2cdc93bd6faad4b906da487e4348332b4df45,6.853512354195118,-0.0087350480583131551,0.5,0.022785179756431351,ABSTAIN,0.050000000000000003,True,0,0,805,-0.0087350480583131551,0.52278517975643135,0.52278517975643135,0.47737637074777411,0.5,0.5,,62108805803114afd6db13663f5c32eadaa410e2aa89bb9f7eb5d88da8e91fcb,5.2193843554705381
806,2023-03-18,2023-03-19,bull,0.0387969310223115,0.017412217269066277,0.45000000000000001,0.045605482236867612,ABSTAIN,0,True,0,5,806,0.017412217269066277,0.49560548223686762,0.49560548223686762,0.47079320671580938,0.45000000000000001,0.5,,d2e34f2841404a87f8d11748930a15998583fefdfe8f0ee3d68380347ab8bf1a,6.3293884061276913,0.017412217269066277,0.45000000000000001,0.045605482236867612,ABSTAIN,0,True,0,0,806,0.017412217269066277,0.49560548223686762,0.49560548223686762,0.47079320671580938,0.45000000000000001,0.5,,44214a308fee50c19c1658f0b096ed4318b8b725ddbc4b59a7ba2e2cd236eab7,5.4054327141493559
807,2023-03-19,2023-03-20,bull,-0.0085197094285499007,-0.0038432705359472408,0.45000000000000001,0.0094374751455117978,ABSTAIN,0,True,0,5,807,-0.0038432705359472408,0.45943747514551181,0.45943747514551181,0.47139556858180548,0.45000000000000001,0.5,,d19a9af2adf531e7ddccf206493a925923dcc1752c7df5076822900cc3565019,6.3307407069951296,-0.0038432705359472408,0.45000000000000001,0.0094374751455117978,ABSTAIN,0,True,0,0,807,-0.0038432705359472408,0.45943747514551181,0.45943747514551181,0.47139556858180548,0.45000000000000001,0.6188683779105657,,f665a9199ca49733df2827d52952cfc53681dbb3742b320c5c379d02f079e659,5.7235528770834208
808,2023-03-20,2023-03-21,bull,0.0141952706480763,0.0063857415267478679,0.45000000000000001,0.0021167434009861652,BTC,0,True,0,5,808,0.0090229442616298616,0.44788325659901385,0.44788325659901385,0.46711721929439082,0.65000000000000002,0.85172814973819455,,9491d9a9141335eaf554f967622c404127656823cc87cea61922c8afd655ab82,6.5152947343885899,0.0063857415267478679,0.45000000000000001,0.0021167434009861652,BTC,0,True,0,0,808,0.0090229442616298616,0.44788325659901385,0.44788325659901385,0.46711721929439082,0.65000000000000002,0.85172814973819455,,55a16aa21b4f93834f4f6bcf6ead2bef558acf4fc744a8d7edbe48790bcde75f,5.4892570879310369
809,2023-03-21,2023-03-22,bull,-0.030315856868464001,-0.013645578994952889,0.45000000000000001,0.0034910292382043795,ABSTAIN,0,True,0,5,809,-0.013842563409079633,0.45349102923820439,0.65319989884285889,0.46982798125281122,0.45000000000000001,0.5,,71ab06051d576e1743e39b88c3c138638a85b0a58e922ba955a992a95b6d43fb,6.2859328929334879,-0.013645578994952889,0.45000000000000001,0.0034910292382043795,ABSTAIN,0,True,0,0,809,-0.013842563409079633,0.45349102923820439,0.65319989884285889,0.46982798125281122,0.45000000000000001,0.5,,afdb0f7ebe167f6f97fa362d486eca886abcbeede7e8c889f5801290c05e0003,5.2063653711229563
810,2023-03-22,2023-03-23,bull,0.0384788916318499,0.01730776256657407,0.45000000000000001,0.0076069496129978487,ABSTAIN,0,True,0,5,810,0.01730776256657407,0.44239305038700216,0.44239305038700216,0.46740487570958361,0.45000000000000001,0.5,,e8a96a87b745934008bdd076df07199e3ca3ce9f03fc39ca1e3c33953b385b72,6.4324927870184183,0.01730776256657407,0.45000000000000001,0.0076069496129978487,BTC,0,True,0,0,810,0.024798480095634012,0.44239305038700216,0.44239305038700216,0.46740487570958361,0.65000000000000002,0.83357911881978952,,b60ababa5484234e6fb1cca1148fe23a707b3ba005af30fb662c459d71ea9f22,5.509049704298377
811,2023-03-23,2023-03-24,mix,-0.02997100036382,-0.013496185334471056,0.45000000000000001,0.0093614278631631298,ABSTAIN,0.050000000000000003,True,0,5,811,-0.013496185334471056,0.45936142786316314,0.45936142786316314,0.4747820651317704,0.45000000000000001,0.63218648723121973,,6c5c0bdc5a34a35de9c98edb0730a1ee4b8a2122b6cd13ad8ab6d42e234f31e4,6.778682878240943,-0.013496185334471056,0.45000000000000001,0.0093614278631631298,ABSTAIN,0.050000000000000003,True,0,0,811,-0.013692677933448083,0.45936142786316314,0.65854034294139441,0.4747820651317704,0.45000000000000001,0.59999999999999998,,debf813f4df352b81245d5c3c63d1f7bffcc7f9f8f1d693b3869d21c3b5f40b1,5.2653686460107565
812,2023-03-24,2023-03-25,bull,0.00048794342769319999,0.00021205365730359027,0.45000000000000001,0.0075192341259717743,BTC,0,True,0,5,812,0.00010957817640444567,0.44248076587402824,0.44248076587402824,0.46655410965687011,0.65000000000000002,0.88724911242214632,,fdf4a39f9651827c699d41777a2d4ea1d9899f255969fc77e2d799fc7e11aa3d,6.5510207749903202,0.00021205365730359027,0.45000000000000001,0.0075192341259717743,BTC,0,True,0,0,812,0.00010957817640444567,0.44248076587402824,0.44248076587402824,0.46655410965687011,0.65000000000000002,0.88724911242214632,,55ed03b49222979fa3774353eece702e95cc01e72cd84fb9d05fd455c31050e4,5.4664095677435398
813,2023-03-25,2023-03-26,bull,0.018121533287717099,0.0081545682553925136,0.45000000000000001,0.00012073948703644755,ABSTAIN,0,True,0,5,813,0.0079529471646013761,0.45012073948703646,0.65011097193358358,0.46947803484360301,0.45000000000000001,0.5,,2b3a495037847d348cd3c78aff175c4edb133882de4830a9e97568b21c428eea,6.3170510772615671,0.0081545682553925136,0.45000000000000001,0.00012073948703644755,ABSTAIN,0,True,0,0,813,0.0079529471646013761,0.45012073948703646,0.65011097193358358,0.46947803484360301,0.45000000000000001,0.5,,5d524f60602e896d5e516ffd8f371a0725455f519f541372d96b16fd4bcf05e8,5.2625068631023169
814,2023-03-26,2023-03-27,bull,-0.030160687793804802,-0.013576697927606074,0.45000000000000001,0.0044488008966176995,ABSTAIN,0,True,0,5,814,-0.013576697927606074,0.45444880089661771,0.45444880089661771,0.46750997952239581,0.45000000000000001,0.5,,63c9e2f8716d0c056929f663bdbd1a785a3b35db143c355aca2fa0d359517069,6.4290935732424259,-0.013576697927606074,0.45000000000000001,0.0044488008966176995,BTC,0,True,0,0,814,-0.019796164591944998,0.45444880089661771,0.45444880089661771,0.46750997952239581,0.65000000000000002,0.82693833466742495,,a7e508892c02a55eabc88bca878843edcf39f872d740b5e814adab427f1cb5fe,6.0170759465545416
815,2023-03-27,2023-03-28,bull,0.0048802423902866996,0.0021885249782331861,0.45000000000000001,0.0075674783878355578,BTC,0,True,1,5,815,0.0029639316385539072,0.44243252161216445,0.44243252161216445,0.46538556650693469,0.65000000000000002,0.93372448969098365,,baab7fb143b20611b9e9b414ce0ff04a9a4a4ca5670b258a29be8d66b4fefad5,6.9377705454826355,0.0021885249782331861,0.45000000000000001,0.0075674783878355578,BTC,0,True,0,0,815,0.0031651365891474104,0.44243252161216445,0.64300123664111286,0.46538556650693469,0.65000000000000002,0.96096983842030725,,9397defc177b3ac055c82bd9dc8f4bd334790bb82fb897a8c3262b7102e805ef,5.3058693371713161
816,2023-03-28,2023-03-29,bull,0.039916074271335297,0.01796100656056776,0.45000000000000001,0.0012052132119231285,ABSTAIN,0,True,0,5,816,0.017757514351439241,0.45120521321192314,0.65110674437625715,0.46628516498451561,0.45000000000000001,0.5,,c99e2c81c3affd16200b68d10db00ce9aa464794d0e53c952a856f11349156db,6.4627799428999424,0.01796100656056776,0.45000000000000001,0.0012052132119231285,BTC,0,True,0,0,816,0.025944312817012705,0.45120521321192314,0.65110674437625715,0.46628516498451561,0.65000000000000002,0.90420304982786182,,4e085a8063098c9f0e5c68fde833aef45cba790e33fbd1f9f7b454a1c518d414,6.1335771009325981
817,2023-03-29,2023-03-30,bull,-0.01131906428128,-0.0051032344004530161,0.45000000000000001,0.0097049065847407689,ABSTAIN,0,True,0,5,817,-0.0051032344004530161,0.45970490658474078,0.45970490658474078,0.46594095003122138,0.45000000000000001,0.5,,089666299c94c77152410085094f4b9e8b344046ca0b010b90777b59a060878f,6.4113509729504585,-0.0051032344004530161,0.45000000000000001,0.0097049065847407689,BTC,0,True,0,0,817,-0.007366177917730421,0.45970490658474078,0.65885125706438408,0.46594095003122138,0.65000000000000002,0.9259260673987052,,7bbfee587860044e9c0d1c43fc5b708eeeced546dcf3ef97ab3ba501cd99323e,5.3805162478238344
818,2023-03-30,2023-03-31,bull,0.0158475891471485,0.0071285792245348034,0.45000000000000001,0.0028158109650094354,ABSTAIN,0,True,0,5,818,0.0071285792245348034,0.44718418903499058,0.44718418903499058,0.46485820047113702,0.45000000000000001,0.5,,2773e89cd59efa6ebf75e32ed74662af98d5ee0a05ae4513c0807a34dfc9ddf2,6.3974090497940779,0.0071285792245348034,0.45000000000000001,0.0028158109650094354,BTC,0,True,0,0,818,0.010298312049764835,0.44718418903499058,0.64740582652540357,0.46485820047113702,0.65000000000000002,0.99423676425012864,,92ce773db027fc94a545dd44eed62363bb5cb939cf1c8ad06c765d510e33333e,6.1511959042400122
819,2023-03-31,2023-04-01,bull,-0.00061811425982579999,-0.00028204483864169294,0.45000000000000001,0.0038945049822189381,ABSTAIN,0,True,0,5,819,-0.00028204483864169294,0.45389450498221895,0.45389450498221895,0.46487338323648131,0.45000000000000001,0.5,,e76ee158d226fe5354cc8050039e36e0f678e3d32ca626dcf1556375038d5998,6.3972965721040964,-0.00028204483864169294,0.45000000000000001,0.0038945049822189381,BTC,0,True,0,0,819,-0.00040534140209047553,0.45389450498221895,0.65356856696198895,0.46487338323648131,0.65000000000000002,0.99327901260415841,,d7477d40a27130ecd050925699b958b3edbadcd57eb9f502b5ca4690dbb88a6d,5.3751485347747803
820,2023-04-01,2023-04-02,bull,-0.0090595689500668,-0.0040769584295170525,0.45000000000000001,0.00015302584366216898,BTC,0,True,0,5,820,-0.0060876941982972443,0.44984697415633784,0.44984697415633784,0.4648328342829533,0.65000000000000002,0.80000000000000004,,4d55b4dd73e8aab2ed84b87a63537a2fa31e68716876ba607c273af30c186648,6.0783415213227272,-0.0040769584295170525,0.45000000000000001,0.00015302584366216898,BTC,0,True,0,0,820,-0.0058888596666477611,0.44984697415633784,0.649859322485284,0.4648328342829533,0.65000000000000002,0.9958368451989642,,ee50e3ad1b0cf7542c94bc451a6f0f7345861df2bce4010f0371336334081148,6.1270368564873934
821,2023-04-02,2023-04-03,bull,-0.0140504924055705,-0.0063249587693183784,0.45000000000000001,0.0022514219256183909,ABSTAIN,0,True,0,5,821,-0.0065193968860528528,0.44774857807438162,0.64792673921197053,0.46481910692530481,0.45000000000000001,0.5,,45a5e220a2fc6f02df523e1f2991272430e4545ede8666520d4ad8d4bdd1c375,6.4231937415897846,-0.0063249587693183784,0.45000000000000001,0.0022514219256183909,BTC,0,True,0,0,821,-0.0091348743896911833,0.44774857807438162,0.64792673921197053,0.46481910692530481,0.65000000000000002,0.99670277473698266,,5320852f6c3805a3c82575bd5ed23ab0f9684bbf8a4600a708392f47168bb4b0,6.0852851793169975
822,2023-04-03,2023-04-04,bull,0.0130313897151654,0.0058606052255716357,0.45000000000000001,0.00349962401869236,ABSTAIN,0,True,0,5,822,0.0058606052255716357,0.44650037598130765,0.44650037598130765,0.46481323858216411,0.45000000000000001,0.5,,e349ea0ff07260ddd5fefc3d1e1388487c9e6c0baac051292bd4905c3c844641,6.3910319209098816,0.0058606052255716357,0.45000000000000001,0.00349962401869236,BTC,0,True,0,0,822,0.009068261325922089,0.44650037598130765,0.64677405096566776,0.46481323858216411,0.70000000000000007,0.99707294390738721,,1a6fd83b49dff09026ad24a21b0a703871b4ba70694ed3e64fcf46366ad90c46,5.4038170389831066
823,2023-04-04,2023-04-05,bull,0.00032310292425890002,0.00014218938387133839,0.45000000000000001,0.0032064658368358145,BTC,0,True,0,5,823,-2.0677304980787348e-05,0.45320646583683583,0.45320646583683583,0.46482815903339819,0.70000000000000007,0.80000000000000004,,e4979b5f6c91059f9d5dd8227efe10dec06b9ff6ca11908501d0a277cdfed6ae,6.0754751078784466,0.00014218938387133839,0.45000000000000001,0.0032064658368358145,BTC,0,True,0,0,823,0.00022345957925717919,0.45320646583683583,0.70271185437830674,0.46482815903339819,0.70000000000000007,0.99613176584337004,,b03f91ebf1444604b1e15efee1815a2ddb178a5b7665891b3c0ec4658916093c,5.9728265274316072
824,2023-04-05,2023-04-06,bull,-0.0048556267414412999,-0.0021851118152899085,0.45000000000000001,7.99563483955823e-05,ABSTAIN,0,True,0,5,824,-0.0024345534636872612,0.45007995634839559,0.70006783627142621,0.46479861942492923,0.45000000000000001,0.5,,d635e7555122fb41d4fb5324adcec326adf0c9bbf28d7ddfacfb45ec2aefdce9,6.4180652908980846,-0.0021851118152899085,0.45000000000000001,7.99563483955823e-05,BTC,0,True,0,0,824,-0.0033990063247089086,0.45007995634839559,0.70006783627142621,0.46479861942492923,0.70000000000000007,0.99799511575714184,,25b89350b7f6cae1384da72b3b8a1fcf82d6c6fc5baf97147b187c79e4e99ea8,6.1137398853898048
825,2023-04-06,2023-04-07,bull,-0.0045048097671979001,-0.0020283663529933049,0.45000000000000001,0.0012043992694918959,ABSTAIN,0,True,0,5,825,-0.0020283663529933049,0.44879560073050812,0.44879560073050812,0.46479217129290429,0.45000000000000001,0.5,,da36d26e116b6f418c7b9db9ee80740de4d5fe768cb32eedc1c9f5ffdddc10b3,6.4527174569666386,-0.0020283663529933049,0.45000000000000001,0.0012043992694918959,BTC,0,True,0,0,825,-0.0031543867699134198,0.44879560073050812,0.69897684072863409,0.46479217129290429,0.70000000000000007,0.99840186024637878,,2a9040a0fb68fbec7a078fafad299605645c7cca0cc0e962312c4dc26a0171bb,6.0501469988375902
826,2023-04-07,2023-04-08,bull,0.0011035313001603001,0.0004954713251041909,0.45000000000000001,0.0011172051759363311,ABSTAIN,0,True,0,5,826,0.0004954713251041909,0.44888279482406368,0.44888279482406368,0.46479293090781698,0.45000000000000001,0.5,,bdc4f0888ed408c2c77c51b0f33ccf9aa229107c7b359948d83d42e372d2e67b,6.2973394766449928,0.0004954713251041909,0.45000000000000001,0.0011172051759363311,BTC,0,True,0,0,826,0.00077152217442999493,0.44888279482406368,0.69905099739554721,0.46479293090781698,0.70000000000000007,0.99835394413307443,,128f37d2fea293da070cbda7ad76a90cb4d141b96de7e144cc1529d746321d39,6.1750012692064047
827,2023-04-08,2023-04-09,bull,0.013793251542524899,0.0062066885112732617,0.45000000000000001,0.00027298843371320602,ABSTAIN,0,True,0,5,827,0.0062066885112732617,0.45027298843371322,0.45027298843371322,0.46479071301455233,0.45000000000000001,0.5,,a214cda278fe2b3ecb17720529404cf9794224b6ebb6072c2e3e6836c4bac800,6.434342298656702,0.0062066885112732617,0.45000000000000001,0.00027298843371320602,BTC,0,True,0,0,827,0.0096550422812682335,0.45027298843371322,0.70023156269735465,0.46479071301455233,0.70000000000000007,0.99849384723743118,,eaf235939f6bf4ec443aeaac5763e08a6ea28e8bb9be3090cac851c3e97b65fd,6.0537946876138449
828,2023-04-09,2023-04-10,bull,0.046401615442728597,0.020877263334751817,0.45000000000000001,0.0033927709523475791,ABSTAIN,0,True,0,5,828,0.020877263334751817,0.45339277095234759,0.45339277095234759,0.46477162654491933,0.45000000000000001,0.5,,d9782b9a8638bc817cb2cab787e80a75b6588a6d6e9856c45d96d5039ed63f85,6.4400064721703529,0.020877263334751817,0.45000000000000001,0.0033927709523475791,BTC,0,True,0,0,828,0.032478168742380298,0.45339277095234759,0.70286888296684491,0.46477162654491933,0.70000000000000007,0.99969779599689002,,edf458fddb01ea48cebef72259d04f869bc32855b09e193f33d8df93ed5ec146,6.101697476580739
829,2023-04-10,2023-04-11,bull,0.019182888566512599,0.0086209532438141778,0.45000000000000001,0.011249502041629333,ABSTAIN,0,True,0,5,829,0.0086209532438141778,0.46124950204162934,0.46124950204162934,0.46476862699393517,0.45000000000000001,0.5,,cb30ba55e9cc187c5948078474859ed6cdac5ec4a09bb03003b7685b8c4caf1b,6.4349854998290539,0.0086209532438141778,0.45000000000000001,0.011249502041629333,BTC,0,True,0,0,829,0.013418457476539913,0.46124950204162934,0.70943778917812228,0.46476862699393517,0.70000000000000007,0.99988700334301162,,49b47f6ab100e3e58d7de53e41da0744e5718da103a45270dc020731d7a69192,5.3647158984094858
830,2023-04-11,2023-04-12,bull,-0.010698585879985,-0.0048190481156995535,0.45000000000000001,0.0047071315492224208,BTC,0,True,0,5,830,-0.0077324659836670584,0.45470713154922243,0.45470713154922243,0.46476722608301257,0.70000000000000007,0.99997537075509202,,7c8fdcefd76034f11c2c88fd51280a2766c6ef7d5a2c484bb92644fb93f7e6a5,6.4393166843801737,-0.0048190481156995535,0.45000000000000001,0.0047071315492224208,BTC,0,True,0,0,830,-0.0074929553767622004,0.45470713154922243,0.70397502981122562,0.46476722608301257,0.70000000000000007,0.99997537075509202,,694c087a2b20e76e895c9ea6b3ae87172ac6ddef17122b0b22eb00371a4bbe5e,6.0659949500113726
831,2023-04-12,2023-04-13,bull,0.0167634777022325,0.0075408841851398734,0.45000000000000001,0.0026607096290067189,BTC,0,True,0,5,831,0.011732144173270731,0.44733929037099329,0.6977363444257082,0.46476733358293898,0.70000000000000007,0.99996858981908265,,3c43c2836a1e61cd88076083b8749c255863447b776661c71ceabcc689aa7f54,7.1619923301041126,0.0075408841851398734,0.45000000000000001,0.0026607096290067189,BTC,0,True,0,0,831,0.011732144173270731,0.44733929037099329,0.6977363444257082,0.46476733358293898,0.70000000000000007,0.99996858981908265,,8142e98713e0789be54f7a68bbbd7b18fc246918dee29ba6b7af986ef3258324,6.0115970373153687
832,2023-04-13,2023-04-14,bull,0.0028005028399928,0.0012561031914077869,0.45000000000000001,0.0041178971069528725,BTC,0,True,0,5,832,0.0019568656666004713,0.45411789710695288,0.70347950034890916,0.46477258929818038,0.70000000000000007,0.99963706706409561,,74b4bd48994421097e65452b6853d651a5dabeb8db865320161f767cb3f51b8c,7.0595012493431568,0.0012561031914077869,0.45000000000000001,0.0041178971069528725,BTC,0,True,0,0,832,0.0019568656666004713,0.45411789710695288,0.70347950034890916,0.46477258929818038,0.70000000000000007,0.99963706706409561,,9e5d8de448ceb3ce05afb310724abf9a60197b616775f68d9a4ea48b303b9452,6.1635217051953077
833,2023-04-14,2023-04-15,bull,-0.0056739683321027001,-0.0025539762339875649,0.45000000000000001,0.00069225205866291217,BTC,0,True,2,5,833,-0.0039723624561752713,0.45069225205866292,0.70058695495807977,0.4647698139713009,0.70000000000000007,0.99981213057920915,,cd477440026107edd917bf050f6e9e1d3b6668c4c813ab40a093302481899603,8.1379594206809998,-0.0025539762339875649,0.45000000000000001,0.00069225205866291217,BTC,0,True,0,0,833,-0.0039723624561752713,0.45069225205866292,0.70058695495807977,0.4647698139713009,0.70000000000000007,0.99981213057920915,,8ad0d5fb2a99e02103beb0a3aaf65a5018c899d96e038ba649e05ae98efcbe76,6.0715258549898863
834,2023-04-15,2023-04-16,bull,0.00035313997544520002,0.00015750486327825719,0.45000000000000001,0.0014079019381506575,BTC,0,True,0,5,834,0.00024600140236552548,0.44859209806184935,0.69880371527309892,0.46476898186118609,0.70000000000000007,0.99986461885547595,,cd75c96c12134873bdddbd636326926a321158facdc72c09c806dfce845bf1b4,6.2761935032904148,0.00015750486327825719,0.45000000000000001,0.0014079019381506575,BTC,0,True,0,0,834,0.00024600140236552548,0.44859209806184935,0.69880371527309892,0.46476898186118609,0.70000000000000007,0.99986461885547595,,d3f8ff8a8380fe61e5187347a081171f55e840c59fe1906a7ba6285d338adbc3,6.0369538683444262
835,2023-04-16,2023-04-17,bull,-0.028881271382995101,-0.012996658374856751,0.45000000000000001,8.7388256793663466e-05,BTC,0,True,2,5,835,-0.020216962610262068,0.45008738825679367,0.70007414106732135,0.46477420509692768,0.70000000000000007,0.99953514475999916,,35ecddf6869ce3c4a00a6a0addce7df82df6599b2c9903e7454338a4e54bb819,8.2160944826900959,-0.012996658374856751,0.45000000000000001,8.7388256793663466e-05,BTC,0,True,0,0,835,-0.020216962610262068,0.45008738825679367,0.70007414106732135,0.46477420509692768,0.70000000000000007,0.99953514475999916,,1a68c275def606966c2822392920a83e74e80ec7f7e5c1308e0925ffcb37e457,6.0825210753828287
836,2023-04-17,2023-04-18,bull,0.032182884942703903,0.014474951101004496,0.45000000000000001,0.0072422389481076044,BTC,0,True,0,5,836,0.02252168979277136,0.44275776105189241,0.69380978613702438,0.46480391826325129,0.70000000000000007,0.99770000000000003,,53a3d56ab38b5eac0c69f548a6fe6153cafe7d66cb272442bc1af9e534089023,6.1629221215844154,0.014474951101004496,0.45000000000000001,0.0072422389481076044,BTC,0,True,0,0,836,0.02252168979277136,0.44275776105189241,0.69380978613702438,0.46480391826325129,0.70000000000000007,0.99770000000000003,,40005f48d90f2847d99a47301e17457752db993d87bb53cc2308b65e6a3f63c8,5.7668762840330601
837,2023-04-18,2023-04-19,bull,-0.051625622897617601,-0.023239199455735049,0.45000000000000001,0.007851555455685999,BTC,0,True,0,5,837,-0.036144306681141991,0.45785155545568601,0.70660950674147571,0.4649031634981271,0.70000000000000007,0.99139999999999995,,6acb41f530b4ffa4c67c833ea928d2296b6c74abe63fa351007651bb711eb6d1,6.8287724815309048,-0.023239199455735049,0.45000000000000001,0.007851555455685999,BTC,0,True,0,0,837,-0.036144306681141991,0.45785155545568601,0.70660950674147571,0.4649031634981271,0.70000000000000007,0.9914006169170192,,e9e4e2ab4583ca2db465c5528d910f3d1283b3080402c7c15dcb88959ef27d32,6.0362328793853521
838,2023-04-19,2023-04-20,bull,-0.019893314638522602,-0.0089649557230591093,0.45000000000000001,0.013081238864248113,BTC,0,True,1,5,838,-0.012968905569366362,0.4369187611357519,0.68875214492431946,0.46481970986128512,0.65000000000000002,0.99670000000000003,,ab5b8a92f86a343d7f22d677d2014a42df8176e1e5d4c20b053e3629554b02bc,7.1289288271218538,-0.0089649557230591093,0.45000000000000001,0.013081238864248113,BTC,0,True,0,0,838,-0.012968905569366362,0.4369187611357519,0.68875214492431946,0.46481970986128512,0.65000000000000002,0.99670000000000003,,bca4fd5aa5d062d70a3ab515b3f724e323db1fa591203618905dbab81f5f6fbb,5.8352880012243986
839,2023-04-20,2023-04-21,bull,-0.034549671570970698,-0.015552243036100033,0.45000000000000001,0.0049680694893079469,BTC,0,True,0,5,839,-0.022461768570447793,0.44503193051069206,0.64541498365746497,0.46587496500760073,0.65000000000000002,0.93010007254057603,,658bdff53d48058aa7b5b080812a563fc0c0ec078009dbc1e57f60f291f2280b,7.0420721154659986,-0.015552243036100033,0.45000000000000001,0.0049680694893079469,BTC,0,True,0,0,839,-0.022461768570447793,0.44503193051069206,0.64541498365746497,0.46587496500760073,0.65000000000000002,0.93010007254057603,,3a0d3dd280a8331c758edb12febe1ddec6d0012198e831da89a60f7825bae153,5.9404894672334194
840,2023-04-21,2023-04-22,bull,0.020139520553974399,0.0090540194397292773,0.45000000000000001,0.0086860894050972415,BTC,0,True,0,5,840,0.013082542482014459,0.44131391059490277,0.64195937919231838,0.46880735893407388,0.65000000000000002,0.74511337358047225,,262f0dd89ea5e3eb56f86f4003e354c2a47b17be3af6148ed642c30be3abcefa,6.5303955506533384,0.0090540194397292773,0.45000000000000001,0.0086860894050972415,ABSTAIN,0,True,0,0,840,0.008869085183657921,0.44131391059490277,0.64195937919231838,0.46880735893407388,0.45000000000000001,0.51671712206236942,,0d604f6fab230039ac0f7721d0051f8272246fd206716d91895f5aa1c4f251be,5.7954769525676966
841,2023-04-22,2023-04-23,mix,-0.0079995973236402992,-0.0036047407767130224,0.45000000000000001,0.00493976332782603,ABSTAIN,0.050000000000000003,True,0,5,841,-0.0038036050893555107,0.45493976332782604,0.65452253779318192,0.47418942564083022,0.45000000000000001,0.59452870161665794,,b1ecfe944560422420aad981756f622381791c61d9b3b83d883a8f27110ecdf8,7.6947393175214529,-0.0036047407767130224,0.45000000000000001,0.00493976332782603,ABSTAIN,0.050000000000000003,True,0,0,841,-0.0036047407767130224,0.45493976332782604,0.45493976332782604,0.47418942564083022,0.45000000000000001,0.61485158671172935,,44711f48fcf523cd3af3d6786b70e6782fe9778079dde1d547599b4bb07e68f8,6.428344801068306
842,2023-04-23,2023-04-24,bull,-0.0029755648499170998,-0.0013409885751595185,0.45000000000000001,0.0019870533696690895,ABSTAIN,0,True,0,5,842,-0.0013409885751595185,0.44801294663033092,0.44801294663033092,0.4716010637971304,0.45000000000000001,0.5,,77fe93cfe998843b0eb2953ba4b63e6571b7b0d0c6a02c226eb0557310d6d29e,6.2849343940615654,-0.0013409885751595185,0.45000000000000001,0.0019870533696690895,ABSTAIN,0,True,0,0,842,-0.0013409885751595185,0.44801294663033092,0.44801294663033092,0.4716010637971304,0.45000000000000001,0.5,,80d31f446a0e38f3cf1a340a2156ae4765fcf0f8eae4ef88ad5f959ce0528748,5.3545809388160706
843,2023-04-24,2023-04-25,bull,0.028699385298789699,0.012913976420889872,0.45000000000000001,0.00073743973524426076,ABSTAIN,0,True,0,5,843,0.012913976420889872,0.44926256026475575,0.44926256026475575,0.47199822856325258,0.45000000000000001,0.5,,65e2f8f44e846ad9630f76eabad196cc4d21a1c95b81b96f9f46448cae4e1439,6.3912860583513975,0.012913976420889872,0.45000000000000001,0.00073743973524426076,ABSTAIN,0,True,0,0,843,0.012913976420889872,0.44926256026475575,0.44926256026475575,0.47199822856325258,0.45000000000000001,0.5,,0e436af7980768bcd75a13449f0773da1c902c64d39399c2620326bde4dcf231,5.2791090346872807
844,2023-04-25,2023-04-26,mix,0.0044454181802761998,0.0021796260744426643,0.5,0.042987467061672335,ABSTAIN,0.050000000000000003,True,5,5,844,0.0021796260744426643,0.45701253293832766,0.45701253293832766,0.47678218492911112,0.5,0.7581143758221216,,30cb2dd7f5d92201f8d3747c7472a96ff00ec44665a918822ea6c1926e17d30b,10.588790867477655,0.0021796260744426643,0.5,0.042987467061672335,ABSTAIN,0.050000000000000003,True,0,0,844,0.0021796260744426643,0.45701253293832766,0.45701253293832766,0.47678218492911112,0.5,0.50391346915293511,,8ba1884fa65d147c40b2c83cb5dd1fc1275506ef37396efd624cb8e8b1a3c640,5.9038947150111198
845,2023-04-26,2023-04-27,mix,0.036985568838259798,0.016591546456298456,0.45000000000000001,0.051108889805618174,ABSTAIN,0.050000000000000003,True,5,5,845,0.016591546456298456,0.50110888980561819,0.50110888980561819,0.47376303587140411,0.45000000000000001,0.56752275569862864,,9de909cce7f3e6c4b5021b2f1230059dadc75fed50d3f50ca8a967c72969ef1c,10.385748654603958,0.016591546456298456,0.45000000000000001,0.051108889805618174,ABSTAIN,0.050000000000000003,True,0,0,845,0.016591546456298456,0.50110888980561819,0.50110888980561819,0.47376303587140411,0.45000000000000001,0.56752275569862864,,21d361ad119b8f6668ca23d8039963fbb9bae7e2cc3b4be7e81d959bc4cde618,5.7296973094344139
846,2023-04-27,2023-04-28,bull,-0.0052279998235847001,-0.0023615828066521072,0.45000000000000001,0.0090040690110643751,BTC,0,True,0,5,846,-0.0035885467739682486,0.45900406901106439,0.45900406901106439,0.46933154565186253,0.65000000000000002,0.71204877577735015,,0ac61f1d6e071e32b747ec5465d4e327da1b41d210de01279944c8af776b9ae0,6.4310094323009253,-0.0023615828066521072,0.45000000000000001,0.0090040690110643751,BTC,0,True,0,0,846,-0.0035885467739682486,0.45900406901106439,0.45900406901106439,0.46933154565186253,0.65000000000000002,0.71204877577735015,,997861733b723cf660c8a38f0881b1af320c37f38c9ccee002d14db118197011,6.2152658272534609
847,2023-04-28,2023-04-29,bull,-0.0029909487139260999,-0.0013472221568591181,0.45000000000000001,0.0012969812342860099,BTC,0,True,0,5,847,-0.0023441779626434123,0.448703018765714,0.64880657454187951,0.46620876242394788,0.75,0.80000000000000004,,230ad25f0c57339c4de0848bb9ca872d0f1cc1b5df71eebd081375ac71a16b08,6.0495157018303871,-0.0013472221568591181,0.45000000000000001,0.0012969812342860099,BTC,0,True,0,0,847,-0.0023441779626434123,0.448703018765714,0.64880657454187951,0.46620876242394788,0.75,0.90904288159415758,,28fa5ea1bc291a7703f3242764332dcc831a44b1d6c1ba9033bfa3be6376423a,6.0566993672400713
848,2023-04-29,2023-04-30,bull,0.00061571931408869996,0.00027633222847200933,0.45000000000000001,0.00074125748510150968,BTC,0,True,0,5,848,0.00046122716229968219,0.4492587425148985,0.74943793628833721,0.4675297730564178,0.75,0.82570400224188045,,a0356e44e5f73f598f3b30fb99665289a3bea73388c20b8b2d8271a7ffb17dd1,7.2271090876311064,0.00027633222847200933,0.45000000000000001,0.00074125748510150968,BTC,0,True,0,0,848,0.00046122716229968219,0.4492587425148985,0.74943793628833721,0.4675297730564178,0.75,0.82570400224188045,,5a0dbb5ddf65c608d1844940b04e569e1689c01c83875e8749dd5baf1f8d509e,6.1173130813986063
849,2023-04-30,2023-05-01,bull,-0.040150963520567698,-0.018068083179954675,0.45000000000000001,0.00015234831852595221,BTC,0,True,0,5,849,-0.030113334559621729,0.45015234831852596,0.75011539408361716,0.46258340404094761,0.75,0.82854720545519922,,c43f73daa305781b424b9dc5be757d632faca5d66d2e25968c06cd1f47bdbae7,7.2410599514842033,-0.018068083179954675,0.45000000000000001,0.00015234831852595221,BTC,0,True,0,0,849,-0.030113334559621729,0.45015234831852596,0.75011539408361716,0.46258340404094761,0.75,0.82854720545519922,,61d6433cfb6de26940727648074702b974b9aff6731c95e8628cb0b2908fdd30,6.0555056389421225
850,2023-05-01,2023-05-02,bull,0.021066615380231898,0.0094697607668601247,0.45000000000000001,0.010120214840945052,ABSTAIN,0,True,0,5,850,0.009184968557919504,0.43987978515905496,0.74223795412429328,0.46644056666797101,0.45000000000000001,0.5,,bfff501d1dfaffb708056201cd93b51b4035cc0add7670ab0ce21f2269a7e1e2,6.392518213018775,0.0094697607668601247,0.45000000000000001,0.010120214840945052,ABSTAIN,0,True,0,0,850,0.009184968557919504,0.43987978515905496,0.74223795412429328,0.46644056666797101,0.45000000000000001,0.5,,f61a52b689c481606de16329cb1e48b701a299fa44086734566faae830cdd6a8,5.385740339756012
851,2023-05-02,2023-05-03,mix,0.012365229463080401,0.006137502557158836,0.5,0.044834976992302489,ABSTAIN,0.050000000000000003,True,5,5,851,0.006137502557158836,0.45516502300769751,0.45516502300769751,0.47531216927209707,0.5,0.75697675166196765,,ca84e14e8e0995cea1bf9c5443f2361278aecc3816a481a6a9ba7cf552d793d5,10.535383298993111,0.006137502557158836,0.5,0.044834976992302489,ABSTAIN,0.050000000000000003,True,0,0,851,0.006137502557158836,0.45516502300769751,0.45516502300769751,0.47531216927209707,0.5,0.50634235174362763,,f6bb2c02e9f71d5ee7f18e5bce44a37d7f240c1e2bb905944a399334ad95eb90,5.7513960860669613
852,2023-05-03,2023-05-04,mix,-0.0062535316087597003,-0.0028670121861609221,0.45000000000000001,0.05307231244160876,ABSTAIN,0.050000000000000003,True,0,5,852,-0.0028670121861609221,0.50307231244160877,0.50307231244160877,0.47131560375378317,0.45000000000000001,0.57275901895100623,,db47480f4e1b7c5b8b409a173126ab6bb3d3bab3327802911fb10aeac423580a,7.6297602318227291,-0.0028670121861609221,0.45000000000000001,0.05307231244160876,ABSTAIN,0.050000000000000003,True,0,0,852,-0.0028670121861609221,0.50307231244160877,0.50307231244160877,0.47131560375378317,0.45000000000000001,0.62170800000000004,,a4a18a0558cc47a90c729e44530e1cf800aece1edc180e0cab85ca9176c92f8b,5.4760660007596016
853,2023-05-04,2023-05-05,bull,0.023268069939428902,0.010469063104230791,0.45000000000000001,0.0015521168685220244,BTC,0,True,0,5,853,0.016031999648157713,0.44844788313147799,0.44844788313147799,0.46412861118597359,0.70000000000000007,0.75754928199699945,,f21a4302824b82ca57af9aa0f529030692f6364243f2f8652e21435d6fe23fdc,6.5565712302923203,0.010469063104230791,0.45000000000000001,0.0015521168685220244,BTC,0,True,0,0,853,0.016031999648157713,0.44844788313147799,0.44844788313147799,0.46412861118597359,0.70000000000000007,0.75754928199699945,,3175bfbe6521ae38c66471cf6b13f5173fbbeede19a09457ea92354475088b3a,5.9961077123880386
854,2023-05-05,2023-05-06,bull,-0.022230730656113199,-0.010009470955062327,0.45000000000000001,0.0056991733659940702,ABSTAIN,0,True,0,5,854,-0.010256087723736762,0.45569917336599408,0.70480798393278909,0.46896445576796991,0.45000000000000001,0.5,,a4a13dc1624e0b24ab5848ca5bcdfd043f0da51e907feeada941468902e2a7a3,6.3185073863714933,-0.010009470955062327,0.45000000000000001,0.0056991733659940702,ABSTAIN,0,True,0,0,854,-0.010256087723736762,0.45569917336599408,0.70480798393278909,0.46896445576796991,0.45000000000000001,0.5,,a62a16fdfdf179453a98fd877f9b5bb35480196cf0fa0593ad4127e6bbee585a,5.3877017050981522
855,2023-05-06,2023-05-07,bull,-0.014980715317894,-0.0067468421309379023,0.45000000000000001,0.0055577041582821618,BTC,0,True,0,5,855,-0.011537661087844375,0.44444229584171785,0.44444229584171785,0.4629790666330994,0.75,0.81036649858818732,,2c243b546b5c275ce8beb0a66fd8e80fff01c06025d146512be7db3090c3be0d,7.2040104847401381,-0.0067468421309379023,0.45000000000000001,0.0055577041582821618,BTC,0,True,0,0,855,-0.011537661087844375,0.44444229584171785,0.44444229584171785,0.4629790666330994,0.75,0.81036649858818732,,8ab8826ddcc90c5700fe9ffc4ae464fcf9c13c6532b25e2fbcbc123a73e226f4,6.0270243529230356
856,2023-05-07,2023-05-08,bull,-0.026536686273957801,-0.011945197138587771,0.45000000000000001,0.0037328916654877364,ABSTAIN,0,True,0,5,856,-0.012235119492039592,0.44626710833451227,0.74715919794272401,0.46939692965643992,0.45000000000000001,0.5,,03be9bfe43bb355ce2782bc476a4b0ceff45b89996e16ff52c9bd996a3047a02,6.3203635457903147,-0.011945197138587771,0.45000000000000001,0.0037328916654877364,ABSTAIN,0,True,0,0,856,-0.012235119492039592,0.44626710833451227,0.74715919794272401,0.46939692965643992,0.45000000000000001,0.5,,9044ba6c750d5599764ac8906a5c22bb079119bc12236369b5420e7506dbf07e,5.3403175268322229
857,2023-05-08,2023-05-09,mix,-0.0012865687284290999,-0.00058559928689316809,0.45000000000000001,0.0066472075402971842,ABSTAIN,0.050000000000000003,True,0,5,857,-0.00058559928689316809,0.44335279245970283,0.44335279245970283,0.47409330139585087,0.45000000000000001,0.70034905837018646,,0d75bab5355a2946c56da42db57eb6a176fcceeef7ab70962c4564ab7f3c0fbc,7.6270286273211241,-0.00058559928689316809,0.45000000000000001,0.0066472075402971842,ABSTAIN,0.050000000000000003,True,0,0,857,-0.00058559928689316809,0.44335279245970283,0.44335279245970283,0.47409330139585087,0.45000000000000001,0.5,,624bd036e09238a6c6e40c485bc71cd9b47b8c27cdd92d0b5ef30b8a631ba5b5,5.2889816481620073
858,2023-05-09,2023-05-10,mix,-0.0011434816120196999,-0.00062203064702859301,0.5,0.050318610221562643,ABSTAIN,0.050000000000000003,True,2,5,858,-0.00062203064702859301,0.44968138977843736,0.44968138977843736,0.47824898144576411,0.5,0.89283086720370475,,646e7b1d51ed9ab87b0ffb884205f4a273d1862722be551a52552e461bfdf118,8.7209743447601795,-0.00062203064702859301,0.5,0.050318610221562643,ABSTAIN,0.050000000000000003,True,0,0,858,-0.00062203064702859301,0.44968138977843736,0.44968138977843736,0.47824898144576411,0.5,0.5,,a9daa0e58ee4944092d3e636a5fbf626c77dd12fd84d08b6691a3a23ba99bcab,5.4102719388902187
859,2023-05-10,2023-05-11,mix,-0.022453837041223199,-0.011227201343272264,0.5,0.00028603394028048346,ABSTAIN,0.050000000000000003,True,0,5,859,-0.011227201343272264,0.49971396605971952,0.49971396605971952,0.4794385930929691,0.5,0.9479297552097764,,dc8419ea60bd9cc26900fd583f32221fa80d8b98f7b7727e166e3f5205d84a79,7.740345636382699,-0.011227201343272264,0.5,0.00028603394028048346,ABSTAIN,0.050000000000000003,True,0,0,859,-0.011227201343272264,0.49971396605971952,0.49971396605971952,0.4794385930929691,0.5,0.94999999999999996,,0b00618ec551c0c4d7883c263b6c2164c14a3354b176a57c8a6322edd2225831,5.2741558887064457
860,2023-05-11,2023-05-12,mix,-0.0068300998758500002,-0.0034207077466996694,0.5,0.0056771966849127886,ABSTAIN,0.050000000000000003,True,2,5,860,-0.0034207077466996694,0.49432280331508721,0.49432280331508721,0.4792926189636294,0.5,0.93999999999999995,,267d1929cdb8e21a0b2bfc2d3894016c840f9b0ceeb3709426c6b42f9bd06a9e,8.2451642453670502,-0.0034207077466996694,0.5,0.0056771966849127886,ABSTAIN,0.050000000000000003,True,0,0,860,-0.0034207077466996694,0.49432280331508721,0.49432280331508721,0.4792926189636294,0.5,0.94076462326106802,,aa3204680466fc3f92347deac397163a4787d7fbd54c154fc4801af6f1ce6a70,6.3793433010578156
861,2023-05-12,2023-05-13,mix,-0.00080972566345269997,-0.00040657551427836225,0.5,0.0017133762343653491,ABSTAIN,0.050000000000000003,True,0,5,861,-0.00040657551427836225,0.49828662376563465,0.49828662376563465,0.48017451732886102,0.5,0.63140246437846181,,bdc5124b7c0a855d7637a019d9e7df4ebc0993c8e9d3087836355b45db50e195,6.8937414679676294,-0.00040657551427836225,0.5,0.0017133762343653491,ABSTAIN,0.050000000000000003,True,0,0,861,-0.00040657551427836225,0.49828662376563465,0.49828662376563465,0.48017451732886102,0.5,0.5,,de670bee6d51fa444e3e405e2c3ce23d1641d71da207ff6e37df9c1699a69ed6,5.2440816219896078
862,2023-05-13,2023-05-14,mix,0.0053216319671364996,0.002660612931311146,0.5,0.000202513406014182,ABSTAIN,0.050000000000000003,True,5,5,862,0.002660612931311146,0.49979748659398582,0.49979748659398582,0.47955770885370208,0.5,0.63140246437846181,,3ecff689817fec9bcfd2763795be05417083a51d72e7896abeaddb201145e7f7,10.503859058022499,0.002660612931311146,0.5,0.000202513406014182,ABSTAIN,0.050000000000000003,True,0,0,862,0.002660612931311146,0.49979748659398582,0.49979748659398582,0.47955770885370208,0.5,0.98739403052133279,,ed8230f6c75fece970a9913c5d21bb1d5c3069f4e824bbe4ddcafcb75ea022ae,5.9070594534277916
863,2023-05-14,2023-05-15,mix,0.0098031203566122001,0.0049002267971214319,0.5,0.0013268774151496965,ABSTAIN,0.050000000000000003,True,5,5,863,0.0049002267971214319,0.5013268774151497,0.5013268774151497,0.479189637225581,0.5,0.63140246437846181,,cf519844a03bf82e9f6e46159a712d54b41f0652e7c4e93be1a8d3de46fa47f5,10.599550131708384,0.0049002267971214319,0.5,0.0013268774151496965,ABSTAIN,0.050000000000000003,True,0,0,863,0.0049002267971214319,0.5013268774151497,0.5013268774151497,0.479189637225581,0.5,0.985203403947291,,0ab0764185ab5cd9ad32c5b3fab2a9f061d4d303d170a41a4dcef00e6c331420,6.261743227019906
864,2023-05-15,2023-05-16,mix,-0.0054664709625917999,-0.0027356676414466152,0.5,0.0024388260365704184,ABSTAIN,0.050000000000000003,True,5,5,864,-0.0027356676414466152,0.50243882603657042,0.50243882603657042,0.47929321147395582,0.5,0.63140246437846181,,f9f166c4b26861fce4b6e11f4ec3b1252e80527fded62aacde64d9a5d0cb153d,10.606408715248108,-0.0027356676414466152,0.5,0.0024388260365704184,ABSTAIN,0.050000000000000003,True,0,0,864,-0.0027356676414466152,0.50243882603657042,0.50243882603657042,0.47929321147395582,0.5,0.5,,cff9c3008077310199cb77afd6f65f18ea48650245b4b773febb8b64152f24bf,5.3706267345696688
865,2023-05-16,2023-05-17,mix,0.013604435682237501,0.0068008381563429143,0.5,0.0013703632661492549,ABSTAIN,0.050000000000000003,True,0,5,865,0.0068008381563429143,0.49862963673385075,0.49862963673385075,0.47974902453239843,0.5,0.63140246437846181,,d04432b1c8f848635dbe3b7d3becdc51a7c52dbf976b4484db6dd019de0135dc,6.8706292267888784,0.0068008381563429143,0.5,0.0013703632661492549,ABSTAIN,0.050000000000000003,True,0,0,865,0.0068008381563429143,0.49862963673385075,0.49862963673385075,0.47974902453239843,0.5,0.98862354310948164,,766c41aa653444fc107c04873fca46bc57885a3ba0d8e00b616eaa99745f2378,5.7588593810796738
866,2023-05-17,2023-05-18,mix,-0.020986676689863499,-0.010496681027212573,0.5,0.0033781301434282485,ABSTAIN,0.050000000000000003,True,0,5,866,-0.010496681027212573,0.50337813014342825,0.50337813014342825,0.47850163931692602,0.5,0.63140246437846181,,62c6ea0922088305ee94dc8715a6883b40fd7ef00a9c9088fedcbf624e53c842,6.7660814989358187,-0.010496681027212573,0.5,0.0033781301434282485,ABSTAIN,0.050000000000000003,True,0,0,866,-0.010496681027212573,0.50337813014342825,0.50337813014342825,0.47850163931692602,0.5,0.97860493477728705,,81ef272a55a8a8c3e6ffe38f330d073f99e66c0b23eeb321bc25dae96ce95179,6.4132858663797379
867,2023-05-18,2023-05-19,mix,0.0020463694647383001,0.0010178769990432102,0.5,0.0053023080852131477,ABSTAIN,0.050000000000000003,True,0,5,867,0.0010178769990432102,0.49469769191478685,0.49469769191478685,0.47969419269298708,0.5,0.63140246437846181,,0bf6dc118dd1904de250878a93e4332772f45d7e096871de95598b927f2f8da8,6.8800100330263376,0.0010178769990432102,0.5,0.0053023080852131477,ABSTAIN,0.050000000000000003,True,0,0,867,0.0010178769990432102,0.49469769191478685,0.49469769191478685,0.47969419269298708,0.5,0.65000000000000002,,4d292b19ff38c1a46c71e49e041217b1c34ec5efa393f45e7737d80fc331ac26,5.9339922685176134
868,2023-05-19,2023-05-20,mix,0.0086783791927209,0.0043386763092854164,0.5,0.00051106944772849605,ABSTAIN,0.050000000000000003,True,0,5,868,0.0043386763092854164,0.5005110694477285,0.5005110694477285,0.47732649141602251,0.5,0.96761042445924983,,0431f0190313e269dc03e9d761d2d93893c0b13c31cae5900fd24e8b4f227546,7.7074689045548439,0.0043386763092854164,0.5,0.00051106944772849605,ABSTAIN,0.050000000000000003,True,0,0,868,0.0043386763092854164,0.5005110694477285,0.5005110694477285,0.47732649141602251,0.5,0.96761042445924983,,18d2f97c0f0c76f3e75796623340d0a3e9642dbc10a4fe4f9f44e43c38b22fa4,5.8969018626958132
869,2023-05-20,2023-05-21,mix,-0.0135085299562622,-0.0067564106086136499,0.5,0.0021602211888716027,ABSTAIN,0.050000000000000003,True,0,5,869,-0.0067564106086136499,0.5021602211888716,0.5021602211888716,0.47941222171054182,0.5,0.98745375164486981,,956c6df64cfb6351e01c4ca84a12e8b969f627ff963b86db147b1bcadfbd4c5f,7.7231905031949282,-0.0067564106086136499,0.5,0.0021602211888716027,ABSTAIN,0.050000000000000003,True,0,0,869,-0.0067564106086136499,0.5021602211888716,0.5021602211888716,0.47941222171054182,0.5,0.98745375164486981,,c3abf0f0fe62c8173c4e20cb6fe938338c53f919abbb7a3e84712e809d3b74aa,5.7226630952209234
870,2023-05-21,2023-05-22,mix,0.0036411351070471001,0.001817161265766476,0.5,0.0034000976495420221,ABSTAIN,0.050000000000000003,True,0,5,870,0.001817161265766476,0.49659990235045798,0.49659990235045798,0.48015035235337389,0.5,0.99274632624285675,,49fc93b22d295a250c53944c75e511e5730303b81d013cda8b65b5a3a772561b,7.8159191217273474,0.001817161265766476,0.5,0.0034000976495420221,ABSTAIN,0.050000000000000003,True,0,0,870,0.001817161265766476,0.49659990235045798,0.49659990235045798,0.48015035235337389,0.5,0.99274632624285675,,48473c79000f7882e4a19bf67fea866e150add11b348598c73dc1f00af6be815,5.8506270553916693
871,2023-05-22,2023-05-23,mix,0.0139082887292205,0.0069532294163137109,0.5,0.00090862955527537537,ABSTAIN,0.050000000000000003,True,0,5,871,0.0069532294163137109,0.50090862955527538,0.50090862955527538,0.48033650603120442,0.5,0.99537020081954874,,afa5a46a5931bf892179cc0a2265ab7863d3a66cf934bfe4e997f74f97c2acd3,7.7266050297766924,0.0069532294163137109,0.5,0.00090862955527537537,ABSTAIN,0.050000000000000003,True,0,0,871,0.0069532294163137109,0.50090862955527538,0.50090862955527538,0.48033650603120442,0.5,0.5,,42dfcdefab00f700149a1fcd0a11ab12298f2913861ecec722305e3200e87e0e,5.2324018813669682
872,2023-05-23,2023-05-24,mix,-0.032780200362224197,-0.016393496644238059,0.5,0.0034530591107495567,ABSTAIN,0.050000000000000003,True,3,5,872,-0.016393496644238059,0.50345305911074956,0.50345305911074956,0.48031400331391649,0.5,0.99474423209082397,,11083af4f6b6ee1fe18503a48c897cf13e7a0b6b5df21ebe070288f1450eb396,9.2044479437172413,-0.016393496644238059,0.5,0.0034530591107495567,ABSTAIN,0.050000000000000003,True,0,0,872,-0.016393496644238059,0.50345305911074956,0.50345305911074956,0.48031400331391649,0.5,0.5,,07f53d81f89d483aa76605c41f41d07d3e5e921d9f780f4d6b8e42e4f1685278,5.4185669664293528
873,2023-05-24,2023-05-25,mix,0.0055985171905620999,0.0027909036670146214,0.5,0.0083316059466918557,ABSTAIN,0.050000000000000003,True,0,5,873,0.0027909036670146214,0.49166839405330814,0.49166839405330814,0.48035967350236808,0.5,0.99056069041302597,,c06d9a1331ad7bcb8d6b0a77b6091eff64fcb8a435418cabfef16685306dc235,7.6437134947627783,0.0027909036670146214,0.5,0.0083316059466918557,ABSTAIN,0.050000000000000003,True,0,0,873,0.0027909036670146214,0.49166839405330814,0.49166839405330814,0.48035967350236808,0.5,0.5,,910955e84ab9f000bd42370ccef9ac9ea50c2ac65ef3763d9eec80bbc7592ce3,5.2640170957893133
874,2023-05-25,2023-05-26,mix,0.0089024694249088994,0.004449832777456697,0.5,0.0013957223099677618,ABSTAIN,0.050000000000000003,True,0,5,874,0.004449832777456697,0.50139572230996776,0.50139572230996776,0.48028067127025431,0.5,0.99594297302223922,,7ef9eb7c373709712ff4187ddf944c97b05115da96aec6e8fea6e1861d3e2711,7.6677811220288277,0.004449832777456697,0.5,0.0013957223099677618,ABSTAIN,0.050000000000000003,True,0,0,874,0.004449832777456697,0.50139572230996776,0.50139572230996776,0.48028067127025431,0.5,0.5,,1b14bdcf6c64a940bd614d314487bc7e5366d41d3993d2a842752e0ae356bd14,5.3924066219478846
875,2023-05-26,2023-05-27,mix,0.0054658106059188001,0.0027306834929992085,0.5,0.0022157545128255185,ABSTAIN,0.050000000000000003,True,0,5,875,0.0027306834929992085,0.50221575451282552,0.50221575451282552,0.48024236745542181,0.5,0.99492435637509324,,d93caed880a6d50b89fc2d95f18c1b108560a919994b980a8003667f03da4359,7.7245376445353031,0.0027306834929992085,0.5,0.0022157545128255185,ABSTAIN,0.050000000000000003,True,0,0,875,0.0027306834929992085,0.50221575451282552,0.50221575451282552,0.48024236745542181,0.5,0.5,,3e41ba0c96daf61530eef5ddbc6c12c63d25c721776f173e9b63b48a4e8ed0e6,5.2377221807837486
876,2023-05-27,2023-05-28,mix,0.045190356511216598,0.022593784736072431,0.5,0.0013627284436894538,ABSTAIN,0.050000000000000003,True,0,5,876,0.022593784736072431,0.50136272844368945,0.50136272844368945,0.48039147270853289,0.5,0.99481000631974725,,3a88ab4b85928bf0369f70635e9d65d66fc325011e52898c67e763cdd8d2b5a8,7.6189063489437103,0.022593784736072431,0.5,0.0013627284436894538,ABSTAIN,0.050000000000000003,True,0,0,876,0.022593784736072431,0.50136272844368945,0.50136272844368945,0.48039147270853289,0.5,0.5,,e4071a6da695a2790f988a0fa526ab076cae15cb1444a57ff885660a25f4adc7,5.4584283567965031
877,2023-05-28,2023-05-29,mix,-0.011819943572059601,-0.0059209544514419177,0.5,0.011047958535337687,ABSTAIN,0.050000000000000003,True,0,5,877,-0.0059209544514419177,0.51104795853533769,0.51104795853533769,0.48027916244868168,0.5,0.99219383807773065,,684867c36765370e0008a41355eefb0f3cac4bf98073dd34b574c44385571fc6,7.7073657996952534,-0.0059209544514419177,0.5,0.011047958535337687,ABSTAIN,0.050000000000000003,True,0,0,877,-0.0059209544514419177,0.51104795853533769,0.51104795853533769,0.48027916244868168,0.5,0.99219383807773065,,1b66194bc0671b1952bea0f3c69c96703abd18b777f4c50e41f212a2a4143118,5.7512077577412128
878,2023-05-29,2023-05-30,mix,-0.0014852520241966001,-0.00074559635820359293,0.5,0.0029725536009288511,ABSTAIN,0.050000000000000003,True,5,5,878,-0.00074559635820359293,0.49702744639907115,0.49702744639907115,0.48001661933994633,0.5,0.97274609732870165,,0d943706ff5ca6fbb932e77e5e6f5898836bfac8a950f6cd0eb5732f8572e6a7,10.457974661141634,-0.00074559635820359293,0.5,0.0029725536009288511,ABSTAIN,0.050000000000000003,True,0,0,878,-0.00074559635820359293,0.49702744639907115,0.49702744639907115,0.48001661933994633,0.5,0.5,,f807a8e0b845530e96e9d556787c59379293d06fc428ce2dbe8e8633ee7d326e,5.3659135531634092
879,2023-05-30,2023-05-31,mix,-0.017405463170892001,-0.0087030999405647291,0.5,0.00037158895767491762,ABSTAIN,0.050000000000000003,True,0,5,879,-0.0087030999405647291,0.49962841104232508,0.49962841104232508,0.48020117757113823,0.5,0.98134246692379123,,c2ebd6041030db48076da559676431b2f7bb5220b351d78327316017723ed51d,7.7704305909574032,-0.0087030999405647291,0.5,0.00037158895767491762,ABSTAIN,0.050000000000000003,True,0,0,879,-0.0087030999405647291,0.49962841104232508,0.49962841104232508,0.48020117757113823,0.5,0.98134246692379123,,c47f11af526b1c0d7e4353d1a181607a2eca175b86f3e02e8940cd72f5903163,5.7218593340367079
880,2023-05-31,2023-06-01,mix,-0.014590628341312599,-0.0072996717144020451,0.5,0.0043895670162416578,ABSTAIN,0.050000000000000003,True,0,5,880,-0.0072996717144020451,0.49561043298375834,0.49561043298375834,0.4760009135445244,0.5,0.98204472146113642,,587a8f3f37869e40e53e06049bdddc214d3929ab68ffc99a1e36435d6f5f816e,7.742717657238245,-0.0072996717144020451,0.5,0.0043895670162416578,ABSTAIN,0.050000000000000003,True,0,0,880,-0.0072996717144020451,0.49561043298375834,0.49561043298375834,0.4760009135445244,0.5,0.98204472146113642,,977894a2f68fe07bcbabe7d47b41803120989a0746ba78bcead71fa92ebc94a0,5.8251950591802597
881,2023-06-01,2023-06-02,mix,0.015873075058726999,0.0079328339033957196,0.5,0.0036744634506089557,ABSTAIN,0.050000000000000003,True,0,5,881,0.0079328339033957196,0.49632553654939104,0.49632553654939104,0.47607139623239147,0.5,0.98675208056633601,,80723bb4ca23a3da2f1e7ed0eb8225b30d75b545c1e984b381efe0e0c133e104,7.635599372908473,0.0079328339033957196,0.5,0.0036744634506089557,ABSTAIN,0.050000000000000003,True,0,0,881,0.0079328339033957196,0.49632553654939104,0.49632553654939104,0.47607139623239147,0.5,0.65000000000000002,,aee3b5ce0ad299b5991e98650e2b52ffe8dcadcc76d9775cfc55a3b4ff0b5ca7,5.9564900975674391
882,2023-06-02,2023-06-03,mix,-0.0063388475556712997,-0.003173348322181524,0.5,0.0039370224383459274,ABSTAIN,0.050000000000000003,True,0,5,882,-0.003173348322181524,0.50393702243834593,0.50393702243834593,0.47614919528599181,0.5,0.99275918895784565,,4e6a26000738e6117ff8f24bf125dc5a3171610e7c2a215cc0e020cf9700ead1,7.7638039514422417,-0.003173348322181524,0.5,0.0039370224383459274,ABSTAIN,0.050000000000000003,True,0,0,882,-0.003173348322181524,0.50393702243834593,0.50393702243834593,0.47614919528599181,0.5,0.99275918895784565,,c5628bdf8e3d3e094b90c07ccaad3efa6d158e51ce565bfbc19e9ce759fb7b3f,5.8533446304500103
883,2023-06-03,2023-06-04,mix,0.0018580082742316001,0.00092741290974895918,0.5,0.0015897504818959129,ABSTAIN,0.050000000000000003,True,0,5,883,0.00092741290974895918,0.49841024951810409,0.49841024951810409,0.47605600777709511,0.5,0.98707973224913725,,2ef0f5d4286d95d3d4b3da5421fc2b9d0cff82733068e03e1fcb37a9e101e4c3,7.7106922194361687,0.00092741290974895918,0.5,0.0015897504818959129,ABSTAIN,0.050000000000000003,True,0,0,883,0.00092741290974895918,0.49841024951810409,0.49841024951810409,0.47605600777709511,0.5,0.98707973224913725,,fba65489127f9c862a1c3816e0b946f9cc1f5df44bf9a41de153a0dcfa22c06a,5.7290178351104259
884,2023-06-04,2023-06-05,mix,-0.050692603503390103,-0.025346754060157628,0.5,0.00046407094473044364,ABSTAIN,0.050000000000000003,True,0,5,884,-0.025346754060157628,0.50046407094473044,0.50046407094473044,0.4761075774853808,0.5,0.98998973016620961,,13ffbd4ff80564e38822a8ad30a8a677360e6c7885ba91bdb008f6716f13085b,7.6452091261744499,-0.025346754060157628,0.5,0.00046407094473044364,ABSTAIN,0.050000000000000003,True,0,0,884,-0.025346754060157628,0.50046407094473044,0.50046407094473044,0.4761075774853808,0.5,0.98998973016620961,,3033734a09c237cb68d0710915500cee08e89b1f75de4d3b8baf32a9d54cb714,5.8285452276468277
885,2023-06-05,2023-06-06,mix,0.057590280960407601,0.02878176334321747,0.5,0.013002721785824345,ABSTAIN,0.050000000000000003,True,0,5,885,0.02878176334321747,0.48699727821417566,0.48699727821417566,0.47613485442786041,0.5,0.99147702219492684,,ac5b379938ac6de58b628a16a882cddad368b0e38b1f53050e034f2b8909c5fb,7.7061152644455433,0.02878176334321747,0.5,0.013002721785824345,ABSTAIN,0.050000000000000003,True,0,0,885,0.02878176334321747,0.48699727821417566,0.48699727821417566,0.47613485442786041,0.5,0.5,,5fde3939b0f73d0557e23ff9ffb41460ab845a2b04a833fb90d16924d34a89be,5.2324948888272047
886,2023-06-06,2023-06-07,mix,-0.032599834007829599,-0.016313683487136577,0.5,0.013994593941590416,ABSTAIN,0.050000000000000003,True,0,5,886,-0.016313683487136577,0.51399459394159042,0.51399459394159042,0.4752724457352166,0.5,0.98878201833264601,,a49367de51d90968acc236555f38c7ecbc81ccb97dafdd61c42d151dd4afcaca,7.5888862274587154,-0.016313683487136577,0.5,0.013994593941590416,ABSTAIN,0.050000000000000003,True,0,0,886,-0.016313683487136577,0.51399459394159042,0.51399459394159042,0.4752724457352166,0.5,0.98878201833264601,,69768cd1f12704fe6ee05a6416e4822a23c6ab0cc89b45437fb4e0c74d35d006,6.6335828248411417
887,2023-06-07,2023-06-08,mix,0.0060206890006641997,0.0030020345562484785,0.5,0.0082850033692534186,ABSTAIN,0.050000000000000003,True,0,5,887,0.0030020345562484785,0.49171499663074658,0.49171499663074658,0.47612023829164007,0.5,0.99079811157108544,,25f13d341fc432b01f6252ff7aa4a59b85fea5d94bb8c0435a2bbd8a01a09cc8,7.7546858880668879,0.0030020345562484785,0.5,0.0082850033692534186,ABSTAIN,0.050000000000000003,True,0,0,887,0.0030020345562484785,0.49171499663074658,0.49171499663074658,0.47612023829164007,0.5,0.5,,8a1f4ff5d4f4f9ceaf2f0ceca6635a874201b14aefbaad655d9494880c36076b,5.27049027569592
888,2023-06-08,2023-06-09,mix,-0.00082260736346790003,-0.00041280371927143733,0.5,0.0015006547623553912,ABSTAIN,0.050000000000000003,True,5,5,888,-0.00041280371927143733,0.50150065476235539,0.50150065476235539,0.47607938284633478,0.5,0.99171641900805796,,9858aab3d22924024c38335e3af9e9f526e20f62afa77c041fb100aaa62676a9,10.421247532591224,-0.00041280371927143733,0.5,0.0015006547623553912,ABSTAIN,0.050000000000000003,True,0,0,888,-0.00041280371927143733,0.50150065476235539,0.50150065476235539,0.47607938284633478,0.5,0.5,,b773b9377e0a1e32198e97e864c5032f9dbe543a4bf9d000b4ab4dce49c73b31,5.4377151299268007
889,2023-06-09,2023-06-10,mix,-0.023992326081127401,-0.011996366308976603,0.5,0.00020573646103089205,ABSTAIN,0.050000000000000003,True,0,5,889,-0.011996366308976603,0.49979426353896911,0.49979426353896911,0.4760501366720476,0.5,0.98750000000000004,,4504d61ea9299f8d5bd369bef9307b1907d11bcdd89327c2e6e81fcab2b2cb3d,7.3019646275788546,-0.011996366308976603,0.5,0.00020573646103089205,ABSTAIN,0.050000000000000003,True,0,0,889,-0.011996366308976603,0.49979426353896911,0.49979426353896911,0.4760501366720476,0.5,0.98750000000000004,,054efb50a10f2238c3ebe472c49bf1f6b1dc4622d7f0ecf146af8a200ba42484,5.363278541713953
890,2023-06-10,2023-06-11,mix,0.0032657483361708001,0.0016267933459186423,0.5,0.0060709091360827694,ABSTAIN,0.050000000000000003,True,0,5,890,0.0016267933459186423,0.49392909086391723,0.49392909086391723,0.47608826199388959,0.5,0.98974290563235923,,c0ac95e88468ddeb79d3a2be1b6d6691ea1a504d1ee2242759624dbd39f30aca,7.5827191956341267,0.0016267933459186423,0.5,0.0060709091360827694,ABSTAIN,0.050000000000000003,True,0,0,890,0.0016267933459186423,0.49392909086391723,0.49392909086391723,0.47608826199388959,0.5,0.94999999999999996,,0170b0245582495d093ac52e90a71606c82a724cb8fd20bc6a964f7fb846a50b,5.3662809226661921
891,2023-06-11,2023-06-12,mix,-0.00083306335909669996,-0.00041734644614910277,0.5,0.0008151061183179209,ABSTAIN,0.050000000000000003,True,5,5,891,-0.00041734644614910277,0.50081510611831792,0.50081510611831792,0.47599693649539798,0.5,0.99348842502549795,,5ceeb0b6271d3633ab3f50f027a928977f604aab7d08b134866cf5b9534f27ed,10.474909411743283,-0.00041734644614910277,0.5,0.0008151061183179209,ABSTAIN,0.050000000000000003,True,0,0,891,-0.00041734644614910277,0.50081510611831792,0.50081510611831792,0.47599693649539798,0.5,0.5,,683603eedb019ecd73ef7b86dde6653ecf47b19334ff08f18c5bf312c7efa970,5.2754377480596304
892,2023-06-12,2023-06-13,mix,0.00087235783655250005,0.00043597047477206274,0.5,0.00020835262524310227,ABSTAIN,0.050000000000000003,True,0,5,892,0.00043597047477206274,0.4997916473747569,0.4997916473747569,0.47607471251792732,0.5,0.99371971466435605,,b6659481ec2a9af67cf2e19179768561e24051fbfcc5f069a65bb126d429c402,7.6252404805272818,0.00043597047477206274,0.5,0.00020835262524310227,ABSTAIN,0.050000000000000003,True,0,0,892,0.00043597047477206274,0.4997916473747569,0.4997916473747569,0.47607471251792732,0.5,0.5,,36ba0aa0dcb50dd687ebd1963b50fb45d4ffae0c7dca99979ff01a3510467eb6,5.4413494244217873
893,2023-06-13,2023-06-14,mix,-0.0308491519279274,-0.015424790595867544,0.5,0.00021799437458769333,ABSTAIN,0.050000000000000003,True,0,5,893,-0.015424790595867544,0.50021799437458769,0.50021799437458769,0.47604747258197211,0.5,0.99396268643489805,,d075f87dbd3f9ebfab01f3dc3cb6a7323a6bdc2e2fb9f12340259034d581f7df,7.6296529844403267,-0.015424790595867544,0.5,0.00021799437458769333,ABSTAIN,0.050000000000000003,True,0,0,893,-0.015424790595867544,0.50021799437458769,0.50021799437458769,0.47604747258197211,0.5,0.99396268643489805,,8e29fcc37cfbd674c8a2f3264c75ffcd17c65b0d3f3be6a11bbec270e0d736e9,6.3093146905303001
894,2023-06-14,2023-06-15,mix,0.018376808133866399,0.0091804989827617423,0.5,0.0078331103881986719,ABSTAIN,0.050000000000000003,True,5,5,894,0.0091804989827617423,0.49216688961180133,0.49216688961180133,0.47610180991325818,0.5,0.99463896757004222,,aa9285f13701faa9c90bead20599b2da8e35004c72c5c0be90ccf7d13ced1907,10.595159709453583,0.0091804989827617423,0.5,0.0078331103881986719,ABSTAIN,0.050000000000000003,True,0,0,894,0.0091804989827617423,0.49216688961180133,0.49216688961180133,0.47610180991325818,0.5,0.5,,f79c3ef5fe364a8c0e971ec9924460122ddb5f1c222e28571b5f2fd037ff922f,5.351271603256464
895,2023-06-15,2023-06-16,mix,0.029306834744620099,0.013132803821267025,0.45000000000000001,0.054552372990962217,ABSTAIN,0.050000000000000003,True,5,5,895,0.013132803821267025,0.50455237299096223,0.50455237299096223,0.47462481940738571,0.45000000000000001,0.98228919211184718,,27deba571b0d8e5e9ba6175f5a2a19a6fc86031dfffd9df320e6bed5bfe14507,10.555182384327054,0.013132803821267025,0.45000000000000001,0.054552372990962217,ABSTAIN,0.050000000000000003,True,0,0,895,0.013132803821267025,0.50455237299096223,0.50455237299096223,0.47462481940738571,0.45000000000000001,0.98228919211184718,,1226aee9c47770e34236598ac1035aa551d8350e6cb8d178f94db9dc4b1641e3,5.7928395252674818
896,2023-06-16,2023-06-17,mix,0.0065942075751764997,0.0032541215642556409,0.5,0.042840972200796024,ABSTAIN,0.050000000000000003,True,5,5,896,0.0032541215642556409,0.45715902779920398,0.45715902779920398,0.47549963341488211,0.5,0.98979858302666435,,92dd5f8482d47ff85618b54f84f4e612b4b8c769af5a09939f04bd3272027082,10.513181056827307,0.0032541215642556409,0.5,0.042840972200796024,ABSTAIN,0.050000000000000003,True,0,0,896,0.0032541215642556409,0.45715902779920398,0.45715902779920398,0.47549963341488211,0.5,0.56000000000000005,,af0c0f99e90f041047abc8a7beb4ac2d85a246c0b2bf70ae8e71c7dbef16269d,5.3738233782351017
897,2023-06-17,2023-06-18,mix,-0.0066113520648689002,-0.0033073137350742021,0.5,0.001643134309439076,ABSTAIN,0.050000000000000003,True,0,5,897,-0.0033073137350742021,0.50164313430943908,0.50164313430943908,0.47589867975821298,0.5,0.98986691175401675,,0eb09f3070950abc1d01ac9b7f676ea9454507a304be3b2bda7aaa9a29120382,7.7376759573817253,-0.0033073137350742021,0.5,0.001643134309439076,ABSTAIN,0.050000000000000003,True,0,0,897,-0.0033073137350742021,0.50164313430943908,0.50164313430943908,0.47589867975821298,0.5,0.5,,527f872dfcd88944683a8f1ef0cef71341e32ed4f697395e5205aafe7079473c,5.2975972723215818
898,2023-06-18,2023-06-19,mix,0.019218138399450298,0.0096073949449300144,0.5,0.0016583198845135372,ABSTAIN,0.050000000000000003,True,0,5,898,0.0096073949449300144,0.49834168011548646,0.49834168011548646,0.4758169207420308,0.5,0.98186465900660003,,dbda512e5c7be48736b8d933a9a675d38182e402edfc80b9aa7d77a3c21dfd2a,7.7318694442510605,0.0096073949449300144,0.5,0.0016583198845135372,ABSTAIN,0.050000000000000003,True,0,0,898,0.0096073949449300144,0.49834168011548646,0.49834168011548646,0.4758169207420308,0.5,0.98186465900660003,,5d634399ca07f7b5497ef3161ab91d2862aeeb10f67da6c162360a162c7b98a9,6.4519030805677176
899,2023-06-19,2023-06-20,mix,0.0544515177364139,0.027220870499182759,0.5,0.0047588068950994433,ABSTAIN,0.050000000000000003,True,0,5,899,0.027220870499182759,0.50475880689509944,0.50475880689509944,0.47584754816143121,0.5,0.99063663679210956,,4bea1f985146d6d0749ed90afbff0c72932171df5e4123b08f5947b52efca09a,7.738367011770606,0.027220870499182759,0.5,0.0047588068950994433,ABSTAIN,0.050000000000000003,True,0,0,899,0.027220870499182759,0.50475880689509944,0.50475880689509944,0.47584754816143121,0.5,0.54000000000000004,,9253eb088cd0d701c11c78bc2cd1c155ffba2c1cdc73b911e4cac408caa52852,5.2694271821528673
900,2023-06-20,2023-06-21,mix,0.0596728098715191,0.029822757459831095,0.5,0.013252081459777743,ABSTAIN,0.050000000000000003,True,0,5,900,0.029822757459831095,0.51325208145977774,0.51325208145977774,0.47578959436926932,0.5,0.97808558345514396,,6ccfa335bdc097918097535fdc162d8c897c38e8e6f5e3452ab25e66b5481774,7.6641804520040751,0.029822757459831095,0.5,0.013252081459777743,ABSTAIN,0.050000000000000003,True,0,0,900,0.029822757459831095,0.51325208145977774,0.51325208145977774,0.47578959436926932,0.5,0.97808558345514396,,80a350598f95aef741aa5c364082afd965984671a896ed8643f2fa00c2d02190,5.7561240568757057
901,2023-06-21,2023-06-22,mix,-0.0035470331934300001,-0.0016605479992921612,0.45000000000000001,0.064485992528891367,ABSTAIN,0.050000000000000003,True,0,5,901,-0.0016605479992921612,0.51448599252889138,0.51448599252889138,0.47422857452030998,0.45000000000000001,0.63140246437846181,,2fe9f4144143360d69f4e19ecbcb337d53f73874f9afef1f06a2798952f52615,6.8841143809258938,-0.0016605479992921612,0.45000000000000001,0.064485992528891367,ABSTAIN,0.050000000000000003,True,0,0,901,-0.0016605479992921612,0.51448599252889138,0.51448599252889138,0.47422857452030998,0.45000000000000001,0.80000000000000004,,7c57f1229e691b70c39c579faafaeef8cd1867f81cdd6e273ea01430ed87383f,5.2719856519252062
902,2023-06-22,2023-06-23,mix,0.026393001120757299,0.0118759607668808,0.45000000000000001,0.00087929421396759633,ABSTAIN,0.050000000000000003,True,0,5,902,0.0118759607668808,0.44912070578603241,0.44912070578603241,0.467891135951637,0.45000000000000001,0.63044730312926489,,a24cfe59da19a9173e2b6729256215d1526244f85794b1e25f61d20a125d51e1,6.7928170133382082,0.0118759607668808,0.45000000000000001,0.00087929421396759633,ABSTAIN,0.050000000000000003,True,0,0,902,0.0118759607668808,0.44912070578603241,0.44912070578603241,0.467891135951637,0.45000000000000001,0.63044730312926489,,ec7f360e613c8fb52db2bcecbe290990af0750534daa5d9dd2986c592664f023,5.8241031374782324
903,2023-06-23,2023-06-24,mix,-0.0047523745575206999,-0.0021450103407837373,0.45000000000000001,0.0064555956331363018,ABSTAIN,0.050000000000000003,True,0,5,903,-0.0021450103407837373,0.45645559563313631,0.45645559563313631,0.46820010645274318,0.45000000000000001,0.53493025367160374,,2713a84856a5f4e6070f0aa71a23338fddff785bc9387e3a5882f8e936e4236a,7.746550939977169,-0.0021450103407837373,0.45000000000000001,0.0064555956331363018,ABSTAIN,0.050000000000000003,True,0,0,903,-0.0021450103407837373,0.45645559563313631,0.45645559563313631,0.46820010645274318,0.45000000000000001,0.62885785426379393,,d97c6e4ba5dd6e0d857c22090e0f044aad627c44beca16f70ff4d3fba1aa77cc,5.7552474327385426
904,2023-06-24,2023-06-25,bull,-0.0022368800272486002,-0.00100777355925874,0.45000000000000001,0.0011787335053908277,BTC,0,True,0,5,904,-0.0019783334784216899,0.44882126649460918,0.44882126649460918,0.46167014705929238,0.75,0.83872254377269284,,07d5af4f995d87fee818cac8f0e7c277fc3a9d31ee7ee0e562d9b0b0ceb7fadc,6.5036335252225399,-0.00100777355925874,0.45000000000000001,0.0011787335053908277,BTC,0,True,0,0,904,-0.0019783334784216899,0.44882126649460918,0.44882126649460918,0.46167014705929238,0.75,0.83872254377269284,,c88809eeeda3d27bbef246a95e30e1c86cf2541a2d9c95a5091b85831c362831,6.1278668902814388
905,2023-06-25,2023-06-26,bull,-0.0065090447164477998,-0.0029296226848006812,0.45000000000000001,0.0005541856478071816,BTC,0,True,0,5,905,-0.0056325525356112349,0.44944581435219283,0.74957988017665944,0.46226061062828921,0.85000000000000009,0.80491537948276171,,21da5ad6bfda9d61d93235c39eb8cc8a4b1ea50ed26db3df183ebb8a1864651f,7.204327629879117,-0.0029296226848006812,0.45000000000000001,0.0005541856478071816,BTC,0,True,0,0,905,-0.0056325525356112349,0.44944581435219283,0.74957988017665944,0.46226061062828921,0.85000000000000009,0.80491537948276171,,2348b201d7588acc239ff5e141cd3c33c97c1ff60cd143c1fbe53604f727d58e,6.0220007617026567
906,2023-06-26,2023-06-27,bull,0.013945881653285801,0.006274020883155762,0.45000000000000001,0.0016157211278023942,ABSTAIN,0,True,0,5,906,0.0066213406367565675,0.44838427887219762,0.84916547965796352,0.46537341909597801,0.5,0.5,,4c519c9442ea4794a41ee08adf900c1ba757282e54eb00cac5d71b471fd68f5f,6.2921641562134027,0.006274020883155762,0.45000000000000001,0.0016157211278023942,BTC,0,True,0,0,906,0.011853154992547132,0.44838427887219762,0.84916547965796352,0.46537341909597801,0.85000000000000009,0.62671613644220692,,e3ca423c958062167af5a27d5396a6ffc207fac0a28a4051d277cfdbb1936f82,5.59647386521101
907,2023-06-27,2023-06-28,mix,-0.019893056492370199,-0.008955274795660606,0.45000000000000001,0.0034300797404335781,ABSTAIN,0.050000000000000003,True,5,5,907,-0.009004859161274803,0.45343007974043359,0.50346232780640499,0.46885089904571509,0.45000000000000001,0.57275901895100623,,4bac1347b8a25a46ddaba80d5879968e20feb4e469dbbd02478f17d6606f1960,10.353777974843979,-0.008955274795660606,0.45000000000000001,0.0034300797404335781,ABSTAIN,0.050000000000000003,True,0,0,907,-0.01123963675912365,0.45343007974043359,0.85175726924224171,0.46885089904571509,0.55000000000000004,0.5,,f9ed6886f932c9bf21ff42d5baace2f061ef6a9b04f78ffc42e4f0fad3c3465f,5.2380522396415472
908,2023-06-28,2023-06-29,mix,0.012204690377876699,0.0054871153807756201,0.45000000000000001,0.0049680044386905542,ABSTAIN,0.050000000000000003,True,5,5,908,0.0054871153807756201,0.44503199556130946,0.44503199556130946,0.46864369115582771,0.45000000000000001,0.56069138320585021,,8717fcd0fcb2d4811c6d56920bd73f585550538f2834c5030dfde8305cc881c5,10.543150024488568,0.0054871153807756201,0.45000000000000001,0.0049680044386905542,ABSTAIN,0.050000000000000003,True,0,0,908,0.0053965667953306262,0.44503199556130946,0.54502200335548101,0.46864369115582771,0.45000000000000001,0.5,,5882850f195315108d2259eb2ecb7a12d3ae3482c2c61e02ba71b12c961931d0,5.3810098022222519
909,2023-06-29,2023-06-30,mix,0.00089339381259100005,0.00039902184623108461,0.45000000000000001,0.0030041616801066429,ABSTAIN,0.050000000000000003,True,0,5,909,0.00039902184623108461,0.45300416168010665,0.45300416168010665,0.46978204969105081,0.45000000000000001,0.6259133667747222,,09e6b5cf74e7695de988aed9602d2ca01034bc8f9aee85066a527bf5b1c28e5f,7.7340161949396133,0.00039902184623108461,0.45000000000000001,0.0030041616801066429,ABSTAIN,0.050000000000000003,True,0,0,909,0.00039902184623108461,0.45300416168010665,0.45300416168010665,0.46978204969105081,0.45000000000000001,0.60271865920467238,,ab346f251e3b1b088b8e7d3f7add746966ad80985231d37a4b7cd4d1d61b297a,5.7766030859202147
910,2023-06-30,2023-07-01,bull,0.0037377473099047,0.0016817648915841144,0.45000000000000001,0.00022102611010466067,ABSTAIN,0,True,0,5,910,0.0016817648915841144,0.45022102611010467,0.45022102611010467,0.46339225749595941,0.45000000000000001,0.5,,35ce07ab4b4e94117fef8354e2d80b3454a928f05faa1bd53eee9556679e963b,6.3169814553111792,0.0016817648915841144,0.45000000000000001,0.00022102611010466067,ABSTAIN,0,True,0,0,910,0.0016817648915841144,0.45022102611010467,0.45022102611010467,0.46339225749595941,0.45000000000000001,0.5,,40e18c9cabe300208e455eec37a03fdfd9e57d6e02715615c68027b1098b3a41,5.3477862700819969
911,2023-07-01,2023-07-02,bull,0.0010102397112480999,0.00045368391113442819,0.45000000000000001,0.00092353907913261812,BTC,0,True,0,5,911,0.00045883318735495671,0.45092353907913263,0.45092353907913263,0.46059138559974638,0.80000000000000004,0.8567341399754681,,0d641f1d263288fbff9a36bb6c0c95d7e8edc11510d3ce3a111ab68ae4083820,6.5624472461640835,0.00045368391113442819,0.45000000000000001,0.00092353907913261812,BTC,0,True,0,0,911,0.00045883318735495671,0.45092353907913263,0.45092353907913263,0.46059138559974638,0.80000000000000004,0.8567341399754681,,8a2a369a81a344a9d96cf7869597b2e00243d1bb38b06772a158ca01e86f06f2,6.0305090062320232
912,2023-07-02,2023-07-03,bull,0.017427827694438101,0.0078422705817757787,0.45000000000000001,0.00024992071261115134,BTC,0,True,0,5,912,0.014763076757940752,0.45024992071261116,0.80016150782450546,0.45928315275056958,0.85000000000000009,0.96445422291443483,,524de35d2a98cf82f0a5bb38b98b08c55d428d0db3519fb5695a7fd837d08d32,7.2293899524956942,0.0078422705817757787,0.45000000000000001,0.00024992071261115134,BTC,0,True,0,0,912,0.014763076757940752,0.45024992071261116,0.80016150782450546,0.45928315275056958,0.85000000000000009,0.96445422291443483,,5b9e43e01e9da1f065c34833bc72e6f6328890044a56dddbba5ee0fc743c9d5b,6.1527980044484138
913,2023-07-03,2023-07-04,bull,-0.012291621858477699,-0.0055354859863799843,0.45000000000000001,0.0042798227483341056,BTC,0,True,1,5,913,-0.010450045314786327,0.45427982274833412,0.85218961187927378,0.45927640566879108,0.85000000000000009,0.96501194466608475,,d97a2fed91841bfa6d4079d69289f51c3e08ac7e57823f86acbe5533db2ae72a,7.6112787760794163,-0.0055354859863799843,0.45000000000000001,0.0042798227483341056,BTC,0,True,0,0,913,-0.010450045314786327,0.45427982274833412,0.85218961187927378,0.45927640566879108,0.85000000000000009,0.96501194466608475,,31cc03703c5a6b376b91bb850f2ded5ecb79d24854838cf0d056b858b6711629,6.0832333359867334
914,2023-07-04,2023-07-05,bull,-0.0083072242950560007,-0.0037412985940814547,0.45000000000000001,0.0030590969784526356,BTC,0,True,0,5,914,-0.0070627131962575085,0.44694090302154738,0.8484162716111342,0.45896134806212813,0.85000000000000009,0.99094858422604881,,7adcb6275a5981224bb593a5ea5972578cd7ef79291d665e2b0ab58539764a46,7.2202757317572832,-0.0037412985940814547,0.45000000000000001,0.0030590969784526356,BTC,0,True,0,0,914,-0.0070627131962575085,0.44694090302154738,0.8484162716111342,0.45896134806212813,0.85000000000000009,0.99094858422604881,,a5039d4cbaf4cc215f3ffea90b7c41f07867c156f544d37e2dc55f86c42b029a,6.142954807728529
915,2023-07-05,2023-07-06,bull,-0.0196540468262499,-0.0088463665721586482,0.45000000000000001,0.0020637528390017867,BTC,0,True,0,5,915,-0.016706988685271429,0.44793624716099822,0.84893329676077556,0.45922974253246901,0.85000000000000009,0.96885580939743043,,cd9a1aad8768bce6c57204eb97e1a38cd07cab41b8ab05ee3822dc0ffb8f4cbe,7.1731779165565968,-0.0088463665721586482,0.45000000000000001,0.0020637528390017867,BTC,0,True,0,0,915,-0.016706988685271429,0.44793624716099822,0.84893329676077556,0.45922974253246901,0.85000000000000009,0.96885580939743043,,c75a161b5e94a786b0b3126cfba2a380604fc57c6d1b7ef163019c30ba734d47,6.0298958402127028
916,2023-07-06,2023-07-07,bull,0.0144852923969767,0.0065134418052454901,0.45000000000000001,0.0049077825945134101,BTC,0,True,0,5,916,0.012309918693971245,0.4450922174054866,0.84745153451873478,0.45909626452795887,0.85000000000000009,0.9798,,4ab1f682f24ba95403b2f4d3384f5c76c2c1f95dffb02e2eb14994d06bd6b24d,6.7555296439677477,0.0065134418052454901,0.45000000000000001,0.0049077825945134101,BTC,0,True,0,0,916,0.012309918693971245,0.4450922174054866,0.84745153451873478,0.45909626452795887,0.85000000000000009,0.97984362418350601,,6d8cc097edf00dc4ba3b1864fba02dcfa68698b89ea946c9154e0a8aaa435b41,6.0667548645287752
917,2023-07-07,2023-07-08,bull,-0.0018980834629478999,-0.00085769640807709102,0.45000000000000001,0.0035618920964252676,BTC,0,True,0,5,917,-0.0016151924117668859,0.45356189209642528,0.85182441171405376,0.4598406859513241,0.85000000000000009,0.91856206837239196,,3a13dcb863c8fce3679b594762386952875a2038426ed39f22a3c150138a5765,7.1431928239762783,-0.00085769640807709102,0.45000000000000001,0.0035618920964252676,BTC,0,True,0,0,917,-0.0016151924117668859,0.45356189209642528,0.85182441171405376,0.4598406859513241,0.85000000000000009,0.91856206837239196,,64a3ca46524da6105b38ff4e5564c0bc743f87d4cd42c88e2e693348edd53bbe,5.97818773239851
918,2023-07-08,2023-07-09,bull,-0.0040245899474392003,-0.0018115348020790734,0.45000000000000001,0.00047017725313064362,BTC,0,True,0,5,918,-0.0034211430228254791,0.44952982274686937,0.8497576032826536,0.45903030983867532,0.85000000000000009,0.98527242859403319,,a94626b969a0721fdad82e3f6f37c8a62fd36e7ea75697413c9345ede3df0574,7.0673173796385527,-0.0018115348020790734,0.45000000000000001,0.00047017725313064362,BTC,0,True,0,0,918,-0.0034211430228254791,0.44952982274686937,0.8497576032826536,0.45903030983867532,0.85000000000000009,0.98527242859403319,,c3d748cf26667455a35469478d5bc5ddb43b17843c46f9325b43b3a2db81e88f,6.1333737503737211
919,2023-07-09,2023-07-10,bull,0.0082341904537753998,0.0037043841133574951,0.45000000000000001,0.00099789326202709416,BTC,0,True,0,5,919,0.0069985433852868262,0.44900210673797292,0.84948510337107441,0.45909240123591222,0.85000000000000009,0.98016150932180501,,844fba04f7d3d529eeb5c0bd78232108cc97c5142e09a6c29102c187a73fe0d3,6.9670228287577629,0.0037043841133574951,0.45000000000000001,0.00099789326202709416,BTC,0,True,0,0,919,0.0069985433852868262,0.44900210673797292,0.84948510337107441,0.45909240123591222,0.85000000000000009,0.98016150932180501,,a8f3e3b814856fee1a85fc9174d0aa748a1f5792bf7e0a39175d168c4cd93d4b,5.9655833709985018
920,2023-07-10,2023-07-11,bull,0.0068386634358366004,0.0030753618590786402,0.45000000000000001,0.0020304385792248025,BTC,0,True,0,5,920,0.0058118152978636761,0.45203043857922481,0.85104256232462694,0.45931400059903088,0.85000000000000009,0.96192245449965519,,04a8285ce05256a2a07cbd8ebceae885e148ab6a5d7d436683622cd4d67d4d46,6.3857607059180737,0.0030753618590786402,0.45000000000000001,0.0020304385792248025,BTC,0,True,0,0,920,0.0058118152978636761,0.45203043857922481,0.85104256232462694,0.45931400059903088,0.85000000000000009,0.96192245449965519,,ad6bf7766eff7d22cd1485832f494d8b40990168af69000dac00247b21a9e2d9,6.1575966719537973
921,2023-07-11,2023-07-12,bull,-0.0077065502411562004,-0.0034696291332575457,0.45000000000000001,0.001687376470472568,BTC,0,True,3,5,921,-0.0065514289168298045,0.45168737647047258,0.85086689047172315,0.45918742854201061,0.85000000000000009,0.97234153063783835,,16301d063eabe0438787a888ba5af58eb26fb16f6141a00749a84e0bb98097e4,8.7357668112963438,-0.0034696291332575457,0.45000000000000001,0.001687376470472568,BTC,0,True,0,0,921,-0.0065514289168298045,0.45168737647047258,0.85086689047172315,0.45918742854201061,0.85000000000000009,0.97234153063783835,,07e8ce764f16d2d851b82f4fbb554df7f841c5f25a2f215602ebe7907d766220,6.0649464018642902
922,2023-07-12,2023-07-13,bull,0.035501673396451702,0.015973808441803072,0.45000000000000001,0.0019140088671596445,BTC,0,True,0,5,922,0.030175403476481399,0.44808599113284037,0.84901093591298615,0.45910403200182548,0.85000000000000009,0.97920550575763476,,f513e9deeb2a9874c8e6e9ff9a65491a1a4e7bb98cd7de4d397ea0e86994e76e,7.0876782462000847,0.015973808441803072,0.45000000000000001,0.0019140088671596445,BTC,0,True,0,0,922,0.030175403476481399,0.44808599113284037,0.84901093591298615,0.45910403200182548,0.85000000000000009,0.97920550575763476,,61ba3ac2dde4d796187aa86187d442f1c463128067b964f446c0565facb87409,6.104059798642993
923,2023-07-13,2023-07-14,bull,-0.036505954026714402,-0.016436185735170694,0.45000000000000001,0.0086484978991188122,BTC,0,True,1,5,923,-0.031034318452610732,0.45864849789911882,0.85439387202005601,0.45927612126881551,0.85000000000000009,0.96504182133169503,,819c8351bc86702e7dcc23c6de16b1532c86891b289aabec4de70f100167acd0,7.5039553176611662,-0.016436185735170694,0.45000000000000001,0.0086484978991188122,BTC,0,True,0,0,923,-0.031034318452610732,0.45864849789911882,0.85439387202005601,0.45927612126881551,0.85000000000000009,0.96504182133169503,,7e47c2dc09410739d8717f6a0f9354a7791962a8ead4ef2654ffcd48453779e9,5.9674914795905352
924,2023-07-14,2023-07-15,bull,-0.0008575933292432,-0.00039509958350192331,0.45000000000000001,0.0091861304263747279,BTC,0,True,0,5,924,-0.00073375439230061179,0.44081386957362528,0.8451964359773243,0.45901138045440049,0.85000000000000009,0.98683124243509601,,4e21f326acbdcf1d29969477a8a6a9d679a01cae2472dd460065df1750480f77,6.9920185022056103,-0.00039509958350192331,0.45000000000000001,0.0091861304263747279,BTC,0,True,0,0,924,-0.00073375439230061179,0.44081386957362528,0.8451964359773243,0.45901138045440049,0.85000000000000009,0.98683124243509601,,49e887823b98b3d6c46df63cc4c5744438f6f8cc07f195d4fdd0c11627264f09,6.1056611035019159
925,2023-07-15,2023-07-16,bull,-0.0018454082676931001,-0.00083064588042391918,0.45000000000000001,0.00021233629317252145,BTC,0,True,2,5,925,-0.0015687062788123374,0.44978766370682749,0.84989057708621474,0.45961492872048321,0.85000000000000009,0.93720000000000003,,295c4ed7ef066e236897d61dc8246fdcc0bc7bcc85c5947f6f4db66f4531f537,7.836576160043478,-0.00083064588042391918,0.45000000000000001,0.00021233629317252145,BTC,0,True,0,0,925,-0.0015687062788123374,0.44978766370682749,0.84989057708621474,0.45961492872048321,0.85000000000000009,0.93720000000000003,,aefda8aac3e918db21f3eda8f61446ab42ab1eaaa3fc720ed3081c636d235aa1,5.6553314588963985
926,2023-07-16,2023-07-17,bull,-0.0031684609151494,-0.0014262638782073234,0.45000000000000001,0.00045711815258214772,BTC,0,True,0,5,926,-0.0026934268024100261,0.44954288184741786,0.84976434079153529,0.46076821920830258,0.85000000000000009,0.84223581594506303,,7a58dd70f90ab90c33e5a77a94a583d0fd488e55a431fe89bfea071a0146b886,6.4329976756125689,-0.0014262638782073234,0.45000000000000001,0.00045711815258214772,BTC,0,True,0,0,926,-0.0026934268024100261,0.44954288184741786,0.84976434079153529,0.46076821920830258,0.85000000000000009,0.84223581594506303,,e687f90d7dd466b5bef6c095519bd6a9a8d8c0d0e07bb62db3868b301e492f87,6.0503918435424566
927,2023-07-17,2023-07-18,bull,-0.0090545028649920006,-0.0040753084032474352,0.45000000000000001,0.00078531378271151642,ABSTAIN,0,True,0,5,927,-0.0048752636586499865,0.44921468621728849,0.84959493030294087,0.4622589470725616,0.5,0.5,,56c5dd1537a297984e4058a50840c135bf57ae80fe0e109d9da0beb154b2a3fc,6.4399058241397142,-0.0040753084032474352,0.45000000000000001,0.00078531378271151642,BTC,0,True,0,0,927,-0.0076967293873911879,0.44921468621728849,0.84959493030294087,0.4622589470725616,0.85000000000000009,0.71953735764411086,,c6d4395321558e80bc1afbfca601b7793a9974d5a6e5623674d591b659c4562c,6.0324504524469376
928,2023-07-18,2023-07-19,mix,0.0014363775161717999,0.00064411827005717015,0.45000000000000001,0.0022501577861400723,ABSTAIN,0.050000000000000003,True,5,5,928,0.00059861295390217784,0.44774984221385994,0.49772607967470189,0.46554982453980098,0.45000000000000001,0.55135152765430662,,c0538708efc0c0451f9649cbafd7830d6d2d3498d04b468861e33782e2297afe,10.566659225150943,0.00064411827005717015,0.45000000000000001,0.0022501577861400723,ABSTAIN,0.050000000000000003,True,0,0,928,0.00036910163060954737,0.44774984221385994,0.84883659695393188,0.46554982453980098,0.5,0.62620723169646042,,041dcbc1325faf299f7fbb5b775715517c36c85b13475544935c6b176c3ef339,5.8789267726242542
929,2023-07-19,2023-07-20,mix,-0.0036342724935388001,-0.0016357773148666377,0.45000000000000001,0.00035527379697020134,ABSTAIN,0.050000000000000003,True,0,5,929,-0.0016357773148666377,0.45035527379697021,0.45035527379697021,0.46623727270067389,0.45000000000000001,0.60793903364539115,,d573463bc3a75109fecdb7b11d23cf09932e76e05208d30e3929c1f04aecdd0c,7.7739836573600769,-0.0016357773148666377,0.45000000000000001,0.00035527379697020134,ABSTAIN,0.050000000000000003,True,0,0,929,-0.0016856991007784261,0.45035527379697021,0.5003588366665831,0.46623727270067389,0.45000000000000001,0.60793903364539115,,ec4c2429ce319cc5c95b26fb7b2946402c1fbfbfcb1ae53689dd188d1aa0aeb7,5.7254198659211397
930,2023-07-20,2023-07-21,mix,0.0034260595282036002,0.0015408244427779216,0.45000000000000001,0.00090095588578792407,ABSTAIN,0.050000000000000003,True,0,5,930,0.0015408244427779216,0.44909904411421209,0.44909904411421209,0.46659412136026912,0.45000000000000001,0.63731792241251617,,d7ae1b29415e1e47a4418c3926ee059c053b9db69b271aa4d3535e83a85af0cc,6.8581017889082432,0.0015408244427779216,0.45000000000000001,0.00090095588578792407,ABSTAIN,0.050000000000000003,True,0,0,930,0.0015408244427779216,0.44909904411421209,0.44909904411421209,0.46659412136026912,0.45000000000000001,0.5,,dfdfc611df56907fb54bf44f25dc6edfc1fbf5e3c41fb0167a46cabb0e3960da,5.3257182687520981
931,2023-07-21,2023-07-22,mix,-0.0038190020432663,-0.0017193961089070342,0.45000000000000001,0.00084664443881943274,ABSTAIN,0.050000000000000003,True,5,5,931,-0.0017193961089070342,0.45084664443881944,0.45084664443881944,0.46821552422508389,0.45000000000000001,0.77085839032483117,,cfdf295bfd23385580e459bee99fd4515ab2751f9b85e7c1b46f0374843d6a9f,10.583922820165753,-0.0017193961089070342,0.45000000000000001,0.00084664443881943274,ABSTAIN,0.050000000000000003,True,0,0,931,-0.0017193961089070342,0.45084664443881944,0.45084664443881944,0.46821552422508389,0.45000000000000001,0.5,,cebef7bbbfdd54f39709ef07bcfc779d20f2d1d3e387010670bc6bb170f65180,5.2558513786643744
932,2023-07-22,2023-07-23,mix,0.0099701566690947995,0.0044856194228906077,0.45000000000000001,0.00094683018158758792,ABSTAIN,0.050000000000000003,True,0,5,932,0.0044856194228906077,0.44905316981841242,0.44905316981841242,0.46955760199092189,0.45000000000000001,0.88141204830965925,,1ef7caf552f75030bc63191cea2ef7184fb523faee258a18be1f37fc50f644bb,7.8502500560134649,0.0044856194228906077,0.45000000000000001,0.00094683018158758792,ABSTAIN,0.050000000000000003,True,0,0,932,0.0044856194228906077,0.44905316981841242,0.44905316981841242,0.46955760199092189,0.45000000000000001,0.5,,0cba61f74f1185e3144ff09dfcf714842ba6a379771d45ba93f4524d49ef349c,5.3664229996502399
933,2023-07-23,2023-07-24,mix,-0.030173602916981099,-0.013580544548837836,0.45000000000000001,0.0024565921019432113,ABSTAIN,0.050000000000000003,True,0,5,933,-0.013580544548837836,0.45245659210194322,0.45245659210194322,0.46984932107989941,0.45000000000000001,0.90544498511701121,,0d526d137e218fa41e15539c6d0e8a8a82c79c19bbb7f71e672e3f37dac17ea5,7.7140734829008579,-0.013580544548837836,0.45000000000000001,0.0024565921019432113,ABSTAIN,0.050000000000000003,True,0,0,933,-0.013580544548837836,0.45245659210194322,0.45245659210194322,0.46984932107989941,0.45000000000000001,0.5,,a3956e2aaf075fcc9d94b71c5c5d8f1114b0ca84854248394471b025f6a2e4b0,5.2453444246202707
934,2023-07-24,2023-07-25,mix,0.0017307501173826,0.00077126089296064571,0.45000000000000001,0.0075707634667334656,ABSTAIN,0.050000000000000003,True,2,5,934,0.00077126089296064571,0.44242923653326655,0.44242923653326655,0.46953520205821059,0.45000000000000001,0.87950630971287036,,d7fd59c9fc6ed0bd2b108d2f2b6d6a87fa2f49423f7df239cc83c49b627fa384,8.7236587349325418,0.00077126089296064571,0.45000000000000001,0.0075707634667334656,ABSTAIN,0.050000000000000003,True,0,0,934,0.00077126089296064571,0.44242923653326655,0.44242923653326655,0.46953520205821059,0.45000000000000001,0.5,,f78dbc456ba42cecf0d73055639ea2126b18dda045d77e9d6223ebf0489f2612,5.4089791886508465
935,2023-07-25,2023-07-26,mix,0.0042287348692718997,0.0019025018493759038,0.45000000000000001,0.00042802729032492826,ABSTAIN,0.050000000000000003,True,5,5,935,0.0019025018493759038,0.45042802729032494,0.45042802729032494,0.47056213506033412,0.45000000000000001,0.96562896818521837,,2372a1966782da8a776da2e927d2dc1d6db2abc58955bd367280c11f05f6ebd5,10.543895294889808,0.0019025018493759038,0.45000000000000001,0.00042802729032492826,ABSTAIN,0.050000000000000003,True,0,0,935,0.0019025018493759038,0.45042802729032494,0.45042802729032494,0.47056213506033412,0.45000000000000001,0.5,,c36038d0ba28c77ef286f815cf2c33097f3dd0a305e3d67ca621c1a2e0f9b286,5.2030344400554895
936,2023-07-26,2023-07-27,mix,-0.0044119350508650002,-0.0019864133229563485,0.45000000000000001,0.0010446240330116985,ABSTAIN,0.050000000000000003,True,0,5,936,-0.0019864133229563485,0.45104462403301171,0.45104462403301171,0.47012957860803861,0.45000000000000001,0.92927803195040404,,92308c364cfaf3ab68d627268e1be302675bbf40317c6deb1b1295dc441d80b6,7.616208627820015,-0.0019864133229563485,0.45000000000000001,0.0010446240330116985,ABSTAIN,0.050000000000000003,True,0,0,936,-0.0019864133229563485,0.45104462403301171,0.45104462403301171,0.47012957860803861,0.45000000000000001,0.92927803195040404,,acc724caf5536d688af3881dc8d295e75e353dc0f5d8d1ec3cb88ee65e45ca66,6.4665647521615028
937,2023-07-27,2023-07-28,mix,0.0031585034921481001,0.001420230890184726,0.45000000000000001,0.0010941261712112405,ABSTAIN,0.050000000000000003,True,5,5,937,0.001420230890184726,0.44890587382878877,0.44890587382878877,0.46953487308776121,0.45000000000000001,0.8797267746205556,,4bba3c33b459c45a2b99d5c8994af111b4ddb311b8357f23d3ac5a8766791c3e,10.497163061052561,0.001420230890184726,0.45000000000000001,0.0010941261712112405,ABSTAIN,0.050000000000000003,True,0,0,937,0.001420230890184726,0.44890587382878877,0.44890587382878877,0.46953487308776121,0.45000000000000001,0.5,,c0cdbea90287ba8d2490c851951e27ec5c7052f916079009042ef3db73f5d8c7,5.227350914850831
938,2023-07-28,2023-07-29,mix,0.0013133208255159999,0.00059021329004171896,0.45000000000000001,0.00078062009821888712,ABSTAIN,0.050000000000000003,True,0,5,938,0.00059021329004171896,0.4507806200982189,0.4507806200982189,0.47071644189058409,0.45000000000000001,0.97836108809989075,,20989f429d6e00c3282bc043aa85e893f89137b346dbb759280d0cef35fa8b8c,7.7609568946063519,0.00059021329004171896,0.45000000000000001,0.00078062009821888712,ABSTAIN,0.050000000000000003,True,0,0,938,0.00059021329004171896,0.4507806200982189,0.4507806200982189,0.47071644189058409,0.45000000000000001,0.5,,8fca2287f090992675d95920d48d58453aadc59db8947058e4484e7b19fdb94d,5.3791251685470343
939,2023-07-29,2023-07-30,mix,-0.0024460456163659001,-0.0011010450247069814,0.45000000000000001,0.00032485491688782897,ABSTAIN,0.050000000000000003,True,0,5,939,-0.0011010450247069814,0.45032485491688784,0.45032485491688784,0.47005501761946789,0.45000000000000001,0.92281077859418836,,27e3e698b86089e6ea907d0cd827dd5fa48a9445213b396fddd09f25854718db,7.7391857784241438,-0.0011010450247069814,0.45000000000000001,0.00032485491688782897,ABSTAIN,0.050000000000000003,True,0,0,939,-0.0011010450247069814,0.45032485491688784,0.45032485491688784,0.47005501761946789,0.45000000000000001,0.92281077859418836,,be642c9b1429e27cac9526595bd632b3449ecc890d807c1fca090c5a62543503,5.7286016549915075
940,2023-07-30,2023-07-31,mix,-0.001683645416762,-0.00075824604176122357,0.45000000000000001,0.00060606339647195639,ABSTAIN,0.050000000000000003,True,5,5,940,-0.00075824604176122357,0.44939393660352805,0.44939393660352805,0.47003816844356677,0.45000000000000001,0.92143661363035156,,b8e3fc36cd9ae7d9a88c2168397622ec7e52f71a4e7c0c2b0715b9aa494c6578,10.398085843771696,-0.00075824604176122357,0.45000000000000001,0.00060606339647195639,ABSTAIN,0.050000000000000003,True,0,0,940,-0.00075824604176122357,0.44939393660352805,0.44939393660352805,0.47003816844356677,0.45000000000000001,0.75,,55be517f0c2b507237f660f834b5bdf789a46f514340e7d2bdd1977934933446,5.4409163352102041
941,2023-07-31,2023-08-01,mix,0.0164132948372353,0.0073855625784762235,0.45000000000000001,0.00041701819049289046,ABSTAIN,0.050000000000000003,True,0,5,941,0.0073855625784762235,0.44958298180950712,0.44958298180950712,0.47055332947167872,0.45000000000000001,0.96421952117234522,,ca98ffc566d45e1f72645ee3bda6419dce5aea150542903a1d80ed98141a5b42,7.738309932872653,0.0073855625784762235,0.45000000000000001,0.00041701819049289046,ABSTAIN,0.050000000000000003,True,0,0,941,0.0073855625784762235,0.44958298180950712,0.44958298180950712,0.47055332947167872,0.45000000000000001,0.5,,ee4d1bdcb4501488917de09b8d2423e392b1851feb5065d1003d9b98e939539e,5.3077385071665049
942,2023-08-01,2023-08-02,mix,-0.0181238683099871,-0.0081597403578664851,0.45000000000000001,0.0040325064494362572,ABSTAIN,0.050000000000000003,True,5,5,942,-0.0081597403578664851,0.45403250644943627,0.45403250644943627,0.47079909108371371,0.45000000000000001,0.98503692289026645,,bfeae01bd1bd730c827a8cc4bc99858f29db6ac4434bd75fb15ccb7401fd32e5,10.623765660449862,-0.0081597403578664851,0.45000000000000001,0.0040325064494362572,ABSTAIN,0.050000000000000003,True,0,0,942,-0.0081597403578664851,0.45403250644943627,0.45403250644943627,0.47079909108371371,0.45000000000000001,0.5,,a0528e3657a7372d439320b19801c39d23cfc9478efde9d7b8326a045cca5b98,5.3462794180959463
943,2023-08-02,2023-08-03,mix,0.00053472819697180003,0.00023610405830098991,0.45000000000000001,0.0045225420874706601,ABSTAIN,0.050000000000000003,True,0,5,943,0.00023610405830098991,0.44547745791252935,0.44547745791252935,0.47047777352147058,0.45000000000000001,0.95755853173849803,,b1ceec6bfe36f104f8615662e3d0646494a212499395fb0b6210e49490a7cf93,7.62437679246068,0.00023610405830098991,0.45000000000000001,0.0045225420874706601,ABSTAIN,0.050000000000000003,True,0,0,943,0.00023610405830098991,0.44547745791252935,0.44547745791252935,0.47047777352147058,0.45000000000000001,0.94999999999999996,,7ec0c804715ca5a37d089a6d33f5a0f1cd34adf7317a0f8fc412ce7debd92a00,5.2549823615700006
944,2023-08-03,2023-08-04,mix,-0.0028709150270817998,-0.0012920439046399945,0.45000000000000001,0.00013231339048525026,ABSTAIN,0.050000000000000003,True,0,5,944,-0.0012920439046399945,0.45013231339048526,0.45013231339048526,0.47068397362159548,0.45000000000000001,0.98070000000000002,,7825806e8d3213a54b6560ce5083c560849e297f206ddaa02da236c922cfb4b3,7.360267361626029,-0.0012920439046399945,0.45000000000000001,0.00013231339048525026,ABSTAIN,0.050000000000000003,True,0,0,944,-0.0012920439046399945,0.45013231339048526,0.45013231339048526,0.47068397362159548,0.45000000000000001,0.5,,157bef4dd5a8f4927182b289b1462400253efe27e090b3e12dd9e6128e8eb000,5.3703940194100142
945,2023-08-04,2023-08-05,mix,-0.0012849805019670001,-0.00057895228510995711,0.45000000000000001,0.00071147062647353154,ABSTAIN,0.050000000000000003,True,5,5,945,-0.00057895228510995711,0.44928852937352648,0.44928852937352648,0.47048005953530903,0.45000000000000001,0.96051420086158446,,f1089bb381b7ec38fea6cded79b683611e4c8c577ca432bf1cfd64293ca4b168,10.507461935281754,-0.00057895228510995711,0.45000000000000001,0.00071147062647353154,ABSTAIN,0.050000000000000003,True,0,0,945,-0.00057895228510995711,0.44928852937352648,0.44928852937352648,0.47048005953530903,0.45000000000000001,0.95999999999999996,,9a3faff7d5d72d204694a14d488cc4794f4690e3606cd588a50ae9683514c8c4,5.2467570547014475
946,2023-08-05,2023-08-06,mix,0.00045410604752290002,0.00020402943967834375,0.45000000000000001,0.00031821668024017979,ABSTAIN,0.050000000000000003,True,5,5,946,0.00020402943967834375,0.44968178331975983,0.44968178331975983,0.47045693008946288,0.45000000000000001,0.95782662969962118,,f619fa00c806f5132d06b3e8367fff142fe844ef8365322913261032fa41f0b6,10.583720227703452,0.00020402943967834375,0.45000000000000001,0.00031821668024017979,ABSTAIN,0.050000000000000003,True,0,0,946,0.00020402943967834375,0.44968178331975983,0.44968178331975983,0.47045693008946288,0.45000000000000001,0.94999999999999996,,7013e28702a80f52b8c24e3bfebf381f0614bb30f6c00fb8e427b2e6cde55def,5.3396903872489929
947,2023-08-06,2023-08-07,mix,0.0042260834281824004,0.0019016249607024527,0.45000000000000001,0.00011236828455901682,ABSTAIN,0.050000000000000003,True,0,5,947,0.0019016249607024527,0.45011236828455903,0.45011236828455903,0.47044169997786139,0.45000000000000001,0.94999999999999996,,8c7942c2d0d075cf5e81431c162966e61c3a1e105adcaa97d1a8758502377ae0,7.2282363343983889,0.0019016249607024527,0.45000000000000001,0.00011236828455901682,ABSTAIN,0.050000000000000003,True,0,0,947,0.0019016249607024527,0.45011236828455903,0.45011236828455903,0.47044169997786139,0.45000000000000001,0.94999999999999996,,5c018235ef60179ff807542582f98458e13f9bd6596cb242e6c286d30c3b7b03,5.2506191320717335
948,2023-08-07,2023-08-08,mix,0.019627313879510399,0.0088312380548389857,0.45000000000000001,0.0010439702909794124,ABSTAIN,0.050000000000000003,True,0,5,948,0.0088312380548389857,0.45104397029097942,0.45104397029097942,0.47077238187262332,0.45000000000000001,0.98429337420792562,,c0817835dc704bd68839f4aa0446a9f9f38d3ff57ff70fde85d9721c93c066fe,7.7129809036850929,0.0088312380548389857,0.45000000000000001,0.0010439702909794124,ABSTAIN,0.050000000000000003,True,0,0,948,0.0088312380548389857,0.45104397029097942,0.45104397029097942,0.47077238187262332,0.45000000000000001,0.75,,ab9cc13dfbc6bb2d400d21c00d54cdf223443ae39f975ffe6f2bccdd3680772e,5.360461451113224
949,2023-08-08,2023-08-09,mix,-0.0066963536104561999,-0.0030181598453514757,0.45000000000000001,0.0048152306655253607,ABSTAIN,0.050000000000000003,True,5,5,949,-0.0030181598453514757,0.45481523066552537,0.45481523066552537,0.47018164171211169,0.45000000000000001,0.93361536261636924,,f0c978aa92d3580d0ef6f307aeaac64db0507a46e17299fa528de3733f1c3fec,10.523978462442756,-0.0030181598453514757,0.45000000000000001,0.0048152306655253607,ABSTAIN,0.050000000000000003,True,0,0,949,-0.0030181598453514757,0.45481523066552537,0.45481523066552537,0.47018164171211169,0.45000000000000001,0.93361536261636924,,08498fc2c9ac80f642d9612f3e0a49b0f47bdca773da37ecd62e96eb3748e6e6,5.7337732948362827
950,2023-08-09,2023-08-10,mix,-0.0043613496517681,-0.0019642664375386643,0.45000000000000001,0.0016623567966095321,ABSTAIN,0.050000000000000003,True,5,5,950,-0.0019642664375386643,0.44833764320339048,0.44833764320339048,0.46871749401216312,0.45000000000000001,0.81230273042435752,,4c65605617c8999b05cc166a155983936ff3b39ad45814272056937c1789263f,10.623307887464762,-0.0019642664375386643,0.45000000000000001,0.0016623567966095321,ABSTAIN,0.050000000000000003,True,0,0,950,-0.0019642664375386643,0.44833764320339048,0.44833764320339048,0.46871749401216312,0.45000000000000001,0.55000000000000004,,bbcdee40fa6fdd314607822c1ce7afc7ca246b877720a387a1a9770688ee4805,5.4241449013352394
951,2023-08-10,2023-08-11,mix,-0.00095758769397939997,-0.00043199555294226588,0.45000000000000001,0.001081556709953746,ABSTAIN,0.050000000000000003,True,0,5,951,-0.00043199555294226588,0.44891844329004627,0.44891844329004627,0.47002085106687908,0.45000000000000001,0.91985278434348916,,525a8e12e8a5662d01d4c893864776233a2e0b0ae6478fa015469a5aad9233c9,7.6697796620428562,-0.00043199555294226588,0.45000000000000001,0.001081556709953746,ABSTAIN,0.050000000000000003,True,0,0,951,-0.00043199555294226588,0.44891844329004627,0.44891844329004627,0.47002085106687908,0.45000000000000001,0.92000000000000004,,0187d29cfc2992177a9f235eabd02b416cc8259f41f9ff6b3bc53f0013d99fdc,5.2195088118314743
952,2023-08-11,2023-08-12,mix,0.00025152273221660002,0.00011294809753437107,0.45000000000000001,0.00023710512628788427,ABSTAIN,0.050000000000000003,True,5,5,952,0.00011294809753437107,0.44976289487371213,0.44976289487371213,0.4706349903275433,0.45000000000000001,0.97126180375229076,,183976493fd0058be1c28d55a34c094aa3232507df9c8b9cab9f48e315a17630,10.552655056118965,0.00011294809753437107,0.45000000000000001,0.00023710512628788427,ABSTAIN,0.050000000000000003,True,0,0,952,0.00011294809753437107,0.44976289487371213,0.44976289487371213,0.4706349903275433,0.45000000000000001,0.5,,0f23ee3e8a7bf444456320383f2c2605a4351aec6c593ccb8e2c2cd3c46de8b3,5.3877147901803255
953,2023-08-12,2023-08-13,mix,-0.0043529675617264996,-0.0019588975256806807,0.45000000000000001,6.2244831028124281e-05,ABSTAIN,0.050000000000000003,True,5,5,953,-0.0019588975256806807,0.45006224483102814,0.45006224483102814,0.4706890611859193,0.45000000000000001,0.97560000000000002,,da204752c805bf7fa53ccf5e5ada25625c6cbd82c0a5dc235fa4c51f9c553732,10.162313181906939,-0.0019588975256806807,0.45000000000000001,6.2244831028124281e-05,ABSTAIN,0.050000000000000003,True,0,0,953,-0.0019588975256806807,0.45006224483102814,0.45006224483102814,0.4706890611859193,0.45000000000000001,0.5,,91296a500836a8ce34e5d0f3d62c47fe5283cee5bcca4496de6a72876b1c5cd1,5.2255576066672802
954,2023-08-13,2023-08-14,mix,0.0043208043658554997,0.0019432803917633912,0.45000000000000001,0.001079473983382373,ABSTAIN,0.050000000000000003,True,0,5,954,0.0019432803917633912,0.44892052601661764,0.44892052601661764,0.47070384093830292,0.45000000000000001,0.9778,,7b8b175a8b7fe21cc37cd6bd6dd4ef83275fcc01eb7f2d7387018bc41c6d7d8b,7.2782257311046124,0.0019432803917633912,0.45000000000000001,0.001079473983382373,ABSTAIN,0.050000000000000003,True,0,0,954,0.0019432803917633912,0.44892052601661764,0.44892052601661764,0.47070384093830292,0.45000000000000001,0.97782320972955805,,54444211dc2bcf5152aff768ddef8126c196a93d2144a8f825eb2a722bd77053,6.3844687975943089
955,2023-08-14,2023-08-15,mix,-0.0078636068604363007,-0.0035396866341562694,0.45000000000000001,0.0010673238167161481,ABSTAIN,0.050000000000000003,True,5,5,955,-0.0035396866341562694,0.45106732381671616,0.45106732381671616,0.47052754196005647,0.45000000000000001,0.96161297231530884,,5507ad11a5b7f408f829b930128528663fcc6c6df61f54707ae4c6b120a24fc6,10.49410604685545,-0.0035396866341562694,0.45000000000000001,0.0010673238167161481,ABSTAIN,0.050000000000000003,True,0,0,955,-0.0035396866341562694,0.45106732381671616,0.45106732381671616,0.47052754196005647,0.45000000000000001,0.5,,91bdc175827f46ef02e1eef6b342b65b9fb2fa1da9f1fe9cc520811d55d93880,5.2204101551324129
956,2023-08-15,2023-08-16,mix,-0.016064229516394701,-0.0072308423173893521,0.45000000000000001,0.0019531541744123859,ABSTAIN,0.050000000000000003,True,0,5,956,-0.0072308423173893521,0.44804684582558763,0.44804684582558763,0.46950787217056461,0.45000000000000001,0.87749999999999995,,4e9a994aeba05f7ab64a3cc1e74980a13867142831130733099f2cd2d397a59f,7.3913991171866655,-0.0072308423173893521,0.45000000000000001,0.0019531541744123859,ABSTAIN,0.050000000000000003,True,0,0,956,-0.0072308423173893521,0.44804684582558763,0.44804684582558763,0.46950787217056461,0.45000000000000001,0.87749723656657475,,652a25f4b0fe292ba8333582f9e0aa04afebec1654e7d2948d8c590a9589d390,5.940846536308527
957,2023-08-16,2023-08-17,mix,-0.072776514900979097,-0.032753305396422516,0.45000000000000001,0.0040048474602585871,ABSTAIN,0.050000000000000003,True,5,5,957,-0.032753305396422516,0.44599515253974142,0.44599515253974142,0.47019264895062701,0.45000000000000001,0.93401622184184485,,e583074f1b323fa0dc1b62f9c8db51f01694e9847ebb8b20af7159ad261f2a41,10.521758703514934,-0.032753305396422516,0.45000000000000001,0.0040048474602585871,ABSTAIN,0.050000000000000003,True,0,0,957,-0.032753305396422516,0.44599515253974142,0.44599515253974142,0.47019264895062701,0.45000000000000001,0.93401622184184485,,5021cddd988ac054f5d91334b8e60994e1543dbcaaf20f58ca91936693a5c34a,5.7221597079187632
958,2023-08-17,2023-08-18,mix,-0.021869145545264399,-0.0098595542825929972,0.45000000000000001,0.018622048958576554,ABSTAIN,0.050000000000000003,True,2,5,958,-0.0098595542825929972,0.43137795104142346,0.43137795104142346,0.47024363730368929,0.45000000000000001,0.93999999999999995,,1770e1bd52c66d387929b7ec2d63eaa11922d580839e5244d06c39ffec53b4a2,8.1381762120872736,-0.0098595542825929972,0.45000000000000001,0.018622048958576554,ABSTAIN,0.050000000000000003,True,0,0,958,-0.0098595542825929972,0.43137795104142346,0.43137795104142346,0.47024363730368929,0.45000000000000001,0.93902232618195325,,a931debfae91dc3b439fc444b2f13de896b871a305c219e6472933e0d7b0901f,5.8349794279783964
959,2023-08-18,2023-08-19,mix,0.0017732946432684,0.00079251181828587924,0.45000000000000001,0.0054664090856093028,ABSTAIN,0.050000000000000003,True,0,5,959,0.00079251181828587924,0.44453359091439071,0.44453359091439071,0.46886672486223357,0.45000000000000001,0.97530786018451565,,86de4b4bb7b17141f2b7f912215dd2702f82ac356cf879ea422d44c751ff0dcd,7.7535904906690121,0.00079251181828587924,0.45000000000000001,0.0054664090856093028,ABSTAIN,0.050000000000000003,True,0,0,959,0.00079251181828587924,0.44453359091439071,0.44453359091439071,0.46886672486223357,0.45000000000000001,0.94999999999999996,,9ebec017e04ac6bf60784fc40dae8e1bc4f9a3b6ed54b184abe6e337615408a7,5.9140064287930727
960,2023-08-19,2023-08-20,mix,0.0035019962144721998,0.0015754590649406097,0.45000000000000001,0.00043854047654390271,ABSTAIN,0.050000000000000003,True,0,5,960,0.0015754590649406097,0.45043854047654391,0.45043854047654391,0.45397622636737761,0.45000000000000001,0.81811276786180365,,64d5d38313f83bcf942299556bf96cfb477f573345e6a37841823d6a1e3c5918,7.7777919098734856,0.0015754590649406097,0.45000000000000001,0.00043854047654390271,ABSTAIN,0.050000000000000003,True,0,0,960,0.0015754590649406097,0.45043854047654391,0.45043854047654391,0.45397622636737761,0.45000000000000001,0.81811276786180365,,defd743a9938972dd9c389f0651bd21bbec47e1a29751bbd30ca016249bf35ab,5.8628439046442509
961,2023-08-20,2023-08-21,mix,-0.0024741512286756001,-0.0011142324697289707,0.45000000000000001,0.00086538031172284091,ABSTAIN,0.050000000000000003,True,0,5,961,-0.0011142324697289707,0.45086538031172285,0.45086538031172285,0.4576755336022747,0.45000000000000001,0.85759158905790644,,2a6ed0b6a2b800c4ecbd202a0d63aea6c9ebbae809ae4277973e83b655807bf2,7.522397780790925,-0.0011142324697289707,0.45000000000000001,0.00086538031172284091,ABSTAIN,0.050000000000000003,True,0,0,961,-0.0011142324697289707,0.45086538031172285,0.45086538031172285,0.4576755336022747,0.45000000000000001,0.85759158905790644,,b4f68177d40de80ad57ce2caa066d8c34ca64e63b6bc243144b4af12e5f8c6ef,5.7879013046622276
962,2023-08-21,2023-08-22,mix,-0.0032955676337746002,-0.0014836175610269953,0.45000000000000001,0.00061303496263992452,ABSTAIN,0.050000000000000003,True,0,5,962,-0.0014836175610269953,0.44938696503736009,0.44938696503736009,0.45684639929074522,0.45000000000000001,0.84999999999999998,,50826d4d32d187f06f0a5e8bb2d5aeb33e52bfd1fbe230f4abc54da8cc792895,7.0281935036182404,-0.0014836175610269953,0.45000000000000001,0.00061303496263992452,ABSTAIN,0.050000000000000003,True,0,0,962,-0.0014836175610269953,0.44938696503736009,0.44938696503736009,0.45684639929074522,0.45000000000000001,0.38747402024215161,,ce7821acd764554d7bc90fe4b450b9cc67e06ce30224057020fcc81742be4be7,5.9455021638423204
963,2023-08-22,2023-08-23,mix,0.0152189524537345,0.0068477061454577104,0.45000000000000001,0.00081686440370976054,ABSTAIN,0.050000000000000003,True,0,5,963,0.0068477061454577104,0.44918313559629025,0.44918313559629025,0.45216579319131689,0.45000000000000001,0.80000000000000004,,a601008ebd9255fa5273c6030ce4433256742e921ad4feb242128946a0bfb7c3,6.378647493198514,0.0068477061454577104,0.45000000000000001,0.00081686440370976054,ABSTAIN,0.050000000000000003,True,0,0,963,0.0068477061454577104,0.44918313559629025,0.44918313559629025,0.45216579319131689,0.45000000000000001,0.80000000000000004,,78b5aea8f87d98dd5e3fa141085388ee25199ee156b392b42eafaf83e5559c16,5.2735736556351185
964,2023-08-23,2023-08-24,mix,-0.0098047374433541008,-0.0044158564133236489,0.45000000000000001,0.0037410699080238641,ABSTAIN,0.050000000000000003,True,0,5,964,-0.0044158564133236489,0.45374106990802388,0.45374106990802388,0.439858339410237,0.45000000000000001,0.66756251483226114,,52d41081941560b976b37bd37acf3b01b91255e635da0138f0c1834449b4cf1a,7.6200983729213476,-0.0044158564133236489,0.45000000000000001,0.0037410699080238641,ABSTAIN,0.050000000000000003,True,0,0,964,-0.0044158564133236489,0.45374106990802388,0.45374106990802388,0.439858339410237,0.45000000000000001,0.5789511283739126,,fa0596507e9fc11486c2e70a1760f86d38c50d35f09925b90a9b22635376af79,5.9344346523284912
965,2023-08-24,2023-08-25,mix,-0.0045765366543146996,-0.00206187390146928,0.45000000000000001,0.0024374267654929671,ABSTAIN,0.050000000000000003,True,0,5,965,-0.00206187390146928,0.44756257323450704,0.44756257323450704,0.46347300434655242,0.45000000000000001,0.91957807994703356,,0e79e484c727c8565cb7ce426acc8473554687d3d0182c2391a4b7a29538636c,7.7547918036580086,-0.00206187390146928,0.45000000000000001,0.0024374267654929671,ABSTAIN,0.050000000000000003,True,0,0,965,-0.00206187390146928,0.44756257323450704,0.44756257323450704,0.46347300434655242,0.45000000000000001,0.92000000000000004,,05601716eab8d77c2da19855cf915b5812be2843b32be05976fddaf0970d8c3b,5.2683865074068308
966,2023-08-25,2023-08-26,mix,-0.0015389220637674001,-0.00069364917302050522,0.45000000000000001,0.0011350303505442416,ABSTAIN,0.050000000000000003,True,0,5,966,-0.00069364917302050522,0.44886496964945577,0.44886496964945577,0.45678821179386908,0.45000000000000001,0.84825987605013975,,8f24c936f407d3d29546a7a1976b3afc9be0501e282fdb00040465a6f3e9d8fb,7.7131528649479151,-0.00069364917302050522,0.45000000000000001,0.0011350303505442416,ABSTAIN,0.050000000000000003,True,0,0,966,-0.00069364917302050522,0.44886496964945577,0.44886496964945577,0.45678821179386908,0.45000000000000001,0.84999999999999998,,b318c162faf4d6221435186ed00403602bc4036a598c7cae3312cd44616a0740,5.3688036724925041
967,2023-08-26,2023-08-27,mix,0.0032094276456637,0.0014438607429190231,0.45000000000000001,0.00038114716088133438,ABSTAIN,0.050000000000000003,True,5,5,967,0.0014438607429190231,0.44961885283911868,0.44961885283911868,0.44664212075962201,0.45000000000000001,0.73997582926011696,,9eef4466eba21ec0fd0bcc24f268e32843b8b5a6479bb922133d556dfc6c4929,10.42355177924037,0.0014438607429190231,0.45000000000000001,0.00038114716088133438,ABSTAIN,0.050000000000000003,True,0,0,967,0.0014438607429190231,0.44961885283911868,0.44961885283911868,0.44664212075962201,0.45000000000000001,0.52174614779259609,,a056f30fce5851dceed9a706b114991d6f37e82dae6aa09738cd3d4845c0afcd,5.7578583210706711
968,2023-08-27,2023-08-28,mix,0.0007011333072803,0.0003147165502306315,0.45000000000000001,0.0007931877868366799,ABSTAIN,0.050000000000000003,True,0,5,968,0.0003147165502306315,0.45079318778683669,0.45079318778683669,0.44933458686938232,0.45000000000000001,0.76871866082129525,,560e595bafe9456c4f5e1beb21fbc60d3142ed899b1a9a2bb4c9657085337872,7.7001597061753273,0.0003147165502306315,0.45000000000000001,0.0007931877868366799,ABSTAIN,0.050000000000000003,True,0,0,968,0.0003147165502306315,0.45079318778683669,0.45079318778683669,0.44933458686938232,0.45000000000000001,0.76871866082129525,,7feda83dc4b1f08e691a9894f0e98a6f38b78f66884cec138d7f4f205095762c,5.827379921451211
969,2023-08-28,2023-08-29,mix,0.061449754775277601,0.027652211376095526,0.45000000000000001,0.00017347576021686795,ABSTAIN,0.050000000000000003,True,0,5,969,0.027652211376095526,0.45017347576021688,0.45017347576021688,0.44251290390208958,0.45000000000000001,0.69589899292988622,,51b4858cec97d30f2bd5632e906e52e02507eb331ae8ecab6f905fce35699124,7.7223943825811148,0.027652211376095526,0.45000000000000001,0.00017347576021686795,ABSTAIN,0.050000000000000003,True,0,0,969,0.027652211376095526,0.45017347576021688,0.45017347576021688,0.44251290390208958,0.45000000000000001,0.55927970773205959,,8b47f791b7ad027010df6f38688001fadb3642dcf67779c8d05fbe02d66c7be9,5.7226115874946117
970,2023-08-29,2023-08-30,mix,-0.0153333405473257,-0.0069147007000182059,0.45000000000000001,0.014799570808255225,ABSTAIN,0.050000000000000003,True,0,5,970,-0.0069147007000182059,0.46479957080825524,0.46479957080825524,0.4332412407649891,0.45000000000000001,0.59693619421802624,,0257ad22c2aa61dcc2577c874d7cbcf47c6571eebc2567b578d0c0dbca0869e5,7.7052115760743618,-0.0069147007000182059,0.45000000000000001,0.014799570808255225,ABSTAIN,0.050000000000000003,True,0,0,970,-0.0069147007000182059,0.46479957080825524,0.46479957080825524,0.4332412407649891,0.45000000000000001,0.61380088513809394,,c1fee0b59477229c3f5ccfdcd947999db7c5c613c7f4c170e66b9b8fd527d3c9,5.9181795474141836
971,2023-08-30,2023-08-31,mix,-0.049873987134965603,-0.022447029815865993,0.45000000000000001,0.0038213692456635084,ABSTAIN,0.050000000000000003,True,5,5,971,-0.022447029815865993,0.4461786307543365,0.4461786307543365,0.46840261798996208,0.45000000000000001,0.97210182987388682,,f0580062688f0d5279dd80a929f0bca8afaae86fbeec4c2796ffe313dcc07a94,10.548346670344472,-0.022447029815865993,0.45000000000000001,0.0038213692456635084,ABSTAIN,0.050000000000000003,True,0,0,971,-0.022447029815865993,0.4461786307543365,0.4461786307543365,0.46840261798996208,0.45000000000000001,0.94999999999999996,,34cda7979c7bd991fbbfe040270f0bab10a63af239aadd84f77b65c0cf8bf300,5.2378466352820396
972,2023-08-31,2023-09-01,mix,-0.0051701603482242004,-0.002339169986549483,0.45000000000000001,0.012627207959192255,ABSTAIN,0.050000000000000003,True,0,5,972,-0.002339169986549483,0.43737279204080776,0.43737279204080776,0.4588989570657272,0.45000000000000001,0.95962646555932485,,e2cb74bdc3289f185d16c98ad75770fef73a86e4257530c7220a2ca5590e9a5a,7.7520961482077837,-0.002339169986549483,0.45000000000000001,0.012627207959192255,ABSTAIN,0.050000000000000003,True,0,0,972,-0.002339169986549483,0.43737279204080776,0.43737279204080776,0.4588989570657272,0.45000000000000001,0.94999999999999996,,d5ba23f311955ed836c0d8e12065e864d3f54f8d717d592d41d0e15f28d5b875,5.3384378757327795
973,2023-09-01,2023-09-02,mix,0.0025771997271655002,0.0011584557909989357,0.45000000000000001,0.0012825987447131482,ABSTAIN,0.050000000000000003,True,0,5,973,0.0011584557909989357,0.44871740125528686,0.44871740125528686,0.43055572951336563,0.45000000000000001,0.62632825154720295,,e22bea4ddcab54aed6badfa5bf7dba9514ecbfe9f1f97fa5a90f73c0455c285e,7.6495811101049185,0.0011584557909989357,0.45000000000000001,0.0012825987447131482,ABSTAIN,0.050000000000000003,True,0,0,973,0.0011584557909989357,0.44871740125528686,0.44871740125528686,0.43055572951336563,0.45000000000000001,0.6016332471506306,,fcc3cbfffd215be7b2d0f961fc8f96c588e9fc2af511a1627de0c84860552ecd,5.7565025184303522
974,2023-09-02,2023-09-03,mix,0.0039157779177956004,0.0017614618223007472,0.45000000000000001,0.00063711804127453142,ABSTAIN,0.050000000000000003,True,0,5,974,0.0017614618223007472,0.45063711804127454,0.45063711804127454,0.4293082657100013,0.45000000000000001,0.61165448899427477,,2fec47b274f634357a76707256908322aac6e50c5b00bf60d98a08de7bf07a42,7.7853150013834238,0.0017614618223007472,0.45000000000000001,0.00063711804127453142,ABSTAIN,0.050000000000000003,True,0,0,974,0.0017614618223007472,0.45063711804127454,0.45063711804127454,0.4293082657100013,0.45000000000000001,0.5,,c6025f922025d926a7956fab8e7e5116361ce9f9030f739bd3b7eda4ec16f9ce,5.3438985776156187
975,2023-09-03,2023-09-04,mix,-0.0056871125486119001,-0.0025601656212663748,0.45000000000000001,0.00096745029043671105,ABSTAIN,0.050000000000000003,True,0,5,975,-0.0025601656212663748,0.45096745029043672,0.45096745029043672,0.43992299031565379,0.45000000000000001,0.73653187216993765,,e512b6cdb02e51d211ad00c00322ef9f82ab2659047bf925053c025ab78a3c2c,7.7560785096138716,-0.0025601656212663748,0.45000000000000001,0.00096745029043671105,ABSTAIN,0.050000000000000003,True,0,0,975,-0.0025601656212663748,0.45096745029043672,0.45096745029043672,0.43992299031565379,0.45000000000000001,0.5,,3458c31e81a5ab376fd5cec53b881432aa7759bbd68e56a1a91ce1246714bc34,5.2569400127977133
976,2023-09-04,2023-09-05,mix,-0.0012817881525597999,-0.00057821502650912127,0.45000000000000001,0.0014111718276356155,ABSTAIN,0.050000000000000003,True,0,5,976,-0.00057821502650912127,0.4485888281723644,0.4485888281723644,0.45272036334879667,0.45000000000000001,0.88708390137887716,,ccade40439529cbf79733f31d794b8f50c642da084f79d56f35492170dd69e32,7.687891960144043,-0.00057821502650912127,0.45000000000000001,0.0014111718276356155,ABSTAIN,0.050000000000000003,True,0,0,976,-0.00057821502650912127,0.4485888281723644,0.4485888281723644,0.45272036334879667,0.45000000000000001,0.88708390137887716,,504a79eacff51f9daa087e0311a9768dbd2ea1b46c063a70df51a5ffab00134a,5.8117659222334623
977,2023-09-05,2023-09-06,mix,-0.0012485362657133001,-0.00056215856688834887,0.45000000000000001,0.000317425660361359,ABSTAIN,0.050000000000000003,True,0,5,977,-0.00056215856688834887,0.44968257433963865,0.44968257433963865,0.4540316574196579,0.45000000000000001,0.90251374550267005,,c7073b252bdd5b9e8a42be8f326feecaf640b4328b88d7e5315d9c2fa8b0cddc,7.6158479675650597,-0.00056215856688834887,0.45000000000000001,0.000317425660361359,ABSTAIN,0.050000000000000003,True,0,0,977,-0.00056215856688834887,0.44968257433963865,0.44968257433963865,0.4540316574196579,0.45000000000000001,0.90251374550267005,,aeca471ae884af931afb6450bed84f03d9f653695bc1758b1455472501d78c48,5.6184781081974506
978,2023-09-06,2023-09-07,mix,0.019093097290162099,0.0085915819376363167,0.45000000000000001,0.00030918643948124602,ABSTAIN,0.050000000000000003,True,0,5,978,0.0085915819376363167,0.44969081356051877,0.44969081356051877,0.453699696029081,0.45000000000000001,0.8986079102129384,,89892650439e35655bf238d82fc46af1864a6c80a1d3bd779f58a8e26b70a4e5,7.7682641241699457,0.0085915819376363167,0.45000000000000001,0.00030918643948124602,ABSTAIN,0.050000000000000003,True,0,0,978,0.0085915819376363167,0.44969081356051877,0.44969081356051877,0.453699696029081,0.45000000000000001,0.80000000000000004,,68d4d8cfa90ec5a9dc22314a923c2e4358688b21f77c9ec37824e45c29940aee,5.3817709255963564
979,2023-09-07,2023-09-08,mix,-0.0129639082964441,-0.0058384166866700671,0.45000000000000001,0.0046852860988224609,ABSTAIN,0.050000000000000003,True,0,5,979,-0.0058384166866700671,0.45468528609882247,0.45468528609882247,0.4567315144950238,0.45000000000000001,0.93427864711279796,,6555b31db1b7ba4b7a7f8c75b7d0d9933c53ae0fbaa27de52c3c694d380dcfd7,7.6627253703773022,-0.0058384166866700671,0.45000000000000001,0.0046852860988224609,ABSTAIN,0.050000000000000003,True,0,0,979,-0.0058384166866700671,0.45468528609882247,0.45468528609882247,0.4567315144950238,0.45000000000000001,0.93427864711279796,,013476ae5563c2efc7e77609b65eb8f55ef90069b41a89149055c1db9419f967,5.6632769126445055
980,2023-09-08,2023-09-09,mix,-0.00032420540728300001,-0.00014911935757278005,0.45000000000000001,0.0032273951480006891,ABSTAIN,0.050000000000000003,True,0,5,980,-0.00014911935757278005,0.44677260485199932,0.44677260485199932,0.4605556235581163,0.45000000000000001,0.97926377198475245,,116c4acab46d40a215c3c6df3c1418c02424956b4fbcfbff35f12b8e9249b3db,7.6618029586970806,-0.00014911935757278005,0.45000000000000001,0.0032273951480006891,ABSTAIN,0.050000000000000003,True,0,0,980,-0.00014911935757278005,0.44677260485199932,0.44677260485199932,0.4605556235581163,0.45000000000000001,0.91000000000000003,,be2a2f3177e83ff85f36a193fac578285eb1b7a5da9a096381fb1f7d6ee6126b,5.3321026749908924
981,2023-09-09,2023-09-10,mix,-0.0023512514912492999,-0.0010581433386963601,0.45000000000000001,8.0252546541814684e-05,ABSTAIN,0.050000000000000003,True,0,5,981,-0.0010581433386963601,0.4499197474534582,0.4499197474534582,0.45874979202865018,0.45000000000000001,0.95801956745196237,,1b79ced0a174d1e7d0e60c0cea651bc65be9004b162808a4f741d0d89069d591,7.7532137520611286,-0.0010581433386963601,0.45000000000000001,8.0252546541814684e-05,ABSTAIN,0.050000000000000003,True,0,0,981,-0.0010581433386963601,0.4499197474534582,0.4499197474534582,0.45874979202865018,0.45000000000000001,0.95801956745196237,,99ea423f6069df342f9342ea2082f4470254cd7b67c9ae678e457591d88ed894,5.7569252885878086
982,2023-09-10,2023-09-11,mix,-0.026075649569275699,-0.011734618021614573,0.45000000000000001,0.00058255111996946551,ABSTAIN,0.050000000000000003,True,0,5,982,-0.011734618021614573,0.44941744888003055,0.44941744888003055,0.45821716086242881,0.45000000000000001,0.95175311452388045,,4cf0c49046a0bcb72c4df924e63ae779431f28a39a0ed29de97c8ad39ff394be,7.5809810385107994,-0.011734618021614573,0.45000000000000001,0.00058255111996946551,ABSTAIN,0.050000000000000003,True,0,0,982,-0.011734618021614573,0.44941744888003055,0.44941744888003055,0.45821716086242881,0.45000000000000001,0.94999999999999996,,717658e2dd42acd84feef4d2c09059e5364521a9e6802ac121667ab4d8050fcf,5.3341377526521683
983,2023-09-11,2023-09-12,mix,0.026547301163456001,0.011939677159441997,0.45000000000000001,0.0065303506795436617,ABSTAIN,0.050000000000000003,True,0,5,983,0.011939677159441997,0.44346964932045635,0.44346964932045635,0.45823483524034869,0.45000000000000001,0.95195928216744286,,40ac620dbe0c043745f35aa34aa9ce30db7855b98685ce202cf24ae31a948750,7.7349494118243456,0.011939677159441997,0.45000000000000001,0.0065303506795436617,ABSTAIN,0.050000000000000003,True,0,0,983,0.011939677159441997,0.44346964932045635,0.44346964932045635,0.45823483524034869,0.45000000000000001,0.94999999999999996,,060c81b3053567fffeb8c951b744a80d2748081f5f95ab5b8d5d80dd43d1141b,5.2976799495518208
984,2023-09-12,2023-09-13,mix,0.015038030540556101,0.0067605769140108851,0.45000000000000001,0.0064928911069187523,ABSTAIN,0.050000000000000003,True,0,5,984,0.0067605769140108851,0.45649289110691876,0.45649289110691876,0.44164299760611442,0.45000000000000001,0.75676966634522702,,b4290c4274f080674bde78d74f4fc80e26082f6ee008f150123a3ad86362d91a,7.6189951207488775,0.0067605769140108851,0.45000000000000001,0.0064928911069187523,ABSTAIN,0.050000000000000003,True,0,0,984,0.0067605769140108851,0.45649289110691876,0.45649289110691876,0.44164299760611442,0.45000000000000001,0.75676966634522702,,6e97f40476b2a749dedc238f662c36be7cf14ae53948483dbc4200b1c76092f3,5.8319774623960257
985,2023-09-13,2023-09-14,mix,0.0115051672196164,0.0051736092135501455,0.45000000000000001,0.0036968952481465367,ABSTAIN,0.050000000000000003,True,5,5,985,0.0051736092135501455,0.45369689524814655,0.45369689524814655,0.45506594528462507,0.45000000000000001,0.91468212762108603,,47059a68973e03f327835104aff75060bbbf1a563f0b488a04b199c55450d95e,10.472603099420667,0.0051736092135501455,0.45000000000000001,0.0036968952481465367,ABSTAIN,0.050000000000000003,True,0,0,985,0.0051736092135501455,0.45369689524814655,0.45369689524814655,0.45506594528462507,0.45000000000000001,0.91468212762108603,,72337c643ce0f29264a9ab28509d9dad83ea53bca741ebee802bed9aaca8b1b7,5.6351410429924726
986,2023-09-14,2023-09-15,mix,0.0028765641081709,0.0012916173194299496,0.45000000000000001,0.0028328622376655455,ABSTAIN,0.050000000000000003,True,5,5,986,0.0012916173194299496,0.45283286223766556,0.45283286223766556,0.45786870897937931,0.45000000000000001,0.94764662489632645,,893470b7b7f30859230aae97117b5b2455c39bc84619233ef3d50766bea70083,10.552429348230362,0.0012916173194299496,0.45000000000000001,0.0028328622376655455,ABSTAIN,0.050000000000000003,True,0,0,986,0.0012916173194299496,0.45283286223766556,0.45283286223766556,0.45786870897937931,0.45000000000000001,0.94999999999999996,,aac240639cf2fe8a73f8424fa3ddd6ebcb5d086a3a0e03f37b76520bd6cbf693,5.3627204168587923
987,2023-09-15,2023-09-16,mix,-0.0014661102966053001,-0.00066046019359333741,0.45000000000000001,0.00071102922225901866,ABSTAIN,0.050000000000000003,True,0,5,987,-0.00066046019359333741,0.45071102922225903,0.45071102922225903,0.46032132099452872,0.45000000000000001,0.97643203880847884,,f771ae83a9e9e9a50e6a18553287b3eac61231bf08d84af6cdcb4632739b6762,7.7473704349249601,-0.00066046019359333741,0.45000000000000001,0.00071102922225901866,ABSTAIN,0.050000000000000003,True,0,0,987,-0.00066046019359333741,0.45071102922225903,0.45071102922225903,0.46032132099452872,0.45000000000000001,0.97643203880847884,,e57d5d9d63b86bc1cf0b43918284207ba5636da51ea8b6c8a816281db6f2c679,5.7453910037875175
988,2023-09-16,2023-09-17,mix,-0.0012386115503350999,-0.00055773809712145184,0.45000000000000001,0.00036310185472537837,ABSTAIN,0.050000000000000003,True,0,5,988,-0.00055773809712145184,0.44963689814527463,0.44963689814527463,0.4609638777473764,0.45000000000000001,0.98384375914230637,,64da78caed1b6d99d3335582f53d7561fabb1fa109c6b3eaaeb41b89c95fb4f7,7.6818437334150076,-0.00055773809712145184,0.45000000000000001,0.00036310185472537837,ABSTAIN,0.050000000000000003,True,0,0,988,-0.00055773809712145184,0.44963689814527463,0.44963689814527463,0.4609638777473764,0.45000000000000001,0.98384375914230637,,8be68c1b820af1eaa0325b4c781abd298ca98835b0386721a0ea79de6698c5ec,6.5014594011008739
989,2023-09-17,2023-09-18,mix,0.0088355805511682994,0.0039757033011535992,0.45000000000000001,0.00030672732090908372,ABSTAIN,0.050000000000000003,True,5,5,989,0.0039757033011535992,0.44969327267909093,0.44969327267909093,0.46186818954171199,0.45000000000000001,0.99392279968018182,,50d23b7a093ee044a9a28ab13271462d252f96c30800876e023255dd31c244d7,10.57929403334856,0.0039757033011535992,0.45000000000000001,0.00030672732090908372,ABSTAIN,0.050000000000000003,True,0,0,989,0.0039757033011535992,0.44969327267909093,0.44969327267909093,0.46186818954171199,0.45000000000000001,0.5,,30d52db1c50d4ebda8e36cc58782872567559526caa13603a5d179f75939b395,5.2144595049321651
990,2023-09-18,2023-09-19,mix,0.0166532777850429,0.0074917805344445476,0.45000000000000001,0.0021781458539987808,ABSTAIN,0.050000000000000003,True,5,5,990,0.0074917805344445476,0.45217814585399879,0.45217814585399879,0.46180745150992131,0.45000000000000001,0.99305044377654283,,f8857444de942dbb7085e1a669d047306c27de2d34389d9b70b24a954a00f443,10.535017037764192,0.0074917805344445476,0.45000000000000001,0.0021781458539987808,ABSTAIN,0.050000000000000003,True,0,0,990,0.0074917805344445476,0.45217814585399879,0.45217814585399879,0.46180745150992131,0.45000000000000001,0.5,,8d466e00fff351ae4812f603dff8710317aece1a5ecfa8eadf0d6a06f5841013,5.3944184519350529
991,2023-09-19,2023-09-20,mix,-0.0030945415521220002,-0.0013966290297081629,0.45000000000000001,0.0040910281888135724,ABSTAIN,0.050000000000000003,True,0,5,991,-0.0013966290297081629,0.45409102818881358,0.45409102818881358,0.46162544820642609,0.45000000000000001,0.98981145514325841,,71cc044d7cc39067aa31f628ca829ddaf4883eeef571d4d6781b6df2b7cd4860,7.7275804802775383,-0.0013966290297081629,0.45000000000000001,0.0040910281888135724,ABSTAIN,0.050000000000000003,True,0,0,991,-0.0013966290297081629,0.45409102818881358,0.45409102818881358,0.46162544820642609,0.45000000000000001,0.94999999999999996,,a9c9b67f6495ee737a290f94d91c9073d661019c14de268750aee072dfa83b16,5.2933428920805454
992,2023-09-20,2023-09-21,mix,-0.020460829493087501,-0.00920813317720659,0.45000000000000001,0.00076696706930945435,ABSTAIN,0.050000000000000003,True,5,5,992,-0.00920813317720659,0.44923303293069056,0.44923303293069056,0.46188571846989612,0.45000000000000001,0.99039979647542442,,2e35cf9ee0e26ef4144a3aee2be04de7b7c20a7b75341dd88b05809aa8be29e4,10.576915053650737,-0.00920813317720659,0.45000000000000001,0.00076696706930945435,ABSTAIN,0.050000000000000003,True,0,0,992,-0.00920813317720659,0.44923303293069056,0.44923303293069056,0.46188571846989612,0.45000000000000001,0.55000000000000004,,c461059ba6d0d17b4b2f3c654bf7dbec0c812f80ff765602dc071be34b22cda1,5.306855907663703
993,2023-09-21,2023-09-22,mix,0.00044787354158820001,0.00019643094835930519,0.45000000000000001,0.005111115245439557,ABSTAIN,0.050000000000000003,True,0,5,993,0.00019643094835930519,0.44488888475456045,0.44488888475456045,0.46181850497610782,0.45000000000000001,0.9882864480864052,,4691cb0db5aa99fa6398ac406fc3da1d1617c5483f6654adb6b5c29ba2738ea1,7.7276801858097315,0.00019643094835930519,0.45000000000000001,0.005111115245439557,ABSTAIN,0.050000000000000003,True,0,0,993,0.00019643094835930519,0.44488888475456045,0.44488888475456045,0.46181850497610782,0.45000000000000001,0.65000000000000002,,cbfd7ee9dbe088186c45f9154951909312d65048555dc8452d2b70f2c222a8c5,5.9872792232781649
994,2023-09-22,2023-09-23,mix,-0.00010157287477570001,-4.581861494878936e-05,0.45000000000000001,0.00011082636525455714,ABSTAIN,0.050000000000000003,True,0,5,994,-4.581861494878936e-05,0.45011082636525457,0.45011082636525457,0.4612463401895337,0.45000000000000001,0.98530511535407606,,9278e545fc941e758bdcdc995c964f9bbb4909194b884136e44d7f086d0b452e,7.6496667265892029,-4.581861494878936e-05,0.45000000000000001,0.00011082636525455714,ABSTAIN,0.050000000000000003,True,0,0,994,-4.581861494878936e-05,0.45011082636525457,0.45011082636525457,0.4612463401895337,0.45000000000000001,0.75,,5edfed338addb5ca5c5a751fcfbe6a6568e92bc55ae7d9389a9b37c86525ff36,5.3098307512700558
995,2023-09-23,2023-09-24,mix,-0.012329189742354901,-0.0055481603850128236,0.45000000000000001,2.5140435620851775e-05,ABSTAIN,0.050000000000000003,True,0,5,995,-0.0055481603850128236,0.44997485956437916,0.44997485956437916,0.4612658084482904,0.45000000000000001,0.98460128438468675,,fbebcf54982fdaca1c0b6d92db9cbebdadc62a83492bcb91e7446bb65dede027,7.7298276666551828,-0.0055481603850128236,0.45000000000000001,2.5140435620851775e-05,ABSTAIN,0.050000000000000003,True,0,0,995,-0.0055481603850128236,0.44997485956437916,0.44997485956437916,0.4612658084482904,0.45000000000000001,0.79000000000000004,,ab33d8ab1798d43f4bbd715f793a585860cca6327ef65bcf6e9a754801b24ec1,5.2717004120349884
996,2023-09-24,2023-09-25,mix,0.0019503647410623001,0.0008745929414579745,0.45000000000000001,0.0030684989086035563,ABSTAIN,0.050000000000000003,True,0,5,996,0.0008745929414579745,0.44693150109139645,0.44693150109139645,0.46166588975106609,0.45000000000000001,0.98642128181138755,,32ae5014d099a242a97d3dd0bab0d497827152b7f438dceed3480ab00d5758b3,7.64468989148736,0.0008745929414579745,0.45000000000000001,0.0030684989086035563,ABSTAIN,0.050000000000000003,True,0,0,996,0.0008745929414579745,0.44693150109139645,0.44693150109139645,0.46166588975106609,0.45000000000000001,0.5,,7764ec1dd33e76b1a969c003e48fbcfbaa2bd5013956c22a3ddfb816dc637e23,5.3632897194474936
997,2023-09-25,2023-09-26,mix,-0.0031859847087941,-0.0014341747194817067,0.45000000000000001,0.00048229198303756382,ABSTAIN,0.050000000000000003,True,0,5,997,-0.0014341747194817067,0.45048229198303757,0.45048229198303757,0.46146987674182732,0.45000000000000001,0.98742332524526244,,fad6f4c1cee3ad4a1f955350230999576bf9198637c331727f407cd39198424c,7.7163894977420568,-0.0014341747194817067,0.45000000000000001,0.00048229198303756382,ABSTAIN,0.050000000000000003,True,0,0,997,-0.0014341747194817067,0.45048229198303757,0.45048229198303757,0.46146987674182732,0.45000000000000001,0.98742332524526244,,9d98ac73b3c6c57355109e8580e93a43d1e9eaefa266f83a61d380563bb20fb6,5.7812710870057344
998,2023-09-26,2023-09-27,mix,0.0056142706215743998,0.0025256301213354426,0.45000000000000001,0.00078966335033814339,ABSTAIN,0.050000000000000003,True,2,5,998,0.0025256301213354426,0.44921033664966187,0.44921033664966187,0.461888293336922,0.45000000000000001,0.98223963852148222,,6545e3dbdd914e1849970041d5f08c53703a1a68e01db29787fc17d3a04315c0,8.740018155425787,0.0025256301213354426,0.45000000000000001,0.00078966335033814339,ABSTAIN,0.050000000000000003,True,0,0,998,0.0025256301213354426,0.44921033664966187,0.44921033664966187,0.461888293336922,0.45000000000000001,0.98223963852148222,,8d59ff75480eadf00f23151d149d18cbe00087ebd2165886a434931165a34f00,5.8673011232167482
999,2023-09-27,2023-09-28,mix,0.0248993973321802,0.011203327239105887,0.45000000000000001,0.0013860302817485515,ABSTAIN,0.050000000000000003,True,5,5,999,0.011203327239105887,0.45138603028174856,0.45138603028174856,0.46181501954477028,0.45000000000000001,0.98857151811353083,,7615d824d72189772142f5e936f64bca8b9433e913fe7abc09814cdb3552e57b,10.513069430366158,0.011203327239105887,0.45000000000000001,0.0013860302817485515,ABSTAIN,0.050000000000000003,True,0,0,999,0.011203327239105887,0.45138603028174856,0.45138603028174856,0.46181501954477028,0.45000000000000001,0.64000000000000001,,b36f607b18b09f049d2b9ef1d6c3fb7c1ee3dced2d18af58bb9c76bfa5fcc1b1,5.2390246726572514
1000,2023-09-28,2023-09-29,mix,-0.0041742837476777999,-0.0018845105544088581,0.45000000000000001,0.0060943156852431568,ABSTAIN,0.050000000000000003,True,5,5,1000,-0.0018845105544088581,0.45609431568524317,0.45609431568524317,0.46188243465446499,0.45000000000000001,0.98864541955586682,,515e02b30fd334769870c6b665c59599ec48c6255b0e4511899122b58ff077fd,10.472017262130976,-0.0018845105544088581,0.45000000000000001,0.0060943156852431568,ABSTAIN,0.050000000000000003,True,0,0,1000,-0.0018845105544088581,0.45609431568524317,0.45609431568524317,0.46188243465446499,0.45000000000000001,0.5,,a9fa421187fcf7ba373dc6771faee02d200e3781c5c10b9bf104e945587f69f4,5.3343063443899155
1001,2023-09-29,2023-09-30,mix,0.0019658265761917002,0.00088358596408255607,0.45000000000000001,0.0010350795496339993,ABSTAIN,0.050000000000000003,True,0,5,1001,0.00088358596408255607,0.44896492045036601,0.44896492045036601,0.46203747043343618,0.45000000000000001,0.98346930446304315,,c3af7c90406168fbf9b087e3fd3cac90bfc422a03a8c865d1f2af8ece9fb88c4,7.7364791631698608,0.00088358596408255607,0.45000000000000001,0.0010350795496339993,ABSTAIN,0.050000000000000003,True,0,0,1001,0.00088358596408255607,0.44896492045036601,0.44896492045036601,0.46203747043343618,0.45000000000000001,0.5,,ac60a7ffe811a4ae74fd1ed92655e4db30abe902b3096abd0a7cd9cd9b5a4656,5.254281597211957
1002,2023-09-30,2023-10-01,mix,0.037525915431318099,0.01688616762323103,0.45000000000000001,0.00048611205221144038,ABSTAIN,0.050000000000000003,True,5,5,1002,0.01688616762323103,0.45048611205221145,0.45048611205221145,0.45918331085186492,0.45000000000000001,0.9813559458717328,,887493d186dea3ab71e3a9f38051073e8a951f679f8919cfe45a10b6ced0e8a2,10.52154921926558,0.01688616762323103,0.45000000000000001,0.00048611205221144038,ABSTAIN,0.050000000000000003,True,0,0,1002,0.01688616762323103,0.45048611205221145,0.45048611205221145,0.45918331085186492,0.45000000000000001,0.9813559458717328,,18a9df9fed2a8d398163d1172bc7b43bdd911ce80527eb4849ba8ab1d10b8a1a,5.8706927094608545
1003,2023-10-01,2023-10-02,mix,-0.016772417737582399,-0.0075566524774478561,0.45000000000000001,0.0091334309090995713,ABSTAIN,0.050000000000000003,True,0,5,1003,-0.0075566524774478561,0.45913343090909958,0.45913343090909958,0.45933800104107431,0.45000000000000001,0.92488495885325961,,de78b0430255bfa9d71024843654db48d7a46a4e07ee15b2f5d44c52253d092f,7.6736837979406118,-0.0075566524774478561,0.45000000000000001,0.0091334309090995713,ABSTAIN,0.050000000000000003,True,0,0,1003,-0.0075566524774478561,0.45913343090909958,0.45913343090909958,0.45933800104107431,0.45000000000000001,0.5,,6f3329ce0a0a11b5105601ae657638a696c751af729d8b693996a1eb0c5829a7,5.2656210213899612
1004,2023-10-02,2023-10-03,mix,-0.0027958248046738,-0.0012622986427166527,0.45000000000000001,0.0041827430109323549,ABSTAIN,0.050000000000000003,True,0,5,1004,-0.0012622986427166527,0.44581725698906766,0.44581725698906766,0.45931685574298647,0.45000000000000001,0.79514617924655773,,dedb5ccba1c6e3332b7ec41597888776085e9c293e4600e767dd1944f48da609,7.7454947885125875,-0.0012622986427166527,0.45000000000000001,0.0041827430109323549,ABSTAIN,0.050000000000000003,True,0,0,1004,-0.0012622986427166527,0.44581725698906766,0.44581725698906766,0.45931685574298647,0.45000000000000001,0.79514617924655773,,bcb85261941fa9af68b7ac14b57e38dd98a59a15f65b2ac6832f447aa37d9c67,5.8723321910947561
1005,2023-10-03,2023-10-04,mix,0.013216228434761,0.0059466058368096153,0.45000000000000001,0.00069283831370114957,ABSTAIN,0.050000000000000003,True,2,5,1005,0.0059466058368096153,0.44930716168629886,0.44930716168629886,0.45939601929337071,0.45000000000000001,0.95300060185153201,,8bb742cb1a17db1b7439d3084c7af6c0cc99fde9b71b5a3fda1a21827418b858,8.6109143327921629,0.0059466058368096153,0.45000000000000001,0.00069283831370114957,ABSTAIN,0.050000000000000003,True,0,0,1005,0.0059466058368096153,0.44930716168629886,0.44930716168629886,0.45939601929337071,0.45000000000000001,0.94999999999999996,,d7cb4f630d66d63446caf39a1c10a09890a73443b3fd02fbaba4ace56a015771,5.2950320169329643
1006,2023-10-04,2023-10-05,mix,-0.013695130420389501,-0.0061660403275319853,0.45000000000000001,0.0032516778249842559,ABSTAIN,0.050000000000000003,True,0,5,1006,-0.0061660403275319853,0.45325167782498427,0.45325167782498427,0.45937079227282362,0.45000000000000001,0.97437893158705802,,08bfe78e85386a63c0911f12b7f01c335ee36bbbabc25b3bf8f34402e8237dd1,7.6821358278393745,-0.0061660403275319853,0.45000000000000001,0.0032516778249842559,ABSTAIN,0.050000000000000003,True,0,0,1006,-0.0061660403275319853,0.45325167782498427,0.45325167782498427,0.45937079227282362,0.45000000000000001,0.5,,fbe2075fa1c21b8e34bc48b13f1c0e1d74aa43fd0f201dff78e24335d370eb51,5.3491162806749344
1007,2023-10-05,2023-10-06,mix,0.019211756164653399,0.0086418502253542417,0.45000000000000001,0.0034105634289814946,ABSTAIN,0.050000000000000003,True,5,5,1007,0.0086418502253542417,0.44658943657101852,0.44658943657101852,0.45936288553688781,0.45000000000000001,0.90290143769158082,,7094e3a2a0cd22721be4c4cfe043d1ca5cefad2751512468cd02595e88c6488d,10.522919779643416,0.0086418502253542417,0.45000000000000001,0.0034105634289814946,ABSTAIN,0.050000000000000003,True,0,0,1007,0.0086418502253542417,0.44658943657101852,0.44658943657101852,0.45936288553688781,0.45000000000000001,0.5,,6e2cf1e5449fd6801013002665cfda0323d2f82cac8a9d54e776fe782cbb11db,5.2537552881985903
1008,2023-10-06,2023-10-07,mix,0.00086623784313920001,0.00038509103738459949,0.45000000000000001,0.0047141544174162386,ABSTAIN,0.050000000000000003,True,5,5,1008,0.00038509103738459949,0.45471415441741625,0.45471415441741625,0.45937794024429918,0.45000000000000001,0.93528196819589715,,c49771391b67ae884890cc8f19ea1da88b17549278238d3b7e9a6770a2761628,10.478635344654322,0.00038509103738459949,0.45000000000000001,0.0047141544174162386,ABSTAIN,0.050000000000000003,True,0,0,1008,0.00038509103738459949,0.45471415441741625,0.45471415441741625,0.45937794024429918,0.45000000000000001,0.5,,7860d6c8893f768e6f9ccf5d2ec1ddbfc5942922364566549b7630ce4d5f90e2,5.3888544291257858
1009,2023-10-07,2023-10-08,mix,-0.0013733365282481,-0.00061821561559405325,0.45000000000000001,0.0002143103265052626,ABSTAIN,0.050000000000000003,True,0,5,1009,-0.00061821561559405325,0.45021431032650527,0.45021431032650527,0.45929944768622538,0.45000000000000001,0.77697603682340555,,4f1574cc88db7cef8cf280a8e391c9b55d7792c828a5158fd17151975657939e,7.6995215434581041,-0.00061821561559405325,0.45000000000000001,0.0002143103265052626,ABSTAIN,0.050000000000000003,True,0,0,1009,-0.00061821561559405325,0.45021431032650527,0.45021431032650527,0.45929944768622538,0.45000000000000001,0.5,,808edd84f1da09c6ec6165a5cef8eea5c354632e48c3d66ce7c4bfe27b4bea84,5.2575370110571384
1010,2023-10-08,2023-10-09,mix,-0.012223030007843,-0.0055007017437751493,0.45000000000000001,0.00034011097981595517,ABSTAIN,0.050000000000000003,True,2,5,1010,-0.0055007017437751493,0.44965988902018406,0.44965988902018406,0.45927313459645103,0.45000000000000001,0.72925484166369525,,6d419d7f6ce70e7e3805340fc28ac964b66df6200b9907b32f53106bbbaa36c0,8.7852686811238527,-0.0055007017437751493,0.45000000000000001,0.00034011097981595517,ABSTAIN,0.050000000000000003,True,0,0,1010,-0.0055007017437751493,0.44965988902018406,0.44965988902018406,0.45927313459645103,0.45000000000000001,0.53257025243840717,,e4e8eb75763614582a57ed3f05484c93f35627049c1b37bd11d554063a673719,5.9240325912833214
1011,2023-10-09,2023-10-10,mix,-0.0069032028831024,-0.003109473779470795,0.45000000000000001,0.0030419316568064403,ABSTAIN,0.050000000000000003,True,2,5,1011,-0.003109473779470795,0.44695806834319357,0.44695806834319357,0.45924837841613869,0.45000000000000001,0.6848465886281937,,7ceb23ed24a079468d6406e5b3c8239982b0fb93343fe7122f891fcaf48ffa29,8.7290073670446873,-0.003109473779470795,0.45000000000000001,0.0030419316568064403,ABSTAIN,0.050000000000000003,True,0,0,1011,-0.003109473779470795,0.44695806834319357,0.44695806834319357,0.45924837841613869,0.45000000000000001,0.56809892937547224,,a77f53c6d6f247ce58dcf6fb6b722bf01d0f7ec6a6592b9461c3c8d980faf70b,5.7202131431549788
1012,2023-10-10,2023-10-11,mix,-0.018779891205140401,-0.0084526504252492307,0.45000000000000001,0.0017138667399871355,ABSTAIN,0.050000000000000003,True,5,5,1012,-0.0084526504252492307,0.44828613326001288,0.44828613326001288,0.45931745770840382,0.45000000000000001,0.80615894447227565,,2469c156b287208b60f5cf954b081f30585491c5c9d3878f69f3b6cac28409d2,10.581719990819693,-0.0084526504252492307,0.45000000000000001,0.0017138667399871355,ABSTAIN,0.050000000000000003,True,0,0,1012,-0.0084526504252492307,0.44828613326001288,0.44828613326001288,0.45931745770840382,0.45000000000000001,0.5,,8ffd266889071ed6d315682cb5f8922a523fb3c8578d9d8b52c9d5d7548be924,5.409214686602354
1013,2023-10-11,2023-10-12,mix,-0.0042974185722896002,-0.0019385169304692029,0.45000000000000001,0.004687638073132383,ABSTAIN,0.050000000000000003,True,0,5,1013,-0.0019385169304692029,0.44531236192686763,0.44531236192686763,0.45933144350394711,0.45000000000000001,0.82889342468301241,,db0cdd23e3f123679e1d818eb43497a98f1c8573595180a34ba66fd41e8cf955,7.707568695768714,-0.0019385169304692029,0.45000000000000001,0.004687638073132383,ABSTAIN,0.050000000000000003,True,0,0,1013,-0.0019385169304692029,0.44531236192686763,0.44531236192686763,0.45933144350394711,0.45000000000000001,0.41755540495613269,,217d79df31c01269207dc3c852803726d28c8d1e17bd978fe72f67a11ee0f1c9,5.6907493826001883
1014,2023-10-12,2023-10-13,mix,0.0038264495854055999,0.0017208348065156365,0.45000000000000001,0.0010656719339039444,ABSTAIN,0.050000000000000003,True,0,5,1014,0.0017208348065156365,0.44893432806609607,0.44893432806609607,0.45933310593351701,0.45000000000000001,0.84999999999999998,,79f3440fa66f063f218ff9ebfae27a81d7029675f744b9d0d4ece7b4eecf6dfc,7.2349757552146912,0.0017208348065156365,0.45000000000000001,0.0010656719339039444,ABSTAIN,0.050000000000000003,True,0,0,1014,0.0017208348065156365,0.44893432806609607,0.44893432806609607,0.45933310593351701,0.45000000000000001,0.5,,5dfd423eb318af33dbd8340f3a854196c2734dadb6d606fd48d107a78de6bfb0,5.3701573889702559
1015,2023-10-13,2023-10-14,mix,-0.00039830997450069998,-0.00018018473742331675,0.45000000000000001,0.00094541835433642474,ABSTAIN,0.050000000000000003,True,5,5,1015,-0.00018018473742331675,0.45094541835433644,0.45094541835433644,0.4593641836021739,0.45000000000000001,0.93218571000372885,,2edcc95774b10b49ab0dc4e4504f804ab14177dc999021ca29bbcec95252d8e8,10.572220422327518,-0.00018018473742331675,0.45000000000000001,0.00094541835433642474,ABSTAIN,0.050000000000000003,True,0,0,1015,-0.00018018473742331675,0.45094541835433644,0.45094541835433644,0.4593641836021739,0.45000000000000001,0.5,,5805c333de994182ad9ff531978e1912b0fc8e0325dbe92d0b7b4578a7f19fcb,5.2585248444229364
1016,2023-10-14,2023-10-15,mix,0.0114848358457964,0.0051680770216377958,0.45000000000000001,9.8599391593456875e-05,ABSTAIN,0.050000000000000003,True,5,5,1016,0.0051680770216377958,0.44990140060840655,0.44990140060840655,0.45936505839667457,0.45000000000000001,0.91549970865320118,,116e8179e3f889bea7b11d0010aae1c455a75bc101478db094c95dbf39c03eba,10.509770544245839,0.0051680770216377958,0.45000000000000001,9.8599391593456875e-05,ABSTAIN,0.050000000000000003,True,0,0,1016,0.0051680770216377958,0.44990140060840655,0.44990140060840655,0.45936505839667457,0.45000000000000001,0.5,,b9db865c0c3ae8735b7d7b487947a05b656567ce8d2567b1b30e0c80f9d08d41,5.312638770788908
1017,2023-10-15,2023-10-16,mix,0.0496480273331074,0.022338721238577497,0.45000000000000001,0.0028278818802011663,ABSTAIN,0.050000000000000003,True,0,5,1017,0.022338721238577497,0.45282788188020118,0.45282788188020118,0.45937112158543653,0.45000000000000001,0.94677447410210724,,615d09470239be5bf879fe0b694a510afcf1c1941d064a40eff3078778f007ba,7.7110820431262255,0.022338721238577497,0.45000000000000001,0.0028278818802011663,ABSTAIN,0.050000000000000003,True,0,0,1017,0.022338721238577497,0.45282788188020118,0.45282788188020118,0.45937112158543653,0.45000000000000001,0.5,,036ba221cf73070cc11052154ffa0e6256fac3b924877d900ccf492474fcd7fb,5.2761568799614906
1018,2023-10-16,2023-10-17,mix,-0.0037215403880083001,-0.0016866924008674955,0.45000000000000001,0.012019354995538911,ABSTAIN,0.050000000000000003,True,5,5,1018,-0.0016866924008674955,0.46201935499553892,0.46201935499553892,0.45937169593613231,0.45000000000000001,0.9486467550074732,,d02f5caa77a83ffed0824c752ec2e5d542e348538c7f755ea52245c33d0a079a,10.597214970737696,-0.0016866924008674955,0.45000000000000001,0.012019354995538911,ABSTAIN,0.050000000000000003,True,0,0,1018,-0.0016866924008674955,0.46201935499553892,0.46201935499553892,0.45937169593613231,0.45000000000000001,0.9486467550074732,,aefdcb6943c7a71dcb647a4fc0f1643ca52e08fb699d28b21ceb4b741c667b3f,5.859481442719698
1019,2023-10-17,2023-10-18,mix,-0.0028834373107633001,-0.0012984682190547714,0.45000000000000001,0.00092262636210332927,ABSTAIN,0.050000000000000003,True,0,5,1019,-0.0012984682190547714,0.44907737363789668,0.44907737363789668,0.45916344659996577,0.45000000000000001,0.53070452604285445,,e22c4f5856e329b54e154a23bca119c10f82a1792f1977f2d78bc922606bed25,6.8511229082942009,-0.0012984682190547714,0.45000000000000001,0.00092262636210332927,ABSTAIN,0.050000000000000003,True,0,0,1019,-0.0012984682190547714,0.44907737363789668,0.44907737363789668,0.45916344659996577,0.45000000000000001,0.6294887744560077,,2a56ac05df3808d8e2b93b696e08ddfcd483edcd944cca741b67d77692adf7b8,5.7386184595525265
1020,2023-10-18,2023-10-19,bull,0.014169347179018001,0.0063754870963290688,0.45000000000000001,0.00071457793271662018,ABSTAIN,0,True,0,5,1020,0.0063754870963290688,0.44928542206728339,0.44928542206728339,0.4591042024051652,0.45000000000000001,0.5,,040b5496e6d0b35513aa228c1b2e889a5b5dd0bb7c69b0828cd627a11c9058f1,6.2705993056297302,0.0063754870963290688,0.45000000000000001,0.00071457793271662018,ABSTAIN,0,True,0,0,1020,0.0063754870963290688,0.44928542206728339,0.44928542206728339,0.4591042024051652,0.45000000000000001,0.5,,0b6993f5bbe15f85978c75cd605090871ac556341dcd073589db5e83c7852a76,5.3391502611339092
1021,2023-10-19,2023-10-20,mix,0.033126762524805897,0.014903506495377083,0.45000000000000001,0.0034846942973168482,ABSTAIN,0.050000000000000003,True,5,5,1021,0.014903506495377083,0.45348469429731686,0.45348469429731686,0.45926600176593729,0.45000000000000001,0.71824274072854255,,3a9bdc626fd61d783381ca546b33ac1c4591c081cfab5d21b42e2975d8cf5c42,10.543435752391815,0.014903506495377083,0.45000000000000001,0.0034846942973168482,ABSTAIN,0.050000000000000003,True,0,0,1021,0.014903506495377083,0.45348469429731686,0.45348469429731686,0.45926600176593729,0.45000000000000001,0.54228178369219393,,bb1c2cb1885e9f19aee3102955b747f73914c621fa86929f07d03906a823f2b4,5.676802521571517
1022,2023-10-20,2023-10-21,mix,0.0080338337629952006,0.0036071175399865485,0.45000000000000001,0.008078447952784118,ABSTAIN,0.050000000000000003,True,4,5,1022,0.0036071175399865485,0.45807844795278413,0.45807844795278413,0.45917305575470901,0.45000000000000001,0.55684535411580405,,a797776bb21b4eb1ab431e2dbe54f3ec04ab7bda674d3ecb392c29d2ab1de334,9.7901429925113916,0.0036071175399865485,0.45000000000000001,0.008078447952784118,ABSTAIN,0.050000000000000003,True,0,0,1022,0.0036071175399865485,0.45807844795278413,0.45807844795278413,0.45917305575470901,0.45000000000000001,0.5,,44b9313ce35fd26ce58d446ec105b42043b68f94be159cf344cb15cb188e6709,5.2672958932816982
1023,2023-10-21,2023-10-22,bull,0.0023835870142979998,0.0010706308200276737,0.45000000000000001,0.0019812113312233648,BTC,0,True,0,5,1023,0.0015581871963172844,0.45198121133122338,0.45198121133122338,0.4590142218930871,0.80000000000000004,0.72393217171934165,,f8582a6105b73d21ebe4f5b148efa0cbb4c20a6076c99a7240fcc8203e72a892,7.1622730325907469,0.0010706308200276737,0.45000000000000001,0.0019812113312233648,BTC,0,True,0,0,1023,0.0015581871963172844,0.45198121133122338,0.45198121133122338,0.4590142218930871,0.80000000000000004,0.72393217171934165,,ced56d4ac5344889b5e2e79d32113d2f30f42d2077fe024dc4b71ab62d82a1cc,6.0866686943918467
1024,2023-10-22,2023-10-23,bull,0.1019737061519068,0.045887551420511263,0.45000000000000001,0.00058930568841492059,BTC,0,True,0,5,1024,0.10175373087484751,0.45058930568841493,0.80038064807603893,0.45890363966709802,1,0.91163188529132555,,2ed9a3147320580b76b238b3763d715f11788268589f0fbc3ba6fa1b2a3f2073,6.5456178393214941,0.045887551420511263,0.45000000000000001,0.00058930568841492059,BTC,0,True,0,0,1024,0.10175373087484751,0.45058930568841493,0.80038064807603893,0.45890363966709802,1,0.91163188529132555,,ae02e6332372cea633cea6f15c8ad1b9daa0f1b9837081c9b4cae098c54c7c4b,6.0862962659448385
1025,2023-10-23,2023-10-24,bull,0.026487661083839101,0.011895028699999477,0.45000000000000001,0.024131157661386571,BTC,0,True,0,5,1025,0.026487661083839154,0.47413115766138658,1,0.45890565325488208,1,0.90818301793094358,,658775c84cdc03d591a8b7ea3cd8066bb83f394c83a5a1ce26ce7708c85b6a84,7.1252888925373554,0.011895028699999477,0.45000000000000001,0.024131157661386571,BTC,0,True,0,0,1025,0.026487661083839154,0.47413115766138658,1,0.45890565325488208,1,0.90818301793094358,,52ebbbb34acb415fd43d0ac505ba3b57a5611408488b15ea91f192e925ddeb19,5.9765513129532337
1026,2023-10-24,2023-10-25,bull,0.017094672288233002,0.0076860742171012131,0.45000000000000001,0.0064784762606607815,BTC,0,True,0,5,1026,0.017094672288233026,0.45647847626066079,1,0.45885520165815569,1,0.99354250693260837,,99fb069b07543b8666c2113defaa876dc5c22145ee1b43ae6a04f9647ff7a948,7.1292258966714144,0.0076860742171012131,0.45000000000000001,0.0064784762606607815,BTC,0,True,0,0,1026,0.017094672288233026,0.45647847626066079,1,0.45885520165815569,1,0.99354250693260837,,a32d8069ad94078fb53f58cecfc1eb7b6cc361331a58e019570843dd61b3ca49,6.1569947432726622
1027,2023-10-25,2023-10-26,bull,-0.0099458500498597995,-0.0044798123638751797,0.45000000000000001,0.0041986329766799946,BTC,0,True,0,5,1027,-0.0099458500498598168,0.45419863297668001,1,0.45885161389331558,1,0.99959917777960716,,d10d290bbb5e8105f2e781ff1e2c58ed46c40ee955663882425317df7a9b5834,7.0456453245133162,-0.0044798123638751797,0.45000000000000001,0.0041986329766799946,BTC,0,True,0,0,1027,-0.0099458500498598168,0.45419863297668001,1,0.45885161389331558,1,0.99959917777960716,,2cf095185b2af969fcd694e89d95da52865b6d9c7c7bea1856b2280ab6948c3b,6.0080196242779493
1028,2023-10-26,2023-10-27,bull,-0.0073754820121975997,-0.0033214313634224446,0.45000000000000001,0.0024726646255555651,BTC,0,True,0,5,1028,-0.0073754820121976206,0.44752733537444445,1,0.45885145176903758,1,0.99987286268175901,,3515cf6c902c1c9935bcea6db48d4d1ef2cd061e2a683a24011c0348c9b44c30,6.9317438546568155,-0.0033214313634224446,0.45000000000000001,0.0024726646255555651,BTC,0,True,0,0,1028,-0.0073754820121976206,0.44752733537444445,1,0.45885145176903758,1,0.99987286268175901,,dd732caf87b06251cdbb95415117cfad21043a84318dbf49f122a38a29439b5f,6.0708304028958082
1029,2023-10-27,2023-10-28,bull,0.0053330501625281001,0.0023980366672249342,0.45000000000000001,0.0018315105208245863,BTC,0,True,0,5,1029,0.0053330501625281634,0.44816848947917542,1,0.45885149717334278,1,0.99979621181201195,,cdce6926036f978ef4a99cdf9c3682ac262257daa38cf05a961242563c6058a6,7.0881323590874672,0.0023980366672249342,0.45000000000000001,0.0018315105208245863,BTC,0,True,0,0,1029,0.0053330501625281634,0.44816848947917542,1,0.45885149717334278,1,0.99979621181201195,,c4cd4572a0d67f96e8f0253df4feb3337d5f8ff1b66cd67b45d9a839a2f39077,5.9294529817998409
1030,2023-10-28,2023-10-29,bull,0.0130301092052835,0.0058622246515975807,0.45000000000000001,0.0013167698354126234,BTC,0,True,0,5,1030,0.01303010920528358,0.45131676983541263,1,0.45885174076543961,1,0.99938495483281164,,06079fd510356008e6a7aa8bdf9e5393fe3b9397f6ef89903afaee59ec099274,7.2016698252409697,0.0058622246515975807,0.45000000000000001,0.0013167698354126234,BTC,0,True,0,0,1030,0.01303010920528358,0.45131676983541263,1,0.45885174076543961,1,0.99938495483281164,,f2f6cbb5e9beb65594247ead6b82db08574c7245c4f085fd2c4e7c8fae94fd7f,6.1231148969382048
1031,2023-10-29,2023-10-30,bull,-0.0014133989057742,-0.00063923362098561309,0.45000000000000001,0.0032061525950089487,BTC,0,True,2,5,1031,-0.001413398905774188,0.45320615259500896,1,0.45885186924404731,1,0.99916805555486843,,74773d5a528f184d7f1ee61a8663a6bfb7bad13f57718afbbc56362b5bec523e,8.1131199058145285,-0.00063923362098561309,0.45000000000000001,0.0032061525950089487,BTC,0,True,0,0,1031,-0.001413398905774188,0.45320615259500896,1,0.45885186924404731,1,0.99916805555486843,,be2b1e1dc12a7dd16ed8d7762ce74cf31dc0700ed53afbde809289bf31d3317e,6.0143438261002302
1032,2023-10-30,2023-10-31,bull,0.0050090057689127004,0.002253701768140326,0.45000000000000001,0.00035003886422557695,BTC,0,True,2,5,1032,0.0050090057689127221,0.44964996113577443,1,0.45885150595429031,1,0.99978138644946124,,6b1a96372bf22f49b64afd2cd853651a00a392bdab385af720f1a5a2c12d0076,8.0733784642070532,0.002253701768140326,0.45000000000000001,0.00035003886422557695,BTC,0,True,0,0,1032,0.0050090057689127221,0.44964996113577443,1,0.45885150595429031,1,0.99978138644946124,,00afe78e7d4c3ec4b61b6b01d368af84d6f09e8e35f1e375fcfc7a09bb878fd7,6.1200333461165428
1033,2023-10-31,2023-11-01,bull,0.022314187921709899,0.010040135203372991,0.45000000000000001,0.0012369407981887015,BTC,0,True,2,5,1033,0.022314187921709916,0.45123694079818871,1,0.45885156201039001,1,0.99968675262471396,,a2e5961d8e053ec5842ba72d5b3ebfd365d823e9d7ba5b9cb6f28b4c624a4395,8.0962938852608204,0.010040135203372991,0.45000000000000001,0.0012369407981887015,BTC,0,True,0,0,1033,0.022314187921709916,0.45123694079818871,1,0.45885156201039001,1,0.99968675262471396,,25bd03306c38358ab9b756e5299ea952cbbc9d1c921214c88b13ad28058cb92e,5.9451342038810253
1034,2023-11-01,2023-11-02,bull,-0.013900259147804499,-0.0062605502710900707,0.45000000000000001,0.0054678566591634392,BTC,0.025000000000000001,True,2,5,1034,-0.013900259147804461,0.45546785665916345,1,0.47238021417601117,1,0.99978853720394545,,367028972af35e530eb7287d5ff8c19c41dea95fd35f3af15dbe4d3cd3236894,8.0711029507219791,-0.0062605502710900707,0.45000000000000001,0.0054678566591634392,BTC,0.025000000000000001,True,0,0,1034,-0.013900259147804461,0.45546785665916345,1,0.47238021417601117,1,0.99978853720394545,,55267d2eabe192fde27e8e44a196f626f6c7373e21c044121ed9629c1deb7b6c,6.1601506881415844
1035,2023-11-02,2023-11-03,bull,-0.0060890774489429002,-0.0027435373350949144,0.45000000000000001,0.0034619691598995472,BTC,0.025000000000000001,True,2,5,1035,-0.0060890774489429367,0.44653803084010046,1,0.47238011316232376,1,0.99996343696762358,,532ab5880d8b9117eb9dc1fcbbc32cb49f733efc19a0dc8d4bd449b42a936d31,8.222233833745122,-0.0027435373350949144,0.45000000000000001,0.0034619691598995472,BTC,0.025000000000000001,True,0,0,1035,-0.0060890774489429367,0.44653803084010046,1,0.47238011316232376,1,0.99996343696762358,,dbecc34a75e8ef7c6ba01a074afa7e8006d48028af7b64aaa057a2fa8ea3ac9f,6.036553181707859
1036,2023-11-03,2023-11-04,bull,0.0099974941458063002,0.004497354379522811,0.45000000000000001,0.001511187450454976,BTC,0.025000000000000001,True,2,5,1036,0.0099974941458063071,0.44848881254954504,1,0.47238011705854061,1,0.99995669063702475,,67e4a23cc5c077975fe55d2c0e96c5fbb48f4ff94beb2efa6a770840ac91bf79,8.0972176715731621,0.004497354379522811,0.45000000000000001,0.001511187450454976,BTC,0.025000000000000001,True,0,0,1036,0.0099974941458063071,0.44848881254954504,1,0.47238011705854061,1,0.99995669063702475,,3b9ad91541e360966fc88ff7103bd7bfb632ad98e75b2a16b7f4b973fc76d78e,6.072263840585947
1037,2023-11-04,2023-11-05,bull,-0.0013232266196693001,-0.00059791380981466524,0.45000000000000001,0.0024632977389610344,BTC,0.025000000000000001,True,0,5,1037,-0.0013232266196693265,0.45246329773896105,1,0.47238014964649533,1,0.99990026474926075,,263bd922c80bafe9fa4cc6f3b03e69728c77f42917c64554e06d6aa1a7260427,7.1611908432096243,-0.00059791380981466524,0.45000000000000001,0.0024632977389610344,BTC,0.025000000000000001,True,0,0,1037,-0.0013232266196693265,0.45246329773896105,1,0.47238014964649533,1,0.99990026474926075,,1a8567ed496ff3fe0a5b5a82b8b673db493ad58e9421965208c64bae012292c0,6.0092275440692902
1038,2023-11-05,2023-11-06,bull,0.00064535657378470002,0.00029008266932306626,0.45000000000000001,0.00032769371423879701,BTC,0.025000000000000001,True,0,5,1038,0.00064535657378472777,0.44967230628576121,1,0.47238010736336428,1,0.99997347708562045,,1b6023a3408e5577ccd8e5f1a25531b4a78a034a8391fd5685777d0d7252d080,7.0709599927067757,0.00029008266932306626,0.45000000000000001,0.00032769371423879701,BTC,0.025000000000000001,True,0,0,1038,0.00064535657378472777,0.44967230628576121,1,0.47238010736336428,1,0.99997347708562045,,d8c26a825728f19e579b9af4f60c636d4513c9eaa7e90988cbfcdd5f9583ea77,6.124729136005044
1039,2023-11-06,2023-11-07,bull,0.010961132355458999,0.0049323490929571445,0.45000000000000001,0.0001596793794499396,BTC,0.025000000000000001,True,3,5,1039,0.010961132355459036,0.45015967937944995,1,0.47238011547865161,1,0.99995942621542278,,35784a03248a5edea89d628e196c6c1586ff54d0c12208b4387f1439688d5c4c,8.7215231750160456,0.0049323490929571445,0.45000000000000001,0.0001596793794499396,BTC,0.025000000000000001,True,0,0,1039,0.010961132355459036,0.45015967937944995,1,0.47238011547865161,1,0.99995942621542278,,9260190e6bff239832aa38a42dd1fb26c2314fa81538540146af6a6313d12b85,6.0652969926595688
1040,2023-11-07,2023-11-08,bull,0.0059504150894397999,0.0026749799970295918,0.45000000000000001,0.0026995646296327225,BTC,0.025000000000000001,True,1,5,1040,0.0059504150894398311,0.45269956462963273,1,0.47238016107872388,1,0.99988047213133202,,5a0c3abac7473ba539860f7a690a6f4af5bf1ec9c8978f36c9f3466c5449ca4e,7.4154934566468,0.0026749799970295918,0.45000000000000001,0.0026995646296327225,BTC,0.025000000000000001,True,0,0,1040,0.0059504150894398311,0.45269956462963273,1,0.47238016107872388,1,0.99988047213133202,,9891420cf784a37832305a5ccbf3a89806e3884d47101e6ebd6ad98dd85757bc,6.0954233705997467
1041,2023-11-08,2023-11-09,bull,0.029845469162581299,0.013428972601808198,0.45000000000000001,0.0014687947623038267,BTC,0.025000000000000001,True,2,5,1041,0.029845469162581351,0.45146879476230384,1,0.4723801162661812,1,0.99995806271058485,,c3a3ae5896df7146a381ae946732dfc5b4c81c292ba7fd60d319252894ac118e,8.1074372176080942,0.013428972601808198,0.45000000000000001,0.0014687947623038267,BTC,0.025000000000000001,True,0,0,1041,0.029845469162581351,0.45146879476230384,1,0.4723801162661812,1,0.99995806271058485,,aab2183c1be054721c709a637430b56ca9044a93c063a1c75018f9d2191b8a67,6.0435109958052635
1042,2023-11-09,2023-11-10,bull,0.0164166700726147,0.0073801588253503692,0.45000000000000001,0.0072888608553884904,BTC,0.025000000000000001,True,0,5,1042,0.016416670072614714,0.4572888608553885,1,0.4723801015223722,1,0.99998359023768923,,588a61e3d28fa60dc1f9a0788a3cf05089dc74f96c375052a4a0177494c98b00,7.1178561728447676,0.0073801588253503692,0.45000000000000001,0.0072888608553884904,BTC,0.025000000000000001,True,0,0,1042,0.016416670072614714,0.4572888608553885,1,0.4723801015223722,1,0.99998359023768923,,3370309342cf364ab89b1bf5d9ebf9c855ce2d6523394a35ce8ce8a8d7b1af2b,6.1190276015549898
1043,2023-11-10,2023-11-11,bull,-0.0040881430447953001,-0.0018436902797994703,0.45000000000000001,0.0040333296142650576,BTC,0.025000000000000001,True,0,5,1043,-0.0040881430447953226,0.45403332961426507,1,0.47238009297126937,1,0.99999839552233283,,5c452419ab3e835b5ea94bd52ab45d6295ecce6f1399258e19f62b3b21d984c0,7.1015216987580061,-0.0018436902797994703,0.45000000000000001,0.0040333296142650576,BTC,0.025000000000000001,True,0,0,1043,-0.0040881430447953226,0.45403332961426507,1,0.47238009297126937,1,0.99999839552233283,,e5560fd07bb74219d7c253d67d4696149cd6054fd70d901996231b22142a43a8,6.0701240114867687
1044,2023-11-11,2023-11-12,bull,-0.0023176000323009002,-0.0010439326375829561,0.45000000000000001,0.0010136802349979268,BTC,0.025000000000000001,True,0,5,1044,-0.0023176000323008594,0.44898631976500208,1,0.47238009213042664,1,0.99999985134134917,,da1e19a897b7a0aeffc2b673edbd759911ab1599cddc38b8a4ea85821fe3e272,7.0935644023120403,-0.0010439326375829561,0.45000000000000001,0.0010136802349979268,BTC,0.025000000000000001,True,0,0,1044,-0.0023176000323008594,0.44898631976500208,1,0.47238009213042664,1,0.99999985134134917,,5f743f00659161114c06bd8df1e88d2ed0be7e24b6a34497f3f095d711d7aa18,6.1093867272138596
1045,2023-11-12,2023-11-13,bull,-0.015813017342786999,-0.0071164279231518135,0.45000000000000001,0.00057420485773301833,BTC,0.025000000000000001,True,5,5,1045,-0.01581301734278695,0.44942579514226699,1,0.47238009240622353,1,0.99999937383242155,,15ad077aa5d1d47f115ed454368db58a5fef6472c145f65bf8928a80cf079cba,9.964543916285038,-0.0071164279231518135,0.45000000000000001,0.00057420485773301833,BTC,0.025000000000000001,True,0,0,1045,-0.01581301734278695,0.44942579514226699,1,0.47238009240622353,1,0.99999937383242155,,9f0f33ef53f347b3fab2047084c0f72f86dfa3cc6ccd866bce558628c30b889d,6.0536021124571562
1046,2023-11-13,2023-11-14,bull,-0.025467195565582801,-0.011464134601753218,0.45000000000000001,0.0039417708733716084,BTC,0.025000000000000001,True,2,5,1046,-0.025467195565582745,0.4460582291266284,1,0.47238009272160841,1,0.99999882778120996,,c4fe194e51e9b4134c6fe31469de9c537f4f2fe3c78ca5c31c9367c8661aecab,8.0292475167661905,-0.011464134601753218,0.45000000000000001,0.0039417708733716084,BTC,0.025000000000000001,True,0,0,1046,-0.025467195565582745,0.4460582291266284,1,0.47238009272160841,1,0.99999882778120996,,f237118a5e6cf2f8dd6872e0fff1a95425560e7b418b8715e14ebae5443504ae,6.046287139877677
1047,2023-11-14,2023-11-15,bull,0.065419009657011501,0.029431990435720978,0.45000000000000001,0.0063762037146165018,BTC,0.025000000000000001,True,2,5,1047,0.065419009657011529,0.44362379628538351,1,0.47238009545867632,1,0.99999408887621644,,2f7d5a255e9aab549e0d8588f4c0b4dff554ba9f4a4a0a396a22f458b333b79f,8.2624256145209074,0.029431990435720978,0.45000000000000001,0.0063762037146165018,BTC,0.025000000000000001,True,0,0,1047,0.065419009657011529,0.44362379628538351,1,0.47238009545867632,1,0.99999408887621644,,c9a90d58bc62c83ed0a09e45db405c102acc6be38a3e98a5bfe6750b2bd0964a,5.9750074930489063
1048,2023-11-15,2023-11-16,bull,-0.045246324082704001,-0.0203762537876927,0.45000000000000001,0.015728189722214125,BTC,0.025000000000000001,True,0,5,1048,-0.045246324082704015,0.46572818972221414,1,0.47238012975488991,1,0.99993470894494796,,9539bbf97a78e4f31eab5c47f80eb5fe08fcced6fe4b6bdfe6d3280ffdf5cd88,6.9481928925961256,-0.0203762537876927,0.45000000000000001,0.015728189722214125,BTC,0.025000000000000001,True,0,0,1048,-0.045246324082704015,0.46572818972221414,1,0.47238012975488991,1,0.99993470894494796,,0dd835c182f789a60b351f04c1f60801122964dcc7b292ca97f1116f0588f39d,6.016993660479784
1049,2023-11-16,2023-11-17,bull,0.0120073448889972,0.0053918122193039597,0.45000000000000001,0.011431214404695467,BTC,0.025000000000000001,True,0,5,1049,0.01200734488899724,0.43856878559530454,1,0.47238009771390388,1,0.99999018422213803,,2241e3eecf47938b73fd7d2cde661d40d5f2e76467471cfa0b62816a1696efdf,7.097191171720624,0.0053918122193039597,0.45000000000000001,0.011431214404695467,BTC,0.025000000000000001,True,0,0,1049,0.01200734488899724,0.43856878559530454,1,0.47238009771390388,1,0.99999018422213803,,39dcf3dfdd3980f139503a240033b032e6fd80db63e54e2ed91b89e343054ccf,5.9533896408975124
1050,2023-11-17,2023-11-18,bull,-0.00073233247894550005,-0.00033250448794652776,0.45000000000000001,0.0029558465191593108,BTC,0.025000000000000001,True,0,5,1050,-0.00073233247894555209,0.45295584651915932,1,0.47238015218251739,1,0.99989587823972637,,e2c608950dfab0da8d8a04b8d2922538f9f70a00be5c758591c9753d73812690,6.39054324477911,-0.00033250448794652776,0.45000000000000001,0.0029558465191593108,BTC,0.025000000000000001,True,0,0,1050,-0.00073233247894555209,0.45295584651915932,1,0.47238015218251739,1,0.99989587823972637,,e96d33f6a55f42b44c7efb23411d02e9f9cd307a5a0b3ba5d760def00ba428eb,6.1140016000717878
1051,2023-11-18,2023-11-19,bull,0.021482911568941599,0.0096671271411841175,0.45000000000000001,0.00018131203985205513,BTC,0.025000000000000001,True,3,5,1051,0.021482911568941665,0.44981868796014796,1,0.47238011820013459,1,0.99995471475392317,,dd442a8b77032186b5a39e8f8f17605e2934f30a42e1e5cf2f2148b66633901d,8.8359772805124521,0.0096671271411841175,0.45000000000000001,0.00018131203985205513,BTC,0.025000000000000001,True,0,0,1051,0.021482911568941665,0.44981868796014796,1,0.47238011820013459,1,0.99995471475392317,,27460568f377b4362595fb21d66a8c859030f8dbf9a82d3d072639f034c64a23,6.0429077204316854
1052,2023-11-19,2023-11-20,bull,0.0026743980596559002,0.0011982066777098677,0.45000000000000001,0.0052661114800559017,BTC,0.025000000000000001,True,5,5,1052,0.0026743980596559691,0.45526611148005591,1,0.47238015039182574,1,0.99989897861361998,,f39230d9b0d6dc03429c9a215be6d17e61695aeb6e3ed9566bad434e8c2c63db,9.7883303519338369,0.0011982066777098677,0.45000000000000001,0.0052661114800559017,BTC,0.025000000000000001,True,0,0,1052,0.0026743980596559691,0.45526611148005591,1,0.47238015039182574,1,0.99989897861361998,,3c5e087a7fbf0d62a1a8a176fd45a21acd7ffd035d9c8f8ac15538a75ad2c63b,6.1170763056725264
1053,2023-11-20,2023-11-21,bull,-0.043800278207192199,-0.019710773280398497,0.45000000000000001,0.00066111787819811418,BTC,0.025000000000000001,True,5,5,1053,-0.043800278207192234,0.45066111787819813,1,0.47238013023886732,1,0.99993387109829723,,5829953248a6303e56524a8166f45f0828d992afb015469e425e6fbabaf3a4ba,9.9364020470529795,-0.019710773280398497,0.45000000000000001,0.00066111787819811418,BTC,0.025000000000000001,True,0,0,1053,-0.043800278207192234,0.45066111787819813,1,0.47238013023886732,1,0.99993387109829723,,3111edb7de30dde453ac74eec2057895a72b4ce5ebf5e912227fa9c8fe0a0a21,6.0588220581412315
1054,2023-11-21,2023-11-22,bull,0.0445975830410794,0.020057631901792217,0.45000000000000001,0.011058533944785454,BTC,0.025000000000000001,True,0,5,1054,0.044597583041079414,0.43894146605521456,1,0.47238012948713493,1,0.99993517262353837,,f6f8eb6e47c2ad6c64b1cbab5b03f0ef8de6b20dd98a9ac9c7e539b7516727b0,6.5864098016172647,0.020057631901792217,0.45000000000000001,0.011058533944785454,BTC,0.025000000000000001,True,0,0,1054,0.044597583041079414,0.43894146605521456,1,0.47238012948713493,1,0.99993517262353837,,48f0a5e39c125518001f773e96b2ca7f58e9e225befba620e687dfcd108357ae,6.1288158558309078
1055,2023-11-22,2023-11-23,bull,-0.0031461503095363001,-0.0014265730609298588,0.45000000000000001,0.010820741293878333,BTC,0.025000000000000001,True,0,5,1055,-0.0031461503095363552,0.46082074129387834,1,0.47238116562700244,1,0.99814118783166283,,f127422ac3ca9b606a7eed261f14a0b5195e99ded777dc6c8c91926ca7ab7ead,7.0995119884610176,-0.0014265730609298588,0.45000000000000001,0.010820741293878333,BTC,0.025000000000000001,True,0,0,1055,-0.0031461503095363552,0.46082074129387834,1,0.47238116562700244,1,0.99814118783166283,,98deda43cb0aba489b55f60cc797c6bc28b85c46df1e9b95cfbe0886d86d447d,6.0348987150937319
1056,2023-11-23,2023-11-24,bull,0.011374758333311001,0.0051178574824120027,0.45000000000000001,0.00077977618349672762,BTC,0.025000000000000001,True,0,5,1056,0.01137475833331103,0.44922022381650328,1,0.47238056948098583,1,0.99917337222534042,,22b7075b1eef3a9df8a4c22230e1f39636b521adb4838da29de9c3e2bd37c9b3,7.0303708128631115,0.0051178574824120027,0.45000000000000001,0.00077977618349672762,BTC,0.025000000000000001,True,0,0,1056,0.01137475833331103,0.44922022381650328,1,0.47238056948098583,1,0.99917337222534042,,cc081643f99429a4fdeadb9992fc416178dfec3f1aec53b2b921501143ca1a77,6.1488503571599722
1057,2023-11-24,2023-11-25,bull,0.0018479583639336001,0.00082877801877656587,0.45000000000000001,0.0028009158043207361,BTC,0.025000000000000001,True,0,5,1057,0.0018479583639336994,0.45280091580432075,1,0.47238103595780434,1,0.99836570907572142,,4f67d027951294c207dd64bddf598fd956f54bdf8ce990a397e0d95cca4bafdd,7.0793224386870861,0.00082877801877656587,0.45000000000000001,0.0028009158043207361,BTC,0.025000000000000001,True,0,0,1057,0.0018479583639336994,0.45280091580432075,1,0.47238103595780434,1,0.99836570907572142,,9b599e7aa607230c1cc350a0f8aaab9d63281bd40aea67e880b3cf36b7dc0aae,6.0755537245422602
1058,2023-11-25,2023-11-26,bull,-0.0088707756635879008,-0.0039923042140518339,0.45000000000000001,0.00045698967102547616,BTC,0.025000000000000001,True,0,5,1058,-0.0088707756635878487,0.45045698967102549,1,0.47238111305454222,1,0.99823222164148462,,241e4819bd0a4199050f02847b7d65048fb30f3700d545bbd5f306233cd22a20,6.9885158147662878,-0.0039923042140518339,0.45000000000000001,0.00045698967102547616,BTC,0.025000000000000001,True,0,0,1058,-0.0088707756635878487,0.45045698967102549,1,0.47238111305454222,1,0.99823222164148462,,a47a37370e51caacf2bbfb45e85962d76ba44dce0449f74d6c899584542eb621,6.135858628898859
1059,2023-11-26,2023-11-27,bull,-0.0054256404231572001,-0.0024437371247728601,0.45000000000000001,0.0022043162745614131,BTC,0.025000000000000001,True,3,5,1059,-0.0054256404231571853,0.4477956837254386,1,0.47238041202700948,1,0.99944598330885204,,72b6f6a6d0369a0ddb73c563e8d6158f765d8be9f7c4c8efe65943bfb3ff8e41,8.6130082085728645,-0.0024437371247728601,0.45000000000000001,0.0022043162745614131,BTC,0.025000000000000001,True,0,0,1059,-0.0054256404231571853,0.4477956837254386,1,0.47238041202700948,1,0.99944598330885204,,c490d4dfae67bfdc67e50a63e1c55d1633f2f61c621d142448294e37a643d2c7,5.9837239198386669
1060,2023-11-27,2023-11-28,bull,0.015428767792614999,0.0069415900279121701,0.45000000000000001,0.0013461326389788697,BTC,0.025000000000000001,True,0,5,1060,0.015428767792615039,0.44865386736102114,1,0.47238052165235145,1,0.99925617369185682,,3a99a4ef1aa6be3191905be8eda55a2e3286b7bc28a0a662662dc5db1aa8699c,7.0878613740205765,0.0069415900279121701,0.45000000000000001,0.0013461326389788697,BTC,0.025000000000000001,True,0,0,1060,0.015428767792615039,0.44865386736102114,1,0.47238052165235145,1,0.99925617369185682,,47783c8a814c0300fd640ae5a464b43f7897becf4f03981986f31f1883af84ce,6.130323763936758
1061,2023-11-28,2023-11-29,bull,0.0008513270920305,0.0003793034482346691,0.45000000000000001,0.0037922903633341165,BTC,0.025000000000000001,True,0,5,1061,0.00085132709203050716,0.45379229036333413,1,0.47238113090968725,1,0.99820124804314081,,fd1670670ae498d5c87ba200643ef1025f3fa4195a4e3c842dc6af19d426a02a,7.1197762191295624,0.0003793034482346691,0.45000000000000001,0.0037922903633341165,BTC,0.025000000000000001,True,0,0,1061,0.00085132709203050716,0.45379229036333413,1,0.47238113090968725,1,0.99820124804314081,,34391677ea336de99ca3160b498a444fe74755a8cf5bef8c152a6cb70a111ba0,6.0093404240906239
1062,2023-11-29,2023-11-30,bull,-0.0037669559245023,-0.0016953404317594511,0.45000000000000001,0.00021062276628730503,BTC,0.025000000000000001,True,0,5,1062,-0.0037669559245022688,0.45021062276628732,1,0.47238058530201382,1,0.99914596501683561,,e8502346b76a8fd9f983d963c59a94104fbcadb7b613d90527e2ca7085bedf24,7.0998169034719467,-0.0016953404317594511,0.45000000000000001,0.00021062276628730503,BTC,0.025000000000000001,True,0,0,1062,-0.0037669559245022688,0.45021062276628732,1,0.47238058530201382,1,0.99914596501683561,,9a4b6cd8c0ed98e03dbe2c80b763d3eecf830b18f9b49f4618a61c37ef1e3bf1,6.1150823011994362
1063,2023-11-30,2023-12-01,bull,0.0258611774750814,0.011636585090761598,0.45000000000000001,0.00093390468131177018,BTC,0.025000000000000001,True,2,5,1063,0.025861177475081432,0.44906609531868824,1,0.46731143974595124,1,0.99934686242851445,,2a825cb9c938f628a973d4f5da885eca9834255755dc0a1cf5062bb6fdf76524,8.1703626960515976,0.011636585090761598,0.45000000000000001,0.00093390468131177018,BTC,0.025000000000000001,True,0,0,1063,0.025861177475081432,0.44906609531868824,1,0.46731143974595124,1,0.99934686242851445,,cb6db598bc33cc873cb5a30e847ca805306402018a2acf6e0506eda9184c593a,6.0501205772161484
1064,2023-12-01,2023-12-02,bull,0.019907878888136599,0.0099098317364265665,0.5,0.043672989350301672,BTC,0.050000000000000003,True,0,5,1064,0.01990787888813661,0.45632701064969833,1,0.48097222124711564,1,0.998965306539638,,2406dc2fdc7af651a7abbdbe5779d9d2cf18df96ae2f36dbefe4941de3108b87,6.9419875927269459,0.0099098317364265665,0.5,0.043672989350301672,BTC,0.050000000000000003,True,0,0,1064,0.01990787888813661,0.45632701064969833,1,0.48097222124711564,1,0.998965306539638,,532c153ebabb67e513450ff748751a6176cd2d83588f8f6b9c8405cbcf41e396,5.9627326279878616
1065,2023-12-02,2023-12-03,bull,0.012970622224925199,0.0064803512358548865,0.5,0.004927917529361614,BTC,0.050000000000000003,True,0,5,1065,0.012970622224925288,0.50492791752936161,1,0.48096892724903662,1,0.99956366892556758,,258815c481404156673707ac640988c733808cfef47378cf18859afddafb2607,7.1225369032472372,0.0064803512358548865,0.5,0.004927917529361614,BTC,0.050000000000000003,True,0,0,1065,0.012970622224925288,0.50492791752936161,1,0.48096892724903662,1,0.99956366892556758,,e5a96d35645f5aaf3cd530814c1760aee4f8c7145d2667be4882fa85ff3ed0e4,6.0382855031639338
1066,2023-12-03,2023-12-04,bull,0.050477605816333398,0.025235499833333952,0.5,0.0032217614310210418,BTC,0.050000000000000003,True,1,5,1066,0.050477605816333426,0.50322176143102104,1,0.48096710418513455,1,0.99989483200981522,,38f6dbd7322884f0fa4b9aa347813c7e4db019c00beb04143aef0db0bddb87e3,7.4956418201327324,0.025235499833333952,0.5,0.0032217614310210418,BTC,0.050000000000000003,True,0,0,1066,0.050477605816333426,0.50322176143102104,1,0.48096710418513455,1,0.99989483200981522,,df6dd503a713a2bb141f64a5c1e005d0a248905cc6523a6de8e7a11ba571ee94,6.1165165938436985
1067,2023-12-04,2023-12-05,bull,0.0497382573033118,0.024856513800427305,0.5,0.012308743502769781,BTC,0.050000000000000003,True,2,5,1067,0.049738257303311828,0.51230874350276978,1,0.480966879085443,1,0.99993572174352119,,ddb123e1b95001d90e83519f78f8cac515c2f71e597209a6f4465ca068513437,8.1082603242248297,0.024856513800427305,0.5,0.012308743502769781,BTC,0.050000000000000003,True,0,0,1067,0.049738257303311828,0.51230874350276978,1,0.480966879085443,1,0.99993572174352119,,55c32a5c5f50a99855f9930925f461cbcc2c552b4a49d921c198f1b638ffc84c,5.9896329920738935
1068,2023-12-05,2023-12-06,bull,-0.0068041255825136999,-0.0034141543459840218,0.5,0.012132831381297726,BTC,0.050000000000000003,True,0,5,1068,-0.0068041255825137537,0.51213283138129773,1,0.48096663306034793,1,0.99998041258636705,,d0c3f518d2a27fc099e45f055efbc875d15d177c68c4389921202c3ca45fa1c9,7.0362981725484133,-0.0034141543459840218,0.5,0.012132831381297726,BTC,0.050000000000000003,True,0,0,1068,-0.0068041255825137537,0.51213283138129773,1,0.48096663306034793,1,0.99998041258636705,,97b66aba7b76faf39985400d410fda02000e5788b45436dfb0f26654a0acd35c,6.1104158405214548
1069,2023-12-06,2023-12-07,bull,-0.011115603648549599,-0.0055594991761727108,0.5,0.0017068381662445065,BTC,0.050000000000000003,True,5,5,1069,-0.011115603648549577,0.49829316183375549,1,0.48096652945255353,1,0.99999923309720462,,2f935eebf94320ba52bd7b89ababda8da1f228a20bad3634f15d26e2b5031213,10.014430643990636,-0.0055594991761727108,0.5,0.0017068381662445065,BTC,0.050000000000000003,True,0,0,1069,-0.011115603648549577,0.49829316183375549,1,0.48096652945255353,1,0.99999923309720462,,f24686f2fb40bd00edfe76b8a35c0397d8ce5709e357396f2d87903247b6a60c,6.022449217736721
1070,2023-12-07,2023-12-08,bull,0.0204621422647881,0.010228248110553118,0.5,0.0027944318103507726,BTC,0.050000000000000003,True,5,5,1070,0.020462142264788152,0.49720556818964923,1,0.48096653023056118,1,0.99999909177095481,,188d9e11bfd7b3a004aac70c906b18835ed831a8cb0dbb52621bdc7e50178a05,9.8708359766751528,0.010228248110553118,0.5,0.0027944318103507726,BTC,0.050000000000000003,True,0,0,1070,0.020462142264788152,0.49720556818964923,1,0.48096653023056118,1,0.99999909177095481,,4dbb84ba04a13c33a16cd50d50bbd5b8a7cf7dd626f413326319c14cadc10d3a,6.1095262244343758
1071,2023-12-08,2023-12-09,bull,-0.0103473644893662,-0.0051787197747651392,0.5,0.0050637282027594654,BTC,0.050000000000000003,True,2,5,1071,-0.01034736448936624,0.50506372820275947,1,0.48096654072756201,1,0.99999718497502277,,acbd9f21b1362e35e3f54857b8e948409a5daf83ab688658a5a36590f4bed451,8.1680240165442228,-0.0051787197747651392,0.5,0.0050637282027594654,BTC,0.050000000000000003,True,0,0,1071,-0.01034736448936624,0.50506372820275947,1,0.48096654072756201,1,0.99999718497502277,,e70645f7c3a5a323c2c48900eae0eb043ed4bd2db9f0826300391479a2c73f87,6.0350232869386673
1072,2023-12-09,2023-12-10,bull,0.0016606280193235999,0.0008277115563826154,0.5,0.0026002942183701028,BTC,0.050000000000000003,True,2,5,1072,0.0016606280193236511,0.4973997057816299,1,0.48096653227076896,1,0.99999872116412925,,5e9676f16c256de261b5b5a3f90fd599faf9743893918569cb2644a0689ddc8c,8.0878804754465818,0.0008277115563826154,0.5,0.0026002942183701028,BTC,0.050000000000000003,True,0,0,1072,0.0016606280193236511,0.4973997057816299,1,0.48096653227076896,1,0.99999872116412925,,688d0ca6564ca18ef7e23919aeef638dfaee44f2270ef0e63239f463f357c746,6.1825274843722582
1073,2023-12-10,2023-12-11,bull,-0.057886323673814202,-0.028943564643499675,0.5,0.0004148125801343161,BTC,0.050000000000000003,True,5,5,1073,-0.057886323673814188,0.50041481258013432,1,0.48096655146655853,1,0.99999523422019743,,6a3f11351ce8eb5f68a1b9bedabcebcbbb01b7b11a7e96473e97404e087ef6c6,9.9749445766210556,-0.028943564643499675,0.5,0.0004148125801343161,BTC,0.050000000000000003,True,0,0,1073,-0.057886323673814188,0.50041481258013432,1,0.48096655146655853,1,0.99999523422019743,,31128f3f339b049f002747892265acba6dac646bddff480663a981ae04d01435,6.0073452442884445
1074,2023-12-11,2023-12-12,bull,0.0055967481172479999,0.002783429436182816,0.5,0.014902918500454387,BTC,0.050000000000000003,True,2,5,1074,0.0049365695981926638,0.48509708149954561,1,0.48096653978068132,0.90000000000000002,0.99999735697731196,,7ddc1b99fa36e36e4e092f5e1bd3b013c336f055bc3c56f9f33135d9404ff766,8.1104838997125626,0.002783429436182816,0.5,0.014902918500454387,BTC,0.050000000000000003,True,0,0,1074,0.0049365695981926638,0.48509708149954561,1,0.48096653978068132,0.90000000000000002,0.99999735697731196,,ffecbb5a187e55dc7cb654181d4205712d8c73324cc2bf68b107d764e52ca7e7,6.0298561695963144
1075,2023-12-12,2023-12-13,bull,0.0336852508014557,0.016841206618000371,0.5,0.0013952825069402097,BTC,0.050000000000000003,True,1,5,1075,0.030316209344251721,0.50139528250694021,0.90050118283586866,0.48096706136367745,0.90000000000000002,0.99990261061130403,,25a5b4e9ac5413c1ea1fb3fd11317a5e0834652756132894f813d5cb720bb5f4,7.5038310773670673,0.016841206618000371,0.5,0.0013952825069402097,BTC,0.050000000000000003,True,0,0,1075,0.030316209344251721,0.50139528250694021,0.90050118283586866,0.48096706136367745,0.90000000000000002,0.99990261061130403,,a4644c6dce36842765e8c71ab992dd7d7a8c9bbd6b516e28944fbc5c920441ee,5.9546447526663542
1076,2023-12-13,2023-12-14,bull,0.0032972286024088001,0.0016403188226454812,0.5,0.0082818250238527735,BTC,0.050000000000000003,True,0,5,1076,0.0029645545437626541,0.50828182502385277,0.90294246661870758,0.48096674449196164,0.90000000000000002,0.99996017086195355,,6ebdef0e8ce41a3199d8322b481af7f9a6ea29bb7b749d20b4d030d3535cff0f,7.1416953317821026,0.0016403188226454812,0.5,0.0082818250238527735,BTC,0.050000000000000003,True,0,0,1076,0.0029645545437626541,0.50828182502385277,0.90294246661870758,0.48096674449196164,0.90000000000000002,0.99996017086195355,,f7f412e819d3caf2eee263f6d9439b9b7ab638d075a93e48cc067bcd271d3557,6.1190822813659906
1077,2023-12-14,2023-12-15,bull,-0.025493946669331798,-0.012747785794961608,0.5,0.00082295042276603336,BTC,0.050000000000000003,True,2,5,1077,-0.022944841086305678,0.50082295042276603,0.90029587257066457,0.48096656368886576,0.90000000000000002,0.99999301401980301,,5eb585bfcfdcaab2d6e13491d442da3c4119f75b0e28ff23883feadb04ddaf69,8.0381420776247978,-0.012747785794961608,0.5,0.00082295042276603336,BTC,0.050000000000000003,True,0,0,1077,-0.022944841086305678,0.50082295042276603,0.90029587257066457,0.48096656368886576,0.90000000000000002,0.99999301401980301,,ed88ee8f0ffac9eca282c5acc797b79830ac9c0abbd2c725e2d1e6f00cfda521,5.9615678433328867
1078,2023-12-15,2023-12-16,bull,0.0081733406472844997,0.0040801881627035019,0.5,0.0064557783011927605,BTC,0.050000000000000003,True,2,5,1078,0.0073536409714409778,0.49354422169880724,0.89765166326543477,0.48096653872036071,0.90000000000000002,0.99999754958615239,,fc7b7cc037f0141cf8e1955548e49049f89897c0010d3428a2297a23f43a333f,8.0667031854391098,0.0040801881627035019,0.5,0.0064557783011927605,BTC,0.050000000000000003,True,0,0,1078,0.0073536409714409778,0.49354422169880724,0.89765166326543477,0.48096653872036071,0.90000000000000002,0.99999754958615239,,5ce5b6a830c4bf61f4c46748883f0855f89c0cffb7e29f44f4bb69fa1375d781,6.1419056765735149
1079,2023-12-16,2023-12-17,bull,-0.021361809437519599,-0.010682918001630126,0.5,0.0020350187112458951,BTC,0.050000000000000003,True,2,5,1079,-0.019226344683742735,0.5020350187112459,0.9007302290882756,0.48096678263582326,0.90000000000000002,0.99995324197024804,,7a3b6869d7cd025b676ea0d3cc07c9a92b14dd34fe7a841b53f8c9d08d0dad50,7.991048164665699,-0.010682918001630126,0.5,0.0020350187112458951,BTC,0.050000000000000003,True,0,0,1079,-0.019226344683742735,0.5020350187112459,0.9007302290882756,0.48096678263582326,0.90000000000000002,0.99995324197024804,,654e36a5337761bfb3c14ff296181ccf5a302ea342b7e3052f6362d02f84e11e,5.9696460422128439
1080,2023-12-17,2023-12-18,bull,0.031207168704842001,0.015598102013523407,0.5,0.0053981090477807081,BTC,0.050000000000000003,True,0,5,1080,0.028084436528008405,0.49460189095221929,0.89803975011457104,0.48096659545800929,0.90000000000000002,0.9999872431069956,,7329c3fcd008f87b480b9cba3cdf293db1bd8b0ec34409fe4326084d56d3b50b,7.1034532207995653,0.015598102013523407,0.5,0.0053981090477807081,BTC,0.050000000000000003,True,0,0,1080,0.028084436528008405,0.49460189095221929,0.89803975011457104,0.48096659545800929,0.90000000000000002,0.9999872431069956,,b6594ac2fadb979f42886016a1e823f9b7798885f3bf6a01f1479a3907c207fe,6.1305768974125385
1081,2023-12-18,2023-12-19,bull,-0.0093859075427158,-0.0047005996470182998,0.5,0.0076819265867255071,BTC,0.050000000000000003,True,5,5,1081,-0.0084500256264635754,0.50768192658672551,0.9027319153738721,0.48096698297230045,0.90000000000000002,0.9999168505439352,,d3d414710643dc44d5115b19d3ba3db1181bd6ded321478429aed1c8161d08d4,9.9255672600120306,-0.0047005996470182998,0.5,0.0076819265867255071,BTC,0.050000000000000003,True,0,0,1081,-0.0084500256264635754,0.50768192658672551,0.9027319153738721,0.48096698297230045,0.90000000000000002,0.9999168505439352,,1eef54137e3656a3b7166500c0ec1ea3f689d1f20b15b0b2862dd704d2f5c34a,6.0793122835457325
1082,2023-12-19,2023-12-20,bull,0.033211624423499599,0.016603415522156162,0.5,0.0023575407152698347,BTC,0.050000000000000003,True,0,5,1082,0.029889584588436602,0.49764245928473017,0.89914807181388645,0.48096664991491267,0.90000000000000002,0.99997735092818918,,c325c9213f9d48467fd75db9f8a1facdbf37f253482e546320ecd094bf35e240,7.1321296263486147,0.016603415522156162,0.5,0.0023575407152698347,BTC,0.050000000000000003,True,0,0,1082,0.029889584588436602,0.49764245928473017,0.89914807181388645,0.48096664991491267,0.90000000000000002,0.99997735092818918,,a9988d82e8c7365302eacf912e5c64d6fba18cc275841a95e3dd23b0a8cde8e9,6.1094254963099957
1083,2023-12-20,2023-12-21,bull,0.0046515569317587997,0.0023175921888327622,0.5,0.0081672817587092883,BTC,0.050000000000000003,True,0,5,1083,0.0041834867931580533,0.50816728175870929,0.90290229525222043,0.48096728475389294,0.90000000000000002,0.99986203144511998,,0bbe9d2fb56d7a83dccfafa9bcf0b63210365b56d170627f9b8e7c2e2799e9bd,6.9518240969628096,0.0023175921888327622,0.5,0.0081672817587092883,BTC,0.050000000000000003,True,0,0,1083,0.0041834867931580533,0.50816728175870929,0.90290229525222043,0.48096728475389294,0.90000000000000002,0.99986203144511998,,c3fa63a1624d1faf2d97fe9257f3118fbc230dd3bdd41eefb5788219886ec045,5.8718926887959242
1084,2023-12-21,2023-12-22,bull,0.0023480653537257001,0.0011728711238747636,0.5,0.0011601908859608656,BTC,0.050000000000000003,True,3,5,1084,0.0022482484209214171,0.50116019088596087,0.90041689483480569,0.48096672778597072,1,0.99996320553250662,,0639344b6983051f5caed94882965b91deeeb53922ea623ccd218179f42b9e0d,8.723552830517292,0.0011728711238747636,0.5,0.0011601908859608656,BTC,0.050000000000000003,True,0,0,1084,0.0022482484209214171,0.50116019088596087,0.90041689483480569,0.48096672778597072,1,0.99996320553250662,,2d59f0d8b59ea1735519e9bd86a7763bf6f74d2d7a5006e30e863cf29a2d763b,6.1156844422221184
1085,2023-12-22,2023-12-23,bull,-0.0058791554939967997,-0.0029401623514120345,0.5,0.00058632797023505656,BTC,0.050000000000000003,True,2,5,1085,-0.0058791554939967572,0.50058632797023506,1,0.48096655506387398,1,0.9999945807624202,,d110a49728065b7618f75da323f54a90f940e697161ec6074e31d8802c254907,8.1256103496998549,-0.0029401623514120345,0.5,0.00058632797023505656,BTC,0.050000000000000003,True,0,0,1085,-0.0058791554939967572,0.50058632797023506,1,0.48096655506387398,1,0.9999945807624202,,2929b91cba678bc9b78a699657d1b7d25d79f4cc8abc56df0286e3cdf367a8f2,6.0592928864061832
1086,2023-12-23,2023-12-24,bull,-0.016675665287894801,-0.0083392944751337073,0.5,0.0014741221702271323,BTC,0.050000000000000003,True,3,5,1086,-0.01667566528789477,0.49852587782977287,1,0.48096662239286081,1,0.99998235035001504,,cb071d5989f12dd825560d87e63d5e9e063c826ae5dd0770e0b2794ab9751966,8.6410173438489437,-0.0083392944751337073,0.5,0.0014741221702271323,BTC,0.050000000000000003,True,0,0,1086,-0.01667566528789477,0.49852587782977287,1,0.48096662239286081,1,0.99998235035001504,,38fb8f786975bf6276730d5d780b4476ccc98eefe4533b6b1f4304256a078728,6.019740367308259
1087,2023-12-24,2023-12-25,bull,0.0138896967299884,0.0069406152007656097,0.5,0.0042039683061508293,BTC,0.050000000000000003,True,0,5,1087,0.01388969672998841,0.49579603169384917,1,0.4809666913464351,1,0.99996982482747365,,c08d975063c8baeaa300d39e0d4d71deac393d9e9897ee7f6f57ed310813e8b1,7.1484182458370924,0.0069406152007656097,0.5,0.0042039683061508293,BTC,0.050000000000000003,True,0,0,1087,0.01388969672998841,0.49579603169384917,1,0.4809666913464351,1,0.99996982482747365,,2c5f29ca6c55ec06d6fa59a90359a7c560048912869c59655fd85d1e5a4a221e,6.0890654642134905
1088,2023-12-25,2023-12-26,bull,-0.0244432460961253,-0.012225029377146757,0.5,0.0034484750462107083,BTC,0.050000000000000003,True,5,5,1088,-0.024443246096125248,0.50344847504621071,1,0.48096756157984294,1,0.99981174554140084,,4f2f71c849d973f91ab2a978cca903dcf60c79563ed675780c8d2ebccbcc8d21,9.8707594368606806,-0.012225029377146757,0.5,0.0034484750462107083,BTC,0.050000000000000003,True,0,0,1088,-0.024443246096125248,0.50344847504621071,1,0.48096756157984294,1,0.99981174554140084,,396599fa43f1dba46150f6900c5b304fdb8862ea4b178d93fa028011283f5ae9,6.1711120363324881
1089,2023-12-26,2023-12-27,bull,0.021950777756607899,0.01096913456033044,0.5,0.0061864196125530624,BTC,0.050000000000000003,True,5,5,1089,0.02195077775660792,0.49381358038744694,1,0.48096679643218793,1,0.99995073583481398,,83130a8699fc3cc9bf395bb6cf5e4f2123bc965d7ba889ffe279cad631c44d11,9.8643787875771523,0.01096913456033044,0.5,0.0061864196125530624,BTC,0.050000000000000003,True,0,0,1089,0.02195077775660792,0.49381358038744694,1,0.48096679643218793,1,0.99995073583481398,,11b9078e1e38c74d2fa639bec60b829a72545266352eeb043d086637f6cab71c,5.9153907541185617
1090,2023-12-27,2023-12-28,bull,-0.0199187506473479,-0.0099647493817275334,0.5,0.0054281187252646079,BTC,0.050000000000000003,True,1,5,1090,-0.019918750647347938,0.50542811872526461,1,0.48096756968383675,1,0.99981027342020479,,8f98e4f7c24b300be5b35ebc829b488bae92f7b864a020b7331b1edaecbdf3b0,7.4681996628642082,-0.0099647493817275334,0.5,0.0054281187252646079,BTC,0.050000000000000003,True,0,0,1090,-0.019918750647347938,0.50542811872526461,1,0.48096756968383675,1,0.99981027342020479,,3721b6487ef828008c6c0ae9dda597af971a5f38ec93c42de510bd1c7976623f,6.0904169511049986
1091,2023-12-28,2023-12-29,bull,-0.011946614812675,-0.005978307143048589,0.5,0.0050297811400062398,BTC,0.050000000000000003,True,5,5,1091,-0.011946614812675005,0.49497021885999376,1,0.48096684656402144,1,0.99994162931625996,,826a55c9632bc7e78d1c97c7aa1b69b6f9adce1eef507c3efe2e8555337b7bd5,9.852977380156517,-0.005978307143048589,0.5,0.0050297811400062398,BTC,0.050000000000000003,True,0,0,1091,-0.011946614812675005,0.49497021885999376,1,0.48096684656402144,1,0.99994162931625996,,6045bf39d969208f6be120e6f39ed97885d86bf9fe34a1263f0b77cd4c28a5f7,5.9507481642067432
1092,2023-12-29,2023-12-30,bull,0.0015283178520835001,0.00076115202893967115,0.5,0.0030046011092275671,BTC,0.050000000000000003,True,3,5,1092,0.0015283178520835161,0.49699539889077243,1,0.48096828987615353,1,0.99967944929324115,,a2d5e9f1869f8d705e37a2419ea1acb130e5aa8323d3e7bfdfef191db5781326,8.7446869052946568,0.00076115202893967115,0.5,0.0030046011092275671,BTC,0.050000000000000003,True,0,0,1092,0.0015283178520835161,0.49699539889077243,1,0.48096828987615353,1,0.99967944929324115,,559299a993867456d4445c3ea15e44453e12ead784c0144e288529d8cfba00b8,6.1215082090348005
1093,2023-12-30,2023-12-31,bull,0.0032228437442892999,0.0016110394692070429,0.5,0.0003817877165295247,BTC,0.050000000000000003,True,5,5,1093,0.0032228437442893831,0.50038178771652952,1,0.48097147741713692,1,0.99910042616328865,,caa4555a9c425802fcf8f1c6cc2d5a8f9c6c52569c9365bb52ad7695506111f3,9.9132334366440773,0.0016110394692070429,0.5,0.0003817877165295247,BTC,0.050000000000000003,True,0,0,1093,0.0032228437442893831,0.50038178771652952,1,0.48097147741713692,1,0.99910042616328865,,638541bb4c63e89ceabe2479299d281e84b59c1a551bc7193d78b1f74c0fe3ed,5.9988927152007818
1094,2023-12-31,2024-01-01,bull,0.045204329055532601,0.022601341931568708,0.5,0.00080441468465530797,BTC,0.050000000000000003,True,2,5,1094,0.045204329055532622,0.50080441468465531,1,0.47596545007075103,1,0.99786104213784077,,054c9a4f3e3b8c667e37a05de7fa2356e4d18eddcf3f4b8b26dfa118d25e4ef5,8.0920117478817701,0.022601341931568708,0.5,0.00080441468465530797,BTC,0.050000000000000003,True,0,0,1094,0.045204329055532622,0.50080441468465531,1,0.47596545007075103,1,0.99786104213784077,,197c1f8bfc0a61c93c738a8a9a25df1434d4c91bc28cdd79b14ab847ec77537d,6.1452426388859749
1095,2024-01-01,2024-01-02,bull,0.017207820131542401,0.0085927636824025821,0.5,0.011051298985957025,BTC,0.075000000000000011,True,0,5,1095,0.017207820131542428,0.51105129898595703,1,0.48973783491307837,1,0.9996166834573188,,68e0b67b7ba6a018c60ff468048b61c8e1eb2e444de08033c4ee5a12868fc484,7.1019939724355936,0.0085927636824025821,0.5,0.011051298985957025,BTC,0.075000000000000011,True,0,0,1095,0.017207820131542428,0.51105129898595703,1,0.48973783491307837,1,0.9996166834573188,,a38e033dcd9075e2136a14a2d182a843611468f323331bf6a32bfa41ff6a828f,5.9997814800590277
1096,2024-01-02,2024-01-03,bull,-0.046894225442053003,-0.02345127797020552,0.5,0.0042652571440111586,BTC,0.075000000000000011,True,2,5,1096,-0.046894225442053017,0.50426525714401116,1,0.48973833166807978,1,0.99956822692873715,,593ef5d14bde1f065e7f7b4d3a3ae633fb864feeb3c45e253b519e9544f144cb,8.059742271900177,-0.02345127797020552,0.5,0.0042652571440111586,BTC,0.075000000000000011,True,0,0,1096,-0.046894225442053017,0.50426525714401116,1,0.48973833166807978,1,0.99956822692873715,,4e3bf346a2c6a97edb2363d6bdcf20795a9d484d8131b1cbecea5700c9d744a7,6.0886315647512674
1097,2024-01-03,2024-01-04,bull,0.0308361405450077,0.015405880138071426,0.5,0.012005039883891289,BTC,0.075000000000000011,True,0,5,1097,0.027649751237857956,0.48799496011610871,1,0.48990162796621206,0.90000000000000002,0.98363924609675557,,395e241c21c89560fb2660d759dd6bc5f27194706cda278de88dc3758beeaa30,7.1066332999616861,0.015405880138071426,0.5,0.012005039883891289,BTC,0.075000000000000011,True,0,0,1097,0.027649751237857956,0.48799496011610871,1,0.48990162796621206,0.90000000000000002,0.98363924609675557,,155dd88729368023167235d2c47d3bd937c8be4b7a24eaef17677b1dc74be333,6.0645827185362577
1098,2024-01-04,2024-01-05,bull,-2.2646466019127232e-06,-8.7242961372968608e-06,0.5,0.0075919814330103197,BTC,0.075000000000000011,True,4,5,1098,-4.7384886021628603e-06,0.50759198143301032,0.90270031216418167,0.48980236810641015,0.90000000000000002,0.99332171188658636,,08b54ed8646ff65b6c0a6bc334abdfc0dbc5f901b3f1a74b1b8b7761bb09c4cb,9.411801777780056,-8.7242961372968608e-06,0.5,0.0075919814330103197,BTC,0.075000000000000011,True,0,0,1098,-4.7384886021628603e-06,0.50759198143301032,0.90270031216418167,0.48980236810641015,0.90000000000000002,0.99332171188658636,,5187df2d0d05684e2544b6dcefb4266849edb1629cc00c36a21b8eead962951c,6.1234053950756788
1099,2024-01-05,2024-01-06,bull,-0.0042801917707084997,-0.0021400964503049957,0.5,5.6616229160422193e-07,BTC,0.075000000000000011,True,4,5,1099,-0.0038521727966711605,0.4999994338377084,0.89999979618139037,0.48979040733318407,0.90000000000000002,0.99448843264876485,,0a98f44840a195873572f96588a2a813d0c5ab159dc71dce7649bb5860fe2acc,9.4877355713397264,-0.0021400964503049957,0.5,5.6616229160422193e-07,BTC,0.075000000000000011,True,0,0,1099,-0.0038521727966711605,0.4999994338377084,0.89999979618139037,0.48979040733318407,0.90000000000000002,0.99448843264876485,,9ad361678c122170ab28be2a29a413eac648e431af0f5c724e4d5be8d2486777,6.0510905236005783
1100,2024-01-06,2024-01-07,bull,-0.00092340093568250002,-0.00046277231559921361,0.5,0.0010723428592178119,BTC,0.075000000000000011,True,0,5,1100,-0.00083144722765848833,0.49892765714078219,0.89961329307883275,0.48979263657933358,0.90000000000000002,0.99427097840880685,,3c077b5e7e41e42a75fa220d8b5a9530420574e226572d2fa10b124f786ec5c1,7.2298851944506168,-0.00046277231559921361,0.5,0.0010723428592178119,BTC,0.075000000000000011,True,0,0,1100,-0.00083144722765848833,0.49892765714078219,0.89961329307883275,0.48979263657933358,0.90000000000000002,0.99427097840880685,,e1e777b242e4568cd79ce439becf2ed930842281983a834342b910d8f810b12f,6.1306687518954277
1101,2024-01-07,2024-01-08,bull,0.069089154125111005,0.031038802987675584,0.45000000000000001,0.049769043133185864,ABSTAIN,0.075000000000000011,True,0,5,1101,0.037635821442427497,0.49976904313318588,0.89991682479213031,0.44857325822601318,0.55000000000000004,0.5,,7c19783b89098fbc1f11353476c2ae51308e5825a2070a6edf656852caec594e,6.4506854452192783,0.031038802987675584,0.45000000000000001,0.049769043133185864,ABSTAIN,0.075000000000000011,True,0,0,1101,0.037635821442427497,0.49976904313318588,0.89991682479213031,0.44857325822601318,0.55000000000000004,0.5,,966030852c5d2ef9d135bcfb65ed3ee620405bac0c6bf49372f3d5351a168d48,5.2727788519114256
1102,2024-01-08,2024-01-09,bull,-0.017741928614928501,-0.0089040839069396416,0.5,0.033416031901614907,BTC,0.075000000000000011,True,2,5,1102,-0.016295936506473874,0.46658396809838509,0.56647358530518632,0.48974918259495998,0.90000000000000002,0.99850976184578322,,a2835170b474a68449981525f436e8ae61277b9ff137e0a231406f28310531b7,8.0849026441574097,-0.0089040839069396416,0.5,0.033416031901614907,BTC,0.075000000000000011,True,0,0,1102,-0.016295936506473874,0.46658396809838509,0.56647358530518632,0.48974918259495998,0.90000000000000002,0.99850976184578322,,603398555475f4c54ade4628c6e67c9ca12fc9e225cbe0d765719562f86ead17,6.1559163052588701
1103,2024-01-09,2024-01-10,bull,0.0108456719200502,0.0054183365105233694,0.5,0.0044751813275583086,BTC,0.075000000000000011,True,5,5,1103,0.0097594662046878167,0.49552481867244169,0.89837731583266112,0.48978164112075967,0.90000000000000002,0.99534355230453719,,95ccb7f3b11ffe34496e139e849ee7691cf047b2e4e8b852ce4f50957d8f2faf,9.937146570533514,0.0054183365105233694,0.5,0.0044751813275583086,BTC,0.075000000000000011,True,0,0,1103,0.0097594662046878167,0.49552481867244169,0.89837731583266112,0.48978164112075967,0.90000000000000002,0.99534355230453719,,d2de9617d16b679446491663a0279e086ce35d52fb9840afb15b949079b1594d,6.0542075056582689
1104,2024-01-10,2024-01-11,bull,-0.0060283984533331001,-0.0030168878917031794,0.5,0.0026967937101046724,BTC,0.075000000000000011,True,0,5,1104,-0.0061268347663275824,0.50269679371010467,0.9009666746602083,0.48974232459096151,1,0.99917873317945238,,df513e29761c601178121ed7e6f91abbe5cf1c86f5866b59de6ccf8f7ec3665b,7.0819216407835484,-0.0030168878917031794,0.5,0.0026967937101046724,BTC,0.075000000000000011,True,0,0,1104,-0.0061268347663275824,0.50269679371010467,0.9009666746602083,0.48974232459096151,1,0.99917873317945238,,06d2d4b033a026a9fff8548c5da9044630eaa742463a2c6ffcb100f0c102eae4,6.0879756510257721
1105,2024-01-11,2024-01-12,bull,-0.075780720718388095,-0.03789181473804748,0.5,0.0015116560458175998,BTC,0.075000000000000011,True,5,5,1105,-0.075780720718388039,0.4984883439541824,1,0.48975117779246102,1,0.99831513786560921,,4c5bf50865f5df94714a267b1fc67690ce80f2279e3232e10d5a7fe520a1a2fb,9.9486753400415182,-0.03789181473804748,0.5,0.0015116560458175998,BTC,0.075000000000000011,True,0,0,1105,-0.075780720718388039,0.4984883439541824,1,0.48975117779246102,1,0.99831513786560921,,3515c7e2e75c054ac65c51ae26f21844a2324517b69f17b791868fef08aead87,6.0293547790497541
1106,2024-01-12,2024-01-13,bull,0.00035951153121560001,0.00013146657596174727,0.45000000000000001,0.030308709736376782,ABSTAIN,0.075000000000000011,True,0,5,1106,-0.00011639929358309153,0.48030870973637679,1,0.44965990255126931,0.65000000000000002,0.5,,35a29cb0627fcfa4d279cf791f8f7387b7efc93e4be2c538a160497f74751a8d,6.4279459584504366,0.00013146657596174727,0.45000000000000001,0.030308709736376782,ABSTAIN,0.075000000000000011,True,0,0,1106,-0.00011639929358309153,0.48030870973637679,1,0.44965990255126931,0.65000000000000002,0.5,,ef13ecabc702263a3366f8c0b90185416f390c3606c8c2fb3f7657f82980ef54,5.338846342638135
1107,2024-01-13,2024-01-14,bull,-0.025791516243381201,-0.01160627024169214,0.45000000000000001,8.8964711248029626e-05,ABSTAIN,0.075000000000000011,True,0,5,1107,-0.011803941893789971,0.45008896471124804,0.65008176976518872,0.449877242496729,0.45000000000000001,0.5,,b5935d340cc7335fbc174bc170e57b2da8615fc5e4b776a3758378e3040c8e0c,6.4531955700367689,-0.01160627024169214,0.45000000000000001,8.8964711248029626e-05,ABSTAIN,0.075000000000000011,True,0,0,1107,-0.011803941893789971,0.45008896471124804,0.65008176976518872,0.449877242496729,0.45000000000000001,0.5,,0c8ba7416dbcb43f0084d682ebb98337610ccfc5cda12b395194c0cfcc0c011d,5.3081486206501722
1108,2024-01-14,2024-01-15,mix,0.0183154833625176,0.0082354559264226079,0.45000000000000001,0.0064583571406310325,ABSTAIN,0.050000000000000003,True,0,5,1108,0.0082354559264226079,0.44354164285936898,0.44354164285936898,0.4539047297055675,0.45000000000000001,0.5,,1ff674598ed263bc1157167fd037fa0d4ca0145be106a703dd018bfddd700fcb,6.3647642321884632,0.0082354559264226079,0.45000000000000001,0.0064583571406310325,ABSTAIN,0.050000000000000003,True,0,0,1108,0.0082354559264226079,0.44354164285936898,0.44354164285936898,0.4539047297055675,0.45000000000000001,0.6311312824167814,,2d52d61095454b7e5a61910e3bceea210a0fe0b16977e42ac3e40587e0b85461,5.7440648432821035
1109,2024-01-15,2024-01-16,bull,0.014932711058627699,0.0067151937383147509,0.45000000000000001,0.0044960260317314371,ABSTAIN,0.075000000000000011,True,0,5,1109,0.0067151937383147509,0.45449602603173145,0.45449602603173145,0.45242691607264057,0.45000000000000001,0.5,,e1a52c7b304fd194e7f33e177d7c18d9eb7973723f4abba06386104b495cf2f7,6.3822264280170202,0.0067151937383147509,0.45000000000000001,0.0044960260317314371,ABSTAIN,0.075000000000000011,True,0,0,1109,0.0067151937383147509,0.45449602603173145,0.45449602603173145,0.45242691607264057,0.45000000000000001,0.59999999999999998,,6ee0a3d2e028478000e550cc1ff508a45c179fc46671bf9ab8aacbda49559650,5.2439836207777262
1110,2024-01-16,2024-01-17,bull,-0.0087332398512012001,-0.0044127464485301804,0.5,0.04632882329244814,BTC,0.075000000000000011,True,0,5,1110,-0.0073305010461084397,0.45367117670755186,0.45367117670755186,0.4916721966756164,0.80000000000000004,0.81091381893284875,,e3b5784eb377202e95ba46ea585b76a6343e4facc78faf2ec392d3d8904e4a94,6.616184500977397,-0.0044127464485301804,0.5,0.04632882329244814,BTC,0.075000000000000011,True,0,0,1110,-0.0073305010461084397,0.45367117670755186,0.45367117670755186,0.4916721966756164,0.80000000000000004,0.81091381893284875,,3705d29d49e4ba75de375affacf0a1d566ee3054776f1dc981968a45cbe74d95,5.4484976511448622
1111,2024-01-17,2024-01-18,bull,-0.034511219653625198,-0.015577113511847318,0.45000000000000001,0.047807114539854867,ABSTAIN,0.075000000000000011,True,0,5,1111,-0.015873228030581443,0.49780711453985488,0.79859285044414563,0.4525762160643535,0.45000000000000001,0.5,,5cf3fefca2d6862e9dc6b6a8c38a96f36c900f331d7bfbb5df32dc3e718cb97c,6.4165591765195131,-0.015577113511847318,0.45000000000000001,0.047807114539854867,ABSTAIN,0.075000000000000011,True,0,0,1111,-0.015873228030581443,0.49780711453985488,0.79859285044414563,0.4525762160643535,0.45000000000000001,0.59999999999999998,,44d72689ac0d6fcb11ded6e0d9d8953e453d0025df28f45f9a66c163421696ff,5.2532809618860483
1112,2024-01-18,2024-01-19,mix,0.0086044264482584999,0.0038632820375126276,0.45000000000000001,0.0086762697573893321,ABSTAIN,0.050000000000000003,True,0,5,1112,0.0038632820375126276,0.44132373024261068,0.44132373024261068,0.4574314967999385,0.45000000000000001,0.81907257836897807,,d2cb6cae4469816508281be2fd17aaeb6820cd9782ca42b32b774dbee4de3286,7.7555504962801933,0.0038632820375126276,0.45000000000000001,0.0086762697573893321,ABSTAIN,0.050000000000000003,True,0,0,1112,0.0038632820375126276,0.44132373024261068,0.44132373024261068,0.4574314967999385,0.45000000000000001,0.80000000000000004,,418e93ed0b338d31cd2985835a74f2feb4b8d3d4915032eeba19d70c76daa0b8,5.4233350958675146
1113,2024-01-19,2024-01-20,mix,0.0011381098732231999,0.00051002697491253635,0.45000000000000001,0.0021213815736703112,ABSTAIN,0.050000000000000003,True,0,5,1113,0.00051002697491253635,0.45212138157367032,0.45212138157367032,0.45720532613297338,0.45000000000000001,0.84999999999999998,,98ebc2f000f8b4b072a8c38c0f594baa70d21d9b6b14d39114d1823a11cc0451,6.3507109731435776,0.00051002697491253635,0.45000000000000001,0.0021213815736703112,ABSTAIN,0.050000000000000003,True,0,0,1113,0.00051002697491253635,0.45212138157367032,0.45212138157367032,0.45720532613297338,0.45000000000000001,0.80000000000000004,,98013bdec40785475246e919717faf66bddf1ef89fba76468e938cb81a311647,5.2689090110361576
1114,2024-01-20,2024-01-21,mix,-0.0026909443247937,-0.0012112061432398846,0.45000000000000001,0.00028153800409075336,ABSTAIN,0.050000000000000003,True,0,5,1114,-0.0012112061432398846,0.45028153800409076,0.45028153800409076,0.4566125283636342,0.45000000000000001,0.75,,ecbd1096a14e996283f4489a6096f6674c625d16a4da8a782273ae84362fac43,7.2651636768132448,-0.0012112061432398846,0.45000000000000001,0.00028153800409075336,ABSTAIN,0.050000000000000003,True,0,0,1114,-0.0012112061432398846,0.45028153800409076,0.45028153800409076,0.4566125283636342,0.45000000000000001,0.75,,69ecb8915f63b7f9bd3b45b14a81f4949cf4f816cc03395d581604e2cd19c295,5.3258849512785673
1115,2024-01-21,2024-01-22,mix,-0.048740837645972201,-0.02193402913134157,0.45000000000000001,0.00066681618473901638,ABSTAIN,0.050000000000000003,True,5,5,1115,-0.02193402913134157,0.44933318381526099,0.44933318381526099,0.45839749943394342,0.45000000000000001,0.90865414380774645,,6638d1434563db9a932334e2fccd392de3a3febc6e1cf03ba320a61aa3a6d3c9,10.568908676505089,-0.02193402913134157,0.45000000000000001,0.00066681618473901638,ABSTAIN,0.050000000000000003,True,0,0,1115,-0.02193402913134157,0.44933318381526099,0.44933318381526099,0.45839749943394342,0.45000000000000001,0.90865414380774645,,b3d1a1ed14c57b1a8042a63501a2643ecd854a6110f63d49a3f966aef46c1d87,5.7212140541523695
1116,2024-01-22,2024-01-23,mix,0.0084031913925433008,0.0037690556058833646,0.45000000000000001,0.012333880978010359,ABSTAIN,0.050000000000000003,True,5,5,1116,0.0037690556058833646,0.43766611902198965,0.43766611902198965,0.45903667913344731,0.45000000000000001,0.63140246437846181,,939e6a6bd086749ea5d7c924d043c7f3a8daa7aeb7c704d5d441b783cefffeb8,10.64233142323792,0.0037690556058833646,0.45000000000000001,0.012333880978010359,ABSTAIN,0.050000000000000003,True,0,0,1116,0.0037690556058833646,0.43766611902198965,0.43766611902198965,0.45903667913344731,0.45000000000000001,0.99353880334919475,,8707460a53efef4b77af99f2a23db3ac0bf2b8a18baec148f037ba4fc714db9f,6.6985720712691545
1117,2024-01-23,2024-01-24,mix,0.0049437436072279003,0.0022226080589018427,0.45000000000000001,0.0020719549045257746,ABSTAIN,0.050000000000000003,True,5,5,1117,0.0022226080589018427,0.45207195490452579,0.45207195490452579,0.4592437213662845,0.45000000000000001,0.63140246437846181,,c0957d5d2398af69cca97e3c93872712604d9197ce9fdfcc1603585047c8943a,10.485319344326854,0.0022226080589018427,0.45000000000000001,0.0020719549045257746,ABSTAIN,0.050000000000000003,True,0,0,1117,0.0022226080589018427,0.45207195490452579,0.45207195490452579,0.4592437213662845,0.45000000000000001,0.5,,06f5d690754376d8a31739ccd90bd42c509a7c77435135ecd2355a8eef9dab4c,5.252998324111104
1118,2024-01-24,2024-01-25,mix,-0.0037494387067804002,-0.0016884662186705812,0.45000000000000001,0.0012208605131781569,ABSTAIN,0.050000000000000003,True,5,5,1118,-0.0016884662186705812,0.45122086051317817,0.45122086051317817,0.45921062204433688,0.45000000000000001,0.63140246437846181,,659c7e85dc551ae4c341e6c6f69fb0aa3dd839da2b38eaf19780ab15d9894a01,10.591435361653566,-0.0016884662186705812,0.45000000000000001,0.0012208605131781569,ABSTAIN,0.050000000000000003,True,0,0,1118,-0.0016884662186705812,0.45122086051317817,0.45122086051317817,0.45921062204433688,0.45000000000000001,0.5,,e34ddffd4e7057db24fa47bd58d4065bcd475e8b36cfed3297b2f921fb549d06,5.3737488556653261
1119,2024-01-25,2024-01-26,mix,0.046965497036486302,0.021133524466306008,0.45000000000000001,0.00092955446830472743,ABSTAIN,0.050000000000000003,True,0,5,1119,0.021133524466306008,0.44907044553169528,0.44907044553169528,0.45920772027183432,0.45000000000000001,0.99379673413492198,,0c0ca32183bdb63997c88ba708a4b0b6f10630f091e97d7fb0738ad8c983d8c3,7.5951160565018654,0.021133524466306008,0.45000000000000001,0.00092955446830472743,ABSTAIN,0.050000000000000003,True,0,0,1119,0.021133524466306008,0.44907044553169528,0.44907044553169528,0.45920772027183432,0.45000000000000001,0.99379673413492198,,61d6299fc68171d83efd8dbee0a9222903564c0827e5f58ed96d33a2e7e4d17f,6.4902768991887569
1120,2024-01-26,2024-01-27,mix,0.0074046968164107,0.0033206922578765674,0.45000000000000001,0.011383378797108046,ABSTAIN,0.050000000000000003,True,5,5,1120,0.0033206922578765674,0.46138337879710806,0.46138337879710806,0.45906646497553938,0.45000000000000001,0.96975330651211478,,3f31cffb22bfd4cd6868ff9352b14d64045a0fec4de1568246fc162074351184,10.517025541514158,0.0033206922578765674,0.45000000000000001,0.011383378797108046,ABSTAIN,0.050000000000000003,True,0,0,1120,0.0033206922578765674,0.46138337879710806,0.46138337879710806,0.45906646497553938,0.45000000000000001,0.5,,f60fc9f933b4075bf06cc150fe3b15976668594581221d09825a26b39b29687c,5.4071375317871571
1121,2024-01-27,2024-01-28,mix,-0.0021414547172544001,-0.00096547943867897335,0.45000000000000001,0.001826576103046873,ABSTAIN,0.050000000000000003,True,0,5,1121,-0.00096547943867897335,0.45182657610304688,0.45182657610304688,0.4583510891029835,0.45000000000000001,0.90461818478173905,,f764f4cb984ea68ded7fe7a9a0f250ff578505758db7f7e0c86900578bfb8a6d,7.6517487093806267,-0.00096547943867897335,0.45000000000000001,0.001826576103046873,ABSTAIN,0.050000000000000003,True,0,0,1121,-0.00096547943867897335,0.45182657610304688,0.45182657610304688,0.4583510891029835,0.45000000000000001,0.90461818478173905,,b1d17d29abd5e822aedb0cf3de0d0d8324a071513e873a32a1061c368b0a82d5,5.7005333062261343
1122,2024-01-28,2024-01-29,mix,0.030194595854934701,0.0135870304049448,0.45000000000000001,0.00053052128180614,ABSTAIN,0.050000000000000003,True,0,5,1122,0.0135870304049448,0.44946947871819387,0.44946947871819387,0.45849986695715911,0.45000000000000001,0.91806074428034823,,d02e74dd33b91a55029c4e39e216b34804315c4ca4735d228369f890b9c8fb8a,7.6739392392337322,0.0135870304049448,0.45000000000000001,0.00053052128180614,ABSTAIN,0.050000000000000003,True,0,0,1122,0.0135870304049448,0.44946947871819387,0.44946947871819387,0.45849986695715911,0.45000000000000001,0.91806074428034823,,5780b55d847dd57ded3490e062d1b8be488dd42d7c905999613de493874c74cb,5.9110290464013815
1123,2024-01-29,2024-01-30,mix,-0.0081663194749168003,-0.0036821896507416296,0.45000000000000001,0.0073729815844614799,ABSTAIN,0.050000000000000003,True,0,5,1123,-0.0036821896507416296,0.45737298158446149,0.45737298158446149,0.45677829957752758,0.45000000000000001,0.76065114105568665,,e81e1dc3e86b140dc2fcccf4e9950093f2f25dea59fdaf328707f322db59f50e,7.7038285601884127,-0.0036821896507416296,0.45000000000000001,0.0073729815844614799,ABSTAIN,0.050000000000000003,True,0,0,1123,-0.0036821896507416296,0.45737298158446149,0.45737298158446149,0.45677829957752758,0.45000000000000001,0.5,,e2916aecdda40dc513eb148fa57728e099341c79f5e338c9c8a7899055028a55,5.2745278235524893
1124,2024-01-30,2024-01-31,mix,-0.0085153051958029996,-0.0038339081835997435,0.45000000000000001,0.0020286189276571553,ABSTAIN,0.050000000000000003,True,0,5,1124,-0.0038339081835997435,0.44797138107234286,0.44797138107234286,0.45873418022594797,0.45000000000000001,0.93893794597315117,,5077c286ae05b3fcd060b7f8ad4d901b3c6047527fed2598540e4644df7cf185,7.7071784809231758,-0.0038339081835997435,0.45000000000000001,0.0020286189276571553,ABSTAIN,0.050000000000000003,True,0,0,1124,-0.0038339081835997435,0.44797138107234286,0.44797138107234286,0.45873418022594797,0.45000000000000001,0.5,,150f017bcb5920eb8522dcb1b303f41d8fa176ce9b85f8010deea297e5215eaf,5.3717589471489191
1125,2024-01-31,2024-02-01,mix,0.0117636007092449,0.0052914934747900766,0.45000000000000001,0.0021156449490534746,ABSTAIN,0.050000000000000003,True,5,5,1125,0.0052914934747900766,0.44788435505094654,0.44788435505094654,0.45915172026619,0.45000000000000001,0.98123229009710156,,61e76e068cdf92c51cc87f66c016c78e76eac40af14e424386bfb3d8299b3f59,10.506421104073524,0.0052914934747900766,0.45000000000000001,0.0021156449490534746,ABSTAIN,0.050000000000000003,True,0,0,1125,0.0052914934747900766,0.44788435505094654,0.44788435505094654,0.45915172026619,0.45000000000000001,0.98123229009710156,,ca94485b9fbcd6d9be05164f4e6cc26940991c5b58e5ef7b153735890f7ee25e,6.547287842258811
1126,2024-02-01,2024-02-02,mix,0.0026299052491329002,0.0011805577746240026,0.45000000000000001,0.0028961600040929292,ABSTAIN,0.050000000000000003,True,0,5,1126,0.0011805577746240026,0.45289616000409294,0.45289616000409294,0.45904603341919581,0.45000000000000001,0.97106853376962321,,049592759d1019b56e0fb635ced53c0a85616c1703f11944aad60b30ac42b9b6,7.7431390732526779,0.0011805577746240026,0.45000000000000001,0.0028961600040929292,ABSTAIN,0.050000000000000003,True,0,0,1126,0.0011805577746240026,0.45289616000409294,0.45289616000409294,0.45904603341919581,0.45000000000000001,0.97106853376962321,,11527618f2fd6a6abcaaada552b47fba5f8178ef03245808eeca29e0b98aa756,5.8047187924385071
1127,2024-02-02,2024-02-03,mix,-0.0043755368135442998,-0.001969640418135743,0.45000000000000001,0.00065013214548648168,ABSTAIN,0.050000000000000003,True,0,5,1127,-0.001969640418135743,0.45065013214548649,0.45065013214548649,0.45866434240485709,0.45000000000000001,0.93210351729621999,,b0bea5add9b4db04eb3d214ef82887f175a8917351a8172f8a12ce744ba27a0b,7.573391767218709,-0.001969640418135743,0.45000000000000001,0.00065013214548648168,ABSTAIN,0.050000000000000003,True,0,0,1127,-0.001969640418135743,0.45065013214548649,0.45065013214548649,0.45866434240485709,0.45000000000000001,0.93210351729621999,,66d5d9a62947cd80fd89cbfc71cb4da6d9e27dbacdac83fea0070014195354d4,5.6235297210514545
1128,2024-02-03,2024-02-04,mix,-0.0098661340240944004,-0.0044408405752174307,0.45000000000000001,0.001085081878419325,ABSTAIN,0.050000000000000003,True,0,5,1128,-0.0044408405752174307,0.44891491812158069,0.44891491812158069,0.4591618508043902,0.45000000000000001,0.97998315739281516,,898b8e2d480ff0555def1a71d7576419b5327ab167d1e0220a48bd231a14497f,7.704144112765789,-0.0044408405752174307,0.45000000000000001,0.001085081878419325,ABSTAIN,0.050000000000000003,True,0,0,1128,-0.0044408405752174307,0.44891491812158069,0.44891491812158069,0.4591618508043902,0.45000000000000001,0.92000000000000004,,d830080e655668358c8ac1dff89dd46c454fc5cc709eefd33b7e1681b2c68270,6.0518760532140732
1129,2024-02-04,2024-02-05,mix,0.0027194972452758998,0.0012213180009257307,0.45000000000000001,0.0024527578278193962,ABSTAIN,0.050000000000000003,True,0,5,1129,0.0012213180009257307,0.44754724217218061,0.44754724217218061,0.45919995983385942,0.45000000000000001,0.98502509253299464,,b01e0c0f217bf74620d00780084dd762d75cfc1805523a15ca45520e9b5fad18,7.6964010763913393,0.0012213180009257307,0.45000000000000001,0.0024527578278193962,ABSTAIN,0.050000000000000003,True,0,0,1129,0.0012213180009257307,0.44754724217218061,0.44754724217218061,0.45919995983385942,0.45000000000000001,0.5,,93867bb500ef09854d8168ca05dcb3e8f044e93f27e6fb70cd62c91228157bc1,5.251972496509552
1130,2024-02-05,2024-02-06,mix,0.0091457987877424998,0.0041149344348709871,0.45000000000000001,0.00067225288276756556,ABSTAIN,0.050000000000000003,True,5,5,1130,0.0041149344348709871,0.45067225288276758,0.45067225288276758,0.4585100073400496,0.45000000000000001,0.91897143851010943,,c9dd2a765f590097f9d167ca9495a6108bb837fe9bedad383c1ca549f037eb19,10.444271888583899,0.0041149344348709871,0.45000000000000001,0.00067225288276756556,ABSTAIN,0.050000000000000003,True,0,0,1130,0.0041149344348709871,0.45067225288276758,0.45067225288276758,0.4585100073400496,0.45000000000000001,0.91897143851010943,,fa6f2ad29c273af16243f6c45e71cf8793ecf39e72f12ebc6b9c8ec13a3ccff1,5.8098079860210419
1131,2024-02-06,2024-02-07,mix,0.029059337119410101,0.013074417917478431,0.45000000000000001,0.0022543073513179301,ABSTAIN,0.050000000000000003,True,0,5,1131,0.013074417917478431,0.45225430735131794,0.45225430735131794,0.4567490261671171,0.45000000000000001,0.75817679794502502,,cfb0a7652db5d437195fc585413a268c33f603b4e65ae8eeed56d6f6dcb7d664,7.566709952428937,0.013074417917478431,0.45000000000000001,0.0022543073513179301,ABSTAIN,0.050000000000000003,True,0,0,1131,0.013074417917478431,0.45225430735131794,0.45225430735131794,0.4567490261671171,0.45000000000000001,0.50503426111555227,,28b90f6b0d8c9c15e2ceacc826925f8a374ab8e2c52aa001dca6abb8ee8e502b,5.6871377769857645
1132,2024-02-07,2024-02-08,mix,0.021504382067578199,0.0096698038803442188,0.45000000000000001,0.0070993498566876423,ABSTAIN,0.050000000000000003,True,5,5,1132,0.0096698038803442188,0.45709934985668765,0.45709934985668765,0.45504608086324688,0.45000000000000001,0.60363290342998721,,0733ece38b6ae10eb88e89574cb1b010dbe2d44a95d24a242e344520a6745d43,10.578688917681575,0.0096698038803442188,0.45000000000000001,0.0070993498566876423,ABSTAIN,0.050000000000000003,True,0,0,1132,0.0096698038803442188,0.45709934985668765,0.45709934985668765,0.45504608086324688,0.45000000000000001,0.61183416359814857,,bcf37015da83e063e570b7b647644dc61242fb5e31ffaed76d4659c072d4c67e,5.9135160744190216
1133,2024-02-08,2024-02-09,bull,0.040496055708018501,0.018217857683976435,0.45000000000000001,0.0052713241063127025,ABSTAIN,0.10000000000000001,True,0,5,1133,0.018217857683976435,0.45527132410631271,0.45527132410631271,0.4511959831552444,0.45000000000000001,0.5,,67f7c7a49cfa33f73d16c2eb192d9fc6e1ebff4a5383148d7d1c54801af19920,6.4025935176759958,0.018217857683976435,0.45000000000000001,0.0052713241063127025,ABSTAIN,0.10000000000000001,True,0,0,1133,0.018217857683976435,0.45527132410631271,0.45527132410631271,0.4511959831552444,0.45000000000000001,0.55000000000000004,,871c34b2c136d0cd7a90f0f3d97edbf2dc8f0aebd9819881681a566e4e1360df,5.2173012308776379
1134,2024-02-09,2024-02-10,bull,0.013382844411437,0.006650996896300887,0.5,0.040156604621683745,BTC,0.10000000000000001,True,0,5,1134,0.0097440643634352231,0.45984339537831626,0.45984339537831626,0.50474488224868774,0.75,0.87767956919325896,,04e65bc7b6f370227e85553d6c43fa7cb9ed86f96a1569b6dd7816260d6bd559,7.0725489109754562,0.006650996896300887,0.5,0.040156604621683745,BTC,0.10000000000000001,True,0,0,1134,0.0097440643634352231,0.45984339537831626,0.45984339537831626,0.50474488224868774,0.75,0.87767956919325896,,74eecfb2773283f6b0c7cf479ee9d435567e062a5927ecb64ac3f711c70dd1a7,5.9784486088901758
1135,2024-02-10,2024-02-11,bull,0.0108693376216022,0.0054313272764834331,0.5,0.0033234723462018945,BTC,0.10000000000000001,True,0,5,1135,0.0081494986161929628,0.50332347234620189,0.75248434759910732,0.50383730688221262,0.75,0.96867618650822684,,3805a8ec4db3da92777fe30cfbf0b47534e0737767e48e2bf0f2c9aeedadf567,7.1904681324958801,0.0054313272764834331,0.5,0.0033234723462018945,BTC,0.10000000000000001,True,0,0,1135,0.0081494986161929628,0.50332347234620189,0.75248434759910732,0.50383730688221262,0.75,0.96867618650822684,,ca7044124346f9160c4d4d10c1483ec0cf74c0be4f09b75b1b7c2f5f18a33b46,6.0486164446920156
1136,2024-02-11,2024-02-12,bull,0.034467544788130099,0.017231023170854565,0.5,0.0027026464172102971,BTC,0.10000000000000001,True,0,5,1136,0.029196564075305353,0.5027026464172103,0.75202152135545908,0.50357384050268084,0.85000000000000009,0.99509148694443983,,1b9fb1c13847830441cf88c290bdf862deb14eeb1a1d140327d189542ddad15c,7.0805086679756641,0.017231023170854565,0.5,0.0027026464172102971,BTC,0.10000000000000001,True,0,0,1136,0.029196564075305353,0.5027026464172103,0.75202152135545908,0.50357384050268084,0.85000000000000009,0.99509148694443983,,1e23b84556da64fd5e7f593a5729c744ab92ff2e920c3bb265315cb7c55e1401,6.044951967895031
1137,2024-02-12,2024-02-13,bull,-0.0045112962618114004,-0.0022640999241583248,0.5,0.0084709006237108087,BTC,0.10000000000000001,True,2,5,1137,-0.0038388549765046021,0.50847090062371081,0.85426952589667904,0.50354377158623675,0.85000000000000009,0.99810609346535384,,bc8fdf0fcb1d2bb948dd02c945223ccad19d73a7c918f7c5ca73785443c73ab7,8.0630922373384237,-0.0022640999241583248,0.5,0.0084709006237108087,BTC,0.10000000000000001,True,0,0,1137,-0.0038388549765046021,0.50847090062371081,0.85426952589667904,0.50354377158623675,0.85000000000000009,0.99810609346535384,,400c0ab799a5c950b052c39f42818f6cd21f2639591cdf218885cbc5bc1ce8ac,6.0415720902383327
1138,2024-02-13,2024-02-14,bull,0.041564083997103603,0.020780888133285158,0.5,0.0011303737909816869,BTC,0.10000000000000001,True,2,5,1138,0.035328873593756915,0.49886962620901831,0.84942259561069555,0.50353712714923105,0.85000000000000009,0.99877223708804364,,3cf386ccd00ec7035a4a7bc1e4358ba8a9a7596f21d08e37f36f20c97bd4fd11,8.1027226746082306,0.020780888133285158,0.5,0.0011303737909816869,BTC,0.10000000000000001,True,0,0,1138,0.035328873593756915,0.49886962620901831,0.84942259561069555,0.50353712714923105,0.85000000000000009,0.99877223708804364,,1216c6f44758cc312395fb9ed9313484fc5f1eaddeffd3ee8664fcecbd073356,6.123003488406539
1139,2024-02-14,2024-02-15,bull,0.0022961469534050001,0.0011378823191126042,0.5,0.010179470809392077,BTC,0.10000000000000001,True,1,5,1139,0.0019465963364786454,0.51017947080939208,0.85511858384797779,0.50352820544990951,0.85000000000000009,0.99966668989696361,,6a5b957d8dff45936beb36d15144e12e5b9af3afb985355524d03c66716ca196,7.5639930609613657,0.0011378823191126042,0.5,0.010179470809392077,BTC,0.10000000000000001,True,0,0,1139,0.0019465963364786454,0.51017947080939208,0.85511858384797779,0.50352820544990951,0.85000000000000009,0.99966668989696361,,f03ae537db76c9796b94c4c29428dbd28c9270fb6dbc3914847ab345263cef5a,6.0710798762738705
1140,2024-02-15,2024-02-16,bull,0.0044873635149792999,0.0022431070925530427,0.5,0.0005733784577518497,BTC,0.10000000000000001,True,2,5,1140,0.0038139656847848702,0.50057337845775185,0.8502921884650535,0.50352750332313945,0.85000000000000009,0.9997370820952336,,bdf2873be54a4143ca0c658ecedc46840f1ab5550d38daea5af26df1cf8a8092,8.088293518871069,0.0022431070925530427,0.5,0.0005733784577518497,BTC,0.10000000000000001,True,0,0,1140,0.0038139656847848702,0.50057337845775185,0.8502921884650535,0.50352750332313945,0.85000000000000009,0.9997370820952336,,e714b4ade5902ca33ad04e1e368f24ce33eb9b36c09bb5a10fc9d6f19bda2223,6.1218415778130293
1141,2024-02-16,2024-02-17,bull,-0.0093642944554629005,-0.004683261316325793,0.5,0.0011193294596556491,BTC,0.10000000000000001,True,0,5,1141,-0.0079602157152771635,0.50111932945965565,0.85056996485459069,0.50352570726363965,0.85000000000000009,0.99991714725619996,,c35eca47c1be60679d2ee6966d07d0a4683577bb0f792509e40f0c388d876820,6.9940319992601871,-0.004683261316325793,0.5,0.0011193294596556491,BTC,0.10000000000000001,True,0,0,1141,-0.0079602157152771635,0.50111932945965565,0.85056996485459069,0.50352570726363965,0.85000000000000009,0.99991714725619996,,a4d83b92e48561ab08c3365abcf08d4173defaca04babc63cb21c64ea642b74e,5.9327932838350534
1142,2024-02-17,2024-02-18,bull,0.0091294582349068006,0.0045623662943869991,0.5,0.0023520864288178456,BTC,0.10000000000000001,True,5,5,1142,0.007758826633053495,0.49764791357118215,0.84879647280131598,0.5035254068575381,0.85000000000000009,0.99994726466346762,,72ca8699aa8567887e4dca5bd1b0ef4bd079a3f0dff0aceb6ffbadca13733f7c,9.8625825140625238,0.0045623662943869991,0.5,0.0023520864288178456,BTC,0.10000000000000001,True,0,0,1142,0.007758826633053495,0.49764791357118215,0.84879647280131598,0.5035254068575381,0.85000000000000009,0.99994726466346762,,6203ad64fb1277740397107b90eb7e716f3f28788d09e68df4e68125d6096bfa,6.1202764883637428
1143,2024-02-18,2024-02-19,bull,-0.0064066772197437999,-0.0032056033254310723,0.5,0.0022719935237343059,BTC,0.10000000000000001,True,0,5,1143,-0.0054468243895415824,0.50227199352373431,0.85115504274760545,0.50352522306876579,0.85000000000000009,0.9999656905234372,,402bfbbfd480d9ebb33d899fc51ef5a79f0993103043a2dcf0161e4399b2a109,7.2698063515126705,-0.0032056033254310723,0.5,0.0022719935237343059,BTC,0.10000000000000001,True,0,0,1143,-0.0054468243895415824,0.50227199352373431,0.85115504274760545,0.50352522306876579,0.85000000000000009,0.9999656905234372,,9c17b9613436f5a3f9946ec1065e499fa89f1cc5418f82d3da2fe302d1d48d13,6.0246324706822634
1144,2024-02-19,2024-02-20,bull,0.0092674128488555996,0.0046320921624296574,0.5,0.001606816482212392,BTC,0.10000000000000001,True,5,5,1144,0.0078764731277010114,0.49839318351778761,0.84917867599033336,0.50352633551787973,0.85000000000000009,0.99985416121293402,,2f96509fa23aa255346836c4fed9a8b7c20860bfad76d4c7f6f81b5eeab9995a,9.7862419188022614,0.0046320921624296574,0.5,0.001606816482212392,BTC,0.10000000000000001,True,0,0,1144,0.0078764731277010114,0.49839318351778761,0.84917867599033336,0.50352633551787973,0.85000000000000009,0.99985416121293402,,a80ca62c1eb0f4dd3ec57329b67096ff5db2e654a52ee46b54b87b151cf94cfe,6.1398283708840609
1145,2024-02-20,2024-02-21,bull,-0.0077549341318511001,-0.0038797642909492724,0.5,0.0023061671108566273,BTC,0.10000000000000001,True,0,5,1145,-0.0065928586443393389,0.50230616711085663,0.85117236010489472,0.50352530871673618,0.85000000000000009,0.9999571038327244,,2214063e5bea84509971d9c9666ae92d3bd9db2c8b558ad8268eace4f4cbf09e,7.1481004804372787,-0.0038797642909492724,0.5,0.0023061671108566273,BTC,0.10000000000000001,True,0,0,1145,-0.0065928586443393389,0.50230616711085663,0.85117236010489472,0.50352530871673618,0.85000000000000009,0.9999571038327244,,143d6db9a18c2f938dd05e8a57dc78f9aa2a360f1b5493f37f21950878df41ec,6.0999350268393755
1146,2024-02-21,2024-02-22,bull,-0.0103705874866462,-0.0051872299314589254,0.5,0.001946280170223913,BTC,0.10000000000000001,True,2,5,1146,-0.0088159859048621003,0.49805371982977609,0.8490046850868358,0.50352501210030476,0.85000000000000009,0.99998684130069959,,1a610d77c4fd933b34b2e8b9d2d77c5bc8d7216220d92ac4a9bd9d6af34f93af,8.0482150726020336,-0.0051872299314589254,0.5,0.001946280170223913,BTC,0.10000000000000001,True,0,0,1146,-0.0088159859048621003,0.49805371982977609,0.8490046850868358,0.50352501210030476,0.85000000000000009,0.99998684130069959,,3b37f9aabc7b9b2548960f2382ef7e037c327e9f4f900b20e5cf38683de67377,6.099773284047842
1147,2024-02-22,2024-02-23,bull,-0.0112996001590011,-0.0056523915157941085,0.5,0.0026061605798101128,BTC,0.10000000000000001,True,2,5,1147,-0.0096059813316408116,0.49739383942018989,0.84866599080524985,0.50352541782749261,0.85000000000000009,0.99994616486569998,,f4e2c77f2f73529cf91f818af8f63966eb5d3dcf6ed2606d6409fb1cf8e662fd,7.9854813162237406,-0.0056523915157941085,0.5,0.0026061605798101128,BTC,0.10000000000000001,True,0,0,1147,-0.0096059813316408116,0.49739383942018989,0.84866599080524985,0.50352541782749261,0.85000000000000009,0.99994616486569998,,cc6174591bdef2940cd78d4dfd9cf5015411161a013cabfc3add04813f9cd22d,5.9208756405860186
1148,2024-02-23,2024-02-24,bull,0.016379420778273701,0.0081868461717282681,0.5,0.0028409508440548903,BTC,0.10000000000000001,True,0,5,1148,0.013921032738232197,0.49715904915594511,0.84854532936264704,0.50352852552894278,0.85000000000000009,0.99963460019839645,,96ff47f0b5e3991cacb167c097b59f5fae285732d2d2ff71fc2285d7238e94ec,7.1162422429770231,0.0081868461717282681,0.5,0.0028409508440548903,BTC,0.10000000000000001,True,0,0,1148,0.013921032738232197,0.49715904915594511,0.84854532936264704,0.50352852552894278,0.85000000000000009,0.99963460019839645,,306047bd8607bad3590b21f62cb3ff6f47e8c7fcd9a2800938a35d924051b213,6.1160033158957958
1149,2024-02-24,2024-02-25,bull,0.0029299071582033999,0.0014608860371250199,0.5,0.0040615919329189953,BTC,0.10000000000000001,True,2,5,1149,0.0024883562549919969,0.504061591932919,0.85205969996074615,0.50352531356192043,0.85000000000000009,0.99995661807682445,,607ffb8e0edb774bec7ce0e13d8a2010c0996e8d5bdfb2744ede8321a591687c,8.1414797119796276,0.0014608860371250199,0.5,0.0040615919329189953,BTC,0.10000000000000001,True,0,0,1149,0.0024883562549919969,0.504061591932919,0.85205969996074615,0.50352531356192043,0.85000000000000009,0.99995661807682445,,3fe1189c68397d6996739e63a48436a5d57bc38455a386c491e9aa16c228498b,6.0251794084906578
1150,2024-02-25,2024-02-26,bull,0.053601223447345303,0.02679986071624807,0.5,0.00073140531471738157,BTC,0.10000000000000001,True,3,5,1150,0.045560650317454598,0.50073140531471738,0.85037263514425099,0.50352550099965465,0.85000000000000009,0.99993782638805995,,345d1a2260c196b187f8ef68c1df9fef98568d15668300402cb39c73b643a41c,8.6242120862007141,0.02679986071624807,0.5,0.00073140531471738157,BTC,0.10000000000000001,True,0,0,1150,0.045560650317454598,0.50073140531471738,0.85037263514425099,0.50352550099965465,0.85000000000000009,0.99993782638805995,,c747ae776c0e55ddda91ee763062c71cf724e95fa48fc415953db95f9c5ba99f,5.9806052912026644
1151,2024-02-26,2024-02-27,bull,0.046996885958554099,0.023485085768511382,0.5,0.013050543317598362,BTC,0.10000000000000001,True,5,5,1151,0.039940555601820193,0.51305054331759836,0.85653635295170583,0.50352504858111613,0.85000000000000009,0.99998318389470675,,c16faa9bf2b4a1324b7ac3c5d42f2c43e403a620ca29633c03b5f3765803ad0e,9.9473034739494324,0.023485085768511382,0.5,0.013050543317598362,BTC,0.10000000000000001,True,0,0,1151,0.039940555601820193,0.51305054331759836,0.85653635295170583,0.50352504858111613,0.85000000000000009,0.99998318389470675,,ff8ca3f70093ef109d7b7180784b376a8ba3532ba3eb460e789a64d6638b6479,6.005905095487833
1152,2024-02-27,2024-02-28,bull,0.094843329909808094,0.047409641107462708,0.5,0.01147947177666242,BTC,0.10000000000000001,True,3,5,1152,0.080610603985730389,0.51147947177666242,0.85576192914194826,0.50352489517046028,0.85000000000000009,0.99999856417502841,,83bde51e470aa834b26681b1574d77a5a0403c6ed72b24595473425436b4ee0d,8.7162757888436317,0.047409641107462708,0.5,0.01147947177666242,BTC,0.10000000000000001,True,0,0,1152,0.080610603985730389,0.51147947177666242,0.85576192914194826,0.50352489517046028,0.85000000000000009,0.99999856417502841,,0b896846356c7e2233bf00416c42c744421e5d9c1c0a960ea48cf1dcee4b35d0,6.1243584174662828
1153,2024-02-28,2024-02-29,bull,-0.020783574204867698,-0.010414189192575196,0.5,0.022637332481062367,BTC,0.10000000000000001,True,0,5,1153,-0.01767703077500038,0.52263733248106237,0.86119039073152637,0.50352488160857267,0.85000000000000009,0.99999992383045322,,7ee6eb49c2037ee9c9b91388f88225d9d2cff86cec035cbe866f58c00811df87,7.0674329269677401,-0.010414189192575196,0.5,0.022637332481062367,BTC,0.10000000000000001,True,0,0,1153,-0.01767703077500038,0.52263733248106237,0.86119039073152637,0.50352488160857267,0.85000000000000009,0.99999992383045322,,511f5ee3b6478384acba8647dc73dbc766aa7c689b89de9896bbb99fd8882590,6.0277130324393511
1154,2024-02-29,2024-03-01,bull,0.020081969223123299,0.010035681436658672,0.5,0.0052504551634665053,BTC,0.10000000000000001,True,0,5,1154,0.017066930232244593,0.49474954483653349,0.84730243907486891,0.50286097088110715,0.85000000000000009,0.99999981209022082,,c91cd602a130ba7bda3ecefb12e8c6ab8fa828bdd0087d42b633fd56c78d5e36,7.1147089116275311,0.010035681436658672,0.5,0.0052504551634665053,BTC,0.10000000000000001,True,0,0,1154,0.017066930232244593,0.49474954483653349,0.84730243907486891,0.50286097088110715,0.85000000000000009,0.99999981209022082,,c50575552d2e78734a33e15c83cebf0f99a1c3f4420d85ebd47a347068580196,6.1017135493457317
1155,2024-03-01,2024-03-02,bull,-0.0064617766359976996,-0.0032358428413618023,0.5,0.0049705827607694486,BTC,0.125,True,0,5,1155,-0.005495013791860015,0.50497058276076945,0.85251747853839965,0.51667038678439936,0.85000000000000009,0.99999996410096481,,663a84f314cab3a05845b0a9d1e6e2163006ff861e4d1e1ac6b2720ee9d133c9,7.0954937823116779,-0.0032358428413618023,0.5,0.0049705827607694486,BTC,0.125,True,0,0,1155,-0.005495013791860015,0.50497058276076945,0.85251747853839965,0.51667038678439936,0.85000000000000009,0.99999996410096481,,48027ff68c71c4d08bc85bc65ebee0ac3f84e9d1c964b0a61fdcce72be229634,6.0241769663989544
1156,2024-03-02,2024-03-03,bull,0.018409697634467599,0.0092032132187194193,0.5,0.0016206803963592087,BTC,0.125,True,2,5,1156,0.01564740159921274,0.49837931960364079,0.8491715733370635,0.51667038765060513,0.85000000000000009,0.99999988035217524,,6be5a08640ccc1a3bb928ef967037fa00a7bc969eaf4e5a58217df5f9426d33d,8.0128971077501774,0.0092032132187194193,0.5,0.0016206803963592087,BTC,0.125,True,0,0,1156,0.01564740159921274,0.49837931960364079,0.8491715733370635,0.51667038765060513,0.85000000000000009,0.99999988035217524,,a328edc7730dbb64abd45592c2f477a6f1f9e4d78751d0b26234881f2c94d6a0,6.1158778443932533
1157,2024-03-03,2024-03-04,bull,0.081321532316055198,0.040656020280600558,0.5,0.0045604461908906879,BTC,0.125,True,0,5,1157,0.069120831647473624,0.50456044619089069,0.85231107222859581,0.51667038683312139,0.85000000000000009,0.99999995939029396,,76257552e17152d94d32787e1622dfbc85b382950f5fc0ea737d2363a4ca9cb0,6.9881144426763058,0.040656020280600558,0.5,0.0045604461908906879,BTC,0.125,True,0,0,1157,0.069120831647473624,0.50456044619089069,0.85231107222859581,0.51667038683312139,0.85000000000000009,0.99999995939029396,,221bd4def303b150d8ecd16d712ca64c38fb0276f491ba2cba5db1bb9ee71863,5.9236322622746229
1158,2024-03-04,2024-03-05,bull,-0.065585080437849094,-0.032811435615785589,0.5,0.019536033009172393,BTC,0.125,True,1,5,1158,-0.055756475856191812,0.51953603300917239,0.85969812868764151,0.51667038643637742,0.85000000000000009,0.99999999774934645,,187452b445a7511e5c7ddfbac1534e1983f88d2c501a49f2473829f6cceb1255,7.4884387608617544,-0.032811435615785589,0.5,0.019536033009172393,BTC,0.125,True,0,0,1158,-0.055756475856191812,0.51953603300917239,0.85969812868764151,0.51667038643637742,0.85000000000000009,0.99999999774934645,,577958026fc086c48ccadc3263803a0fb8525a57c5c0311bc97b2bca9d6f0693,6.0788865815848112
1159,2024-03-05,2024-03-06,bull,0.035863093838470299,0.01791429076552431,0.5,0.016952174989607216,BTC,0.125,True,0,5,1159,0.02680372462763736,0.48304782501039278,0.84114421603610379,0.51667038824753031,0.75,0.99999982263867115,,488d4267aea42db7b97abb2ebea87e6eeb21888b717b7eeff3c1230c300f30d7,6.5441917032003403,0.01791429076552431,0.5,0.016952174989607216,BTC,0.125,True,0,0,1159,0.02680372462763736,0.48304782501039278,0.84114421603610379,0.51667038824753031,0.75,0.99999982263867115,,78ecd11abc5de6f21a814730ce2f079bb2cddaf60807c8dfc1c4f4c9977d4116,6.0869634486734867
1160,2024-03-06,2024-03-07,bull,0.011726623930848,0.005854452486990569,0.5,0.0088078353468388215,BTC,0.125,True,1,5,1160,0.0087883621558841885,0.50880783534683882,0.75654820103360709,0.51667038683632005,0.75,0.99999995908103156,,879bf85f1d453d4a8f3da89e26aab366c0800427894e3edf2fac33bd4e3446c9,6.809255076572299,0.005854452486990569,0.5,0.0088078353468388215,BTC,0.125,True,0,0,1160,0.0087883621558841885,0.50880783534683882,0.75654820103360709,0.51667038683632005,0.75,0.99999995908103156,,3193fc9c2b452e3d5654891899ea487fc749c5fc7dbdc3d2414a118ddde74093,6.1334639135748148
1161,2024-03-07,2024-03-08,bull,0.019694773637991301,0.009844443551159987,0.5,0.0029145669673383834,BTC,0.125,True,0,5,1161,0.014768868461135121,0.50291456696733838,0.75217957271486613,0.51667038664793985,0.75,0.99999997729450396,,cb69e28916d4b5ba4788d02ce44d3c51137c1d0ac417e9fa1736671349c40d6f,7.0789641886949539,0.009844443551159987,0.5,0.0029145669673383834,BTC,0.125,True,0,0,1161,0.014768868461135121,0.50291456696733838,0.75217957271486613,0.51667038664793985,0.75,0.99999997729450396,,6da49d2d8cdf41f06ef6dd8b24c1a44159f91b61472f1b5de003328a81c5f8f8,5.9025502521544695
1162,2024-03-08,2024-03-09,bull,0.0028530775098281002,0.0014216561188709065,0.5,0.0048756806956815613,BTC,0.125,True,3,5,1162,0.0021361613277384173,0.50487568069568156,0.75363901783276277,0.5166703866357778,0.75,0.99999997847039301,,578ce5bc6e82400bfc707d4ecae2bff15e13077dca0d86d42ee83fade6412822,8.7172265481203794,0.0014216561188709065,0.5,0.0048756806956815613,BTC,0.125,True,0,0,1162,0.0021361613277384173,0.50487568069568156,0.75363901783276277,0.5166703866357778,0.75,0.99999997847039301,,b52ba05f49ff7b1d20825096ca173006670958355fe11cc5a05b461032b9d493,6.0114353466778994
1163,2024-03-09,2024-03-10,bull,0.0087513621437399994,0.0043749657019560573,0.5,0.00071225332049207335,BTC,0.125,True,3,5,1163,0.0065629842943504269,0.50071225332049207,0.75053380978257889,0.51667038655400421,0.75,0.99999998637663923,,a9c3152be1b9ac01525a3173c7079b77688704cfe53e792870cf59eda862ee4a,8.7975028268992901,0.0043749657019560573,0.5,0.00071225332049207335,BTC,0.125,True,0,0,1163,0.0065629842943504269,0.50071225332049207,0.75053380978257889,0.51667038655400421,0.75,0.99999998637663923,,ebcacc10485a4c948865c047b4cba8da0a999394ec5f1f456aff76a0cbb63060,6.0028904099017382
1164,2024-03-10,2024-03-11,bull,0.045447822657355502,0.02272168352002768,0.5,0.0021783089506908215,BTC,0.125,True,4,5,1164,0.038528479349440259,0.50217830895069082,0.75163018067586063,0.5166703867044562,0.85000000000000009,0.9999999718302538,,3314a9e7fbc892835b7757d9ec77f82634c030a871c9f433c2e71b50b568bac9,9.3668119627982378,0.02272168352002768,0.5,0.0021783089506908215,BTC,0.125,True,0,0,1164,0.038528479349440259,0.50217830895069082,0.75163018067586063,0.5166703867044562,0.85000000000000009,0.9999999718302538,,d2c6d3e6cf419efda7242514ae941c3658a44d2f785fa7da98d48eecbd61db19,6.1382737439125776
1165,2024-03-11,2024-03-12,bull,-0.0087227163723264996,-0.0043724192379100968,0.5,0.011109504274304127,BTC,0.125,True,4,5,1165,-0.0074198466256312212,0.51110950427430413,0.8555790741328001,0.51667038645815411,0.85000000000000009,0.99999999564387843,,83e956bb44d71202eab34d10d67f3c1c9891f2ef9bcd37f65e770aab747db801,9.417823426425457,-0.0043724192379100968,0.5,0.011109504274304127,BTC,0.125,True,0,0,1165,-0.0074198466256312212,0.51110950427430413,0.8555790741328001,0.51667038645815411,0.85000000000000009,0.99999999564387843,,53abeabe128bfec3bcf50ff32850dc1c8ab96983e87e32a29b914be7ee8b5079,6.0406249295920134
1166,2024-03-12,2024-03-13,bull,0.022332384686204899,0.011163977655079371,0.5,0.0021902314770637088,BTC,0.125,True,2,5,1166,0.018981385260503414,0.49780976852293629,0.84887954627246587,0.51667038652652497,0.85000000000000009,0.99999998903345821,,77ffb511a12ef22c1a145a66d73a949d129ffa299c8e5f92fff35008ac02a137,8.0850669872015715,0.011163977655079371,0.5,0.0021902314770637088,BTC,0.125,True,0,0,1166,0.018981385260503414,0.49780976852293629,0.84887954627246587,0.51667038652652497,0.85000000000000009,0.99999998903345821,,5b0da04b809d171bd5aef42da78e5d825534bedf8f432e23ec93fe0e6b03ecd3,6.0750884227454662
1167,2024-03-13,2024-03-14,bull,-0.0229763926735033,-0.011493654348014748,0.5,0.0055214426805686445,BTC,0.125,True,2,5,1167,-0.019532673534789158,0.50552144268056864,0.85279433549849082,0.51667038649132202,0.85000000000000009,0.99999999243705484,,59abc8b88bd05b378ee86bb32a5394faba297f8cef0a3da1f00d08edae4f5a6d,8.1017462313175201,-0.011493654348014748,0.5,0.0055214426805686445,BTC,0.125,True,0,0,1167,-0.019532673534789158,0.50552144268056864,0.85279433549849082,0.51667038649132202,0.85000000000000009,0.99999999243705484,,3c40a04ff84adf5367db1eb829263bc7625383d76e0fda1fd66d82facc796eec,6.0235204081982374
1168,2024-03-14,2024-03-15,bull,-0.026948695499912498,-0.013480080306887965,0.5,0.0058108544046608368,BTC,0.125,True,0,5,1168,-0.022909310576668895,0.49418914559533916,0.8470121575693349,0.51667038664582565,0.85000000000000009,0.99999997749891556,,8d270d330fdeb6bc71cc140fb4b61e740a879e81d78d7b12564d53abafb4f3a6,6.5475635677576065,-0.013480080306887965,0.5,0.0058108544046608368,BTC,0.125,True,0,0,1168,-0.022909310576668895,0.49418914559533916,0.8470121575693349,0.51667038664582565,0.85000000000000009,0.99999997749891556,,f41aab8d3767549351edf2a6fc70ea60217f5eedae6588a9fbd71d952ef222f7,6.1346816755831242
1169,2024-03-15,2024-03-16,bull,-0.059736236336388603,-0.0298747433858505,0.5,0.0068291927935296703,BTC,0.125,True,0,5,1169,-0.050779138841570592,0.49317080720647033,0.84648349078818519,0.51667039010023164,0.85000000000000009,0.99999964351089077,,69d2ed6390ba306c16a1123146d9e67a86d047c13515f260e6e59a6fbbdda3a6,6.4963017534464598,-0.0298747433858505,0.5,0.0068291927935296703,BTC,0.125,True,0,0,1169,-0.050779138841570592,0.49317080720647033,0.84648349078818519,0.51667039010023164,0.85000000000000009,0.99999964351089077,,3a15ac699f5962fa7b1a6c93439c5ae6f57fd9fdf9ff832ee75a3e30374b64a3,6.0135877355933189
1170,2024-03-16,2024-03-17,bull,0.047110735490903902,0.023539611293546647,0.5,0.015393844243010102,BTC,0.125,True,0,5,1170,0.035237825601999395,0.4846061557569899,0.84197621579812454,0.51667084724355272,0.75,0.99995544476656462,,e72531da8a28130f5beab8304eaeed28871ceea7910307437940b481a157fa8a,6.5113031398504972,0.023539611293546647,0.5,0.015393844243010102,BTC,0.125,True,0,0,1170,0.035237825601999395,0.4846061557569899,0.84197621579812454,0.51667084724355272,0.75,0.99995544476656462,,0d294958fbd54e5746a207eb61d7f1fb6162355c7318d4ce4452aad07344c64a,6.1342863421887159
1171,2024-03-17,2024-03-18,bull,-0.0116550082466748,-0.0058389437090602403,0.5,0.01150664071907348,BTC,0.125,True,0,5,1171,-0.0087497134143748045,0.51150664071907348,0.75853180808894149,0.5166704645565352,0.75,0.99999244472939763,,6640a08daa529175ca7aee3d8996049fdda277982e0c52db9af56528f061a3a4,7.2042692266404629,-0.0058389437090602403,0.5,0.01150664071907348,BTC,0.125,True,0,0,1171,-0.0087497134143748045,0.51150664071907348,0.75853180808894149,0.5166704645565352,0.75,0.99999244472939763,,fd2942d4aa49a601b84b4e8fb60217535b9d49daa1c9299136a3ec65c6c09073,5.9974635858088732
1172,2024-03-18,2024-03-19,bull,-0.082020472200976094,-0.041013046737890746,0.5,0.0029308314942864122,BTC,0.125,True,0,5,1172,-0.061517423119799464,0.49706916850571359,0.74779541511246495,0.51667050210157328,0.75,0.99998881470055223,,16b02b7d74588f7836a68055567d9f98d8db9259e9661d92371e4ff47c50f7c2,6.5555446967482567,-0.041013046737890746,0.5,0.0029308314942864122,BTC,0.125,True,0,0,1172,-0.061517423119799464,0.49706916850571359,0.74779541511246495,0.51667050210157328,0.75,0.99998881470055223,,7fe6116489d675c9fdb8185a6beb17cf62d3d8868a8fdc6d6e8973cf3231dfd0,6.0835211481899023
1173,2024-03-19,2024-03-20,bull,0.093537469782433602,0.046746352883307862,0.5,0.021381998872297303,BTC,0.125,True,0,5,1173,0.055981370053228785,0.4786180011277027,0.73361311652172401,0.51669350218172716,0.60000000000000009,0.99776505281895356,,b98eec2c5b07da73148768dbd8e8d3548460e75361ee806cf1b0b87136e258c8,6.5638972818851471,0.046746352883307862,0.5,0.021381998872297303,BTC,0.125,True,0,0,1173,0.055981370053228785,0.4786180011277027,0.73361311652172401,0.51669350218172716,0.60000000000000009,0.99776505281895356,,2bae4354dd56833c3775f2f0e68fa88b1447eb84d51cb42280db92658bc7e515,6.074716966599226
1174,2024-03-20,2024-03-21,bull,-0.034636130515518601,-0.017340017953400788,0.5,0.022339573839142757,BTC,0.125,True,0,5,1174,-0.020802492623350988,0.52233957383914276,0.62125605044222409,0.51667128040522659,0.60000000000000009,0.99991356468294401,,04ffe0be255ce236c96ce154bcd805f336882d1d01647bb4153c1074ab27ae26,6.4067935794591904,-0.017340017953400788,0.5,0.022339573839142757,BTC,0.125,True,0,0,1174,-0.020802492623350988,0.52233957383914276,0.62125605044222409,0.51667128040522659,0.60000000000000009,0.99991356468294401,,4f4288dab354bf46319abab68488f6b819038bca78aff58dd83076167c45436f,6.0142609644681215
1175,2024-03-21,2024-03-22,bull,-0.026232065925946201,-0.01312472902236872,0.5,0.0088116330653325581,BTC,0.125,True,0,5,1175,-0.015747595032602035,0.49118836693466744,0.59151091116292431,0.51667709110595106,0.60000000000000009,0.99935175846267843,,f04e834784c274c402b9dfde3dc24abea0e9c3be85a0b99588304921460a9322,6.5473845079541206,-0.01312472902236872,0.5,0.0088116330653325581,BTC,0.125,True,0,0,1175,-0.015747595032602035,0.49118836693466744,0.59151091116292431,0.51667709110595106,0.60000000000000009,0.99935175846267843,,0ce38fa4c27fef57937b7986b72abac1e4f662f5c9da20d0f568c717cb8e8ce1,6.0099052041769028
1176,2024-03-22,2024-03-23,bull,0.0039554444191862003,0.0019710638924699264,0.5,0.0066451748133835586,BTC,0.125,True,0,5,1176,0.0023668551014013328,0.49335482518661644,0.59360363018090434,0.51669081653436044,0.60000000000000009,0.99802471719178476,,6c146d421b76e639336703b48616937fe9f65f997708863754fc10493142bc3b,6.3886856362223625,0.0019710638924699264,0.5,0.0066451748133835586,BTC,0.125,True,0,0,1176,0.0023668551014013328,0.49335482518661644,0.59360363018090434,0.51669081653436044,0.60000000000000009,0.99802471719178476,,1138119056ca6d4aa48e303136b34716ac9f9f95b048df7ada6ac228b4da5244,6.1683352906256914
1177,2024-03-23,2024-03-24,bull,0.049566037559066502,0.024782007411669804,0.5,0.00098690927240963067,BTC,0.125,True,1,5,1177,0.029738647311224664,0.50098690927240963,0.60094705903697532,0.5166832459515156,0.60000000000000009,0.99875667756910003,,6f85f54fc82d5845c74533857fca4337f78841f2e98781ec882304419d8111d7,7.5645073242485523,0.024782007411669804,0.5,0.00098690927240963067,BTC,0.125,True,0,0,1177,0.029738647311224664,0.50098690927240963,0.60094705903697532,0.5166832459515156,0.60000000000000009,0.99875667756910003,,b6f736ef77deeaa452655fdf9b36897cb0cf9e6440f0a5c6af5e02bb90703f14,5.9636004436761141
1178,2024-03-24,2024-03-25,bull,0.0398753792111219,0.019925356685102535,0.5,0.01209183716229445,BTC,0.125,True,0,5,1178,0.023913398847226652,0.51209183716229445,0.61155228832011532,0.51667125567688887,0.60000000000000009,0.99991595552105605,,9bc557be163226cdc7968ec70ff41de25fca5a9e032812e58511b45ca8ebf9a9,6.4282487034797668,0.019925356685102535,0.5,0.01209183716229445,BTC,0.125,True,0,0,1178,0.023913398847226652,0.51209183716229445,0.61155228832011532,0.51667125567688887,0.60000000000000009,0.99991595552105605,,77bb67c0a7dd553d0f1588871f1f33670a149484fdf81f565d11d71f0ad79408,6.0251882616430521
1179,2024-03-25,2024-03-26,bull,0.001535225776913,0.00075783141149154964,0.5,0.0097739743362516007,BTC,0.125,True,1,5,1179,0.00091178038229644542,0.5097739743362516,0.60934647448211254,0.51667088557095187,0.60000000000000009,0.99991595552105605,,e608f2319e6297e1f8fc9bec7d9e84db08bd7a6f8d2e874e1d75c4d205d2f429,6.8410260621458292,0.00075783141149154964,0.5,0.0097739743362516007,BTC,0.125,True,0,0,1179,0.00091178038229644542,0.5097739743362516,0.60934647448211254,0.51667088557095187,0.60000000000000009,0.99995173909585477,,e46327b08f5b11f2952d8b3c19cc97ecc5740d13b29b58ed0748ace4642fd40e,6.009925240650773
1180,2024-03-26,2024-03-27,bull,-0.0079557938436527996,-0.0039782789083103731,0.5,0.00038351205543163402,BTC,0.125,True,0,5,1180,-0.0047738426641055209,0.50038351205543163,0.60036811510258259,0.51667167394378755,0.60000000000000009,0.99987551553439524,,8c75db685b0bc91f80fb895f92bb4cecc880331a494468dc9b6004e361ba9561,7.1579618491232395,-0.0039782789083103731,0.5,0.00038351205543163402,BTC,0.125,True,0,0,1180,-0.0047738426641055209,0.50038351205543163,0.60036811510258259,0.51667167394378755,0.60000000000000009,0.99987551553439524,,824d09799c8470cb893442385723d2b8a941ea4d8079deb5a02083233d4b5995,6.1866844817996025
1181,2024-03-27,2024-03-28,bull,0.019004239484810601,0.0095001038758082412,0.5,0.0019968918910197031,BTC,0.125,True,0,5,1181,0.011400603265882436,0.4980031081089803,0.59808145133090929,0.51667346575634721,0.60000000000000009,0.99970227471411,,728f1fa86f8824a62b4cd4a2d374644ea945dbd34222b5a71423847c95245b73,7.1054883953183889,0.0095001038758082412,0.5,0.0019968918910197031,BTC,0.125,True,0,0,1181,0.011400603265882436,0.4980031081089803,0.59808145133090929,0.51667346575634721,0.60000000000000009,0.99970227471411,,12704d7aeb64dd9f8fa68d4e1e93c15b25c3f94c839d262c83cc13bc2b656bc8,5.9184004720300436
1182,2024-03-28,2024-03-29,bull,-0.0125830070051624,-0.006296180232296833,0.5,0.0047063396681277236,BTC,0.125,True,0,5,1182,-0.0075542797531301664,0.50470633966812772,0.60450959660404868,0.51667173749904338,0.60000000000000009,0.99986937070216164,,4f5e4842f72886c0ab731656be1c60c573548e2dec564f490b80266e033979df,7.0823800433427095,-0.006296180232296833,0.5,0.0047063396681277236,BTC,0.125,True,0,0,1182,-0.0075542797531301664,0.50470633966812772,0.60450959660404868,0.51667173749904338,0.60000000000000009,0.99986937070216164,,2f2df7422d49c2b79d6270cdacd7976c6f7e1f9bd0ce5ad36e813faf0f65aedf,6.1303121000528336
1183,2024-03-29,2024-03-30,bull,-0.0037239683591496001,-0.0018651439537161751,0.5,0.0031656685661625716,BTC,0.125,True,0,5,1183,-0.0022374171114453167,0.49683433143383743,0.59695710505773647,0.51667804847132603,0.60000000000000009,0.80000000000000004,,d468713ea8291cb241f0841303cbce17c6fb16caf54b252ecb557fc1de3f08c3,5.9111263006925583,-0.0018651439537161751,0.5,0.0031656685661625716,BTC,0.125,True,0,0,1183,-0.0022374171114453167,0.49683433143383743,0.59695710505773647,0.51667804847132603,0.60000000000000009,0.99925919594737078,,82d2e672263dd36dca0ed01573c37fe352af33e6be7802ac2daf8c2b6a95a78e,6.0299241561442614
1184,2024-03-30,2024-03-31,bull,0.024715743806698401,0.012356927647990013,0.5,0.00093272881608674751,BTC,0.125,True,0,5,1184,0.014828537246623696,0.49906727118391325,0.5991042461383812,0.51667949590272366,0.60000000000000009,0.80000000000000004,,cbe69670b6f507a485d412be07c5f2bd304d7610a017b1d90cf45063401662ee,5.9029568359255791,0.012356927647990013,0.5,0.00093272881608674751,BTC,0.125,True,0,0,1184,0.014828537246623696,0.49906727118391325,0.5991042461383812,0.51667949590272366,0.60000000000000009,0.99911925171225324,,a3ed626d7bea01c4c61dfa74f6c073f92df01dc9cdb9f0603cbcf98e5a2470a0,6.1700933910906315
1185,2024-03-31,2024-04-01,bull,-0.023378007065552701,-0.011695035698393808,0.5,0.0061035095623422908,BTC,0.125,True,0,5,1185,-0.014032567350206193,0.50610350956234229,0.60584509893295668,0.50898349619755079,0.60000000000000009,0.80000000000000004,,976080fbaf1dc7e0497a5f9dd30ed8d0ac4d0e4e32fa71253806532b742b700a,6.0256876219063997,-0.011695035698393808,0.5,0.0061035095623422908,BTC,0.125,True,0,0,1185,-0.014032567350206193,0.50610350956234229,0.60584509893295668,0.50898349619755079,0.60000000000000009,0.99975582336424085,,34de35b65db1cc1577e9f44f3da83d8cd75c0c1dbf943728e462a3e2da15a919,6.0547200739383698
1186,2024-04-01,2024-04-02,bull,-0.060650777154471897,-0.030331122870388194,0.5,0.0059136261635048815,BTC,0.14999999999999999,True,0,5,1186,-0.036395949753024959,0.49408637383649512,0.59430945818825842,0.52303036598744324,0.60000000000000009,0.99873824815755397,,7fde91b96ef669623b86a9587e4d95ba90a9c518b6c463f7c34c0a4108634fee,6.9585944004356861,-0.030331122870388194,0.5,0.0059136261635048815,BTC,0.14999999999999999,True,0,0,1186,-0.036395949753024959,0.49408637383649512,0.59430945818825842,0.52303036598744324,0.60000000000000009,0.99873824815755397,,6c768d2d7cd28e6e784208027a585932070feb91103762a828ffa560126224be,6.0332882273942232
1187,2024-04-02,2024-04-03,bull,0.0080043765816208007,0.0039864888200118465,0.5,0.015636889024422673,BTC,0.14999999999999999,True,0,5,1187,0.004787447503840303,0.48436311097557733,0.58489410284156196,0.52380447413572739,0.60000000000000009,0.80000000000000004,,a55bf5521057776317077bf3458b438ce2f5bf95202606a6ee96ace6fca4c71c,6.6306815650314093,0.0039864888200118465,0.5,0.015636889024422673,BTC,0.14999999999999999,True,0,0,1187,0.004787447503840303,0.48436311097557733,0.58489410284156196,0.52380447413572739,0.60000000000000009,0.95455049317571916,,32fb55c6071c034c80c4fd07d015089ff767e064af9f61504f7e9ce9ea38e236,5.9922107439488173
1188,2024-04-03,2024-04-04,bull,0.038407895335263703,0.017230661157760396,0.45000000000000001,0.051993117314626469,ABSTAIN,0.14999999999999999,True,0,5,1188,0.017129015455664254,0.50199311731462648,0.60191186839084432,0.44019304272565568,0.45000000000000001,0.5,,dbe9e27beed1e257a9d9939d4440dd9a80e5eb010ad6f9c00952ac5785dcb243,6.4311905298382044,0.017230661157760396,0.45000000000000001,0.051993117314626469,ABSTAIN,0.14999999999999999,True,0,0,1188,0.017129015455664254,0.50199311731462648,0.60191186839084432,0.44019304272565568,0.45000000000000001,0.59999999999999998,,e8a523d27fb9411e5cf8fb5f34d73119e8e2cf670c68aba0ee0b36f65d48566f,5.3647556025534868
1189,2024-04-04,2024-04-05,bull,-0.0097216646106003998,-0.0043840526439713479,0.45000000000000001,0.0093444488199684317,ABSTAIN,0.14999999999999999,True,0,5,1189,-0.0043840526439713479,0.45934444881996844,0.45934444881996844,0.43892504233363622,0.45000000000000001,0.5,,b363209a7244ab11b2ed20af6de7445a306942092f646ad6bdfa92dd43903a13,6.4170733951032162,-0.0049012902366637467,0.5,0.040655551180031557,BTC,0.14999999999999999,True,0,0,1189,-0.0065085327800091797,0.45934444881996844,0.45934444881996844,0.52308628598359075,0.65000000000000002,0.99554626833657278,,76bbadcd35c355e04dc1525376afacaa00bfebbf5d250fc74285000d47869fe8,6.0564627386629581
1190,2024-04-05,2024-04-06,bull,0.015627165320666499,0.007029790715254336,0.45000000000000001,0.002416684378874101,ABSTAIN,0.14999999999999999,True,0,5,1190,0.007029790715254336,0.44758331562112591,0.44758331562112591,0.43906602397447259,0.45000000000000001,0.5,,0c671e52743549f19e030b5f537e962b0b891db0ce17c81a2a97da1b5c116de1,6.2836145516484976,0.0078111212896125881,0.5,0.0024422877036187063,BTC,0.14999999999999999,True,0,0,1190,0.010155409106741065,0.49755771229638129,0.64777425664633259,0.52320612037830172,0.65000000000000002,0.98870594024213798,,3c059dc9b9b1b6be2f5445d768dd94d5b652b88733ef4e93d19b22983ab194fb,6.0089054554700851
1191,2024-04-06,2024-04-07,bull,0.0068195080315744004,0.0033634373386282057,0.5,0.046159285350385604,BTC,0.14999999999999999,True,0,5,1191,0.0042356514237886778,0.4538407146496144,0.4538407146496144,0.52318031230944451,0.65000000000000002,0.80000000000000004,,7a2b934bc5ace1d9587257b3b9ada5c273dc8eec2963f8b7a8fbb025a653d2cd,6.0336400922387838,0.0034058642959073904,0.5,0.0038765019616563423,BTC,0.14999999999999999,True,0,0,1191,0.0044291451890750011,0.50387650196165634,0.65351943093654952,0.52318031230944451,0.65000000000000002,0.99017910490543637,,d71d27e959270ae5749c5a5843232de22028c1c930e9781a556e399e6b79348c,6.0355392955243587
1192,2024-04-07,2024-04-08,bull,0.032723283026049502,0.016359914629677785,0.5,0.001699083550932734,BTC,0.14999999999999999,True,0,5,1192,0.021268556521868653,0.50169908355093273,0.65154459139744703,0.52331881531573798,0.65000000000000002,0.80000000000000004,,6ab2dd8c182953f8918dc266e90a2b63a3d0e1900bf9958f0f9283a59bfc606d,5.9402347486466169,0.016359914629677785,0.5,0.001699083550932734,BTC,0.14999999999999999,True,0,0,1192,0.021268556521868653,0.50169908355093273,0.65154459139744703,0.52331881531573798,0.65000000000000002,0.98227314134372157,,e180b4a950f4554cd1f1151ca37671a2fb2fb459df4923d3b7144c996b4e090a,5.4605940524488688
1193,2024-04-08,2024-04-09,bull,-0.0346516338801705,-0.017333726606315492,0.5,0.0080491238771406293,BTC,0.14999999999999999,True,3,5,1193,-0.022530687334927579,0.50804912387714063,0.65728949828338701,0.52329436797632722,0.65000000000000002,0.98366866962416244,,6f91f5d61795fde202896451bca2c7db9b1eb2b2b016b39922824f1297e8aea4,8.8310281168669462,-0.017333726606315492,0.5,0.0080491238771406293,BTC,0.14999999999999999,True,0,0,1193,-0.022530687334927579,0.50804912387714063,0.65728949828338701,0.52329436797632722,0.65000000000000002,0.98366866962416244,,7962dad1daf26b24dd040c8afc679b6ce41759d35586d8940d0dfbaa168a4138,5.4047768991440535
1194,2024-04-09,2024-04-10,bull,0.021318042459651701,0.009551539667189024,0.45000000000000001,0.041184353248125971,ABSTAIN,0.14999999999999999,True,0,5,1194,0.0093993427474521329,0.49118435324812598,0.64193510308642643,0.44186609384187497,0.45000000000000001,0.5,,4a6064b0db37870f552703d35d9cca566b8f409a23efb3de9573862923342ff7,6.4225627593696117,0.009551539667189024,0.45000000000000001,0.041184353248125971,ABSTAIN,0.14999999999999999,True,0,0,1194,0.0093993427474521329,0.49118435324812598,0.64193510308642643,0.44186609384187497,0.45000000000000001,0.59999999999999998,,6d02186c295e168c91b736ee413bd6fe72021598e99c36a2c71fa4d2c8d307a8,5.3636542521417141
1195,2024-04-10,2024-04-11,bull,-0.0086446027518297004,-0.0038952769895861383,0.45000000000000001,0.0052260810904015687,ABSTAIN,0.14999999999999999,True,0,5,1195,-0.0038952769895861383,0.45522608109040158,0.45522608109040158,0.44071127660932408,0.45000000000000001,0.5,,4cbe83f6db4d443fb581dd7b680172c5a3129b04228235df6ef54d2202f43a67,6.4438324328511953,-0.0038952769895861383,0.45000000000000001,0.0052260810904015687,ABSTAIN,0.14999999999999999,True,0,0,1195,-0.0038952769895861383,0.45522608109040158,0.45522608109040158,0.44071127660932408,0.45000000000000001,0.5,,2646875afa96c0636eab18fa954bdd0de5a7fc67a4368ace3b5a95e47316347c,5.2404813673347235
1196,2024-04-11,2024-04-12,bull,-0.040846088362500102,-0.018382848177876832,0.45000000000000001,0.0021478946442564095,ABSTAIN,0.14999999999999999,True,0,5,1196,-0.018382848177876832,0.4478521053557436,0.4478521053557436,0.44298067993154783,0.45000000000000001,0.5,,379f1be8f83132ac2e5f9aeb8a991240a232656305a364c763c4356d7767464e,6.3925326056778431,-0.018382848177876832,0.45000000000000001,0.0021478946442564095,ABSTAIN,0.14999999999999999,True,0,0,1196,-0.018382848177876832,0.4478521053557436,0.4478521053557436,0.44298067993154783,0.45000000000000001,0.59999999999999998,,13490f28caa47572862d6518c41ffb4b81b03ff1ace30e0954577741b46bf711,5.3528384640812874
1197,2024-04-12,2024-04-13,mix,-0.0491721008638622,-0.022137516209392971,0.45000000000000001,0.010298704680345494,ABSTAIN,0.050000000000000003,True,0,5,1197,-0.022137516209392971,0.43970129531965452,0.43970129531965452,0.4562904090823296,0.45000000000000001,0.84723661197667255,,b4daae4e6b7c542fcc6e85d46068d747379cb30bf3a1dcb511a584dad8ccf3b5,7.7261940632015467,-0.022137516209392971,0.45000000000000001,0.010298704680345494,ABSTAIN,0.050000000000000003,True,0,0,1197,-0.022137516209392971,0.43970129531965452,0.43970129531965452,0.4562904090823296,0.45000000000000001,0.5,,e764a883ac0e9f8bcf4c70180ae8d3f57c3f28e5525ea859881ea5634395313b,5.2351471893489361
1198,2024-04-13,2024-04-14,mix,0.028935049232653401,0.013008164623232732,0.45000000000000001,0.012445481680016968,ABSTAIN,0.050000000000000003,True,0,5,1198,0.013008164623232732,0.43755451831998304,0.43755451831998304,0.45872630067244552,0.45000000000000001,0.63140246437846181,,60f03dd0739ed0678156e58bce6e1150414453f641207c837dcf96cffd491977,6.9499819874763489,0.013008164623232732,0.45000000000000001,0.012445481680016968,ABSTAIN,0.050000000000000003,True,0,0,1198,0.013008164623232732,0.43755451831998304,0.43755451831998304,0.45872630067244552,0.45000000000000001,0.96651481876057876,,9ff0aa77972a19e5dbdab2eefe83ef9302ee9eb2b48f791c02f470e42a0d8877,5.847838269546628
1199,2024-04-14,2024-04-15,mix,-0.034788286903286801,-0.015661687813265046,0.45000000000000001,0.0070693759515408905,ABSTAIN,0.050000000000000003,True,5,5,1199,-0.015661687813265046,0.4570693759515409,0.4570693759515409,0.45669188980629111,0.45000000000000001,0.86682183634908805,,c19bcf0afd6fb6fb76b1236263a1646d1b50effe6a23028230b7e5d809359572,10.460844207555056,-0.015661687813265046,0.45000000000000001,0.0070693759515408905,ABSTAIN,0.050000000000000003,True,0,0,1199,-0.015661687813265046,0.4570693759515409,0.4570693759515409,0.45669188980629111,0.45000000000000001,0.5,,899b16915b95387e2bdc04871500ef1f5cc22095a00961b5b83d6e4e9758e46a,5.2829062081873417
1200,2024-04-15,2024-04-16,mix,0.0062038828674112999,0.0027829758373805191,0.45000000000000001,0.0087470334476721368,ABSTAIN,0.050000000000000003,True,0,5,1200,0.0027829758373805191,0.44125296655232787,0.44125296655232787,0.4583776297062705,0.45000000000000001,0.63140246437846181,,6ff903739c41c51114bac0ab8984f4718be53a6b4c41a76c6788633882b1e2a2,6.9181463848799467,0.0027829758373805191,0.45000000000000001,0.0087470334476721368,ABSTAIN,0.050000000000000003,True,0,0,1200,0.0027829758373805191,0.44125296655232787,0.44125296655232787,0.4583776297062705,0.45000000000000001,0.94999999999999996,,ad19aed938d07f57dcb6ad720e8c9794041a07ae714143bb5ce1f4531a6d7b4c,5.384567042812705
1201,2024-04-16,2024-04-17,mix,-0.039595456803745203,-0.017819459465399867,0.45000000000000001,0.001531186324412126,ABSTAIN,0.050000000000000003,True,0,5,1201,-0.017819459465399867,0.45153118632441214,0.45153118632441214,0.45770627412260068,0.45000000000000001,0.9165730002423198,,27747daaabe96e8ede306a97818cf42f4f9ae741dee39435e56f5eb2b8f01c31,7.7371774632483721,-0.017819459465399867,0.45000000000000001,0.001531186324412126,ABSTAIN,0.050000000000000003,True,0,0,1201,-0.017819459465399867,0.45153118632441214,0.45153118632441214,0.45770627412260068,0.45000000000000001,0.9165730002423198,,c1880af0664b965fa9321b56853e4f609e1ea5734f7f583cccc74cfc034382b5,5.7251061014831066
1202,2024-04-17,2024-04-18,mix,0.035942224811476603,0.016163862129520368,0.45000000000000001,0.0099776570081071547,ABSTAIN,0.050000000000000003,True,5,5,1202,0.016163862129520368,0.44002234299189286,0.44002234299189286,0.45889801158023458,0.45000000000000001,0.63140246437846181,,76f6554248a2a5de58c8fa20b929706016c189045ff49677387f98ea81ae7e47,10.584415856748819,0.016163862129520368,0.45000000000000001,0.0099776570081071547,ABSTAIN,0.050000000000000003,True,0,0,1202,0.016163862129520368,0.44002234299189286,0.44002234299189286,0.45889801158023458,0.45000000000000001,0.5,,9ba7706979cf0953dae2d40be89f74a01da590a7be18965f10113738829190fe,5.317567715421319
1203,2024-04-18,2024-04-19,mix,0.0050046155251775,0.0022433031597675068,0.45000000000000001,0.0087541116291505738,ABSTAIN,0.050000000000000003,True,0,5,1203,0.0022433031597675068,0.45875411162915058,0.45875411162915058,0.45496186564103058,0.45000000000000001,0.75,,d545a89edf29ccabe47c1e9d10f60419e9ee6d4561c0980921f3fd51f674955a,6.3787041995674372,0.0022433031597675068,0.45000000000000001,0.0087541116291505738,ABSTAIN,0.050000000000000003,True,0,0,1203,0.0022433031597675068,0.45875411162915058,0.45875411162915058,0.45496186564103058,0.45000000000000001,0.78271311727735071,,5aaec285ff98e464935788163872f2c223dd28533352076f35ec7a36ee11d762,5.7284573912620544
1204,2024-04-19,2024-04-20,mix,0.018213423073366101,0.0081947943947711099,0.45000000000000001,0.0012358590926604962,ABSTAIN,0.050000000000000003,True,0,5,1204,0.0081947943947711099,0.45123585909266051,0.45123585909266051,0.4549121799221329,0.45000000000000001,0.80000000000000004,,a6a358a314585e7e2e02051f58b5ce257a25005d631403e5d4447185a7a47931,7.1980862319469452,0.0081947943947711099,0.45000000000000001,0.0012358590926604962,ABSTAIN,0.050000000000000003,True,0,0,1204,0.0081947943947711099,0.45123585909266051,0.45123585909266051,0.4549121799221329,0.45000000000000001,0.5,,7eefa110a1497607e43656269c6edf5e6dd83954f71889f2c0e94e4ad0b9c6b5,5.3931109812110662
1205,2024-04-20,2024-04-21,bull,-0.0003217310051708,-0.0001492494812641576,0.45000000000000001,0.0044711762693945278,ABSTAIN,0.14999999999999999,True,0,5,1205,-0.0001492494812641576,0.45447117626939454,0.45447117626939454,0.44581786735960638,0.45000000000000001,0.5,,a1dc7f9173cf06417a670d64f55334b3d655bd8ef50089eeaa538ec4933b5a00,6.4004135839641094,-0.0001492494812641576,0.45000000000000001,0.0044711762693945278,ABSTAIN,0.14999999999999999,True,0,0,1205,-0.0001492494812641576,0.45447117626939454,0.45447117626939454,0.44581786735960638,0.45000000000000001,0.5,,d1e5c9163bf094c02a14fd6893b9014afb3dfea09cbdd9670b658bee6a74ebe3,5.2345800511538982
1206,2024-04-21,2024-04-22,bull,0.0290898395754863,0.013090347126493818,0.45000000000000001,7.9639953968868582e-05,ABSTAIN,0.14999999999999999,True,0,5,1206,0.013090347126493818,0.44992036004603114,0.44992036004603114,0.44649447546896948,0.45000000000000001,0.5,,91c24245be51b841b27b0fd3e12860e271de3409123be676c069419a89570b0a,6.2727524116635323,0.013090347126493818,0.45000000000000001,7.9639953968868582e-05,ABSTAIN,0.14999999999999999,True,0,0,1206,0.013090347126493818,0.44992036004603114,0.44992036004603114,0.44649447546896948,0.45000000000000001,0.59999999999999998,,bc45f104f4f7aee534b23301a6b99b1faa01079ee80be223093ef026437eaa81,5.3352391347289085
1207,2024-04-22,2024-04-23,bull,-0.0061993766207337,-0.0027968063590952941,0.45000000000000001,0.0071067054798888418,ABSTAIN,0.14999999999999999,True,0,5,1207,-0.0027968063590952941,0.45710670547988885,0.45710670547988885,0.44419041766406059,0.45000000000000001,0.5,,a3e5738fe6c6aac539aca3835ad85b2863a3f5999b9fbd825e8c9facfcf56657,6.392044136300683,-0.0035022337016386018,0.55000000000000004,0.092893294520111191,BTC,0.14999999999999999,True,0,0,1207,-0.0045814028781256955,0.45710670547988885,0.45710670547988885,0.52756185501445152,0.70000000000000007,0.74005910103723005,,4092fd3e12c54542934f38997dc1377f3df4e98fcf0db0df226f2a82ee3ebf6d,5.2661238070577383
1208,2024-04-23,2024-04-24,bull,-0.0320605284950689,-0.014428754262565735,0.45000000000000001,0.00153863808226129,ABSTAIN,0.14999999999999999,True,0,5,1208,-0.014428754262565735,0.44846136191773872,0.44846136191773872,0.4482711944564795,0.45000000000000001,0.5,,8cc2b459ae71a8d04cd1caf959cc4103cd3b0ef8aef734dc454abcf6eb2097cc,6.2861029133200645,-0.014524277715899481,0.45000000000000001,0.098460404794581458,ABSTAIN,0.14999999999999999,True,0,0,1208,-0.014672342334305366,0.54846040479458147,0.69869245674247504,0.4482711944564795,0.45000000000000001,0.65000000000000002,,d35ebff111e679fefd612dd331d21e1cd89d3a9374ab7fb3b7b2f26152085067,5.9794490076601505
1209,2024-04-24,2024-04-25,mix,0.0032884451752099001,0.0014717372783070726,0.45000000000000001,0.0080511364630252991,ABSTAIN,0.050000000000000003,True,5,5,1209,0.0014717372783070726,0.44194886353697471,0.44194886353697471,0.45763199035947971,0.45000000000000001,0.91235836813854121,,c39d2f2e147c8a83145bfd87b8c2780feaeb3a5dcb924eb2d088da57012c1a06,10.547919297590852,0.0014717372783070726,0.45000000000000001,0.0080511364630252991,ABSTAIN,0.050000000000000003,True,0,0,1209,0.0014717372783070726,0.44194886353697471,0.44194886353697471,0.45763199035947971,0.45000000000000001,0.91235836813854121,,83eb6901ca6ddddd9d6f8e5ef07267dcf64b525bc67c2a62332f8e96040e1430,5.7201601210981607
1210,2024-04-25,2024-04-26,mix,-0.011329191545046099,-0.0050989447396444509,0.45000000000000001,0.00081268756553770638,ABSTAIN,0.050000000000000003,True,0,5,1210,-0.0050989447396444509,0.45081268756553772,0.45081268756553772,0.45768389499412082,0.45000000000000001,0.91487100035280999,,5025f6893b9bc27ce2601a60a1003dfa2e388b7b0fa782f5bfbc764f6f35b1e6,7.6421168949455023,-0.0050989447396444509,0.45000000000000001,0.00081268756553770638,ABSTAIN,0.050000000000000003,True,0,0,1210,-0.0050989447396444509,0.45081268756553772,0.45081268756553772,0.45768389499412082,0.45000000000000001,0.5,,dc09d83aa9acdc2b1ad7e03b026ccbb08283af7e9d18e08155f5e99f4f45ef1e,5.4026861321181059
1211,2024-04-26,2024-04-27,mix,-0.0048552215586891998,-0.0021876618869587361,0.45000000000000001,0.0028183432049024848,ABSTAIN,0.050000000000000003,True,0,5,1211,-0.0021876618869587361,0.44718165679509753,0.44718165679509753,0.45819628923464928,0.45000000000000001,0.93991062363885236,,bd725e39b5823f88d1d7e646c30f21b289a6c6d06e44fbcb9d5173e4277bcaf4,7.7188514918088913,-0.0021876618869587361,0.45000000000000001,0.0028183432049024848,ABSTAIN,0.050000000000000003,True,0,0,1211,-0.0021876618869587361,0.44718165679509753,0.44718165679509753,0.45819628923464928,0.45000000000000001,0.93991062363885236,,5613a6a9ead31a22b4a31b080d4460404a4afb29f745e29a0df8ca030c10ca82,5.7165851648896933
1212,2024-04-27,2024-04-28,mix,-0.0054698629618891003,-0.0024626396670905937,0.45000000000000001,0.0012042985470966383,ABSTAIN,0.050000000000000003,True,0,5,1212,-0.0024626396670905937,0.44879570145290337,0.44879570145290337,0.45875296161117912,0.45000000000000001,0.96771600681406345,,6103a56b599bbcb5744b097daf9d7c259cae5a2105a2fff3780e77c2ee7f6cc8,7.768530348315835,-0.0024626396670905937,0.45000000000000001,0.0012042985470966383,ABSTAIN,0.050000000000000003,True,0,0,1212,-0.0024626396670905937,0.44879570145290337,0.44879570145290337,0.45875296161117912,0.45000000000000001,0.96771600681406345,,5631ada37d666ce16d89099f3ecc7f8178a23311c9a8cb44f48818eacf46858f,5.8928187470883131
1213,2024-04-28,2024-04-29,mix,0.011890406704516,0.0053493186238726675,0.45000000000000001,0.0013571315787582749,ABSTAIN,0.050000000000000003,True,0,5,1213,0.0053493186238726675,0.44864286842124174,0.44864286842124174,0.45914702212593639,0.45000000000000001,0.98737160498776622,,c329efe3ea1717345237998086c231216abf0653df49f4f34f59255c0dc48004,7.691308481618762,0.0053493186238726675,0.45000000000000001,0.0013571315787582749,ABSTAIN,0.050000000000000003,True,0,0,1213,0.0053493186238726675,0.44864286842124174,0.44864286842124174,0.45914702212593639,0.45000000000000001,0.98737160498776622,,123dc2e411de2a2f9b85675ef9269fb5251cb6e4e05e7888f35431cb5fa758e6,5.7301578670740128
1214,2024-04-29,2024-04-30,mix,-0.050007751318898598,-0.022506349434070039,0.45000000000000001,0.0029272130701062937,ABSTAIN,0.050000000000000003,True,2,5,1214,-0.022506349434070039,0.4529272130701063,0.4529272130701063,0.45780174491204961,0.45000000000000001,0.92000000000000004,,5d7d42407cd27ef671f47175a1612ab0074a253d242c017d81e57649a13e7e12,8.2633007168769836,-0.022506349434070039,0.45000000000000001,0.0029272130701062937,ABSTAIN,0.050000000000000003,True,0,0,1214,-0.022506349434070039,0.4529272130701063,0.4529272130701063,0.45780174491204961,0.45000000000000001,0.94999999999999996,,a9af1e17274fac7d07cf4d3b349fd5424897bf1972b96301f4d3f3eebfcfbf2b,6.097960202023387
1215,2024-04-30,2024-05-01,mix,-0.038495646698512902,-0.01733548352684855,0.45000000000000001,0.012661854339804879,ABSTAIN,0.050000000000000003,True,5,5,1215,-0.01733548352684855,0.43733814566019513,0.43733814566019513,0.45917864084413101,0.45000000000000001,0.63140246437846181,,9bf1a5b6928f06c67c3504e6ac4f5bceee32341e91ce544626cad070a9f36f00,10.497704993933439,-0.01733548352684855,0.45000000000000001,0.012661854339804879,ABSTAIN,0.050000000000000003,True,0,0,1215,-0.01733548352684855,0.43733814566019513,0.43733814566019513,0.45917864084413101,0.45000000000000001,0.5,,4d44069623133e9eba462d8093a4b68cc525cf1174c9f511aba38c0adf25f8fe,5.2183240689337254
1216,2024-05-01,2024-05-02,mix,0.013545066791014099,0.0060855253280138744,0.45000000000000001,0.0096956303602727112,ABSTAIN,0.050000000000000003,True,5,5,1216,0.0060855253280138744,0.4403043696397273,0.4403043696397273,0.4569853789073956,0.45000000000000001,0.63140246437846181,,2ce45867dde5912c02bfc7fcdd23425f093f15d6cbf112e75f2467f519defa2f,10.554727068170905,0.0060855253280138744,0.45000000000000001,0.0096956303602727112,ABSTAIN,0.050000000000000003,True,0,0,1216,0.0060855253280138744,0.4403043696397273,0.4403043696397273,0.4569853789073956,0.45000000000000001,0.94999999999999996,,52ef5e3406fc6d725fd9f3069c9ab9eecc95ffba0fb80d15dd253623cffc4bfd,6.008241381496191
1217,2024-05-02,2024-05-03,mix,0.063533785623793596,0.028586776171477091,0.45000000000000001,0.0033320939847660824,ABSTAIN,0.050000000000000003,True,5,5,1217,0.028586776171477091,0.45333209398476609,0.45333209398476609,0.45882432692615949,0.45000000000000001,0.63140246437846181,,9e01e879766de0782c2ec837fe9a1d81027e5977539d99308f4251008c25b4f9,10.540209555998445,0.028586776171477091,0.45000000000000001,0.0033320939847660824,ABSTAIN,0.050000000000000003,True,0,0,1217,0.028586776171477091,0.45333209398476609,0.45333209398476609,0.45882432692615949,0.45000000000000001,0.99170750806373476,,583c75cc641d70fc6f4d73a36e70f2dc44f53c0ee3125eecebf0d15ea76565c5,5.721887020394206
1218,2024-05-03,2024-05-04,mix,0.016075702755357701,0.0072186681107320183,0.45000000000000001,0.015287538115678234,ABSTAIN,0.050000000000000003,True,0,5,1218,0.0072186681107320183,0.46528753811567825,0.46528753811567825,0.4592025943517154,0.45000000000000001,0.99495774167504436,,b8ec12eb996672daf54015877b9120b900b88590026011793b8bd077569911d5,7.7406195309013128,0.0072186681107320183,0.45000000000000001,0.015287538115678234,ABSTAIN,0.050000000000000003,True,0,0,1218,0.0072186681107320183,0.46528753811567825,0.46528753811567825,0.4592025943517154,0.45000000000000001,0.5,,55235f50c88944c0cd5c6c7abb4026ee677dffb1f0f1aba32cfcbe6f2a2d762b,5.3393597640097141
1219,2024-05-04,2024-05-05,mix,0.0018485387778357,0.00082788900340680094,0.45000000000000001,0.0039501607077329637,ABSTAIN,0.050000000000000003,True,0,5,1219,0.00082788900340680094,0.45395016070773297,0.45395016070773297,0.45916034520202698,0.45000000000000001,0.99177807292845155,,f7080b45a4a32ce0b7d660f0728d9674308b49814e12561fe017ee2939af3257,7.7115671876817942,0.00082788900340680094,0.45000000000000001,0.0039501607077329637,ABSTAIN,0.050000000000000003,True,0,0,1219,0.00082788900340680094,0.45395016070773297,0.45395016070773297,0.45916034520202698,0.45000000000000001,0.99177807292845155,,c02088e29b6f8ee90f73afa49749a0d601ede8d28bed533b4e43c06b717cc65c,6.5722355879843235
1220,2024-05-05,2024-05-06,mix,-0.0131752449755024,-0.0059293146617827031,0.45000000000000001,0.00045713308480915815,ABSTAIN,0.050000000000000003,True,0,5,1220,-0.0059293146617827031,0.45045713308480917,0.45045713308480917,0.45909520487554228,0.45000000000000001,0.98667894907053322,,f8e33b10644141e8cc6ae6280b60fedcec957c0761ffe543ac009d27e8df3420,7.6689443532377481,-0.0059293146617827031,0.45000000000000001,0.00045713308480915815,ABSTAIN,0.050000000000000003,True,0,0,1220,-0.0059293146617827031,0.45045713308480917,0.45045713308480917,0.45909520487554228,0.45000000000000001,0.5,,47f66d9ef3a02439f2e6ec03b988d6444d7079be86718cc5f2a1efe1ba7cefd7,5.3856479711830616
1221,2024-05-06,2024-05-07,mix,-0.013384396902621901,-0.0060262391705727669,0.45000000000000001,0.0032803217003370411,ABSTAIN,0.050000000000000003,True,5,5,1221,-0.0060262391705727669,0.44671967829966297,0.44671967829966297,0.45912371786279133,0.45000000000000001,0.99483946951311919,,80d6f19da308b67f1413c07a29c23aac8388aa9804ad2b59a706f026e0788e1f,10.540557453408837,-0.0060262391705727669,0.45000000000000001,0.0032803217003370411,ABSTAIN,0.050000000000000003,True,0,0,1221,-0.0060262391705727669,0.44671967829966297,0.44671967829966297,0.45912371786279133,0.45000000000000001,0.5,,bb06653be4cfea8943bccfbe279f7d1ae15385cbdd3e9bebdfca4ee62ed5d819,5.2808953914791346
1222,2024-05-07,2024-05-08,mix,-0.017815163268220701,-0.0080201294640238618,0.45000000000000001,0.0033327110809400207,ABSTAIN,0.050000000000000003,True,0,5,1222,-0.0080201294640238618,0.44666728891905999,0.44666728891905999,0.45832062063200701,0.45000000000000001,0.98603650007539445,,ff612a26b75936885627f3276e76ea11d998fa1940e04597a2414deef86de771,7.7079084236174822,-0.0080201294640238618,0.45000000000000001,0.0033327110809400207,ABSTAIN,0.050000000000000003,True,0,0,1222,-0.0080201294640238618,0.44666728891905999,0.44666728891905999,0.45832062063200701,0.45000000000000001,0.5,,4ad97ce1f0b78e7391668ee9943f53d868052d19bb9111723507b165c8eaae42,5.3365801647305489
1223,2024-05-08,2024-05-09,mix,0.030510966793285198,0.013725429142189993,0.45000000000000001,0.0044448867815596316,ABSTAIN,0.050000000000000003,True,0,5,1223,0.013725429142189993,0.44555511321844038,0.44555511321844038,0.4561595989247626,0.45000000000000001,0.95991570925037517,,e9383ae1142aec29a3e34ee2155a7db10f8abb61fad02addf9acae285a34bc17,7.5136700887233019,0.013725429142189993,0.45000000000000001,0.0044448867815596316,ABSTAIN,0.050000000000000003,True,0,0,1223,0.013725429142189993,0.44555511321844038,0.44555511321844038,0.4561595989247626,0.45000000000000001,0.95991570925037517,,3be37409abbeb49fa0ad486cba24dd3d5ef1a208afdbf41e596a43d0b4008bd2,6.6087701562792063
1224,2024-05-09,2024-05-10,mix,-0.036117320650019803,-0.016260122409819888,0.45000000000000001,0.0074491874218093335,ABSTAIN,0.050000000000000003,True,0,5,1224,-0.016260122409819888,0.45744918742180934,0.45744918742180934,0.45895003368858378,0.45000000000000001,0.99316377829167635,,cc0b552a3a4b10729b3269fd451ca78c2da08510eceacfb6ac94417d9561ba31,7.7598656173795462,-0.016260122409819888,0.45000000000000001,0.0074491874218093335,ABSTAIN,0.050000000000000003,True,0,0,1224,-0.016260122409819888,0.45744918742180934,0.45744918742180934,0.45895003368858378,0.45000000000000001,0.5,,3b45d561a536c6ccdb0e669422ae90b983e234782f55d84f07d282ba1bb04841,5.4267049245536327
1225,2024-05-10,2024-05-11,mix,0.00048851174977649996,0.0002107415683869629,0.45000000000000001,0.0090867214758197368,ABSTAIN,0.050000000000000003,True,5,5,1225,0.0002107415683869629,0.44091327852418027,0.44091327852418027,0.45613597137826212,0.45000000000000001,0.95964592999970921,,4a19bb17eb825b859e295616e40fcf02d8ee98a22bc8581d31efc8822428bf6a,10.511020103469491,0.0002107415683869629,0.45000000000000001,0.0090867214758197368,ABSTAIN,0.050000000000000003,True,0,0,1225,0.0002107415683869629,0.44091327852418027,0.44091327852418027,0.45613597137826212,0.45000000000000001,0.94999999999999996,,df8096701799c77012dd08af5d228a20a2c90f439ff88aae086f3ee5122b8e90,5.2668871805071831
1226,2024-05-11,2024-05-12,mix,0.0107420108965485,0.0048337834390390633,0.45000000000000001,0.00012088008496591307,ABSTAIN,0.050000000000000003,True,0,5,1226,0.0048337834390390633,0.45012088008496592,0.45012088008496592,0.45780078239336103,0.45000000000000001,0.97986277314985881,,3f1a3c9ad03852c82c6256c3afbfa5e1a07b4f84e77ed2c8fada9e26f673e640,7.7893061973154545,0.0048337834390390633,0.45000000000000001,0.00012088008496591307,ABSTAIN,0.050000000000000003,True,0,0,1226,0.0048337834390390633,0.45012088008496592,0.45012088008496592,0.45780078239336103,0.45000000000000001,0.97986277314985881,,5344e5ff9b4c4d1326b4885cba510c7657080029532e6e90166afaa839b42414,6.7300358098000288
1227,2024-05-12,2024-05-13,mix,0.023702016916070202,0.01066323353388432,0.45000000000000001,0.0026458578715566339,ABSTAIN,0.050000000000000003,True,0,5,1227,0.01066323353388432,0.45264585787155664,0.45264585787155664,0.45883293231763173,0.45000000000000001,0.99195161963664158,,5048ac004ed0a914d26430c8e4629f9941b930d8cbafd5c46f56e90b68e3c0c5,7.6950554326176643,0.01066323353388432,0.45000000000000001,0.0026458578715566339,ABSTAIN,0.050000000000000003,True,0,0,1227,0.01066323353388432,0.45264585787155664,0.45264585787155664,0.45883293231763173,0.45000000000000001,0.99195161963664158,,08b3c33b8ad1e132c7f09f1a691b2821154e0d11448cd848b95e3cf1642df6a0,5.7201001383364201
1228,2024-05-13,2024-05-14,mix,-0.021732774893067901,-0.0097854962775137944,0.45000000000000001,0.0058043406258620478,ABSTAIN,0.050000000000000003,True,5,5,1228,-0.0097854962775137944,0.45580434062586206,0.45580434062586206,0.45922834678087793,0.45000000000000001,0.99353909291051645,,28c26f98d7c4dcf14b4bedfed61192ccc4fdac4023f4c201ff661f944427ef22,10.55546466447413,-0.0097854962775137944,0.45000000000000001,0.0058043406258620478,ABSTAIN,0.050000000000000003,True,0,0,1228,-0.0097854962775137944,0.45580434062586206,0.45580434062586206,0.45922834678087793,0.45000000000000001,0.99353909291051645,,b5cfac1524a26da94cc1141ea4cef6532db16994fdc88c546026c26523a7091d,5.8273514397442341
1229,2024-05-14,2024-05-15,mix,0.075617108498702207,0.034022082001221587,0.45000000000000001,0.0054319852366006005,ABSTAIN,0.050000000000000003,True,0,5,1229,0.034022082001221587,0.44456801476339941,0.44456801476339941,0.45894740194481459,0.45000000000000001,0.99268067038022201,,54bebc75bf24499e557a9d3cb3a0999155e3eaac2949466f6923fed8ff79d75b,7.6447712555527687,0.034022082001221587,0.45000000000000001,0.0054319852366006005,ABSTAIN,0.050000000000000003,True,0,0,1229,0.034022082001221587,0.44456801476339941,0.44456801476339941,0.45894740194481459,0.45000000000000001,0.99268067038022201,,a9ac25fc1c2974ac6b127bc733528cfd38c190d77aa36c8fed61eb4acbb29e12,6.4620458707213402
1230,2024-05-15,2024-05-16,mix,-0.015010924860815599,-0.0067728932826953692,0.45000000000000001,0.018099354954133395,ABSTAIN,0.050000000000000003,True,0,5,1230,-0.0067728932826953692,0.46809935495413341,0.46809935495413341,0.45797104597908,0.45000000000000001,0.92910728348962124,,e04a8194e183ab84c8c2c308ae8e74dd9113e21ba58920e94ad24c3c1ecc5014,7.617767047137022,-0.0067728932826953692,0.45000000000000001,0.018099354954133395,ABSTAIN,0.050000000000000003,True,0,0,1230,-0.0067728932826953692,0.46809935495413341,0.46809935495413341,0.45797104597908,0.45000000000000001,0.92910728348962124,,e492cf1a8f3bf67b7277c35b258a1880a8d20b3ab89e6d6f1fbefe5fb2fad8a4,5.7987891156226397
1231,2024-05-16,2024-05-17,mix,0.027683156781284898,0.012453633484496907,0.45000000000000001,0.0037404704675615408,ABSTAIN,0.050000000000000003,True,0,5,1231,0.012453633484496907,0.44625952953243847,0.44625952953243847,0.45899833789398631,0.45000000000000001,0.98203111999538562,,dd23e2e57e66c1177298c2e970588f0e637d650b16be71762508b1cc230fde8b,7.7282920870929956,0.012453633484496907,0.45000000000000001,0.0037404704675615408,ABSTAIN,0.050000000000000003,True,0,0,1231,0.012453633484496907,0.44625952953243847,0.44625952953243847,0.45899833789398631,0.45000000000000001,0.98203111999538562,,f386d14d0940077717e7b868b26234356eb61dcd8a3812c7cd7d79f256d4600d,5.7456812597811222
1232,2024-05-17,2024-05-18,mix,-0.0017796195522458999,-0.00080759065754865134,0.45000000000000001,0.0067672784694840504,ABSTAIN,0.050000000000000003,True,5,5,1232,-0.00080759065754865134,0.45676727846948406,0.45676727846948406,0.45758410421231149,0.45000000000000001,0.91038204316426286,,790a4f0b2f0463031575778c465bc1624d8346c2844a2ec611970698456fee60,10.553632328286767,-0.00080759065754865134,0.45000000000000001,0.0067672784694840504,ABSTAIN,0.050000000000000003,True,0,0,1232,-0.00080759065754865134,0.45676727846948406,0.45676727846948406,0.45758410421231149,0.45000000000000001,0.5,,259f94ddce3eff3ebf9913605eb36b7db2a748b5f4c7e76daa8158ecf43b87c7,5.3479758147150278
1233,2024-05-18,2024-05-19,mix,-0.0095401053536069008,-0.0042934863255613687,0.45000000000000001,0.00044080885160391325,ABSTAIN,0.050000000000000003,True,2,5,1233,-0.0042934863255613687,0.4495591911483961,0.4495591911483961,0.45847771914780933,0.45000000000000001,0.9540630181551264,,8ad660c8a8297b59a2d95dc70a748354d9b31eb2040359577569093c85890d18,8.7148291394114494,-0.0042934863255613687,0.45000000000000001,0.00044080885160391325,ABSTAIN,0.050000000000000003,True,0,0,1233,-0.0042934863255613687,0.4495591911483961,0.4495591911483961,0.45847771914780933,0.45000000000000001,0.94999999999999996,,9819c8955d59b0835e08f6dab5a3da00e62d51d845aabf3fd101dbeed6a6f0b8,5.2646795809268951
1234,2024-05-19,2024-05-20,mix,0.077605157583612,0.034919866742934902,0.45000000000000001,0.0023713564205551374,ABSTAIN,0.050000000000000003,True,5,5,1234,0.034919866742934902,0.44762864357944487,0.44762864357944487,0.45915692294267713,0.45000000000000001,0.98861460847639315,,e42140e1236e4167ce72a71fec9b0921f9b9d9a18a15a9f94c816c5f51f963c0,10.569374339655042,0.034919866742934902,0.45000000000000001,0.0023713564205551374,ABSTAIN,0.050000000000000003,True,0,0,1234,0.034919866742934902,0.44762864357944487,0.44762864357944487,0.45915692294267713,0.45000000000000001,0.5,,14bff5978d0ebec7040f7f89bfd5935a29ee1d2824fee5921a8e937351ca0b3a,5.4019242860376835
1235,2024-05-20,2024-05-21,mix,-0.017960676367597399,-0.008100713512716351,0.45000000000000001,0.018559147980310664,ABSTAIN,0.050000000000000003,True,5,5,1235,-0.008100713512716351,0.46855914798031068,0.46855914798031068,0.45745319439308779,0.45000000000000001,0.90361232570486505,,1864c2bd2486b0287c8ca6d50acbe32fe7527995deb34bf71aea1949ed640546,10.400201955810189,-0.008100713512716351,0.45000000000000001,0.018559147980310664,ABSTAIN,0.050000000000000003,True,0,0,1235,-0.008100713512716351,0.46855914798031068,0.46855914798031068,0.45745319439308779,0.45000000000000001,0.90361232570486505,,feb7c5f16b1d3ecfc0813b38faf429d1bb0f76ef686d6349057e4c89076606f7,5.6026818864047527
1236,2024-05-21,2024-05-22,mix,-0.0140362332994486,-0.0063207581664581625,0.45000000000000001,0.0044814881522367567,ABSTAIN,0.050000000000000003,True,0,5,1236,-0.0063207581664581625,0.44551851184776325,0.44551851184776325,0.45814076112320279,0.45000000000000001,0.93724692606821325,,44b62b3c60ab9d022526993a3fbc633f42a6260b778a4528c2c35ce4ad76ac3b,7.7214240729808807,-0.0063207581664581625,0.45000000000000001,0.0044814881522367567,ABSTAIN,0.050000000000000003,True,0,0,1236,-0.0063207581664581625,0.44551851184776325,0.44551851184776325,0.45814076112320279,0.45000000000000001,0.5,,a47df3f342b077033f3ef3bd56d998953eae165200b97e384a2a3a7e38fa7b3a,5.4333192259073257
1237,2024-05-22,2024-05-23,mix,-0.0170586823299409,-0.0076798762612303451,0.45000000000000001,0.0034960498587633948,ABSTAIN,0.050000000000000003,True,0,5,1237,-0.0076798762612303451,0.44650395014123662,0.44650395014123662,0.45882273698444648,0.45000000000000001,0.97077640940394561,,5994714f70a19c2c1c4f91bc74f39c344a4efa4c9204c25d7b8d258fd97d9db4,7.7087073959410191,-0.0076798762612303451,0.45000000000000001,0.0034960498587633948,ABSTAIN,0.050000000000000003,True,0,0,1237,-0.0076798762612303451,0.44650395014123662,0.44650395014123662,0.45882273698444648,0.45000000000000001,0.5,,a614265c0ea51eb6bc05adc54455612876a2c27117dbae2178f61b6888658c43,5.2824148312211037
1238,2024-05-23,2024-05-24,mix,0.0084133006353741008,0.00378171449317799,0.45000000000000001,0.0042546845672615241,ABSTAIN,0.050000000000000003,True,2,5,1238,0.00378171449317799,0.44574531543273849,0.44574531543273849,0.45900107589455419,0.45000000000000001,0.97999999999999998,,073554ab4b1b6b03b7dbed77b4e63b85cfbb77997633b6976560b0cf71d62dd6,8.273117084056139,0.00378171449317799,0.45000000000000001,0.0042546845672615241,ABSTAIN,0.050000000000000003,True,0,0,1238,0.00378171449317799,0.44574531543273849,0.44574531543273849,0.45900107589455419,0.45000000000000001,0.5,,888050bd9c55108f69d7b3dd25971f2a1f225646c423eb9fcda29267d528f696,5.3393471576273441
1239,2024-05-24,2024-05-25,mix,0.0107487351854766,0.0048348463614356074,0.45000000000000001,0.0020744381150749058,ABSTAIN,0.050000000000000003,True,5,5,1239,0.0048348463614356074,0.45207443811507492,0.45207443811507492,0.45803412524738468,0.45000000000000001,0.93248727356734984,,84add607fd965b44ed3070b5d06b8fff985227abd3e73f71a030eed5247a4e75,10.528309876099229,0.0048348463614356074,0.45000000000000001,0.0020744381150749058,ABSTAIN,0.050000000000000003,True,0,0,1239,0.0048348463614356074,0.45207443811507492,0.45207443811507492,0.45803412524738468,0.45000000000000001,0.5,,079fe306a9f0542cb6aa8f099e10f5970ca354ba29a6a2f1566e2b80abafa9ec,5.2412608172744513
1240,2024-05-25,2024-05-26,mix,-0.011107839571389701,-0.0050011620796466261,0.45000000000000001,0.0026475061542562406,ABSTAIN,0.050000000000000003,True,0,5,1240,-0.0050011620796466261,0.45264750615425625,0.45264750615425625,0.4571089902891104,0.45000000000000001,0.88745372733162942,,fe9db47b3e40de22cbc299599a010b47ebf8a9eb114842e1e67207c5efeed40b,7.6951272133737803,-0.0050011620796466261,0.45000000000000001,0.0026475061542562406,ABSTAIN,0.050000000000000003,True,0,0,1240,-0.0050011620796466261,0.45264750615425625,0.45264750615425625,0.4571089902891104,0.45000000000000001,0.5,,a313b0760acd6b0c7d9ded8a1b2a34100d27f82a3ee3ea772644eb77a9ccd5a1,5.4196000620722771
1241,2024-05-26,2024-05-27,mix,0.0133387238961508,0.005999646167325734,0.45000000000000001,0.0027630012324103004,ABSTAIN,0.050000000000000003,True,0,5,1241,0.005999646167325734,0.44723699876758971,0.44723699876758971,0.45830910561252369,0.45000000000000001,0.94616678739195315,,7c35463a38121516d2ff08f0f59ca8383270e08a8bf7b75bf7ed040889705938,6.7586208488792181,0.005999646167325734,0.45000000000000001,0.0027630012324103004,ABSTAIN,0.050000000000000003,True,0,0,1241,0.005999646167325734,0.44723699876758971,0.44723699876758971,0.45830910561252369,0.45000000000000001,0.5,,34ab5aed3eb1c81f31ab31fff4f7e047def2b9de0779a30928e7e679d7eb3e2b,5.2549131754785776
1242,2024-05-27,2024-05-28,mix,-0.015306350255729901,-0.0068911166480198904,0.45000000000000001,0.0032816363855439068,ABSTAIN,0.050000000000000003,True,0,5,1242,-0.0068911166480198904,0.45328163638554392,0.45328163638554392,0.45518806866995148,0.45000000000000001,0.79383258909932131,,38ce2a6b80c980ed66a0f08ae0c6b1735b223896c398bbde723e526decda9e61,7.6958882492035627,-0.0068911166480198904,0.45000000000000001,0.0032816363855439068,ABSTAIN,0.050000000000000003,True,0,0,1242,-0.0068911166480198904,0.45328163638554392,0.45328163638554392,0.45518806866995148,0.45000000000000001,0.5,,a8f882d96343b3fee2b257e82855ac1ae49529dd1a14bb369edd74d964f01aea,5.3524680119007826
1243,2024-05-28,2024-05-29,mix,-0.0106807477401046,-0.0048101327448977216,0.45000000000000001,0.0038145960829716885,ABSTAIN,0.050000000000000003,True,0,5,1243,-0.0048101327448977216,0.44618540391702832,0.44618540391702832,0.4562308493593738,0.45000000000000001,0.84999999999999998,,d36d6fdf94327a7caf09cd99b952e99e7a47d9246d4ecaffbcf4ed6f800409ab,6.37641766294837,-0.0048101327448977216,0.45000000000000001,0.0038145960829716885,ABSTAIN,0.050000000000000003,True,0,0,1243,-0.0048101327448977216,0.44618540391702832,0.44618540391702832,0.4562308493593738,0.45000000000000001,0.5,,1a0de111d7088dfa0b1492c4051594b947a41a7839b1a8ba458757b8205014ab,5.2603541631251574
1244,2024-05-29,2024-05-30,mix,0.010628986424349099,0.004780374934081566,0.45000000000000001,0.0026562519061204548,ABSTAIN,0.050000000000000003,True,0,5,1244,0.004780374934081566,0.44734374809387956,0.44734374809387956,0.4587495624824266,0.45000000000000001,0.63140246437846181,,fb296cb777641bc78e4c1534d5c35b757a491e3785ac5b8941288b07ee33a2d7,6.767245827242732,0.004780374934081566,0.45000000000000001,0.0026562519061204548,ABSTAIN,0.050000000000000003,True,0,0,1244,0.004780374934081566,0.44734374809387956,0.44734374809387956,0.4587495624824266,0.45000000000000001,0.5,,1ed9244ea6e35748c93dc650845660c7e8e0b7c2d5b2f886defbcbdc0d4e3a41,5.3955211117863655
1245,2024-05-30,2024-05-31,mix,-0.0120635450086094,-0.0054311991923967629,0.45000000000000001,0.0026181514069338885,ABSTAIN,0.050000000000000003,True,2,5,1245,-0.0054311991923967629,0.4526181514069339,0.4526181514069339,0.4570100018471146,0.45000000000000001,0.88255181120572646,,604f04fd9b821ae94ecce11e21fe5d59e2a6702c2a149f32633ece231fcc4aa5,8.698387935757637,-0.0054311991923967629,0.45000000000000001,0.0026181514069338885,ABSTAIN,0.050000000000000003,True,0,0,1245,-0.0054311991923967629,0.4526181514069339,0.4526181514069339,0.4570100018471146,0.45000000000000001,0.88255181120572646,,1f33c91d6d4eb1be23a9a7e540c5431bde5108989b1f39353a7054bb86a34585,5.7128679789602757
1246,2024-05-31,2024-06-01,mix,0.0034162543813795999,0.0015343078324019377,0.45000000000000001,0.0030020241637582212,ABSTAIN,0.050000000000000003,True,2,5,1246,0.0015343078324019377,0.44699797583624179,0.44699797583624179,0.45372113946386811,0.45000000000000001,0.9081406265391978,,3c4dea49484e277eac89305ef6fac87b3dbe79221cd6ed13f9baf930868e95ee,8.7434327453374863,0.0015343078324019377,0.45000000000000001,0.0030020241637582212,ABSTAIN,0.050000000000000003,True,0,0,1246,0.0015343078324019377,0.44699797583624179,0.44699797583624179,0.45372113946386811,0.45000000000000001,0.9081406265391978,,2ecd3397fb34cb6c42b886dc6a731a526c36d56333cb7133421e329ca0eeadb4,5.8804899211972952
1247,2024-06-01,2024-06-02,mix,0.0001874239973553,8.3496502487179214e-05,0.45000000000000001,0.00084422511989729054,ABSTAIN,0.050000000000000003,True,5,5,1247,8.3496502487179214e-05,0.4508442251198973,0.4508442251198973,0.45215557349974789,0.45000000000000001,0.81241791530193463,,019da75ebd69c0c1c781bf668d0a98aa2473bfca9ff50186bdf04bcb2a896c1e,10.572871413081884,8.3496502487179214e-05,0.45000000000000001,0.00084422511989729054,ABSTAIN,0.050000000000000003,True,0,0,1247,8.3496502487179214e-05,0.4508442251198973,0.4508442251198973,0.45215557349974789,0.45000000000000001,0.75,,3f4a6787432769da8c5a4ca79c1a70f3baf4fab1d4d61bd61e27cfeae53f5b9b,5.2275042701512575
1248,2024-06-02,2024-06-03,mix,0.015261127136712601,0.0068674605094540819,0.45000000000000001,4.6383527321780527e-05,ABSTAIN,0.050000000000000003,True,5,5,1248,0.0068674605094540819,0.45004638352732179,0.45004638352732179,0.45351476480388347,0.45000000000000001,0.89542458775062272,,d1a3f5a826ddfdc886d03858bc98eacf5e069218d6781e74c58bd87de547ae43,10.525825059041381,0.0068674605094540819,0.45000000000000001,4.6383527321780527e-05,ABSTAIN,0.050000000000000003,True,0,0,1248,0.0068674605094540819,0.45004638352732179,0.45004638352732179,0.45351476480388347,0.45000000000000001,0.5,,968fc754752904fefa52ef52af40daf9620a3d060f0c84b4fedc30c9edb8d4b4,5.2934480123221874
1249,2024-06-03,2024-06-04,mix,0.025308177270599998,0.011384885682228729,0.45000000000000001,0.0037513664303230332,ABSTAIN,0.050000000000000003,True,5,5,1249,0.011384885682228729,0.45375136643032304,0.45375136643032304,0.45448239676838392,0.45000000000000001,0.95419630773243524,,df4bf5dadde269db7d56f8ab9fa63b94f88e8c843b36a0409d297cc9897fa439,10.564162291586399,0.011384885682228729,0.45000000000000001,0.0037513664303230332,ABSTAIN,0.050000000000000003,True,0,0,1249,0.011384885682228729,0.45375136643032304,0.45375136643032304,0.45448239676838392,0.45000000000000001,0.94999999999999996,,d4a3c6d557b359eeea2800836e7ce14db837e0f19821b628883c2fb07478406a,5.2231923118233681
1250,2024-06-04,2024-06-05,mix,0.0075762730123092002,0.0034031084997454553,0.45000000000000001,0.0061932410355700629,ABSTAIN,0.050000000000000003,True,5,5,1250,0.0034031084997454553,0.45619324103557007,0.45619324103557007,0.45169539442184248,0.45000000000000001,0.78410585435795455,,2a0e5608c2008bc9a858e2f7119b3304f1d537dd721a246622d1afe4d24f9025,10.515887351706624,0.0034031084997454553,0.45000000000000001,0.0061932410355700629,ABSTAIN,0.050000000000000003,True,0,0,1250,0.0034031084997454553,0.45619324103557007,0.45619324103557007,0.45169539442184248,0.45000000000000001,0.78410585435795455,,a1759b806aa499f368fa318230e5d1b7cba8db528817c0fb034ba095b90f6045,5.9312014505267143
1251,2024-06-05,2024-06-06,mix,-0.0041106470259706998,-0.0018516564612545139,0.45000000000000001,0.0018687563767199045,ABSTAIN,0.050000000000000003,True,5,5,1251,-0.0018516564612545139,0.45186875637671992,0.45186875637671992,0.44940530970893078,0.45000000000000001,0.64446097142139347,,bb8fa0f50c71d3b15a388ccd2782a377bbd6c119bca5da1396b9dfd3a2c25ad0,10.534971555694938,-0.0018516564612545139,0.45000000000000001,0.0018687563767199045,ABSTAIN,0.050000000000000003,True,0,0,1251,-0.0018516564612545139,0.45186875637671992,0.45186875637671992,0.44940530970893078,0.45000000000000001,0.5,,b76c01c770b8181353de3d3f92781162bdaeaad7b2824143533f6c555357f9c8,5.2401069719344378
1252,2024-06-06,2024-06-07,mix,-0.0203922787340289,-0.0091775353475271881,0.45000000000000001,0.0010192705766317589,ABSTAIN,0.050000000000000003,True,2,5,1252,-0.0091775353475271881,0.44898072942336825,0.44898072942336825,0.44773922604954292,0.45000000000000001,0.54289888534161623,,c0e03d2c4d6def0ac11a72f1d66801942fa67c60fef7946fe18a21808703967d,8.7972921002656221,-0.0091775353475271881,0.45000000000000001,0.0010192705766317589,ABSTAIN,0.050000000000000003,True,0,0,1252,-0.0091775353475271881,0.44898072942336825,0.44898072942336825,0.44773922604954292,0.45000000000000001,0.5,,9a5278116271617b57de49d7210c0570e8b1c9dc5da74cf7088076f190e3ee36,5.3916254676878452
1253,2024-06-07,2024-06-08,mix,-0.00054507778894499997,-0.00025037758825630085,0.45000000000000001,0.0050938326717219762,ABSTAIN,0.050000000000000003,True,0,5,1253,-0.00025037758825630085,0.44490616732827803,0.44490616732827803,0.45297120025513271,0.45000000000000001,0.86211748548301337,,5ffef6c06c8049c067b2bd7d6c5803ccb56d1bb328c3bac170a4b36739f7cb21,7.7318618129938841,-0.00025037758825630085,0.45000000000000001,0.0050938326717219762,ABSTAIN,0.050000000000000003,True,0,0,1253,-0.00025037758825630085,0.44490616732827803,0.44490616732827803,0.45297120025513271,0.45000000000000001,0.86211748548301337,,0a2ad23d0d10329f07e7f07ac58a15ef74d7d28cb0fd5fe24005c2b7cb827d02,5.7165069039911032
1254,2024-06-08,2024-06-09,mix,0.0049127039204962999,0.0022105815260580197,0.45000000000000001,0.00013493985148599341,ABSTAIN,0.050000000000000003,True,5,5,1254,0.0022105815260580197,0.44986506014851402,0.44986506014851402,0.45407195033412762,0.45000000000000001,0.92963888175509801,,53b73c7d90e39dc7567a6422d539ceb6cac1e7e69a0e803ccbc4bf860962ea53,10.47506564296782,0.0022105815260580197,0.45000000000000001,0.00013493985148599341,ABSTAIN,0.050000000000000003,True,0,0,1254,0.0022105815260580197,0.44986506014851402,0.44986506014851402,0.45407195033412762,0.45000000000000001,0.92963888175509801,,027adb4a9f2c588d998b4b16f8111ccab048893ef74fff055356fab0296674c9,5.7615978848189116
1255,2024-06-09,2024-06-10,mix,-0.0016137692999056001,-0.00072740851607933088,0.45000000000000001,0.0012132121518801386,ABSTAIN,0.050000000000000003,True,0,5,1255,-0.00072740851607933088,0.45121321215188015,0.45121321215188015,0.44817237481251848,0.45000000000000001,0.56930846786077283,,c474e4a260b738cac26b7ad982802cadb864c9cffcd6d944f61779d1a648a664,7.5942952129989862,-0.00072740851607933088,0.45000000000000001,0.0012132121518801386,ABSTAIN,0.050000000000000003,True,0,0,1255,-0.00072740851607933088,0.45121321215188015,0.45121321215188015,0.44817237481251848,0.45000000000000001,0.5,,0800ad980c9ed05d3ce3c88d94c90d17a3801b74973efb264941c1858c60402e,5.2681248337030411
1256,2024-06-10,2024-06-11,mix,-0.0319018898964884,-0.014356244413573749,0.45000000000000001,0.00039969816100632327,ABSTAIN,0.050000000000000003,True,0,5,1256,-0.014356244413573749,0.44960030183899369,0.44960030183899369,0.45280911933209289,0.45000000000000001,0.85214813481633545,,f8b7dcd5d7fdbba7dd3ed8bb4c14b13dde4d88daaf039e200140f5a9d2ba2519,7.6139882113784552,-0.014356244413573749,0.45000000000000001,0.00039969816100632327,ABSTAIN,0.050000000000000003,True,0,0,1256,-0.014356244413573749,0.44960030183899369,0.44960030183899369,0.45280911933209289,0.45000000000000001,0.5,,b430d241eaabac04432696649abd98b926c802ad5f141b5ccf0a8ee19e0a4c6b,5.375512633472681
1257,2024-06-11,2024-06-12,mix,0.013967658846282901,0.0062773854114601679,0.45000000000000001,0.0080107184251163033,ABSTAIN,0.050000000000000003,True,2,5,1257,0.0062773854114601679,0.44198928157488371,0.44198928157488371,0.45480369174847618,0.45000000000000001,0.63140246437846181,,e0fd2561ea3e4d6bafc810a2a8106574e07fa54740531d2bcee90b3c752c5753,8.7266185320913792,0.0062773854114601679,0.45000000000000001,0.0080107184251163033,ABSTAIN,0.050000000000000003,True,0,0,1257,0.0062773854114601679,0.44198928157488371,0.44198928157488371,0.45480369174847618,0.45000000000000001,0.5,,43530e3d4c2a06d67f53b7fd2e28d9d1491e0720a3e2bc0e5f5c57f319dd9b39,5.2842855248600245
1258,2024-06-12,2024-06-13,mix,-0.021784322027070001,-0.0098063466376455688,0.45000000000000001,0.0034354025257393728,ABSTAIN,0.050000000000000003,True,5,5,1258,-0.0098063466376455688,0.45343540252573938,0.45343540252573938,0.45452599432722107,0.45000000000000001,0.63140246437846181,,4abbcc95ee780c52687e5414d76a67a4c95aee7cd09bdb5857cb40d1fc9d78c1,10.536515239626169,-0.0098063466376455688,0.45000000000000001,0.0034354025257393728,ABSTAIN,0.050000000000000003,True,0,0,1258,-0.0098063466376455688,0.45343540252573938,0.45343540252573938,0.45452599432722107,0.45000000000000001,0.5,,1ac5476aead558de7a40b4c6cd0c3414a1b6fc2fe9f3f41d3fbef7253fd3f3ea,5.3103788215667009
1259,2024-06-13,2024-06-14,mix,-0.011056847742578899,-0.0049809993888402238,0.45000000000000001,0.0054449967044404857,ABSTAIN,0.050000000000000003,True,0,5,1259,-0.0049809993888402238,0.44455500329555953,0.44455500329555953,0.45488324682286652,0.45000000000000001,0.63140246437846181,,0959b916fa977543051746b2e7d3de932987c9b4d60c4dae66f70b08354c7664,6.8608669266104698,-0.0049809993888402238,0.45000000000000001,0.0054449967044404857,ABSTAIN,0.050000000000000003,True,0,0,1259,-0.0049809993888402238,0.44455500329555953,0.44455500329555953,0.45488324682286652,0.45000000000000001,0.98070791809881441,,1f486f92986d944cf5ccf6b38f7068e8618d55ca01dc64e7f6b2ccd0c19b1883,5.7162771038711071
1260,2024-06-14,2024-06-15,mix,0.0028500124176948,0.0012797518068177194,0.45000000000000001,0.0027502539288131733,ABSTAIN,0.050000000000000003,True,0,5,1260,0.0012797518068177194,0.44724974607118684,0.44724974607118684,0.45499156065920332,0.45000000000000001,0.98905710142538883,,08f187851669ac9f25de4f6a919bb01872d3689b5977ebed492c8f836f114e19,7.6940583679825068,0.0012797518068177194,0.45000000000000001,0.0027502539288131733,ABSTAIN,0.050000000000000003,True,0,0,1260,0.0012797518068177194,0.44724974607118684,0.44724974607118684,0.45499156065920332,0.45000000000000001,0.57999999999999996,,d91eb63c8ab83c94841d4c1fb8600fece61249db87aa19d13c1e53b3eb7fef7b,5.3701646886765957
1261,2024-06-15,2024-06-16,mix,0.0068208930432025004,0.0030686952325447159,0.45000000000000001,0.00070447458079309078,ABSTAIN,0.050000000000000003,True,0,5,1261,0.0030686952325447159,0.4507044745807931,0.4507044745807931,0.45475321371251842,0.45000000000000001,0.97269312625092563,,45d8e0c4e6d4e4c2cbefbac5f3c104d55ff8df0a202a27492160584024c9ba92,7.7259405963122845,0.0030686952325447159,0.45000000000000001,0.00070447458079309078,ABSTAIN,0.050000000000000003,True,0,0,1261,0.0030686952325447159,0.4507044745807931,0.4507044745807931,0.45475321371251842,0.45000000000000001,0.94999999999999996,,461b3df9c88d460802dfa6e3730c6723b74f0e9504f4181599d8515f74b29a65,5.2082611881196499
1262,2024-06-16,2024-06-17,mix,-0.0026381820990569,-0.0011888629517510241,0.45000000000000001,0.0016830052088583347,ABSTAIN,0.050000000000000003,True,0,5,1262,-0.0011888629517510241,0.45168300520885835,0.45168300520885835,0.45469049373158038,0.45000000000000001,0.96857146791268445,,6216f358a2ac4e74253ef060a919a833229757e31e649b785d81531f18d54772,7.6706838011741638,-0.0011888629517510241,0.45000000000000001,0.0016830052088583347,ABSTAIN,0.050000000000000003,True,0,0,1262,-0.0011888629517510241,0.45168300520885835,0.45168300520885835,0.45469049373158038,0.45000000000000001,0.5,,bbf5253bbf4f72c6c0688f349dcd117f3ebf5354278e6e128cdfce8e7e287993,5.4161179587244987
1263,2024-06-17,2024-06-18,mix,-0.0201341979103382,-0.0090610368628002425,0.45000000000000001,0.00065372616141207152,ABSTAIN,0.050000000000000003,True,0,5,1263,-0.0090610368628002425,0.44934627383858794,0.44934627383858794,0.45494520807655747,0.45000000000000001,0.98485368541972385,,873a7a86cbda4269b151aded24a1f7b9c9ad2150f921b5f1a9d43a14cb9013ea,7.6749809328466654,-0.0090610368628002425,0.45000000000000001,0.00065372616141207152,ABSTAIN,0.050000000000000003,True,0,0,1263,-0.0090610368628002425,0.44934627383858794,0.44934627383858794,0.45494520807655747,0.45000000000000001,0.5,,a1498491fed98cda9af74c24e31bf3499f01ba0a292d0b095d2dd15bdfcdbab7,5.2391817551106215
1264,2024-06-18,2024-06-19,mix,-0.0027470883165873002,-0.0012412123025979938,0.45000000000000001,0.0050287766558043678,ABSTAIN,0.050000000000000003,True,0,5,1264,-0.0012412123025979938,0.44497122334419564,0.44497122334419564,0.4550573357364876,0.45000000000000001,0.99529063382335081,,ea997cf01ff019aa3c3bdeebcab546efc0e13e14f5f814e2d2642d7c924e454e,7.5761119145900011,-0.0012412123025979938,0.45000000000000001,0.0050287766558043678,ABSTAIN,0.050000000000000003,True,0,0,1264,-0.0012412123025979938,0.44497122334419564,0.44497122334419564,0.4550573357364876,0.45000000000000001,0.5,,30ff524b6bd9dba4d257e14afe1b5bbf9e83d68ef1fa95b357c957e6291592a8,5.3512682560831308
1265,2024-06-19,2024-06-20,mix,-0.0019482647978096999,-0.00087739930808083955,0.45000000000000001,0.00068074588944111447,ABSTAIN,0.050000000000000003,True,0,5,1265,-0.00087739930808083955,0.4493192541105589,0.4493192541105589,0.4550642090194566,0.45000000000000001,0.99670000000000003,,5b3ef734af70e86930774d75b0b2f0a5fa3703308749e90035148030981c926c,7.2964040916413069,-0.00087739930808083955,0.45000000000000001,0.00068074588944111447,ABSTAIN,0.050000000000000003,True,0,0,1265,-0.00087739930808083955,0.4493192541105589,0.4493192541105589,0.4550642090194566,0.45000000000000001,0.5,,f00f244947346eb46848bdd08ca19c69fd35d0db5115c1164803ef47620656de,5.1593455523252487
1266,2024-06-20,2024-06-21,mix,-0.0111912394397905,-0.0050365379360687301,0.45000000000000001,0.00048261865848231444,ABSTAIN,0.050000000000000003,True,0,5,1266,-0.0050365379360687301,0.4495173813415177,0.4495173813415177,0.45505905634678601,0.45000000000000001,0.99680000000000002,,80f6a605fe89c6b1f44441674e0a140b59f7b99dd44238f84185399a99f93766,7.3615729939192533,-0.0050365379360687301,0.45000000000000001,0.00048261865848231444,ABSTAIN,0.050000000000000003,True,0,0,1266,-0.0050365379360687301,0.4495173813415177,0.4495173813415177,0.45505905634678601,0.45000000000000001,0.5,,c3ba572978d6a25f0be85395d7034b30131502cc70153af88f70996360636218,5.4388914238661528
1267,2024-06-21,2024-06-22,mix,0.0020661640300333999,0.0009269873737651757,0.45000000000000001,0.0027838513977487822,ABSTAIN,0.050000000000000003,True,0,5,1267,0.0009269873737651757,0.44721614860225123,0.44721614860225123,0.4549693443910498,0.45000000000000001,0.99580000000000002,,eb34a9f5b9ee928dcfabcd295aa12ac981ee2cd35a32231a8eb1d113a1a7c5b4,7.2784987613558769,0.0009269873737651757,0.45000000000000001,0.0027838513977487822,ABSTAIN,0.050000000000000003,True,0,0,1267,0.0009269873737651757,0.44721614860225123,0.44721614860225123,0.4549693443910498,0.45000000000000001,0.99577027515923677,,de70ac6a447ef30d1f0c0f4660d9b90c348bddef8364e50781915c630f923ead,5.6956865433603525
1268,2024-06-22,2024-06-23,mix,-0.016569925771463299,-0.0074569736882209581,0.45000000000000001,0.00051090057545694068,ABSTAIN,0.050000000000000003,True,0,5,1268,-0.0074569736882209581,0.45051090057545695,0.45051090057545695,0.45508861271515028,0.45000000000000001,0.99539999999999995,,9c31106209fc274dd2d08ea0fbc6f9bba1d63dca08d4f92b5f2418b1ce9b9361,7.2112245876342058,-0.0074569736882209581,0.45000000000000001,0.00051090057545694068,ABSTAIN,0.050000000000000003,True,0,0,1268,-0.0074569736882209581,0.45051090057545695,0.45051090057545695,0.45508861271515028,0.45000000000000001,0.5,,209cb00a9df44d73a5fd8bd736102d6714c1c6cc8b82f0e7190f9d02ad115477,5.3986289072781801
1269,2024-06-23,2024-06-24,mix,-0.045944218165016197,-0.020678944614101025,0.45000000000000001,0.0041318657473663478,ABSTAIN,0.050000000000000003,True,5,5,1269,-0.020678944614101025,0.44586813425263366,0.44586813425263366,0.45494974680660072,0.45000000000000001,0.99580000000000002,,77f17727a9ca582691cb3a2b6a59a552beee0ff4efc89839a8c9122cb2c38426,10.114531632512808,-0.020678944614101025,0.45000000000000001,0.0041318657473663478,ABSTAIN,0.050000000000000003,True,0,0,1269,-0.020678944614101025,0.44586813425263366,0.44586813425263366,0.45494974680660072,0.45000000000000001,0.99578512121079077,,751109ede2e00a693d29b679a23b66b3be6b788a385924ad7445e6708c742f2f,6.4286703933030367
1270,2024-06-24,2024-06-25,mix,0.025155615853992199,0.011308284439047522,0.45000000000000001,0.01161125552142217,ABSTAIN,0.050000000000000003,True,2,5,1270,0.011308284439047522,0.43838874447857784,0.43838874447857784,0.45057729422909598,0.45000000000000001,0.93999999999999995,,20157bbb77dcabdb6fb59ffab7ebccce418cbacbe03710c42cefebad40aa7087,8.1955748870968819,0.011308284439047522,0.45000000000000001,0.01161125552142217,ABSTAIN,0.050000000000000003,True,0,0,1270,0.011308284439047522,0.43838874447857784,0.43838874447857784,0.45057729422909598,0.45000000000000001,0.94012012958718805,,9ca2ef58afa61134340b3ba6a7319024e61ac5db68b7dff2bd622430e9b631c6,6.6050547491759062
1271,2024-06-25,2024-06-26,mix,-0.0155316181681103,-0.0069953414728445296,0.45000000000000001,0.0061563251560490251,ABSTAIN,0.050000000000000003,True,0,5,1271,-0.0069953414728445296,0.45615632515604904,0.45615632515604904,0.4538597104249909,0.45000000000000001,0.98212783750495081,,1df3f3356a06077ee82dd50a5c40146b6792830066e6e631ded26b7a6b3ff6c5,7.7131937723606825,-0.0069953414728445296,0.45000000000000001,0.0061563251560490251,ABSTAIN,0.050000000000000003,True,0,0,1271,-0.0069953414728445296,0.45615632515604904,0.45615632515604904,0.4538597104249909,0.45000000000000001,0.98212783750495081,,7952e4cea1a7c2ec6927b61df2756bbb6793751e57e087d6815125ec659bf98b,5.7138751819729805
1272,2024-06-26,2024-06-27,mix,0.013737193793200901,0.0061778421449019127,0.45000000000000001,0.0038711317194928818,ABSTAIN,0.050000000000000003,True,2,5,1272,0.0061778421449019127,0.44612886828050713,0.44612886828050713,0.45193728775188757,0.45000000000000001,0.94999999999999996,,361c19620f878496a8927fb7da89e272b91aa01579965729297b37954775daf2,8.1322068851441145,0.0061778421449019127,0.45000000000000001,0.0038711317194928818,ABSTAIN,0.050000000000000003,True,0,0,1272,0.0061778421449019127,0.44612886828050713,0.44612886828050713,0.45193728775188757,0.45000000000000001,0.94999999999999996,,a95c194f3eb31f97695b8ce516725e2611b5d4ef9384b465f7f7526cae77f0a4,6.2346193566918373
1273,2024-06-27,2024-06-28,mix,-0.020782909380354701,-0.0093556566860404367,0.45000000000000001,0.0033790669598667278,ABSTAIN,0.050000000000000003,True,0,5,1273,-0.0093556566860404367,0.45337906695986674,0.45337906695986674,0.45378069066138232,0.45000000000000001,0.98111609758830676,,75299a1b9dbf2b41a626f428d01293d37c0411a5376d48ceb05ef24a6491ad59,7.6924019530415535,-0.0093556566860404367,0.45000000000000001,0.0033790669598667278,ABSTAIN,0.050000000000000003,True,0,0,1273,-0.0093556566860404367,0.45337906695986674,0.45337906695986674,0.45378069066138232,0.45000000000000001,0.98111609758830676,,8be7e712dfd8b444f8671a7eec8d3b0b4118447b713d5238badc64578ac8b089,5.6911440417170525
1274,2024-06-28,2024-06-29,mix,0.0094382260571855992,0.0042419873425083576,0.45000000000000001,0.0051923303506555274,ABSTAIN,0.050000000000000003,True,2,5,1274,0.0042419873425083576,0.44480766964934448,0.44480766964934448,0.45183197379966977,0.45000000000000001,0.94999999999999996,,d721c1ca9dfac06cf619fe74d7fcbad6179bda657d8b0b4b52da6ca069953bb7,8.1893038433045149,0.0042419873425083576,0.45000000000000001,0.0051923303506555274,ABSTAIN,0.050000000000000003,True,0,0,1274,0.0042419873425083576,0.44480766964934448,0.44480766964934448,0.45183197379966977,0.45000000000000001,0.94999999999999996,,36b8fdbeb62a4cbe0fae249411cd7be840f419986cedd9410e9cc332a0c2cd27,5.4437751099467278
1275,2024-06-29,2024-06-30,mix,0.0292078184913422,0.013141161666596402,0.45000000000000001,0.0023260816113196414,ABSTAIN,0.050000000000000003,True,5,5,1275,0.013141161666596402,0.45232608161131965,0.45232608161131965,0.45269324333283828,0.45000000000000001,0.94999999999999996,,ff1a1e0f90cef75d70acfc796082d6232390aa818dfb4bffb1e0320ec8a0279c,10.033159267157316,0.013141161666596402,0.45000000000000001,0.0023260816113196414,ABSTAIN,0.050000000000000003,True,0,0,1275,0.013141161666596402,0.45232608161131965,0.45232608161131965,0.45269324333283828,0.45000000000000001,0.96720001693114477,,d5993d081658a0ab234147e4cc7b5fc5e21aeef0a33e23ad04a098b4af73c185,5.705273849889636
1276,2024-06-30,2024-07-01,mix,0.0021639951365880999,0.00096665570921850019,0.45000000000000001,0.0071351540486449538,ABSTAIN,0.050000000000000003,True,0,5,1276,0.00096665570921850019,0.45713515404864496,0.45713515404864496,0.44909782181197638,0.45000000000000001,0.99060163897679765,,07e5cc13dd462986e7986c0ff6c04c71c8bfb2966fd8f80ed0bc2660358412ee,7.8120501916855574,0.00096665570921850019,0.45000000000000001,0.0071351540486449538,ABSTAIN,0.050000000000000003,True,0,0,1276,0.00096665570921850019,0.45713515404864496,0.45713515404864496,0.44909782181197638,0.45000000000000001,0.5,,ffda336f054381320aa4a54facb21b092cc177356c5ea1c66badc31e992f2b2b,5.3738953564316034
1277,2024-07-01,2024-07-02,mix,-0.012510713132909501,-0.0056303529652221851,0.45000000000000001,0.00053506774850314853,ABSTAIN,0.050000000000000003,True,0,5,1277,-0.0056303529652221851,0.45053506774850316,0.45053506774850316,0.44857840012498651,0.45000000000000001,0.983740598767606,,339e6f5d90bee9288a6cdbce42d51eb9c945ff5d147338963b1d1b88db0ef47c,7.6142685413360596,-0.0056303529652221851,0.45000000000000001,0.00053506774850314853,ABSTAIN,0.050000000000000003,True,0,0,1277,-0.0056303529652221851,0.45053506774850316,0.45053506774850316,0.44857840012498651,0.45000000000000001,0.98374059999999997,,147b16bbf1d77fed1ebb51c65cbe44b747deafebc8da8e65fffc66fe89c86738,6.0463050864636898
1278,2024-07-02,2024-07-03,mix,-0.030658596242067598,-0.013799439280354431,0.45000000000000001,0.0031139323820312259,ABSTAIN,0.050000000000000003,True,0,5,1278,-0.013799439280354431,0.44688606761796879,0.44688606761796879,0.44689347162450138,0.45000000000000001,0.96062358316171403,,e6e542b85145776b908eb37482dd5d4f8bedb83306e0072a2a0f77dae000b712,7.7212952524423599,-0.013799439280354431,0.45000000000000001,0.0031139323820312259,ABSTAIN,0.050000000000000003,True,0,0,1278,-0.013799439280354431,0.44688606761796879,0.44688606761796879,0.44689347162450138,0.45000000000000001,0.95999999999999996,,636ec6ae6c67a3e15a9434afe24779f4b036f463f80ad4d044d9ac5c8cca9524,6.156440319493413
1279,2024-07-03,2024-07-04,mix,-0.052708254082688602,-0.023726225995721828,0.45000000000000001,0.0076941539516543478,ABSTAIN,0.050000000000000003,True,0,5,1279,-0.023726225995721828,0.44230584604834566,0.44230584604834566,0.4361300027680271,0.45000000000000001,0.81210504537163652,,19723e0be8102943b2a31a702175d8ebf9f1de80e54c230ab41b9e73a7300fe5,7.720442857593298,-0.023726225995721828,0.45000000000000001,0.0076941539516543478,ABSTAIN,0.050000000000000003,True,0,0,1279,-0.023726225995721828,0.44230584604834566,0.44230584604834566,0.4361300027680271,0.45000000000000001,0.5,,04fd739447193b6338112184673d2ac54d93b7fbb8ad84ce0a54d7a0e2db9f0b,5.2882183808833361
1280,2024-07-04,2024-07-05,bear,-0.0067425030205361001,-0.0027335401683501459,0.40000000000000002,0.036637772251662981,CASH,0,True,5,5,1280,-0.0010106610961856388,0.436637772251663,0.436637772251663,0.39100684383204082,0.10000000000000001,0.81095917910431725,,a37195c4cb0b2f01cefbc35ed7f94f795d54995245473ab4adbaa6092588c4b5,10.013212416321039,-0.0027335401683501459,0.40000000000000002,0.036637772251662981,CASH,0,True,0,0,1280,-0.0010106610961856388,0.436637772251663,0.436637772251663,0.39100684383204082,0.10000000000000001,0.81095917910431725,,84917dbc9cfc2d43215f0c28d2c53af53642a5bf58eea82e378213436ba8117a,6.3007766343653202
1281,2024-07-05,2024-07-06,bear,0.028554883495933901,0.011420312288560108,0.40000000000000002,0.0016225768165633592,CASH,0,True,5,5,1281,-9.9392765300021502e-05,0.39837742318343666,0.099392765299971833,0.38584990587318008,0,0.88,,869e7f3fc2855925426efb6220a2348c03a58620ac8fe12a1b7fb84f60387d30,9.4731756765395403,0.011420312288560108,0.40000000000000002,0.0016225768165633592,CASH,0,True,0,0,1281,-9.9392765300021502e-05,0.39837742318343666,0.099392765299971833,0.38584990587318008,0,0.88216793291588302,,6439d96971a2a3ab86fbe36f08a48b028a30b90dbf411b814ff060ff8aa2e551,6.0175278410315514
1282,2024-07-06,2024-07-07,bear,-0.041162597495331098,-0.016471703214062772,0.40000000000000002,0.0067757794024517204,CASH,0,True,5,5,1282,0,0.40677577940245174,0,0.4029855449666061,0,0.64555313764744515,,7402e5540a3b8e228e4b58cfb450cf7091a52aa3871e2c091afe989afb7a232d,9.9908705279231071,-0.016471703214062772,0.40000000000000002,0.0067757794024517204,CASH,0,True,0,0,1282,0,0.40677577940245174,0,0.4029855449666061,0,0.64555313764744515,,41d3a362bc3237e02331a2dde67f3876e86ac0d7dc86d46aa7e217adfef59f7f,6.2221181355416775
1283,2024-07-07,2024-07-08,bear,0.0154597743331226,0.0061738032146381183,0.40000000000000002,0.010044404917560146,CASH,0,True,5,5,1283,0,0.38995559508243988,0,0.38794142201230752,0,0.8532875631793656,,070d6df7cc82636797eba123589675fe4d9e43c23edf150d9160d20938def50f,9.960926691070199,0.0061738032146381183,0.40000000000000002,0.010044404917560146,CASH,0,True,0,0,1283,0,0.38995559508243988,0,0.38794142201230752,0,0.8532875631793656,,282bb3674344bdbdd2451decf853ddbc771c3379f52581ef9d6768a05f104b63,6.0883886162191629
1284,2024-07-08,2024-07-09,bear,0.0231768524117359,0.009267019236033347,0.40000000000000002,0.0036875424105451415,CASH,0,True,5,5,1284,0,0.40368754241054516,0,0.39840705369137358,0,0.70877453712969085,,637da0097e28677fdcc396a9c702a443d833d2d46d19b7aa0ddd8db905db2e07,9.9966812077909708,0.009267019236033347,0.40000000000000002,0.0036875424105451415,CASH,0,True,0,0,1284,0,0.40368754241054516,0,0.39840705369137358,0,0.70877453712969085,,e17be6a0ebcbb1cd8ed1b4097bc332f8438a3edd32ad37d02c7d279f3782c460,6.2143564913421869
1285,2024-07-09,2024-07-10,bear,-0.0050431258765596997,-0.0020227505831286186,0.40000000000000002,0.0055113502780233525,CASH,0,True,5,5,1285,0,0.40551135027802337,0,0.4061090722842815,0,0.60242231207572172,,540338e20966439f4b200ffc20a66e97af585af2ecf43e3a25e4b6123f12b6ac,10.097902657464147,-0.0020227505831286186,0.40000000000000002,0.0055113502780233525,CASH,0,True,0,0,1285,0,0.40551135027802337,0,0.4061090722842815,0,0.60242231207572172,,7b24991b2bb3907a495021a29f224f1b86b94132529a21a9d9b57d56fd65fca1,6.1192370392382145
1286,2024-07-10,2024-07-11,bear,-0.0070895826081834997,-0.0028370424007093664,0.40000000000000002,0.0012127967249930816,CASH,0,True,1,5,1286,0,0.39878720327500694,0,0.40597857138260618,0,0.60242231207572172,,e56264dccc5dbef44a2aad1ebd0c7c5396496f55293272d845e13015932785ca,7.5658361818641424,-0.0028370424007093664,0.40000000000000002,0.0012127967249930816,CASH,0,True,0,0,1286,0,0.39878720327500694,0,0.40597857138260618,0,0.60422428805764605,,71a2833563341514253ea10a400cce306cab4bd793122fda0c049f830f134dbf,6.1060690507292747
1287,2024-07-11,2024-07-12,bear,0.0095539901599830009,0.0038198832043381259,0.40000000000000002,0.001706338717682665,CASH,0,True,2,5,1287,0,0.39829366128231736,0,0.40372567372069768,0,0.63533307245368442,,30a5ae85435dae59dd27def7c1fb1223d57bf8d59f2eee432a1dc5266edf9de4,8.2717326637357473,0.0038198832043381259,0.40000000000000002,0.001706338717682665,CASH,0,True,0,0,1287,0,0.39829366128231736,0,0.40372567372069768,0,0.63533307245368442,,fba81f6a92a909575794de34282fb72075c67468791a1b585a9a0a512fcae7bd,6.1048411726951599
1288,2024-07-12,2024-07-13,bear,0.022884991128977902,0.0091516913135332167,0.40000000000000002,0.0022842282407419257,CASH,0,True,5,5,1288,0,0.40228422824074195,0,0.40017211161658522,0,0.68440175348222987,,0509642c526dddb0fc17950c1a25a44550b48f3d80731e224386449f8794bdc4,10.031760582700372,0.0091516913135332167,0.40000000000000002,0.0022842282407419257,CASH,0,True,0,0,1288,0,0.40228422824074195,0,0.40017211161658522,0,0.68440175348222987,,b1f5c473124cfa6beeaa20949bc2a078dac2f83849e698ac69665490c8478cf1,6.1909814681857824
1289,2024-07-13,2024-07-14,mix,0.026770906167560001,0.012001813572775522,0.45000000000000001,0.044557423455421907,ABSTAIN,0.050000000000000003,True,0,5,1289,0.0090165377226405496,0.4054425765445781,0,0.42636574589519283,0.35000000000000003,0.67726930383424466,,e00978355e1f12a01efeacdd3fa5a6ef6601bb27ce9ac3ae4de1f1b70c4e0380,7.7316381391137838,0.012001813572775522,0.45000000000000001,0.044557423455421907,ABSTAIN,0.050000000000000003,True,0,0,1289,0.0090165377226405496,0.4054425765445781,0,0.42636574589519283,0.35000000000000003,0.57267665536589019,,59d7cef0eee20cedad288f19c7902f8ad081338d649d20689b60c865273d486e,5.7380210272967815
1290,2024-07-14,2024-07-15,mix,0.0655893833199825,0.029508482330898866,0.45000000000000001,0.0065469290262794577,ABSTAIN,0.050000000000000003,True,0,5,1290,0.029418482907151766,0.45654692902627947,0.35603384512751157,0.43985526404244618,0.45000000000000001,0.86349961166564693,,eefa161cf7941e042a814a1727a004e5d4270cb26c4be597d911a4ea8fa8d8a6,7.7093829158693552,0.029508482330898866,0.45000000000000001,0.0065469290262794577,ABSTAIN,0.050000000000000003,True,0,0,1290,0.029418482907151766,0.45654692902627947,0.35603384512751157,0.43985526404244618,0.45000000000000001,0.86349961166564693,,ca2b30ea16be44b39f8f02cfa18a10256e3c93e52e6a1c6f08e38ec802711481,5.842920508235693
1291,2024-07-15,2024-07-16,mix,0.0041261206747511001,0.0018409570493571614,0.45000000000000001,0.015767977021622359,ABSTAIN,0.050000000000000003,True,0,5,1291,0.0018409570493571614,0.46576797702162237,0.46576797702162237,0.44872618212965371,0.45000000000000001,0.985658744493775,,fbeb21d2402e1801037118bab5087af6592c903a4cd8838cb195efe9e0595736,7.59634611569345,0.0018409570493571614,0.45000000000000001,0.015767977021622359,ABSTAIN,0.050000000000000003,True,0,0,1291,0.0018409570493571614,0.46576797702162237,0.46576797702162237,0.44872618212965371,0.45000000000000001,0.985658744493775,,8e5a31eef36780cf6932e08e0ad1f8f932d78aee20d9ae1b86f1e6f79b949b4d,6.4739741683006287
1292,2024-07-16,2024-07-17,mix,-0.0147656330467319,-0.0066455474203432896,0.45000000000000001,0.001019322236052278,ABSTAIN,0.050000000000000003,True,0,5,1292,-0.0066455474203432896,0.45101932223605229,0.45101932223605229,0.44859595640271033,0.45000000000000001,0.98355195000979045,,eb88460836d85e24f0f5a8abd029140a79e2fa15004ba5626231c9237a785059,7.6339603941887617,-0.0066455474203432896,0.45000000000000001,0.001019322236052278,ABSTAIN,0.050000000000000003,True,0,0,1292,-0.0066455474203432896,0.45101932223605229,0.45101932223605229,0.44859595640271033,0.45000000000000001,0.98355195000979045,,3ca9bff25945eac94235fe6cf619f8fd655ac222b54a951bd7895ad5d63653fb,6.5080887340009212
1293,2024-07-17,2024-07-18,mix,-0.0016960735974235,-0.00076690924997002696,0.45000000000000001,0.0036789390176574233,ABSTAIN,0.050000000000000003,True,5,5,1293,-0.00076690924997002696,0.44632106098234259,0.44632106098234259,0.44819894783281772,0.45000000000000001,0.97833399767946683,,9273e599ed4b7ed9015645d2b268dc3fb56ffc3cd6d3c509e81d1e33a2151309,10.478927005082369,-0.00076690924997002696,0.45000000000000001,0.0036789390176574233,ABSTAIN,0.050000000000000003,True,0,0,1293,-0.00076690924997002696,0.44632106098234259,0.44632106098234259,0.44819894783281772,0.45000000000000001,0.97833399767946683,,5c94dccfd8b29c74d35e62a4ed49cacb10289ad7358910df6a6a67f40297d52b,5.7501510679721832
1294,2024-07-18,2024-07-19,mix,0.042151905658755297,0.018967929479005941,0.45000000000000001,0.00042009884871685443,ABSTAIN,0.050000000000000003,True,0,5,1294,0.018967929479005941,0.44957990115128316,0.44957990115128316,0.44851373064207678,0.45000000000000001,0.98180611568206355,,dc1dd159bc5c1b08a5bcd66dbc685eced4abc219eb269b69654a0645331c489c,7.6217637844383717,0.018967929479005941,0.45000000000000001,0.00042009884871685443,ABSTAIN,0.050000000000000003,True,0,0,1294,0.018967929479005941,0.44957990115128316,0.44957990115128316,0.44851373064207678,0.45000000000000001,0.98180611568206355,,d283270d95836b50f16574aa123caf059f8efd05991e8e39528b3a8e82d976c2,5.8265866432338953
1295,2024-07-19,2024-07-20,mix,0.0070653624766412,0.0031691421712274348,0.45000000000000001,0.010238391185828866,ABSTAIN,0.050000000000000003,True,2,5,1295,0.0031691421712274348,0.46023839118582888,0.46023839118582888,0.44938796633757838,0.45000000000000001,0.98177937104027835,,9987e2288756e86cf23c0bcf0c62ef93e6375fe587de19c94d6d0c7c1dad6958,8.7234092894941568,0.0031691421712274348,0.45000000000000001,0.010238391185828866,ABSTAIN,0.050000000000000003,True,0,0,1295,0.0031691421712274348,0.46023839118582888,0.46023839118582888,0.44938796633757838,0.45000000000000001,0.98177937104027835,,a76fd498089e50598ba825e9ef815a31b21ccb8c2cea880bea1eb6a346e74007,5.6932981386780739
1296,2024-07-20,2024-07-21,mix,0.0150442675562372,0.0067681654643545475,0.45000000000000001,0.0017431350664780521,ABSTAIN,0.050000000000000003,True,5,5,1296,0.0067681654643545475,0.45174313506647806,0.45174313506647806,0.44901845598321488,0.45000000000000001,0.94069939251363155,,91d9bd48ea1ad8bb6acd0849cb8ac997027bba814d1567c33ff8519e053eafb2,10.476964125409722,0.0067681654643545475,0.45000000000000001,0.0017431350664780521,ABSTAIN,0.050000000000000003,True,0,0,1296,0.0067681654643545475,0.45174313506647806,0.45174313506647806,0.44901845598321488,0.45000000000000001,0.94069939251363155,,377391040f7354e705454b2d6ec00bb2c18442cc187e4c8d84081a66859ee0d0,5.8514800239354372
1297,2024-07-21,2024-07-22,mix,-0.0088778101695013,-0.0039986982192641296,0.45000000000000001,0.0036984182231907248,ABSTAIN,0.050000000000000003,True,0,5,1297,-0.0039986982192641296,0.45369841822319074,0.45369841822319074,0.44663537614341392,0.45000000000000001,0.71708482012365082,,378b95fb83e1bc004a1b701ad358cce0bd2adab8779e53a82c74175cff372b94,7.7156070936471224,-0.0039986982192641296,0.45000000000000001,0.0036984182231907248,ABSTAIN,0.050000000000000003,True,0,0,1297,-0.0039986982192641296,0.45369841822319074,0.45369841822319074,0.44663537614341392,0.45000000000000001,0.54415358029024696,,f22895f8be9230f0de4a7525ae71f07fe210f65d498de0d1bf231061de83f6ba,5.6292365100234747
1298,2024-07-22,2024-07-23,mix,-0.02391878449113,-0.01076563534736763,0.45000000000000001,0.0022060713039672164,ABSTAIN,0.050000000000000003,True,0,5,1298,-0.01076563534736763,0.44779392869603279,0.44779392869603279,0.44822629324119412,0.45000000000000001,0.86473968654904987,,7c1423617d886f94dfd621d0a42bac6c8318b910811a1539157a56a3e0acd673,7.7623542658984661,-0.01076563534736763,0.45000000000000001,0.0022060713039672164,ABSTAIN,0.050000000000000003,True,0,0,1298,-0.01076563534736763,0.44779392869603279,0.44779392869603279,0.44822629324119412,0.45000000000000001,0.86473968654904987,,e7c957e07c0af45e6efb4ebeab77a26848f6f2846815fc30328c73a3751ef5a4,5.8684482220560312
1299,2024-07-23,2024-07-24,mix,-0.0086035627515629008,-0.0038775643803373727,0.45000000000000001,0.0059843110119954246,ABSTAIN,0.050000000000000003,True,5,5,1299,-0.0038775643803373727,0.44401568898800459,0.44401568898800459,0.44918503263978321,0.45000000000000001,0.95591852945267874,,982cb7e4cc39e3363ff3ea46ab1f361fe45fe3f48aa3654fab0acfe3931a98e5,10.553288653492928,-0.0038775643803373727,0.45000000000000001,0.0059843110119954246,ABSTAIN,0.050000000000000003,True,0,0,1299,-0.0038775643803373727,0.44401568898800459,0.44401568898800459,0.44918503263978321,0.45000000000000001,0.94999999999999996,,1e1e104c203bb3c9f290221450ff16c7d7c3e175031107d200d2028e9519c18e,5.2669388875365257
1300,2024-07-24,2024-07-25,mix,0.0065595337346358003,0.0029496462127238665,0.45000000000000001,0.002137657944431659,ABSTAIN,0.050000000000000003,True,0,5,1300,0.0029496462127238665,0.44786234205556835,0.44786234205556835,0.44917300645774672,0.45000000000000001,0.95353760816958522,,3d533e2302a7f817525c419c615f75566c25542a577b861d131270ab1eadd453,7.6885332427918911,0.0029496462127238665,0.45000000000000001,0.002137657944431659,ABSTAIN,0.050000000000000003,True,0,0,1300,0.0029496462127238665,0.44786234205556835,0.44786234205556835,0.44917300645774672,0.45000000000000001,0.94999999999999996,,9efb2f93e4f1f085a64a95253bf07aa297a09823bb054eddd5aac204772e0b97,5.3821230418980122
1301,2024-07-25,2024-07-26,mix,0.032056572030401499,0.014423815356581438,0.45000000000000001,0.0016187065173193238,ABSTAIN,0.050000000000000003,True,5,5,1301,0.014423815356581438,0.45161870651731933,0.45161870651731933,0.4486256560144124,0.45000000000000001,0.90258757530269285,,240c792f4c159796fbd75e8869eee3001acd11c5c3df5ee9e68705a48fd2d8e3,10.541264358907938,0.014423815356581438,0.45000000000000001,0.0016187065173193238,ABSTAIN,0.050000000000000003,True,0,0,1301,0.014423815356581438,0.45161870651731933,0.45161870651731933,0.4486256560144124,0.45000000000000001,0.80000000000000004,,9791dffe9b06236bda656e41288cba9dc1da1d22951e797f2719562de7dbcd47,5.2136835176497698
1302,2024-07-26,2024-07-27,mix,-0.00096453173824810005,-0.00044185706502775091,0.45000000000000001,0.0078211775143661177,ABSTAIN,0.050000000000000003,True,0,5,1302,-0.00044185706502775091,0.45782117751436613,0.45782117751436613,0.44473193882312512,0.45000000000000001,0.54146903653065404,,535485dfb9e177d510a341726a5ffeba278ff3aa146ff81cccee60fc6393ef56,7.6635323092341423,-0.00044185706502775091,0.45000000000000001,0.0078211775143661177,ABSTAIN,0.050000000000000003,True,0,0,1302,-0.00044185706502775091,0.45782117751436613,0.45782117751436613,0.44473193882312512,0.45000000000000001,0.6285200987516002,,f249d8588ef0e67656cb883bd6470a557b56f023bd78f76dcca28c26f20c2511,5.8555984999984503
1303,2024-07-27,2024-07-28,mix,0.0060905235757209002,0.0027404961292527563,0.45000000000000001,0.00023882526476287635,ABSTAIN,0.050000000000000003,True,0,5,1303,0.0027404961292527563,0.44976117473523713,0.44976117473523713,0.44763798314933601,0.45000000000000001,0.80898748256254405,,f1b4f3b12c687340ee1ff70c0e215733868a3e3e0d08e719f359d2ffc0f99604,7.6139557156711817,0.0027404961292527563,0.45000000000000001,0.00023882526476287635,ABSTAIN,0.050000000000000003,True,0,0,1303,0.0027404961292527563,0.44976117473523713,0.44976117473523713,0.44763798314933601,0.45000000000000001,0.80898748256254405,,11045ed521505008fba52b56946eac37bb310a7deed654be5e4187a1a5b162d7,5.6222387887537479
1304,2024-07-28,2024-07-29,mix,-0.0213548053439757,-0.0096111512432124346,0.45000000000000001,0.0015032844796868394,ABSTAIN,0.050000000000000003,True,0,5,1304,-0.0096111512432124346,0.45150328447968685,0.45150328447968685,0.4443152701497981,0.45000000000000001,0.50318624279408775,,7d8b13bafc4333141df108791cea36551f4134925a48b859db3dd92cf11ba446,6.879484947770834,-0.0096111512432124346,0.45000000000000001,0.0015032844796868394,ABSTAIN,0.050000000000000003,True,0,0,1304,-0.0096111512432124346,0.45150328447968685,0.45150328447968685,0.4443152701497981,0.45000000000000001,0.6315459600888591,,b7d3e32eb643b1c42a39a34a1f6378577d61af5ee37fc964d867fad4cdf41281,5.7850416656583548
1305,2024-07-29,2024-07-30,mix,-0.0091888015784739006,-0.00414027524091376,0.45000000000000001,0.0053365972203114898,ABSTAIN,0.050000000000000003,True,5,5,1305,-0.00414027524091376,0.44466340277968852,0.44466340277968852,0.4490333336951926,0.45000000000000001,0.93796241186384843,,46fa2894daa8e1ec8f8cad423f2e040cabedc2e6c2ff4fc0759bffc754dcdbec,10.461854508146644,-0.00414027524091376,0.45000000000000001,0.0053365972203114898,ABSTAIN,0.050000000000000003,True,0,0,1305,-0.00414027524091376,0.44466340277968852,0.44466340277968852,0.4490333336951926,0.45000000000000001,0.5,,eb6fe3b46f55370f5fa14b5c64e4c8c109e59a1c7b3d22501b5a0e43ed85e058,5.2920623775571585
1306,2024-07-30,2024-07-31,mix,-0.023553710891759099,-0.010601429367553483,0.45000000000000001,0.0022836712816973748,ABSTAIN,0.050000000000000003,True,0,5,1306,-0.010601429367553483,0.44771632871830264,0.44771632871830264,0.4492266477523677,0.45000000000000001,0.95912651388623005,,9779c12ffa040e0debb80763876a71bf5197be1d8fb9fd856ca528c462addece,7.6817036271095276,-0.010601429367553483,0.45000000000000001,0.0022836712816973748,ABSTAIN,0.050000000000000003,True,0,0,1306,-0.010601429367553483,0.44771632871830264,0.44771632871830264,0.4492266477523677,0.45000000000000001,0.95912651388623005,,5d9988cdf0e64acd0bb5e92e140a8a3665f58fc2d60c9bf8bcb15be3a6a6e1b1,5.7294963151216507
1307,2024-07-31,2024-08-01,mix,0.011557267972642501,0.0051948479510937062,0.45000000000000001,0.00589199368786536,ABSTAIN,0.050000000000000003,True,5,5,1307,0.0051948479510937062,0.44410800631213465,0.44410800631213465,0.44329473973918398,0.45000000000000001,0.98834524669982915,,3cfb2d67da4c929df26e24d245dd0db8154212f9212276c559080be06f3696ab,10.507973380386829,0.0051948479510937062,0.45000000000000001,0.00589199368786536,ABSTAIN,0.050000000000000003,True,0,0,1307,0.0051948479510937062,0.44410800631213465,0.44410800631213465,0.44329473973918398,0.45000000000000001,0.5,,c20d3764bc267e9a9225281256e06d46ff8a519882a70e924604a711a1ef9bbe,5.2337496802210808
1308,2024-08-01,2024-08-02,mix,-0.059569026309066998,-0.026808831183480653,0.45000000000000001,0.0028456243836310624,ABSTAIN,0.050000000000000003,True,5,5,1308,-0.026808831183480653,0.45284562438363107,0.45284562438363107,0.44334469492486522,0.45000000000000001,0.96716380156934245,,42c9420ba383ba53781655ef5fb59ab40d3374b05538cca17490bf4be1c2b602,10.533713283017278,-0.026808831183480653,0.45000000000000001,0.0028456243836310624,ABSTAIN,0.050000000000000003,True,0,0,1308,-0.026808831183480653,0.45284562438363107,0.45284562438363107,0.44334469492486522,0.45000000000000001,0.5,,2ae974b63d591646c706d413ed0e2f6afea02f76d6df46ddb802781d9a421653,5.4009143076837063
1309,2024-08-02,2024-08-03,mix,-0.012719852566823901,-0.0057389963713196934,0.45000000000000001,0.015149430584570966,ABSTAIN,0.050000000000000003,True,0,5,1309,-0.0057389963713196934,0.43485056941542904,0.43485056941542904,0.44240614650333648,0.45000000000000001,0.98114943067561544,,1cd9edd1df624c8011ffebba1f1d343f3943284c57b6923130df7914fbffe1e6,7.6853612884879112,-0.0057389963713196934,0.45000000000000001,0.015149430584570966,ABSTAIN,0.050000000000000003,True,0,0,1309,-0.0057389963713196934,0.43485056941542904,0.43485056941542904,0.44240614650333648,0.45000000000000001,0.98114943067561544,,916097e232ed4f9e2a5e4aebfa75609558024a9a4ad9563f908675ecf293c049,6.3985017295926809
1310,2024-08-03,2024-08-04,mix,-0.042092897966446198,-0.018944910396837988,0.45000000000000001,0.0031662871277410298,ABSTAIN,0.050000000000000003,True,5,5,1310,-0.018944910396837988,0.44683371287225898,0.44683371287225898,0.44255854242427389,0.45000000000000001,0.98360459891223562,,b39078e8568d92bad13996b872e538b9bdcb4e8897bb28573d931d2b2e6d9fb5,10.554951913654804,-0.018944910396837988,0.45000000000000001,0.0031662871277410298,ABSTAIN,0.050000000000000003,True,0,0,1310,-0.018944910396837988,0.44683371287225898,0.44683371287225898,0.44255854242427389,0.45000000000000001,0.98360459891223562,,1b51dd5f4097dd00bc6d57b21ccf528f97fa32a52cf87c529220d2f357175c6c,5.8450068272650242
1311,2024-08-04,2024-08-05,mix,-0.071597370566442706,-0.032229093756717786,0.45000000000000001,0.010619137875891138,ABSTAIN,0.050000000000000003,True,0,5,1311,-0.032229093756717786,0.43938086212410887,0.43938086212410887,0.4401269409231684,0.45000000000000001,0.63140246437846181,,774f2175f431491fef3e40abf49f552460065bd017bf30a228ec92a0a0964ea5,6.8598791286349297,-0.032229093756717786,0.45000000000000001,0.010619137875891138,ABSTAIN,0.050000000000000003,True,0,0,1311,-0.032229093756717786,0.43938086212410887,0.43938086212410887,0.4401269409231684,0.45000000000000001,0.94749853583575683,,1b95ea761e5a0e9ecba14aa4942c18eafba835af68bd4d3883596c8d8ed640f6,5.7010499443858862
1312,2024-08-05,2024-08-06,bear,0.038511272902425002,0.015372331281394036,0.40000000000000002,0.031689715069912971,CASH,0,True,5,5,1312,0.0035181601958589326,0.43168971506991299,0.43168971506991299,0.3979299895004535,0.10000000000000001,0.68898410537870747,,938ddf580c0ff7266c86eaf300879c35da429ae65f496b0bdc16de09fc92a93f,9.9719533994793892,0.015372331281394036,0.40000000000000002,0.031689715069912971,CASH,0,True,0,0,1312,0.0035181601958589326,0.43168971506991299,0.43168971506991299,0.3979299895004535,0.10000000000000001,0.68898410537870747,,96ada2dc851d625fba24f5817a2ba9480a4085a598467e06de1b9226865109ca,6.2340875212103128
1313,2024-08-06,2024-08-07,mix,-0.016713106829022901,-0.0066942843654447248,0.40000000000000002,0.0091024861650646494,ABSTAIN,0.050000000000000003,True,0,5,1313,-0.0069798075233398205,0.40910248616506467,0.10345271770583582,0.42026467757575642,0.40000000000000002,0.64798921880040705,,428241a0f8a37c17e9a8780a49b2637d87b80ae9c18df06cc4b77ba5597280e3,7.640806021168828,-0.0066942843654447248,0.40000000000000002,0.0091024861650646494,ABSTAIN,0.050000000000000003,True,0,0,1313,-0.0069798075233398205,0.40910248616506467,0.10345271770583582,0.42026467757575642,0.40000000000000002,0.58999999999999997,,b02f433d983ee97ff9887a5bb8ebb9ab72a7a633c33ada1778d3c327b4c61a57,5.2579507604241371
1314,2024-08-07,2024-08-08,bear,0.11935218764570241,0.047736644132271966,0.40000000000000002,0.0040381415957174704,CASH,0,True,5,5,1314,0.0056195829586487278,0.39596185840428255,0.39596185840428255,0.40114240486440522,0.050000000000000003,0.64051512559962565,,28b159e8881c8bb464aaf093a2a3dc31622e1083a84f3534440306518d4bf0b7,10.043747572228312,0.047736644132271966,0.40000000000000002,0.0040381415957174704,CASH,0,True,0,0,1314,0.0056195829586487278,0.39596185840428255,0.39596185840428255,0.40114240486440522,0.050000000000000003,0.64051512559962565,,b53c78ebf3555fc43b545a77013e4327edf3b1d6b4c3d5f7bd73fb8dc3abe559,6.1963761486113071
1315,2024-08-08,2024-08-09,mix,-0.0137618173183986,-0.0062153381379440598,0.45000000000000001,0.022660678115306754,ABSTAIN,0.050000000000000003,True,0,5,1315,-0.0058471956974956996,0.42733932188469326,0.055635597866468142,0.4403388227241366,0.40000000000000002,0.95077898024455643,,569967c107997816c90a4b7f20190269b6dfe9a49f61aa129d7b26ab0ed967fd,7.6662867292761803,-0.0062153381379440598,0.45000000000000001,0.022660678115306754,ABSTAIN,0.050000000000000003,True,0,0,1315,-0.0058471956974956996,0.42733932188469326,0.055635597866468142,0.4403388227241366,0.40000000000000002,0.94999999999999996,,a3852c29627e4031785ec661598ea6bf5fbd915fa05be7f97a5b9faad2f072a5,6.0759264677762985
1316,2024-08-09,2024-08-10,mix,0.0013327723966567,0.00059631824872474759,0.45000000000000001,0.0034272742713939985,ABSTAIN,0.050000000000000003,True,5,5,1316,0.00054639448128002144,0.44657272572860601,0.39667888199587809,0.42562189335688472,0.45000000000000001,0.7287513420993661,,e8dc512a39e063ce7d74207a3f7aa021c223bf58c1b34377d3fb74b05a50869e,10.472965797409415,0.00059631824872474759,0.45000000000000001,0.0034272742713939985,ABSTAIN,0.050000000000000003,True,0,0,1316,0.00054639448128002144,0.44657272572860601,0.39667888199587809,0.42562189335688472,0.45000000000000001,0.53273731643832467,,c0094d9d3a1271ce2045060ac7c6807ef3ab3b4c02dbaf69b6086e16d2a7b115,5.8386643715202808
1317,2024-08-10,2024-08-11,mix,-0.036407978113198701,-0.016383914413321765,0.45000000000000001,0.00032966345331464364,ABSTAIN,0.050000000000000003,True,0,5,1317,-0.016383914413321765,0.45032966345331465,0.45032966345331465,0.43268102420926019,0.45000000000000001,0.83514667888089045,,a21dc9ac78f2557a343d3b498de2a2d79c1d154a33438baf97de9ccb15fa18bb,7.7270954251289368,-0.016383914413321765,0.45000000000000001,0.00032966345331464364,ABSTAIN,0.050000000000000003,True,0,0,1317,-0.016383914413321765,0.45032966345331465,0.45032966345331465,0.43268102420926019,0.45000000000000001,0.83514667888089045,,619ba4c19cb55cb2931f5589c907f09f07f06e4fb4efdc61ed5bae23744ab8f1,5.7113734968006611
1318,2024-08-11,2024-08-12,bear,0.010844220985705101,0.0042966723134401086,0.40000000000000002,0.040838934270729099,CASH,0,True,5,5,1318,0.00074321355102724418,0.44083893427072912,0.44083893427072912,0.4056389442055619,0.10000000000000001,0.57267075019565816,,a957dfe0a86a6d04e8ab8fd3d63db22b1829eb38ab4adb5220fadfacf9d21552,10.030242579057813,0.0042966723134401086,0.40000000000000002,0.040838934270729099,CASH,0,True,0,0,1318,0.00074321355102724418,0.44083893427072912,0.44083893427072912,0.4056389442055619,0.10000000000000001,0.57269999999999999,,2b980bb760e726ea2d138eac8688f1ee6b57d14b8dfa038342b28e4d38888845,5.9486022256314754
1319,2024-08-12,2024-08-13,bear,0.020980623420387499,0.0083896362482407394,0.40000000000000002,0.0025913724702796292,ABSTAIN,0,True,0,5,1319,0.0080907147977997695,0.40259137247027965,0.10097492266103546,0.4094579071507064,0.40000000000000002,0.63065944351430103,,3c1db166fd6157b10f879db444e81bac9120fadadfc89668181c32b4446c9899,7.2898771185427904,0.0083896362482407394,0.40000000000000002,0.0025913724702796292,ABSTAIN,0,True,0,0,1319,0.0080907147977997695,0.40259137247027965,0.10097492266103546,0.4094579071507064,0.40000000000000002,0.63065944351430103,,307ddc64e7f6b213722e1e966d172db3107ad1fc385db17df001987a198a2aa4,6.2818982228636742
1320,2024-08-13,2024-08-14,mix,-0.031147681664554099,-0.01246400389554625,0.40000000000000002,0.0049934433986855153,ABSTAIN,0.050000000000000003,True,0,5,1320,-0.01246400389554625,0.40499344339868554,0.40499344339868554,0.4204226750725254,0.40000000000000002,0.65035158112138003,,c00248417c5b392c803f594eb73e21f05acfca82068b6c3c328b724c56d87be9,7.5481066703796387,-0.01246400389554625,0.40000000000000002,0.0049934433986855153,ABSTAIN,0.050000000000000003,True,0,0,1320,-0.01246400389554625,0.40499344339868554,0.40499344339868554,0.4204226750725254,0.40000000000000002,0.65000000000000002,,3b93b8a2528f18996f93a87a4d5ab3c102c51f809b3488bf9ebe34b0511a9b95,5.389485752210021
1321,2024-08-14,2024-08-15,bear,-0.019983715962785201,-0.0080009956321108744,0.40000000000000002,0.00756975573627372,ABSTAIN,0,True,0,5,1321,-0.0080009956321108744,0.3924302442637263,0.3924302442637263,0.40950310317597738,0.40000000000000002,0.63057890133879124,,62b6851cbbd1e684ff3f7c7628b235fbaec9a0a38e1313f1d6d1b2b3f95a2534,7.4665917232632637,-0.0080009956321108744,0.40000000000000002,0.00756975573627372,ABSTAIN,0,True,0,0,1321,-0.0080009956321108744,0.3924302442637263,0.3924302442637263,0.40950310317597738,0.40000000000000002,0.63057890133879124,,13c2d5307fc8204d604e4006b93b1d534cf438514b9274ea005d37af90230ebd,6.295486256480217
1322,2024-08-15,2024-08-16,bear,0.0233355233198804,0.0093293294612479816,0.40000000000000002,0.0048347382454086985,CASH,0,True,5,5,1322,0.00082120817363873222,0.39516526175459132,0.39516526175459132,0.39728670437613961,0.050000000000000003,0.69869001380064821,,08a3205a8e904206d524ab6d2acac96b6814278ebc0179b1ee05f6e22db6536c,10.0638731084764,0.0093293294612479816,0.40000000000000002,0.0048347382454086985,CASH,0,True,0,0,1322,0.00082120817363873222,0.39516526175459132,0.39516526175459132,0.39728670437613961,0.050000000000000003,0.69869001380064821,,3ae166b1c74577226e197c30069fdffe708b6d42b8786f2165171853befbf4b8,6.1910729296505451
1323,2024-08-16,2024-08-17,mix,0.0102909105731929,0.0041107926561074759,0.40000000000000002,0.0055487325655000364,ABSTAIN,0.050000000000000003,True,0,5,1323,0.0037660352047779178,0.40554873256550006,0.051107145566634891,0.41525689094614721,0.40000000000000002,0.62632825154720295,,1b9d6710aa59d345b555b7a1cc3b2a6593650b1eb00a8cc4770b143f301320e4,7.349147679284215,0.0041107926561074759,0.40000000000000002,0.0055487325655000364,ABSTAIN,0.050000000000000003,True,0,0,1323,0.0037660352047779178,0.40554873256550006,0.051107145566634891,0.41525689094614721,0.40000000000000002,0.62140017827957739,,dc66cc0d3726e32410d661e58b19bd91cefe02a80b89675828c22c4b9d98b57e,5.7259710878133774
1324,2024-08-17,2024-08-18,mix,-0.0174301608355985,-0.0069745068786407627,0.40000000000000002,0.0024596935430507005,ABSTAIN,0.050000000000000003,True,0,5,1324,-0.0069745068786407627,0.40245969354305072,0.40245969354305072,0.4236253250763809,0.40000000000000002,0.69868626543346501,,2d2ceda60f0373e6d373e3b6cfda24056d10331fd024b8686ad885c738f799b9,7.6470664124935865,-0.0069745068786407627,0.40000000000000002,0.0024596935430507005,ABSTAIN,0.050000000000000003,True,0,0,1324,-0.0069745068786407627,0.40245969354305072,0.40245969354305072,0.4236253250763809,0.40000000000000002,0.55725144599830378,,020e50c41504592fda568d636efad7b4979b7d4504dd0949f9ef5020876280e6,5.873573862016201
1325,2024-08-18,2024-08-19,bear,0.017530622126635802,0.0070080067016076164,0.40000000000000002,0.0042126091827809908,CASH,0,True,5,5,1325,0.0005304406221102731,0.39578739081721903,0.39578739081721903,0.4042017041318775,0.050000000000000003,0.5943564255158853,,5bddc133b4e4584ed592baee2a8e445e483154ccf4cb5bbc22b1c670b2c34a77,10.093856113031507,0.0070080067016076164,0.40000000000000002,0.0042126091827809908,CASH,0,True,0,0,1325,0.0005304406221102731,0.39578739081721903,0.39578739081721903,0.4042017041318775,0.050000000000000003,0.5943564255158853,,abfa09ca45e344234cc88e7af7a19487e3886243ffcb569915f302585ea9ddac,6.1059159673750401
1326,2024-08-19,2024-08-20,bear,-0.0078206316030192003,-0.0031324176229777789,0.40000000000000002,0.0041780517716588084,CASH,0,True,5,5,1326,-5.0831975298759602e-05,0.40417805177165883,0.050831975298786122,0.40161409880757898,0,0.63339774614579236,,6b084933fdda91682a9975d4b45734036454ddd6f32454aaaaac61ec3bef6dd1,9.9704604186117649,-0.0031324176229777789,0.40000000000000002,0.0041780517716588084,CASH,0,True,0,0,1326,-5.0831975298759602e-05,0.40417805177165883,0.050831975298786122,0.40161409880757898,0,0.63339774614579236,,7c7317e61b0a6ce9dce8861d54cabf06583dabd1bfeca326a967a29a51dec15e,6.2668122034519911
1327,2024-08-20,2024-08-21,bear,0.036476075233282002,0.014588519780255327,0.40000000000000002,0.0018828415888980099,CASH,0,True,5,5,1327,0,0.39811715841110201,0,0.39425272098691888,0,0.7444666360768879,,afff8c7c1fa7db13d6073f31b0f1563d9cda537537842d6542e1b167bd528341,10.150796676054597,0.014588519780255327,0.40000000000000002,0.0018828415888980099,CASH,0,True,0,0,1327,0,0.39811715841110201,0,0.39425272098691888,0,0.7444666360768879,,4bd627a48fee668fc945db5998dbd8852ede0dd619128fe6200455cef5ba6633,6.1401484757661819
1328,2024-08-21,2024-08-22,mix,-0.012850301104841399,-0.0051487044575717622,0.40000000000000002,0.0086283664780699154,ABSTAIN,0.050000000000000003,True,0,5,1328,-0.0048460312248090887,0.40862836647806994,0,0.41653638086801081,0.35000000000000003,0.59172643831429561,,d56f6bd96473bc348b07c8ffb03e930478e1559e31ee656c666855dd70293e8c,7.6641804073005915,-0.0051487044575717622,0.40000000000000002,0.0086283664780699154,ABSTAIN,0.050000000000000003,True,0,0,1328,-0.0048460312248090887,0.40862836647806994,0,0.41653638086801081,0.35000000000000003,0.5,,9646d3933b9a59f0ef1fbad28531b397dbe771ddf324bb666a6658c352d36be9,5.3478639684617519
1329,2024-08-22,2024-08-23,mix,0.060970115384233199,0.024384870543914694,0.40000000000000002,0.0031000066728311126,ABSTAIN,0.050000000000000003,True,0,5,1329,0.0243338184807953,0.39689999332716891,0.34706334859949084,0.41500958666080462,0.40000000000000002,0.56870475991361635,,1fc0b0486d81d66916e250e255f9f0ec3b53f3dffe047fbd4522930bf79c03f0,7.7435154318809509,0.024384870543914694,0.40000000000000002,0.0031000066728311126,ABSTAIN,0.050000000000000003,True,0,0,1329,0.0243338184807953,0.39689999332716891,0.34706334859949084,0.41500958666080462,0.40000000000000002,0.62239856016529305,,cf1a7fbf1bce3bfdb574d35db69134c3695c4088ecd25426ca1c9c520a1e580c,5.6371156871318817
1330,2024-08-23,2024-08-24,mix,0.0016579993786405001,0.00071035753071124752,0.45000000000000001,0.035715542320941429,ABSTAIN,0.050000000000000003,True,5,5,1330,0.00071035753071124752,0.41428445767905858,0.41428445767905858,0.4412728177996898,0.45000000000000001,0.96467221576001638,,921ce1a016f769cf2dfc75c601ccc68b268c34f909cd418892f203ca7cb402fc,10.502962280064821,0.00071035753071124752,0.45000000000000001,0.035715542320941429,ABSTAIN,0.050000000000000003,True,0,0,1330,0.00071035753071124752,0.41428445767905858,0.41428445767905858,0.4412728177996898,0.45000000000000001,0.96467221576001638,,bc2e91b2621d58892e6ef3a0d8f80226a7e14fcd33a0d8d8c2ec7561a835d54e,5.8185302074998617
1331,2024-08-24,2024-08-25,mix,0.0017752687451388,0.0007984605588273741,0.45000000000000001,0.0004100489088372794,ABSTAIN,0.050000000000000003,True,0,5,1331,0.0007984605588273741,0.45041004890883729,0.45041004890883729,0.43811016649439832,0.45000000000000001,0.91699963298768761,,975f161c69212886734dcab35bd44a8dfa49db9461dc9f64892e3ef6a8b72d31,7.7059524320065975,0.0007984605588273741,0.45000000000000001,0.0004100489088372794,ABSTAIN,0.050000000000000003,True,0,0,1331,0.0007984605588273741,0.45041004890883729,0.45041004890883729,0.43811016649439832,0.45000000000000001,0.91699963298768761,,c612a38cd3c3609532610f66d83411ad538a189a133999e58c78fc8a31971056,5.7059654872864485
1332,2024-08-25,2024-08-26,mix,-0.0222020997865362,-0.0099913795459213306,0.45000000000000001,0.00043902828748326739,ABSTAIN,0.050000000000000003,True,0,5,1332,-0.0099913795459213306,0.45043902828748328,0.45043902828748328,0.43863499310649112,0.45000000000000001,0.92497936708708262,,73a3863ce08655b7340614a9109d16ddac4d678d32b4d24106882f3cce0c4937,7.729542063549161,-0.0099913795459213306,0.45000000000000001,0.00043902828748326739,ABSTAIN,0.050000000000000003,True,0,0,1332,-0.0099913795459213306,0.45043902828748328,0.45043902828748328,0.43863499310649112,0.45000000000000001,0.5,,13f13ddfdb0b224a51bcedfcc23afd11a01cdfa02a116c125551ff0d5bb21424,5.342297563329339
1333,2024-08-26,2024-08-27,mix,-0.0540255417193082,-0.024316909307549039,0.45000000000000001,0.0055504741788796608,ABSTAIN,0.050000000000000003,True,0,5,1333,-0.024316909307549039,0.44444952582112035,0.44444952582112035,0.43627724718211708,0.45000000000000001,0.88951698722793715,,680536e768cb1c3d6b9b02aac4b1dc71c340c31d7bf8cc3cd0e0efd65d57ad03,7.6924669779837132,-0.024316909307549039,0.45000000000000001,0.0055504741788796608,ABSTAIN,0.050000000000000003,True,0,0,1333,-0.024316909307549039,0.44444952582112035,0.44444952582112035,0.43627724718211708,0.45000000000000001,0.94999999999999996,,a9d3460b65d93a5bb2165ef8f91c4dce9b2a6dbc8058edbecec9782b21d209aa,5.91036406904459
1334,2024-08-27,2024-08-28,bear,-0.0073152803405835002,-0.0029623014331225939,0.40000000000000002,0.03629550159687206,CASH,0,True,2,5,1334,-0.0010675775260681197,0.43629550159687208,0.43629550159687208,0.40518559639343749,0.10000000000000001,0.57951149897493726,,a383415faea544269f963d977f38972711fa3aa6fb348cca98aefdabfccd1997,8.2368401270359755,-0.0029623014331225939,0.40000000000000002,0.03629550159687206,CASH,0,True,0,0,1334,-0.0010675775260681197,0.43629550159687208,0.43629550159687208,0.40518559639343749,0.10000000000000001,0.57951149897493726,,61c8fb77b468d2ea306768493fb704bb0a7c5616cea0c29e3f21918d5fb9d57c,6.2829771470278502
1335,2024-08-28,2024-08-29,bear,0.0060576792734172002,0.0024213066231373315,0.40000000000000002,0.0017608196374508944,CASH,0,True,5,5,1335,-9.934114279686046e-05,0.39823918036254913,0.09934114279683294,0.40489214952406338,0,0.58393891973178014,,dec2a7ea8dcd3d664a27fadf0be00e71e7a68d80e2d93437a24e7eadcc982a25,10.063589546829462,0.0024213066231373315,0.40000000000000002,0.0017608196374508944,CASH,0,True,0,0,1335,-9.934114279686046e-05,0.39823918036254913,0.09934114279683294,0.40489214952406338,0,0.58393891973178014,,7720bdcd5f0a84ffdb5680ecc21cd0813ac2f0e5153dace25f7b22dcaa4f898a,6.110878050327301
1336,2024-08-29,2024-08-30,mix,-0.0042746343065509004,-0.0017113015715451985,0.40000000000000002,0.0014503287749961236,ABSTAIN,0.050000000000000003,True,0,5,1336,-0.0018455983645901952,0.40145032877499615,0,0.41699147262740011,0.35000000000000003,0.59860216576536363,,2489cd13736374d0851b270f5cfcf7d8bffc31b5a47779d4b6a571e13b1575ba,7.6927404813468456,-0.0017113015715451985,0.40000000000000002,0.0014503287749961236,ABSTAIN,0.050000000000000003,True,0,0,1336,-0.0018455983645901952,0.40145032877499615,0,0.41699147262740011,0.35000000000000003,0.61325671118425451,,779daf71ffbafd1e0a003922fb915175ea1b4c41db06d0962a83fb0b3ce18183,6.5104944631457329
1337,2024-08-30,2024-08-31,mix,-0.0023866832883117002,-0.0009557000036340968,0.40000000000000002,0.0010276693979179297,ABSTAIN,0.050000000000000003,True,0,5,1337,-0.0010055985883002938,0.39897233060208209,0.34902606356752935,0.41906638609612051,0.40000000000000002,0.62989778172817734,,b11d28b27629aff768fb7011de975a0734ebcd5115ab74900a1e6b92b77f3a6c,7.4197196122258902,-0.0009557000036340968,0.40000000000000002,0.0010276693979179297,ABSTAIN,0.050000000000000003,True,0,0,1337,-0.0010055985883002938,0.39897233060208209,0.34902606356752935,0.41906638609612051,0.40000000000000002,0.59999999999999998,,d10ee0db8e62c4ab82270850e0e73344db41720c72f1d25bf7064bd5b0d2b047,5.2726682163774967
1338,2024-08-31,2024-09-01,mix,-0.028194972413722898,-0.011278555850591343,0.40000000000000002,0.00057335135243125057,ABSTAIN,0.050000000000000003,True,0,5,1338,-0.011278555850591343,0.39942664864756877,0.39942664864756877,0.40597132694291421,0.40000000000000002,0.50978348415194985,,dc2db137948e5f5afb40b609be802a03360c24ee67eda03d1ec1c144c69200f2,7.6121103968471289,-0.011278555850591343,0.40000000000000002,0.00057335135243125057,ABSTAIN,0.050000000000000003,True,0,0,1338,-0.011278555850591343,0.39942664864756877,0.39942664864756877,0.40597132694291421,0.40000000000000002,0.63085576869615889,,59a8c4ad8bc2ea1491814e307edf87dfc2dbb642b644428307aabc9fce0fb677,6.5095630716532469
1339,2024-09-01,2024-09-02,bear,0.0317242919479305,0.012682785951301012,0.40000000000000002,0.0068439797069080321,CASH,0,True,5,5,1339,0.0012425142580150261,0.39315602029309199,0.39315602029309199,0.40178411725370122,0.050000000000000003,0.56470085476438914,,e62bd05a578bfb4ed4c94485d1536d4f301eb70a6b5020e6666574ad2ca80a0e,10.08123123459518,0.012682785951301012,0.40000000000000002,0.0068439797069080321,CASH,0,True,0,0,1339,0.0012425142580150261,0.39315602029309199,0.39315602029309199,0.40178411725370122,0.050000000000000003,0.56470085476438914,,af88478e04b5b649cc1f073ce69bc417a0259371faf26489ee6b832faa685af7,6.1019725557416677
1340,2024-09-02,2024-09-03,mix,-0.0279737545236242,-0.011196936105441258,0.40000000000000002,0.0075184234038822018,ABSTAIN,0.050000000000000003,True,0,5,1340,-0.011534097801236265,0.40751842340388222,0.051504517380096357,0.4247886475107574,0.40000000000000002,0.84443927850564515,,20f3e28d33844a6f4915391f2b78609fecf4fd418cc3b0de81e8500d97eff2ce,7.6932173632085323,-0.011196936105441258,0.40000000000000002,0.0075184234038822018,ABSTAIN,0.050000000000000003,True,0,0,1340,-0.011534097801236265,0.40751842340388222,0.051504517380096357,0.4247886475107574,0.40000000000000002,0.80000000000000004,,0e79a007b7848cb63da06a948469e7f75c73118cf25ac7e6c97379d56abed75e,6.0244740750640631
1341,2024-09-03,2024-09-04,mix,0.0085873646046088006,0.0034281328455234572,0.40000000000000002,0.0067896741569343777,ABSTAIN,0.050000000000000003,True,0,5,1341,0.0034281328455234572,0.39321032584306564,0.39321032584306564,0.41713690619574029,0.40000000000000002,0.70838517293257075,,8deb8d7c2ad9cc2b0f377952c15288a0ac41be386ff197ae740665770d8ecaab,7.6955358926206827,0.0034281328455234572,0.40000000000000002,0.0067896741569343777,ABSTAIN,0.050000000000000003,True,0,0,1341,0.0034281328455234572,0.39321032584306564,0.39321032584306564,0.41713690619574029,0.40000000000000002,0.55000000000000004,,79320c32e6ce86433cde9b0df5754bc0ea34725adc2e12969e2f9ac7cccc6097,5.280983118340373
1342,2024-09-04,2024-09-05,mix,-0.0308796793011968,-0.013943135521197747,0.45000000000000001,0.047946087572844964,ABSTAIN,0.050000000000000003,True,0,5,1342,-0.013943135521197747,0.40205391242715505,0.40205391242715505,0.4301565555363091,0.45000000000000001,0.93966457124247316,,184bbcb65290e01b0236ad15a6aa280cff71a28a26f19499f78233e33e06c511,7.7179895043373108,-0.013943135521197747,0.45000000000000001,0.047946087572844964,ABSTAIN,0.050000000000000003,True,0,0,1342,-0.013943135521197747,0.40205391242715505,0.40205391242715505,0.4301565555363091,0.45000000000000001,0.93969999999999998,,b0d334fa925817dc42d93c536b0cda1e2f65e25931dbbd48be0d5b0073a2559a,6.3900717739015818
1343,2024-09-05,2024-09-06,mix,-0.039449515157555903,-0.015821388953497495,0.40000000000000002,0.042249580664363351,ABSTAIN,0.050000000000000003,True,0,5,1343,-0.015821388953497495,0.44224958066436337,0.44224958066436337,0.42133073688484812,0.40000000000000002,0.78299683233156825,,7562d01c9c38266f07b3111a0121e8e660ef3af0951cf2138cd1ca4d68177c4d,7.6774046923965216,-0.015821388953497495,0.40000000000000002,0.042249580664363351,ABSTAIN,0.050000000000000003,True,0,0,1343,-0.015821388953497495,0.44224958066436337,0.44224958066436337,0.42133073688484812,0.40000000000000002,0.78299683233156825,,ef33635bde88a8de22dd58db405d46f9eaddd6b8fbbce7945cd19ffb153c812e,5.7638892885297537
1344,2024-09-06,2024-09-07,mix,0.0035151241133437,0.001396416439261472,0.40000000000000002,0.009619680327773994,ABSTAIN,0.050000000000000003,True,0,5,1344,0.001396416439261472,0.39038031967222603,0.39038031967222603,0.41501269234096722,0.40000000000000002,0.67064163370674057,,9a52c89059aa6bde8ac94433440cba8718d13d8098ec3e788ccde251644605d4,7.4387483410537243,0.001396416439261472,0.40000000000000002,0.009619680327773994,ABSTAIN,0.050000000000000003,True,0,0,1344,0.001396416439261472,0.39038031967222603,0.39038031967222603,0.41501269234096722,0.40000000000000002,0.57689594841720815,,38e77860df7af8e721c66827441f717cdefc496f3e61a3857e31489602f78d77,5.9087730087339878
1345,2024-09-07,2024-09-08,mix,0.0130141349607157,0.0052048071535402141,0.40000000000000002,0.0008424452673332361,ABSTAIN,0.050000000000000003,True,0,5,1345,0.0052048071535402141,0.40084244526733326,0.40084244526733326,0.41926991481120268,0.40000000000000002,0.74638168755059853,,a72aed69ce54c755ea9b4da79b7350385bbdf718689efd2333876c88a9ab0aa2,7.6877215262502432,0.0052048071535402141,0.40000000000000002,0.0008424452673332361,ABSTAIN,0.050000000000000003,True,0,0,1345,0.0052048071535402141,0.40084244526733326,0.40084244526733326,0.41926991481120268,0.40000000000000002,0.74638168755059853,,1dc2baa1570aa452a06caf6b19a9a4680b0f79a08443c9c5581f88d13cda9b76,5.7432655822485685
1346,2024-09-08,2024-09-09,mix,0.039887862664574003,0.01790180371255623,0.45000000000000001,0.046892782707506853,ABSTAIN,0.050000000000000003,True,0,5,1346,0.01790180371255623,0.40310721729249316,0.40310721729249316,0.4271081937473496,0.45000000000000001,0.88580697123030683,,18a5bd0db6bd033ba672b59cb04e49d11f80597b79beb186c77b813250a61990,7.6919471677392721,0.01790180371255623,0.45000000000000001,0.046892782707506853,ABSTAIN,0.050000000000000003,True,0,0,1346,0.01790180371255623,0.40310721729249316,0.40310721729249316,0.4271081937473496,0.45000000000000001,0.5,,8e3864a72a8b02ce087bfa243ef6f946ccd52a7e038fdf27a9aed03165bbb479,5.3473368026316166
1347,2024-09-09,2024-09-10,mix,0.0102612463540499,0.0046078179090738303,0.45000000000000001,0.0096981683659368434,ABSTAIN,0.050000000000000003,True,0,5,1347,0.0046078179090738303,0.45969816836593685,0.45969816836593685,0.43100524574839838,0.45000000000000001,0.95508971743787285,,60f3b637482ef1fdf50ebc1f2d0ee9d8511802c7ee8c130327465c3e0503ed89,7.7330139223486185,0.0046078179090738303,0.45000000000000001,0.0096981683659368434,ABSTAIN,0.050000000000000003,True,0,0,1347,0.0046078179090738303,0.45969816836593685,0.45969816836593685,0.43100524574839838,0.45000000000000001,0.95508971743787285,,4f3b555713f8f230cdee832c235740bb0725b7ed7304abe2e63ec1ca4bbb8cb0,5.766814012080431
1348,2024-09-10,2024-09-11,mix,-0.0051409733668777002,-0.0023159601521040019,0.45000000000000001,0.0025279853464387214,ABSTAIN,0.050000000000000003,True,0,5,1348,-0.0023159601521040019,0.45252798534643873,0.45252798534643873,0.4315483261545468,0.45000000000000001,0.96436173193937202,,28397a9f6042627495cbcf8191175239afcc79eb2afea9dce22330a8e1a7d7c4,7.6557344291359186,-0.0023159601521040019,0.45000000000000001,0.0025279853464387214,ABSTAIN,0.050000000000000003,True,0,0,1348,-0.0023159601521040019,0.45252798534643873,0.45252798534643873,0.4315483261545468,0.45000000000000001,0.96436173193937202,,e9118adea1773f03289914cd5dd9892e9358764fbaabbf4ad924b40cd44c09c9,6.4071153793483973
1349,2024-09-11,2024-09-12,mix,0.0138789334254176,0.0062442367349366812,0.45000000000000001,0.0012753413314205431,ABSTAIN,0.050000000000000003,True,0,5,1349,0.0062442367349366812,0.44872465866857947,0.44872465866857947,0.42890172836148233,0.45000000000000001,0.91760370371554323,,14b7abc9d28d7f46873570e3f86b1616a0c61e1e84a8df8da4b8923deae74b18,7.7518990207463503,0.0062442367349366812,0.45000000000000001,0.0012753413314205431,ABSTAIN,0.050000000000000003,True,0,0,1349,0.0062442367349366812,0.44872465866857947,0.44872465866857947,0.42890172836148233,0.45000000000000001,0.91760370371554323,,1795c5077a81f91d476e16fd5432de8911d35824b53bf8150e5abd2a37a561e1,5.7332440316677094
1350,2024-09-12,2024-09-13,mix,0.040889661044646503,0.01839687094094411,0.45000000000000001,0.0034137155936350694,ABSTAIN,0.050000000000000003,True,0,5,1350,0.01839687094094411,0.45341371559363508,0.45341371559363508,0.42879308029345597,0.45000000000000001,0.91559819592119485,,2267f5d5258a3b2471830e5401cc72f614362b43545f3c9bd229a50b000e43d7,7.7884939033538103,0.01839687094094411,0.45000000000000001,0.0034137155936350694,ABSTAIN,0.050000000000000003,True,0,0,1350,0.01839687094094411,0.45341371559363508,0.45341371559363508,0.42879308029345597,0.45000000000000001,0.91559819592119485,,9770e997e7108a3ee52e92e3337b8e8df6d11bdfa2ce2bea7f65d262ecf9562b,6.6772286910563707
1351,2024-09-13,2024-09-14,mix,-0.0085305957865929004,-0.0038486672974094027,0.45000000000000001,0.009937340588787702,ABSTAIN,0.050000000000000003,True,0,5,1351,-0.0038486672974094027,0.45993734058878771,0.45993734058878771,0.4324744133204822,0.45000000000000001,0.97915022243779559,,8925cbbe79bbc177d5b6b6b5ae7bc6b8a6037cf532003864dd785fd60af76a77,7.680543115362525,-0.0038486672974094027,0.45000000000000001,0.009937340588787702,ABSTAIN,0.050000000000000003,True,0,0,1351,-0.0038486672974094027,0.45993734058878771,0.45993734058878771,0.4324744133204822,0.45000000000000001,0.97999999999999998,,33b1a00f5908919735fac93deecfdd5d89ef160bd9825220874ef7529ade14d5,5.9360529873520136
1352,2024-09-14,2024-09-15,mix,-0.0142827616783953,-0.0064293485915701831,0.45000000000000001,0.002119458567126864,ABSTAIN,0.050000000000000003,True,5,5,1352,-0.0064293485915701831,0.44788054143287315,0.44788054143287315,0.432581651489648,0.45000000000000001,0.98027146307952395,,2bf674104043843a1e639218534f691ac3c0af7f1d9095c0dcb4ddba54db5ece,10.34110189974308,-0.0064293485915701831,0.45000000000000001,0.002119458567126864,ABSTAIN,0.050000000000000003,True,0,0,1352,-0.0064293485915701831,0.44788054143287315,0.44788054143287315,0.432581651489648,0.45000000000000001,0.94999999999999996,,319d022a5ad22bc75f37d140fbf22da95fe8d71f38ce15220e50154f7541a4d3,5.3473259992897511
1353,2024-09-15,2024-09-16,mix,-0.015648012715912599,-0.0070451385198642136,0.45000000000000001,0.0035578506854452296,ABSTAIN,0.050000000000000003,True,0,5,1353,-0.0070451385198642136,0.44644214931455478,0.44644214931455478,0.43210292556841312,0.45000000000000001,0.97402107583930841,,44d01e8ce0ad15f5176e3c74eca44154fcc716e75cd61cd8dd5018bc1ef27908,7.7414729557931423,-0.0070451385198642136,0.45000000000000001,0.0035578506854452296,ABSTAIN,0.050000000000000003,True,0,0,1353,-0.0070451385198642136,0.44644214931455478,0.44644214931455478,0.43210292556841312,0.45000000000000001,0.5,,4e8da07f8bf408e1cca9247c668d751c182a99a27efee64d8196605416d9ce55,5.2304822839796543
1354,2024-09-16,2024-09-17,mix,0.036005641341897203,0.016198575060458076,0.45000000000000001,0.0039003478589906826,ABSTAIN,0.050000000000000003,True,0,5,1354,0.016198575060458076,0.44609965214100933,0.44609965214100933,0.42971596938163892,0.45000000000000001,0.93212837883198485,,4ca889c26bce8504e076871e4999cb35e1f7bb8c4a9cea4ddb132bc473cf6697,7.6832981742918491,0.016198575060458076,0.45000000000000001,0.0039003478589906826,ABSTAIN,0.050000000000000003,True,0,0,1354,0.016198575060458076,0.44609965214100933,0.44609965214100933,0.42971596938163892,0.45000000000000001,0.93212837883198485,,d8e4dababb16066a24443aca3dbcf6d0e785c7c50f12b430acc08aed9c216f83,5.8105579596012831
1355,2024-09-17,2024-09-18,mix,0.024017934275258598,0.010799206333404143,0.45000000000000001,0.0087693111300063964,ABSTAIN,0.050000000000000003,True,0,5,1355,0.010799206333404143,0.45876931113000641,0.45876931113000641,0.4329642342593773,0.45000000000000001,0.98921446926328438,,8710cf0df0fe1822a6423b4a43d012817a182fa339b68cc02a96f91411ef1539,7.7618906013667583,0.010799206333404143,0.45000000000000001,0.0087693111300063964,ABSTAIN,0.050000000000000003,True,0,0,1355,0.010799206333404143,0.45876931113000641,0.45876931113000641,0.4329642342593773,0.45000000000000001,0.94999999999999996,,3cff5f09f753a9b2f0850f309578adb1419c9748360b6ed735b665d93340ae10,5.2531754970550537
1356,2024-09-18,2024-09-19,mix,0.019123152454110798,0.0085994871191428235,0.45000000000000001,0.0058808777917985777,ABSTAIN,0.050000000000000003,True,0,5,1356,0.0085994871191428235,0.45588087779179859,0.45588087779179859,0.43318323538304382,0.45000000000000001,0.99106678307994922,,70a0b441e00ea015d2a0e10e15781a31b059b46a2c81e29158a36ea8f5012cf2,7.6571636442095041,0.0085994871191428235,0.45000000000000001,0.0058808777917985777,ABSTAIN,0.050000000000000003,True,0,0,1356,0.0085994871191428235,0.45588087779179859,0.45588087779179859,0.43318323538304382,0.45000000000000001,0.51000000000000001,,334d2c1f6966ffd1dc81400029f4595429a748dd45d477323a7d2502a83e7b4e,5.3293704930692911
1357,2024-09-19,2024-09-20,mix,0.0041723203248880004,0.001872842737180358,0.45000000000000001,0.0046925984583165437,ABSTAIN,0.050000000000000003,True,5,5,1357,0.001872842737180358,0.45469259845831655,0.45469259845831655,0.433461180998999,0.45000000000000001,0.98682825820008524,,aecca8f4d1316443a9a8ceac0361607f6f82b2135f1ad60e43cef9772e5f0672,10.583797499537468,0.001872842737180358,0.45000000000000001,0.0046925984583165437,ABSTAIN,0.050000000000000003,True,0,0,1357,0.001872842737180358,0.45469259845831655,0.45469259845831655,0.433461180998999,0.45000000000000001,0.5,,600d8aef49e3c6bc81026daf79d4fd456e7839475e28da14248b5fac11ef4b9e,5.2385819219052792
1358,2024-09-20,2024-09-21,mix,0.0023243229558933,0.001044913538012171,0.45000000000000001,0.0010307140692427108,ABSTAIN,0.050000000000000003,True,5,5,1358,0.001044913538012171,0.45103071406924272,0.45103071406924272,0.4335675053114994,0.45000000000000001,0.96903318301480279,,bf76efb1b3a88f82eea54421c5426d1b0ba7582ca9a2ba6b061656fb3ff56bab,10.534026132896543,0.001044913538012171,0.45000000000000001,0.0010307140692427108,ABSTAIN,0.050000000000000003,True,0,0,1358,0.001044913538012171,0.45103071406924272,0.45103071406924272,0.4335675053114994,0.45000000000000001,0.96903318301480279,,7dffb2c2c9613371d184cd4c483eaa8b283ff26fa7aca8351d7bb6c14f5ee4b7,5.8159984387457371
1359,2024-09-21,2024-09-22,mix,0.0035454891306919999,0.0015948945230850331,0.45000000000000001,0.00057466885937379475,ABSTAIN,0.050000000000000003,True,0,5,1359,0.0015948945230850331,0.45057466885937381,0.45057466885937381,0.4339066927467623,0.45000000000000001,0.91509056998146765,,08b4fed2edbac0bd19404c21e151f18a648125f9bcc43665ef145f7e2604c7f4,7.7499392442405224,0.0015948945230850331,0.45000000000000001,0.00057466885937379475,ABSTAIN,0.050000000000000003,True,0,0,1359,0.0015948945230850331,0.45057466885937381,0.45057466885937381,0.4339066927467623,0.45000000000000001,0.5,,0e9f1f013d7e66dbab1eef55709b4affaef13f74d25c32bbc51506fbec2ed22b,5.2567519471049309
1360,2024-09-22,2024-09-23,mix,-0.0037893624149988002,-0.0017060877035451893,0.45000000000000001,0.00087611075133053884,ABSTAIN,0.050000000000000003,True,0,5,1360,-0.0017060877035451893,0.45087611075133055,0.45087611075133055,0.43402446669575301,0.45000000000000001,0.89633472467195263,,cd126e1dd3dee82ac7eac9dca502895ab5a4140fc85d57becc090f90a4ace2f0,7.6861115042120218,-0.0017060877035451893,0.45000000000000001,0.00087611075133053884,ABSTAIN,0.050000000000000003,True,0,0,1360,-0.0017060877035451893,0.45087611075133055,0.45087611075133055,0.43402446669575301,0.45000000000000001,0.5,,09f951fcb054e233e2f6a6c874f14a2571f3c8747c84d1c2b5c8e097dbc3e1f6,5.3923570644110441
1361,2024-09-23,2024-09-24,mix,0.014605616767563801,0.0065715819015235155,0.45000000000000001,0.00093946919287452024,ABSTAIN,0.050000000000000003,True,0,5,1361,0.0065715819015235155,0.44906053080712549,0.44906053080712549,0.4336038425067999,0.45000000000000001,0.97035623834691764,,a7e13bba8600ff0245650505d292d2cdb189375765e10eaade831a06794ca813,7.6990941483527422,0.0065715819015235155,0.45000000000000001,0.00093946919287452024,ABSTAIN,0.050000000000000003,True,0,0,1361,0.0065715819015235155,0.44906053080712549,0.44906053080712549,0.4336038425067999,0.45000000000000001,0.5,,fcad33be529e6ed836fec643fe761620a620b552170c40d717fa2dedd7e584f0,5.2609734050929546
1362,2024-09-24,2024-09-25,mix,-0.017123479538352301,-0.0077091294056872428,0.45000000000000001,0.0035912863216993607,ABSTAIN,0.050000000000000003,True,5,5,1362,-0.0077091294056872428,0.45359128632169937,0.45359128632169937,0.43370447716592581,0.45000000000000001,0.95348409090998565,,173fa213ff0d43c4ac7e3cf0a9b2177fc71d151cd0ec0b3cc6acbc9518ed6083,10.458757413551211,-0.0077091294056872428,0.45000000000000001,0.0035912863216993607,ABSTAIN,0.050000000000000003,True,0,0,1362,-0.0077091294056872428,0.45359128632169937,0.45359128632169937,0.43370447716592581,0.45000000000000001,0.94999999999999996,,b37d5dd05fb53cbac85adc0074559fd0114d61a0d10db6b680261e697d945d1e,5.401351734995842
1363,2024-09-25,2024-09-26,mix,0.031971372701146999,0.014382785297110123,0.45000000000000001,0.0042709714371479413,ABSTAIN,0.050000000000000003,True,0,5,1363,0.014382785297110123,0.44572902856285207,0.44572902856285207,0.43350889446769852,0.45000000000000001,0.9819901378021112,,8ea1090d8fd4d9c47156cb00ed2c1702c5fd9e2f5820ddaf6ee6b1f7f8d998e1,7.7139116283506155,0.014382785297110123,0.45000000000000001,0.0042709714371479413,ABSTAIN,0.050000000000000003,True,0,0,1363,0.014382785297110123,0.44572902856285207,0.44572902856285207,0.43350889446769852,0.45000000000000001,0.9819901378021112,,4dfbb4a0ef911b771969c73436a4e7b2f4b3e2fd68585021db3055f30bf05da7,5.7462330907583237
1364,2024-09-26,2024-09-27,mix,0.0092150909004431007,0.0041389578720232301,0.45000000000000001,0.0078006853649269514,ABSTAIN,0.050000000000000003,True,5,5,1364,0.0041389578720232301,0.45780068536492696,0.45780068536492696,0.43406741222040868,0.45000000000000001,0.89591679584181994,,6021734dff76ee543f3850f8edae4526234f2be181cc5dd0b141b65d515fa98a,10.493013352155685,0.0041389578720232301,0.45000000000000001,0.0078006853649269514,ABSTAIN,0.050000000000000003,True,0,0,1364,0.0041389578720232301,0.45780068536492696,0.45780068536492696,0.43406741222040868,0.45000000000000001,0.5,,8e6602bb7c148af9a59da8fa7795bc5ba444afd6a7c0153660057358d283787a,5.358003867790103
1365,2024-09-27,2024-09-28,mix,0.0013713145920337001,0.00061481884848113566,0.45000000000000001,0.0022713163239845846,ABSTAIN,0.050000000000000003,True,0,5,1365,0.00061481884848113566,0.4522713163239846,0.4522713163239846,0.43499609978025761,0.45000000000000001,0.72225711999457576,,1c1928b7414d08b9d9fb97a5e81a107e3a26ec8bdf6f018e0197ecd327c72fcf,7.5315124206244946,0.00061481884848113566,0.45000000000000001,0.0022713163239845846,ABSTAIN,0.050000000000000003,True,0,0,1365,0.00061481884848113566,0.4522713163239846,0.4522713163239846,0.43499609978025761,0.45000000000000001,0.53825054386153537,,98f3c6527ac352e5e5d49653faaa723a5abf27be8b5ec123cdb5058a05adc63a,5.7624344769865274
1366,2024-09-28,2024-09-29,mix,-0.0039382690745674003,-0.0017725596734834426,0.45000000000000001,0.00033919104959223567,ABSTAIN,0.050000000000000003,True,5,5,1366,-0.0017725596734834426,0.45033919104959225,0.45033919104959225,0.43584933013237981,0.45000000000000001,0.5616989583943468,,832197047feb2f80919bcac6a5e2e84eead2fa3d64d5b61c6d166c1e80d2d302,10.381376443430781,-0.0017725596734834426,0.45000000000000001,0.00033919104959223567,ABSTAIN,0.050000000000000003,True,0,0,1366,-0.0017725596734834426,0.45033919104959225,0.45033919104959225,0.43584933013237981,0.45000000000000001,0.62434556118613205,,2b45f0a9aa873e9255fa39fe64e8abd9a720a69faf30ab987dbc02a4cb748807,5.7506613992154598
1367,2024-09-29,2024-09-30,bull,-0.0345679049980872,-0.015556518511967932,0.45000000000000001,0.00097645208492741498,ABSTAIN,0.20000000000000001,True,0,5,1367,-0.015556518511967932,0.4490235479150726,0.4490235479150726,0.43659673234180041,0.45000000000000001,0.5,,b1cc4d5bb3366cd898b97b7a3b678ed27200472b8b39c168e116b10fdf22d200,6.3626400958746672,-0.019111404401611409,0.55000000000000004,0.10097645208492745,BTC,0.20000000000000001,True,0,0,1367,-0.026219102106598502,0.4490235479150726,0.4490235479150726,0.54927738587344033,0.75,0.57890832309743634,,97943a8302482fadf393c5e8440eba4bede073419ed29f98f6b0e3675db0a030,6.1358757391571999
1368,2024-09-30,2024-10-01,mix,-0.039528443681006303,-0.017796335813088371,0.45000000000000001,0.0086907458821338102,ABSTAIN,0.050000000000000003,True,5,5,1368,-0.017796335813088371,0.4413092541178662,0.4413092541178662,0.4313905039247411,0.45000000000000001,0.78389870744636991,,ea52a3f8a4b83109e9714629a4de3f3381160d1709707db19342275c9bcccff9,10.554150043055415,-0.017877454640262802,0.45000000000000001,0.09127862978968776,ABSTAIN,0.050000000000000003,True,0,0,1368,-0.018075927683313564,0.54127862978968777,0.74334600686083929,0.4313905039247411,0.45000000000000001,0.78389870744636991,,8e0a7c87a05ac73a490f0ea59c7942d805974f613d606b0fb15795131e62ca79,5.851853771135211
1369,2024-10-01,2024-10-02,mix,-0.0031198888806699999,-0.0014138964768664053,0.45000000000000001,0.0099604645591117591,ABSTAIN,0.050000000000000003,True,0,5,1369,-0.0014138964768664053,0.44003953544088825,0.44003953544088825,0.42980810033810052,0.45000000000000001,0.94914690366750043,,3f73bd5e44f7698f3ac033f419a56e045db2ecd7655082a0d4f70e9a982e20eb,7.6877549048513174,-0.0014138964768664053,0.45000000000000001,0.0099604645591117591,ABSTAIN,0.050000000000000003,True,0,0,1369,-0.0014138964768664053,0.44003953544088825,0.44003953544088825,0.42980810033810052,0.45000000000000001,0.5,,857ffd221b095307d4af7d30aeefc93b0e98cda704c39bdc72b004119ab4135f,5.2609973065555096
1370,2024-10-02,2024-10-03,mix,0.0017396122066362001,0.00078205162954647633,0.45000000000000001,0.00077325811369172159,ABSTAIN,0.050000000000000003,True,5,5,1370,0.00078205162954647633,0.44922674188630829,0.44922674188630829,0.42953410376304713,0.45000000000000001,0.97637654760042125,,a294d9ca4d9f6c6488eab8d72e4d7a3c88768b61c64a7064a905163d2931a093,10.555666744709015,0.00078205162954647633,0.45000000000000001,0.00077325811369172159,ABSTAIN,0.050000000000000003,True,0,0,1370,0.00078205162954647633,0.44922674188630829,0.44922674188630829,0.42953410376304713,0.45000000000000001,0.5,,e4e4f60911953bff686b47c250b8b173fcfee62be52841afade31f73bf0dac98,5.3977408781647682
1371,2024-10-03,2024-10-04,mix,0.021889279553325602,0.0098497413440450376,0.45000000000000001,0.00043021723612252094,ABSTAIN,0.050000000000000003,True,0,5,1371,0.0098497413440450376,0.45043021723612253,0.45043021723612253,0.4299734781880189,0.45000000000000001,0.93276408359815399,,56d948d459076250c8be54dc4c2e8182b60a4662813ea8a23cf32bf0c729dff8,7.6090971492230892,0.0098497413440450376,0.45000000000000001,0.00043021723612252094,ABSTAIN,0.050000000000000003,True,0,0,1371,0.0098497413440450376,0.45043021723612253,0.45043021723612253,0.4299734781880189,0.45000000000000001,0.93276408359815399,,b7fb3b3327772efb4177f50c2bf7245d8d43fbb1805c12033eb7b76a79a1d7b3,5.6255679167807102
1372,2024-10-04,2024-10-05,mix,-0.00031571656384390002,-0.00014743644447612336,0.45000000000000001,0.005364752929969685,ABSTAIN,0.050000000000000003,True,0,5,1372,-0.00014743644447612336,0.4553647529299697,0.4553647529299697,0.4314157977997144,0.45000000000000001,0.78181666011934625,,f679a7f4af2be91b051f0399227eec4d7caf9ee7e8289ee0448459bebb709c4f,7.5309484135359526,-0.00014743644447612336,0.45000000000000001,0.005364752929969685,ABSTAIN,0.050000000000000003,True,0,0,1372,-0.00014743644447612336,0.4553647529299697,0.4553647529299697,0.4314157977997144,0.45000000000000001,0.78181666011934625,,ae163afe604163d21bb8d3e1026a13a70a512ba86057eacf3251553c478c2177,5.9038757178932428
1373,2024-10-05,2024-10-06,mix,0.0122137109378777,0.0054960913415615931,0.45000000000000001,7.8150952648958771e-05,ABSTAIN,0.050000000000000003,True,5,5,1373,0.0054960913415615931,0.44992184904735105,0.44992184904735105,0.43134741536400129,0.45000000000000001,0.78893166576205975,,b3c48c1f0c8faa6969daa81054018a2a7d759d8ab6e8407fb213ba10c0b622de,10.540200378745794,0.0054960913415615931,0.45000000000000001,7.8150952648958771e-05,ABSTAIN,0.050000000000000003,True,0,0,1373,0.0054960913415615931,0.44992184904735105,0.44992184904735105,0.43134741536400129,0.45000000000000001,0.78893166576205975,,9ebea4075b6f5b14c146a5b06f63435b11339daa3e37da4d8c4ebedf931a80aa,5.7038869690150023
1374,2024-10-06,2024-10-07,bull,-0.0091341209881023993,-0.005120272900165479,0.55000000000000004,0.096993630062898128,BTC,0.20000000000000001,True,0,5,1374,-0.0076517548351054954,0.45300636993710192,0.45300636993710192,0.54839845066066761,0.80000000000000004,0.64831519037360896,,97d923c846917686a010c1b2bf598acca7198de830fb3e0a892024cb83015aec,6.5462170485407114,-0.005120272900165479,0.55000000000000004,0.096993630062898128,BTC,0.20000000000000001,True,0,0,1374,-0.0076517548351054954,0.45300636993710192,0.45300636993710192,0.54839845066066761,0.80000000000000004,0.64831519037360896,,bb24dbcf40744252ec3ad8b8fb3fc57ad9ba0c724c9a95b27d53dbf58c013838,6.0125642735511065
1375,2024-10-07,2024-10-08,mix,-0.0014233937820503999,-0.000738192495058132,0.45000000000000001,0.097727890507794568,ABSTAIN,0.050000000000000003,True,5,5,1375,-0.00098883174311037436,0.54772789050779458,0.79852778271324931,0.43134976220913451,0.45000000000000001,0.78871980757124804,,ec1ba1c11a42dc64c34a7e17385221e5339edaecc76e39c1b87c327103044d40,10.308499861508608,-0.000738192495058132,0.45000000000000001,0.097727890507794568,ABSTAIN,0.050000000000000003,True,0,0,1375,-0.00098883174311037436,0.54772789050779458,0.79852778271324931,0.43134976220913451,0.45000000000000001,0.78871980757124804,,dbb2a588192a997f8777f725e826b4ff8bbe370fe7c7a7d6b1e20b66861f0f14,5.6307830028235912
1376,2024-10-08,2024-10-09,mix,-0.024586128674163699,-0.011064106518981709,0.45000000000000001,0.00035251575698891369,ABSTAIN,0.050000000000000003,True,3,5,1376,-0.011064106518981709,0.4496474842430111,0.4496474842430111,0.43139716559248031,0.45000000000000001,0.78356166999253085,,e0ff7105d2d18f7454793f6e357863be9915d701f3eb210dec2035bd4673948e,9.2417736407369375,-0.011064106518981709,0.45000000000000001,0.00035251575698891369,ABSTAIN,0.050000000000000003,True,0,0,1376,-0.011064106518981709,0.4496474842430111,0.4496474842430111,0.43139716559248031,0.45000000000000001,0.78356166999253085,,db29282b2276fe8075a6107a0c863b9ca9b53504d910b2fdaac913462de47183,5.8778829146176577
1377,2024-10-09,2024-10-10,mix,-0.0051559654817512996,-0.0023263233340991007,0.45000000000000001,0.0061531437395344057,ABSTAIN,0.050000000000000003,True,5,5,1377,-0.0023263233340991007,0.44384685626046561,0.44384685626046561,0.42978020693338848,0.45000000000000001,0.95126967663636663,,927e86e42b4e448a4217e5b58cd3bf0f39401f086944c60d9b97d72a51589d93,10.523518713191152,-0.0023263233340991007,0.45000000000000001,0.0061531437395344057,ABSTAIN,0.050000000000000003,True,0,0,1377,-0.0023263233340991007,0.44384685626046561,0.44384685626046561,0.42978020693338848,0.45000000000000001,0.5,,e93c0d1517cd50b7f874e0e783456b8b628294c7395e7af97ffda32f43d6aac0,5.2492373157292604
1378,2024-10-10,2024-10-11,mix,0.036195914198838802,0.016286861486659809,0.45000000000000001,0.0012790691330679671,ABSTAIN,0.050000000000000003,True,5,5,1378,0.016286861486659809,0.44872093086693204,0.44872093086693204,0.42945259921189338,0.45000000000000001,0.98491524528047725,,ea55a372f390cae4a18901ffa2285b633459f086c5357b5a7db672584cd17276,10.557762866839767,0.016286861486659809,0.45000000000000001,0.0012790691330679671,ABSTAIN,0.050000000000000003,True,0,0,1378,0.016286861486659809,0.44872093086693204,0.44872093086693204,0.42945259921189338,0.45000000000000001,0.5,,0de73bca9b6c9ca09d82f941537efd7015c96dc25cf3a01dfb46481d3060c9fe,5.3700104244053364
1379,2024-10-11,2024-10-12,mix,0.011291308396560401,0.005072229079025492,0.45000000000000001,0.0088149100860965834,ABSTAIN,0.050000000000000003,True,5,5,1379,0.005072229079025492,0.45881491008609659,0.45881491008609659,0.43009824672227309,0.45000000000000001,0.92055744135124595,,9171bb92f222303a03b4512af96050620cd624a715671c12c2ece0665cb541f8,10.435184631496668,0.005072229079025492,0.45000000000000001,0.0088149100860965834,ABSTAIN,0.050000000000000003,True,0,0,1379,0.005072229079025492,0.45881491008609659,0.45881491008609659,0.43009824672227309,0.45000000000000001,0.92055744135124595,,caf4895102839fb072c6247448ec9ba5f1c3ba4834af976a7e2a43ef2868986e,5.6007710881531239
1380,2024-10-12,2024-10-13,mix,-0.0052875479984999998,-0.0023821704544898514,0.45000000000000001,0.0027804710081105743,ABSTAIN,0.050000000000000003,True,5,5,1380,-0.0023821704544898514,0.45278047100811059,0.45278047100811059,0.43032159846515577,0.45000000000000001,0.89691532805354945,,6472bc3cfb4f6caf9465c02ed49f09dc19cd15f1ca7e5cd34501213f6b49123f,10.629091991111636,-0.0023821704544898514,0.45000000000000001,0.0027804710081105743,ABSTAIN,0.050000000000000003,True,0,0,1380,-0.0023821704544898514,0.45278047100811059,0.45278047100811059,0.43032159846515577,0.45000000000000001,0.5,,06c200b00f4fa85dc0357bc2a2a8ef094f99c208eda2cc8308b5bb136ab1a459,5.3898765984922647
1381,2024-10-13,2024-10-14,mix,0.0510697317837027,0.022980037366539641,0.45000000000000001,0.0013117893968586647,ABSTAIN,0.050000000000000003,True,5,5,1381,0.022980037366539641,0.44868821060314135,0.44868821060314135,0.4299255866879147,0.45000000000000001,0.93824833448884715,,5e1a56b92c3ebf6cc04b78c425275eaf67bd5aa0ec7bd21cba4c0ceac06c2ed8,10.491317493841052,0.022980037366539641,0.45000000000000001,0.0013117893968586647,ABSTAIN,0.050000000000000003,True,0,0,1381,0.022980037366539641,0.44868821060314135,0.44868821060314135,0.4299255866879147,0.45000000000000001,0.93824833448884715,,e745c9db97d25045a3d1b5bcab2f7381371476aade20b2fcdcd508d2db189a56,5.7456912528723478
1382,2024-10-14,2024-10-15,mix,0.015069224914008,0.0067687116195491726,0.45000000000000001,0.012355805171236356,ABSTAIN,0.050000000000000003,True,0,5,1382,0.0067687116195491726,0.46235580517123637,0.46235580517123637,0.43390090973115047,0.45000000000000001,0.52000000000000002,,b9bc0c8ad54c1649f1f235b36fbde7c9229fc5180f0204d3ae5f8287f5aa609a,7.233261039480567,0.0067687116195491726,0.45000000000000001,0.012355805171236356,ABSTAIN,0.050000000000000003,True,0,0,1382,0.0067687116195491726,0.46235580517123637,0.46235580517123637,0.43390090973115047,0.45000000000000001,0.63,,70beb53bd380bfaadc88821c9ed43387c9afd07eabff2e5c47d78623cd104bba,6.0473485812544823
1383,2024-10-15,2024-10-16,bull,0.0080563527263238996,0.0043342718270582559,0.55000000000000004,0.096295487691908321,BTC,0.20000000000000001,True,2,5,1383,0.0060965547904900941,0.45370451230809172,0.45370451230809172,0.54954471517208314,0.80000000000000004,0.79940065171092756,,36c340c7107e39e0b6b5b161cc9173d0b43034092057ebb22a442bf93363a254,8.1722347103059292,0.0043342718270582559,0.55000000000000004,0.096295487691908321,BTC,0.20000000000000001,True,0,0,1383,0.0060965547904900941,0.45370451230809172,0.45370451230809172,0.54954471517208314,0.80000000000000004,0.79940065171092756,,62ab0bbe14239c1f9ad8788fe3df5abd2bbd4ecf867b32a149411bbce912b7bc,5.9786190930753946
1384,2024-10-16,2024-10-17,bull,-0.0029504021864032999,-0.0016247031322822458,0.55000000000000004,0.0019851511071214967,BTC,0.20000000000000001,True,2,5,1384,-0.0023615994879336855,0.55198515110712154,0.80128076182102115,0.55061209249793297,0.80000000000000004,0.94008812073465564,,c05cd8b246119177ba57b5530b6a7fa697ee4c29ca96a45b8da2b23d4804f0a0,8.0581634622067213,-0.0016247031322822458,0.55000000000000004,0.0019851511071214967,BTC,0.20000000000000001,True,0,0,1384,-0.0023615994879336855,0.55198515110712154,0.80128076182102115,0.55061209249793297,0.80000000000000004,0.94008812073465564,,4ccd3641bde825e3420c8aaab8d0e9b92338fa9aff746622730586e4e62b4b3c,6.1068971864879131
1385,2024-10-17,2024-10-18,bull,0.0149024598625895,0.0081956155181002188,0.55000000000000004,0.00073141141795052267,BTC,0.20000000000000001,True,3,5,1385,0.01192148906761048,0.54926858858204952,0.79952681879027498,0.55010911021215003,0.80000000000000004,0.87379105504530485,,494f82634ad6f26b5793eab4dd0ed12cafe71b458a3e31e9331cf35285ce139f,8.810424879193306,0.0081956155181002188,0.55000000000000004,0.00073141141795052267,BTC,0.20000000000000001,True,0,0,1385,0.01192148906761048,0.54926858858204952,0.79952681879027498,0.55010911021215003,0.80000000000000004,0.87379105504530485,,20f8660ee79b5859190432592a07a4cd5f1ee7826ac7c59f13cf4807560f1aff,6.0188677366822958
1386,2024-10-18,2024-10-19,bull,-0.00074682380657989996,-0.00041440996442643208,0.55000000000000004,0.0036583734956908698,BTC,0.20000000000000001,True,0,5,1386,-0.00059981393929331439,0.55365837349569091,0.80235630182333728,0.55006781828907281,0.80000000000000004,0.86834528631513452,,21f37670b7d10c829e165d22eb1dde016e96ba26a114cde81861db43865c5e56,7.1838322822004557,-0.00041440996442643208,0.55000000000000004,0.0036583734956908698,BTC,0.20000000000000001,True,0,0,1386,-0.00059981393929331439,0.55365837349569091,0.80235630182333728,0.55006781828907281,0.80000000000000004,0.86834528631513452,,802615d01b72270e0a1361d307dd044ccafed7d59abc16f862d45ff809bbd0d9,6.1667047254741192
1387,2024-10-19,2024-10-20,bull,0.0096311355525652998,0.00529693865954739,0.55000000000000004,0.00018491484647376044,BTC,0.20000000000000001,True,0,5,1387,0.007704787957585113,0.54981508515352628,0.79988043675680609,0.54941068179547758,0.80000000000000004,0.78173661918550041,,8f1d3e67d29946457cb471151474d3a21a19c7283ac8684654295049d7c65d64,7.1944861896336079,0.00529693865954739,0.55000000000000004,0.00018491484647376044,BTC,0.20000000000000001,True,0,0,1387,0.007704787957585113,0.54981508515352628,0.79988043675680609,0.54941068179547758,0.80000000000000004,0.78173661918550041,,f7dff57d9d2739753e71e12adb94cdce3255c50c680a92f38caf1b0481abdb18,6.0191501472145319
1388,2024-10-20,2024-10-21,bull,-0.024035752312383599,-0.013222003571855434,0.55000000000000004,0.0023711457946502534,BTC,0.20000000000000001,True,0,5,1388,-0.019230101644888919,0.5523711457946503,0.80152919934744882,0.54885107675395295,0.80000000000000004,0.70798017557040216,,5320ee37b15fc4862f30d98547fedbb9e99a5051ec08c06148c5e86e1d728e93,6.5946884993463755,-0.013222003571855434,0.55000000000000004,0.0023711457946502534,BTC,0.20000000000000001,True,0,0,1388,-0.019230101644888919,0.5523711457946503,0.80152919934744882,0.54885107675395295,0.80000000000000004,0.70798017557040216,,5cc8c45954acbd37623678b5c19d2cf595d58117f05d6ff61b758e4d5a0389d9,6.1773641873151064
1389,2024-10-21,2024-10-22,mix,0.00083121447856870001,0.00028003990968250569,0.45000000000000001,0.093971455977676366,ABSTAIN,0.050000000000000003,True,0,5,1389,2.783818374263447e-05,0.54397145597767638,0.79607888201344867,0.43120695437084461,0.45000000000000001,0.80361526704719832,,55479e33faa18bbefc51fb3b84d84cf7170d8efbb87e7eee1c6a0a9d940cb67f,7.6934941411018372,0.00028003990968250569,0.45000000000000001,0.093971455977676366,ABSTAIN,0.050000000000000003,True,0,0,1389,2.783818374263447e-05,0.54397145597767638,0.79607888201344867,0.43120695437084461,0.45000000000000001,0.5,,5e24e24c224765bba24c238295e923b99edb5188ffc6e5b68183f2c86c1816c3,5.2815998569130898
1390,2024-10-22,2024-10-23,mix,-0.0113247898106554,-0.0050963600154386723,0.45000000000000001,0.00020564866128064407,ABSTAIN,0.050000000000000003,True,0,5,1390,-0.0050963600154386723,0.45020564866128066,0.45020564866128066,0.43109404970199061,0.45000000000000001,0.81518792045755251,,cd6d066f80f332a5536b5c9187d927e3d06aa3ddd0505dc16c65306d57cb46a3,7.682410754263401,-0.0050963600154386723,0.45000000000000001,0.00020564866128064407,ABSTAIN,0.050000000000000003,True,0,0,1390,-0.0050963600154386723,0.45020564866128066,0.45020564866128066,0.43109404970199061,0.45000000000000001,0.5,,1f8ecacbb02465ad62af1ab5626b2501d4a6669af9509d761ab993101f07abe4,5.3434704076498747
1391,2024-10-23,2024-10-24,mix,0.022918019851883398,0.010310262636233691,0.45000000000000001,0.0028172425841874738,ABSTAIN,0.050000000000000003,True,0,5,1391,0.010310262636233691,0.44718275741581254,0.44718275741581254,0.4308861669750727,0.45000000000000001,0.83652977987697985,,8b7aef16a7027a39015b65d90902b08e0539b96e9bedbb5ca7b9641b3a8a27e9,7.7103257440030575,0.010310262636233691,0.45000000000000001,0.0028172425841874738,ABSTAIN,0.050000000000000003,True,0,0,1391,0.010310262636233691,0.44718275741581254,0.44718275741581254,0.4308861669750727,0.45000000000000001,0.83652977987697985,,dba67bd190607f39363dd57170d6bd8add09c3060f93f4f87e54c97274146458,5.7411483954638243
1392,2024-10-24,2024-10-25,mix,-0.021919154146777801,-0.0098691782975773856,0.45000000000000001,0.0056143089337222785,ABSTAIN,0.050000000000000003,True,5,5,1392,-0.0098691782975773856,0.45561430893372229,0.45561430893372229,0.43224964364905488,0.45000000000000001,0.69368029582196167,,72cc207e9eb544ea26e76e5e51567013cb23c8b5fc53d9b3480450caaf4f861e,10.496327377855778,-0.0098691782975773856,0.45000000000000001,0.0056143089337222785,ABSTAIN,0.050000000000000003,True,0,0,1392,-0.0098691782975773856,0.45561430893372229,0.45561430893372229,0.43224964364905488,0.45000000000000001,0.5,,3f916b791e747e949ea9edab64189e427a80684d01a0374017195e74818b9715,5.3562939409166574
1393,2024-10-25,2024-10-26,mix,0.0058473569946384,0.002625817196792557,0.45000000000000001,0.0054790337547784285,ABSTAIN,0.050000000000000003,True,5,5,1393,0.002625817196792557,0.44452096624522158,0.44452096624522158,0.4305781784487101,0.45000000000000001,0.86928356038984755,,fd6210265a1c96996cc451bfaad5bbc426dac956cfc1c2cd410e2807e1dc2018,10.44983241148293,0.002625817196792557,0.45000000000000001,0.0054790337547784285,ABSTAIN,0.050000000000000003,True,0,0,1393,0.002625817196792557,0.44452096624522158,0.44452096624522158,0.4305781784487101,0.45000000000000001,0.5,,425870d2f6646fac1a71dae471c8bc25fa31c3d4933580454c9014399b6b9f3e,5.250248346477747
1394,2024-10-26,2024-10-27,mix,0.0136807837011156,0.0061549003565197768,0.45000000000000001,0.0014434227624891549,ABSTAIN,0.050000000000000003,True,5,5,1394,0.0061549003565197768,0.45144342276248917,0.45144342276248917,0.43171419937777128,0.45000000000000001,0.75,,055b6101d9e7ab9cc5882e9c736da6a66aa55afe610034adf295e2affde8ea0d,10.075895335525274,0.0061549003565197768,0.45000000000000001,0.0014434227624891549,ABSTAIN,0.050000000000000003,True,0,0,1394,0.0061549003565197768,0.45144342276248917,0.45144342276248917,0.43171419937777128,0.45000000000000001,0.75,,0c1fb2d9e264f2a419cca0839bf02d8d81a2e0bc7d92fd122adde202c70ba86f,5.3677762933075428
1395,2024-10-27,2024-10-28,mix,0.028667178396755501,0.012896821589563512,0.45000000000000001,0.0033652761392958808,ABSTAIN,0.050000000000000003,True,0,5,1395,0.012896821589563512,0.45336527613929589,0.45336527613929589,0.4322829606171944,0.45000000000000001,0.6902163835772358,,f89203ced5d0b4b7379157e4f9aa3414d34527a6110fb91ba9a5a2c448075177,7.488745054230094,0.012896821589563512,0.45000000000000001,0.0033652761392958808,ABSTAIN,0.050000000000000003,True,0,0,1395,0.012896821589563512,0.45336527613929589,0.45336527613929589,0.4322829606171944,0.45000000000000001,0.5,,1847273a3017fcebf8f8627c9e91ccc82d3d9126fcb3a40aaf6203d00d56ee35,5.2421235330402851
1396,2024-10-28,2024-10-29,mix,0.039687452200800097,0.017852223626221075,0.45000000000000001,0.0070047635898413674,ABSTAIN,0.050000000000000003,True,0,5,1396,0.017852223626221075,0.45700476358984138,0.45700476358984138,0.43318434797759547,0.45000000000000001,0.59549532613335621,,6fee2f57b7875ed56c592e246e80b45b2e0b64b0e8950ee029169e375a815b6a,7.7522942367941141,0.017852223626221075,0.45000000000000001,0.0070047635898413674,ABSTAIN,0.050000000000000003,True,0,0,1396,0.017852223626221075,0.45700476358984138,0.45700476358984138,0.43318434797759547,0.45000000000000001,0.5,,438a50412005cf61a5c2acae4ce810935cd19ad0adbe5985cfe6552d62eeb085,5.3170341271907091
1397,2024-10-29,2024-10-30,bull,-0.0052605237974765002,-0.0029833763845251715,0.55000000000000004,0.090349703634382272,BTC,0.20000000000000001,True,0,5,1397,-0.0045473364074432032,0.45965029636561777,0.45965029636561777,0.54922214163185124,0.80000000000000004,0.75687285602155885,,9fd6a04abbbe33a2a288a340838eb09e80e85390f5e896016b56f6bb5fbb7151,7.2993518076837063,-0.0029833763845251715,0.55000000000000004,0.090349703634382272,BTC,0.20000000000000001,True,0,0,1397,-0.0045473364074432032,0.45965029636561777,0.45965029636561777,0.54922214163185124,0.80000000000000004,0.75690000000000002,,47efb83125ff9003c34eeea28b46b4063bc83742dfe21118c15d70d7f0833434,5.6778754163533449
1398,2024-10-30,2024-10-31,bull,-0.028556500681430501,-0.015707360624032662,0.55000000000000004,0.0013057575727072335,BTC,0.20000000000000001,True,5,5,1398,-0.022846026476381343,0.54869424242729281,0.79915475906435862,0.55006329418071265,0.80000000000000004,0.86774880632585705,,2a7a6555d90c1e0ca1453195b84e94d853957572cb60acee5beeaa2b1c3b1bb7,9.772877050563693,-0.015707360624032662,0.55000000000000004,0.0013057575727072335,BTC,0.20000000000000001,True,0,0,1398,-0.022846026476381343,0.54869424242729281,0.79915475906435862,0.55006329418071265,0.80000000000000004,0.86774880632585705,,5411273d42d941c7b8c46746031954abcb7392fcee3727e3613622bc6b4fc4a9,5.9843782149255276
1399,2024-10-31,2024-11-01,bull,-0.0110213454976965,-0.0060688770089133426,0.55000000000000004,0.0071805115746753634,BTC,0.20000000000000001,True,1,5,1399,-0.0088217110318261627,0.54281948842532468,0.7953241389065705,0.54864457223083707,0.80000000000000004,0.71204877577735015,,7f3a68856c982c192917dff03d6f7c1ea012b673053930d980516ded464eba42,6.9351629726588726,-0.0060688770089133426,0.55000000000000004,0.0071805115746753634,BTC,0.20000000000000001,True,0,0,1399,-0.0088217110318261627,0.54281948842532468,0.7953241389065705,0.54864457223083707,0.80000000000000004,0.68074573416790785,,17a3e27e094365b073cee53d3fff29b7c87bcb2a0f10bb904c29b20294b7d5c1,6.1140538193285465
1400,2024-11-01,2024-11-02,bull,-0.0026098015745129998,-0.0012715520715700368,0.45000000000000001,0.097255581035038341,ABSTAIN,0.20000000000000001,True,0,5,1400,-0.0015222226524232996,0.54725558103503835,0.79822089824426823,0.43447610628414413,0.45000000000000001,0.5,,b4e98a90bcd110f966ed865be83e15ae6849b57bb2559115cefe891465d63c2c,6.2466748971492052,-0.0012715520715700368,0.45000000000000001,0.097255581035038341,ABSTAIN,0.20000000000000001,True,0,0,1400,-0.0015222226524232996,0.54725558103503835,0.79822089824426823,0.43447610628414413,0.45000000000000001,0.62803734212305218,,b7c478dd2ab8ec2852366d6f1bae99ae6e5de2b1e548ccc63043ed5ec1a167c9,5.8455878123641014
1401,2024-11-02,2024-11-03,mix,-0.0080229871130228,-0.0036109885514674644,0.45000000000000001,0.0006466853639083836,ABSTAIN,0.050000000000000003,True,5,5,1401,-0.0036109885514674644,0.44935331463609163,0.44935331463609163,0.4337617163672931,0.45000000000000001,0.53471732989611365,,16804d5aac40e0123036e9cdef92caad755bb30665ec8d8ad1f219c361fefe24,10.443349104374647,-0.0036109885514674644,0.45000000000000001,0.0006466853639083836,ABSTAIN,0.050000000000000003,True,0,0,1401,-0.0036109885514674644,0.44935331463609163,0.44935331463609163,0.4337617163672931,0.45000000000000001,0.53471732989611365,,2120cb22ae333598ab946573905dc437efd01aca1c1e8cbd31b23c6ea52a9c12,5.7476098593324423
1402,2024-11-03,2024-11-04,mix,-0.013389637281589499,-0.0060273176532249506,0.45000000000000001,0.0019928843087803072,ABSTAIN,0.050000000000000003,True,0,5,1402,-0.0060273176532249506,0.4480071156912197,0.4480071156912197,0.43314621319410451,0.45000000000000001,0.59955265262700763,,f433b8b169bf50bf75b2c0fa665f1d64e6e14e050d14a9851750e33958eb7819,7.7046407554298639,-0.0060273176532249506,0.45000000000000001,0.0019928843087803072,ABSTAIN,0.050000000000000003,True,0,0,1402,-0.0060273176532249506,0.4480071156912197,0.4480071156912197,0.43314621319410451,0.45000000000000001,0.61305555956924784,,3fa03059befccfe47fe73a509c04eac3ff2322e4773887d5e5a13d5f4411e15e,5.866111196577549
1403,2024-11-04,2024-11-05,mix,0.022474973765195399,0.010110370451049899,0.45000000000000001,0.0033340238436731506,ABSTAIN,0.050000000000000003,True,0,5,1403,0.010110370451049899,0.44666597615632686,0.44666597615632686,0.43273921068366111,0.45000000000000001,0.64243942800254472,,5721abb13b917e4750fe156ef5ade9669f6d3be2e07d25383da62816ec547b75,6.8639888316392899,0.010110370451049899,0.45000000000000001,0.0033340238436731506,ABSTAIN,0.050000000000000003,True,0,0,1403,0.010110370451049899,0.44666597615632686,0.44666597615632686,0.43273921068366111,0.45000000000000001,0.5,,3799e6a49b2b735e84940dbc672f02cf065eb164ea1a936944aa39083d4d91c6,5.2372868470847607
1404,2024-11-05,2024-11-06,bull,0.089552669095060503,0.049154820701297064,0.55000000000000004,0.094493138944106048,BTC,0.20000000000000001,True,0,5,1404,0.071272961913042332,0.455506861055894,0.455506861055894,0.54856096204195426,0.80000000000000004,0.66972722246134475,,e65efcf942dc58f8ecddfda3afe3ba2774a7dac7670c3d999c23976314e2a5dc,6.525651041418314,0.049154820701297064,0.55000000000000004,0.094493138944106048,BTC,0.20000000000000001,True,0,0,1404,0.071272961913042332,0.455506861055894,0.455506861055894,0.54856096204195426,0.80000000000000004,0.66972722246134475,,e5669058080b39e23253538295711962ee8d1ad7e6c8243a627618dbba4320d9,6.1101367175579071
1405,2024-11-06,2024-11-07,bull,0.0037348037938091001,0.0020329748431342498,0.55000000000000004,0.021123852067223559,BTC,0.20000000000000001,True,2,5,1405,0.0029744325525054016,0.5711238520672236,0.81337053348645993,0.55094852755509471,0.80000000000000004,0.98443541432737325,,29668cfd8d6642658ba14e6048738aa31e61e49ffb7036800838de9ea9d727a4,8.092235378921032,0.0020329748431342498,0.55000000000000004,0.021123852067223559,BTC,0.20000000000000001,True,0,0,1405,0.0029744325525054016,0.5711238520672236,0.81337053348645993,0.55094852755509471,0.80000000000000004,0.98443541432737325,,b9a7bc300debc2da7f4f64a5a11b0fc964751fe61cf94eff0433ccb2efc4302d,5.9973528478294611
1406,2024-11-07,2024-11-08,bull,0.0085503093506403994,0.004701743335728148,0.55000000000000004,0.00092246905645543276,BTC,0.20000000000000001,True,0,5,1406,0.0068396476166869835,0.55092246905645548,0.80059578848453583,0.55104322077575851,0.80000000000000004,0.99691820096092199,,d305a1db59b12d3312aace0d9bd895a9e7936e0aed2b6a6efb8fa2113316dc04,6.962911531329155,0.004701743335728148,0.55000000000000004,0.00092246905645543276,BTC,0.20000000000000001,True,0,0,1406,0.0068396476166869835,0.55092246905645548,0.80059578848453583,0.55104322077575851,0.80000000000000004,0.99691820096092199,,a004d41cb3a5c54c49f98479a6311d7f70e69777aec3fd3598d8d5b01da2a111,6.084423316642642
1407,2024-11-08,2024-11-09,bull,0.0023916160136334,0.0013132797405523977,0.55000000000000004,0.0021062963473389429,BTC,0.20000000000000001,True,0,5,1407,0.0019119314559361555,0.55210629634733899,0.80135875527376466,0.55106073181216764,0.80000000000000004,0.99922656481635685,,9f1d22dc904ee117befe4635ac56b27ff2d670ea31bacd9207922ca7c57a8280,7.1262715198099613,0.0013132797405523977,0.55000000000000004,0.0021062963473389429,BTC,0.20000000000000001,True,0,0,1407,0.0019119314559361555,0.55210629634733899,0.80135875527376466,0.55106073181216764,0.80000000000000004,0.99922656481635685,,1e9edcd5367b5d270e5a42a2bb3942d56fdff58534cf57788b9a863aa2fcf5f4,6.0068720672279596
1408,2024-11-09,2024-11-10,bull,0.048085861463384102,0.026446617023279551,0.55000000000000004,0.00059114737473398016,BTC,0.20000000000000001,True,1,5,1408,0.038468292550622118,0.55059114737473402,0.80038192782242457,0.55106473972163106,0.80000000000000004,0.99975490170621162,,0ddcf5772682e963c6101a13c1f45d36e109ea1d96b6b8564a3f8c2cfafbf9d9,7.4889649730175734,0.026446617023279551,0.55000000000000004,0.00059114737473398016,BTC,0.20000000000000001,True,0,0,1408,0.038468292550622118,0.55059114737473402,0.80038192782242457,0.55106473972163106,0.80000000000000004,0.99975490170621162,,5f85f11701c272d45acad7905527754f3b842799714af4e52d9da1fff1bd6073,6.1240799259394407
1409,2024-11-10,2024-11-11,bull,0.1029450729892957,0.056607539054394307,0.55000000000000004,0.011594605583394535,BTC,0.20000000000000001,True,0,5,1409,0.082348039503777004,0.56159460558339458,0.80740873356546317,0.55106590441361547,0.80000000000000004,0.99990843553768916,,0526807f8bc12a4e74e133245fbfa76f593a0102c4c0463c551fc4f4207b6444,7.0445118639618158,0.056607539054394307,0.55000000000000004,0.011594605583394535,BTC,0.20000000000000001,True,0,0,1409,0.082348039503777004,0.56159460558339458,0.80740873356546317,0.55106590441361547,0.80000000000000004,0.99990843553768916,,4c48b6daf087d3a8a86a26ca4f28ede71816b73a53823447898c707762ad8cbd,6.0418495573103428
1410,2024-11-11,2024-11-12,bull,-0.0081521156815441004,-0.0045076691062526653,0.55000000000000004,0.024113598668614511,BTC,0.20000000000000001,True,0,5,1410,-0.0065368112221003694,0.57411359866861456,0.81521792348330047,0.55106656897777451,0.80000000000000004,0.99999604087077165,,20f31ee76e36a268f3441c3fd777b3a18a1b0870e8f9ffa14e540e07f4ad9401,7.1554807424545288,-0.0045076691062526653,0.55000000000000004,0.024113598668614511,BTC,0.20000000000000001,True,0,0,1410,-0.0065368112221003694,0.57411359866861456,0.81521792348330047,0.55106656897777451,0.80000000000000004,0.99999604087077165,,dafcd63f23095ee91872ce61759828c00ff32bca4b11ffca3441786289c3e86b,6.1055429559201002
1411,2024-11-12,2024-11-13,bull,0.0282108633827335,0.015513916677888151,0.55000000000000004,0.0020267358329132401,BTC,0.20000000000000001,True,0,5,1411,0.022567348174888924,0.5479732641670868,0.79868709915530145,0.55106653489287427,0.80000000000000004,0.99999154767091125,,7e22b810354321d26036bfe8f602960a033d8855343ba68b5f4ed87a492f4c76,6.4538014065474272,0.015513916677888151,0.55000000000000004,0.0020267358329132401,BTC,0.20000000000000001,True,0,0,1411,0.022567348174888924,0.5479732641670868,0.79868709915530145,0.55106653489287427,0.80000000000000004,0.99999154767091125,,a1d0c4ecea9f12eb519cdf6582c82c8da67fc917b927727a910f9916099d7ec6,6.0402144603431225
1412,2024-11-13,2024-11-14,bull,-0.034595486506632203,-0.019034262263260104,0.55000000000000004,0.0068755084706429992,BTC,0.20000000000000001,True,0,5,1412,-0.027680681155770936,0.55687550847064304,0.80441411729330403,0.55106657698446959,0.80000000000000004,0.99999709634347755,,fc0c08c1a6c2999e53cbee5f68754635d58dc949d469acb36f8935da14dc68a1,6.4168977532535791,-0.019034262263260104,0.55000000000000004,0.0068755084706429992,BTC,0.20000000000000001,True,0,0,1412,-0.027680681155770936,0.55687550847064304,0.80441411729330403,0.55106657698446959,0.80000000000000004,0.99999709634347755,,64fbd8798ce035974b720df3ab2fd3c6a3092872ed5dd4258ea36e259be31848,6.0574888996779919
1413,2024-11-14,2024-11-15,bull,0.042986917772126397,0.023633869945390407,0.55000000000000004,0.0087284639108905493,BTC,0.20000000000000001,True,0,5,1413,0.034383645608801583,0.5412715360891095,0.79430716504298704,0.55106625311656887,0.80000000000000004,0.99995440285979842,,d6470e39e302fe2c508740195a1ed5b0354639e18cbb6da5c8fcb54d2b7d35ed,6.4611600134521723,0.023633869945390407,0.55000000000000004,0.0087284639108905493,BTC,0.20000000000000001,True,0,0,1413,0.034383645608801583,0.5412715360891095,0.79430716504298704,0.55106625311656887,0.80000000000000004,0.99995440285979842,,805413daf23dad37e5651eb4deda4e124bc0cb329863ec37f43efd5e0b5e8ad7,5.9707668162882328
1414,2024-11-15,2024-11-16,bull,-0.0055729764461016004,-0.0030754987177112891,0.55000000000000004,0.010393529949095259,BTC,0.20000000000000001,True,0,5,1414,-0.0044650007545151693,0.5603935299490953,0.80664924249136183,0.55106655240529867,0.80000000000000004,0.999993856224626,,c327a73f24c0990f657f0a2a7ac8bd5e4fc1d6fcaaa42c0204a236cbf8accae7,6.2425338849425316,-0.0030754987177112891,0.55000000000000004,0.010393529949095259,BTC,0.20000000000000001,True,0,0,1414,-0.0044650007545151693,0.5603935299490953,0.80664924249136183,0.55106655240529867,0.80000000000000004,0.999993856224626,,24655553ce886de3ee924c121c8ffa9457f9e88cbf621cb29f2aed0998f18837,6.0384353008121252
1415,2024-11-16,2024-11-17,bull,-0.0077911090346602001,-0.0042864875928368962,0.55000000000000004,0.001383552448273484,BTC,0.20000000000000001,True,0,5,1415,-0.0062337773145886288,0.54861644755172656,0.79910433053274821,0.55106653865759503,0.80000000000000004,0.999992043950651,,ac8ee8a0dba3163ad9ce38f1ff94e65fe8f3b0d6b867706d99455d79cd5bfa56,6.4292224086821079,-0.0042864875928368962,0.55000000000000004,0.001383552448273484,BTC,0.20000000000000001,True,0,0,1415,-0.0062337773145886288,0.54861644755172656,0.79910433053274821,0.55106653865759503,0.80000000000000004,0.999992043950651,,6291657681827d7e00a2ff39c547ee52bf808b6bc7a03d7592e78b97e0388640,5.946293331682682
1416,2024-11-17,2024-11-18,bull,0.0071799335883973,0.0039470192280419703,0.55000000000000004,0.001936598021566649,BTC,0.20000000000000001,True,2,5,1416,0.0057426852695801056,0.5480634019784334,0.79874560404593375,0.55106645690209521,0.80000000000000004,0.99998126663337406,,70da753c2693179dc8fbb27438a92e420909b53b39d88bbbd451eb1e6707c036,7.9926046058535576,0.0039470192280419703,0.55000000000000004,0.001936598021566649,BTC,0.20000000000000001,True,0,0,1416,0.0057426852695801056,0.5480634019784334,0.79874560404593375,0.55106645690209521,0.80000000000000004,0.99998126663337406,,dcec7ac57f4ef85a88bea65eaddb364dad92445321a831926a9c3a04dbd89172,6.0371015593409538
1417,2024-11-18,2024-11-19,bull,0.0194576182018531,0.010699901024834979,0.55000000000000004,0.0017700437251111367,BTC,0.20000000000000001,True,0,5,1417,0.015564934552971366,0.55177004372511118,0.80114222847447203,0.55106655524758974,0.80000000000000004,0.99999423090619044,,3efdf9393a34390d5ceceea98a34eb546efbb0177d3639d42a4b1200adf8f229,6.526635468006134,0.010699901024834979,0.55000000000000004,0.0017700437251111367,BTC,0.20000000000000001,True,0,0,1417,0.015564934552971366,0.55177004372511118,0.80114222847447203,0.55106655524758974,0.80000000000000004,0.99999423090619044,,3bea809b429db8a4310387d8e835ba3196a197d52e59396c7705eb124db68f86,6.0114034283906221
1418,2024-11-19,2024-11-20,bull,0.022384192404097,0.012306482392300033,0.55000000000000004,0.0047647694196554236,BTC,0.20000000000000001,True,0,5,1418,0.017904233527232361,0.55476476941965547,0.80306550103333341,0.55106657510617219,0.80000000000000004,0.99999684873927441,,e1806e5b912dc980529e640dc39c0a506dcc4f61ef506bcfe5b7eb429fe5ce23,6.4099641181528568,0.012306482392300033,0.55000000000000004,0.0047647694196554236,BTC,0.20000000000000001,True,0,0,1418,0.017904233527232361,0.55476476941965547,0.80306550103333341,0.55106657510617219,0.80000000000000004,0.99999684873927441,,b753b070636617b6a067efd2a54eb67f20f57c45eab8ffc95d28ee9d6f6bd01c,6.138430567458272
1419,2024-11-20,2024-11-21,bull,0.043164704747099499,0.023734984974123963,0.55000000000000004,0.0054727113963368712,BTC,0.20000000000000001,True,0,5,1419,0.034528123834500768,0.55547271139633692,0.80351846439742447,0.55106659487538057,0.80000000000000004,0.99999945479076435,,7e319340b5756dd7c87b6aa68a28c7a9b10e3c60f25090e122d1619136e7e351,7.2201351411640644,0.023734984974123963,0.55000000000000004,0.0054727113963368712,BTC,0.20000000000000001,True,0,0,1419,0.034528123834500768,0.55547271139633692,0.80351846439742447,0.55106659487538057,0.80000000000000004,0.99999945479076435,,0877a90f4759e4b843dd28804ca5caf731144832661a17fc7d9c6a5f0d412284,6.0377719048410654
1420,2024-11-21,2024-11-22,bull,0.0056437389770721998,0.003093588525879376,0.55000000000000004,0.01043551907015694,BTC,0.20000000000000001,True,0,5,1420,0.0045082852156119735,0.56043551907015698,0.80667582475591015,0.55106659809991321,0.80000000000000004,0.99999987986081196,,95e2010625c2b0558b41b395c612c8c1ab69fac64c9718ee2ec4cdcc85b8b52a,6.2711155638098717,0.003093588525879376,0.55000000000000004,0.01043551907015694,BTC,0.20000000000000001,True,0,0,1420,0.0045082852156119735,0.56043551907015698,0.80667582475591015,0.55106659809991321,0.80000000000000004,0.99999987986081196,,2598689602f0611fed5ab11021c9c4aec6e9f3480ecbcd6069076fe483c6fefd,6.0143468119204044
1421,2024-11-22,2024-11-23,bull,-0.012440146892187001,-0.0068434637660738096,0.55000000000000004,0.0013925029889585439,BTC,0.20000000000000001,True,2,5,1421,-0.0099530075069299562,0.55139250298895859,0.80089893953227054,0.55106659863761442,0.80000000000000004,0.99999995074261006,,1565ba89910eb430ae78a8081a85d7eb0a20419f0430d93b4af734968a78aaac,8.0987497474998236,-0.0068434637660738096,0.55000000000000004,0.0013925029889585439,BTC,0.20000000000000001,True,0,0,1421,-0.0099530075069299562,0.55139250298895859,0.80089893953227054,0.55106659863761442,0.80000000000000004,0.99999995074261006,,96297a0c28106c9ccca7ffa4663b2153675f11341bd7497a9a44a87146c37472,5.9087565969675779
1422,2024-11-23,2024-11-24,bull,0.0024176296584405999,0.0013265920420695299,0.55000000000000004,0.0031001478176477804,BTC,0.20000000000000001,True,0,5,1422,0.0020028678974530756,0.54689985218235226,0.79798956844617308,0.55106659685253567,0.85000000000000009,0.99999971542681465,,c1bedec441eb73c87e7a8ddbafb70b38a3dbb30289c088066da6461319c2f6c9,6.5414515882730484,0.0013265920420695299,0.55000000000000004,0.0031001478176477804,BTC,0.20000000000000001,True,0,0,1422,0.0020028678974530756,0.54689985218235226,0.79798956844617308,0.55106659685253567,0.85000000000000009,0.99999971542681465,,e2bc4329d87798d9469c2eb84e6afe99d6d954b90b3d8531383ccd28159e5951,6.1188457608222961
1423,2024-11-24,2024-11-25,bull,-0.049734926767903601,-0.02735479094508142,0.55000000000000004,0.0005975687554936604,BTC,0.20000000000000001,True,2,5,1423,-0.042274982363998959,0.5505975687554937,0.85030761563586932,0.55106659786798295,0.85000000000000009,0.99999984928689445,,efaf9b9966d1d38426900357f955f28fc62d19c68ac3b6dfefe63748d1105b9b,8.1255336254835129,-0.02735479094508142,0.55000000000000004,0.0005975687554936604,BTC,0.20000000000000001,True,0,0,1423,-0.042274982363998959,0.5505975687554937,0.85030761563586932,0.55106659786798295,0.85000000000000009,0.99999984928689445,,ca0117b405f78935296e43efee036affe4861ff810df99c85f9e6a9edad92f9f,5.9991006068885326
1424,2024-11-25,2024-11-26,bull,-0.0116779348494159,-0.0064354384598238612,0.55000000000000004,0.012655577701664811,BTC,0.20000000000000001,True,0,5,1424,-0.00993280000771668,0.53734442229833523,0.8433788915445618,0.55106645841659418,0.85000000000000009,0.99998146628020035,,5d11e5df28cfa6b5c8c37a93bda1f233ef6730f950c6103cfc27dff5b8182f0f,6.5341917052865028,-0.0064354384598238612,0.55000000000000004,0.012655577701664811,BTC,0.20000000000000001,True,0,0,1424,-0.00993280000771668,0.53734442229833523,0.8433788915445618,0.55106645841659418,0.85000000000000009,0.99998146628020035,,c2b44e749e9625d55c8f1caddac7f345de0c7e26453661f72bc37070a8b00eb9,6.1289405412971973
1425,2024-11-26,2024-11-27,bull,0.0424994781338063,0.023371736004376364,0.55000000000000004,0.0029089728124709335,BTC,0.20000000000000001,True,0,5,1425,0.038196056457382666,0.54709102718752911,0.84849613558059422,0.55106604406171922,0.90000000000000002,0.99992684447046876,,bc76bef1184d42f835c0880c2b144f09d8b7ebcfb14f17f411f06380f49a61df,6.5301874317228794,0.023371736004376364,0.55000000000000004,0.0029089728124709335,BTC,0.20000000000000001,True,0,0,1425,0.038196056457382666,0.54709102718752911,0.84849613558059422,0.55106604406171922,0.90000000000000002,0.99992684447046876,,1fd6e61a2ddf5626cb5cc4833d43ee728b95507ecb101d6446c75f8ae40e83df,6.0442561730742455
1426,2024-11-27,2024-11-28,bull,-0.0025144285020012999,-0.0013931998287408653,0.55000000000000004,0.010278366960576379,BTC,0.20000000000000001,True,0,5,1426,-0.0022666613550947901,0.56027836696057642,0.90368404022380067,0.55106641947300394,0.90000000000000002,0.99997633258953955,,3711faddf607713bd8ec5488908beee8356e8c17cd31c25fb42ec2c257e26fad,6.5327503904700279,-0.0013931998287408653,0.55000000000000004,0.010278366960576379,BTC,0.20000000000000001,True,0,0,1426,-0.0022666613550947901,0.56027836696057642,0.90368404022380067,0.55106641947300394,0.90000000000000002,0.99997633258953955,,908aed466a10f7900073bd1e664f6c36a1bff9202548b45f6b14ead5bebd60f6,6.1104368064552546
1427,2024-11-28,2024-11-29,bull,0.018741080343560299,0.010306964582565747,0.55000000000000004,0.00062318287607743272,BTC,0.20000000000000001,True,0,5,1427,0.016866741671738295,0.54937681712392261,0.89977318816288687,0.55106633841667707,0.90000000000000002,0.99996564744175875,,bd0650700e84add86aae445e1e308fc6bed41fe66674f4d5130e5a23d3b1f3f8,7.2014660816639662,0.010306964582565747,0.55000000000000004,0.00062318287607743272,BTC,0.20000000000000001,True,0,0,1427,0.016866741671738295,0.54937681712392261,0.89977318816288687,0.55106633841667707,0.90000000000000002,0.99996564744175875,,34a143546d3f776a077a3d5942e3c925c510f81700810fffbb7b5ece44fcbdec,6.052164601162076
1428,2024-11-29,2024-11-30,bull,-0.010594429278105,-0.0058315004451935382,0.55000000000000004,0.0045910942486331319,BTC,0.20000000000000001,True,2,5,1428,-0.009536629254077722,0.55459109424863318,0.90165871965247346,0.55106652621995389,0.90000000000000002,0.99992684447046876,,64388f35ab5210275389ba7bb78dd05da1d0a07ba8710c3857d2fb986f4a20a5,7.4834580142050982,-0.0058315004451935382,0.55000000000000004,0.0045910942486331319,BTC,0.20000000000000001,True,0,0,1428,-0.009536629254077722,0.55459109424863318,0.90165871965247346,0.55106652621995389,0.90000000000000002,0.99999040437394515,,ab068e58f3be3cb63baf764299624d4a1f2daa3bbc908931c73368904370c4ad,6.0697055477648973
1429,2024-11-30,2024-12-01,bull,0.0082536613498992994,0.0045368642797931624,0.55000000000000004,0.0026374897304627387,BTC,0.20000000000000001,True,2,5,1429,0.0074273253861005806,0.54736251026953731,0.89903732224572375,0.54761775711846072,0.90000000000000002,0.99992684447046876,,37f38afcdb4baf51634478fbb2051254932eea46377685d72521f2959da4e096,7.5319806877523661,0.0045368642797931624,0.55000000000000004,0.0026374897304627387,BTC,0.20000000000000001,True,0,0,1429,0.0074273253861005806,0.54736251026953731,0.89903732224572375,0.54761775711846072,0.90000000000000002,0.99999039415851765,,ee8b04b25515169004785ad7107faf6271462fadc9ac2fa621f0955f67dbfb7d,6.0111117698252201
1430,2024-12-01,2024-12-02,bull,-0.013938070850831199,-0.0076679569287447791,0.55000000000000004,0.002033549856580219,BTC,0.20000000000000001,True,0,5,1430,-0.012544991868458255,0.55203354985658026,0.90073735225129103,0.54761779043224856,0.90000000000000002,0.99999844663983661,,7d21e37a99d6994e88a59a1c73f63aa3ebf9c5dbc9a8bfe72f9f37ef4c85876c,6.5288782268762589,-0.0076679569287447791,0.55000000000000004,0.002033549856580219,BTC,0.20000000000000001,True,0,0,1430,-0.012544991868458255,0.55203354985658026,0.90073735225129103,0.54761779043224856,0.90000000000000002,0.99999844663983661,,fedc31de686df65aa4e39f97aae315766b35241b990d7f679d4df5ab98fa915d,6.0856601409614086
1431,2024-12-02,2024-12-03,bull,0.00054357692395959995,0.00014806232696829014,0.45000000000000001,0.096523678193618567,ABSTAIN,0.20000000000000001,True,0,5,1431,-4.9866588449076765e-05,0.54652367819361858,0.89872963786573501,0.43452222677089908,0.55000000000000004,0.5,,7d7e36a05681c190135e0ff8c073a8bf54f779040063784fe084bc4973180976,6.4215816352516413,0.00029548994706463105,0.55000000000000004,0.003476321806381466,BTC,0.20000000000000001,True,0,0,1431,0.0004879482479436259,0.54652367819361858,0.89872963786573501,0.54761778141671935,0.90000000000000002,0.99999626744061965,,bbccba4500e9a2873d262509c2a2b481042824af615497c8f731ffa8313a3c9d,6.035626195371151
1432,2024-12-03,2024-12-04,bull,0.028541575641797001,0.01284357280891113,0.45000000000000001,0.00013450238810258641,ABSTAIN,0.20000000000000001,True,0,5,1432,0.012742288445410033,0.4501345023881026,0.55013449507904832,0.43452223239876142,0.45000000000000001,0.5,,42b27d98a358e33154d1dff7fa5ed35c286cf85a191ca89df3ce3c9f12c7ea97,6.4122182764112949,0.015697729996623444,0.55000000000000004,0.00013449507904828018,BTC,0.20000000000000001,True,0,0,1432,0.025687367923552529,0.55013449507904832,0.90004889800131394,0.54761778591900923,0.90000000000000002,0.9999973557168792,,57364a6ac42c5064935cd216b66f53cd199894e37e48087c80e1715fc0d953a6,6.1147593073546886
1433,2024-12-04,2024-12-05,bull,-0.0168802807905446,-0.0093763163093278923,0.55000000000000004,0.09302553798942137,BTC,0.20000000000000001,True,0,5,1433,-0.013842617876505425,0.45697446201057867,0.45697446201057867,0.54761779462213145,0.80000000000000004,0.99999945940233781,,e4342c45e9a2d2975a4787b1b6c7d4ed22edca4e9083c0e5a1cdeebd85a5b1b1,7.1708671487867832,-0.009291044728225839,0.55000000000000004,0.0069548634526234165,BTC,0.20000000000000001,True,0,0,1433,-0.015194719073842289,0.55695486345262346,0.90250440998152859,0.54761779462213145,0.90000000000000002,0.99999945940233781,,6c6c9d33e5d4fbc511dbeb7f7caa16864cd7c19cd235c96c9b617808e906bd60,6.0449642613530159
1434,2024-12-05,2024-12-06,bull,0.028770516485374799,0.012849709362788397,0.45000000000000001,0.095782979030403725,ABSTAIN,0.20000000000000001,True,0,5,1434,0.012594974324879216,0.54578297903040374,0.79726218297743767,0.43452220973955019,0.45000000000000001,0.5,,7945aba761e4d9b67863a92e367ea37ab0e35221f210346d0c0346fc9185ca9a,6.3980078566819429,0.015819500316757384,0.55000000000000004,0.0042170209695963079,BTC,0.20000000000000001,True,0,0,1434,0.025891882230200114,0.54578297903040374,0.89845733822126006,0.54761776779164018,0.90000000000000002,0.99999297403831322,,cc9f25cc152983b275d61a4f5385f7862ddb3a0ba58489e221f8918e6ebe4eb6,6.1282087992876768
1435,2024-12-06,2024-12-07,bull,0.00076483023876120003,0.00032764721403988339,0.55000000000000004,0.092970308702087889,BTC,0.20000000000000001,True,0,5,1435,0.00026868403105639871,0.45702969129791216,0.45702969129791216,0.54761778521621474,0.80000000000000004,0.99999718583998864,,6bf0c81b6fdc2d7cd883fc94122a9a785c5b16e5cc4d33e81358bdff23e0d6cc,6.5229493416845798,0.00041364390104736692,0.55000000000000004,0.0070097815603625824,BTC,0.20000000000000001,True,0,0,1435,0.00068582148590645708,0.55700978156036263,0.90252399159604313,0.54761778521621474,0.90000000000000002,0.99999718583998864,,4738c1024edf5f321413befd59c9c9e9f38deae6b01db36a6ddad293d6212d9a,6.0427784994244576
1436,2024-12-07,2024-12-08,bull,0.0128088784719091,0.0070446926106568775,0.55000000000000004,0.0001892158891748652,BTC,0.20000000000000001,True,0,5,1436,0.011426961533514302,0.55018921588917491,0.80012229800842993,0.54761779115624365,0.90000000000000002,0.99999862164116682,,580bff85f04896c629ff5770200a40d47b7a94277cb30b26794bde9b37374e7a,7.0721223652362823,0.0070446926106568775,0.55000000000000004,0.0001892158891748652,BTC,0.20000000000000001,True,0,0,1436,0.011527921044365952,0.55018921588917491,0.90006878737189278,0.54761779115624365,0.90000000000000002,0.99999862164116682,,39db9ed7b3d6ad63f5f7341acdec50adcbf6e950ffe169838f235b468aef5905,6.0748503673821688
1437,2024-12-08,2024-12-09,bull,-0.037149486034823397,-0.020435301018113194,0.55000000000000004,0.0031480199887925497,BTC,0.20000000000000001,True,2,5,1437,-0.033435638988361105,0.55314801998879259,0.90113966106045174,0.54761779360882912,0.90000000000000002,0.99999921447074303,,0563ec93f41bca959220fa6c840a74909811ba64136e1213ebff7a8ebf892d83,8.042663523927331,-0.020435301018113194,0.55000000000000004,0.0031480199887925497,BTC,0.20000000000000001,True,0,0,1437,-0.033435638988361105,0.55314801998879259,0.90113966106045174,0.54761779360882912,0.90000000000000002,0.99999921447074303,,da3c8642574990a8b500a0c36675392144e0eab5a18d481113de77a465220ddb,5.9132139682769775
1438,2024-12-09,2024-12-10,bull,-0.0077968845329776998,-0.0042976325223914591,0.55000000000000004,0.0093862803127882088,BTC,0.20000000000000001,True,0,5,1438,-0.0070206309138439726,0.54061371968721184,0.89654089260105696,0.54761774374860717,0.90000000000000002,0.99998716244845764,,e5c1c3f3aed58383fe7fa40f05546d96df602be80afc116a8325d74c81118b61,7.1419364921748638,-0.0042976325223914591,0.55000000000000004,0.0093862803127882088,BTC,0.20000000000000001,True,0,0,1438,-0.0070206309138439726,0.54061371968721184,0.89654089260105696,0.54761774374860717,0.90000000000000002,0.99998716244845764,,fdb4c2cdcf70898b516b024aa230570afc3aa4a2361c4fda9795c2ab3481776c,6.129086084663868
1439,2024-12-10,2024-12-11,bull,0.046851821371154997,0.025766513773961552,0.55000000000000004,0.0019380397917742043,BTC,0.20000000000000001,True,0,5,1439,0.042165902757272056,0.54806196020822584,0.89929332149036467,0.54761756258157668,0.90000000000000002,0.99994337145287904,,74448fd27220c8179f5285110a92ac51d6cb56c31ada9af80a40d8eefc25a48a,7.1052100360393524,0.025766513773961552,0.55000000000000004,0.0019380397917742043,BTC,0.20000000000000001,True,0,0,1439,0.042165902757272056,0.54806196020822584,0.89929332149036467,0.54761756258157668,0.90000000000000002,0.99994337145287904,,9ceb783d205d60556ac335ca4c24f8db6e1398ec8fd988478b43b906b3592e10,5.9424402080476284
1440,2024-12-11,2024-12-12,bull,-0.0110386823592699,-0.0060825111898284989,0.55000000000000004,0.011304525114127828,BTC,0.20000000000000001,True,0,5,1440,-0.0099388199819013812,0.56130452511412787,0.90404605536644622,0.54761774389220474,0.90000000000000002,0.99998719715803985,,520affddda97ebb8fe4c4c2d7c7fee438d7d471ed1fe35daee1686a0fbfd9951,7.0875678434967995,-0.0060825111898284989,0.55000000000000004,0.011304525114127828,BTC,0.20000000000000001,True,0,0,1440,-0.0099388199819013812,0.56130452511412787,0.90404605536644622,0.54761774389220474,0.90000000000000002,0.99998719715803985,,e02ef4049220360eb3c2f6132624eeef1b016c134e001bc2bb0fdeee7ca070d3,6.0986351873725653
1441,2024-12-12,2024-12-13,bull,0.0141615980017979,0.007786108728834451,0.55000000000000004,0.0027487623770380276,BTC,0.20000000000000001,True,0,5,1441,0.012744421961695007,0.54725123762296202,0.8989965494934008,0.54761767908495673,0.90000000000000002,0.99997153219811796,,e3d75d564e41c61589a2fd3f1c3d13f4a6931a85230b125dae16b61f1fb2e8ec,7.124372836202383,0.007786108728834451,0.55000000000000004,0.0027487623770380276,BTC,0.20000000000000001,True,0,0,1441,0.012744421961695007,0.54725123762296202,0.8989965494934008,0.54761767908495673,0.90000000000000002,0.99997153219811796,,fc032e3e4469155b3ef4690e75d5deceb6ba89dded6dcf3f47c3b2ff9734f0a2,5.9119399040937424
1442,2024-12-13,2024-12-14,bull,-8.3804776280671498e-05,-4.9570373161222925e-05,0.55000000000000004,0.0034779065127880093,BTC,0.20000000000000001,True,5,5,1442,-7.6682707370601122e-05,0.55347790651278805,0.90125850363979432,0.54761769623699252,0.90000000000000002,0.99997567812250865,,fe553f008881c64e6f85fdf40e3caab3f88604a7ff505fb6217b66db34448d98,9.8639879636466503,-4.9570373161222925e-05,0.55000000000000004,0.0034779065127880093,BTC,0.20000000000000001,True,0,0,1442,-7.6682707370601122e-05,0.55347790651278805,0.90125850363979432,0.54761769623699252,0.90000000000000002,0.99997567812250865,,5e2e3da0914fef10f2f2edc4122c3b832168c1d2b8878a72126f002a207addb7,6.0778557751327753
1443,2024-12-14,2024-12-15,bull,0.029830098690859699,0.016406533197019346,0.55000000000000004,2.0742638212167819e-05,BTC,0.20000000000000001,True,0,5,1443,0.026847081076267543,0.54997925736178788,0.89999245700120933,0.54761769551843353,0.90000000000000002,0.99997550443530225,,ef4167f39bc96a17966fa2b13df9b0f0c42b7bcb648a9a66e7fd3f76b2c9cf8e,7.1531278379261494,0.016406533197019346,0.55000000000000004,2.0742638212167819e-05,BTC,0.20000000000000001,True,0,0,1443,0.026847081076267543,0.54997925736178788,0.89999245700120933,0.54761769551843353,0.90000000000000002,0.99997550443530225,,fd7a8a1d6c3e9d52f49bfc5971df1774fca813119575b61d95e1c91e7a634424,6.0203135591000319
1444,2024-12-15,2024-12-16,bull,0.0154591499669676,0.0084952069454491408,0.55000000000000004,0.0072637758925294671,BTC,0.20000000000000001,True,0,5,1444,0.013910584077165833,0.55726377589252951,0.90261451671958082,0.54761775862423878,0.90000000000000002,0.99999075812905081,,4aedfd4991f84619769909edc4fc22405f75dba3afaa7098c47b47d3fa28d347,7.0346010718494654,0.0084952069454491408,0.55000000000000004,0.0072637758925294671,BTC,0.20000000000000001,True,0,0,1444,0.013910584077165833,0.55726377589252951,0.90261451671958082,0.54761775862423878,0.90000000000000002,0.99999075812905081,,e46f2fe39d7d0667089fdd5f61653aef8746d64b6dfd5672a32e8336d1cb62a3,6.1290899720042944
1445,2024-12-16,2024-12-17,bull,0.00076656458377329995,0.00041781503952287302,0.55000000000000004,0.0037938820117869865,BTC,0.20000000000000001,True,0,5,1445,0.00068853494736220711,0.55379388201178703,0.90137223132023514,0.54761778531848204,0.90000000000000002,0.99999721055967195,,824c45ee41c7210fcad3b76e72415b6df9a87a62cd58388ec11f6ee9a993878b,7.0335207898169756,0.00041781503952287302,0.55000000000000004,0.0037938820117869865,BTC,0.20000000000000001,True,0,0,1445,0.00068853494736220711,0.55379388201178703,0.90137223132023514,0.54761778531848204,0.90000000000000002,0.99999721055967195,,3e1fb309190b8f1eb4a6858f171a93b9b73c19c0a3603010c5565b2a74c302b6,5.8925413452088833
1446,2024-12-17,2024-12-18,bull,-0.055974765142657298,-0.030786304634812689,0.55000000000000004,0.00018964477825023085,BTC,0.20000000000000001,True,1,5,1446,-0.050377354098465665,0.55018964477825028,0.90006894324803277,0.54761779072327577,0.90000000000000002,0.99999851698578801,,1f9c422716866909ac03d1ed2b923cf0cff6155976f0e21250ba8e94c0805af3,7.4007467068731785,-0.030786304634812689,0.55000000000000004,0.00018964477825023085,BTC,0.20000000000000001,True,0,0,1446,-0.050377354098465665,0.55018964477825028,0.90006894324803277,0.54761779072327577,0.90000000000000002,0.99999851698578801,,4cdaf00e945888ecf566ebe47e11827b93b1741e1c2be7111c49bafb83aa3bec,5.9978188406676054
1447,2024-12-18,2024-12-19,bull,-0.027263073640339398,-0.015008769976188163,0.55000000000000004,0.014293805186373909,BTC,0.20000000000000001,True,2,5,1447,-0.02321727186985667,0.53570619481362614,0.89469502066187645,0.54761743407471097,0.85000000000000009,0.9999123092647948,,6308fcf5626630d4ed12f8493742582d9712f83bde480419030dc42d1cb183aa,8.044750863686204,-0.015008769976188163,0.55000000000000004,0.014293805186373909,BTC,0.20000000000000001,True,0,0,1447,-0.02321727186985667,0.53570619481362614,0.89469502066187645,0.54761743407471097,0.85000000000000009,0.9999123092647948,,6d78109308aca2f948207a610fcbe34b3114d47e074cddde0576f600aeff2f4d,6.0204282682389021
1448,2024-12-19,2024-12-20,bull,0.0033816886076284999,0.001853065663777631,0.55000000000000004,0.0068503292935793159,BTC,0.20000000000000001,True,2,5,1448,0.0028708665824781487,0.54314967070642073,0.84644149468732621,0.54761395102733945,0.85000000000000009,0.999070401174041,,edaf7e937f7905d0f0ab7bb8684762b9115bafefe8cdbd8f60f917bbc73a6a98,7.9696769416332245,0.001853065663777631,0.55000000000000004,0.0068503292935793159,BTC,0.20000000000000001,True,0,0,1448,0.0028708665824781487,0.54314967070642073,0.84644149468732621,0.54761395102733945,0.85000000000000009,0.999070401174041,,9a4f7391d8661dc53025642e44bfc309d3f67d36254e1e4f3839f9f6b592baf7,6.0348383076488972
1449,2024-12-20,2024-12-21,bull,-0.0055462561237353998,-0.0030512737337927698,0.55000000000000004,0.00083541411966203682,BTC,0.20000000000000001,True,5,5,1449,-0.0047147456078437955,0.55083541411966208,0.85042992949295459,0.54761291781154964,0.85000000000000009,0.99882065638898565,,6fec847ae16df7b0aec0932ee976ca4434fcbadf4af4e5b0a9fdcad7e845668f,9.940678808838129,-0.0030512737337927698,0.55000000000000004,0.00083541411966203682,BTC,0.20000000000000001,True,0,0,1449,-0.0047147456078437955,0.55083541411966208,0.85042992949295459,0.54761291781154964,0.85000000000000009,0.99882065638898565,,1105996940059e4e66403e14aa4342c940b4b3f5da73276214dd71c082b3f728,6.007983909919858
1450,2024-12-21,2024-12-22,bull,-0.021279483575364501,-0.0096734463184753317,0.45000000000000001,0.098623101461803475,ABSTAIN,0.20000000000000001,True,0,5,1450,-0.010985314940397783,0.54862310146180349,0.84928950283485871,0.43450078925518038,0.5,0.5,,079d0068cc09a20efb261f9b68de75d362fe1bee1425b200d142910334c46712,6.2600429374724627,-0.0096734463184753317,0.45000000000000001,0.098623101461803475,ABSTAIN,0.20000000000000001,True,0,0,1450,-0.010985314940397783,0.54862310146180349,0.84928950283485871,0.43450078925518038,0.5,0.5,,4459a05d225dba82428e751f6fd304ac177b89ec483249c2637d11ba5387ef16,5.2945803944021463
1451,2024-12-22,2024-12-23,bull,-0.0034848367054056001,-0.0015734857707214722,0.45000000000000001,0.0053175922121653785,ABSTAIN,0.20000000000000001,True,0,5,1451,-0.0016127294591656849,0.44468240778783463,0.49462291834578676,0.43437689105228111,0.45000000000000001,0.5,,dd673648ba29bb42c5f69736b11eee7b2644614fb4b6c508c4093b1992afdb69,6.4264299236238003,-0.0015734857707214722,0.45000000000000001,0.0053175922121653785,ABSTAIN,0.20000000000000001,True,0,0,1451,-0.0016127294591656849,0.44468240778783463,0.49462291834578676,0.43437689105228111,0.45000000000000001,0.5,,160c837ad511b300755afabd8cd1c0813b8ca444a1dcb35262d4fd46a837dec9,5.2647389285266399
1452,2024-12-23,2024-12-24,bull,0.040231054452141798,0.018103095012557135,0.45000000000000001,0.00086385175662712088,ABSTAIN,0.20000000000000001,True,0,5,1452,0.018103095012557135,0.44913614824337289,0.44913614824337289,0.43438925699555192,0.45000000000000001,0.5,,15f2a250dca2cb033c07cecb27818ad17b26eb861d78149423b6cca0ec0f0c9c,6.4102381691336632,0.018103095012557135,0.45000000000000001,0.00086385175662712088,ABSTAIN,0.20000000000000001,True,0,0,1452,0.018103095012557135,0.44913614824337289,0.44913614824337289,0.43438925699555192,0.45000000000000001,0.5,,34adfeb1bf61d834a7152d25824a574d1466697ee029406802436ec6f9582020,5.3806870244443417
1453,2024-12-24,2024-12-25,bull,0.0073296232520945002,0.0039407092127381471,0.55000000000000004,0.090219873189512689,BTC,0.20000000000000001,True,0,5,1453,0.005521483781691261,0.45978012681048736,0.45978012681048736,0.54759146250265567,0.80000000000000004,0.9936345874314636,,1caef32f74c216db53c8f810a413779f4b6aecc40c863992832d970260cee402,7.145758667960763,0.0039407092127381471,0.55000000000000004,0.090219873189512689,BTC,0.20000000000000001,True,0,0,1453,0.005521483781691261,0.45978012681048736,0.45978012681048736,0.54759146250265567,0.80000000000000004,0.9936345874314636,,81d35a4f2ddf87a50fc1a94728a646968e6076df4c9fc52a08d5384b3f1fa707,5.9689041282981634
1454,2024-12-25,2024-12-26,bull,-0.036357306927266297,-0.019998289478348807,0.55000000000000004,0.0018067980230526137,BTC,0.20000000000000001,True,5,5,1454,-0.032817176323891806,0.55180679802305266,0.80116590321528203,0.54761061948296086,0.90000000000000002,0.99826511623903158,,544399a235b5a0d7d289bc7f53938e08861d8e12397b2679d330306e552ce4c2,9.8331156671047211,-0.019998289478348807,0.55000000000000004,0.0018067980230526137,BTC,0.20000000000000001,True,0,0,1454,-0.032817176323891806,0.55180679802305266,0.80116590321528203,0.54761061948296086,0.90000000000000002,0.99826511623903158,,7740685825830379d1519c0acfbcc8e2fb4b4ffff9c3889580e5e700ec97f6ff,6.1599775440990925
1455,2024-12-26,2024-12-27,bull,-0.015680059136939001,-0.0086331353814315115,0.55000000000000004,0.0091820423470044821,BTC,0.20000000000000001,True,0,5,1455,-0.014115388334089651,0.54081795765299556,0.89661715019888899,0.54756692519066419,0.90000000000000002,0.98770362726442196,,b17d8828120f2c9bec85845726f20ed73c43e91c1c6f938212591320cfc3625a,6.9925399590283632,-0.0086331353814315115,0.55000000000000004,0.0091820423470044821,BTC,0.20000000000000001,True,0,0,1455,-0.014115388334089651,0.54081795765299556,0.89661715019888899,0.54756692519066419,0.90000000000000002,0.98770362726442196,,66736faf362c5895946c1009d7b07363edab6edbfb7628e09b143ff0e1d7b6a1,5.9476018343120813
1456,2024-12-27,2024-12-28,bull,0.0106983863320317,0.0047177258419113244,0.45000000000000001,0.096085425949674785,ABSTAIN,0.20000000000000001,True,0,5,1456,0.0055334928711903153,0.5460854259496748,0.89856859460860805,0.43417229513032501,0.55000000000000004,0.5,,b807d659519f76151a1925f7f4e467353d10a1af61a06abeb6dd0211c5fc92a3,6.3799617532640696,0.0047177258419113244,0.45000000000000001,0.096085425949674785,ABSTAIN,0.20000000000000001,True,0,0,1456,0.0055334928711903153,0.5460854259496748,0.89856859460860805,0.43417229513032501,0.55000000000000004,0.5,,220dcd33297586736e586ce982181562a1e03010942689c4e214f865e37335e2,5.3935495037585497
1457,2024-12-28,2024-12-29,bull,-0.016458080800130101,-0.007408752007888042,0.45000000000000001,0.0026351642150085897,ABSTAIN,0.20000000000000001,True,0,5,1457,-0.0075080086123001655,0.4526351642150086,0.55263236150598183,0.43437564897420061,0.45000000000000001,0.5,,f421c6d3cfdc7be7248bf4a08a200b01ee5b051aa625b40f666eabd1458cdfc7,6.4265498481690884,-0.007408752007888042,0.45000000000000001,0.0026351642150085897,ABSTAIN,0.20000000000000001,True,0,0,1457,-0.0075080086123001655,0.4526351642150086,0.55263236150598183,0.43437564897420061,0.45000000000000001,0.5,,4165d1020fccb7a17a3372d99ea978a0217f191aaff8b1aac3a9e65fce25fc25,5.2337290924042463
1458,2024-12-29,2024-12-30,bull,-0.0099929254569376003,-0.0045009017697941189,0.45000000000000001,0.0041037680639035568,ABSTAIN,0.20000000000000001,True,0,5,1458,-0.0045009017697941189,0.44589623193609645,0.44589623193609645,0.43332974362154769,0.45000000000000001,0.5,,ae63ac46e0c281c84ac4672417e8b55f22a76b4c39f67486061df34b5a6e72e9,6.3919125534594059,-0.0045009017697941189,0.45000000000000001,0.0041037680639035568,ABSTAIN,0.20000000000000001,True,0,0,1458,-0.0045009017697941189,0.44589623193609645,0.44589623193609645,0.43332974362154769,0.45000000000000001,0.59999999999999998,,0bf6dc6d5d8496c7e53118e12fa0af97c8d9244872556b483c850885ae1b0206,5.3219251912087202
1459,2024-12-30,2024-12-31,bull,0.0083789790450074994,0.0037680467816070262,0.45000000000000001,0.0024844210359893926,ABSTAIN,0.20000000000000001,True,0,5,1459,0.0037680467816070262,0.44751557896401062,0.44751557896401062,0.43259059735725047,0.45000000000000001,0.5,,0b88e483955f9381fddd9bc0a9a2c9328d9f55a722d0cdcb7c768a84941adc87,6.2684860210865736,0.0037680467816070262,0.45000000000000001,0.0024844210359893926,ABSTAIN,0.20000000000000001,True,0,0,1459,0.0037680467816070262,0.44751557896401062,0.44751557896401062,0.43259059735725047,0.45000000000000001,0.59999999999999998,,665b60bb25979d10649e6225ff94aee8ad968c608b15af68818b8070a8a27904,5.2363754007965326
1460,2024-12-31,2025-01-01,bull,0.0107207141727199,0.0048222454032913475,0.45000000000000001,0.0020660073491111652,ABSTAIN,0.20000000000000001,True,0,5,1460,0.0048222454032913475,0.45206600734911118,0.45206600734911118,0.42864174857908749,0.45000000000000001,0.5,,de4e4a1ae23be1fe4cebc1e65945918b9c3f5da68f7329e290be567ddb1b4670,6.2931885831058025,0.0048222454032913475,0.45000000000000001,0.0020660073491111652,ABSTAIN,0.20000000000000001,True,0,0,1460,0.0048222454032913475,0.45206600734911118,0.45206600734911118,0.42864174857908749,0.45000000000000001,0.56999999999999995,,f7f7c2a2efff04e14978b667e6ce11e0ccde5945d9a86b140c57c06ff1037199,5.3746335748583078
1461,2025-01-01,2025-01-02,bull,0.0253785419235577,0.011417673071139056,0.45000000000000001,0.002640637473931895,ABSTAIN,0.20000000000000001,True,0,5,1461,0.011417673071139056,0.45264063747393191,0.45264063747393191,0.42840478860355963,0.45000000000000001,0.5,,47f611d47677ca12c8a64148db979ca23abc965d87c0a6ad6f85a4d985450c62,6.3944488558918238,0.011417673071139056,0.45000000000000001,0.002640637473931895,ABSTAIN,0.20000000000000001,True,0,0,1461,0.011417673071139056,0.45264063747393191,0.45264063747393191,0.42840478860355963,0.45000000000000001,0.59999999999999998,,529a3f4202257c7ba79440718aae17d6f8808df661761b328084fd60817ae10c,5.234266247600317
1462,2025-01-02,2025-01-03,bull,0.0124535891089108,0.0067550418653095079,0.55000000000000004,0.093789734244345779,BTC,0.20000000000000001,True,0,5,1462,0.0096156564200122752,0.45621026575565427,0.45621026575565427,0.54267798967991809,0.80000000000000004,0.9634721777608346,,6f2e4afeaaed29c745d4e6fa5a13d36f66904b4e3de65102935fe8746b034cbf,7.1219339407980442,0.0067550418653095079,0.55000000000000004,0.093789734244345779,BTC,0.20000000000000001,True,0,0,1462,0.0096156564200122752,0.45621026575565427,0.45621026575565427,0.54267798967991809,0.80000000000000004,0.9634721777608346,,8589e01a8fdceccf1fbf9e20524390bf6717070c0178a1c19ab19fc84c57cb43,6.1774414964020252
1463,2025-01-03,2025-01-04,bull,0.00053378154684579997,0.00013711564553897659,0.45000000000000001,0.10306129504361755,ABSTAIN,0.20000000000000001,True,0,5,1463,-3.5162738688976347e-05,0.55306129504361756,0.80197291832608297,0.42832957124544901,0.5,0.5,,74274c980449e4500ef5dcf1d3b04ddf473b46632a0f04f47b6de1a0afffe450,6.4124989174306393,0.00013711564553897659,0.45000000000000001,0.10306129504361755,ABSTAIN,0.20000000000000001,True,0,0,1463,-3.5162738688976347e-05,0.55306129504361756,0.80197291832608297,0.42832957124544901,0.5,0.5,,b9f7b16b569ec337cdbe12b7c4c1df682a14b85f51fda66c5c6f11b571e59c50,5.2111774291843176
1464,2025-01-04,2025-01-05,bull,0.0013011619844858001,0.00061569970128627638,0.55000000000000004,0.099867920792805209,BTC,0.20000000000000001,True,0,5,1464,0.00075573414845298004,0.45013207920719484,0.50013340978087184,0.54265428331306897,0.85000000000000009,0.991928399430685,,b90b7afb71a265c0ba793dadaaa7c62c513b8bc2eaa91e9bbdbd2820baa862b7,7.1007991582155228,0.00061569970128627638,0.55000000000000004,0.099867920792805209,BTC,0.20000000000000001,True,0,0,1464,0.00075573414845298004,0.45013207920719484,0.50013340978087184,0.54265428331306897,0.85000000000000009,0.991928399430685,,18702d59d151dd61f1ca856e4ed99a398a9655d3fe7b88406c342a5629b2b80a,6.003402216359973
1465,2025-01-05,2025-01-06,bull,0.0396653912597855,0.017747313572928025,0.45000000000000001,0.10032180729328138,ABSTAIN,0.20000000000000001,True,0,5,1465,0.021509251073219771,0.5503218072932814,0.85016571487441139,0.42832317224821043,0.55000000000000004,0.5,,9b5e7bb48b3bce22322bc491a25399e01f9e3dcc86911847dc8bac0562b3c6b3,6.4004885610193014,0.017747313572928025,0.45000000000000001,0.10032180729328138,ABSTAIN,0.20000000000000001,True,0,0,1465,0.021509251073219771,0.5503218072932814,0.85016571487441139,0.42832317224821043,0.55000000000000004,0.5,,2bd6002d7031ee23ff8bf7589b7bafbe1841ece5f24bf9b3aefb4cbeb745dcb4,5.1979873348027468
1466,2025-01-06,2025-01-07,bull,-0.052019243276442501,-0.028698353667336751,0.55000000000000004,0.090354973844479436,BTC,0.20000000000000001,True,0,5,1466,-0.047141775102980676,0.45964502615552061,0.5596075855841065,0.54265141226072733,0.90000000000000002,0.99537462800008725,,c23d7461f1e375fbd8df95bc9f41c84d0a0b72021f88a1c23bf8af8b5855f633,7.0494210533797741,-0.028698353667336751,0.55000000000000004,0.090354973844479436,BTC,0.20000000000000001,True,0,0,1466,-0.047141775102980676,0.45964502615552061,0.5596075855841065,0.54265141226072733,0.90000000000000002,0.99537462800008725,,fb59e2664ecc2dea4c16162c3023b0098be6af888e157ea7744c55d843d3c4fb,6.08365398645401
1467,2025-01-07,2025-01-08,bull,-0.019222158716927101,-0.0087359671054775268,0.45000000000000001,0.086746033571879322,ABSTAIN,0.20000000000000001,True,0,5,1467,-0.010913627272237436,0.53674603357187933,0.89508831623995033,0.42857344118395518,0.55000000000000004,0.5,,8cae2aa20fc608d3067cd934e9220272dc1caab107e504453aedab937505f62d,6.4251068234443665,-0.0087359671054775268,0.45000000000000001,0.086746033571879322,ABSTAIN,0.20000000000000001,True,0,0,1467,-0.010913627272237436,0.53674603357187933,0.89508831623995033,0.42857344118395518,0.55000000000000004,0.59999999999999998,,72b8338f07edd2e28b0a419430dc858f61f6911afd6087fd337462bfad064f03,5.2775637432932854
1468,2025-01-08,2025-01-09,bull,-0.026579261275779299,-0.011965409170367369,0.45000000000000001,0.0047989954559910508,ABSTAIN,0.20000000000000001,True,0,5,1468,-0.012054720699316457,0.44520100454400896,0.54519168127139106,0.42877963368257321,0.45000000000000001,0.5,,5d860d7565156899680af94599056387faf91df22394eb9cee7341f99b1ac6f3,6.3083799984306097,-0.011965409170367369,0.45000000000000001,0.0047989954559910508,ABSTAIN,0.20000000000000001,True,0,0,1468,-0.012054720699316457,0.44520100454400896,0.54519168127139106,0.42877963368257321,0.45000000000000001,0.62679351420517815,,e8c621e518fb5765e1683a15969d76e6433792805066659cf9238e4609d926af,6.4245973508805037
1469,2025-01-09,2025-01-10,mix,0.023603897998482899,0.010615025378358567,0.45000000000000001,0.0066580013060854037,ABSTAIN,0.050000000000000003,True,0,5,1469,0.010615025378358567,0.44334199869391461,0.44334199869391461,0.42910852237585889,0.45000000000000001,0.77006992340303082,,8301815f864d2701d6bdcf0b0bd61a60d0b76594aca9456c91637494f228d6ad,7.7187281046062708,0.010615025378358567,0.45000000000000001,0.0066580013060854037,ABSTAIN,0.050000000000000003,True,0,0,1469,0.010615025378358567,0.44334199869391461,0.44334199869391461,0.42910852237585889,0.45000000000000001,0.5,,33db63f46439d48473cff0b2b31ae36556876428d6781672f0c2f51b215ea63a,5.2281670738011599
1470,2025-01-10,2025-01-11,mix,-0.0011834369500476,-0.00053832411411547376,0.45000000000000001,0.0057805650144855947,ABSTAIN,0.050000000000000003,True,0,5,1470,-0.00053832411411547376,0.45578056501448561,0.45578056501448561,0.42902557645657569,0.45000000000000001,0.75,,85679a16ef113c38b9740f39a84bd11651d137eebd179b67ea6ecb656b68eed7,6.2641687318682671,-0.00053832411411547376,0.45000000000000001,0.0057805650144855947,ABSTAIN,0.050000000000000003,True,0,0,1470,-0.00053832411411547376,0.45578056501448561,0.45578056501448561,0.42902557645657569,0.45000000000000001,0.56439989420954473,,0206562b3ba2ffaef83dc2902f6d5e596f322e7bc8c6f945b15aae1b41271134,5.9153125248849392
1471,2025-01-11,2025-01-12,mix,-0.00074197776180600001,-0.00033418295167542134,0.45000000000000001,0.00029305671150015034,ABSTAIN,0.050000000000000003,True,0,5,1471,-0.00033418295167542134,0.44970694328849986,0.44970694328849986,0.42892358769549871,0.45000000000000001,0.5911558543972143,,17183b275ffe540013355900ba1119b75c6679e1da1657e9a63ebd47105525cd,7.702113525941968,-0.00033418295167542134,0.45000000000000001,0.00029305671150015034,ABSTAIN,0.050000000000000003,True,0,0,1471,-0.00033418295167542134,0.44970694328849986,0.44970694328849986,0.42892358769549871,0.45000000000000001,0.61600271245096216,,d3db185f4fe4ca00ab0bf88bdb284bebd90c39ae93a3c1685f6fb52404d827ba,6.4225790649652481
1472,2025-01-12,2025-01-13,mix,-6.029079200942089e-05,-2.7314552252133417e-05,0.45000000000000001,0.00018370083191643349,ABSTAIN,0.050000000000000003,True,0,5,1472,-2.7314552252133417e-05,0.44981629916808358,0.44981629916808358,0.42907812513947352,0.45000000000000001,0.75,,331bcbc3d0de81d716f9007475bf539838a4dc9296c5228a78b1e722d8dc4a3d,6.2796566430479288,-2.7314552252133417e-05,0.45000000000000001,0.00018370083191643349,ABSTAIN,0.050000000000000003,True,0,0,1472,-2.7314552252133417e-05,0.44981629916808358,0.44981629916808358,0.42907812513947352,0.45000000000000001,0.74136254300801852,,41126ff4f1b61781ffe39d1f9f05aef63e4dde26e18daff707e3c1697fcf117a,5.7992162965238094
1473,2025-01-13,2025-01-14,bull,0.0212194071894229,0.0095487181703748369,0.45000000000000001,1.4922375879189431e-05,ABSTAIN,0.20000000000000001,True,0,5,1473,0.0095487181703748369,0.44998507762412082,0.44998507762412082,0.42880820740687958,0.45000000000000001,0.5,,45be92cd9e42e764c0a57e11bb308846dbcf616d207b7ac489703cae9ea401dd,6.3891452811658382,0.0095487181703748369,0.45000000000000001,1.4922375879189431e-05,ABSTAIN,0.20000000000000001,True,0,0,1473,0.0095487181703748369,0.44998507762412082,0.44998507762412082,0.42880820740687958,0.45000000000000001,0.63043528864893994,,27226d259e58eafd34f75c56e5bd23b9a3b6b21c39a1f487633110bc5caf965e,5.7084053382277489
1474,2025-01-14,2025-01-15,bull,0.0409945505639508,0.018442249657712573,0.45000000000000001,0.0052021295322237648,ABSTAIN,0.20000000000000001,True,0,5,1474,0.018442249657712573,0.45520212953222378,0.45520212953222378,0.42876147179535989,0.45000000000000001,0.5,,441137be9946a02a2e8b56f5334e67029be7dd06464cd362b4786c393ef36265,6.2646333295851946,0.018442249657712573,0.45000000000000001,0.0052021295322237648,ABSTAIN,0.20000000000000001,True,0,0,1474,0.018442249657712573,0.45520212953222378,0.45520212953222378,0.42876147179535989,0.45000000000000001,0.62348493448178877,,31c28356bfd58c851218ac11b3e2d212e2e5eb6e0d0c0c66121ed71339d860b3,6.4733160473406315
1475,2025-01-15,2025-01-16,bull,-0.0049283680166526999,-0.0022277058832611552,0.45000000000000001,0.0099623699688369816,ABSTAIN,0.20000000000000001,True,0,5,1475,-0.0022277058832611552,0.45996236996883699,0.45996236996883699,0.42849516417358091,0.45000000000000001,0.5,,655afc6844c91ee15134f1c4246c2ebbdd7e407d2ebf522fa6a7d59e230bf55d,6.3625586647540331,-0.0022277058832611552,0.45000000000000001,0.0099623699688369816,ABSTAIN,0.20000000000000001,True,0,0,1475,-0.0022277058832611552,0.45996236996883699,0.45996236996883699,0.42849516417358091,0.45000000000000001,0.59999999999999998,,1b12c75f3dcb8a81e9f4e9d978c3dcedb1378b8e6c8049841d1d7493ab5134b1,5.2458707429468632
1476,2025-01-16,2025-01-17,bull,0.040802163902624297,0.018359728827953115,0.45000000000000001,0.0012224822632407317,ABSTAIN,0.20000000000000001,True,0,5,1476,0.018359728827953115,0.44877751773675928,0.44877751773675928,0.42864202102036941,0.45000000000000001,0.5,,47dd8bc130c87df788a0f9397095df23ed39f862dd9653e8eb840cc8e286690c,6.3686376586556435,0.018359728827953115,0.45000000000000001,0.0012224822632407317,ABSTAIN,0.20000000000000001,True,0,0,1476,0.018359728827953115,0.44877751773675928,0.44877751773675928,0.42864202102036941,0.45000000000000001,0.5707687579209666,,058c1a926367c08b8ee40000a73b4c1251dbe93e475f8ec4be0d793a697a1e0f,5.8288990166038275
1477,2025-01-17,2025-01-18,bull,0.0043426087741833003,0.0022981361268452627,0.55000000000000004,0.090083540290579411,BTC,0.20000000000000001,True,0,5,1477,0.0031328219992432516,0.45991645970942063,0.45991645970942063,0.54270131500372409,0.80000000000000004,0.80000000000000004,,545f8b1bd5a7b67d4966305dffe4e5a535dbfa0de775e1c3f9d3c5d2d4d65919,5.9966866318136454,0.0022981361268452627,0.55000000000000004,0.090083540290579411,BTC,0.20000000000000001,True,0,0,1477,0.0031328219992432516,0.45991645970942063,0.45991645970942063,0.54270131500372409,0.80000000000000004,0.93546580100228505,,c2edf519ebabe9dcf85410d1386762797243aa8590c2eff54e4122e5296c44dc,5.9007163047790527
1478,2025-01-18,2025-01-19,bull,-0.030777648849353599,-0.01692876095137863,0.55000000000000004,0.001072234708890285,BTC,0.20000000000000001,True,0,5,1478,-0.027796440743846462,0.55107223470889033,0.80069241190465945,0.54266849435658593,0.90000000000000002,0.97486794924727205,,891ca70dff6f51d3fe51c8e4db886460676b17c7cb743c120feb6d2474700a86,7.0768531858921051,-0.01692876095137863,0.55000000000000004,0.001072234708890285,BTC,0.20000000000000001,True,0,0,1478,-0.027796440743846462,0.55107223470889033,0.80069241190465945,0.54266849435658593,0.90000000000000002,0.97489999999999999,,099a4ef8fae1b3b70d89b9c978e84681c47a866e076db30a58c67630fbefa254,5.7104150000959635
1479,2025-01-19,2025-01-20,bull,0.0086676306140476,0.0038078225906872376,0.45000000000000001,0.092251365292841669,ABSTAIN,0.20000000000000001,True,0,5,1479,0.0044183908027823904,0.54225136529284168,0.89715109733017817,0.42871521301486781,0.55000000000000004,0.5,,398211190a83e63f7b43cef0ec20629df3f64990279b826c547e54cd1aa9f5d5,6.3795409426093102,0.0038078225906872376,0.45000000000000001,0.092251365292841669,ABSTAIN,0.20000000000000001,True,0,0,1479,0.0044183908027823904,0.54225136529284168,0.89715109733017817,0.42871521301486781,0.55000000000000004,0.59999999999999998,,0527f6f090101f829b6b30d3cfe865d2b9dbe2284ad4d2870f431eaae347a520,5.2212341018021107
1480,2025-01-20,2025-01-21,bull,0.038743533367189199,0.021208994896504851,0.55000000000000004,0.097863096274490913,BTC,0.20000000000000001,True,0,5,1480,0.034509185325586555,0.45213690372550913,0.55213506032415127,0.5429233893023182,0.90000000000000002,0.66885606222331095,,f6b3876f42b3e3e7466d80b52c21f7e309c056843dee5960b1a2156a2f5ef773,7.0942000113427639,0.021208994896504851,0.55000000000000004,0.097863096274490913,BTC,0.20000000000000001,True,0,0,1480,0.034509185325586555,0.45213690372550913,0.55213506032415127,0.5429233893023182,0.90000000000000002,0.66885606222331095,,d97c0faf8c9b85d3b1a43f0370c7d15e8f5335815db11e7f216cacc7a51ca86d,6.0507068578153849
1481,2025-01-21,2025-01-22,bull,-0.0232899888090492,-0.012818762532987305,0.55000000000000004,0.0093889557814974545,BTC,0.20000000000000001,True,0,5,1481,-0.02096428873036571,0.5593889557814975,0.90336942878417192,0.54266435246403333,0.90000000000000002,0.9798422137870606,,6add1279e3dff8e26e6cc905c45765ce6352a350e645e78230d8eed2d1286587,7.0206639971584082,-0.012818762532987305,0.55000000000000004,0.0093889557814974545,BTC,0.20000000000000001,True,0,0,1481,-0.02096428873036571,0.5593889557814975,0.90336942878417192,0.54266435246403333,0.90000000000000002,0.9798422137870606,,f6afc7cd83ce211f6562d6dd61751fd3c5904b1f69941988bad2081352f11b0c,6.0497719030827284
1482,2025-01-22,2025-01-23,bull,0.0021922210391494001,0.0011998754635098585,0.55000000000000004,0.0058390677324184903,BTC,0.20000000000000001,True,0,5,1482,0.0019708537351226241,0.54416093226758155,0.89785902403147289,0.54268058097699634,0.90000000000000002,0.96036062862582183,,b56250a43a57fe1a2bac80d22c35dd8b3975927e5f076f2036c691d9b04e7eb6,7.1723707038909197,0.0011998754635098585,0.55000000000000004,0.0058390677324184903,BTC,0.20000000000000001,True,0,0,1482,0.0019708537351226241,0.54416093226758155,0.89785902403147289,0.54268058097699634,0.90000000000000002,0.96036062862582183,,f5c9944537457412ac3b06ed9eee9e0cd2331959667412344f61a5eafb765b5a,6.1321871392428875
1483,2025-01-23,2025-01-24,bull,0.0091442671257726,0.005028802272363686,0.55000000000000004,0.00054192130098684732,BTC,0.20000000000000001,True,1,5,1483,0.0082296418812584093,0.55054192130098689,0.90019691138756552,0.5426838627157341,0.90000000000000002,0.95642064589330444,,77053017f65676e13fc7d36d2676e55da881a3aafc92ee3498b5b3285d250cdb,7.61368003860116,0.005028802272363686,0.55000000000000004,0.00054192130098684732,BTC,0.20000000000000001,True,0,0,1483,0.0082296418812584093,0.55054192130098689,0.90019691138756552,0.5426838627157341,0.90000000000000002,0.95642064589330444,,dde84638f7753a3a80d83fb1e5bb5f57f9b4081b52cb24d16adb55be92d54187,6.0040703043341637
1484,2025-01-24,2025-01-25,bull,-0.0011386360970531001,-0.00062850032376404741,0.55000000000000004,0.0022518806247463496,BTC,0.20000000000000001,True,2,5,1484,-0.0010255879171604532,0.55225188062474639,0.9008162662999365,0.54266548526147362,0.90000000000000002,0.97848204279568762,,98c632731ff4bb93fb22641d4337bdaea2347e7f8756fd2d174a6aa60020bf3a,8.0604140721261501,-0.00062850032376404741,0.55000000000000004,0.0022518806247463496,BTC,0.20000000000000001,True,0,0,1484,-0.0010255879171604532,0.55225188062474639,0.9008162662999365,0.54266548526147362,0.90000000000000002,0.97848204279568762,,1056ccf94d4c37fdbe074098caad3924f058511e2da6e20c092303f5a65c8320,6.1112260892987251
1485,2025-01-25,2025-01-26,bull,-0.020097782284049601,-0.011054059128212113,0.55000000000000004,0.00028198902960907546,BTC,0.20000000000000001,True,0,5,1485,-0.018088104782506553,0.54971801097039097,0.89989741762767239,0.54265527863710172,0.90000000000000002,0.99073366598801438,,293b79ee820c4b7ad4c448dbb2d63ccd7d44dfd7ac2a02a4f25918092394d00f,7.0352897010743618,-0.011054059128212113,0.55000000000000004,0.00028198902960907546,BTC,0.20000000000000001,True,0,0,1485,-0.018088104782506553,0.54971801097039097,0.89989741762767239,0.54265527863710172,0.90000000000000002,0.99073366598801438,,bfe503dee72d40d42cb5fab3501b6d1300bd048b61e8ae92e50e8e46279eb488,6.0164799392223358
1486,2025-01-26,2025-01-27,bull,-0.0053206518456163001,-0.0029313735955053266,0.55000000000000004,0.0050297994127436185,BTC,0.20000000000000001,True,3,5,1486,-0.0047904199605921516,0.54497020058725643,0.8981578793078856,0.54267479403491925,0.90000000000000002,0.96730634504008961,,25af7fcb202a03ce211bcfabf8505607c23520f4fa3e6a83bbbe7601cf4bfae3,8.644544580951333,-0.0029313735955053266,0.55000000000000004,0.0050297994127436185,BTC,0.20000000000000001,True,0,0,1486,-0.0047904199605921516,0.54497020058725643,0.8981578793078856,0.54267479403491925,0.90000000000000002,0.96730634504008961,,067882b61b23bf7d803e42776350c5e2d27542cf9347e084130d6098725b6f3e,6.1062999926507473
1487,2025-01-27,2025-01-28,bull,-0.0072718937974387996,-0.0040008570325420489,0.55000000000000004,0.001320726250298665,BTC,0.20000000000000001,True,0,5,1487,-0.006545182431382579,0.54867927374970138,0.89951883724434101,0.54270970937529128,0.90000000000000002,0.92538207653970606,,053baf9c79ac603d5588a388f96a1f7cfafbec624713d3478b2c1fb9a17c1660,7.0969347599893808,-0.0040008570325420489,0.55000000000000004,0.001320726250298665,BTC,0.20000000000000001,True,0,0,1487,-0.006545182431382579,0.54867927374970138,0.89951883724434101,0.54270970937529128,0.90000000000000002,0.92538207653970606,,3854fd8d920b23f13529171713a42fa35bce774ea6ed4b0a60e4f67ce9dc46cf,5.9471747316420078
1488,2025-01-28,2025-01-29,bull,0.023411113840943999,0.012874282324143227,0.55000000000000004,0.0018070209703885398,BTC,0.20000000000000001,True,0,5,1488,0.021069329794336511,0.5481929790296115,0.89934121802492806,0.5427271825023825,0.90000000000000002,0.90440161206288316,,93104426d0139f2c531126d424a072c5dedc9e846b01ace2fcadc41398733cfd,7.1623833253979683,0.012874282324143227,0.55000000000000004,0.0018070209703885398,BTC,0.20000000000000001,True,0,0,1488,0.021069329794336511,0.5481929790296115,0.89934121802492806,0.5427271825023825,0.90000000000000002,0.90440161206288316,,ab6c608351231e869cfea08c4a98d3b2a0998af0aed67d2f96a743ab674af1f6,6.1163435056805611
1489,2025-01-29,2025-01-30,bull,0.0096883978326680002,0.0053228677334220542,0.55000000000000004,0.005720591692787047,BTC,0.20000000000000001,True,2,5,1489,0.0087174765345672256,0.55572059169278709,0.9020635218355405,0.5426778947583959,0.90000000000000002,0.96358576669815443,,aa13f6d2f693c3e8035f34a7c1b64e04a99e6b295c82ba12d559e99e710646d1,8.1576080992817879,0.0053228677334220542,0.55000000000000004,0.005720591692787047,BTC,0.20000000000000001,True,0,0,1489,0.0087174765345672256,0.55572059169278709,0.9020635218355405,0.5426778947583959,0.90000000000000002,0.96358576669815443,,222e55e0ba25cc14e5ab2f7ec3d45354675cdc4d1b3fe4861697c62fbd519b44,6.0039394460618496
1490,2025-01-30,2025-01-31,bull,-0.021987665060266198,-0.012095572107593489,0.55000000000000004,0.0023851688082138223,BTC,0.20000000000000001,True,0,5,1490,-0.019789745866808484,0.55238516880821387,0.90086441845801646,0.54267204587561535,0.90000000000000002,0.97060683339633724,,b0018c7473aeef69ffdbf91600a28e1474d1e49664a78bd753075d05e38c2186,7.0613112710416317,-0.012095572107593489,0.55000000000000004,0.0023851688082138223,BTC,0.20000000000000001,True,0,0,1490,-0.019789745866808484,0.55238516880821387,0.90086441845801646,0.54267204587561535,0.90000000000000002,0.97060683339633724,,4519de1b6aa9bf9c83086ecee950d2a531c022f45cbb051e9db1b57c5ac2d896,6.1049843765795231
1491,2025-01-31,2025-02-01,bull,-0.0173416048160492,-0.0095433386721439639,0.55000000000000004,0.0055085633476339435,BTC,0.20000000000000001,True,0,5,1491,-0.015609431665988827,0.5444914366523661,0.89798115951502167,0.53903709095915509,0.90000000000000002,0.8193435238227107,,26b0685601289b2e616d77f4850f10102c50bdcc5ecc127e3a0d4c054f0e8589,7.1688555255532265,-0.0095433386721439639,0.55000000000000004,0.0055085633476339435,BTC,0.20000000000000001,True,0,0,1491,-0.015609431665988827,0.5444914366523661,0.89798115951502167,0.53903709095915509,0.90000000000000002,0.8193435238227107,,80e96b9e0172adc13095c6040f2a26b66057c2e6e9e6d3c7c7978f1c9365803c,6.0125397518277168
1492,2025-02-01,2025-02-02,mix,-0.0294402273269216,-0.013342501517478844,0.45000000000000001,0.095666621552926767,ABSTAIN,0.050000000000000003,True,0,5,1492,-0.016534897968618401,0.54566662155292678,0.89841451012153462,0.42642544766897178,0.55000000000000004,0.56854761627186912,,70e363cd5dee71c2b83889d8301b193ed5d331fe4428716018ab1aee771f90b3,7.6941210217773914,-0.013342501517478844,0.45000000000000001,0.095666621552926767,ABSTAIN,0.050000000000000003,True,0,0,1492,-0.016534897968618401,0.54566662155292678,0.89841451012153462,0.42642544766897178,0.55000000000000004,0.62247567678334792,,eea1240b295d14eeffbd785814fc94c1544d52eba83934bc4a68b64dbfcded90,5.7930580358952284
1493,2025-02-02,2025-02-03,mix,0.037387559387377298,0.0168168932041457,0.45000000000000001,0.0073842840134137888,ABSTAIN,0.050000000000000003,True,0,5,1493,0.016730250273397695,0.44261571598658622,0.54259361868430478,0.42862673936721429,0.45000000000000001,0.89408825710812811,,0bb29edf206cab810892ca07f0af97ebfabebef0b0f7f63218b4160edfdcf09f,7.6852581240236759,0.0168168932041457,0.45000000000000001,0.0073842840134137888,ABSTAIN,0.050000000000000003,True,0,0,1493,0.016730250273397695,0.44261571598658622,0.54259361868430478,0.42862673936721429,0.45000000000000001,0.89408825710812811,,54cb08b4ec099f8f32f76b5c327e9099eb84575c0a5a203906c9ff356b2a847d,5.7118509914726019
1494,2025-02-03,2025-02-04,mix,-0.034969423833916699,-0.015745197834152957,0.45000000000000001,0.0091003136162783327,ABSTAIN,0.050000000000000003,True,5,5,1494,-0.015745197834152957,0.45910031361627834,0.45910031361627834,0.42745832481595392,0.45000000000000001,0.71999999999999997,,9fac4bac9318006944b1492d9e93eabbee19e3de15debdb2e76e2ed96f27bb56,9.9954482968896627,-0.015745197834152957,0.45000000000000001,0.0091003136162783327,ABSTAIN,0.050000000000000003,True,0,0,1494,-0.015745197834152957,0.45910031361627834,0.45910031361627834,0.42745832481595392,0.45000000000000001,0.53910775086015128,,ef94edb592fddf1edf9cbf77d906b6ae4f55ee5376279bbc8d31a296cf208285,5.8994614630937576
1495,2025-02-04,2025-02-05,mix,-0.0122513380248563,-0.0055218469387702251,0.45000000000000001,0.0087933059785436085,ABSTAIN,0.050000000000000003,True,0,5,1495,-0.0055218469387702251,0.4412066940214564,0.4412066940214564,0.42914253533629881,0.45000000000000001,0.97213166945067242,,55eae011b10b3a73155e2013920f8b608e6ba6bea46d4bd3e874dd184d10834f,7.7174548413604498,-0.0055218469387702251,0.45000000000000001,0.0087933059785436085,ABSTAIN,0.050000000000000003,True,0,0,1495,-0.0055218469387702251,0.4412066940214564,0.4412066940214564,0.42914253533629881,0.45000000000000001,0.94999999999999996,,1395b56f0b2a865c00c9b4be9a9bd56c2b6f7f67bb22301ae55a8f1c9962a64f,5.2542533688247204
1496,2025-02-05,2025-02-06,mix,-0.00027434046998140002,-0.00012650185077689446,0.45000000000000001,0.0030490156960226722,ABSTAIN,0.050000000000000003,True,0,5,1496,-0.00012650185077689446,0.44695098430397734,0.44695098430397734,0.42924286137616202,0.45000000000000001,0.63140246437846181,,ac28ce6b106278c579eb9613098c0d6192456d3f38bcf133bba8e38ffee10adb,6.8874479420483112,-0.00012650185077689446,0.45000000000000001,0.0030490156960226722,ABSTAIN,0.050000000000000003,True,0,0,1496,-0.00012650185077689446,0.44695098430397734,0.44695098430397734,0.42924286137616202,0.45000000000000001,0.92000000000000004,,a4923437c4c274797c5ec823040b8df04e011019fca7182a0f2306dcb9ef019a,6.0106549486517906
1497,2025-02-06,2025-02-07,mix,-0.000572648722983,-0.00025775981549280846,0.45000000000000001,6.7907649737852793e-05,ABSTAIN,0.050000000000000003,True,0,5,1497,-0.00025775981549280846,0.44993209235026216,0.44993209235026216,0.42924443599692608,0.45000000000000001,0.98945875768264635,,fa2b7ce775834a900146c16588d2870eaccaf8a538171c2dd6fb4fa0287d6e6e,7.6854310818016529,-0.00025775981549280846,0.45000000000000001,6.7907649737852793e-05,ABSTAIN,0.050000000000000003,True,0,0,1497,-0.00025775981549280846,0.44993209235026216,0.44993209235026216,0.42924443599692608,0.45000000000000001,0.55000000000000004,,b384e3dd9b2c8127bdb2f1a7590caf63780400c345b2499656407e7605c58fd3,5.2738236263394356
1498,2025-02-07,2025-02-08,mix,-0.00067969765887669999,-0.00030600567022431857,0.45000000000000001,0.00014176709117297293,ABSTAIN,0.050000000000000003,True,0,5,1498,-0.00030600567022431857,0.44985823290882704,0.44985823290882704,0.42925620147224708,0.45000000000000001,0.99026702218271601,,d9965bb9ab5e69f9c344bb864376c37b8089342eddd7ecea9dbd3b35f7916f7f,7.6247436739504337,-0.00030600567022431857,0.45000000000000001,0.00014176709117297293,ABSTAIN,0.050000000000000003,True,0,0,1498,-0.00030600567022431857,0.44985823290882704,0.44985823290882704,0.42925620147224708,0.45000000000000001,0.5,,f9c2a282de4f131e03a1b04836a23c2f58786a45ab6fbfc7cba7b2f51d0f7e0c,5.397947795689106
1499,2025-02-08,2025-02-09,mix,0.00022084462181139999,9.9211786451336437e-05,0.45000000000000001,0.00016827664032925682,ABSTAIN,0.050000000000000003,True,5,5,1499,9.9211786451336437e-05,0.44983172335967075,0.44983172335967075,0.42915378240964341,0.45000000000000001,0.97447878115208864,,48a722050ce7f9e778336f5ccc30f521d5a6f078e3a626996543948619f2eaa2,10.511043582111597,9.9211786451336437e-05,0.45000000000000001,0.00016827664032925682,ABSTAIN,0.050000000000000003,True,0,0,1499,9.9211786451336437e-05,0.44983172335967075,0.44983172335967075,0.42915378240964341,0.45000000000000001,0.5,,4d7df6fe797ededc49d7e7b659b56a568b568ae4fe3facf5c678e88cdf960001,5.2512822765856981
1500,2025-02-09,2025-02-10,mix,0.0100083757302849,0.0045037141788686341,0.45000000000000001,5.4653612418076314e-05,ABSTAIN,0.050000000000000003,True,5,5,1500,0.0045037141788686341,0.45005465361241809,0.45005465361241809,0.4291274977697539,0.45000000000000001,0.97281856639694597,,f9373dfc3013e6a972e958ee128db77b2da2a03218129adaa48b30f314db052f,10.448566442355514,0.0045037141788686341,0.45000000000000001,5.4653612418076314e-05,ABSTAIN,0.050000000000000003,True,0,0,1500,0.0045037141788686341,0.45005465361241809,0.45005465361241809,0.4291274977697539,0.45000000000000001,0.5,,66a93af6c7ac0b2237c34a001b6c075986e98006710826b5e3db4fc8109c3f8a,5.3229334950447083
1501,2025-02-10,2025-02-11,mix,-0.0170678413337342,-0.0076829756270995198,0.45000000000000001,0.00246596684800654,ABSTAIN,0.050000000000000003,True,5,5,1501,-0.0076829756270995198,0.45246596684800655,0.45246596684800655,0.42884055069786431,0.45000000000000001,0.92732252310438157,,9620006c6bd11fe0d459cb0fdf4566c217aa1a683b0da1bdf6a3ff9eb282c65e,10.516511395573616,-0.0076829756270995198,0.45000000000000001,0.00246596684800654,ABSTAIN,0.050000000000000003,True,0,0,1501,-0.0076829756270995198,0.45246596684800655,0.45246596684800655,0.42884055069786431,0.45000000000000001,0.92732252310438157,,723849a9449ad3f86734ec1b4116e8f182f1698aa4d1bd79f06cd71631abfdbd,5.7168411929160357
1502,2025-02-11,2025-02-12,mix,0.022027383872271301,0.009908023559259016,0.45000000000000001,0.0042569866377207832,ABSTAIN,0.050000000000000003,True,5,5,1502,0.009908023559259016,0.44574301336227923,0.44574301336227923,0.42911479311395961,0.45000000000000001,0.97104562381620485,,4e82928ef2ebcd00925823b76fb1bc63a69c758744935c996fd2d499a110e37d,10.561157759279013,0.009908023559259016,0.45000000000000001,0.0042569866377207832,ABSTAIN,0.050000000000000003,True,0,0,1502,0.009908023559259016,0.44574301336227923,0.44574301336227923,0.42911479311395961,0.45000000000000001,0.97104562381620485,,b84c2762d44a5376e5b2c5a6a378e5782a1f2b5a0a39cf4229ee91c89de641c3,6.5156203396618366
1503,2025-02-12,2025-02-13,mix,-0.012986137290779701,-0.0058491285027902906,0.45000000000000001,0.0053982681324080128,ABSTAIN,0.050000000000000003,True,5,5,1503,-0.0058491285027902906,0.45539826813240802,0.45539826813240802,0.42875957353668248,0.45000000000000001,0.91423763842869965,,035963fecef4702ea70422f4e5a6bebac3f5f59081cee9066ed63d67b4bef2cd,10.525781441479921,-0.0058491285027902906,0.45000000000000001,0.0053982681324080128,ABSTAIN,0.050000000000000003,True,0,0,1503,-0.0058491285027902906,0.45539826813240802,0.45539826813240802,0.42875957353668248,0.45000000000000001,0.91423763842869965,,524f2f029d19ad4a4f00892b5fbf02ab0b8fc95d47465cdfc2a9aab4761dad77,5.6887391488999128
1504,2025-02-13,2025-02-14,mix,0.0092578216378809003,0.0041627733068272388,0.45000000000000001,0.003232961637121945,ABSTAIN,0.050000000000000003,True,5,5,1504,0.0041627733068272388,0.44676703836287807,0.44676703836287807,0.42916817807535379,0.45000000000000001,0.97797620775775396,,ec109cbb4fb8c64d0de96abcdadb8757fed3a04739fdb07b703d26a270933197,10.425462562590837,0.0041627733068272388,0.45000000000000001,0.003232961637121945,ABSTAIN,0.050000000000000003,True,0,0,1504,0.0041627733068272388,0.44676703836287807,0.44676703836287807,0.42916817807535379,0.45000000000000001,0.97797620775775396,,7834d456d83f1579349d844666f3d9486a0ce4515cad7df4fbf2356c856a692e,5.7613839209079742
1505,2025-02-14,2025-02-15,mix,0.00070560773542970002,0.00031524095160517795,0.45000000000000001,0.0022818048114947587,ABSTAIN,0.050000000000000003,True,0,5,1505,0.00031524095160517795,0.45228180481149477,0.45228180481149477,0.42918800332579959,0.45000000000000001,0.98133371440648876,,cb412a70a9f738e91ae4de7d7c49a273304278e36a5e7e137da48868a0376ad1,7.6441650465130806,0.00031524095160517795,0.45000000000000001,0.0022818048114947587,ABSTAIN,0.050000000000000003,True,0,0,1505,0.00031524095160517795,0.45228180481149477,0.45228180481149477,0.42918800332579959,0.45000000000000001,0.98133371440648876,,2326e0e90925e013473f74d4f391079a08e8ddf506c87b3ccda153206144b89f,5.6976543888449669
1506,2025-02-15,2025-02-16,mix,-0.0147714438566247,-0.0066473231574856184,0.45000000000000001,0.00017458248048196623,ABSTAIN,0.050000000000000003,True,0,5,1506,-0.0066473231574856184,0.45017458248048198,0.45017458248048198,0.42911737160302821,0.45000000000000001,0.97000685763674044,,4116933cc5b71a08b3b7f7ff835fca65ee32dc2d4d667bffc14aaf3d964cb150,7.7617110945284367,-0.0066473231574856184,0.45000000000000001,0.00017458248048196623,ABSTAIN,0.050000000000000003,True,0,0,1506,-0.0066473231574856184,0.45017458248048198,0.45017458248048198,0.42911737160302821,0.45000000000000001,0.94999999999999996,,d12c40ab79872cca52eac248c4afa82cd0323302d3046de8f2f013d937d609fe,6.087613832205534
1507,2025-02-16,2025-02-17,mix,-0.0036491452906989002,-0.0016457897336799032,0.45000000000000001,0.0036803965011436568,ABSTAIN,0.050000000000000003,True,0,5,1507,-0.0016457897336799032,0.44631960349885635,0.44631960349885635,0.42923910919323671,0.45000000000000001,0.99155735926921795,,b2d6d13a17b399a2a709845465611189e8e8d4448de910152700028a9ad20cf9,7.5954554788768291,-0.0016457897336799032,0.45000000000000001,0.0036803965011436568,ABSTAIN,0.050000000000000003,True,0,0,1507,-0.0016457897336799032,0.44631960349885635,0.44631960349885635,0.42923910919323671,0.45000000000000001,0.99155735926921795,,74d5ce3327c68fbae813ce402d68b44b6272b302370e19c5b7b8a69876eec0de,6.3062419965863228
1508,2025-02-17,2025-02-18,mix,-0.0014961166741316,-0.00067415654329949781,0.45000000000000001,0.0009046489974810501,ABSTAIN,0.050000000000000003,True,0,5,1508,-0.00067415654329949781,0.44909535100251896,0.44909535100251896,0.4292224982681162,0.45000000000000001,0.99610572068098202,,f412da167e13adb07e5f947d8a4541bff76fbbe9adeea8c39c592506a12cd09d,7.7385662011802197,-0.00067415654329949781,0.45000000000000001,0.0009046489974810501,ABSTAIN,0.050000000000000003,True,0,0,1508,-0.00067415654329949781,0.44909535100251896,0.44909535100251896,0.4292224982681162,0.45000000000000001,0.99610572068098202,,0f46218cbd9e4d633b42a10664edebe47f1b6c70e77459f1c0c1d11c1bfe20ba,6.6201335266232491
1509,2025-02-18,2025-02-19,mix,0.0105271963027249,0.0047368660425550768,0.45000000000000001,0.00037053834271438824,ABSTAIN,0.050000000000000003,True,0,5,1509,0.0047368660425550768,0.44962946165728562,0.44962946165728562,0.42920043809633251,0.45000000000000001,0.99412879723563485,,1c5b17e1002f0d41dac798d41c57cf7ec8290fc1fbec0103390b38e6c860a9a1,7.714040320366621,0.0047368660425550768,0.45000000000000001,0.00037053834271438824,ABSTAIN,0.050000000000000003,True,0,0,1509,0.0047368660425550768,0.44962946165728562,0.44962946165728562,0.42920043809633251,0.45000000000000001,0.5,,7b61b6f34dc6dc4917a696aab6003c3b2d51a5d2023416e36f47073be2890d86,5.2061067521572113
1510,2025-02-19,2025-02-20,mix,0.017233208615466001,0.0077523305703712797,0.45000000000000001,0.0025931964950745012,ABSTAIN,0.050000000000000003,True,0,5,1510,0.0077523305703712797,0.45259319649507451,0.45259319649507451,0.42918657573570601,0.45000000000000001,0.98875014320790799,,205a65df7b1f6b678497cfcd3384c21f389d52af209581b2a257dc95c2a1e9e8,7.5934253558516502,0.0077523305703712797,0.45000000000000001,0.0025931964950745012,ABSTAIN,0.050000000000000003,True,0,0,1510,0.0077523305703712797,0.45259319649507451,0.45259319649507451,0.42918657573570601,0.45000000000000001,0.59999999999999998,,88623543533f767130eeed063f6ef98cbccdac75dc92eb1dcd26b511f41b6fd3,5.3081000000238419
1511,2025-02-20,2025-02-21,mix,-0.0219173372474704,-0.0098669924151979505,0.45000000000000001,0.0042323971301188035,ABSTAIN,0.050000000000000003,True,0,5,1511,-0.0098669924151979505,0.45423239713011881,0.45423239713011881,0.42916829192550388,0.45000000000000001,0.98078554773105642,,db604d896c72cfeb146e15b411edbf54400416f2b8abc1550eddd845190e5a47,7.714979600161314,-0.0098669924151979505,0.45000000000000001,0.0042323971301188035,ABSTAIN,0.050000000000000003,True,0,0,1511,-0.0098669924151979505,0.45423239713011881,0.45423239713011881,0.42916829192550388,0.45000000000000001,0.90000000000000002,,b23f477d68df334152bf2f8926b828454d65371e4262e9f6a9a23eaecea28183,5.2198666278272867
1512,2025-02-21,2025-02-22,mix,0.0041651240281376997,0.0018688169690683765,0.45000000000000001,0.0054785750685851231,ABSTAIN,0.050000000000000003,True,5,5,1512,0.0018688169690683765,0.44452142493141489,0.44452142493141489,0.42921500625875397,0.45000000000000001,0.99407216623865358,,fbe705cc06ad9156022d88dfdb589d3eb9e7413203e1db56617b6520787fb451,10.450364550575614,0.0018688169690683765,0.45000000000000001,0.0054785750685851231,ABSTAIN,0.050000000000000003,True,0,0,1512,0.0018688169690683765,0.44452142493141489,0.44452142493141489,0.42921500625875397,0.45000000000000001,0.5,,9150397207cb80b36fa888a09b40717ae3abf0b28f33d8c9c85404fd5cbbde47,5.3180700447410345
1513,2025-02-22,2025-02-23,mix,-0.0030790390249814002,-0.0013865950752256495,0.45000000000000001,0.0010289396493983194,ABSTAIN,0.050000000000000003,True,5,5,1513,-0.0013865950752256495,0.45102893964939833,0.45102893964939833,0.42918535878765818,0.45000000000000001,0.99258510217703555,,6fd912e4240a94da34befad6d17fb38c3db3380c56f291ff93eabfac5496692d,10.494879998266697,-0.0013865950752256495,0.45000000000000001,0.0010289396493983194,ABSTAIN,0.050000000000000003,True,0,0,1513,-0.0013865950752256495,0.45102893964939833,0.45102893964939833,0.42918535878765818,0.45000000000000001,0.94999999999999996,,252ddf8b5a63fad122a3e18e2ec64148a2488e5c2b817cbfebfd7ad37e293162,5.2319531999528408
1514,2025-02-23,2025-02-24,mix,-0.049349254301944298,-0.022207910608666781,0.45000000000000001,0.00076311951232455044,ABSTAIN,0.050000000000000003,True,0,5,1514,-0.022207910608666781,0.44923688048767546,0.44923688048767546,0.42899420138744249,0.45000000000000001,0.99099854923912556,,c31421671424dbb6f819352da115bae0ca5c40f8487162c35493949723ea1c29,7.7349927145987749,-0.022207910608666781,0.45000000000000001,0.00076311951232455044,ABSTAIN,0.050000000000000003,True,0,0,1514,-0.022207910608666781,0.44923688048767546,0.44923688048767546,0.42899420138744249,0.45000000000000001,0.51000000000000001,,5d2c99cc1aed01885982c85b318ccef3c7786208f8319bb9adee1689f190675a,5.3727348744869232
1515,2025-02-24,2025-02-25,mix,-0.0308441292338963,-0.013892176114887467,0.45000000000000001,0.012491337628470656,ABSTAIN,0.050000000000000003,True,5,5,1515,-0.013892176114887467,0.43750866237152936,0.43750866237152936,0.4268201491964787,0.45000000000000001,0.94999999999999996,,b620c93623fe0b86f057b754af11b926de0abed061f0b725a8b4b401e2d915d8,10.051082387566566,-0.013892176114887467,0.45000000000000001,0.012491337628470656,ABSTAIN,0.050000000000000003,True,0,0,1515,-0.013892176114887467,0.43750866237152936,0.43750866237152936,0.4268201491964787,0.45000000000000001,0.94999999999999996,,4ae09ff0c96018d2145e7c7cf9237a479f4469d9e8ba603193c45de7ac49ec31,5.2691531460732222
1516,2025-02-25,2025-02-26,mix,-0.050439753737906698,-0.020217307518110572,0.40000000000000002,0.042258628881559568,ABSTAIN,0.050000000000000003,True,5,5,1516,-0.020217307518110572,0.44225862888155959,0.44225862888155959,0.42061320174854061,0.40000000000000002,0.83206285071358554,,fe113f8201f49211aebbd4c488a484a04b1fe8e99531f1c633ba6ccadab0d451,10.486711144447327,-0.020217307518110572,0.40000000000000002,0.042258628881559568,ABSTAIN,0.050000000000000003,True,0,0,1516,-0.020217307518110572,0.44225862888155959,0.44225862888155959,0.42061320174854061,0.40000000000000002,0.83206285071358554,,17180742585fb5b540776c564796f6d358843ceba071f06c0fa02c907e130925,5.9178365785628557
1517,2025-02-26,2025-02-27,bear,0.0059599086598578002,0.0023715792001932634,0.40000000000000002,0.01235481033337521,CASH,0,True,5,5,1517,-3.9750373398206307e-05,0.38764518966662481,0.38764518966662481,0.38897852845856051,0.050000000000000003,0.77587853191474221,,539f78deab6b1d845f8948be665131104227b5f6dbc77d1941d68b93f0f5cded,10.058563861995935,0.0023715792001932634,0.40000000000000002,0.01235481033337521,CASH,0,True,0,0,1517,-3.9750373398206307e-05,0.38764518966662481,0.38764518966662481,0.38897852845856051,0.050000000000000003,0.77587853191474221,,bdd6e3e3623ec36bf0a133a6d38dff8020a666cd5431ececc9ddaf1398179e31,6.0593979898840189
1518,2025-02-27,2025-02-28,bear,-0.0039355671867660003,-0.0015756516045413171,0.40000000000000002,0.0014269762191954083,CASH,0,True,5,5,1518,-5.0283011325258364e-05,0.40142697621919543,0.050283011325260835,0.39845229133759807,0,0.59381110386244484,,b27783929a0129484763da66bde92e0ea019941b3a8f0b9213d40c6d453517da,9.9850255101919174,-0.0015756516045413171,0.40000000000000002,0.0014269762191954083,CASH,0,True,0,0,1518,-5.0283011325258364e-05,0.40142697621919543,0.050283011325260835,0.39845229133759807,0,0.59381110386244484,,649a4489d2dee72320d1fe1db8703eb6c14924c4c294e2bd1d23ec4e9189b7ea,6.2003552503883839
1519,2025-02-28,2025-03-01,bear,0.020032898323323299,0.0080122057232938637,0.40000000000000002,0.00094602538340654574,CASH,0,True,5,5,1519,0,0.39905397461659348,0,0.38851458732433858,0,0.75202171638429161,,2392440da0ce2d2f88ceba5bf643e558362bbeda17bc33a01527c64b68351146,10.116487454622984,0.0080122057232938637,0.40000000000000002,0.00094602538340654574,CASH,0,True,0,0,1519,0,0.39905397461659348,0,0.38851458732433858,0,0.75202171638429161,,b7d80fe93bb9fc3dda28bdabd3a999c579af79af58c9e9144caab38d8ba96fb6,6.1231227964162827
1520,2025-03-01,2025-03-02,bear,0.095194001273358503,0.038072649216119636,0.40000000000000002,0.004769675428440312,CASH,0,True,5,5,1520,0,0.40476967542844033,0,0.3925414278796403,0,0.66284848553409326,,55f93a5cdca51746a7c91276f0f95163d3078afc7f33d61e2eb9b34c976e94d0,9.992184879258275,0.038072649216119636,0.40000000000000002,0.004769675428440312,CASH,0,True,0,0,1520,0,0.40476967542844033,0,0.3925414278796403,0,0.66284848553409326,,e16b13a556e92400b9d2f252ad82ca42ab93ab818913f5f0e8aa32dee05a6171,6.3265165258198977
1521,2025-03-02,2025-03-03,mix,-0.085454744120570594,-0.034203153883319737,0.40000000000000002,0.022008528355101864,ABSTAIN,0.050000000000000003,True,5,5,1521,-0.030248692236044872,0.42200852835510189,0,0.41946881484921578,0.35000000000000003,0.93339317034262725,,4a309ac848a61748ddeef004e339a7ef9d385401b8bc4eb90b955049b3ad7e62,10.542786203324795,-0.034203153883319737,0.40000000000000002,0.022008528355101864,ABSTAIN,0.050000000000000003,True,0,0,1521,-0.030248692236044872,0.42200852835510189,0,0.41946881484921578,0.35000000000000003,0.93339317034262725,,f46858f6006117e71ad5c7729c7ee535a015c4421304f307673bf436644b3dec,5.7373056951910257
1522,2025-03-03,2025-03-04,bear,0.0122561614296303,0.0048811254771881085,0.40000000000000002,0.021234990873537307,CASH,0,True,5,5,1522,-0.0003299596558439255,0.37876500912646272,0.3299596558438882,0.38351238798949949,0,0.86279398924534301,,06a267af4d06edc87ca4a25e00d093a415754eaaee13b9f81c85a31c104190d6,9.8280640356242657,0.0048811254771881085,0.40000000000000002,0.021234990873537307,CASH,0,True,0,0,1522,-0.0003299596558439255,0.37876500912646272,0.3299596558438882,0.38351238798949949,0,0.86279398924534301,,dcad56632938d5fcd05c221249624b4a277d664d0774b01db39a3514a4641745,6.182894891127944
1523,2025-03-04,2025-03-05,bear,0.038335531585503103,0.015331240620390041,0.40000000000000002,0.0029271285988581863,CASH,0,True,2,5,1523,0,0.40292712859885821,0,0.39319179398519077,0,0.64844631674332587,,34bc1f476bd5831258c5a30eff57afcffa6395f48d645546b25089b2cee9c14f,8.2369166295975447,0.015331240620390041,0.40000000000000002,0.0029271285988581863,CASH,0,True,0,0,1523,0,0.40292712859885821,0,0.39319179398519077,0,0.64844631674332587,,16e3c3b65314074ee62dc51ccdc7b84c38a52a382b1f1cf6ace84049a9083008,6.1394390631467104
1524,2025-03-05,2025-03-06,bear,-0.0075133785151364997,-0.0030143857482917147,0.40000000000000002,0.0090615754556824246,CASH,0,True,0,5,1524,0,0.40906157545568245,0,0.39530775574349042,0,0.60158895617032215,,891374320453af35baeeddc6227e3333b70b77578b84b09b621aed04434992c6,7.2820631787180901,-0.0030143857482917147,0.40000000000000002,0.0090615754556824246,CASH,0,True,0,0,1524,0,0.40906157545568245,0,0.39530775574349042,0,0.60160000000000002,,b83850a50a3d5606d753a83b572173366153e705deea58c444818aef2e8e7659,5.8901465311646461
1525,2025-03-06,2025-03-07,bear,-0.037803469107948399,-0.015123168940396892,0.40000000000000002,0.0018086464618198295,CASH,0,True,0,5,1525,0,0.39819135353818019,0,0.39802634716501928,0,0.5413865268493645,,140cc50d45e8731c4aa0e72865a4871f9e790ae8f89f1118e0e57fea1d24f01d,7.288903895765543,-0.015123168940396892,0.40000000000000002,0.0018086464618198295,ABSTAIN,0,True,0,0,1525,-0.013576583262816189,0.39819135353818019,0,0.39802634716501928,0.35000000000000003,0.5413865268493645,,4e2cd4739d358a7aefee8ab886cd64bd380580db3458b4ae879bb43b6e686776,6.283980144187808
1526,2025-03-07,2025-03-08,bear,-0.0035744332680004002,-0.0014389722687557782,0.40000000000000002,0.0092121328172578565,CASH,0,True,5,5,1526,0,0.39078786718274217,0,0.38865740773560647,0,0.74885899995249283,,9a0a1c4f77aed1dde85a16c136dbe772947def0eeda6392a9edc9105a8f798ab,9.9996366407722235,-0.0014389722687557782,0.40000000000000002,0.0092121328172578565,CASH,0,True,0,0,1526,-0.00034128439271108313,0.39078786718274217,0.34128439271112609,0.38865740773560647,0,0.74885899995249283,,432ff452fe1029bb0859aa4653c8f0d6be7f71465bb0b235c50976c8d7da63f1,6.2653061486780643
1527,2025-03-08,2025-03-09,bear,-0.064140317019225804,-0.02565696385900107,0.40000000000000002,0.00085909229154695899,CASH,0,True,5,5,1527,0,0.39914090770845306,0,0.39302068215271801,0,0.65223553742418805,,4974bf17ef1ccbd72bb11c25dfcb155202c43538f7258510b05af3fb27a357ce,9.8595553953200579,-0.02565696385900107,0.40000000000000002,0.00085909229154695899,CASH,0,True,0,0,1527,0,0.39914090770845306,0,0.39302068215271801,0,0.65223553742418805,,d6afc945f83b4d9fecec2b9fc5c2e33d4645b685c14b6e157f82fb33686be32a,6.0393156427890062
1528,2025-03-09,2025-03-10,bear,-0.026219581716064699,-0.010503466006657525,0.40000000000000002,0.015799017685798,CASH,0,True,5,5,1528,0,0.38420098231420202,0,0.38059239131227213,0,0.92745647974311363,,072b4323deca06a1981d2bb29f9c7984bf7da818de9259aabb38f855ff5b210a,9.9603901114314795,-0.010503466006657525,0.40000000000000002,0.015799017685798,CASH,0,True,0,0,1528,0,0.38420098231420202,0,0.38059239131227213,0,0.92745647974311363,,046de409cecd5b290eb0fc1265a4b657f95841915b998f0b2e5d40600d45876f,6.1709435805678368
1529,2025-03-10,2025-03-11,bear,0.055299398416053899,0.022113259302222632,0.40000000000000002,0.0063593958919571092,CASH,0,True,5,5,1529,0,0.39364060410804291,0,0.3783810265480137,0,0.97642651962106797,,6455bdb38b26bdd9b4ca1dbe9a06ddcdfa8be888b31faf94a994cf018742a1ee,9.9186000153422356,0.022113259302222632,0.40000000000000002,0.0063593958919571092,CASH,0,True,0,0,1529,0,0.39364060410804291,0,0.3783810265480137,0,0.97642651962106797,,b920295b95e2a04262d127e6a604966f0014e81d91d9606f62ea79b67f9b4a63,6.0271127764135599
1530,2025-03-11,2025-03-12,bear,0.0089627368667322006,0.0035720635569935766,0.40000000000000002,0.012984638539890625,CASH,0,True,5,5,1530,0,0.41298463853989065,0,0.38167751628158447,0,0.9034266978729486,,e74c3f7ccfe97b72159915112bd355a0d87069fa0ee3ef32ae5d0ad30adca578,9.9739812649786472,0.0035720635569935766,0.40000000000000002,0.012984638539890625,CASH,0,True,0,0,1530,0,0.41298463853989065,0,0.38167751628158447,0,0.9034266978729486,,83d45698d4a13a642c63b5578679b762dae7a68f758651a92f10e0d0bbebd7b4,6.2545848786830902
1531,2025-03-12,2025-03-13,bear,-0.030647480466578999,-0.012261109283697058,0.40000000000000002,0.0021433726539737408,CASH,0,True,5,5,1531,0,0.40214337265397376,0,0.38068861612707972,0,0.92532560898256144,,0d5b9267764bc0dccae7a1084602663cfe61b1e9871e7096bcff33a5d504f73e,9.9692920837551355,-0.012261109283697058,0.40000000000000002,0.0021433726539737408,CASH,0,True,0,0,1531,0,0.40214337265397376,0,0.38068861612707972,0,0.92532560898256144,,dfe7c3c6d78a35a99bd4309dc548dd7dda6dc06be91b80f25248615338f3e151,6.1618046332150698
1532,2025-03-13,2025-03-14,bear,0.035473402038466099,0.014181808467543355,0.40000000000000002,0.0074466841548495588,CASH,0,True,5,5,1532,0,0.39255331584515046,0,0.37888073398557642,0,0.96536064143954226,,36727e8ea570981af24ccbcfefe3d70034b4b6c30429bb38cdf3fdb9980ab743,10.022807819768786,0.014181808467543355,0.40000000000000002,0.0074466841548495588,CASH,0,True,0,0,1532,0,0.39255331584515046,0,0.37888073398557642,0,0.96536064143954226,,b469325c369b12ec85def1b49c4703102385310d159296e25f5108bc3bd36be5,6.2769082114100456
1533,2025-03-14,2025-03-15,bear,0.0043368966063365997,0.0017263495762513958,0.40000000000000002,0.0083945038453047127,CASH,0,True,2,5,1533,0,0.40839450384530473,0,0.38097366099004187,0,0.91901337198128796,,41302701f217faca7fb79fcacb2c427cebf3f52b35ed2f5318feaa7f46799441,8.0859445687383413,0.0017263495762513958,0.40000000000000002,0.0083945038453047127,CASH,0,True,0,0,1533,0,0.40839450384530473,0,0.38097366099004187,0,0.91901337198128796,,9804136beb8e1a0e4cd88cb879557df59ad4e9549e06073913171bce106bfbab,5.9970926102250814
1534,2025-03-15,2025-03-16,bear,-0.0209019780344861,-0.0083618215791717576,0.40000000000000002,0.0010390526799042288,CASH,0,True,0,5,1534,0,0.40103905267990425,0,0.38181942116820672,0,0.90028425548977653,,d7fb83b0657da0da4fac36c152085f645e51849725c30e80269054e87b45b4d2,7.1870944760739803,-0.0083618215791717576,0.40000000000000002,0.0010390526799042288,CASH,0,True,0,0,1534,0,0.40103905267990425,0,0.38181942116820672,0,0.90028425548977653,,b33ac64b01d4180b963da60763c53cd57b9c3caa9e91d21573ea954c529b1718,6.2455670163035393
1535,2025-03-16,2025-03-17,bear,0.017446450887883502,0.006973486282071617,0.40000000000000002,0.0050587700484504006,CASH,0,True,2,5,1535,0,0.39494122995154962,0,0.3785105194021503,0,0.97360000000000002,,0300ab64d9ff2acede4932f32bb24e7b849167a861befe44225154f4a2709891,7.7757081110030413,0.006973486282071617,0.40000000000000002,0.0050587700484504006,CASH,0,True,0,0,1535,0,0.39494122995154962,0,0.3785105194021503,0,0.97355893743852484,,2516c60052648d2c0b0d14d07be80b595ba57e76a4c64bbe507e05bd4715fb35,6.1038891952484846
1536,2025-03-17,2025-03-18,bear,-0.0154726722852304,-0.0061932013095030714,0.40000000000000002,0.0041581303662042712,CASH,0,True,5,5,1536,0,0.40415813036620429,0,0.37909556374845521,0,0.96060000000000001,,19c4919927bae51aecf95c00eecf9c3fe9d1b879277ca6b9da820a436b3cb0c0,9.6321794353425503,-0.0061932013095030714,0.40000000000000002,0.0041581303662042712,CASH,0,True,0,0,1536,0,0.40415813036620429,0,0.37909556374845521,0,0.96060329783851561,,0ba52d0413db54b5c46698e49fc5e857cbe0c246df2c001438818da13c21fb74,6.2370638642460108
1537,2025-03-18,2025-03-19,bear,0.049830087609753902,0.019928223999292394,0.40000000000000002,0.0037365672204849876,CASH,0,True,5,5,1537,0,0.39626343277951503,0,0.3787495774599085,0,0.96826506516007005,,14c30034ff3b084ead30ed1c7e87fe41333daa6121a71a3bbbb66c18e9c7ff24,9.8525731116533279,0.019928223999292394,0.40000000000000002,0.0037365672204849876,CASH,0,True,0,0,1537,0,0.39626343277951503,0,0.3787495774599085,0,0.96826506516007005,,4cc3e331bfd0a37ca2e57c88f3e6ce42c49c75344a67ec15e0599187038fe525,6.0026385318487883
1538,2025-03-19,2025-03-20,bear,-0.030318628297693301,-0.012139034626346468,0.40000000000000002,0.011725507794081713,CASH,0,True,5,5,1538,0,0.41172550779408174,0,0.38865987993732121,0,0.74880425371963744,,b6a71a0b456748746f7f43e4381b204c6c46e9ed14f7e9f2274fbefe88fcf4b2,9.9709729962050915,-0.012139034626346468,0.40000000000000002,0.011725507794081713,CASH,0,True,0,0,1538,0,0.41172550779408174,0,0.38865987993732121,0,0.74880425371963744,,e79696e2c415e137cb40916a6bd353e8bd92cf0b69c8c77529e3e355613d5da7,6.2920697573572397
1539,2025-03-20,2025-03-21,bear,-0.0016007961229382,-0.00064767953188027416,0.40000000000000002,0.0073657991622122498,CASH,0,True,5,5,1539,0,0.39263420083778777,0,0.3839584110180021,0,0.85291693671419322,,fff68ae4e882b3471c3ae83c832e04f8bedaa6b9b2b574a7e491baa79c6e8257,10.019129421561956,-0.00064767953188027416,0.40000000000000002,0.0073657991622122498,CASH,0,True,0,0,1539,0,0.39263420083778777,0,0.3839584110180021,0,0.85291693671419322,,fd19ea0d194f153151e1dfa283ddc6c6f0323d42c72e3207ab0ead28a8f2bebc,6.1275330670177937
1540,2025-03-21,2025-03-22,bear,-0.0027690122785711002,-0.0011079889228555739,0.40000000000000002,0.00038443723175723976,CASH,0,True,5,5,1540,0,0.39961556276824278,0,0.3822507369924325,0,0.89073288931417094,,37edf70b1aec926dab60c4b20dbdfa8497796f6326e92d0e384dff090f23e317,10.000019265338778,-0.0011079889228555739,0.40000000000000002,0.00038443723175723976,CASH,0,True,0,0,1540,0,0.39961556276824278,0,0.3822507369924325,0,0.89073288931417094,,579a90c145eb93205c1fa7390674474eab8a471f88447c0e7c279110c87a518b,6.1574496291577816
1541,2025-03-22,2025-03-23,bear,0.0266804229459509,0.010671496778351885,0.40000000000000002,0.00066529983622320987,CASH,0,True,5,5,1541,0,0.39933470016377681,0,0.3798038226300659,0,0.94491910756710362,,ec1aeb07cdee87467e21677ee0ef077b2b9abe9b460daa67b086dc4a422135a1,9.9890627842396498,0.010671496778351885,0.40000000000000002,0.00066529983622320987,CASH,0,True,0,0,1541,0,0.39933470016377681,0,0.3798038226300659,0,0.94491910756710362,,43e0a154c96bfd3cfe3ae5fb1498038a9afe4a23bb62419b4509ad9413f3e734,6.1407920811325312
1542,2025-03-23,2025-03-24,bear,0.016410811664850401,0.0065579473904460173,0.40000000000000002,0.0063356859942366173,CASH,0,True,3,5,1542,0,0.40633568599423664,0,0.38499865246933318,0,0.82988108864485566,,544a3277d0108ce1ddf565167a05f6de5d374032008d43a63f0e4ffbb8459f31,8.7414719834923744,0.0065579473904460173,0.40000000000000002,0.0063356859942366173,CASH,0,True,0,0,1542,0,0.40633568599423664,0,0.38499865246933318,0,0.82988108864485566,,de7df8455b13b40758384a7e0fcf76b9434d823044079ccc915cf9fa8ff5933b,6.3089657817035913
1543,2025-03-24,2025-03-25,bear,-0.00098296948222650004,-0.00039709916357566488,0.40000000000000002,0.0039129091932314508,CASH,0,True,5,5,1543,0,0.40391290919323147,0,0.38859058665446988,0,0.75033873620536695,,c6b17c2e50ad71cf79015c8b6fd7351b3d69d0c65b24ae1f10d1f77985cea5af,9.90067352168262,-0.00039709916357566488,0.40000000000000002,0.0039129091932314508,CASH,0,True,0,0,1543,0,0.40391290919323147,0,0.38859058665446988,0,0.75033873620536695,,d6e84965ae5a4ed5d6ca82774f0e9f82dfeb325d101c71a245e5bd8af2214433,5.9969325475394726
1544,2025-03-25,2025-03-26,bear,-0.0056290329962014997,-0.002251848672557677,0.40000000000000002,0.00023600547020430351,CASH,0,True,3,5,1544,0,0.39976399452979572,0,0.38989021894159998,0,0.72155875374873213,,e1b8c2e8012d9b789000cf36cd071ad204ac00d18e75fa64c30b260c1c3b978a,8.8162073716521263,-0.002251848672557677,0.40000000000000002,0.00023600547020430351,CASH,0,True,0,0,1544,0,0.39976399452979572,0,0.38989021894159998,0,0.72155875374873213,,908e5492a4539f59cae3855797fa4af36e9538fb9c1704687ead27d141388a7a,6.2800922393798828
1545,2025-03-26,2025-03-27,bear,0.0036381627393224001,0.0014539091086349654,0.40000000000000002,0.0013540166408278487,CASH,0,True,2,5,1545,0,0.39864598335917217,0,0.39338721448240049,0,0.64411879213819401,,81afffc3567ed86f82bde30fa60f3764fd59496052fa5f08c540173da175999a,8.1619178634136915,0.0014539091086349654,0.40000000000000002,0.0013540166408278487,CASH,0,True,0,0,1545,0,0.39864598335917217,0,0.39338721448240049,0,0.64411879213819401,,66c6ce564821f5bf3d2934eef3a8ca87c179a6e5a033713d15bee4aaabfbac5c,6.0520886033773422
1546,2025-03-27,2025-03-28,mix,-0.032303773321013099,-0.012922369952493518,0.40000000000000002,0.00087189022602424116,ABSTAIN,0.050000000000000003,True,0,5,1546,-0.011652363450122771,0.40087189022602426,0,0.40253676679562522,0.35000000000000003,0.55845862783409284,,16b3a22b47adef6dd47d0fe0454d2af221679162d8dcd33cd2582e64bbaa4112,7.6810881625860929,-0.012922369952493518,0.40000000000000002,0.00087189022602424116,ABSTAIN,0.050000000000000003,True,0,0,1546,-0.011652363450122771,0.40087189022602426,0,0.40253676679562522,0.35000000000000003,0.62504168349005507,,79b655d431cff895700630d623cfc6e36d4cebb59a3de107aec2776d73d5e78a,6.4919844567775726
1547,2025-03-28,2025-03-29,bear,-0.020906191654108799,-0.0083702653756896339,0.40000000000000002,0.0078543962514756038,CASH,0,True,2,5,1547,-0.00034256684999189879,0.39214560374852442,0.34256684999194714,0.39795589380817947,0,0.54294669945348395,,d76a4b47e41c46ca2d6f4bf770c960e1ece71ee5fadbc11668e704343976f96a,8.1972182299941778,-0.0083702653756896339,0.40000000000000002,0.0078543962514756038,ABSTAIN,0,True,0,0,1547,-0.0084194295282750131,0.39214560374852442,0.34256684999194714,0.39795589380817947,0.40000000000000002,0.62763926713324314,,3757f4345ccc6913cc2c8715c3c1b62d3748acdd23b6cbe90413dbdee489db68,6.3107153084129095
1548,2025-03-29,2025-03-30,bear,-0.0033165669841259998,-0.0013316798796295659,0.40000000000000002,0.0050597984433815579,CASH,0,True,2,5,1548,0,0.39494020155661846,0,0.38765325386771848,0,0.77109570097340474,,bbff97f170f1d638082413e4e1eddd420c86b0def80cca6707c6370ad07bfbd2,8.1527606416493654,-0.0013316798796295659,0.40000000000000002,0.0050597984433815579,CASH,0,True,0,0,1548,-0.00051071134989877365,0.39494020155661846,0.39494020155661846,0.38765325386771848,0.050000000000000003,0.77109570097340474,,50a8095e82b860ca5326eafee95bb321f68ca56a4c8798badffbb72c64869434,6.240068543702364
1549,2025-03-30,2025-03-31,bear,0.0021512268791670001,0.00085969303238475625,0.40000000000000002,0.0007970334421099623,CASH,0,True,5,5,1549,0,0.39920296655789006,0,0.38699478551526251,0,0.78567729423949961,,7b4b62895d464906cdef3afb7d6100dc957f303cf08edc327b5b3b950b8be710,10.134884648025036,0.00085969303238475625,0.40000000000000002,0.0007970334421099623,CASH,0,True,0,0,1549,-4.9842436939839807e-05,0.39920296655789006,0.049842436939831862,0.38699478551526251,0,0.78567729423949961,,e484fbc67e39e4b24a45149e31a4a77507a7741212ff9ce174bbc206d027471c,6.1290952246636152
1550,2025-03-31,2025-04-01,bear,0.031683077161630303,0.01267270847659252,0.40000000000000002,0.00051585056635855553,CASH,0,True,5,5,1550,0,0.40051585056635858,0,0.38359183673644098,0,0.76030980904040235,,10087fe90342a2cc03e57abbc24a7f65629190bfa937a6c315a015173b947f06,9.9475591499358416,0.01267270847659252,0.40000000000000002,0.00051585056635855553,CASH,0,True,0,0,1550,0,0.40051585056635858,0,0.38359183673644098,0,0.76030980904040235,,d2d1ed30a69087c9ec4eddf0fcc9bd896271697852651f0f00efc318560ac9ff,6.2640042677521706
1551,2025-04-01,2025-04-02,bear,-0.0309895472510749,-0.012403234601018331,0.40000000000000002,0.0075087780411641214,CASH,0,True,5,5,1551,0,0.40750877804116414,0,0.39606061735289527,0,0.51649279008276106,,6ce8d1f3f81349c290cda13de73bfdb7a6d574664b9dc1a1f9ebbe191d1e2d39,9.9818266555666924,-0.012403234601018331,0.40000000000000002,0.0075087780411641214,CASH,0,True,0,0,1551,0,0.40750877804116414,0,0.39606061735289527,0,0.51649279008276106,,d0c8e8b87bc2d94c5b36ebcae05833167a2647b878660f8bae73faccb38708c6,6.0100431814789772
1552,2025-04-02,2025-04-03,mix,0.0076873674644046004,0.0030673929865234761,0.40000000000000002,0.0075308422975460254,ABSTAIN,0.050000000000000003,True,0,5,1552,0.002339636910027254,0.392469157702454,0,0.40188085790365641,0.35000000000000003,0.59731456127567795,,78c3f22f2651cef559b4abc7dc988b280d8b9788b97c466f324ed7c41bd93495,7.6112265810370445,0.0030673929865234761,0.40000000000000002,0.0075308422975460254,ABSTAIN,0.050000000000000003,True,0,0,1552,0.002339636910027254,0.392469157702454,0,0.40188085790365641,0.35000000000000003,0.6136119215770629,,d8be641cefac5c7b06a16f6c64c0d7424834b191059a7c43b67afc4ee348df9a,6.4930071029812098
1553,2025-04-03,2025-04-04,mix,0.0085053523714696995,0.0034002953785845502,0.40000000000000002,0.0018393124033266872,ABSTAIN,0.050000000000000003,True,0,5,1553,0.0033537209587337635,0.40183931240332671,0.3517441832360409,0.4032887061941135,0.40000000000000002,0.62483685307129544,,516d0592e78665a9ec9defbf8ae5664422baafb1ab1220d30dc4f07bff782887,7.6914439368993044,0.0034002953785845502,0.40000000000000002,0.0018393124033266872,ABSTAIN,0.050000000000000003,True,0,0,1553,0.0033537209587337635,0.40183931240332671,0.3517441832360409,0.4032887061941135,0.40000000000000002,0.60236010358591319,,d941b3ca8fb3a68d056107e50c0b4a335de8b29c8c64df69fd62514e103f6586,5.7255533114075661
1554,2025-04-04,2025-04-05,mix,-0.0037511908779049,-0.0015025076620259759,0.40000000000000002,0.0020343633781995107,ABSTAIN,0.050000000000000003,True,1,5,1554,-0.0015025076620259759,0.40203436337819953,0.40203436337819953,0.3983504669834948,0.40000000000000002,0.59731456127567795,,a7b305b582cc10a7ff14606c0b235c14081ab99434d97f82e49a232c10a6711d,7.6288729794323444,-0.0015025076620259759,0.40000000000000002,0.0020343633781995107,ABSTAIN,0.050000000000000003,True,0,0,1554,-0.0015025076620259759,0.40203436337819953,0.40203436337819953,0.3983504669834948,0.40000000000000002,0.62956006944209475,,dfaf071e9b05b33464a2d8ab359f971c1990214e08a825603d3d45d0ec13bbf6,6.554840762168169
1555,2025-04-05,2025-04-06,mix,-0.061767448095260302,-0.024707858600033772,0.40000000000000002,0.000901638698241225,ABSTAIN,0.050000000000000003,True,1,5,1555,-0.024707858600033772,0.3990983613017588,0.3990983613017588,0.39833120176484371,0.40000000000000002,0.59731456127567795,,1ff7f4524a156a93b3ed9310e9963b8bcb3cccbabfe3aff7c0c3ecedad056c2d,7.7540769297629595,-0.024707858600033772,0.40000000000000002,0.000901638698241225,ABSTAIN,0.050000000000000003,True,0,0,1555,-0.024707858600033772,0.3990983613017588,0.3990983613017588,0.39833120176484371,0.40000000000000002,0.62962843166699822,,6e7b5b8610fe945c8c3e89a370eee67afa7cdace02dc9f1f0720422ef2127e19,6.3650792334228754
1556,2025-04-06,2025-04-07,bear,0.0098378263914489002,0.0039198710167906992,0.40000000000000002,0.015199726879294051,CASH,0,True,5,5,1556,0.00015692636110342661,0.38480027312070597,0.38480027312070597,0.3799277164845849,0.050000000000000003,0.83195874765097777,,f01f292cabcfe7ce8cf322ec51caf3919f8ed32b3d8dad4555631fddcde67907,10.066111490130424,0.0039198710167906992,0.40000000000000002,0.015199726879294051,CASH,0,True,0,0,1556,0.00015692636110342661,0.38480027312070597,0.38480027312070597,0.3799277164845849,0.050000000000000003,0.83195874765097777,,76aabc4b5fa7e045e0bfc229fb3c2e77f762f954a9405bf4365a7c13226b10ac,6.2007381953299046
1557,2025-04-07,2025-04-08,bear,-0.036001894836570299,-0.014403075890186745,0.40000000000000002,0.002351823601031644,CASH,0,True,5,5,1557,-5.0467067007398114e-05,0.40235182360103167,0.050467067007387234,0.3883428846621908,0,0.66740686685315731,,df5ec41a6622f3274981e9ae6348def2aac030d3d1365beb060de8a57e5aa15a,10.048297191038728,-0.014403075890186745,0.40000000000000002,0.002351823601031644,CASH,0,True,0,0,1557,-5.0467067007398114e-05,0.40235182360103167,0.050467067007387234,0.3883428846621908,0,0.66740686685315731,,f320a819eeacd056d98df532b2f1cace273c07669952e6093e1c9c4701804ef2,6.1193272788077593
1558,2025-04-08,2025-04-09,bear,0.082483210483210501,0.032984228249083758,0.40000000000000002,0.0087667019129097357,CASH,0,True,5,5,1558,0,0.39123329808709029,0,0.38103784865650608,0,0.81025100102187686,,69e866a8228a7b167683eb2c466c998cb767544738f18451a4f086e5c7bee7b7,10.009647224098444,0.032984228249083758,0.40000000000000002,0.0087667019129097357,CASH,0,True,0,0,1558,0,0.39123329808709029,0,0.38103784865650608,0,0.81025100102187686,,55c0832e1d34e656cf94e6b7d120624b135cb2d959d008abd409fa288a45c207,6.2834263909608126
1559,2025-04-09,2025-04-10,mix,-0.0363104821625286,-0.014543078224984907,0.40000000000000002,0.019163697207799479,ABSTAIN,0.050000000000000003,True,5,5,1559,-0.013054220722820031,0.4191636972077995,0,0.4147675453555974,0.35000000000000003,0.84929684491496593,,1b712ffb5e3f860c538532db11cb4b8bc4f480fd6cb4ee7e78d13c18cf6677fc,10.492756025865674,-0.014543078224984907,0.40000000000000002,0.019163697207799479,ABSTAIN,0.050000000000000003,True,0,0,1559,-0.013054220722820031,0.4191636972077995,0,0.4147675453555974,0.35000000000000003,0.84999999999999998,,35784fcabb44072eb478e3c442a0fe00d1938471b2d8e6bf9572736495fd3cf7,5.2521589901298285
1560,2025-04-10,2025-04-11,bear,0.0478045410294256,0.019112804365990499,0.40000000000000002,0.0088429524661209347,CASH,0,True,5,5,1560,-0.00034163303228684772,0.39115704753387909,0.34163303228685887,0.39213060953238649,0,0.59334093883975425,,ed9d8e6fedb97d522a67389d94d5943e45dfb38be01555d74621991d4efce7c4,10.010644478723407,0.019112804365990499,0.40000000000000002,0.0088429524661209347,CASH,0,True,0,0,1560,-0.00034163303228684772,0.39115704753387909,0.34163303228685887,0.39213060953238649,0,0.59334093883975425,,22a1f0da23a51d5e61d2e4f29409075013eb8d650f4ea978953652a55d617fa0,6.2518279068171978
1561,2025-04-11,2025-04-12,mix,0.022533630808589899,0.009002093031731162,0.40000000000000002,0.011257819882080189,ABSTAIN,0.050000000000000003,True,0,5,1561,0.0075340104132324281,0.41125781988208021,0,0.4103424394151407,0.35000000000000003,0.76276424472508664,,8ff95d8d9318190442d517d91d472c238f973597a09c738b5ca07937c7cb9915,7.6961394846439362,0.009002093031731162,0.40000000000000002,0.011257819882080189,ABSTAIN,0.050000000000000003,True,0,0,1561,0.0075340104132324281,0.41125781988208021,0,0.4103424394151407,0.35000000000000003,0.76276424472508664,,6fde20d81be035c78418a83d9a952626d5ddf7af8c949cfca608288565a16e13,5.7260417360812426
1562,2025-04-12,2025-04-13,mix,-0.018270027798393099,-0.0073133317116008678,0.40000000000000002,0.0053597614398584459,ABSTAIN,0.050000000000000003,True,0,5,1562,-0.0073525966028084033,0.40535976143985847,0.35508628663214986,0.41622270327432648,0.40000000000000002,0.87763788688686695,,6dc7d2e74d13ac00128a30346f88584f06b85388949a0b35457862bc3ed2f592,7.5758361667394638,-0.0073133317116008678,0.40000000000000002,0.0053597614398584459,ABSTAIN,0.050000000000000003,True,0,0,1562,-0.0073525966028084033,0.40535976143985847,0.35508628663214986,0.41622270327432648,0.40000000000000002,0.87763788688686695,,982b750600d36724c98dc058f834c8534f0dfc7dd74e4f57c600d0eabf35aa75,5.6978787332773209
1563,2025-04-13,2025-04-14,mix,0.0101750296174571,0.0040655767825961142,0.40000000000000002,0.0044170867909981704,ABSTAIN,0.050000000000000003,True,0,5,1563,0.0040655767825961142,0.39558291320900185,0.39558291320900185,0.40643721585563058,0.40000000000000002,0.69999999999999996,,8254548fd7cc6fb1107030799c1606141bbc41ff4dd5eb6f753f7fc034d174b8,7.2172315884381533,0.0040655767825961142,0.40000000000000002,0.0044170867909981704,ABSTAIN,0.050000000000000003,True,0,0,1563,0.0040655767825961142,0.39558291320900185,0.39558291320900185,0.40643721585563058,0.40000000000000002,0.56637100539129104,,55816bc80379c8bd4ffddb51b11dfb9a8d0f5a232e2f4c84206f8ee1bf2678b1,5.6515320986509323
1564,2025-04-14,2025-04-15,mix,-0.0111058042427623,-0.0044447430012952704,0.40000000000000002,0.0024321083981959646,ABSTAIN,0.050000000000000003,True,5,5,1564,-0.0044447430012952704,0.40243210839819599,0.40243210839819599,0.40962284515700381,0.40000000000000002,0.74866427158148552,,534ccf77ad26708178c29b480e576b3b67d06170fcac73f50eb9222334775693,10.521821027621627,-0.0044447430012952704,0.40000000000000002,0.0024321083981959646,ABSTAIN,0.050000000000000003,True,0,0,1564,-0.0044447430012952704,0.40243210839819599,0.40243210839819599,0.40962284515700381,0.40000000000000002,0.51355675471155193,,e37ff009b5fe3c2bdab979aca32f9d48c86ff8fe838c65a3091d1b8bf766865b,5.8159442264586687
1565,2025-04-15,2025-04-16,mix,0.0046050665295827003,0.0018393443938145015,0.40000000000000002,0.0026772863856633355,ABSTAIN,0.050000000000000003,True,2,5,1565,0.0018393443938145015,0.39732271361433669,0.39732271361433669,0.40841120904176909,0.40000000000000002,0.72499424027575632,,4c65c3992c038c63311adff59b8abbd26d0711f72554d3a2f7cd4043f1d40a8d,8.7143235709518194,0.0018393443938145015,0.40000000000000002,0.0026772863856633355,ABSTAIN,0.050000000000000003,True,0,0,1565,0.0018393443938145015,0.39732271361433669,0.39732271361433669,0.40841120904176909,0.40000000000000002,0.5,,d198e756121c45ea33d29db64aaf9a247c1e637b8d3085c920f68439cd8aeb48,5.2450134865939617
1566,2025-04-16,2025-04-17,mix,0.010803001706488799,0.0043200927316435767,0.40000000000000002,0.0011031838730479748,ABSTAIN,0.050000000000000003,True,0,5,1566,0.0043200927316435767,0.401103183873048,0.401103183873048,0.41142460786248619,0.40000000000000002,0.78390237495607251,,95eea2b8e60ba989c1c385f5fc5f6e9ec5abd9d4fb059c91a48b4d4e30ebabde,7.6343590784817934,0.0043200927316435767,0.40000000000000002,0.0011031838730479748,ABSTAIN,0.050000000000000003,True,0,0,1566,0.0043200927316435767,0.401103183873048,0.401103183873048,0.41142460786248619,0.40000000000000002,0.78390237495607251,,6e8e27d99b6d941bbec3deadb30d3da79606e56e7c184519f8b125a1988fa5b3,5.8474140856415033
1567,2025-04-17,2025-04-18,mix,-0.0054791617612431004,-0.0021942406115218471,0.40000000000000002,0.0025815649493361459,ABSTAIN,0.050000000000000003,True,0,5,1567,-0.0021942406115218471,0.40258156494933617,0.40258156494933617,0.4189260581804895,0.40000000000000002,0.93044896280246203,,1585756cfb2532c18071819c381387de58235edb888bb0ef5ecd0eb0bf4572e2,7.6011763364076614,-0.0021942406115218471,0.40000000000000002,0.0025815649493361459,ABSTAIN,0.050000000000000003,True,0,0,1567,-0.0021942406115218471,0.40258156494933617,0.40258156494933617,0.4189260581804895,0.40000000000000002,0.93000000000000005,,488ad3bd9419eb10ddacf35bb5b199417fbbbd9c6a6d13ac6b3d9bbed94b5553,6.0907064341008663
1568,2025-04-18,2025-04-19,mix,0.0070257805304789001,0.0028089906213277782,0.40000000000000002,0.0013178871895361266,ABSTAIN,0.050000000000000003,True,5,5,1568,0.0028089906213277782,0.3986821128104639,0.3986821128104639,0.41654308042872262,0.40000000000000002,0.88397473372959945,,7ba9ad3bd72d1cf844feced17ef08df80bb2960a20a1d6ca907293f944689df0,10.56465945020318,0.0028089906213277782,0.40000000000000002,0.0013178871895361266,ABSTAIN,0.050000000000000003,True,0,0,1568,0.0028089906213277782,0.3986821128104639,0.3986821128104639,0.41654308042872262,0.40000000000000002,0.88397473372959945,,8762ea01fe2321e0b8c6597c80d0177679a36506018b455a1cf1ec84932bf8d3,5.772753207013011
1569,2025-04-19,2025-04-20,mix,0.0013036614194978,0.00051978222908188876,0.40000000000000002,0.001681461894418701,ABSTAIN,0.050000000000000003,True,2,5,1569,0.00051978222908188876,0.40168146189441872,0.40168146189441872,0.42005330668034763,0.40000000000000002,0.94999999999999996,,5d7cfdc4f66554fdac5e68ac9493029d2916bc4bcd6939cb5260f2cce4c74e56,8.2532763369381428,0.00051978222908188876,0.40000000000000002,0.001681461894418701,ABSTAIN,0.050000000000000003,True,0,0,1569,0.00051978222908188876,0.40168146189441872,0.40168146189441872,0.42005330668034763,0.40000000000000002,0.94999999999999996,,02621ed2034c7c072c8406e409634e78b8d1554a8599770af3ec807e9ca7067e,5.2464891970157623
1570,2025-04-20,2025-04-21,mix,0.027436339942943502,0.010974219829597454,0.40000000000000002,0.00031271567053753335,ABSTAIN,0.050000000000000003,True,2,5,1570,0.010974219829597454,0.40031271567053756,0.40031271567053756,0.42049574784306742,0.40000000000000002,0.95999999999999996,,9692dbe06de353204e850d9a304fc1f3186d01b7c66c7c540b7d20701f3534a7,8.1777335982769728,0.010974219829597454,0.40000000000000002,0.00031271567053753335,ABSTAIN,0.050000000000000003,True,0,0,1570,0.010974219829597454,0.40031271567053756,0.40031271567053756,0.42049574784306742,0.40000000000000002,0.94999999999999996,,b534f73c3e5d4e113835a057d2664306bc2de3987285cb1f691c0e9654be2d5c,5.3409611526876688
1571,2025-04-21,2025-04-22,mix,0.067712189771013301,0.02707818625627989,0.40000000000000002,0.0065132417800631837,ABSTAIN,0.050000000000000003,True,0,5,1571,0.02707818625627989,0.40651324178006321,0.40651324178006321,0.4220680025332243,0.40000000000000002,0.98861898037526741,,92c112485101696ce3adfa2f517072bd1ac1ae01a8bad9152c76b6c57035da40,7.7197963651269674,0.02707818625627989,0.40000000000000002,0.0065132417800631837,ABSTAIN,0.050000000000000003,True,0,0,1571,0.02707818625627989,0.40651324178006321,0.40651324178006321,0.4220680025332243,0.40000000000000002,0.98861898037526741,,224e413e5449d4085e47471abee7b1af0387cd9fa2aff51109125e1e71a37c62,5.7107684165239334
1572,2025-04-22,2025-04-23,mix,0.0027375299517668999,0.0010791722766230194,0.40000000000000002,0.015822378389780234,ABSTAIN,0.050000000000000003,True,0,5,1572,0.0010791722766230194,0.41582237838978026,0.41582237838978026,0.42242071803713421,0.40000000000000002,0.96848412883170798,,0788da622141e2e14706389095d5df1c98b7437aae5e09ca1261256cf3abd8cc,7.5951043479144573,0.0010791722766230194,0.40000000000000002,0.015822378389780234,ABSTAIN,0.050000000000000003,True,0,0,1572,0.0010791722766230194,0.41582237838978026,0.41582237838978026,0.42242071803713421,0.40000000000000002,0.96848412883170798,,982fc336ff844a995bf5d86174b8039c1f3cc0fb24e2df491d62a3e2a8cf4094,5.6886799689382315
1573,2025-04-23,2025-04-24,mix,0.0030160825719307001,0.0012057759484593866,0.40000000000000002,0.00065628854460492159,ABSTAIN,0.050000000000000003,True,5,5,1573,0.0012057759484593866,0.40065628854460494,0.40065628854460494,0.4223728487517539,0.40000000000000002,0.97013938593918436,,896b2bf4addced8789d94d03d648db865a35215d7039266d4bdc2e80ada6bbf8,10.503416595980525,0.0012057759484593866,0.40000000000000002,0.00065628854460492159,ABSTAIN,0.050000000000000003,True,0,0,1573,0.0012057759484593866,0.40065628854460494,0.40065628854460494,0.4223728487517539,0.40000000000000002,0.97013938593918436,,7fb16a39946ab3031bfa48e19cf88865914c937c9f5e4e37836f9e4b7f90c47f,5.7284333035349846
1574,2025-04-24,2025-04-25,mix,0.0074121917040058998,0.0029641515504521543,0.40000000000000002,0.00072298758116612349,ABSTAIN,0.050000000000000003,True,0,5,1574,0.0029641515504521543,0.40072298758116615,0.40072298758116615,0.42244633069806581,0.40000000000000002,0.63140246437846181,,266718e57b8867f1f2a3c10f4058c165f4da9c03b80897033bb286d67600bb23,6.849382508546114,0.0029641515504521543,0.40000000000000002,0.00072298758116612349,ABSTAIN,0.050000000000000003,True,0,0,1574,0.0029641515504521543,0.40072298758116615,0.40072298758116615,0.42244633069806581,0.40000000000000002,0.5,,efd5f0f90e00012fcebe76edbeb874ee0d326979358ba5ef8b64c798ac1db75b,5.3597251195460558
1575,2025-04-25,2025-04-26,mix,-0.00048058185259539999,-0.00019400606738539938,0.40000000000000002,0.0017736673041304774,ABSTAIN,0.050000000000000003,True,0,5,1575,-0.00019400606738539938,0.4017736673041305,0.4017736673041305,0.42247702633281992,0.40000000000000002,0.80090645208011857,,baa419a9ff5122ff84bd90f96f31020c43ab5e9bae3e43e9936194dcc97bf5f6,7.6884341537952423,-0.00019400606738539938,0.40000000000000002,0.0017736673041304774,ABSTAIN,0.050000000000000003,True,0,0,1575,-0.00019400606738539938,0.4017736673041305,0.4017736673041305,0.42247702633281992,0.40000000000000002,0.80000000000000004,,6be92448462668f878a4b9b6efe4b3d7b91080cb279bd6aeb98104f69430ee68,5.2106268052011728
1576,2025-04-26,2025-04-27,mix,-0.0093932880629472998,-0.0037574301535492349,0.40000000000000002,0.00011536182094190606,ABSTAIN,0.050000000000000003,True,0,5,1576,-0.0037574301535492349,0.39988463817905812,0.39988463817905812,0.42246295053363309,0.40000000000000002,0.63140246437846181,,ca1a8f7d8c7fa95357e6ff3b6d9184bd423f6de6f017d05377d4f7009d63b36e,6.7712302077561617,-0.0037574301535492349,0.40000000000000002,0.00011536182094190606,ABSTAIN,0.050000000000000003,True,0,0,1576,-0.0037574301535492349,0.39988463817905812,0.39988463817905812,0.42246295053363309,0.40000000000000002,0.94999999999999996,,847696b3947c3672390e5562cffd659fab19e7b49d62b1d4ccc73044acfb3701,5.3534188065677881
1577,2025-04-27,2025-04-28,mix,0.0133610688855108,0.0053421525688124305,0.40000000000000002,0.0022628915319131138,ABSTAIN,0.050000000000000003,True,0,5,1577,0.0053421525688124305,0.39773710846808691,0.39773710846808691,0.42247246016760592,0.40000000000000002,0.63140246437846181,,f7a3ce41098dc1afb4e87e3200d6edeb5db4e8ed4cbf76b725823aa101a50e26,6.8351231776177883,0.0053421525688124305,0.40000000000000002,0.0022628915319131138,ABSTAIN,0.050000000000000003,True,0,0,1577,0.0053421525688124305,0.39773710846808691,0.39773710846808691,0.42247246016760592,0.40000000000000002,0.39884282293519618,,31024bbde94f5b55f8d6ace35e457dc6e5372cbbfb30380be4976479ffa62ba7,5.6620764397084713
1578,2025-04-28,2025-04-29,mix,-0.0076340860045264998,-0.0030568142718016,0.40000000000000002,0.0031896098935205175,ABSTAIN,0.050000000000000003,True,0,5,1578,-0.0030568142718016,0.40318960989352054,0.40318960989352054,0.42250564890363951,0.40000000000000002,0.63029174442031122,,31391b40a398f7795db49fcf05abcbe12aa8d428685921908910f55612878892,6.8381445854902267,-0.0030568142718016,0.40000000000000002,0.0031896098935205175,ABSTAIN,0.050000000000000003,True,0,0,1578,-0.0030568142718016,0.40318960989352054,0.40318960989352054,0.42250564890363951,0.40000000000000002,0.59999999999999998,,05e166e1b9fccedee930084bb492b4494ce0f51bbde8eba3522b6e09bf1a38c8,5.3631163649260998
1579,2025-04-29,2025-04-30,bull,-0.00090591048246629999,-0.0003642013196241134,0.40000000000000002,0.0018377925877557377,ABSTAIN,0.12500000000000003,True,0,5,1579,-0.0003642013196241134,0.39816220741224428,0.39816220741224428,0.4225264908199321,0.40000000000000002,0.5,,716dadce0d4a58e3d9a349542a0b579b88faaa9fcc73ba77824282fa0cdb032f,6.3287279158830643,-0.0003642013196241134,0.40000000000000002,0.0018377925877557377,ABSTAIN,0.12500000000000003,True,0,0,1579,-0.0003642013196241134,0.39816220741224428,0.39816220741224428,0.4225264908199321,0.40000000000000002,0.62419779624018423,,45d3735a664902b591ff3bc3a1ccbb635cbb654205c21c45b881a66f19c0791f,5.7294990066438913
1580,2025-04-30,2025-05-01,mix,0.024578380283783698,0.0098311324778914688,0.40000000000000002,0.00021749732903603158,ABSTAIN,0.050000000000000003,True,0,5,1580,0.0098311324778914688,0.39978250267096399,0.39978250267096399,0.41920083022897231,0.40000000000000002,0.59239834585030726,,cc8b2f41c9a2ec7f7b1e0575e700557dcf4f30447d65189aeffab2c6eaa3adf2,6.8346310332417488,0.0098311324778914688,0.40000000000000002,0.00021749732903603158,ABSTAIN,0.050000000000000003,True,0,0,1580,0.0098311324778914688,0.39978250267096399,0.39978250267096399,0.41920083022897231,0.40000000000000002,0.61616709080597698,,17607e93b3120b6bf5865a5c036a0a2bb7e67ed6b839bde08e1f1fc2279c3f68,5.7748795840889215
1581,2025-05-01,2025-05-02,bull,0.0040943302179391999,0.0016318811379767428,0.40000000000000002,0.0058413825791428509,ABSTAIN,0.10000000000000003,True,0,5,1581,0.0016318811379767428,0.40584138257914287,0.40584138257914287,0.4198709750838906,0.40000000000000002,0.5,,915ebc5ac380d0718ae10cfb142d79fcbe75984358606608f8f25eeb52feb8b8,6.2810199744999409,0.0016318811379767428,0.40000000000000002,0.0058413825791428509,ABSTAIN,0.10000000000000003,True,0,0,1581,0.0016318811379767428,0.40584138257914287,0.40584138257914287,0.4198709750838906,0.40000000000000002,0.63027145317749222,,10ce13e5d95fd05bfd1cb17da69000c657c451ba091a7889f5d3bdf02e128af8,5.719034019857645
1582,2025-05-02,2025-05-03,bull,-0.0104092702983865,-0.0053031387590112278,0.5,0.099018967416235504,BTC,0.10000000000000003,True,2,5,1582,-0.0081532469166277766,0.4009810325837645,0.4009810325837645,0.47960318922398137,0.75,0.8609187118803262,,7c6f9dff8fbb74afa262471d4d1113f4a8cd251ea2c317f439e925b85bf4f73b,8.1578246559947729,-0.0053031387590112278,0.5,0.099018967416235504,BTC,0.10000000000000003,True,0,0,1582,-0.0081532469166277766,0.4009810325837645,0.4009810325837645,0.47960318922398137,0.75,0.8609187118803262,,9f2025c6d9a268b19d3ab96b53600a51316c47e0d64eb3ce1db8a705c6de539d,6.0976254846900702
1583,2025-05-03,2025-05-04,bull,-0.016362172501037699,-0.006641615701901693,0.40000000000000002,0.097384067450910439,ABSTAIN,0.10000000000000003,True,0,5,1583,-0.006890624075445051,0.49738406745091046,0.74803290479982154,0.42048175341895028,0.40000000000000002,0.5,,90a7978bfa94bbdda72d3d93e0cc61d911d7ab4e58ce79027e29375c7d8d70af,6.392076388001442,-0.0081836807818981283,0.5,0.0026159325490895391,BTC,0.10000000000000003,True,0,0,1583,-0.01227357233151527,0.49738406745091046,0.74803290479982154,0.47843357807705522,0.75,0.63240252880617787,,7a9ff2acb78feb216ac8093e0c862b32c289c3570b8a2921666d23507987e896,5.4557084906846285
1584,2025-05-04,2025-05-05,mix,0.0045410737630266996,0.0018124695333374685,0.40000000000000002,0.0039527919054561655,ABSTAIN,0.050000000000000003,True,0,5,1584,0.0018124695333374685,0.39604720809454386,0.39604720809454386,0.41841773953552958,0.40000000000000002,0.72898986253382514,,feea77671936a642c02c4af4a47d4c4eaeffcfe7ca7a02a2b8245a819a517976,7.7380106970667839,0.0017203796379823277,0.40000000000000002,0.095875715749566104,ABSTAIN,0.050000000000000003,True,0,0,1584,0.0014689054200671681,0.49587571574956613,0.74689397668915214,0.41841773953552958,0.40000000000000002,0.5,,1fb01b18a0cf717e850d01d5f3d5ab7ab22db224b6678ae3fc05fc94bf3aee53,5.3155264314264059
1585,2025-05-05,2025-05-06,bull,0.0219557296834034,0.0087811944376243734,0.40000000000000002,0.0010878816428121496,ABSTAIN,0.10000000000000003,True,0,5,1585,0.0087811944376243734,0.40108788164281217,0.40108788164281217,0.4199147903187268,0.40000000000000002,0.5,,6ab321809d0a15d83cb9fb94993e8bbd3f086d3a0241a612e4da3c5b142b260f,6.3253670819103718,0.0087811944376243734,0.40000000000000002,0.0010878816428121496,ABSTAIN,0.10000000000000003,True,0,0,1585,0.0087811944376243734,0.40108788164281217,0.40108788164281217,0.4199147903187268,0.40000000000000002,0.62954212887122318,,cfce14217b62f976e8b7dc85f9a51bf0ba072b33bd26e0a8f15a1597628b7cf4,5.7388387564569712
1586,2025-05-06,2025-05-07,bull,0.0021657540273524998,0.00098799788319903215,0.5,0.094776499184743457,BTC,0.10000000000000003,True,2,5,1586,0.0012789789955109931,0.40522350081525654,0.40522350081525654,0.47973918762969181,0.75,0.88748876096403995,,32eb88501e048c6ca06e63c0223448431952ff544b3a59eb3b7e13ce0fb96573,8.0580533891916275,0.00098799788319903215,0.5,0.094776499184743457,BTC,0.10000000000000003,True,0,0,1586,0.0012789789955109931,0.40522350081525654,0.40522350081525654,0.47973918762969181,0.75,0.88748876096403995,,78143cf6523a0745588b3ec8a7798972073b020c201a31f0415da81f785358a9,6.0392883587628603
1587,2025-05-07,2025-05-08,bull,0.064298382750159505,0.032148633134268856,0.5,0.00054085282974103421,BTC,0.10000000000000003,True,0,5,1587,0.048223362091365463,0.50054085282974103,0.75040542034956248,0.47950956860596183,0.75,0.84259196397274205,,11d5fa245539e28917b156d0e73f18e6179b3bbf17109f99b10be3a1bf753ffd,7.0680052824318409,0.032148633134268856,0.5,0.00054085282974103421,BTC,0.10000000000000003,True,0,0,1587,0.048223362091365463,0.50054085282974103,0.75040542034956248,0.47950956860596183,0.75,0.84259196397274205,,52b1c873cdd21e0f2f7c3d3f4ff504c873c28615532ecdcb4086684b49ad68a4,5.9465481266379356
1588,2025-05-08,2025-05-09,bull,-0.0028971389784292001,-0.0014641208364934988,0.5,0.015573907165614798,BTC,0.10000000000000003,True,0,5,1588,-0.0021843305531910051,0.5155739071656148,0.76150131003937493,0.48029351773942475,0.75,0.99588891523286915,,5b9c36c0f6424923d77ff5a0fd2514ff67c609a9d539f61c66eda496217a702b,7.0582884848117828,-0.0014641208364934988,0.5,0.015573907165614798,BTC,0.10000000000000003,True,0,0,1588,-0.0021843305531910051,0.5155739071656148,0.76150131003937493,0.48029351773942475,0.75,0.99588891523286915,,e5a2aa869b821b247a586a82d6752ff7cb710b72e54e3d81d8dbf1a91b07e89a,6.0894182864576578
1589,2025-05-09,2025-05-10,bull,0.017702337749611202,0.0088504371192956732,0.5,0.00072533544340008804,BTC,0.10000000000000003,True,0,5,1589,0.013276201687938416,0.49927466455659991,0.74945560354740748,0.48026600487610099,0.75,0.99050820532397466,,cf8efb9da7c1badbaa3ca7888578ed4c3889c382bc1f7066d192beb5590b5dbf,7.1151772923767567,0.0088504371192956732,0.5,0.00072533544340008804,BTC,0.10000000000000003,True,0,0,1589,0.013276201687938416,0.49927466455659991,0.74945560354740748,0.48026600487610099,0.75,0.99050820532397466,,a4009d551c8d37abe2e54424de863394b9229289a022716324d28227da852b44,6.0165403634309769
1590,2025-05-10,2025-05-11,bull,-0.0064772228477643001,-0.0032429839733970622,0.5,0.0043867565146787912,BTC,0.10000000000000003,True,2,5,1590,-0.0048611769204529587,0.50438675651467879,0.75327569769779312,0.48031049570043977,0.75,0.99920932780107885,,346a3a896aa50072f2506773549510df3302aa3a6cca891fdc68b5441aa061fe,8.0608368385583162,-0.0032429839733970622,0.5,0.0043867565146787912,BTC,0.10000000000000003,True,0,0,1590,-0.0048611769204529587,0.50438675651467879,0.75327569769779312,0.48031049570043977,0.75,0.99920932780107885,,c42ddb94c0359564a5204fae49b0a9eec1251f5fe9aed1efdf2758b519d9532c,6.093156648799777
1591,2025-05-11,2025-05-12,bull,-0.0127181153908212,-0.0063606719317482741,0.5,0.0016245670533589496,BTC,0.10000000000000003,True,5,5,1591,-0.009539795310073762,0.49837543294664105,0.74877959207547495,0.48030496734220912,0.75,0.99812813761778796,,778d00e3850d01a95ad7da3153a7bd5cbf83140a3c742744b08ab366b2a1e2f2,9.8840587120503187,-0.0063606719317482741,0.5,0.0016245670533589496,BTC,0.10000000000000003,True,0,0,1591,-0.009539795310073762,0.49837543294664105,0.74877959207547495,0.48030496734220912,0.75,0.99812813761778796,,289fd6eba24f141737443d052602500da91046bb0f903a3c7e6dd55e62b66a79,5.9144234452396631
1592,2025-05-12,2025-05-13,bull,0.0128819495111629,0.0064377542682036992,0.5,0.0031998770504876317,BTC,0.10000000000000003,True,0,5,1592,0.0096590312604716289,0.49680012294951237,0.74759238815022977,0.48028333476116997,0.75,0.99389742475666165,,1a8234ada200e95e8b65767f2596dee199265c1a3e0b7d513f2ef68432032c5b,7.1024892516434193,0.0064377542682036992,0.5,0.0031998770504876317,BTC,0.10000000000000003,True,0,0,1592,0.0096590312604716289,0.49680012294951237,0.74759238815022977,0.48028333476116997,0.75,0.99389742475666165,,c02280ccf29a852152ea9d0aebe88670faa7a726c8b3403e86c691d4bae5adda,6.1297471635043621
1593,2025-05-13,2025-05-14,bull,-0.0058135291089443002,-0.0029099551302333992,0.5,0.0031998770504876317,BTC,0.10000000000000003,True,2,5,1593,-0.0043625286540073249,0.50319987705048763,0.75239225287279909,0.48030558103810883,0.75,0.9982481579114042,,a6edfe0b179dedf38295d7da93de3a9366051b5fe3d56b38689d1dbc94dbfe57,8.1973721105605364,-0.0029099551302333992,0.5,0.0031998770504876317,BTC,0.10000000000000003,True,0,0,1593,-0.0043625286540073249,0.50319987705048763,0.75239225287279909,0.48030558103810883,0.75,0.9982481579114042,,5b37d8e58cfeb8ee9e61628765efa32d98277bab321d66a909c62fe9250f0e76,5.9988645855337381
1594,2025-05-14,2025-05-15,bull,0.0024296253933046999,0.0012133533066847058,0.5,0.0014576192331569038,BTC,0.10000000000000003,True,3,5,1594,0.0018211222397530591,0.4985423807668431,0.74890518975866782,0.480279724150451,0.75,0.99319129899017122,,dce45e0a132910a7d9a2cb173846947b37c629499413e7fa66073ad2f4ee87a4,8.7140247859060764,0.0012133533066847058,0.5,0.0014576192331569038,BTC,0.10000000000000003,True,0,0,1594,0.0018211222397530591,0.4985423807668431,0.74890518975866782,0.480279724150451,0.75,0.99319129899017122,,9876063cf8303dd829bb6b4e3fc6a0bd0238cd3b39a1c77ff1a91a1917b98751,6.1538336705416441
1595,2025-05-15,2025-05-16,bull,-0.0027456165542656002,-0.0013734141136507727,0.5,0.00060666935868658456,BTC,0.10000000000000003,True,5,5,1595,-0.0020596662054720438,0.50060666935868658,0.75045472615059283,0.48030666655711612,0.75,0.99846045452074184,,e65e1a6457f4eb9c5954741cb6dd864fd5bcd98f3e58e058c2ff5fad4101bcb1,9.963165694847703,-0.0013734141136507727,0.5,0.00060666935868658456,BTC,0.10000000000000003,True,0,0,1595,-0.0020596662054720438,0.50060666935868658,0.75045472615059283,0.48030666655711612,0.75,0.99846045452074184,,32d9c9ed52241cac68ac28f65453b74f770daf3001f920e8c2971975c5014397,6.0243227705359459
1596,2025-05-16,2025-05-17,bull,-0.0035552592034245999,-0.0017783157275977901,0.5,0.00068734773522660664,BTC,0.10000000000000003,True,0,5,1596,-0.0026669588924224108,0.49931265226477339,0.74948413461967911,0.48028534759899616,0.75,0.99429107213849444,,310e7b05a1981b5dabf0eb10c53a2a78245e84df579a0819348e88f729bbe192,7.023120766505599,-0.0017783157275977901,0.5,0.00068734773522660664,BTC,0.10000000000000003,True,0,0,1596,-0.0026669588924224108,0.49931265226477339,0.74948413461967911,0.48028534759899616,0.75,0.99429107213849444,,8dc007d2aaa12c60121b034338773a7ab0bedf9ed4f58afab38351b72fd87b9e,6.0958748459815979
1597,2025-05-17,2025-05-18,bull,0.032895106902551097,0.01644664840881549,0.5,0.0008903975979835943,BTC,0.10000000000000003,True,0,5,1597,0.024670645293426219,0.49910960240201641,0.74933160666569287,0.48027538528635716,0.75,0.99234274596540717,,fb8a600b540320a1df6ef6085052d7c1d83212a088098777b188fb04c2c3a1f0,7.1275436710566282,0.01644664840881549,0.5,0.0008903975979835943,BTC,0.10000000000000003,True,0,0,1597,0.024670645293426219,0.49910960240201641,0.74933160666569287,0.48027538528635716,0.75,0.99234274596540717,,8d1208612d1ffc64e63b3df775067a9f3c762edb0dca0e99bf323fab2b48fbac,5.9810545146465302
1598,2025-05-18,2025-05-19,bull,-0.0086259266040401,-0.0043210191115408136,0.5,0.0080907044320334132,BTC,0.10000000000000003,True,3,5,1598,-0.0064754253390433281,0.50809070443203341,0.75601932772254254,0.48030977219073245,0.75,0.99906782974668684,,84f6795296a678a97faef4a18dad4de16f51576a67bd050f620cd5f45401dc11,8.7155671492218971,-0.0043210191115408136,0.5,0.0080907044320334132,BTC,0.10000000000000003,True,0,0,1598,-0.0064754253390433281,0.50809070443203341,0.75601932772254254,0.48030977219073245,0.75,0.99906782974668684,,5b190d33d1dc115176d43296b1a4fd35fd08fc66212c5b727168390179e6e707,6.2276812046766281
1599,2025-05-19,2025-05-20,bull,0.011649293749727599,0.0058224684369458934,0.5,0.0021658227651146222,BTC,0.10000000000000003,True,5,5,1599,0.008735328196643577,0.49783417723488538,0.74837210719887615,0.4802957350227523,0.75,0.99632256222665605,,90932531d46feba31b10084391385c0a66b6d3664f5579b32e11ab797a695240,9.7664037942886353,0.0058224684369458934,0.5,0.0021658227651146222,BTC,0.10000000000000003,True,0,0,1599,0.008735328196643577,0.49783417723488538,0.74837210719887615,0.4802957350227523,0.75,0.99632256222665605,,4e22e491025737d15ffa8a2591e894877c611ff0e6a6fa96306b68e6a566253f,5.9306306913495064
1600,2025-05-20,2025-05-21,bull,0.026440844893732902,0.013217488709268421,0.5,0.0028954584146259066,BTC,0.10000000000000003,True,0,5,1600,0.019828425406343664,0.50289545841462591,0.75216532420478022,0.48030158851344257,0.75,0.99746733469576876,,6b6987f0143833ec959fb6aa41b7e5706b13386a5848f0036b4d36416171ae77,7.0282498002052307,0.013217488709268421,0.5,0.0028954584146259066,BTC,0.10000000000000003,True,0,0,1600,0.019828425406343664,0.50289545841462591,0.75216532420478022,0.48030158851344257,0.75,0.99750000000000005,,366c0152920146b1a1f08dc053be84ee7c963850fc9d6f3bb4e3a884c3e88a40,5.714375875890255
1601,2025-05-21,2025-05-22,bull,0.018812460039711699,0.0093996446922777199,0.5,0.0065239616938138623,BTC,0.10000000000000003,True,1,5,1601,0.014104415184018615,0.50652396169381386,0.75486125661839831,0.48030503621339216,0.75,0.99814160551461595,,2b40835654797ed6f4243bff14e0695d02277c8627aab148b15e54ad236ad78b,7.3665188830345869,0.0093996446922777199,0.5,0.0065239616938138623,BTC,0.10000000000000003,True,0,0,1601,0.014104415184018615,0.50652396169381386,0.75486125661839831,0.48030503621339216,0.75,0.99814160551461595,,d76d87fd22ecb3b718441fb0fc82dac402de62fc3271854c5627aaa6f959f913,5.9092084802687168
1602,2025-05-22,2025-05-23,bull,-0.039294484376832403,-0.019651809934912223,0.5,0.0046592886689785784,BTC,0.10000000000000003,True,0,5,1602,-0.029474239035574001,0.50465928866897858,0.75347826028300957,0.48030653753376246,0.75,0.99843522089898684,,7316c231b72a92608caa701337b31f4379e9bc2176b2268bf175687273f0dab9,7.072211816906929,-0.019651809934912223,0.5,0.0046592886689785784,BTC,0.10000000000000003,True,0,0,1602,-0.029474239035574001,0.50465928866897858,0.75347826028300957,0.48030653753376246,0.75,0.99843522089898684,,2d0be1e36eb1fe094fddf43ba75e86449d8446a0f36e8ba311cd385673ce8366,6.1284966226667166
1603,2025-05-23,2025-05-24,bull,0.0041895979439661004,0.0020847574848477102,0.5,0.010020496210095931,BTC,0.10000000000000003,True,0,5,1603,0.0031345831619815634,0.48997950378990407,0.74240855782488313,0.47998204591926324,0.75,0.93497532766050195,,463c5a0c416d32d9e0c0f82cd8534fdaaa02a76bcf1ea21e61064b3497077028,7.0762494541704655,0.0020847574848477102,0.5,0.010020496210095931,BTC,0.10000000000000003,True,0,0,1603,0.0031345831619815634,0.48997950378990407,0.74240855782488313,0.47998204591926324,0.75,0.93497532766050195,,c43301476dbca97be15a6d20d7ed974df19187cb2feed0be6c1ec42ffabc117d,5.9412202872335911
1604,2025-05-24,2025-05-25,bull,0.0116746935404545,0.0058362954589930016,0.5,0.0010452099811973925,BTC,0.10000000000000003,True,0,5,1604,0.0087552302096045587,0.50104520998119739,0.75078308899346602,0.47980521964638073,0.75,0.90039447826436925,,a9b0bf7e8b026179a24337d157aa550e3fea61b8b6c2fa2c554fa4304991c639,7.0646086353808641,0.0058362954589930016,0.5,0.0010452099811973925,BTC,0.10000000000000003,True,0,0,1604,0.0087552302096045587,0.50104520998119739,0.75078308899346602,0.47980521964638073,0.75,0.90039447826436925,,7871ece2d02359b424ba0f8877db2c2a79c7cd65c124f348bc386475db890ee4,6.1659583989530802
1605,2025-05-25,2025-05-26,bull,0.0039827152725481997,0.001988450122929919,0.5,0.0029017349519637747,BTC,0.10000000000000003,True,0,5,1605,0.0029848599680926124,0.50290173495196377,0.75217000443625426,0.48011240316110598,0.75,0.96046882638447717,,b8a6bc38cec8cbf27ef035afa3afbf15ded1f165c74b18d0c92948006d073152,7.1493610050529242,0.001988450122929919,0.5,0.0029017349519637747,BTC,0.10000000000000003,True,0,0,1605,0.0029848599680926124,0.50290173495196377,0.75217000443625426,0.48011240316110598,0.75,0.96046882638447717,,9fdab9f8239fe1d676a88e4d63a74dc33531e40e40a293b1fb6a5a60988c32f9,6.004132803529501
1606,2025-05-26,2025-05-27,bull,-0.0046713133123749999,-0.0023366480352515762,0.5,0.00099370000604193098,BTC,0.10000000000000003,True,0,5,1606,-0.003504226910973407,0.50099370000604193,0.75074453515993844,0.48018942724126484,0.75,0.97553204191160403,,d150158b7b02bc7bb7f9d8ebfb094f66bb8f7fe9e88d88cf77c097806191b310,6.9507233779877424,-0.0023366480352515762,0.5,0.00099370000604193098,BTC,0.10000000000000003,True,0,0,1606,-0.003504226910973407,0.50099370000604193,0.75074453515993844,0.48018942724126484,0.75,0.97553204191160403,,5010935eafb8676878ef4582b48bba6732cdb81b9973647ad28799fa2322866c,5.9933459013700485
1607,2025-05-27,2025-05-28,bull,-0.010622888823615799,-0.0053126087567907376,0.5,0.0011705623598610715,BTC,0.10000000000000003,True,0,5,1607,-0.0085487576243801211,0.49882943764013893,0.74912104936357304,0.4801505340087201,0.80000000000000004,0.96792567046772759,,c29d9fb81cba153c571f2af52af4ebb8de0768d795bd14e1573fb86e6b72334b,7.1449023373425007,-0.0053126087567907376,0.5,0.0011705623598610715,BTC,0.10000000000000003,True,0,0,1607,-0.0085487576243801211,0.49882943764013893,0.74912104936357304,0.4801505340087201,0.80000000000000004,0.96792567046772759,,e2a086938eff4d76b70311fd37e0640a6ef61f952376f9a58352c32622a80a05,5.9996390603482723
